# Castle & Palace — causeway LOD
mtllib causeway_distant.mtl

usemtl mat_rock
v 210.14 -22.00 70.00
v 213.00 -3.30 70.00
v 213.00 -3.30 84.00
v 210.14 -22.00 84.00
v 213.00 -3.30 70.00
v 209.91 15.45 70.00
v 209.91 15.45 84.00
v 213.00 -3.30 84.00
v 209.91 15.45 70.00
v 199.84 32.53 70.00
v 199.84 32.53 84.00
v 209.91 15.45 84.00
v 199.84 32.53 70.00
v 185.02 47.05 70.00
v 185.02 47.05 84.00
v 199.84 32.53 84.00
v 185.02 47.05 70.00
v 168.72 59.69 70.00
v 168.72 59.69 84.00
v 185.02 47.05 84.00
v 181.97 -89.46 70.00
v 191.81 -73.57 70.00
v 191.81 -73.57 84.00
v 181.97 -89.46 84.00
v 191.81 -73.57 70.00
v 198.59 -56.77 70.00
v 198.59 -56.77 84.00
v 191.81 -73.57 84.00
v 198.59 -56.77 70.00
v 204.54 -39.71 70.00
v 204.54 -39.71 84.00
v 198.59 -56.77 84.00
v 204.54 -39.71 70.00
v 210.14 -22.00 70.00
v 210.14 -22.00 84.00
v 204.54 -39.71 84.00
v 246.09 -40.00 56.00
v 249.13 -17.82 56.00
v 249.13 -17.82 70.00
v 246.09 -40.00 70.00
v 249.13 -17.82 56.00
v 246.09 4.55 56.00
v 246.09 4.55 70.00
v 249.13 -17.82 70.00
v 246.09 4.55 56.00
v 234.99 25.11 56.00
v 234.99 25.11 70.00
v 246.09 4.55 70.00
v 234.99 25.11 56.00
v 217.59 42.41 56.00
v 217.59 42.41 70.00
v 234.99 25.11 70.00
v 217.59 42.41 56.00
v 197.79 56.98 56.00
v 197.79 56.98 70.00
v 217.59 42.41 70.00
v 197.79 56.98 56.00
v 178.19 70.52 56.00
v 178.19 70.52 70.00
v 197.79 56.98 70.00
v 176.24 -148.66 56.00
v 196.62 -136.14 56.00
v 196.62 -136.14 70.00
v 176.24 -148.66 70.00
v 196.62 -136.14 56.00
v 214.19 -120.61 56.00
v 214.19 -120.61 70.00
v 196.62 -136.14 70.00
v 214.19 -120.61 56.00
v 226.72 -102.00 56.00
v 226.72 -102.00 70.00
v 214.19 -120.61 70.00
v 226.72 -102.00 56.00
v 234.70 -81.79 56.00
v 234.70 -81.79 70.00
v 226.72 -102.00 70.00
v 234.70 -81.79 56.00
v 240.67 -61.17 56.00
v 240.67 -61.17 70.00
v 234.70 -81.79 70.00
v 240.67 -61.17 56.00
v 246.09 -40.00 56.00
v 246.09 -40.00 70.00
v 240.67 -61.17 70.00
v 267.59 -50.00 42.00
v 271.02 -24.67 42.00
v 271.02 -24.67 56.00
v 267.59 -50.00 56.00
v 271.02 -24.67 42.00
v 268.18 1.03 42.00
v 268.18 1.03 56.00
v 271.02 -24.67 56.00
v 268.18 1.03 42.00
v 256.27 24.88 42.00
v 256.27 24.88 56.00
v 268.18 1.03 56.00
v 256.27 24.88 42.00
v 236.68 44.96 42.00
v 236.68 44.96 56.00
v 256.27 24.88 56.00
v 236.68 44.96 42.00
v 213.72 61.58 42.00
v 213.72 61.58 56.00
v 236.68 44.96 56.00
v 213.72 61.58 42.00
v 190.78 76.72 42.00
v 190.78 76.72 56.00
v 213.72 61.58 56.00
v 190.78 76.72 42.00
v 167.93 91.45 42.00
v 167.93 91.45 56.00
v 190.78 76.72 56.00
v 165.11 -187.82 42.00
v 188.18 -174.24 42.00
v 188.18 -174.24 56.00
v 165.11 -187.82 56.00
v 188.18 -174.24 42.00
v 211.31 -159.85 42.00
v 211.31 -159.85 56.00
v 188.18 -174.24 56.00
v 211.31 -159.85 42.00
v 231.72 -142.32 42.00
v 231.72 -142.32 56.00
v 211.31 -159.85 56.00
v 231.72 -142.32 42.00
v 246.50 -121.19 42.00
v 246.50 -121.19 56.00
v 231.72 -142.32 56.00
v 246.50 -121.19 42.00
v 255.67 -98.00 42.00
v 255.67 -98.00 56.00
v 246.50 -121.19 56.00
v 255.67 -98.00 42.00
v 261.99 -74.25 42.00
v 261.99 -74.25 56.00
v 255.67 -98.00 56.00
v 261.99 -74.25 42.00
v 267.59 -50.00 42.00
v 267.59 -50.00 56.00
v 261.99 -74.25 56.00
v 280.71 -52.00 30.00
v 284.93 -23.23 30.00
v 284.93 -23.23 42.00
v 280.71 -52.00 42.00
v 284.93 -23.23 30.00
v 282.34 6.13 30.00
v 282.34 6.13 42.00
v 284.93 -23.23 42.00
v 282.34 6.13 30.00
v 269.57 33.52 30.00
v 269.57 33.52 42.00
v 282.34 6.13 42.00
v 269.57 33.52 30.00
v 247.92 56.69 30.00
v 247.92 56.69 42.00
v 269.57 33.52 42.00
v 247.92 56.69 30.00
v 222.15 75.85 30.00
v 222.15 75.85 42.00
v 247.92 56.69 42.00
v 222.15 75.85 30.00
v 196.15 93.14 30.00
v 196.15 93.14 42.00
v 222.15 75.85 42.00
v 196.15 93.14 30.00
v 170.17 109.83 30.00
v 170.17 109.83 42.00
v 196.15 93.14 42.00
v 166.96 -209.65 30.00
v 192.62 -193.73 30.00
v 192.62 -193.73 42.00
v 166.96 -209.65 42.00
v 192.62 -193.73 30.00
v 218.26 -177.03 30.00
v 218.26 -177.03 42.00
v 192.62 -193.73 42.00
v 218.26 -177.03 30.00
v 240.88 -156.90 30.00
v 240.88 -156.90 42.00
v 218.26 -177.03 42.00
v 240.88 -156.90 30.00
v 257.25 -132.81 30.00
v 257.25 -132.81 42.00
v 240.88 -156.90 42.00
v 257.25 -132.81 30.00
v 267.36 -106.44 30.00
v 267.36 -106.44 42.00
v 257.25 -132.81 42.00
v 267.36 -106.44 30.00
v 274.35 -79.50 30.00
v 274.35 -79.50 42.00
v 267.36 -106.44 42.00
v 274.35 -79.50 30.00
v 280.71 -52.00 30.00
v 280.71 -52.00 42.00
v 274.35 -79.50 42.00
v 281.56 -46.00 22.00
v 286.77 -14.65 22.00
v 286.77 -14.65 30.00
v 281.56 -46.00 30.00
v 286.77 -14.65 22.00
v 284.35 17.42 22.00
v 284.35 17.42 30.00
v 286.77 -14.65 30.00
v 284.35 17.42 22.00
v 270.83 47.40 22.00
v 270.83 47.40 30.00
v 284.35 17.42 30.00
v 270.83 47.40 22.00
v 247.89 72.92 22.00
v 247.89 72.92 30.00
v 270.83 47.40 30.00
v 247.89 72.92 22.00
v 220.67 94.30 22.00
v 220.67 94.30 30.00
v 247.89 72.92 30.00
v 220.67 94.30 22.00
v 193.02 113.76 22.00
v 193.02 113.76 30.00
v 220.67 94.30 30.00
v 193.02 113.76 22.00
v 164.91 132.27 22.00
v 164.91 132.27 30.00
v 193.02 113.76 30.00
v 188.77 -201.60 22.00
v 215.98 -182.85 22.00
v 215.98 -182.85 30.00
v 188.77 -201.60 30.00
v 215.98 -182.85 22.00
v 239.41 -160.28 22.00
v 239.41 -160.28 30.00
v 215.98 -182.85 30.00
v 239.41 -160.28 22.00
v 255.99 -133.64 22.00
v 257.25 -132.81 30.00
v 239.41 -160.28 30.00
v 255.99 -133.64 22.00
v 266.30 -104.92 22.00
v 266.30 -104.92 30.00
v 257.25 -132.81 30.00
v 266.30 -104.92 22.00
v 274.01 -75.79 22.00
v 274.35 -79.50 30.00
v 266.30 -104.92 30.00
v 274.01 -75.79 22.00
v 281.56 -46.00 22.00
v 281.56 -46.00 30.00
v 274.35 -79.50 30.00
v 281.00 -38.00 12.00
v 286.83 -5.20 12.00
v 286.83 -5.20 22.00
v 281.00 -38.00 22.00
v 286.83 -5.20 12.00
v 284.22 28.33 12.00
v 284.22 28.33 22.00
v 286.83 -5.20 22.00
v 284.22 28.33 12.00
v 269.98 59.60 12.00
v 269.98 59.60 22.00
v 284.22 28.33 22.00
v 269.98 59.60 12.00
v 246.36 86.37 12.00
v 246.36 86.37 22.00
v 269.98 59.60 22.00
v 246.36 86.37 12.00
v 218.69 109.19 12.00
v 218.69 109.19 22.00
v 246.36 86.37 22.00
v 218.69 109.19 12.00
v 190.49 130.22 12.00
v 190.49 130.22 22.00
v 218.69 109.19 22.00
v 190.49 130.22 12.00
v 161.28 149.96 12.00
v 161.28 149.96 22.00
v 190.49 130.22 22.00
v 185.99 -201.78 12.00
v 214.05 -181.76 12.00
v 214.05 -181.76 22.00
v 188.77 -201.60 22.00
v 214.05 -181.76 12.00
v 237.54 -157.53 12.00
v 237.54 -157.53 22.00
v 214.05 -181.76 22.00
v 237.54 -157.53 12.00
v 253.78 -129.28 12.00
v 253.78 -129.28 22.00
v 237.54 -157.53 22.00
v 253.78 -129.28 12.00
v 264.07 -99.27 12.00
v 264.07 -99.27 22.00
v 253.78 -129.28 22.00
v 264.07 -99.27 12.00
v 272.45 -69.03 12.00
v 272.45 -69.03 22.00
v 264.07 -99.27 22.00
v 272.45 -69.03 12.00
v 281.00 -38.00 12.00
v 281.00 -38.00 22.00
v 272.45 -69.03 22.00
v 212.78 -29.95 71.06
v 214.37 -14.76 71.06
v 226.31 -16.01 71.06
v 224.72 -31.20 71.06
v 224.72 -31.20 84.00
v 226.31 -16.01 84.00
v 214.37 -14.76 84.00
v 212.78 -29.95 84.00
v 224.72 -31.20 71.06
v 226.31 -16.01 71.06
v 226.31 -16.01 84.00
v 224.72 -31.20 84.00
v 226.31 -16.01 71.06
v 214.37 -14.76 71.06
v 214.37 -14.76 84.00
v 226.31 -16.01 84.00
v 214.37 -14.76 71.06
v 212.78 -29.95 71.06
v 212.78 -29.95 84.00
v 214.37 -14.76 84.00
v 212.78 -29.95 71.06
v 224.72 -31.20 71.06
v 224.72 -31.20 84.00
v 212.78 -29.95 84.00
v 209.86 3.48 72.30
v 208.11 27.29 72.30
v 220.08 28.17 72.30
v 221.83 4.36 72.30
v 221.83 4.36 84.00
v 220.08 28.17 84.00
v 208.11 27.29 84.00
v 209.86 3.48 84.00
v 221.83 4.36 72.30
v 220.08 28.17 72.30
v 220.08 28.17 84.00
v 221.83 4.36 84.00
v 220.08 28.17 72.30
v 208.11 27.29 72.30
v 208.11 27.29 84.00
v 220.08 28.17 84.00
v 208.11 27.29 72.30
v 209.86 3.48 72.30
v 209.86 3.48 84.00
v 208.11 27.29 84.00
v 209.86 3.48 72.30
v 221.83 4.36 72.30
v 221.83 4.36 84.00
v 209.86 3.48 84.00
v 192.08 38.32 72.98
v 187.06 58.08 72.98
v 198.69 61.04 72.98
v 203.71 41.28 72.98
v 203.71 41.28 84.00
v 198.69 61.04 84.00
v 187.06 58.08 84.00
v 192.08 38.32 84.00
v 203.71 41.28 72.98
v 198.69 61.04 72.98
v 198.69 61.04 84.00
v 203.71 41.28 84.00
v 198.69 61.04 72.98
v 187.06 58.08 72.98
v 187.06 58.08 84.00
v 198.69 61.04 84.00
v 187.06 58.08 72.98
v 192.08 38.32 72.98
v 192.08 38.32 84.00
v 187.06 58.08 84.00
v 192.08 38.32 72.98
v 203.71 41.28 72.98
v 203.71 41.28 84.00
v 192.08 38.32 84.00
v 183.25 -100.70 75.91
v 191.65 -83.62 75.91
v 202.42 -88.91 75.91
v 194.02 -105.99 75.91
v 194.02 -105.99 84.00
v 202.42 -88.91 84.00
v 191.65 -83.62 84.00
v 183.25 -100.70 84.00
v 194.02 -105.99 75.91
v 202.42 -88.91 75.91
v 202.42 -88.91 84.00
v 194.02 -105.99 84.00
v 202.42 -88.91 75.91
v 191.65 -83.62 75.91
v 191.65 -83.62 84.00
v 202.42 -88.91 84.00
v 191.65 -83.62 75.91
v 183.25 -100.70 75.91
v 183.25 -100.70 84.00
v 191.65 -83.62 84.00
v 183.25 -100.70 75.91
v 194.02 -105.99 75.91
v 194.02 -105.99 84.00
v 183.25 -100.70 84.00
v 201.62 -69.25 76.51
v 207.76 -47.77 76.51
v 219.29 -51.07 76.51
v 213.16 -72.54 76.51
v 213.16 -72.54 84.00
v 219.29 -51.07 84.00
v 207.76 -47.77 84.00
v 201.62 -69.25 84.00
v 213.16 -72.54 76.51
v 219.29 -51.07 76.51
v 219.29 -51.07 84.00
v 213.16 -72.54 84.00
v 219.29 -51.07 76.51
v 207.76 -47.77 76.51
v 207.76 -47.77 84.00
v 219.29 -51.07 84.00
v 207.76 -47.77 76.51
v 201.62 -69.25 76.51
v 201.62 -69.25 84.00
v 207.76 -47.77 84.00
v 201.62 -69.25 76.51
v 213.16 -72.54 76.51
v 213.16 -72.54 84.00
v 201.62 -69.25 84.00
v 251.30 -52.36 61.63
v 254.95 -29.93 61.63
v 266.79 -31.85 61.63
v 263.14 -54.29 61.63
v 263.14 -54.29 70.00
v 266.79 -31.85 70.00
v 254.95 -29.93 70.00
v 251.30 -52.36 70.00
v 263.14 -54.29 61.63
v 266.79 -31.85 61.63
v 266.79 -31.85 70.00
v 263.14 -54.29 70.00
v 266.79 -31.85 61.63
v 254.95 -29.93 61.63
v 254.95 -29.93 70.00
v 266.79 -31.85 70.00
v 254.95 -29.93 61.63
v 251.30 -52.36 61.63
v 251.30 -52.36 70.00
v 254.95 -29.93 70.00
v 251.30 -52.36 61.63
v 263.14 -54.29 61.63
v 263.14 -54.29 70.00
v 251.30 -52.36 70.00
v 249.83 -2.79 63.25
v 249.56 12.02 63.25
v 261.55 12.25 63.25
v 261.83 -2.57 63.25
v 261.83 -2.57 70.00
v 261.55 12.25 70.00
v 249.56 12.02 70.00
v 249.83 -2.79 70.00
v 261.83 -2.57 63.25
v 261.55 12.25 63.25
v 261.55 12.25 70.00
v 261.83 -2.57 70.00
v 261.55 12.25 63.25
v 249.56 12.02 63.25
v 249.56 12.02 70.00
v 261.55 12.25 70.00
v 249.56 12.02 63.25
v 249.83 -2.79 63.25
v 249.83 -2.79 70.00
v 249.56 12.02 70.00
v 249.83 -2.79 63.25
v 261.83 -2.57 63.25
v 261.83 -2.57 70.00
v 249.83 -2.79 70.00
v 227.39 34.61 63.81
v 223.74 53.32 63.81
v 235.52 55.62 63.81
v 239.17 36.91 63.81
v 239.17 36.91 70.00
v 235.52 55.62 70.00
v 223.74 53.32 70.00
v 227.39 34.61 70.00
v 239.17 36.91 63.81
v 235.52 55.62 63.81
v 235.52 55.62 70.00
v 239.17 36.91 70.00
v 235.52 55.62 63.81
v 223.74 53.32 63.81
v 223.74 53.32 70.00
v 235.52 55.62 70.00
v 223.74 53.32 63.81
v 227.39 34.61 63.81
v 227.39 34.61 70.00
v 223.74 53.32 70.00
v 227.39 34.61 63.81
v 239.17 36.91 63.81
v 239.17 36.91 70.00
v 227.39 34.61 70.00
v 186.21 62.36 60.80
v 178.46 81.95 60.80
v 189.62 86.36 60.80
v 197.37 66.78 60.80
v 197.37 66.78 70.00
v 189.62 86.36 70.00
v 178.46 81.95 70.00
v 186.21 62.36 70.00
v 197.37 66.78 60.80
v 189.62 86.36 60.80
v 189.62 86.36 70.00
v 197.37 66.78 70.00
v 189.62 86.36 60.80
v 178.46 81.95 60.80
v 178.46 81.95 70.00
v 189.62 86.36 70.00
v 178.46 81.95 60.80
v 186.21 62.36 60.80
v 186.21 62.36 70.00
v 178.46 81.95 70.00
v 186.21 62.36 60.80
v 197.37 66.78 60.80
v 197.37 66.78 70.00
v 186.21 62.36 70.00
v 174.78 -156.88 63.68
v 184.10 -145.83 63.68
v 193.27 -153.57 63.68
v 183.95 -164.62 63.68
v 183.95 -164.62 70.00
v 193.27 -153.57 70.00
v 184.10 -145.83 70.00
v 174.78 -156.88 70.00
v 183.95 -164.62 63.68
v 193.27 -153.57 63.68
v 193.27 -153.57 70.00
v 183.95 -164.62 70.00
v 193.27 -153.57 63.68
v 184.10 -145.83 63.68
v 184.10 -145.83 70.00
v 193.27 -153.57 70.00
v 184.10 -145.83 63.68
v 174.78 -156.88 63.68
v 174.78 -156.88 70.00
v 184.10 -145.83 70.00
v 174.78 -156.88 63.68
v 183.95 -164.62 63.68
v 183.95 -164.62 70.00
v 174.78 -156.88 70.00
v 216.21 -133.54 61.82
v 226.29 -115.63 61.82
v 236.75 -121.52 61.82
v 226.66 -139.43 61.82
v 226.66 -139.43 70.00
v 236.75 -121.52 70.00
v 226.29 -115.63 70.00
v 216.21 -133.54 70.00
v 226.66 -139.43 61.82
v 236.75 -121.52 61.82
v 236.75 -121.52 70.00
v 226.66 -139.43 70.00
v 236.75 -121.52 61.82
v 226.29 -115.63 61.82
v 226.29 -115.63 70.00
v 236.75 -121.52 70.00
v 226.29 -115.63 61.82
v 216.21 -133.54 61.82
v 216.21 -133.54 70.00
v 226.29 -115.63 70.00
v 216.21 -133.54 61.82
v 226.66 -139.43 61.82
v 226.66 -139.43 70.00
v 216.21 -133.54 70.00
v 231.20 -91.53 61.20
v 238.01 -71.99 61.20
v 249.34 -75.94 61.20
v 242.53 -95.48 61.20
v 242.53 -95.48 70.00
v 249.34 -75.94 70.00
v 238.01 -71.99 70.00
v 231.20 -91.53 70.00
v 242.53 -95.48 61.20
v 249.34 -75.94 61.20
v 249.34 -75.94 70.00
v 242.53 -95.48 70.00
v 249.34 -75.94 61.20
v 238.01 -71.99 61.20
v 238.01 -71.99 70.00
v 249.34 -75.94 70.00
v 238.01 -71.99 61.20
v 231.20 -91.53 61.20
v 231.20 -91.53 70.00
v 238.01 -71.99 70.00
v 231.20 -91.53 61.20
v 242.53 -95.48 61.20
v 242.53 -95.48 70.00
v 231.20 -91.53 70.00
v 269.03 -60.90 50.95
v 272.87 -40.35 50.95
v 284.67 -42.56 50.95
v 280.82 -63.11 50.95
v 280.82 -63.11 56.00
v 284.67 -42.56 56.00
v 272.87 -40.35 56.00
v 269.03 -60.90 56.00
v 280.82 -63.11 50.95
v 284.67 -42.56 50.95
v 284.67 -42.56 56.00
v 280.82 -63.11 56.00
v 284.67 -42.56 50.95
v 272.87 -40.35 50.95
v 272.87 -40.35 56.00
v 284.67 -42.56 56.00
v 272.87 -40.35 50.95
v 269.03 -60.90 50.95
v 269.03 -60.90 56.00
v 272.87 -40.35 56.00
v 269.03 -60.90 50.95
v 280.82 -63.11 50.95
v 280.82 -63.11 56.00
v 269.03 -60.90 56.00
v 277.65 -6.94 48.91
v 277.59 9.08 48.91
v 289.59 9.12 48.91
v 289.65 -6.89 48.91
v 289.65 -6.89 56.00
v 289.59 9.12 56.00
v 277.59 9.08 56.00
v 277.65 -6.94 56.00
v 289.65 -6.89 48.91
v 289.59 9.12 48.91
v 289.59 9.12 56.00
v 289.65 -6.89 56.00
v 289.59 9.12 48.91
v 277.59 9.08 48.91
v 277.59 9.08 56.00
v 289.59 9.12 56.00
v 277.59 9.08 48.91
v 277.65 -6.94 48.91
v 277.65 -6.94 56.00
v 277.59 9.08 56.00
v 277.65 -6.94 48.91
v 289.65 -6.89 48.91
v 289.65 -6.89 56.00
v 277.65 -6.94 56.00
v 249.28 40.91 45.31
v 246.92 53.34 45.31
v 258.71 55.59 45.31
v 261.07 43.15 45.31
v 261.07 43.15 56.00
v 258.71 55.59 56.00
v 246.92 53.34 56.00
v 249.28 40.91 56.00
v 261.07 43.15 45.31
v 258.71 55.59 45.31
v 258.71 55.59 56.00
v 261.07 43.15 56.00
v 258.71 55.59 45.31
v 246.92 53.34 45.31
v 246.92 53.34 56.00
v 258.71 55.59 56.00
v 246.92 53.34 45.31
v 249.28 40.91 45.31
v 249.28 40.91 56.00
v 246.92 53.34 56.00
v 249.28 40.91 45.31
v 261.07 43.15 45.31
v 261.07 43.15 56.00
v 249.28 40.91 56.00
v 192.50 69.61 43.56
v 187.09 83.04 43.56
v 198.23 87.52 43.56
v 203.63 74.08 43.56
v 203.63 74.08 56.00
v 198.23 87.52 56.00
v 187.09 83.04 56.00
v 192.50 69.61 56.00
v 203.63 74.08 43.56
v 198.23 87.52 43.56
v 198.23 87.52 56.00
v 203.63 74.08 56.00
v 198.23 87.52 43.56
v 187.09 83.04 43.56
v 187.09 83.04 56.00
v 198.23 87.52 56.00
v 187.09 83.04 43.56
v 192.50 69.61 43.56
v 192.50 69.61 56.00
v 187.09 83.04 56.00
v 192.50 69.61 43.56
v 203.63 74.08 43.56
v 203.63 74.08 56.00
v 192.50 69.61 56.00
v 185.78 -184.03 47.31
v 197.77 -171.09 47.31
v 206.57 -179.24 47.31
v 194.58 -192.19 47.31
v 194.58 -192.19 56.00
v 206.57 -179.24 56.00
v 197.77 -171.09 56.00
v 185.78 -184.03 56.00
v 194.58 -192.19 47.31
v 206.57 -179.24 47.31
v 206.57 -179.24 56.00
v 194.58 -192.19 56.00
v 206.57 -179.24 47.31
v 197.77 -171.09 47.31
v 197.77 -171.09 56.00
v 206.57 -179.24 56.00
v 197.77 -171.09 47.31
v 185.78 -184.03 47.31
v 185.78 -184.03 56.00
v 197.77 -171.09 56.00
v 185.78 -184.03 47.31
v 194.58 -192.19 47.31
v 194.58 -192.19 56.00
v 185.78 -184.03 56.00
v 234.25 -157.09 45.52
v 246.04 -137.90 45.52
v 256.26 -144.18 45.52
v 244.47 -163.37 45.52
v 244.47 -163.37 56.00
v 256.26 -144.18 56.00
v 246.04 -137.90 56.00
v 234.25 -157.09 56.00
v 244.47 -163.37 45.52
v 256.26 -144.18 45.52
v 256.26 -144.18 56.00
v 244.47 -163.37 56.00
v 256.26 -144.18 45.52
v 246.04 -137.90 45.52
v 246.04 -137.90 56.00
v 256.26 -144.18 56.00
v 246.04 -137.90 45.52
v 234.25 -157.09 45.52
v 234.25 -157.09 56.00
v 246.04 -137.90 56.00
v 234.25 -157.09 45.52
v 244.47 -163.37 45.52
v 244.47 -163.37 56.00
v 234.25 -157.09 56.00
v 252.85 -108.95 50.23
v 260.89 -87.96 50.23
v 272.10 -92.26 50.23
v 264.05 -113.24 50.23
v 264.05 -113.24 56.00
v 272.10 -92.26 56.00
v 260.89 -87.96 56.00
v 252.85 -108.95 56.00
v 264.05 -113.24 50.23
v 272.10 -92.26 50.23
v 272.10 -92.26 56.00
v 264.05 -113.24 56.00
v 272.10 -92.26 50.23
v 260.89 -87.96 50.23
v 260.89 -87.96 56.00
v 272.10 -92.26 56.00
v 260.89 -87.96 50.23
v 252.85 -108.95 50.23
v 252.85 -108.95 56.00
v 260.89 -87.96 56.00
v 252.85 -108.95 50.23
v 264.05 -113.24 50.23
v 264.05 -113.24 56.00
v 252.85 -108.95 56.00
v 287.55 -61.99 33.08
v 290.67 -45.12 33.08
v 302.47 -47.31 33.08
v 299.35 -64.18 33.08
v 299.35 -64.18 42.00
v 302.47 -47.31 42.00
v 290.67 -45.12 42.00
v 287.55 -61.99 42.00
v 299.35 -64.18 33.08
v 302.47 -47.31 33.08
v 302.47 -47.31 42.00
v 299.35 -64.18 42.00
v 302.47 -47.31 33.08
v 290.67 -45.12 33.08
v 290.67 -45.12 42.00
v 302.47 -47.31 42.00
v 290.67 -45.12 33.08
v 287.55 -61.99 33.08
v 287.55 -61.99 42.00
v 290.67 -45.12 42.00
v 287.55 -61.99 33.08
v 299.35 -64.18 33.08
v 299.35 -64.18 42.00
v 287.55 -61.99 42.00
v 284.34 -5.33 29.41
v 283.84 17.65 29.41
v 295.84 17.91 29.41
v 296.33 -5.07 29.41
v 296.33 -5.07 42.00
v 295.84 17.91 42.00
v 283.84 17.65 42.00
v 284.34 -5.33 42.00
v 296.33 -5.07 29.41
v 295.84 17.91 29.41
v 295.84 17.91 42.00
v 296.33 -5.07 42.00
v 295.84 17.91 29.41
v 283.84 17.65 29.41
v 283.84 17.65 42.00
v 295.84 17.91 42.00
v 283.84 17.65 29.41
v 284.34 -5.33 29.41
v 284.34 -5.33 42.00
v 283.84 17.65 42.00
v 284.34 -5.33 29.41
v 296.33 -5.07 29.41
v 296.33 -5.07 42.00
v 284.34 -5.33 42.00
v 255.79 45.85 31.47
v 250.29 69.87 31.47
v 261.99 72.55 31.47
v 267.49 48.53 31.47
v 267.49 48.53 42.00
v 261.99 72.55 42.00
v 250.29 69.87 42.00
v 255.79 45.85 42.00
v 267.49 48.53 31.47
v 261.99 72.55 31.47
v 261.99 72.55 42.00
v 267.49 48.53 42.00
v 261.99 72.55 31.47
v 250.29 69.87 31.47
v 250.29 69.87 42.00
v 261.99 72.55 42.00
v 250.29 69.87 31.47
v 255.79 45.85 31.47
v 255.79 45.85 42.00
v 250.29 69.87 42.00
v 255.79 45.85 31.47
v 267.49 48.53 31.47
v 267.49 48.53 42.00
v 255.79 45.85 42.00
v 200.65 88.43 35.25
v 195.34 99.61 35.25
v 206.18 104.75 35.25
v 211.49 93.58 35.25
v 211.49 93.58 42.00
v 206.18 104.75 42.00
v 195.34 99.61 42.00
v 200.65 88.43 42.00
v 211.49 93.58 35.25
v 206.18 104.75 35.25
v 206.18 104.75 42.00
v 211.49 93.58 42.00
v 206.18 104.75 35.25
v 195.34 99.61 35.25
v 195.34 99.61 42.00
v 206.18 104.75 42.00
v 195.34 99.61 35.25
v 200.65 88.43 35.25
v 200.65 88.43 42.00
v 195.34 99.61 42.00
v 200.65 88.43 35.25
v 211.49 93.58 35.25
v 211.49 93.58 42.00
v 200.65 88.43 42.00
v 197.38 -207.62 36.45
v 206.49 -198.57 36.45
v 214.95 -207.08 36.45
v 205.84 -216.13 36.45
v 205.84 -216.13 42.00
v 214.95 -207.08 42.00
v 206.49 -198.57 42.00
v 197.38 -207.62 42.00
v 205.84 -216.13 36.45
v 214.95 -207.08 36.45
v 214.95 -207.08 42.00
v 205.84 -216.13 42.00
v 214.95 -207.08 36.45
v 206.49 -198.57 36.45
v 206.49 -198.57 42.00
v 214.95 -207.08 42.00
v 206.49 -198.57 36.45
v 197.38 -207.62 36.45
v 197.38 -207.62 42.00
v 206.49 -198.57 42.00
v 197.38 -207.62 36.45
v 205.84 -216.13 36.45
v 205.84 -216.13 42.00
v 197.38 -207.62 42.00
v 239.28 -170.27 29.49
v 252.46 -150.03 29.49
v 262.52 -156.59 29.49
v 249.33 -176.82 29.49
v 249.33 -176.82 42.00
v 262.52 -156.59 42.00
v 252.46 -150.03 42.00
v 239.28 -170.27 42.00
v 249.33 -176.82 29.49
v 262.52 -156.59 29.49
v 262.52 -156.59 42.00
v 249.33 -176.82 42.00
v 262.52 -156.59 29.49
v 252.46 -150.03 29.49
v 252.46 -150.03 42.00
v 262.52 -156.59 42.00
v 252.46 -150.03 29.49
v 239.28 -170.27 29.49
v 239.28 -170.27 42.00
v 252.46 -150.03 42.00
v 239.28 -170.27 29.49
v 249.33 -176.82 29.49
v 249.33 -176.82 42.00
v 239.28 -170.27 42.00
v 277.24 -119.58 34.80
v 283.56 -103.69 34.80
v 294.71 -108.12 34.80
v 288.38 -124.02 34.80
v 288.38 -124.02 42.00
v 294.71 -108.12 42.00
v 283.56 -103.69 42.00
v 277.24 -119.58 42.00
v 288.38 -124.02 34.80
v 294.71 -108.12 34.80
v 294.71 -108.12 42.00
v 288.38 -124.02 42.00
v 294.71 -108.12 34.80
v 283.56 -103.69 34.80
v 283.56 -103.69 42.00
v 294.71 -108.12 42.00
v 283.56 -103.69 34.80
v 277.24 -119.58 34.80
v 277.24 -119.58 42.00
v 283.56 -103.69 42.00
v 277.24 -119.58 34.80
v 288.38 -124.02 34.80
v 288.38 -124.02 42.00
v 277.24 -119.58 42.00
v 286.32 -54.28 19.32
v 288.70 -39.66 19.32
v 300.55 -41.60 19.32
v 298.16 -56.22 19.32
v 298.16 -56.22 30.00
v 300.55 -41.60 30.00
v 288.70 -39.66 30.00
v 286.32 -54.28 30.00
v 298.16 -56.22 19.32
v 300.55 -41.60 19.32
v 300.55 -41.60 30.00
v 298.16 -56.22 30.00
v 300.55 -41.60 19.32
v 288.70 -39.66 19.32
v 288.70 -39.66 30.00
v 300.55 -41.60 30.00
v 288.70 -39.66 19.32
v 286.32 -54.28 19.32
v 286.32 -54.28 30.00
v 288.70 -39.66 30.00
v 286.32 -54.28 19.32
v 298.16 -56.22 19.32
v 298.16 -56.22 30.00
v 286.32 -54.28 30.00
v 293.85 10.96 17.90
v 292.99 25.00 17.90
v 304.97 25.73 17.90
v 305.83 11.69 17.90
v 305.83 11.69 30.00
v 304.97 25.73 30.00
v 292.99 25.00 30.00
v 293.85 10.96 30.00
v 305.83 11.69 17.90
v 304.97 25.73 17.90
v 304.97 25.73 30.00
v 305.83 11.69 30.00
v 304.97 25.73 17.90
v 292.99 25.00 17.90
v 292.99 25.00 30.00
v 304.97 25.73 30.00
v 292.99 25.00 17.90
v 293.85 10.96 17.90
v 293.85 10.96 30.00
v 292.99 25.00 30.00
v 293.85 10.96 17.90
v 305.83 11.69 17.90
v 305.83 11.69 30.00
v 293.85 10.96 30.00
v 257.65 68.26 21.84
v 253.58 82.11 21.84
v 265.09 85.50 21.84
v 269.17 71.64 21.84
v 269.17 71.64 30.00
v 265.09 85.50 30.00
v 253.58 82.11 30.00
v 257.65 68.26 30.00
v 269.17 71.64 21.84
v 265.09 85.50 21.84
v 265.09 85.50 30.00
v 269.17 71.64 30.00
v 265.09 85.50 21.84
v 253.58 82.11 21.84
v 253.58 82.11 30.00
v 265.09 85.50 30.00
v 253.58 82.11 21.84
v 257.65 68.26 21.84
v 257.65 68.26 30.00
v 253.58 82.11 30.00
v 257.65 68.26 21.84
v 269.17 71.64 21.84
v 269.17 71.64 30.00
v 257.65 68.26 30.00
v 198.07 108.51 24.50
v 190.87 120.73 24.50
v 201.21 126.83 24.50
v 208.41 114.60 24.50
v 208.41 114.60 30.00
v 201.21 126.83 30.00
v 190.87 120.73 30.00
v 198.07 108.51 30.00
v 208.41 114.60 24.50
v 201.21 126.83 24.50
v 201.21 126.83 30.00
v 208.41 114.60 30.00
v 201.21 126.83 24.50
v 190.87 120.73 24.50
v 190.87 120.73 30.00
v 201.21 126.83 30.00
v 190.87 120.73 24.50
v 198.07 108.51 24.50
v 198.07 108.51 30.00
v 190.87 120.73 30.00
v 198.07 108.51 24.50
v 208.41 114.60 24.50
v 208.41 114.60 30.00
v 198.07 108.51 30.00
v 184.55 -212.34 19.07
v 199.76 -198.09 19.07
v 207.96 -206.85 19.07
v 192.75 -221.10 19.07
v 192.75 -221.10 30.00
v 207.96 -206.85 30.00
v 199.76 -198.09 30.00
v 184.55 -212.34 30.00
v 192.75 -221.10 19.07
v 207.96 -206.85 19.07
v 207.96 -206.85 30.00
v 192.75 -221.10 30.00
v 207.96 -206.85 19.07
v 199.76 -198.09 19.07
v 199.76 -198.09 30.00
v 207.96 -206.85 30.00
v 199.76 -198.09 19.07
v 184.55 -212.34 19.07
v 184.55 -212.34 30.00
v 199.76 -198.09 30.00
v 184.55 -212.34 19.07
v 192.75 -221.10 19.07
v 192.75 -221.10 30.00
v 184.55 -212.34 30.00
v 237.90 -172.99 20.87
v 250.58 -154.06 20.87
v 260.55 -160.73 20.87
v 247.88 -179.66 20.87
v 247.88 -179.66 30.00
v 260.55 -160.73 30.00
v 250.58 -154.06 30.00
v 237.90 -172.99 30.00
v 247.88 -179.66 20.87
v 260.55 -160.73 20.87
v 260.55 -160.73 30.00
v 247.88 -179.66 30.00
v 260.55 -160.73 20.87
v 250.58 -154.06 20.87
v 250.58 -154.06 30.00
v 260.55 -160.73 30.00
v 250.58 -154.06 20.87
v 237.90 -172.99 20.87
v 237.90 -172.99 30.00
v 250.58 -154.06 30.00
v 237.90 -172.99 20.87
v 247.88 -179.66 20.87
v 247.88 -179.66 30.00
v 237.90 -172.99 30.00
v 264.42 -112.20 17.61
v 269.89 -98.32 17.61
v 281.06 -102.72 17.61
v 275.59 -116.60 17.61
v 277.24 -119.58 34.80
v 283.56 -103.69 34.80
v 269.89 -98.32 30.00
v 264.42 -112.20 30.00
v 275.59 -116.60 17.61
v 281.06 -102.72 17.61
v 283.56 -103.69 34.80
v 277.24 -119.58 34.80
v 281.06 -102.72 17.61
v 269.89 -98.32 17.61
v 269.89 -98.32 30.00
v 283.56 -103.69 34.80
v 269.89 -98.32 17.61
v 264.42 -112.20 17.61
v 264.42 -112.20 30.00
v 269.89 -98.32 30.00
v 264.42 -112.20 17.61
v 275.59 -116.60 17.61
v 277.24 -119.58 34.80
v 264.42 -112.20 30.00

usemtl mat_rock_wet
v 276.83 -20.00 -2.00
v 283.13 14.28 -2.00
v 283.13 14.28 12.00
v 276.83 -20.00 12.00
v 283.13 14.28 -2.00
v 279.57 49.11 -2.00
v 279.57 49.11 12.00
v 283.13 14.28 12.00
v 279.57 49.11 -2.00
v 264.08 81.39 -2.00
v 264.08 81.39 12.00
v 279.57 49.11 12.00
v 264.08 81.39 -2.00
v 240.07 109.41 -2.00
v 240.07 109.41 12.00
v 264.08 81.39 12.00
v 240.07 109.41 -2.00
v 212.86 134.20 -2.00
v 212.86 134.20 12.00
v 240.07 109.41 12.00
v 212.86 134.20 -2.00
v 184.82 157.54 -2.00
v 184.82 157.54 12.00
v 212.86 134.20 12.00
v 180.25 -193.00 -2.00
v 208.87 -171.23 -2.00
v 208.87 -171.23 12.00
v 180.25 -193.00 12.00
v 208.87 -171.23 -2.00
v 231.49 -144.67 -2.00
v 231.49 -144.67 12.00
v 208.87 -171.23 12.00
v 231.49 -144.67 -2.00
v 246.55 -114.51 -2.00
v 246.55 -114.51 12.00
v 231.49 -144.67 12.00
v 246.55 -114.51 -2.00
v 256.81 -83.36 -2.00
v 256.81 -83.36 12.00
v 246.55 -114.51 12.00
v 256.81 -83.36 -2.00
v 266.60 -52.23 -2.00
v 266.60 -52.23 12.00
v 256.81 -83.36 12.00
v 266.60 -52.23 -2.00
v 276.83 -20.00 -2.00
v 276.83 -20.00 12.00
v 266.60 -52.23 12.00
v 274.53 -2.00 -30.00
v 280.79 34.26 -30.00
v 280.79 34.26 -2.00
v 274.53 -2.00 -2.00
v 280.79 34.26 -30.00
v 275.93 70.80 -30.00
v 275.93 70.80 -2.00
v 280.79 34.26 -2.00
v 275.93 70.80 -30.00
v 259.23 104.62 -30.00
v 259.23 104.62 -2.00
v 275.93 70.80 -2.00
v 259.23 104.62 -30.00
v 235.12 134.60 -30.00
v 235.12 134.60 -2.00
v 259.23 104.62 -2.00
v 235.12 134.60 -30.00
v 208.43 162.13 -30.00
v 208.43 162.13 -2.00
v 235.12 134.60 -2.00
v 208.43 162.13 -30.00
v 180.18 188.32 -30.00
v 180.18 188.32 -2.00
v 208.43 162.13 -2.00
v 175.54 -187.67 -30.00
v 204.80 -163.40 -30.00
v 204.80 -163.40 -2.00
v 175.54 -187.67 -2.00
v 204.80 -163.40 -30.00
v 226.61 -133.85 -30.00
v 226.61 -133.85 -2.00
v 204.80 -163.40 -2.00
v 226.61 -133.85 -30.00
v 240.80 -101.32 -30.00
v 240.80 -101.32 -2.00
v 226.61 -133.85 -2.00
v 240.80 -101.32 -30.00
v 251.47 -68.58 -30.00
v 251.47 -68.58 -2.00
v 240.80 -101.32 -2.00
v 251.47 -68.58 -30.00
v 262.89 -36.02 -30.00
v 262.89 -36.02 -2.00
v 251.47 -68.58 -2.00
v 262.89 -36.02 -30.00
v 274.53 -2.00 -30.00
v 274.53 -2.00 -2.00
v 262.89 -36.02 -2.00
v 275.91 10.00 -60.00
v 281.86 48.73 -60.00
v 281.86 48.73 -30.00
v 275.91 10.00 -30.00
v 281.86 48.73 -60.00
v 275.89 87.56 -60.00
v 275.89 87.56 -30.00
v 281.86 48.73 -30.00
v 275.89 87.56 -60.00
v 258.30 123.55 -60.00
v 258.30 123.55 -30.00
v 275.89 87.56 -30.00
v 258.30 123.55 -60.00
v 234.06 156.07 -60.00
v 234.06 156.07 -30.00
v 258.30 123.55 -30.00
v 234.06 156.07 -60.00
v 207.48 186.66 -60.00
v 207.48 186.66 -30.00
v 234.06 156.07 -30.00
v 207.48 186.66 -60.00
v 178.50 215.84 -60.00
v 178.50 215.84 -30.00
v 207.48 186.66 -30.00
v 173.86 -191.12 -60.00
v 204.03 -164.04 -60.00
v 204.80 -163.40 -30.00
v 173.86 -191.12 -30.00
v 204.03 -164.04 -60.00
v 225.64 -131.31 -60.00
v 226.61 -133.85 -30.00
v 204.80 -163.40 -30.00
v 225.64 -131.31 -60.00
v 239.58 -96.02 -60.00
v 239.58 -96.02 -30.00
v 226.61 -133.85 -30.00
v 239.58 -96.02 -60.00
v 250.82 -61.08 -60.00
v 250.82 -61.08 -30.00
v 239.58 -96.02 -30.00
v 250.82 -61.08 -60.00
v 263.44 -26.40 -60.00
v 263.44 -26.40 -30.00
v 250.82 -61.08 -30.00
v 263.44 -26.40 -60.00
v 275.91 10.00 -60.00
v 275.91 10.00 -30.00
v 263.44 -26.40 -30.00

usemtl mat_granite
v 281.00 -38.00 22.00
v 286.83 -5.20 22.00
v 282.86 -5.69 22.00
v 277.00 -38.00 22.00
v 286.83 -5.20 37.00
v 281.00 -38.00 37.00
v 277.00 -38.00 37.00
v 282.86 -5.69 37.00
v 277.00 -38.00 22.00
v 282.86 -5.69 22.00
v 282.86 -5.69 37.00
v 277.00 -38.00 37.00
v 286.83 -5.20 22.00
v 284.22 28.33 22.00
v 282.86 -5.69 22.00
v 284.22 28.33 37.00
v 286.83 -5.20 37.00
v 282.86 -5.69 37.00
v 282.86 -5.69 22.00
v 284.22 28.33 22.00
v 284.22 28.33 37.00
v 282.86 -5.69 37.00
v 284.22 28.33 22.00
v 269.98 59.60 22.00
v 269.98 59.60 37.00
v 284.22 28.33 37.00
v 269.98 59.60 22.00
v 246.36 86.37 22.00
v 242.85 84.45 22.00
v 246.36 86.37 37.00
v 269.98 59.60 37.00
v 242.85 84.45 37.00
v 269.98 59.60 22.00
v 242.85 84.45 22.00
v 242.85 84.45 37.00
v 269.98 59.60 37.00
v 246.36 86.37 22.00
v 218.69 109.19 22.00
v 242.85 84.45 22.00
v 218.69 109.19 37.00
v 246.36 86.37 37.00
v 242.85 84.45 37.00
v 242.85 84.45 22.00
v 218.69 109.19 22.00
v 218.69 109.19 37.00
v 242.85 84.45 37.00
v 218.69 109.19 22.00
v 190.49 130.22 22.00
v 187.64 127.41 22.00
v 190.49 130.22 37.00
v 218.69 109.19 37.00
v 187.64 127.41 37.00
v 218.69 109.19 22.00
v 187.64 127.41 22.00
v 187.64 127.41 37.00
v 218.69 109.19 37.00
v 188.77 -201.60 22.00
v 214.05 -181.76 22.00
v 210.83 -179.38 22.00
v 183.14 -198.97 22.00
v 214.05 -181.76 37.00
v 185.99 -201.78 37.00
v 183.14 -198.97 37.00
v 210.83 -179.38 37.00
v 183.14 -198.97 22.00
v 210.83 -179.38 22.00
v 210.83 -179.38 37.00
v 183.14 -198.97 37.00
v 214.05 -181.76 22.00
v 237.54 -157.53 22.00
v 234.03 -155.60 22.00
v 210.83 -179.38 22.00
v 237.54 -157.53 37.00
v 214.05 -181.76 37.00
v 210.83 -179.38 37.00
v 234.03 -155.60 37.00
v 210.83 -179.38 22.00
v 234.03 -155.60 22.00
v 234.03 -155.60 37.00
v 210.83 -179.38 37.00
v 237.54 -157.53 22.00
v 253.78 -129.28 22.00
v 234.03 -155.60 22.00
v 253.78 -129.28 37.00
v 237.54 -157.53 37.00
v 234.03 -155.60 37.00
v 234.03 -155.60 22.00
v 253.78 -129.28 22.00
v 253.78 -129.28 37.00
v 234.03 -155.60 37.00
v 253.78 -129.28 22.00
v 264.07 -99.27 22.00
v 264.07 -99.27 37.00
v 253.78 -129.28 37.00
v 264.07 -99.27 22.00
v 272.45 -69.03 22.00
v 268.48 -68.54 22.00
v 272.45 -69.03 37.00
v 264.07 -99.27 37.00
v 268.48 -68.54 37.00
v 264.07 -99.27 22.00
v 268.48 -68.54 22.00
v 268.48 -68.54 37.00
v 264.07 -99.27 37.00
v 272.45 -69.03 22.00
v 281.00 -38.00 22.00
v 277.00 -38.00 22.00
v 268.48 -68.54 22.00
v 281.00 -38.00 37.00
v 272.45 -69.03 37.00
v 268.48 -68.54 37.00
v 277.00 -38.00 37.00
v 268.48 -68.54 22.00
v 277.00 -38.00 22.00
v 277.00 -38.00 37.00
v 268.48 -68.54 37.00
v 284.22 28.33 37.00
v 285.17 30.32 37.00
v 285.99 27.02 37.00
v 285.99 27.02 37.00
v 285.17 30.32 37.00
v 284.22 28.33 37.00
v 245.95 84.21 37.00
v 244.31 87.19 37.00
v 246.36 86.37 37.00
v 246.36 86.37 37.00
v 244.31 87.19 37.00
v 245.95 84.21 37.00
v 192.68 129.99 37.00
v 188.30 130.44 37.00
v 190.49 130.22 37.00
v 192.68 129.99 37.00
v 190.49 130.22 37.00
v 188.30 130.44 37.00
v 183.80 -202.00 37.00
v 186.18 -199.58 37.00
v 185.99 -201.78 37.00
v 185.99 -201.78 37.00
v 186.18 -199.58 37.00
v 183.80 -202.00 37.00
v 262.30 -100.58 37.00
v 264.07 -99.27 37.00
v 265.84 -97.96 37.00
v 265.01 -101.26 37.00
v 265.01 -101.26 37.00
v 265.84 -97.96 37.00
v 264.07 -99.27 37.00
v 262.30 -100.58 37.00
v 288.70 -39.66 19.32
v 286.63 -34.75 16.00
v 286.63 -34.75 46.00
v 287.50 -38.00 46.00
v 286.63 -34.75 16.00
v 284.25 -32.37 16.00
v 284.25 -32.37 46.00
v 286.63 -34.75 46.00
v 284.25 -32.37 16.00
v 277.75 -32.37 16.00
v 277.75 -32.37 46.00
v 284.25 -32.37 46.00
v 277.75 -32.37 16.00
v 274.50 -38.00 16.00
v 274.50 -38.00 46.00
v 277.75 -32.37 46.00
v 274.50 -38.00 16.00
v 275.37 -41.25 16.00
v 275.37 -41.25 46.00
v 274.50 -38.00 46.00
v 275.37 -41.25 16.00
v 281.00 -44.50 16.00
v 281.00 -44.50 46.00
v 275.37 -41.25 46.00
v 281.00 -44.50 16.00
v 286.63 -41.25 16.00
v 286.63 -41.25 46.00
v 281.00 -44.50 46.00
v 286.63 -41.25 16.00
v 288.70 -39.66 19.32
v 287.50 -38.00 46.00
v 286.63 -41.25 46.00
v 287.50 -38.00 46.00
v 286.63 -34.75 46.00
v 284.25 -32.37 46.00
v 277.75 -32.37 46.00
v 274.50 -38.00 46.00
v 275.37 -41.25 46.00
v 281.00 -44.50 46.00
v 286.63 -41.25 46.00
v 276.61 -35.05 42.40
v 274.61 -35.76 42.40
v 278.77 -31.61 42.40
v 276.61 -35.05 42.40
v 278.77 -31.61 42.40
v 274.61 -35.76 42.40
v 275.26 -41.60 42.40
v 274.61 -40.24 42.40
v 276.61 -35.05 42.40
v 276.61 -35.05 42.40
v 274.61 -40.24 42.40
v 275.26 -41.60 42.40
v 286.23 -38.75 42.40
v 286.74 -34.40 42.40
v 286.63 -34.75 46.00
v 287.50 -38.00 46.00
v 286.74 -34.40 42.40
v 284.85 -34.38 42.40
v 284.25 -32.37 46.00
v 286.63 -34.75 46.00
v 284.85 -34.38 42.40
v 278.77 -31.61 42.40
v 277.75 -32.37 46.00
v 284.25 -32.37 46.00
v 278.77 -31.61 42.40
v 274.56 -34.90 44.00
v 274.56 -34.90 46.40
v 277.75 -32.37 46.00
v 274.56 -34.90 44.00
v 274.61 -35.76 42.40
v 274.50 -38.00 46.00
v 274.56 -34.90 46.40
v 274.61 -35.76 42.40
v 274.61 -40.24 42.40
v 274.56 -41.10 46.40
v 274.50 -38.00 46.00
v 274.61 -40.24 42.40
v 275.26 -41.60 42.40
v 275.37 -41.25 46.00
v 274.56 -41.10 46.40
v 275.26 -41.60 42.40
v 280.23 -44.73 42.40
v 281.00 -44.50 46.00
v 275.37 -41.25 46.00
v 280.23 -44.73 42.40
v 285.78 -42.79 42.40
v 286.63 -41.25 46.00
v 281.00 -44.50 46.00
v 285.78 -42.79 42.40
v 286.23 -38.75 42.40
v 287.50 -38.00 46.00
v 286.63 -41.25 46.00
v 287.50 -38.00 46.00
v 286.63 -34.75 46.00
v 281.00 -38.00 60.02
v 286.63 -34.75 46.00
v 281.00 -29.55 48.00
v 281.00 -38.00 60.02
v 281.00 -29.55 48.00
v 277.75 -32.37 46.00
v 281.00 -38.00 60.02
v 277.75 -32.37 46.00
v 274.56 -34.90 46.40
v 281.00 -38.00 60.02
v 274.56 -34.90 46.40
v 274.50 -38.00 46.00
v 281.00 -38.00 60.02
v 274.50 -38.00 46.00
v 274.56 -41.10 46.40
v 281.00 -38.00 60.02
v 274.56 -41.10 46.40
v 276.77 -45.32 48.00
v 281.00 -38.00 60.02
v 276.77 -45.32 48.00
v 281.00 -46.45 48.00
v 281.00 -38.00 60.02
v 281.00 -46.45 48.00
v 285.23 -45.32 48.00
v 281.00 -38.00 60.02
v 285.23 -45.32 48.00
v 286.63 -41.25 46.00
v 281.00 -38.00 60.02
v 286.63 -41.25 46.00
v 287.50 -38.00 46.00
v 281.00 -38.00 60.02
v 227.59 109.19 16.00
v 226.39 113.64 16.00
v 226.39 113.64 46.00
v 227.59 109.19 46.00
v 226.39 113.64 16.00
v 223.13 116.90 16.00
v 223.13 116.90 46.00
v 226.39 113.64 46.00
v 223.13 116.90 16.00
v 218.69 118.09 16.00
v 218.69 118.09 46.00
v 223.13 116.90 46.00
v 218.69 118.09 16.00
v 214.24 116.90 16.00
v 214.24 116.90 46.00
v 218.69 118.09 46.00
v 214.24 116.90 16.00
v 210.98 113.64 16.00
v 210.98 113.64 46.00
v 214.24 116.90 46.00
v 210.98 113.64 16.00
v 209.78 109.19 16.00
v 209.78 109.19 46.00
v 210.98 113.64 46.00
v 209.78 109.19 16.00
v 210.98 104.74 16.00
v 210.98 104.74 46.00
v 209.78 109.19 46.00
v 210.98 104.74 16.00
v 218.69 100.29 16.00
v 218.69 100.29 46.00
v 210.98 104.74 46.00
v 218.69 100.29 16.00
v 223.13 101.48 16.00
v 223.13 101.48 46.00
v 218.69 100.29 46.00
v 223.13 101.48 16.00
v 226.39 104.74 16.00
v 226.39 104.74 46.00
v 223.13 101.48 46.00
v 226.39 104.74 16.00
v 227.59 109.19 16.00
v 227.59 109.19 46.00
v 226.39 104.74 46.00
v 227.59 109.19 46.00
v 226.39 113.64 46.00
v 223.13 116.90 46.00
v 218.69 118.09 46.00
v 214.24 116.90 46.00
v 210.98 113.64 46.00
v 209.78 109.19 46.00
v 210.98 104.74 46.00
v 218.69 100.29 46.00
v 223.13 101.48 46.00
v 226.39 104.74 46.00
v 226.12 108.44 42.40
v 225.71 111.74 42.40
v 226.39 113.64 46.00
v 227.59 109.19 46.00
v 225.71 111.74 42.40
v 224.84 115.71 42.40
v 223.13 116.90 46.00
v 226.39 113.64 46.00
v 224.84 115.71 42.40
v 219.94 118.07 42.40
v 218.69 118.09 46.00
v 223.13 116.90 46.00
v 219.94 118.07 42.40
v 214.63 115.47 42.40
v 214.24 116.90 46.00
v 218.69 118.09 46.00
v 214.63 115.47 42.40
v 209.86 113.44 44.00
v 209.86 113.44 46.40
v 214.24 116.90 46.00
v 209.86 113.44 44.00
v 209.75 109.94 42.40
v 209.78 109.19 46.00
v 209.86 113.44 46.40
v 209.75 109.94 42.40
v 206.18 104.75 42.00
v 209.86 104.94 46.40
v 209.78 109.19 46.00
v 206.18 104.75 42.00
v 210.96 104.64 42.40
v 210.98 104.74 46.00
v 209.86 104.94 46.40
v 210.96 104.64 42.40
v 216.51 99.65 44.00
v 216.51 99.65 46.40
v 210.98 104.74 46.00
v 216.51 99.65 44.00
v 220.86 99.65 44.00
v 220.86 99.65 46.40
v 216.51 99.65 46.40
v 220.86 99.65 44.00
v 221.41 100.64 42.40
v 223.13 101.48 46.00
v 220.86 99.65 46.40
v 221.41 100.64 42.40
v 226.41 104.64 42.40
v 226.39 104.74 46.00
v 223.13 101.48 46.00
v 226.41 104.64 42.40
v 226.12 108.44 42.40
v 227.59 109.19 46.00
v 226.39 104.74 46.00
v 230.25 109.19 48.00
v 226.39 113.64 46.00
v 218.69 109.19 64.47
v 226.39 113.64 46.00
v 223.13 116.90 46.00
v 218.69 109.19 64.47
v 223.13 116.90 46.00
v 218.69 120.76 48.00
v 218.69 109.19 64.47
v 218.69 120.76 48.00
v 214.24 116.90 46.00
v 218.69 109.19 64.47
v 214.24 116.90 46.00
v 209.86 113.44 46.40
v 218.69 109.19 64.47
v 209.86 113.44 46.40
v 209.78 109.19 46.00
v 218.69 109.19 64.47
v 209.78 109.19 46.00
v 209.86 104.94 46.40
v 218.69 109.19 64.47
v 209.86 104.94 46.40
v 212.90 99.17 48.00
v 218.69 109.19 64.47
v 212.90 99.17 48.00
v 216.51 99.65 46.40
v 218.69 109.19 64.47
v 216.51 99.65 46.40
v 220.86 99.65 46.40
v 218.69 109.19 64.47
v 220.86 99.65 46.40
v 226.39 104.74 46.00
v 218.69 109.19 64.47
v 226.39 104.74 46.00
v 230.25 109.19 48.00
v 218.69 109.19 64.47
v 245.24 -157.53 16.00
v 244.21 -153.68 16.00
v 244.21 -153.68 46.00
v 245.24 -157.53 46.00
v 244.21 -153.68 16.00
v 237.54 -149.83 16.00
v 237.54 -149.83 46.00
v 244.21 -153.68 46.00
v 237.54 -149.83 16.00
v 233.69 -150.86 16.00
v 233.69 -150.86 46.00
v 237.54 -149.83 46.00
v 233.69 -150.86 16.00
v 229.84 -157.53 16.00
v 229.84 -157.53 46.00
v 233.69 -150.86 46.00
v 229.84 -157.53 16.00
v 230.87 -161.38 16.00
v 230.87 -161.38 46.00
v 229.84 -157.53 46.00
v 230.87 -161.38 16.00
v 237.54 -165.23 16.00
v 237.54 -165.23 46.00
v 230.87 -161.38 46.00
v 237.54 -165.23 16.00
v 241.39 -164.20 16.00
v 244.47 -163.37 45.52
v 237.54 -165.23 46.00
v 241.39 -164.20 16.00
v 245.24 -157.53 16.00
v 245.24 -157.53 46.00
v 244.47 -163.37 45.52
v 245.24 -157.53 46.00
v 244.21 -153.68 46.00
v 237.54 -149.83 46.00
v 233.69 -150.86 46.00
v 229.84 -157.53 46.00
v 230.87 -161.38 46.00
v 237.54 -165.23 46.00
v 244.47 -163.37 45.52
v 239.68 -151.52 42.40
v 238.55 -149.72 42.40
v 244.92 -154.80 42.40
v 239.68 -151.52 42.40
v 244.92 -154.80 42.40
v 238.55 -149.72 42.40
v 235.40 -163.54 42.40
v 240.01 -165.00 42.40
v 236.53 -165.33 42.40
v 235.40 -163.54 42.40
v 236.53 -165.33 42.40
v 240.01 -165.00 42.40
v 245.37 -158.28 42.40
v 245.17 -153.85 44.00
v 245.17 -153.85 46.40
v 245.24 -157.53 46.00
v 245.17 -153.85 44.00
v 244.92 -154.80 42.40
v 244.21 -153.68 46.00
v 245.17 -153.85 46.40
v 244.92 -154.80 42.40
v 238.55 -149.72 42.40
v 237.54 -149.83 46.00
v 244.21 -153.68 46.00
v 238.55 -149.72 42.40
v 234.18 -152.11 42.40
v 233.69 -150.86 46.00
v 237.54 -149.83 46.00
v 234.18 -152.11 42.40
v 229.91 -153.85 44.00
v 229.91 -153.85 46.40
v 233.69 -150.86 46.00
v 229.91 -153.85 44.00
v 229.71 -156.78 42.40
v 229.84 -157.53 46.00
v 229.91 -153.85 46.40
v 229.71 -156.78 42.40
v 229.91 -161.20 44.00
v 229.91 -161.20 46.40
v 229.84 -157.53 46.00
v 229.91 -161.20 44.00
v 230.16 -160.25 42.40
v 230.87 -161.38 46.00
v 229.91 -161.20 46.40
v 230.16 -160.25 42.40
v 236.53 -165.33 42.40
v 237.54 -165.23 46.00
v 230.87 -161.38 46.00
v 236.53 -165.33 42.40
v 240.01 -165.00 42.40
v 244.47 -163.37 45.52
v 237.54 -165.23 46.00
v 240.01 -165.00 42.40
v 245.17 -161.20 44.00
v 245.17 -161.20 46.40
v 244.47 -163.37 45.52
v 245.17 -161.20 44.00
v 245.37 -158.28 42.40
v 245.24 -157.53 46.00
v 245.17 -161.20 46.40
v 245.24 -157.53 46.00
v 245.17 -153.85 46.40
v 237.54 -157.53 62.24
v 245.17 -153.85 46.40
v 242.54 -148.86 48.00
v 237.54 -157.53 62.24
v 242.54 -148.86 48.00
v 237.54 -149.83 46.00
v 237.54 -157.53 62.24
v 237.54 -149.83 46.00
v 232.53 -148.86 48.00
v 237.54 -157.53 62.24
v 232.53 -148.86 48.00
v 229.91 -153.85 46.40
v 237.54 -157.53 62.24
v 229.91 -153.85 46.40
v 229.84 -157.53 46.00
v 237.54 -157.53 62.24
v 229.84 -157.53 46.00
v 229.91 -161.20 46.40
v 237.54 -157.53 62.24
v 229.91 -161.20 46.40
v 232.53 -166.20 48.00
v 237.54 -157.53 62.24
v 232.53 -166.20 48.00
v 237.54 -165.23 46.00
v 237.54 -157.53 62.24
v 237.54 -165.23 46.00
v 242.54 -166.20 48.00
v 237.54 -157.53 62.24
v 242.54 -166.20 48.00
v 245.17 -161.20 46.40
v 237.54 -157.53 62.24
v 245.17 -161.20 46.40
v 245.24 -157.53 46.00
v 237.54 -157.53 62.24
v 280.71 -52.00 42.00
v 284.93 -23.23 42.00
v 277.31 -52.00 44.00
v 284.93 -23.23 57.00
v 280.71 -52.00 57.00
v 277.31 -52.00 57.00
v 277.31 -52.00 44.00
v 284.93 -23.23 42.00
v 284.93 -23.23 57.00
v 277.31 -52.00 57.00
v 284.93 -23.23 42.00
v 282.34 6.13 42.00
v 279.04 5.31 44.00
v 282.34 6.13 57.00
v 284.93 -23.23 57.00
v 277.59 9.08 56.00
v 284.93 -23.23 42.00
v 279.04 5.31 44.00
v 277.59 9.08 56.00
v 284.93 -23.23 57.00
v 282.34 6.13 42.00
v 269.57 33.52 42.00
v 279.04 5.31 44.00
v 269.57 33.52 57.00
v 282.34 6.13 57.00
v 277.59 9.08 56.00
v 279.04 5.31 44.00
v 269.57 33.52 42.00
v 269.57 33.52 57.00
v 277.59 9.08 56.00
v 269.57 33.52 42.00
v 247.92 56.69 42.00
v 244.93 55.08 44.00
v 247.92 56.69 57.00
v 269.57 33.52 57.00
v 244.93 55.08 57.00
v 269.57 33.52 42.00
v 244.93 55.08 44.00
v 244.93 55.08 57.00
v 269.57 33.52 57.00
v 247.92 56.69 42.00
v 222.15 75.85 42.00
v 219.40 73.85 44.00
v 244.93 55.08 44.00
v 222.15 75.85 57.00
v 247.92 56.69 57.00
v 244.93 55.08 57.00
v 219.40 73.85 57.00
v 244.93 55.08 44.00
v 219.40 73.85 44.00
v 219.40 73.85 57.00
v 244.93 55.08 57.00
v 222.15 75.85 42.00
v 196.15 93.14 42.00
v 193.70 90.78 44.00
v 219.40 73.85 44.00
v 196.15 93.14 57.00
v 222.15 75.85 57.00
v 219.40 73.85 57.00
v 193.70 90.78 57.00
v 219.40 73.85 44.00
v 193.70 90.78 44.00
v 193.70 90.78 57.00
v 219.40 73.85 57.00
v 196.15 93.14 42.00
v 170.17 109.83 42.00
v 168.10 107.13 44.00
v 193.70 90.78 44.00
v 170.17 109.83 57.00
v 196.15 93.14 57.00
v 193.70 90.78 57.00
v 168.10 107.13 57.00
v 193.70 90.78 44.00
v 168.10 107.13 44.00
v 168.10 107.13 57.00
v 193.70 90.78 57.00
v 166.96 -209.65 42.00
v 192.62 -193.73 42.00
v 164.89 -206.95 44.00
v 194.58 -192.19 56.00
v 166.96 -209.65 57.00
v 164.89 -206.95 57.00
v 164.89 -206.95 44.00
v 192.62 -193.73 42.00
v 194.58 -192.19 56.00
v 164.89 -206.95 57.00
v 192.62 -193.73 42.00
v 218.26 -177.03 42.00
v 218.26 -177.03 57.00
v 194.58 -192.19 56.00
v 218.26 -177.03 42.00
v 240.88 -156.90 42.00
v 237.88 -155.29 44.00
v 240.88 -156.90 57.00
v 218.26 -177.03 57.00
v 237.88 -155.29 57.00
v 218.26 -177.03 42.00
v 237.88 -155.29 44.00
v 237.88 -155.29 57.00
v 218.26 -177.03 57.00
v 240.88 -156.90 42.00
v 257.25 -132.81 42.00
v 254.08 -131.59 44.00
v 237.88 -155.29 44.00
v 257.25 -132.81 57.00
v 240.88 -156.90 57.00
v 237.88 -155.29 57.00
v 254.08 -131.59 57.00
v 237.88 -155.29 44.00
v 254.08 -131.59 44.00
v 254.08 -131.59 57.00
v 237.88 -155.29 57.00
v 257.25 -132.81 42.00
v 267.36 -106.44 42.00
v 264.06 -105.63 44.00
v 254.08 -131.59 44.00
v 267.36 -106.44 57.00
v 257.25 -132.81 57.00
v 254.08 -131.59 57.00
v 264.06 -105.63 57.00
v 254.08 -131.59 44.00
v 264.06 -105.63 44.00
v 264.06 -105.63 57.00
v 254.08 -131.59 57.00
v 267.36 -106.44 42.00
v 274.35 -79.50 42.00
v 264.06 -105.63 44.00
v 274.35 -79.50 57.00
v 267.36 -106.44 57.00
v 264.06 -105.63 57.00
v 264.06 -105.63 44.00
v 274.35 -79.50 42.00
v 274.35 -79.50 57.00
v 264.06 -105.63 57.00
v 274.35 -79.50 42.00
v 280.71 -52.00 42.00
v 277.31 -52.00 44.00
v 280.71 -52.00 57.00
v 274.35 -79.50 57.00
v 277.31 -52.00 57.00
v 279.94 -45.27 64.40
v 284.56 -48.38 64.40
v 283.96 -46.37 68.00
v 277.46 -46.37 68.00
v 275.67 -50.41 64.40
v 274.97 -48.40 64.40
v 279.94 -45.27 64.40
v 277.46 -46.37 68.00
v 274.97 -48.40 66.00
v 275.67 -50.41 66.00
v 279.94 -45.27 64.40
v 274.97 -48.40 64.40
v 274.97 -48.40 66.00
v 277.46 -46.37 68.00
v 274.97 -48.40 64.40
v 275.67 -50.41 64.40
v 275.67 -50.41 66.00
v 274.97 -48.40 66.00
v 275.67 -50.41 64.40
v 279.94 -45.27 64.40
v 277.46 -46.37 68.00
v 275.67 -50.41 66.00
v 275.67 -50.41 64.40
v 273.98 -51.25 64.40
v 274.21 -52.00 68.00
v 275.67 -50.41 66.00
v 273.98 -51.25 64.40
v 275.67 -50.41 64.40
v 275.67 -50.41 66.00
v 274.21 -52.00 68.00
v 275.67 -50.41 64.40
v 274.97 -55.60 64.40
v 273.98 -51.25 64.40
v 275.67 -50.41 66.00
v 274.21 -52.00 68.00
v 274.97 -55.60 66.00
v 275.67 -50.41 64.40
v 273.98 -51.25 64.40
v 274.21 -52.00 68.00
v 275.67 -50.41 66.00
v 273.98 -51.25 64.40
v 274.97 -55.60 64.40
v 274.97 -55.60 66.00
v 274.21 -52.00 68.00
v 274.97 -55.60 64.40
v 275.67 -50.41 64.40
v 275.67 -50.41 66.00
v 274.97 -55.60 66.00
v 276.86 -55.62 64.40
v 280.28 -57.27 64.40
v 280.71 -58.50 68.00
v 275.08 -55.25 68.00
v 280.28 -57.27 64.40
v 276.86 -55.62 64.40
v 275.08 -55.25 68.00
v 280.71 -58.50 68.00
v 280.28 -57.27 64.40
v 285.49 -56.79 64.40
v 286.34 -55.25 68.00
v 280.71 -58.50 68.00
v 285.49 -56.79 64.40
v 280.28 -57.27 64.40
v 280.71 -58.50 68.00
v 286.34 -55.25 68.00
v 285.94 -52.75 64.40
v 285.49 -56.79 64.40
v 286.34 -55.25 68.00
v 287.21 -52.00 68.00
v 285.49 -56.79 64.40
v 285.94 -52.75 64.40
v 287.21 -52.00 68.00
v 286.34 -55.25 68.00
v 289.16 -52.00 70.00
v 288.03 -47.77 70.00
v 280.71 -52.00 82.03
v 288.03 -47.77 70.00
v 284.94 -44.68 70.00
v 280.71 -52.00 82.03
v 284.94 -44.68 70.00
v 276.49 -44.68 70.00
v 280.71 -52.00 82.03
v 276.49 -44.68 70.00
v 273.39 -47.77 70.00
v 280.71 -52.00 82.03
v 273.39 -47.77 70.00
v 272.26 -52.00 70.00
v 280.71 -52.00 82.03
v 272.26 -52.00 70.00
v 273.39 -56.23 70.00
v 280.71 -52.00 82.03
v 273.39 -56.23 70.00
v 276.49 -59.32 70.00
v 280.71 -52.00 82.03
v 276.49 -59.32 70.00
v 280.71 -60.45 70.00
v 280.71 -52.00 82.03
v 280.71 -60.45 70.00
v 284.94 -59.32 70.00
v 280.71 -52.00 82.03
v 284.94 -59.32 70.00
v 288.03 -56.23 70.00
v 280.71 -52.00 82.03
v 288.03 -56.23 70.00
v 289.16 -52.00 70.00
v 280.71 -52.00 82.03
v 231.05 75.85 38.00
v 229.86 80.30 38.00
v 229.86 80.30 68.00
v 231.05 75.85 68.00
v 229.86 80.30 38.00
v 222.15 84.75 38.00
v 222.15 84.75 68.00
v 229.86 80.30 68.00
v 222.15 84.75 38.00
v 217.70 83.56 38.00
v 217.70 83.56 68.00
v 222.15 84.75 68.00
v 217.70 83.56 38.00
v 214.44 80.30 38.00
v 214.44 80.30 68.00
v 217.70 83.56 68.00
v 214.44 80.30 38.00
v 213.25 75.85 38.00
v 213.25 75.85 68.00
v 214.44 80.30 68.00
v 213.25 75.85 38.00
v 214.44 71.40 38.00
v 214.44 71.40 68.00
v 213.25 75.85 68.00
v 214.44 71.40 38.00
v 217.70 68.14 38.00
v 217.70 68.14 68.00
v 214.44 71.40 68.00
v 217.70 68.14 38.00
v 222.15 66.95 38.00
v 222.15 66.95 68.00
v 217.70 68.14 68.00
v 222.15 66.95 38.00
v 226.60 68.14 38.00
v 226.60 68.14 68.00
v 222.15 66.95 68.00
v 226.60 68.14 38.00
v 229.86 71.40 38.00
v 229.86 71.40 68.00
v 226.60 68.14 68.00
v 229.86 71.40 38.00
v 231.05 75.85 38.00
v 231.05 75.85 68.00
v 229.86 71.40 68.00
v 231.05 75.85 68.00
v 229.86 80.30 68.00
v 222.15 84.75 68.00
v 217.70 83.56 68.00
v 214.44 80.30 68.00
v 213.25 75.85 68.00
v 214.44 71.40 68.00
v 217.70 68.14 68.00
v 222.15 66.95 68.00
v 226.60 68.14 68.00
v 229.86 71.40 68.00
v 229.59 75.10 64.40
v 231.09 75.10 64.40
v 231.05 75.85 68.00
v 229.59 75.10 66.00
v 231.09 75.10 64.40
v 229.59 75.10 64.40
v 229.59 75.10 66.00
v 231.05 75.85 68.00
v 229.59 75.10 64.40
v 229.88 80.40 64.40
v 231.09 75.10 64.40
v 229.59 75.10 66.00
v 231.05 75.85 68.00
v 229.86 80.30 68.00
v 229.59 75.10 64.40
v 231.09 75.10 64.40
v 231.05 75.85 68.00
v 229.59 75.10 66.00
v 231.09 75.10 64.40
v 229.88 80.40 64.40
v 229.86 80.30 68.00
v 231.05 75.85 68.00
v 229.88 80.40 64.40
v 229.59 75.10 64.40
v 229.59 75.10 66.00
v 229.86 80.30 68.00
v 224.53 82.93 64.40
v 219.43 84.39 64.40
v 217.70 83.56 68.00
v 222.15 84.75 68.00
v 219.43 84.39 64.40
v 224.53 82.93 64.40
v 222.15 84.75 68.00
v 217.70 83.56 68.00
v 215.77 79.75 64.40
v 213.77 79.05 64.40
v 214.42 80.40 64.40
v 215.77 79.75 66.00
v 214.44 80.30 68.00
v 213.25 75.85 68.00
v 215.77 79.75 64.40
v 214.42 80.40 64.40
v 214.44 80.30 68.00
v 215.77 79.75 66.00
v 214.42 80.40 64.40
v 213.77 79.05 64.40
v 213.25 75.85 68.00
v 214.44 80.30 68.00
v 213.77 79.05 64.40
v 215.77 79.75 64.40
v 215.77 79.75 66.00
v 213.25 75.85 68.00
v 215.12 73.30 64.40
v 213.77 72.64 64.40
v 214.44 71.40 68.00
v 215.12 73.30 66.00
v 213.77 72.64 64.40
v 215.12 73.30 64.40
v 215.12 73.30 66.00
v 214.44 71.40 68.00
v 215.12 73.30 64.40
v 215.99 69.33 64.40
v 217.70 68.14 68.00
v 215.12 73.30 66.00
v 215.99 69.33 64.40
v 215.12 73.30 64.40
v 215.12 73.30 66.00
v 217.70 68.14 68.00
v 215.99 69.33 64.40
v 220.89 66.97 64.40
v 222.15 66.95 68.00
v 217.70 68.14 68.00
v 220.89 66.97 64.40
v 215.99 69.33 64.40
v 217.70 68.14 68.00
v 222.15 66.95 68.00
v 226.20 69.56 64.40
v 227.37 70.50 64.40
v 229.86 71.40 68.00
v 226.60 68.14 68.00
v 227.37 70.50 64.40
v 226.20 69.56 64.40
v 226.60 68.14 68.00
v 229.86 71.40 68.00
v 227.37 70.50 64.40
v 230.53 72.64 64.40
v 230.53 72.64 66.00
v 229.86 71.40 68.00
v 230.53 72.64 64.40
v 227.37 70.50 64.40
v 229.86 71.40 68.00
v 230.53 72.64 66.00
v 233.72 75.85 70.00
v 232.17 81.63 70.00
v 222.15 75.85 86.47
v 232.17 81.63 70.00
v 227.93 85.87 70.00
v 222.15 75.85 86.47
v 227.93 85.87 70.00
v 222.15 87.42 70.00
v 222.15 75.85 86.47
v 222.15 87.42 70.00
v 216.36 85.87 70.00
v 222.15 75.85 86.47
v 216.36 85.87 70.00
v 212.13 81.63 70.00
v 222.15 75.85 86.47
v 212.13 81.63 70.00
v 210.58 75.85 70.00
v 222.15 75.85 86.47
v 210.58 75.85 70.00
v 212.13 70.06 70.00
v 222.15 75.85 86.47
v 212.13 70.06 70.00
v 216.36 65.83 70.00
v 222.15 75.85 86.47
v 216.36 65.83 70.00
v 222.15 64.28 70.00
v 222.15 75.85 86.47
v 222.15 64.28 70.00
v 227.93 65.83 70.00
v 222.15 75.85 86.47
v 227.93 65.83 70.00
v 232.17 70.06 70.00
v 222.15 75.85 86.47
v 232.17 70.06 70.00
v 233.72 75.85 70.00
v 222.15 75.85 86.47
v 248.58 -156.90 38.00
v 247.55 -153.05 38.00
v 247.55 -153.05 68.00
v 248.58 -156.90 68.00
v 247.55 -153.05 38.00
v 244.73 -150.23 38.00
v 244.73 -150.23 68.00
v 247.55 -153.05 68.00
v 244.73 -150.23 38.00
v 240.88 -149.20 38.00
v 240.88 -149.20 68.00
v 244.73 -150.23 68.00
v 240.88 -149.20 38.00
v 237.03 -150.23 38.00
v 237.03 -150.23 68.00
v 240.88 -149.20 68.00
v 237.03 -150.23 38.00
v 234.21 -153.05 38.00
v 234.21 -153.05 68.00
v 237.03 -150.23 68.00
v 234.21 -153.05 38.00
v 234.03 -155.60 37.00
v 233.18 -156.90 68.00
v 234.21 -153.05 68.00
v 234.03 -155.60 37.00
v 234.21 -160.75 38.00
v 234.21 -160.75 68.00
v 233.18 -156.90 68.00
v 234.21 -160.75 38.00
v 237.03 -163.57 38.00
v 237.03 -163.57 68.00
v 234.21 -160.75 68.00
v 237.03 -163.57 38.00
v 240.88 -164.60 38.00
v 240.88 -164.60 68.00
v 237.03 -163.57 68.00
v 240.88 -164.60 38.00
v 247.55 -160.75 38.00
v 247.55 -160.75 68.00
v 240.88 -164.60 68.00
v 247.55 -160.75 38.00
v 248.58 -156.90 38.00
v 248.58 -156.90 68.00
v 247.55 -160.75 68.00
v 248.58 -156.90 68.00
v 247.55 -153.05 68.00
v 244.73 -150.23 68.00
v 240.88 -149.20 68.00
v 237.03 -150.23 68.00
v 234.21 -153.05 68.00
v 233.18 -156.90 68.00
v 234.21 -160.75 68.00
v 237.03 -163.57 68.00
v 240.88 -164.60 68.00
v 247.55 -160.75 68.00
v 246.91 -154.83 64.40
v 244.24 -151.48 64.40
v 244.73 -150.23 68.00
v 247.55 -153.05 68.00
v 244.24 -151.48 64.40
v 246.91 -154.83 64.40
v 247.55 -153.05 68.00
v 244.73 -150.23 68.00
v 244.24 -151.48 64.40
v 243.35 -149.43 64.40
v 240.88 -149.20 68.00
v 244.73 -150.23 68.00
v 243.35 -149.43 64.40
v 244.24 -151.48 64.40
v 244.73 -150.23 68.00
v 240.88 -149.20 68.00
v 238.74 -150.90 64.40
v 239.87 -149.10 64.40
v 244.24 -151.48 64.40
v 244.73 -150.23 68.00
v 239.87 -149.10 66.00
v 237.03 -150.23 68.00
v 244.24 -151.48 64.40
v 239.87 -149.10 64.40
v 239.87 -149.10 66.00
v 244.73 -150.23 68.00
v 239.87 -149.10 64.40
v 238.74 -150.90 64.40
v 237.03 -150.23 68.00
v 239.87 -149.10 66.00
v 238.74 -150.90 64.40
v 244.24 -151.48 64.40
v 244.73 -150.23 68.00
v 237.03 -150.23 68.00
v 238.74 -150.90 64.40
v 234.15 -152.83 64.40
v 234.21 -153.05 68.00
v 237.03 -150.23 68.00
v 234.15 -152.83 64.40
v 238.74 -150.90 64.40
v 237.03 -150.23 68.00
v 234.21 -153.05 68.00
v 235.50 -160.33 64.40
v 234.15 -160.98 64.40
v 234.54 -156.15 64.40
v 233.18 -156.90 68.00
v 234.21 -160.75 68.00
v 237.03 -163.57 68.00
v 234.54 -156.15 64.40
v 234.15 -160.98 64.40
v 234.21 -160.75 68.00
v 233.18 -156.90 68.00
v 234.15 -160.98 64.40
v 235.50 -160.33 64.40
v 237.03 -163.57 68.00
v 234.21 -160.75 68.00
v 235.50 -160.33 64.40
v 234.54 -156.15 64.40
v 233.18 -156.90 68.00
v 237.03 -163.57 68.00
v 235.50 -160.33 64.40
v 240.20 -163.25 64.40
v 240.88 -164.60 68.00
v 237.03 -163.57 68.00
v 240.20 -163.25 64.40
v 235.50 -160.33 64.40
v 237.03 -163.57 68.00
v 240.88 -164.60 68.00
v 240.20 -163.25 64.40
v 245.18 -163.50 64.40
v 247.55 -160.75 68.00
v 240.88 -164.60 68.00
v 245.18 -163.50 64.40
v 240.20 -163.25 64.40
v 240.88 -164.60 68.00
v 247.55 -160.75 68.00
v 245.18 -163.50 64.40
v 247.21 -157.65 64.40
v 248.58 -156.90 68.00
v 247.55 -160.75 68.00
v 246.09 4.55 70.00
v 234.99 25.11 70.00
v 232.37 24.12 70.00
v 243.37 3.89 70.00
v 234.99 25.11 81.00
v 246.09 4.55 81.00
v 243.37 3.89 81.00
v 232.37 24.12 81.00
v 243.37 3.89 70.00
v 232.37 24.12 70.00
v 232.37 24.12 81.00
v 243.37 3.89 81.00
v 234.99 25.11 70.00
v 217.59 42.41 70.00
v 232.37 24.12 70.00
v 217.59 42.41 81.00
v 234.99 25.11 81.00
v 232.37 24.12 81.00
v 232.37 24.12 70.00
v 217.59 42.41 70.00
v 217.59 42.41 81.00
v 232.37 24.12 81.00
v 217.59 42.41 70.00
v 197.79 56.98 70.00
v 197.79 56.98 81.00
v 217.59 42.41 81.00
v 197.79 56.98 70.00
v 178.19 70.52 70.00
v 176.16 68.58 70.00
v 178.19 70.52 81.00
v 197.79 56.98 81.00
v 176.16 68.58 81.00
v 197.79 56.98 70.00
v 176.16 68.58 70.00
v 176.16 68.58 81.00
v 197.79 56.98 81.00
v 176.24 -148.66 70.00
v 196.62 -136.14 70.00
v 194.34 -134.51 70.00
v 174.21 -146.73 70.00
v 196.62 -136.14 81.00
v 176.24 -148.66 81.00
v 174.21 -146.73 81.00
v 194.34 -134.51 81.00
v 174.21 -146.73 70.00
v 194.34 -134.51 70.00
v 194.34 -134.51 81.00
v 174.21 -146.73 81.00
v 196.62 -136.14 70.00
v 214.19 -120.61 70.00
v 211.72 -119.30 70.00
v 194.34 -134.51 70.00
v 214.19 -120.61 81.00
v 196.62 -136.14 81.00
v 194.34 -134.51 81.00
v 211.72 -119.30 81.00
v 194.34 -134.51 70.00
v 211.72 -119.30 70.00
v 211.72 -119.30 81.00
v 194.34 -134.51 81.00
v 214.19 -120.61 70.00
v 226.72 -102.00 70.00
v 224.10 -101.01 70.00
v 211.72 -119.30 70.00
v 226.72 -102.00 81.00
v 214.19 -120.61 81.00
v 211.72 -119.30 81.00
v 224.10 -101.01 81.00
v 211.72 -119.30 70.00
v 224.10 -101.01 70.00
v 224.10 -101.01 81.00
v 211.72 -119.30 81.00
v 226.72 -102.00 70.00
v 234.70 -81.79 70.00
v 224.10 -101.01 70.00
v 234.70 -81.79 81.00
v 226.72 -102.00 81.00
v 224.10 -101.01 81.00
v 224.10 -101.01 70.00
v 234.70 -81.79 70.00
v 234.70 -81.79 81.00
v 224.10 -101.01 81.00
v 234.70 -81.79 70.00
v 240.67 -61.17 70.00
v 237.89 -60.84 70.00
v 240.67 -61.17 81.00
v 234.70 -81.79 81.00
v 237.89 -60.84 81.00
v 234.70 -81.79 70.00
v 237.89 -60.84 70.00
v 237.89 -60.84 81.00
v 234.70 -81.79 81.00
v 240.67 -61.17 70.00
v 246.09 -40.00 70.00
v 243.29 -40.00 70.00
v 237.89 -60.84 70.00
v 246.09 -40.00 81.00
v 240.67 -61.17 81.00
v 237.89 -60.84 81.00
v 243.29 -40.00 81.00
v 237.89 -60.84 70.00
v 243.29 -40.00 70.00
v 243.29 -40.00 81.00
v 237.89 -60.84 81.00
v 244.69 -41.70 81.00
v 243.29 -40.00 81.00
v 246.09 -40.00 81.00
v 247.49 -41.70 81.00
v 247.49 -41.70 81.00
v 246.09 -40.00 81.00
v 243.29 -40.00 81.00
v 244.69 -41.70 81.00
v 246.09 4.55 81.00
v 244.33 5.87 81.00
v 247.05 6.53 81.00
v 246.09 4.55 81.00
v 247.05 6.53 81.00
v 244.33 5.87 81.00
v 176.16 68.58 81.00
v 178.19 70.52 81.00
v 180.38 70.25 81.00
v 180.38 70.25 81.00
v 178.19 70.52 81.00
v 176.16 68.58 81.00
v 174.21 -146.73 81.00
v 176.24 -148.66 81.00
v 176.08 -150.85 81.00
v 176.08 -150.85 81.00
v 176.24 -148.66 81.00
v 174.21 -146.73 81.00
v 214.19 -120.61 81.00
v 211.72 -119.30 81.00
v 216.22 -119.76 81.00
v 214.19 -120.61 81.00
v 216.22 -119.76 81.00
v 211.72 -119.30 81.00
v 234.70 -81.79 81.00
v 233.74 -79.81 81.00
v 235.66 -83.77 81.00
v 235.66 -83.77 81.00
v 233.74 -79.81 81.00
v 234.70 -81.79 81.00
v 252.59 -40.00 64.00
v 249.34 -34.37 64.00
v 249.34 -34.37 94.00
v 252.59 -40.00 94.00
v 249.34 -34.37 64.00
v 242.84 -34.37 64.00
v 242.84 -34.37 94.00
v 249.34 -34.37 94.00
v 242.84 -34.37 64.00
v 240.46 -36.75 64.00
v 240.46 -36.75 94.00
v 242.84 -34.37 94.00
v 240.46 -36.75 64.00
v 239.59 -40.00 64.00
v 239.59 -40.00 94.00
v 240.46 -36.75 94.00
v 239.59 -40.00 64.00
v 240.46 -43.25 64.00
v 240.46 -43.25 94.00
v 239.59 -40.00 94.00
v 240.46 -43.25 64.00
v 242.84 -45.63 64.00
v 242.84 -45.63 94.00
v 240.46 -43.25 94.00
v 242.84 -45.63 64.00
v 246.09 -46.50 64.00
v 246.09 -46.50 94.00
v 242.84 -45.63 94.00
v 246.09 -46.50 64.00
v 251.72 -43.25 64.00
v 251.72 -43.25 94.00
v 246.09 -46.50 94.00
v 251.72 -43.25 64.00
v 252.59 -40.00 64.00
v 252.59 -40.00 94.00
v 251.72 -43.25 94.00
v 252.59 -40.00 94.00
v 249.34 -34.37 94.00
v 242.84 -34.37 94.00
v 240.46 -36.75 94.00
v 239.59 -40.00 94.00
v 240.46 -43.25 94.00
v 242.84 -45.63 94.00
v 246.09 -46.50 94.00
v 251.72 -43.25 94.00
v 249.93 -36.38 90.40
v 249.34 -34.37 94.00
v 252.59 -40.00 94.00
v 249.93 -36.38 90.40
v 252.59 -40.00 94.00
v 249.34 -34.37 94.00
v 240.46 -36.75 94.00
v 242.84 -34.37 94.00
v 249.34 -34.37 94.00
v 249.34 -34.37 94.00
v 242.84 -34.37 94.00
v 240.46 -36.75 94.00
v 240.46 -43.25 94.00
v 239.36 -40.75 90.40
v 239.59 -40.00 94.00
v 240.46 -36.75 94.00
v 240.46 -36.75 94.00
v 239.59 -40.00 94.00
v 239.36 -40.75 90.40
v 240.46 -43.25 94.00
v 246.09 -46.50 94.00
v 242.84 -45.63 94.00
v 240.46 -43.25 94.00
v 240.46 -43.25 94.00
v 242.84 -45.63 94.00
v 246.09 -46.50 94.00
v 247.98 -44.93 90.40
v 251.72 -43.25 94.00
v 246.09 -46.50 94.00
v 247.98 -44.93 90.40
v 246.09 -46.50 94.00
v 251.72 -43.25 94.00
v 206.69 56.98 64.00
v 205.50 61.43 64.00
v 205.50 61.43 94.00
v 206.69 56.98 94.00
v 205.50 61.43 64.00
v 202.25 64.69 64.00
v 202.25 64.69 94.00
v 205.50 61.43 94.00
v 202.25 64.69 64.00
v 197.37 66.78 60.80
v 197.79 65.88 94.00
v 202.25 64.69 94.00
v 197.37 66.78 60.80
v 193.34 64.69 64.00
v 193.34 64.69 94.00
v 197.79 65.88 94.00
v 193.34 64.69 64.00
v 188.90 56.98 64.00
v 188.90 56.98 94.00
v 193.34 64.69 94.00
v 188.90 56.98 64.00
v 190.09 52.53 64.00
v 190.09 52.53 94.00
v 188.90 56.98 94.00
v 190.09 52.53 64.00
v 193.34 49.27 64.00
v 193.34 49.27 94.00
v 190.09 52.53 94.00
v 193.34 49.27 64.00
v 197.79 48.08 64.00
v 197.79 48.08 94.00
v 193.34 49.27 94.00
v 197.79 48.08 64.00
v 202.25 49.27 64.00
v 202.25 49.27 94.00
v 197.79 48.08 94.00
v 202.25 49.27 64.00
v 205.50 52.53 64.00
v 205.50 52.53 94.00
v 202.25 49.27 94.00
v 205.50 52.53 64.00
v 206.69 56.98 64.00
v 206.69 56.98 94.00
v 205.50 52.53 94.00
v 206.69 56.98 94.00
v 205.50 61.43 94.00
v 202.25 64.69 94.00
v 197.79 65.88 94.00
v 193.34 64.69 94.00
v 188.90 56.98 94.00
v 190.09 52.53 94.00
v 193.34 49.27 94.00
v 197.79 48.08 94.00
v 202.25 49.27 94.00
v 205.50 52.53 94.00
v 202.25 64.69 94.00
v 205.50 61.43 94.00
v 204.82 59.53 90.40
v 204.82 59.53 90.40
v 205.50 61.43 94.00
v 202.25 64.69 94.00
v 198.72 64.40 90.40
v 197.79 65.88 94.00
v 200.51 65.53 90.40
v 202.25 64.69 94.00
v 202.25 64.69 94.00
v 200.51 65.53 90.40
v 197.79 65.88 94.00
v 198.72 64.40 90.40
v 190.77 59.53 90.40
v 189.42 60.18 90.40
v 193.34 64.69 94.00
v 193.34 64.69 94.00
v 189.42 60.18 90.40
v 190.77 59.53 90.40
v 221.89 -120.61 64.00
v 220.86 -116.76 64.00
v 220.86 -116.76 94.00
v 221.89 -120.61 94.00
v 220.86 -116.76 64.00
v 218.04 -113.94 64.00
v 218.04 -113.94 94.00
v 220.86 -116.76 94.00
v 218.04 -113.94 64.00
v 214.19 -112.91 64.00
v 214.19 -112.91 94.00
v 218.04 -113.94 94.00
v 214.19 -112.91 64.00
v 207.52 -116.76 64.00
v 207.52 -116.76 94.00
v 214.19 -112.91 94.00
v 207.52 -116.76 64.00
v 206.49 -120.61 64.00
v 206.49 -120.61 94.00
v 207.52 -116.76 94.00
v 206.49 -120.61 64.00
v 210.34 -127.28 64.00
v 210.34 -127.28 94.00
v 206.49 -120.61 94.00
v 210.34 -127.28 64.00
v 218.04 -127.28 64.00
v 218.04 -127.28 94.00
v 210.34 -127.28 94.00
v 218.04 -127.28 64.00
v 221.89 -120.61 64.00
v 221.89 -120.61 94.00
v 218.04 -127.28 94.00
v 221.89 -120.61 94.00
v 220.86 -116.76 94.00
v 218.04 -113.94 94.00
v 214.19 -112.91 94.00
v 207.52 -116.76 94.00
v 206.49 -120.61 94.00
v 210.34 -127.28 94.00
v 218.04 -127.28 94.00
v 207.52 -116.76 94.00
v 209.89 -114.02 90.40
v 210.83 -115.19 90.40
v 210.83 -115.19 90.40
v 209.89 -114.02 90.40
v 207.52 -116.76 94.00
v 232.13 -44.50 68.80
v 232.13 -35.50 68.80
v 239.79 -35.50 68.80
v 239.79 -44.50 68.80
v 239.79 -44.50 78.24
v 239.79 -35.50 78.24
v 232.13 -35.50 78.24
v 232.13 -44.50 78.24
v 239.79 -44.50 68.80
v 239.79 -35.50 68.80
v 239.79 -35.50 78.24
v 239.79 -44.50 78.24
v 239.79 -35.50 68.80
v 232.13 -35.50 68.80
v 232.13 -35.50 78.24
v 239.79 -35.50 78.24
v 232.13 -35.50 68.80
v 232.13 -44.50 68.80
v 232.13 -44.50 78.24
v 232.13 -35.50 78.24
v 232.13 -44.50 68.80
v 239.79 -44.50 68.80
v 239.79 -44.50 78.24
v 232.13 -44.50 78.24
v 232.13 -44.50 78.24
v 232.13 -35.50 78.24
v 240.14 -35.15 78.24
v 240.14 -44.85 78.24
v 244.69 -41.70 81.00
v 243.29 -40.00 81.00
v 231.78 -35.15 81.95
v 231.78 -44.85 81.95
v 240.14 -44.85 78.24
v 240.14 -35.15 78.24
v 243.29 -40.00 81.00
v 244.69 -41.70 81.00
v 240.14 -35.15 78.24
v 232.13 -35.50 78.24
v 231.78 -35.15 81.95
v 243.29 -40.00 81.00
v 232.13 -35.50 78.24
v 232.13 -44.50 78.24
v 231.78 -44.85 81.95
v 231.78 -35.15 81.95
v 232.13 -44.50 78.24
v 240.14 -44.85 78.24
v 244.69 -41.70 81.00
v 231.78 -44.85 81.95
v 240.39 -34.90 81.95
v 240.39 -45.10 81.95
v 240.39 -40.00 88.06
v 231.53 -40.00 88.06
v 240.39 -40.00 88.06
v 231.53 -45.10 81.95
v 231.53 -34.90 81.95
v 231.53 -40.00 88.06
v 240.39 -45.10 81.95
v 231.53 -45.10 81.95
v 240.39 -40.00 88.06
v 240.39 -34.90 81.95
v 231.53 -40.00 88.06
v 231.53 -34.90 81.95
v 221.70 -43.97 68.80
v 221.70 -36.03 68.80
v 229.98 -36.03 68.80
v 229.98 -43.97 68.80
v 229.98 -43.97 77.05
v 229.98 -36.03 77.05
v 221.70 -36.03 77.05
v 221.70 -43.97 77.05
v 229.98 -43.97 68.80
v 229.98 -36.03 68.80
v 229.98 -36.03 77.05
v 229.98 -43.97 77.05
v 229.98 -36.03 68.80
v 221.70 -36.03 68.80
v 221.70 -36.03 77.05
v 229.98 -36.03 77.05
v 221.70 -36.03 68.80
v 221.70 -43.97 68.80
v 221.70 -43.97 77.05
v 221.70 -36.03 77.05
v 221.70 -43.97 68.80
v 229.98 -43.97 68.80
v 229.98 -43.97 77.05
v 221.70 -43.97 77.05
v 219.12 -35.84 81.26
v 211.71 -40.00 86.92
v 212.31 -35.84 81.26
v 236.41 -24.09 68.80
v 235.29 -14.71 68.80
v 241.27 -14.00 68.80
v 242.38 -23.38 68.80
v 242.38 -23.38 80.43
v 241.27 -14.00 80.43
v 235.29 -14.71 80.43
v 236.41 -24.09 80.43
v 242.38 -23.38 68.80
v 241.27 -14.00 68.80
v 241.27 -14.00 80.43
v 242.38 -23.38 80.43
v 241.27 -14.00 68.80
v 235.29 -14.71 68.80
v 235.29 -14.71 80.43
v 241.27 -14.00 80.43
v 235.29 -14.71 68.80
v 236.41 -24.09 68.80
v 236.41 -24.09 80.43
v 235.29 -14.71 80.43
v 236.41 -24.09 68.80
v 242.38 -23.38 68.80
v 242.38 -23.38 80.43
v 236.41 -24.09 80.43
v 236.41 -24.09 80.43
v 234.91 -14.41 80.43
v 241.27 -14.00 80.43
v 242.38 -23.38 80.43
v 242.77 -23.68 85.12
v 241.57 -13.62 85.12
v 234.91 -14.41 85.12
v 236.10 -24.47 85.12
v 242.38 -23.38 80.43
v 241.27 -14.00 80.43
v 241.57 -13.62 85.12
v 242.77 -23.68 85.12
v 241.27 -14.00 80.43
v 234.91 -14.41 80.43
v 234.91 -14.41 85.12
v 241.57 -13.62 85.12
v 234.91 -14.41 80.43
v 236.41 -24.09 80.43
v 236.10 -24.47 85.12
v 234.91 -14.41 85.12
v 236.41 -24.09 80.43
v 242.38 -23.38 80.43
v 242.77 -23.68 85.12
v 236.10 -24.47 85.12
v 241.57 -13.62 85.12
v 242.77 -23.68 85.12
v 242.42 -18.62 91.54
v 235.25 -19.47 91.54
v 242.42 -18.62 91.54
v 236.10 -24.47 85.12
v 234.91 -14.41 85.12
v 235.25 -19.47 91.54
v 242.77 -23.68 85.12
v 236.10 -24.47 85.12
v 242.42 -18.62 91.54
v 241.57 -13.62 85.12
v 235.25 -19.47 91.54
v 234.91 -14.41 85.12
v 225.30 -24.14 68.80
v 224.48 -17.25 68.80
v 231.79 -16.39 68.80
v 232.61 -23.27 68.80
v 232.61 -23.27 81.03
v 231.79 -16.39 81.03
v 224.48 -17.25 81.03
v 225.30 -24.14 81.03
v 232.61 -23.27 68.80
v 231.79 -16.39 68.80
v 231.79 -16.39 81.03
v 232.61 -23.27 81.03
v 231.79 -16.39 68.80
v 224.48 -17.25 68.80
v 224.48 -17.25 81.03
v 231.79 -16.39 81.03
v 224.48 -17.25 68.80
v 225.30 -24.14 68.80
v 225.30 -24.14 81.03
v 224.48 -17.25 81.03
v 225.30 -24.14 68.80
v 232.61 -23.27 68.80
v 232.61 -23.27 81.03
v 225.30 -24.14 81.03
v 224.99 -24.53 81.03
v 224.48 -17.25 81.03
v 231.79 -16.39 81.03
v 232.61 -23.27 81.03
v 233.00 -23.58 85.99
v 232.10 -16.00 85.99
v 224.09 -16.95 85.99
v 224.99 -24.53 85.99
v 232.61 -23.27 81.03
v 231.79 -16.39 81.03
v 232.10 -16.00 85.99
v 233.00 -23.58 85.99
v 231.79 -16.39 81.03
v 224.48 -17.25 81.03
v 224.09 -16.95 85.99
v 232.10 -16.00 85.99
v 224.48 -17.25 81.03
v 224.99 -24.53 81.03
v 224.99 -24.53 85.99
v 224.09 -16.95 85.99
v 224.99 -24.53 81.03
v 232.61 -23.27 81.03
v 233.00 -23.58 85.99
v 224.99 -24.53 85.99
v 233.00 -23.58 85.99
v 232.10 -16.00 85.99
v 228.07 -16.23 91.00
v 229.02 -24.30 91.00
v 224.99 -24.53 85.99
v 229.02 -24.30 91.00
v 228.07 -16.23 91.00
v 224.09 -16.95 85.99
v 233.00 -23.58 85.99
v 229.02 -24.30 91.00
v 224.99 -24.53 85.99
v 232.10 -16.00 85.99
v 224.09 -16.95 85.99
v 228.07 -16.23 91.00
v 230.00 -24.36 74.28
v 227.71 -24.36 74.28
v 227.71 -24.36 76.95
v 230.00 -24.36 76.95
v 227.71 -24.36 74.28
v 230.00 -24.36 74.28
v 230.00 -24.36 76.95
v 227.71 -24.36 76.95
v 230.00 -24.36 76.95
v 227.71 -24.36 76.95
v 225.30 -24.14 81.03
v 232.61 -23.27 81.03
v 227.71 -24.36 76.95
v 230.00 -24.36 76.95
v 232.61 -23.27 81.03
v 225.30 -24.14 81.03
v 215.49 -25.36 68.80
v 214.66 -18.36 68.80
v 224.48 -17.25 68.80
v 221.85 -24.60 68.80
v 224.99 -24.53 81.03
v 224.48 -17.25 81.03
v 214.66 -18.36 82.74
v 215.49 -25.36 82.74
v 221.85 -24.60 68.80
v 224.48 -17.25 68.80
v 224.48 -17.25 81.03
v 224.99 -24.53 81.03
v 224.48 -17.25 68.80
v 214.66 -18.36 68.80
v 214.66 -18.36 82.74
v 224.48 -17.25 81.03
v 214.66 -18.36 68.80
v 215.49 -25.36 68.80
v 215.49 -25.36 82.74
v 214.66 -18.36 82.74
v 215.49 -25.36 68.80
v 221.85 -24.60 68.80
v 224.99 -24.53 81.03
v 215.49 -25.36 82.74
v 215.49 -25.36 82.74
v 214.66 -18.36 82.74
v 224.48 -17.25 81.03
v 224.99 -24.53 81.03
v 224.99 -24.53 85.99
v 224.09 -16.95 85.99
v 214.27 -18.06 88.47
v 215.18 -25.75 88.47
v 224.99 -24.53 81.03
v 224.48 -17.25 81.03
v 224.09 -16.95 85.99
v 224.99 -24.53 85.99
v 224.48 -17.25 81.03
v 214.66 -18.36 82.74
v 214.27 -18.06 88.47
v 224.09 -16.95 85.99
v 214.66 -18.36 82.74
v 215.49 -25.36 82.74
v 215.18 -25.75 88.47
v 214.27 -18.06 88.47
v 215.49 -25.36 82.74
v 224.99 -24.53 81.03
v 224.99 -24.53 85.99
v 215.18 -25.75 88.47
v 224.09 -16.95 85.99
v 222.51 -25.13 88.47
v 222.03 -21.04 93.26
v 214.48 -21.93 93.26
v 222.03 -21.04 93.26
v 214.96 -26.02 88.47
v 214.27 -18.06 88.47
v 214.48 -21.93 93.26
v 222.51 -25.13 88.47
v 214.96 -26.02 88.47
v 222.03 -21.04 93.26
v 224.09 -16.95 85.99
v 214.48 -21.93 93.26
v 214.27 -18.06 88.47
v 217.40 -25.11 74.78
v 217.26 -23.95 74.78
v 217.26 -23.95 77.95
v 217.40 -25.11 77.95
v 217.26 -23.95 74.78
v 217.40 -25.11 74.78
v 217.40 -25.11 77.95
v 217.26 -23.95 77.95
v 217.40 -25.11 74.78
v 217.26 -23.95 74.78
v 217.26 -23.95 77.95
v 217.40 -25.11 77.95
v 217.26 -23.95 74.78
v 217.40 -25.11 74.78
v 217.40 -25.11 77.95
v 217.26 -23.95 77.95
v 219.87 -20.91 88.47
v 219.74 -19.81 88.47
v 224.09 -16.95 85.99
v 224.99 -24.53 85.99
v 222.03 -21.04 93.26
v 220.83 -19.68 91.67
v 219.74 -19.81 91.67
v 219.87 -20.91 91.67
v 224.99 -24.53 85.99
v 224.09 -16.95 85.99
v 220.83 -19.68 91.67
v 222.03 -21.04 93.26
v 224.09 -16.95 85.99
v 219.74 -19.81 88.47
v 219.74 -19.81 91.67
v 220.83 -19.68 91.67
v 219.74 -19.81 88.47
v 219.87 -20.91 88.47
v 219.87 -20.91 91.67
v 219.74 -19.81 91.67
v 219.87 -20.91 88.47
v 224.99 -24.53 85.99
v 222.03 -21.04 93.26
v 219.87 -20.91 91.67
v 233.91 -3.26 68.80
v 231.69 5.93 68.80
v 238.02 7.46 68.80
v 240.24 -1.73 68.80
v 240.24 -1.73 79.20
v 238.02 7.46 79.20
v 231.69 5.93 79.20
v 233.91 -3.26 79.20
v 240.24 -1.73 68.80
v 238.02 7.46 68.80
v 238.02 7.46 79.20
v 240.24 -1.73 79.20
v 238.02 7.46 68.80
v 231.69 5.93 68.80
v 231.69 5.93 79.20
v 238.02 7.46 79.20
v 231.69 5.93 68.80
v 233.91 -3.26 68.80
v 233.91 -3.26 79.20
v 231.69 5.93 79.20
v 233.91 -3.26 68.80
v 240.24 -1.73 68.80
v 240.24 -1.73 79.20
v 233.91 -3.26 79.20
v 238.02 7.46 79.20
v 240.24 -1.73 79.20
v 239.71 3.01 85.62
v 232.22 1.19 85.62
v 239.71 3.01 85.62
v 233.91 -3.26 79.20
v 231.69 5.93 79.20
v 232.22 1.19 85.62
v 240.24 -1.73 79.20
v 233.91 -3.26 79.20
v 239.71 3.01 85.62
v 238.02 7.46 79.20
v 232.22 1.19 85.62
v 231.69 5.93 79.20
v 222.79 -4.65 68.80
v 221.16 2.08 68.80
v 228.89 3.95 68.80
v 233.91 -3.26 68.80
v 233.91 -3.26 79.20
v 228.89 3.95 77.10
v 221.16 2.08 77.10
v 222.79 -4.65 77.10
v 233.91 -3.26 68.80
v 228.89 3.95 68.80
v 228.89 3.95 77.10
v 233.91 -3.26 79.20
v 228.89 3.95 68.80
v 221.16 2.08 68.80
v 221.16 2.08 77.10
v 228.89 3.95 77.10
v 221.16 2.08 68.80
v 222.79 -4.65 68.80
v 222.79 -4.65 77.10
v 221.16 2.08 77.10
v 222.79 -4.65 68.80
v 233.91 -3.26 68.80
v 233.91 -3.26 79.20
v 222.79 -4.65 77.10
v 233.91 -3.26 79.20
v 228.89 3.95 77.10
v 221.83 4.36 84.00
v 226.80 -4.30 82.50
v 222.35 -5.38 77.10
v 226.80 -4.30 82.50
v 221.83 4.36 84.00
v 221.16 2.08 77.10
v 233.91 -3.26 79.20
v 226.80 -4.30 82.50
v 222.35 -5.38 77.10
v 228.89 3.95 77.10
v 221.16 2.08 77.10
v 221.83 4.36 84.00
v 225.07 -4.70 72.50
v 224.80 -3.58 72.50
v 222.79 -4.65 77.10
v 225.07 -4.70 75.20
v 224.80 -3.58 72.50
v 225.07 -4.70 72.50
v 225.07 -4.70 75.20
v 222.79 -4.65 77.10
v 213.43 -7.00 68.80
v 211.76 -0.11 68.80
v 218.00 1.40 68.80
v 219.67 -5.49 68.80
v 219.67 -5.49 79.53
v 218.00 1.40 79.53
v 211.76 -0.11 79.53
v 213.43 -7.00 79.53
v 219.67 -5.49 68.80
v 218.00 1.40 68.80
v 218.00 1.40 79.53
v 219.67 -5.49 79.53
v 218.00 1.40 68.80
v 211.76 -0.11 68.80
v 211.76 -0.11 79.53
v 218.00 1.40 79.53
v 211.76 -0.11 68.80
v 213.43 -7.00 68.80
v 213.43 -7.00 79.53
v 211.76 -0.11 79.53
v 213.43 -7.00 68.80
v 219.67 -5.49 68.80
v 219.67 -5.49 79.53
v 213.43 -7.00 79.53
v 213.43 -7.00 79.53
v 211.34 0.14 79.53
v 218.00 1.40 79.53
v 222.35 -5.38 77.10
v 220.09 -5.75 83.82
v 218.26 1.82 83.82
v 211.34 0.14 83.82
v 213.17 -7.42 83.82
v 222.35 -5.38 77.10
v 218.00 1.40 79.53
v 218.26 1.82 83.82
v 220.09 -5.75 83.82
v 218.00 1.40 79.53
v 211.34 0.14 79.53
v 211.34 0.14 83.82
v 218.26 1.82 83.82
v 211.34 0.14 79.53
v 213.43 -7.00 79.53
v 213.17 -7.42 83.82
v 211.34 0.14 83.82
v 213.43 -7.00 79.53
v 222.35 -5.38 77.10
v 220.09 -5.75 83.82
v 213.17 -7.42 83.82
v 218.26 1.82 83.82
v 220.09 -5.75 83.82
v 219.42 -1.91 88.64
v 212.01 -3.70 88.64
v 219.42 -1.91 88.64
v 213.17 -7.42 83.82
v 211.34 0.14 83.82
v 212.01 -3.70 88.64
v 220.09 -5.75 83.82
v 213.17 -7.42 83.82
v 219.42 -1.91 88.64
v 218.26 1.82 83.82
v 212.01 -3.70 88.64
v 211.34 0.14 83.82
v 224.05 15.94 68.80
v 220.71 24.80 68.80
v 226.90 27.12 68.80
v 230.23 18.26 68.80
v 230.23 18.26 78.71
v 226.90 27.12 78.71
v 220.71 24.80 78.71
v 224.05 15.94 78.71
v 230.23 18.26 68.80
v 226.90 27.12 68.80
v 226.90 27.12 78.71
v 230.23 18.26 78.71
v 226.90 27.12 68.80
v 220.71 24.80 68.80
v 220.71 24.80 78.71
v 226.90 27.12 78.71
v 220.71 24.80 68.80
v 224.05 15.94 68.80
v 224.05 15.94 78.71
v 220.71 24.80 78.71
v 224.05 15.94 68.80
v 230.23 18.26 68.80
v 230.23 18.26 78.71
v 224.05 15.94 78.71
v 224.05 15.94 78.71
v 220.71 24.80 78.71
v 226.90 27.12 78.71
v 230.23 18.26 78.71
v 230.68 18.06 82.63
v 227.10 27.57 82.63
v 220.26 25.00 82.63
v 223.84 15.48 82.63
v 230.23 18.26 78.71
v 226.90 27.12 78.71
v 227.10 27.57 82.63
v 230.68 18.06 82.63
v 226.90 27.12 78.71
v 220.71 24.80 78.71
v 220.26 25.00 82.63
v 227.10 27.57 82.63
v 220.71 24.80 78.71
v 224.05 15.94 78.71
v 223.84 15.48 82.63
v 220.26 25.00 82.63
v 224.05 15.94 78.71
v 230.23 18.26 78.71
v 230.68 18.06 82.63
v 223.84 15.48 82.63
v 227.10 27.57 82.63
v 230.68 18.06 82.63
v 229.13 22.91 89.06
v 221.82 20.15 89.06
v 229.13 22.91 89.06
v 223.84 15.48 82.63
v 219.94 25.14 82.63
v 221.82 20.15 89.06
v 230.68 18.06 82.63
v 223.84 15.48 82.63
v 229.13 22.91 89.06
v 227.10 27.57 82.63
v 221.82 20.15 89.06
v 219.94 25.14 82.63
v 213.78 13.53 68.80
v 211.40 19.83 68.80
v 218.14 22.37 68.80
v 224.05 15.94 68.80
v 224.05 15.94 78.71
v 218.14 22.37 78.96
v 211.40 19.83 78.96
v 213.78 13.53 78.96
v 224.05 15.94 68.80
v 218.14 22.37 68.80
v 218.14 22.37 78.96
v 224.05 15.94 78.71
v 218.14 22.37 68.80
v 211.40 19.83 68.80
v 211.40 19.83 78.96
v 218.14 22.37 78.96
v 211.40 19.83 68.80
v 213.78 13.53 68.80
v 213.78 13.53 78.96
v 211.40 19.83 78.96
v 213.78 13.53 68.80
v 224.05 15.94 68.80
v 224.05 15.94 78.71
v 213.78 13.53 78.96
v 224.05 15.94 78.71
v 218.14 22.37 78.96
v 214.56 21.66 83.85
v 217.36 14.23 83.85
v 213.78 13.53 78.96
v 217.36 14.23 83.85
v 214.56 21.66 83.85
v 210.63 20.18 78.96
v 224.05 15.94 78.71
v 217.36 14.23 83.85
v 213.78 13.53 78.96
v 218.14 22.37 78.96
v 210.63 20.18 78.96
v 214.56 21.66 83.85
v 214.43 14.91 72.87
v 214.88 15.08 72.87
v 215.28 14.04 72.87
v 215.28 14.04 72.87
v 214.88 15.08 72.87
v 214.43 14.91 72.87
v 213.78 13.53 78.96
v 211.40 19.83 78.96
v 215.28 14.04 75.42
v 215.28 14.04 75.42
v 211.40 19.83 78.96
v 213.78 13.53 78.96
v 204.64 9.66 68.80
v 201.99 16.72 68.80
v 208.25 19.07 68.80
v 213.78 13.53 68.80
v 210.90 12.02 82.60
v 209.91 15.45 84.00
v 201.99 16.72 82.60
v 204.64 9.66 82.60
v 213.78 13.53 68.80
v 208.25 19.07 68.80
v 209.91 15.45 84.00
v 210.90 12.02 82.60
v 208.25 19.07 68.80
v 201.99 16.72 68.80
v 201.99 16.72 82.60
v 209.91 15.45 84.00
v 201.99 16.72 68.80
v 204.64 9.66 68.80
v 204.64 9.66 82.60
v 201.99 16.72 82.60
v 204.64 9.66 68.80
v 213.78 13.53 68.80
v 210.90 12.02 82.60
v 204.64 9.66 82.60
v 204.64 9.66 82.60
v 201.99 16.72 82.60
v 209.91 15.45 84.00
v 210.90 12.02 82.60
v 211.35 11.81 88.27
v 208.45 19.52 88.27
v 201.54 16.92 88.27
v 204.44 9.21 88.27
v 210.90 12.02 82.60
v 209.91 15.45 84.00
v 208.45 19.52 88.27
v 211.35 11.81 88.27
v 209.91 15.45 84.00
v 201.99 16.72 82.60
v 201.54 16.92 88.27
v 208.45 19.52 88.27
v 201.99 16.72 82.60
v 204.64 9.66 82.60
v 204.44 9.21 88.27
v 201.54 16.92 88.27
v 204.64 9.66 82.60
v 210.90 12.02 82.60
v 211.35 11.81 88.27
v 204.44 9.21 88.27
v 208.45 19.52 88.27
v 211.35 11.81 88.27
v 210.14 15.76 93.39
v 202.75 12.98 93.39
v 210.14 15.76 93.39
v 204.44 9.21 88.27
v 201.54 16.92 88.27
v 202.75 12.98 93.39
v 211.35 11.81 88.27
v 204.44 9.21 88.27
v 210.14 15.76 93.39
v 208.45 19.52 88.27
v 202.75 12.98 93.39
v 201.54 16.92 88.27
v 205.63 10.64 74.73
v 204.72 11.65 74.73
v 204.72 11.65 77.87
v 205.63 10.64 77.87
v 204.72 11.65 74.73
v 205.63 10.64 74.73
v 205.63 10.64 77.87
v 204.72 11.65 77.87
v 208.45 19.52 88.27
v 208.33 14.88 88.27
v 208.33 14.88 91.47
v 209.36 15.27 91.47
v 208.33 14.88 88.27
v 208.45 19.52 88.27
v 209.36 15.27 91.47
v 208.33 14.88 91.47
v 207.90 32.16 68.80
v 203.67 40.15 68.80
v 210.16 43.59 68.80
v 214.39 35.60 68.80
v 214.39 35.60 79.45
v 210.16 43.59 79.45
v 203.67 40.15 79.45
v 207.90 32.16 79.45
v 214.39 35.60 68.80
v 210.16 43.59 68.80
v 210.16 43.59 79.45
v 214.39 35.60 79.45
v 210.16 43.59 68.80
v 203.67 40.15 68.80
v 203.67 40.15 79.45
v 210.16 43.59 79.45
v 203.67 40.15 68.80
v 207.90 32.16 68.80
v 207.90 32.16 79.45
v 203.67 40.15 79.45
v 207.90 32.16 68.80
v 214.39 35.60 68.80
v 214.39 35.60 79.45
v 207.90 32.16 79.45
v 210.16 43.59 79.45
v 215.20 35.35 79.45
v 212.81 39.88 85.60
v 205.25 35.88 85.60
v 212.81 39.88 85.60
v 207.90 32.16 79.45
v 203.67 40.15 79.45
v 205.25 35.88 85.60
v 215.20 35.35 79.45
v 207.90 32.16 79.45
v 212.81 39.88 85.60
v 210.16 43.59 79.45
v 205.25 35.88 85.60
v 203.67 40.15 79.45
v 198.62 28.47 68.80
v 195.40 34.55 68.80
v 202.33 38.22 68.80
v 207.90 32.16 68.80
v 207.90 32.16 79.45
v 202.33 38.22 77.75
v 195.40 34.55 77.75
v 198.62 28.47 77.75
v 207.90 32.16 68.80
v 202.33 38.22 68.80
v 202.33 38.22 77.75
v 207.90 32.16 79.45
v 202.33 38.22 68.80
v 195.40 34.55 68.80
v 195.40 34.55 77.75
v 202.33 38.22 77.75
v 195.40 34.55 68.80
v 198.62 28.47 68.80
v 198.62 28.47 77.75
v 195.40 34.55 77.75
v 198.62 28.47 68.80
v 207.90 32.16 68.80
v 207.90 32.16 79.45
v 198.62 28.47 77.75
v 207.90 32.16 79.45
v 202.33 38.22 77.75
v 198.58 36.92 83.08
v 202.37 29.77 83.08
v 198.62 28.47 77.75
v 202.37 29.77 83.08
v 198.58 36.92 83.08
v 194.59 34.80 77.75
v 207.90 32.16 79.45
v 202.37 29.77 83.08
v 198.62 28.47 77.75
v 202.33 38.22 77.75
v 194.59 34.80 77.75
v 198.58 36.92 83.08
v 199.82 29.16 72.63
v 199.84 32.53 70.00
v 195.40 34.55 77.75
v 198.62 28.47 77.75
v 199.84 32.53 70.00
v 199.82 29.16 72.63
v 198.62 28.47 77.75
v 195.40 34.55 77.75
v 202.09 29.16 72.63
v 201.56 30.16 72.63
v 201.56 30.16 75.72
v 202.09 29.16 75.72
v 201.56 30.16 72.63
v 202.09 29.16 72.63
v 202.09 29.16 75.72
v 201.56 30.16 75.72
v 201.56 30.16 75.72
v 202.33 38.22 77.75
v 202.77 35.42 80.94
v 203.28 34.45 80.94
v 202.33 38.22 77.75
v 201.56 30.16 75.72
v 203.28 34.45 80.94
v 202.77 35.42 80.94
v 190.65 23.69 68.80
v 186.97 30.64 68.80
v 193.18 33.93 68.80
v 198.62 28.47 68.80
v 198.62 28.47 77.75
v 194.59 34.80 77.75
v 186.97 30.64 77.11
v 190.65 23.69 77.11
v 198.62 28.47 68.80
v 193.18 33.93 68.80
v 194.59 34.80 77.75
v 198.62 28.47 77.75
v 193.18 33.93 68.80
v 186.97 30.64 68.80
v 186.97 30.64 77.11
v 194.59 34.80 77.75
v 186.97 30.64 68.80
v 190.65 23.69 68.80
v 190.65 23.69 77.11
v 186.97 30.64 77.11
v 190.65 23.69 68.80
v 198.62 28.47 68.80
v 198.62 28.47 77.75
v 190.65 23.69 77.11
v 190.65 23.69 77.11
v 186.97 30.64 77.11
v 194.59 34.80 77.75
v 198.62 28.47 77.75
v 197.34 26.84 80.31
v 193.33 34.40 80.31
v 186.50 30.78 80.31
v 190.50 23.22 80.31
v 198.62 28.47 77.75
v 194.59 34.80 77.75
v 193.33 34.40 80.31
v 197.34 26.84 80.31
v 194.59 34.80 77.75
v 186.97 30.64 77.11
v 186.50 30.78 80.31
v 193.33 34.40 80.31
v 186.97 30.64 77.11
v 190.65 23.69 77.11
v 190.50 23.22 80.31
v 186.50 30.78 80.31
v 190.65 23.69 77.11
v 198.62 28.47 77.75
v 197.34 26.84 80.31
v 190.50 23.22 80.31
v 193.33 34.40 80.31
v 197.34 26.84 80.31
v 195.55 30.74 85.66
v 188.28 26.89 85.66
v 195.55 30.74 85.66
v 190.50 23.22 80.31
v 186.50 30.78 80.31
v 188.28 26.89 85.66
v 197.34 26.84 80.31
v 190.50 23.22 80.31
v 195.55 30.74 85.66
v 193.33 34.40 80.31
v 188.28 26.89 85.66
v 186.50 30.78 80.31
v 190.63 46.03 68.80
v 185.12 53.75 68.80
v 190.03 57.26 68.80
v 195.54 49.54 68.80
v 195.54 49.54 80.89
v 190.03 57.26 80.89
v 185.12 53.75 80.89
v 190.63 46.03 80.89
v 181.06 39.27 77.15
v 178.19 47.16 79.14
v 169.72 42.69 77.15
v 175.16 35.05 77.15
v 181.06 39.27 68.80
v 178.19 47.16 68.80
v 178.19 47.16 79.14
v 181.06 39.27 77.15
v 175.16 35.05 68.80
v 181.06 39.27 68.80
v 181.06 39.27 77.15
v 175.16 35.05 77.15
v 175.08 34.57 77.15
v 169.72 42.69 77.15
v 178.19 47.16 79.14
v 181.06 39.27 77.15
v 181.55 39.19 80.37
v 175.69 47.39 80.37
v 169.23 42.77 80.37
v 175.08 34.57 80.37
v 181.06 39.27 77.15
v 178.19 47.16 79.14
v 175.69 47.39 80.37
v 181.55 39.19 80.37
v 175.08 34.57 77.15
v 181.06 39.27 77.15
v 181.55 39.19 80.37
v 175.08 34.57 80.37
v 175.69 47.39 80.37
v 181.55 39.19 80.37
v 178.83 43.43 86.75
v 171.95 38.52 86.75
v 181.55 39.19 80.37
v 175.08 34.57 80.37
v 178.83 43.43 86.75
v 184.16 -131.68 68.80
v 188.35 -125.80 68.80
v 194.27 -130.03 68.80
v 190.08 -135.90 68.80
v 190.08 -135.90 76.99
v 194.27 -130.03 76.99
v 188.35 -125.80 76.99
v 184.16 -131.68 76.99
v 190.08 -135.90 68.80
v 194.27 -130.03 68.80
v 194.27 -130.03 76.99
v 190.08 -135.90 76.99
v 194.27 -130.03 68.80
v 188.35 -125.80 68.80
v 188.35 -125.80 76.99
v 194.27 -130.03 76.99
v 188.35 -125.80 68.80
v 184.16 -131.68 68.80
v 184.16 -131.68 76.99
v 188.35 -125.80 76.99
v 184.16 -131.68 68.80
v 190.08 -135.90 68.80
v 190.08 -135.90 76.99
v 184.16 -131.68 76.99
v 190.08 -135.90 76.99
v 195.11 -129.89 76.99
v 191.66 -127.43 81.94
v 186.77 -134.28 81.94
v 184.16 -131.68 76.99
v 186.77 -134.28 81.94
v 191.66 -127.43 81.94
v 188.22 -124.97 76.99
v 190.08 -135.90 76.99
v 186.77 -134.28 81.94
v 184.16 -131.68 76.99
v 195.11 -129.89 76.99
v 188.22 -124.97 76.99
v 191.66 -127.43 81.94
v 194.34 -134.51 70.00
v 187.86 -134.99 72.48
v 187.86 -134.99 75.11
v 194.27 -130.03 76.99
v 187.86 -134.99 72.48
v 194.34 -134.51 70.00
v 194.27 -130.03 76.99
v 187.86 -134.99 75.11
v 176.98 -126.30 68.80
v 180.94 -120.75 68.80
v 186.65 -124.83 68.80
v 184.16 -131.68 68.80
v 184.16 -131.68 76.99
v 188.22 -124.97 76.99
v 180.94 -120.75 78.15
v 176.98 -126.30 78.15
v 184.16 -131.68 68.80
v 186.65 -124.83 68.80
v 188.22 -124.97 76.99
v 184.16 -131.68 76.99
v 186.65 -124.83 68.80
v 180.94 -120.75 68.80
v 180.94 -120.75 78.15
v 188.22 -124.97 76.99
v 180.94 -120.75 68.80
v 176.98 -126.30 68.80
v 176.98 -126.30 78.15
v 180.94 -120.75 78.15
v 176.98 -126.30 68.80
v 184.16 -131.68 68.80
v 184.16 -131.68 76.99
v 176.98 -126.30 78.15
v 176.98 -126.30 78.15
v 180.94 -120.75 78.15
v 188.22 -124.97 76.99
v 184.16 -131.68 76.99
v 182.77 -130.87 81.82
v 187.14 -124.75 81.82
v 180.86 -120.26 81.82
v 176.49 -126.38 81.82
v 184.16 -131.68 76.99
v 188.22 -124.97 76.99
v 187.14 -124.75 81.82
v 182.77 -130.87 81.82
v 188.22 -124.97 76.99
v 180.94 -120.75 78.15
v 180.86 -120.26 81.82
v 187.14 -124.75 81.82
v 180.94 -120.75 78.15
v 176.98 -126.30 78.15
v 176.49 -126.38 81.82
v 180.86 -120.26 81.82
v 176.98 -126.30 78.15
v 184.16 -131.68 76.99
v 182.77 -130.87 81.82
v 176.49 -126.38 81.82
v 182.77 -130.87 81.82
v 187.14 -124.75 81.82
v 184.14 -122.30 86.59
v 179.48 -128.83 86.59
v 176.49 -126.38 81.82
v 179.48 -128.83 86.59
v 184.14 -122.30 86.59
v 180.80 -119.91 81.82
v 182.77 -130.87 81.82
v 179.48 -128.83 86.59
v 176.49 -126.38 81.82
v 187.14 -124.75 81.82
v 180.80 -119.91 81.82
v 184.14 -122.30 86.59
v 176.98 -126.30 68.80
v 179.28 -119.43 68.80
v 179.28 -119.43 79.26
v 176.98 -126.30 78.15
v 179.28 -119.43 68.80
v 173.63 -115.40 68.80
v 173.63 -115.40 79.26
v 179.28 -119.43 79.26
v 180.11 -119.29 79.26
v 176.98 -126.30 78.15
v 177.72 -122.64 84.05
v 171.10 -117.91 84.05
v 200.52 -118.47 68.80
v 204.74 -110.50 68.80
v 211.12 -113.89 68.80
v 206.91 -121.85 68.80
v 206.91 -121.85 83.20
v 211.12 -113.89 83.20
v 204.74 -110.50 83.20
v 200.52 -118.47 83.20
v 206.91 -121.85 68.80
v 211.12 -113.89 68.80
v 211.12 -113.89 83.20
v 206.91 -121.85 83.20
v 211.12 -113.89 68.80
v 204.74 -110.50 68.80
v 204.74 -110.50 83.20
v 211.12 -113.89 83.20
v 204.74 -110.50 68.80
v 200.52 -118.47 68.80
v 200.52 -118.47 83.20
v 204.74 -110.50 83.20
v 200.52 -118.47 68.80
v 206.91 -121.85 68.80
v 206.91 -121.85 83.20
v 200.52 -118.47 83.20
v 200.52 -118.47 83.20
v 204.74 -110.50 83.20
v 211.12 -113.89 83.20
v 206.91 -121.85 83.20
v 207.05 -122.32 89.14
v 211.60 -113.74 89.14
v 204.59 -110.03 89.14
v 200.05 -118.61 89.14
v 206.91 -121.85 83.20
v 211.12 -113.89 83.20
v 211.60 -113.74 89.14
v 207.05 -122.32 89.14
v 211.12 -113.89 83.20
v 204.74 -110.50 83.20
v 204.59 -110.03 89.14
v 211.60 -113.74 89.14
v 204.74 -110.50 83.20
v 200.52 -118.47 83.20
v 200.05 -118.61 89.14
v 204.59 -110.03 89.14
v 200.52 -118.47 83.20
v 206.91 -121.85 83.20
v 207.05 -122.32 89.14
v 200.05 -118.61 89.14
v 211.60 -113.74 89.14
v 207.05 -122.32 89.14
v 205.52 -115.61 96.00
v 202.10 -114.20 95.27
v 205.52 -115.61 96.00
v 199.71 -118.72 89.14
v 204.49 -109.69 89.14
v 202.10 -114.20 95.27
v 207.05 -122.32 89.14
v 199.71 -118.72 89.14
v 205.52 -115.61 96.00
v 211.60 -113.74 89.14
v 202.10 -114.20 95.27
v 204.49 -109.69 89.14
v 204.11 -120.47 74.91
v 204.84 -119.09 74.91
v 204.84 -119.09 78.22
v 204.11 -120.47 78.22
v 204.84 -119.09 74.91
v 204.11 -120.47 74.91
v 204.11 -120.47 78.22
v 204.84 -119.09 78.22
v 207.23 -120.47 74.91
v 207.97 -119.09 74.91
v 207.97 -119.09 78.22
v 207.23 -120.47 78.22
v 207.97 -119.09 74.91
v 207.23 -120.47 74.91
v 207.23 -120.47 78.22
v 207.97 -119.09 78.22
v 191.98 -113.08 68.80
v 195.49 -106.46 68.80
v 204.74 -110.50 68.80
v 199.41 -117.02 68.80
v 199.41 -117.02 78.97
v 202.92 -110.40 78.97
v 195.49 -106.46 78.97
v 191.98 -113.08 78.97
v 199.41 -117.02 68.80
v 204.74 -110.50 68.80
v 202.92 -110.40 78.97
v 199.41 -117.02 78.97
v 204.74 -110.50 68.80
v 195.49 -106.46 68.80
v 195.49 -106.46 78.97
v 202.92 -110.40 78.97
v 195.49 -106.46 68.80
v 191.98 -113.08 68.80
v 191.98 -113.08 78.97
v 195.49 -106.46 78.97
v 191.98 -113.08 68.80
v 199.41 -117.02 68.80
v 199.41 -117.02 78.97
v 191.98 -113.08 78.97
v 199.41 -117.02 78.97
v 202.92 -110.40 78.97
v 199.49 -107.90 84.69
v 195.42 -115.58 84.69
v 191.98 -113.08 78.97
v 195.42 -115.58 84.69
v 199.49 -107.90 84.69
v 195.49 -106.46 78.97
v 199.41 -117.02 78.97
v 195.42 -115.58 84.69
v 191.98 -113.08 78.97
v 202.92 -110.40 78.97
v 195.49 -106.46 78.97
v 199.49 -107.90 84.69
v 199.88 -111.10 78.97
v 195.49 -106.46 78.97
v 202.92 -110.40 78.97
v 199.88 -111.10 82.17
v 204.74 -110.50 83.20
v 199.49 -107.90 84.69
v 199.88 -111.10 78.97
v 202.92 -110.40 78.97
v 204.74 -110.50 83.20
v 199.88 -111.10 82.17
v 202.92 -110.40 78.97
v 195.49 -106.46 78.97
v 199.49 -107.90 84.69
v 204.74 -110.50 83.20
v 195.49 -106.46 78.97
v 199.88 -111.10 78.97
v 199.88 -111.10 82.17
v 199.49 -107.90 84.69
v 184.37 -109.52 68.80
v 188.26 -102.17 68.80
v 193.79 -105.10 68.80
v 189.90 -112.45 68.80
v 189.90 -112.45 82.99
v 194.02 -105.99 84.00
v 188.26 -102.17 82.99
v 184.37 -109.52 82.99
v 189.90 -112.45 68.80
v 193.79 -105.10 68.80
v 194.02 -105.99 84.00
v 189.90 -112.45 82.99
v 193.79 -105.10 68.80
v 188.26 -102.17 68.80
v 188.26 -102.17 82.99
v 194.02 -105.99 84.00
v 188.26 -102.17 68.80
v 184.37 -109.52 68.80
v 184.37 -109.52 82.99
v 188.26 -102.17 82.99
v 184.37 -109.52 68.80
v 189.90 -112.45 68.80
v 189.90 -112.45 82.99
v 184.37 -109.52 82.99
v 184.37 -109.52 82.99
v 188.26 -102.17 82.99
v 194.27 -104.95 82.99
v 190.04 -112.92 82.99
v 190.04 -112.92 88.83
v 194.27 -104.95 88.83
v 188.12 -101.69 88.83
v 183.89 -109.67 88.83
v 190.04 -112.92 82.99
v 194.27 -104.95 82.99
v 194.27 -104.95 88.83
v 190.04 -112.92 88.83
v 194.27 -104.95 82.99
v 188.26 -102.17 82.99
v 188.12 -101.69 88.83
v 194.27 -104.95 88.83
v 188.26 -102.17 82.99
v 184.37 -109.52 82.99
v 183.89 -109.67 88.83
v 188.12 -101.69 88.83
v 184.37 -109.52 82.99
v 190.04 -112.92 82.99
v 190.04 -112.92 88.83
v 183.89 -109.67 88.83
v 194.27 -104.95 88.83
v 190.04 -112.92 88.83
v 192.38 -109.06 94.49
v 185.78 -105.56 94.49
v 192.38 -109.06 94.49
v 183.89 -109.67 88.83
v 188.12 -101.69 88.83
v 185.78 -105.56 94.49
v 190.04 -112.92 88.83
v 183.89 -109.67 88.83
v 192.38 -109.06 94.49
v 194.27 -104.95 88.83
v 185.78 -105.56 94.49
v 188.12 -101.69 88.83
v 187.54 -111.06 74.85
v 188.21 -109.80 74.85
v 188.21 -109.80 78.09
v 187.54 -111.06 78.09
v 188.21 -109.80 74.85
v 187.54 -111.06 74.85
v 187.54 -111.06 78.09
v 188.21 -109.80 78.09
v 187.54 -111.06 74.85
v 191.05 -109.80 74.85
v 190.39 -111.06 74.85
v 191.98 -113.08 78.97
v 194.02 -105.99 75.91
v 187.54 -111.06 78.09
v 190.39 -111.06 74.85
v 191.05 -109.80 74.85
v 194.02 -105.99 75.91
v 191.98 -113.08 78.97
v 191.05 -109.80 74.85
v 187.54 -111.06 74.85
v 187.54 -111.06 78.09
v 194.02 -105.99 75.91
v 187.54 -111.06 74.85
v 190.39 -111.06 74.85
v 191.98 -113.08 78.97
v 187.54 -111.06 78.09
v 189.90 -112.45 82.99
v 194.02 -105.99 84.00
v 190.04 -112.92 82.99
v 190.04 -112.92 82.99
v 194.02 -105.99 84.00
v 189.90 -112.45 82.99
v 212.09 -101.52 68.80
v 215.41 -92.71 68.80
v 223.23 -95.66 68.80
v 219.91 -104.47 68.80
v 219.91 -104.47 76.98
v 223.23 -95.66 76.98
v 215.41 -92.71 76.98
v 212.09 -101.52 76.98
v 219.91 -104.47 68.80
v 223.23 -95.66 68.80
v 223.23 -95.66 76.98
v 219.91 -104.47 76.98
v 223.23 -95.66 68.80
v 215.41 -92.71 68.80
v 215.41 -92.71 76.98
v 223.23 -95.66 76.98
v 215.41 -92.71 68.80
v 212.09 -101.52 68.80
v 212.09 -101.52 76.98
v 215.41 -92.71 76.98
v 212.09 -101.52 68.80
v 219.91 -104.47 68.80
v 219.91 -104.47 76.98
v 212.09 -101.52 76.98
v 223.23 -95.66 76.98
v 220.26 -105.24 76.98
v 224.10 -101.01 81.00
v 213.19 -96.91 83.38
v 224.10 -101.01 81.00
v 212.09 -101.52 76.98
v 215.41 -92.71 76.98
v 213.19 -96.91 83.38
v 220.26 -105.24 76.98
v 212.09 -101.52 76.98
v 224.10 -101.01 81.00
v 223.23 -95.66 76.98
v 213.19 -96.91 83.38
v 215.41 -92.71 76.98
v 223.23 -95.66 76.98
v 219.96 -96.50 76.98
v 219.96 -96.50 80.18
v 220.60 -97.91 80.18
v 194.39 -94.81 68.80
v 197.68 -86.09 68.80
v 204.69 -88.73 68.80
v 203.22 -97.96 68.80
v 203.22 -97.96 82.75
v 202.42 -88.91 84.00
v 197.68 -86.09 80.81
v 194.39 -94.81 80.81
v 203.22 -97.96 68.80
v 204.69 -88.73 68.80
v 202.42 -88.91 84.00
v 203.22 -97.96 82.75
v 204.69 -88.73 68.80
v 197.68 -86.09 68.80
v 197.68 -86.09 80.81
v 202.42 -88.91 84.00
v 197.68 -86.09 68.80
v 194.39 -94.81 68.80
v 194.39 -94.81 80.81
v 197.68 -86.09 80.81
v 194.39 -94.81 68.80
v 203.22 -97.96 68.80
v 203.22 -97.96 82.75
v 194.39 -94.81 80.81
v 206.39 -89.55 82.75
v 203.22 -97.96 82.75
v 203.61 -93.30 87.15
v 195.47 -90.24 87.15
v 203.61 -93.30 87.15
v 193.62 -95.16 80.81
v 197.68 -86.09 80.81
v 195.47 -90.24 87.15
v 203.22 -97.96 82.75
v 193.62 -95.16 80.81
v 203.61 -93.30 87.15
v 206.39 -89.55 82.75
v 195.47 -90.24 87.15
v 197.68 -86.09 80.81
v 220.89 -82.21 68.80
v 222.61 -75.11 68.80
v 229.50 -76.78 68.80
v 227.79 -83.88 68.80
v 227.79 -83.88 82.53
v 229.50 -76.78 82.53
v 222.61 -75.11 82.53
v 220.89 -82.21 82.53
v 227.79 -83.88 68.80
v 229.50 -76.78 68.80
v 229.50 -76.78 82.53
v 227.79 -83.88 82.53
v 229.50 -76.78 68.80
v 222.61 -75.11 68.80
v 222.61 -75.11 82.53
v 229.50 -76.78 82.53
v 222.61 -75.11 68.80
v 220.89 -82.21 68.80
v 220.89 -82.21 82.53
v 222.61 -75.11 82.53
v 220.89 -82.21 68.80
v 227.79 -83.88 68.80
v 227.79 -83.88 82.53
v 220.89 -82.21 82.53
v 220.89 -82.21 82.53
v 222.35 -74.69 82.53
v 229.50 -76.78 82.53
v 227.79 -83.88 82.53
v 228.04 -84.30 88.16
v 229.93 -76.52 88.16
v 222.35 -74.69 88.16
v 220.47 -82.47 88.16
v 227.79 -83.88 82.53
v 229.50 -76.78 82.53
v 229.93 -76.52 88.16
v 228.04 -84.30 88.16
v 229.50 -76.78 82.53
v 222.35 -74.69 82.53
v 222.35 -74.69 88.16
v 229.93 -76.52 88.16
v 222.35 -74.69 82.53
v 220.89 -82.21 82.53
v 220.47 -82.47 88.16
v 222.35 -74.69 88.16
v 220.89 -82.21 82.53
v 227.79 -83.88 82.53
v 228.04 -84.30 88.16
v 220.47 -82.47 88.16
v 230.23 -76.33 88.16
v 228.04 -84.30 88.16
v 229.23 -80.47 93.13
v 221.17 -78.52 93.13
v 229.23 -80.47 93.13
v 220.47 -82.47 88.16
v 222.35 -74.69 88.16
v 221.17 -78.52 93.13
v 228.04 -84.30 88.16
v 220.47 -82.47 88.16
v 229.23 -80.47 93.13
v 230.23 -76.33 88.16
v 221.17 -78.52 93.13
v 222.35 -74.69 88.16
v 211.77 -79.84 68.80
v 213.42 -73.04 68.80
v 219.63 -74.55 68.80
v 217.99 -81.35 68.80
v 217.99 -81.35 82.79
v 219.63 -74.55 82.79
v 213.16 -72.54 84.00
v 211.77 -79.84 82.79
v 217.99 -81.35 68.80
v 219.63 -74.55 68.80
v 219.63 -74.55 82.79
v 217.99 -81.35 82.79
v 219.63 -74.55 68.80
v 213.42 -73.04 68.80
v 213.16 -72.54 84.00
v 219.63 -74.55 82.79
v 213.42 -73.04 68.80
v 211.77 -79.84 68.80
v 211.77 -79.84 82.79
v 213.16 -72.54 84.00
v 211.77 -79.84 68.80
v 217.99 -81.35 68.80
v 217.99 -81.35 82.79
v 211.77 -79.84 82.79
v 222.35 -74.69 82.53
v 217.99 -81.35 82.79
v 219.39 -78.09 87.55
v 212.01 -76.30 87.55
v 219.39 -78.09 87.55
v 211.05 -80.29 82.79
v 213.16 -72.54 84.00
v 212.01 -76.30 87.55
v 217.99 -81.35 82.79
v 211.05 -80.29 82.79
v 219.39 -78.09 87.55
v 222.35 -74.69 82.53
v 212.01 -76.30 87.55
v 213.16 -72.54 84.00
v 214.64 -80.89 73.64
v 214.92 -79.76 73.64
v 214.92 -79.76 75.68
v 214.64 -80.89 75.68
v 214.92 -79.76 73.64
v 214.64 -80.89 73.64
v 214.64 -80.89 75.68
v 214.92 -79.76 75.68
v 216.96 -80.89 73.64
v 217.23 -79.76 73.64
v 217.23 -79.76 75.68
v 216.96 -80.89 75.68
v 217.23 -79.76 73.64
v 216.96 -80.89 73.64
v 216.96 -80.89 75.68
v 217.23 -79.76 75.68
v 201.53 -77.87 68.80
v 203.40 -70.12 68.80
v 213.42 -73.04 68.80
v 209.00 -79.68 68.80
v 209.00 -79.68 76.85
v 213.16 -72.54 76.51
v 203.40 -70.12 76.85
v 201.53 -77.87 76.85
v 209.00 -79.68 68.80
v 213.42 -73.04 68.80
v 213.16 -72.54 76.51
v 209.00 -79.68 76.85
v 213.42 -73.04 68.80
v 203.40 -70.12 68.80
v 203.40 -70.12 76.85
v 213.16 -72.54 76.51
v 203.40 -70.12 68.80
v 201.53 -77.87 68.80
v 201.53 -77.87 76.85
v 203.40 -70.12 76.85
v 201.53 -77.87 68.80
v 209.00 -79.68 68.80
v 209.00 -79.68 76.85
v 201.53 -77.87 76.85
v 213.16 -72.54 76.51
v 209.44 -80.40 76.85
v 211.77 -79.84 82.79
v 201.88 -73.85 82.27
v 211.77 -79.84 82.79
v 201.53 -77.87 76.85
v 201.62 -69.25 76.51
v 201.88 -73.85 82.27
v 209.44 -80.40 76.85
v 201.53 -77.87 76.85
v 211.77 -79.84 82.79
v 213.16 -72.54 76.51
v 201.88 -73.85 82.27
v 201.62 -69.25 76.51
v 204.93 -79.33 72.45
v 205.25 -78.02 72.45
v 209.00 -79.68 76.85
v 201.53 -77.87 76.85
v 205.25 -78.02 72.45
v 204.93 -79.33 72.45
v 201.53 -77.87 76.85
v 209.00 -79.68 76.85
v 226.38 -64.26 68.80
v 227.50 -54.83 68.80
v 235.30 -55.76 68.80
v 234.19 -65.18 68.80
v 234.19 -65.18 80.91
v 235.30 -55.76 80.91
v 227.50 -54.83 80.91
v 226.38 -64.26 80.91
v 234.19 -65.18 68.80
v 235.30 -55.76 68.80
v 235.30 -55.76 80.91
v 234.19 -65.18 80.91
v 235.30 -55.76 68.80
v 227.50 -54.83 68.80
v 227.50 -54.83 80.91
v 235.30 -55.76 80.91
v 227.50 -54.83 68.80
v 226.38 -64.26 68.80
v 226.38 -64.26 80.91
v 227.50 -54.83 80.91
v 226.38 -64.26 68.80
v 234.19 -65.18 68.80
v 234.19 -65.18 80.91
v 226.38 -64.26 80.91
v 226.38 -64.26 80.91
v 227.50 -54.83 80.91
v 235.30 -55.76 80.91
v 234.19 -65.18 80.91
v 234.49 -65.57 85.82
v 235.69 -55.45 85.82
v 227.19 -54.44 85.82
v 225.99 -64.57 85.82
v 234.19 -65.18 80.91
v 235.30 -55.76 80.91
v 235.69 -55.45 85.82
v 234.49 -65.57 85.82
v 235.30 -55.76 80.91
v 227.50 -54.83 80.91
v 227.19 -54.44 85.82
v 235.69 -55.45 85.82
v 227.50 -54.83 80.91
v 226.38 -64.26 80.91
v 225.99 -64.57 85.82
v 227.19 -54.44 85.82
v 226.38 -64.26 80.91
v 234.19 -65.18 80.91
v 234.49 -65.57 85.82
v 225.99 -64.57 85.82
v 235.69 -55.45 85.82
v 234.49 -65.57 85.82
v 235.34 -60.54 92.28
v 226.35 -59.48 92.28
v 235.34 -60.54 92.28
v 225.99 -64.57 85.82
v 227.19 -54.44 85.82
v 226.35 -59.48 92.28
v 234.49 -65.57 85.82
v 225.99 -64.57 85.82
v 235.34 -60.54 92.28
v 235.69 -55.45 85.82
v 226.35 -59.48 92.28
v 227.19 -54.44 85.82
v 217.00 -62.70 68.80
v 218.02 -54.16 68.80
v 227.50 -54.83 68.80
v 224.02 -63.53 68.80
v 224.02 -63.53 76.74
v 225.03 -54.99 76.74
v 219.29 -51.07 76.51
v 217.00 -62.70 76.74
v 224.02 -63.53 68.80
v 227.50 -54.83 68.80
v 225.03 -54.99 76.74
v 224.02 -63.53 76.74
v 227.50 -54.83 68.80
v 218.02 -54.16 68.80
v 219.29 -51.07 76.51
v 225.03 -54.99 76.74
v 218.02 -54.16 68.80
v 217.00 -62.70 68.80
v 217.00 -62.70 76.74
v 219.29 -51.07 76.51
v 217.00 -62.70 68.80
v 224.02 -63.53 68.80
v 224.02 -63.53 76.74
v 217.00 -62.70 76.74
v 217.00 -62.70 76.74
v 219.29 -51.07 76.51
v 225.03 -54.99 76.74
v 224.02 -63.53 76.74
v 224.02 -63.53 76.74
v 225.03 -54.99 76.74
v 219.29 -51.07 76.51
v 217.00 -62.70 76.74
v 225.03 -54.99 76.74
v 224.02 -63.53 76.74
v 225.12 -59.33 85.63
v 216.91 -58.36 85.63
v 225.12 -59.33 85.63
v 217.00 -62.70 76.74
v 219.29 -51.07 76.51
v 216.91 -58.36 85.63
v 224.02 -63.53 76.74
v 217.00 -62.70 76.74
v 225.12 -59.33 85.63
v 225.03 -54.99 76.74
v 216.91 -58.36 85.63
v 219.29 -51.07 76.51
v 206.96 -61.10 68.80
v 207.88 -53.36 68.80
v 218.02 -54.16 68.80
v 214.50 -62.00 68.80
v 214.50 -62.00 77.13
v 219.29 -51.07 76.51
v 207.88 -53.36 77.13
v 206.96 -61.10 77.13
v 214.50 -62.00 68.80
v 218.02 -54.16 68.80
v 219.29 -51.07 76.51
v 214.50 -62.00 77.13
v 218.02 -54.16 68.80
v 207.88 -53.36 68.80
v 207.88 -53.36 77.13
v 219.29 -51.07 76.51
v 207.88 -53.36 68.80
v 206.96 -61.10 68.80
v 206.96 -61.10 77.13
v 207.88 -53.36 77.13
v 206.96 -61.10 68.80
v 214.50 -62.00 68.80
v 214.50 -62.00 77.13
v 206.96 -61.10 77.13
v 206.96 -61.10 77.13
v 207.88 -53.36 77.13
v 219.29 -51.07 76.51
v 214.50 -62.00 77.13
v 214.81 -62.39 80.34
v 219.29 -51.07 84.00
v 207.57 -52.97 80.34
v 206.57 -61.41 80.34
v 214.50 -62.00 77.13
v 219.29 -51.07 76.51
v 219.29 -51.07 84.00
v 214.81 -62.39 80.34
v 219.29 -51.07 76.51
v 207.88 -53.36 77.13
v 207.57 -52.97 80.34
v 219.29 -51.07 84.00
v 207.88 -53.36 77.13
v 206.96 -61.10 77.13
v 206.57 -61.41 80.34
v 207.57 -52.97 80.34
v 206.96 -61.10 77.13
v 214.50 -62.00 77.13
v 214.81 -62.39 80.34
v 206.57 -61.41 80.34
v 219.29 -51.07 84.00
v 215.03 -62.66 80.34
v 216.91 -58.36 85.63
v 206.82 -57.16 85.64
v 216.91 -58.36 85.63
v 206.57 -61.41 80.34
v 207.57 -52.97 80.34
v 206.82 -57.16 85.64
v 215.03 -62.66 80.34
v 206.57 -61.41 80.34
v 216.91 -58.36 85.63
v 219.29 -51.07 84.00
v 206.82 -57.16 85.64
v 207.57 -52.97 80.34
v 252.59 -40.00 64.00
v 249.48 -37.53 62.00
v 249.48 -37.53 86.00
v 250.29 -40.00 86.00
v 249.48 -37.53 62.00
v 240.46 -36.75 64.00
v 240.39 -40.00 88.06
v 249.48 -37.53 86.00
v 240.46 -36.75 64.00
v 240.46 -43.25 64.00
v 242.69 -42.47 86.00
v 240.39 -40.00 88.06
v 240.46 -43.25 64.00
v 247.38 -43.99 62.00
v 247.38 -43.99 86.00
v 242.69 -42.47 86.00
v 247.38 -43.99 62.00
v 252.59 -40.00 64.00
v 250.29 -40.00 86.00
v 247.38 -43.99 86.00
v 250.29 -40.00 86.00
v 249.48 -37.53 86.00
v 240.39 -40.00 88.06
v 242.69 -42.47 86.00
v 247.38 -43.99 86.00
v 250.29 -40.00 86.00
v 247.84 -34.61 86.00
v 249.93 -36.38 90.40
v 247.84 -34.61 86.00
v 244.33 -34.61 86.00
v 249.93 -36.38 90.40
v 244.33 -34.61 86.00
v 240.39 -40.00 88.06
v 249.93 -36.38 90.40
v 240.39 -40.00 88.06
v 242.69 -42.47 86.00
v 249.93 -36.38 90.40
v 242.69 -42.47 86.00
v 244.33 -45.39 86.00
v 249.93 -36.38 90.40
v 244.33 -45.39 86.00
v 247.84 -45.39 86.00
v 249.93 -36.38 90.40
v 247.84 -45.39 86.00
v 250.67 -43.33 86.00
v 249.93 -36.38 90.40
v 250.67 -43.33 86.00
v 250.29 -40.00 86.00
v 249.93 -36.38 90.40
v 182.39 70.52 62.00
v 179.49 74.51 62.00
v 179.49 74.51 86.00
v 182.39 70.52 86.00
v 230.23 -76.33 88.16
v 228.04 -84.30 88.16
v 234.70 -81.79 92.00
v 228.04 -84.30 88.16
v 233.40 -85.79 86.00
v 234.70 -81.79 92.00
v 233.40 -85.79 86.00
v 236.00 -85.79 86.00
v 234.70 -81.79 92.00
v 236.00 -85.79 86.00
v 240.37 -81.79 86.00
v 234.70 -81.79 92.00
v 252.74 -54.14 54.80
v 252.74 -45.86 54.80
v 259.39 -45.86 54.80
v 259.39 -54.14 54.80
v 259.39 -54.14 67.70
v 259.39 -45.86 67.70
v 252.74 -45.86 67.70
v 252.74 -54.14 67.70
v 259.39 -54.14 54.80
v 259.39 -45.86 54.80
v 259.39 -45.86 67.70
v 259.39 -54.14 67.70
v 259.39 -45.86 54.80
v 252.74 -45.86 54.80
v 252.74 -45.86 67.70
v 259.39 -45.86 67.70
v 252.74 -45.86 54.80
v 252.74 -54.14 54.80
v 252.74 -54.14 67.70
v 252.74 -45.86 67.70
v 252.74 -54.14 54.80
v 259.39 -54.14 54.80
v 259.39 -54.14 67.70
v 252.74 -54.14 67.70
v 252.74 -54.14 67.70
v 252.74 -45.86 67.70
v 259.39 -45.86 67.70
v 259.39 -54.14 67.70
v 259.74 -54.49 72.97
v 259.74 -45.51 72.97
v 252.39 -45.51 72.97
v 251.30 -52.36 70.00
v 259.39 -54.14 67.70
v 259.39 -45.86 67.70
v 259.74 -45.51 72.97
v 259.74 -54.49 72.97
v 259.39 -45.86 67.70
v 252.74 -45.86 67.70
v 252.39 -45.51 72.97
v 259.74 -45.51 72.97
v 252.74 -45.86 67.70
v 252.74 -54.14 67.70
v 251.30 -52.36 70.00
v 252.39 -45.51 72.97
v 252.74 -54.14 67.70
v 259.39 -54.14 67.70
v 259.74 -54.49 72.97
v 251.30 -52.36 70.00
v 259.74 -45.51 72.97
v 259.74 -54.49 72.97
v 259.99 -50.00 78.60
v 252.14 -50.00 78.60
v 259.99 -50.00 78.60
v 251.30 -52.36 70.00
v 252.39 -45.51 72.97
v 252.14 -50.00 78.60
v 259.74 -54.49 72.97
v 251.30 -52.36 70.00
v 259.99 -50.00 78.60
v 259.74 -45.51 72.97
v 252.14 -50.00 78.60
v 252.39 -45.51 72.97
v 240.99 -53.73 54.80
v 240.99 -46.27 54.80
v 248.08 -46.27 54.80
v 248.08 -53.73 54.80
v 248.08 -53.73 66.74
v 248.08 -46.27 66.74
v 240.99 -46.27 66.74
v 240.99 -53.73 66.74
v 248.08 -53.73 54.80
v 248.08 -46.27 54.80
v 248.08 -46.27 66.74
v 248.08 -53.73 66.74
v 248.08 -46.27 54.80
v 240.99 -46.27 54.80
v 240.99 -46.27 66.74
v 248.08 -46.27 66.74
v 240.99 -46.27 54.80
v 240.99 -53.73 54.80
v 240.99 -53.73 66.74
v 240.99 -46.27 66.74
v 240.99 -53.73 54.80
v 248.08 -53.73 54.80
v 248.08 -53.73 66.74
v 240.99 -53.73 66.74
v 248.08 -46.27 66.74
v 248.08 -53.73 66.74
v 248.68 -50.00 71.81
v 240.39 -50.00 71.81
v 248.68 -50.00 71.81
v 240.99 -53.73 66.74
v 240.99 -46.27 66.74
v 240.39 -50.00 71.81
v 248.08 -53.73 66.74
v 240.99 -53.73 66.74
v 248.68 -50.00 71.81
v 248.08 -46.27 66.74
v 240.39 -50.00 71.81
v 240.99 -46.27 66.74
v 229.38 -53.82 54.80
v 229.38 -46.18 54.80
v 236.63 -46.18 54.80
v 236.63 -53.82 54.80
v 236.63 -53.82 65.47
v 236.63 -46.18 65.47
v 229.38 -46.18 65.47
v 227.50 -54.83 68.80
v 236.63 -53.82 54.80
v 236.63 -46.18 54.80
v 236.63 -46.18 65.47
v 236.63 -53.82 65.47
v 236.63 -46.18 54.80
v 229.38 -46.18 54.80
v 229.38 -46.18 65.47
v 236.63 -46.18 65.47
v 229.38 -46.18 54.80
v 229.38 -53.82 54.80
v 227.50 -54.83 68.80
v 229.38 -46.18 65.47
v 229.38 -53.82 54.80
v 236.63 -53.82 54.80
v 236.63 -53.82 65.47
v 227.50 -54.83 68.80
v 236.63 -46.18 65.47
v 236.63 -53.82 65.47
v 237.23 -50.00 70.66
v 228.78 -50.00 70.66
v 237.23 -50.00 70.66
v 227.50 -54.83 68.80
v 229.38 -46.18 65.47
v 228.78 -50.00 70.66
v 236.63 -53.82 65.47
v 227.50 -54.83 68.80
v 237.23 -50.00 70.66
v 236.63 -46.18 65.47
v 228.78 -50.00 70.66
v 229.38 -46.18 65.47
v 255.63 -29.84 54.80
v 254.85 -23.26 54.80
v 262.98 -22.30 54.80
v 263.76 -28.87 54.80
v 263.76 -28.87 68.95
v 262.98 -22.30 68.95
v 254.85 -23.26 68.95
v 255.63 -29.84 68.95
v 263.76 -28.87 54.80
v 262.98 -22.30 54.80
v 262.98 -22.30 68.95
v 263.76 -28.87 68.95
v 262.98 -22.30 54.80
v 254.85 -23.26 54.80
v 254.85 -23.26 68.95
v 262.98 -22.30 68.95
v 254.85 -23.26 54.80
v 255.63 -29.84 54.80
v 255.63 -29.84 68.95
v 254.85 -23.26 68.95
v 255.63 -29.84 54.80
v 263.76 -28.87 54.80
v 263.76 -28.87 68.95
v 255.63 -29.84 68.95
v 263.76 -28.87 68.95
v 262.98 -22.30 68.95
v 258.84 -22.18 74.52
v 259.77 -29.95 74.52
v 255.11 -30.50 68.95
v 259.77 -29.95 74.52
v 258.84 -22.18 74.52
v 254.85 -23.26 68.95
v 263.76 -28.87 68.95
v 259.77 -29.95 74.52
v 255.11 -30.50 68.95
v 262.98 -22.30 68.95
v 254.85 -23.26 68.95
v 258.84 -22.18 74.52
v 258.53 -30.54 59.67
v 258.40 -29.46 59.67
v 258.40 -29.46 61.74
v 258.53 -30.54 61.74
v 258.40 -29.46 59.67
v 258.53 -30.54 59.67
v 258.53 -30.54 61.74
v 258.40 -29.46 61.74
v 260.70 -30.54 59.67
v 260.57 -29.46 59.67
v 260.57 -29.46 61.74
v 260.70 -30.54 61.74
v 260.57 -29.46 59.67
v 260.70 -30.54 59.67
v 260.70 -30.54 61.74
v 260.57 -29.46 61.74
v 258.53 -30.54 61.74
v 258.40 -29.46 61.74
v 255.63 -29.84 68.95
v 255.11 -30.50 68.95
v 258.40 -29.46 61.74
v 258.53 -30.54 61.74
v 255.11 -30.50 68.95
v 255.63 -29.84 68.95
v 260.70 -30.54 61.74
v 260.57 -29.46 61.74
v 263.76 -28.87 68.95
v 260.70 -30.54 65.88
v 260.57 -29.46 61.74
v 260.70 -30.54 61.74
v 260.70 -30.54 65.88
v 263.76 -28.87 68.95
v 244.37 -31.79 54.80
v 243.44 -24.00 54.80
v 254.85 -23.26 54.80
v 251.74 -30.92 54.80
v 251.74 -30.92 66.51
v 254.85 -23.26 68.95
v 242.38 -23.38 68.80
v 244.37 -31.79 66.51
v 251.74 -30.92 54.80
v 254.85 -23.26 54.80
v 254.85 -23.26 68.95
v 251.74 -30.92 66.51
v 254.85 -23.26 54.80
v 243.44 -24.00 54.80
v 242.38 -23.38 68.80
v 254.85 -23.26 68.95
v 243.44 -24.00 54.80
v 244.37 -31.79 54.80
v 244.37 -31.79 66.51
v 242.38 -23.38 68.80
v 244.37 -31.79 54.80
v 251.74 -30.92 54.80
v 251.74 -30.92 66.51
v 244.37 -31.79 66.51
v 254.85 -23.26 68.95
v 251.74 -30.92 66.51
v 254.95 -29.93 70.00
v 243.31 -27.97 71.85
v 254.95 -29.93 70.00
v 244.37 -31.79 66.51
v 242.38 -23.38 68.80
v 243.31 -27.97 71.85
v 251.74 -30.92 66.51
v 244.37 -31.79 66.51
v 254.95 -29.93 70.00
v 254.85 -23.26 68.95
v 243.31 -27.97 71.85
v 242.38 -23.38 68.80
v 232.23 -33.84 54.80
v 231.16 -24.86 54.80
v 239.51 -23.86 54.80
v 244.37 -31.79 54.80
v 242.84 -34.37 64.00
v 239.51 -23.86 64.70
v 231.16 -24.86 64.70
v 232.23 -33.84 64.70
v 244.37 -31.79 54.80
v 239.51 -23.86 54.80
v 239.51 -23.86 64.70
v 242.84 -34.37 64.00
v 239.51 -23.86 54.80
v 231.16 -24.86 54.80
v 231.16 -24.86 64.70
v 239.51 -23.86 64.70
v 231.16 -24.86 54.80
v 232.23 -33.84 54.80
v 232.23 -33.84 64.70
v 231.16 -24.86 64.70
v 232.23 -33.84 54.80
v 244.37 -31.79 54.80
v 242.84 -34.37 64.00
v 232.23 -33.84 64.70
v 232.23 -33.84 64.70
v 231.16 -24.86 64.70
v 239.51 -23.86 64.70
v 242.84 -34.37 64.00
v 244.37 -31.79 66.51
v 236.41 -24.09 68.80
v 232.61 -23.27 68.80
v 231.93 -34.23 68.62
v 242.84 -34.37 64.00
v 239.51 -23.86 64.70
v 236.41 -24.09 68.80
v 244.37 -31.79 66.51
v 239.51 -23.86 64.70
v 231.16 -24.86 64.70
v 232.61 -23.27 68.80
v 236.41 -24.09 68.80
v 231.16 -24.86 64.70
v 232.23 -33.84 64.70
v 231.93 -34.23 68.62
v 232.61 -23.27 68.80
v 232.23 -33.84 64.70
v 242.84 -34.37 64.00
v 244.37 -31.79 66.51
v 231.93 -34.23 68.62
v 242.38 -23.38 68.80
v 244.37 -31.79 66.51
v 243.31 -27.97 71.85
v 231.10 -29.42 74.77
v 243.31 -27.97 71.85
v 231.93 -34.23 68.62
v 232.61 -23.27 68.80
v 231.10 -29.42 74.77
v 244.37 -31.79 66.51
v 231.93 -34.23 68.62
v 243.31 -27.97 71.85
v 242.38 -23.38 68.80
v 231.10 -29.42 74.77
v 232.61 -23.27 68.80
v 254.72 -6.75 54.80
v 252.65 1.78 54.80
v 258.52 3.20 54.80
v 260.59 -5.33 54.80
v 260.59 -5.33 65.75
v 258.52 3.20 65.75
v 252.65 1.78 65.75
v 254.72 -6.75 65.75
v 260.59 -5.33 54.80
v 258.52 3.20 54.80
v 258.52 3.20 65.75
v 260.59 -5.33 65.75
v 258.52 3.20 54.80
v 252.65 1.78 54.80
v 252.65 1.78 65.75
v 258.52 3.20 65.75
v 252.65 1.78 54.80
v 254.72 -6.75 54.80
v 254.72 -6.75 65.75
v 252.65 1.78 65.75
v 254.72 -6.75 54.80
v 260.59 -5.33 54.80
v 260.59 -5.33 65.75
v 254.72 -6.75 65.75
v 258.52 3.20 65.75
v 260.59 -5.33 65.75
v 261.83 -2.57 70.00
v 253.10 -2.63 71.72
v 261.83 -2.57 70.00
v 254.72 -6.75 65.75
v 252.65 1.78 65.75
v 253.10 -2.63 71.72
v 260.59 -5.33 65.75
v 254.72 -6.75 65.75
v 261.83 -2.57 70.00
v 258.52 3.20 65.75
v 253.10 -2.63 71.72
v 252.65 1.78 65.75
v 255.52 -5.35 59.03
v 254.69 -3.99 59.03
v 255.16 -3.87 59.03
v 255.52 -5.35 60.46
v 255.16 -3.87 60.46
v 254.69 -3.99 60.46
v 255.52 -5.35 59.03
v 255.16 -3.87 59.03
v 255.16 -3.87 60.46
v 255.52 -5.35 60.46
v 255.16 -3.87 59.03
v 254.69 -3.99 59.03
v 254.69 -3.99 60.46
v 255.16 -3.87 60.46
v 254.69 -3.99 59.03
v 255.52 -5.35 59.03
v 255.52 -5.35 60.46
v 254.69 -3.99 60.46
v 255.52 -5.35 59.03
v 255.16 -3.87 59.03
v 255.16 -3.87 60.46
v 255.52 -5.35 60.46
v 255.16 -3.87 59.03
v 255.52 -5.35 59.03
v 255.52 -5.35 60.46
v 255.16 -3.87 60.46
v 255.52 -5.35 60.46
v 254.69 -3.99 60.46
v 255.16 -3.87 60.46
v 255.52 -5.35 60.46
v 255.16 -3.87 60.46
v 254.69 -3.99 60.46
v 242.53 -8.89 54.80
v 240.84 -1.91 54.80
v 247.59 -0.27 54.80
v 249.28 -7.25 54.80
v 249.28 -7.25 67.46
v 247.59 -0.27 67.46
v 240.24 -1.73 68.80
v 242.53 -8.89 67.46
v 249.28 -7.25 54.80
v 247.59 -0.27 54.80
v 247.59 -0.27 67.46
v 249.28 -7.25 67.46
v 247.59 -0.27 54.80
v 240.84 -1.91 54.80
v 240.24 -1.73 68.80
v 247.59 -0.27 67.46
v 240.84 -1.91 54.80
v 242.53 -8.89 54.80
v 242.53 -8.89 67.46
v 240.24 -1.73 68.80
v 242.53 -8.89 54.80
v 249.28 -7.25 54.80
v 249.28 -7.25 67.46
v 242.53 -8.89 67.46
v 242.53 -8.89 67.46
v 240.24 -1.73 68.80
v 247.85 0.15 67.46
v 249.28 -7.25 67.46
v 249.71 -7.51 72.61
v 246.09 4.55 70.00
v 240.41 -1.65 72.61
v 242.27 -9.32 72.61
v 249.28 -7.25 67.46
v 247.85 0.15 67.46
v 246.09 4.55 70.00
v 249.71 -7.51 72.61
v 247.85 0.15 67.46
v 240.24 -1.73 68.80
v 240.41 -1.65 72.61
v 246.09 4.55 70.00
v 240.24 -1.73 68.80
v 242.53 -8.89 67.46
v 242.27 -9.32 72.61
v 240.41 -1.65 72.61
v 242.53 -8.89 67.46
v 249.28 -7.25 67.46
v 249.71 -7.51 72.61
v 242.27 -9.32 72.61
v 246.09 4.55 70.00
v 250.01 -7.70 72.61
v 249.02 -3.62 77.50
v 241.10 -5.54 77.50
v 249.02 -3.62 77.50
v 242.27 -9.32 72.61
v 240.41 -1.65 72.61
v 241.10 -5.54 77.50
v 250.01 -7.70 72.61
v 242.27 -9.32 72.61
v 249.02 -3.62 77.50
v 246.09 4.55 70.00
v 241.10 -5.54 77.50
v 240.41 -1.65 72.61
v 231.34 -12.18 54.80
v 229.38 -4.12 54.80
v 235.66 -2.59 54.80
v 237.62 -10.66 54.80
v 237.62 -10.66 62.62
v 235.66 -2.59 62.62
v 229.38 -4.12 62.62
v 231.34 -12.18 62.62
v 237.62 -10.66 54.80
v 235.66 -2.59 54.80
v 235.66 -2.59 62.62
v 237.62 -10.66 62.62
v 235.66 -2.59 54.80
v 229.38 -4.12 54.80
v 229.38 -4.12 62.62
v 235.66 -2.59 62.62
v 229.38 -4.12 54.80
v 231.34 -12.18 54.80
v 231.34 -12.18 62.62
v 229.38 -4.12 62.62
v 231.34 -12.18 54.80
v 237.62 -10.66 54.80
v 237.62 -10.66 62.62
v 231.34 -12.18 62.62
v 235.66 -2.59 62.62
v 237.62 -10.66 62.62
v 237.22 -6.48 68.27
v 229.78 -8.29 68.27
v 237.22 -6.48 68.27
v 231.34 -12.18 62.62
v 229.38 -4.12 62.62
v 229.78 -8.29 68.27
v 237.62 -10.66 62.62
v 231.34 -12.18 62.62
v 237.22 -6.48 68.27
v 235.66 -2.59 62.62
v 229.78 -8.29 68.27
v 229.38 -4.12 62.62
v 232.49 -11.12 58.40
v 232.15 -9.74 58.40
v 235.33 -11.12 58.40
v 235.33 -11.12 58.40
v 232.15 -9.74 58.40
v 232.49 -11.12 58.40
v 231.34 -12.18 62.62
v 232.15 -9.74 60.01
v 237.62 -10.66 62.62
v 237.62 -10.66 62.62
v 232.15 -9.74 60.01
v 231.34 -12.18 62.62
v 243.73 15.38 54.80
v 240.58 23.71 54.80
v 247.01 26.14 54.80
v 250.15 17.80 54.80
v 250.15 17.80 67.41
v 247.01 26.14 67.41
v 240.58 23.71 67.41
v 243.73 15.38 67.41
v 250.15 17.80 54.80
v 247.01 26.14 54.80
v 247.01 26.14 67.41
v 250.15 17.80 67.41
v 247.01 26.14 54.80
v 240.58 23.71 54.80
v 240.58 23.71 67.41
v 247.01 26.14 67.41
v 240.58 23.71 54.80
v 243.73 15.38 54.80
v 243.73 15.38 67.41
v 240.58 23.71 67.41
v 243.73 15.38 54.80
v 250.15 17.80 54.80
v 250.15 17.80 67.41
v 243.73 15.38 67.41
v 247.01 26.14 67.41
v 250.15 17.80 67.41
v 249.14 22.18 73.46
v 241.59 19.33 73.46
v 249.14 22.18 73.46
v 243.38 14.61 67.41
v 239.81 24.06 67.41
v 241.59 19.33 73.46
v 250.15 17.80 67.41
v 243.38 14.61 67.41
v 249.14 22.18 73.46
v 247.01 26.14 67.41
v 241.59 19.33 73.46
v 239.81 24.06 67.41
v 231.84 12.10 54.80
v 229.49 18.31 54.80
v 237.09 21.18 54.80
v 239.44 14.97 54.80
v 239.44 14.97 64.42
v 237.09 21.18 64.42
v 229.49 18.31 64.42
v 231.84 12.10 64.42
v 239.44 14.97 54.80
v 237.09 21.18 54.80
v 237.09 21.18 64.42
v 239.44 14.97 64.42
v 237.09 21.18 54.80
v 229.49 18.31 54.80
v 229.49 18.31 64.42
v 237.09 21.18 64.42
v 229.49 18.31 54.80
v 231.84 12.10 54.80
v 231.84 12.10 64.42
v 229.49 18.31 64.42
v 231.84 12.10 54.80
v 239.44 14.97 54.80
v 239.44 14.97 64.42
v 231.84 12.10 64.42
v 240.21 14.62 64.42
v 237.09 21.18 64.42
v 233.08 20.31 69.95
v 235.85 12.97 69.95
v 231.84 12.10 64.42
v 235.85 12.97 69.95
v 233.08 20.31 69.95
v 229.49 18.31 64.42
v 240.21 14.62 64.42
v 235.85 12.97 69.95
v 231.84 12.10 64.42
v 237.09 21.18 64.42
v 229.49 18.31 64.42
v 233.08 20.31 69.95
v 221.00 7.34 54.80
v 218.22 14.72 54.80
v 229.49 18.31 54.80
v 228.90 10.32 54.80
v 228.90 10.32 67.55
v 226.11 17.71 67.55
v 218.22 14.72 67.55
v 221.00 7.34 67.55
v 228.90 10.32 54.80
v 229.49 18.31 54.80
v 226.11 17.71 67.55
v 228.90 10.32 67.55
v 229.49 18.31 54.80
v 218.22 14.72 54.80
v 218.22 14.72 67.55
v 226.11 17.71 67.55
v 218.22 14.72 54.80
v 221.00 7.34 54.80
v 221.00 7.34 67.55
v 218.22 14.72 67.55
v 221.00 7.34 54.80
v 228.90 10.32 54.80
v 228.90 10.32 67.55
v 221.00 7.34 67.55
v 221.00 7.34 67.55
v 218.22 14.72 67.55
v 226.11 17.71 67.55
v 228.90 10.32 67.55
v 229.35 10.12 72.75
v 227.65 17.66 73.61
v 215.28 14.04 72.87
v 220.80 6.89 72.75
v 228.90 10.32 67.55
v 226.11 17.71 67.55
v 227.65 17.66 73.61
v 229.35 10.12 72.75
v 226.11 17.71 67.55
v 218.22 14.72 67.55
v 215.28 14.04 72.87
v 227.65 17.66 73.61
v 218.22 14.72 67.55
v 221.00 7.34 67.55
v 220.80 6.89 72.75
v 215.28 14.04 72.87
v 221.00 7.34 67.55
v 228.90 10.32 67.55
v 229.35 10.12 72.75
v 220.80 6.89 72.75
v 229.67 9.97 72.75
v 227.65 17.66 73.61
v 224.05 15.94 78.71
v 225.16 8.27 78.48
v 220.80 6.89 72.75
v 225.16 8.27 78.48
v 224.05 15.94 78.71
v 217.10 15.08 72.87
v 229.67 9.97 72.75
v 225.16 8.27 78.48
v 220.80 6.89 72.75
v 227.65 17.66 73.61
v 217.10 15.08 72.87
v 224.05 15.94 78.71
v 225.65 34.87 54.80
v 222.15 41.45 54.80
v 228.06 44.60 54.80
v 231.56 38.01 54.80
v 231.56 38.01 67.28
v 228.06 44.60 67.28
v 222.15 41.45 67.28
v 225.65 34.87 67.28
v 231.56 38.01 54.80
v 228.06 44.60 54.80
v 228.06 44.60 67.28
v 231.56 38.01 67.28
v 228.06 44.60 54.80
v 222.15 41.45 54.80
v 222.15 41.45 67.28
v 228.06 44.60 67.28
v 222.15 41.45 54.80
v 225.65 34.87 54.80
v 225.65 34.87 67.28
v 222.15 41.45 67.28
v 225.65 34.87 54.80
v 231.56 38.01 54.80
v 231.56 38.01 67.28
v 225.65 34.87 67.28
v 228.31 45.41 67.28
v 231.56 38.01 67.28
v 230.34 41.59 72.36
v 223.37 37.88 72.36
v 230.34 41.59 72.36
v 225.65 34.87 67.28
v 222.15 41.45 67.28
v 223.37 37.88 72.36
v 231.56 38.01 67.28
v 225.65 34.87 67.28
v 230.34 41.59 72.36
v 228.31 45.41 67.28
v 223.37 37.88 72.36
v 222.15 41.45 67.28
v 215.80 29.93 54.80
v 212.54 36.06 54.80
v 218.25 39.10 54.80
v 221.51 32.96 54.80
v 221.51 32.96 65.62
v 218.25 39.10 65.62
v 214.39 35.60 68.80
v 215.80 29.93 65.62
v 221.51 32.96 54.80
v 218.25 39.10 54.80
v 218.25 39.10 65.62
v 221.51 32.96 65.62
v 218.25 39.10 54.80
v 212.54 36.06 54.80
v 214.39 35.60 68.80
v 218.25 39.10 65.62
v 212.54 36.06 54.80
v 215.80 29.93 54.80
v 215.80 29.93 65.62
v 214.39 35.60 68.80
v 215.80 29.93 54.80
v 221.51 32.96 54.80
v 221.51 32.96 65.62
v 215.80 29.93 65.62
v 218.25 39.10 65.62
v 221.51 32.96 65.62
v 223.37 37.88 72.36
v 211.18 33.75 72.97
v 223.37 37.88 72.36
v 215.80 29.93 65.62
v 214.39 35.60 68.80
v 211.18 33.75 72.97
v 221.51 32.96 65.62
v 215.80 29.93 65.62
v 223.37 37.88 72.36
v 218.25 39.10 65.62
v 211.18 33.75 72.97
v 214.39 35.60 68.80
v 206.53 23.80 54.80
v 202.28 31.81 54.80
v 207.86 34.77 54.80
v 212.12 26.77 54.80
v 212.12 26.77 65.21
v 207.90 32.16 68.80
v 202.28 31.81 65.21
v 206.53 23.80 65.21
v 212.12 26.77 54.80
v 207.86 34.77 54.80
v 207.90 32.16 68.80
v 212.12 26.77 65.21
v 207.86 34.77 54.80
v 202.28 31.81 54.80
v 202.28 31.81 65.21
v 207.90 32.16 68.80
v 202.28 31.81 54.80
v 206.53 23.80 54.80
v 206.53 23.80 65.21
v 202.28 31.81 65.21
v 206.53 23.80 54.80
v 212.12 26.77 54.80
v 212.12 26.77 65.21
v 206.53 23.80 65.21
v 206.53 23.80 65.21
v 202.28 31.81 65.21
v 208.01 35.25 65.21
v 212.12 26.77 65.21
v 212.12 26.77 65.21
v 208.01 35.25 65.21
v 202.28 31.81 65.21
v 206.53 23.80 65.21
v 208.01 35.25 65.21
v 212.12 26.77 65.21
v 211.18 33.75 75.71
v 202.09 29.16 75.72
v 211.18 33.75 75.71
v 206.53 23.80 65.21
v 202.28 31.81 65.21
v 202.09 29.16 75.72
v 212.12 26.77 65.21
v 206.53 23.80 65.21
v 211.18 33.75 75.71
v 208.01 35.25 65.21
v 202.09 29.16 75.72
v 202.28 31.81 65.21
v 204.22 49.63 54.80
v 199.35 56.42 54.80
v 206.10 61.26 54.80
v 210.96 54.47 54.80
v 210.96 54.47 64.26
v 205.50 61.43 64.00
v 199.35 56.42 64.26
v 202.25 49.27 64.00
v 210.96 54.47 54.80
v 206.10 61.26 54.80
v 205.50 61.43 64.00
v 210.96 54.47 64.26
v 206.10 61.26 54.80
v 199.35 56.42 54.80
v 199.35 56.42 64.26
v 205.50 61.43 64.00
v 199.35 56.42 54.80
v 204.22 49.63 54.80
v 202.25 49.27 64.00
v 199.35 56.42 64.26
v 204.22 49.63 54.80
v 210.96 54.47 54.80
v 210.96 54.47 64.26
v 202.25 49.27 64.00
v 202.25 49.27 64.00
v 199.35 56.42 64.26
v 205.50 61.43 64.00
v 210.96 54.47 64.26
v 211.45 54.38 67.98
v 206.18 61.74 67.98
v 198.87 56.50 67.98
v 204.14 49.14 67.98
v 210.96 54.47 64.26
v 205.50 61.43 64.00
v 206.18 61.74 67.98
v 211.45 54.38 67.98
v 205.50 61.43 64.00
v 199.35 56.42 64.26
v 198.87 56.50 67.98
v 206.18 61.74 67.98
v 199.35 56.42 64.26
v 202.25 49.27 64.00
v 204.14 49.14 67.98
v 198.87 56.50 67.98
v 202.25 49.27 64.00
v 210.96 54.47 64.26
v 211.45 54.38 67.98
v 204.14 49.14 67.98
v 206.18 61.74 67.98
v 211.45 54.38 67.98
v 209.02 58.21 73.66
v 201.30 52.68 73.66
v 209.02 58.21 73.66
v 204.14 49.14 67.98
v 198.87 56.50 67.98
v 201.30 52.68 73.66
v 211.45 54.38 67.98
v 204.14 49.14 67.98
v 209.02 58.21 73.66
v 206.18 61.74 67.98
v 201.30 52.68 73.66
v 198.87 56.50 67.98
v 196.63 43.55 54.80
v 191.16 51.19 54.80
v 199.35 56.42 54.80
v 204.22 49.63 54.80
v 204.14 49.14 67.98
v 198.87 56.50 67.98
v 191.16 51.19 65.81
v 196.63 43.55 65.81
v 204.22 49.63 54.80
v 199.35 56.42 54.80
v 198.87 56.50 67.98
v 204.14 49.14 67.98
v 199.35 56.42 54.80
v 191.16 51.19 54.80
v 191.16 51.19 65.81
v 198.87 56.50 67.98
v 191.16 51.19 54.80
v 196.63 43.55 54.80
v 196.63 43.55 65.81
v 191.16 51.19 65.81
v 196.63 43.55 54.80
v 204.22 49.63 54.80
v 204.14 49.14 67.98
v 196.63 43.55 65.81
v 198.87 56.50 67.98
v 204.14 49.14 67.98
v 199.78 51.59 72.20
v 192.66 48.22 73.26
v 199.78 51.59 72.20
v 196.63 43.55 65.81
v 191.16 51.19 65.81
v 192.66 48.22 73.26
v 204.14 49.14 67.98
v 196.63 43.55 65.81
v 199.78 51.59 72.20
v 198.87 56.50 67.98
v 192.66 48.22 73.26
v 191.16 51.19 65.81
v 195.63 45.59 59.04
v 194.68 46.92 59.04
v 193.34 49.27 64.00
v 197.79 48.08 64.00
v 194.68 46.92 59.04
v 195.63 45.59 59.04
v 197.79 48.08 64.00
v 193.34 49.27 64.00
v 187.69 38.28 54.80
v 183.29 44.42 54.80
v 188.37 48.06 54.80
v 192.77 41.92 54.80
v 192.77 41.92 64.56
v 188.37 48.06 64.56
v 183.29 44.42 64.56
v 187.69 38.28 64.56
v 192.77 41.92 54.80
v 188.37 48.06 54.80
v 188.37 48.06 64.56
v 192.77 41.92 64.56
v 188.37 48.06 54.80
v 183.29 44.42 54.80
v 183.29 44.42 64.56
v 188.37 48.06 64.56
v 183.29 44.42 54.80
v 187.69 38.28 54.80
v 187.69 38.28 64.56
v 183.29 44.42 64.56
v 187.69 38.28 54.80
v 192.77 41.92 54.80
v 192.77 41.92 64.56
v 187.69 38.28 64.56
v 187.69 38.28 64.56
v 183.29 44.42 64.56
v 188.37 48.06 64.56
v 192.77 41.92 64.56
v 193.26 41.84 68.41
v 187.52 45.46 68.80
v 182.15 41.62 68.80
v 187.61 37.79 68.41
v 192.77 41.92 64.56
v 188.37 48.06 64.56
v 187.52 45.46 68.80
v 193.26 41.84 68.41
v 188.37 48.06 64.56
v 183.29 44.42 64.56
v 182.15 41.62 68.80
v 187.52 45.46 68.80
v 183.29 44.42 64.56
v 187.69 38.28 64.56
v 187.61 37.79 68.41
v 182.15 41.62 68.80
v 187.69 38.28 64.56
v 192.77 41.92 64.56
v 193.26 41.84 68.41
v 187.61 37.79 68.41
v 187.52 45.46 68.80
v 193.26 41.84 68.41
v 192.66 48.22 73.26
v 185.00 41.00 73.55
v 192.66 48.22 73.26
v 187.61 37.79 68.41
v 182.15 41.62 68.80
v 185.00 41.00 73.55
v 193.26 41.84 68.41
v 187.61 37.79 68.41
v 192.66 48.22 73.26
v 187.52 45.46 68.80
v 185.00 41.00 73.55
v 182.15 41.62 68.80
v 187.33 39.80 59.56
v 186.59 40.83 59.56
v 186.59 40.83 61.52
v 187.69 38.28 64.56
v 186.59 40.83 59.56
v 187.33 39.80 59.56
v 187.69 38.28 64.56
v 186.59 40.83 61.52
v 187.33 39.80 59.56
v 186.59 40.83 59.56
v 186.59 40.83 61.52
v 187.69 38.28 64.56
v 186.59 40.83 59.56
v 187.33 39.80 59.56
v 187.69 38.28 64.56
v 186.59 40.83 61.52
v 187.69 38.28 64.56
v 186.59 40.83 61.52
v 186.59 40.83 65.45
v 187.61 37.79 68.41
v 186.59 40.83 61.52
v 187.69 38.28 64.56
v 187.61 37.79 68.41
v 186.59 40.83 65.45
v 187.69 38.28 64.56
v 186.59 40.83 61.52
v 186.59 40.83 65.45
v 187.61 37.79 68.41
v 186.59 40.83 61.52
v 187.69 38.28 64.56
v 187.61 37.79 68.41
v 186.59 40.83 65.45
v 193.26 41.84 68.41
v 186.59 40.83 65.45
v 190.63 46.03 68.80
v 191.01 44.22 71.61
v 192.66 48.22 73.26
v 185.00 41.00 73.55
v 193.26 41.84 68.41
v 190.63 46.03 68.80
v 192.66 48.22 73.26
v 191.01 44.22 71.61
v 190.63 46.03 68.80
v 186.59 40.83 65.45
v 185.00 41.00 73.55
v 192.66 48.22 73.26
v 186.59 40.83 65.45
v 193.26 41.84 68.41
v 191.01 44.22 71.61
v 185.00 41.00 73.55
v 184.11 64.45 54.80
v 178.22 70.63 54.80
v 182.85 75.05 54.80
v 188.75 68.87 54.80
v 188.75 68.87 64.19
v 182.85 75.05 64.19
v 179.49 74.51 62.00
v 184.11 64.45 64.19
v 188.75 68.87 54.80
v 182.85 75.05 54.80
v 182.85 75.05 64.19
v 188.75 68.87 64.19
v 182.85 75.05 54.80
v 178.22 70.63 54.80
v 179.49 74.51 62.00
v 182.85 75.05 64.19
v 178.22 70.63 54.80
v 184.11 64.45 54.80
v 184.11 64.45 64.19
v 179.49 74.51 62.00
v 184.11 64.45 54.80
v 188.75 68.87 54.80
v 188.75 68.87 64.19
v 184.11 64.45 64.19
v 182.85 75.05 64.19
v 188.75 68.87 64.19
v 186.23 72.38 70.00
v 180.73 67.12 70.00
v 186.23 72.38 70.00
v 184.11 64.45 64.19
v 179.49 74.51 62.00
v 180.73 67.12 70.00
v 188.75 68.87 64.19
v 184.11 64.45 64.19
v 186.23 72.38 70.00
v 182.85 75.05 64.19
v 180.73 67.12 70.00
v 179.49 74.51 62.00
v 176.47 56.97 54.80
v 170.38 63.35 54.80
v 175.88 68.60 54.80
v 184.11 64.45 54.80
v 181.97 62.22 68.81
v 175.88 68.60 68.81
v 170.38 63.35 68.81
v 176.47 56.97 68.81
v 184.11 64.45 54.80
v 175.88 68.60 54.80
v 175.88 68.60 68.81
v 181.97 62.22 68.81
v 176.47 56.97 54.80
v 184.11 64.45 54.80
v 181.97 62.22 68.81
v 176.47 56.97 68.81
v 176.47 56.97 68.81
v 167.16 64.89 68.80
v 175.88 68.60 68.81
v 181.97 62.22 68.81
v 182.47 62.20 74.57
v 176.16 68.58 70.00
v 169.89 63.36 74.57
v 176.46 56.47 74.57
v 181.97 62.22 68.81
v 175.88 68.60 68.81
v 176.16 68.58 70.00
v 182.47 62.20 74.57
v 176.47 56.97 68.81
v 181.97 62.22 68.81
v 182.47 62.20 74.57
v 176.46 56.47 74.57
v 176.16 68.58 70.00
v 182.47 62.20 74.57
v 176.16 68.58 81.00
v 172.03 59.78 81.17
v 182.47 62.20 74.57
v 176.46 56.47 74.57
v 176.16 68.58 81.00
v 175.44 -168.30 54.80
v 181.66 -161.78 54.80
v 186.61 -166.51 54.80
v 180.39 -173.02 54.80
v 180.39 -173.02 64.01
v 186.61 -166.51 64.01
v 183.95 -164.62 63.68
v 175.44 -168.30 64.01
v 180.39 -173.02 54.80
v 186.61 -166.51 54.80
v 186.61 -166.51 64.01
v 180.39 -173.02 64.01
v 186.61 -166.51 54.80
v 181.66 -161.78 54.80
v 183.95 -164.62 63.68
v 186.61 -166.51 64.01
v 181.66 -161.78 54.80
v 175.44 -168.30 54.80
v 175.44 -168.30 64.01
v 183.95 -164.62 63.68
v 175.44 -168.30 54.80
v 180.39 -173.02 54.80
v 180.39 -173.02 64.01
v 175.44 -168.30 64.01
v 186.61 -166.51 64.01
v 180.39 -173.02 64.01
v 183.93 -170.18 70.13
v 178.11 -164.63 70.13
v 183.93 -170.18 70.13
v 174.59 -168.32 64.01
v 183.95 -164.62 63.68
v 178.11 -164.63 70.13
v 180.39 -173.02 64.01
v 174.59 -168.32 64.01
v 183.93 -170.18 70.13
v 186.61 -166.51 64.01
v 178.11 -164.63 70.13
v 183.95 -164.62 63.68
v 179.10 -171.43 58.68
v 179.82 -169.97 58.68
v 180.18 -170.30 58.68
v 179.10 -171.43 58.68
v 180.18 -170.30 58.68
v 179.82 -169.97 58.68
v 179.10 -171.43 60.84
v 175.44 -168.30 64.01
v 180.39 -173.02 64.01
v 179.10 -171.43 60.84
v 180.39 -173.02 64.01
v 175.44 -168.30 64.01
v 173.50 -165.41 54.80
v 178.68 -159.98 54.80
v 178.68 -159.98 65.97
v 173.50 -165.41 65.97
v 178.68 -159.98 54.80
v 174.22 -155.73 54.80
v 174.22 -155.73 65.97
v 178.68 -159.98 65.97
v 173.50 -165.41 65.97
v 178.68 -159.98 65.97
v 179.17 -159.97 70.45
v 173.51 -165.90 70.45
v 178.68 -159.98 65.97
v 174.22 -155.73 65.97
v 174.78 -156.88 70.00
v 179.17 -159.97 70.45
v 179.17 -159.97 70.45
v 173.51 -165.90 70.45
v 176.52 -163.11 75.55
v 171.20 -158.03 75.55
v 172.34 -164.15 59.97
v 175.74 -163.24 59.97
v 175.74 -163.24 62.34
v 172.34 -164.15 62.34
v 172.34 -164.15 62.34
v 175.74 -163.24 62.34
v 175.74 -163.24 67.08
v 172.34 -164.15 67.08
v 198.04 -154.62 54.80
v 202.09 -148.97 54.80
v 207.71 -153.00 54.80
v 203.66 -158.65 54.80
v 203.66 -158.65 64.33
v 207.71 -153.00 64.33
v 202.09 -148.97 64.33
v 198.04 -154.62 64.33
v 203.66 -158.65 54.80
v 207.71 -153.00 54.80
v 207.71 -153.00 64.33
v 203.66 -158.65 64.33
v 207.71 -153.00 54.80
v 202.09 -148.97 54.80
v 202.09 -148.97 64.33
v 207.71 -153.00 64.33
v 202.09 -148.97 54.80
v 198.04 -154.62 54.80
v 198.04 -154.62 64.33
v 202.09 -148.97 64.33
v 198.04 -154.62 54.80
v 203.66 -158.65 54.80
v 203.66 -158.65 64.33
v 198.04 -154.62 64.33
v 198.04 -154.62 64.33
v 202.09 -148.97 64.33
v 207.71 -153.00 64.33
v 203.66 -158.65 64.33
v 203.74 -159.14 68.08
v 208.20 -152.91 68.08
v 202.01 -148.48 68.08
v 197.56 -154.71 68.08
v 203.66 -158.65 64.33
v 207.71 -153.00 64.33
v 208.20 -152.91 68.08
v 203.74 -159.14 68.08
v 207.71 -153.00 64.33
v 202.09 -148.97 64.33
v 202.01 -148.48 68.08
v 208.20 -152.91 68.08
v 202.09 -148.97 64.33
v 198.04 -154.62 64.33
v 197.56 -154.71 68.08
v 202.01 -148.48 68.08
v 198.04 -154.62 64.33
v 203.66 -158.65 64.33
v 203.74 -159.14 68.08
v 197.56 -154.71 68.08
v 208.20 -152.91 68.08
v 203.74 -159.14 68.08
v 206.17 -156.17 72.80
v 199.58 -151.45 72.80
v 206.17 -156.17 72.80
v 197.56 -154.71 68.08
v 202.01 -148.48 68.08
v 199.58 -151.45 72.80
v 203.74 -159.14 68.08
v 197.56 -154.71 68.08
v 206.17 -156.17 72.80
v 208.20 -152.91 68.08
v 199.58 -151.45 72.80
v 202.01 -148.48 68.08
v 208.20 -152.91 68.08
v 204.83 -151.80 68.08
v 204.83 -151.80 71.28
v 205.09 -153.34 71.28
v 204.83 -151.80 68.08
v 208.20 -152.91 68.08
v 205.09 -153.34 71.28
v 204.83 -151.80 71.28
v 189.14 -149.20 54.80
v 194.09 -142.28 54.80
v 199.75 -146.34 54.80
v 194.80 -153.25 54.80
v 193.27 -153.57 63.68
v 199.75 -146.34 62.91
v 194.09 -142.28 62.91
v 189.14 -149.20 62.91
v 194.80 -153.25 54.80
v 199.75 -146.34 54.80
v 199.75 -146.34 62.91
v 193.27 -153.57 63.68
v 199.75 -146.34 54.80
v 194.09 -142.28 54.80
v 194.09 -142.28 62.91
v 199.75 -146.34 62.91
v 194.09 -142.28 54.80
v 189.14 -149.20 54.80
v 189.14 -149.20 62.91
v 194.09 -142.28 62.91
v 189.14 -149.20 54.80
v 194.80 -153.25 54.80
v 193.27 -153.57 63.68
v 189.14 -149.20 62.91
v 189.14 -149.20 62.91
v 194.09 -142.28 62.91
v 202.09 -148.97 64.33
v 193.27 -153.57 63.68
v 194.88 -153.74 66.02
v 202.01 -148.48 68.08
v 194.01 -141.79 66.02
v 188.65 -149.28 66.02
v 193.27 -153.57 63.68
v 202.09 -148.97 64.33
v 202.01 -148.48 68.08
v 194.88 -153.74 66.02
v 202.09 -148.97 64.33
v 194.09 -142.28 62.91
v 194.01 -141.79 66.02
v 202.01 -148.48 68.08
v 194.09 -142.28 62.91
v 189.14 -149.20 62.91
v 188.65 -149.28 66.02
v 194.01 -141.79 66.02
v 189.14 -149.20 62.91
v 193.27 -153.57 63.68
v 194.88 -153.74 66.02
v 188.65 -149.28 66.02
v 202.01 -148.48 68.08
v 194.88 -153.74 66.02
v 199.58 -151.45 72.80
v 191.13 -145.39 71.81
v 199.58 -151.45 72.80
v 188.65 -149.28 66.02
v 194.01 -141.79 66.02
v 191.13 -145.39 71.81
v 194.88 -153.74 66.02
v 188.65 -149.28 66.02
v 199.58 -151.45 72.80
v 202.01 -148.48 68.08
v 191.13 -145.39 71.81
v 194.01 -141.79 66.02
v 181.56 -142.66 54.80
v 185.47 -137.21 54.80
v 194.09 -142.28 54.80
v 189.14 -149.20 54.80
v 189.14 -149.20 62.91
v 194.09 -142.28 62.91
v 185.47 -137.21 63.21
v 181.56 -142.66 63.21
v 189.14 -149.20 54.80
v 194.09 -142.28 54.80
v 194.09 -142.28 62.91
v 189.14 -149.20 62.91
v 194.09 -142.28 54.80
v 185.47 -137.21 54.80
v 185.47 -137.21 63.21
v 194.09 -142.28 62.91
v 185.47 -137.21 54.80
v 181.56 -142.66 54.80
v 181.56 -142.66 63.21
v 185.47 -137.21 63.21
v 181.56 -142.66 54.80
v 189.14 -149.20 54.80
v 189.14 -149.20 62.91
v 181.56 -142.66 63.21
v 194.09 -142.28 62.91
v 189.14 -149.20 62.91
v 189.00 -143.87 67.77
v 183.03 -139.59 67.77
v 189.00 -143.87 67.77
v 181.56 -142.66 63.21
v 185.47 -137.21 63.21
v 183.03 -139.59 67.77
v 189.14 -149.20 62.91
v 181.56 -142.66 63.21
v 189.00 -143.87 67.77
v 194.09 -142.28 62.91
v 183.03 -139.59 67.77
v 185.47 -137.21 63.21
v 184.39 -144.98 58.52
v 185.43 -144.37 58.52
v 184.79 -145.26 58.52
v 184.79 -145.26 58.52
v 185.43 -144.37 58.52
v 184.39 -144.98 58.52
v 181.56 -142.66 63.21
v 185.43 -144.37 60.37
v 184.10 -145.83 63.68
v 184.10 -145.83 63.68
v 185.43 -144.37 60.37
v 181.56 -142.66 63.21
v 217.28 -138.76 54.80
v 220.69 -132.35 54.80
v 227.04 -135.72 54.80
v 223.63 -142.13 54.80
v 223.63 -142.13 62.66
v 226.66 -139.43 61.82
v 220.69 -132.35 62.66
v 217.28 -138.76 62.66
v 223.63 -142.13 54.80
v 227.04 -135.72 54.80
v 226.66 -139.43 61.82
v 223.63 -142.13 62.66
v 227.04 -135.72 54.80
v 220.69 -132.35 54.80
v 220.69 -132.35 62.66
v 226.66 -139.43 61.82
v 220.69 -132.35 54.80
v 217.28 -138.76 54.80
v 217.28 -138.76 62.66
v 220.69 -132.35 62.66
v 217.28 -138.76 54.80
v 223.63 -142.13 54.80
v 223.63 -142.13 62.66
v 217.28 -138.76 62.66
v 217.28 -138.76 62.66
v 220.69 -132.35 62.66
v 226.66 -139.43 61.82
v 223.63 -142.13 62.66
v 223.78 -142.61 65.65
v 227.51 -135.58 65.65
v 220.55 -131.87 65.65
v 216.81 -138.91 65.65
v 223.63 -142.13 62.66
v 226.66 -139.43 61.82
v 227.51 -135.58 65.65
v 223.78 -142.61 65.65
v 226.66 -139.43 61.82
v 220.69 -132.35 62.66
v 220.55 -131.87 65.65
v 227.51 -135.58 65.65
v 220.69 -132.35 62.66
v 217.28 -138.76 62.66
v 216.81 -138.91 65.65
v 220.55 -131.87 65.65
v 217.28 -138.76 62.66
v 223.63 -142.13 62.66
v 223.78 -142.61 65.65
v 216.81 -138.91 65.65
v 227.51 -135.58 65.65
v 223.78 -142.61 65.65
v 226.66 -139.43 70.00
v 218.46 -135.27 70.59
v 226.66 -139.43 70.00
v 216.81 -138.91 65.65
v 220.55 -131.87 65.65
v 218.46 -135.27 70.59
v 223.78 -142.61 65.65
v 216.81 -138.91 65.65
v 226.66 -139.43 70.00
v 227.51 -135.58 65.65
v 218.46 -135.27 70.59
v 220.55 -131.87 65.65
v 206.98 -134.15 54.80
v 211.10 -126.39 54.80
v 218.23 -130.18 54.80
v 214.12 -137.94 54.80
v 214.12 -137.94 62.82
v 216.21 -133.54 61.82
v 210.34 -127.28 64.00
v 206.98 -134.15 62.82
v 214.12 -137.94 54.80
v 218.23 -130.18 54.80
v 216.21 -133.54 61.82
v 214.12 -137.94 62.82
v 218.23 -130.18 54.80
v 211.10 -126.39 54.80
v 210.34 -127.28 64.00
v 216.21 -133.54 61.82
v 211.10 -126.39 54.80
v 206.98 -134.15 54.80
v 206.98 -134.15 62.82
v 210.34 -127.28 64.00
v 206.98 -134.15 54.80
v 214.12 -137.94 54.80
v 214.12 -137.94 62.82
v 206.98 -134.15 62.82
v 206.98 -134.15 62.82
v 210.34 -127.28 64.00
v 216.21 -133.54 61.82
v 214.12 -137.94 62.82
v 214.26 -138.41 65.89
v 218.71 -130.04 65.89
v 210.96 -125.92 65.89
v 206.51 -134.29 65.89
v 214.12 -137.94 62.82
v 216.21 -133.54 61.82
v 218.71 -130.04 65.89
v 214.26 -138.41 65.89
v 216.21 -133.54 61.82
v 210.34 -127.28 64.00
v 210.96 -125.92 65.89
v 218.71 -130.04 65.89
v 210.34 -127.28 64.00
v 206.98 -134.15 62.82
v 206.51 -134.29 65.89
v 210.96 -125.92 65.89
v 206.98 -134.15 62.82
v 214.12 -137.94 62.82
v 214.26 -138.41 65.89
v 206.51 -134.29 65.89
v 219.05 -129.94 65.89
v 214.26 -138.41 65.89
v 216.21 -133.54 70.00
v 208.51 -129.99 71.86
v 216.21 -133.54 70.00
v 206.51 -134.29 65.89
v 210.96 -125.92 65.89
v 208.51 -129.99 71.86
v 214.26 -138.41 65.89
v 206.51 -134.29 65.89
v 216.21 -133.54 70.00
v 219.05 -129.94 65.89
v 208.51 -129.99 71.86
v 210.96 -125.92 65.89
v 197.97 -128.54 54.80
v 201.41 -122.06 54.80
v 208.14 -125.64 54.80
v 204.70 -132.11 54.80
v 204.70 -132.11 64.62
v 208.14 -125.64 64.62
v 201.41 -122.06 64.62
v 197.97 -128.54 64.62
v 204.70 -132.11 54.80
v 208.14 -125.64 54.80
v 208.14 -125.64 64.62
v 204.70 -132.11 64.62
v 208.14 -125.64 54.80
v 201.41 -122.06 54.80
v 201.41 -122.06 64.62
v 208.14 -125.64 64.62
v 201.41 -122.06 54.80
v 197.97 -128.54 54.80
v 197.97 -128.54 64.62
v 201.41 -122.06 64.62
v 197.97 -128.54 54.80
v 204.70 -132.11 54.80
v 204.70 -132.11 64.62
v 197.97 -128.54 64.62
v 204.70 -132.11 64.62
v 208.14 -125.64 64.62
v 206.91 -121.85 68.80
v 201.05 -130.86 69.80
v 197.97 -128.54 64.62
v 201.05 -130.86 69.80
v 206.91 -121.85 68.80
v 201.41 -122.06 64.62
v 204.70 -132.11 64.62
v 201.05 -130.86 69.80
v 197.97 -128.54 64.62
v 208.14 -125.64 64.62
v 201.41 -122.06 64.62
v 206.91 -121.85 68.80
v 208.14 -125.64 64.62
v 204.99 -125.03 64.62
v 204.99 -125.03 67.82
v 205.45 -126.52 67.82
v 204.99 -125.03 64.62
v 208.14 -125.64 64.62
v 205.45 -126.52 67.82
v 204.99 -125.03 67.82
v 231.14 -119.06 54.80
v 233.57 -112.63 54.80
v 241.13 -115.49 54.80
v 238.70 -121.91 54.80
v 238.70 -121.91 68.19
v 241.13 -115.49 68.19
v 233.57 -112.63 68.19
v 231.14 -119.06 68.19
v 238.70 -121.91 54.80
v 241.13 -115.49 54.80
v 241.13 -115.49 68.19
v 238.70 -121.91 68.19
v 241.13 -115.49 54.80
v 233.57 -112.63 54.80
v 233.57 -112.63 68.19
v 241.13 -115.49 68.19
v 233.57 -112.63 54.80
v 231.14 -119.06 54.80
v 231.14 -119.06 68.19
v 233.57 -112.63 68.19
v 231.14 -119.06 54.80
v 238.70 -121.91 54.80
v 238.70 -121.91 68.19
v 231.14 -119.06 68.19
v 238.70 -121.91 68.19
v 241.13 -115.49 68.19
v 237.56 -113.50 73.69
v 234.71 -121.04 73.69
v 231.14 -119.06 68.19
v 234.71 -121.04 73.69
v 237.56 -113.50 73.69
v 233.57 -112.63 68.19
v 238.70 -121.91 68.19
v 234.71 -121.04 73.69
v 231.14 -119.06 68.19
v 241.13 -115.49 68.19
v 233.57 -112.63 68.19
v 237.56 -113.50 73.69
v 235.03 -121.80 59.52
v 234.97 -120.57 59.52
v 234.97 -120.57 61.44
v 236.75 -121.52 61.82
v 234.97 -120.57 59.52
v 235.03 -121.80 59.52
v 236.75 -121.52 61.82
v 234.97 -120.57 61.44
v 236.75 -121.52 61.82
v 234.97 -120.57 61.44
v 234.97 -120.57 65.28
v 238.70 -121.91 68.19
v 234.97 -120.57 61.44
v 236.75 -121.52 61.82
v 238.70 -121.91 68.19
v 234.97 -120.57 65.28
v 220.48 -116.43 54.80
v 223.83 -107.55 54.80
v 233.57 -112.63 54.80
v 227.71 -119.16 54.80
v 226.29 -115.63 61.82
v 231.06 -110.28 62.65
v 223.83 -107.55 62.65
v 220.86 -116.76 64.00
v 227.71 -119.16 54.80
v 233.57 -112.63 54.80
v 231.06 -110.28 62.65
v 226.29 -115.63 61.82
v 233.57 -112.63 54.80
v 223.83 -107.55 54.80
v 223.83 -107.55 62.65
v 231.06 -110.28 62.65
v 223.83 -107.55 54.80
v 220.48 -116.43 54.80
v 220.86 -116.76 64.00
v 223.83 -107.55 62.65
v 220.48 -116.43 54.80
v 227.71 -119.16 54.80
v 226.29 -115.63 61.82
v 220.86 -116.76 64.00
v 271.98 -47.26 40.80
v 263.62 -47.26 40.80
v 263.62 -47.26 50.84
v 271.98 -47.26 50.84
v 263.62 -47.26 40.80
v 263.62 -56.74 40.80
v 263.62 -56.74 50.84
v 263.62 -47.26 50.84
v 263.62 -56.74 40.80
v 271.98 -56.74 40.80
v 271.98 -56.74 50.84
v 263.62 -56.74 50.84
v 271.98 -47.26 50.84
v 271.98 -56.74 50.84
v 272.58 -52.00 57.29
v 263.02 -52.00 57.29
v 272.58 -52.00 57.29
v 263.62 -56.74 50.84
v 263.62 -47.26 50.84
v 263.02 -52.00 57.29
v 271.98 -56.74 50.84
v 263.62 -56.74 50.84
v 272.58 -52.00 57.29
v 274.04 -0.76 49.08
v 271.79 8.38 49.08
v 264.64 6.62 49.08
v 266.89 -2.52 49.08
v 274.04 -0.76 40.80
v 271.79 8.38 40.80
v 271.79 8.38 49.08
v 274.04 -0.76 49.08
v 271.79 8.38 40.80
v 264.64 6.62 40.80
v 264.64 6.62 49.08
v 271.79 8.38 49.08
v 264.64 6.62 40.80
v 266.89 -2.52 40.80
v 266.89 -2.52 49.08
v 264.64 6.62 49.08
v 266.89 -2.52 40.80
v 274.04 -0.76 40.80
v 274.04 -0.76 49.08
v 266.89 -2.52 49.08
v 271.79 8.38 49.08
v 274.04 -0.76 49.08
v 273.50 3.95 55.47
v 268.18 1.03 56.00
v 247.01 26.14 54.80
v 241.17 22.66 59.99
v 239.53 26.96 54.54
v 247.01 26.14 54.80
v 249.65 21.61 54.54
v 246.97 24.65 57.74
v 248.78 25.57 59.99
v 249.65 21.61 54.54
v 247.01 26.14 54.80
v 248.78 25.57 59.99
v 246.97 24.65 57.74
v 230.42 14.59 40.80
v 227.78 21.49 40.80
v 234.94 24.23 40.80
v 237.58 17.33 40.80
v 237.58 17.33 53.41
v 234.94 24.23 53.41
v 227.78 21.49 53.41
v 231.84 12.10 54.80
v 237.58 17.33 40.80
v 234.94 24.23 40.80
v 234.94 24.23 53.41
v 237.58 17.33 53.41
v 214.10 -169.66 40.80
v 207.61 -164.95 40.80
v 207.61 -164.95 52.04
v 214.10 -169.66 52.04
v 207.61 -164.95 40.80
v 203.48 -170.64 40.80
v 203.48 -170.64 52.04
v 207.61 -164.95 52.04
v 203.48 -170.64 40.80
v 209.97 -175.35 40.80
v 209.97 -175.35 52.04
v 203.48 -170.64 52.04
v 210.10 -176.19 52.04
v 214.10 -169.66 52.04
v 211.20 -166.82 57.49
v 206.37 -173.48 57.49
v 203.48 -170.64 52.04
v 206.37 -173.48 57.49
v 211.20 -166.82 57.49
v 207.61 -164.95 52.04
v 210.10 -176.19 52.04
v 206.37 -173.48 57.49
v 203.48 -170.64 52.04
v 237.54 -149.83 46.00
v 228.24 -146.38 49.80
v 228.10 -145.91 53.32
v 235.66 -149.97 53.32
v 228.24 -146.38 49.80
v 224.66 -152.29 49.80
v 224.66 -152.29 53.32
v 228.10 -145.91 53.32
v 224.66 -152.29 49.80
v 234.25 -157.09 45.52
v 232.22 -156.36 53.32
v 224.66 -152.29 53.32
v 232.22 -156.36 53.32
v 235.66 -149.97 53.32
v 232.00 -147.72 58.68
v 228.32 -154.54 58.68
v 224.66 -152.29 53.32
v 228.32 -154.54 58.68
v 232.00 -147.72 58.68
v 228.10 -145.91 53.32
v 232.22 -156.36 53.32
v 228.32 -154.54 58.68
v 224.66 -152.29 53.32
v 214.12 -137.94 54.80
v 206.98 -134.15 54.80
v 210.95 -136.86 59.06
v 207.56 -144.30 45.23
v 210.83 -144.59 49.41
v 210.32 -143.31 50.11
v 207.56 -144.30 50.11
v 210.83 -144.59 49.41
v 207.56 -144.30 45.23
v 207.56 -144.30 50.11
v 210.32 -143.31 50.11
v 240.18 -130.90 40.80
v 243.26 -122.83 40.80
v 251.09 -125.83 40.80
v 248.01 -133.89 40.80
v 248.01 -133.89 49.02
v 251.09 -125.83 49.02
v 243.26 -122.83 49.02
v 240.18 -130.90 49.02
v 248.01 -133.89 40.80
v 251.09 -125.83 40.80
v 251.09 -125.83 49.02
v 248.01 -133.89 49.02
v 244.87 -105.79 55.17
v 247.13 -96.59 55.17
v 241.16 -95.12 55.17
v 238.90 -104.32 55.17
v 244.87 -105.79 40.80
v 247.13 -96.59 40.80
v 247.13 -96.59 55.17
v 244.87 -105.79 55.17
v 247.13 -96.59 40.80
v 241.16 -95.12 40.80
v 241.16 -95.12 55.17
v 247.13 -96.59 55.17
v 241.16 -95.12 40.80
v 238.90 -104.32 40.80
v 238.90 -104.32 55.17
v 241.16 -95.12 55.17
v 238.90 -104.32 40.80
v 244.87 -105.79 40.80
v 244.87 -105.79 55.17
v 238.90 -104.32 55.17
v 247.13 -96.59 55.17
v 245.31 -106.52 55.17
v 246.58 -101.33 61.61
v 235.10 -97.11 60.03
v 244.31 -80.30 53.20
v 248.70 -80.82 58.41
v 249.75 -72.12 58.41
v 245.88 -72.26 53.20
v 252.58 -80.69 53.20
v 248.70 -80.82 58.41
v 244.31 -80.30 53.20
v 253.48 -73.18 53.20
v 245.88 -72.26 53.20
v 249.75 -72.12 58.41
v 248.12 -80.84 45.32
v 248.27 -79.58 45.32
v 246.33 -77.15 54.80
v 248.12 -80.84 50.48
v 248.27 -79.58 45.32
v 248.12 -80.84 45.32
v 248.12 -80.84 50.48
v 246.33 -77.15 54.80
v 250.67 -80.84 45.32
v 250.82 -79.58 45.32
v 254.10 -78.08 54.80
v 252.58 -80.69 53.20
v 263.96 -103.97 58.00
v 264.06 -105.63 57.00
v 267.36 -106.44 64.00
v 264.06 -105.63 57.00
v 266.06 -110.44 58.00
v 267.36 -106.44 64.00
v 266.06 -110.44 58.00
v 271.56 -106.44 58.00
v 267.36 -106.44 64.00
v 263.90 -50.25 28.80
v 263.90 -41.75 28.80
v 271.54 -41.75 28.80
v 271.54 -50.25 28.80
v 274.21 -52.00 38.00
v 271.54 -41.75 39.08
v 263.90 -41.75 39.08
v 263.90 -50.25 39.08
v 271.54 -50.25 28.80
v 271.54 -41.75 28.80
v 271.54 -41.75 39.08
v 274.21 -52.00 38.00
v 222.65 54.60 28.80
v 218.83 61.59 28.80
v 229.99 68.42 28.80
v 229.02 58.08 28.80
v 229.02 58.08 43.10
v 229.51 68.56 41.68
v 218.83 61.59 43.10
v 222.65 54.60 43.10
v 229.02 58.08 28.80
v 229.99 68.42 28.80
v 229.51 68.56 41.68
v 229.02 58.08 43.10
v 229.99 68.42 28.80
v 218.83 61.59 28.80
v 218.83 61.59 43.10
v 229.51 68.56 41.68
v 218.83 61.59 28.80
v 222.65 54.60 28.80
v 222.65 54.60 43.10
v 218.83 61.59 43.10
v 222.65 54.60 28.80
v 229.02 58.08 28.80
v 229.02 58.08 43.10
v 222.65 54.60 43.10
v 179.16 104.75 40.70
v 183.72 99.60 40.70
v 183.72 99.60 45.51
v 178.67 104.76 45.51
v 183.72 99.60 40.70
v 188.94 105.20 40.70
v 189.44 105.19 45.51
v 183.72 99.60 45.51
v 189.44 105.19 45.51
v 184.38 110.36 45.51
v 181.35 107.74 50.47
v 186.76 102.22 50.47
v 183.72 99.60 45.51
v 186.76 102.22 50.47
v 181.35 107.74 50.47
v 178.67 104.76 45.51
v 189.44 105.19 45.51
v 186.76 102.22 50.47
v 183.72 99.60 45.51
v 184.38 110.36 45.51
v 178.67 104.76 45.51
v 181.35 107.74 50.47
v 233.69 -150.86 46.00
v 229.91 -161.20 46.40
v 232.22 -156.36 53.32
v 224.66 -152.29 53.32
v 232.22 -156.36 53.32
v 222.38 -156.33 45.33
v 228.24 -146.38 49.80
v 224.66 -152.29 53.32
v 229.91 -161.20 46.40
v 222.38 -156.33 45.33
v 232.22 -156.36 53.32
v 233.69 -150.86 46.00
v 224.66 -152.29 53.32
v 228.24 -146.38 49.80
v 211.05 -149.05 28.80
v 214.62 -142.51 28.80
v 221.70 -146.38 28.80
v 218.13 -152.91 28.80
v 218.13 -152.91 39.55
v 221.70 -146.38 39.55
v 214.62 -142.51 39.55
v 211.05 -149.05 39.55
v 245.16 -133.85 38.57
v 248.13 -126.19 38.57
v 248.59 -125.99 42.42
v 248.01 -133.89 40.80
v 248.13 -126.19 38.57
v 241.95 -123.79 38.57
v 243.26 -122.83 40.80
v 248.59 -125.99 42.42
v 241.95 -123.79 38.57
v 238.98 -131.46 38.57
v 238.53 -131.66 42.42
v 243.26 -122.83 40.80
v 238.98 -131.46 38.57
v 245.16 -133.85 38.57
v 248.01 -133.89 40.80
v 238.53 -131.66 42.42
v 248.59 -125.99 42.42
v 248.01 -133.89 40.80
v 248.01 -133.89 49.02
v 235.49 -128.14 46.23
v 248.01 -133.89 49.02
v 238.53 -131.66 42.42
v 243.26 -122.83 40.80
v 235.49 -128.14 46.23
v 252.56 -98.54 40.80
v 249.15 -104.01 42.76
v 245.10 -102.66 45.71
v 252.28 -95.53 48.00
v 249.15 -104.01 42.76
v 257.82 -108.36 40.80
v 256.67 -107.79 45.62
v 245.10 -102.66 45.71
v 256.67 -107.79 45.62
v 259.87 -98.00 48.00
v 252.56 -98.54 50.77
v 252.85 -108.95 50.23
v 245.10 -102.66 45.71
v 252.85 -108.95 50.23
v 252.56 -98.54 50.77
v 252.28 -95.53 48.00
v 256.67 -107.79 45.62
v 252.85 -108.95 50.23
v 245.10 -102.66 45.71
v 259.87 -98.00 48.00
v 252.28 -95.53 48.00
v 252.56 -98.54 50.77
v 258.00 -70.53 28.80
v 257.20 -77.05 28.80
v 257.20 -77.05 39.77
v 258.00 -70.53 39.77
v 257.20 -77.05 28.80
v 263.18 -77.78 28.80
v 263.18 -77.78 39.77
v 257.20 -77.05 39.77
v 257.20 -77.05 39.77
v 258.00 -70.53 39.77
v 263.98 -71.25 39.77
v 263.18 -77.78 39.77
v 263.49 -78.17 44.16
v 261.99 -74.25 42.00
v 259.06 -73.15 40.80
v 256.81 -77.36 44.16
v 263.18 -77.78 39.77
v 263.98 -71.25 39.77
v 261.99 -74.25 42.00
v 263.49 -78.17 44.16
v 263.98 -71.25 39.77
v 258.00 -70.53 39.77
v 259.06 -73.15 40.80
v 261.99 -74.25 42.00
v 278.16 -43.53 22.00
v 277.36 -46.00 22.00
v 276.77 -45.32 48.00
v 275.37 -41.25 46.00
v 277.36 -46.00 22.00
v 281.56 -46.00 22.00
v 281.00 -46.45 48.00
v 276.77 -45.32 48.00
v 281.56 -46.00 22.00
v 285.76 -46.00 22.00
v 285.23 -45.32 48.00
v 281.00 -46.45 48.00
v 285.23 -45.32 48.00
v 281.00 -44.50 46.00
v 275.37 -41.25 46.00
v 276.77 -45.32 48.00
v 281.00 -46.45 48.00
v 285.23 -45.32 48.00
v 286.63 -41.25 46.00
v 281.56 -46.00 52.00
v 286.63 -41.25 46.00
v 281.00 -44.50 46.00
v 281.56 -46.00 52.00
v 200.58 -157.93 42.00
v 198.69 -158.13 40.80
v 199.93 -153.99 42.24
v 199.93 -153.99 42.24
v 198.69 -158.13 40.80
v 200.58 -157.93 42.00
v 200.58 -157.93 42.00
v 198.69 -158.13 40.80
v 199.93 -153.99 42.24
v 199.93 -153.99 42.24
v 198.69 -158.13 40.80
v 200.58 -157.93 42.00
v 200.58 -157.93 42.00
v 198.69 -158.13 40.80
v 199.93 -153.99 42.24
v 199.93 -153.99 42.24
v 198.69 -158.13 40.80
v 200.58 -157.93 42.00
v 195.97 -160.85 53.96
v 196.80 -165.15 53.34
v 195.00 -163.42 52.38
v 195.97 -160.85 53.96
v 195.00 -163.42 52.38
v 196.80 -165.15 53.34
v 195.97 -160.85 53.96
v 196.80 -165.15 53.34
v 195.00 -163.42 52.38
v 195.97 -160.85 53.96
v 195.00 -163.42 52.38
v 196.80 -165.15 53.34
v 195.97 -160.85 53.96
v 196.80 -165.15 53.34
v 195.00 -163.42 52.38
v 195.76 -161.97 55.03
v 194.19 -164.96 55.03
v 196.32 -166.07 55.03
v 195.97 -160.85 53.96
v 195.00 -163.42 52.38
v 194.19 -164.96 55.03
v 195.76 -161.97 55.03
v 195.00 -163.42 52.38
v 196.80 -165.15 53.34
v 196.32 -166.07 55.03
v 194.19 -164.96 55.03
v 196.80 -165.15 53.34
v 195.97 -160.85 53.96
v 195.76 -161.97 55.03
v 196.32 -166.07 55.03
v 195.76 -161.97 55.03
v 196.32 -166.07 55.03
v 194.11 -165.11 55.03
v 195.76 -161.97 55.03
v 194.11 -165.11 55.03
v 196.32 -166.07 55.03
v 195.76 -161.97 55.03
v 196.32 -166.07 55.03
v 194.11 -165.11 55.03
v 195.76 -161.97 55.03
v 194.11 -165.11 55.03
v 196.32 -166.07 55.03
v 195.76 -161.97 55.03
v 196.32 -166.07 55.03
v 194.11 -165.11 55.03
v 195.76 -161.97 55.03
v 194.11 -165.11 55.03
v 196.32 -166.07 55.03
v 195.76 -161.97 55.03
v 196.32 -166.07 55.03
v 194.11 -165.11 55.03
v 195.76 -161.97 55.03
v 194.11 -165.11 55.03
v 196.32 -166.07 55.03
v 244.63 -111.18 35.04
v 239.97 -112.20 35.28
v 239.83 -109.63 36.00
v 244.63 -111.18 35.04
v 239.83 -109.63 36.00
v 239.97 -112.20 35.28
v 244.63 -111.18 35.04
v 239.97 -112.20 35.28
v 239.83 -109.63 36.00
v 244.63 -111.18 35.04
v 239.83 -109.63 36.00
v 239.97 -112.20 35.28
v 244.63 -111.18 35.04
v 239.97 -112.20 35.28
v 239.83 -109.63 36.00
v 244.63 -111.18 35.04
v 239.83 -109.63 36.00
v 239.97 -112.20 35.28
v 244.63 -111.18 35.04
v 239.97 -112.20 35.28
v 239.83 -109.63 36.00
v 244.63 -111.18 35.04
v 239.83 -109.63 36.00
v 239.97 -112.20 35.28
v 244.63 -111.18 35.04
v 239.97 -112.20 35.28
v 239.83 -109.63 36.00
v 240.71 -109.91 35.28
v 239.83 -109.63 36.00
v 239.97 -112.20 35.28
v 244.63 -111.18 35.04
v 239.97 -112.20 35.28
v 239.83 -109.63 36.00
v 240.71 -109.91 35.28
v 240.71 -109.91 35.28
v 239.83 -109.63 36.00
v 239.97 -112.20 35.28
v 239.97 -112.20 35.28
v 239.83 -109.63 36.00
v 240.71 -109.91 35.28
v 240.71 -109.91 35.28
v 239.83 -109.63 36.00
v 239.97 -112.20 35.28
v 239.97 -112.20 35.28
v 234.99 -110.59 39.36
v 239.83 -109.63 36.00
v 239.83 -109.63 36.00
v 234.99 -110.59 39.36
v 239.97 -112.20 35.28
v 239.97 -112.20 35.28
v 234.99 -110.59 39.36
v 239.83 -109.63 36.00
v 239.83 -109.63 36.00
v 234.99 -110.59 39.36
v 239.97 -112.20 35.28
v 239.97 -112.20 35.28
v 234.99 -110.59 39.36
v 239.83 -109.63 36.00
v 238.48 -109.19 40.08
v 234.40 -110.40 40.08
v 237.74 -111.48 40.08
v 253.76 -36.55 25.15
v 249.76 -34.65 26.85
v 254.79 -34.38 25.15
v 254.79 -34.38 25.15
v 249.76 -34.65 26.85
v 253.76 -36.55 25.15
v 253.76 -36.55 25.15
v 249.76 -34.65 26.85
v 254.79 -34.38 25.15
v 254.79 -34.38 25.15
v 249.76 -34.65 26.85
v 253.76 -36.55 25.15
v 253.76 -36.55 25.15
v 249.76 -34.65 26.85
v 254.79 -34.38 25.15
v 254.79 -34.38 25.15
v 249.76 -34.65 26.85
v 253.76 -36.55 25.15
v 175.07 -258.87 0.00
v 176.70 -261.30 0.00
v 176.70 -261.30 42.00
v 175.07 -258.87 42.00
v 176.70 -261.30 0.00
v 182.00 -263.50 0.00
v 182.00 -263.50 42.00
v 176.70 -261.30 42.00
v 182.00 -263.50 0.00
v 187.30 -261.30 0.00
v 187.30 -261.30 42.00
v 182.00 -263.50 42.00
v 187.30 -261.30 0.00
v 189.50 -256.00 0.00
v 189.50 -256.00 42.00
v 187.30 -261.30 42.00
v 189.50 -256.00 42.00
v 188.93 -253.13 42.00
v 184.87 -249.07 42.00
v 179.13 -249.07 42.00
v 176.70 -250.70 42.00
v 174.50 -256.00 42.00
v 175.07 -258.87 42.00
v 176.70 -261.30 42.00
v 182.00 -263.50 42.00
v 187.30 -261.30 42.00
v 187.87 -254.01 38.40
v 186.18 -249.55 38.40
v 186.18 -249.55 40.00
v 188.93 -253.13 42.00
v 241.20 -257.40 -2.00
v 240.40 -250.25 -2.00
v 240.40 -250.25 11.60
v 241.20 -257.40 12.40
v 240.40 -250.25 -2.00
v 231.60 -250.25 -2.00
v 231.60 -250.25 11.60
v 240.40 -250.25 11.60
v 231.60 -250.25 -2.00
v 230.80 -257.40 -2.00
v 230.80 -257.40 12.40
v 231.60 -250.25 11.60
v 253.60 -250.25 -2.00
v 262.40 -250.25 -2.00
v 262.40 -261.75 -2.00
v 253.60 -261.75 -2.00
v 253.60 -261.75 11.60
v 262.40 -261.75 11.60
v 262.40 -250.25 11.60
v 253.60 -250.25 11.60
v 253.60 -261.75 -2.00
v 262.40 -261.75 -2.00
v 262.40 -261.75 11.60
v 253.60 -261.75 11.60
v 318.80 -257.40 12.40
v 329.20 -257.40 12.40
v 328.40 -250.25 11.60
v 319.60 -250.25 11.60
v 318.80 -257.40 -2.00
v 329.20 -257.40 -2.00
v 329.20 -257.40 12.40
v 318.80 -257.40 12.40
v 329.20 -257.40 -2.00
v 328.40 -250.25 -2.00
v 328.40 -250.25 11.60
v 329.20 -257.40 12.40
v 328.40 -250.25 -2.00
v 319.60 -250.25 -2.00
v 319.60 -250.25 11.60
v 328.40 -250.25 11.60
v 319.60 -250.25 -2.00
v 318.80 -257.40 -2.00
v 318.80 -257.40 12.40
v 319.60 -250.25 11.60
v 341.60 -250.25 -2.00
v 350.40 -250.25 -2.00
v 350.40 -261.75 -2.00
v 341.60 -261.75 -2.00
v 384.80 -254.60 -2.00
v 384.80 -257.40 -2.00
v 384.80 -257.40 12.40
v 384.80 -254.60 12.40
v 209.60 -250.25 11.60
v 395.20 -254.60 12.40
v 399.00 -260.75 11.60
v 209.60 -261.75 11.60
v 205.00 -260.75 15.00
v 399.00 -260.75 15.00
v 399.00 -251.25 15.00
v 205.00 -251.25 15.00
v 209.60 -261.75 11.60
v 399.00 -260.75 11.60
v 399.00 -260.75 15.00
v 205.00 -260.75 15.00
v 399.00 -260.75 11.60
v 395.20 -254.60 12.40
v 399.00 -251.25 15.00
v 399.00 -260.75 15.00
v 395.20 -254.60 12.40
v 209.60 -250.25 11.60
v 205.00 -251.25 15.00
v 399.00 -251.25 15.00
v 529.41 -6352.94 -18.00
v -0.00 -6352.94 -18.00
v -0.00 -6352.94 0.00
v 529.41 -6352.94 0.00
v -0.00 -5823.53 -18.00
v 529.41 -5823.53 -18.00
v 529.41 -6352.94 -18.00
v -0.00 -6352.94 -18.00
v -0.00 -6352.94 0.00
v 529.41 -6352.94 0.00
v 529.41 -5823.53 0.00
v -0.00 -5823.53 0.00
v -0.00 -6352.94 -18.00
v 529.41 -6352.94 -18.00
v 529.41 -6352.94 0.00
v -0.00 -6352.94 0.00
v 529.41 -6352.94 -18.00
v 529.41 -5823.53 -18.00
v 529.41 -5823.53 0.00
v 529.41 -6352.94 0.00
v 529.41 -5823.53 -18.00
v -0.00 -5823.53 -18.00
v -0.00 -5823.53 0.00
v 529.41 -5823.53 0.00
v 529.41 -2117.65 -18.00
v -0.00 -2117.65 -18.00
v -0.00 -2117.65 0.00
v 529.41 -2117.65 0.00
v -0.00 -1588.23 -18.00
v 529.41 -1588.23 -18.00
v 529.41 -2117.65 -18.00
v -0.00 -2117.65 -18.00
v -0.00 -2117.65 0.00
v 529.41 -2117.65 0.00
v 529.41 -1588.23 0.00
v -0.00 -1588.23 0.00
v -0.00 -2117.65 -18.00
v 529.41 -2117.65 -18.00
v 529.41 -2117.65 0.00
v -0.00 -2117.65 0.00
v 529.41 -2117.65 -18.00
v 529.41 -1588.23 -18.00
v 529.41 -1588.23 0.00
v 529.41 -2117.65 0.00
v 529.41 -1588.23 -18.00
v -0.00 -1588.23 -18.00
v -0.00 -1588.23 0.00
v 529.41 -1588.23 0.00
v 1058.82 -1058.82 -18.00
v 529.41 -1058.82 -18.00
v 529.41 -1058.82 0.00
v 1058.82 -1058.82 0.00
v 529.41 -1058.82 -18.00
v 529.41 -1588.23 -18.00
v 529.41 -1588.23 0.00
v 529.41 -1058.82 0.00
v 529.41 -529.41 -18.00
v 1058.82 -529.41 -18.00
v 1058.82 -1058.82 -18.00
v 529.41 -1058.82 -18.00
v 529.41 -1058.82 0.00
v 1058.82 -1058.82 0.00
v 1058.82 -529.41 0.00
v 529.41 -529.41 0.00
v 529.41 -1058.82 -18.00
v 1058.82 -1058.82 -18.00
v 1058.82 -1058.82 0.00
v 529.41 -1058.82 0.00
v 1058.82 -1058.82 -18.00
v 1058.82 -529.41 -18.00
v 1058.82 -529.41 0.00
v 1058.82 -1058.82 0.00
v 529.41 2117.65 -18.00
v 1058.82 2117.65 -18.00
v 1058.82 2117.65 0.00
v 529.41 2117.65 0.00
v 1058.82 2117.65 -18.00
v 1058.82 2647.06 -18.00
v 1058.82 2647.06 0.00
v 1058.82 2117.65 0.00
v 1058.82 2647.06 -18.00
v 529.41 2647.06 -18.00
v 529.41 2647.06 0.00
v 1058.82 2647.06 0.00
v 529.41 2647.06 -18.00
v 529.41 2117.65 -18.00
v 529.41 2117.65 0.00
v 529.41 2647.06 0.00
v 529.41 3176.47 -18.00
v 1058.82 3176.47 -18.00
v 1058.82 2647.06 -18.00
v 529.41 2647.06 -18.00
v 529.41 2647.06 0.00
v 1058.82 2647.06 0.00
v 1058.82 3176.47 0.00
v 529.41 3176.47 0.00
v 529.41 6882.35 -18.00
v 1058.82 6882.35 -18.00
v 1058.82 6352.94 -18.00
v 529.41 6352.94 -18.00
v 529.41 6352.94 0.00
v 1058.82 6352.94 0.00
v 1058.82 6882.35 0.00
v 529.41 6882.35 0.00
v 529.41 6352.94 -18.00
v 1058.82 6352.94 -18.00
v 1058.82 6352.94 0.00
v 529.41 6352.94 0.00
v 1058.82 6352.94 -18.00
v 1058.82 6882.35 -18.00
v 1058.82 6882.35 0.00
v 1058.82 6352.94 0.00
v 1058.82 6882.35 -18.00
v 529.41 6882.35 -18.00
v 529.41 6882.35 0.00
v 1058.82 6882.35 0.00
v 529.41 6882.35 -18.00
v 529.41 6352.94 -18.00
v 529.41 6352.94 0.00
v 529.41 6882.35 0.00
v 1588.23 -7941.18 -18.00
v 1058.82 -7941.18 -18.00
v 1058.82 -7941.18 0.00
v 1588.23 -7941.18 0.00
v 1058.82 -7941.18 -18.00
v 1058.82 -8470.59 -18.00
v 1058.82 -8470.59 0.00
v 1058.82 -7941.18 0.00
v 1058.82 -7411.77 -18.00
v 1588.23 -7411.77 -18.00
v 1588.23 -7941.18 -18.00
v 1058.82 -7941.18 -18.00
v 1058.82 -7941.18 0.00
v 1588.23 -7941.18 0.00
v 1588.23 -7411.77 0.00
v 1058.82 -7411.77 0.00
v 1058.82 -7941.18 -18.00
v 1588.23 -7941.18 -18.00
v 1588.23 -7941.18 0.00
v 1058.82 -7941.18 0.00
v 1588.23 -7941.18 -18.00
v 1588.23 -7411.77 -18.00
v 1588.23 -7411.77 0.00
v 1588.23 -7941.18 0.00
v 1058.82 2117.65 0.00
v 1588.23 2117.65 0.00
v 1588.23 2647.06 0.00
v 1058.82 2647.06 0.00
v 1058.82 2117.65 -18.00
v 1588.23 2117.65 -18.00
v 1588.23 2117.65 0.00
v 1058.82 2117.65 0.00
v 1588.23 2117.65 -18.00
v 1588.23 2647.06 -18.00
v 1588.23 2647.06 0.00
v 1588.23 2117.65 0.00
v 1588.23 2647.06 -18.00
v 1058.82 2647.06 -18.00
v 1058.82 2647.06 0.00
v 1588.23 2647.06 0.00
v 1058.82 2647.06 -18.00
v 1058.82 2117.65 -18.00
v 1058.82 2117.65 0.00
v 1058.82 2647.06 0.00
v 1058.82 3176.47 -18.00
v 1588.23 3176.47 -18.00
v 1588.23 2647.06 -18.00
v 1058.82 2647.06 -18.00
v 1588.23 -5294.12 0.00
v 2117.65 -5294.12 0.00
v 2117.65 -4764.71 0.00
v 1588.23 -4764.71 0.00
v 1588.23 -5294.12 -18.00
v 2117.65 -5294.12 -18.00
v 2117.65 -5294.12 0.00
v 1588.23 -5294.12 0.00
v 2117.65 -5294.12 -18.00
v 2117.65 -4764.71 -18.00
v 2117.65 -4764.71 0.00
v 2117.65 -5294.12 0.00
v 2117.65 -4764.71 -18.00
v 1588.23 -4764.71 -18.00
v 1588.23 -4764.71 0.00
v 2117.65 -4764.71 0.00
v 1588.23 -4764.71 -18.00
v 1588.23 -5294.12 -18.00
v 1588.23 -5294.12 0.00
v 1588.23 -4764.71 0.00
v 1588.23 -4235.29 -18.00
v 2117.65 -4235.29 -18.00
v 2117.65 -4764.71 -18.00
v 1588.23 -4764.71 -18.00
v 1588.23 -1058.82 -18.00
v 1588.23 -1588.23 -18.00
v 1588.23 -1588.23 0.00
v 1588.23 -1058.82 0.00
v 1588.23 -529.41 -18.00
v 2117.65 -529.41 -18.00
v 2117.65 -1058.82 -18.00
v 1588.23 -1058.82 -18.00
v 1588.23 -1058.82 0.00
v 2117.65 -1058.82 0.00
v 2117.65 -529.41 0.00
v 1588.23 -529.41 0.00
v 1588.23 -1058.82 -18.00
v 2117.65 -1058.82 -18.00
v 2117.65 -1058.82 0.00
v 1588.23 -1058.82 0.00
v 2117.65 -1058.82 -18.00
v 2117.65 -529.41 -18.00
v 2117.65 -529.41 0.00
v 2117.65 -1058.82 0.00
v 2117.65 -529.41 -18.00
v 1588.23 -529.41 -18.00
v 1588.23 -529.41 0.00
v 2117.65 -529.41 0.00
v 2117.65 2117.65 -18.00
v 2117.65 2647.06 -18.00
v 2117.65 2647.06 0.00
v 2117.65 2117.65 0.00
v 2117.65 2647.06 -18.00
v 1588.23 2647.06 -18.00
v 1588.23 2647.06 0.00
v 2117.65 2647.06 0.00
v 1588.23 2647.06 -18.00
v 1588.23 2117.65 -18.00
v 1588.23 2117.65 0.00
v 1588.23 2647.06 0.00
v 1588.23 3176.47 -18.00
v 2117.65 3176.47 -18.00
v 2117.65 2647.06 -18.00
v 1588.23 2647.06 -18.00
v 1588.23 2647.06 0.00
v 2117.65 2647.06 0.00
v 2117.65 3176.47 0.00
v 1588.23 3176.47 0.00
v 1588.23 2647.06 -18.00
v 2117.65 2647.06 -18.00
v 2117.65 2647.06 0.00
v 1588.23 2647.06 0.00
v 1588.23 5823.53 0.00
v 2117.65 5823.53 0.00
v 2117.65 6352.94 0.00
v 1588.23 6352.94 0.00
v 1588.23 5823.53 -18.00
v 2117.65 5823.53 -18.00
v 2117.65 5823.53 0.00
v 1588.23 5823.53 0.00
v 2117.65 5823.53 -18.00
v 2117.65 6352.94 -18.00
v 2117.65 6352.94 0.00
v 2117.65 5823.53 0.00
v 2117.65 6352.94 -18.00
v 1588.23 6352.94 -18.00
v 1588.23 6352.94 0.00
v 2117.65 6352.94 0.00
v 1588.23 6352.94 -18.00
v 1588.23 5823.53 -18.00
v 1588.23 5823.53 0.00
v 1588.23 6352.94 0.00
v 1588.23 6882.35 -18.00
v 2117.65 6882.35 -18.00
v 2117.65 6352.94 -18.00
v 1588.23 6352.94 -18.00
v 2117.65 -8470.59 -18.00
v 2117.65 -9000.00 -18.00
v 2117.65 -9000.00 0.00
v 2117.65 -8470.59 0.00
v 2117.65 -7941.18 -18.00
v 2647.06 -7941.18 -18.00
v 2647.06 -8470.59 -18.00
v 2117.65 -8470.59 -18.00
v 2117.65 -8470.59 0.00
v 2647.06 -8470.59 0.00
v 2647.06 -7941.18 0.00
v 2117.65 -7941.18 0.00
v 2117.65 -8470.59 -18.00
v 2647.06 -8470.59 -18.00
v 2647.06 -8470.59 0.00
v 2117.65 -8470.59 0.00
v 2647.06 -8470.59 -18.00
v 2647.06 -7941.18 -18.00
v 2647.06 -7941.18 0.00
v 2647.06 -8470.59 0.00
v 2647.06 -7941.18 -18.00
v 2117.65 -7941.18 -18.00
v 2117.65 -7941.18 0.00
v 2647.06 -7941.18 0.00
v 2647.06 -4764.71 -18.00
v 2647.06 -4235.29 -18.00
v 2647.06 -4235.29 0.00
v 2647.06 -4764.71 0.00
v 2647.06 -4235.29 -18.00
v 2117.65 -4235.29 -18.00
v 2117.65 -4235.29 0.00
v 2647.06 -4235.29 0.00
v 2117.65 -4235.29 -18.00
v 2117.65 -4764.71 -18.00
v 2117.65 -4764.71 0.00
v 2117.65 -4235.29 0.00
v 2117.65 -3705.88 -18.00
v 2647.06 -3705.88 -18.00
v 2647.06 -4235.29 -18.00
v 2117.65 -4235.29 -18.00
v 2117.65 -4235.29 0.00
v 2647.06 -4235.29 0.00
v 2647.06 -3705.88 0.00
v 2117.65 -3705.88 0.00
v 2117.65 -4235.29 -18.00
v 2647.06 -4235.29 -18.00
v 2647.06 -4235.29 0.00
v 2117.65 -4235.29 0.00
v 2647.06 -8470.59 0.00
v 3176.47 -8470.59 0.00
v 3176.47 -7941.18 0.00
v 2647.06 -7941.18 0.00
v 2647.06 -8470.59 -18.00
v 3176.47 -8470.59 -18.00
v 3176.47 -8470.59 0.00
v 2647.06 -8470.59 0.00
v 3176.47 -8470.59 -18.00
v 3176.47 -7941.18 -18.00
v 3176.47 -7941.18 0.00
v 3176.47 -8470.59 0.00
v 3176.47 -7941.18 -18.00
v 2647.06 -7941.18 -18.00
v 2647.06 -7941.18 0.00
v 3176.47 -7941.18 0.00
v 2647.06 -7941.18 -18.00
v 2647.06 -8470.59 -18.00
v 2647.06 -8470.59 0.00
v 2647.06 -7941.18 0.00
v 2647.06 -7411.77 -18.00
v 3176.47 -7411.77 -18.00
v 3176.47 -7941.18 -18.00
v 2647.06 -7941.18 -18.00
v 2647.06 -4764.71 -18.00
v 2647.06 -5294.12 -18.00
v 2647.06 -5294.12 0.00
v 2647.06 -4764.71 0.00
v 2647.06 -4235.29 -18.00
v 3176.47 -4235.29 -18.00
v 3176.47 -4764.71 -18.00
v 2647.06 -4764.71 -18.00
v 2647.06 -4764.71 0.00
v 3176.47 -4764.71 0.00
v 3176.47 -4235.29 0.00
v 2647.06 -4235.29 0.00
v 2647.06 -4764.71 -18.00
v 3176.47 -4764.71 -18.00
v 3176.47 -4764.71 0.00
v 2647.06 -4764.71 0.00
v 3176.47 -4764.71 -18.00
v 3176.47 -4235.29 -18.00
v 3176.47 -4235.29 0.00
v 3176.47 -4764.71 0.00
v 3176.47 -4235.29 -18.00
v 2647.06 -4235.29 -18.00
v 2647.06 -4235.29 0.00
v 3176.47 -4235.29 0.00
v 3176.47 -1058.82 -18.00
v 3176.47 -529.41 -18.00
v 3176.47 -529.41 0.00
v 3176.47 -1058.82 0.00
v 3176.47 -529.41 -18.00
v 2647.06 -529.41 -18.00
v 2647.06 -529.41 0.00
v 3176.47 -529.41 0.00
v 2647.06 -529.41 -18.00
v 2647.06 -1058.82 -18.00
v 2647.06 -1058.82 0.00
v 2647.06 -529.41 0.00
v 2647.06 -0.00 -18.00
v 3176.47 -0.00 -18.00
v 3176.47 -529.41 -18.00
v 2647.06 -529.41 -18.00
v 2647.06 -529.41 0.00
v 3176.47 -529.41 0.00
v 3176.47 -0.00 0.00
v 2647.06 -0.00 0.00
v 2647.06 -529.41 -18.00
v 3176.47 -529.41 -18.00
v 3176.47 -529.41 0.00
v 2647.06 -529.41 0.00
v 3176.47 -529.41 -18.00
v 3176.47 -0.00 -18.00
v 3176.47 -0.00 0.00
v 3176.47 -529.41 0.00
v 3176.47 -0.00 -18.00
v 2647.06 -0.00 -18.00
v 2647.06 -0.00 0.00
v 3176.47 -0.00 0.00
v 2647.06 -0.00 -18.00
v 2647.06 -529.41 -18.00
v 2647.06 -529.41 0.00
v 2647.06 -0.00 0.00
v 2647.06 529.41 -18.00
v 3176.47 529.41 -18.00
v 3176.47 -0.00 -18.00
v 2647.06 -0.00 -18.00
v 2647.06 -0.00 0.00
v 3176.47 -0.00 0.00
v 3176.47 529.41 0.00
v 2647.06 529.41 0.00
v 2647.06 -0.00 -18.00
v 3176.47 -0.00 -18.00
v 3176.47 -0.00 0.00
v 2647.06 -0.00 0.00
v 3176.47 -0.00 -18.00
v 3176.47 529.41 -18.00
v 3176.47 529.41 0.00
v 3176.47 -0.00 0.00
v 3176.47 529.41 -18.00
v 2647.06 529.41 -18.00
v 2647.06 529.41 0.00
v 3176.47 529.41 0.00
v 2647.06 529.41 -18.00
v 2647.06 -0.00 -18.00
v 2647.06 -0.00 0.00
v 2647.06 529.41 0.00
v 2647.06 1058.82 -18.00
v 3176.47 1058.82 -18.00
v 3176.47 529.41 -18.00
v 2647.06 529.41 -18.00
v 2647.06 529.41 0.00
v 3176.47 529.41 0.00
v 3176.47 1058.82 0.00
v 2647.06 1058.82 0.00
v 2647.06 2117.65 -18.00
v 3176.47 2117.65 -18.00
v 3176.47 1588.23 -18.00
v 2647.06 1588.23 -18.00
v 2647.06 1588.23 0.00
v 3176.47 1588.23 0.00
v 3176.47 2117.65 0.00
v 2647.06 2117.65 0.00
v 2647.06 1588.23 -18.00
v 3176.47 1588.23 -18.00
v 3176.47 1588.23 0.00
v 2647.06 1588.23 0.00
v 3176.47 1588.23 -18.00
v 3176.47 2117.65 -18.00
v 3176.47 2117.65 0.00
v 3176.47 1588.23 0.00
v 3176.47 2117.65 -18.00
v 2647.06 2117.65 -18.00
v 2647.06 2117.65 0.00
v 3176.47 2117.65 0.00
v 2647.06 2117.65 -18.00
v 2647.06 1588.23 -18.00
v 2647.06 1588.23 0.00
v 2647.06 2117.65 0.00
v 2647.06 2647.06 -18.00
v 3176.47 2647.06 -18.00
v 3176.47 2117.65 -18.00
v 2647.06 2117.65 -18.00
v 2647.06 2117.65 0.00
v 3176.47 2117.65 0.00
v 3176.47 2647.06 0.00
v 2647.06 2647.06 0.00
v 2647.06 2117.65 -18.00
v 3176.47 2117.65 -18.00
v 3176.47 2117.65 0.00
v 2647.06 2117.65 0.00
v 3176.47 2117.65 -18.00
v 3176.47 2647.06 -18.00
v 3176.47 2647.06 0.00
v 3176.47 2117.65 0.00
v 3176.47 2647.06 -18.00
v 2647.06 2647.06 -18.00
v 2647.06 2647.06 0.00
v 3176.47 2647.06 0.00
v 3176.47 3176.47 -18.00
v 3176.47 3705.88 -18.00
v 3176.47 3705.88 0.00
v 3176.47 3176.47 0.00
v 3176.47 3705.88 -18.00
v 2647.06 3705.88 -18.00
v 2647.06 3705.88 0.00
v 3176.47 3705.88 0.00
v 2647.06 3705.88 -18.00
v 2647.06 3176.47 -18.00
v 2647.06 3176.47 0.00
v 2647.06 3705.88 0.00
v 2647.06 4235.29 -18.00
v 3176.47 4235.29 -18.00
v 3176.47 3705.88 -18.00
v 2647.06 3705.88 -18.00
v 2647.06 3705.88 0.00
v 3176.47 3705.88 0.00
v 3176.47 4235.29 0.00
v 2647.06 4235.29 0.00
v 2647.06 3705.88 -18.00
v 3176.47 3705.88 -18.00
v 3176.47 3705.88 0.00
v 2647.06 3705.88 0.00
v 3176.47 3705.88 -18.00
v 3176.47 4235.29 -18.00
v 3176.47 4235.29 0.00
v 3176.47 3705.88 0.00
v 3176.47 4235.29 -18.00
v 2647.06 4235.29 -18.00
v 2647.06 4235.29 0.00
v 3176.47 4235.29 0.00
v 2647.06 4235.29 -18.00
v 2647.06 3705.88 -18.00
v 2647.06 3705.88 0.00
v 2647.06 4235.29 0.00
v 2647.06 4764.71 -18.00
v 3176.47 4764.71 -18.00
v 3176.47 4235.29 -18.00
v 2647.06 4235.29 -18.00
v 2647.06 4235.29 0.00
v 3176.47 4235.29 0.00
v 3176.47 4764.71 0.00
v 2647.06 4764.71 0.00
v 3176.47 8470.59 -18.00
v 2647.06 8470.59 -18.00
v 2647.06 8470.59 0.00
v 3176.47 8470.59 0.00
v 2647.06 8470.59 -18.00
v 2647.06 7941.18 -18.00
v 2647.06 7941.18 0.00
v 2647.06 8470.59 0.00
v 2647.06 9000.00 -18.00
v 3176.47 9000.00 -18.00
v 3176.47 8470.59 -18.00
v 2647.06 8470.59 -18.00
v 2647.06 8470.59 0.00
v 3176.47 8470.59 0.00
v 3176.47 9000.00 0.00
v 2647.06 9000.00 0.00
v 2647.06 8470.59 -18.00
v 3176.47 8470.59 -18.00
v 3176.47 8470.59 0.00
v 2647.06 8470.59 0.00
v 3176.47 8470.59 -18.00
v 3176.47 9000.00 -18.00
v 3176.47 9000.00 0.00
v 3176.47 8470.59 0.00
v 3176.47 -5823.53 -18.00
v 3705.88 -5823.53 -18.00
v 3705.88 -5823.53 0.00
v 3176.47 -5823.53 0.00
v 3705.88 -5823.53 -18.00
v 3705.88 -5294.12 -18.00
v 3705.88 -5294.12 0.00
v 3705.88 -5823.53 0.00
v 3705.88 -5294.12 -18.00
v 3176.47 -5294.12 -18.00
v 3176.47 -5294.12 0.00
v 3705.88 -5294.12 0.00
v 3176.47 -5294.12 -18.00
v 3176.47 -5823.53 -18.00
v 3176.47 -5823.53 0.00
v 3176.47 -5294.12 0.00
v 3176.47 -4764.71 -18.00
v 3705.88 -4764.71 -18.00
v 3705.88 -5294.12 -18.00
v 3176.47 -5294.12 -18.00
v 3176.47 -5294.12 0.00
v 3705.88 -5294.12 0.00
v 3705.88 -4764.71 0.00
v 3176.47 -4764.71 0.00
v 3705.88 1588.23 -18.00
v 3176.47 1588.23 -18.00
v 3176.47 1588.23 0.00
v 3705.88 1588.23 0.00
v 3176.47 1588.23 -18.00
v 3176.47 1058.82 -18.00
v 3176.47 1058.82 0.00
v 3176.47 1588.23 0.00
v 3176.47 2117.65 -18.00
v 3705.88 2117.65 -18.00
v 3705.88 1588.23 -18.00
v 3176.47 1588.23 -18.00
v 3176.47 1588.23 0.00
v 3705.88 1588.23 0.00
v 3705.88 2117.65 0.00
v 3176.47 2117.65 0.00
v 3176.47 1588.23 -18.00
v 3705.88 1588.23 -18.00
v 3705.88 1588.23 0.00
v 3176.47 1588.23 0.00
v 3705.88 1588.23 -18.00
v 3705.88 2117.65 -18.00
v 3705.88 2117.65 0.00
v 3705.88 1588.23 0.00
v 3176.47 9000.00 -18.00
v 3705.88 9000.00 -18.00
v 3705.88 8470.59 -18.00
v 3176.47 8470.59 -18.00
v 3176.47 8470.59 0.00
v 3705.88 8470.59 0.00
v 3705.88 9000.00 0.00
v 3176.47 9000.00 0.00
v 3176.47 8470.59 -18.00
v 3705.88 8470.59 -18.00
v 3705.88 8470.59 0.00
v 3176.47 8470.59 0.00
v 3705.88 8470.59 -18.00
v 3705.88 9000.00 -18.00
v 3705.88 9000.00 0.00
v 3705.88 8470.59 0.00
v 3705.88 9000.00 -18.00
v 3176.47 9000.00 -18.00
v 3176.47 9000.00 0.00
v 3705.88 9000.00 0.00
v 3176.47 9000.00 -18.00
v 3176.47 8470.59 -18.00
v 3176.47 8470.59 0.00
v 3176.47 9000.00 0.00
v 3705.88 -2647.06 -18.00
v 4235.29 -2647.06 -18.00
v 4235.29 -2647.06 0.00
v 3705.88 -2647.06 0.00
v 4235.29 -2647.06 -18.00
v 4235.29 -2117.65 -18.00
v 4235.29 -2117.65 0.00
v 4235.29 -2647.06 0.00
v 4235.29 -2117.65 -18.00
v 3705.88 -2117.65 -18.00
v 3705.88 -2117.65 0.00
v 4235.29 -2117.65 0.00
v 3705.88 -2117.65 -18.00
v 3705.88 -2647.06 -18.00
v 3705.88 -2647.06 0.00
v 3705.88 -2117.65 0.00
v 3705.88 -1588.23 -18.00
v 4235.29 -1588.23 -18.00
v 4235.29 -2117.65 -18.00
v 3705.88 -2117.65 -18.00
v 3705.88 -2117.65 0.00
v 4235.29 -2117.65 0.00
v 4235.29 -1588.23 0.00
v 3705.88 -1588.23 0.00
v 3705.88 7411.77 -18.00
v 4235.29 7411.77 -18.00
v 4235.29 7411.77 0.00
v 3705.88 7411.77 0.00
v 4235.29 7411.77 -18.00
v 4235.29 7941.18 -18.00
v 4235.29 7941.18 0.00
v 4235.29 7411.77 0.00
v 4235.29 7941.18 -18.00
v 3705.88 7941.18 -18.00
v 3705.88 7941.18 0.00
v 4235.29 7941.18 0.00
v 3705.88 7941.18 -18.00
v 3705.88 7411.77 -18.00
v 3705.88 7411.77 0.00
v 3705.88 7941.18 0.00
v 3705.88 8470.59 -18.00
v 4235.29 8470.59 -18.00
v 4235.29 7941.18 -18.00
v 3705.88 7941.18 -18.00
v 3705.88 7941.18 0.00
v 4235.29 7941.18 0.00
v 4235.29 8470.59 0.00
v 3705.88 8470.59 0.00
v 4235.29 -0.00 -18.00
v 4764.71 -0.00 -18.00
v 4764.71 -0.00 0.00
v 4235.29 -0.00 0.00
v 4764.71 -0.00 -18.00
v 4764.71 529.41 -18.00
v 4764.71 529.41 0.00
v 4764.71 -0.00 0.00
v 4764.71 529.41 -18.00
v 4235.29 529.41 -18.00
v 4235.29 529.41 0.00
v 4764.71 529.41 0.00
v 4235.29 529.41 -18.00
v 4235.29 -0.00 -18.00
v 4235.29 -0.00 0.00
v 4235.29 529.41 0.00
v 4235.29 1058.82 -18.00
v 4764.71 1058.82 -18.00
v 4764.71 529.41 -18.00
v 4235.29 529.41 -18.00
v 4235.29 529.41 0.00
v 4764.71 529.41 0.00
v 4764.71 1058.82 0.00
v 4235.29 1058.82 0.00
v 4235.29 4764.71 -18.00
v 4764.71 4764.71 -18.00
v 4764.71 4235.29 -18.00
v 4235.29 4235.29 -18.00
v 4235.29 4235.29 0.00
v 4764.71 4235.29 0.00
v 4764.71 4764.71 0.00
v 4235.29 4764.71 0.00
v 4235.29 4235.29 -18.00
v 4764.71 4235.29 -18.00
v 4764.71 4235.29 0.00
v 4235.29 4235.29 0.00
v 4764.71 4235.29 -18.00
v 4764.71 4764.71 -18.00
v 4764.71 4764.71 0.00
v 4764.71 4235.29 0.00
v 4764.71 4764.71 -18.00
v 4235.29 4764.71 -18.00
v 4235.29 4764.71 0.00
v 4764.71 4764.71 0.00
v 4235.29 4764.71 -18.00
v 4235.29 4235.29 -18.00
v 4235.29 4235.29 0.00
v 4235.29 4764.71 0.00
v 5294.12 -529.41 -18.00
v 4764.71 -529.41 -18.00
v 4764.71 -529.41 0.00
v 5294.12 -529.41 0.00
v 4764.71 -529.41 -18.00
v 4764.71 -1058.82 -18.00
v 4764.71 -1058.82 0.00
v 4764.71 -529.41 0.00
v 4764.71 -0.00 -18.00
v 5294.12 -0.00 -18.00
v 5294.12 -529.41 -18.00
v 4764.71 -529.41 -18.00
v 4764.71 -529.41 0.00
v 5294.12 -529.41 0.00
v 5294.12 -0.00 0.00
v 4764.71 -0.00 0.00
v 4764.71 -529.41 -18.00
v 5294.12 -529.41 -18.00
v 5294.12 -529.41 0.00
v 4764.71 -529.41 0.00
v 5294.12 -529.41 -18.00
v 5294.12 -0.00 -18.00
v 5294.12 -0.00 0.00
v 5294.12 -529.41 0.00
v 4764.71 6882.35 -18.00
v 5294.12 6882.35 -18.00
v 5294.12 6352.94 -18.00
v 4764.71 6352.94 -18.00
v 4764.71 6352.94 0.00
v 5294.12 6352.94 0.00
v 5294.12 6882.35 0.00
v 4764.71 6882.35 0.00
v 4764.71 6352.94 -18.00
v 5294.12 6352.94 -18.00
v 5294.12 6352.94 0.00
v 4764.71 6352.94 0.00
v 5294.12 6352.94 -18.00
v 5294.12 6882.35 -18.00
v 5294.12 6882.35 0.00
v 5294.12 6352.94 0.00
v 5294.12 6882.35 -18.00
v 4764.71 6882.35 -18.00
v 4764.71 6882.35 0.00
v 5294.12 6882.35 0.00
v 4764.71 6882.35 -18.00
v 4764.71 6352.94 -18.00
v 4764.71 6352.94 0.00
v 4764.71 6882.35 0.00
v 5294.12 -5823.53 0.00
v 5823.53 -5823.53 0.00
v 5823.53 -5294.12 0.00
v 5294.12 -5294.12 0.00
v 5294.12 -5823.53 -18.00
v 5823.53 -5823.53 -18.00
v 5823.53 -5823.53 0.00
v 5294.12 -5823.53 0.00
v 5823.53 -5823.53 -18.00
v 5823.53 -5294.12 -18.00
v 5823.53 -5294.12 0.00
v 5823.53 -5823.53 0.00
v 5823.53 -5294.12 -18.00
v 5294.12 -5294.12 -18.00
v 5294.12 -5294.12 0.00
v 5823.53 -5294.12 0.00
v 5294.12 -5294.12 -18.00
v 5294.12 -5823.53 -18.00
v 5294.12 -5823.53 0.00
v 5294.12 -5294.12 0.00
v 5294.12 -4764.71 -18.00
v 5823.53 -4764.71 -18.00
v 5823.53 -5294.12 -18.00
v 5294.12 -5294.12 -18.00
v 5294.12 -2117.65 -18.00
v 5294.12 -2647.06 -18.00
v 5294.12 -2647.06 0.00
v 5294.12 -2117.65 0.00
v 5294.12 -1588.23 -18.00
v 5823.53 -1588.23 -18.00
v 5823.53 -2117.65 -18.00
v 5294.12 -2117.65 -18.00
v 5294.12 -2117.65 0.00
v 5823.53 -2117.65 0.00
v 5823.53 -1588.23 0.00
v 5294.12 -1588.23 0.00
v 5294.12 -2117.65 -18.00
v 5823.53 -2117.65 -18.00
v 5823.53 -2117.65 0.00
v 5294.12 -2117.65 0.00
v 5823.53 -2117.65 -18.00
v 5823.53 -1588.23 -18.00
v 5823.53 -1588.23 0.00
v 5823.53 -2117.65 0.00
v 5823.53 -1588.23 -18.00
v 5294.12 -1588.23 -18.00
v 5294.12 -1588.23 0.00
v 5823.53 -1588.23 0.00
v 5823.53 1058.82 -18.00
v 5823.53 1588.23 -18.00
v 5823.53 1588.23 0.00
v 5823.53 1058.82 0.00
v 5823.53 1588.23 -18.00
v 5294.12 1588.23 -18.00
v 5294.12 1588.23 0.00
v 5823.53 1588.23 0.00
v 5294.12 1588.23 -18.00
v 5294.12 1058.82 -18.00
v 5294.12 1058.82 0.00
v 5294.12 1588.23 0.00
v 5294.12 2117.65 -18.00
v 5823.53 2117.65 -18.00
v 5823.53 1588.23 -18.00
v 5294.12 1588.23 -18.00
v 5294.12 1588.23 0.00
v 5823.53 1588.23 0.00
v 5823.53 2117.65 0.00
v 5294.12 2117.65 0.00
v 5294.12 1588.23 -18.00
v 5823.53 1588.23 -18.00
v 5823.53 1588.23 0.00
v 5294.12 1588.23 0.00
v 5294.12 5294.12 0.00
v 5823.53 5294.12 0.00
v 5823.53 5823.53 0.00
v 5294.12 5823.53 0.00
v 5294.12 5294.12 -18.00
v 5823.53 5294.12 -18.00
v 5823.53 5294.12 0.00
v 5294.12 5294.12 0.00
v 5823.53 5294.12 -18.00
v 5823.53 5823.53 -18.00
v 5823.53 5823.53 0.00
v 5823.53 5294.12 0.00
v 5823.53 5823.53 -18.00
v 5294.12 5823.53 -18.00
v 5294.12 5823.53 0.00
v 5823.53 5823.53 0.00
v 5294.12 5823.53 -18.00
v 5294.12 5294.12 -18.00
v 5294.12 5294.12 0.00
v 5294.12 5823.53 0.00
v 5294.12 6352.94 -18.00
v 5823.53 6352.94 -18.00
v 5823.53 5823.53 -18.00
v 5294.12 5823.53 -18.00
v 6352.94 -5294.12 -18.00
v 6352.94 -4764.71 -18.00
v 6352.94 -4764.71 0.00
v 6352.94 -5294.12 0.00
v 6352.94 -4764.71 -18.00
v 5823.53 -4764.71 -18.00
v 5823.53 -4764.71 0.00
v 6352.94 -4764.71 0.00
v 5823.53 -4764.71 -18.00
v 5823.53 -5294.12 -18.00
v 5823.53 -5294.12 0.00
v 5823.53 -4764.71 0.00
v 5823.53 -4235.29 -18.00
v 6352.94 -4235.29 -18.00
v 6352.94 -4764.71 -18.00
v 5823.53 -4764.71 -18.00
v 5823.53 -4764.71 0.00
v 6352.94 -4764.71 0.00
v 6352.94 -4235.29 0.00
v 5823.53 -4235.29 0.00
v 5823.53 -4764.71 -18.00
v 6352.94 -4764.71 -18.00
v 6352.94 -4764.71 0.00
v 5823.53 -4764.71 0.00
v 5823.53 -1588.23 0.00
v 6352.94 -1588.23 0.00
v 6352.94 -1058.82 0.00
v 5823.53 -1058.82 0.00
v 5823.53 -1588.23 -18.00
v 6352.94 -1588.23 -18.00
v 6352.94 -1588.23 0.00
v 5823.53 -1588.23 0.00
v 6352.94 -1588.23 -18.00
v 6352.94 -1058.82 -18.00
v 6352.94 -1058.82 0.00
v 6352.94 -1588.23 0.00
v 6352.94 -1058.82 -18.00
v 5823.53 -1058.82 -18.00
v 5823.53 -1058.82 0.00
v 6352.94 -1058.82 0.00
v 5823.53 -1058.82 -18.00
v 5823.53 -1588.23 -18.00
v 5823.53 -1588.23 0.00
v 5823.53 -1058.82 0.00
v 5823.53 -529.41 -18.00
v 6352.94 -529.41 -18.00
v 6352.94 -1058.82 -18.00
v 5823.53 -1058.82 -18.00
v 5823.53 2117.65 -18.00
v 5823.53 1588.23 -18.00
v 5823.53 1588.23 0.00
v 5823.53 2117.65 0.00
v 5823.53 2647.06 -18.00
v 6352.94 2647.06 -18.00
v 6352.94 2117.65 -18.00
v 5823.53 2117.65 -18.00
v 5823.53 2117.65 0.00
v 6352.94 2117.65 0.00
v 6352.94 2647.06 0.00
v 5823.53 2647.06 0.00
v 5823.53 2117.65 -18.00
v 6352.94 2117.65 -18.00
v 6352.94 2117.65 0.00
v 5823.53 2117.65 0.00
v 6352.94 2117.65 -18.00
v 6352.94 2647.06 -18.00
v 6352.94 2647.06 0.00
v 6352.94 2117.65 0.00
v 6352.94 2647.06 -18.00
v 5823.53 2647.06 -18.00
v 5823.53 2647.06 0.00
v 6352.94 2647.06 0.00
v 6352.94 -9000.00 0.00
v 6882.35 -9000.00 0.00
v 6882.35 -8470.59 0.00
v 6352.94 -8470.59 0.00
v 6352.94 -9000.00 -18.00
v 6882.35 -9000.00 -18.00
v 6882.35 -9000.00 0.00
v 6352.94 -9000.00 0.00
v 6882.35 -9000.00 -18.00
v 6882.35 -8470.59 -18.00
v 6882.35 -8470.59 0.00
v 6882.35 -9000.00 0.00
v 6882.35 -8470.59 -18.00
v 6352.94 -8470.59 -18.00
v 6352.94 -8470.59 0.00
v 6882.35 -8470.59 0.00
v 6352.94 -8470.59 -18.00
v 6352.94 -9000.00 -18.00
v 6352.94 -9000.00 0.00
v 6352.94 -8470.59 0.00
v 6352.94 -7941.18 -18.00
v 6882.35 -7941.18 -18.00
v 6882.35 -8470.59 -18.00
v 6352.94 -8470.59 -18.00
v 6352.94 529.41 0.00
v 6882.35 529.41 0.00
v 6882.35 1058.82 0.00
v 6352.94 1058.82 0.00
v 6352.94 529.41 -18.00
v 6882.35 529.41 -18.00
v 6882.35 529.41 0.00
v 6352.94 529.41 0.00
v 6882.35 529.41 -18.00
v 6882.35 1058.82 -18.00
v 6882.35 1058.82 0.00
v 6882.35 529.41 0.00
v 6882.35 1058.82 -18.00
v 6352.94 1058.82 -18.00
v 6352.94 1058.82 0.00
v 6882.35 1058.82 0.00
v 6352.94 1058.82 -18.00
v 6352.94 529.41 -18.00
v 6352.94 529.41 0.00
v 6352.94 1058.82 0.00
v 6352.94 1588.23 -18.00
v 6882.35 1588.23 -18.00
v 6882.35 1058.82 -18.00
v 6352.94 1058.82 -18.00
v 6352.94 4235.29 -18.00
v 6352.94 3705.88 -18.00
v 6352.94 3705.88 0.00
v 6352.94 4235.29 0.00
v 6352.94 4764.71 -18.00
v 6882.35 4764.71 -18.00
v 6882.35 4235.29 -18.00
v 6352.94 4235.29 -18.00
v 6352.94 4235.29 0.00
v 6882.35 4235.29 0.00
v 6882.35 4764.71 0.00
v 6352.94 4764.71 0.00
v 6352.94 4235.29 -18.00
v 6882.35 4235.29 -18.00
v 6882.35 4235.29 0.00
v 6352.94 4235.29 0.00
v 6882.35 4235.29 -18.00
v 6882.35 4764.71 -18.00
v 6882.35 4764.71 0.00
v 6882.35 4235.29 0.00
v 6882.35 4764.71 -18.00
v 6352.94 4764.71 -18.00
v 6352.94 4764.71 0.00
v 6882.35 4764.71 0.00
v 6882.35 7411.77 -18.00
v 6882.35 7941.18 -18.00
v 6882.35 7941.18 0.00
v 6882.35 7411.77 0.00
v 6882.35 7941.18 -18.00
v 6352.94 7941.18 -18.00
v 6352.94 7941.18 0.00
v 6882.35 7941.18 0.00
v 6352.94 7941.18 -18.00
v 6352.94 7411.77 -18.00
v 6352.94 7411.77 0.00
v 6352.94 7941.18 0.00
v 6352.94 8470.59 -18.00
v 6882.35 8470.59 -18.00
v 6882.35 7941.18 -18.00
v 6352.94 7941.18 -18.00
v 6352.94 7941.18 0.00
v 6882.35 7941.18 0.00
v 6882.35 8470.59 0.00
v 6352.94 8470.59 0.00
v 6352.94 7941.18 -18.00
v 6882.35 7941.18 -18.00
v 6882.35 7941.18 0.00
v 6352.94 7941.18 0.00
v 6882.35 7941.18 -18.00
v 6882.35 8470.59 -18.00
v 6882.35 8470.59 0.00
v 6882.35 7941.18 0.00
v 6882.35 8470.59 -18.00
v 6352.94 8470.59 -18.00
v 6352.94 8470.59 0.00
v 6882.35 8470.59 0.00
v 6352.94 8470.59 -18.00
v 6352.94 7941.18 -18.00
v 6352.94 7941.18 0.00
v 6352.94 8470.59 0.00
v 6352.94 9000.00 -18.00
v 6882.35 9000.00 -18.00
v 6882.35 8470.59 -18.00
v 6352.94 8470.59 -18.00
v 6352.94 8470.59 0.00
v 6882.35 8470.59 0.00
v 6882.35 9000.00 0.00
v 6352.94 9000.00 0.00
v 6882.35 -7941.18 -18.00
v 7411.77 -7941.18 -18.00
v 7411.77 -8470.59 -18.00
v 6882.35 -8470.59 -18.00
v 6882.35 -8470.59 0.00
v 7411.77 -8470.59 0.00
v 7411.77 -7941.18 0.00
v 6882.35 -7941.18 0.00
v 6882.35 -8470.59 -18.00
v 7411.77 -8470.59 -18.00
v 7411.77 -8470.59 0.00
v 6882.35 -8470.59 0.00
v 7411.77 -8470.59 -18.00
v 7411.77 -7941.18 -18.00
v 7411.77 -7941.18 0.00
v 7411.77 -8470.59 0.00
v 7411.77 -7941.18 -18.00
v 6882.35 -7941.18 -18.00
v 6882.35 -7941.18 0.00
v 7411.77 -7941.18 0.00
v 6882.35 -7941.18 -18.00
v 6882.35 -8470.59 -18.00
v 6882.35 -8470.59 0.00
v 6882.35 -7941.18 0.00
v 6882.35 -7411.77 -18.00
v 7411.77 -7411.77 -18.00
v 7411.77 -7941.18 -18.00
v 6882.35 -7941.18 -18.00
v 6882.35 -7941.18 0.00
v 7411.77 -7941.18 0.00
v 7411.77 -7411.77 0.00
v 6882.35 -7411.77 0.00
v 6882.35 -7941.18 -18.00
v 7411.77 -7941.18 -18.00
v 7411.77 -7941.18 0.00
v 6882.35 -7941.18 0.00
v 7411.77 -7941.18 -18.00
v 7411.77 -7411.77 -18.00
v 7411.77 -7411.77 0.00
v 7411.77 -7941.18 0.00
v 7411.77 -7411.77 -18.00
v 6882.35 -7411.77 -18.00
v 6882.35 -7411.77 0.00
v 7411.77 -7411.77 0.00
v 7411.77 -6882.35 -18.00
v 7411.77 -6352.94 -18.00
v 7411.77 -6352.94 0.00
v 7411.77 -6882.35 0.00
v 7411.77 -6352.94 -18.00
v 6882.35 -6352.94 -18.00
v 6882.35 -6352.94 0.00
v 7411.77 -6352.94 0.00
v 6882.35 -6352.94 -18.00
v 6882.35 -6882.35 -18.00
v 6882.35 -6882.35 0.00
v 6882.35 -6352.94 0.00
v 6882.35 -5823.53 -18.00
v 7411.77 -5823.53 -18.00
v 7411.77 -6352.94 -18.00
v 6882.35 -6352.94 -18.00
v 6882.35 -6352.94 0.00
v 7411.77 -6352.94 0.00
v 7411.77 -5823.53 0.00
v 6882.35 -5823.53 0.00
v 6882.35 -6352.94 -18.00
v 7411.77 -6352.94 -18.00
v 7411.77 -6352.94 0.00
v 6882.35 -6352.94 0.00
v 7411.77 -6352.94 -18.00
v 7411.77 -5823.53 -18.00
v 7411.77 -5823.53 0.00
v 7411.77 -6352.94 0.00
v 7411.77 -5823.53 -18.00
v 6882.35 -5823.53 -18.00
v 6882.35 -5823.53 0.00
v 7411.77 -5823.53 0.00
v 6882.35 -5823.53 -18.00
v 6882.35 -6352.94 -18.00
v 6882.35 -6352.94 0.00
v 6882.35 -5823.53 0.00
v 6882.35 -5294.12 -18.00
v 7411.77 -5294.12 -18.00
v 7411.77 -5823.53 -18.00
v 6882.35 -5823.53 -18.00
v 6882.35 -5823.53 0.00
v 7411.77 -5823.53 0.00
v 7411.77 -5294.12 0.00
v 6882.35 -5294.12 0.00
v 6882.35 1058.82 -18.00
v 7411.77 1058.82 -18.00
v 7411.77 1058.82 0.00
v 6882.35 1058.82 0.00
v 7411.77 1058.82 -18.00
v 7411.77 1588.23 -18.00
v 7411.77 1588.23 0.00
v 7411.77 1058.82 0.00
v 7411.77 1588.23 -18.00
v 6882.35 1588.23 -18.00
v 6882.35 1588.23 0.00
v 7411.77 1588.23 0.00
v 6882.35 1588.23 -18.00
v 6882.35 1058.82 -18.00
v 6882.35 1058.82 0.00
v 6882.35 1588.23 0.00
v 6882.35 2117.65 -18.00
v 7411.77 2117.65 -18.00
v 7411.77 1588.23 -18.00
v 6882.35 1588.23 -18.00
v 6882.35 1588.23 0.00
v 7411.77 1588.23 0.00
v 7411.77 2117.65 0.00
v 6882.35 2117.65 0.00
v 6882.35 5294.12 -18.00
v 7411.77 5294.12 -18.00
v 7411.77 4764.71 -18.00
v 6882.35 4764.71 -18.00
v 6882.35 4764.71 0.00
v 7411.77 4764.71 0.00
v 7411.77 5294.12 0.00
v 6882.35 5294.12 0.00
v 6882.35 4764.71 -18.00
v 7411.77 4764.71 -18.00
v 7411.77 4764.71 0.00
v 6882.35 4764.71 0.00
v 7411.77 4764.71 -18.00
v 7411.77 5294.12 -18.00
v 7411.77 5294.12 0.00
v 7411.77 4764.71 0.00
v 7411.77 5294.12 -18.00
v 6882.35 5294.12 -18.00
v 6882.35 5294.12 0.00
v 7411.77 5294.12 0.00
v 6882.35 5294.12 -18.00
v 6882.35 4764.71 -18.00
v 6882.35 4764.71 0.00
v 6882.35 5294.12 0.00
v 7411.77 -2117.65 -18.00
v 7941.18 -2117.65 -18.00
v 7941.18 -2647.06 -18.00
v 7411.77 -2647.06 -18.00
v 7411.77 -2647.06 0.00
v 7941.18 -2647.06 0.00
v 7941.18 -2117.65 0.00
v 7411.77 -2117.65 0.00
v 7411.77 -2647.06 -18.00
v 7941.18 -2647.06 -18.00
v 7941.18 -2647.06 0.00
v 7411.77 -2647.06 0.00
v 7941.18 -2647.06 -18.00
v 7941.18 -2117.65 -18.00
v 7941.18 -2117.65 0.00
v 7941.18 -2647.06 0.00
v 7941.18 -2117.65 -18.00
v 7411.77 -2117.65 -18.00
v 7411.77 -2117.65 0.00
v 7941.18 -2117.65 0.00
v 7411.77 -2117.65 -18.00
v 7411.77 -2647.06 -18.00
v 7411.77 -2647.06 0.00
v 7411.77 -2117.65 0.00
v 7411.77 3705.88 -18.00
v 7941.18 3705.88 -18.00
v 7941.18 3705.88 0.00
v 7411.77 3705.88 0.00
v 7941.18 3705.88 -18.00
v 7941.18 4235.29 -18.00
v 7941.18 4235.29 0.00
v 7941.18 3705.88 0.00
v 7941.18 4235.29 -18.00
v 7411.77 4235.29 -18.00
v 7411.77 4235.29 0.00
v 7941.18 4235.29 0.00
v 7411.77 4235.29 -18.00
v 7411.77 3705.88 -18.00
v 7411.77 3705.88 0.00
v 7411.77 4235.29 0.00
v 7411.77 4764.71 -18.00
v 7941.18 4764.71 -18.00
v 7941.18 4235.29 -18.00
v 7411.77 4235.29 -18.00
v 7411.77 4235.29 0.00
v 7941.18 4235.29 0.00
v 7941.18 4764.71 0.00
v 7411.77 4764.71 0.00
v 7411.77 7941.18 -18.00
v 7941.18 7941.18 -18.00
v 7941.18 7411.77 -18.00
v 7411.77 7411.77 -18.00
v 7411.77 7411.77 0.00
v 7941.18 7411.77 0.00
v 7941.18 7941.18 0.00
v 7411.77 7941.18 0.00
v 7411.77 7411.77 -18.00
v 7941.18 7411.77 -18.00
v 7941.18 7411.77 0.00
v 7411.77 7411.77 0.00
v 7941.18 7411.77 -18.00
v 7941.18 7941.18 -18.00
v 7941.18 7941.18 0.00
v 7941.18 7411.77 0.00
v 7941.18 7941.18 -18.00
v 7411.77 7941.18 -18.00
v 7411.77 7941.18 0.00
v 7941.18 7941.18 0.00
v 7411.77 7941.18 -18.00
v 7411.77 7411.77 -18.00
v 7411.77 7411.77 0.00
v 7411.77 7941.18 0.00
v 8470.59 -6882.35 -18.00
v 7941.18 -6882.35 -18.00
v 7941.18 -6882.35 0.00
v 8470.59 -6882.35 0.00
v 7941.18 -6882.35 -18.00
v 7941.18 -7411.77 -18.00
v 7941.18 -7411.77 0.00
v 7941.18 -6882.35 0.00
v 7941.18 -6352.94 -18.00
v 8470.59 -6352.94 -18.00
v 8470.59 -6882.35 -18.00
v 7941.18 -6882.35 -18.00
v 7941.18 -6882.35 0.00
v 8470.59 -6882.35 0.00
v 8470.59 -6352.94 0.00
v 7941.18 -6352.94 0.00
v 7941.18 -6882.35 -18.00
v 8470.59 -6882.35 -18.00
v 8470.59 -6882.35 0.00
v 7941.18 -6882.35 0.00
v 8470.59 -6882.35 -18.00
v 8470.59 -6352.94 -18.00
v 8470.59 -6352.94 0.00
v 8470.59 -6882.35 0.00
v 7941.18 529.41 -18.00
v 8470.59 529.41 -18.00
v 8470.59 -0.00 -18.00
v 7941.18 -0.00 -18.00
v 7941.18 -0.00 0.00
v 8470.59 -0.00 0.00
v 8470.59 529.41 0.00
v 7941.18 529.41 0.00
v 7941.18 -0.00 -18.00
v 8470.59 -0.00 -18.00
v 8470.59 -0.00 0.00
v 7941.18 -0.00 0.00
v 8470.59 -0.00 -18.00
v 8470.59 529.41 -18.00
v 8470.59 529.41 0.00
v 8470.59 -0.00 0.00
v 8470.59 529.41 -18.00
v 7941.18 529.41 -18.00
v 7941.18 529.41 0.00
v 8470.59 529.41 0.00
v 7941.18 529.41 -18.00
v 7941.18 -0.00 -18.00
v 7941.18 -0.00 0.00
v 7941.18 529.41 0.00
v 7941.18 6882.35 -18.00
v 8470.59 6882.35 -18.00
v 8470.59 6882.35 0.00
v 7941.18 6882.35 0.00
v 8470.59 6882.35 -18.00
v 8470.59 7411.77 -18.00
v 8470.59 7411.77 0.00
v 8470.59 6882.35 0.00
v 8470.59 7411.77 -18.00
v 7941.18 7411.77 -18.00
v 7941.18 7411.77 0.00
v 8470.59 7411.77 0.00
v 7941.18 7411.77 -18.00
v 7941.18 6882.35 -18.00
v 7941.18 6882.35 0.00
v 7941.18 7411.77 0.00
v 7941.18 7941.18 -18.00
v 8470.59 7941.18 -18.00
v 8470.59 7411.77 -18.00
v 7941.18 7411.77 -18.00
v 7941.18 7411.77 0.00
v 8470.59 7411.77 0.00
v 8470.59 7941.18 0.00
v 7941.18 7941.18 0.00
v 8470.59 -6882.35 -18.00
v 9000.00 -6882.35 -18.00
v 9000.00 -7411.77 -18.00
v 8470.59 -7411.77 -18.00
v 8470.59 -7411.77 0.00
v 9000.00 -7411.77 0.00
v 9000.00 -6882.35 0.00
v 8470.59 -6882.35 0.00
v 8470.59 -7411.77 -18.00
v 9000.00 -7411.77 -18.00
v 9000.00 -7411.77 0.00
v 8470.59 -7411.77 0.00
v 9000.00 -7411.77 -18.00
v 9000.00 -6882.35 -18.00
v 9000.00 -6882.35 0.00
v 9000.00 -7411.77 0.00
v 9000.00 -6882.35 -18.00
v 8470.59 -6882.35 -18.00
v 8470.59 -6882.35 0.00
v 9000.00 -6882.35 0.00
v 8470.59 -6882.35 -18.00
v 8470.59 -7411.77 -18.00
v 8470.59 -7411.77 0.00
v 8470.59 -6882.35 0.00
v 8470.59 2647.06 -18.00
v 9000.00 2647.06 -18.00
v 9000.00 2117.65 -18.00
v 8470.59 2117.65 -18.00
v 8470.59 2117.65 0.00
v 9000.00 2117.65 0.00
v 9000.00 2647.06 0.00
v 8470.59 2647.06 0.00
v 8470.59 2117.65 -18.00
v 9000.00 2117.65 -18.00
v 9000.00 2117.65 0.00
v 8470.59 2117.65 0.00
v 9000.00 2117.65 -18.00
v 9000.00 2647.06 -18.00
v 9000.00 2647.06 0.00
v 9000.00 2117.65 0.00
v 9000.00 2647.06 -18.00
v 8470.59 2647.06 -18.00
v 8470.59 2647.06 0.00
v 9000.00 2647.06 0.00
v 8470.59 2647.06 -18.00
v 8470.59 2117.65 -18.00
v 8470.59 2117.65 0.00
v 8470.59 2647.06 0.00
v 9000.00 6352.94 -18.00
v 8470.59 6352.94 -18.00
v 8470.59 6352.94 0.00
v 9000.00 6352.94 0.00
v 8470.59 6352.94 -18.00
v 8470.59 5823.53 -18.00
v 8470.59 5823.53 0.00
v 8470.59 6352.94 0.00
v 8470.59 6882.35 -18.00
v 9000.00 6882.35 -18.00
v 9000.00 6352.94 -18.00
v 8470.59 6352.94 -18.00
v 8470.59 6352.94 0.00
v 9000.00 6352.94 0.00
v 9000.00 6882.35 0.00
v 8470.59 6882.35 0.00
v 8470.59 6352.94 -18.00
v 9000.00 6352.94 -18.00
v 9000.00 6352.94 0.00
v 8470.59 6352.94 0.00
v 9000.00 6352.94 -18.00
v 9000.00 6882.35 -18.00
v 9000.00 6882.35 0.00
v 9000.00 6352.94 0.00
v 182.18 29.82 79.50
v 171.21 61.26 75.03
v 187.86 64.28 79.50
v 195.40 34.55 77.75
v 199.84 32.53 84.00
v 187.86 64.28 82.00
v 174.29 60.83 82.00
v 182.18 29.82 82.00
v 195.40 34.55 77.75
v 187.86 64.28 79.50
v 187.86 64.28 82.00
v 199.84 32.53 84.00
v 187.86 64.28 79.50
v 171.21 61.26 75.03
v 174.29 60.83 82.00
v 187.86 64.28 82.00
v 171.21 61.26 75.03
v 182.18 29.82 79.50
v 182.18 29.82 82.00
v 174.29 60.83 82.00
v 182.18 29.82 79.50
v 195.40 34.55 77.75
v 199.84 32.53 84.00
v 182.18 29.82 82.00
v 214.66 -129.96 46.64
v 222.43 -116.17 46.64
v 222.43 -116.17 71.24
v 214.66 -129.96 71.24
v 222.43 -116.17 46.64
v 213.72 -111.26 46.64
v 210.78 -111.96 71.06
v 222.43 -116.17 71.24
v 213.72 -111.26 46.64
v 205.95 -125.06 46.64
v 208.51 -129.99 71.86
v 210.78 -111.96 71.06
v 205.95 -125.06 46.64
v 214.66 -129.96 46.64
v 214.66 -129.96 71.24
v 208.51 -129.99 71.86
v 226.67 -89.63 43.43
v 233.96 -70.29 40.80
v 240.41 -71.07 40.80
v 235.44 -94.14 40.80
v 238.95 -90.23 70.74
v 242.72 -73.96 71.61
v 231.56 -74.72 71.21
v 226.67 -89.63 71.61
v 224.61 -144.33 35.26
v 230.30 -135.07 35.26
v 238.82 -140.30 35.26
v 233.13 -149.57 35.26
v 232.00 -147.72 58.68
v 238.82 -140.30 58.31
v 230.30 -135.07 58.31
v 220.88 -141.36 59.01
v 233.13 -149.57 35.26
v 238.82 -140.30 35.26
v 238.82 -140.30 58.31
v 232.00 -147.72 58.68
v 238.82 -140.30 35.26
v 230.30 -135.07 35.26
v 230.30 -135.07 58.31
v 238.82 -140.30 58.31
v 230.30 -135.07 35.26
v 224.61 -144.33 35.26
v 220.88 -141.36 59.01
v 230.30 -135.07 58.31
v 224.61 -144.33 35.26
v 233.13 -149.57 35.26
v 232.00 -147.72 58.68
v 220.88 -141.36 59.01
v 187.01 100.72 16.22
v 196.25 81.27 16.22
v 196.99 82.54 47.76
v 187.01 100.72 45.03
v 196.25 81.27 16.22
v 205.28 85.56 16.22
v 205.28 85.56 45.03
v 196.99 82.54 47.76
v 185.01 -194.25 20.70
v 193.18 -186.12 20.70
v 200.24 -193.22 20.70
v 192.06 -201.34 20.70
v 192.06 -201.34 45.63
v 200.24 -193.22 45.63
v 193.18 -186.12 45.63
v 186.17 -193.34 47.02
v 192.06 -201.34 20.70
v 200.24 -193.22 20.70
v 200.24 -193.22 45.63
v 192.06 -201.34 45.63
v 200.24 -193.22 20.70
v 193.18 -186.12 20.70
v 193.18 -186.12 45.63
v 200.24 -193.22 45.63
v 187.25 -209.87 13.68
v 197.12 -200.63 13.68
v 197.12 -200.63 32.25
v 187.25 -209.87 32.25
v 197.12 -200.63 13.68
v 190.29 -193.33 13.68
v 192.62 -193.73 30.00
v 197.12 -200.63 32.25
v 190.29 -193.33 13.68
v 180.42 -202.57 13.68
v 180.42 -202.57 32.25
v 192.62 -193.73 30.00
v 180.42 -202.57 13.68
v 187.25 -209.87 13.68
v 187.25 -209.87 32.25
v 180.42 -202.57 32.25
v 230.87 -161.38 16.00
v 239.53 -151.12 15.19
v 245.24 -157.53 16.00
v 237.54 -165.23 16.00
v 239.29 -169.45 32.02
v 247.84 -156.68 32.02
v 239.53 -151.12 32.02
v 230.98 -163.89 32.02
v 190.62 121.16 4.59
v 182.09 133.63 4.59
v 190.35 139.28 4.59
v 198.88 126.80 4.59
v 198.88 126.80 25.86
v 190.35 139.28 25.86
v 182.09 133.63 25.86
v 190.62 121.16 25.86
v 198.88 126.80 4.59
v 190.35 139.28 4.59
v 190.35 139.28 25.86
v 198.88 126.80 25.86
v 190.35 139.28 4.59
v 182.09 133.63 4.59
v 182.09 133.63 25.86
v 190.35 139.28 25.86
v 182.09 133.63 4.59
v 190.62 121.16 4.59
v 190.62 121.16 25.86
v 182.09 133.63 25.86
v 190.62 121.16 4.59
v 198.88 126.80 4.59
v 198.88 126.80 25.86
v 190.62 121.16 25.86

usemtl mat_slate
v 274.35 -79.50 42.00
v 277.31 -52.00 44.00
v 277.31 -52.00 57.00
v 274.35 -79.50 57.00
v 196.15 93.14 57.00
v 193.70 90.78 57.00
v 195.97 95.34 57.00
v 196.15 93.14 57.00
v 195.97 95.34 57.00
v 193.70 90.78 57.00
v 237.88 -155.29 57.00
v 240.45 -154.74 57.00
v 240.88 -156.90 57.00
v 240.88 -156.90 57.00
v 240.45 -154.74 57.00
v 237.88 -155.29 57.00
v 287.21 -52.00 38.00
v 286.34 -48.75 38.00
v 286.34 -48.75 68.00
v 287.21 -52.00 68.00
v 286.34 -48.75 38.00
v 283.96 -46.37 38.00
v 283.96 -46.37 68.00
v 286.34 -48.75 68.00
v 283.96 -46.37 38.00
v 277.46 -46.37 38.00
v 277.46 -46.37 68.00
v 283.96 -46.37 68.00
v 277.46 -46.37 38.00
v 274.21 -52.00 38.00
v 274.21 -52.00 68.00
v 277.46 -46.37 68.00
v 274.21 -52.00 38.00
v 275.08 -55.25 38.00
v 275.08 -55.25 68.00
v 274.21 -52.00 68.00
v 275.08 -55.25 38.00
v 280.71 -58.50 38.00
v 280.71 -58.50 68.00
v 275.08 -55.25 68.00
v 280.71 -58.50 38.00
v 286.34 -55.25 38.00
v 286.34 -55.25 68.00
v 280.71 -58.50 68.00
v 247.21 -157.65 64.40
v 245.18 -163.50 64.40
v 247.55 -160.75 68.00
v 248.58 -156.90 68.00
v 250.89 -156.90 70.00
v 249.55 -151.90 70.00
v 240.88 -156.90 84.25
v 249.55 -151.90 70.00
v 245.88 -148.23 70.00
v 240.88 -156.90 84.25
v 245.88 -148.23 70.00
v 240.88 -146.89 70.00
v 240.88 -156.90 84.25
v 240.88 -146.89 70.00
v 235.87 -148.23 70.00
v 240.88 -156.90 84.25
v 235.87 -148.23 70.00
v 232.21 -151.90 70.00
v 240.88 -156.90 84.25
v 232.21 -151.90 70.00
v 230.87 -156.90 70.00
v 240.88 -156.90 84.25
v 230.87 -156.90 70.00
v 232.21 -161.91 70.00
v 240.88 -156.90 84.25
v 232.21 -161.91 70.00
v 235.87 -165.57 70.00
v 240.88 -156.90 84.25
v 235.87 -165.57 70.00
v 240.88 -166.91 70.00
v 240.88 -156.90 84.25
v 240.88 -166.91 70.00
v 245.88 -165.57 70.00
v 240.88 -156.90 84.25
v 245.88 -165.57 70.00
v 249.55 -161.91 70.00
v 240.88 -156.90 84.25
v 221.70 -43.97 77.05
v 221.70 -36.03 77.05
v 232.13 -35.50 78.24
v 232.13 -44.50 78.24
v 231.78 -44.85 81.95
v 231.78 -35.15 81.95
v 221.35 -35.68 80.22
v 221.35 -44.32 80.22
v 232.13 -44.50 78.24
v 232.13 -35.50 78.24
v 231.78 -35.15 81.95
v 231.78 -44.85 81.95
v 232.13 -35.50 78.24
v 221.70 -36.03 77.05
v 221.35 -35.68 80.22
v 231.78 -35.15 81.95
v 221.70 -36.03 77.05
v 221.70 -43.97 77.05
v 221.35 -44.32 80.22
v 221.35 -35.68 80.22
v 221.70 -43.97 77.05
v 232.13 -44.50 78.24
v 231.78 -44.85 81.95
v 221.35 -44.32 80.22
v 231.78 -44.85 81.95
v 231.78 -35.15 81.95
v 225.84 -35.43 85.85
v 225.84 -44.57 85.85
v 221.35 -44.32 80.22
v 225.84 -44.57 85.85
v 225.84 -35.43 85.85
v 221.35 -35.68 80.22
v 231.78 -44.85 81.95
v 225.84 -44.57 85.85
v 221.35 -44.32 80.22
v 231.78 -35.15 81.95
v 221.35 -35.68 80.22
v 225.84 -35.43 85.85
v 212.31 -44.16 68.80
v 212.31 -35.84 68.80
v 219.12 -35.84 68.80
v 219.12 -44.16 68.80
v 219.12 -44.16 81.26
v 219.12 -35.84 81.26
v 212.31 -35.84 81.26
v 212.31 -44.16 81.26
v 195.54 49.54 68.80
v 190.03 57.26 68.80
v 190.03 57.26 80.89
v 195.54 49.54 80.89
v 190.03 57.26 68.80
v 185.12 53.75 68.80
v 185.12 53.75 80.89
v 190.03 57.26 80.89
v 185.12 53.75 68.80
v 190.63 46.03 68.80
v 190.63 46.03 80.89
v 185.12 53.75 80.89
v 190.63 46.03 68.80
v 195.54 49.54 68.80
v 195.54 49.54 80.89
v 190.63 46.03 80.89
v 190.03 57.26 80.89
v 195.54 49.54 80.89
v 193.27 53.75 87.34
v 187.38 49.54 87.34
v 193.27 53.75 87.34
v 190.63 46.03 80.89
v 184.28 53.89 80.89
v 187.38 49.54 87.34
v 195.54 49.54 80.89
v 190.63 46.03 80.89
v 193.27 53.75 87.34
v 190.03 57.26 80.89
v 187.38 49.54 87.34
v 184.28 53.89 80.89
v 182.15 41.62 68.80
v 178.19 47.16 68.80
v 183.57 51.00 68.80
v 187.52 45.46 68.80
v 189.35 48.22 76.57
v 183.57 51.00 79.14
v 178.19 47.16 79.14
v 182.15 41.62 79.14
v 187.52 45.46 68.80
v 183.57 51.00 68.80
v 183.57 51.00 79.14
v 189.35 48.22 76.57
v 183.57 51.00 68.80
v 178.19 47.16 68.80
v 178.19 47.16 79.14
v 183.57 51.00 79.14
v 219.96 -96.50 76.98
v 223.23 -95.66 76.98
v 220.60 -97.91 80.18
v 219.96 -96.50 80.18
v 203.22 -97.96 68.80
v 206.39 -89.55 68.80
v 213.98 -92.40 68.80
v 212.09 -101.52 68.80
v 210.81 -100.81 82.75
v 213.98 -92.40 82.75
v 206.39 -89.55 82.75
v 203.22 -97.96 82.75
v 212.09 -101.52 68.80
v 213.98 -92.40 68.80
v 213.98 -92.40 82.75
v 210.81 -100.81 82.75
v 213.98 -92.40 68.80
v 206.39 -89.55 68.80
v 206.39 -89.55 82.75
v 213.98 -92.40 82.75
v 206.39 -89.55 68.80
v 203.22 -97.96 68.80
v 203.22 -97.96 82.75
v 206.39 -89.55 82.75
v 203.22 -97.96 68.80
v 212.09 -101.52 68.80
v 210.81 -100.81 82.75
v 203.22 -97.96 82.75
v 203.22 -97.96 82.75
v 206.39 -89.55 82.75
v 213.98 -92.40 82.75
v 210.81 -100.81 82.75
v 211.02 -101.26 88.49
v 214.43 -92.20 88.49
v 206.19 -89.09 88.49
v 202.77 -98.16 88.49
v 210.81 -100.81 82.75
v 213.98 -92.40 82.75
v 214.43 -92.20 88.49
v 211.02 -101.26 88.49
v 213.98 -92.40 82.75
v 206.39 -89.55 82.75
v 206.19 -89.09 88.49
v 214.43 -92.20 88.49
v 206.39 -89.55 82.75
v 203.22 -97.96 82.75
v 202.77 -98.16 88.49
v 206.19 -89.09 88.49
v 179.49 74.51 62.00
v 174.79 72.98 62.00
v 174.79 72.98 86.00
v 179.49 74.51 86.00
v 174.79 68.05 62.00
v 176.89 66.52 62.00
v 176.89 66.52 86.00
v 174.44 66.95 85.96
v 176.89 66.52 62.00
v 181.59 68.05 62.00
v 181.59 68.05 86.00
v 176.89 66.52 86.00
v 181.59 68.05 62.00
v 182.39 70.52 62.00
v 182.39 70.52 86.00
v 181.59 68.05 86.00
v 182.39 70.52 86.00
v 179.49 74.51 86.00
v 174.79 72.98 86.00
v 174.44 66.95 85.96
v 176.89 66.52 86.00
v 181.59 68.05 86.00
v 182.39 70.52 86.00
v 179.94 75.91 86.00
v 178.19 70.52 92.00
v 179.94 75.91 86.00
v 174.79 72.98 86.00
v 178.19 70.52 92.00
v 174.44 66.95 85.96
v 176.89 66.52 86.00
v 178.19 70.52 92.00
v 176.89 66.52 86.00
v 181.59 68.05 86.00
v 178.19 70.52 92.00
v 181.59 68.05 86.00
v 182.39 70.52 86.00
v 178.19 70.52 92.00
v 238.90 -81.79 62.00
v 238.09 -79.32 62.00
v 238.09 -79.32 86.00
v 238.90 -81.79 86.00
v 238.09 -79.32 62.00
v 233.40 -77.80 62.00
v 230.23 -76.33 88.16
v 238.09 -79.32 86.00
v 217.00 -113.94 66.39
v 220.03 -106.92 66.39
v 220.03 -106.92 71.06
v 217.21 -114.39 71.06
v 220.03 -106.92 66.39
v 212.09 -101.52 68.80
v 213.60 -104.49 71.06
v 220.03 -106.92 71.06
v 212.09 -101.52 68.80
v 211.12 -113.89 68.80
v 210.78 -111.96 71.06
v 213.60 -104.49 71.06
v 211.12 -113.89 68.80
v 217.00 -113.94 66.39
v 217.21 -114.39 71.06
v 210.78 -111.96 71.06
v 243.59 -68.35 62.92
v 242.72 -75.68 62.92
v 243.75 -72.08 67.94
v 235.36 -71.09 67.94
v 243.75 -72.08 67.94
v 233.40 -77.80 62.00
v 236.39 -67.49 62.92
v 235.36 -71.09 67.94
v 242.72 -75.68 62.92
v 233.40 -77.80 62.00
v 243.75 -72.08 67.94
v 243.59 -68.35 62.92
v 235.36 -71.09 67.94
v 236.39 -67.49 62.92
v 271.02 0.23 44.50
v 274.04 -0.76 40.80
v 274.04 -0.76 49.08
v 271.02 0.23 45.39
v 253.23 -4.47 40.80
v 251.63 2.01 40.80
v 259.46 3.94 40.80
v 261.05 -2.55 40.80
v 261.05 -2.55 52.26
v 258.52 3.20 54.80
v 252.65 1.78 54.80
v 253.23 -4.47 52.26
v 261.05 -2.55 40.80
v 259.46 3.94 40.80
v 258.52 3.20 54.80
v 261.05 -2.55 52.26
v 235.29 25.01 58.55
v 227.32 21.69 58.55
v 231.14 23.42 63.77
v 235.34 45.89 40.80
v 231.98 52.14 40.80
v 238.28 55.54 40.80
v 241.65 49.29 40.80
v 241.65 49.29 52.47
v 238.28 55.54 52.47
v 231.98 52.14 52.47
v 235.34 45.89 52.47
v 241.65 49.29 40.80
v 238.28 55.54 40.80
v 238.28 55.54 52.47
v 241.65 49.29 52.47
v 218.22 40.70 64.22
v 213.08 33.45 59.32
v 209.33 40.41 59.32
v 210.99 36.81 64.22
v 220.21 37.00 59.32
v 213.08 33.45 59.32
v 218.22 40.70 64.22
v 217.59 42.41 56.00
v 210.99 36.81 64.22
v 209.33 40.41 59.32
v 213.22 33.92 53.94
v 212.54 36.06 54.80
v 213.33 36.02 55.37
v 213.08 33.45 59.32
v 198.39 53.24 49.14
v 193.29 60.27 49.14
v 187.78 56.27 49.14
v 192.88 49.24 49.14
v 198.39 53.24 40.80
v 193.29 60.27 40.80
v 193.29 60.27 49.14
v 198.39 53.24 49.14
v 193.29 60.27 40.80
v 187.78 56.27 40.80
v 187.78 56.27 49.14
v 193.29 60.27 49.14
v 187.78 56.27 40.80
v 192.88 49.24 40.80
v 192.88 49.24 49.14
v 187.78 56.27 49.14
v 194.23 -164.27 40.80
v 199.94 -168.42 40.80
v 199.94 -168.42 48.79
v 194.23 -164.27 48.79
v 205.24 -162.14 48.79
v 200.07 -169.25 48.79
v 202.65 -165.70 53.96
v 195.97 -160.85 53.96
v 202.65 -165.70 53.96
v 194.23 -164.27 48.79
v 198.69 -158.13 48.79
v 195.97 -160.85 53.96
v 200.07 -169.25 48.79
v 194.23 -164.27 48.79
v 202.65 -165.70 53.96
v 229.13 -126.77 40.80
v 235.75 -129.30 40.80
v 235.75 -129.30 51.17
v 229.13 -126.77 51.17
v 238.70 -121.91 54.80
v 236.10 -130.08 51.17
v 237.89 -125.40 57.16
v 234.97 -120.57 59.52
v 237.89 -125.40 57.16
v 229.13 -126.77 51.17
v 231.14 -119.06 54.80
v 234.97 -120.57 59.52
v 236.10 -130.08 51.17
v 229.13 -126.77 51.17
v 237.89 -125.40 57.16
v 255.03 -22.34 28.80
v 262.94 -21.37 28.80
v 262.94 -21.37 39.46
v 255.03 -22.34 39.46
v 254.73 -22.73 39.46
v 254.11 -14.82 39.46
v 262.02 -13.86 39.46
v 262.94 -21.37 39.46
v 261.69 -22.11 40.80
v 262.32 -13.47 43.72
v 253.72 -14.52 43.72
v 254.68 -22.95 40.80
v 262.94 -21.37 39.46
v 262.02 -13.86 39.46
v 262.32 -13.47 43.72
v 261.69 -22.11 40.80
v 237.29 10.58 28.80
v 239.59 1.37 28.80
v 238.59 0.08 40.80
v 237.29 10.58 40.29
v 239.59 1.37 28.80
v 247.47 3.34 28.80
v 245.91 1.88 40.80
v 238.59 0.08 40.80
v 245.18 12.54 40.29
v 245.91 1.88 40.80
v 246.91 8.09 46.74
v 237.86 5.83 46.74
v 246.91 8.09 46.74
v 238.59 0.08 40.80
v 237.29 10.58 40.29
v 237.86 5.83 46.74
v 212.89 58.86 37.05
v 217.13 51.09 37.05
v 215.54 55.26 43.07
v 208.34 51.33 43.07
v 215.54 55.26 43.07
v 210.99 47.73 37.05
v 206.75 55.50 37.05
v 208.34 51.33 43.07
v 217.13 51.09 37.05
v 210.99 47.73 37.05
v 215.54 55.26 43.07
v 212.89 58.86 37.05
v 208.34 51.33 43.07
v 206.75 55.50 37.05
v 205.35 78.11 42.17
v 200.65 88.43 42.00
v 196.99 82.54 47.76
v 202.40 75.19 47.76
v 198.73 73.24 42.17
v 202.40 75.19 47.76
v 196.99 82.54 47.76
v 190.78 76.72 42.00
v 205.35 78.11 42.17
v 202.40 75.19 47.76
v 198.73 73.24 42.17
v 200.65 88.43 42.00
v 190.78 76.72 42.00
v 196.99 82.54 47.76
v 203.71 -136.32 28.80
v 199.94 -143.22 28.80
v 199.94 -143.22 40.83
v 203.71 -136.32 40.83
v 199.94 -143.22 28.80
v 206.00 -146.54 28.80
v 206.00 -146.54 40.83
v 199.94 -143.22 40.83
v 199.94 -143.22 40.83
v 203.71 -136.32 40.83
v 214.05 -138.60 40.80
v 206.00 -146.54 40.83
v 206.14 -147.01 45.70
v 214.05 -138.60 49.41
v 203.57 -135.84 45.70
v 199.46 -143.37 45.70
v 242.81 -103.85 28.80
v 245.05 -94.84 28.80
v 245.05 -94.84 42.36
v 242.81 -103.85 42.36
v 245.05 -94.84 28.80
v 237.81 -93.03 28.80
v 235.44 -94.14 40.80
v 245.05 -94.84 42.36
v 237.81 -93.03 28.80
v 235.56 -102.04 28.80
v 238.90 -104.32 40.80
v 235.44 -94.14 40.80
v 235.56 -102.04 28.80
v 242.81 -103.85 28.80
v 242.81 -103.85 42.36
v 238.90 -104.32 40.80
v 201.18 -156.79 45.14
v 199.45 -160.08 45.38
v 198.69 -158.13 48.79
v 198.69 -158.13 48.79
v 199.45 -160.08 45.38
v 201.18 -156.79 45.14
v 201.18 -156.79 45.14
v 199.45 -160.08 45.38
v 198.69 -158.13 48.79
v 198.69 -158.13 48.79
v 199.45 -160.08 45.38
v 201.18 -156.79 45.14
v 249.75 -115.35 30.00
v 247.15 -111.99 30.00
v 250.49 -113.07 30.00
v 250.49 -113.07 30.00
v 247.15 -111.99 30.00
v 249.75 -115.35 30.00
v 249.75 -115.35 30.00
v 247.15 -111.99 30.00
v 250.49 -113.07 30.00
v 250.49 -113.07 30.00
v 247.15 -111.99 30.00
v 249.75 -115.35 30.00
v 244.63 -111.18 35.04
v 239.97 -112.20 35.28
v 240.71 -109.91 35.28
v 244.63 -111.18 35.04
v 240.71 -109.91 35.28
v 239.97 -112.20 35.28
v 244.63 -111.18 35.04
v 239.97 -112.20 35.28
v 240.71 -109.91 35.28
v 244.63 -111.18 35.04
v 240.71 -109.91 35.28
v 239.97 -112.20 35.28
v 244.63 -111.18 35.04
v 239.97 -112.20 35.28
v 240.71 -109.91 35.28
v 244.63 -111.18 35.04
v 240.71 -109.91 35.28
v 239.97 -112.20 35.28
v 244.63 -111.18 35.04
v 239.83 -109.63 36.00
v 239.97 -112.20 35.28
v 244.63 -111.18 35.04
v 239.97 -112.20 35.28
v 239.83 -109.63 36.00
v 244.63 -111.18 35.04
v 239.83 -109.63 36.00
v 239.97 -112.20 35.28
v 244.63 -111.18 35.04
v 239.97 -112.20 35.28
v 239.83 -109.63 36.00
v 244.63 -111.18 35.04
v 239.83 -109.63 36.00
v 239.97 -112.20 35.28
v 244.63 -111.18 35.04
v 239.97 -112.20 35.28
v 239.83 -109.63 36.00
v 244.63 -111.18 35.04
v 239.83 -109.63 36.00
v 239.97 -112.20 35.28
v 244.63 -111.18 35.04
v 239.97 -112.20 35.28
v 239.83 -109.63 36.00
v 240.71 -109.91 35.28
v 239.83 -109.63 36.00
v 234.99 -110.59 39.36
v 234.40 -110.40 40.08
v 238.48 -109.19 40.08
v 234.99 -110.59 39.36
v 239.97 -112.20 35.28
v 237.74 -111.48 40.08
v 234.40 -110.40 40.08
v 239.97 -112.20 35.28
v 239.83 -109.63 36.00
v 238.48 -109.19 40.08
v 237.74 -111.48 40.08
v 237.74 -111.48 40.08
v 234.40 -110.40 40.08
v 234.85 -108.02 40.08
v 238.48 -109.19 40.08
v 238.48 -109.19 40.08
v 234.85 -108.02 40.08
v 234.40 -110.40 40.08
v 237.74 -111.48 40.08
v 237.74 -111.48 40.08
v 234.40 -110.40 40.08
v 234.85 -108.02 40.08
v 238.48 -109.19 40.08
v 238.48 -109.19 40.08
v 234.85 -108.02 40.08
v 234.40 -110.40 40.08
v 237.74 -111.48 40.08
v 237.74 -111.48 40.08
v 234.40 -110.40 40.08
v 234.85 -108.02 40.08
v 238.48 -109.19 40.08
v 238.48 -109.19 40.08
v 234.85 -108.02 40.08
v 234.40 -110.40 40.08
v 237.74 -111.48 40.08
v 237.74 -111.48 40.08
v 234.40 -110.40 40.08
v 234.85 -108.02 40.08
v 238.48 -109.19 40.08
v 220.72 -262.72 44.00
v 221.50 -256.00 42.00
v 214.00 -256.00 66.00
v 188.00 -247.00 0.00
v 208.00 -247.00 0.00
v 208.70 -261.30 0.00
v 187.30 -261.30 0.00
v 188.00 -265.00 34.00
v 208.00 -265.00 34.00
v 208.00 -247.00 34.00
v 188.00 -247.00 34.00
v 187.30 -261.30 0.00
v 208.70 -261.30 0.00
v 208.00 -265.00 34.00
v 188.00 -265.00 34.00
v 264.15 -250.25 2.50
v 261.29 -250.25 6.19
v 257.30 -250.25 8.78
v 257.30 -261.75 8.78
v 261.29 -261.75 6.19
v 256.30 -261.75 11.60
v 257.30 -250.25 8.78
v 261.29 -250.25 6.19
v 256.30 -250.25 11.60
v 300.30 -261.75 11.60
v 301.30 -261.75 8.78
v 299.89 -261.75 8.78
v 346.80 -249.75 19.60
v 346.40 -250.55 16.70
v 345.20 -251.35 20.40
v 346.80 -249.75 20.40
v 389.80 -261.10 16.70
v 390.40 -261.45 16.70
v 390.80 -262.25 20.40
v 389.20 -262.25 20.40
v 390.40 -261.45 16.70
v 389.80 -261.10 16.70
v 389.20 -262.25 20.40
v 390.80 -262.25 20.40
v 389.20 -249.75 19.60
v 390.80 -249.75 19.60
v 390.40 -250.55 16.70
v 389.80 -250.20 16.70
v 240.23 -186.78 41.00
v 244.58 -190.24 41.00
v 246.00 -184.00 58.00
v 244.58 -190.24 41.00
v 247.42 -190.24 41.00
v 246.00 -184.00 58.00
v 247.42 -190.24 41.00
v 251.77 -186.78 41.00
v 246.00 -184.00 58.00
v 251.77 -186.78 41.00
v 252.40 -184.00 41.00
v 246.00 -184.00 58.00
v -0.00 -5294.12 0.00
v 529.41 -5294.12 0.00
v 529.41 -4764.71 0.00
v -0.00 -4764.71 0.00
v -0.00 -5294.12 -18.00
v 529.41 -5294.12 -18.00
v 529.41 -5294.12 0.00
v -0.00 -5294.12 0.00
v 529.41 -5294.12 -18.00
v 529.41 -4764.71 -18.00
v 529.41 -4764.71 0.00
v 529.41 -5294.12 0.00
v 529.41 -4764.71 -18.00
v -0.00 -4764.71 -18.00
v -0.00 -4764.71 0.00
v 529.41 -4764.71 0.00
v -0.00 7411.77 -18.00
v 529.41 7411.77 -18.00
v 529.41 6882.35 -18.00
v -0.00 6882.35 -18.00
v -0.00 6882.35 0.00
v 529.41 6882.35 0.00
v 529.41 7411.77 0.00
v -0.00 7411.77 0.00
v -0.00 6882.35 -18.00
v 529.41 6882.35 -18.00
v 529.41 6882.35 0.00
v -0.00 6882.35 0.00
v 529.41 6882.35 -18.00
v 529.41 7411.77 -18.00
v 529.41 7411.77 0.00
v 529.41 6882.35 0.00
v 1058.82 -1588.23 -18.00
v 1588.23 -1588.23 -18.00
v 1588.23 -2117.65 -18.00
v 1058.82 -2117.65 -18.00
v 2117.65 -7941.18 -18.00
v 2117.65 -7411.77 -18.00
v 2117.65 -7411.77 0.00
v 2117.65 -7941.18 0.00
v 2117.65 -7411.77 -18.00
v 1588.23 -7411.77 -18.00
v 1588.23 -7411.77 0.00
v 2117.65 -7411.77 0.00
v 1588.23 -7411.77 -18.00
v 1588.23 -7941.18 -18.00
v 1588.23 -7941.18 0.00
v 1588.23 -7411.77 0.00
v 1588.23 -6882.35 -18.00
v 2117.65 -6882.35 -18.00
v 2117.65 -7411.77 -18.00
v 1588.23 -7411.77 -18.00
v 2117.65 -6882.35 -18.00
v 2117.65 -7411.77 -18.00
v 2117.65 -7411.77 0.00
v 2117.65 -6882.35 0.00
v 2117.65 -6352.94 -18.00
v 2647.06 -6352.94 -18.00
v 2647.06 -6882.35 -18.00
v 2117.65 -6882.35 -18.00
v 2117.65 -6882.35 0.00
v 2647.06 -6882.35 0.00
v 2647.06 -6352.94 0.00
v 2117.65 -6352.94 0.00
v 2117.65 -6882.35 -18.00
v 2647.06 -6882.35 -18.00
v 2647.06 -6882.35 0.00
v 2117.65 -6882.35 0.00
v 2647.06 -3176.47 -18.00
v 2647.06 -3705.88 -18.00
v 2647.06 -3705.88 0.00
v 2647.06 -3176.47 0.00
v 2647.06 -2647.06 -18.00
v 3176.47 -2647.06 -18.00
v 3176.47 -3176.47 -18.00
v 2647.06 -3176.47 -18.00
v 2647.06 -3176.47 0.00
v 3176.47 -3176.47 0.00
v 3176.47 -2647.06 0.00
v 2647.06 -2647.06 0.00
v 2647.06 -3176.47 -18.00
v 3176.47 -3176.47 -18.00
v 3176.47 -3176.47 0.00
v 2647.06 -3176.47 0.00
v 2647.06 529.41 -18.00
v 3176.47 529.41 -18.00
v 3176.47 529.41 0.00
v 2647.06 529.41 0.00
v 3176.47 529.41 -18.00
v 3176.47 1058.82 -18.00
v 3176.47 1058.82 0.00
v 3176.47 529.41 0.00
v 3176.47 1058.82 -18.00
v 2647.06 1058.82 -18.00
v 2647.06 1058.82 0.00
v 3176.47 1058.82 0.00
v 2647.06 1058.82 -18.00
v 2647.06 529.41 -18.00
v 2647.06 529.41 0.00
v 2647.06 1058.82 0.00
v 2647.06 1588.23 -18.00
v 3176.47 1588.23 -18.00
v 3176.47 1058.82 -18.00
v 2647.06 1058.82 -18.00
v 2647.06 1058.82 0.00
v 3176.47 1058.82 0.00
v 3176.47 1588.23 0.00
v 2647.06 1588.23 0.00
v 2647.06 1058.82 -18.00
v 3176.47 1058.82 -18.00
v 3176.47 1058.82 0.00
v 2647.06 1058.82 0.00
v 3176.47 1058.82 -18.00
v 3176.47 1588.23 -18.00
v 3176.47 1588.23 0.00
v 3176.47 1058.82 0.00
v 3176.47 1588.23 -18.00
v 2647.06 1588.23 -18.00
v 2647.06 1588.23 0.00
v 3176.47 1588.23 0.00
v 2647.06 1588.23 -18.00
v 2647.06 1058.82 -18.00
v 2647.06 1058.82 0.00
v 2647.06 1588.23 0.00
v 2647.06 2647.06 -18.00
v 2647.06 2117.65 -18.00
v 2647.06 2117.65 0.00
v 2647.06 2647.06 0.00
v 2647.06 3176.47 -18.00
v 3176.47 3176.47 -18.00
v 3176.47 2647.06 -18.00
v 2647.06 2647.06 -18.00
v 2647.06 2647.06 0.00
v 3176.47 2647.06 0.00
v 3176.47 3176.47 0.00
v 2647.06 3176.47 0.00
v 2647.06 2647.06 -18.00
v 3176.47 2647.06 -18.00
v 3176.47 2647.06 0.00
v 2647.06 2647.06 0.00
v 3176.47 2647.06 -18.00
v 3176.47 3176.47 -18.00
v 3176.47 3176.47 0.00
v 3176.47 2647.06 0.00
v 3176.47 3176.47 -18.00
v 2647.06 3176.47 -18.00
v 2647.06 3176.47 0.00
v 3176.47 3176.47 0.00
v 2647.06 3176.47 -18.00
v 2647.06 2647.06 -18.00
v 2647.06 2647.06 0.00
v 2647.06 3176.47 0.00
v 2647.06 3705.88 -18.00
v 3176.47 3705.88 -18.00
v 3176.47 3176.47 -18.00
v 2647.06 3176.47 -18.00
v 2647.06 3176.47 0.00
v 3176.47 3176.47 0.00
v 3176.47 3705.88 0.00
v 2647.06 3705.88 0.00
v 2647.06 3176.47 -18.00
v 3176.47 3176.47 -18.00
v 3176.47 3176.47 0.00
v 2647.06 3176.47 0.00
v 2647.06 4235.29 -18.00
v 3176.47 4235.29 -18.00
v 3176.47 4235.29 0.00
v 2647.06 4235.29 0.00
v 3176.47 4235.29 -18.00
v 3176.47 4764.71 -18.00
v 3176.47 4764.71 0.00
v 3176.47 4235.29 0.00
v 3176.47 4764.71 -18.00
v 2647.06 4764.71 -18.00
v 2647.06 4764.71 0.00
v 3176.47 4764.71 0.00
v 2647.06 4764.71 -18.00
v 2647.06 4235.29 -18.00
v 2647.06 4235.29 0.00
v 2647.06 4764.71 0.00
v 2647.06 5294.12 -18.00
v 3176.47 5294.12 -18.00
v 3176.47 4764.71 -18.00
v 2647.06 4764.71 -18.00
v 2647.06 4764.71 0.00
v 3176.47 4764.71 0.00
v 3176.47 5294.12 0.00
v 2647.06 5294.12 0.00
v 2647.06 4764.71 -18.00
v 3176.47 4764.71 -18.00
v 3176.47 4764.71 0.00
v 2647.06 4764.71 0.00
v 3176.47 4764.71 -18.00
v 3176.47 5294.12 -18.00
v 3176.47 5294.12 0.00
v 3176.47 4764.71 0.00
v 3176.47 5294.12 -18.00
v 2647.06 5294.12 -18.00
v 2647.06 5294.12 0.00
v 3176.47 5294.12 0.00
v 2647.06 5294.12 -18.00
v 2647.06 4764.71 -18.00
v 2647.06 4764.71 0.00
v 2647.06 5294.12 0.00
v 3705.88 -7941.18 -18.00
v 3176.47 -7941.18 -18.00
v 3176.47 -7941.18 0.00
v 3705.88 -7941.18 0.00
v 3176.47 -7941.18 -18.00
v 3176.47 -8470.59 -18.00
v 3176.47 -8470.59 0.00
v 3176.47 -7941.18 0.00
v 3176.47 -7411.77 -18.00
v 3705.88 -7411.77 -18.00
v 3705.88 -7941.18 -18.00
v 3176.47 -7941.18 -18.00
v 3176.47 -7941.18 0.00
v 3705.88 -7941.18 0.00
v 3705.88 -7411.77 0.00
v 3176.47 -7411.77 0.00
v 3176.47 -529.41 -18.00
v 3705.88 -529.41 -18.00
v 3705.88 -1058.82 -18.00
v 3176.47 -1058.82 -18.00
v 3176.47 -1058.82 0.00
v 3705.88 -1058.82 0.00
v 3705.88 -529.41 0.00
v 3176.47 -529.41 0.00
v 3176.47 -1058.82 -18.00
v 3705.88 -1058.82 -18.00
v 3705.88 -1058.82 0.00
v 3176.47 -1058.82 0.00
v 3705.88 -1058.82 -18.00
v 3705.88 -529.41 -18.00
v 3705.88 -529.41 0.00
v 3705.88 -1058.82 0.00
v 4235.29 -4764.71 -18.00
v 3705.88 -4764.71 -18.00
v 3705.88 -4764.71 0.00
v 4235.29 -4764.71 0.00
v 3705.88 -4764.71 -18.00
v 3705.88 -5294.12 -18.00
v 3705.88 -5294.12 0.00
v 3705.88 -4764.71 0.00
v 3705.88 -4235.29 -18.00
v 4235.29 -4235.29 -18.00
v 4235.29 -4764.71 -18.00
v 3705.88 -4764.71 -18.00
v 3705.88 -4764.71 0.00
v 4235.29 -4764.71 0.00
v 4235.29 -4235.29 0.00
v 3705.88 -4235.29 0.00
v 3705.88 2647.06 -18.00
v 4235.29 2647.06 -18.00
v 4235.29 2117.65 -18.00
v 3705.88 2117.65 -18.00
v 3705.88 2117.65 0.00
v 4235.29 2117.65 0.00
v 4235.29 2647.06 0.00
v 3705.88 2647.06 0.00
v 3705.88 2117.65 -18.00
v 4235.29 2117.65 -18.00
v 4235.29 2117.65 0.00
v 3705.88 2117.65 0.00
v 4235.29 2117.65 -18.00
v 4235.29 2647.06 -18.00
v 4235.29 2647.06 0.00
v 4235.29 2117.65 0.00
v 4235.29 5823.53 -18.00
v 4764.71 5823.53 -18.00
v 4764.71 5294.12 -18.00
v 4235.29 5294.12 -18.00
v 4235.29 5294.12 0.00
v 4764.71 5294.12 0.00
v 4764.71 5823.53 0.00
v 4235.29 5823.53 0.00
v 4235.29 5294.12 -18.00
v 4764.71 5294.12 -18.00
v 4764.71 5294.12 0.00
v 4235.29 5294.12 0.00
v 4764.71 5294.12 -18.00
v 4764.71 5823.53 -18.00
v 4764.71 5823.53 0.00
v 4764.71 5294.12 0.00
v 4764.71 -2647.06 -18.00
v 5294.12 -2647.06 -18.00
v 5294.12 -3176.47 -18.00
v 4764.71 -3176.47 -18.00
v 4764.71 -3176.47 0.00
v 5294.12 -3176.47 0.00
v 5294.12 -2647.06 0.00
v 4764.71 -2647.06 0.00
v 4764.71 -3176.47 -18.00
v 5294.12 -3176.47 -18.00
v 5294.12 -3176.47 0.00
v 4764.71 -3176.47 0.00
v 5294.12 -3176.47 -18.00
v 5294.12 -2647.06 -18.00
v 5294.12 -2647.06 0.00
v 5294.12 -3176.47 0.00
v 5294.12 529.41 -18.00
v 4764.71 529.41 -18.00
v 4764.71 529.41 0.00
v 5294.12 529.41 0.00
v 4764.71 529.41 -18.00
v 4764.71 -0.00 -18.00
v 4764.71 -0.00 0.00
v 4764.71 529.41 0.00
v 4764.71 1058.82 -18.00
v 5294.12 1058.82 -18.00
v 5294.12 529.41 -18.00
v 4764.71 529.41 -18.00
v 4764.71 529.41 0.00
v 5294.12 529.41 0.00
v 5294.12 1058.82 0.00
v 4764.71 1058.82 0.00
v 4764.71 7411.77 -18.00
v 5294.12 7411.77 -18.00
v 5294.12 7411.77 0.00
v 4764.71 7411.77 0.00
v 5294.12 7411.77 -18.00
v 5294.12 7941.18 -18.00
v 5294.12 7941.18 0.00
v 5294.12 7411.77 0.00
v 5294.12 7941.18 -18.00
v 4764.71 7941.18 -18.00
v 4764.71 7941.18 0.00
v 5294.12 7941.18 0.00
v 5294.12 6882.35 0.00
v 5823.53 6882.35 0.00
v 5823.53 7411.77 0.00
v 5294.12 7411.77 0.00
v 5294.12 6882.35 -18.00
v 5823.53 6882.35 -18.00
v 5823.53 6882.35 0.00
v 5294.12 6882.35 0.00
v 5823.53 6882.35 -18.00
v 5823.53 7411.77 -18.00
v 5823.53 7411.77 0.00
v 5823.53 6882.35 0.00
v 5823.53 7411.77 -18.00
v 5294.12 7411.77 -18.00
v 5294.12 7411.77 0.00
v 5823.53 7411.77 0.00
v 5823.53 -529.41 0.00
v 6352.94 -529.41 0.00
v 6352.94 -0.00 0.00
v 5823.53 -0.00 0.00
v 5823.53 -529.41 -18.00
v 6352.94 -529.41 -18.00
v 6352.94 -529.41 0.00
v 5823.53 -529.41 0.00
v 6352.94 -529.41 -18.00
v 6352.94 -0.00 -18.00
v 6352.94 -0.00 0.00
v 6352.94 -529.41 0.00
v 6352.94 -0.00 -18.00
v 5823.53 -0.00 -18.00
v 5823.53 -0.00 0.00
v 6352.94 -0.00 0.00
v 6352.94 -7941.18 0.00
v 6882.35 -7941.18 0.00
v 6882.35 -7411.77 0.00
v 6352.94 -7411.77 0.00
v 6352.94 -7941.18 -18.00
v 6882.35 -7941.18 -18.00
v 6882.35 -7941.18 0.00
v 6352.94 -7941.18 0.00
v 6882.35 -7941.18 -18.00
v 6882.35 -7411.77 -18.00
v 6882.35 -7411.77 0.00
v 6882.35 -7941.18 0.00
v 6882.35 -7411.77 -18.00
v 6352.94 -7411.77 -18.00
v 6352.94 -7411.77 0.00
v 6882.35 -7411.77 0.00
v 6352.94 -4764.71 -18.00
v 6352.94 -5294.12 -18.00
v 6352.94 -5294.12 0.00
v 6352.94 -4764.71 0.00
v 6352.94 -4235.29 -18.00
v 6882.35 -4235.29 -18.00
v 6882.35 -4764.71 -18.00
v 6352.94 -4764.71 -18.00
v 6352.94 -4764.71 0.00
v 6882.35 -4764.71 0.00
v 6882.35 -4235.29 0.00
v 6352.94 -4235.29 0.00
v 6352.94 -4764.71 -18.00
v 6882.35 -4764.71 -18.00
v 6882.35 -4764.71 0.00
v 6352.94 -4764.71 0.00
v 6352.94 5294.12 -18.00
v 6352.94 4764.71 -18.00
v 6352.94 4764.71 0.00
v 6352.94 5294.12 0.00
v 6352.94 5823.53 -18.00
v 6882.35 5823.53 -18.00
v 6882.35 5294.12 -18.00
v 6352.94 5294.12 -18.00
v 6352.94 5294.12 0.00
v 6882.35 5294.12 0.00
v 6882.35 5823.53 0.00
v 6352.94 5823.53 0.00
v 6352.94 5294.12 -18.00
v 6882.35 5294.12 -18.00
v 6882.35 5294.12 0.00
v 6352.94 5294.12 0.00
v 6352.94 8470.59 -18.00
v 6882.35 8470.59 -18.00
v 6882.35 8470.59 0.00
v 6352.94 8470.59 0.00
v 6882.35 8470.59 -18.00
v 6882.35 9000.00 -18.00
v 6882.35 9000.00 0.00
v 6882.35 8470.59 0.00
v 6882.35 9000.00 -18.00
v 6352.94 9000.00 -18.00
v 6352.94 9000.00 0.00
v 6882.35 9000.00 0.00
v 6352.94 9000.00 -18.00
v 6352.94 8470.59 -18.00
v 6352.94 8470.59 0.00
v 6352.94 9000.00 0.00
v 6882.35 -8470.59 -18.00
v 7411.77 -8470.59 -18.00
v 7411.77 -9000.00 -18.00
v 6882.35 -9000.00 -18.00
v 6882.35 -9000.00 0.00
v 7411.77 -9000.00 0.00
v 7411.77 -8470.59 0.00
v 6882.35 -8470.59 0.00
v 6882.35 -9000.00 -18.00
v 7411.77 -9000.00 -18.00
v 7411.77 -9000.00 0.00
v 6882.35 -9000.00 0.00
v 7411.77 -9000.00 -18.00
v 7411.77 -8470.59 -18.00
v 7411.77 -8470.59 0.00
v 7411.77 -9000.00 0.00
v 7411.77 -8470.59 -18.00
v 6882.35 -8470.59 -18.00
v 6882.35 -8470.59 0.00
v 7411.77 -8470.59 0.00
v 6882.35 -8470.59 -18.00
v 6882.35 -9000.00 -18.00
v 6882.35 -9000.00 0.00
v 6882.35 -8470.59 0.00
v 6882.35 -7411.77 -18.00
v 6882.35 -7941.18 -18.00
v 6882.35 -7941.18 0.00
v 6882.35 -7411.77 0.00
v 6882.35 -6882.35 -18.00
v 7411.77 -6882.35 -18.00
v 7411.77 -7411.77 -18.00
v 6882.35 -7411.77 -18.00
v 6882.35 -7411.77 0.00
v 7411.77 -7411.77 0.00
v 7411.77 -6882.35 0.00
v 6882.35 -6882.35 0.00
v 6882.35 -7411.77 -18.00
v 7411.77 -7411.77 -18.00
v 7411.77 -7411.77 0.00
v 6882.35 -7411.77 0.00
v 7411.77 -7411.77 -18.00
v 7411.77 -6882.35 -18.00
v 7411.77 -6882.35 0.00
v 7411.77 -7411.77 0.00
v 7411.77 -6882.35 -18.00
v 6882.35 -6882.35 -18.00
v 6882.35 -6882.35 0.00
v 7411.77 -6882.35 0.00
v 6882.35 -6882.35 -18.00
v 6882.35 -7411.77 -18.00
v 6882.35 -7411.77 0.00
v 6882.35 -6882.35 0.00
v 6882.35 -6352.94 -18.00
v 7411.77 -6352.94 -18.00
v 7411.77 -6882.35 -18.00
v 6882.35 -6882.35 -18.00
v 6882.35 -6882.35 0.00
v 7411.77 -6882.35 0.00
v 7411.77 -6352.94 0.00
v 6882.35 -6352.94 0.00
v 6882.35 -6882.35 -18.00
v 7411.77 -6882.35 -18.00
v 7411.77 -6882.35 0.00
v 6882.35 -6882.35 0.00
v 6882.35 -5823.53 -18.00
v 7411.77 -5823.53 -18.00
v 7411.77 -5823.53 0.00
v 6882.35 -5823.53 0.00
v 7411.77 -5823.53 -18.00
v 7411.77 -5294.12 -18.00
v 7411.77 -5294.12 0.00
v 7411.77 -5823.53 0.00
v 7411.77 -5294.12 -18.00
v 6882.35 -5294.12 -18.00
v 6882.35 -5294.12 0.00
v 7411.77 -5294.12 0.00
v 6882.35 -5294.12 -18.00
v 6882.35 -5823.53 -18.00
v 6882.35 -5823.53 0.00
v 6882.35 -5294.12 0.00
v 6882.35 -4764.71 -18.00
v 7411.77 -4764.71 -18.00
v 7411.77 -5294.12 -18.00
v 6882.35 -5294.12 -18.00
v 6882.35 -5294.12 0.00
v 7411.77 -5294.12 0.00
v 7411.77 -4764.71 0.00
v 6882.35 -4764.71 0.00
v 6882.35 -5294.12 -18.00
v 7411.77 -5294.12 -18.00
v 7411.77 -5294.12 0.00
v 6882.35 -5294.12 0.00
v 7411.77 -5294.12 -18.00
v 7411.77 -4764.71 -18.00
v 7411.77 -4764.71 0.00
v 7411.77 -5294.12 0.00
v 7411.77 -4764.71 -18.00
v 6882.35 -4764.71 -18.00
v 6882.35 -4764.71 0.00
v 7411.77 -4764.71 0.00
v 6882.35 -4764.71 -18.00
v 6882.35 -5294.12 -18.00
v 6882.35 -5294.12 0.00
v 6882.35 -4764.71 0.00
v 7411.77 -1058.82 -18.00
v 7941.18 -1058.82 -18.00
v 7941.18 -1588.23 -18.00
v 7411.77 -1588.23 -18.00
v 7411.77 -1588.23 0.00
v 7941.18 -1588.23 0.00
v 7941.18 -1058.82 0.00
v 7411.77 -1058.82 0.00
v 7411.77 -1588.23 -18.00
v 7941.18 -1588.23 -18.00
v 7941.18 -1588.23 0.00
v 7411.77 -1588.23 0.00
v 7941.18 -1588.23 -18.00
v 7941.18 -1058.82 -18.00
v 7941.18 -1058.82 0.00
v 7941.18 -1588.23 0.00
v 7411.77 9000.00 -18.00
v 7941.18 9000.00 -18.00
v 7941.18 8470.59 -18.00
v 7411.77 8470.59 -18.00
v 7411.77 8470.59 0.00
v 7941.18 8470.59 0.00
v 7941.18 9000.00 0.00
v 7411.77 9000.00 0.00
v 7411.77 8470.59 -18.00
v 7941.18 8470.59 -18.00
v 7941.18 8470.59 0.00
v 7411.77 8470.59 0.00
v 7941.18 8470.59 -18.00
v 7941.18 9000.00 -18.00
v 7941.18 9000.00 0.00
v 7941.18 8470.59 0.00
v 8470.59 -5823.53 -18.00
v 7941.18 -5823.53 -18.00
v 7941.18 -5823.53 0.00
v 8470.59 -5823.53 0.00
v 7941.18 -5823.53 -18.00
v 7941.18 -6352.94 -18.00
v 7941.18 -6352.94 0.00
v 7941.18 -5823.53 0.00
v 7941.18 -5294.12 -18.00
v 8470.59 -5294.12 -18.00
v 8470.59 -5823.53 -18.00
v 7941.18 -5823.53 -18.00
v 7941.18 -5823.53 0.00
v 8470.59 -5823.53 0.00
v 8470.59 -5294.12 0.00
v 7941.18 -5294.12 0.00
v 7941.18 -2647.06 -18.00
v 8470.59 -2647.06 -18.00
v 8470.59 -2647.06 0.00
v 7941.18 -2647.06 0.00
v 8470.59 -2647.06 -18.00
v 8470.59 -2117.65 -18.00
v 8470.59 -2117.65 0.00
v 8470.59 -2647.06 0.00
v 8470.59 -2117.65 -18.00
v 7941.18 -2117.65 -18.00
v 7941.18 -2117.65 0.00
v 8470.59 -2117.65 0.00
v 7941.18 -2117.65 -18.00
v 7941.18 -2647.06 -18.00
v 7941.18 -2647.06 0.00
v 7941.18 -2117.65 0.00
v 8470.59 4764.71 -18.00
v 7941.18 4764.71 -18.00
v 7941.18 4764.71 0.00
v 8470.59 4764.71 0.00
v 7941.18 4764.71 -18.00
v 7941.18 4235.29 -18.00
v 7941.18 4235.29 0.00
v 7941.18 4764.71 0.00
v 7941.18 5294.12 -18.00
v 8470.59 5294.12 -18.00
v 8470.59 4764.71 -18.00
v 7941.18 4764.71 -18.00
v 7941.18 4764.71 0.00
v 8470.59 4764.71 0.00
v 8470.59 5294.12 0.00
v 7941.18 5294.12 0.00
v 8470.59 -5823.53 -18.00
v 9000.00 -5823.53 -18.00
v 9000.00 -6352.94 -18.00
v 8470.59 -6352.94 -18.00
v 8470.59 -6352.94 0.00
v 9000.00 -6352.94 0.00
v 9000.00 -5823.53 0.00
v 8470.59 -5823.53 0.00
v 8470.59 -6352.94 -18.00
v 9000.00 -6352.94 -18.00
v 9000.00 -6352.94 0.00
v 8470.59 -6352.94 0.00
v 9000.00 -6352.94 -18.00
v 9000.00 -5823.53 -18.00
v 9000.00 -5823.53 0.00
v 9000.00 -6352.94 0.00
v 9000.00 -3176.47 -18.00
v 8470.59 -3176.47 -18.00
v 8470.59 -3176.47 0.00
v 9000.00 -3176.47 0.00
v 8470.59 -3176.47 -18.00
v 8470.59 -3705.88 -18.00
v 8470.59 -3705.88 0.00
v 8470.59 -3176.47 0.00
v 8470.59 -2647.06 -18.00
v 9000.00 -2647.06 -18.00
v 9000.00 -3176.47 -18.00
v 8470.59 -3176.47 -18.00
v 8470.59 -3176.47 0.00
v 9000.00 -3176.47 0.00
v 9000.00 -2647.06 0.00
v 8470.59 -2647.06 0.00
v 8470.59 -529.41 -18.00
v 9000.00 -529.41 -18.00
v 9000.00 -529.41 0.00
v 8470.59 -529.41 0.00
v 9000.00 -529.41 -18.00
v 9000.00 -0.00 -18.00
v 9000.00 -0.00 0.00
v 9000.00 -529.41 0.00
v 9000.00 -0.00 -18.00
v 8470.59 -0.00 -18.00
v 8470.59 -0.00 0.00
v 9000.00 -0.00 0.00
v 8470.59 -0.00 -18.00
v 8470.59 -529.41 -18.00
v 8470.59 -529.41 0.00
v 8470.59 -0.00 0.00
v 8470.59 4235.29 -18.00
v 9000.00 4235.29 -18.00
v 9000.00 3705.88 -18.00
v 8470.59 3705.88 -18.00
v 8470.59 3705.88 0.00
v 9000.00 3705.88 0.00
v 9000.00 4235.29 0.00
v 8470.59 4235.29 0.00
v 8470.59 3705.88 -18.00
v 9000.00 3705.88 -18.00
v 9000.00 3705.88 0.00
v 8470.59 3705.88 0.00
v 9000.00 3705.88 -18.00
v 9000.00 4235.29 -18.00
v 9000.00 4235.29 0.00
v 9000.00 3705.88 0.00
v 8470.59 7941.18 -18.00
v 9000.00 7941.18 -18.00
v 9000.00 7411.77 -18.00
v 8470.59 7411.77 -18.00
v 8470.59 7411.77 0.00
v 9000.00 7411.77 0.00
v 9000.00 7941.18 0.00
v 8470.59 7941.18 0.00
v 215.48 7.79 58.69
v 214.30 23.84 58.69
v 214.30 23.84 87.24
v 215.48 7.79 87.24
v 214.30 23.84 58.69
v 204.33 23.11 58.69
v 204.33 23.11 87.24
v 214.30 23.84 87.24
v 204.33 23.11 58.69
v 205.51 7.06 58.69
v 205.51 7.06 87.24
v 204.33 23.11 87.24
v 205.51 7.06 58.69
v 215.48 7.79 58.69
v 215.48 7.79 87.24
v 205.51 7.06 87.24
v 249.41 -50.69 72.89
v 252.63 -30.91 72.89
v 243.31 -27.97 71.85
v 237.23 -50.00 70.66
v 248.08 -53.73 54.80
v 251.74 -30.92 54.80
v 252.63 -30.91 72.89
v 249.41 -50.69 72.89
v 251.74 -30.92 54.80
v 242.76 -29.31 51.98
v 243.31 -27.97 71.85
v 252.63 -30.91 72.89
v 242.76 -29.31 51.98
v 236.63 -46.18 54.80
v 237.23 -50.00 70.66
v 243.31 -27.97 71.85
v 270.43 -62.02 30.59
v 274.58 -39.82 30.59
v 274.58 -39.82 58.46
v 270.43 -62.02 58.46
v 274.58 -39.82 30.59
v 264.75 -37.98 30.59
v 264.75 -37.98 58.46
v 274.58 -39.82 58.46
v 264.75 -37.98 30.59
v 260.60 -60.18 30.59
v 260.60 -60.18 58.46
v 264.75 -37.98 58.46
v 260.60 -60.18 30.59
v 270.43 -62.02 30.59
v 270.43 -62.02 58.46
v 260.60 -60.18 58.46
v 255.81 -107.04 -1.27
v 262.97 -87.98 -1.27
v 272.33 -91.50 -1.27
v 265.17 -110.56 -1.27
v 265.17 -110.56 25.54
v 272.33 -91.50 25.54
v 262.97 -87.98 25.54
v 255.88 -105.69 28.80
v 265.17 -110.56 -1.27
v 272.33 -91.50 -1.27
v 272.33 -91.50 25.54
v 265.17 -110.56 25.54
v 272.33 -91.50 -1.27
v 262.97 -87.98 -1.27
v 262.97 -87.98 25.54
v 272.33 -91.50 25.54

usemtl mat_gilded
v 286.34 -55.25 38.00
v 287.21 -52.00 38.00
v 287.21 -52.00 68.00
v 286.34 -55.25 68.00
v 287.21 -52.00 68.00
v 286.34 -48.75 68.00
v 283.96 -46.37 68.00
v 277.46 -46.37 68.00
v 274.21 -52.00 68.00
v 275.08 -55.25 68.00
v 280.71 -58.50 68.00
v 286.34 -55.25 68.00
v 285.94 -52.75 64.40
v 287.10 -49.76 64.40
v 286.34 -48.75 68.00
v 287.21 -52.00 68.00
v 287.10 -49.76 64.40
v 285.94 -52.75 64.40
v 287.21 -52.00 68.00
v 286.34 -48.75 68.00
v 284.56 -48.38 64.40
v 287.10 -49.76 64.40
v 286.34 -48.75 68.00
v 283.96 -46.37 68.00
v 287.10 -49.76 64.40
v 284.56 -48.38 64.40
v 283.96 -46.37 68.00
v 286.34 -48.75 68.00
v 284.56 -48.38 64.40
v 279.94 -45.27 64.40
v 277.46 -46.37 68.00
v 283.96 -46.37 68.00
v 249.55 -161.91 70.00
v 250.89 -156.90 70.00
v 240.88 -156.90 84.25
v 246.09 -40.00 70.00
v 249.13 -17.82 70.00
v 243.29 -40.00 70.00
v 249.13 -17.82 81.00
v 246.09 -40.00 81.00
v 243.29 -40.00 81.00
v 243.29 -40.00 70.00
v 249.13 -17.82 70.00
v 249.13 -17.82 81.00
v 243.29 -40.00 81.00
v 249.13 -17.82 70.00
v 246.09 4.55 70.00
v 243.37 3.89 70.00
v 246.09 4.55 81.00
v 249.13 -17.82 81.00
v 243.37 3.89 81.00
v 249.13 -17.82 70.00
v 243.37 3.89 70.00
v 243.37 3.89 81.00
v 249.13 -17.82 81.00
v 219.12 -44.16 68.80
v 219.12 -35.84 68.80
v 219.12 -35.84 81.26
v 219.12 -44.16 81.26
v 219.12 -35.84 68.80
v 212.31 -35.84 68.80
v 212.31 -35.84 81.26
v 219.12 -35.84 81.26
v 212.31 -35.84 68.80
v 212.31 -44.16 68.80
v 212.31 -44.16 81.26
v 212.31 -35.84 81.26
v 212.31 -44.16 68.80
v 219.12 -44.16 68.80
v 219.12 -44.16 81.26
v 212.31 -44.16 81.26
v 219.12 -35.84 81.26
v 219.12 -44.16 81.26
v 219.72 -40.00 86.92
v 211.71 -40.00 86.92
v 219.72 -40.00 86.92
v 212.31 -44.16 81.26
v 212.31 -35.84 81.26
v 211.71 -40.00 86.92
v 219.12 -44.16 81.26
v 212.31 -44.16 81.26
v 219.72 -40.00 86.92
v 178.19 47.16 68.80
v 182.15 41.62 68.80
v 182.15 41.62 79.14
v 178.19 47.16 79.14
v 182.15 41.62 68.80
v 187.52 45.46 68.80
v 189.35 48.22 76.57
v 182.15 41.62 79.14
v 183.57 51.00 79.14
v 189.35 48.22 76.57
v 185.02 47.05 84.00
v 179.68 44.04 83.77
v 185.02 47.05 84.00
v 182.15 41.62 79.14
v 178.19 47.16 79.14
v 179.68 44.04 83.77
v 189.35 48.22 76.57
v 182.15 41.62 79.14
v 185.02 47.05 84.00
v 183.57 51.00 79.14
v 179.68 44.04 83.77
v 178.19 47.16 79.14
v 175.16 35.05 68.80
v 169.72 42.69 68.80
v 178.19 47.16 68.80
v 181.06 39.27 68.80
v 203.22 -97.96 82.75
v 210.81 -100.81 82.75
v 211.02 -101.26 88.49
v 202.77 -98.16 88.49
v 214.43 -92.20 88.49
v 211.02 -101.26 88.49
v 212.96 -96.82 94.61
v 204.25 -93.54 94.61
v 212.96 -96.82 94.61
v 202.77 -98.16 88.49
v 206.19 -89.09 88.49
v 204.25 -93.54 94.61
v 211.02 -101.26 88.49
v 202.77 -98.16 88.49
v 212.96 -96.82 94.61
v 214.43 -92.20 88.49
v 204.25 -93.54 94.61
v 206.19 -89.09 88.49
v 210.11 -99.92 74.78
v 207.00 -99.92 74.78
v 207.00 -99.92 77.96
v 210.11 -99.92 77.96
v 207.00 -99.92 74.78
v 210.11 -99.92 74.78
v 210.11 -99.92 77.96
v 207.00 -99.92 77.96
v 233.40 -77.80 62.00
v 230.50 -81.79 62.00
v 230.50 -81.79 86.00
v 230.23 -76.33 88.16
v 230.50 -81.79 62.00
v 233.40 -85.79 62.00
v 233.40 -85.79 86.00
v 230.50 -81.79 86.00
v 233.40 -85.79 62.00
v 236.00 -85.79 62.00
v 236.00 -85.79 86.00
v 233.40 -85.79 86.00
v 236.00 -85.79 62.00
v 238.90 -81.79 62.00
v 238.90 -81.79 86.00
v 236.00 -85.79 86.00
v 238.90 -81.79 86.00
v 238.09 -79.32 86.00
v 230.23 -76.33 88.16
v 230.50 -81.79 86.00
v 233.40 -85.79 86.00
v 236.00 -85.79 86.00
v 240.37 -81.79 86.00
v 238.09 -79.32 86.00
v 234.70 -81.79 92.00
v 238.09 -79.32 86.00
v 230.23 -76.33 88.16
v 234.70 -81.79 92.00

usemtl mat_plaster
v 231.83 -109.93 62.65
v 226.29 -115.63 61.82
v 229.94 -114.93 69.10
v 221.59 -111.78 69.10
v 229.94 -114.93 69.10
v 219.71 -116.78 62.65
v 223.83 -107.55 62.65
v 221.59 -111.78 69.10
v 226.29 -115.63 61.82
v 219.71 -116.78 62.65
v 229.94 -114.93 69.10
v 231.83 -109.93 62.65
v 221.59 -111.78 69.10
v 223.83 -107.55 62.65
v 211.23 -111.76 54.80
v 213.80 -104.94 54.80
v 219.57 -107.12 54.80
v 217.00 -113.94 54.80
v 217.00 -113.94 66.39
v 219.57 -107.12 66.39
v 212.09 -101.52 68.80
v 211.12 -113.89 68.80
v 230.87 -88.62 54.80
v 229.33 -94.95 54.80
v 229.33 -94.95 66.17
v 230.87 -88.62 66.17
v 229.33 -94.95 54.80
v 236.99 -96.81 54.80
v 236.99 -96.81 66.17
v 229.33 -94.95 66.17
v 228.91 -95.21 66.17
v 230.87 -88.62 66.17
v 238.53 -90.48 66.17
v 236.99 -96.81 66.17
v 237.25 -97.23 70.74
v 238.95 -90.23 70.74
v 230.61 -88.20 70.74
v 228.91 -95.21 70.74
v 236.99 -96.81 66.17
v 238.53 -90.48 66.17
v 238.95 -90.23 70.74
v 237.25 -97.23 70.74
v 238.53 -90.48 66.17
v 230.87 -88.62 66.17
v 230.61 -88.20 70.74
v 238.95 -90.23 70.74
v 235.52 -74.82 54.80
v 236.39 -67.49 54.80
v 243.59 -68.35 54.80
v 242.72 -75.68 54.80
v 242.72 -75.68 62.92
v 243.59 -68.35 62.92
v 236.39 -67.49 62.92
v 238.01 -71.99 61.20
v 242.72 -75.68 54.80
v 243.59 -68.35 54.80
v 243.59 -68.35 62.92
v 242.72 -75.68 62.92
v 243.59 -68.35 54.80
v 236.39 -67.49 54.80
v 236.39 -67.49 62.92
v 243.59 -68.35 62.92
v 236.39 -67.49 54.80
v 235.52 -74.82 54.80
v 238.01 -71.99 61.20
v 236.39 -67.49 62.92
v 235.52 -74.82 54.80
v 242.72 -75.68 54.80
v 242.72 -75.68 62.92
v 238.01 -71.99 61.20
v 273.39 -47.77 70.00
v 268.89 -46.01 72.00
v 264.19 -47.53 72.00
v 263.14 -54.29 70.00
v 266.29 -53.99 72.00
v 272.26 -52.00 70.00
v 273.39 -47.77 70.00
v 269.34 -44.61 72.00
v 267.59 -50.00 78.00
v 269.34 -44.61 72.00
v 264.19 -47.53 72.00
v 267.59 -50.00 78.00
v 264.19 -47.53 72.00
v 263.14 -54.29 70.00
v 267.59 -50.00 78.00
v 263.14 -54.29 70.00
v 265.84 -55.39 72.00
v 267.59 -50.00 78.00
v 265.84 -55.39 72.00
v 272.26 -52.00 70.00
v 267.59 -50.00 78.00
v 271.98 -47.26 50.84
v 263.02 -52.00 57.29
v 263.62 -47.26 50.84
v 251.62 -55.53 40.80
v 251.62 -48.47 40.80
v 258.16 -48.47 40.80
v 258.16 -55.53 40.80
v 258.16 -55.53 51.71
v 259.39 -45.86 54.80
v 252.74 -45.86 54.80
v 251.62 -55.53 51.71
v 258.16 -55.53 40.80
v 258.16 -48.47 40.80
v 259.39 -45.86 54.80
v 258.16 -55.53 51.71
v 258.16 -48.47 40.80
v 251.62 -48.47 40.80
v 252.74 -45.86 54.80
v 259.39 -45.86 54.80
v 251.62 -48.47 40.80
v 251.62 -55.53 40.80
v 251.62 -55.53 51.71
v 252.74 -45.86 54.80
v 276.22 -24.27 58.39
v 268.20 -30.13 52.26
v 267.04 -20.49 52.26
v 267.37 -25.34 58.39
v 276.55 -29.12 52.26
v 268.20 -30.13 52.26
v 276.22 -24.27 58.39
v 275.39 -19.49 52.26
v 267.37 -25.34 58.39
v 267.04 -20.49 52.26
v 255.61 -30.68 40.80
v 254.68 -22.95 40.80
v 261.69 -22.11 40.80
v 262.62 -29.83 40.80
v 263.76 -28.87 54.80
v 262.98 -22.30 54.80
v 254.85 -23.26 54.80
v 255.61 -30.68 53.23
v 262.62 -29.83 40.80
v 261.69 -22.11 40.80
v 262.98 -22.30 54.80
v 263.76 -28.87 54.80
v 273.50 3.95 55.47
v 266.89 -2.52 49.08
v 264.64 6.62 49.08
v 268.18 1.03 56.00
v 274.04 -0.76 49.08
v 266.89 -2.52 49.08
v 273.50 3.95 55.47
v 271.79 8.38 49.08
v 268.18 1.03 56.00
v 264.64 6.62 49.08
v 266.89 -2.52 40.80
v 268.18 1.03 42.00
v 267.74 0.23 45.39
v 266.89 -2.52 49.08
v 268.18 1.03 42.00
v 266.89 -2.52 40.80
v 266.89 -2.52 49.08
v 267.74 0.23 45.39
v 274.04 -0.76 40.80
v 271.02 0.23 44.50
v 271.02 0.23 45.39
v 274.04 -0.76 49.08
v 240.78 -8.81 40.80
v 248.10 -7.01 40.80
v 248.10 -7.01 49.27
v 240.78 -8.81 49.27
v 256.27 24.88 42.00
v 252.41 32.00 40.80
v 258.76 34.43 40.80
v 262.13 25.63 40.80
v 262.13 25.63 55.01
v 258.76 34.43 55.01
v 252.41 32.00 55.01
v 256.27 24.88 56.00
v 262.13 25.63 40.80
v 258.76 34.43 40.80
v 258.76 34.43 55.01
v 262.13 25.63 55.01
v 258.76 34.43 40.80
v 252.41 32.00 40.80
v 252.41 32.00 55.01
v 258.76 34.43 55.01
v 252.41 32.00 40.80
v 256.27 24.88 42.00
v 256.27 24.88 56.00
v 252.41 32.00 55.01
v 234.94 24.23 40.80
v 227.78 21.49 40.80
v 227.78 21.49 53.41
v 234.94 24.23 53.41
v 227.78 21.49 40.80
v 230.42 14.59 40.80
v 231.84 12.10 54.80
v 227.78 21.49 53.41
v 230.42 14.59 40.80
v 237.58 17.33 40.80
v 237.58 17.33 53.41
v 231.84 12.10 54.80
v 231.84 12.10 54.80
v 227.78 21.49 53.41
v 237.09 21.18 54.80
v 237.58 17.33 53.41
v 238.03 17.12 58.55
v 235.14 24.68 58.55
v 227.32 21.69 58.55
v 233.79 12.28 58.76
v 237.58 17.33 53.41
v 237.09 21.18 54.80
v 235.14 24.68 58.55
v 238.03 17.12 58.55
v 218.25 39.10 54.80
v 215.98 43.60 53.94
v 209.80 40.27 53.94
v 213.22 33.92 53.94
v 219.40 37.24 40.80
v 215.98 43.60 40.80
v 215.98 43.60 53.94
v 218.25 39.10 54.80
v 215.98 43.60 40.80
v 209.80 40.27 40.80
v 209.80 40.27 53.94
v 215.98 43.60 53.94
v 209.80 40.27 40.80
v 213.22 33.92 40.80
v 213.22 33.92 53.94
v 209.80 40.27 53.94
v 213.22 33.92 40.80
v 219.40 37.24 40.80
v 218.25 39.10 54.80
v 213.22 33.92 53.94
v 213.22 33.92 53.94
v 209.80 40.27 53.94
v 215.98 43.60 53.94
v 218.25 39.10 54.80
v 201.84 56.86 40.80
v 207.74 61.14 40.80
v 206.10 61.26 54.80
v 201.84 56.86 50.63
v 206.10 61.26 54.80
v 203.70 66.70 50.63
v 200.40 65.05 55.59
v 205.14 58.52 55.59
v 201.84 56.86 50.63
v 205.14 58.52 55.59
v 200.40 65.05 55.59
v 197.81 62.42 50.63
v 206.10 61.26 54.80
v 205.14 58.52 55.59
v 201.84 56.86 50.63
v 203.70 66.70 50.63
v 197.81 62.42 50.63
v 200.40 65.05 55.59
v 192.88 49.24 40.80
v 187.78 56.27 40.80
v 193.29 60.27 40.80
v 198.39 53.24 40.80
v 184.95 76.04 49.06
v 178.68 82.52 49.06
v 174.32 78.31 49.06
v 180.58 71.83 49.06
v 184.95 76.04 40.80
v 178.68 82.52 40.80
v 178.68 82.52 49.06
v 184.95 76.04 49.06
v 178.68 82.52 40.80
v 174.32 78.31 40.80
v 174.32 78.31 49.06
v 178.68 82.52 49.06
v 174.32 78.31 40.80
v 180.58 71.83 40.80
v 180.58 71.83 49.06
v 174.32 78.31 49.06
v 180.58 71.83 40.80
v 184.95 76.04 40.80
v 184.95 76.04 49.06
v 180.58 71.83 49.06
v 178.68 82.52 49.06
v 187.39 79.19 48.00
v 182.25 79.70 55.19
v 178.19 70.52 56.00
v 214.10 -169.66 52.04
v 207.61 -164.95 52.04
v 211.20 -166.82 57.49
v 194.23 -164.27 40.80
v 198.69 -158.13 40.80
v 204.40 -162.27 40.80
v 199.94 -168.42 40.80
v 199.94 -168.42 48.79
v 204.40 -162.27 48.79
v 198.69 -158.13 48.79
v 194.23 -164.27 48.79
v 199.94 -168.42 40.80
v 204.40 -162.27 40.80
v 204.40 -162.27 48.79
v 199.94 -168.42 48.79
v 204.40 -162.27 40.80
v 198.69 -158.13 40.80
v 198.69 -158.13 48.79
v 204.40 -162.27 48.79
v 198.69 -158.13 40.80
v 194.23 -164.27 40.80
v 194.23 -164.27 48.79
v 198.69 -158.13 48.79
v 235.66 -149.97 53.32
v 228.10 -145.91 53.32
v 232.00 -147.72 58.68
v 229.84 -157.53 46.00
v 229.91 -153.85 46.40
v 229.56 -154.59 50.57
v 229.05 -155.54 50.57
v 229.91 -153.85 46.40
v 229.84 -157.53 46.00
v 229.05 -155.54 50.57
v 229.56 -154.59 50.57
v 234.25 -157.09 45.52
v 233.69 -150.86 46.00
v 231.70 -154.59 50.57
v 232.22 -156.36 53.32
v 233.69 -150.86 46.00
v 234.25 -157.09 45.52
v 232.22 -156.36 53.32
v 231.70 -154.59 50.57
v 231.70 -154.59 50.57
v 232.90 -149.57 53.32
v 232.00 -147.72 58.68
v 232.38 -150.54 56.52
v 251.09 -125.83 40.80
v 243.26 -122.83 40.80
v 243.26 -122.83 49.02
v 251.09 -125.83 49.02
v 243.26 -122.83 40.80
v 240.18 -130.90 40.80
v 240.18 -130.90 49.02
v 243.26 -122.83 49.02
v 240.18 -130.90 40.80
v 248.01 -133.89 40.80
v 248.01 -133.89 49.02
v 240.18 -130.90 49.02
v 251.09 -125.83 49.02
v 248.01 -133.89 49.02
v 250.11 -130.08 54.89
v 241.16 -126.65 54.89
v 250.11 -130.08 54.89
v 239.40 -131.24 49.02
v 243.26 -122.83 49.02
v 241.16 -126.65 54.89
v 248.01 -133.89 49.02
v 239.40 -131.24 49.02
v 250.11 -130.08 54.89
v 246.58 -101.33 61.61
v 238.90 -104.32 55.17
v 240.72 -94.39 55.17
v 235.10 -97.11 60.03
v 245.31 -106.52 55.17
v 238.90 -104.32 55.17
v 246.58 -101.33 61.61
v 247.13 -96.59 55.17
v 235.10 -97.11 60.03
v 240.72 -94.39 55.17
v 241.40 -104.27 45.71
v 245.10 -102.66 45.71
v 245.10 -102.66 52.05
v 241.40 -104.27 52.05
v 245.10 -102.66 45.71
v 241.40 -104.27 45.71
v 241.40 -104.27 52.05
v 245.10 -102.66 52.05
v 226.23 -100.78 40.80
v 228.30 -92.38 40.80
v 235.44 -94.14 40.80
v 233.38 -102.54 40.80
v 250.82 -79.58 45.32
v 250.67 -80.84 45.32
v 252.58 -80.69 53.20
v 254.10 -78.08 54.80
v 254.10 -78.08 54.80
v 253.48 -73.18 53.20
v 252.05 -74.68 56.40
v 251.92 -75.77 56.40
v 253.48 -73.18 53.20
v 254.10 -78.08 54.80
v 251.92 -75.77 56.40
v 252.05 -74.68 56.40
v 232.93 -78.86 40.80
v 233.96 -70.29 40.80
v 240.41 -71.07 40.80
v 239.38 -79.64 40.80
v 239.38 -79.64 48.68
v 240.41 -71.07 48.68
v 233.96 -70.29 48.68
v 232.93 -78.86 48.68
v 239.38 -79.64 40.80
v 240.41 -71.07 40.80
v 240.41 -71.07 48.68
v 239.38 -79.64 48.68
v 194.85 89.15 34.00
v 197.45 89.15 34.00
v 198.23 87.52 56.00
v 190.87 86.45 55.80
v 197.45 89.15 34.00
v 196.15 93.14 30.00
v 196.15 93.14 57.00
v 198.23 87.52 56.00
v 196.15 93.14 30.00
v 200.35 93.14 34.00
v 200.35 93.14 58.00
v 196.15 93.14 57.00
v 200.35 93.14 58.00
v 195.97 95.34 57.00
v 194.85 97.14 58.00
v 193.70 90.78 57.00
v 190.87 86.45 55.80
v 198.23 87.52 56.00
v 196.15 93.14 57.00
v 271.54 -41.75 28.80
v 263.90 -41.75 28.80
v 263.90 -41.75 39.08
v 271.54 -41.75 39.08
v 263.90 -41.75 28.80
v 263.90 -50.25 28.80
v 263.90 -50.25 39.08
v 263.90 -41.75 39.08
v 263.90 -50.25 28.80
v 271.54 -50.25 28.80
v 274.21 -52.00 38.00
v 263.90 -50.25 39.08
v 271.54 -41.75 39.08
v 274.21 -52.00 38.00
v 271.98 -47.26 40.80
v 263.62 -47.26 40.80
v 271.98 -47.26 40.80
v 263.90 -50.25 39.08
v 263.90 -41.75 39.08
v 263.62 -47.26 40.80
v 274.21 -52.00 38.00
v 263.90 -50.25 39.08
v 271.98 -47.26 40.80
v 276.07 -12.60 28.80
v 268.42 -13.54 28.80
v 268.42 -13.54 40.55
v 276.07 -12.60 40.55
v 268.42 -13.54 28.80
v 269.22 -20.14 28.80
v 267.43 -20.80 40.80
v 268.42 -13.54 40.55
v 269.22 -20.14 28.80
v 276.88 -19.21 28.80
v 275.08 -19.88 40.80
v 267.43 -20.80 40.80
v 275.08 -19.88 40.80
v 276.07 -12.60 40.55
v 272.17 -12.47 45.80
v 273.12 -20.27 45.80
v 267.43 -20.80 40.80
v 273.12 -20.27 45.80
v 272.17 -12.47 45.80
v 268.42 -13.54 40.55
v 275.08 -19.88 40.80
v 273.12 -20.27 45.80
v 267.43 -20.80 40.80
v 248.80 -19.29 46.91
v 241.50 -25.00 40.80
v 239.72 -15.95 41.38
v 241.50 -25.00 49.09
v 248.69 -24.13 40.80
v 241.50 -25.00 40.80
v 248.80 -19.29 46.91
v 261.19 7.37 28.80
v 259.18 15.42 28.80
v 259.18 15.42 38.35
v 261.19 7.37 38.35
v 259.18 15.42 28.80
v 251.55 13.52 28.80
v 251.55 13.52 38.35
v 259.18 15.42 38.35
v 251.55 13.52 28.80
v 253.56 5.47 28.80
v 253.56 5.47 38.35
v 251.55 13.52 38.35
v 253.56 5.47 28.80
v 261.19 7.37 28.80
v 261.19 7.37 38.35
v 253.56 5.47 38.35
v 259.18 15.42 38.35
v 261.19 7.37 38.35
v 260.77 11.54 44.00
v 251.97 9.35 44.00
v 260.77 11.54 44.00
v 253.12 4.74 38.35
v 251.55 13.52 38.35
v 251.97 9.35 44.00
v 229.13 27.72 28.80
v 226.77 33.81 28.80
v 233.05 36.25 28.80
v 235.41 30.16 28.80
v 235.41 30.16 43.32
v 233.05 36.25 43.32
v 226.77 33.81 43.32
v 229.13 27.72 43.32
v 235.41 30.16 28.80
v 233.05 36.25 28.80
v 233.05 36.25 43.32
v 235.41 30.16 43.32
v 233.05 36.25 28.80
v 226.77 33.81 28.80
v 226.77 33.81 43.32
v 233.05 36.25 43.32
v 226.77 33.81 28.80
v 229.13 27.72 28.80
v 229.13 27.72 43.32
v 226.77 33.81 43.32
v 229.13 27.72 28.80
v 235.41 30.16 28.80
v 235.41 30.16 43.32
v 229.13 27.72 43.32
v 229.51 68.56 41.68
v 229.02 58.08 43.10
v 227.64 61.86 48.52
v 220.21 57.81 48.52
v 227.64 61.86 48.52
v 222.65 54.60 43.10
v 218.83 61.59 43.10
v 220.21 57.81 48.52
v 229.02 58.08 43.10
v 222.65 54.60 43.10
v 227.64 61.86 48.52
v 229.51 68.56 41.68
v 220.21 57.81 48.52
v 218.83 61.59 43.10
v 225.82 55.85 33.70
v 223.11 55.85 33.70
v 223.11 55.85 35.80
v 225.82 55.85 35.80
v 223.11 55.85 33.70
v 225.82 55.85 33.70
v 225.82 55.85 35.80
v 223.11 55.85 35.80
v 198.73 73.24 28.80
v 194.04 79.62 28.80
v 200.66 84.49 28.80
v 205.35 78.11 28.80
v 205.35 78.11 42.17
v 200.66 84.49 42.17
v 190.78 76.72 42.00
v 198.73 73.24 42.17
v 205.35 78.11 28.80
v 200.66 84.49 28.80
v 200.66 84.49 42.17
v 205.35 78.11 42.17
v 200.66 84.49 28.80
v 194.04 79.62 28.80
v 190.78 76.72 42.00
v 200.66 84.49 42.17
v 194.04 79.62 28.80
v 198.73 73.24 28.80
v 198.73 73.24 42.17
v 190.78 76.72 42.00
v 198.73 73.24 28.80
v 205.35 78.11 28.80
v 205.35 78.11 42.17
v 198.73 73.24 42.17
v 185.66 101.24 34.18
v 183.53 101.24 34.18
v 183.53 101.24 36.76
v 185.66 101.24 36.76
v 183.53 101.24 34.18
v 185.66 101.24 34.18
v 185.66 101.24 36.76
v 183.53 101.24 36.76
v 185.66 101.24 36.76
v 183.53 101.24 36.76
v 183.73 100.09 40.70
v 185.66 101.24 41.93
v 183.53 101.24 36.76
v 185.66 101.24 36.76
v 185.66 101.24 41.93
v 183.73 100.09 40.70
v 175.56 90.68 28.80
v 169.59 96.78 28.80
v 174.61 101.70 28.80
v 180.59 95.60 28.80
v 183.72 99.60 40.70
v 174.61 101.70 42.74
v 169.59 96.78 42.74
v 175.56 90.68 42.74
v 204.55 -178.93 33.55
v 205.19 -178.06 33.55
v 205.19 -178.06 35.49
v 204.55 -178.93 35.49
v 205.19 -178.06 33.55
v 204.55 -178.93 33.55
v 204.55 -178.93 35.49
v 205.19 -178.06 35.49
v 190.73 -168.32 28.80
v 194.60 -163.07 28.80
v 200.31 -167.28 28.80
v 196.45 -172.53 28.80
v 196.45 -172.53 38.80
v 200.31 -167.28 38.80
v 194.60 -163.07 38.80
v 190.73 -168.32 38.80
v 196.45 -172.53 28.80
v 200.31 -167.28 28.80
v 200.31 -167.28 38.80
v 196.45 -172.53 38.80
v 200.31 -167.28 28.80
v 194.60 -163.07 28.80
v 194.60 -163.07 38.80
v 200.31 -167.28 38.80
v 218.13 -152.91 28.80
v 221.70 -146.38 28.80
v 221.70 -146.38 39.55
v 218.13 -152.91 39.55
v 221.70 -146.38 28.80
v 214.62 -142.51 28.80
v 214.62 -142.51 39.55
v 221.70 -146.38 39.55
v 214.62 -142.51 28.80
v 211.05 -149.05 28.80
v 211.05 -149.05 39.55
v 214.62 -142.51 39.55
v 211.05 -149.05 28.80
v 218.13 -152.91 28.80
v 218.13 -152.91 39.55
v 211.05 -149.05 39.55
v 218.13 -152.91 39.55
v 221.70 -146.38 39.55
v 218.44 -143.92 45.03
v 214.30 -151.51 45.03
v 211.05 -149.05 39.55
v 214.30 -151.51 45.03
v 218.44 -143.92 45.03
v 214.62 -142.51 39.55
v 248.01 -133.89 40.80
v 238.53 -131.66 42.42
v 248.01 -133.89 49.02
v 248.59 -125.99 42.42
v 235.49 -128.14 46.23
v 243.26 -122.83 40.80
v 242.13 -132.75 33.56
v 245.44 -131.44 33.56
v 245.16 -133.85 38.57
v 242.13 -132.75 35.53
v 245.44 -131.44 33.56
v 242.13 -132.75 33.56
v 242.13 -132.75 35.53
v 245.16 -133.85 38.57
v 226.53 -127.22 28.80
v 229.90 -118.52 28.80
v 235.73 -120.78 28.80
v 232.35 -129.48 28.80
v 232.35 -129.48 39.27
v 235.73 -120.78 39.27
v 229.90 -118.52 39.27
v 226.53 -127.22 39.27
v 252.34 -105.60 34.78
v 252.60 -104.57 34.78
v 252.60 -104.57 37.96
v 252.34 -105.60 37.96
v 252.60 -104.57 34.78
v 252.34 -105.60 34.78
v 252.34 -105.60 37.96
v 252.60 -104.57 37.96
v 252.34 -105.60 34.78
v 252.60 -104.57 34.78
v 252.60 -104.57 37.96
v 252.34 -105.60 37.96
v 252.60 -104.57 34.78
v 252.34 -105.60 34.78
v 252.34 -105.60 37.96
v 252.60 -104.57 37.96
v 235.56 -102.04 28.80
v 237.81 -93.03 28.80
v 245.05 -94.84 28.80
v 242.81 -103.85 28.80
v 242.81 -103.85 42.36
v 245.05 -94.84 42.36
v 235.44 -94.14 40.80
v 238.90 -104.32 40.80
v 258.00 -70.53 39.77
v 257.20 -77.05 39.77
v 256.81 -77.36 44.16
v 259.06 -73.15 40.80
v 257.20 -77.05 39.77
v 263.18 -77.78 39.77
v 263.49 -78.17 44.16
v 256.81 -77.36 44.16
v 261.99 -74.25 42.00
v 263.49 -78.17 44.16
v 264.17 -74.59 48.63
v 257.01 -73.72 48.63
v 264.17 -74.59 48.63
v 256.81 -77.36 44.16
v 257.48 -69.86 44.16
v 257.01 -73.72 48.63
v 263.49 -78.17 44.16
v 256.81 -77.36 44.16
v 264.17 -74.59 48.63
v 261.99 -74.25 42.00
v 257.01 -73.72 48.63
v 257.48 -69.86 44.16
v 281.00 -44.50 46.00
v 275.37 -41.25 46.00
v 281.56 -46.00 52.00
v 275.37 -41.25 46.00
v 276.77 -45.32 48.00
v 281.56 -46.00 52.00
v 276.77 -45.32 48.00
v 279.80 -51.39 46.00
v 281.56 -46.00 52.00
v 279.80 -51.39 46.00
v 283.31 -51.39 46.00
v 281.56 -46.00 52.00
v 283.31 -51.39 46.00
v 285.23 -45.32 48.00
v 281.56 -46.00 52.00
v 197.22 113.76 22.00
v 196.41 116.23 22.00
v 196.41 116.23 46.00
v 197.22 113.76 46.00
v 200.58 -157.93 42.00
v 198.69 -158.13 40.80
v 199.93 -153.99 42.24
v 199.93 -153.99 42.24
v 198.69 -158.13 40.80
v 200.58 -157.93 42.00
v 198.69 -158.13 40.80
v 200.58 -157.93 42.00
v 201.18 -156.79 45.14
v 198.69 -158.13 48.79
v 200.58 -157.93 42.00
v 198.69 -158.13 40.80
v 198.69 -158.13 48.79
v 201.18 -156.79 45.14
v 201.18 -156.79 45.14
v 199.45 -160.08 45.38
v 198.69 -158.13 48.79
v 198.69 -158.13 48.79
v 199.45 -160.08 45.38
v 201.18 -156.79 45.14
v 238.48 -109.19 40.08
v 234.85 -108.02 40.08
v 234.40 -110.40 40.08
v 237.74 -111.48 40.08
v 237.74 -111.48 40.08
v 234.85 -108.02 40.08
v 238.48 -109.19 40.08
v 238.48 -109.19 40.08
v 234.85 -108.02 40.08
v 237.74 -111.48 40.08
v 237.74 -111.48 40.08
v 234.85 -108.02 40.08
v 238.48 -109.19 40.08
v 238.48 -109.19 40.08
v 234.85 -108.02 40.08
v 237.74 -111.48 40.08
v 237.74 -111.48 40.08
v 234.85 -108.02 40.08
v 238.48 -109.19 40.08
v 253.76 -36.55 25.15
v 249.76 -34.65 26.85
v 254.79 -34.38 25.15
v 254.79 -34.38 25.15
v 249.76 -34.65 26.85
v 253.76 -36.55 25.15
v 253.76 -36.55 25.15
v 249.76 -34.65 26.85
v 254.79 -34.38 25.15
v 254.79 -34.38 25.15
v 249.76 -34.65 26.85
v 253.76 -36.55 25.15
v 253.76 -36.55 25.15
v 249.76 -34.65 26.85
v 254.79 -34.38 25.15
v 254.79 -34.38 25.15
v 249.76 -34.65 26.85
v 253.76 -36.55 25.15
v 186.18 -249.55 38.40
v 187.87 -254.01 38.40
v 188.93 -253.13 42.00
v 186.18 -249.55 40.00
v 184.10 -250.17 38.40
v 184.43 -248.71 38.40
v 184.87 -249.07 42.00
v 184.10 -250.17 40.00
v 184.43 -248.71 38.40
v 184.10 -250.17 38.40
v 184.10 -250.17 40.00
v 184.87 -249.07 42.00
v 179.90 -250.17 38.40
v 175.60 -247.00 36.40
v 184.43 -248.71 38.40
v 184.87 -249.07 42.00
v 179.13 -249.07 42.00
v 176.70 -250.70 42.00
v 184.43 -248.71 38.40
v 175.60 -247.00 36.40
v 179.13 -249.07 42.00
v 184.87 -249.07 42.00
v 206.50 -256.00 0.00
v 208.70 -261.30 0.00
v 208.70 -261.30 42.00
v 206.50 -256.00 42.00
v 208.70 -261.30 0.00
v 211.13 -262.93 0.00
v 211.13 -262.93 42.00
v 208.70 -261.30 42.00
v 211.13 -262.93 0.00
v 216.87 -262.93 0.00
v 216.87 -262.93 42.00
v 211.13 -262.93 42.00
v 216.87 -262.93 0.00
v 221.50 -256.00 0.00
v 221.50 -256.00 42.00
v 216.87 -262.93 42.00
v 221.50 -256.00 42.00
v 220.93 -253.13 42.00
v 219.30 -250.70 42.00
v 216.87 -249.07 42.00
v 214.00 -248.50 42.00
v 208.70 -250.70 42.00
v 206.50 -256.00 42.00
v 208.70 -261.30 42.00
v 211.13 -262.93 42.00
v 216.87 -262.93 42.00
v 219.87 -254.01 38.40
v 221.22 -253.36 38.40
v 220.93 -253.13 42.00
v 219.30 -250.70 42.00
v 204.50 -256.00 44.00
v 206.50 -256.00 42.00
v 214.00 -256.00 66.00
v 206.50 -256.00 42.00
v 208.70 -261.30 42.00
v 214.00 -256.00 66.00
v 208.70 -261.30 42.00
v 211.13 -262.93 42.00
v 214.00 -256.00 66.00
v 211.13 -262.93 42.00
v 214.00 -265.50 44.00
v 214.00 -256.00 66.00
v 214.00 -265.50 44.00
v 216.87 -262.93 42.00
v 214.00 -256.00 66.00
v 216.87 -262.93 42.00
v 220.72 -262.72 44.00
v 214.00 -256.00 66.00
v 262.40 -261.75 -2.00
v 262.40 -250.25 -2.00
v 262.40 -250.25 11.60
v 262.40 -261.75 11.60
v 262.40 -250.25 -2.00
v 253.60 -250.25 -2.00
v 253.60 -250.25 11.60
v 262.40 -250.25 11.60
v 253.60 -250.25 -2.00
v 253.60 -261.75 -2.00
v 253.60 -261.75 11.60
v 253.60 -250.25 11.60
v 253.60 -250.25 -2.00
v 262.40 -250.25 -2.00
v 263.20 -257.40 -2.00
v 252.80 -257.40 -2.00
v 252.80 -257.40 12.40
v 263.20 -257.40 12.40
v 262.40 -250.25 11.60
v 253.60 -250.25 11.60
v 252.80 -257.40 -2.00
v 263.20 -257.40 -2.00
v 263.20 -257.40 12.40
v 252.80 -257.40 12.40
v 341.60 -261.75 11.60
v 350.40 -261.75 11.60
v 350.40 -250.25 11.60
v 341.60 -250.25 11.60
v 341.60 -261.75 -2.00
v 350.40 -261.75 -2.00
v 350.40 -261.75 11.60
v 341.60 -261.75 11.60
v 350.40 -261.75 -2.00
v 350.40 -250.25 -2.00
v 350.40 -250.25 11.60
v 350.40 -261.75 11.60
v 350.40 -250.25 -2.00
v 341.60 -250.25 -2.00
v 341.60 -250.25 11.60
v 350.40 -250.25 11.60
v 341.60 -250.25 -2.00
v 341.60 -261.75 -2.00
v 341.60 -261.75 11.60
v 341.60 -250.25 11.60
v 341.60 -250.25 -2.00
v 350.40 -250.25 -2.00
v 351.20 -257.40 -2.00
v 340.80 -257.40 -2.00
v 209.60 -250.25 11.60
v 209.60 -261.75 11.60
v 205.00 -260.75 15.00
v 205.00 -251.25 15.00
v 231.60 -261.75 11.60
v 235.70 -261.75 11.60
v 235.29 -261.75 8.78
v 233.90 -261.75 8.78
v 231.60 -250.25 11.60
v 235.70 -250.25 11.60
v 235.29 -250.25 8.78
v 233.90 -250.25 8.78
v 214.71 -261.75 8.78
v 217.29 -261.75 6.19
v 218.40 -261.75 11.60
v 214.30 -261.75 11.60
v 214.71 -250.25 8.78
v 217.29 -250.25 6.19
v 218.40 -250.25 11.60
v 214.30 -250.25 11.60
v 254.71 -261.75 6.19
v 257.30 -261.75 8.78
v 254.25 -261.75 4.04
v 214.80 -249.75 19.60
v 214.40 -250.55 16.70
v 213.20 -251.35 20.40
v 214.80 -249.75 20.40
v 258.40 -250.55 16.70
v 258.80 -249.75 19.60
v 258.80 -249.75 20.40
v 257.20 -251.35 20.40
v 258.80 -249.75 19.60
v 258.40 -250.55 16.70
v 257.20 -251.35 20.40
v 258.80 -249.75 20.40
v 302.40 -250.55 16.70
v 302.80 -249.75 19.60
v 302.80 -249.75 20.40
v 301.20 -251.35 20.40
v 302.80 -249.75 19.60
v 302.40 -250.55 16.70
v 301.20 -251.35 20.40
v 302.80 -249.75 20.40
v 346.40 -250.55 16.70
v 346.80 -249.75 19.60
v 346.80 -249.75 20.40
v 345.20 -251.35 20.40
v 252.40 -184.00 41.00
v 250.36 -178.53 41.00
v 246.00 -184.00 58.00
v 250.36 -178.53 41.00
v 249.33 -176.82 42.00
v 246.00 -184.00 58.00
v 249.33 -176.82 42.00
v 244.58 -177.76 41.00
v 246.00 -184.00 58.00
v 244.58 -177.76 41.00
v 239.60 -184.00 41.00
v 246.00 -184.00 58.00
v 239.60 -184.00 41.00
v 239.69 -187.04 41.00
v 246.00 -184.00 58.00
v 239.69 -187.04 41.00
v 240.23 -186.78 41.00
v 246.00 -184.00 58.00
v -0.00 -5294.12 -18.00
v 529.41 -5294.12 -18.00
v 529.41 -5823.53 -18.00
v -0.00 -5823.53 -18.00
v -0.00 -5823.53 0.00
v 529.41 -5823.53 0.00
v 529.41 -5294.12 0.00
v -0.00 -5294.12 0.00
v -0.00 -5823.53 -18.00
v 529.41 -5823.53 -18.00
v 529.41 -5823.53 0.00
v -0.00 -5823.53 0.00
v 529.41 -5823.53 -18.00
v 529.41 -5294.12 -18.00
v 529.41 -5294.12 0.00
v 529.41 -5823.53 0.00
v 529.41 -5294.12 -18.00
v -0.00 -5294.12 -18.00
v -0.00 -5294.12 0.00
v 529.41 -5294.12 0.00
v -0.00 -4764.71 -18.00
v 529.41 -4764.71 -18.00
v 529.41 -5294.12 -18.00
v -0.00 -5294.12 -18.00
v -0.00 -1058.82 -18.00
v 529.41 -1058.82 -18.00
v 529.41 -1588.23 -18.00
v -0.00 -1588.23 -18.00
v -0.00 -1588.23 0.00
v 529.41 -1588.23 0.00
v 529.41 -1058.82 0.00
v -0.00 -1058.82 0.00
v -0.00 -1588.23 -18.00
v 529.41 -1588.23 -18.00
v 529.41 -1588.23 0.00
v -0.00 -1588.23 0.00
v 529.41 -1588.23 -18.00
v 529.41 -1058.82 -18.00
v 529.41 -1058.82 0.00
v 529.41 -1588.23 0.00
v 529.41 -1058.82 -18.00
v -0.00 -1058.82 -18.00
v -0.00 -1058.82 0.00
v 529.41 -1058.82 0.00
v -0.00 -529.41 -18.00
v 529.41 -529.41 -18.00
v 529.41 -1058.82 -18.00
v -0.00 -1058.82 -18.00
v -0.00 3176.47 -18.00
v 529.41 3176.47 -18.00
v 529.41 2647.06 -18.00
v -0.00 2647.06 -18.00
v -0.00 2647.06 0.00
v 529.41 2647.06 0.00
v 529.41 3176.47 0.00
v -0.00 3176.47 0.00
v -0.00 2647.06 -18.00
v 529.41 2647.06 -18.00
v 529.41 2647.06 0.00
v -0.00 2647.06 0.00
v 529.41 2647.06 -18.00
v 529.41 3176.47 -18.00
v 529.41 3176.47 0.00
v 529.41 2647.06 0.00
v 529.41 3176.47 -18.00
v -0.00 3176.47 -18.00
v -0.00 3176.47 0.00
v 529.41 3176.47 0.00
v -0.00 3705.88 -18.00
v 529.41 3705.88 -18.00
v 529.41 3176.47 -18.00
v -0.00 3176.47 -18.00
v 529.41 6352.94 -18.00
v -0.00 6352.94 -18.00
v -0.00 6352.94 0.00
v 529.41 6352.94 0.00
v -0.00 6882.35 -18.00
v 529.41 6882.35 -18.00
v 529.41 6352.94 -18.00
v -0.00 6352.94 -18.00
v -0.00 6352.94 0.00
v 529.41 6352.94 0.00
v 529.41 6882.35 0.00
v -0.00 6882.35 0.00
v -0.00 6352.94 -18.00
v 529.41 6352.94 -18.00
v 529.41 6352.94 0.00
v -0.00 6352.94 0.00
v 529.41 6352.94 -18.00
v 529.41 6882.35 -18.00
v 529.41 6882.35 0.00
v 529.41 6352.94 0.00
v 529.41 6882.35 -18.00
v -0.00 6882.35 -18.00
v -0.00 6882.35 0.00
v 529.41 6882.35 0.00
v 529.41 -8470.59 -18.00
v 1058.82 -8470.59 -18.00
v 1058.82 -8470.59 0.00
v 529.41 -8470.59 0.00
v 1058.82 -8470.59 -18.00
v 1058.82 -7941.18 -18.00
v 1058.82 -7941.18 0.00
v 1058.82 -8470.59 0.00
v 1058.82 -7941.18 -18.00
v 529.41 -7941.18 -18.00
v 529.41 -7941.18 0.00
v 1058.82 -7941.18 0.00
v 529.41 -7941.18 -18.00
v 529.41 -8470.59 -18.00
v 529.41 -8470.59 0.00
v 529.41 -7941.18 0.00
v 529.41 -7411.77 -18.00
v 1058.82 -7411.77 -18.00
v 1058.82 -7941.18 -18.00
v 529.41 -7941.18 -18.00
v 529.41 -7941.18 0.00
v 1058.82 -7941.18 0.00
v 1058.82 -7411.77 0.00
v 529.41 -7411.77 0.00
v 529.41 -4235.29 -18.00
v 1058.82 -4235.29 -18.00
v 1058.82 -4764.71 -18.00
v 529.41 -4764.71 -18.00
v 529.41 -4764.71 0.00
v 1058.82 -4764.71 0.00
v 1058.82 -4235.29 0.00
v 529.41 -4235.29 0.00
v 529.41 -4764.71 -18.00
v 1058.82 -4764.71 -18.00
v 1058.82 -4764.71 0.00
v 529.41 -4764.71 0.00
v 1058.82 -4764.71 -18.00
v 1058.82 -4235.29 -18.00
v 1058.82 -4235.29 0.00
v 1058.82 -4764.71 0.00
v 1058.82 -4235.29 -18.00
v 529.41 -4235.29 -18.00
v 529.41 -4235.29 0.00
v 1058.82 -4235.29 0.00
v 529.41 -4235.29 -18.00
v 529.41 -4764.71 -18.00
v 529.41 -4764.71 0.00
v 529.41 -4235.29 0.00
v 1058.82 -529.41 -18.00
v 529.41 -529.41 -18.00
v 529.41 -529.41 0.00
v 1058.82 -529.41 0.00
v 529.41 -529.41 -18.00
v 529.41 -1058.82 -18.00
v 529.41 -1058.82 0.00
v 529.41 -529.41 0.00
v 529.41 -0.00 -18.00
v 1058.82 -0.00 -18.00
v 1058.82 -529.41 -18.00
v 529.41 -529.41 -18.00
v 529.41 -529.41 0.00
v 1058.82 -529.41 0.00
v 1058.82 -0.00 0.00
v 529.41 -0.00 0.00
v 529.41 -529.41 -18.00
v 1058.82 -529.41 -18.00
v 1058.82 -529.41 0.00
v 529.41 -529.41 0.00
v 1058.82 -529.41 -18.00
v 1058.82 -0.00 -18.00
v 1058.82 -0.00 0.00
v 1058.82 -529.41 0.00
v 529.41 2647.06 -18.00
v 1058.82 2647.06 -18.00
v 1058.82 2647.06 0.00
v 529.41 2647.06 0.00
v 1058.82 2647.06 -18.00
v 1058.82 3176.47 -18.00
v 1058.82 3176.47 0.00
v 1058.82 2647.06 0.00
v 1058.82 3176.47 -18.00
v 529.41 3176.47 -18.00
v 529.41 3176.47 0.00
v 1058.82 3176.47 0.00
v 529.41 3176.47 -18.00
v 529.41 2647.06 -18.00
v 529.41 2647.06 0.00
v 529.41 3176.47 0.00
v 529.41 3705.88 -18.00
v 1058.82 3705.88 -18.00
v 1058.82 3176.47 -18.00
v 529.41 3176.47 -18.00
v 529.41 3176.47 0.00
v 1058.82 3176.47 0.00
v 1058.82 3705.88 0.00
v 529.41 3705.88 0.00
v 529.41 7411.77 -18.00
v 1058.82 7411.77 -18.00
v 1058.82 6882.35 -18.00
v 529.41 6882.35 -18.00
v 529.41 6882.35 0.00
v 1058.82 6882.35 0.00
v 1058.82 7411.77 0.00
v 529.41 7411.77 0.00
v 529.41 6882.35 -18.00
v 1058.82 6882.35 -18.00
v 1058.82 6882.35 0.00
v 529.41 6882.35 0.00
v 1058.82 6882.35 -18.00
v 1058.82 7411.77 -18.00
v 1058.82 7411.77 0.00
v 1058.82 6882.35 0.00
v 1058.82 7411.77 -18.00
v 529.41 7411.77 -18.00
v 529.41 7411.77 0.00
v 1058.82 7411.77 0.00
v 529.41 7411.77 -18.00
v 529.41 6882.35 -18.00
v 529.41 6882.35 0.00
v 529.41 7411.77 0.00
v 1588.23 -7411.77 -18.00
v 1058.82 -7411.77 -18.00
v 1058.82 -7411.77 0.00
v 1588.23 -7411.77 0.00
v 1058.82 -7411.77 -18.00
v 1058.82 -7941.18 -18.00
v 1058.82 -7941.18 0.00
v 1058.82 -7411.77 0.00
v 1058.82 -6882.35 -18.00
v 1588.23 -6882.35 -18.00
v 1588.23 -7411.77 -18.00
v 1058.82 -7411.77 -18.00
v 1058.82 -7411.77 0.00
v 1588.23 -7411.77 0.00
v 1588.23 -6882.35 0.00
v 1058.82 -6882.35 0.00
v 1588.23 -5294.12 -18.00
v 1058.82 -5294.12 -18.00
v 1058.82 -5294.12 0.00
v 1588.23 -5294.12 0.00
v 1058.82 -5294.12 -18.00
v 1058.82 -5823.53 -18.00
v 1058.82 -5823.53 0.00
v 1058.82 -5294.12 0.00
v 1058.82 -4764.71 -18.00
v 1588.23 -4764.71 -18.00
v 1588.23 -5294.12 -18.00
v 1058.82 -5294.12 -18.00
v 1058.82 -5294.12 0.00
v 1588.23 -5294.12 0.00
v 1588.23 -4764.71 0.00
v 1058.82 -4764.71 0.00
v 1058.82 -5294.12 -18.00
v 1588.23 -5294.12 -18.00
v 1588.23 -5294.12 0.00
v 1058.82 -5294.12 0.00
v 1588.23 -5294.12 -18.00
v 1588.23 -4764.71 -18.00
v 1588.23 -4764.71 0.00
v 1588.23 -5294.12 0.00
v 1058.82 -2647.06 -18.00
v 1588.23 -2647.06 -18.00
v 1588.23 -2647.06 0.00
v 1058.82 -2647.06 0.00
v 1588.23 -2647.06 -18.00
v 1588.23 -2117.65 -18.00
v 1588.23 -2117.65 0.00
v 1588.23 -2647.06 0.00
v 1588.23 -1588.23 -18.00
v 1588.23 -1058.82 -18.00
v 1588.23 -1058.82 0.00
v 1588.23 -1588.23 0.00
v 1588.23 -1058.82 -18.00
v 1058.82 -1058.82 -18.00
v 1058.82 -1058.82 0.00
v 1588.23 -1058.82 0.00
v 1058.82 -1058.82 -18.00
v 1058.82 -1588.23 -18.00
v 1058.82 -1588.23 0.00
v 1058.82 -1058.82 0.00
v 1058.82 -529.41 -18.00
v 1588.23 -529.41 -18.00
v 1588.23 -1058.82 -18.00
v 1058.82 -1058.82 -18.00
v 1058.82 -1058.82 0.00
v 1588.23 -1058.82 0.00
v 1588.23 -529.41 0.00
v 1058.82 -529.41 0.00
v 1058.82 -1058.82 -18.00
v 1588.23 -1058.82 -18.00
v 1588.23 -1058.82 0.00
v 1058.82 -1058.82 0.00
v 1058.82 2647.06 0.00
v 1588.23 2647.06 0.00
v 1588.23 3176.47 0.00
v 1058.82 3176.47 0.00
v 1058.82 2647.06 -18.00
v 1588.23 2647.06 -18.00
v 1588.23 2647.06 0.00
v 1058.82 2647.06 0.00
v 1588.23 2647.06 -18.00
v 1588.23 3176.47 -18.00
v 1588.23 3176.47 0.00
v 1588.23 2647.06 0.00
v 1588.23 3176.47 -18.00
v 1058.82 3176.47 -18.00
v 1058.82 3176.47 0.00
v 1588.23 3176.47 0.00
v 1058.82 3176.47 -18.00
v 1058.82 2647.06 -18.00
v 1058.82 2647.06 0.00
v 1058.82 3176.47 0.00
v 1058.82 3705.88 -18.00
v 1588.23 3705.88 -18.00
v 1588.23 3176.47 -18.00
v 1058.82 3176.47 -18.00
v 1058.82 6352.94 -18.00
v 1058.82 5823.53 -18.00
v 1058.82 5823.53 0.00
v 1058.82 6352.94 0.00
v 1058.82 6882.35 -18.00
v 1588.23 6882.35 -18.00
v 1588.23 6352.94 -18.00
v 1058.82 6352.94 -18.00
v 1058.82 6352.94 0.00
v 1588.23 6352.94 0.00
v 1588.23 6882.35 0.00
v 1058.82 6882.35 0.00
v 1058.82 6352.94 -18.00
v 1588.23 6352.94 -18.00
v 1588.23 6352.94 0.00
v 1058.82 6352.94 0.00
v 1588.23 6352.94 -18.00
v 1588.23 6882.35 -18.00
v 1588.23 6882.35 0.00
v 1588.23 6352.94 0.00
v 1588.23 6882.35 -18.00
v 1058.82 6882.35 -18.00
v 1058.82 6882.35 0.00
v 1588.23 6882.35 0.00
v 2117.65 -9000.00 -18.00
v 2117.65 -8470.59 -18.00
v 2117.65 -8470.59 0.00
v 2117.65 -9000.00 0.00
v 2117.65 -8470.59 -18.00
v 1588.23 -8470.59 -18.00
v 1588.23 -8470.59 0.00
v 2117.65 -8470.59 0.00
v 1588.23 -8470.59 -18.00
v 1588.23 -9000.00 -18.00
v 1588.23 -9000.00 0.00
v 1588.23 -8470.59 0.00
v 1588.23 -7941.18 -18.00
v 2117.65 -7941.18 -18.00
v 2117.65 -8470.59 -18.00
v 1588.23 -8470.59 -18.00
v 1588.23 -8470.59 0.00
v 2117.65 -8470.59 0.00
v 2117.65 -7941.18 0.00
v 1588.23 -7941.18 0.00
v 1588.23 -8470.59 -18.00
v 2117.65 -8470.59 -18.00
v 2117.65 -8470.59 0.00
v 1588.23 -8470.59 0.00
v 1588.23 -4764.71 0.00
v 2117.65 -4764.71 0.00
v 2117.65 -4235.29 0.00
v 1588.23 -4235.29 0.00
v 1588.23 -4764.71 -18.00
v 2117.65 -4764.71 -18.00
v 2117.65 -4764.71 0.00
v 1588.23 -4764.71 0.00
v 2117.65 -4764.71 -18.00
v 2117.65 -4235.29 -18.00
v 2117.65 -4235.29 0.00
v 2117.65 -4764.71 0.00
v 2117.65 -4235.29 -18.00
v 1588.23 -4235.29 -18.00
v 1588.23 -4235.29 0.00
v 2117.65 -4235.29 0.00
v 1588.23 -4235.29 -18.00
v 1588.23 -4764.71 -18.00
v 1588.23 -4764.71 0.00
v 1588.23 -4235.29 0.00
v 1588.23 -3705.88 -18.00
v 2117.65 -3705.88 -18.00
v 2117.65 -4235.29 -18.00
v 1588.23 -4235.29 -18.00
v 1588.23 -529.41 -18.00
v 1588.23 -1058.82 -18.00
v 1588.23 -1058.82 0.00
v 1588.23 -529.41 0.00
v 1588.23 -0.00 -18.00
v 2117.65 -0.00 -18.00
v 2117.65 -529.41 -18.00
v 1588.23 -529.41 -18.00
v 1588.23 -529.41 0.00
v 2117.65 -529.41 0.00
v 2117.65 -0.00 0.00
v 1588.23 -0.00 0.00
v 1588.23 -529.41 -18.00
v 2117.65 -529.41 -18.00
v 2117.65 -529.41 0.00
v 1588.23 -529.41 0.00
v 2117.65 -529.41 -18.00
v 2117.65 -0.00 -18.00
v 2117.65 -0.00 0.00
v 2117.65 -529.41 0.00
v 2117.65 -0.00 -18.00
v 1588.23 -0.00 -18.00
v 1588.23 -0.00 0.00
v 2117.65 -0.00 0.00
v 2117.65 2647.06 -18.00
v 2117.65 3176.47 -18.00
v 2117.65 3176.47 0.00
v 2117.65 2647.06 0.00
v 2117.65 3176.47 -18.00
v 1588.23 3176.47 -18.00
v 1588.23 3176.47 0.00
v 2117.65 3176.47 0.00
v 1588.23 3176.47 -18.00
v 1588.23 2647.06 -18.00
v 1588.23 2647.06 0.00
v 1588.23 3176.47 0.00
v 1588.23 3705.88 -18.00
v 2117.65 3705.88 -18.00
v 2117.65 3176.47 -18.00
v 1588.23 3176.47 -18.00
v 1588.23 3176.47 0.00
v 2117.65 3176.47 0.00
v 2117.65 3705.88 0.00
v 1588.23 3705.88 0.00
v 1588.23 3176.47 -18.00
v 2117.65 3176.47 -18.00
v 2117.65 3176.47 0.00
v 1588.23 3176.47 0.00
v 1588.23 6352.94 0.00
v 2117.65 6352.94 0.00
v 2117.65 6882.35 0.00
v 1588.23 6882.35 0.00
v 1588.23 6352.94 -18.00
v 2117.65 6352.94 -18.00
v 2117.65 6352.94 0.00
v 1588.23 6352.94 0.00
v 2117.65 6352.94 -18.00
v 2117.65 6882.35 -18.00
v 2117.65 6882.35 0.00
v 2117.65 6352.94 0.00
v 2117.65 6882.35 -18.00
v 1588.23 6882.35 -18.00
v 1588.23 6882.35 0.00
v 2117.65 6882.35 0.00
v 1588.23 6882.35 -18.00
v 1588.23 6352.94 -18.00
v 1588.23 6352.94 0.00
v 1588.23 6882.35 0.00
v 1588.23 7411.77 -18.00
v 2117.65 7411.77 -18.00
v 2117.65 6882.35 -18.00
v 1588.23 6882.35 -18.00
v 2117.65 -7941.18 -18.00
v 2117.65 -8470.59 -18.00
v 2117.65 -8470.59 0.00
v 2117.65 -7941.18 0.00
v 2117.65 -7411.77 -18.00
v 2647.06 -7411.77 -18.00
v 2647.06 -7941.18 -18.00
v 2117.65 -7941.18 -18.00
v 2117.65 -7941.18 0.00
v 2647.06 -7941.18 0.00
v 2647.06 -7411.77 0.00
v 2117.65 -7411.77 0.00
v 2117.65 -7941.18 -18.00
v 2647.06 -7941.18 -18.00
v 2647.06 -7941.18 0.00
v 2117.65 -7941.18 0.00
v 2647.06 -7941.18 -18.00
v 2647.06 -7411.77 -18.00
v 2647.06 -7411.77 0.00
v 2647.06 -7941.18 0.00
v 2647.06 -7411.77 -18.00
v 2117.65 -7411.77 -18.00
v 2117.65 -7411.77 0.00
v 2647.06 -7411.77 0.00
v 2647.06 -4235.29 -18.00
v 2647.06 -3705.88 -18.00
v 2647.06 -3705.88 0.00
v 2647.06 -4235.29 0.00
v 2647.06 -3705.88 -18.00
v 2117.65 -3705.88 -18.00
v 2117.65 -3705.88 0.00
v 2647.06 -3705.88 0.00
v 2117.65 -3705.88 -18.00
v 2117.65 -4235.29 -18.00
v 2117.65 -4235.29 0.00
v 2117.65 -3705.88 0.00
v 2117.65 -3176.47 -18.00
v 2647.06 -3176.47 -18.00
v 2647.06 -3705.88 -18.00
v 2117.65 -3705.88 -18.00
v 2117.65 -3705.88 0.00
v 2647.06 -3705.88 0.00
v 2647.06 -3176.47 0.00
v 2117.65 -3176.47 0.00
v 2117.65 -3705.88 -18.00
v 2647.06 -3705.88 -18.00
v 2647.06 -3705.88 0.00
v 2117.65 -3705.88 0.00
v 2117.65 -529.41 0.00
v 2647.06 -529.41 0.00
v 2647.06 -0.00 0.00
v 2117.65 -0.00 0.00
v 2117.65 -529.41 -18.00
v 2647.06 -529.41 -18.00
v 2647.06 -529.41 0.00
v 2117.65 -529.41 0.00
v 2647.06 -529.41 -18.00
v 2647.06 -0.00 -18.00
v 2647.06 -0.00 0.00
v 2647.06 -529.41 0.00
v 2647.06 -0.00 -18.00
v 2117.65 -0.00 -18.00
v 2117.65 -0.00 0.00
v 2647.06 -0.00 0.00
v 2117.65 -0.00 -18.00
v 2117.65 -529.41 -18.00
v 2117.65 -529.41 0.00
v 2117.65 -0.00 0.00
v 2117.65 529.41 -18.00
v 2647.06 529.41 -18.00
v 2647.06 -0.00 -18.00
v 2117.65 -0.00 -18.00
v 2117.65 3176.47 -18.00
v 2117.65 2647.06 -18.00
v 2117.65 2647.06 0.00
v 2117.65 3176.47 0.00
v 2117.65 3705.88 -18.00
v 2647.06 3705.88 -18.00
v 2647.06 3176.47 -18.00
v 2117.65 3176.47 -18.00
v 2117.65 3176.47 0.00
v 2647.06 3176.47 0.00
v 2647.06 3705.88 0.00
v 2117.65 3705.88 0.00
v 2117.65 3176.47 -18.00
v 2647.06 3176.47 -18.00
v 2647.06 3176.47 0.00
v 2117.65 3176.47 0.00
v 2647.06 3176.47 -18.00
v 2647.06 3705.88 -18.00
v 2647.06 3705.88 0.00
v 2647.06 3176.47 0.00
v 2647.06 3705.88 -18.00
v 2117.65 3705.88 -18.00
v 2117.65 3705.88 0.00
v 2647.06 3705.88 0.00
v 2647.06 5823.53 -18.00
v 2647.06 6352.94 -18.00
v 2647.06 6352.94 0.00
v 2647.06 5823.53 0.00
v 2647.06 6352.94 -18.00
v 2117.65 6352.94 -18.00
v 2117.65 6352.94 0.00
v 2647.06 6352.94 0.00
v 2117.65 6352.94 -18.00
v 2117.65 5823.53 -18.00
v 2117.65 5823.53 0.00
v 2117.65 6352.94 0.00
v 2117.65 6882.35 -18.00
v 2647.06 6882.35 -18.00
v 2647.06 6352.94 -18.00
v 2117.65 6352.94 -18.00
v 2117.65 6352.94 0.00
v 2647.06 6352.94 0.00
v 2647.06 6882.35 0.00
v 2117.65 6882.35 0.00
v 2117.65 6352.94 -18.00
v 2647.06 6352.94 -18.00
v 2647.06 6352.94 0.00
v 2117.65 6352.94 0.00
v 2647.06 -7941.18 0.00
v 3176.47 -7941.18 0.00
v 3176.47 -7411.77 0.00
v 2647.06 -7411.77 0.00
v 2647.06 -7941.18 -18.00
v 3176.47 -7941.18 -18.00
v 3176.47 -7941.18 0.00
v 2647.06 -7941.18 0.00
v 3176.47 -7941.18 -18.00
v 3176.47 -7411.77 -18.00
v 3176.47 -7411.77 0.00
v 3176.47 -7941.18 0.00
v 3176.47 -7411.77 -18.00
v 2647.06 -7411.77 -18.00
v 2647.06 -7411.77 0.00
v 3176.47 -7411.77 0.00
v 2647.06 -7411.77 -18.00
v 2647.06 -7941.18 -18.00
v 2647.06 -7941.18 0.00
v 2647.06 -7411.77 0.00
v 2647.06 -6882.35 -18.00
v 3176.47 -6882.35 -18.00
v 3176.47 -7411.77 -18.00
v 2647.06 -7411.77 -18.00
v 2647.06 -4235.29 -18.00
v 2647.06 -4764.71 -18.00
v 2647.06 -4764.71 0.00
v 2647.06 -4235.29 0.00
v 2647.06 -3705.88 -18.00
v 3176.47 -3705.88 -18.00
v 3176.47 -4235.29 -18.00
v 2647.06 -4235.29 -18.00
v 2647.06 -4235.29 0.00
v 3176.47 -4235.29 0.00
v 3176.47 -3705.88 0.00
v 2647.06 -3705.88 0.00
v 2647.06 -4235.29 -18.00
v 3176.47 -4235.29 -18.00
v 3176.47 -4235.29 0.00
v 2647.06 -4235.29 0.00
v 3176.47 -4235.29 -18.00
v 3176.47 -3705.88 -18.00
v 3176.47 -3705.88 0.00
v 3176.47 -4235.29 0.00
v 3176.47 -3705.88 -18.00
v 2647.06 -3705.88 -18.00
v 2647.06 -3705.88 0.00
v 3176.47 -3705.88 0.00
v 2647.06 5823.53 -18.00
v 3176.47 5823.53 -18.00
v 3176.47 5294.12 -18.00
v 2647.06 5294.12 -18.00
v 2647.06 5294.12 0.00
v 3176.47 5294.12 0.00
v 3176.47 5823.53 0.00
v 2647.06 5823.53 0.00
v 2647.06 5294.12 -18.00
v 3176.47 5294.12 -18.00
v 3176.47 5294.12 0.00
v 2647.06 5294.12 0.00
v 3176.47 5294.12 -18.00
v 3176.47 5823.53 -18.00
v 3176.47 5823.53 0.00
v 3176.47 5294.12 0.00
v 3176.47 5823.53 -18.00
v 2647.06 5823.53 -18.00
v 2647.06 5823.53 0.00
v 3176.47 5823.53 0.00
v 2647.06 5823.53 -18.00
v 2647.06 5294.12 -18.00
v 2647.06 5294.12 0.00
v 2647.06 5823.53 0.00
v 3176.47 9000.00 -18.00
v 2647.06 9000.00 -18.00
v 2647.06 9000.00 0.00
v 3176.47 9000.00 0.00
v 2647.06 9000.00 -18.00
v 2647.06 8470.59 -18.00
v 2647.06 8470.59 0.00
v 2647.06 9000.00 0.00
v 3176.47 -8470.59 -18.00
v 3705.88 -8470.59 -18.00
v 3705.88 -9000.00 -18.00
v 3176.47 -9000.00 -18.00
v 3176.47 -9000.00 0.00
v 3705.88 -9000.00 0.00
v 3705.88 -8470.59 0.00
v 3176.47 -8470.59 0.00
v 3176.47 -9000.00 -18.00
v 3705.88 -9000.00 -18.00
v 3705.88 -9000.00 0.00
v 3176.47 -9000.00 0.00
v 3705.88 -9000.00 -18.00
v 3705.88 -8470.59 -18.00
v 3705.88 -8470.59 0.00
v 3705.88 -9000.00 0.00
v 3176.47 -5294.12 -18.00
v 3705.88 -5294.12 -18.00
v 3705.88 -5294.12 0.00
v 3176.47 -5294.12 0.00
v 3705.88 -5294.12 -18.00
v 3705.88 -4764.71 -18.00
v 3705.88 -4764.71 0.00
v 3705.88 -5294.12 0.00
v 3705.88 -4764.71 -18.00
v 3176.47 -4764.71 -18.00
v 3176.47 -4764.71 0.00
v 3705.88 -4764.71 0.00
v 3176.47 -4764.71 -18.00
v 3176.47 -5294.12 -18.00
v 3176.47 -5294.12 0.00
v 3176.47 -4764.71 0.00
v 3176.47 -4235.29 -18.00
v 3705.88 -4235.29 -18.00
v 3705.88 -4764.71 -18.00
v 3176.47 -4764.71 -18.00
v 3176.47 -4764.71 0.00
v 3705.88 -4764.71 0.00
v 3705.88 -4235.29 0.00
v 3176.47 -4235.29 0.00
v 3176.47 -1588.23 -18.00
v 3705.88 -1588.23 -18.00
v 3705.88 -2117.65 -18.00
v 3176.47 -2117.65 -18.00
v 3176.47 -2117.65 0.00
v 3705.88 -2117.65 0.00
v 3705.88 -1588.23 0.00
v 3176.47 -1588.23 0.00
v 3176.47 -2117.65 -18.00
v 3705.88 -2117.65 -18.00
v 3705.88 -2117.65 0.00
v 3176.47 -2117.65 0.00
v 3705.88 -2117.65 -18.00
v 3705.88 -1588.23 -18.00
v 3705.88 -1588.23 0.00
v 3705.88 -2117.65 0.00
v 3705.88 -1588.23 -18.00
v 3176.47 -1588.23 -18.00
v 3176.47 -1588.23 0.00
v 3705.88 -1588.23 0.00
v 3176.47 -1588.23 -18.00
v 3176.47 -2117.65 -18.00
v 3176.47 -2117.65 0.00
v 3176.47 -1588.23 0.00
v 3705.88 2117.65 -18.00
v 3176.47 2117.65 -18.00
v 3176.47 2117.65 0.00
v 3705.88 2117.65 0.00
v 3176.47 2117.65 -18.00
v 3176.47 1588.23 -18.00
v 3176.47 1588.23 0.00
v 3176.47 2117.65 0.00
v 3176.47 2647.06 -18.00
v 3705.88 2647.06 -18.00
v 3705.88 2117.65 -18.00
v 3176.47 2117.65 -18.00
v 3176.47 2117.65 0.00
v 3705.88 2117.65 0.00
v 3705.88 2647.06 0.00
v 3176.47 2647.06 0.00
v 3176.47 2117.65 -18.00
v 3705.88 2117.65 -18.00
v 3705.88 2117.65 0.00
v 3176.47 2117.65 0.00
v 3705.88 2117.65 -18.00
v 3705.88 2647.06 -18.00
v 3705.88 2647.06 0.00
v 3705.88 2117.65 0.00
v 3176.47 4764.71 -18.00
v 3705.88 4764.71 -18.00
v 3705.88 4764.71 0.00
v 3176.47 4764.71 0.00
v 3705.88 4764.71 -18.00
v 3705.88 5294.12 -18.00
v 3705.88 5294.12 0.00
v 3705.88 4764.71 0.00
v 3705.88 5294.12 -18.00
v 3176.47 5294.12 -18.00
v 3176.47 5294.12 0.00
v 3705.88 5294.12 0.00
v 3176.47 5294.12 -18.00
v 3176.47 4764.71 -18.00
v 3176.47 4764.71 0.00
v 3176.47 5294.12 0.00
v 3176.47 5823.53 -18.00
v 3705.88 5823.53 -18.00
v 3705.88 5294.12 -18.00
v 3176.47 5294.12 -18.00
v 3176.47 5294.12 0.00
v 3705.88 5294.12 0.00
v 3705.88 5823.53 0.00
v 3176.47 5823.53 0.00
v 3705.88 -8470.59 -18.00
v 4235.29 -8470.59 -18.00
v 4235.29 -9000.00 -18.00
v 3705.88 -9000.00 -18.00
v 3705.88 -9000.00 0.00
v 4235.29 -9000.00 0.00
v 4235.29 -8470.59 0.00
v 3705.88 -8470.59 0.00
v 3705.88 -9000.00 -18.00
v 4235.29 -9000.00 -18.00
v 4235.29 -9000.00 0.00
v 3705.88 -9000.00 0.00
v 4235.29 -9000.00 -18.00
v 4235.29 -8470.59 -18.00
v 4235.29 -8470.59 0.00
v 4235.29 -9000.00 0.00
v 4235.29 -8470.59 -18.00
v 3705.88 -8470.59 -18.00
v 3705.88 -8470.59 0.00
v 4235.29 -8470.59 0.00
v 3705.88 -8470.59 -18.00
v 3705.88 -9000.00 -18.00
v 3705.88 -9000.00 0.00
v 3705.88 -8470.59 0.00
v 4235.29 -5823.53 -18.00
v 3705.88 -5823.53 -18.00
v 3705.88 -5823.53 0.00
v 4235.29 -5823.53 0.00
v 3705.88 -5823.53 -18.00
v 3705.88 -6352.94 -18.00
v 3705.88 -6352.94 0.00
v 3705.88 -5823.53 0.00
v 3705.88 -5294.12 -18.00
v 4235.29 -5294.12 -18.00
v 4235.29 -5823.53 -18.00
v 3705.88 -5823.53 -18.00
v 3705.88 -5823.53 0.00
v 4235.29 -5823.53 0.00
v 4235.29 -5294.12 0.00
v 3705.88 -5294.12 0.00
v 3705.88 -5823.53 -18.00
v 4235.29 -5823.53 -18.00
v 4235.29 -5823.53 0.00
v 3705.88 -5823.53 0.00
v 4235.29 -5823.53 -18.00
v 4235.29 -5294.12 -18.00
v 4235.29 -5294.12 0.00
v 4235.29 -5823.53 0.00
v 3705.88 -2117.65 -18.00
v 4235.29 -2117.65 -18.00
v 4235.29 -2117.65 0.00
v 3705.88 -2117.65 0.00
v 4235.29 -2117.65 -18.00
v 4235.29 -1588.23 -18.00
v 4235.29 -1588.23 0.00
v 4235.29 -2117.65 0.00
v 4235.29 -1588.23 -18.00
v 3705.88 -1588.23 -18.00
v 3705.88 -1588.23 0.00
v 4235.29 -1588.23 0.00
v 3705.88 -1588.23 -18.00
v 3705.88 -2117.65 -18.00
v 3705.88 -2117.65 0.00
v 3705.88 -1588.23 0.00
v 3705.88 -1058.82 -18.00
v 4235.29 -1058.82 -18.00
v 4235.29 -1588.23 -18.00
v 3705.88 -1588.23 -18.00
v 3705.88 -1588.23 0.00
v 4235.29 -1588.23 0.00
v 4235.29 -1058.82 0.00
v 3705.88 -1058.82 0.00
v 3705.88 1588.23 -18.00
v 4235.29 1588.23 -18.00
v 4235.29 1058.82 -18.00
v 3705.88 1058.82 -18.00
v 3705.88 1058.82 0.00
v 4235.29 1058.82 0.00
v 4235.29 1588.23 0.00
v 3705.88 1588.23 0.00
v 3705.88 1058.82 -18.00
v 4235.29 1058.82 -18.00
v 4235.29 1058.82 0.00
v 3705.88 1058.82 0.00
v 4235.29 1058.82 -18.00
v 4235.29 1588.23 -18.00
v 4235.29 1588.23 0.00
v 4235.29 1058.82 0.00
v 4235.29 1588.23 -18.00
v 3705.88 1588.23 -18.00
v 3705.88 1588.23 0.00
v 4235.29 1588.23 0.00
v 3705.88 1588.23 -18.00
v 3705.88 1058.82 -18.00
v 3705.88 1058.82 0.00
v 3705.88 1588.23 0.00
v 4235.29 4764.71 -18.00
v 3705.88 4764.71 -18.00
v 3705.88 4764.71 0.00
v 4235.29 4764.71 0.00
v 3705.88 4764.71 -18.00
v 3705.88 4235.29 -18.00
v 3705.88 4235.29 0.00
v 3705.88 4764.71 0.00
v 3705.88 5294.12 -18.00
v 4235.29 5294.12 -18.00
v 4235.29 4764.71 -18.00
v 3705.88 4764.71 -18.00
v 3705.88 4764.71 0.00
v 4235.29 4764.71 0.00
v 4235.29 5294.12 0.00
v 3705.88 5294.12 0.00
v 3705.88 4764.71 -18.00
v 4235.29 4764.71 -18.00
v 4235.29 4764.71 0.00
v 3705.88 4764.71 0.00
v 4235.29 4764.71 -18.00
v 4235.29 5294.12 -18.00
v 4235.29 5294.12 0.00
v 4235.29 4764.71 0.00
v 3705.88 7941.18 -18.00
v 4235.29 7941.18 -18.00
v 4235.29 7941.18 0.00
v 3705.88 7941.18 0.00
v 4235.29 7941.18 -18.00
v 4235.29 8470.59 -18.00
v 4235.29 8470.59 0.00
v 4235.29 7941.18 0.00
v 4235.29 8470.59 -18.00
v 3705.88 8470.59 -18.00
v 3705.88 8470.59 0.00
v 4235.29 8470.59 0.00
v 3705.88 8470.59 -18.00
v 3705.88 7941.18 -18.00
v 3705.88 7941.18 0.00
v 3705.88 8470.59 0.00
v 3705.88 9000.00 -18.00
v 4235.29 9000.00 -18.00
v 4235.29 8470.59 -18.00
v 3705.88 8470.59 -18.00
v 3705.88 8470.59 0.00
v 4235.29 8470.59 0.00
v 4235.29 9000.00 0.00
v 3705.88 9000.00 0.00
v 4235.29 -5823.53 -18.00
v 4764.71 -5823.53 -18.00
v 4764.71 -6352.94 -18.00
v 4235.29 -6352.94 -18.00
v 4235.29 -6352.94 0.00
v 4764.71 -6352.94 0.00
v 4764.71 -5823.53 0.00
v 4235.29 -5823.53 0.00
v 4235.29 -6352.94 -18.00
v 4764.71 -6352.94 -18.00
v 4764.71 -6352.94 0.00
v 4235.29 -6352.94 0.00
v 4764.71 -6352.94 -18.00
v 4764.71 -5823.53 -18.00
v 4764.71 -5823.53 0.00
v 4764.71 -6352.94 0.00
v 4764.71 -5823.53 -18.00
v 4235.29 -5823.53 -18.00
v 4235.29 -5823.53 0.00
v 4764.71 -5823.53 0.00
v 4235.29 -5823.53 -18.00
v 4235.29 -6352.94 -18.00
v 4235.29 -6352.94 0.00
v 4235.29 -5823.53 0.00
v 4764.71 -2647.06 -18.00
v 4235.29 -2647.06 -18.00
v 4235.29 -2647.06 0.00
v 4764.71 -2647.06 0.00
v 4235.29 -2647.06 -18.00
v 4235.29 -3176.47 -18.00
v 4235.29 -3176.47 0.00
v 4235.29 -2647.06 0.00
v 4235.29 -2117.65 -18.00
v 4764.71 -2117.65 -18.00
v 4764.71 -2647.06 -18.00
v 4235.29 -2647.06 -18.00
v 4235.29 -2647.06 0.00
v 4764.71 -2647.06 0.00
v 4764.71 -2117.65 0.00
v 4235.29 -2117.65 0.00
v 4235.29 -2647.06 -18.00
v 4764.71 -2647.06 -18.00
v 4764.71 -2647.06 0.00
v 4235.29 -2647.06 0.00
v 4764.71 -2647.06 -18.00
v 4764.71 -2117.65 -18.00
v 4764.71 -2117.65 0.00
v 4764.71 -2647.06 0.00
v 4235.29 529.41 -18.00
v 4764.71 529.41 -18.00
v 4764.71 529.41 0.00
v 4235.29 529.41 0.00
v 4764.71 529.41 -18.00
v 4764.71 1058.82 -18.00
v 4764.71 1058.82 0.00
v 4764.71 529.41 0.00
v 4764.71 1058.82 -18.00
v 4235.29 1058.82 -18.00
v 4235.29 1058.82 0.00
v 4764.71 1058.82 0.00
v 4235.29 1058.82 -18.00
v 4235.29 529.41 -18.00
v 4235.29 529.41 0.00
v 4235.29 1058.82 0.00
v 4235.29 1588.23 -18.00
v 4764.71 1588.23 -18.00
v 4764.71 1058.82 -18.00
v 4235.29 1058.82 -18.00
v 4235.29 1058.82 0.00
v 4764.71 1058.82 0.00
v 4764.71 1588.23 0.00
v 4235.29 1588.23 0.00
v 4235.29 5294.12 -18.00
v 4764.71 5294.12 -18.00
v 4764.71 4764.71 -18.00
v 4235.29 4764.71 -18.00
v 4235.29 4764.71 0.00
v 4764.71 4764.71 0.00
v 4764.71 5294.12 0.00
v 4235.29 5294.12 0.00
v 4235.29 4764.71 -18.00
v 4764.71 4764.71 -18.00
v 4764.71 4764.71 0.00
v 4235.29 4764.71 0.00
v 4764.71 4764.71 -18.00
v 4764.71 5294.12 -18.00
v 4764.71 5294.12 0.00
v 4764.71 4764.71 0.00
v 4764.71 5294.12 -18.00
v 4235.29 5294.12 -18.00
v 4235.29 5294.12 0.00
v 4764.71 5294.12 0.00
v 4235.29 5294.12 -18.00
v 4235.29 4764.71 -18.00
v 4235.29 4764.71 0.00
v 4235.29 5294.12 0.00
v 4764.71 7941.18 -18.00
v 4235.29 7941.18 -18.00
v 4235.29 7941.18 0.00
v 4764.71 7941.18 0.00
v 4235.29 7941.18 -18.00
v 4235.29 7411.77 -18.00
v 4235.29 7411.77 0.00
v 4235.29 7941.18 0.00
v 4235.29 8470.59 -18.00
v 4764.71 8470.59 -18.00
v 4764.71 7941.18 -18.00
v 4235.29 7941.18 -18.00
v 4235.29 7941.18 0.00
v 4764.71 7941.18 0.00
v 4764.71 8470.59 0.00
v 4235.29 8470.59 0.00
v 4235.29 7941.18 -18.00
v 4764.71 7941.18 -18.00
v 4764.71 7941.18 0.00
v 4235.29 7941.18 0.00
v 4764.71 7941.18 -18.00
v 4764.71 8470.59 -18.00
v 4764.71 8470.59 0.00
v 4764.71 7941.18 0.00
v 4764.71 -7411.77 -18.00
v 5294.12 -7411.77 -18.00
v 5294.12 -7411.77 0.00
v 4764.71 -7411.77 0.00
v 5294.12 -7411.77 -18.00
v 5294.12 -6882.35 -18.00
v 5294.12 -6882.35 0.00
v 5294.12 -7411.77 0.00
v 5294.12 -6882.35 -18.00
v 4764.71 -6882.35 -18.00
v 4764.71 -6882.35 0.00
v 5294.12 -6882.35 0.00
v 4764.71 -6882.35 -18.00
v 4764.71 -7411.77 -18.00
v 4764.71 -7411.77 0.00
v 4764.71 -6882.35 0.00
v 4764.71 -6352.94 -18.00
v 5294.12 -6352.94 -18.00
v 5294.12 -6882.35 -18.00
v 4764.71 -6882.35 -18.00
v 4764.71 -6882.35 0.00
v 5294.12 -6882.35 0.00
v 5294.12 -6352.94 0.00
v 4764.71 -6352.94 0.00
v 4764.71 -3176.47 -18.00
v 5294.12 -3176.47 -18.00
v 5294.12 -3705.88 -18.00
v 4764.71 -3705.88 -18.00
v 4764.71 -3705.88 0.00
v 5294.12 -3705.88 0.00
v 5294.12 -3176.47 0.00
v 4764.71 -3176.47 0.00
v 4764.71 -3705.88 -18.00
v 5294.12 -3705.88 -18.00
v 5294.12 -3705.88 0.00
v 4764.71 -3705.88 0.00
v 5294.12 -3705.88 -18.00
v 5294.12 -3176.47 -18.00
v 5294.12 -3176.47 0.00
v 5294.12 -3705.88 0.00
v 5294.12 -3176.47 -18.00
v 4764.71 -3176.47 -18.00
v 4764.71 -3176.47 0.00
v 5294.12 -3176.47 0.00
v 4764.71 -3176.47 -18.00
v 4764.71 -3705.88 -18.00
v 4764.71 -3705.88 0.00
v 4764.71 -3176.47 0.00
v 5294.12 -0.00 -18.00
v 4764.71 -0.00 -18.00
v 4764.71 -0.00 0.00
v 5294.12 -0.00 0.00
v 4764.71 -0.00 -18.00
v 4764.71 -529.41 -18.00
v 4764.71 -529.41 0.00
v 4764.71 -0.00 0.00
v 4764.71 529.41 -18.00
v 5294.12 529.41 -18.00
v 5294.12 -0.00 -18.00
v 4764.71 -0.00 -18.00
v 4764.71 -0.00 0.00
v 5294.12 -0.00 0.00
v 5294.12 529.41 0.00
v 4764.71 529.41 0.00
v 4764.71 -0.00 -18.00
v 5294.12 -0.00 -18.00
v 5294.12 -0.00 0.00
v 4764.71 -0.00 0.00
v 5294.12 -0.00 -18.00
v 5294.12 529.41 -18.00
v 5294.12 529.41 0.00
v 5294.12 -0.00 0.00
v 4764.71 2647.06 -18.00
v 5294.12 2647.06 -18.00
v 5294.12 2647.06 0.00
v 4764.71 2647.06 0.00
v 5294.12 2647.06 -18.00
v 5294.12 3176.47 -18.00
v 5294.12 3176.47 0.00
v 5294.12 2647.06 0.00
v 5294.12 3176.47 -18.00
v 4764.71 3176.47 -18.00
v 4764.71 3176.47 0.00
v 5294.12 3176.47 0.00
v 4764.71 3176.47 -18.00
v 4764.71 2647.06 -18.00
v 4764.71 2647.06 0.00
v 4764.71 3176.47 0.00
v 4764.71 3705.88 -18.00
v 5294.12 3705.88 -18.00
v 5294.12 3176.47 -18.00
v 4764.71 3176.47 -18.00
v 4764.71 3176.47 0.00
v 5294.12 3176.47 0.00
v 5294.12 3705.88 0.00
v 4764.71 3705.88 0.00
v 4764.71 7411.77 -18.00
v 5294.12 7411.77 -18.00
v 5294.12 6882.35 -18.00
v 4764.71 6882.35 -18.00
v 4764.71 6882.35 0.00
v 5294.12 6882.35 0.00
v 5294.12 7411.77 0.00
v 4764.71 7411.77 0.00
v 4764.71 6882.35 -18.00
v 5294.12 6882.35 -18.00
v 5294.12 6882.35 0.00
v 4764.71 6882.35 0.00
v 5294.12 6882.35 -18.00
v 5294.12 7411.77 -18.00
v 5294.12 7411.77 0.00
v 5294.12 6882.35 0.00
v 5823.53 -9000.00 -18.00
v 5823.53 -8470.59 -18.00
v 5823.53 -8470.59 0.00
v 5823.53 -9000.00 0.00
v 5823.53 -8470.59 -18.00
v 5294.12 -8470.59 -18.00
v 5294.12 -8470.59 0.00
v 5823.53 -8470.59 0.00
v 5294.12 -8470.59 -18.00
v 5294.12 -9000.00 -18.00
v 5294.12 -9000.00 0.00
v 5294.12 -8470.59 0.00
v 5294.12 -7941.18 -18.00
v 5823.53 -7941.18 -18.00
v 5823.53 -8470.59 -18.00
v 5294.12 -8470.59 -18.00
v 5294.12 -8470.59 0.00
v 5823.53 -8470.59 0.00
v 5823.53 -7941.18 0.00
v 5294.12 -7941.18 0.00
v 5294.12 -8470.59 -18.00
v 5823.53 -8470.59 -18.00
v 5823.53 -8470.59 0.00
v 5294.12 -8470.59 0.00
v 5294.12 -5294.12 0.00
v 5823.53 -5294.12 0.00
v 5823.53 -4764.71 0.00
v 5294.12 -4764.71 0.00
v 5294.12 -5294.12 -18.00
v 5823.53 -5294.12 -18.00
v 5823.53 -5294.12 0.00
v 5294.12 -5294.12 0.00
v 5823.53 -5294.12 -18.00
v 5823.53 -4764.71 -18.00
v 5823.53 -4764.71 0.00
v 5823.53 -5294.12 0.00
v 5823.53 -4764.71 -18.00
v 5294.12 -4764.71 -18.00
v 5294.12 -4764.71 0.00
v 5823.53 -4764.71 0.00
v 5294.12 -4764.71 -18.00
v 5294.12 -5294.12 -18.00
v 5294.12 -5294.12 0.00
v 5294.12 -4764.71 0.00
v 5294.12 -4235.29 -18.00
v 5823.53 -4235.29 -18.00
v 5823.53 -4764.71 -18.00
v 5294.12 -4764.71 -18.00
v 5294.12 -1588.23 -18.00
v 5294.12 -2117.65 -18.00
v 5294.12 -2117.65 0.00
v 5294.12 -1588.23 0.00
v 5294.12 -1058.82 -18.00
v 5823.53 -1058.82 -18.00
v 5823.53 -1588.23 -18.00
v 5294.12 -1588.23 -18.00
v 5294.12 -1588.23 0.00
v 5823.53 -1588.23 0.00
v 5823.53 -1058.82 0.00
v 5294.12 -1058.82 0.00
v 5294.12 -1588.23 -18.00
v 5823.53 -1588.23 -18.00
v 5823.53 -1588.23 0.00
v 5294.12 -1588.23 0.00
v 5823.53 -1588.23 -18.00
v 5823.53 -1058.82 -18.00
v 5823.53 -1058.82 0.00
v 5823.53 -1588.23 0.00
v 5823.53 -1058.82 -18.00
v 5294.12 -1058.82 -18.00
v 5294.12 -1058.82 0.00
v 5823.53 -1058.82 0.00
v 5823.53 1588.23 -18.00
v 5823.53 2117.65 -18.00
v 5823.53 2117.65 0.00
v 5823.53 1588.23 0.00
v 5823.53 2117.65 -18.00
v 5294.12 2117.65 -18.00
v 5294.12 2117.65 0.00
v 5823.53 2117.65 0.00
v 5294.12 2117.65 -18.00
v 5294.12 1588.23 -18.00
v 5294.12 1588.23 0.00
v 5294.12 2117.65 0.00
v 5294.12 2647.06 -18.00
v 5823.53 2647.06 -18.00
v 5823.53 2117.65 -18.00
v 5294.12 2117.65 -18.00
v 5294.12 2117.65 0.00
v 5823.53 2117.65 0.00
v 5823.53 2647.06 0.00
v 5294.12 2647.06 0.00
v 5294.12 2117.65 -18.00
v 5823.53 2117.65 -18.00
v 5823.53 2117.65 0.00
v 5294.12 2117.65 0.00
v 5294.12 5823.53 0.00
v 5823.53 5823.53 0.00
v 5823.53 6352.94 0.00
v 5294.12 6352.94 0.00
v 5294.12 5823.53 -18.00
v 5823.53 5823.53 -18.00
v 5823.53 5823.53 0.00
v 5294.12 5823.53 0.00
v 5823.53 5823.53 -18.00
v 5823.53 6352.94 -18.00
v 5823.53 6352.94 0.00
v 5823.53 5823.53 0.00
v 5823.53 6352.94 -18.00
v 5294.12 6352.94 -18.00
v 5294.12 6352.94 0.00
v 5823.53 6352.94 0.00
v 5294.12 6352.94 -18.00
v 5294.12 5823.53 -18.00
v 5294.12 5823.53 0.00
v 5294.12 6352.94 0.00
v 5294.12 6882.35 -18.00
v 5823.53 6882.35 -18.00
v 5823.53 6352.94 -18.00
v 5294.12 6352.94 -18.00
v 5823.53 -8470.59 -18.00
v 5823.53 -9000.00 -18.00
v 5823.53 -9000.00 0.00
v 5823.53 -8470.59 0.00
v 5823.53 -7941.18 -18.00
v 6352.94 -7941.18 -18.00
v 6352.94 -8470.59 -18.00
v 5823.53 -8470.59 -18.00
v 5823.53 -8470.59 0.00
v 6352.94 -8470.59 0.00
v 6352.94 -7941.18 0.00
v 5823.53 -7941.18 0.00
v 5823.53 -8470.59 -18.00
v 6352.94 -8470.59 -18.00
v 6352.94 -8470.59 0.00
v 5823.53 -8470.59 0.00
v 6352.94 -8470.59 -18.00
v 6352.94 -7941.18 -18.00
v 6352.94 -7941.18 0.00
v 6352.94 -8470.59 0.00
v 6352.94 -7941.18 -18.00
v 5823.53 -7941.18 -18.00
v 5823.53 -7941.18 0.00
v 6352.94 -7941.18 0.00
v 6352.94 -4764.71 -18.00
v 6352.94 -4235.29 -18.00
v 6352.94 -4235.29 0.00
v 6352.94 -4764.71 0.00
v 6352.94 -4235.29 -18.00
v 5823.53 -4235.29 -18.00
v 5823.53 -4235.29 0.00
v 6352.94 -4235.29 0.00
v 5823.53 -4235.29 -18.00
v 5823.53 -4764.71 -18.00
v 5823.53 -4764.71 0.00
v 5823.53 -4235.29 0.00
v 5823.53 -3705.88 -18.00
v 6352.94 -3705.88 -18.00
v 6352.94 -4235.29 -18.00
v 5823.53 -4235.29 -18.00
v 5823.53 -4235.29 0.00
v 6352.94 -4235.29 0.00
v 6352.94 -3705.88 0.00
v 5823.53 -3705.88 0.00
v 5823.53 -4235.29 -18.00
v 6352.94 -4235.29 -18.00
v 6352.94 -4235.29 0.00
v 5823.53 -4235.29 0.00
v 5823.53 -1058.82 0.00
v 6352.94 -1058.82 0.00
v 6352.94 -529.41 0.00
v 5823.53 -529.41 0.00
v 5823.53 -1058.82 -18.00
v 6352.94 -1058.82 -18.00
v 6352.94 -1058.82 0.00
v 5823.53 -1058.82 0.00
v 6352.94 -1058.82 -18.00
v 6352.94 -529.41 -18.00
v 6352.94 -529.41 0.00
v 6352.94 -1058.82 0.00
v 6352.94 -529.41 -18.00
v 5823.53 -529.41 -18.00
v 5823.53 -529.41 0.00
v 6352.94 -529.41 0.00
v 5823.53 -529.41 -18.00
v 5823.53 -1058.82 -18.00
v 5823.53 -1058.82 0.00
v 5823.53 -529.41 0.00
v 5823.53 -0.00 -18.00
v 6352.94 -0.00 -18.00
v 6352.94 -529.41 -18.00
v 5823.53 -529.41 -18.00
v 5823.53 2647.06 -18.00
v 5823.53 2117.65 -18.00
v 5823.53 2117.65 0.00
v 5823.53 2647.06 0.00
v 5823.53 3176.47 -18.00
v 6352.94 3176.47 -18.00
v 6352.94 2647.06 -18.00
v 5823.53 2647.06 -18.00
v 5823.53 2647.06 0.00
v 6352.94 2647.06 0.00
v 6352.94 3176.47 0.00
v 5823.53 3176.47 0.00
v 5823.53 2647.06 -18.00
v 6352.94 2647.06 -18.00
v 6352.94 2647.06 0.00
v 5823.53 2647.06 0.00
v 6352.94 2647.06 -18.00
v 6352.94 3176.47 -18.00
v 6352.94 3176.47 0.00
v 6352.94 2647.06 0.00
v 6352.94 3176.47 -18.00
v 5823.53 3176.47 -18.00
v 5823.53 3176.47 0.00
v 6352.94 3176.47 0.00
v 6352.94 5294.12 -18.00
v 6352.94 5823.53 -18.00
v 6352.94 5823.53 0.00
v 6352.94 5294.12 0.00
v 6352.94 5823.53 -18.00
v 5823.53 5823.53 -18.00
v 5823.53 5823.53 0.00
v 6352.94 5823.53 0.00
v 5823.53 5823.53 -18.00
v 5823.53 5294.12 -18.00
v 5823.53 5294.12 0.00
v 5823.53 5823.53 0.00
v 5823.53 6352.94 -18.00
v 6352.94 6352.94 -18.00
v 6352.94 5823.53 -18.00
v 5823.53 5823.53 -18.00
v 5823.53 5823.53 0.00
v 6352.94 5823.53 0.00
v 6352.94 6352.94 0.00
v 5823.53 6352.94 0.00
v 5823.53 5823.53 -18.00
v 6352.94 5823.53 -18.00
v 6352.94 5823.53 0.00
v 5823.53 5823.53 0.00
v 6352.94 -8470.59 0.00
v 6882.35 -8470.59 0.00
v 6882.35 -7941.18 0.00
v 6352.94 -7941.18 0.00
v 6352.94 -8470.59 -18.00
v 6882.35 -8470.59 -18.00
v 6882.35 -8470.59 0.00
v 6352.94 -8470.59 0.00
v 6882.35 -8470.59 -18.00
v 6882.35 -7941.18 -18.00
v 6882.35 -7941.18 0.00
v 6882.35 -8470.59 0.00
v 6882.35 -7941.18 -18.00
v 6352.94 -7941.18 -18.00
v 6352.94 -7941.18 0.00
v 6882.35 -7941.18 0.00
v 6352.94 -7941.18 -18.00
v 6352.94 -8470.59 -18.00
v 6352.94 -8470.59 0.00
v 6352.94 -7941.18 0.00
v 6352.94 -7411.77 -18.00
v 6882.35 -7411.77 -18.00
v 6882.35 -7941.18 -18.00
v 6352.94 -7941.18 -18.00
v 6352.94 -5294.12 -18.00
v 6352.94 -5823.53 -18.00
v 6352.94 -5823.53 0.00
v 6352.94 -5294.12 0.00
v 6352.94 -4764.71 -18.00
v 6882.35 -4764.71 -18.00
v 6882.35 -5294.12 -18.00
v 6352.94 -5294.12 -18.00
v 6352.94 -5294.12 0.00
v 6882.35 -5294.12 0.00
v 6882.35 -4764.71 0.00
v 6352.94 -4764.71 0.00
v 6352.94 -5294.12 -18.00
v 6882.35 -5294.12 -18.00
v 6882.35 -5294.12 0.00
v 6352.94 -5294.12 0.00
v 6882.35 -5294.12 -18.00
v 6882.35 -4764.71 -18.00
v 6882.35 -4764.71 0.00
v 6882.35 -5294.12 0.00
v 6882.35 -4764.71 -18.00
v 6352.94 -4764.71 -18.00
v 6352.94 -4764.71 0.00
v 6882.35 -4764.71 0.00
v 6882.35 -2647.06 -18.00
v 6882.35 -2117.65 -18.00
v 6882.35 -2117.65 0.00
v 6882.35 -2647.06 0.00
v 6882.35 -2117.65 -18.00
v 6352.94 -2117.65 -18.00
v 6352.94 -2117.65 0.00
v 6882.35 -2117.65 0.00
v 6352.94 -2117.65 -18.00
v 6352.94 -2647.06 -18.00
v 6352.94 -2647.06 0.00
v 6352.94 -2117.65 0.00
v 6352.94 -1588.23 -18.00
v 6882.35 -1588.23 -18.00
v 6882.35 -2117.65 -18.00
v 6352.94 -2117.65 -18.00
v 6352.94 -2117.65 0.00
v 6882.35 -2117.65 0.00
v 6882.35 -1588.23 0.00
v 6352.94 -1588.23 0.00
v 6352.94 -2117.65 -18.00
v 6882.35 -2117.65 -18.00
v 6882.35 -2117.65 0.00
v 6352.94 -2117.65 0.00
v 6352.94 1058.82 0.00
v 6882.35 1058.82 0.00
v 6882.35 1588.23 0.00
v 6352.94 1588.23 0.00
v 6352.94 1058.82 -18.00
v 6882.35 1058.82 -18.00
v 6882.35 1058.82 0.00
v 6352.94 1058.82 0.00
v 6882.35 1058.82 -18.00
v 6882.35 1588.23 -18.00
v 6882.35 1588.23 0.00
v 6882.35 1058.82 0.00
v 6882.35 1588.23 -18.00
v 6352.94 1588.23 -18.00
v 6352.94 1588.23 0.00
v 6882.35 1588.23 0.00
v 6352.94 1588.23 -18.00
v 6352.94 1058.82 -18.00
v 6352.94 1058.82 0.00
v 6352.94 1588.23 0.00
v 6352.94 2117.65 -18.00
v 6882.35 2117.65 -18.00
v 6882.35 1588.23 -18.00
v 6352.94 1588.23 -18.00
v 6352.94 4764.71 -18.00
v 6352.94 4235.29 -18.00
v 6352.94 4235.29 0.00
v 6352.94 4764.71 0.00
v 6352.94 5294.12 -18.00
v 6882.35 5294.12 -18.00
v 6882.35 4764.71 -18.00
v 6352.94 4764.71 -18.00
v 6352.94 4764.71 0.00
v 6882.35 4764.71 0.00
v 6882.35 5294.12 0.00
v 6352.94 5294.12 0.00
v 6352.94 4764.71 -18.00
v 6882.35 4764.71 -18.00
v 6882.35 4764.71 0.00
v 6352.94 4764.71 0.00
v 6882.35 4764.71 -18.00
v 6882.35 5294.12 -18.00
v 6882.35 5294.12 0.00
v 6882.35 4764.71 0.00
v 6882.35 5294.12 -18.00
v 6352.94 5294.12 -18.00
v 6352.94 5294.12 0.00
v 6882.35 5294.12 0.00
v 6882.35 -4235.29 -18.00
v 7411.77 -4235.29 -18.00
v 7411.77 -4764.71 -18.00
v 6882.35 -4764.71 -18.00
v 6882.35 -4764.71 0.00
v 7411.77 -4764.71 0.00
v 7411.77 -4235.29 0.00
v 6882.35 -4235.29 0.00
v 6882.35 -4764.71 -18.00
v 7411.77 -4764.71 -18.00
v 7411.77 -4764.71 0.00
v 6882.35 -4764.71 0.00
v 7411.77 -4764.71 -18.00
v 7411.77 -4235.29 -18.00
v 7411.77 -4235.29 0.00
v 7411.77 -4764.71 0.00
v 7411.77 -4235.29 -18.00
v 6882.35 -4235.29 -18.00
v 6882.35 -4235.29 0.00
v 7411.77 -4235.29 0.00
v 6882.35 -4235.29 -18.00
v 6882.35 -4764.71 -18.00
v 6882.35 -4764.71 0.00
v 6882.35 -4235.29 0.00
v 7411.77 -1588.23 -18.00
v 6882.35 -1588.23 -18.00
v 6882.35 -1588.23 0.00
v 7411.77 -1588.23 0.00
v 6882.35 -1588.23 -18.00
v 6882.35 -2117.65 -18.00
v 6882.35 -2117.65 0.00
v 6882.35 -1588.23 0.00
v 6882.35 -1058.82 -18.00
v 7411.77 -1058.82 -18.00
v 7411.77 -1588.23 -18.00
v 6882.35 -1588.23 -18.00
v 6882.35 -1588.23 0.00
v 7411.77 -1588.23 0.00
v 7411.77 -1058.82 0.00
v 6882.35 -1058.82 0.00
v 6882.35 -1588.23 -18.00
v 7411.77 -1588.23 -18.00
v 7411.77 -1588.23 0.00
v 6882.35 -1588.23 0.00
v 7411.77 -1588.23 -18.00
v 7411.77 -1058.82 -18.00
v 7411.77 -1058.82 0.00
v 7411.77 -1588.23 0.00
v 6882.35 1588.23 -18.00
v 7411.77 1588.23 -18.00
v 7411.77 1588.23 0.00
v 6882.35 1588.23 0.00
v 7411.77 1588.23 -18.00
v 7411.77 2117.65 -18.00
v 7411.77 2117.65 0.00
v 7411.77 1588.23 0.00
v 7411.77 2117.65 -18.00
v 6882.35 2117.65 -18.00
v 6882.35 2117.65 0.00
v 7411.77 2117.65 0.00
v 6882.35 2117.65 -18.00
v 6882.35 1588.23 -18.00
v 6882.35 1588.23 0.00
v 6882.35 2117.65 0.00
v 6882.35 2647.06 -18.00
v 7411.77 2647.06 -18.00
v 7411.77 2117.65 -18.00
v 6882.35 2117.65 -18.00
v 6882.35 2117.65 0.00
v 7411.77 2117.65 0.00
v 7411.77 2647.06 0.00
v 6882.35 2647.06 0.00
v 6882.35 5823.53 -18.00
v 7411.77 5823.53 -18.00
v 7411.77 5294.12 -18.00
v 6882.35 5294.12 -18.00
v 6882.35 5294.12 0.00
v 7411.77 5294.12 0.00
v 7411.77 5823.53 0.00
v 6882.35 5823.53 0.00
v 6882.35 5294.12 -18.00
v 7411.77 5294.12 -18.00
v 7411.77 5294.12 0.00
v 6882.35 5294.12 0.00
v 7411.77 5294.12 -18.00
v 7411.77 5823.53 -18.00
v 7411.77 5823.53 0.00
v 7411.77 5294.12 0.00
v 7411.77 5823.53 -18.00
v 6882.35 5823.53 -18.00
v 6882.35 5823.53 0.00
v 7411.77 5823.53 0.00
v 6882.35 5823.53 -18.00
v 6882.35 5294.12 -18.00
v 6882.35 5294.12 0.00
v 6882.35 5823.53 0.00
v 7411.77 8470.59 -18.00
v 6882.35 8470.59 -18.00
v 6882.35 8470.59 0.00
v 7411.77 8470.59 0.00
v 6882.35 8470.59 -18.00
v 6882.35 7941.18 -18.00
v 6882.35 7941.18 0.00
v 6882.35 8470.59 0.00
v 6882.35 9000.00 -18.00
v 7411.77 9000.00 -18.00
v 7411.77 8470.59 -18.00
v 6882.35 8470.59 -18.00
v 6882.35 8470.59 0.00
v 7411.77 8470.59 0.00
v 7411.77 9000.00 0.00
v 6882.35 9000.00 0.00
v 6882.35 8470.59 -18.00
v 7411.77 8470.59 -18.00
v 7411.77 8470.59 0.00
v 6882.35 8470.59 0.00
v 7411.77 8470.59 -18.00
v 7411.77 9000.00 -18.00
v 7411.77 9000.00 0.00
v 7411.77 8470.59 0.00
v 7411.77 -6352.94 -18.00
v 7941.18 -6352.94 -18.00
v 7941.18 -6352.94 0.00
v 7411.77 -6352.94 0.00
v 7941.18 -6352.94 -18.00
v 7941.18 -5823.53 -18.00
v 7941.18 -5823.53 0.00
v 7941.18 -6352.94 0.00
v 7941.18 -5823.53 -18.00
v 7411.77 -5823.53 -18.00
v 7411.77 -5823.53 0.00
v 7941.18 -5823.53 0.00
v 7411.77 -5823.53 -18.00
v 7411.77 -6352.94 -18.00
v 7411.77 -6352.94 0.00
v 7411.77 -5823.53 0.00
v 7411.77 -5294.12 -18.00
v 7941.18 -5294.12 -18.00
v 7941.18 -5823.53 -18.00
v 7411.77 -5823.53 -18.00
v 7411.77 -5823.53 0.00
v 7941.18 -5823.53 0.00
v 7941.18 -5294.12 0.00
v 7411.77 -5294.12 0.00
v 7411.77 -1588.23 -18.00
v 7941.18 -1588.23 -18.00
v 7941.18 -2117.65 -18.00
v 7411.77 -2117.65 -18.00
v 7411.77 -2117.65 0.00
v 7941.18 -2117.65 0.00
v 7941.18 -1588.23 0.00
v 7411.77 -1588.23 0.00
v 7411.77 -2117.65 -18.00
v 7941.18 -2117.65 -18.00
v 7941.18 -2117.65 0.00
v 7411.77 -2117.65 0.00
v 7941.18 -2117.65 -18.00
v 7941.18 -1588.23 -18.00
v 7941.18 -1588.23 0.00
v 7941.18 -2117.65 0.00
v 7941.18 -1588.23 -18.00
v 7411.77 -1588.23 -18.00
v 7411.77 -1588.23 0.00
v 7941.18 -1588.23 0.00
v 7411.77 -1588.23 -18.00
v 7411.77 -2117.65 -18.00
v 7411.77 -2117.65 0.00
v 7411.77 -1588.23 0.00
v 7941.18 1058.82 -18.00
v 7411.77 1058.82 -18.00
v 7411.77 1058.82 0.00
v 7941.18 1058.82 0.00
v 7411.77 1058.82 -18.00
v 7411.77 529.41 -18.00
v 7411.77 529.41 0.00
v 7411.77 1058.82 0.00
v 7411.77 1588.23 -18.00
v 7941.18 1588.23 -18.00
v 7941.18 1058.82 -18.00
v 7411.77 1058.82 -18.00
v 7411.77 1058.82 0.00
v 7941.18 1058.82 0.00
v 7941.18 1588.23 0.00
v 7411.77 1588.23 0.00
v 7411.77 1058.82 -18.00
v 7941.18 1058.82 -18.00
v 7941.18 1058.82 0.00
v 7411.77 1058.82 0.00
v 7941.18 1058.82 -18.00
v 7941.18 1588.23 -18.00
v 7941.18 1588.23 0.00
v 7941.18 1058.82 0.00
v 7411.77 4235.29 -18.00
v 7941.18 4235.29 -18.00
v 7941.18 4235.29 0.00
v 7411.77 4235.29 0.00
v 7941.18 4235.29 -18.00
v 7941.18 4764.71 -18.00
v 7941.18 4764.71 0.00
v 7941.18 4235.29 0.00
v 7941.18 4764.71 -18.00
v 7411.77 4764.71 -18.00
v 7411.77 4764.71 0.00
v 7941.18 4764.71 0.00
v 7411.77 4764.71 -18.00
v 7411.77 4235.29 -18.00
v 7411.77 4235.29 0.00
v 7411.77 4764.71 0.00
v 7411.77 5294.12 -18.00
v 7941.18 5294.12 -18.00
v 7941.18 4764.71 -18.00
v 7411.77 4764.71 -18.00
v 7411.77 4764.71 0.00
v 7941.18 4764.71 0.00
v 7941.18 5294.12 0.00
v 7411.77 5294.12 0.00
v 7411.77 8470.59 -18.00
v 7941.18 8470.59 -18.00
v 7941.18 7941.18 -18.00
v 7411.77 7941.18 -18.00
v 7411.77 7941.18 0.00
v 7941.18 7941.18 0.00
v 7941.18 8470.59 0.00
v 7411.77 8470.59 0.00
v 7411.77 7941.18 -18.00
v 7941.18 7941.18 -18.00
v 7941.18 7941.18 0.00
v 7411.77 7941.18 0.00
v 7941.18 7941.18 -18.00
v 7941.18 8470.59 -18.00
v 7941.18 8470.59 0.00
v 7941.18 7941.18 0.00
v 7941.18 8470.59 -18.00
v 7411.77 8470.59 -18.00
v 7411.77 8470.59 0.00
v 7941.18 8470.59 0.00
v 7411.77 8470.59 -18.00
v 7411.77 7941.18 -18.00
v 7411.77 7941.18 0.00
v 7411.77 8470.59 0.00
v 8470.59 -6352.94 -18.00
v 7941.18 -6352.94 -18.00
v 7941.18 -6352.94 0.00
v 8470.59 -6352.94 0.00
v 7941.18 -6352.94 -18.00
v 7941.18 -6882.35 -18.00
v 7941.18 -6882.35 0.00
v 7941.18 -6352.94 0.00
v 7941.18 -5823.53 -18.00
v 8470.59 -5823.53 -18.00
v 8470.59 -6352.94 -18.00
v 7941.18 -6352.94 -18.00
v 7941.18 -6352.94 0.00
v 8470.59 -6352.94 0.00
v 8470.59 -5823.53 0.00
v 7941.18 -5823.53 0.00
v 7941.18 -6352.94 -18.00
v 8470.59 -6352.94 -18.00
v 8470.59 -6352.94 0.00
v 7941.18 -6352.94 0.00
v 8470.59 -6352.94 -18.00
v 8470.59 -5823.53 -18.00
v 8470.59 -5823.53 0.00
v 8470.59 -6352.94 0.00
v 7941.18 -3705.88 -18.00
v 8470.59 -3705.88 -18.00
v 8470.59 -3705.88 0.00
v 7941.18 -3705.88 0.00
v 8470.59 -3705.88 -18.00
v 8470.59 -3176.47 -18.00
v 8470.59 -3176.47 0.00
v 8470.59 -3705.88 0.00
v 8470.59 -3176.47 -18.00
v 7941.18 -3176.47 -18.00
v 7941.18 -3176.47 0.00
v 8470.59 -3176.47 0.00
v 7941.18 -3176.47 -18.00
v 7941.18 -3705.88 -18.00
v 7941.18 -3705.88 0.00
v 7941.18 -3176.47 0.00
v 7941.18 -2647.06 -18.00
v 8470.59 -2647.06 -18.00
v 8470.59 -3176.47 -18.00
v 7941.18 -3176.47 -18.00
v 7941.18 -3176.47 0.00
v 8470.59 -3176.47 0.00
v 8470.59 -2647.06 0.00
v 7941.18 -2647.06 0.00
v 7941.18 1058.82 -18.00
v 8470.59 1058.82 -18.00
v 8470.59 529.41 -18.00
v 7941.18 529.41 -18.00
v 7941.18 529.41 0.00
v 8470.59 529.41 0.00
v 8470.59 1058.82 0.00
v 7941.18 1058.82 0.00
v 7941.18 529.41 -18.00
v 8470.59 529.41 -18.00
v 8470.59 529.41 0.00
v 7941.18 529.41 0.00
v 8470.59 529.41 -18.00
v 8470.59 1058.82 -18.00
v 8470.59 1058.82 0.00
v 8470.59 529.41 0.00
v 8470.59 1058.82 -18.00
v 7941.18 1058.82 -18.00
v 7941.18 1058.82 0.00
v 8470.59 1058.82 0.00
v 7941.18 1058.82 -18.00
v 7941.18 529.41 -18.00
v 7941.18 529.41 0.00
v 7941.18 1058.82 0.00
v 8470.59 4235.29 -18.00
v 7941.18 4235.29 -18.00
v 7941.18 4235.29 0.00
v 8470.59 4235.29 0.00
v 7941.18 4235.29 -18.00
v 7941.18 3705.88 -18.00
v 7941.18 3705.88 0.00
v 7941.18 4235.29 0.00
v 7941.18 4764.71 -18.00
v 8470.59 4764.71 -18.00
v 8470.59 4235.29 -18.00
v 7941.18 4235.29 -18.00
v 7941.18 4235.29 0.00
v 8470.59 4235.29 0.00
v 8470.59 4764.71 0.00
v 7941.18 4764.71 0.00
v 7941.18 4235.29 -18.00
v 8470.59 4235.29 -18.00
v 8470.59 4235.29 0.00
v 7941.18 4235.29 0.00
v 8470.59 4235.29 -18.00
v 8470.59 4764.71 -18.00
v 8470.59 4764.71 0.00
v 8470.59 4235.29 0.00
v 7941.18 7411.77 -18.00
v 8470.59 7411.77 -18.00
v 8470.59 7411.77 0.00
v 7941.18 7411.77 0.00
v 8470.59 7411.77 -18.00
v 8470.59 7941.18 -18.00
v 8470.59 7941.18 0.00
v 8470.59 7411.77 0.00
v 8470.59 7941.18 -18.00
v 7941.18 7941.18 -18.00
v 7941.18 7941.18 0.00
v 8470.59 7941.18 0.00
v 7941.18 7941.18 -18.00
v 7941.18 7411.77 -18.00
v 7941.18 7411.77 0.00
v 7941.18 7941.18 0.00
v 7941.18 8470.59 -18.00
v 8470.59 8470.59 -18.00
v 8470.59 7941.18 -18.00
v 7941.18 7941.18 -18.00
v 7941.18 7941.18 0.00
v 8470.59 7941.18 0.00
v 8470.59 8470.59 0.00
v 7941.18 8470.59 0.00
v 8470.59 -6352.94 -18.00
v 9000.00 -6352.94 -18.00
v 9000.00 -6882.35 -18.00
v 8470.59 -6882.35 -18.00
v 8470.59 -6882.35 0.00
v 9000.00 -6882.35 0.00
v 9000.00 -6352.94 0.00
v 8470.59 -6352.94 0.00
v 8470.59 -6882.35 -18.00
v 9000.00 -6882.35 -18.00
v 9000.00 -6882.35 0.00
v 8470.59 -6882.35 0.00
v 9000.00 -6882.35 -18.00
v 9000.00 -6352.94 -18.00
v 9000.00 -6352.94 0.00
v 9000.00 -6882.35 0.00
v 9000.00 -6352.94 -18.00
v 8470.59 -6352.94 -18.00
v 8470.59 -6352.94 0.00
v 9000.00 -6352.94 0.00
v 8470.59 -6352.94 -18.00
v 8470.59 -6882.35 -18.00
v 8470.59 -6882.35 0.00
v 8470.59 -6352.94 0.00
v 9000.00 -3705.88 -18.00
v 8470.59 -3705.88 -18.00
v 8470.59 -3705.88 0.00
v 9000.00 -3705.88 0.00
v 8470.59 -3705.88 -18.00
v 8470.59 -4235.29 -18.00
v 8470.59 -4235.29 0.00
v 8470.59 -3705.88 0.00
v 8470.59 -3176.47 -18.00
v 9000.00 -3176.47 -18.00
v 9000.00 -3705.88 -18.00
v 8470.59 -3705.88 -18.00
v 8470.59 -3705.88 0.00
v 9000.00 -3705.88 0.00
v 9000.00 -3176.47 0.00
v 8470.59 -3176.47 0.00
v 8470.59 -3705.88 -18.00
v 9000.00 -3705.88 -18.00
v 9000.00 -3705.88 0.00
v 8470.59 -3705.88 0.00
v 9000.00 -3705.88 -18.00
v 9000.00 -3176.47 -18.00
v 9000.00 -3176.47 0.00
v 9000.00 -3705.88 0.00
v 8470.59 -1058.82 -18.00
v 9000.00 -1058.82 -18.00
v 9000.00 -1058.82 0.00
v 8470.59 -1058.82 0.00
v 9000.00 -1058.82 -18.00
v 9000.00 -529.41 -18.00
v 9000.00 -529.41 0.00
v 9000.00 -1058.82 0.00
v 9000.00 -529.41 -18.00
v 8470.59 -529.41 -18.00
v 8470.59 -529.41 0.00
v 9000.00 -529.41 0.00
v 8470.59 -529.41 -18.00
v 8470.59 -1058.82 -18.00
v 8470.59 -1058.82 0.00
v 8470.59 -529.41 0.00
v 8470.59 -0.00 -18.00
v 9000.00 -0.00 -18.00
v 9000.00 -529.41 -18.00
v 8470.59 -529.41 -18.00
v 8470.59 -529.41 0.00
v 9000.00 -529.41 0.00
v 9000.00 -0.00 0.00
v 8470.59 -0.00 0.00
v 8470.59 3176.47 -18.00
v 9000.00 3176.47 -18.00
v 9000.00 2647.06 -18.00
v 8470.59 2647.06 -18.00
v 8470.59 2647.06 0.00
v 9000.00 2647.06 0.00
v 9000.00 3176.47 0.00
v 8470.59 3176.47 0.00
v 8470.59 2647.06 -18.00
v 9000.00 2647.06 -18.00
v 9000.00 2647.06 0.00
v 8470.59 2647.06 0.00
v 9000.00 2647.06 -18.00
v 9000.00 3176.47 -18.00
v 9000.00 3176.47 0.00
v 9000.00 2647.06 0.00
v 9000.00 3176.47 -18.00
v 8470.59 3176.47 -18.00
v 8470.59 3176.47 0.00
v 9000.00 3176.47 0.00
v 8470.59 3176.47 -18.00
v 8470.59 2647.06 -18.00
v 8470.59 2647.06 0.00
v 8470.59 3176.47 0.00
v 9000.00 6882.35 -18.00
v 8470.59 6882.35 -18.00
v 8470.59 6882.35 0.00
v 9000.00 6882.35 0.00
v 8470.59 6882.35 -18.00
v 8470.59 6352.94 -18.00
v 8470.59 6352.94 0.00
v 8470.59 6882.35 0.00
v 8470.59 7411.77 -18.00
v 9000.00 7411.77 -18.00
v 9000.00 6882.35 -18.00
v 8470.59 6882.35 -18.00
v 8470.59 6882.35 0.00
v 9000.00 6882.35 0.00
v 9000.00 7411.77 0.00
v 8470.59 7411.77 0.00
v 8470.59 8470.59 -18.00
v 9000.00 8470.59 -18.00
v 9000.00 8470.59 0.00
v 8470.59 8470.59 0.00
v 9000.00 8470.59 -18.00
v 9000.00 9000.00 -18.00
v 9000.00 9000.00 0.00
v 9000.00 8470.59 0.00
v 9000.00 9000.00 -18.00
v 8470.59 9000.00 -18.00
v 8470.59 9000.00 0.00
v 9000.00 9000.00 0.00
v 8470.59 9000.00 -18.00
v 8470.59 8470.59 -18.00
v 8470.59 8470.59 0.00
v 8470.59 9000.00 0.00
v 204.25 -30.26 63.06
v 206.08 -12.70 63.06
v 216.03 -13.74 63.06
v 214.19 -31.30 63.06
v 214.19 -31.30 86.70
v 216.03 -13.74 86.70
v 206.08 -12.70 86.70
v 204.25 -30.26 86.70
v 168.63 -100.73 79.50
v 182.75 -72.02 79.50
v 195.31 -78.19 79.50
v 181.19 -106.91 79.50
v 184.37 -109.52 82.99
v 195.31 -78.19 82.00
v 182.75 -72.02 82.00
v 167.85 -103.08 84.00
v 181.19 -106.91 79.50
v 195.31 -78.19 79.50
v 195.31 -78.19 82.00
v 184.37 -109.52 82.99
v 195.31 -78.19 79.50
v 182.75 -72.02 79.50
v 182.75 -72.02 82.00
v 195.31 -78.19 82.00
v 182.75 -72.02 79.50
v 168.63 -100.73 79.50
v 167.85 -103.08 84.00
v 182.75 -72.02 82.00
v 236.63 -46.18 54.80
v 242.76 -29.31 51.98
v 251.74 -30.92 54.80
v 248.08 -53.73 54.80
v 235.44 -94.14 40.80
v 240.41 -71.07 40.80
v 242.72 -73.96 71.61
v 238.95 -90.23 70.74
v 240.41 -71.07 40.80
v 233.96 -70.29 40.80
v 231.56 -74.72 71.21
v 242.72 -73.96 71.61
v 233.96 -70.29 40.80
v 226.67 -89.63 43.43
v 226.67 -89.63 71.61
v 231.56 -74.72 71.21
v 226.67 -89.63 43.43
v 235.44 -94.14 40.80
v 238.95 -90.23 70.74
v 226.67 -89.63 71.61
v 260.60 -60.18 30.59
v 264.75 -37.98 30.59
v 274.58 -39.82 30.59
v 270.43 -62.02 30.59
v 270.43 -62.02 58.46
v 274.58 -39.82 58.46
v 264.75 -37.98 58.46
v 260.60 -60.18 58.46
v 246.91 -106.88 30.45
v 255.10 -85.53 30.45
v 264.43 -89.11 30.45
v 256.25 -110.46 30.45
v 256.25 -110.46 59.48
v 260.89 -87.96 56.00
v 255.10 -85.53 59.48
v 245.31 -106.52 55.17
v 256.25 -110.46 30.45
v 264.43 -89.11 30.45
v 260.89 -87.96 56.00
v 256.25 -110.46 59.48
v 264.43 -89.11 30.45
v 255.10 -85.53 30.45
v 255.10 -85.53 59.48
v 260.89 -87.96 56.00
v 255.10 -85.53 30.45
v 246.91 -106.88 30.45
v 245.31 -106.52 55.17
v 255.10 -85.53 59.48
v 246.91 -106.88 30.45
v 256.25 -110.46 30.45
v 256.25 -110.46 59.48
v 245.31 -106.52 55.17
v 193.18 -186.12 20.70
v 185.01 -194.25 20.70
v 186.17 -193.34 47.02
v 193.18 -186.12 45.63
v 185.01 -194.25 20.70
v 192.06 -201.34 20.70
v 192.06 -201.34 45.63
v 186.17 -193.34 47.02
v 230.87 -161.38 16.00
v 242.92 -144.60 18.96
v 251.30 -150.06 18.96
v 237.54 -165.23 16.00
v 236.53 -165.33 42.40
v 252.46 -150.03 42.00
v 242.92 -144.60 44.62
v 230.16 -160.25 42.40
v 237.54 -165.23 16.00
v 251.30 -150.06 18.96
v 252.46 -150.03 42.00
v 236.53 -165.33 42.40
v 251.30 -150.06 18.96
v 242.92 -144.60 18.96
v 242.92 -144.60 44.62
v 252.46 -150.03 42.00
v 237.54 -165.23 16.00
v 245.24 -157.53 16.00
v 247.84 -156.68 32.02
v 239.29 -169.45 32.02
v 245.24 -157.53 16.00
v 239.53 -151.12 15.19
v 239.53 -151.12 32.02
v 247.84 -156.68 32.02
v 239.53 -151.12 15.19
v 230.87 -161.38 16.00
v 230.98 -163.89 32.02
v 239.53 -151.12 32.02
v 230.87 -161.38 16.00
v 237.54 -165.23 16.00
v 239.29 -169.45 32.02
v 230.98 -163.89 32.02
v 259.40 -108.80 16.83
v 263.90 -97.37 16.83
v 273.20 -101.04 16.83
v 268.70 -112.47 16.83
v 266.06 -110.44 34.00
v 270.76 -103.97 34.00
v 263.90 -97.37 33.65
v 259.40 -108.80 33.65
v 176.49 -203.73 5.88
v 188.71 -192.46 5.88
v 195.49 -199.82 5.88
v 183.26 -211.09 5.88
v 183.26 -211.09 23.17
v 195.49 -199.82 23.17
v 185.01 -194.25 20.70
v 176.49 -203.73 23.17
v 183.26 -211.09 5.88
v 195.49 -199.82 5.88
v 195.49 -199.82 23.17
v 183.26 -211.09 23.17
v 195.49 -199.82 5.88
v 188.71 -192.46 5.88
v 185.01 -194.25 20.70
v 195.49 -199.82 23.17
v 188.71 -192.46 5.88
v 176.49 -203.73 5.88
v 176.49 -203.73 23.17
v 185.01 -194.25 20.70
v 176.49 -203.73 5.88
v 183.26 -211.09 5.88
v 183.26 -211.09 23.17
v 176.49 -203.73 23.17

usemtl mat_wood
v 217.00 -113.94 54.80
v 219.57 -107.12 54.80
v 219.57 -107.12 66.39
v 217.00 -113.94 66.39
v 219.57 -107.12 54.80
v 213.80 -104.94 54.80
v 212.09 -101.52 68.80
v 219.57 -107.12 66.39
v 213.80 -104.94 54.80
v 211.23 -111.76 54.80
v 211.12 -113.89 68.80
v 212.09 -101.52 68.80
v 211.23 -111.76 54.80
v 217.00 -113.94 54.80
v 217.00 -113.94 66.39
v 211.12 -113.89 68.80
v 211.12 -113.89 68.80
v 212.09 -101.52 68.80
v 220.03 -106.92 66.39
v 217.00 -113.94 66.39
v 217.21 -114.39 71.06
v 220.03 -106.92 71.06
v 213.60 -104.49 71.06
v 210.78 -111.96 71.06
v 230.87 -88.62 66.17
v 228.91 -95.21 66.17
v 228.91 -95.21 70.74
v 230.61 -88.20 70.74
v 228.91 -95.21 66.17
v 236.99 -96.81 66.17
v 237.25 -97.23 70.74
v 228.91 -95.21 70.74
v 237.25 -97.23 70.74
v 238.95 -90.23 70.74
v 234.84 -88.97 76.10
v 233.02 -96.46 76.10
v 228.91 -95.21 70.74
v 233.02 -96.46 76.10
v 234.84 -88.97 76.10
v 230.61 -88.20 70.74
v 237.25 -97.23 70.74
v 233.02 -96.46 76.10
v 228.91 -95.21 70.74
v 238.95 -90.23 70.74
v 230.61 -88.20 70.74
v 234.84 -88.97 76.10
v 272.26 -52.00 70.00
v 273.39 -47.77 70.00
v 267.59 -50.00 78.00
v 194.99 76.72 48.00
v 192.08 80.71 48.00
v 192.08 80.71 72.00
v 194.99 76.72 72.00
v 192.08 80.71 48.00
v 189.49 80.71 48.00
v 189.49 80.71 72.00
v 192.08 80.71 72.00
v 189.49 80.71 48.00
v 187.39 79.19 48.00
v 187.39 79.19 72.00
v 189.49 80.71 72.00
v 187.39 79.19 48.00
v 187.39 74.25 48.00
v 187.39 74.25 72.00
v 187.39 79.19 72.00
v 187.39 74.25 48.00
v 192.08 72.72 48.00
v 192.08 72.72 72.00
v 187.39 74.25 72.00
v 251.62 -55.53 40.80
v 258.16 -55.53 40.80
v 258.16 -55.53 51.71
v 251.62 -55.53 51.71
v 251.62 -55.53 51.71
v 252.74 -45.86 54.80
v 259.39 -45.86 54.80
v 258.16 -55.53 51.71
v 258.51 -55.88 56.08
v 258.51 -48.12 56.08
v 251.27 -48.12 56.08
v 251.27 -55.88 56.08
v 258.16 -55.53 51.71
v 259.39 -45.86 54.80
v 258.51 -48.12 56.08
v 258.51 -55.88 56.08
v 259.39 -45.86 54.80
v 252.74 -45.86 54.80
v 251.27 -48.12 56.08
v 258.51 -48.12 56.08
v 252.74 -45.86 54.80
v 251.62 -55.53 51.71
v 251.27 -55.88 56.08
v 251.27 -48.12 56.08
v 261.69 -22.11 40.80
v 254.68 -22.95 40.80
v 254.85 -23.26 54.80
v 262.98 -22.30 54.80
v 254.68 -22.95 40.80
v 255.61 -30.68 40.80
v 255.61 -30.68 53.23
v 254.85 -23.26 54.80
v 255.61 -30.68 40.80
v 262.62 -29.83 40.80
v 263.76 -28.87 54.80
v 255.61 -30.68 53.23
v 262.98 -22.30 54.80
v 263.29 -30.35 53.23
v 260.57 -29.46 59.67
v 254.55 -26.89 58.52
v 260.57 -29.46 59.67
v 255.61 -30.68 53.23
v 254.85 -23.26 54.80
v 254.55 -26.89 58.52
v 263.29 -30.35 53.23
v 255.61 -30.68 53.23
v 260.57 -29.46 59.67
v 237.09 21.18 54.80
v 227.78 21.49 53.41
v 227.32 21.69 58.55
v 235.14 24.68 58.55
v 227.78 21.49 53.41
v 231.84 12.10 54.80
v 233.79 12.28 58.76
v 227.32 21.69 58.55
v 231.84 12.10 54.80
v 237.58 17.33 53.41
v 238.03 17.12 58.55
v 233.79 12.28 58.76
v 238.03 17.12 58.55
v 235.29 25.01 58.55
v 231.14 23.42 63.77
v 234.21 15.39 63.77
v 233.79 12.28 58.76
v 234.21 15.39 63.77
v 231.14 23.42 63.77
v 227.32 21.69 58.55
v 238.03 17.12 58.55
v 234.21 15.39 63.77
v 233.79 12.28 58.76
v 219.88 37.10 59.32
v 217.59 42.41 56.00
v 209.33 40.41 59.32
v 213.08 33.45 59.32
v 218.25 39.10 54.80
v 215.98 43.60 53.94
v 217.59 42.41 56.00
v 219.88 37.10 59.32
v 215.98 43.60 53.94
v 209.80 40.27 53.94
v 209.33 40.41 59.32
v 217.59 42.41 56.00
v 209.80 40.27 53.94
v 213.22 33.92 53.94
v 213.08 33.45 59.32
v 209.33 40.41 59.32
v 213.22 33.92 53.94
v 218.25 39.10 54.80
v 219.88 37.10 59.32
v 213.08 33.45 59.32
v 217.59 42.41 56.00
v 220.21 37.00 59.32
v 218.22 40.70 64.22
v 210.99 36.81 64.22
v 182.25 79.70 55.19
v 180.58 71.83 49.06
v 174.32 78.31 49.06
v 178.19 70.52 56.00
v 187.39 79.19 48.00
v 180.58 71.83 49.06
v 182.25 79.70 55.19
v 178.68 82.52 49.06
v 178.19 70.52 56.00
v 174.32 78.31 49.06
v 179.66 -186.36 40.80
v 184.81 -181.02 40.80
v 189.46 -185.52 40.80
v 184.30 -190.85 40.80
v 184.30 -190.85 52.16
v 189.46 -185.52 52.16
v 184.81 -181.02 52.16
v 179.66 -186.36 52.16
v 184.30 -190.85 40.80
v 189.46 -185.52 40.80
v 189.46 -185.52 52.16
v 184.30 -190.85 52.16
v 251.09 -125.83 49.02
v 241.16 -126.65 54.89
v 243.26 -122.83 49.02
v 229.13 -126.77 40.80
v 232.28 -118.54 40.80
v 238.90 -121.07 40.80
v 235.75 -129.30 40.80
v 235.75 -129.30 51.17
v 238.70 -121.91 54.80
v 231.14 -119.06 54.80
v 229.13 -126.77 51.17
v 235.75 -129.30 40.80
v 238.90 -121.07 40.80
v 238.70 -121.91 54.80
v 235.75 -129.30 51.17
v 238.90 -121.07 40.80
v 232.28 -118.54 40.80
v 231.14 -119.06 54.80
v 238.70 -121.91 54.80
v 232.28 -118.54 40.80
v 229.13 -126.77 40.80
v 229.13 -126.77 51.17
v 231.14 -119.06 54.80
v 200.35 93.14 58.00
v 200.74 96.47 58.00
v 196.15 93.14 64.00
v 200.74 96.47 58.00
v 195.97 95.34 57.00
v 196.15 93.14 64.00
v 195.97 95.34 57.00
v 194.85 97.14 58.00
v 196.15 93.14 64.00
v 194.85 97.14 58.00
v 193.70 90.78 57.00
v 196.15 93.14 64.00
v 276.07 -12.60 40.55
v 268.42 -13.54 40.55
v 272.17 -12.47 45.80
v 255.03 -22.34 28.80
v 254.11 -14.82 28.80
v 262.02 -13.86 28.80
v 262.94 -21.37 28.80
v 262.94 -21.37 39.46
v 262.02 -13.86 39.46
v 254.11 -14.82 39.46
v 255.03 -22.34 39.46
v 262.94 -21.37 28.80
v 262.02 -13.86 28.80
v 262.02 -13.86 39.46
v 262.94 -21.37 39.46
v 262.02 -13.86 28.80
v 254.11 -14.82 28.80
v 254.11 -14.82 39.46
v 262.02 -13.86 39.46
v 254.11 -14.82 28.80
v 255.03 -22.34 28.80
v 255.03 -22.34 39.46
v 254.11 -14.82 39.46
v 261.19 7.37 38.35
v 253.12 4.74 38.35
v 260.77 11.54 44.00
v 259.18 15.42 38.35
v 251.97 9.35 44.00
v 251.55 13.52 38.35
v 239.59 1.37 28.80
v 237.29 10.58 28.80
v 245.18 12.54 28.80
v 247.47 3.34 28.80
v 245.91 1.88 40.80
v 245.18 12.54 40.29
v 237.29 10.58 40.29
v 238.59 0.08 40.80
v 247.47 3.34 28.80
v 245.18 12.54 28.80
v 245.18 12.54 40.29
v 245.91 1.88 40.80
v 245.18 12.54 28.80
v 237.29 10.58 28.80
v 237.29 10.58 40.29
v 245.18 12.54 40.29
v 210.99 47.73 28.80
v 206.75 55.50 28.80
v 212.89 58.86 28.80
v 217.13 51.09 28.80
v 217.13 51.09 37.05
v 212.89 58.86 37.05
v 206.75 55.50 37.05
v 210.99 47.73 37.05
v 217.13 51.09 28.80
v 212.89 58.86 28.80
v 212.89 58.86 37.05
v 217.13 51.09 37.05
v 212.89 58.86 28.80
v 206.75 55.50 28.80
v 206.75 55.50 37.05
v 212.89 58.86 37.05
v 206.75 55.50 28.80
v 210.99 47.73 28.80
v 210.99 47.73 37.05
v 206.75 55.50 37.05
v 210.99 47.73 28.80
v 217.13 51.09 28.80
v 217.13 51.09 37.05
v 210.99 47.73 37.05
v 180.59 95.60 28.80
v 174.61 101.70 28.80
v 174.61 101.70 42.74
v 183.72 99.60 40.70
v 175.56 90.68 28.80
v 180.59 95.60 28.80
v 183.72 99.60 40.70
v 175.56 90.68 42.74
v 175.56 90.68 42.74
v 169.59 96.78 42.74
v 174.61 101.70 42.74
v 183.72 99.60 40.70
v 183.72 99.60 45.51
v 174.62 102.19 48.47
v 165.67 96.63 45.66
v 175.56 90.18 48.47
v 183.72 99.60 40.70
v 174.61 101.70 42.74
v 174.62 102.19 48.47
v 183.72 99.60 45.51
v 175.56 90.68 42.74
v 183.72 99.60 40.70
v 183.72 99.60 45.51
v 175.56 90.18 48.47
v 218.13 -152.91 39.55
v 214.30 -151.51 45.03
v 211.05 -149.05 39.55
v 221.70 -146.38 39.55
v 214.62 -142.51 39.55
v 218.44 -143.92 45.03
v 199.94 -143.22 28.80
v 203.71 -136.32 28.80
v 209.77 -139.63 28.80
v 206.00 -146.54 28.80
v 206.00 -146.54 40.83
v 209.77 -139.63 40.83
v 203.71 -136.32 40.83
v 199.94 -143.22 40.83
v 206.00 -146.54 28.80
v 209.77 -139.63 28.80
v 209.77 -139.63 40.83
v 206.00 -146.54 40.83
v 209.77 -139.63 28.80
v 203.71 -136.32 28.80
v 203.71 -136.32 40.83
v 209.77 -139.63 40.83
v 242.79 -75.66 28.80
v 243.67 -68.41 28.80
v 251.55 -69.37 28.80
v 250.67 -76.63 28.80
v 250.67 -76.63 40.78
v 251.55 -69.37 40.78
v 243.67 -68.41 40.78
v 244.97 -79.77 40.80
v 250.67 -76.63 28.80
v 251.55 -69.37 28.80
v 251.55 -69.37 40.78
v 250.67 -76.63 40.78
v 251.55 -69.37 28.80
v 243.67 -68.41 28.80
v 243.67 -68.41 40.78
v 251.55 -69.37 40.78
v 243.67 -68.41 28.80
v 242.79 -75.66 28.80
v 244.97 -79.77 40.80
v 243.67 -68.41 40.78
v 242.79 -75.66 28.80
v 250.67 -76.63 28.80
v 250.67 -76.63 40.78
v 244.97 -79.77 40.80
v 196.41 116.23 22.00
v 194.31 117.76 22.00
v 194.31 117.76 46.00
v 196.41 116.23 46.00
v 194.31 117.76 22.00
v 189.62 116.23 22.00
v 189.62 116.23 46.00
v 194.31 117.76 46.00
v 189.62 116.23 22.00
v 188.82 113.76 22.00
v 188.82 113.76 46.00
v 189.62 116.23 46.00
v 188.82 113.76 22.00
v 191.72 109.77 22.00
v 191.72 109.77 46.00
v 188.82 113.76 46.00
v 191.72 109.77 22.00
v 197.22 113.76 22.00
v 197.22 113.76 46.00
v 191.72 109.77 46.00
v 197.22 113.76 46.00
v 196.41 116.23 46.00
v 194.31 117.76 46.00
v 189.62 116.23 46.00
v 188.82 113.76 46.00
v 191.72 109.77 46.00
v 201.18 -156.79 45.14
v 199.45 -160.08 45.38
v 198.69 -158.13 48.79
v 198.69 -158.13 48.79
v 199.45 -160.08 45.38
v 201.18 -156.79 45.14
v 201.18 -156.79 45.14
v 199.45 -160.08 45.38
v 198.69 -158.13 48.79
v 198.69 -158.13 48.79
v 199.45 -160.08 45.38
v 201.18 -156.79 45.14
v 201.18 -156.79 45.14
v 199.45 -160.08 45.38
v 198.69 -158.13 48.79
v 198.69 -158.13 48.79
v 199.45 -160.08 45.38
v 201.18 -156.79 45.14
v 238.48 -109.19 40.08
v 234.85 -108.02 40.08
v 237.74 -111.48 40.08
v 237.74 -111.48 40.08
v 234.85 -108.02 40.08
v 238.48 -109.19 40.08
v 238.48 -109.19 40.08
v 234.85 -108.02 40.08
v 237.74 -111.48 40.08
v 263.16 -41.02 22.00
v 259.76 -39.41 22.00
v 264.19 -38.85 22.00
v 264.19 -38.85 22.00
v 259.76 -39.41 22.00
v 263.16 -41.02 22.00
v 263.16 -41.02 22.00
v 259.76 -39.41 22.00
v 264.19 -38.85 22.00
v 263.20 -257.40 -2.00
v 262.40 -250.25 -2.00
v 262.40 -250.25 11.60
v 263.20 -257.40 12.40
v 262.40 -250.25 -2.00
v 253.60 -250.25 -2.00
v 253.60 -250.25 11.60
v 262.40 -250.25 11.60
v 253.60 -250.25 -2.00
v 252.80 -257.40 -2.00
v 252.80 -257.40 12.40
v 253.60 -250.25 11.60
v 275.60 -250.25 -2.00
v 284.40 -250.25 -2.00
v 284.40 -261.75 -2.00
v 275.60 -261.75 -2.00
v 275.60 -261.75 11.60
v 284.40 -261.75 11.60
v 284.40 -250.25 11.60
v 275.60 -250.25 11.60
v 275.60 -261.75 -2.00
v 284.40 -261.75 -2.00
v 284.40 -261.75 11.60
v 275.60 -261.75 11.60
v 254.71 -250.25 6.19
v 257.30 -250.25 8.78
v 254.25 -250.25 4.04
v 239.75 -261.75 4.04
v 244.88 -261.75 1.70
v 235.29 -261.75 8.78
v 239.75 -250.25 4.04
v 244.88 -250.25 1.70
v 235.29 -250.25 8.78
v 279.30 -261.75 8.78
v 276.25 -261.75 4.04
v 274.85 -261.75 4.04
v 279.30 -250.25 8.78
v 276.25 -250.25 4.04
v 274.85 -250.25 4.04
v 264.15 -261.75 2.50
v 261.29 -261.75 6.19
v 257.30 -261.75 8.78
v -0.00 -1058.82 0.00
v 529.41 -1058.82 0.00
v 529.41 -529.41 0.00
v -0.00 -529.41 0.00
v -0.00 -1058.82 -18.00
v 529.41 -1058.82 -18.00
v 529.41 -1058.82 0.00
v -0.00 -1058.82 0.00
v 529.41 -1058.82 -18.00
v 529.41 -529.41 -18.00
v 529.41 -529.41 0.00
v 529.41 -1058.82 0.00
v 529.41 -529.41 -18.00
v -0.00 -529.41 -18.00
v -0.00 -529.41 0.00
v 529.41 -529.41 0.00
v -0.00 -0.00 -18.00
v 529.41 -0.00 -18.00
v 529.41 -529.41 -18.00
v -0.00 -529.41 -18.00
v -0.00 -529.41 0.00
v 529.41 -529.41 0.00
v 529.41 -0.00 0.00
v -0.00 -0.00 0.00
v 529.41 -7941.18 -18.00
v 1058.82 -7941.18 -18.00
v 1058.82 -7941.18 0.00
v 529.41 -7941.18 0.00
v 1058.82 -7941.18 -18.00
v 1058.82 -7411.77 -18.00
v 1058.82 -7411.77 0.00
v 1058.82 -7941.18 0.00
v 1058.82 -7411.77 -18.00
v 529.41 -7411.77 -18.00
v 529.41 -7411.77 0.00
v 1058.82 -7411.77 0.00
v 529.41 -7411.77 -18.00
v 529.41 -7941.18 -18.00
v 529.41 -7941.18 0.00
v 529.41 -7411.77 0.00
v 529.41 -6882.35 -18.00
v 1058.82 -6882.35 -18.00
v 1058.82 -7411.77 -18.00
v 529.41 -7411.77 -18.00
v 529.41 -7411.77 0.00
v 1058.82 -7411.77 0.00
v 1058.82 -6882.35 0.00
v 529.41 -6882.35 0.00
v 529.41 -3705.88 -18.00
v 1058.82 -3705.88 -18.00
v 1058.82 -4235.29 -18.00
v 529.41 -4235.29 -18.00
v 529.41 -4235.29 0.00
v 1058.82 -4235.29 0.00
v 1058.82 -3705.88 0.00
v 529.41 -3705.88 0.00
v 529.41 -4235.29 -18.00
v 1058.82 -4235.29 -18.00
v 1058.82 -4235.29 0.00
v 529.41 -4235.29 0.00
v 1058.82 -4235.29 -18.00
v 1058.82 -3705.88 -18.00
v 1058.82 -3705.88 0.00
v 1058.82 -4235.29 0.00
v 1058.82 -3705.88 -18.00
v 529.41 -3705.88 -18.00
v 529.41 -3705.88 0.00
v 1058.82 -3705.88 0.00
v 529.41 -3705.88 -18.00
v 529.41 -4235.29 -18.00
v 529.41 -4235.29 0.00
v 529.41 -3705.88 0.00
v 529.41 3176.47 -18.00
v 1058.82 3176.47 -18.00
v 1058.82 3176.47 0.00
v 529.41 3176.47 0.00
v 1058.82 3176.47 -18.00
v 1058.82 3705.88 -18.00
v 1058.82 3705.88 0.00
v 1058.82 3176.47 0.00
v 1058.82 3705.88 -18.00
v 529.41 3705.88 -18.00
v 529.41 3705.88 0.00
v 1058.82 3705.88 0.00
v 529.41 3705.88 -18.00
v 529.41 3176.47 -18.00
v 529.41 3176.47 0.00
v 529.41 3705.88 0.00
v 529.41 4235.29 -18.00
v 1058.82 4235.29 -18.00
v 1058.82 3705.88 -18.00
v 529.41 3705.88 -18.00
v 529.41 3705.88 0.00
v 1058.82 3705.88 0.00
v 1058.82 4235.29 0.00
v 529.41 4235.29 0.00
v 1058.82 -7411.77 -18.00
v 1588.23 -7411.77 -18.00
v 1588.23 -7411.77 0.00
v 1058.82 -7411.77 0.00
v 1588.23 -7411.77 -18.00
v 1588.23 -6882.35 -18.00
v 1588.23 -6882.35 0.00
v 1588.23 -7411.77 0.00
v 1588.23 -6882.35 -18.00
v 1058.82 -6882.35 -18.00
v 1058.82 -6882.35 0.00
v 1588.23 -6882.35 0.00
v 1058.82 -6882.35 -18.00
v 1058.82 -7411.77 -18.00
v 1058.82 -7411.77 0.00
v 1058.82 -6882.35 0.00
v 1588.23 -2117.65 -18.00
v 1058.82 -2117.65 -18.00
v 1058.82 -2117.65 0.00
v 1588.23 -2117.65 0.00
v 1058.82 -2117.65 -18.00
v 1058.82 -2647.06 -18.00
v 1058.82 -2647.06 0.00
v 1058.82 -2117.65 0.00
v 1588.23 -1058.82 -18.00
v 1588.23 -529.41 -18.00
v 1588.23 -529.41 0.00
v 1588.23 -1058.82 0.00
v 1588.23 -529.41 -18.00
v 1058.82 -529.41 -18.00
v 1058.82 -529.41 0.00
v 1588.23 -529.41 0.00
v 1058.82 -529.41 -18.00
v 1058.82 -1058.82 -18.00
v 1058.82 -1058.82 0.00
v 1058.82 -529.41 0.00
v 1058.82 -0.00 -18.00
v 1588.23 -0.00 -18.00
v 1588.23 -529.41 -18.00
v 1058.82 -529.41 -18.00
v 1058.82 -529.41 0.00
v 1588.23 -529.41 0.00
v 1588.23 -0.00 0.00
v 1058.82 -0.00 0.00
v 1058.82 -529.41 -18.00
v 1588.23 -529.41 -18.00
v 1588.23 -529.41 0.00
v 1058.82 -529.41 0.00
v 1058.82 3176.47 0.00
v 1588.23 3176.47 0.00
v 1588.23 3705.88 0.00
v 1058.82 3705.88 0.00
v 1058.82 3176.47 -18.00
v 1588.23 3176.47 -18.00
v 1588.23 3176.47 0.00
v 1058.82 3176.47 0.00
v 1588.23 3176.47 -18.00
v 1588.23 3705.88 -18.00
v 1588.23 3705.88 0.00
v 1588.23 3176.47 0.00
v 1588.23 3705.88 -18.00
v 1058.82 3705.88 -18.00
v 1058.82 3705.88 0.00
v 1588.23 3705.88 0.00
v 1058.82 3705.88 -18.00
v 1058.82 3176.47 -18.00
v 1058.82 3176.47 0.00
v 1058.82 3705.88 0.00
v 1058.82 4235.29 -18.00
v 1588.23 4235.29 -18.00
v 1588.23 3705.88 -18.00
v 1058.82 3705.88 -18.00
v 2117.65 -8470.59 -18.00
v 2117.65 -7941.18 -18.00
v 2117.65 -7941.18 0.00
v 2117.65 -8470.59 0.00
v 2117.65 -7941.18 -18.00
v 1588.23 -7941.18 -18.00
v 1588.23 -7941.18 0.00
v 2117.65 -7941.18 0.00
v 1588.23 -7941.18 -18.00
v 1588.23 -8470.59 -18.00
v 1588.23 -8470.59 0.00
v 1588.23 -7941.18 0.00
v 1588.23 -7411.77 -18.00
v 2117.65 -7411.77 -18.00
v 2117.65 -7941.18 -18.00
v 1588.23 -7941.18 -18.00
v 1588.23 -7941.18 0.00
v 2117.65 -7941.18 0.00
v 2117.65 -7411.77 0.00
v 1588.23 -7411.77 0.00
v 1588.23 -7941.18 -18.00
v 2117.65 -7941.18 -18.00
v 2117.65 -7941.18 0.00
v 1588.23 -7941.18 0.00
v 1588.23 -4235.29 0.00
v 2117.65 -4235.29 0.00
v 2117.65 -3705.88 0.00
v 1588.23 -3705.88 0.00
v 1588.23 -4235.29 -18.00
v 2117.65 -4235.29 -18.00
v 2117.65 -4235.29 0.00
v 1588.23 -4235.29 0.00
v 2117.65 -4235.29 -18.00
v 2117.65 -3705.88 -18.00
v 2117.65 -3705.88 0.00
v 2117.65 -4235.29 0.00
v 2117.65 -3705.88 -18.00
v 1588.23 -3705.88 -18.00
v 1588.23 -3705.88 0.00
v 2117.65 -3705.88 0.00
v 1588.23 -3705.88 -18.00
v 1588.23 -4235.29 -18.00
v 1588.23 -4235.29 0.00
v 1588.23 -3705.88 0.00
v 1588.23 -3176.47 -18.00
v 2117.65 -3176.47 -18.00
v 2117.65 -3705.88 -18.00
v 1588.23 -3705.88 -18.00
v 2117.65 -7411.77 -18.00
v 2117.65 -7941.18 -18.00
v 2117.65 -7941.18 0.00
v 2117.65 -7411.77 0.00
v 2117.65 -6882.35 -18.00
v 2647.06 -6882.35 -18.00
v 2647.06 -7411.77 -18.00
v 2117.65 -7411.77 -18.00
v 2117.65 -7411.77 0.00
v 2647.06 -7411.77 0.00
v 2647.06 -6882.35 0.00
v 2117.65 -6882.35 0.00
v 2117.65 -7411.77 -18.00
v 2647.06 -7411.77 -18.00
v 2647.06 -7411.77 0.00
v 2117.65 -7411.77 0.00
v 2647.06 -7411.77 -18.00
v 2647.06 -6882.35 -18.00
v 2647.06 -6882.35 0.00
v 2647.06 -7411.77 0.00
v 2647.06 -6882.35 -18.00
v 2117.65 -6882.35 -18.00
v 2117.65 -6882.35 0.00
v 2647.06 -6882.35 0.00
v 2647.06 -3705.88 -18.00
v 2647.06 -3176.47 -18.00
v 2647.06 -3176.47 0.00
v 2647.06 -3705.88 0.00
v 2647.06 -3176.47 -18.00
v 2117.65 -3176.47 -18.00
v 2117.65 -3176.47 0.00
v 2647.06 -3176.47 0.00
v 2117.65 -3176.47 -18.00
v 2117.65 -3705.88 -18.00
v 2117.65 -3705.88 0.00
v 2117.65 -3176.47 0.00
v 2117.65 -2647.06 -18.00
v 2647.06 -2647.06 -18.00
v 2647.06 -3176.47 -18.00
v 2117.65 -3176.47 -18.00
v 2117.65 -3176.47 0.00
v 2647.06 -3176.47 0.00
v 2647.06 -2647.06 0.00
v 2117.65 -2647.06 0.00
v 2117.65 -3176.47 -18.00
v 2647.06 -3176.47 -18.00
v 2647.06 -3176.47 0.00
v 2117.65 -3176.47 0.00
v 2117.65 -0.00 0.00
v 2647.06 -0.00 0.00
v 2647.06 529.41 0.00
v 2117.65 529.41 0.00
v 2117.65 -0.00 -18.00
v 2647.06 -0.00 -18.00
v 2647.06 -0.00 0.00
v 2117.65 -0.00 0.00
v 2647.06 -0.00 -18.00
v 2647.06 529.41 -18.00
v 2647.06 529.41 0.00
v 2647.06 -0.00 0.00
v 2647.06 529.41 -18.00
v 2117.65 529.41 -18.00
v 2117.65 529.41 0.00
v 2647.06 529.41 0.00
v 2117.65 529.41 -18.00
v 2117.65 -0.00 -18.00
v 2117.65 -0.00 0.00
v 2117.65 529.41 0.00
v 2117.65 1058.82 -18.00
v 2647.06 1058.82 -18.00
v 2647.06 529.41 -18.00
v 2117.65 529.41 -18.00
v 2647.06 6352.94 -18.00
v 2647.06 6882.35 -18.00
v 2647.06 6882.35 0.00
v 2647.06 6352.94 0.00
v 2647.06 6882.35 -18.00
v 2117.65 6882.35 -18.00
v 2117.65 6882.35 0.00
v 2647.06 6882.35 0.00
v 2117.65 6882.35 -18.00
v 2117.65 6352.94 -18.00
v 2117.65 6352.94 0.00
v 2117.65 6882.35 0.00
v 2117.65 7411.77 -18.00
v 2647.06 7411.77 -18.00
v 2647.06 6882.35 -18.00
v 2117.65 6882.35 -18.00
v 2117.65 6882.35 0.00
v 2647.06 6882.35 0.00
v 2647.06 7411.77 0.00
v 2117.65 7411.77 0.00
v 2117.65 6882.35 -18.00
v 2647.06 6882.35 -18.00
v 2647.06 6882.35 0.00
v 2117.65 6882.35 0.00
v 2647.06 -3705.88 -18.00
v 2647.06 -4235.29 -18.00
v 2647.06 -4235.29 0.00
v 2647.06 -3705.88 0.00
v 2647.06 -3176.47 -18.00
v 3176.47 -3176.47 -18.00
v 3176.47 -3705.88 -18.00
v 2647.06 -3705.88 -18.00
v 2647.06 -3705.88 0.00
v 3176.47 -3705.88 0.00
v 3176.47 -3176.47 0.00
v 2647.06 -3176.47 0.00
v 2647.06 -3705.88 -18.00
v 3176.47 -3705.88 -18.00
v 3176.47 -3705.88 0.00
v 2647.06 -3705.88 0.00
v 3176.47 -3705.88 -18.00
v 3176.47 -3176.47 -18.00
v 3176.47 -3176.47 0.00
v 3176.47 -3705.88 0.00
v 3176.47 -3176.47 -18.00
v 2647.06 -3176.47 -18.00
v 2647.06 -3176.47 0.00
v 3176.47 -3176.47 0.00
v 3705.88 -8470.59 -18.00
v 3176.47 -8470.59 -18.00
v 3176.47 -8470.59 0.00
v 3705.88 -8470.59 0.00
v 3176.47 -8470.59 -18.00
v 3176.47 -9000.00 -18.00
v 3176.47 -9000.00 0.00
v 3176.47 -8470.59 0.00
v 3176.47 -7941.18 -18.00
v 3705.88 -7941.18 -18.00
v 3705.88 -8470.59 -18.00
v 3176.47 -8470.59 -18.00
v 3176.47 -8470.59 0.00
v 3705.88 -8470.59 0.00
v 3705.88 -7941.18 0.00
v 3176.47 -7941.18 0.00
v 3176.47 -8470.59 -18.00
v 3705.88 -8470.59 -18.00
v 3705.88 -8470.59 0.00
v 3176.47 -8470.59 0.00
v 3705.88 -8470.59 -18.00
v 3705.88 -7941.18 -18.00
v 3705.88 -7941.18 0.00
v 3705.88 -8470.59 0.00
v 3176.47 -1058.82 -18.00
v 3705.88 -1058.82 -18.00
v 3705.88 -1588.23 -18.00
v 3176.47 -1588.23 -18.00
v 3176.47 -1588.23 0.00
v 3705.88 -1588.23 0.00
v 3705.88 -1058.82 0.00
v 3176.47 -1058.82 0.00
v 3176.47 -1588.23 -18.00
v 3705.88 -1588.23 -18.00
v 3705.88 -1588.23 0.00
v 3176.47 -1588.23 0.00
v 3705.88 -1588.23 -18.00
v 3705.88 -1058.82 -18.00
v 3705.88 -1058.82 0.00
v 3705.88 -1588.23 0.00
v 3705.88 -1058.82 -18.00
v 3176.47 -1058.82 -18.00
v 3176.47 -1058.82 0.00
v 3705.88 -1058.82 0.00
v 3176.47 -1058.82 -18.00
v 3176.47 -1588.23 -18.00
v 3176.47 -1588.23 0.00
v 3176.47 -1058.82 0.00
v 3176.47 5294.12 -18.00
v 3705.88 5294.12 -18.00
v 3705.88 5294.12 0.00
v 3176.47 5294.12 0.00
v 3705.88 5294.12 -18.00
v 3705.88 5823.53 -18.00
v 3705.88 5823.53 0.00
v 3705.88 5294.12 0.00
v 3705.88 5823.53 -18.00
v 3176.47 5823.53 -18.00
v 3176.47 5823.53 0.00
v 3705.88 5823.53 0.00
v 3176.47 5823.53 -18.00
v 3176.47 5294.12 -18.00
v 3176.47 5294.12 0.00
v 3176.47 5823.53 0.00
v 3176.47 6352.94 -18.00
v 3705.88 6352.94 -18.00
v 3705.88 5823.53 -18.00
v 3176.47 5823.53 -18.00
v 3176.47 5823.53 0.00
v 3705.88 5823.53 0.00
v 3705.88 6352.94 0.00
v 3176.47 6352.94 0.00
v 4235.29 -5294.12 -18.00
v 3705.88 -5294.12 -18.00
v 3705.88 -5294.12 0.00
v 4235.29 -5294.12 0.00
v 3705.88 -5294.12 -18.00
v 3705.88 -5823.53 -18.00
v 3705.88 -5823.53 0.00
v 3705.88 -5294.12 0.00
v 3705.88 -4764.71 -18.00
v 4235.29 -4764.71 -18.00
v 4235.29 -5294.12 -18.00
v 3705.88 -5294.12 -18.00
v 3705.88 -5294.12 0.00
v 4235.29 -5294.12 0.00
v 4235.29 -4764.71 0.00
v 3705.88 -4764.71 0.00
v 3705.88 -5294.12 -18.00
v 4235.29 -5294.12 -18.00
v 4235.29 -5294.12 0.00
v 3705.88 -5294.12 0.00
v 4235.29 -5294.12 -18.00
v 4235.29 -4764.71 -18.00
v 4235.29 -4764.71 0.00
v 4235.29 -5294.12 0.00
v 3705.88 2117.65 -18.00
v 4235.29 2117.65 -18.00
v 4235.29 1588.23 -18.00
v 3705.88 1588.23 -18.00
v 3705.88 1588.23 0.00
v 4235.29 1588.23 0.00
v 4235.29 2117.65 0.00
v 3705.88 2117.65 0.00
v 3705.88 1588.23 -18.00
v 4235.29 1588.23 -18.00
v 4235.29 1588.23 0.00
v 3705.88 1588.23 0.00
v 4235.29 1588.23 -18.00
v 4235.29 2117.65 -18.00
v 4235.29 2117.65 0.00
v 4235.29 1588.23 0.00
v 4235.29 2117.65 -18.00
v 3705.88 2117.65 -18.00
v 3705.88 2117.65 0.00
v 4235.29 2117.65 0.00
v 3705.88 2117.65 -18.00
v 3705.88 1588.23 -18.00
v 3705.88 1588.23 0.00
v 3705.88 2117.65 0.00
v 3705.88 8470.59 -18.00
v 4235.29 8470.59 -18.00
v 4235.29 8470.59 0.00
v 3705.88 8470.59 0.00
v 4235.29 8470.59 -18.00
v 4235.29 9000.00 -18.00
v 4235.29 9000.00 0.00
v 4235.29 8470.59 0.00
v 4235.29 9000.00 -18.00
v 3705.88 9000.00 -18.00
v 3705.88 9000.00 0.00
v 4235.29 9000.00 0.00
v 3705.88 9000.00 -18.00
v 3705.88 8470.59 -18.00
v 3705.88 8470.59 0.00
v 3705.88 9000.00 0.00
v 4235.29 -8470.59 -18.00
v 4764.71 -8470.59 -18.00
v 4764.71 -9000.00 -18.00
v 4235.29 -9000.00 -18.00
v 4235.29 -9000.00 0.00
v 4764.71 -9000.00 0.00
v 4764.71 -8470.59 0.00
v 4235.29 -8470.59 0.00
v 4235.29 -5294.12 -18.00
v 4764.71 -5294.12 -18.00
v 4764.71 -5823.53 -18.00
v 4235.29 -5823.53 -18.00
v 4235.29 -5823.53 0.00
v 4764.71 -5823.53 0.00
v 4764.71 -5294.12 0.00
v 4235.29 -5294.12 0.00
v 4235.29 -5823.53 -18.00
v 4764.71 -5823.53 -18.00
v 4764.71 -5823.53 0.00
v 4235.29 -5823.53 0.00
v 4764.71 -5823.53 -18.00
v 4764.71 -5294.12 -18.00
v 4764.71 -5294.12 0.00
v 4764.71 -5823.53 0.00
v 4764.71 -5294.12 -18.00
v 4235.29 -5294.12 -18.00
v 4235.29 -5294.12 0.00
v 4764.71 -5294.12 0.00
v 4235.29 -5294.12 -18.00
v 4235.29 -5823.53 -18.00
v 4235.29 -5823.53 0.00
v 4235.29 -5294.12 0.00
v 4235.29 1058.82 -18.00
v 4764.71 1058.82 -18.00
v 4764.71 1058.82 0.00
v 4235.29 1058.82 0.00
v 4764.71 1058.82 -18.00
v 4764.71 1588.23 -18.00
v 4764.71 1588.23 0.00
v 4764.71 1058.82 0.00
v 4764.71 1588.23 -18.00
v 4235.29 1588.23 -18.00
v 4235.29 1588.23 0.00
v 4764.71 1588.23 0.00
v 4235.29 1588.23 -18.00
v 4235.29 1058.82 -18.00
v 4235.29 1058.82 0.00
v 4235.29 1588.23 0.00
v 4235.29 2117.65 -18.00
v 4764.71 2117.65 -18.00
v 4764.71 1588.23 -18.00
v 4235.29 1588.23 -18.00
v 4235.29 1588.23 0.00
v 4764.71 1588.23 0.00
v 4764.71 2117.65 0.00
v 4235.29 2117.65 0.00
v 4764.71 -6882.35 -18.00
v 5294.12 -6882.35 -18.00
v 5294.12 -6882.35 0.00
v 4764.71 -6882.35 0.00
v 5294.12 -6882.35 -18.00
v 5294.12 -6352.94 -18.00
v 5294.12 -6352.94 0.00
v 5294.12 -6882.35 0.00
v 5294.12 -6352.94 -18.00
v 4764.71 -6352.94 -18.00
v 4764.71 -6352.94 0.00
v 5294.12 -6352.94 0.00
v 4764.71 -6352.94 -18.00
v 4764.71 -6882.35 -18.00
v 4764.71 -6882.35 0.00
v 4764.71 -6352.94 0.00
v 4764.71 -5823.53 -18.00
v 5294.12 -5823.53 -18.00
v 5294.12 -6352.94 -18.00
v 4764.71 -6352.94 -18.00
v 4764.71 -6352.94 0.00
v 5294.12 -6352.94 0.00
v 5294.12 -5823.53 0.00
v 4764.71 -5823.53 0.00
v 4764.71 3176.47 -18.00
v 5294.12 3176.47 -18.00
v 5294.12 3176.47 0.00
v 4764.71 3176.47 0.00
v 5294.12 3176.47 -18.00
v 5294.12 3705.88 -18.00
v 5294.12 3705.88 0.00
v 5294.12 3176.47 0.00
v 5294.12 3705.88 -18.00
v 4764.71 3705.88 -18.00
v 4764.71 3705.88 0.00
v 5294.12 3705.88 0.00
v 4764.71 3705.88 -18.00
v 4764.71 3176.47 -18.00
v 4764.71 3176.47 0.00
v 4764.71 3705.88 0.00
v 4764.71 4235.29 -18.00
v 5294.12 4235.29 -18.00
v 5294.12 3705.88 -18.00
v 4764.71 3705.88 -18.00
v 4764.71 3705.88 0.00
v 5294.12 3705.88 0.00
v 5294.12 4235.29 0.00
v 4764.71 4235.29 0.00
v 5294.12 7411.77 -18.00
v 4764.71 7411.77 -18.00
v 4764.71 7411.77 0.00
v 5294.12 7411.77 0.00
v 4764.71 7411.77 -18.00
v 4764.71 6882.35 -18.00
v 4764.71 6882.35 0.00
v 4764.71 7411.77 0.00
v 4764.71 7941.18 -18.00
v 5294.12 7941.18 -18.00
v 5294.12 7411.77 -18.00
v 4764.71 7411.77 -18.00
v 4764.71 7411.77 0.00
v 5294.12 7411.77 0.00
v 5294.12 7941.18 0.00
v 4764.71 7941.18 0.00
v 5823.53 2117.65 -18.00
v 5823.53 2647.06 -18.00
v 5823.53 2647.06 0.00
v 5823.53 2117.65 0.00
v 5823.53 2647.06 -18.00
v 5294.12 2647.06 -18.00
v 5294.12 2647.06 0.00
v 5823.53 2647.06 0.00
v 5294.12 2647.06 -18.00
v 5294.12 2117.65 -18.00
v 5294.12 2117.65 0.00
v 5294.12 2647.06 0.00
v 5294.12 3176.47 -18.00
v 5823.53 3176.47 -18.00
v 5823.53 2647.06 -18.00
v 5294.12 2647.06 -18.00
v 5294.12 2647.06 0.00
v 5823.53 2647.06 0.00
v 5823.53 3176.47 0.00
v 5294.12 3176.47 0.00
v 5294.12 2647.06 -18.00
v 5823.53 2647.06 -18.00
v 5823.53 2647.06 0.00
v 5294.12 2647.06 0.00
v 5294.12 6352.94 0.00
v 5823.53 6352.94 0.00
v 5823.53 6882.35 0.00
v 5294.12 6882.35 0.00
v 5294.12 6352.94 -18.00
v 5823.53 6352.94 -18.00
v 5823.53 6352.94 0.00
v 5294.12 6352.94 0.00
v 5823.53 6352.94 -18.00
v 5823.53 6882.35 -18.00
v 5823.53 6882.35 0.00
v 5823.53 6352.94 0.00
v 5823.53 6882.35 -18.00
v 5294.12 6882.35 -18.00
v 5294.12 6882.35 0.00
v 5823.53 6882.35 0.00
v 5294.12 6882.35 -18.00
v 5294.12 6352.94 -18.00
v 5294.12 6352.94 0.00
v 5294.12 6882.35 0.00
v 5294.12 7411.77 -18.00
v 5823.53 7411.77 -18.00
v 5823.53 6882.35 -18.00
v 5294.12 6882.35 -18.00
v 5823.53 -7941.18 -18.00
v 5823.53 -8470.59 -18.00
v 5823.53 -8470.59 0.00
v 5823.53 -7941.18 0.00
v 5823.53 -7411.77 -18.00
v 6352.94 -7411.77 -18.00
v 6352.94 -7941.18 -18.00
v 5823.53 -7941.18 -18.00
v 5823.53 -7941.18 0.00
v 6352.94 -7941.18 0.00
v 6352.94 -7411.77 0.00
v 5823.53 -7411.77 0.00
v 5823.53 -7941.18 -18.00
v 6352.94 -7941.18 -18.00
v 6352.94 -7941.18 0.00
v 5823.53 -7941.18 0.00
v 6352.94 -7941.18 -18.00
v 6352.94 -7411.77 -18.00
v 6352.94 -7411.77 0.00
v 6352.94 -7941.18 0.00
v 6352.94 -7411.77 -18.00
v 5823.53 -7411.77 -18.00
v 5823.53 -7411.77 0.00
v 6352.94 -7411.77 0.00
v 6352.94 5823.53 -18.00
v 6352.94 6352.94 -18.00
v 6352.94 6352.94 0.00
v 6352.94 5823.53 0.00
v 6352.94 6352.94 -18.00
v 5823.53 6352.94 -18.00
v 5823.53 6352.94 0.00
v 6352.94 6352.94 0.00
v 5823.53 6352.94 -18.00
v 5823.53 5823.53 -18.00
v 5823.53 5823.53 0.00
v 5823.53 6352.94 0.00
v 5823.53 6882.35 -18.00
v 6352.94 6882.35 -18.00
v 6352.94 6352.94 -18.00
v 5823.53 6352.94 -18.00
v 5823.53 6352.94 0.00
v 6352.94 6352.94 0.00
v 6352.94 6882.35 0.00
v 5823.53 6882.35 0.00
v 5823.53 6352.94 -18.00
v 6352.94 6352.94 -18.00
v 6352.94 6352.94 0.00
v 5823.53 6352.94 0.00
v 7411.77 9000.00 -18.00
v 6882.35 9000.00 -18.00
v 6882.35 9000.00 0.00
v 7411.77 9000.00 0.00
v 6882.35 9000.00 -18.00
v 6882.35 8470.59 -18.00
v 6882.35 8470.59 0.00
v 6882.35 9000.00 0.00
v 7411.77 -8470.59 -18.00
v 7941.18 -8470.59 -18.00
v 7941.18 -9000.00 -18.00
v 7411.77 -9000.00 -18.00
v 7411.77 -9000.00 0.00
v 7941.18 -9000.00 0.00
v 7941.18 -8470.59 0.00
v 7411.77 -8470.59 0.00
v 7411.77 -9000.00 -18.00
v 7941.18 -9000.00 -18.00
v 7941.18 -9000.00 0.00
v 7411.77 -9000.00 0.00
v 7941.18 -9000.00 -18.00
v 7941.18 -8470.59 -18.00
v 7941.18 -8470.59 0.00
v 7941.18 -9000.00 0.00
v 7411.77 -5823.53 -18.00
v 7941.18 -5823.53 -18.00
v 7941.18 -5823.53 0.00
v 7411.77 -5823.53 0.00
v 7941.18 -5823.53 -18.00
v 7941.18 -5294.12 -18.00
v 7941.18 -5294.12 0.00
v 7941.18 -5823.53 0.00
v 7941.18 -5294.12 -18.00
v 7411.77 -5294.12 -18.00
v 7411.77 -5294.12 0.00
v 7941.18 -5294.12 0.00
v 7411.77 -5294.12 -18.00
v 7411.77 -5823.53 -18.00
v 7411.77 -5823.53 0.00
v 7411.77 -5294.12 0.00
v 7411.77 -4764.71 -18.00
v 7941.18 -4764.71 -18.00
v 7941.18 -5294.12 -18.00
v 7411.77 -5294.12 -18.00
v 7411.77 -5294.12 0.00
v 7941.18 -5294.12 0.00
v 7941.18 -4764.71 0.00
v 7411.77 -4764.71 0.00
v 7941.18 -3176.47 -18.00
v 8470.59 -3176.47 -18.00
v 8470.59 -3176.47 0.00
v 7941.18 -3176.47 0.00
v 8470.59 -3176.47 -18.00
v 8470.59 -2647.06 -18.00
v 8470.59 -2647.06 0.00
v 8470.59 -3176.47 0.00
v 8470.59 -2647.06 -18.00
v 7941.18 -2647.06 -18.00
v 7941.18 -2647.06 0.00
v 8470.59 -2647.06 0.00
v 7941.18 -2647.06 -18.00
v 7941.18 -3176.47 -18.00
v 7941.18 -3176.47 0.00
v 7941.18 -2647.06 0.00
v 7941.18 -2117.65 -18.00
v 8470.59 -2117.65 -18.00
v 8470.59 -2647.06 -18.00
v 7941.18 -2647.06 -18.00
v 7941.18 -2647.06 0.00
v 8470.59 -2647.06 0.00
v 8470.59 -2117.65 0.00
v 7941.18 -2117.65 0.00
v 7941.18 1588.23 -18.00
v 8470.59 1588.23 -18.00
v 8470.59 1058.82 -18.00
v 7941.18 1058.82 -18.00
v 7941.18 1058.82 0.00
v 8470.59 1058.82 0.00
v 8470.59 1588.23 0.00
v 7941.18 1588.23 0.00
v 7941.18 1058.82 -18.00
v 8470.59 1058.82 -18.00
v 8470.59 1058.82 0.00
v 7941.18 1058.82 0.00
v 8470.59 1058.82 -18.00
v 8470.59 1588.23 -18.00
v 8470.59 1588.23 0.00
v 8470.59 1058.82 0.00
v 8470.59 1588.23 -18.00
v 7941.18 1588.23 -18.00
v 7941.18 1588.23 0.00
v 8470.59 1588.23 0.00
v 7941.18 1588.23 -18.00
v 7941.18 1058.82 -18.00
v 7941.18 1058.82 0.00
v 7941.18 1588.23 0.00
v 8470.59 3705.88 -18.00
v 9000.00 3705.88 -18.00
v 9000.00 3176.47 -18.00
v 8470.59 3176.47 -18.00
v 8470.59 3176.47 0.00
v 9000.00 3176.47 0.00
v 9000.00 3705.88 0.00
v 8470.59 3705.88 0.00
v 8470.59 3176.47 -18.00
v 9000.00 3176.47 -18.00
v 9000.00 3176.47 0.00
v 8470.59 3176.47 0.00
v 9000.00 3176.47 -18.00
v 9000.00 3705.88 -18.00
v 9000.00 3705.88 0.00
v 9000.00 3176.47 0.00
v 9000.00 3705.88 -18.00
v 8470.59 3705.88 -18.00
v 8470.59 3705.88 0.00
v 9000.00 3705.88 0.00
v 8470.59 3705.88 -18.00
v 8470.59 3176.47 -18.00
v 8470.59 3176.47 0.00
v 8470.59 3705.88 0.00
v 8470.59 6882.35 -18.00
v 9000.00 6882.35 -18.00
v 9000.00 6882.35 0.00
v 8470.59 6882.35 0.00
v 9000.00 6882.35 -18.00
v 9000.00 7411.77 -18.00
v 9000.00 7411.77 0.00
v 9000.00 6882.35 0.00
v 9000.00 7411.77 -18.00
v 8470.59 7411.77 -18.00
v 8470.59 7411.77 0.00
v 9000.00 7411.77 0.00
v 8470.59 7411.77 -18.00
v 8470.59 6882.35 -18.00
v 8470.59 6882.35 0.00
v 8470.59 7411.77 0.00
v 214.19 -31.30 63.06
v 216.03 -13.74 63.06
v 216.03 -13.74 86.70
v 214.19 -31.30 86.70
v 216.03 -13.74 63.06
v 206.08 -12.70 63.06
v 206.08 -12.70 86.70
v 216.03 -13.74 86.70
v 206.08 -12.70 63.06
v 204.25 -30.26 63.06
v 204.25 -30.26 86.70
v 206.08 -12.70 86.70
v 204.25 -30.26 63.06
v 214.19 -31.30 63.06
v 214.19 -31.30 86.70
v 204.25 -30.26 86.70
v 205.51 7.06 58.69
v 204.33 23.11 58.69
v 214.30 23.84 58.69
v 215.48 7.79 58.69
v 215.48 7.79 87.24
v 214.30 23.84 87.24
v 204.33 23.11 87.24
v 205.51 7.06 87.24
v 242.92 -144.60 18.96
v 230.87 -161.38 16.00
v 230.16 -160.25 42.40
v 242.92 -144.60 44.62
v 230.87 -161.38 16.00
v 237.54 -165.23 16.00
v 236.53 -165.33 42.40
v 230.16 -160.25 42.40
v 258.67 -114.77 17.33
v 266.77 -94.42 17.33
v 276.06 -98.12 17.33
v 267.96 -118.46 17.33
v 267.96 -118.46 44.77
v 276.06 -98.12 44.77
v 266.77 -94.42 44.77
v 258.67 -114.77 44.77
v 267.96 -118.46 17.33
v 276.06 -98.12 17.33
v 276.06 -98.12 44.77
v 267.96 -118.46 44.77
v 276.06 -98.12 17.33
v 266.77 -94.42 17.33
v 266.77 -94.42 44.77
v 276.06 -98.12 44.77
v 230.15 -159.62 4.80
v 236.60 -149.90 4.80
v 244.93 -155.43 4.80
v 238.48 -165.15 4.80
v 238.48 -165.15 23.12
v 244.93 -155.43 23.12
v 236.60 -149.90 23.12
v 234.03 -155.60 22.00
v 238.48 -165.15 4.80
v 244.93 -155.43 4.80
v 244.93 -155.43 23.12
v 238.48 -165.15 23.12
v 244.93 -155.43 4.80
v 236.60 -149.90 4.80
v 236.60 -149.90 23.12
v 244.93 -155.43 23.12
v 236.60 -149.90 4.80
v 230.15 -159.62 4.80
v 234.03 -155.60 22.00
v 236.60 -149.90 23.12
v 230.15 -159.62 4.80
v 238.48 -165.15 4.80
v 238.48 -165.15 23.12
v 234.03 -155.60 22.00

usemtl mat_window
v 220.03 -106.92 71.06
v 217.21 -114.39 71.06
v 218.85 -110.74 76.02
v 211.95 -108.14 76.02
v 218.85 -110.74 76.02
v 210.78 -111.96 71.06
v 213.60 -104.49 71.06
v 211.95 -108.14 76.02
v 217.21 -114.39 71.06
v 210.78 -111.96 71.06
v 218.85 -110.74 76.02
v 220.03 -106.92 71.06
v 211.95 -108.14 76.02
v 213.60 -104.49 71.06
v 240.82 -98.17 54.80
v 242.55 -91.04 54.80
v 248.78 -92.55 54.80
v 247.05 -99.68 54.80
v 247.05 -99.68 68.69
v 248.78 -92.55 68.69
v 242.55 -91.04 68.69
v 240.82 -98.17 68.69
v 247.31 -100.10 68.69
v 248.78 -92.55 68.69
v 249.21 -92.29 74.39
v 247.31 -100.10 74.39
v 248.78 -92.55 68.69
v 242.55 -91.04 68.69
v 242.29 -90.61 74.39
v 249.21 -92.29 74.39
v 242.55 -91.04 68.69
v 240.82 -98.17 68.69
v 242.53 -95.48 70.00
v 242.29 -90.61 74.39
v 240.82 -98.17 68.69
v 247.31 -100.10 68.69
v 247.31 -100.10 74.39
v 242.53 -95.48 70.00
v 249.21 -92.29 74.39
v 247.31 -100.10 74.39
v 248.50 -96.25 79.38
v 241.10 -94.46 79.38
v 248.50 -96.25 79.38
v 242.53 -95.48 70.00
v 242.29 -90.61 74.39
v 241.10 -94.46 79.38
v 228.91 -95.21 66.17
v 215.41 -92.71 68.80
v 227.13 -91.07 73.29
v 227.41 -87.37 68.31
v 218.98 -89.09 73.29
v 217.99 -81.35 68.80
v 246.33 -77.15 54.80
v 247.44 -67.76 54.80
v 255.22 -68.69 54.80
v 254.10 -78.08 54.80
v 254.10 -78.08 69.21
v 255.22 -68.69 69.21
v 247.44 -67.76 69.21
v 246.33 -77.15 69.21
v 254.10 -78.08 54.80
v 255.22 -68.69 54.80
v 255.22 -68.69 69.21
v 254.10 -78.08 69.21
v 255.22 -68.69 54.80
v 247.44 -67.76 54.80
v 247.44 -67.76 69.21
v 255.22 -68.69 69.21
v 247.44 -67.76 54.80
v 246.33 -77.15 54.80
v 246.33 -77.15 69.21
v 247.44 -67.76 69.21
v 246.33 -77.15 54.80
v 254.10 -78.08 54.80
v 254.10 -78.08 69.21
v 246.33 -77.15 69.21
v 246.33 -77.15 69.21
v 247.44 -67.76 69.21
v 255.22 -68.69 69.21
v 254.10 -78.08 69.21
v 254.41 -78.47 75.15
v 255.61 -68.38 75.15
v 247.14 -67.37 75.15
v 245.94 -77.46 75.15
v 254.10 -78.08 69.21
v 255.22 -68.69 69.21
v 255.61 -68.38 75.15
v 254.41 -78.47 75.15
v 255.22 -68.69 69.21
v 247.44 -67.76 69.21
v 247.14 -67.37 75.15
v 255.61 -68.38 75.15
v 247.44 -67.76 69.21
v 246.33 -77.15 69.21
v 245.94 -77.46 75.15
v 247.14 -67.37 75.15
v 246.33 -77.15 69.21
v 254.10 -78.08 69.21
v 254.41 -78.47 75.15
v 245.94 -77.46 75.15
v 255.61 -68.38 75.15
v 254.41 -78.47 75.15
v 255.25 -73.45 81.58
v 246.29 -72.39 81.58
v 255.25 -73.45 81.58
v 245.94 -77.46 75.15
v 247.14 -67.37 75.15
v 246.29 -72.39 81.58
v 254.41 -78.47 75.15
v 245.94 -77.46 75.15
v 255.25 -73.45 81.58
v 255.61 -68.38 75.15
v 246.29 -72.39 81.58
v 247.14 -67.37 75.15
v 241.10 -74.50 60.19
v 243.59 -68.35 62.92
v 242.34 -69.83 66.12
v 243.75 -72.08 67.94
v 243.59 -68.35 62.92
v 241.10 -74.50 60.19
v 243.75 -72.08 67.94
v 242.34 -69.83 66.12
v 224.54 -73.53 54.80
v 225.42 -66.17 54.80
v 232.13 -66.97 54.80
v 231.25 -74.33 54.80
v 231.25 -74.33 66.49
v 234.19 -65.18 68.80
v 225.42 -66.17 66.49
v 224.54 -73.53 66.49
v 231.25 -74.33 54.80
v 232.13 -66.97 54.80
v 234.19 -65.18 68.80
v 231.25 -74.33 66.49
v 232.13 -66.97 54.80
v 225.42 -66.17 54.80
v 225.42 -66.17 66.49
v 234.19 -65.18 68.80
v 225.42 -66.17 66.49
v 224.54 -73.53 66.49
v 224.15 -73.84 71.21
v 225.11 -65.78 71.21
v 224.54 -73.53 66.49
v 231.25 -74.33 66.49
v 231.56 -74.72 71.21
v 224.15 -73.84 71.21
v 232.51 -66.67 71.21
v 231.56 -74.72 71.21
v 232.28 -70.72 76.25
v 224.38 -69.78 76.25
v 232.28 -70.72 76.25
v 224.15 -73.84 71.21
v 224.89 -65.51 71.21
v 224.38 -69.78 76.25
v 231.56 -74.72 71.21
v 224.15 -73.84 71.21
v 232.28 -70.72 76.25
v 232.51 -66.67 71.21
v 224.38 -69.78 76.25
v 224.89 -65.51 71.21
v 192.08 80.71 72.00
v 189.49 80.71 72.00
v 190.78 76.72 78.00
v 189.49 80.71 72.00
v 187.39 79.19 72.00
v 190.78 76.72 78.00
v 187.39 79.19 72.00
v 187.39 74.25 72.00
v 190.78 76.72 78.00
v 187.39 74.25 72.00
v 192.08 72.72 72.00
v 190.78 76.72 78.00
v 192.08 72.72 72.00
v 195.37 73.39 72.00
v 190.78 76.72 78.00
v 195.37 73.39 72.00
v 196.46 76.72 72.00
v 190.78 76.72 78.00
v 259.87 -98.00 48.00
v 256.97 -94.00 48.00
v 256.97 -94.00 72.00
v 259.87 -98.00 72.00
v 256.97 -94.00 48.00
v 254.38 -94.00 48.00
v 254.38 -94.00 72.00
v 256.97 -94.00 72.00
v 254.38 -94.00 48.00
v 252.28 -95.53 48.00
v 252.28 -95.53 72.00
v 254.38 -94.00 72.00
v 252.28 -95.53 48.00
v 252.28 -100.47 48.00
v 252.28 -100.47 72.00
v 252.28 -95.53 72.00
v 252.28 -100.47 48.00
v 256.97 -101.99 48.00
v 256.97 -101.99 72.00
v 252.28 -100.47 72.00
v 256.97 -101.99 48.00
v 259.87 -98.00 48.00
v 259.87 -98.00 72.00
v 256.97 -101.99 72.00
v 259.87 -98.00 72.00
v 256.97 -94.00 72.00
v 254.38 -94.00 72.00
v 252.28 -95.53 72.00
v 252.28 -100.47 72.00
v 256.97 -101.99 72.00
v 261.34 -98.00 72.00
v 260.26 -94.66 72.00
v 255.67 -98.00 78.00
v 260.26 -94.66 72.00
v 256.97 -94.00 72.00
v 255.67 -98.00 78.00
v 256.97 -94.00 72.00
v 254.38 -94.00 72.00
v 255.67 -98.00 78.00
v 254.38 -94.00 72.00
v 252.28 -95.53 72.00
v 255.67 -98.00 78.00
v 252.28 -95.53 72.00
v 252.28 -100.47 72.00
v 255.67 -98.00 78.00
v 258.51 -48.12 56.08
v 251.30 -52.36 61.63
v 251.27 -48.12 56.08
v 238.12 -56.27 40.80
v 238.12 -47.73 40.80
v 245.84 -47.73 40.80
v 245.84 -56.27 40.80
v 245.84 -56.27 51.89
v 248.08 -46.27 54.80
v 236.63 -46.18 54.80
v 238.12 -56.27 51.89
v 245.84 -56.27 40.80
v 245.84 -47.73 40.80
v 248.08 -46.27 54.80
v 245.84 -56.27 51.89
v 245.84 -47.73 40.80
v 238.12 -47.73 40.80
v 236.63 -46.18 54.80
v 248.08 -46.27 54.80
v 238.12 -47.73 40.80
v 238.12 -56.27 40.80
v 238.12 -56.27 51.89
v 236.63 -46.18 54.80
v 238.12 -56.27 40.80
v 245.84 -56.27 40.80
v 245.84 -56.27 51.89
v 238.12 -56.27 51.89
v 248.08 -46.27 54.80
v 245.84 -56.27 51.89
v 246.03 -54.04 59.23
v 237.52 -52.00 57.69
v 246.03 -54.04 59.23
v 238.12 -56.27 51.89
v 236.63 -46.18 54.80
v 237.52 -52.00 57.69
v 245.84 -56.27 51.89
v 238.12 -56.27 51.89
v 246.03 -54.04 59.23
v 248.08 -46.27 54.80
v 237.52 -52.00 57.69
v 236.63 -46.18 54.80
v 268.50 -29.74 40.80
v 267.43 -20.80 40.80
v 275.08 -19.88 40.80
v 276.16 -28.82 40.80
v 276.16 -28.82 49.08
v 275.08 -19.88 49.08
v 267.43 -20.80 49.08
v 268.50 -29.74 49.08
v 276.16 -28.82 40.80
v 275.08 -19.88 40.80
v 275.08 -19.88 49.08
v 276.16 -28.82 49.08
v 275.08 -19.88 40.80
v 267.43 -20.80 40.80
v 267.43 -20.80 49.08
v 275.08 -19.88 49.08
v 267.43 -20.80 40.80
v 268.50 -29.74 40.80
v 268.50 -29.74 49.08
v 267.43 -20.80 49.08
v 268.50 -29.74 40.80
v 276.16 -28.82 40.80
v 276.16 -28.82 49.08
v 268.50 -29.74 49.08
v 268.20 -30.13 49.08
v 267.43 -20.80 49.08
v 275.08 -19.88 49.08
v 276.16 -28.82 49.08
v 276.55 -29.12 52.26
v 275.39 -19.49 52.26
v 267.04 -20.49 52.26
v 268.20 -30.13 52.26
v 276.16 -28.82 49.08
v 275.08 -19.88 49.08
v 275.39 -19.49 52.26
v 276.55 -29.12 52.26
v 275.08 -19.88 49.08
v 267.43 -20.80 49.08
v 267.04 -20.49 52.26
v 275.39 -19.49 52.26
v 267.43 -20.80 49.08
v 268.20 -30.13 49.08
v 268.20 -30.13 52.26
v 267.04 -20.49 52.26
v 268.20 -30.13 49.08
v 276.16 -28.82 49.08
v 276.55 -29.12 52.26
v 268.20 -30.13 52.26
v 275.39 -19.49 52.26
v 276.55 -29.12 52.26
v 276.22 -24.27 58.39
v 267.37 -25.34 58.39
v 257.66 -30.42 45.33
v 260.29 -30.42 45.33
v 263.29 -30.35 53.23
v 255.61 -30.68 53.23
v 242.32 -31.81 40.80
v 241.50 -25.00 40.80
v 248.69 -24.13 40.80
v 249.52 -30.95 40.80
v 249.52 -30.95 49.09
v 248.69 -24.13 49.09
v 241.50 -25.00 49.09
v 242.32 -31.81 49.09
v 249.52 -30.95 40.80
v 248.69 -24.13 40.80
v 248.69 -24.13 49.09
v 249.52 -30.95 49.09
v 248.69 -24.13 40.80
v 241.50 -25.00 40.80
v 241.50 -25.00 49.09
v 248.69 -24.13 49.09
v 241.50 -25.00 40.80
v 242.32 -31.81 40.80
v 242.32 -31.81 49.09
v 241.50 -25.00 49.09
v 242.32 -31.81 49.09
v 249.52 -30.95 49.09
v 249.91 -31.25 52.29
v 244.37 -31.79 54.80
v 251.74 -30.92 54.80
v 249.00 -23.74 52.29
v 245.03 -23.97 57.21
v 246.58 -31.68 59.18
v 244.37 -31.79 54.80
v 246.58 -31.68 59.18
v 245.03 -23.97 57.21
v 243.44 -24.00 54.80
v 251.74 -30.92 54.80
v 246.58 -31.68 59.18
v 244.37 -31.79 54.80
v 249.00 -23.74 52.29
v 243.44 -24.00 54.80
v 245.03 -23.97 57.21
v 266.89 -2.52 40.80
v 264.64 6.62 40.80
v 271.79 8.38 40.80
v 274.04 -0.76 40.80
v 259.46 3.94 40.80
v 251.63 2.01 40.80
v 252.65 1.78 54.80
v 258.52 3.20 54.80
v 251.63 2.01 40.80
v 253.23 -4.47 40.80
v 253.23 -4.47 52.26
v 252.65 1.78 54.80
v 253.23 -4.47 40.80
v 261.05 -2.55 40.80
v 261.05 -2.55 52.26
v 253.23 -4.47 52.26
v 253.23 -4.47 52.26
v 252.65 1.78 54.80
v 258.52 3.20 54.80
v 261.05 -2.55 52.26
v 261.48 -2.80 56.87
v 259.71 4.36 56.87
v 251.21 2.27 56.87
v 254.69 -3.99 59.03
v 261.05 -2.55 52.26
v 258.52 3.20 54.80
v 259.71 4.36 56.87
v 261.48 -2.80 56.87
v 258.52 3.20 54.80
v 252.65 1.78 54.80
v 251.21 2.27 56.87
v 259.71 4.36 56.87
v 252.65 1.78 54.80
v 253.23 -4.47 52.26
v 254.69 -3.99 59.03
v 251.21 2.27 56.87
v 253.23 -4.47 52.26
v 261.05 -2.55 52.26
v 261.48 -2.80 56.87
v 254.69 -3.99 59.03
v 261.48 -2.80 56.87
v 259.71 4.36 56.87
v 255.40 3.56 62.35
v 255.16 -3.87 60.46
v 252.79 -5.20 56.87
v 255.16 -3.87 60.46
v 255.40 3.56 62.35
v 251.21 2.27 56.87
v 261.48 -2.80 56.87
v 255.16 -3.87 60.46
v 252.79 -5.20 56.87
v 259.71 4.36 56.87
v 251.21 2.27 56.87
v 255.40 3.56 62.35
v 240.78 -8.81 40.80
v 238.59 0.08 40.80
v 245.91 1.88 40.80
v 248.10 -7.01 40.80
v 248.10 -7.01 49.27
v 245.91 1.88 49.27
v 238.59 0.08 49.27
v 240.78 -8.81 49.27
v 248.10 -7.01 40.80
v 245.91 1.88 40.80
v 245.91 1.88 49.27
v 248.10 -7.01 49.27
v 245.91 1.88 40.80
v 238.59 0.08 40.80
v 238.59 0.08 49.27
v 245.91 1.88 49.27
v 238.59 0.08 40.80
v 240.78 -8.81 40.80
v 240.78 -8.81 49.27
v 238.59 0.08 49.27
v 255.56 26.39 50.11
v 256.15 24.86 50.11
v 256.27 24.88 56.00
v 255.56 26.39 56.61
v 256.15 24.86 50.11
v 255.56 26.39 50.11
v 255.56 26.39 56.61
v 256.27 24.88 56.00
v 255.56 26.39 50.11
v 256.15 24.86 50.11
v 256.27 24.88 56.00
v 255.56 26.39 56.61
v 243.17 19.13 40.80
v 240.30 26.62 40.80
v 246.78 29.10 40.80
v 249.65 21.61 40.80
v 249.65 21.61 54.54
v 247.01 26.14 54.80
v 240.30 26.62 54.54
v 243.73 15.38 54.80
v 249.65 21.61 40.80
v 246.78 29.10 40.80
v 247.01 26.14 54.80
v 249.65 21.61 54.54
v 246.78 29.10 40.80
v 240.30 26.62 40.80
v 240.30 26.62 54.54
v 247.01 26.14 54.80
v 240.30 26.62 40.80
v 243.17 19.13 40.80
v 243.73 15.38 54.80
v 240.30 26.62 54.54
v 243.17 19.13 40.80
v 249.65 21.61 40.80
v 249.65 21.61 54.54
v 243.73 15.38 54.80
v 247.01 26.14 54.80
v 250.42 21.26 54.54
v 248.78 25.57 59.99
v 241.17 22.66 59.99
v 248.78 25.57 59.99
v 243.73 15.38 54.80
v 239.53 26.96 54.54
v 241.17 22.66 59.99
v 250.42 21.26 54.54
v 243.73 15.38 54.80
v 248.78 25.57 59.99
v 238.28 55.54 52.47
v 231.98 52.14 52.47
v 231.50 52.28 57.18
v 238.43 56.01 57.18
v 231.98 52.14 52.47
v 235.34 45.89 52.47
v 235.20 45.42 57.18
v 231.50 52.28 57.18
v 235.34 45.89 52.47
v 241.65 49.29 52.47
v 242.12 49.14 57.18
v 235.20 45.42 57.18
v 242.12 49.14 57.18
v 238.43 56.01 57.18
v 234.85 54.37 62.05
v 238.78 47.06 62.05
v 235.20 45.42 57.18
v 238.78 47.06 62.05
v 234.85 54.37 62.05
v 231.50 52.28 57.18
v 242.12 49.14 57.18
v 238.78 47.06 62.05
v 235.20 45.42 57.18
v 238.43 56.01 57.18
v 231.50 52.28 57.18
v 234.85 54.37 62.05
v 224.30 39.73 40.80
v 220.76 46.31 40.80
v 227.12 49.74 40.80
v 230.66 43.16 40.80
v 230.66 43.16 52.15
v 227.12 49.74 52.15
v 220.76 46.31 52.15
v 224.30 39.73 52.15
v 230.66 43.16 40.80
v 227.12 49.74 40.80
v 227.12 49.74 52.15
v 230.66 43.16 52.15
v 227.12 49.74 40.80
v 220.76 46.31 40.80
v 220.76 46.31 52.15
v 227.12 49.74 52.15
v 220.76 46.31 40.80
v 224.30 39.73 40.80
v 224.30 39.73 52.15
v 220.76 46.31 52.15
v 219.40 73.85 57.00
v 211.97 63.71 49.89
v 206.62 70.06 49.89
v 209.23 66.47 55.11
v 217.46 67.70 49.89
v 211.97 63.71 49.89
v 219.40 73.85 57.00
v 212.95 73.92 49.89
v 209.23 66.47 55.11
v 206.62 70.06 49.89
v 211.74 65.17 44.66
v 213.72 61.58 42.00
v 211.97 63.71 49.89
v 211.74 65.17 45.72
v 213.72 61.58 42.00
v 211.74 65.17 44.66
v 211.74 65.17 45.72
v 211.97 63.71 49.89
v 211.74 65.17 44.66
v 213.72 61.58 42.00
v 211.97 63.71 49.89
v 211.74 65.17 45.72
v 192.88 49.24 49.14
v 198.39 53.24 49.14
v 198.88 53.16 52.35
v 192.80 48.75 52.35
v 193.37 60.76 52.35
v 198.88 53.16 52.35
v 197.79 56.98 56.00
v 189.84 52.40 58.26
v 197.79 56.98 56.00
v 192.80 48.75 52.35
v 187.29 56.34 52.35
v 189.84 52.40 58.26
v 198.88 53.16 52.35
v 192.80 48.75 52.35
v 197.79 56.98 56.00
v 193.37 60.76 52.35
v 189.84 52.40 58.26
v 187.29 56.34 52.35
v 187.78 79.82 40.80
v 182.56 85.23 40.80
v 188.00 90.49 40.80
v 193.23 85.08 40.80
v 193.23 85.08 52.60
v 188.00 90.49 52.60
v 182.56 85.23 52.60
v 187.78 79.82 52.60
v 193.23 85.08 40.80
v 188.00 90.49 40.80
v 188.00 90.49 52.60
v 193.23 85.08 52.60
v 188.00 90.49 40.80
v 182.56 85.23 40.80
v 182.56 85.23 52.60
v 188.00 90.49 52.60
v 182.56 85.23 40.80
v 187.78 79.82 40.80
v 187.78 79.82 52.60
v 182.56 85.23 52.60
v 187.78 79.82 40.80
v 193.23 85.08 40.80
v 193.23 85.08 52.60
v 187.78 79.82 52.60
v 193.23 85.08 52.60
v 188.00 90.49 52.60
v 184.86 88.30 57.75
v 190.92 82.02 57.75
v 187.31 -188.60 61.78
v 179.16 -186.37 56.73
v 184.81 -180.53 56.73
v 181.81 -183.28 61.78
v 184.31 -191.35 56.73
v 179.16 -186.37 56.73
v 187.31 -188.60 61.78
v 190.31 -185.50 56.73
v 181.81 -183.28 61.78
v 184.81 -180.53 56.73
v 170.78 -179.23 40.80
v 177.38 -172.40 40.80
v 182.21 -177.06 40.80
v 175.61 -183.89 40.80
v 175.61 -183.89 49.64
v 182.21 -177.06 49.64
v 177.38 -172.40 49.64
v 170.78 -179.23 49.64
v 175.61 -183.89 40.80
v 182.21 -177.06 40.80
v 182.21 -177.06 49.64
v 175.61 -183.89 49.64
v 182.21 -177.06 40.80
v 177.38 -172.40 40.80
v 177.38 -172.40 49.64
v 182.21 -177.06 49.64
v 170.78 -179.23 49.64
v 177.38 -172.40 49.64
v 182.21 -177.06 49.64
v 175.61 -183.89 49.64
v 175.62 -184.38 53.08
v 182.70 -177.05 53.08
v 177.38 -171.90 53.08
v 170.29 -179.23 53.08
v 175.61 -183.89 49.64
v 182.21 -177.06 49.64
v 182.70 -177.05 53.08
v 175.62 -184.38 53.08
v 182.21 -177.06 49.64
v 177.38 -172.40 49.64
v 177.38 -171.90 53.08
v 182.70 -177.05 53.08
v 182.70 -177.05 53.08
v 175.62 -184.38 53.08
v 179.34 -180.89 59.54
v 173.65 -175.39 59.54
v 179.34 -180.89 59.54
v 169.93 -179.24 53.08
v 177.38 -171.90 53.08
v 173.65 -175.39 59.54
v 182.70 -177.05 53.08
v 173.65 -175.39 59.54
v 177.38 -171.90 53.08
v 174.44 -182.14 45.30
v 175.61 -183.89 49.64
v 175.62 -184.38 53.08
v 174.44 -182.14 50.39
v 203.48 -170.64 40.80
v 207.61 -164.95 40.80
v 214.10 -169.66 40.80
v 209.97 -175.35 40.80
v 209.97 -175.35 52.04
v 214.10 -169.66 52.04
v 207.61 -164.95 52.04
v 203.48 -170.64 52.04
v 209.97 -175.35 40.80
v 214.10 -169.66 40.80
v 214.10 -169.66 52.04
v 209.97 -175.35 52.04
v 205.24 -162.14 48.79
v 195.97 -160.85 53.96
v 198.69 -158.13 48.79
v 184.88 -158.11 40.80
v 189.93 -151.15 40.80
v 194.80 -154.69 40.80
v 189.75 -161.64 40.80
v 189.75 -161.64 51.50
v 194.80 -153.25 54.80
v 189.93 -151.15 51.50
v 184.88 -158.11 51.50
v 189.75 -161.64 40.80
v 194.80 -154.69 40.80
v 194.80 -153.25 54.80
v 189.75 -161.64 51.50
v 194.80 -154.69 40.80
v 189.93 -151.15 40.80
v 189.93 -151.15 51.50
v 194.80 -153.25 54.80
v 189.93 -151.15 40.80
v 184.88 -158.11 40.80
v 184.88 -158.11 51.50
v 189.93 -151.15 51.50
v 184.88 -158.11 40.80
v 189.75 -161.64 40.80
v 189.75 -161.64 51.50
v 184.88 -158.11 51.50
v 198.04 -154.62 54.80
v 189.75 -161.64 51.50
v 192.76 -158.52 57.34
v 186.91 -154.28 57.34
v 192.76 -158.52 57.34
v 184.88 -158.11 51.50
v 189.93 -151.15 51.50
v 186.91 -154.28 57.34
v 189.75 -161.64 51.50
v 184.88 -158.11 51.50
v 192.76 -158.52 57.34
v 198.04 -154.62 54.80
v 186.91 -154.28 57.34
v 189.93 -151.15 51.50
v 189.75 -161.64 40.80
v 188.99 -158.83 44.98
v 188.99 -158.83 46.36
v 188.12 -160.02 46.36
v 188.99 -158.83 44.98
v 189.75 -161.64 40.80
v 188.12 -160.02 46.36
v 188.99 -158.83 46.36
v 194.23 -164.27 40.80
v 191.95 -158.83 44.98
v 191.95 -158.83 46.36
v 194.23 -164.27 48.79
v 191.95 -158.83 44.98
v 194.23 -164.27 40.80
v 194.23 -164.27 48.79
v 191.95 -158.83 46.36
v 229.91 -153.85 44.00
v 228.24 -146.38 40.80
v 239.68 -151.52 42.40
v 231.51 -155.46 42.40
v 234.25 -157.09 45.52
v 235.18 -150.12 49.80
v 228.24 -146.38 49.80
v 229.91 -153.85 46.40
v 231.51 -155.46 42.40
v 239.68 -151.52 42.40
v 235.18 -150.12 49.80
v 234.25 -157.09 45.52
v 239.68 -151.52 42.40
v 228.24 -146.38 40.80
v 228.24 -146.38 49.80
v 235.18 -150.12 49.80
v 228.24 -146.38 40.80
v 229.91 -153.85 44.00
v 229.91 -153.85 46.40
v 228.24 -146.38 49.80
v 229.91 -153.85 44.00
v 231.51 -155.46 42.40
v 234.25 -157.09 45.52
v 229.91 -153.85 46.40
v 224.66 -152.29 49.80
v 228.24 -146.38 49.80
v 237.54 -149.83 46.00
v 234.25 -157.09 45.52
v 232.22 -156.36 53.32
v 235.66 -149.97 53.32
v 228.10 -145.91 53.32
v 224.66 -152.29 53.32
v 234.25 -157.09 45.52
v 237.54 -149.83 46.00
v 235.66 -149.97 53.32
v 232.22 -156.36 53.32
v 223.78 -143.67 40.80
v 218.47 -140.81 40.80
v 218.47 -140.81 50.41
v 223.63 -142.13 54.80
v 218.47 -140.81 40.80
v 215.11 -147.06 40.80
v 215.11 -147.06 50.41
v 218.47 -140.81 50.41
v 215.11 -147.06 40.80
v 220.41 -149.91 40.80
v 220.41 -149.91 50.41
v 215.11 -147.06 50.41
v 214.64 -147.20 50.41
v 218.47 -140.81 50.41
v 223.63 -142.13 54.80
v 224.66 -152.29 53.32
v 224.66 -152.29 53.32
v 223.63 -142.13 54.80
v 218.47 -140.81 50.41
v 214.64 -147.20 50.41
v 223.63 -142.13 54.80
v 224.66 -152.29 53.32
v 222.62 -147.07 59.02
v 216.26 -143.65 59.02
v 222.62 -147.07 59.02
v 214.64 -147.20 50.41
v 218.47 -140.81 50.41
v 216.26 -143.65 59.02
v 224.66 -152.29 53.32
v 214.64 -147.20 50.41
v 222.62 -147.07 59.02
v 223.63 -142.13 54.80
v 216.26 -143.65 59.02
v 218.47 -140.81 50.41
v 203.40 -140.58 40.80
v 206.62 -134.60 40.80
v 214.05 -138.60 40.80
v 210.83 -144.59 40.80
v 210.83 -144.59 49.41
v 214.05 -138.60 49.41
v 206.62 -134.60 49.41
v 203.40 -140.58 49.41
v 210.83 -144.59 40.80
v 214.05 -138.60 40.80
v 214.05 -138.60 49.41
v 210.83 -144.59 49.41
v 214.05 -138.60 49.41
v 206.62 -134.60 49.41
v 206.98 -134.15 54.80
v 214.12 -137.94 54.80
v 206.62 -134.60 49.41
v 203.40 -140.58 49.41
v 202.92 -140.73 52.74
v 206.98 -134.15 54.80
v 203.40 -140.58 49.41
v 210.97 -145.06 49.41
v 214.64 -147.20 50.41
v 202.92 -140.73 52.74
v 214.64 -147.20 50.41
v 214.12 -137.94 54.80
v 210.95 -136.86 59.06
v 206.83 -143.11 58.48
v 202.92 -140.73 52.74
v 206.83 -143.11 58.48
v 210.95 -136.86 59.06
v 206.98 -134.15 54.80
v 214.64 -147.20 50.41
v 206.83 -143.11 58.48
v 202.92 -140.73 52.74
v 217.65 -122.09 40.80
v 224.19 -124.59 40.80
v 224.19 -124.59 52.62
v 217.65 -122.09 52.62
v 227.71 -119.16 54.80
v 224.54 -125.36 52.62
v 226.23 -120.94 58.25
v 218.56 -118.01 58.25
v 226.23 -120.94 58.25
v 217.65 -122.09 52.62
v 220.60 -114.36 52.62
v 218.56 -118.01 58.25
v 224.54 -125.36 52.62
v 217.65 -122.09 52.62
v 226.23 -120.94 58.25
v 227.71 -119.16 54.80
v 218.56 -118.01 58.25
v 220.60 -114.36 52.62
v 250.58 -106.58 40.80
v 252.56 -98.54 40.80
v 259.79 -100.32 40.80
v 257.82 -108.36 40.80
v 257.82 -108.36 50.77
v 260.22 -100.06 50.77
v 252.56 -98.54 50.77
v 252.85 -108.95 50.23
v 260.52 -99.88 54.72
v 257.82 -108.36 50.77
v 259.39 -104.48 60.34
v 250.99 -102.42 60.34
v 259.39 -104.48 60.34
v 249.86 -107.02 54.72
v 252.56 -98.54 50.77
v 250.99 -102.42 60.34
v 257.82 -108.36 50.77
v 249.86 -107.02 54.72
v 259.39 -104.48 60.34
v 260.52 -99.88 54.72
v 250.99 -102.42 60.34
v 252.56 -98.54 50.77
v 238.90 -104.32 40.80
v 241.16 -95.12 40.80
v 247.13 -96.59 40.80
v 244.87 -105.79 40.80
v 226.23 -100.78 40.80
v 233.38 -102.54 40.80
v 233.38 -102.54 54.26
v 226.23 -100.78 54.26
v 238.53 -90.48 54.80
v 233.38 -102.54 54.26
v 232.98 -97.11 60.03
v 226.68 -96.44 60.14
v 232.98 -97.11 60.03
v 226.23 -100.78 54.26
v 229.33 -94.95 54.80
v 226.68 -96.44 60.14
v 233.38 -102.54 54.26
v 226.23 -100.78 54.26
v 232.98 -97.11 60.03
v 238.53 -90.48 54.80
v 226.68 -96.44 60.14
v 229.33 -94.95 54.80
v 257.99 -82.04 40.80
v 259.06 -73.15 40.80
v 265.58 -73.93 40.80
v 264.51 -82.83 40.80
v 264.51 -82.83 53.60
v 265.58 -73.93 53.60
v 259.06 -73.15 53.60
v 257.99 -82.04 53.60
v 264.51 -82.83 40.80
v 265.58 -73.93 40.80
v 265.58 -73.93 53.60
v 264.51 -82.83 53.60
v 265.58 -73.93 40.80
v 259.06 -73.15 40.80
v 259.06 -73.15 53.60
v 265.58 -73.93 53.60
v 259.06 -73.15 40.80
v 257.99 -82.04 40.80
v 257.99 -82.04 53.60
v 259.06 -73.15 53.60
v 257.99 -82.04 40.80
v 264.51 -82.83 40.80
v 264.51 -82.83 53.60
v 257.99 -82.04 53.60
v 265.58 -73.93 53.60
v 265.04 -83.50 53.60
v 265.64 -78.45 59.69
v 257.93 -77.52 59.69
v 252.58 -80.69 53.20
v 253.48 -73.18 53.20
v 245.88 -72.26 53.20
v 242.72 -75.68 54.80
v 252.58 -80.69 40.80
v 253.48 -73.18 40.80
v 253.48 -73.18 53.20
v 252.58 -80.69 53.20
v 253.48 -73.18 40.80
v 245.88 -72.26 40.80
v 245.88 -72.26 53.20
v 253.48 -73.18 53.20
v 245.88 -72.26 40.80
v 244.97 -79.77 40.80
v 242.72 -75.68 54.80
v 245.88 -72.26 53.20
v 244.97 -79.77 40.80
v 252.58 -80.69 40.80
v 252.58 -80.69 53.20
v 242.72 -75.68 54.80
v 252.58 -80.69 53.20
v 253.48 -73.18 53.20
v 249.75 -72.12 58.41
v 248.70 -80.82 58.41
v 281.56 -46.00 30.00
v 279.41 -48.01 34.00
v 279.41 -48.01 58.00
v 284.11 -49.53 58.00
v 279.41 -48.01 34.00
v 276.51 -52.00 34.00
v 277.31 -52.00 57.00
v 279.41 -48.01 58.00
v 276.51 -52.00 34.00
v 279.41 -55.99 34.00
v 279.41 -55.99 58.00
v 277.31 -52.00 57.00
v 279.41 -55.99 34.00
v 282.01 -55.99 34.00
v 282.01 -55.99 58.00
v 279.41 -55.99 58.00
v 282.01 -55.99 34.00
v 280.71 -52.00 30.00
v 280.71 -52.00 57.00
v 282.01 -55.99 58.00
v 280.71 -52.00 57.00
v 284.11 -49.53 58.00
v 279.41 -48.01 58.00
v 277.31 -52.00 57.00
v 279.41 -55.99 58.00
v 282.01 -55.99 58.00
v 282.01 -55.99 58.00
v 285.30 -55.33 58.00
v 280.71 -52.00 64.00
v 285.30 -55.33 58.00
v 286.38 -52.00 58.00
v 280.71 -52.00 64.00
v 200.35 93.14 34.00
v 199.55 95.61 34.00
v 195.97 95.34 57.00
v 200.35 93.14 58.00
v 199.55 95.61 34.00
v 194.85 97.14 34.00
v 194.85 97.14 58.00
v 195.97 95.34 57.00
v 194.85 97.14 34.00
v 191.95 93.14 34.00
v 193.70 90.78 57.00
v 194.85 97.14 58.00
v 191.95 93.14 34.00
v 194.85 89.15 34.00
v 190.87 86.45 55.80
v 193.70 90.78 57.00
v 198.23 87.52 56.00
v 200.74 89.81 58.00
v 196.15 93.14 64.00
v 200.74 89.81 58.00
v 200.35 93.14 58.00
v 196.15 93.14 64.00
v 271.56 -106.44 34.00
v 270.76 -103.97 34.00
v 270.76 -103.97 58.00
v 271.56 -106.44 58.00
v 270.76 -103.97 34.00
v 266.30 -104.92 30.00
v 266.41 -104.46 57.00
v 270.76 -103.97 58.00
v 266.30 -104.92 30.00
v 263.96 -103.97 34.00
v 263.96 -103.97 58.00
v 266.41 -104.46 57.00
v 263.96 -103.97 34.00
v 263.16 -106.44 34.00
v 264.06 -105.63 57.00
v 263.96 -103.97 58.00
v 263.16 -106.44 34.00
v 266.06 -110.44 34.00
v 266.06 -110.44 58.00
v 264.06 -105.63 57.00
v 266.06 -110.44 34.00
v 271.56 -106.44 34.00
v 271.56 -106.44 58.00
v 266.06 -110.44 58.00
v 271.56 -106.44 58.00
v 270.76 -103.97 58.00
v 266.41 -104.46 57.00
v 263.96 -103.97 58.00
v 264.06 -105.63 57.00
v 266.06 -110.44 58.00
v 271.56 -106.44 58.00
v 270.76 -103.97 58.00
v 267.36 -106.44 64.00
v 270.76 -103.97 58.00
v 266.41 -104.46 57.00
v 267.36 -106.44 64.00
v 266.41 -104.46 57.00
v 263.96 -103.97 58.00
v 267.36 -106.44 64.00
v 257.13 -42.65 41.78
v 250.04 -46.00 46.33
v 250.64 -42.65 41.78
v 255.23 -49.67 33.44
v 253.03 -49.67 33.44
v 253.03 -49.67 35.27
v 255.23 -49.67 35.27
v 253.03 -49.67 33.44
v 255.23 -49.67 33.44
v 255.23 -49.67 35.27
v 253.03 -49.67 35.27
v 236.22 -49.50 28.80
v 236.22 -42.50 28.80
v 243.87 -42.50 28.80
v 243.87 -49.50 28.80
v 243.87 -49.50 38.76
v 243.87 -42.50 38.76
v 236.22 -42.50 38.76
v 236.22 -49.50 38.76
v 243.87 -49.50 28.80
v 243.87 -42.50 28.80
v 243.87 -42.50 38.76
v 243.87 -49.50 38.76
v 262.02 -13.86 39.46
v 254.11 -14.82 39.46
v 253.72 -14.52 43.72
v 262.32 -13.47 43.72
v 254.11 -14.82 39.46
v 254.73 -22.73 39.46
v 254.68 -22.95 40.80
v 253.72 -14.52 43.72
v 254.73 -22.73 39.46
v 262.94 -21.37 39.46
v 261.69 -22.11 40.80
v 254.68 -22.95 40.80
v 261.69 -22.11 40.80
v 262.32 -13.47 43.72
v 257.99 -13.74 49.14
v 259.06 -22.45 49.14
v 254.68 -22.95 40.80
v 259.06 -22.45 49.14
v 257.99 -13.74 49.14
v 253.72 -14.52 43.72
v 261.69 -22.11 40.80
v 259.06 -22.45 49.14
v 254.68 -22.95 40.80
v 248.69 -24.13 40.80
v 248.02 -14.93 41.38
v 239.72 -15.95 41.38
v 241.50 -25.00 40.80
v 248.70 -23.39 37.85
v 248.02 -14.93 37.85
v 248.02 -14.93 41.38
v 248.69 -24.13 40.80
v 248.02 -14.93 37.85
v 239.72 -15.95 37.85
v 239.72 -15.95 41.38
v 248.02 -14.93 41.38
v 239.72 -15.95 37.85
v 241.09 -24.32 37.85
v 241.50 -25.00 40.80
v 239.72 -15.95 41.38
v 241.09 -24.32 37.85
v 248.70 -23.39 37.85
v 248.69 -24.13 40.80
v 241.50 -25.00 40.80
v 248.02 -14.93 41.38
v 248.69 -24.13 40.80
v 248.80 -19.29 46.91
v 241.50 -25.00 49.09
v 272.47 18.37 39.26
v 275.04 10.57 39.26
v 273.97 14.83 44.43
v 266.75 13.03 44.43
v 273.97 14.83 44.43
v 268.25 9.49 39.26
v 266.41 16.86 39.26
v 266.75 13.03 44.43
v 275.04 10.57 39.26
v 268.25 9.49 39.26
v 273.97 14.83 44.43
v 272.47 18.37 39.26
v 266.75 13.03 44.43
v 266.41 16.86 39.26
v 253.56 5.47 28.80
v 251.55 13.52 28.80
v 259.18 15.42 28.80
v 261.19 7.37 28.80
v 261.19 7.37 38.35
v 259.18 15.42 38.35
v 251.55 13.52 38.35
v 253.56 5.47 38.35
v 245.91 1.88 40.80
v 238.59 0.08 40.80
v 246.91 8.09 46.74
v 245.18 12.54 40.29
v 237.86 5.83 46.74
v 237.29 10.58 40.29
v 256.08 37.55 28.80
v 253.30 44.73 28.80
v 259.08 46.97 28.80
v 261.87 39.79 28.80
v 261.87 39.79 37.39
v 259.08 46.97 37.39
v 253.30 44.73 37.39
v 256.08 37.55 37.39
v 261.87 39.79 28.80
v 259.08 46.97 28.80
v 259.08 46.97 37.39
v 261.87 39.79 37.39
v 259.08 46.97 28.80
v 253.30 44.73 28.80
v 253.30 44.73 37.39
v 259.08 46.97 37.39
v 260.54 43.12 37.39
v 259.11 43.74 37.39
v 259.11 43.74 40.59
v 261.03 43.60 42.63
v 259.11 43.74 37.39
v 260.54 43.12 37.39
v 261.03 43.60 42.63
v 259.11 43.74 40.59
v 242.13 32.48 28.80
v 239.58 39.07 28.80
v 246.54 41.77 28.80
v 249.09 35.18 28.80
v 249.09 35.18 36.97
v 246.54 41.77 36.97
v 239.58 39.07 36.97
v 242.13 32.48 36.97
v 249.09 35.18 28.80
v 246.54 41.77 28.80
v 246.54 41.77 36.97
v 249.09 35.18 36.97
v 246.54 41.77 28.80
v 239.58 39.07 28.80
v 239.58 39.07 36.97
v 246.54 41.77 36.97
v 230.44 28.33 34.94
v 229.60 29.15 34.94
v 229.60 29.15 38.28
v 230.44 28.33 38.28
v 229.60 29.15 34.94
v 230.44 28.33 34.94
v 230.44 28.33 38.28
v 229.60 29.15 38.28
v 234.42 60.29 28.80
v 229.99 68.42 28.80
v 237.39 72.46 28.80
v 241.83 64.33 28.80
v 241.83 64.33 38.05
v 237.39 72.46 38.05
v 226.60 68.14 38.00
v 234.42 60.29 38.05
v 241.83 64.33 28.80
v 237.39 72.46 28.80
v 237.39 72.46 38.05
v 241.83 64.33 38.05
v 237.39 72.46 28.80
v 229.99 68.42 28.80
v 226.60 68.14 38.00
v 237.39 72.46 38.05
v 226.60 68.14 38.00
v 234.28 59.81 38.05
v 234.28 59.81 41.68
v 229.51 68.56 41.68
v 234.28 59.81 38.05
v 241.83 64.33 38.05
v 242.30 64.19 41.68
v 234.28 59.81 41.68
v 237.53 72.94 41.68
v 242.30 64.19 41.68
v 240.14 68.68 47.97
v 231.68 64.07 47.97
v 240.14 68.68 47.97
v 234.28 59.81 41.68
v 229.51 68.56 41.68
v 231.68 64.07 47.97
v 242.30 64.19 41.68
v 234.28 59.81 41.68
v 240.14 68.68 47.97
v 237.53 72.94 41.68
v 231.68 64.07 47.97
v 229.51 68.56 41.68
v 210.99 49.37 32.49
v 209.83 50.47 32.49
v 210.26 50.71 32.49
v 210.99 49.37 32.49
v 210.26 50.71 32.49
v 209.83 50.47 32.49
v 210.99 49.37 32.49
v 209.83 50.47 32.49
v 210.26 50.71 32.49
v 210.99 47.73 37.05
v 210.26 50.71 35.16
v 209.83 50.47 35.16
v 210.99 49.37 32.49
v 210.26 50.71 32.49
v 210.26 50.71 35.16
v 210.99 47.73 37.05
v 210.26 50.71 32.49
v 209.83 50.47 32.49
v 209.83 50.47 35.16
v 210.26 50.71 35.16
v 209.83 50.47 32.49
v 210.99 49.37 32.49
v 210.99 47.73 37.05
v 209.83 50.47 35.16
v 210.99 49.37 32.49
v 210.26 50.71 32.49
v 210.26 50.71 35.16
v 210.99 47.73 37.05
v 210.26 50.71 32.49
v 210.99 49.37 32.49
v 210.99 47.73 37.05
v 210.26 50.71 35.16
v 210.26 50.71 35.16
v 212.89 58.86 37.05
v 217.13 51.09 37.05
v 215.18 54.33 40.25
v 214.66 55.29 40.25
v 213.69 54.76 40.25
v 217.13 51.09 37.05
v 212.89 58.86 37.05
v 214.66 55.29 40.25
v 215.18 54.33 40.25
v 193.68 70.14 28.80
v 189.57 75.73 28.80
v 189.57 75.73 38.56
v 193.68 70.14 38.56
v 189.57 75.73 28.80
v 184.73 72.16 28.80
v 184.73 72.16 38.56
v 189.57 75.73 38.56
v 184.73 72.16 28.80
v 188.84 66.58 28.80
v 188.84 66.58 38.56
v 184.73 72.16 38.56
v 188.84 66.58 28.80
v 193.68 70.14 28.80
v 193.68 70.14 38.56
v 188.84 66.58 38.56
v 189.57 75.73 38.56
v 193.68 70.14 38.56
v 192.11 73.29 43.28
v 186.30 69.01 43.28
v 192.11 73.29 43.28
v 188.84 66.58 38.56
v 184.73 72.16 38.56
v 186.30 69.01 43.28
v 193.68 70.14 38.56
v 188.84 66.58 38.56
v 192.11 73.29 43.28
v 189.57 75.73 38.56
v 186.30 69.01 43.28
v 184.73 72.16 38.56
v 183.73 100.09 28.80
v 179.16 104.75 28.80
v 184.37 109.86 28.80
v 188.94 105.20 28.80
v 188.94 105.20 40.70
v 184.37 109.86 40.70
v 179.16 104.75 40.70
v 183.73 100.09 40.70
v 188.94 105.20 28.80
v 184.37 109.86 28.80
v 184.37 109.86 40.70
v 188.94 105.20 40.70
v 184.37 109.86 28.80
v 179.16 104.75 28.80
v 179.16 104.75 40.70
v 184.37 109.86 40.70
v 179.16 104.75 28.80
v 183.73 100.09 28.80
v 183.73 100.09 40.70
v 179.16 104.75 40.70
v 183.73 100.09 28.80
v 188.94 105.20 28.80
v 188.94 105.20 40.70
v 183.73 100.09 40.70
v 183.72 99.60 40.70
v 179.16 104.75 40.70
v 184.38 110.36 40.70
v 188.94 105.20 40.70
v 189.44 105.19 45.51
v 184.38 110.36 45.51
v 178.67 104.76 45.51
v 183.72 99.60 45.51
v 188.94 105.20 40.70
v 184.38 110.36 40.70
v 184.38 110.36 45.51
v 189.44 105.19 45.51
v 184.38 110.36 40.70
v 179.16 104.75 40.70
v 178.67 104.76 45.51
v 184.38 110.36 45.51
v 180.46 -199.17 47.02
v 177.00 -196.14 52.79
v 173.90 -192.75 47.02
v 186.17 -193.34 47.02
v 179.62 -186.91 47.02
v 183.06 -189.66 50.88
v 201.26 -176.12 28.80
v 205.17 -170.80 28.80
v 210.24 -174.53 28.80
v 206.33 -179.85 28.80
v 209.97 -175.35 40.80
v 210.24 -174.53 42.33
v 205.17 -170.80 42.33
v 201.26 -176.12 42.33
v 206.33 -179.85 28.80
v 210.24 -174.53 28.80
v 210.24 -174.53 42.33
v 209.97 -175.35 40.80
v 210.24 -174.53 28.80
v 205.17 -170.80 28.80
v 205.17 -170.80 42.33
v 210.24 -174.53 42.33
v 205.17 -170.80 28.80
v 201.26 -176.12 28.80
v 201.26 -176.12 42.33
v 205.17 -170.80 42.33
v 201.26 -176.12 28.80
v 206.33 -179.85 28.80
v 209.97 -175.35 40.80
v 201.26 -176.12 42.33
v 210.24 -174.53 42.33
v 206.46 -180.69 42.33
v 206.57 -179.24 47.31
v 202.73 -173.10 46.82
v 206.57 -179.24 47.31
v 201.26 -176.12 42.33
v 205.04 -169.96 42.33
v 202.73 -173.10 46.82
v 206.46 -180.69 42.33
v 201.26 -176.12 42.33
v 206.57 -179.24 47.31
v 210.24 -174.53 42.33
v 202.73 -173.10 46.82
v 205.04 -169.96 42.33
v 196.45 -172.53 38.80
v 193.23 -170.91 43.63
v 189.89 -168.45 38.80
v 200.31 -167.28 38.80
v 194.60 -163.07 38.80
v 197.81 -164.69 43.63
v 180.00 -162.09 28.80
v 185.46 -154.68 28.80
v 190.58 -158.45 28.80
v 185.13 -165.86 28.80
v 185.13 -165.86 42.37
v 191.95 -158.83 44.98
v 189.93 -151.15 40.80
v 180.00 -162.09 42.37
v 185.13 -165.86 28.80
v 190.58 -158.45 28.80
v 191.95 -158.83 44.98
v 185.13 -165.86 42.37
v 190.58 -158.45 28.80
v 185.46 -154.68 28.80
v 189.93 -151.15 40.80
v 191.95 -158.83 44.98
v 222.86 -156.19 28.80
v 227.01 -148.58 28.80
v 232.92 -151.80 28.80
v 228.77 -159.42 28.80
v 229.71 -156.78 42.40
v 234.18 -152.11 42.40
v 228.24 -146.38 40.80
v 222.86 -156.19 40.58
v 228.77 -159.42 28.80
v 232.92 -151.80 28.80
v 234.18 -152.11 42.40
v 229.71 -156.78 42.40
v 232.92 -151.80 28.80
v 227.01 -148.58 28.80
v 228.24 -146.38 40.80
v 234.18 -152.11 42.40
v 227.01 -148.58 28.80
v 222.86 -156.19 28.80
v 222.86 -156.19 40.58
v 228.24 -146.38 40.80
v 222.86 -156.19 28.80
v 228.77 -159.42 28.80
v 229.71 -156.78 42.40
v 222.86 -156.19 40.58
v 222.86 -156.19 40.58
v 228.24 -146.38 40.80
v 234.18 -152.11 42.40
v 229.71 -156.78 42.40
v 229.84 -157.53 46.00
v 233.69 -150.86 46.00
v 228.24 -146.38 49.80
v 222.38 -156.33 45.33
v 229.71 -156.78 42.40
v 234.18 -152.11 42.40
v 233.69 -150.86 46.00
v 229.84 -157.53 46.00
v 234.18 -152.11 42.40
v 228.24 -146.38 40.80
v 228.24 -146.38 49.80
v 233.69 -150.86 46.00
v 228.24 -146.38 40.80
v 222.86 -156.19 40.58
v 222.38 -156.33 45.33
v 228.24 -146.38 49.80
v 222.86 -156.19 40.58
v 229.71 -156.78 42.40
v 229.84 -157.53 46.00
v 222.38 -156.33 45.33
v 206.00 -146.54 40.83
v 214.05 -138.60 40.80
v 214.05 -138.60 49.41
v 206.14 -147.01 45.70
v 214.05 -138.60 40.80
v 203.71 -136.32 40.83
v 203.57 -135.84 45.70
v 214.05 -138.60 49.41
v 203.71 -136.32 40.83
v 199.94 -143.22 40.83
v 199.46 -143.37 45.70
v 203.57 -135.84 45.70
v 199.94 -143.22 40.83
v 206.00 -146.54 40.83
v 206.14 -147.01 45.70
v 199.46 -143.37 45.70
v 214.05 -138.60 49.41
v 206.14 -147.01 45.70
v 207.56 -144.30 50.11
v 201.29 -139.48 51.05
v 207.56 -144.30 50.11
v 199.46 -143.37 45.70
v 203.57 -135.84 45.70
v 201.29 -139.48 51.05
v 206.14 -147.01 45.70
v 199.46 -143.37 45.70
v 207.56 -144.30 50.11
v 214.05 -138.60 49.41
v 201.29 -139.48 51.05
v 203.57 -135.84 45.70
v 203.42 -145.46 34.22
v 204.06 -144.29 34.22
v 204.06 -144.29 36.84
v 203.42 -145.46 36.84
v 204.06 -144.29 34.22
v 203.42 -145.46 34.22
v 203.42 -145.46 36.84
v 204.06 -144.29 36.84
v 206.08 -145.46 34.22
v 206.72 -144.29 34.22
v 206.72 -144.29 36.84
v 206.08 -145.46 36.84
v 206.72 -144.29 34.22
v 206.08 -145.46 34.22
v 206.08 -145.46 36.84
v 206.72 -144.29 36.84
v 203.42 -145.46 36.84
v 204.06 -144.29 36.84
v 203.40 -140.58 40.80
v 203.42 -145.46 42.08
v 204.06 -144.29 36.84
v 203.42 -145.46 36.84
v 203.42 -145.46 42.08
v 203.40 -140.58 40.80
v 206.08 -145.46 36.84
v 206.72 -144.29 36.84
v 206.72 -144.29 42.08
v 206.00 -146.54 40.83
v 206.72 -144.29 36.84
v 206.08 -145.46 36.84
v 206.00 -146.54 40.83
v 206.72 -144.29 42.08
v 238.98 -131.46 28.80
v 241.95 -123.79 28.80
v 248.13 -126.19 28.80
v 245.16 -133.85 28.80
v 245.16 -133.85 38.57
v 248.13 -126.19 38.57
v 241.95 -123.79 38.57
v 238.98 -131.46 38.57
v 235.73 -120.78 39.27
v 232.70 -130.25 39.27
v 232.45 -128.14 46.23
v 227.66 -122.66 45.61
v 232.45 -128.14 46.23
v 226.53 -127.22 39.27
v 229.90 -118.52 39.27
v 227.66 -122.66 45.61
v 232.70 -130.25 39.27
v 226.53 -127.22 39.27
v 232.45 -128.14 46.23
v 235.73 -120.78 39.27
v 227.66 -122.66 45.61
v 229.90 -118.52 39.27
v 214.16 -122.05 28.80
v 217.28 -114.00 28.80
v 223.24 -116.31 28.80
v 220.11 -124.36 28.80
v 224.19 -124.59 40.80
v 223.24 -116.31 40.01
v 217.28 -114.00 40.01
v 214.16 -122.05 40.01
v 220.11 -124.36 28.80
v 223.24 -116.31 28.80
v 223.24 -116.31 40.01
v 224.19 -124.59 40.80
v 223.24 -116.31 28.80
v 217.28 -114.00 28.80
v 217.28 -114.00 40.01
v 223.24 -116.31 40.01
v 217.28 -114.00 28.80
v 214.16 -122.05 28.80
v 214.16 -122.05 40.01
v 217.28 -114.00 40.01
v 214.16 -122.05 28.80
v 220.11 -124.36 28.80
v 224.19 -124.59 40.80
v 214.16 -122.05 40.01
v 223.24 -116.31 40.01
v 220.46 -125.14 40.01
v 220.96 -123.60 45.20
v 215.16 -117.81 45.89
v 220.96 -123.60 45.20
v 214.16 -122.05 40.01
v 217.28 -114.00 40.01
v 215.16 -117.81 45.89
v 220.46 -125.14 40.01
v 214.16 -122.05 40.01
v 220.96 -123.60 45.20
v 223.24 -116.31 40.01
v 215.16 -117.81 45.89
v 217.28 -114.00 40.01
v 249.15 -104.01 28.80
v 250.73 -97.67 28.80
v 257.46 -99.35 28.80
v 255.88 -105.69 28.80
v 257.82 -108.36 40.80
v 255.67 -98.00 42.00
v 252.56 -98.54 40.80
v 249.15 -104.01 42.76
v 255.88 -105.69 28.80
v 257.46 -99.35 28.80
v 255.67 -98.00 42.00
v 257.82 -108.36 40.80
v 257.46 -99.35 28.80
v 250.73 -97.67 28.80
v 252.56 -98.54 40.80
v 255.67 -98.00 42.00
v 250.73 -97.67 28.80
v 249.15 -104.01 28.80
v 249.15 -104.01 42.76
v 252.56 -98.54 40.80
v 249.15 -104.01 28.80
v 255.88 -105.69 28.80
v 257.82 -108.36 40.80
v 249.15 -104.01 42.76
v 249.15 -104.01 42.76
v 252.56 -98.54 40.80
v 255.67 -98.00 42.00
v 257.82 -108.36 40.80
v 256.67 -107.79 45.62
v 259.87 -98.00 48.00
v 252.28 -95.53 48.00
v 245.10 -102.66 45.71
v 257.82 -108.36 40.80
v 255.67 -98.00 42.00
v 259.87 -98.00 48.00
v 256.67 -107.79 45.62
v 255.67 -98.00 42.00
v 252.56 -98.54 40.80
v 252.28 -95.53 48.00
v 259.87 -98.00 48.00
v 229.69 -99.32 28.80
v 231.34 -92.68 28.80
v 231.34 -92.68 43.28
v 229.69 -99.32 43.28
v 231.34 -92.68 28.80
v 224.93 -91.08 28.80
v 224.93 -91.08 43.28
v 231.34 -92.68 43.28
v 224.93 -91.08 28.80
v 223.28 -97.72 28.80
v 223.28 -97.72 43.28
v 224.93 -91.08 43.28
v 223.28 -97.72 28.80
v 229.69 -99.32 28.80
v 229.69 -99.32 43.28
v 223.28 -97.72 43.28
v 223.28 -97.72 43.28
v 224.93 -91.08 43.28
v 231.34 -92.68 43.28
v 229.69 -99.32 43.28
v 229.94 -99.74 49.25
v 231.77 -92.42 49.25
v 224.68 -90.66 49.25
v 222.85 -97.97 49.25
v 232.39 -101.80 45.53
v 222.85 -97.97 49.25
v 231.10 -96.14 53.91
v 231.77 -92.42 49.25
v 223.52 -94.25 53.91
v 224.68 -90.66 49.25
v 257.20 -77.05 28.80
v 258.00 -70.53 28.80
v 263.98 -71.25 28.80
v 263.18 -77.78 28.80
v 263.18 -77.78 39.77
v 263.98 -71.25 39.77
v 258.00 -70.53 39.77
v 257.20 -77.05 39.77
v 263.18 -77.78 28.80
v 263.98 -71.25 28.80
v 263.98 -71.25 39.77
v 263.18 -77.78 39.77
v 263.98 -71.25 28.80
v 258.00 -70.53 28.80
v 258.00 -70.53 39.77
v 263.98 -71.25 39.77
v 232.54 -75.49 32.56
v 232.70 -74.13 32.56
v 232.70 -74.13 35.46
v 232.54 -75.49 35.46
v 232.70 -74.13 32.56
v 232.54 -75.49 32.56
v 232.54 -75.49 35.46
v 232.70 -74.13 35.46
v 232.54 -75.49 32.56
v 232.70 -74.13 32.56
v 235.45 -74.13 32.56
v 235.28 -75.49 32.56
v 237.26 -75.36 37.42
v 235.45 -74.13 35.46
v 232.70 -74.13 35.46
v 232.54 -75.49 35.46
v 235.28 -75.49 32.56
v 235.45 -74.13 32.56
v 235.45 -74.13 35.46
v 237.26 -75.36 37.42
v 235.45 -74.13 32.56
v 232.70 -74.13 32.56
v 232.70 -74.13 35.46
v 235.45 -74.13 35.46
v 232.70 -74.13 32.56
v 232.54 -75.49 32.56
v 232.54 -75.49 35.46
v 232.70 -74.13 35.46
v 232.54 -75.49 32.56
v 235.28 -75.49 32.56
v 237.26 -75.36 37.42
v 232.54 -75.49 35.46
v 235.45 -74.13 35.46
v 238.23 -67.37 37.42
v 236.68 -69.04 40.62
v 238.34 -71.44 42.90
v 238.23 -67.37 37.42
v 235.45 -74.13 35.46
v 238.34 -71.44 42.90
v 236.68 -69.04 40.62
v 285.76 -46.00 22.00
v 284.95 -43.53 22.00
v 281.00 -44.50 46.00
v 285.23 -45.32 48.00
v 284.95 -43.53 22.00
v 278.16 -43.53 22.00
v 275.37 -41.25 46.00
v 281.00 -44.50 46.00
v 188.82 113.76 46.00
v 191.72 109.77 46.00
v 193.02 113.76 52.00
v 191.72 109.77 46.00
v 197.22 113.76 46.00
v 193.02 113.76 52.00
v 270.50 -104.92 22.00
v 266.30 -104.92 22.00
v 269.70 -102.45 46.00
v 270.50 -104.92 46.00
v 266.30 -104.92 22.00
v 262.90 -102.45 22.00
v 262.90 -102.45 46.00
v 269.70 -102.45 46.00
v 262.90 -102.45 22.00
v 262.90 -107.39 22.00
v 262.90 -107.39 46.00
v 262.90 -102.45 46.00
v 262.90 -107.39 22.00
v 265.00 -108.92 22.00
v 265.00 -108.92 46.00
v 262.90 -107.39 46.00
v 265.00 -108.92 22.00
v 270.50 -104.92 22.00
v 270.50 -104.92 46.00
v 265.00 -108.92 46.00
v 270.50 -104.92 46.00
v 269.70 -102.45 46.00
v 262.90 -102.45 46.00
v 262.90 -107.39 46.00
v 265.00 -108.92 46.00
v 270.50 -104.92 46.00
v 268.05 -99.53 46.00
v 266.30 -104.92 52.00
v 268.05 -99.53 46.00
v 264.55 -99.53 46.00
v 266.30 -104.92 52.00
v 264.55 -99.53 46.00
v 262.90 -102.45 46.00
v 266.30 -104.92 52.00
v 262.90 -102.45 46.00
v 262.90 -107.39 46.00
v 266.30 -104.92 52.00
v 262.90 -107.39 46.00
v 264.55 -110.31 46.00
v 266.30 -104.92 52.00
v 264.55 -110.31 46.00
v 268.05 -110.31 46.00
v 266.30 -104.92 52.00
v 268.05 -110.31 46.00
v 270.89 -108.25 46.00
v 266.30 -104.92 52.00
v 270.89 -108.25 46.00
v 270.50 -104.92 46.00
v 266.30 -104.92 52.00
v 200.01 -153.83 42.00
v 200.58 -157.93 42.00
v 198.69 -158.13 40.80
v 200.01 -153.83 42.00
v 198.69 -158.13 40.80
v 200.58 -157.93 42.00
v 200.58 -157.93 42.00
v 198.69 -158.13 40.80
v 199.93 -153.99 42.24
v 199.93 -153.99 42.24
v 198.69 -158.13 40.80
v 200.58 -157.93 42.00
v 200.58 -157.93 42.00
v 198.69 -158.13 40.80
v 199.93 -153.99 42.24
v 199.93 -153.99 42.24
v 198.69 -158.13 40.80
v 200.58 -157.93 42.00
v 200.58 -157.93 42.00
v 198.69 -158.13 40.80
v 199.93 -153.99 42.24
v 199.93 -153.99 42.24
v 198.69 -158.13 40.80
v 200.58 -157.93 42.00
v 201.18 -156.79 45.14
v 199.45 -160.08 45.38
v 198.69 -158.13 48.79
v 198.69 -158.13 48.79
v 199.45 -160.08 45.38
v 201.18 -156.79 45.14
v 201.18 -156.79 45.14
v 199.45 -160.08 45.38
v 198.69 -158.13 48.79
v 198.69 -158.13 48.79
v 199.45 -160.08 45.38
v 201.18 -156.79 45.14
v 201.18 -156.79 45.14
v 199.45 -160.08 45.38
v 198.69 -158.13 48.79
v 198.69 -158.13 48.79
v 199.45 -160.08 45.38
v 201.18 -156.79 45.14
v 201.18 -156.79 45.14
v 199.45 -160.08 45.38
v 198.69 -158.13 48.79
v 198.69 -158.13 48.79
v 199.45 -160.08 45.38
v 201.18 -156.79 45.14
v 198.69 -158.13 48.79
v 199.45 -160.08 45.38
v 195.97 -160.85 53.96
v 197.36 -158.90 50.21
v 199.45 -160.08 45.38
v 198.69 -158.13 48.79
v 197.36 -158.90 50.21
v 195.97 -160.85 53.96
v 195.97 -160.85 53.96
v 196.80 -165.15 53.34
v 195.00 -163.42 52.38
v 195.97 -160.85 53.96
v 195.00 -163.42 52.38
v 196.80 -165.15 53.34
v 195.97 -160.85 53.96
v 196.80 -165.15 53.34
v 195.00 -163.42 52.38
v 195.97 -160.85 53.96
v 195.00 -163.42 52.38
v 196.80 -165.15 53.34
v 195.97 -160.85 53.96
v 196.80 -165.15 53.34
v 195.00 -163.42 52.38
v 195.97 -160.85 53.96
v 195.00 -163.42 52.38
v 196.80 -165.15 53.34
v 195.97 -160.85 53.96
v 196.80 -165.15 53.34
v 195.00 -163.42 52.38
v 195.97 -160.85 53.96
v 195.00 -163.42 52.38
v 196.80 -165.15 53.34
v 264.19 -38.85 22.00
v 259.76 -39.41 22.00
v 263.16 -41.02 22.00
v 263.16 -41.02 22.00
v 259.76 -39.41 22.00
v 264.19 -38.85 22.00
v 264.19 -38.85 22.00
v 259.76 -39.41 22.00
v 263.16 -41.02 22.00
v 259.76 -39.41 22.00
v 254.76 -37.03 24.42
v 255.79 -34.86 24.42
v 259.76 -39.41 22.00
v 255.79 -34.86 24.42
v 254.76 -37.03 24.42
v 259.76 -39.41 22.00
v 254.76 -37.03 24.42
v 255.79 -34.86 24.42
v 258.18 -36.00 25.15
v 253.76 -36.55 25.15
v 254.79 -34.38 25.15
v 258.18 -36.00 25.15
v 254.79 -34.38 25.15
v 253.76 -36.55 25.15
v 258.18 -36.00 25.15
v 253.76 -36.55 25.15
v 254.79 -34.38 25.15
v 258.18 -36.00 25.15
v 254.79 -34.38 25.15
v 253.76 -36.55 25.15
v 258.18 -36.00 25.15
v 253.76 -36.55 25.15
v 254.79 -34.38 25.15
v 258.18 -36.00 25.15
v 254.79 -34.38 25.15
v 253.76 -36.55 25.15
v 258.18 -36.00 25.15
v 253.76 -36.55 25.15
v 254.79 -34.38 25.15
v 258.18 -36.00 25.15
v 254.79 -34.38 25.15
v 253.76 -36.55 25.15
v 253.76 -36.55 25.15
v 254.79 -34.38 25.15
v 255.68 -34.81 26.12
v 255.68 -34.81 26.12
v 254.79 -34.38 25.15
v 253.76 -36.55 25.15
v 253.76 -36.55 25.15
v 254.79 -34.38 25.15
v 255.68 -34.81 26.12
v 255.68 -34.81 26.12
v 254.79 -34.38 25.15
v 253.76 -36.55 25.15
v 190.66 -86.90 59.60
v 195.75 -86.90 59.60
v 193.20 -84.36 66.50
v 195.75 -86.90 59.60
v 196.80 -84.36 59.60
v 193.20 -84.36 66.50
v 205.51 -45.21 42.00
v 205.21 -44.70 42.00
v 205.21 -44.70 46.50
v 205.51 -45.21 46.50
v 205.21 -44.70 42.00
v 204.61 -44.70 42.00
v 204.61 -44.70 46.50
v 205.21 -44.70 46.50
v 204.61 -44.70 42.00
v 204.31 -45.21 42.00
v 204.31 -45.21 46.50
v 204.61 -44.70 46.50
v 204.31 -45.21 42.00
v 205.51 -45.21 42.00
v 205.51 -45.21 46.50
v 204.31 -45.21 46.50
v 205.51 -45.21 46.50
v 205.21 -44.70 46.50
v 204.61 -44.70 46.50
v 204.31 -45.21 46.50
v 205.51 -45.21 46.50
v 205.21 -44.70 46.50
v 204.91 -45.21 52.50
v 205.21 -44.70 46.50
v 204.61 -44.70 46.50
v 204.91 -45.21 52.50
v 204.61 -44.70 46.50
v 204.31 -45.21 46.50
v 204.91 -45.21 52.50
v 204.31 -45.21 46.50
v 205.51 -45.21 46.50
v 204.91 -45.21 52.50
v 196.00 -240.00 -3.00
v 196.00 -192.00 -3.00
v 196.00 -192.00 22.00
v 196.00 -240.00 22.00
v 175.00 -258.00 30.00
v 175.00 -236.00 30.00
v 175.60 -247.00 36.40
v 178.00 -198.00 0.50
v 178.00 -188.00 0.50
v 178.00 -188.00 6.20
v 178.00 -198.00 6.20
v 189.50 -256.00 0.00
v 188.93 -253.13 0.00
v 188.93 -253.13 42.00
v 189.50 -256.00 42.00
v 188.93 -253.13 0.00
v 184.87 -249.07 0.00
v 184.87 -249.07 42.00
v 188.93 -253.13 42.00
v 184.87 -249.07 0.00
v 179.13 -249.07 0.00
v 179.13 -249.07 42.00
v 184.87 -249.07 42.00
v 179.13 -249.07 0.00
v 176.70 -250.70 0.00
v 176.70 -250.70 42.00
v 179.13 -249.07 42.00
v 179.90 -250.17 38.40
v 174.78 -253.36 38.40
v 174.78 -253.36 40.00
v 176.70 -250.70 42.00
v 174.78 -253.36 38.40
v 179.90 -250.17 38.40
v 176.70 -250.70 42.00
v 174.78 -253.36 40.00
v 175.85 -255.25 38.40
v 174.35 -255.25 38.40
v 174.50 -256.00 42.00
v 175.07 -258.87 42.00
v 174.35 -255.25 38.40
v 175.85 -255.25 38.40
v 175.07 -258.87 42.00
v 174.50 -256.00 42.00
v 175.85 -255.25 38.40
v 174.35 -255.25 38.40
v 174.50 -256.00 42.00
v 175.07 -258.87 42.00
v 174.35 -255.25 38.40
v 175.85 -255.25 38.40
v 175.07 -258.87 42.00
v 174.50 -256.00 42.00
v 221.50 -256.00 0.00
v 220.93 -253.13 0.00
v 220.93 -253.13 42.00
v 221.50 -256.00 42.00
v 220.93 -253.13 0.00
v 219.30 -250.70 0.00
v 219.30 -250.70 42.00
v 220.93 -253.13 42.00
v 219.30 -250.70 0.00
v 216.87 -249.07 0.00
v 216.87 -249.07 42.00
v 219.30 -250.70 42.00
v 216.87 -249.07 0.00
v 214.00 -248.50 0.00
v 214.00 -248.50 42.00
v 216.87 -249.07 42.00
v 214.00 -248.50 0.00
v 208.70 -250.70 0.00
v 208.70 -250.70 42.00
v 214.00 -248.50 42.00
v 208.70 -250.70 0.00
v 206.50 -256.00 0.00
v 206.50 -256.00 42.00
v 208.70 -250.70 42.00
v 219.30 -250.70 42.00
v 216.87 -249.07 42.00
v 214.00 -248.50 42.00
v 219.87 -254.01 38.40
v 218.18 -249.55 38.40
v 216.87 -249.07 42.00
v 219.30 -250.70 42.00
v 218.18 -249.55 38.40
v 214.97 -248.38 38.40
v 214.00 -248.50 42.00
v 216.87 -249.07 42.00
v 214.97 -248.38 38.40
v 219.87 -254.01 38.40
v 219.30 -250.70 42.00
v 214.00 -248.50 42.00
v 214.97 -248.38 38.40
v 211.90 -250.17 38.40
v 211.90 -250.17 40.00
v 214.00 -248.50 42.00
v 211.90 -250.17 38.40
v 214.97 -248.38 38.40
v 214.00 -248.50 42.00
v 211.90 -250.17 40.00
v 208.64 -250.49 38.40
v 209.82 -249.55 38.40
v 211.90 -250.17 38.40
v 211.90 -250.17 40.00
v 209.82 -249.55 40.00
v 208.70 -250.70 42.00
v 211.90 -250.17 38.40
v 209.82 -249.55 38.40
v 209.82 -249.55 40.00
v 211.90 -250.17 40.00
v 209.82 -249.55 38.40
v 208.64 -250.49 38.40
v 208.70 -250.70 42.00
v 209.82 -249.55 40.00
v 208.64 -250.49 38.40
v 211.90 -250.17 38.40
v 211.90 -250.17 40.00
v 208.70 -250.70 42.00
v 209.58 -260.34 38.40
v 210.75 -261.28 38.40
v 211.13 -262.93 42.00
v 208.70 -261.30 42.00
v 220.93 -253.13 42.00
v 220.72 -249.28 44.00
v 214.00 -256.00 66.00
v 220.72 -249.28 44.00
v 216.87 -249.07 42.00
v 214.00 -256.00 66.00
v 216.87 -249.07 42.00
v 214.00 -248.50 42.00
v 214.00 -256.00 66.00
v 214.00 -248.50 42.00
v 209.82 -249.55 40.00
v 214.00 -256.00 66.00
v 209.82 -249.55 40.00
v 208.70 -250.70 42.00
v 214.00 -256.00 66.00
v 208.70 -250.70 42.00
v 204.50 -256.00 44.00
v 214.00 -256.00 66.00
v 208.70 -261.30 0.00
v 208.00 -247.00 0.00
v 208.00 -247.00 34.00
v 208.00 -265.00 34.00
v 208.00 -247.00 0.00
v 188.00 -247.00 0.00
v 188.00 -247.00 34.00
v 208.00 -247.00 34.00
v 188.00 -247.00 0.00
v 187.30 -261.30 0.00
v 188.00 -265.00 34.00
v 188.00 -247.00 34.00
v 209.60 -250.25 -2.00
v 218.40 -250.25 -2.00
v 218.40 -261.75 -2.00
v 209.60 -261.75 -2.00
v 209.60 -261.75 11.60
v 218.40 -261.75 11.60
v 218.40 -250.25 11.60
v 209.60 -250.25 11.60
v 209.60 -261.75 -2.00
v 218.40 -261.75 -2.00
v 218.40 -261.75 11.60
v 209.60 -261.75 11.60
v 219.20 -257.40 -2.00
v 218.40 -250.25 -2.00
v 218.40 -250.25 11.60
v 219.20 -257.40 12.40
v 218.40 -250.25 -2.00
v 209.60 -250.25 -2.00
v 209.60 -250.25 11.60
v 218.40 -250.25 11.60
v 209.60 -250.25 -2.00
v 208.80 -257.40 -2.00
v 208.80 -257.40 12.40
v 209.60 -250.25 11.60
v 231.60 -250.25 -2.00
v 240.40 -250.25 -2.00
v 240.40 -261.75 -2.00
v 231.60 -261.75 -2.00
v 231.60 -261.75 11.60
v 240.40 -261.75 11.60
v 240.40 -250.25 11.60
v 231.60 -250.25 11.60
v 231.60 -261.75 -2.00
v 240.40 -261.75 -2.00
v 240.40 -261.75 11.60
v 231.60 -261.75 11.60
v 297.60 -261.75 11.60
v 306.40 -261.75 11.60
v 306.40 -250.25 11.60
v 297.60 -250.25 11.60
v 297.60 -261.75 -2.00
v 306.40 -261.75 -2.00
v 306.40 -261.75 11.60
v 297.60 -261.75 11.60
v 306.40 -261.75 -2.00
v 306.40 -250.25 -2.00
v 306.40 -250.25 11.60
v 306.40 -261.75 11.60
v 306.40 -250.25 -2.00
v 297.60 -250.25 -2.00
v 297.60 -250.25 11.60
v 306.40 -250.25 11.60
v 297.60 -250.25 -2.00
v 297.60 -261.75 -2.00
v 297.60 -261.75 11.60
v 297.60 -250.25 11.60
v 297.60 -250.25 -2.00
v 306.40 -250.25 -2.00
v 307.20 -257.40 -2.00
v 296.80 -257.40 -2.00
v 296.80 -257.40 12.40
v 307.20 -257.40 12.40
v 306.40 -250.25 11.60
v 297.60 -250.25 11.60
v 296.80 -257.40 -2.00
v 307.20 -257.40 -2.00
v 307.20 -257.40 12.40
v 296.80 -257.40 12.40
v 307.20 -257.40 -2.00
v 306.40 -250.25 -2.00
v 306.40 -250.25 11.60
v 307.20 -257.40 12.40
v 306.40 -250.25 -2.00
v 297.60 -250.25 -2.00
v 297.60 -250.25 11.60
v 306.40 -250.25 11.60
v 297.60 -250.25 -2.00
v 296.80 -257.40 -2.00
v 296.80 -257.40 12.40
v 297.60 -250.25 11.60
v 319.60 -250.25 -2.00
v 328.40 -250.25 -2.00
v 328.40 -261.75 -2.00
v 319.60 -261.75 -2.00
v 363.60 -250.25 -2.00
v 363.60 -261.75 -2.00
v 363.60 -261.75 11.60
v 363.60 -250.25 11.60
v 363.60 -250.25 -2.00
v 372.40 -250.25 -2.00
v 373.20 -257.40 -2.00
v 362.80 -257.40 -2.00
v 362.80 -257.40 12.40
v 373.20 -257.40 12.40
v 372.40 -250.25 11.60
v 363.60 -250.25 11.60
v 362.80 -257.40 -2.00
v 373.20 -257.40 -2.00
v 373.20 -257.40 12.40
v 362.80 -257.40 12.40
v 373.20 -257.40 -2.00
v 372.40 -250.25 -2.00
v 372.40 -250.25 11.60
v 373.20 -257.40 12.40
v 372.40 -250.25 -2.00
v 363.60 -250.25 -2.00
v 363.60 -250.25 11.60
v 372.40 -250.25 11.60
v 363.60 -250.25 -2.00
v 362.80 -257.40 -2.00
v 362.80 -257.40 12.40
v 363.60 -250.25 11.60
v 385.60 -250.25 -2.00
v 394.40 -250.25 -2.00
v 394.40 -261.75 -2.00
v 385.60 -261.75 -2.00
v 385.60 -261.75 11.60
v 394.40 -261.75 11.60
v 394.40 -250.25 11.60
v 385.60 -250.25 11.60
v 385.60 -261.75 -2.00
v 394.40 -261.75 -2.00
v 394.40 -261.75 11.60
v 385.60 -261.75 11.60
v 394.40 -261.75 -2.00
v 394.40 -250.25 -2.00
v 394.40 -250.25 11.60
v 394.40 -261.75 11.60
v 394.40 -250.25 -2.00
v 385.60 -250.25 -2.00
v 385.60 -250.25 11.60
v 394.40 -250.25 11.60
v 300.30 -250.25 11.60
v 301.30 -250.25 8.78
v 299.89 -250.25 8.78
v 299.89 -261.75 8.78
v 301.30 -261.75 8.78
v 298.25 -261.75 4.04
v 299.89 -250.25 8.78
v 301.30 -250.25 8.78
v 298.25 -250.25 4.04
v 283.75 -261.75 4.04
v 288.88 -261.75 1.70
v 283.29 -261.75 6.19
v 283.75 -250.25 4.04
v 288.88 -250.25 1.70
v 283.29 -250.25 6.19
v 323.30 -261.75 8.78
v 320.25 -261.75 4.04
v 318.85 -261.75 4.04
v 323.30 -250.25 8.78
v 320.25 -250.25 4.04
v 318.85 -250.25 4.04
v 309.55 -261.75 2.50
v 305.29 -261.75 6.19
v 301.30 -261.75 8.78
v 309.55 -250.25 2.50
v 305.29 -250.25 6.19
v 301.30 -250.25 8.78
v 341.60 -261.75 11.60
v 345.70 -261.75 11.60
v 345.30 -261.75 8.78
v 343.89 -261.75 8.78
v 341.60 -250.25 11.60
v 345.70 -250.25 11.60
v 345.30 -250.25 8.78
v 343.89 -250.25 8.78
v 323.30 -261.75 8.78
v 327.29 -261.75 6.19
v 328.40 -261.75 11.60
v 322.30 -261.75 11.60
v 323.30 -250.25 8.78
v 327.29 -250.25 6.19
v 328.40 -250.25 11.60
v 322.30 -250.25 11.60
v 364.71 -261.75 6.19
v 367.30 -261.75 8.78
v 364.25 -261.75 4.04
v 364.71 -250.25 6.19
v 367.30 -250.25 8.78
v 364.25 -250.25 4.04
v 349.75 -261.75 4.04
v 354.88 -261.75 1.70
v 345.30 -261.75 8.78
v 349.75 -250.25 4.04
v 354.88 -250.25 1.70
v 345.30 -250.25 8.78
v 389.30 -261.75 8.78
v 386.25 -261.75 4.04
v 384.85 -261.75 4.04
v 389.30 -250.25 8.78
v 386.25 -250.25 4.04
v 384.85 -250.25 4.04
v 374.15 -261.75 2.50
v 371.29 -261.75 6.19
v 367.30 -261.75 8.78
v 374.15 -250.25 2.50
v 371.29 -250.25 6.19
v 367.30 -250.25 8.78
v 367.30 -261.75 8.78
v 371.29 -261.75 6.19
v 366.30 -261.75 11.60
v 367.30 -250.25 8.78
v 371.29 -250.25 6.19
v 366.30 -250.25 11.60
v 214.40 -250.55 16.70
v 214.80 -249.75 19.60
v 214.80 -249.75 20.40
v 213.20 -251.35 20.40
v 389.20 -251.35 20.40
v 390.80 -251.35 20.40
v 390.80 -249.75 20.40
v 389.20 -249.75 20.40
v 389.80 -250.20 16.70
v 390.40 -250.55 16.70
v 390.80 -251.35 20.40
v 389.20 -251.35 20.40
v 390.40 -250.55 16.70
v 390.80 -249.75 19.60
v 390.80 -249.75 20.40
v 390.80 -251.35 20.40
v 390.80 -249.75 19.60
v 389.20 -249.75 19.60
v 389.20 -249.75 20.40
v 390.80 -249.75 20.40
v 389.20 -249.75 19.60
v 389.80 -250.20 16.70
v 389.20 -251.35 20.40
v 389.20 -249.75 20.40
v 251.50 -184.00 0.00
v 249.43 -179.70 0.00
v 249.43 -179.70 38.00
v 251.50 -184.00 38.00
v 241.04 -186.39 38.00
v 244.58 -190.24 38.00
v 244.58 -190.24 41.00
v 240.23 -186.78 41.00
v 244.58 -190.24 38.00
v 247.42 -190.24 38.00
v 247.42 -190.24 41.00
v 244.58 -190.24 41.00
v 247.42 -190.24 38.00
v 247.22 -189.36 38.00
v 249.99 -189.00 41.00
v 247.42 -190.24 41.00
v 247.22 -189.36 38.00
v 250.96 -186.39 38.00
v 251.77 -186.78 41.00
v 249.99 -189.00 41.00
v 250.96 -186.39 38.00
v 251.50 -184.00 38.00
v 252.40 -184.00 41.00
v 251.77 -186.78 41.00
v 252.40 -184.00 41.00
v 249.33 -176.82 42.00
v 244.58 -177.76 41.00
v 240.23 -181.22 41.00
v 239.60 -184.00 41.00
v 240.23 -186.78 41.00
v 244.58 -190.24 41.00
v 247.42 -190.24 41.00
v 249.99 -189.00 41.00
v 251.77 -186.78 41.00
v -0.00 -8470.59 0.00
v 529.41 -8470.59 0.00
v 529.41 -7941.18 0.00
v -0.00 -7941.18 0.00
v -0.00 -8470.59 -18.00
v 529.41 -8470.59 -18.00
v 529.41 -8470.59 0.00
v -0.00 -8470.59 0.00
v 529.41 -8470.59 -18.00
v 529.41 -7941.18 -18.00
v 529.41 -7941.18 0.00
v 529.41 -8470.59 0.00
v 529.41 -7941.18 -18.00
v -0.00 -7941.18 -18.00
v -0.00 -7941.18 0.00
v 529.41 -7941.18 0.00
v -0.00 -7411.77 -18.00
v 529.41 -7411.77 -18.00
v 529.41 -7941.18 -18.00
v -0.00 -7941.18 -18.00
v -0.00 -7941.18 0.00
v 529.41 -7941.18 0.00
v 529.41 -7411.77 0.00
v -0.00 -7411.77 0.00
v -0.00 -7941.18 -18.00
v 529.41 -7941.18 -18.00
v 529.41 -7941.18 0.00
v -0.00 -7941.18 0.00
v 529.41 -7941.18 -18.00
v 529.41 -7411.77 -18.00
v 529.41 -7411.77 0.00
v 529.41 -7941.18 0.00
v 529.41 -7411.77 -18.00
v -0.00 -7411.77 -18.00
v -0.00 -7411.77 0.00
v 529.41 -7411.77 0.00
v -0.00 -6882.35 -18.00
v 529.41 -6882.35 -18.00
v 529.41 -7411.77 -18.00
v -0.00 -7411.77 -18.00
v -0.00 -7411.77 0.00
v 529.41 -7411.77 0.00
v 529.41 -6882.35 0.00
v -0.00 -6882.35 0.00
v -0.00 -7411.77 -18.00
v 529.41 -7411.77 -18.00
v 529.41 -7411.77 0.00
v -0.00 -7411.77 0.00
v 529.41 -7411.77 -18.00
v 529.41 -6882.35 -18.00
v 529.41 -6882.35 0.00
v 529.41 -7411.77 0.00
v 529.41 -6882.35 -18.00
v -0.00 -6882.35 -18.00
v -0.00 -6882.35 0.00
v 529.41 -6882.35 0.00
v -0.00 -6352.94 -18.00
v 529.41 -6352.94 -18.00
v 529.41 -6882.35 -18.00
v -0.00 -6882.35 -18.00
v -0.00 -6882.35 0.00
v 529.41 -6882.35 0.00
v 529.41 -6352.94 0.00
v -0.00 -6352.94 0.00
v -0.00 -6882.35 -18.00
v 529.41 -6882.35 -18.00
v 529.41 -6882.35 0.00
v -0.00 -6882.35 0.00
v 529.41 -6882.35 -18.00
v 529.41 -6352.94 -18.00
v 529.41 -6352.94 0.00
v 529.41 -6882.35 0.00
v -0.00 -4235.29 0.00
v 529.41 -4235.29 0.00
v 529.41 -3705.88 0.00
v -0.00 -3705.88 0.00
v -0.00 -4235.29 -18.00
v 529.41 -4235.29 -18.00
v 529.41 -4235.29 0.00
v -0.00 -4235.29 0.00
v 529.41 -4235.29 -18.00
v 529.41 -3705.88 -18.00
v 529.41 -3705.88 0.00
v 529.41 -4235.29 0.00
v 529.41 -3705.88 -18.00
v -0.00 -3705.88 -18.00
v -0.00 -3705.88 0.00
v 529.41 -3705.88 0.00
v -0.00 -3176.47 -18.00
v 529.41 -3176.47 -18.00
v 529.41 -3705.88 -18.00
v -0.00 -3705.88 -18.00
v -0.00 -3705.88 0.00
v 529.41 -3705.88 0.00
v 529.41 -3176.47 0.00
v -0.00 -3176.47 0.00
v -0.00 -3705.88 -18.00
v 529.41 -3705.88 -18.00
v 529.41 -3705.88 0.00
v -0.00 -3705.88 0.00
v 529.41 -3705.88 -18.00
v 529.41 -3176.47 -18.00
v 529.41 -3176.47 0.00
v 529.41 -3705.88 0.00
v 529.41 -3176.47 -18.00
v -0.00 -3176.47 -18.00
v -0.00 -3176.47 0.00
v 529.41 -3176.47 0.00
v -0.00 -2647.06 -18.00
v 529.41 -2647.06 -18.00
v 529.41 -3176.47 -18.00
v -0.00 -3176.47 -18.00
v -0.00 -3176.47 0.00
v 529.41 -3176.47 0.00
v 529.41 -2647.06 0.00
v -0.00 -2647.06 0.00
v -0.00 -3176.47 -18.00
v 529.41 -3176.47 -18.00
v 529.41 -3176.47 0.00
v -0.00 -3176.47 0.00
v 529.41 -3176.47 -18.00
v 529.41 -2647.06 -18.00
v 529.41 -2647.06 0.00
v 529.41 -3176.47 0.00
v 529.41 -2647.06 -18.00
v -0.00 -2647.06 -18.00
v -0.00 -2647.06 0.00
v 529.41 -2647.06 0.00
v -0.00 -2117.65 -18.00
v 529.41 -2117.65 -18.00
v 529.41 -2647.06 -18.00
v -0.00 -2647.06 -18.00
v -0.00 -2647.06 0.00
v 529.41 -2647.06 0.00
v 529.41 -2117.65 0.00
v -0.00 -2117.65 0.00
v -0.00 -2647.06 -18.00
v 529.41 -2647.06 -18.00
v 529.41 -2647.06 0.00
v -0.00 -2647.06 0.00
v 529.41 -2647.06 -18.00
v 529.41 -2117.65 -18.00
v 529.41 -2117.65 0.00
v 529.41 -2647.06 0.00
v 529.41 1058.82 -18.00
v 529.41 1588.23 -18.00
v 529.41 1588.23 0.00
v 529.41 1058.82 0.00
v 529.41 1588.23 -18.00
v -0.00 1588.23 -18.00
v -0.00 1588.23 0.00
v 529.41 1588.23 0.00
v -0.00 2117.65 -18.00
v 529.41 2117.65 -18.00
v 529.41 1588.23 -18.00
v -0.00 1588.23 -18.00
v -0.00 1588.23 0.00
v 529.41 1588.23 0.00
v 529.41 2117.65 0.00
v -0.00 2117.65 0.00
v -0.00 1588.23 -18.00
v 529.41 1588.23 -18.00
v 529.41 1588.23 0.00
v -0.00 1588.23 0.00
v 529.41 1588.23 -18.00
v 529.41 2117.65 -18.00
v 529.41 2117.65 0.00
v 529.41 1588.23 0.00
v 529.41 2117.65 -18.00
v -0.00 2117.65 -18.00
v -0.00 2117.65 0.00
v 529.41 2117.65 0.00
v -0.00 2647.06 -18.00
v 529.41 2647.06 -18.00
v 529.41 2117.65 -18.00
v -0.00 2117.65 -18.00
v -0.00 2117.65 0.00
v 529.41 2117.65 0.00
v 529.41 2647.06 0.00
v -0.00 2647.06 0.00
v -0.00 2117.65 -18.00
v 529.41 2117.65 -18.00
v 529.41 2117.65 0.00
v -0.00 2117.65 0.00
v 529.41 2117.65 -18.00
v 529.41 2647.06 -18.00
v 529.41 2647.06 0.00
v 529.41 2117.65 0.00
v 529.41 2647.06 -18.00
v -0.00 2647.06 -18.00
v -0.00 2647.06 0.00
v 529.41 2647.06 0.00
v -0.00 4235.29 -18.00
v 529.41 4235.29 -18.00
v 529.41 3705.88 -18.00
v -0.00 3705.88 -18.00
v -0.00 3705.88 0.00
v 529.41 3705.88 0.00
v 529.41 4235.29 0.00
v -0.00 4235.29 0.00
v -0.00 3705.88 -18.00
v 529.41 3705.88 -18.00
v 529.41 3705.88 0.00
v -0.00 3705.88 0.00
v 529.41 3705.88 -18.00
v 529.41 4235.29 -18.00
v 529.41 4235.29 0.00
v 529.41 3705.88 0.00
v 529.41 4235.29 -18.00
v -0.00 4235.29 -18.00
v -0.00 4235.29 0.00
v 529.41 4235.29 0.00
v -0.00 4764.71 -18.00
v 529.41 4764.71 -18.00
v 529.41 4235.29 -18.00
v -0.00 4235.29 -18.00
v 529.41 5294.12 -18.00
v 529.41 5823.53 -18.00
v 529.41 5823.53 0.00
v 529.41 5294.12 0.00
v 529.41 5823.53 -18.00
v -0.00 5823.53 -18.00
v -0.00 5823.53 0.00
v 529.41 5823.53 0.00
v -0.00 6352.94 -18.00
v 529.41 6352.94 -18.00
v 529.41 5823.53 -18.00
v -0.00 5823.53 -18.00
v -0.00 5823.53 0.00
v 529.41 5823.53 0.00
v 529.41 6352.94 0.00
v -0.00 6352.94 0.00
v -0.00 5823.53 -18.00
v 529.41 5823.53 -18.00
v 529.41 5823.53 0.00
v -0.00 5823.53 0.00
v 529.41 5823.53 -18.00
v 529.41 6352.94 -18.00
v 529.41 6352.94 0.00
v 529.41 5823.53 0.00
v 529.41 7411.77 -18.00
v -0.00 7411.77 -18.00
v -0.00 7411.77 0.00
v 529.41 7411.77 0.00
v -0.00 7941.18 -18.00
v 529.41 7941.18 -18.00
v 529.41 7411.77 -18.00
v -0.00 7411.77 -18.00
v -0.00 7411.77 0.00
v 529.41 7411.77 0.00
v 529.41 7941.18 0.00
v -0.00 7941.18 0.00
v -0.00 7411.77 -18.00
v 529.41 7411.77 -18.00
v 529.41 7411.77 0.00
v -0.00 7411.77 0.00
v 529.41 7411.77 -18.00
v 529.41 7941.18 -18.00
v 529.41 7941.18 0.00
v 529.41 7411.77 0.00
v 529.41 7941.18 -18.00
v -0.00 7941.18 -18.00
v -0.00 7941.18 0.00
v 529.41 7941.18 0.00
v -0.00 8470.59 -18.00
v 529.41 8470.59 -18.00
v 529.41 7941.18 -18.00
v -0.00 7941.18 -18.00
v -0.00 7941.18 0.00
v 529.41 7941.18 0.00
v 529.41 8470.59 0.00
v -0.00 8470.59 0.00
v -0.00 7941.18 -18.00
v 529.41 7941.18 -18.00
v 529.41 7941.18 0.00
v -0.00 7941.18 0.00
v 529.41 7941.18 -18.00
v 529.41 8470.59 -18.00
v 529.41 8470.59 0.00
v 529.41 7941.18 0.00
v 529.41 8470.59 -18.00
v -0.00 8470.59 -18.00
v -0.00 8470.59 0.00
v 529.41 8470.59 0.00
v -0.00 9000.00 -18.00
v 529.41 9000.00 -18.00
v 529.41 8470.59 -18.00
v -0.00 8470.59 -18.00
v -0.00 8470.59 0.00
v 529.41 8470.59 0.00
v 529.41 9000.00 0.00
v -0.00 9000.00 0.00
v -0.00 8470.59 -18.00
v 529.41 8470.59 -18.00
v 529.41 8470.59 0.00
v -0.00 8470.59 0.00
v 529.41 8470.59 -18.00
v 529.41 9000.00 -18.00
v 529.41 9000.00 0.00
v 529.41 8470.59 0.00
v 529.41 9000.00 -18.00
v -0.00 9000.00 -18.00
v -0.00 9000.00 0.00
v 529.41 9000.00 0.00
v 529.41 -8470.59 -18.00
v 1058.82 -8470.59 -18.00
v 1058.82 -9000.00 -18.00
v 529.41 -9000.00 -18.00
v 529.41 -9000.00 0.00
v 1058.82 -9000.00 0.00
v 1058.82 -8470.59 0.00
v 529.41 -8470.59 0.00
v 529.41 -9000.00 -18.00
v 1058.82 -9000.00 -18.00
v 1058.82 -9000.00 0.00
v 529.41 -9000.00 0.00
v 1058.82 -9000.00 -18.00
v 1058.82 -8470.59 -18.00
v 1058.82 -8470.59 0.00
v 1058.82 -9000.00 0.00
v 1058.82 -8470.59 -18.00
v 529.41 -8470.59 -18.00
v 529.41 -8470.59 0.00
v 1058.82 -8470.59 0.00
v 529.41 -8470.59 -18.00
v 529.41 -9000.00 -18.00
v 529.41 -9000.00 0.00
v 529.41 -8470.59 0.00
v 529.41 -7941.18 -18.00
v 1058.82 -7941.18 -18.00
v 1058.82 -8470.59 -18.00
v 529.41 -8470.59 -18.00
v 529.41 -8470.59 0.00
v 1058.82 -8470.59 0.00
v 1058.82 -7941.18 0.00
v 529.41 -7941.18 0.00
v 529.41 -6352.94 -18.00
v 1058.82 -6352.94 -18.00
v 1058.82 -6882.35 -18.00
v 529.41 -6882.35 -18.00
v 529.41 -6882.35 0.00
v 1058.82 -6882.35 0.00
v 1058.82 -6352.94 0.00
v 529.41 -6352.94 0.00
v 529.41 -6882.35 -18.00
v 1058.82 -6882.35 -18.00
v 1058.82 -6882.35 0.00
v 529.41 -6882.35 0.00
v 1058.82 -6882.35 -18.00
v 1058.82 -6352.94 -18.00
v 1058.82 -6352.94 0.00
v 1058.82 -6882.35 0.00
v 1058.82 -6352.94 -18.00
v 529.41 -6352.94 -18.00
v 529.41 -6352.94 0.00
v 1058.82 -6352.94 0.00
v 529.41 -6352.94 -18.00
v 529.41 -6882.35 -18.00
v 529.41 -6882.35 0.00
v 529.41 -6352.94 0.00
v 529.41 -5823.53 -18.00
v 1058.82 -5823.53 -18.00
v 1058.82 -6352.94 -18.00
v 529.41 -6352.94 -18.00
v 529.41 -6352.94 0.00
v 1058.82 -6352.94 0.00
v 1058.82 -5823.53 0.00
v 529.41 -5823.53 0.00
v 529.41 -6352.94 -18.00
v 1058.82 -6352.94 -18.00
v 1058.82 -6352.94 0.00
v 529.41 -6352.94 0.00
v 1058.82 -6352.94 -18.00
v 1058.82 -5823.53 -18.00
v 1058.82 -5823.53 0.00
v 1058.82 -6352.94 0.00
v 1058.82 -5823.53 -18.00
v 529.41 -5823.53 -18.00
v 529.41 -5823.53 0.00
v 1058.82 -5823.53 0.00
v 529.41 -5823.53 -18.00
v 529.41 -6352.94 -18.00
v 529.41 -6352.94 0.00
v 529.41 -5823.53 0.00
v 529.41 -4764.71 -18.00
v 1058.82 -4764.71 -18.00
v 1058.82 -5294.12 -18.00
v 529.41 -5294.12 -18.00
v 529.41 -5294.12 0.00
v 1058.82 -5294.12 0.00
v 1058.82 -4764.71 0.00
v 529.41 -4764.71 0.00
v 529.41 -5294.12 -18.00
v 1058.82 -5294.12 -18.00
v 1058.82 -5294.12 0.00
v 529.41 -5294.12 0.00
v 1058.82 -5294.12 -18.00
v 1058.82 -4764.71 -18.00
v 1058.82 -4764.71 0.00
v 1058.82 -5294.12 0.00
v 1058.82 -4764.71 -18.00
v 529.41 -4764.71 -18.00
v 529.41 -4764.71 0.00
v 1058.82 -4764.71 0.00
v 529.41 -4764.71 -18.00
v 529.41 -5294.12 -18.00
v 529.41 -5294.12 0.00
v 529.41 -4764.71 0.00
v 1058.82 -3176.47 -18.00
v 529.41 -3176.47 -18.00
v 529.41 -3176.47 0.00
v 1058.82 -3176.47 0.00
v 529.41 -3176.47 -18.00
v 529.41 -3705.88 -18.00
v 529.41 -3705.88 0.00
v 529.41 -3176.47 0.00
v 529.41 -2647.06 -18.00
v 1058.82 -2647.06 -18.00
v 1058.82 -3176.47 -18.00
v 529.41 -3176.47 -18.00
v 529.41 -3176.47 0.00
v 1058.82 -3176.47 0.00
v 1058.82 -2647.06 0.00
v 529.41 -2647.06 0.00
v 529.41 -3176.47 -18.00
v 1058.82 -3176.47 -18.00
v 1058.82 -3176.47 0.00
v 529.41 -3176.47 0.00
v 1058.82 -3176.47 -18.00
v 1058.82 -2647.06 -18.00
v 1058.82 -2647.06 0.00
v 1058.82 -3176.47 0.00
v 529.41 529.41 -18.00
v 1058.82 529.41 -18.00
v 1058.82 529.41 0.00
v 529.41 529.41 0.00
v 1058.82 529.41 -18.00
v 1058.82 1058.82 -18.00
v 1058.82 1058.82 0.00
v 1058.82 529.41 0.00
v 1058.82 1058.82 -18.00
v 529.41 1058.82 -18.00
v 529.41 1058.82 0.00
v 1058.82 1058.82 0.00
v 529.41 1058.82 -18.00
v 529.41 529.41 -18.00
v 529.41 529.41 0.00
v 529.41 1058.82 0.00
v 529.41 1588.23 -18.00
v 1058.82 1588.23 -18.00
v 1058.82 1058.82 -18.00
v 529.41 1058.82 -18.00
v 529.41 1058.82 0.00
v 1058.82 1058.82 0.00
v 1058.82 1588.23 0.00
v 529.41 1588.23 0.00
v 529.41 1058.82 -18.00
v 1058.82 1058.82 -18.00
v 1058.82 1058.82 0.00
v 529.41 1058.82 0.00
v 1058.82 1058.82 -18.00
v 1058.82 1588.23 -18.00
v 1058.82 1588.23 0.00
v 1058.82 1058.82 0.00
v 1058.82 1588.23 -18.00
v 529.41 1588.23 -18.00
v 529.41 1588.23 0.00
v 1058.82 1588.23 0.00
v 529.41 1588.23 -18.00
v 529.41 1058.82 -18.00
v 529.41 1058.82 0.00
v 529.41 1588.23 0.00
v 529.41 2117.65 -18.00
v 1058.82 2117.65 -18.00
v 1058.82 1588.23 -18.00
v 529.41 1588.23 -18.00
v 529.41 1588.23 0.00
v 1058.82 1588.23 0.00
v 1058.82 2117.65 0.00
v 529.41 2117.65 0.00
v 529.41 4764.71 -18.00
v 1058.82 4764.71 -18.00
v 1058.82 4235.29 -18.00
v 529.41 4235.29 -18.00
v 529.41 4235.29 0.00
v 1058.82 4235.29 0.00
v 1058.82 4764.71 0.00
v 529.41 4764.71 0.00
v 529.41 4235.29 -18.00
v 1058.82 4235.29 -18.00
v 1058.82 4235.29 0.00
v 529.41 4235.29 0.00
v 1058.82 4235.29 -18.00
v 1058.82 4764.71 -18.00
v 1058.82 4764.71 0.00
v 1058.82 4235.29 0.00
v 1058.82 4764.71 -18.00
v 529.41 4764.71 -18.00
v 529.41 4764.71 0.00
v 1058.82 4764.71 0.00
v 529.41 4764.71 -18.00
v 529.41 4235.29 -18.00
v 529.41 4235.29 0.00
v 529.41 4764.71 0.00
v 529.41 5294.12 -18.00
v 1058.82 5294.12 -18.00
v 1058.82 4764.71 -18.00
v 529.41 4764.71 -18.00
v 529.41 4764.71 0.00
v 1058.82 4764.71 0.00
v 1058.82 5294.12 0.00
v 529.41 5294.12 0.00
v 529.41 4764.71 -18.00
v 1058.82 4764.71 -18.00
v 1058.82 4764.71 0.00
v 529.41 4764.71 0.00
v 1058.82 4764.71 -18.00
v 1058.82 5294.12 -18.00
v 1058.82 5294.12 0.00
v 1058.82 4764.71 0.00
v 1058.82 5294.12 -18.00
v 529.41 5294.12 -18.00
v 529.41 5294.12 0.00
v 1058.82 5294.12 0.00
v 529.41 5294.12 -18.00
v 529.41 4764.71 -18.00
v 529.41 4764.71 0.00
v 529.41 5294.12 0.00
v 529.41 5823.53 -18.00
v 1058.82 5823.53 -18.00
v 1058.82 5294.12 -18.00
v 529.41 5294.12 -18.00
v 529.41 5294.12 0.00
v 1058.82 5294.12 0.00
v 1058.82 5823.53 0.00
v 529.41 5823.53 0.00
v 529.41 5294.12 -18.00
v 1058.82 5294.12 -18.00
v 1058.82 5294.12 0.00
v 529.41 5294.12 0.00
v 1058.82 5294.12 -18.00
v 1058.82 5823.53 -18.00
v 1058.82 5823.53 0.00
v 1058.82 5294.12 0.00
v 1058.82 5823.53 -18.00
v 529.41 5823.53 -18.00
v 529.41 5823.53 0.00
v 1058.82 5823.53 0.00
v 529.41 5823.53 -18.00
v 529.41 5294.12 -18.00
v 529.41 5294.12 0.00
v 529.41 5823.53 0.00
v 529.41 6352.94 -18.00
v 1058.82 6352.94 -18.00
v 1058.82 5823.53 -18.00
v 529.41 5823.53 -18.00
v 529.41 5823.53 0.00
v 1058.82 5823.53 0.00
v 1058.82 6352.94 0.00
v 529.41 6352.94 0.00
v 529.41 5823.53 -18.00
v 1058.82 5823.53 -18.00
v 1058.82 5823.53 0.00
v 529.41 5823.53 0.00
v 1058.82 5823.53 -18.00
v 1058.82 6352.94 -18.00
v 1058.82 6352.94 0.00
v 1058.82 5823.53 0.00
v 1058.82 6352.94 -18.00
v 529.41 6352.94 -18.00
v 529.41 6352.94 0.00
v 1058.82 6352.94 0.00
v 529.41 6352.94 -18.00
v 529.41 5823.53 -18.00
v 529.41 5823.53 0.00
v 529.41 6352.94 0.00
v 1058.82 7941.18 -18.00
v 529.41 7941.18 -18.00
v 529.41 7941.18 0.00
v 1058.82 7941.18 0.00
v 529.41 7941.18 -18.00
v 529.41 7411.77 -18.00
v 529.41 7411.77 0.00
v 529.41 7941.18 0.00
v 529.41 8470.59 -18.00
v 1058.82 8470.59 -18.00
v 1058.82 7941.18 -18.00
v 529.41 7941.18 -18.00
v 529.41 7941.18 0.00
v 1058.82 7941.18 0.00
v 1058.82 8470.59 0.00
v 529.41 8470.59 0.00
v 529.41 7941.18 -18.00
v 1058.82 7941.18 -18.00
v 1058.82 7941.18 0.00
v 529.41 7941.18 0.00
v 1058.82 7941.18 -18.00
v 1058.82 8470.59 -18.00
v 1058.82 8470.59 0.00
v 1058.82 7941.18 0.00
v 1058.82 8470.59 -18.00
v 529.41 8470.59 -18.00
v 529.41 8470.59 0.00
v 1058.82 8470.59 0.00
v 529.41 8470.59 -18.00
v 529.41 7941.18 -18.00
v 529.41 7941.18 0.00
v 529.41 8470.59 0.00
v 529.41 9000.00 -18.00
v 1058.82 9000.00 -18.00
v 1058.82 8470.59 -18.00
v 529.41 8470.59 -18.00
v 529.41 8470.59 0.00
v 1058.82 8470.59 0.00
v 1058.82 9000.00 0.00
v 529.41 9000.00 0.00
v 529.41 8470.59 -18.00
v 1058.82 8470.59 -18.00
v 1058.82 8470.59 0.00
v 529.41 8470.59 0.00
v 1058.82 8470.59 -18.00
v 1058.82 9000.00 -18.00
v 1058.82 9000.00 0.00
v 1058.82 8470.59 0.00
v 1058.82 9000.00 -18.00
v 529.41 9000.00 -18.00
v 529.41 9000.00 0.00
v 1058.82 9000.00 0.00
v 529.41 9000.00 -18.00
v 529.41 8470.59 -18.00
v 529.41 8470.59 0.00
v 529.41 9000.00 0.00
v 1058.82 -8470.59 -18.00
v 1588.23 -8470.59 -18.00
v 1588.23 -9000.00 -18.00
v 1058.82 -9000.00 -18.00
v 1058.82 -9000.00 0.00
v 1588.23 -9000.00 0.00
v 1588.23 -8470.59 0.00
v 1058.82 -8470.59 0.00
v 1058.82 -9000.00 -18.00
v 1588.23 -9000.00 -18.00
v 1588.23 -9000.00 0.00
v 1058.82 -9000.00 0.00
v 1588.23 -9000.00 -18.00
v 1588.23 -8470.59 -18.00
v 1588.23 -8470.59 0.00
v 1588.23 -9000.00 0.00
v 1058.82 -6882.35 -18.00
v 1588.23 -6882.35 -18.00
v 1588.23 -6882.35 0.00
v 1058.82 -6882.35 0.00
v 1588.23 -6882.35 -18.00
v 1588.23 -6352.94 -18.00
v 1588.23 -6352.94 0.00
v 1588.23 -6882.35 0.00
v 1588.23 -6352.94 -18.00
v 1058.82 -6352.94 -18.00
v 1058.82 -6352.94 0.00
v 1588.23 -6352.94 0.00
v 1058.82 -6352.94 -18.00
v 1058.82 -6882.35 -18.00
v 1058.82 -6882.35 0.00
v 1058.82 -6352.94 0.00
v 1058.82 -5823.53 -18.00
v 1588.23 -5823.53 -18.00
v 1588.23 -6352.94 -18.00
v 1058.82 -6352.94 -18.00
v 1058.82 -6352.94 0.00
v 1588.23 -6352.94 0.00
v 1588.23 -5823.53 0.00
v 1058.82 -5823.53 0.00
v 1058.82 -6352.94 -18.00
v 1588.23 -6352.94 -18.00
v 1588.23 -6352.94 0.00
v 1058.82 -6352.94 0.00
v 1588.23 -6352.94 -18.00
v 1588.23 -5823.53 -18.00
v 1588.23 -5823.53 0.00
v 1588.23 -6352.94 0.00
v 1588.23 -5823.53 -18.00
v 1058.82 -5823.53 -18.00
v 1058.82 -5823.53 0.00
v 1588.23 -5823.53 0.00
v 1058.82 -5823.53 -18.00
v 1058.82 -6352.94 -18.00
v 1058.82 -6352.94 0.00
v 1058.82 -5823.53 0.00
v 1058.82 -5294.12 -18.00
v 1588.23 -5294.12 -18.00
v 1588.23 -5823.53 -18.00
v 1058.82 -5823.53 -18.00
v 1058.82 -5823.53 0.00
v 1588.23 -5823.53 0.00
v 1588.23 -5294.12 0.00
v 1058.82 -5294.12 0.00
v 1058.82 -5823.53 -18.00
v 1588.23 -5823.53 -18.00
v 1588.23 -5823.53 0.00
v 1058.82 -5823.53 0.00
v 1588.23 -5823.53 -18.00
v 1588.23 -5294.12 -18.00
v 1588.23 -5294.12 0.00
v 1588.23 -5823.53 0.00
v 1058.82 -4235.29 -18.00
v 1588.23 -4235.29 -18.00
v 1588.23 -4235.29 0.00
v 1058.82 -4235.29 0.00
v 1588.23 -4235.29 -18.00
v 1588.23 -3705.88 -18.00
v 1588.23 -3705.88 0.00
v 1588.23 -4235.29 0.00
v 1588.23 -3705.88 -18.00
v 1058.82 -3705.88 -18.00
v 1058.82 -3705.88 0.00
v 1588.23 -3705.88 0.00
v 1058.82 -3705.88 -18.00
v 1058.82 -4235.29 -18.00
v 1058.82 -4235.29 0.00
v 1058.82 -3705.88 0.00
v 1058.82 -3176.47 -18.00
v 1588.23 -3176.47 -18.00
v 1588.23 -3705.88 -18.00
v 1058.82 -3705.88 -18.00
v 1058.82 -3705.88 0.00
v 1588.23 -3705.88 0.00
v 1588.23 -3176.47 0.00
v 1058.82 -3176.47 0.00
v 1058.82 -3705.88 -18.00
v 1588.23 -3705.88 -18.00
v 1588.23 -3705.88 0.00
v 1058.82 -3705.88 0.00
v 1588.23 -3705.88 -18.00
v 1588.23 -3176.47 -18.00
v 1588.23 -3176.47 0.00
v 1588.23 -3705.88 0.00
v 1588.23 -3176.47 -18.00
v 1058.82 -3176.47 -18.00
v 1058.82 -3176.47 0.00
v 1588.23 -3176.47 0.00
v 1058.82 -3176.47 -18.00
v 1058.82 -3705.88 -18.00
v 1058.82 -3705.88 0.00
v 1058.82 -3176.47 0.00
v 1058.82 -2647.06 -18.00
v 1588.23 -2647.06 -18.00
v 1588.23 -3176.47 -18.00
v 1058.82 -3176.47 -18.00
v 1058.82 -3176.47 0.00
v 1588.23 -3176.47 0.00
v 1588.23 -2647.06 0.00
v 1058.82 -2647.06 0.00
v 1058.82 -3176.47 -18.00
v 1588.23 -3176.47 -18.00
v 1588.23 -3176.47 0.00
v 1058.82 -3176.47 0.00
v 1588.23 -3176.47 -18.00
v 1588.23 -2647.06 -18.00
v 1588.23 -2647.06 0.00
v 1588.23 -3176.47 0.00
v 1588.23 -2647.06 -18.00
v 1058.82 -2647.06 -18.00
v 1058.82 -2647.06 0.00
v 1588.23 -2647.06 0.00
v 1058.82 -2647.06 -18.00
v 1058.82 -3176.47 -18.00
v 1058.82 -3176.47 0.00
v 1058.82 -2647.06 0.00
v 1058.82 -2117.65 -18.00
v 1588.23 -2117.65 -18.00
v 1588.23 -2647.06 -18.00
v 1058.82 -2647.06 -18.00
v 1058.82 -2647.06 0.00
v 1588.23 -2647.06 0.00
v 1588.23 -2117.65 0.00
v 1058.82 -2117.65 0.00
v 1058.82 -1588.23 -18.00
v 1058.82 -2117.65 -18.00
v 1058.82 -2117.65 0.00
v 1058.82 -1588.23 0.00
v 1058.82 -1058.82 -18.00
v 1588.23 -1058.82 -18.00
v 1588.23 -1588.23 -18.00
v 1058.82 -1588.23 -18.00
v 1058.82 -1588.23 0.00
v 1588.23 -1588.23 0.00
v 1588.23 -1058.82 0.00
v 1058.82 -1058.82 0.00
v 1058.82 -1588.23 -18.00
v 1588.23 -1588.23 -18.00
v 1588.23 -1588.23 0.00
v 1058.82 -1588.23 0.00
v 1058.82 -0.00 0.00
v 1588.23 -0.00 0.00
v 1588.23 529.41 0.00
v 1058.82 529.41 0.00
v 1058.82 -0.00 -18.00
v 1588.23 -0.00 -18.00
v 1588.23 -0.00 0.00
v 1058.82 -0.00 0.00
v 1588.23 -0.00 -18.00
v 1588.23 529.41 -18.00
v 1588.23 529.41 0.00
v 1588.23 -0.00 0.00
v 1588.23 529.41 -18.00
v 1058.82 529.41 -18.00
v 1058.82 529.41 0.00
v 1588.23 529.41 0.00
v 1058.82 529.41 -18.00
v 1058.82 -0.00 -18.00
v 1058.82 -0.00 0.00
v 1058.82 529.41 0.00
v 1058.82 1058.82 -18.00
v 1588.23 1058.82 -18.00
v 1588.23 529.41 -18.00
v 1058.82 529.41 -18.00
v 1058.82 529.41 0.00
v 1588.23 529.41 0.00
v 1588.23 1058.82 0.00
v 1058.82 1058.82 0.00
v 1058.82 529.41 -18.00
v 1588.23 529.41 -18.00
v 1588.23 529.41 0.00
v 1058.82 529.41 0.00
v 1588.23 529.41 -18.00
v 1588.23 1058.82 -18.00
v 1588.23 1058.82 0.00
v 1588.23 529.41 0.00
v 1588.23 1058.82 -18.00
v 1058.82 1058.82 -18.00
v 1058.82 1058.82 0.00
v 1588.23 1058.82 0.00
v 1058.82 1058.82 -18.00
v 1058.82 529.41 -18.00
v 1058.82 529.41 0.00
v 1058.82 1058.82 0.00
v 1058.82 1588.23 -18.00
v 1588.23 1588.23 -18.00
v 1588.23 1058.82 -18.00
v 1058.82 1058.82 -18.00
v 1058.82 4235.29 -18.00
v 1058.82 3705.88 -18.00
v 1058.82 3705.88 0.00
v 1058.82 4235.29 0.00
v 1058.82 4764.71 -18.00
v 1588.23 4764.71 -18.00
v 1588.23 4235.29 -18.00
v 1058.82 4235.29 -18.00
v 1058.82 4235.29 0.00
v 1588.23 4235.29 0.00
v 1588.23 4764.71 0.00
v 1058.82 4764.71 0.00
v 1058.82 4235.29 -18.00
v 1588.23 4235.29 -18.00
v 1588.23 4235.29 0.00
v 1058.82 4235.29 0.00
v 1588.23 4235.29 -18.00
v 1588.23 4764.71 -18.00
v 1588.23 4764.71 0.00
v 1588.23 4235.29 0.00
v 1588.23 4764.71 -18.00
v 1058.82 4764.71 -18.00
v 1058.82 4764.71 0.00
v 1588.23 4764.71 0.00
v 1058.82 4764.71 -18.00
v 1058.82 4235.29 -18.00
v 1058.82 4235.29 0.00
v 1058.82 4764.71 0.00
v 1058.82 5294.12 -18.00
v 1588.23 5294.12 -18.00
v 1588.23 4764.71 -18.00
v 1058.82 4764.71 -18.00
v 1058.82 4764.71 0.00
v 1588.23 4764.71 0.00
v 1588.23 5294.12 0.00
v 1058.82 5294.12 0.00
v 1058.82 4764.71 -18.00
v 1588.23 4764.71 -18.00
v 1588.23 4764.71 0.00
v 1058.82 4764.71 0.00
v 1588.23 4764.71 -18.00
v 1588.23 5294.12 -18.00
v 1588.23 5294.12 0.00
v 1588.23 4764.71 0.00
v 1588.23 5294.12 -18.00
v 1058.82 5294.12 -18.00
v 1058.82 5294.12 0.00
v 1588.23 5294.12 0.00
v 1058.82 5294.12 -18.00
v 1058.82 4764.71 -18.00
v 1058.82 4764.71 0.00
v 1058.82 5294.12 0.00
v 1058.82 5823.53 -18.00
v 1588.23 5823.53 -18.00
v 1588.23 5294.12 -18.00
v 1058.82 5294.12 -18.00
v 1058.82 5294.12 0.00
v 1588.23 5294.12 0.00
v 1588.23 5823.53 0.00
v 1058.82 5823.53 0.00
v 1058.82 5294.12 -18.00
v 1588.23 5294.12 -18.00
v 1588.23 5294.12 0.00
v 1058.82 5294.12 0.00
v 1588.23 5294.12 -18.00
v 1588.23 5823.53 -18.00
v 1588.23 5823.53 0.00
v 1588.23 5294.12 0.00
v 1588.23 5823.53 -18.00
v 1058.82 5823.53 -18.00
v 1058.82 5823.53 0.00
v 1588.23 5823.53 0.00
v 1058.82 5823.53 -18.00
v 1058.82 5294.12 -18.00
v 1058.82 5294.12 0.00
v 1058.82 5823.53 0.00
v 1058.82 6352.94 -18.00
v 1588.23 6352.94 -18.00
v 1588.23 5823.53 -18.00
v 1058.82 5823.53 -18.00
v 1058.82 5823.53 0.00
v 1588.23 5823.53 0.00
v 1588.23 6352.94 0.00
v 1058.82 6352.94 0.00
v 1058.82 5823.53 -18.00
v 1588.23 5823.53 -18.00
v 1588.23 5823.53 0.00
v 1058.82 5823.53 0.00
v 1588.23 5823.53 -18.00
v 1588.23 6352.94 -18.00
v 1588.23 6352.94 0.00
v 1588.23 5823.53 0.00
v 1588.23 6352.94 -18.00
v 1058.82 6352.94 -18.00
v 1058.82 6352.94 0.00
v 1588.23 6352.94 0.00
v 1588.23 7941.18 -18.00
v 1588.23 8470.59 -18.00
v 1588.23 8470.59 0.00
v 1588.23 7941.18 0.00
v 1588.23 8470.59 -18.00
v 1058.82 8470.59 -18.00
v 1058.82 8470.59 0.00
v 1588.23 8470.59 0.00
v 1058.82 8470.59 -18.00
v 1058.82 7941.18 -18.00
v 1058.82 7941.18 0.00
v 1058.82 8470.59 0.00
v 1058.82 9000.00 -18.00
v 1588.23 9000.00 -18.00
v 1588.23 8470.59 -18.00
v 1058.82 8470.59 -18.00
v 1058.82 8470.59 0.00
v 1588.23 8470.59 0.00
v 1588.23 9000.00 0.00
v 1058.82 9000.00 0.00
v 1058.82 8470.59 -18.00
v 1588.23 8470.59 -18.00
v 1588.23 8470.59 0.00
v 1058.82 8470.59 0.00
v 1588.23 -7411.77 0.00
v 2117.65 -7411.77 0.00
v 2117.65 -6882.35 0.00
v 1588.23 -6882.35 0.00
v 1588.23 -7411.77 -18.00
v 2117.65 -7411.77 -18.00
v 2117.65 -7411.77 0.00
v 1588.23 -7411.77 0.00
v 2117.65 -7411.77 -18.00
v 2117.65 -6882.35 -18.00
v 2117.65 -6882.35 0.00
v 2117.65 -7411.77 0.00
v 2117.65 -6882.35 -18.00
v 1588.23 -6882.35 -18.00
v 1588.23 -6882.35 0.00
v 2117.65 -6882.35 0.00
v 1588.23 -6882.35 -18.00
v 1588.23 -7411.77 -18.00
v 1588.23 -7411.77 0.00
v 1588.23 -6882.35 0.00
v 1588.23 -6352.94 -18.00
v 2117.65 -6352.94 -18.00
v 2117.65 -6882.35 -18.00
v 1588.23 -6882.35 -18.00
v 1588.23 -5823.53 0.00
v 2117.65 -5823.53 0.00
v 2117.65 -5294.12 0.00
v 1588.23 -5294.12 0.00
v 1588.23 -5823.53 -18.00
v 2117.65 -5823.53 -18.00
v 2117.65 -5823.53 0.00
v 1588.23 -5823.53 0.00
v 2117.65 -5823.53 -18.00
v 2117.65 -5294.12 -18.00
v 2117.65 -5294.12 0.00
v 2117.65 -5823.53 0.00
v 2117.65 -5294.12 -18.00
v 1588.23 -5294.12 -18.00
v 1588.23 -5294.12 0.00
v 2117.65 -5294.12 0.00
v 1588.23 -5294.12 -18.00
v 1588.23 -5823.53 -18.00
v 1588.23 -5823.53 0.00
v 1588.23 -5294.12 0.00
v 1588.23 -4764.71 -18.00
v 2117.65 -4764.71 -18.00
v 2117.65 -5294.12 -18.00
v 1588.23 -5294.12 -18.00
v 1588.23 -3176.47 -18.00
v 1588.23 -3705.88 -18.00
v 1588.23 -3705.88 0.00
v 1588.23 -3176.47 0.00
v 1588.23 -2647.06 -18.00
v 2117.65 -2647.06 -18.00
v 2117.65 -3176.47 -18.00
v 1588.23 -3176.47 -18.00
v 1588.23 -3176.47 0.00
v 2117.65 -3176.47 0.00
v 2117.65 -2647.06 0.00
v 1588.23 -2647.06 0.00
v 1588.23 -3176.47 -18.00
v 2117.65 -3176.47 -18.00
v 2117.65 -3176.47 0.00
v 1588.23 -3176.47 0.00
v 2117.65 -3176.47 -18.00
v 2117.65 -2647.06 -18.00
v 2117.65 -2647.06 0.00
v 2117.65 -3176.47 0.00
v 2117.65 -2647.06 -18.00
v 1588.23 -2647.06 -18.00
v 1588.23 -2647.06 0.00
v 2117.65 -2647.06 0.00
v 1588.23 -2647.06 -18.00
v 1588.23 -3176.47 -18.00
v 1588.23 -3176.47 0.00
v 1588.23 -2647.06 0.00
v 1588.23 -2117.65 -18.00
v 2117.65 -2117.65 -18.00
v 2117.65 -2647.06 -18.00
v 1588.23 -2647.06 -18.00
v 1588.23 -2647.06 0.00
v 2117.65 -2647.06 0.00
v 2117.65 -2117.65 0.00
v 1588.23 -2117.65 0.00
v 1588.23 -2647.06 -18.00
v 2117.65 -2647.06 -18.00
v 2117.65 -2647.06 0.00
v 1588.23 -2647.06 0.00
v 2117.65 -2647.06 -18.00
v 2117.65 -2117.65 -18.00
v 2117.65 -2117.65 0.00
v 2117.65 -2647.06 0.00
v 2117.65 -2117.65 -18.00
v 1588.23 -2117.65 -18.00
v 1588.23 -2117.65 0.00
v 2117.65 -2117.65 0.00
v 1588.23 -1588.23 -18.00
v 1588.23 -2117.65 -18.00
v 1588.23 -2117.65 0.00
v 1588.23 -1588.23 0.00
v 1588.23 -1058.82 -18.00
v 2117.65 -1058.82 -18.00
v 2117.65 -1588.23 -18.00
v 1588.23 -1588.23 -18.00
v 1588.23 -1588.23 0.00
v 2117.65 -1588.23 0.00
v 2117.65 -1058.82 0.00
v 1588.23 -1058.82 0.00
v 1588.23 -1588.23 -18.00
v 2117.65 -1588.23 -18.00
v 2117.65 -1588.23 0.00
v 1588.23 -1588.23 0.00
v 2117.65 -1588.23 -18.00
v 2117.65 -1058.82 -18.00
v 2117.65 -1058.82 0.00
v 2117.65 -1588.23 0.00
v 2117.65 -1058.82 -18.00
v 1588.23 -1058.82 -18.00
v 1588.23 -1058.82 0.00
v 2117.65 -1058.82 0.00
v 2117.65 529.41 -18.00
v 2117.65 1058.82 -18.00
v 2117.65 1058.82 0.00
v 2117.65 529.41 0.00
v 2117.65 1058.82 -18.00
v 1588.23 1058.82 -18.00
v 1588.23 1058.82 0.00
v 2117.65 1058.82 0.00
v 1588.23 1058.82 -18.00
v 1588.23 529.41 -18.00
v 1588.23 529.41 0.00
v 1588.23 1058.82 0.00
v 1588.23 1588.23 -18.00
v 2117.65 1588.23 -18.00
v 2117.65 1058.82 -18.00
v 1588.23 1058.82 -18.00
v 1588.23 1058.82 0.00
v 2117.65 1058.82 0.00
v 2117.65 1588.23 0.00
v 1588.23 1588.23 0.00
v 1588.23 1058.82 -18.00
v 2117.65 1058.82 -18.00
v 2117.65 1058.82 0.00
v 1588.23 1058.82 0.00
v 2117.65 1058.82 -18.00
v 2117.65 1588.23 -18.00
v 2117.65 1588.23 0.00
v 2117.65 1058.82 0.00
v 2117.65 1588.23 -18.00
v 1588.23 1588.23 -18.00
v 1588.23 1588.23 0.00
v 2117.65 1588.23 0.00
v 1588.23 1588.23 -18.00
v 1588.23 1058.82 -18.00
v 1588.23 1058.82 0.00
v 1588.23 1588.23 0.00
v 1588.23 2117.65 -18.00
v 2117.65 2117.65 -18.00
v 2117.65 1588.23 -18.00
v 1588.23 1588.23 -18.00
v 1588.23 1588.23 0.00
v 2117.65 1588.23 0.00
v 2117.65 2117.65 0.00
v 1588.23 2117.65 0.00
v 1588.23 1588.23 -18.00
v 2117.65 1588.23 -18.00
v 2117.65 1588.23 0.00
v 1588.23 1588.23 0.00
v 1588.23 3705.88 0.00
v 2117.65 3705.88 0.00
v 2117.65 4235.29 0.00
v 1588.23 4235.29 0.00
v 1588.23 3705.88 -18.00
v 2117.65 3705.88 -18.00
v 2117.65 3705.88 0.00
v 1588.23 3705.88 0.00
v 2117.65 3705.88 -18.00
v 2117.65 4235.29 -18.00
v 2117.65 4235.29 0.00
v 2117.65 3705.88 0.00
v 2117.65 4235.29 -18.00
v 1588.23 4235.29 -18.00
v 1588.23 4235.29 0.00
v 2117.65 4235.29 0.00
v 1588.23 4235.29 -18.00
v 1588.23 3705.88 -18.00
v 1588.23 3705.88 0.00
v 1588.23 4235.29 0.00
v 1588.23 4764.71 -18.00
v 2117.65 4764.71 -18.00
v 2117.65 4235.29 -18.00
v 1588.23 4235.29 -18.00
v 1588.23 4235.29 0.00
v 2117.65 4235.29 0.00
v 2117.65 4764.71 0.00
v 1588.23 4764.71 0.00
v 1588.23 4235.29 -18.00
v 2117.65 4235.29 -18.00
v 2117.65 4235.29 0.00
v 1588.23 4235.29 0.00
v 2117.65 4235.29 -18.00
v 2117.65 4764.71 -18.00
v 2117.65 4764.71 0.00
v 2117.65 4235.29 0.00
v 2117.65 4764.71 -18.00
v 1588.23 4764.71 -18.00
v 1588.23 4764.71 0.00
v 2117.65 4764.71 0.00
v 1588.23 4764.71 -18.00
v 1588.23 4235.29 -18.00
v 1588.23 4235.29 0.00
v 1588.23 4764.71 0.00
v 1588.23 5294.12 -18.00
v 2117.65 5294.12 -18.00
v 2117.65 4764.71 -18.00
v 1588.23 4764.71 -18.00
v 1588.23 5294.12 0.00
v 2117.65 5294.12 0.00
v 2117.65 5823.53 0.00
v 1588.23 5823.53 0.00
v 1588.23 5294.12 -18.00
v 2117.65 5294.12 -18.00
v 2117.65 5294.12 0.00
v 1588.23 5294.12 0.00
v 2117.65 5294.12 -18.00
v 2117.65 5823.53 -18.00
v 2117.65 5823.53 0.00
v 2117.65 5294.12 0.00
v 2117.65 5823.53 -18.00
v 1588.23 5823.53 -18.00
v 1588.23 5823.53 0.00
v 2117.65 5823.53 0.00
v 1588.23 5823.53 -18.00
v 1588.23 5294.12 -18.00
v 1588.23 5294.12 0.00
v 1588.23 5823.53 0.00
v 1588.23 6352.94 -18.00
v 2117.65 6352.94 -18.00
v 2117.65 5823.53 -18.00
v 1588.23 5823.53 -18.00
v 1588.23 7411.77 -18.00
v 1588.23 6882.35 -18.00
v 1588.23 6882.35 0.00
v 1588.23 7411.77 0.00
v 1588.23 7941.18 -18.00
v 2117.65 7941.18 -18.00
v 2117.65 7411.77 -18.00
v 1588.23 7411.77 -18.00
v 1588.23 7411.77 0.00
v 2117.65 7411.77 0.00
v 2117.65 7941.18 0.00
v 1588.23 7941.18 0.00
v 1588.23 7411.77 -18.00
v 2117.65 7411.77 -18.00
v 2117.65 7411.77 0.00
v 1588.23 7411.77 0.00
v 2117.65 7411.77 -18.00
v 2117.65 7941.18 -18.00
v 2117.65 7941.18 0.00
v 2117.65 7411.77 0.00
v 2117.65 7941.18 -18.00
v 1588.23 7941.18 -18.00
v 1588.23 7941.18 0.00
v 2117.65 7941.18 0.00
v 1588.23 7941.18 -18.00
v 1588.23 7411.77 -18.00
v 1588.23 7411.77 0.00
v 1588.23 7941.18 0.00
v 1588.23 8470.59 -18.00
v 2117.65 8470.59 -18.00
v 2117.65 7941.18 -18.00
v 1588.23 7941.18 -18.00
v 1588.23 7941.18 0.00
v 2117.65 7941.18 0.00
v 2117.65 8470.59 0.00
v 1588.23 8470.59 0.00
v 1588.23 7941.18 -18.00
v 2117.65 7941.18 -18.00
v 2117.65 7941.18 0.00
v 1588.23 7941.18 0.00
v 2117.65 7941.18 -18.00
v 2117.65 8470.59 -18.00
v 2117.65 8470.59 0.00
v 2117.65 7941.18 0.00
v 2117.65 8470.59 -18.00
v 1588.23 8470.59 -18.00
v 1588.23 8470.59 0.00
v 2117.65 8470.59 0.00
v 1588.23 8470.59 -18.00
v 1588.23 7941.18 -18.00
v 1588.23 7941.18 0.00
v 1588.23 8470.59 0.00
v 1588.23 9000.00 -18.00
v 2117.65 9000.00 -18.00
v 2117.65 8470.59 -18.00
v 1588.23 8470.59 -18.00
v 1588.23 8470.59 0.00
v 2117.65 8470.59 0.00
v 2117.65 9000.00 0.00
v 1588.23 9000.00 0.00
v 1588.23 8470.59 -18.00
v 2117.65 8470.59 -18.00
v 2117.65 8470.59 0.00
v 1588.23 8470.59 0.00
v 2117.65 8470.59 -18.00
v 2117.65 9000.00 -18.00
v 2117.65 9000.00 0.00
v 2117.65 8470.59 0.00
v 2117.65 9000.00 -18.00
v 1588.23 9000.00 -18.00
v 1588.23 9000.00 0.00
v 2117.65 9000.00 0.00
v 1588.23 9000.00 -18.00
v 1588.23 8470.59 -18.00
v 1588.23 8470.59 0.00
v 1588.23 9000.00 0.00
v 2117.65 -8470.59 -18.00
v 2647.06 -8470.59 -18.00
v 2647.06 -9000.00 -18.00
v 2117.65 -9000.00 -18.00
v 2117.65 -9000.00 0.00
v 2647.06 -9000.00 0.00
v 2647.06 -8470.59 0.00
v 2117.65 -8470.59 0.00
v 2117.65 -9000.00 -18.00
v 2647.06 -9000.00 -18.00
v 2647.06 -9000.00 0.00
v 2117.65 -9000.00 0.00
v 2647.06 -9000.00 -18.00
v 2647.06 -8470.59 -18.00
v 2647.06 -8470.59 0.00
v 2647.06 -9000.00 0.00
v 2647.06 -8470.59 -18.00
v 2117.65 -8470.59 -18.00
v 2117.65 -8470.59 0.00
v 2647.06 -8470.59 0.00
v 2647.06 -6882.35 -18.00
v 2647.06 -6352.94 -18.00
v 2647.06 -6352.94 0.00
v 2647.06 -6882.35 0.00
v 2647.06 -6352.94 -18.00
v 2117.65 -6352.94 -18.00
v 2117.65 -6352.94 0.00
v 2647.06 -6352.94 0.00
v 2117.65 -6352.94 -18.00
v 2117.65 -6882.35 -18.00
v 2117.65 -6882.35 0.00
v 2117.65 -6352.94 0.00
v 2117.65 -5823.53 -18.00
v 2647.06 -5823.53 -18.00
v 2647.06 -6352.94 -18.00
v 2117.65 -6352.94 -18.00
v 2117.65 -6352.94 0.00
v 2647.06 -6352.94 0.00
v 2647.06 -5823.53 0.00
v 2117.65 -5823.53 0.00
v 2117.65 -6352.94 -18.00
v 2647.06 -6352.94 -18.00
v 2647.06 -6352.94 0.00
v 2117.65 -6352.94 0.00
v 2647.06 -5823.53 -18.00
v 2647.06 -5294.12 -18.00
v 2647.06 -5294.12 0.00
v 2647.06 -5823.53 0.00
v 2647.06 -5294.12 -18.00
v 2117.65 -5294.12 -18.00
v 2117.65 -5294.12 0.00
v 2647.06 -5294.12 0.00
v 2117.65 -5294.12 -18.00
v 2117.65 -5823.53 -18.00
v 2117.65 -5823.53 0.00
v 2117.65 -5294.12 0.00
v 2117.65 -4764.71 -18.00
v 2647.06 -4764.71 -18.00
v 2647.06 -5294.12 -18.00
v 2117.65 -5294.12 -18.00
v 2117.65 -5294.12 0.00
v 2647.06 -5294.12 0.00
v 2647.06 -4764.71 0.00
v 2117.65 -4764.71 0.00
v 2117.65 -5294.12 -18.00
v 2647.06 -5294.12 -18.00
v 2647.06 -5294.12 0.00
v 2117.65 -5294.12 0.00
v 2647.06 -5294.12 -18.00
v 2647.06 -4764.71 -18.00
v 2647.06 -4764.71 0.00
v 2647.06 -5294.12 0.00
v 2647.06 -4764.71 -18.00
v 2117.65 -4764.71 -18.00
v 2117.65 -4764.71 0.00
v 2647.06 -4764.71 0.00
v 2117.65 -4764.71 -18.00
v 2117.65 -5294.12 -18.00
v 2117.65 -5294.12 0.00
v 2117.65 -4764.71 0.00
v 2117.65 -4235.29 -18.00
v 2647.06 -4235.29 -18.00
v 2647.06 -4764.71 -18.00
v 2117.65 -4764.71 -18.00
v 2117.65 -4764.71 0.00
v 2647.06 -4764.71 0.00
v 2647.06 -4235.29 0.00
v 2117.65 -4235.29 0.00
v 2117.65 -4764.71 -18.00
v 2647.06 -4764.71 -18.00
v 2647.06 -4764.71 0.00
v 2117.65 -4764.71 0.00
v 2117.65 -2117.65 0.00
v 2647.06 -2117.65 0.00
v 2647.06 -1588.23 0.00
v 2117.65 -1588.23 0.00
v 2117.65 -2117.65 -18.00
v 2647.06 -2117.65 -18.00
v 2647.06 -2117.65 0.00
v 2117.65 -2117.65 0.00
v 2647.06 -2117.65 -18.00
v 2647.06 -1588.23 -18.00
v 2647.06 -1588.23 0.00
v 2647.06 -2117.65 0.00
v 2647.06 -1588.23 -18.00
v 2117.65 -1588.23 -18.00
v 2117.65 -1588.23 0.00
v 2647.06 -1588.23 0.00
v 2117.65 -1588.23 -18.00
v 2117.65 -2117.65 -18.00
v 2117.65 -2117.65 0.00
v 2117.65 -1588.23 0.00
v 2117.65 -1058.82 -18.00
v 2647.06 -1058.82 -18.00
v 2647.06 -1588.23 -18.00
v 2117.65 -1588.23 -18.00
v 2117.65 1058.82 -18.00
v 2117.65 529.41 -18.00
v 2117.65 529.41 0.00
v 2117.65 1058.82 0.00
v 2117.65 1588.23 -18.00
v 2647.06 1588.23 -18.00
v 2647.06 1058.82 -18.00
v 2117.65 1058.82 -18.00
v 2117.65 1058.82 0.00
v 2647.06 1058.82 0.00
v 2647.06 1588.23 0.00
v 2117.65 1588.23 0.00
v 2117.65 1058.82 -18.00
v 2647.06 1058.82 -18.00
v 2647.06 1058.82 0.00
v 2117.65 1058.82 0.00
v 2647.06 1058.82 -18.00
v 2647.06 1588.23 -18.00
v 2647.06 1588.23 0.00
v 2647.06 1058.82 0.00
v 2647.06 1588.23 -18.00
v 2117.65 1588.23 -18.00
v 2117.65 1588.23 0.00
v 2647.06 1588.23 0.00
v 2117.65 1588.23 -18.00
v 2117.65 1058.82 -18.00
v 2117.65 1058.82 0.00
v 2117.65 1588.23 0.00
v 2117.65 2117.65 -18.00
v 2647.06 2117.65 -18.00
v 2647.06 1588.23 -18.00
v 2117.65 1588.23 -18.00
v 2117.65 1588.23 0.00
v 2647.06 1588.23 0.00
v 2647.06 2117.65 0.00
v 2117.65 2117.65 0.00
v 2117.65 1588.23 -18.00
v 2647.06 1588.23 -18.00
v 2647.06 1588.23 0.00
v 2117.65 1588.23 0.00
v 2647.06 1588.23 -18.00
v 2647.06 2117.65 -18.00
v 2647.06 2117.65 0.00
v 2647.06 1588.23 0.00
v 2647.06 2117.65 -18.00
v 2117.65 2117.65 -18.00
v 2117.65 2117.65 0.00
v 2647.06 2117.65 0.00
v 2117.65 2647.06 -18.00
v 2117.65 2117.65 -18.00
v 2117.65 2117.65 0.00
v 2117.65 2647.06 0.00
v 2117.65 3176.47 -18.00
v 2647.06 3176.47 -18.00
v 2647.06 2647.06 -18.00
v 2117.65 2647.06 -18.00
v 2117.65 2647.06 0.00
v 2647.06 2647.06 0.00
v 2647.06 3176.47 0.00
v 2117.65 3176.47 0.00
v 2117.65 2647.06 -18.00
v 2647.06 2647.06 -18.00
v 2647.06 2647.06 0.00
v 2117.65 2647.06 0.00
v 2647.06 2647.06 -18.00
v 2647.06 3176.47 -18.00
v 2647.06 3176.47 0.00
v 2647.06 2647.06 0.00
v 2647.06 3176.47 -18.00
v 2117.65 3176.47 -18.00
v 2117.65 3176.47 0.00
v 2647.06 3176.47 0.00
v 2647.06 3705.88 -18.00
v 2647.06 4235.29 -18.00
v 2647.06 4235.29 0.00
v 2647.06 3705.88 0.00
v 2647.06 4235.29 -18.00
v 2117.65 4235.29 -18.00
v 2117.65 4235.29 0.00
v 2647.06 4235.29 0.00
v 2117.65 4235.29 -18.00
v 2117.65 3705.88 -18.00
v 2117.65 3705.88 0.00
v 2117.65 4235.29 0.00
v 2117.65 4764.71 -18.00
v 2647.06 4764.71 -18.00
v 2647.06 4235.29 -18.00
v 2117.65 4235.29 -18.00
v 2117.65 4235.29 0.00
v 2647.06 4235.29 0.00
v 2647.06 4764.71 0.00
v 2117.65 4764.71 0.00
v 2117.65 4235.29 -18.00
v 2647.06 4235.29 -18.00
v 2647.06 4235.29 0.00
v 2117.65 4235.29 0.00
v 2647.06 4764.71 -18.00
v 2647.06 5294.12 -18.00
v 2647.06 5294.12 0.00
v 2647.06 4764.71 0.00
v 2647.06 5294.12 -18.00
v 2117.65 5294.12 -18.00
v 2117.65 5294.12 0.00
v 2647.06 5294.12 0.00
v 2117.65 5294.12 -18.00
v 2117.65 4764.71 -18.00
v 2117.65 4764.71 0.00
v 2117.65 5294.12 0.00
v 2117.65 5823.53 -18.00
v 2647.06 5823.53 -18.00
v 2647.06 5294.12 -18.00
v 2117.65 5294.12 -18.00
v 2117.65 5294.12 0.00
v 2647.06 5294.12 0.00
v 2647.06 5823.53 0.00
v 2117.65 5823.53 0.00
v 2117.65 5294.12 -18.00
v 2647.06 5294.12 -18.00
v 2647.06 5294.12 0.00
v 2117.65 5294.12 0.00
v 2117.65 8470.59 0.00
v 2647.06 8470.59 0.00
v 2647.06 9000.00 0.00
v 2117.65 9000.00 0.00
v 2117.65 8470.59 -18.00
v 2647.06 8470.59 -18.00
v 2647.06 8470.59 0.00
v 2117.65 8470.59 0.00
v 2647.06 8470.59 -18.00
v 2647.06 9000.00 -18.00
v 2647.06 9000.00 0.00
v 2647.06 8470.59 0.00
v 2647.06 9000.00 -18.00
v 2117.65 9000.00 -18.00
v 2117.65 9000.00 0.00
v 2647.06 9000.00 0.00
v 2117.65 9000.00 -18.00
v 2117.65 8470.59 -18.00
v 2117.65 8470.59 0.00
v 2117.65 9000.00 0.00
v 2647.06 -8470.59 -18.00
v 3176.47 -8470.59 -18.00
v 3176.47 -9000.00 -18.00
v 2647.06 -9000.00 -18.00
v 2647.06 -6882.35 -18.00
v 2647.06 -7411.77 -18.00
v 2647.06 -7411.77 0.00
v 2647.06 -6882.35 0.00
v 2647.06 -6352.94 -18.00
v 3176.47 -6352.94 -18.00
v 3176.47 -6882.35 -18.00
v 2647.06 -6882.35 -18.00
v 2647.06 -6882.35 0.00
v 3176.47 -6882.35 0.00
v 3176.47 -6352.94 0.00
v 2647.06 -6352.94 0.00
v 2647.06 -6882.35 -18.00
v 3176.47 -6882.35 -18.00
v 3176.47 -6882.35 0.00
v 2647.06 -6882.35 0.00
v 3176.47 -6882.35 -18.00
v 3176.47 -6352.94 -18.00
v 3176.47 -6352.94 0.00
v 3176.47 -6882.35 0.00
v 3176.47 -6352.94 -18.00
v 2647.06 -6352.94 -18.00
v 2647.06 -6352.94 0.00
v 3176.47 -6352.94 0.00
v 2647.06 -5294.12 -18.00
v 2647.06 -5823.53 -18.00
v 2647.06 -5823.53 0.00
v 2647.06 -5294.12 0.00
v 2647.06 -4764.71 -18.00
v 3176.47 -4764.71 -18.00
v 3176.47 -5294.12 -18.00
v 2647.06 -5294.12 -18.00
v 2647.06 -5294.12 0.00
v 3176.47 -5294.12 0.00
v 3176.47 -4764.71 0.00
v 2647.06 -4764.71 0.00
v 2647.06 -5294.12 -18.00
v 3176.47 -5294.12 -18.00
v 3176.47 -5294.12 0.00
v 2647.06 -5294.12 0.00
v 3176.47 -5294.12 -18.00
v 3176.47 -4764.71 -18.00
v 3176.47 -4764.71 0.00
v 3176.47 -5294.12 0.00
v 3176.47 -4764.71 -18.00
v 2647.06 -4764.71 -18.00
v 2647.06 -4764.71 0.00
v 3176.47 -4764.71 0.00
v 3176.47 -3176.47 -18.00
v 3176.47 -2647.06 -18.00
v 3176.47 -2647.06 0.00
v 3176.47 -3176.47 0.00
v 3176.47 -2647.06 -18.00
v 2647.06 -2647.06 -18.00
v 2647.06 -2647.06 0.00
v 3176.47 -2647.06 0.00
v 2647.06 -2647.06 -18.00
v 2647.06 -3176.47 -18.00
v 2647.06 -3176.47 0.00
v 2647.06 -2647.06 0.00
v 2647.06 -2117.65 -18.00
v 3176.47 -2117.65 -18.00
v 3176.47 -2647.06 -18.00
v 2647.06 -2647.06 -18.00
v 2647.06 -2647.06 0.00
v 3176.47 -2647.06 0.00
v 3176.47 -2117.65 0.00
v 2647.06 -2117.65 0.00
v 2647.06 -2647.06 -18.00
v 3176.47 -2647.06 -18.00
v 3176.47 -2647.06 0.00
v 2647.06 -2647.06 0.00
v 3176.47 6352.94 -18.00
v 2647.06 6352.94 -18.00
v 2647.06 6352.94 0.00
v 3176.47 6352.94 0.00
v 2647.06 6352.94 -18.00
v 2647.06 5823.53 -18.00
v 2647.06 5823.53 0.00
v 2647.06 6352.94 0.00
v 2647.06 6882.35 -18.00
v 3176.47 6882.35 -18.00
v 3176.47 6352.94 -18.00
v 2647.06 6352.94 -18.00
v 2647.06 6352.94 0.00
v 3176.47 6352.94 0.00
v 3176.47 6882.35 0.00
v 2647.06 6882.35 0.00
v 2647.06 6352.94 -18.00
v 3176.47 6352.94 -18.00
v 3176.47 6352.94 0.00
v 2647.06 6352.94 0.00
v 3176.47 6352.94 -18.00
v 3176.47 6882.35 -18.00
v 3176.47 6882.35 0.00
v 3176.47 6352.94 0.00
v 3176.47 6882.35 -18.00
v 2647.06 6882.35 -18.00
v 2647.06 6882.35 0.00
v 3176.47 6882.35 0.00
v 2647.06 6882.35 -18.00
v 2647.06 6352.94 -18.00
v 2647.06 6352.94 0.00
v 2647.06 6882.35 0.00
v 2647.06 7411.77 -18.00
v 3176.47 7411.77 -18.00
v 3176.47 6882.35 -18.00
v 2647.06 6882.35 -18.00
v 2647.06 6882.35 0.00
v 3176.47 6882.35 0.00
v 3176.47 7411.77 0.00
v 2647.06 7411.77 0.00
v 2647.06 6882.35 -18.00
v 3176.47 6882.35 -18.00
v 3176.47 6882.35 0.00
v 2647.06 6882.35 0.00
v 3176.47 6882.35 -18.00
v 3176.47 7411.77 -18.00
v 3176.47 7411.77 0.00
v 3176.47 6882.35 0.00
v 3176.47 7411.77 -18.00
v 2647.06 7411.77 -18.00
v 2647.06 7411.77 0.00
v 3176.47 7411.77 0.00
v 2647.06 7411.77 -18.00
v 2647.06 6882.35 -18.00
v 2647.06 6882.35 0.00
v 2647.06 7411.77 0.00
v 2647.06 7941.18 -18.00
v 3176.47 7941.18 -18.00
v 3176.47 7411.77 -18.00
v 2647.06 7411.77 -18.00
v 2647.06 7411.77 0.00
v 3176.47 7411.77 0.00
v 3176.47 7941.18 0.00
v 2647.06 7941.18 0.00
v 2647.06 7411.77 -18.00
v 3176.47 7411.77 -18.00
v 3176.47 7411.77 0.00
v 2647.06 7411.77 0.00
v 3176.47 7411.77 -18.00
v 3176.47 7941.18 -18.00
v 3176.47 7941.18 0.00
v 3176.47 7411.77 0.00
v 3176.47 -7941.18 -18.00
v 3705.88 -7941.18 -18.00
v 3705.88 -7941.18 0.00
v 3176.47 -7941.18 0.00
v 3705.88 -7941.18 -18.00
v 3705.88 -7411.77 -18.00
v 3705.88 -7411.77 0.00
v 3705.88 -7941.18 0.00
v 3705.88 -7411.77 -18.00
v 3176.47 -7411.77 -18.00
v 3176.47 -7411.77 0.00
v 3705.88 -7411.77 0.00
v 3176.47 -7411.77 -18.00
v 3176.47 -7941.18 -18.00
v 3176.47 -7941.18 0.00
v 3176.47 -7411.77 0.00
v 3176.47 -6882.35 -18.00
v 3705.88 -6882.35 -18.00
v 3705.88 -7411.77 -18.00
v 3176.47 -7411.77 -18.00
v 3176.47 -7411.77 0.00
v 3705.88 -7411.77 0.00
v 3705.88 -6882.35 0.00
v 3176.47 -6882.35 0.00
v 3176.47 -6882.35 -18.00
v 3705.88 -6882.35 -18.00
v 3705.88 -6882.35 0.00
v 3176.47 -6882.35 0.00
v 3705.88 -6882.35 -18.00
v 3705.88 -6352.94 -18.00
v 3705.88 -6352.94 0.00
v 3705.88 -6882.35 0.00
v 3705.88 -6352.94 -18.00
v 3176.47 -6352.94 -18.00
v 3176.47 -6352.94 0.00
v 3705.88 -6352.94 0.00
v 3176.47 -6352.94 -18.00
v 3176.47 -6882.35 -18.00
v 3176.47 -6882.35 0.00
v 3176.47 -6352.94 0.00
v 3176.47 -5823.53 -18.00
v 3705.88 -5823.53 -18.00
v 3705.88 -6352.94 -18.00
v 3176.47 -6352.94 -18.00
v 3176.47 -6352.94 0.00
v 3705.88 -6352.94 0.00
v 3705.88 -5823.53 0.00
v 3176.47 -5823.53 0.00
v 3176.47 -6352.94 -18.00
v 3705.88 -6352.94 -18.00
v 3705.88 -6352.94 0.00
v 3176.47 -6352.94 0.00
v 3705.88 -6352.94 -18.00
v 3705.88 -5823.53 -18.00
v 3705.88 -5823.53 0.00
v 3705.88 -6352.94 0.00
v 3705.88 -5823.53 -18.00
v 3176.47 -5823.53 -18.00
v 3176.47 -5823.53 0.00
v 3705.88 -5823.53 0.00
v 3176.47 -5823.53 -18.00
v 3176.47 -6352.94 -18.00
v 3176.47 -6352.94 0.00
v 3176.47 -5823.53 0.00
v 3176.47 -5294.12 -18.00
v 3705.88 -5294.12 -18.00
v 3705.88 -5823.53 -18.00
v 3176.47 -5823.53 -18.00
v 3176.47 -5823.53 0.00
v 3705.88 -5823.53 0.00
v 3705.88 -5294.12 0.00
v 3176.47 -5294.12 0.00
v 3176.47 -3705.88 -18.00
v 3705.88 -3705.88 -18.00
v 3705.88 -4235.29 -18.00
v 3176.47 -4235.29 -18.00
v 3176.47 -4235.29 0.00
v 3705.88 -4235.29 0.00
v 3705.88 -3705.88 0.00
v 3176.47 -3705.88 0.00
v 3176.47 -4235.29 -18.00
v 3705.88 -4235.29 -18.00
v 3705.88 -4235.29 0.00
v 3176.47 -4235.29 0.00
v 3705.88 -4235.29 -18.00
v 3705.88 -3705.88 -18.00
v 3705.88 -3705.88 0.00
v 3705.88 -4235.29 0.00
v 3705.88 -3705.88 -18.00
v 3176.47 -3705.88 -18.00
v 3176.47 -3705.88 0.00
v 3705.88 -3705.88 0.00
v 3176.47 -3705.88 -18.00
v 3176.47 -4235.29 -18.00
v 3176.47 -4235.29 0.00
v 3176.47 -3705.88 0.00
v 3176.47 -2647.06 -18.00
v 3705.88 -2647.06 -18.00
v 3705.88 -3176.47 -18.00
v 3176.47 -3176.47 -18.00
v 3176.47 -3176.47 0.00
v 3705.88 -3176.47 0.00
v 3705.88 -2647.06 0.00
v 3176.47 -2647.06 0.00
v 3176.47 -3176.47 -18.00
v 3705.88 -3176.47 -18.00
v 3705.88 -3176.47 0.00
v 3176.47 -3176.47 0.00
v 3705.88 -3176.47 -18.00
v 3705.88 -2647.06 -18.00
v 3705.88 -2647.06 0.00
v 3705.88 -3176.47 0.00
v 3705.88 -2647.06 -18.00
v 3176.47 -2647.06 -18.00
v 3176.47 -2647.06 0.00
v 3705.88 -2647.06 0.00
v 3176.47 -2647.06 -18.00
v 3176.47 -3176.47 -18.00
v 3176.47 -3176.47 0.00
v 3176.47 -2647.06 0.00
v 3176.47 -2117.65 -18.00
v 3705.88 -2117.65 -18.00
v 3705.88 -2647.06 -18.00
v 3176.47 -2647.06 -18.00
v 3176.47 -2647.06 0.00
v 3705.88 -2647.06 0.00
v 3705.88 -2117.65 0.00
v 3176.47 -2117.65 0.00
v 3176.47 -2647.06 -18.00
v 3705.88 -2647.06 -18.00
v 3705.88 -2647.06 0.00
v 3176.47 -2647.06 0.00
v 3705.88 -2647.06 -18.00
v 3705.88 -2117.65 -18.00
v 3705.88 -2117.65 0.00
v 3705.88 -2647.06 0.00
v 3705.88 -2117.65 -18.00
v 3176.47 -2117.65 -18.00
v 3176.47 -2117.65 0.00
v 3705.88 -2117.65 0.00
v 3176.47 -2117.65 -18.00
v 3176.47 -2647.06 -18.00
v 3176.47 -2647.06 0.00
v 3176.47 -2117.65 0.00
v 3705.88 529.41 -18.00
v 3176.47 529.41 -18.00
v 3176.47 529.41 0.00
v 3705.88 529.41 0.00
v 3176.47 529.41 -18.00
v 3176.47 -0.00 -18.00
v 3176.47 -0.00 0.00
v 3176.47 529.41 0.00
v 3176.47 1058.82 -18.00
v 3705.88 1058.82 -18.00
v 3705.88 529.41 -18.00
v 3176.47 529.41 -18.00
v 3176.47 529.41 0.00
v 3705.88 529.41 0.00
v 3705.88 1058.82 0.00
v 3176.47 1058.82 0.00
v 3176.47 529.41 -18.00
v 3705.88 529.41 -18.00
v 3705.88 529.41 0.00
v 3176.47 529.41 0.00
v 3705.88 529.41 -18.00
v 3705.88 1058.82 -18.00
v 3705.88 1058.82 0.00
v 3705.88 529.41 0.00
v 3176.47 2647.06 -18.00
v 3705.88 2647.06 -18.00
v 3705.88 2647.06 0.00
v 3176.47 2647.06 0.00
v 3705.88 2647.06 -18.00
v 3705.88 3176.47 -18.00
v 3705.88 3176.47 0.00
v 3705.88 2647.06 0.00
v 3705.88 3176.47 -18.00
v 3176.47 3176.47 -18.00
v 3176.47 3176.47 0.00
v 3705.88 3176.47 0.00
v 3176.47 3176.47 -18.00
v 3176.47 2647.06 -18.00
v 3176.47 2647.06 0.00
v 3176.47 3176.47 0.00
v 3176.47 3705.88 -18.00
v 3705.88 3705.88 -18.00
v 3705.88 3176.47 -18.00
v 3176.47 3176.47 -18.00
v 3176.47 3176.47 0.00
v 3705.88 3176.47 0.00
v 3705.88 3705.88 0.00
v 3176.47 3705.88 0.00
v 3176.47 3705.88 -18.00
v 3705.88 3705.88 -18.00
v 3705.88 3705.88 0.00
v 3176.47 3705.88 0.00
v 3705.88 3705.88 -18.00
v 3705.88 4235.29 -18.00
v 3705.88 4235.29 0.00
v 3705.88 3705.88 0.00
v 3705.88 4235.29 -18.00
v 3176.47 4235.29 -18.00
v 3176.47 4235.29 0.00
v 3705.88 4235.29 0.00
v 3176.47 4235.29 -18.00
v 3176.47 3705.88 -18.00
v 3176.47 3705.88 0.00
v 3176.47 4235.29 0.00
v 3176.47 4764.71 -18.00
v 3705.88 4764.71 -18.00
v 3705.88 4235.29 -18.00
v 3176.47 4235.29 -18.00
v 3176.47 4235.29 0.00
v 3705.88 4235.29 0.00
v 3705.88 4764.71 0.00
v 3176.47 4764.71 0.00
v 3176.47 6882.35 -18.00
v 3705.88 6882.35 -18.00
v 3705.88 6352.94 -18.00
v 3176.47 6352.94 -18.00
v 3176.47 6352.94 0.00
v 3705.88 6352.94 0.00
v 3705.88 6882.35 0.00
v 3176.47 6882.35 0.00
v 3176.47 6352.94 -18.00
v 3705.88 6352.94 -18.00
v 3705.88 6352.94 0.00
v 3176.47 6352.94 0.00
v 3705.88 6352.94 -18.00
v 3705.88 6882.35 -18.00
v 3705.88 6882.35 0.00
v 3705.88 6352.94 0.00
v 3705.88 6882.35 -18.00
v 3176.47 6882.35 -18.00
v 3176.47 6882.35 0.00
v 3705.88 6882.35 0.00
v 3176.47 6882.35 -18.00
v 3176.47 6352.94 -18.00
v 3176.47 6352.94 0.00
v 3176.47 6882.35 0.00
v 3176.47 7411.77 -18.00
v 3705.88 7411.77 -18.00
v 3705.88 6882.35 -18.00
v 3176.47 6882.35 -18.00
v 3176.47 6882.35 0.00
v 3705.88 6882.35 0.00
v 3705.88 7411.77 0.00
v 3176.47 7411.77 0.00
v 3176.47 6882.35 -18.00
v 3705.88 6882.35 -18.00
v 3705.88 6882.35 0.00
v 3176.47 6882.35 0.00
v 3705.88 6882.35 -18.00
v 3705.88 7411.77 -18.00
v 3705.88 7411.77 0.00
v 3705.88 6882.35 0.00
v 3705.88 7411.77 -18.00
v 3176.47 7411.77 -18.00
v 3176.47 7411.77 0.00
v 3705.88 7411.77 0.00
v 3176.47 7411.77 -18.00
v 3176.47 6882.35 -18.00
v 3176.47 6882.35 0.00
v 3176.47 7411.77 0.00
v 3176.47 7941.18 -18.00
v 3705.88 7941.18 -18.00
v 3705.88 7411.77 -18.00
v 3176.47 7411.77 -18.00
v 3176.47 7411.77 0.00
v 3705.88 7411.77 0.00
v 3705.88 7941.18 0.00
v 3176.47 7941.18 0.00
v 3176.47 7411.77 -18.00
v 3705.88 7411.77 -18.00
v 3705.88 7411.77 0.00
v 3176.47 7411.77 0.00
v 3705.88 7411.77 -18.00
v 3705.88 7941.18 -18.00
v 3705.88 7941.18 0.00
v 3705.88 7411.77 0.00
v 3705.88 7941.18 -18.00
v 3176.47 7941.18 -18.00
v 3176.47 7941.18 0.00
v 3705.88 7941.18 0.00
v 3176.47 7941.18 -18.00
v 3176.47 7411.77 -18.00
v 3176.47 7411.77 0.00
v 3176.47 7941.18 0.00
v 3176.47 8470.59 -18.00
v 3705.88 8470.59 -18.00
v 3705.88 7941.18 -18.00
v 3176.47 7941.18 -18.00
v 3176.47 7941.18 0.00
v 3705.88 7941.18 0.00
v 3705.88 8470.59 0.00
v 3176.47 8470.59 0.00
v 3176.47 7941.18 -18.00
v 3705.88 7941.18 -18.00
v 3705.88 7941.18 0.00
v 3176.47 7941.18 0.00
v 3705.88 7941.18 -18.00
v 3705.88 8470.59 -18.00
v 3705.88 8470.59 0.00
v 3705.88 7941.18 0.00
v 3705.88 8470.59 -18.00
v 3176.47 8470.59 -18.00
v 3176.47 8470.59 0.00
v 3705.88 8470.59 0.00
v 3176.47 8470.59 -18.00
v 3176.47 7941.18 -18.00
v 3176.47 7941.18 0.00
v 3176.47 8470.59 0.00
v 4235.29 -7941.18 -18.00
v 3705.88 -7941.18 -18.00
v 3705.88 -7941.18 0.00
v 4235.29 -7941.18 0.00
v 3705.88 -7941.18 -18.00
v 3705.88 -8470.59 -18.00
v 3705.88 -8470.59 0.00
v 3705.88 -7941.18 0.00
v 3705.88 -7411.77 -18.00
v 4235.29 -7411.77 -18.00
v 4235.29 -7941.18 -18.00
v 3705.88 -7941.18 -18.00
v 3705.88 -7941.18 0.00
v 4235.29 -7941.18 0.00
v 4235.29 -7411.77 0.00
v 3705.88 -7411.77 0.00
v 3705.88 -7941.18 -18.00
v 4235.29 -7941.18 -18.00
v 4235.29 -7941.18 0.00
v 3705.88 -7941.18 0.00
v 4235.29 -7941.18 -18.00
v 4235.29 -7411.77 -18.00
v 4235.29 -7411.77 0.00
v 4235.29 -7941.18 0.00
v 4235.29 -7411.77 -18.00
v 3705.88 -7411.77 -18.00
v 3705.88 -7411.77 0.00
v 4235.29 -7411.77 0.00
v 3705.88 -7411.77 -18.00
v 3705.88 -7941.18 -18.00
v 3705.88 -7941.18 0.00
v 3705.88 -7411.77 0.00
v 3705.88 -6882.35 -18.00
v 4235.29 -6882.35 -18.00
v 4235.29 -7411.77 -18.00
v 3705.88 -7411.77 -18.00
v 3705.88 -7411.77 0.00
v 4235.29 -7411.77 0.00
v 4235.29 -6882.35 0.00
v 3705.88 -6882.35 0.00
v 3705.88 -7411.77 -18.00
v 4235.29 -7411.77 -18.00
v 4235.29 -7411.77 0.00
v 3705.88 -7411.77 0.00
v 4235.29 -7411.77 -18.00
v 4235.29 -6882.35 -18.00
v 4235.29 -6882.35 0.00
v 4235.29 -7411.77 0.00
v 4235.29 -6882.35 -18.00
v 3705.88 -6882.35 -18.00
v 3705.88 -6882.35 0.00
v 4235.29 -6882.35 0.00
v 3705.88 -6882.35 -18.00
v 3705.88 -7411.77 -18.00
v 3705.88 -7411.77 0.00
v 3705.88 -6882.35 0.00
v 3705.88 -6352.94 -18.00
v 4235.29 -6352.94 -18.00
v 4235.29 -6882.35 -18.00
v 3705.88 -6882.35 -18.00
v 3705.88 -6882.35 0.00
v 4235.29 -6882.35 0.00
v 4235.29 -6352.94 0.00
v 3705.88 -6352.94 0.00
v 3705.88 -6882.35 -18.00
v 4235.29 -6882.35 -18.00
v 4235.29 -6882.35 0.00
v 3705.88 -6882.35 0.00
v 4235.29 -6882.35 -18.00
v 4235.29 -6352.94 -18.00
v 4235.29 -6352.94 0.00
v 4235.29 -6882.35 0.00
v 4235.29 -6352.94 -18.00
v 3705.88 -6352.94 -18.00
v 3705.88 -6352.94 0.00
v 4235.29 -6352.94 0.00
v 3705.88 -6352.94 -18.00
v 3705.88 -6882.35 -18.00
v 3705.88 -6882.35 0.00
v 3705.88 -6352.94 0.00
v 3705.88 -5823.53 -18.00
v 4235.29 -5823.53 -18.00
v 4235.29 -6352.94 -18.00
v 3705.88 -6352.94 -18.00
v 3705.88 -6352.94 0.00
v 4235.29 -6352.94 0.00
v 4235.29 -5823.53 0.00
v 3705.88 -5823.53 0.00
v 3705.88 -6352.94 -18.00
v 4235.29 -6352.94 -18.00
v 4235.29 -6352.94 0.00
v 3705.88 -6352.94 0.00
v 4235.29 -6352.94 -18.00
v 4235.29 -5823.53 -18.00
v 4235.29 -5823.53 0.00
v 4235.29 -6352.94 0.00
v 3705.88 -4764.71 -18.00
v 4235.29 -4764.71 -18.00
v 4235.29 -4764.71 0.00
v 3705.88 -4764.71 0.00
v 4235.29 -4764.71 -18.00
v 4235.29 -4235.29 -18.00
v 4235.29 -4235.29 0.00
v 4235.29 -4764.71 0.00
v 4235.29 -4235.29 -18.00
v 3705.88 -4235.29 -18.00
v 3705.88 -4235.29 0.00
v 4235.29 -4235.29 0.00
v 3705.88 -4235.29 -18.00
v 3705.88 -4764.71 -18.00
v 3705.88 -4764.71 0.00
v 3705.88 -4235.29 0.00
v 3705.88 -3705.88 -18.00
v 4235.29 -3705.88 -18.00
v 4235.29 -4235.29 -18.00
v 3705.88 -4235.29 -18.00
v 3705.88 -4235.29 0.00
v 4235.29 -4235.29 0.00
v 4235.29 -3705.88 0.00
v 3705.88 -3705.88 0.00
v 3705.88 -3176.47 -18.00
v 4235.29 -3176.47 -18.00
v 4235.29 -3176.47 0.00
v 3705.88 -3176.47 0.00
v 4235.29 -3176.47 -18.00
v 4235.29 -2647.06 -18.00
v 4235.29 -2647.06 0.00
v 4235.29 -3176.47 0.00
v 4235.29 -2647.06 -18.00
v 3705.88 -2647.06 -18.00
v 3705.88 -2647.06 0.00
v 4235.29 -2647.06 0.00
v 3705.88 -2647.06 -18.00
v 3705.88 -3176.47 -18.00
v 3705.88 -3176.47 0.00
v 3705.88 -2647.06 0.00
v 3705.88 -2117.65 -18.00
v 4235.29 -2117.65 -18.00
v 4235.29 -2647.06 -18.00
v 3705.88 -2647.06 -18.00
v 3705.88 -2647.06 0.00
v 4235.29 -2647.06 0.00
v 4235.29 -2117.65 0.00
v 3705.88 -2117.65 0.00
v 3705.88 -529.41 -18.00
v 4235.29 -529.41 -18.00
v 4235.29 -1058.82 -18.00
v 3705.88 -1058.82 -18.00
v 3705.88 -1058.82 0.00
v 4235.29 -1058.82 0.00
v 4235.29 -529.41 0.00
v 3705.88 -529.41 0.00
v 3705.88 -1058.82 -18.00
v 4235.29 -1058.82 -18.00
v 4235.29 -1058.82 0.00
v 3705.88 -1058.82 0.00
v 4235.29 -1058.82 -18.00
v 4235.29 -529.41 -18.00
v 4235.29 -529.41 0.00
v 4235.29 -1058.82 0.00
v 4235.29 -529.41 -18.00
v 3705.88 -529.41 -18.00
v 3705.88 -529.41 0.00
v 4235.29 -529.41 0.00
v 3705.88 -529.41 -18.00
v 3705.88 -1058.82 -18.00
v 3705.88 -1058.82 0.00
v 3705.88 -529.41 0.00
v 3705.88 -0.00 -18.00
v 4235.29 -0.00 -18.00
v 4235.29 -529.41 -18.00
v 3705.88 -529.41 -18.00
v 3705.88 -529.41 0.00
v 4235.29 -529.41 0.00
v 4235.29 -0.00 0.00
v 3705.88 -0.00 0.00
v 3705.88 -529.41 -18.00
v 4235.29 -529.41 -18.00
v 4235.29 -529.41 0.00
v 3705.88 -529.41 0.00
v 4235.29 -529.41 -18.00
v 4235.29 -0.00 -18.00
v 4235.29 -0.00 0.00
v 4235.29 -529.41 0.00
v 4235.29 -0.00 -18.00
v 3705.88 -0.00 -18.00
v 3705.88 -0.00 0.00
v 4235.29 -0.00 0.00
v 3705.88 -0.00 -18.00
v 3705.88 -529.41 -18.00
v 3705.88 -529.41 0.00
v 3705.88 -0.00 0.00
v 3705.88 529.41 -18.00
v 4235.29 529.41 -18.00
v 4235.29 -0.00 -18.00
v 3705.88 -0.00 -18.00
v 3705.88 -0.00 0.00
v 4235.29 -0.00 0.00
v 4235.29 529.41 0.00
v 3705.88 529.41 0.00
v 3705.88 -0.00 -18.00
v 4235.29 -0.00 -18.00
v 4235.29 -0.00 0.00
v 3705.88 -0.00 0.00
v 4235.29 -0.00 -18.00
v 4235.29 529.41 -18.00
v 4235.29 529.41 0.00
v 4235.29 -0.00 0.00
v 4235.29 529.41 -18.00
v 3705.88 529.41 -18.00
v 3705.88 529.41 0.00
v 4235.29 529.41 0.00
v 3705.88 529.41 -18.00
v 3705.88 -0.00 -18.00
v 3705.88 -0.00 0.00
v 3705.88 529.41 0.00
v 3705.88 5294.12 -18.00
v 4235.29 5294.12 -18.00
v 4235.29 5294.12 0.00
v 3705.88 5294.12 0.00
v 4235.29 5294.12 -18.00
v 4235.29 5823.53 -18.00
v 4235.29 5823.53 0.00
v 4235.29 5294.12 0.00
v 4235.29 5823.53 -18.00
v 3705.88 5823.53 -18.00
v 3705.88 5823.53 0.00
v 4235.29 5823.53 0.00
v 3705.88 5823.53 -18.00
v 3705.88 5294.12 -18.00
v 3705.88 5294.12 0.00
v 3705.88 5823.53 0.00
v 3705.88 6352.94 -18.00
v 4235.29 6352.94 -18.00
v 4235.29 5823.53 -18.00
v 3705.88 5823.53 -18.00
v 3705.88 5823.53 0.00
v 4235.29 5823.53 0.00
v 4235.29 6352.94 0.00
v 3705.88 6352.94 0.00
v 3705.88 6882.35 -18.00
v 4235.29 6882.35 -18.00
v 4235.29 6882.35 0.00
v 3705.88 6882.35 0.00
v 4235.29 6882.35 -18.00
v 4235.29 7411.77 -18.00
v 4235.29 7411.77 0.00
v 4235.29 6882.35 0.00
v 4235.29 7411.77 -18.00
v 3705.88 7411.77 -18.00
v 3705.88 7411.77 0.00
v 4235.29 7411.77 0.00
v 3705.88 7411.77 -18.00
v 3705.88 6882.35 -18.00
v 3705.88 6882.35 0.00
v 3705.88 7411.77 0.00
v 3705.88 7941.18 -18.00
v 4235.29 7941.18 -18.00
v 4235.29 7411.77 -18.00
v 3705.88 7411.77 -18.00
v 3705.88 7411.77 0.00
v 4235.29 7411.77 0.00
v 4235.29 7941.18 0.00
v 3705.88 7941.18 0.00
v 4235.29 -7411.77 -18.00
v 4764.71 -7411.77 -18.00
v 4764.71 -7941.18 -18.00
v 4235.29 -7941.18 -18.00
v 4235.29 -7941.18 0.00
v 4764.71 -7941.18 0.00
v 4764.71 -7411.77 0.00
v 4235.29 -7411.77 0.00
v 4235.29 -7941.18 -18.00
v 4764.71 -7941.18 -18.00
v 4764.71 -7941.18 0.00
v 4235.29 -7941.18 0.00
v 4764.71 -7941.18 -18.00
v 4764.71 -7411.77 -18.00
v 4764.71 -7411.77 0.00
v 4764.71 -7941.18 0.00
v 4764.71 -7411.77 -18.00
v 4235.29 -7411.77 -18.00
v 4235.29 -7411.77 0.00
v 4764.71 -7411.77 0.00
v 4235.29 -7411.77 -18.00
v 4235.29 -7941.18 -18.00
v 4235.29 -7941.18 0.00
v 4235.29 -7411.77 0.00
v 4235.29 -6882.35 -18.00
v 4764.71 -6882.35 -18.00
v 4764.71 -7411.77 -18.00
v 4235.29 -7411.77 -18.00
v 4235.29 -7411.77 0.00
v 4764.71 -7411.77 0.00
v 4764.71 -6882.35 0.00
v 4235.29 -6882.35 0.00
v 4235.29 -7411.77 -18.00
v 4764.71 -7411.77 -18.00
v 4764.71 -7411.77 0.00
v 4235.29 -7411.77 0.00
v 4764.71 -7411.77 -18.00
v 4764.71 -6882.35 -18.00
v 4764.71 -6882.35 0.00
v 4764.71 -7411.77 0.00
v 4764.71 -6882.35 -18.00
v 4235.29 -6882.35 -18.00
v 4235.29 -6882.35 0.00
v 4764.71 -6882.35 0.00
v 4235.29 -6882.35 -18.00
v 4235.29 -7411.77 -18.00
v 4235.29 -7411.77 0.00
v 4235.29 -6882.35 0.00
v 4235.29 -6352.94 -18.00
v 4764.71 -6352.94 -18.00
v 4764.71 -6882.35 -18.00
v 4235.29 -6882.35 -18.00
v 4235.29 -6882.35 0.00
v 4764.71 -6882.35 0.00
v 4764.71 -6352.94 0.00
v 4235.29 -6352.94 0.00
v 4235.29 -6882.35 -18.00
v 4764.71 -6882.35 -18.00
v 4764.71 -6882.35 0.00
v 4235.29 -6882.35 0.00
v 4764.71 -6882.35 -18.00
v 4764.71 -6352.94 -18.00
v 4764.71 -6352.94 0.00
v 4764.71 -6882.35 0.00
v 4764.71 -6352.94 -18.00
v 4235.29 -6352.94 -18.00
v 4235.29 -6352.94 0.00
v 4764.71 -6352.94 0.00
v 4235.29 -6352.94 -18.00
v 4235.29 -6882.35 -18.00
v 4235.29 -6882.35 0.00
v 4235.29 -6352.94 0.00
v 4764.71 -4235.29 -18.00
v 4235.29 -4235.29 -18.00
v 4235.29 -4235.29 0.00
v 4764.71 -4235.29 0.00
v 4235.29 -4235.29 -18.00
v 4235.29 -4764.71 -18.00
v 4235.29 -4764.71 0.00
v 4235.29 -4235.29 0.00
v 4235.29 -3705.88 -18.00
v 4764.71 -3705.88 -18.00
v 4764.71 -4235.29 -18.00
v 4235.29 -4235.29 -18.00
v 4235.29 -4235.29 0.00
v 4764.71 -4235.29 0.00
v 4764.71 -3705.88 0.00
v 4235.29 -3705.88 0.00
v 4235.29 -4235.29 -18.00
v 4764.71 -4235.29 -18.00
v 4764.71 -4235.29 0.00
v 4235.29 -4235.29 0.00
v 4764.71 -4235.29 -18.00
v 4764.71 -3705.88 -18.00
v 4764.71 -3705.88 0.00
v 4764.71 -4235.29 0.00
v 4235.29 -2117.65 -18.00
v 4764.71 -2117.65 -18.00
v 4764.71 -2117.65 0.00
v 4235.29 -2117.65 0.00
v 4764.71 -2117.65 -18.00
v 4764.71 -1588.23 -18.00
v 4764.71 -1588.23 0.00
v 4764.71 -2117.65 0.00
v 4764.71 -1588.23 -18.00
v 4235.29 -1588.23 -18.00
v 4235.29 -1588.23 0.00
v 4764.71 -1588.23 0.00
v 4235.29 -1588.23 -18.00
v 4235.29 -2117.65 -18.00
v 4235.29 -2117.65 0.00
v 4235.29 -1588.23 0.00
v 4235.29 -1058.82 -18.00
v 4764.71 -1058.82 -18.00
v 4764.71 -1588.23 -18.00
v 4235.29 -1588.23 -18.00
v 4235.29 -1588.23 0.00
v 4764.71 -1588.23 0.00
v 4764.71 -1058.82 0.00
v 4235.29 -1058.82 0.00
v 4235.29 -1588.23 -18.00
v 4764.71 -1588.23 -18.00
v 4764.71 -1588.23 0.00
v 4235.29 -1588.23 0.00
v 4764.71 -1588.23 -18.00
v 4764.71 -1058.82 -18.00
v 4764.71 -1058.82 0.00
v 4764.71 -1588.23 0.00
v 4764.71 -1058.82 -18.00
v 4235.29 -1058.82 -18.00
v 4235.29 -1058.82 0.00
v 4764.71 -1058.82 0.00
v 4235.29 -1058.82 -18.00
v 4235.29 -1588.23 -18.00
v 4235.29 -1588.23 0.00
v 4235.29 -1058.82 0.00
v 4235.29 -529.41 -18.00
v 4764.71 -529.41 -18.00
v 4764.71 -1058.82 -18.00
v 4235.29 -1058.82 -18.00
v 4235.29 -1058.82 0.00
v 4764.71 -1058.82 0.00
v 4764.71 -529.41 0.00
v 4235.29 -529.41 0.00
v 4235.29 -1058.82 -18.00
v 4764.71 -1058.82 -18.00
v 4764.71 -1058.82 0.00
v 4235.29 -1058.82 0.00
v 4764.71 -1058.82 -18.00
v 4764.71 -529.41 -18.00
v 4764.71 -529.41 0.00
v 4764.71 -1058.82 0.00
v 4764.71 -529.41 -18.00
v 4235.29 -529.41 -18.00
v 4235.29 -529.41 0.00
v 4764.71 -529.41 0.00
v 4235.29 -529.41 -18.00
v 4235.29 -1058.82 -18.00
v 4235.29 -1058.82 0.00
v 4235.29 -529.41 0.00
v 4235.29 -0.00 -18.00
v 4764.71 -0.00 -18.00
v 4764.71 -529.41 -18.00
v 4235.29 -529.41 -18.00
v 4235.29 -529.41 0.00
v 4764.71 -529.41 0.00
v 4764.71 -0.00 0.00
v 4235.29 -0.00 0.00
v 4235.29 -529.41 -18.00
v 4764.71 -529.41 -18.00
v 4764.71 -529.41 0.00
v 4235.29 -529.41 0.00
v 4764.71 -529.41 -18.00
v 4764.71 -0.00 -18.00
v 4764.71 -0.00 0.00
v 4764.71 -529.41 0.00
v 4764.71 -0.00 -18.00
v 4235.29 -0.00 -18.00
v 4235.29 -0.00 0.00
v 4764.71 -0.00 0.00
v 4235.29 -0.00 -18.00
v 4235.29 -529.41 -18.00
v 4235.29 -529.41 0.00
v 4235.29 -0.00 0.00
v 4235.29 529.41 -18.00
v 4764.71 529.41 -18.00
v 4764.71 -0.00 -18.00
v 4235.29 -0.00 -18.00
v 4235.29 -0.00 0.00
v 4764.71 -0.00 0.00
v 4764.71 529.41 0.00
v 4235.29 529.41 0.00
v 4235.29 2647.06 -18.00
v 4764.71 2647.06 -18.00
v 4764.71 2117.65 -18.00
v 4235.29 2117.65 -18.00
v 4235.29 2117.65 0.00
v 4764.71 2117.65 0.00
v 4764.71 2647.06 0.00
v 4235.29 2647.06 0.00
v 4235.29 2117.65 -18.00
v 4764.71 2117.65 -18.00
v 4764.71 2117.65 0.00
v 4235.29 2117.65 0.00
v 4764.71 2117.65 -18.00
v 4764.71 2647.06 -18.00
v 4764.71 2647.06 0.00
v 4764.71 2117.65 0.00
v 4764.71 2647.06 -18.00
v 4235.29 2647.06 -18.00
v 4235.29 2647.06 0.00
v 4764.71 2647.06 0.00
v 4235.29 2647.06 -18.00
v 4235.29 2117.65 -18.00
v 4235.29 2117.65 0.00
v 4235.29 2647.06 0.00
v 4235.29 4235.29 -18.00
v 4764.71 4235.29 -18.00
v 4764.71 3705.88 -18.00
v 4235.29 3705.88 -18.00
v 4235.29 3705.88 0.00
v 4764.71 3705.88 0.00
v 4764.71 4235.29 0.00
v 4235.29 4235.29 0.00
v 4235.29 3705.88 -18.00
v 4764.71 3705.88 -18.00
v 4764.71 3705.88 0.00
v 4235.29 3705.88 0.00
v 4764.71 3705.88 -18.00
v 4764.71 4235.29 -18.00
v 4764.71 4235.29 0.00
v 4764.71 3705.88 0.00
v 4764.71 4235.29 -18.00
v 4235.29 4235.29 -18.00
v 4235.29 4235.29 0.00
v 4764.71 4235.29 0.00
v 4235.29 4235.29 -18.00
v 4235.29 3705.88 -18.00
v 4235.29 3705.88 0.00
v 4235.29 4235.29 0.00
v 4764.71 5823.53 -18.00
v 4235.29 5823.53 -18.00
v 4235.29 5823.53 0.00
v 4764.71 5823.53 0.00
v 4235.29 5823.53 -18.00
v 4235.29 5294.12 -18.00
v 4235.29 5294.12 0.00
v 4235.29 5823.53 0.00
v 4235.29 6352.94 -18.00
v 4764.71 6352.94 -18.00
v 4764.71 5823.53 -18.00
v 4235.29 5823.53 -18.00
v 4235.29 5823.53 0.00
v 4764.71 5823.53 0.00
v 4764.71 6352.94 0.00
v 4235.29 6352.94 0.00
v 4235.29 5823.53 -18.00
v 4764.71 5823.53 -18.00
v 4764.71 5823.53 0.00
v 4235.29 5823.53 0.00
v 4764.71 5823.53 -18.00
v 4764.71 6352.94 -18.00
v 4764.71 6352.94 0.00
v 4764.71 5823.53 0.00
v 4764.71 6352.94 -18.00
v 4235.29 6352.94 -18.00
v 4235.29 6352.94 0.00
v 4764.71 6352.94 0.00
v 4235.29 6352.94 -18.00
v 4235.29 5823.53 -18.00
v 4235.29 5823.53 0.00
v 4235.29 6352.94 0.00
v 4235.29 6882.35 -18.00
v 4764.71 6882.35 -18.00
v 4764.71 6352.94 -18.00
v 4235.29 6352.94 -18.00
v 4235.29 6352.94 0.00
v 4764.71 6352.94 0.00
v 4764.71 6882.35 0.00
v 4235.29 6882.35 0.00
v 4235.29 6352.94 -18.00
v 4764.71 6352.94 -18.00
v 4764.71 6352.94 0.00
v 4235.29 6352.94 0.00
v 4764.71 6352.94 -18.00
v 4764.71 6882.35 -18.00
v 4764.71 6882.35 0.00
v 4764.71 6352.94 0.00
v 4764.71 6882.35 -18.00
v 4235.29 6882.35 -18.00
v 4235.29 6882.35 0.00
v 4764.71 6882.35 0.00
v 4235.29 6882.35 -18.00
v 4235.29 6352.94 -18.00
v 4235.29 6352.94 0.00
v 4235.29 6882.35 0.00
v 4235.29 7411.77 -18.00
v 4764.71 7411.77 -18.00
v 4764.71 6882.35 -18.00
v 4235.29 6882.35 -18.00
v 4235.29 6882.35 0.00
v 4764.71 6882.35 0.00
v 4764.71 7411.77 0.00
v 4235.29 7411.77 0.00
v 4235.29 6882.35 -18.00
v 4764.71 6882.35 -18.00
v 4764.71 6882.35 0.00
v 4235.29 6882.35 0.00
v 4764.71 6882.35 -18.00
v 4764.71 7411.77 -18.00
v 4764.71 7411.77 0.00
v 4764.71 6882.35 0.00
v 4764.71 7411.77 -18.00
v 4235.29 7411.77 -18.00
v 4235.29 7411.77 0.00
v 4764.71 7411.77 0.00
v 4235.29 7411.77 -18.00
v 4235.29 6882.35 -18.00
v 4235.29 6882.35 0.00
v 4235.29 7411.77 0.00
v 4235.29 7941.18 -18.00
v 4764.71 7941.18 -18.00
v 4764.71 7411.77 -18.00
v 4235.29 7411.77 -18.00
v 4235.29 7411.77 0.00
v 4764.71 7411.77 0.00
v 4764.71 7941.18 0.00
v 4235.29 7941.18 0.00
v 4235.29 7411.77 -18.00
v 4764.71 7411.77 -18.00
v 4764.71 7411.77 0.00
v 4235.29 7411.77 0.00
v 4764.71 7411.77 -18.00
v 4764.71 7941.18 -18.00
v 4764.71 7941.18 0.00
v 4764.71 7411.77 0.00
v 4764.71 -9000.00 -18.00
v 5294.12 -9000.00 -18.00
v 5294.12 -9000.00 0.00
v 4764.71 -9000.00 0.00
v 5294.12 -9000.00 -18.00
v 5294.12 -8470.59 -18.00
v 5294.12 -8470.59 0.00
v 5294.12 -9000.00 0.00
v 5294.12 -8470.59 -18.00
v 4764.71 -8470.59 -18.00
v 4764.71 -8470.59 0.00
v 5294.12 -8470.59 0.00
v 4764.71 -8470.59 -18.00
v 4764.71 -9000.00 -18.00
v 4764.71 -9000.00 0.00
v 4764.71 -8470.59 0.00
v 4764.71 -7941.18 -18.00
v 5294.12 -7941.18 -18.00
v 5294.12 -8470.59 -18.00
v 4764.71 -8470.59 -18.00
v 4764.71 -8470.59 0.00
v 5294.12 -8470.59 0.00
v 5294.12 -7941.18 0.00
v 4764.71 -7941.18 0.00
v 4764.71 -8470.59 -18.00
v 5294.12 -8470.59 -18.00
v 5294.12 -8470.59 0.00
v 4764.71 -8470.59 0.00
v 5294.12 -8470.59 -18.00
v 5294.12 -7941.18 -18.00
v 5294.12 -7941.18 0.00
v 5294.12 -8470.59 0.00
v 5294.12 -7941.18 -18.00
v 4764.71 -7941.18 -18.00
v 4764.71 -7941.18 0.00
v 5294.12 -7941.18 0.00
v 4764.71 -7941.18 -18.00
v 4764.71 -8470.59 -18.00
v 4764.71 -8470.59 0.00
v 4764.71 -7941.18 0.00
v 4764.71 -7411.77 -18.00
v 5294.12 -7411.77 -18.00
v 5294.12 -7941.18 -18.00
v 4764.71 -7941.18 -18.00
v 4764.71 -7941.18 0.00
v 5294.12 -7941.18 0.00
v 5294.12 -7411.77 0.00
v 4764.71 -7411.77 0.00
v 4764.71 -7941.18 -18.00
v 5294.12 -7941.18 -18.00
v 5294.12 -7941.18 0.00
v 4764.71 -7941.18 0.00
v 5294.12 -7941.18 -18.00
v 5294.12 -7411.77 -18.00
v 5294.12 -7411.77 0.00
v 5294.12 -7941.18 0.00
v 5294.12 -7411.77 -18.00
v 4764.71 -7411.77 -18.00
v 4764.71 -7411.77 0.00
v 5294.12 -7411.77 0.00
v 4764.71 -7411.77 -18.00
v 4764.71 -7941.18 -18.00
v 4764.71 -7941.18 0.00
v 4764.71 -7411.77 0.00
v 4764.71 -6882.35 -18.00
v 5294.12 -6882.35 -18.00
v 5294.12 -7411.77 -18.00
v 4764.71 -7411.77 -18.00
v 4764.71 -7411.77 0.00
v 5294.12 -7411.77 0.00
v 5294.12 -6882.35 0.00
v 4764.71 -6882.35 0.00
v 4764.71 -5294.12 -18.00
v 5294.12 -5294.12 -18.00
v 5294.12 -5823.53 -18.00
v 4764.71 -5823.53 -18.00
v 4764.71 -5823.53 0.00
v 5294.12 -5823.53 0.00
v 5294.12 -5294.12 0.00
v 4764.71 -5294.12 0.00
v 4764.71 -5823.53 -18.00
v 5294.12 -5823.53 -18.00
v 5294.12 -5823.53 0.00
v 4764.71 -5823.53 0.00
v 5294.12 -5823.53 -18.00
v 5294.12 -5294.12 -18.00
v 5294.12 -5294.12 0.00
v 5294.12 -5823.53 0.00
v 5294.12 -5294.12 -18.00
v 4764.71 -5294.12 -18.00
v 4764.71 -5294.12 0.00
v 5294.12 -5294.12 0.00
v 4764.71 -5294.12 -18.00
v 4764.71 -5823.53 -18.00
v 4764.71 -5823.53 0.00
v 4764.71 -5294.12 0.00
v 5294.12 -2647.06 -18.00
v 4764.71 -2647.06 -18.00
v 4764.71 -2647.06 0.00
v 5294.12 -2647.06 0.00
v 4764.71 -2647.06 -18.00
v 4764.71 -3176.47 -18.00
v 4764.71 -3176.47 0.00
v 4764.71 -2647.06 0.00
v 4764.71 -2117.65 -18.00
v 5294.12 -2117.65 -18.00
v 5294.12 -2647.06 -18.00
v 4764.71 -2647.06 -18.00
v 4764.71 -2647.06 0.00
v 5294.12 -2647.06 0.00
v 5294.12 -2117.65 0.00
v 4764.71 -2117.65 0.00
v 4764.71 -2647.06 -18.00
v 5294.12 -2647.06 -18.00
v 5294.12 -2647.06 0.00
v 4764.71 -2647.06 0.00
v 5294.12 -2647.06 -18.00
v 5294.12 -2117.65 -18.00
v 5294.12 -2117.65 0.00
v 5294.12 -2647.06 0.00
v 5294.12 -2117.65 -18.00
v 4764.71 -2117.65 -18.00
v 4764.71 -2117.65 0.00
v 5294.12 -2117.65 0.00
v 4764.71 -2117.65 -18.00
v 4764.71 -2647.06 -18.00
v 4764.71 -2647.06 0.00
v 4764.71 -2117.65 0.00
v 4764.71 -1588.23 -18.00
v 5294.12 -1588.23 -18.00
v 5294.12 -2117.65 -18.00
v 4764.71 -2117.65 -18.00
v 4764.71 -2117.65 0.00
v 5294.12 -2117.65 0.00
v 5294.12 -1588.23 0.00
v 4764.71 -1588.23 0.00
v 4764.71 -2117.65 -18.00
v 5294.12 -2117.65 -18.00
v 5294.12 -2117.65 0.00
v 4764.71 -2117.65 0.00
v 5294.12 -2117.65 -18.00
v 5294.12 -1588.23 -18.00
v 5294.12 -1588.23 0.00
v 5294.12 -2117.65 0.00
v 5294.12 -1588.23 -18.00
v 4764.71 -1588.23 -18.00
v 4764.71 -1588.23 0.00
v 5294.12 -1588.23 0.00
v 4764.71 -1588.23 -18.00
v 4764.71 -2117.65 -18.00
v 4764.71 -2117.65 0.00
v 4764.71 -1588.23 0.00
v 4764.71 -1058.82 -18.00
v 5294.12 -1058.82 -18.00
v 5294.12 -1588.23 -18.00
v 4764.71 -1588.23 -18.00
v 4764.71 -1588.23 0.00
v 5294.12 -1588.23 0.00
v 5294.12 -1058.82 0.00
v 4764.71 -1058.82 0.00
v 4764.71 -1588.23 -18.00
v 5294.12 -1588.23 -18.00
v 5294.12 -1588.23 0.00
v 4764.71 -1588.23 0.00
v 5294.12 -1588.23 -18.00
v 5294.12 -1058.82 -18.00
v 5294.12 -1058.82 0.00
v 5294.12 -1588.23 0.00
v 5294.12 -1058.82 -18.00
v 4764.71 -1058.82 -18.00
v 4764.71 -1058.82 0.00
v 5294.12 -1058.82 0.00
v 4764.71 -1058.82 -18.00
v 4764.71 -1588.23 -18.00
v 4764.71 -1588.23 0.00
v 4764.71 -1058.82 0.00
v 4764.71 -529.41 -18.00
v 5294.12 -529.41 -18.00
v 5294.12 -1058.82 -18.00
v 4764.71 -1058.82 -18.00
v 4764.71 -1058.82 0.00
v 5294.12 -1058.82 0.00
v 5294.12 -529.41 0.00
v 4764.71 -529.41 0.00
v 4764.71 -1058.82 -18.00
v 5294.12 -1058.82 -18.00
v 5294.12 -1058.82 0.00
v 4764.71 -1058.82 0.00
v 5294.12 -1058.82 -18.00
v 5294.12 -529.41 -18.00
v 5294.12 -529.41 0.00
v 5294.12 -1058.82 0.00
v 4764.71 529.41 -18.00
v 5294.12 529.41 -18.00
v 5294.12 529.41 0.00
v 4764.71 529.41 0.00
v 5294.12 529.41 -18.00
v 5294.12 1058.82 -18.00
v 5294.12 1058.82 0.00
v 5294.12 529.41 0.00
v 5294.12 1058.82 -18.00
v 4764.71 1058.82 -18.00
v 4764.71 1058.82 0.00
v 5294.12 1058.82 0.00
v 4764.71 1058.82 -18.00
v 4764.71 529.41 -18.00
v 4764.71 529.41 0.00
v 4764.71 1058.82 0.00
v 4764.71 1588.23 -18.00
v 5294.12 1588.23 -18.00
v 5294.12 1058.82 -18.00
v 4764.71 1058.82 -18.00
v 4764.71 1058.82 0.00
v 5294.12 1058.82 0.00
v 5294.12 1588.23 0.00
v 4764.71 1588.23 0.00
v 4764.71 2117.65 -18.00
v 5294.12 2117.65 -18.00
v 5294.12 2117.65 0.00
v 4764.71 2117.65 0.00
v 5294.12 2117.65 -18.00
v 5294.12 2647.06 -18.00
v 5294.12 2647.06 0.00
v 5294.12 2117.65 0.00
v 5294.12 2647.06 -18.00
v 4764.71 2647.06 -18.00
v 4764.71 2647.06 0.00
v 5294.12 2647.06 0.00
v 4764.71 2647.06 -18.00
v 4764.71 2117.65 -18.00
v 4764.71 2117.65 0.00
v 4764.71 2647.06 0.00
v 4764.71 3176.47 -18.00
v 5294.12 3176.47 -18.00
v 5294.12 2647.06 -18.00
v 4764.71 2647.06 -18.00
v 4764.71 2647.06 0.00
v 5294.12 2647.06 0.00
v 5294.12 3176.47 0.00
v 4764.71 3176.47 0.00
v 4764.71 4764.71 -18.00
v 5294.12 4764.71 -18.00
v 5294.12 4235.29 -18.00
v 4764.71 4235.29 -18.00
v 4764.71 4235.29 0.00
v 5294.12 4235.29 0.00
v 5294.12 4764.71 0.00
v 4764.71 4764.71 0.00
v 4764.71 4235.29 -18.00
v 5294.12 4235.29 -18.00
v 5294.12 4235.29 0.00
v 4764.71 4235.29 0.00
v 5294.12 4235.29 -18.00
v 5294.12 4764.71 -18.00
v 5294.12 4764.71 0.00
v 5294.12 4235.29 0.00
v 5294.12 4764.71 -18.00
v 4764.71 4764.71 -18.00
v 4764.71 4764.71 0.00
v 5294.12 4764.71 0.00
v 4764.71 4764.71 -18.00
v 4764.71 4235.29 -18.00
v 4764.71 4235.29 0.00
v 4764.71 4764.71 0.00
v 4764.71 5294.12 -18.00
v 5294.12 5294.12 -18.00
v 5294.12 4764.71 -18.00
v 4764.71 4764.71 -18.00
v 4764.71 4764.71 0.00
v 5294.12 4764.71 0.00
v 5294.12 5294.12 0.00
v 4764.71 5294.12 0.00
v 4764.71 4764.71 -18.00
v 5294.12 4764.71 -18.00
v 5294.12 4764.71 0.00
v 4764.71 4764.71 0.00
v 5294.12 4764.71 -18.00
v 5294.12 5294.12 -18.00
v 5294.12 5294.12 0.00
v 5294.12 4764.71 0.00
v 5294.12 5294.12 -18.00
v 4764.71 5294.12 -18.00
v 4764.71 5294.12 0.00
v 5294.12 5294.12 0.00
v 4764.71 5294.12 -18.00
v 4764.71 4764.71 -18.00
v 4764.71 4764.71 0.00
v 4764.71 5294.12 0.00
v 4764.71 6352.94 -18.00
v 5294.12 6352.94 -18.00
v 5294.12 5823.53 -18.00
v 4764.71 5823.53 -18.00
v 4764.71 5823.53 0.00
v 5294.12 5823.53 0.00
v 5294.12 6352.94 0.00
v 4764.71 6352.94 0.00
v 4764.71 5823.53 -18.00
v 5294.12 5823.53 -18.00
v 5294.12 5823.53 0.00
v 4764.71 5823.53 0.00
v 5294.12 5823.53 -18.00
v 5294.12 6352.94 -18.00
v 5294.12 6352.94 0.00
v 5294.12 5823.53 0.00
v 5294.12 6352.94 -18.00
v 4764.71 6352.94 -18.00
v 4764.71 6352.94 0.00
v 5294.12 6352.94 0.00
v 4764.71 6352.94 -18.00
v 4764.71 5823.53 -18.00
v 4764.71 5823.53 0.00
v 4764.71 6352.94 0.00
v 4764.71 7941.18 0.00
v 5294.12 7941.18 0.00
v 5294.12 8470.59 0.00
v 4764.71 8470.59 0.00
v 4764.71 7941.18 -18.00
v 5294.12 7941.18 -18.00
v 5294.12 7941.18 0.00
v 4764.71 7941.18 0.00
v 5294.12 7941.18 -18.00
v 5294.12 8470.59 -18.00
v 5294.12 8470.59 0.00
v 5294.12 7941.18 0.00
v 5294.12 8470.59 -18.00
v 4764.71 8470.59 -18.00
v 4764.71 8470.59 0.00
v 5294.12 8470.59 0.00
v 4764.71 8470.59 -18.00
v 4764.71 7941.18 -18.00
v 4764.71 7941.18 0.00
v 4764.71 8470.59 0.00
v 4764.71 9000.00 -18.00
v 5294.12 9000.00 -18.00
v 5294.12 8470.59 -18.00
v 4764.71 8470.59 -18.00
v 4764.71 8470.59 0.00
v 5294.12 8470.59 0.00
v 5294.12 9000.00 0.00
v 4764.71 9000.00 0.00
v 4764.71 8470.59 -18.00
v 5294.12 8470.59 -18.00
v 5294.12 8470.59 0.00
v 4764.71 8470.59 0.00
v 5294.12 8470.59 -18.00
v 5294.12 9000.00 -18.00
v 5294.12 9000.00 0.00
v 5294.12 8470.59 0.00
v 5294.12 9000.00 -18.00
v 4764.71 9000.00 -18.00
v 4764.71 9000.00 0.00
v 5294.12 9000.00 0.00
v 4764.71 9000.00 -18.00
v 4764.71 8470.59 -18.00
v 4764.71 8470.59 0.00
v 4764.71 9000.00 0.00
v 5294.12 -8470.59 -18.00
v 5823.53 -8470.59 -18.00
v 5823.53 -9000.00 -18.00
v 5294.12 -9000.00 -18.00
v 5294.12 -9000.00 0.00
v 5823.53 -9000.00 0.00
v 5823.53 -8470.59 0.00
v 5294.12 -8470.59 0.00
v 5294.12 -9000.00 -18.00
v 5823.53 -9000.00 -18.00
v 5823.53 -9000.00 0.00
v 5294.12 -9000.00 0.00
v 5294.12 -7941.18 0.00
v 5823.53 -7941.18 0.00
v 5823.53 -7411.77 0.00
v 5294.12 -7411.77 0.00
v 5294.12 -7941.18 -18.00
v 5823.53 -7941.18 -18.00
v 5823.53 -7941.18 0.00
v 5294.12 -7941.18 0.00
v 5823.53 -7941.18 -18.00
v 5823.53 -7411.77 -18.00
v 5823.53 -7411.77 0.00
v 5823.53 -7941.18 0.00
v 5823.53 -7411.77 -18.00
v 5294.12 -7411.77 -18.00
v 5294.12 -7411.77 0.00
v 5823.53 -7411.77 0.00
v 5294.12 -7411.77 -18.00
v 5294.12 -7941.18 -18.00
v 5294.12 -7941.18 0.00
v 5294.12 -7411.77 0.00
v 5294.12 -6882.35 -18.00
v 5823.53 -6882.35 -18.00
v 5823.53 -7411.77 -18.00
v 5294.12 -7411.77 -18.00
v 5294.12 -7411.77 0.00
v 5823.53 -7411.77 0.00
v 5823.53 -6882.35 0.00
v 5294.12 -6882.35 0.00
v 5294.12 -7411.77 -18.00
v 5823.53 -7411.77 -18.00
v 5823.53 -7411.77 0.00
v 5294.12 -7411.77 0.00
v 5823.53 -7411.77 -18.00
v 5823.53 -6882.35 -18.00
v 5823.53 -6882.35 0.00
v 5823.53 -7411.77 0.00
v 5823.53 -6882.35 -18.00
v 5294.12 -6882.35 -18.00
v 5294.12 -6882.35 0.00
v 5823.53 -6882.35 0.00
v 5294.12 -6882.35 -18.00
v 5294.12 -7411.77 -18.00
v 5294.12 -7411.77 0.00
v 5294.12 -6882.35 0.00
v 5294.12 -6352.94 -18.00
v 5823.53 -6352.94 -18.00
v 5823.53 -6882.35 -18.00
v 5294.12 -6882.35 -18.00
v 5294.12 -6352.94 0.00
v 5823.53 -6352.94 0.00
v 5823.53 -5823.53 0.00
v 5294.12 -5823.53 0.00
v 5294.12 -6352.94 -18.00
v 5823.53 -6352.94 -18.00
v 5823.53 -6352.94 0.00
v 5294.12 -6352.94 0.00
v 5823.53 -6352.94 -18.00
v 5823.53 -5823.53 -18.00
v 5823.53 -5823.53 0.00
v 5823.53 -6352.94 0.00
v 5823.53 -5823.53 -18.00
v 5294.12 -5823.53 -18.00
v 5294.12 -5823.53 0.00
v 5823.53 -5823.53 0.00
v 5294.12 -5823.53 -18.00
v 5294.12 -6352.94 -18.00
v 5294.12 -6352.94 0.00
v 5294.12 -5823.53 0.00
v 5294.12 -5294.12 -18.00
v 5823.53 -5294.12 -18.00
v 5823.53 -5823.53 -18.00
v 5294.12 -5823.53 -18.00
v 5294.12 -3705.88 -18.00
v 5294.12 -4235.29 -18.00
v 5294.12 -4235.29 0.00
v 5294.12 -3705.88 0.00
v 5294.12 -3176.47 -18.00
v 5823.53 -3176.47 -18.00
v 5823.53 -3705.88 -18.00
v 5294.12 -3705.88 -18.00
v 5294.12 -3705.88 0.00
v 5823.53 -3705.88 0.00
v 5823.53 -3176.47 0.00
v 5294.12 -3176.47 0.00
v 5294.12 -3705.88 -18.00
v 5823.53 -3705.88 -18.00
v 5823.53 -3705.88 0.00
v 5294.12 -3705.88 0.00
v 5823.53 -3705.88 -18.00
v 5823.53 -3176.47 -18.00
v 5823.53 -3176.47 0.00
v 5823.53 -3705.88 0.00
v 5823.53 -3176.47 -18.00
v 5294.12 -3176.47 -18.00
v 5294.12 -3176.47 0.00
v 5823.53 -3176.47 0.00
v 5823.53 -529.41 -18.00
v 5823.53 -0.00 -18.00
v 5823.53 -0.00 0.00
v 5823.53 -529.41 0.00
v 5823.53 -0.00 -18.00
v 5294.12 -0.00 -18.00
v 5294.12 -0.00 0.00
v 5823.53 -0.00 0.00
v 5294.12 -0.00 -18.00
v 5294.12 -529.41 -18.00
v 5294.12 -529.41 0.00
v 5294.12 -0.00 0.00
v 5294.12 529.41 -18.00
v 5823.53 529.41 -18.00
v 5823.53 -0.00 -18.00
v 5294.12 -0.00 -18.00
v 5294.12 -0.00 0.00
v 5823.53 -0.00 0.00
v 5823.53 529.41 0.00
v 5294.12 529.41 0.00
v 5294.12 -0.00 -18.00
v 5823.53 -0.00 -18.00
v 5823.53 -0.00 0.00
v 5294.12 -0.00 0.00
v 5823.53 -0.00 -18.00
v 5823.53 529.41 -18.00
v 5823.53 529.41 0.00
v 5823.53 -0.00 0.00
v 5823.53 529.41 -18.00
v 5294.12 529.41 -18.00
v 5294.12 529.41 0.00
v 5823.53 529.41 0.00
v 5294.12 529.41 -18.00
v 5294.12 -0.00 -18.00
v 5294.12 -0.00 0.00
v 5294.12 529.41 0.00
v 5294.12 1058.82 -18.00
v 5823.53 1058.82 -18.00
v 5823.53 529.41 -18.00
v 5294.12 529.41 -18.00
v 5294.12 529.41 0.00
v 5823.53 529.41 0.00
v 5823.53 1058.82 0.00
v 5294.12 1058.82 0.00
v 5294.12 529.41 -18.00
v 5823.53 529.41 -18.00
v 5823.53 529.41 0.00
v 5294.12 529.41 0.00
v 5294.12 3176.47 0.00
v 5823.53 3176.47 0.00
v 5823.53 3705.88 0.00
v 5294.12 3705.88 0.00
v 5294.12 3176.47 -18.00
v 5823.53 3176.47 -18.00
v 5823.53 3176.47 0.00
v 5294.12 3176.47 0.00
v 5823.53 3176.47 -18.00
v 5823.53 3705.88 -18.00
v 5823.53 3705.88 0.00
v 5823.53 3176.47 0.00
v 5823.53 3705.88 -18.00
v 5294.12 3705.88 -18.00
v 5294.12 3705.88 0.00
v 5823.53 3705.88 0.00
v 5294.12 3705.88 -18.00
v 5294.12 3176.47 -18.00
v 5294.12 3176.47 0.00
v 5294.12 3705.88 0.00
v 5294.12 4235.29 -18.00
v 5823.53 4235.29 -18.00
v 5823.53 3705.88 -18.00
v 5294.12 3705.88 -18.00
v 5294.12 7941.18 -18.00
v 5294.12 7411.77 -18.00
v 5294.12 7411.77 0.00
v 5294.12 7941.18 0.00
v 5294.12 8470.59 -18.00
v 5823.53 8470.59 -18.00
v 5823.53 7941.18 -18.00
v 5294.12 7941.18 -18.00
v 5294.12 7941.18 0.00
v 5823.53 7941.18 0.00
v 5823.53 8470.59 0.00
v 5294.12 8470.59 0.00
v 5294.12 7941.18 -18.00
v 5823.53 7941.18 -18.00
v 5823.53 7941.18 0.00
v 5294.12 7941.18 0.00
v 5823.53 7941.18 -18.00
v 5823.53 8470.59 -18.00
v 5823.53 8470.59 0.00
v 5823.53 7941.18 0.00
v 5823.53 8470.59 -18.00
v 5294.12 8470.59 -18.00
v 5294.12 8470.59 0.00
v 5823.53 8470.59 0.00
v 5294.12 8470.59 -18.00
v 5294.12 7941.18 -18.00
v 5294.12 7941.18 0.00
v 5294.12 8470.59 0.00
v 5294.12 9000.00 -18.00
v 5823.53 9000.00 -18.00
v 5823.53 8470.59 -18.00
v 5294.12 8470.59 -18.00
v 5294.12 8470.59 0.00
v 5823.53 8470.59 0.00
v 5823.53 9000.00 0.00
v 5294.12 9000.00 0.00
v 5294.12 8470.59 -18.00
v 5823.53 8470.59 -18.00
v 5823.53 8470.59 0.00
v 5294.12 8470.59 0.00
v 5823.53 8470.59 -18.00
v 5823.53 9000.00 -18.00
v 5823.53 9000.00 0.00
v 5823.53 8470.59 0.00
v 5823.53 9000.00 -18.00
v 5294.12 9000.00 -18.00
v 5294.12 9000.00 0.00
v 5823.53 9000.00 0.00
v 6352.94 -7411.77 -18.00
v 6352.94 -6882.35 -18.00
v 6352.94 -6882.35 0.00
v 6352.94 -7411.77 0.00
v 6352.94 -6882.35 -18.00
v 5823.53 -6882.35 -18.00
v 5823.53 -6882.35 0.00
v 6352.94 -6882.35 0.00
v 5823.53 -6882.35 -18.00
v 5823.53 -7411.77 -18.00
v 5823.53 -7411.77 0.00
v 5823.53 -6882.35 0.00
v 5823.53 -6352.94 -18.00
v 6352.94 -6352.94 -18.00
v 6352.94 -6882.35 -18.00
v 5823.53 -6882.35 -18.00
v 5823.53 -6882.35 0.00
v 6352.94 -6882.35 0.00
v 6352.94 -6352.94 0.00
v 5823.53 -6352.94 0.00
v 5823.53 -6882.35 -18.00
v 6352.94 -6882.35 -18.00
v 6352.94 -6882.35 0.00
v 5823.53 -6882.35 0.00
v 6352.94 -6882.35 -18.00
v 6352.94 -6352.94 -18.00
v 6352.94 -6352.94 0.00
v 6352.94 -6882.35 0.00
v 6352.94 -6352.94 -18.00
v 5823.53 -6352.94 -18.00
v 5823.53 -6352.94 0.00
v 6352.94 -6352.94 0.00
v 5823.53 -6352.94 -18.00
v 5823.53 -6882.35 -18.00
v 5823.53 -6882.35 0.00
v 5823.53 -6352.94 0.00
v 5823.53 -5823.53 -18.00
v 6352.94 -5823.53 -18.00
v 6352.94 -6352.94 -18.00
v 5823.53 -6352.94 -18.00
v 5823.53 -6352.94 0.00
v 6352.94 -6352.94 0.00
v 6352.94 -5823.53 0.00
v 5823.53 -5823.53 0.00
v 5823.53 -6352.94 -18.00
v 6352.94 -6352.94 -18.00
v 6352.94 -6352.94 0.00
v 5823.53 -6352.94 0.00
v 6352.94 -6352.94 -18.00
v 6352.94 -5823.53 -18.00
v 6352.94 -5823.53 0.00
v 6352.94 -6352.94 0.00
v 6352.94 -5823.53 -18.00
v 5823.53 -5823.53 -18.00
v 5823.53 -5823.53 0.00
v 6352.94 -5823.53 0.00
v 5823.53 -5823.53 -18.00
v 5823.53 -6352.94 -18.00
v 5823.53 -6352.94 0.00
v 5823.53 -5823.53 0.00
v 5823.53 -5294.12 -18.00
v 6352.94 -5294.12 -18.00
v 6352.94 -5823.53 -18.00
v 5823.53 -5823.53 -18.00
v 5823.53 -5823.53 0.00
v 6352.94 -5823.53 0.00
v 6352.94 -5294.12 0.00
v 5823.53 -5294.12 0.00
v 5823.53 -5823.53 -18.00
v 6352.94 -5823.53 -18.00
v 6352.94 -5823.53 0.00
v 5823.53 -5823.53 0.00
v 5823.53 -3705.88 0.00
v 6352.94 -3705.88 0.00
v 6352.94 -3176.47 0.00
v 5823.53 -3176.47 0.00
v 5823.53 -3705.88 -18.00
v 6352.94 -3705.88 -18.00
v 6352.94 -3705.88 0.00
v 5823.53 -3705.88 0.00
v 6352.94 -3705.88 -18.00
v 6352.94 -3176.47 -18.00
v 6352.94 -3176.47 0.00
v 6352.94 -3705.88 0.00
v 6352.94 -3176.47 -18.00
v 5823.53 -3176.47 -18.00
v 5823.53 -3176.47 0.00
v 6352.94 -3176.47 0.00
v 5823.53 -3176.47 -18.00
v 5823.53 -3705.88 -18.00
v 5823.53 -3705.88 0.00
v 5823.53 -3176.47 0.00
v 5823.53 -2647.06 -18.00
v 6352.94 -2647.06 -18.00
v 6352.94 -3176.47 -18.00
v 5823.53 -3176.47 -18.00
v 5823.53 -3176.47 0.00
v 6352.94 -3176.47 0.00
v 6352.94 -2647.06 0.00
v 5823.53 -2647.06 0.00
v 5823.53 -3176.47 -18.00
v 6352.94 -3176.47 -18.00
v 6352.94 -3176.47 0.00
v 5823.53 -3176.47 0.00
v 6352.94 -3176.47 -18.00
v 6352.94 -2647.06 -18.00
v 6352.94 -2647.06 0.00
v 6352.94 -3176.47 0.00
v 6352.94 -2647.06 -18.00
v 5823.53 -2647.06 -18.00
v 5823.53 -2647.06 0.00
v 6352.94 -2647.06 0.00
v 5823.53 -2647.06 -18.00
v 5823.53 -3176.47 -18.00
v 5823.53 -3176.47 0.00
v 5823.53 -2647.06 0.00
v 5823.53 -2117.65 -18.00
v 6352.94 -2117.65 -18.00
v 6352.94 -2647.06 -18.00
v 5823.53 -2647.06 -18.00
v 5823.53 -2647.06 0.00
v 6352.94 -2647.06 0.00
v 6352.94 -2117.65 0.00
v 5823.53 -2117.65 0.00
v 5823.53 -2647.06 -18.00
v 6352.94 -2647.06 -18.00
v 6352.94 -2647.06 0.00
v 5823.53 -2647.06 0.00
v 6352.94 -2647.06 -18.00
v 6352.94 -2117.65 -18.00
v 6352.94 -2117.65 0.00
v 6352.94 -2647.06 0.00
v 6352.94 -2117.65 -18.00
v 5823.53 -2117.65 -18.00
v 5823.53 -2117.65 0.00
v 6352.94 -2117.65 0.00
v 5823.53 -2117.65 -18.00
v 5823.53 -2647.06 -18.00
v 5823.53 -2647.06 0.00
v 5823.53 -2117.65 0.00
v 5823.53 -1588.23 -18.00
v 6352.94 -1588.23 -18.00
v 6352.94 -2117.65 -18.00
v 5823.53 -2117.65 -18.00
v 5823.53 -2117.65 0.00
v 6352.94 -2117.65 0.00
v 6352.94 -1588.23 0.00
v 5823.53 -1588.23 0.00
v 5823.53 -2117.65 -18.00
v 6352.94 -2117.65 -18.00
v 6352.94 -2117.65 0.00
v 5823.53 -2117.65 0.00
v 6352.94 -2117.65 -18.00
v 6352.94 -1588.23 -18.00
v 6352.94 -1588.23 0.00
v 6352.94 -2117.65 0.00
v 6352.94 -1588.23 -18.00
v 5823.53 -1588.23 -18.00
v 5823.53 -1588.23 0.00
v 6352.94 -1588.23 0.00
v 5823.53 -1588.23 -18.00
v 5823.53 -2117.65 -18.00
v 5823.53 -2117.65 0.00
v 5823.53 -1588.23 0.00
v 5823.53 -1058.82 -18.00
v 6352.94 -1058.82 -18.00
v 6352.94 -1588.23 -18.00
v 5823.53 -1588.23 -18.00
v 5823.53 -0.00 -18.00
v 5823.53 -529.41 -18.00
v 5823.53 -529.41 0.00
v 5823.53 -0.00 0.00
v 5823.53 529.41 -18.00
v 6352.94 529.41 -18.00
v 6352.94 -0.00 -18.00
v 5823.53 -0.00 -18.00
v 5823.53 -0.00 0.00
v 6352.94 -0.00 0.00
v 6352.94 529.41 0.00
v 5823.53 529.41 0.00
v 5823.53 -0.00 -18.00
v 6352.94 -0.00 -18.00
v 6352.94 -0.00 0.00
v 5823.53 -0.00 0.00
v 6352.94 -0.00 -18.00
v 6352.94 529.41 -18.00
v 6352.94 529.41 0.00
v 6352.94 -0.00 0.00
v 6352.94 529.41 -18.00
v 5823.53 529.41 -18.00
v 5823.53 529.41 0.00
v 6352.94 529.41 0.00
v 5823.53 529.41 -18.00
v 5823.53 -0.00 -18.00
v 5823.53 -0.00 0.00
v 5823.53 529.41 0.00
v 5823.53 1058.82 -18.00
v 6352.94 1058.82 -18.00
v 6352.94 529.41 -18.00
v 5823.53 529.41 -18.00
v 5823.53 529.41 0.00
v 6352.94 529.41 0.00
v 6352.94 1058.82 0.00
v 5823.53 1058.82 0.00
v 5823.53 529.41 -18.00
v 6352.94 529.41 -18.00
v 6352.94 529.41 0.00
v 5823.53 529.41 0.00
v 6352.94 529.41 -18.00
v 6352.94 1058.82 -18.00
v 6352.94 1058.82 0.00
v 6352.94 529.41 0.00
v 6352.94 1058.82 -18.00
v 5823.53 1058.82 -18.00
v 5823.53 1058.82 0.00
v 6352.94 1058.82 0.00
v 6352.94 3176.47 -18.00
v 6352.94 3705.88 -18.00
v 6352.94 3705.88 0.00
v 6352.94 3176.47 0.00
v 6352.94 3705.88 -18.00
v 5823.53 3705.88 -18.00
v 5823.53 3705.88 0.00
v 6352.94 3705.88 0.00
v 5823.53 3705.88 -18.00
v 5823.53 3176.47 -18.00
v 5823.53 3176.47 0.00
v 5823.53 3705.88 0.00
v 5823.53 4235.29 -18.00
v 6352.94 4235.29 -18.00
v 6352.94 3705.88 -18.00
v 5823.53 3705.88 -18.00
v 5823.53 3705.88 0.00
v 6352.94 3705.88 0.00
v 6352.94 4235.29 0.00
v 5823.53 4235.29 0.00
v 5823.53 3705.88 -18.00
v 6352.94 3705.88 -18.00
v 6352.94 3705.88 0.00
v 5823.53 3705.88 0.00
v 6352.94 3705.88 -18.00
v 6352.94 4235.29 -18.00
v 6352.94 4235.29 0.00
v 6352.94 3705.88 0.00
v 6352.94 4235.29 -18.00
v 5823.53 4235.29 -18.00
v 5823.53 4235.29 0.00
v 6352.94 4235.29 0.00
v 5823.53 4235.29 -18.00
v 5823.53 3705.88 -18.00
v 5823.53 3705.88 0.00
v 5823.53 4235.29 0.00
v 5823.53 4764.71 -18.00
v 6352.94 4764.71 -18.00
v 6352.94 4235.29 -18.00
v 5823.53 4235.29 -18.00
v 5823.53 4235.29 0.00
v 6352.94 4235.29 0.00
v 6352.94 4764.71 0.00
v 5823.53 4764.71 0.00
v 5823.53 4235.29 -18.00
v 6352.94 4235.29 -18.00
v 6352.94 4235.29 0.00
v 5823.53 4235.29 0.00
v 6352.94 4235.29 -18.00
v 6352.94 4764.71 -18.00
v 6352.94 4764.71 0.00
v 6352.94 4235.29 0.00
v 6352.94 4764.71 -18.00
v 5823.53 4764.71 -18.00
v 5823.53 4764.71 0.00
v 6352.94 4764.71 0.00
v 5823.53 4764.71 -18.00
v 5823.53 4235.29 -18.00
v 5823.53 4235.29 0.00
v 5823.53 4764.71 0.00
v 5823.53 5294.12 -18.00
v 6352.94 5294.12 -18.00
v 6352.94 4764.71 -18.00
v 5823.53 4764.71 -18.00
v 5823.53 4764.71 0.00
v 6352.94 4764.71 0.00
v 6352.94 5294.12 0.00
v 5823.53 5294.12 0.00
v 5823.53 4764.71 -18.00
v 6352.94 4764.71 -18.00
v 6352.94 4764.71 0.00
v 5823.53 4764.71 0.00
v 6352.94 4764.71 -18.00
v 6352.94 5294.12 -18.00
v 6352.94 5294.12 0.00
v 6352.94 4764.71 0.00
v 6352.94 5294.12 -18.00
v 5823.53 5294.12 -18.00
v 5823.53 5294.12 0.00
v 6352.94 5294.12 0.00
v 5823.53 5294.12 -18.00
v 5823.53 4764.71 -18.00
v 5823.53 4764.71 0.00
v 5823.53 5294.12 0.00
v 5823.53 5823.53 -18.00
v 6352.94 5823.53 -18.00
v 6352.94 5294.12 -18.00
v 5823.53 5294.12 -18.00
v 5823.53 5294.12 0.00
v 6352.94 5294.12 0.00
v 6352.94 5823.53 0.00
v 5823.53 5823.53 0.00
v 5823.53 5294.12 -18.00
v 6352.94 5294.12 -18.00
v 6352.94 5294.12 0.00
v 5823.53 5294.12 0.00
v 5823.53 6882.35 0.00
v 6352.94 6882.35 0.00
v 6352.94 7411.77 0.00
v 5823.53 7411.77 0.00
v 5823.53 6882.35 -18.00
v 6352.94 6882.35 -18.00
v 6352.94 6882.35 0.00
v 5823.53 6882.35 0.00
v 6352.94 6882.35 -18.00
v 6352.94 7411.77 -18.00
v 6352.94 7411.77 0.00
v 6352.94 6882.35 0.00
v 6352.94 7411.77 -18.00
v 5823.53 7411.77 -18.00
v 5823.53 7411.77 0.00
v 6352.94 7411.77 0.00
v 5823.53 7411.77 -18.00
v 5823.53 6882.35 -18.00
v 5823.53 6882.35 0.00
v 5823.53 7411.77 0.00
v 5823.53 7941.18 -18.00
v 6352.94 7941.18 -18.00
v 6352.94 7411.77 -18.00
v 5823.53 7411.77 -18.00
v 5823.53 7941.18 0.00
v 6352.94 7941.18 0.00
v 6352.94 8470.59 0.00
v 5823.53 8470.59 0.00
v 5823.53 7941.18 -18.00
v 6352.94 7941.18 -18.00
v 6352.94 7941.18 0.00
v 5823.53 7941.18 0.00
v 6352.94 7941.18 -18.00
v 6352.94 8470.59 -18.00
v 6352.94 8470.59 0.00
v 6352.94 7941.18 0.00
v 6352.94 8470.59 -18.00
v 5823.53 8470.59 -18.00
v 5823.53 8470.59 0.00
v 6352.94 8470.59 0.00
v 5823.53 8470.59 -18.00
v 5823.53 7941.18 -18.00
v 5823.53 7941.18 0.00
v 5823.53 8470.59 0.00
v 5823.53 9000.00 -18.00
v 6352.94 9000.00 -18.00
v 6352.94 8470.59 -18.00
v 5823.53 8470.59 -18.00
v 5823.53 8470.59 0.00
v 6352.94 8470.59 0.00
v 6352.94 9000.00 0.00
v 5823.53 9000.00 0.00
v 5823.53 8470.59 -18.00
v 6352.94 8470.59 -18.00
v 6352.94 8470.59 0.00
v 5823.53 8470.59 0.00
v 6352.94 8470.59 -18.00
v 6352.94 9000.00 -18.00
v 6352.94 9000.00 0.00
v 6352.94 8470.59 0.00
v 6352.94 9000.00 -18.00
v 5823.53 9000.00 -18.00
v 5823.53 9000.00 0.00
v 6352.94 9000.00 0.00
v 5823.53 9000.00 -18.00
v 5823.53 8470.59 -18.00
v 5823.53 8470.59 0.00
v 5823.53 9000.00 0.00
v 6352.94 -8470.59 -18.00
v 6882.35 -8470.59 -18.00
v 6882.35 -9000.00 -18.00
v 6352.94 -9000.00 -18.00
v 6352.94 -7411.77 -18.00
v 6352.94 -7941.18 -18.00
v 6352.94 -7941.18 0.00
v 6352.94 -7411.77 0.00
v 6352.94 -6882.35 -18.00
v 6882.35 -6882.35 -18.00
v 6882.35 -7411.77 -18.00
v 6352.94 -7411.77 -18.00
v 6352.94 -7411.77 0.00
v 6882.35 -7411.77 0.00
v 6882.35 -6882.35 0.00
v 6352.94 -6882.35 0.00
v 6352.94 -7411.77 -18.00
v 6882.35 -7411.77 -18.00
v 6882.35 -7411.77 0.00
v 6352.94 -7411.77 0.00
v 6882.35 -7411.77 -18.00
v 6882.35 -6882.35 -18.00
v 6882.35 -6882.35 0.00
v 6882.35 -7411.77 0.00
v 6882.35 -6882.35 -18.00
v 6352.94 -6882.35 -18.00
v 6352.94 -6882.35 0.00
v 6882.35 -6882.35 0.00
v 6352.94 -6352.94 -18.00
v 6352.94 -6882.35 -18.00
v 6352.94 -6882.35 0.00
v 6352.94 -6352.94 0.00
v 6352.94 -5823.53 -18.00
v 6882.35 -5823.53 -18.00
v 6882.35 -6352.94 -18.00
v 6352.94 -6352.94 -18.00
v 6352.94 -6352.94 0.00
v 6882.35 -6352.94 0.00
v 6882.35 -5823.53 0.00
v 6352.94 -5823.53 0.00
v 6352.94 -6352.94 -18.00
v 6882.35 -6352.94 -18.00
v 6882.35 -6352.94 0.00
v 6352.94 -6352.94 0.00
v 6882.35 -6352.94 -18.00
v 6882.35 -5823.53 -18.00
v 6882.35 -5823.53 0.00
v 6882.35 -6352.94 0.00
v 6882.35 -5823.53 -18.00
v 6352.94 -5823.53 -18.00
v 6352.94 -5823.53 0.00
v 6882.35 -5823.53 0.00
v 6882.35 -3176.47 -18.00
v 6882.35 -2647.06 -18.00
v 6882.35 -2647.06 0.00
v 6882.35 -3176.47 0.00
v 6882.35 -2647.06 -18.00
v 6352.94 -2647.06 -18.00
v 6352.94 -2647.06 0.00
v 6882.35 -2647.06 0.00
v 6352.94 -2647.06 -18.00
v 6352.94 -3176.47 -18.00
v 6352.94 -3176.47 0.00
v 6352.94 -2647.06 0.00
v 6352.94 -2117.65 -18.00
v 6882.35 -2117.65 -18.00
v 6882.35 -2647.06 -18.00
v 6352.94 -2647.06 -18.00
v 6352.94 -2647.06 0.00
v 6882.35 -2647.06 0.00
v 6882.35 -2117.65 0.00
v 6352.94 -2117.65 0.00
v 6352.94 -2647.06 -18.00
v 6882.35 -2647.06 -18.00
v 6882.35 -2647.06 0.00
v 6352.94 -2647.06 0.00
v 6352.94 -1588.23 0.00
v 6882.35 -1588.23 0.00
v 6882.35 -1058.82 0.00
v 6352.94 -1058.82 0.00
v 6352.94 -1588.23 -18.00
v 6882.35 -1588.23 -18.00
v 6882.35 -1588.23 0.00
v 6352.94 -1588.23 0.00
v 6882.35 -1588.23 -18.00
v 6882.35 -1058.82 -18.00
v 6882.35 -1058.82 0.00
v 6882.35 -1588.23 0.00
v 6882.35 -1058.82 -18.00
v 6352.94 -1058.82 -18.00
v 6352.94 -1058.82 0.00
v 6882.35 -1058.82 0.00
v 6352.94 -1058.82 -18.00
v 6352.94 -1588.23 -18.00
v 6352.94 -1588.23 0.00
v 6352.94 -1058.82 0.00
v 6352.94 -529.41 -18.00
v 6882.35 -529.41 -18.00
v 6882.35 -1058.82 -18.00
v 6352.94 -1058.82 -18.00
v 6352.94 -1058.82 0.00
v 6882.35 -1058.82 0.00
v 6882.35 -529.41 0.00
v 6352.94 -529.41 0.00
v 6352.94 -1058.82 -18.00
v 6882.35 -1058.82 -18.00
v 6882.35 -1058.82 0.00
v 6352.94 -1058.82 0.00
v 6882.35 -1058.82 -18.00
v 6882.35 -529.41 -18.00
v 6882.35 -529.41 0.00
v 6882.35 -1058.82 0.00
v 6882.35 -529.41 -18.00
v 6352.94 -529.41 -18.00
v 6352.94 -529.41 0.00
v 6882.35 -529.41 0.00
v 6352.94 -529.41 -18.00
v 6352.94 -1058.82 -18.00
v 6352.94 -1058.82 0.00
v 6352.94 -529.41 0.00
v 6352.94 -0.00 -18.00
v 6882.35 -0.00 -18.00
v 6882.35 -529.41 -18.00
v 6352.94 -529.41 -18.00
v 6352.94 -529.41 0.00
v 6882.35 -529.41 0.00
v 6882.35 -0.00 0.00
v 6352.94 -0.00 0.00
v 6352.94 -529.41 -18.00
v 6882.35 -529.41 -18.00
v 6882.35 -529.41 0.00
v 6352.94 -529.41 0.00
v 6882.35 -529.41 -18.00
v 6882.35 -0.00 -18.00
v 6882.35 -0.00 0.00
v 6882.35 -529.41 0.00
v 6882.35 -0.00 -18.00
v 6352.94 -0.00 -18.00
v 6352.94 -0.00 0.00
v 6882.35 -0.00 0.00
v 6352.94 -0.00 -18.00
v 6352.94 -529.41 -18.00
v 6352.94 -529.41 0.00
v 6352.94 -0.00 0.00
v 6352.94 529.41 -18.00
v 6882.35 529.41 -18.00
v 6882.35 -0.00 -18.00
v 6352.94 -0.00 -18.00
v 6352.94 -0.00 0.00
v 6882.35 -0.00 0.00
v 6882.35 529.41 0.00
v 6352.94 529.41 0.00
v 6352.94 -0.00 -18.00
v 6882.35 -0.00 -18.00
v 6882.35 -0.00 0.00
v 6352.94 -0.00 0.00
v 6882.35 -0.00 -18.00
v 6882.35 529.41 -18.00
v 6882.35 529.41 0.00
v 6882.35 -0.00 0.00
v 6882.35 529.41 -18.00
v 6352.94 529.41 -18.00
v 6352.94 529.41 0.00
v 6882.35 529.41 0.00
v 6352.94 529.41 -18.00
v 6352.94 -0.00 -18.00
v 6352.94 -0.00 0.00
v 6352.94 529.41 0.00
v 6352.94 1058.82 -18.00
v 6882.35 1058.82 -18.00
v 6882.35 529.41 -18.00
v 6352.94 529.41 -18.00
v 6352.94 2117.65 -18.00
v 6352.94 1588.23 -18.00
v 6352.94 1588.23 0.00
v 6352.94 2117.65 0.00
v 6352.94 2647.06 -18.00
v 6882.35 2647.06 -18.00
v 6882.35 2117.65 -18.00
v 6352.94 2117.65 -18.00
v 6352.94 2117.65 0.00
v 6882.35 2117.65 0.00
v 6882.35 2647.06 0.00
v 6352.94 2647.06 0.00
v 6352.94 2117.65 -18.00
v 6882.35 2117.65 -18.00
v 6882.35 2117.65 0.00
v 6352.94 2117.65 0.00
v 6882.35 2117.65 -18.00
v 6882.35 2647.06 -18.00
v 6882.35 2647.06 0.00
v 6882.35 2117.65 0.00
v 6882.35 2647.06 -18.00
v 6352.94 2647.06 -18.00
v 6352.94 2647.06 0.00
v 6882.35 2647.06 0.00
v 6352.94 3176.47 -18.00
v 6352.94 2647.06 -18.00
v 6352.94 2647.06 0.00
v 6352.94 3176.47 0.00
v 6352.94 3705.88 -18.00
v 6882.35 3705.88 -18.00
v 6882.35 3176.47 -18.00
v 6352.94 3176.47 -18.00
v 6352.94 3176.47 0.00
v 6882.35 3176.47 0.00
v 6882.35 3705.88 0.00
v 6352.94 3705.88 0.00
v 6352.94 3176.47 -18.00
v 6882.35 3176.47 -18.00
v 6882.35 3176.47 0.00
v 6352.94 3176.47 0.00
v 6882.35 3176.47 -18.00
v 6882.35 3705.88 -18.00
v 6882.35 3705.88 0.00
v 6882.35 3176.47 0.00
v 6882.35 3705.88 -18.00
v 6352.94 3705.88 -18.00
v 6352.94 3705.88 0.00
v 6882.35 3705.88 0.00
v 6352.94 3705.88 -18.00
v 6352.94 3176.47 -18.00
v 6352.94 3176.47 0.00
v 6352.94 3705.88 0.00
v 6352.94 4235.29 -18.00
v 6882.35 4235.29 -18.00
v 6882.35 3705.88 -18.00
v 6352.94 3705.88 -18.00
v 6352.94 3705.88 0.00
v 6882.35 3705.88 0.00
v 6882.35 4235.29 0.00
v 6352.94 4235.29 0.00
v 6352.94 3705.88 -18.00
v 6882.35 3705.88 -18.00
v 6882.35 3705.88 0.00
v 6352.94 3705.88 0.00
v 6882.35 3705.88 -18.00
v 6882.35 4235.29 -18.00
v 6882.35 4235.29 0.00
v 6882.35 3705.88 0.00
v 6882.35 4235.29 -18.00
v 6352.94 4235.29 -18.00
v 6352.94 4235.29 0.00
v 6882.35 4235.29 0.00
v 6882.35 5294.12 -18.00
v 6882.35 5823.53 -18.00
v 6882.35 5823.53 0.00
v 6882.35 5294.12 0.00
v 6882.35 5823.53 -18.00
v 6352.94 5823.53 -18.00
v 6352.94 5823.53 0.00
v 6882.35 5823.53 0.00
v 6352.94 5823.53 -18.00
v 6352.94 5294.12 -18.00
v 6352.94 5294.12 0.00
v 6352.94 5823.53 0.00
v 6352.94 6352.94 -18.00
v 6882.35 6352.94 -18.00
v 6882.35 5823.53 -18.00
v 6352.94 5823.53 -18.00
v 6352.94 5823.53 0.00
v 6882.35 5823.53 0.00
v 6882.35 6352.94 0.00
v 6352.94 6352.94 0.00
v 6352.94 5823.53 -18.00
v 6882.35 5823.53 -18.00
v 6882.35 5823.53 0.00
v 6352.94 5823.53 0.00
v 6882.35 6882.35 -18.00
v 6882.35 7411.77 -18.00
v 6882.35 7411.77 0.00
v 6882.35 6882.35 0.00
v 6882.35 7411.77 -18.00
v 6352.94 7411.77 -18.00
v 6352.94 7411.77 0.00
v 6882.35 7411.77 0.00
v 6352.94 7411.77 -18.00
v 6352.94 6882.35 -18.00
v 6352.94 6882.35 0.00
v 6352.94 7411.77 0.00
v 6352.94 7941.18 -18.00
v 6882.35 7941.18 -18.00
v 6882.35 7411.77 -18.00
v 6352.94 7411.77 -18.00
v 6352.94 7411.77 0.00
v 6882.35 7411.77 0.00
v 6882.35 7941.18 0.00
v 6352.94 7941.18 0.00
v 6352.94 7411.77 -18.00
v 6882.35 7411.77 -18.00
v 6882.35 7411.77 0.00
v 6352.94 7411.77 0.00
v 7411.77 -3176.47 -18.00
v 6882.35 -3176.47 -18.00
v 6882.35 -3176.47 0.00
v 7411.77 -3176.47 0.00
v 6882.35 -3176.47 -18.00
v 6882.35 -3705.88 -18.00
v 6882.35 -3705.88 0.00
v 6882.35 -3176.47 0.00
v 6882.35 -2647.06 -18.00
v 7411.77 -2647.06 -18.00
v 7411.77 -3176.47 -18.00
v 6882.35 -3176.47 -18.00
v 6882.35 -3176.47 0.00
v 7411.77 -3176.47 0.00
v 7411.77 -2647.06 0.00
v 6882.35 -2647.06 0.00
v 6882.35 -3176.47 -18.00
v 7411.77 -3176.47 -18.00
v 7411.77 -3176.47 0.00
v 6882.35 -3176.47 0.00
v 7411.77 -3176.47 -18.00
v 7411.77 -2647.06 -18.00
v 7411.77 -2647.06 0.00
v 7411.77 -3176.47 0.00
v 6882.35 -1058.82 -18.00
v 7411.77 -1058.82 -18.00
v 7411.77 -1058.82 0.00
v 6882.35 -1058.82 0.00
v 7411.77 -1058.82 -18.00
v 7411.77 -529.41 -18.00
v 7411.77 -529.41 0.00
v 7411.77 -1058.82 0.00
v 7411.77 -529.41 -18.00
v 6882.35 -529.41 -18.00
v 6882.35 -529.41 0.00
v 7411.77 -529.41 0.00
v 6882.35 -529.41 -18.00
v 6882.35 -1058.82 -18.00
v 6882.35 -1058.82 0.00
v 6882.35 -529.41 0.00
v 6882.35 -0.00 -18.00
v 7411.77 -0.00 -18.00
v 7411.77 -529.41 -18.00
v 6882.35 -529.41 -18.00
v 6882.35 -529.41 0.00
v 7411.77 -529.41 0.00
v 7411.77 -0.00 0.00
v 6882.35 -0.00 0.00
v 6882.35 -0.00 -18.00
v 7411.77 -0.00 -18.00
v 7411.77 -0.00 0.00
v 6882.35 -0.00 0.00
v 7411.77 -0.00 -18.00
v 7411.77 529.41 -18.00
v 7411.77 529.41 0.00
v 7411.77 -0.00 0.00
v 7411.77 529.41 -18.00
v 6882.35 529.41 -18.00
v 6882.35 529.41 0.00
v 7411.77 529.41 0.00
v 6882.35 529.41 -18.00
v 6882.35 -0.00 -18.00
v 6882.35 -0.00 0.00
v 6882.35 529.41 0.00
v 6882.35 1058.82 -18.00
v 7411.77 1058.82 -18.00
v 7411.77 529.41 -18.00
v 6882.35 529.41 -18.00
v 6882.35 529.41 0.00
v 7411.77 529.41 0.00
v 7411.77 1058.82 0.00
v 6882.35 1058.82 0.00
v 6882.35 3176.47 -18.00
v 7411.77 3176.47 -18.00
v 7411.77 2647.06 -18.00
v 6882.35 2647.06 -18.00
v 6882.35 2647.06 0.00
v 7411.77 2647.06 0.00
v 7411.77 3176.47 0.00
v 6882.35 3176.47 0.00
v 6882.35 2647.06 -18.00
v 7411.77 2647.06 -18.00
v 7411.77 2647.06 0.00
v 6882.35 2647.06 0.00
v 7411.77 2647.06 -18.00
v 7411.77 3176.47 -18.00
v 7411.77 3176.47 0.00
v 7411.77 2647.06 0.00
v 7411.77 3176.47 -18.00
v 6882.35 3176.47 -18.00
v 6882.35 3176.47 0.00
v 7411.77 3176.47 0.00
v 6882.35 3176.47 -18.00
v 6882.35 2647.06 -18.00
v 6882.35 2647.06 0.00
v 6882.35 3176.47 0.00
v 6882.35 3705.88 -18.00
v 7411.77 3705.88 -18.00
v 7411.77 3176.47 -18.00
v 6882.35 3176.47 -18.00
v 6882.35 3176.47 0.00
v 7411.77 3176.47 0.00
v 7411.77 3705.88 0.00
v 6882.35 3705.88 0.00
v 6882.35 3176.47 -18.00
v 7411.77 3176.47 -18.00
v 7411.77 3176.47 0.00
v 6882.35 3176.47 0.00
v 7411.77 3176.47 -18.00
v 7411.77 3705.88 -18.00
v 7411.77 3705.88 0.00
v 7411.77 3176.47 0.00
v 7411.77 3705.88 -18.00
v 6882.35 3705.88 -18.00
v 6882.35 3705.88 0.00
v 7411.77 3705.88 0.00
v 6882.35 3705.88 -18.00
v 6882.35 3176.47 -18.00
v 6882.35 3176.47 0.00
v 6882.35 3705.88 0.00
v 6882.35 4764.71 -18.00
v 7411.77 4764.71 -18.00
v 7411.77 4235.29 -18.00
v 6882.35 4235.29 -18.00
v 6882.35 4235.29 0.00
v 7411.77 4235.29 0.00
v 7411.77 4764.71 0.00
v 6882.35 4764.71 0.00
v 6882.35 4235.29 -18.00
v 7411.77 4235.29 -18.00
v 7411.77 4235.29 0.00
v 6882.35 4235.29 0.00
v 7411.77 4235.29 -18.00
v 7411.77 4764.71 -18.00
v 7411.77 4764.71 0.00
v 7411.77 4235.29 0.00
v 7411.77 4764.71 -18.00
v 6882.35 4764.71 -18.00
v 6882.35 4764.71 0.00
v 7411.77 4764.71 0.00
v 6882.35 4764.71 -18.00
v 6882.35 4235.29 -18.00
v 6882.35 4235.29 0.00
v 6882.35 4764.71 0.00
v 7411.77 6352.94 -18.00
v 6882.35 6352.94 -18.00
v 6882.35 6352.94 0.00
v 7411.77 6352.94 0.00
v 6882.35 6352.94 -18.00
v 6882.35 5823.53 -18.00
v 6882.35 5823.53 0.00
v 6882.35 6352.94 0.00
v 6882.35 6882.35 -18.00
v 7411.77 6882.35 -18.00
v 7411.77 6352.94 -18.00
v 6882.35 6352.94 -18.00
v 6882.35 6352.94 0.00
v 7411.77 6352.94 0.00
v 7411.77 6882.35 0.00
v 6882.35 6882.35 0.00
v 6882.35 6352.94 -18.00
v 7411.77 6352.94 -18.00
v 7411.77 6352.94 0.00
v 6882.35 6352.94 0.00
v 7411.77 6352.94 -18.00
v 7411.77 6882.35 -18.00
v 7411.77 6882.35 0.00
v 7411.77 6352.94 0.00
v 7411.77 6882.35 -18.00
v 6882.35 6882.35 -18.00
v 6882.35 6882.35 0.00
v 7411.77 6882.35 0.00
v 6882.35 6882.35 -18.00
v 6882.35 6352.94 -18.00
v 6882.35 6352.94 0.00
v 6882.35 6882.35 0.00
v 6882.35 7411.77 -18.00
v 7411.77 7411.77 -18.00
v 7411.77 6882.35 -18.00
v 6882.35 6882.35 -18.00
v 6882.35 6882.35 0.00
v 7411.77 6882.35 0.00
v 7411.77 7411.77 0.00
v 6882.35 7411.77 0.00
v 6882.35 6882.35 -18.00
v 7411.77 6882.35 -18.00
v 7411.77 6882.35 0.00
v 6882.35 6882.35 0.00
v 7411.77 6882.35 -18.00
v 7411.77 7411.77 -18.00
v 7411.77 7411.77 0.00
v 7411.77 6882.35 0.00
v 7411.77 7411.77 -18.00
v 6882.35 7411.77 -18.00
v 6882.35 7411.77 0.00
v 7411.77 7411.77 0.00
v 6882.35 7411.77 -18.00
v 6882.35 6882.35 -18.00
v 6882.35 6882.35 0.00
v 6882.35 7411.77 0.00
v 6882.35 7941.18 -18.00
v 7411.77 7941.18 -18.00
v 7411.77 7411.77 -18.00
v 6882.35 7411.77 -18.00
v 6882.35 7411.77 0.00
v 7411.77 7411.77 0.00
v 7411.77 7941.18 0.00
v 6882.35 7941.18 0.00
v 6882.35 7411.77 -18.00
v 7411.77 7411.77 -18.00
v 7411.77 7411.77 0.00
v 6882.35 7411.77 0.00
v 7411.77 7411.77 -18.00
v 7411.77 7941.18 -18.00
v 7411.77 7941.18 0.00
v 7411.77 7411.77 0.00
v 7411.77 7941.18 -18.00
v 6882.35 7941.18 -18.00
v 6882.35 7941.18 0.00
v 7411.77 7941.18 0.00
v 6882.35 7941.18 -18.00
v 6882.35 7411.77 -18.00
v 6882.35 7411.77 0.00
v 6882.35 7941.18 0.00
v 6882.35 8470.59 -18.00
v 7411.77 8470.59 -18.00
v 7411.77 7941.18 -18.00
v 6882.35 7941.18 -18.00
v 6882.35 7941.18 0.00
v 7411.77 7941.18 0.00
v 7411.77 8470.59 0.00
v 6882.35 8470.59 0.00
v 6882.35 7941.18 -18.00
v 7411.77 7941.18 -18.00
v 7411.77 7941.18 0.00
v 6882.35 7941.18 0.00
v 7411.77 7941.18 -18.00
v 7411.77 8470.59 -18.00
v 7411.77 8470.59 0.00
v 7411.77 7941.18 0.00
v 7411.77 -8470.59 -18.00
v 7941.18 -8470.59 -18.00
v 7941.18 -8470.59 0.00
v 7411.77 -8470.59 0.00
v 7941.18 -8470.59 -18.00
v 7941.18 -7941.18 -18.00
v 7941.18 -7941.18 0.00
v 7941.18 -8470.59 0.00
v 7941.18 -7941.18 -18.00
v 7411.77 -7941.18 -18.00
v 7411.77 -7941.18 0.00
v 7941.18 -7941.18 0.00
v 7411.77 -7941.18 -18.00
v 7411.77 -8470.59 -18.00
v 7411.77 -8470.59 0.00
v 7411.77 -7941.18 0.00
v 7411.77 -7411.77 -18.00
v 7941.18 -7411.77 -18.00
v 7941.18 -7941.18 -18.00
v 7411.77 -7941.18 -18.00
v 7411.77 -7941.18 0.00
v 7941.18 -7941.18 0.00
v 7941.18 -7411.77 0.00
v 7411.77 -7411.77 0.00
v 7411.77 -7941.18 -18.00
v 7941.18 -7941.18 -18.00
v 7941.18 -7941.18 0.00
v 7411.77 -7941.18 0.00
v 7941.18 -7941.18 -18.00
v 7941.18 -7411.77 -18.00
v 7941.18 -7411.77 0.00
v 7941.18 -7941.18 0.00
v 7941.18 -7411.77 -18.00
v 7411.77 -7411.77 -18.00
v 7411.77 -7411.77 0.00
v 7941.18 -7411.77 0.00
v 7411.77 -7411.77 -18.00
v 7411.77 -7941.18 -18.00
v 7411.77 -7941.18 0.00
v 7411.77 -7411.77 0.00
v 7411.77 -6882.35 -18.00
v 7941.18 -6882.35 -18.00
v 7941.18 -7411.77 -18.00
v 7411.77 -7411.77 -18.00
v 7411.77 -7411.77 0.00
v 7941.18 -7411.77 0.00
v 7941.18 -6882.35 0.00
v 7411.77 -6882.35 0.00
v 7411.77 -6882.35 -18.00
v 7941.18 -6882.35 -18.00
v 7941.18 -6882.35 0.00
v 7411.77 -6882.35 0.00
v 7941.18 -6882.35 -18.00
v 7941.18 -6352.94 -18.00
v 7941.18 -6352.94 0.00
v 7941.18 -6882.35 0.00
v 7941.18 -6352.94 -18.00
v 7411.77 -6352.94 -18.00
v 7411.77 -6352.94 0.00
v 7941.18 -6352.94 0.00
v 7411.77 -6352.94 -18.00
v 7411.77 -6882.35 -18.00
v 7411.77 -6882.35 0.00
v 7411.77 -6352.94 0.00
v 7411.77 -5823.53 -18.00
v 7941.18 -5823.53 -18.00
v 7941.18 -6352.94 -18.00
v 7411.77 -6352.94 -18.00
v 7411.77 -6352.94 0.00
v 7941.18 -6352.94 0.00
v 7941.18 -5823.53 0.00
v 7411.77 -5823.53 0.00
v 7411.77 -4235.29 -18.00
v 7941.18 -4235.29 -18.00
v 7941.18 -4764.71 -18.00
v 7411.77 -4764.71 -18.00
v 7411.77 -4764.71 0.00
v 7941.18 -4764.71 0.00
v 7941.18 -4235.29 0.00
v 7411.77 -4235.29 0.00
v 7411.77 -4764.71 -18.00
v 7941.18 -4764.71 -18.00
v 7941.18 -4764.71 0.00
v 7411.77 -4764.71 0.00
v 7941.18 -4764.71 -18.00
v 7941.18 -4235.29 -18.00
v 7941.18 -4235.29 0.00
v 7941.18 -4764.71 0.00
v 7941.18 -4235.29 -18.00
v 7411.77 -4235.29 -18.00
v 7411.77 -4235.29 0.00
v 7941.18 -4235.29 0.00
v 7411.77 -4235.29 -18.00
v 7411.77 -4764.71 -18.00
v 7411.77 -4764.71 0.00
v 7411.77 -4235.29 0.00
v 7411.77 -3705.88 -18.00
v 7941.18 -3705.88 -18.00
v 7941.18 -4235.29 -18.00
v 7411.77 -4235.29 -18.00
v 7411.77 -4235.29 0.00
v 7941.18 -4235.29 0.00
v 7941.18 -3705.88 0.00
v 7411.77 -3705.88 0.00
v 7411.77 -4235.29 -18.00
v 7941.18 -4235.29 -18.00
v 7941.18 -4235.29 0.00
v 7411.77 -4235.29 0.00
v 7941.18 -4235.29 -18.00
v 7941.18 -3705.88 -18.00
v 7941.18 -3705.88 0.00
v 7941.18 -4235.29 0.00
v 7941.18 -3705.88 -18.00
v 7411.77 -3705.88 -18.00
v 7411.77 -3705.88 0.00
v 7941.18 -3705.88 0.00
v 7411.77 -3705.88 -18.00
v 7411.77 -4235.29 -18.00
v 7411.77 -4235.29 0.00
v 7411.77 -3705.88 0.00
v 7411.77 -3176.47 -18.00
v 7941.18 -3176.47 -18.00
v 7941.18 -3705.88 -18.00
v 7411.77 -3705.88 -18.00
v 7411.77 -3705.88 0.00
v 7941.18 -3705.88 0.00
v 7941.18 -3176.47 0.00
v 7411.77 -3176.47 0.00
v 7411.77 -3705.88 -18.00
v 7941.18 -3705.88 -18.00
v 7941.18 -3705.88 0.00
v 7411.77 -3705.88 0.00
v 7941.18 -3705.88 -18.00
v 7941.18 -3176.47 -18.00
v 7941.18 -3176.47 0.00
v 7941.18 -3705.88 0.00
v 7941.18 -3176.47 -18.00
v 7411.77 -3176.47 -18.00
v 7411.77 -3176.47 0.00
v 7941.18 -3176.47 0.00
v 7411.77 -3176.47 -18.00
v 7411.77 -3705.88 -18.00
v 7411.77 -3705.88 0.00
v 7411.77 -3176.47 0.00
v 7941.18 -1058.82 -18.00
v 7411.77 -1058.82 -18.00
v 7411.77 -1058.82 0.00
v 7941.18 -1058.82 0.00
v 7411.77 -1058.82 -18.00
v 7411.77 -1588.23 -18.00
v 7411.77 -1588.23 0.00
v 7411.77 -1058.82 0.00
v 7411.77 -529.41 -18.00
v 7941.18 -529.41 -18.00
v 7941.18 -1058.82 -18.00
v 7411.77 -1058.82 -18.00
v 7411.77 -1058.82 0.00
v 7941.18 -1058.82 0.00
v 7941.18 -529.41 0.00
v 7411.77 -529.41 0.00
v 7411.77 -1058.82 -18.00
v 7941.18 -1058.82 -18.00
v 7941.18 -1058.82 0.00
v 7411.77 -1058.82 0.00
v 7941.18 -1058.82 -18.00
v 7941.18 -529.41 -18.00
v 7941.18 -529.41 0.00
v 7941.18 -1058.82 0.00
v 7941.18 -0.00 -18.00
v 7411.77 -0.00 -18.00
v 7411.77 -0.00 0.00
v 7941.18 -0.00 0.00
v 7411.77 -0.00 -18.00
v 7411.77 -529.41 -18.00
v 7411.77 -529.41 0.00
v 7411.77 -0.00 0.00
v 7411.77 529.41 -18.00
v 7941.18 529.41 -18.00
v 7941.18 -0.00 -18.00
v 7411.77 -0.00 -18.00
v 7411.77 -0.00 0.00
v 7941.18 -0.00 0.00
v 7941.18 529.41 0.00
v 7411.77 529.41 0.00
v 7411.77 -0.00 -18.00
v 7941.18 -0.00 -18.00
v 7941.18 -0.00 0.00
v 7411.77 -0.00 0.00
v 7941.18 -0.00 -18.00
v 7941.18 529.41 -18.00
v 7941.18 529.41 0.00
v 7941.18 -0.00 0.00
v 7941.18 529.41 -18.00
v 7411.77 529.41 -18.00
v 7411.77 529.41 0.00
v 7941.18 529.41 0.00
v 7411.77 529.41 -18.00
v 7411.77 -0.00 -18.00
v 7411.77 -0.00 0.00
v 7411.77 529.41 0.00
v 7411.77 1058.82 -18.00
v 7941.18 1058.82 -18.00
v 7941.18 529.41 -18.00
v 7411.77 529.41 -18.00
v 7411.77 529.41 0.00
v 7941.18 529.41 0.00
v 7941.18 1058.82 0.00
v 7411.77 1058.82 0.00
v 7411.77 529.41 -18.00
v 7941.18 529.41 -18.00
v 7941.18 529.41 0.00
v 7411.77 529.41 0.00
v 7941.18 529.41 -18.00
v 7941.18 1058.82 -18.00
v 7941.18 1058.82 0.00
v 7941.18 529.41 0.00
v 7411.77 1588.23 -18.00
v 7941.18 1588.23 -18.00
v 7941.18 1588.23 0.00
v 7411.77 1588.23 0.00
v 7941.18 1588.23 -18.00
v 7941.18 2117.65 -18.00
v 7941.18 2117.65 0.00
v 7941.18 1588.23 0.00
v 7941.18 2117.65 -18.00
v 7411.77 2117.65 -18.00
v 7411.77 2117.65 0.00
v 7941.18 2117.65 0.00
v 7411.77 2117.65 -18.00
v 7411.77 1588.23 -18.00
v 7411.77 1588.23 0.00
v 7411.77 2117.65 0.00
v 7411.77 2647.06 -18.00
v 7941.18 2647.06 -18.00
v 7941.18 2117.65 -18.00
v 7411.77 2117.65 -18.00
v 7411.77 2117.65 0.00
v 7941.18 2117.65 0.00
v 7941.18 2647.06 0.00
v 7411.77 2647.06 0.00
v 7411.77 3176.47 -18.00
v 7941.18 3176.47 -18.00
v 7941.18 3176.47 0.00
v 7411.77 3176.47 0.00
v 7941.18 3176.47 -18.00
v 7941.18 3705.88 -18.00
v 7941.18 3705.88 0.00
v 7941.18 3176.47 0.00
v 7941.18 3705.88 -18.00
v 7411.77 3705.88 -18.00
v 7411.77 3705.88 0.00
v 7941.18 3705.88 0.00
v 7411.77 3705.88 -18.00
v 7411.77 3176.47 -18.00
v 7411.77 3176.47 0.00
v 7411.77 3705.88 0.00
v 7411.77 4235.29 -18.00
v 7941.18 4235.29 -18.00
v 7941.18 3705.88 -18.00
v 7411.77 3705.88 -18.00
v 7411.77 3705.88 0.00
v 7941.18 3705.88 0.00
v 7941.18 4235.29 0.00
v 7411.77 4235.29 0.00
v 7411.77 7411.77 -18.00
v 7941.18 7411.77 -18.00
v 7941.18 6882.35 -18.00
v 7411.77 6882.35 -18.00
v 7411.77 6882.35 0.00
v 7941.18 6882.35 0.00
v 7941.18 7411.77 0.00
v 7411.77 7411.77 0.00
v 7411.77 6882.35 -18.00
v 7941.18 6882.35 -18.00
v 7941.18 6882.35 0.00
v 7411.77 6882.35 0.00
v 7941.18 6882.35 -18.00
v 7941.18 7411.77 -18.00
v 7941.18 7411.77 0.00
v 7941.18 6882.35 0.00
v 7941.18 7411.77 -18.00
v 7411.77 7411.77 -18.00
v 7411.77 7411.77 0.00
v 7941.18 7411.77 0.00
v 7411.77 7411.77 -18.00
v 7411.77 6882.35 -18.00
v 7411.77 6882.35 0.00
v 7411.77 7411.77 0.00
v 8470.59 -8470.59 -18.00
v 7941.18 -8470.59 -18.00
v 7941.18 -8470.59 0.00
v 8470.59 -8470.59 0.00
v 7941.18 -8470.59 -18.00
v 7941.18 -9000.00 -18.00
v 7941.18 -9000.00 0.00
v 7941.18 -8470.59 0.00
v 7941.18 -7941.18 -18.00
v 8470.59 -7941.18 -18.00
v 8470.59 -8470.59 -18.00
v 7941.18 -8470.59 -18.00
v 7941.18 -8470.59 0.00
v 8470.59 -8470.59 0.00
v 8470.59 -7941.18 0.00
v 7941.18 -7941.18 0.00
v 7941.18 -8470.59 -18.00
v 8470.59 -8470.59 -18.00
v 8470.59 -8470.59 0.00
v 7941.18 -8470.59 0.00
v 8470.59 -8470.59 -18.00
v 8470.59 -7941.18 -18.00
v 8470.59 -7941.18 0.00
v 8470.59 -8470.59 0.00
v 8470.59 -7941.18 -18.00
v 7941.18 -7941.18 -18.00
v 7941.18 -7941.18 0.00
v 8470.59 -7941.18 0.00
v 7941.18 -7941.18 -18.00
v 7941.18 -8470.59 -18.00
v 7941.18 -8470.59 0.00
v 7941.18 -7941.18 0.00
v 7941.18 -7411.77 -18.00
v 8470.59 -7411.77 -18.00
v 8470.59 -7941.18 -18.00
v 7941.18 -7941.18 -18.00
v 7941.18 -7941.18 0.00
v 8470.59 -7941.18 0.00
v 8470.59 -7411.77 0.00
v 7941.18 -7411.77 0.00
v 7941.18 -7941.18 -18.00
v 8470.59 -7941.18 -18.00
v 8470.59 -7941.18 0.00
v 7941.18 -7941.18 0.00
v 8470.59 -7941.18 -18.00
v 8470.59 -7411.77 -18.00
v 8470.59 -7411.77 0.00
v 8470.59 -7941.18 0.00
v 7941.18 -5294.12 -18.00
v 8470.59 -5294.12 -18.00
v 8470.59 -5294.12 0.00
v 7941.18 -5294.12 0.00
v 8470.59 -5294.12 -18.00
v 8470.59 -4764.71 -18.00
v 8470.59 -4764.71 0.00
v 8470.59 -5294.12 0.00
v 8470.59 -4764.71 -18.00
v 7941.18 -4764.71 -18.00
v 7941.18 -4764.71 0.00
v 8470.59 -4764.71 0.00
v 7941.18 -4764.71 -18.00
v 7941.18 -5294.12 -18.00
v 7941.18 -5294.12 0.00
v 7941.18 -4764.71 0.00
v 7941.18 -4235.29 -18.00
v 8470.59 -4235.29 -18.00
v 8470.59 -4764.71 -18.00
v 7941.18 -4764.71 -18.00
v 7941.18 -4764.71 0.00
v 8470.59 -4764.71 0.00
v 8470.59 -4235.29 0.00
v 7941.18 -4235.29 0.00
v 7941.18 -4764.71 -18.00
v 8470.59 -4764.71 -18.00
v 8470.59 -4764.71 0.00
v 7941.18 -4764.71 0.00
v 8470.59 -4764.71 -18.00
v 8470.59 -4235.29 -18.00
v 8470.59 -4235.29 0.00
v 8470.59 -4764.71 0.00
v 8470.59 -4235.29 -18.00
v 7941.18 -4235.29 -18.00
v 7941.18 -4235.29 0.00
v 8470.59 -4235.29 0.00
v 7941.18 -4235.29 -18.00
v 7941.18 -4764.71 -18.00
v 7941.18 -4764.71 0.00
v 7941.18 -4235.29 0.00
v 7941.18 -3705.88 -18.00
v 8470.59 -3705.88 -18.00
v 8470.59 -4235.29 -18.00
v 7941.18 -4235.29 -18.00
v 7941.18 -4235.29 0.00
v 8470.59 -4235.29 0.00
v 8470.59 -3705.88 0.00
v 7941.18 -3705.88 0.00
v 7941.18 -4235.29 -18.00
v 8470.59 -4235.29 -18.00
v 8470.59 -4235.29 0.00
v 7941.18 -4235.29 0.00
v 8470.59 -4235.29 -18.00
v 8470.59 -3705.88 -18.00
v 8470.59 -3705.88 0.00
v 8470.59 -4235.29 0.00
v 8470.59 -3705.88 -18.00
v 7941.18 -3705.88 -18.00
v 7941.18 -3705.88 0.00
v 8470.59 -3705.88 0.00
v 7941.18 -3705.88 -18.00
v 7941.18 -4235.29 -18.00
v 7941.18 -4235.29 0.00
v 7941.18 -3705.88 0.00
v 7941.18 -3176.47 -18.00
v 8470.59 -3176.47 -18.00
v 8470.59 -3705.88 -18.00
v 7941.18 -3705.88 -18.00
v 7941.18 -3705.88 0.00
v 8470.59 -3705.88 0.00
v 8470.59 -3176.47 0.00
v 7941.18 -3176.47 0.00
v 7941.18 -1588.23 -18.00
v 8470.59 -1588.23 -18.00
v 8470.59 -2117.65 -18.00
v 7941.18 -2117.65 -18.00
v 7941.18 -2117.65 0.00
v 8470.59 -2117.65 0.00
v 8470.59 -1588.23 0.00
v 7941.18 -1588.23 0.00
v 7941.18 -2117.65 -18.00
v 8470.59 -2117.65 -18.00
v 8470.59 -2117.65 0.00
v 7941.18 -2117.65 0.00
v 8470.59 -2117.65 -18.00
v 8470.59 -1588.23 -18.00
v 8470.59 -1588.23 0.00
v 8470.59 -2117.65 0.00
v 8470.59 -1588.23 -18.00
v 7941.18 -1588.23 -18.00
v 7941.18 -1588.23 0.00
v 8470.59 -1588.23 0.00
v 7941.18 -1588.23 -18.00
v 7941.18 -2117.65 -18.00
v 7941.18 -2117.65 0.00
v 7941.18 -1588.23 0.00
v 7941.18 -0.00 -18.00
v 8470.59 -0.00 -18.00
v 8470.59 -529.41 -18.00
v 7941.18 -529.41 -18.00
v 7941.18 -529.41 0.00
v 8470.59 -529.41 0.00
v 8470.59 -0.00 0.00
v 7941.18 -0.00 0.00
v 7941.18 -529.41 -18.00
v 8470.59 -529.41 -18.00
v 8470.59 -529.41 0.00
v 7941.18 -529.41 0.00
v 8470.59 -529.41 -18.00
v 8470.59 -0.00 -18.00
v 8470.59 -0.00 0.00
v 8470.59 -529.41 0.00
v 8470.59 -0.00 -18.00
v 7941.18 -0.00 -18.00
v 7941.18 -0.00 0.00
v 8470.59 -0.00 0.00
v 7941.18 -0.00 -18.00
v 7941.18 -529.41 -18.00
v 7941.18 -529.41 0.00
v 7941.18 -0.00 0.00
v 8470.59 2647.06 -18.00
v 7941.18 2647.06 -18.00
v 7941.18 2647.06 0.00
v 8470.59 2647.06 0.00
v 7941.18 2647.06 -18.00
v 7941.18 2117.65 -18.00
v 7941.18 2117.65 0.00
v 7941.18 2647.06 0.00
v 7941.18 3176.47 -18.00
v 8470.59 3176.47 -18.00
v 8470.59 2647.06 -18.00
v 7941.18 2647.06 -18.00
v 7941.18 2647.06 0.00
v 8470.59 2647.06 0.00
v 8470.59 3176.47 0.00
v 7941.18 3176.47 0.00
v 7941.18 2647.06 -18.00
v 8470.59 2647.06 -18.00
v 8470.59 2647.06 0.00
v 7941.18 2647.06 0.00
v 8470.59 2647.06 -18.00
v 8470.59 3176.47 -18.00
v 8470.59 3176.47 0.00
v 8470.59 2647.06 0.00
v 8470.59 3176.47 -18.00
v 7941.18 3176.47 -18.00
v 7941.18 3176.47 0.00
v 8470.59 3176.47 0.00
v 7941.18 3176.47 -18.00
v 7941.18 2647.06 -18.00
v 7941.18 2647.06 0.00
v 7941.18 3176.47 0.00
v 7941.18 3705.88 -18.00
v 8470.59 3705.88 -18.00
v 8470.59 3176.47 -18.00
v 7941.18 3176.47 -18.00
v 7941.18 3176.47 0.00
v 8470.59 3176.47 0.00
v 8470.59 3705.88 0.00
v 7941.18 3705.88 0.00
v 7941.18 3176.47 -18.00
v 8470.59 3176.47 -18.00
v 8470.59 3176.47 0.00
v 7941.18 3176.47 0.00
v 8470.59 3176.47 -18.00
v 8470.59 3705.88 -18.00
v 8470.59 3705.88 0.00
v 8470.59 3176.47 0.00
v 8470.59 3705.88 -18.00
v 7941.18 3705.88 -18.00
v 7941.18 3705.88 0.00
v 8470.59 3705.88 0.00
v 7941.18 3705.88 -18.00
v 7941.18 3176.47 -18.00
v 7941.18 3176.47 0.00
v 7941.18 3705.88 0.00
v 7941.18 4235.29 -18.00
v 8470.59 4235.29 -18.00
v 8470.59 3705.88 -18.00
v 7941.18 3705.88 -18.00
v 7941.18 3705.88 0.00
v 8470.59 3705.88 0.00
v 8470.59 4235.29 0.00
v 7941.18 4235.29 0.00
v 7941.18 3705.88 -18.00
v 8470.59 3705.88 -18.00
v 8470.59 3705.88 0.00
v 7941.18 3705.88 0.00
v 8470.59 3705.88 -18.00
v 8470.59 4235.29 -18.00
v 8470.59 4235.29 0.00
v 8470.59 3705.88 0.00
v 7941.18 5823.53 -18.00
v 8470.59 5823.53 -18.00
v 8470.59 5823.53 0.00
v 7941.18 5823.53 0.00
v 8470.59 5823.53 -18.00
v 8470.59 6352.94 -18.00
v 8470.59 6352.94 0.00
v 8470.59 5823.53 0.00
v 8470.59 6352.94 -18.00
v 7941.18 6352.94 -18.00
v 7941.18 6352.94 0.00
v 8470.59 6352.94 0.00
v 7941.18 6352.94 -18.00
v 7941.18 5823.53 -18.00
v 7941.18 5823.53 0.00
v 7941.18 6352.94 0.00
v 7941.18 6882.35 -18.00
v 8470.59 6882.35 -18.00
v 8470.59 6352.94 -18.00
v 7941.18 6352.94 -18.00
v 7941.18 6352.94 0.00
v 8470.59 6352.94 0.00
v 8470.59 6882.35 0.00
v 7941.18 6882.35 0.00
v 7941.18 9000.00 -18.00
v 8470.59 9000.00 -18.00
v 8470.59 8470.59 -18.00
v 7941.18 8470.59 -18.00
v 7941.18 8470.59 0.00
v 8470.59 8470.59 0.00
v 8470.59 9000.00 0.00
v 7941.18 9000.00 0.00
v 7941.18 8470.59 -18.00
v 8470.59 8470.59 -18.00
v 8470.59 8470.59 0.00
v 7941.18 8470.59 0.00
v 8470.59 8470.59 -18.00
v 8470.59 9000.00 -18.00
v 8470.59 9000.00 0.00
v 8470.59 8470.59 0.00
v 8470.59 9000.00 -18.00
v 7941.18 9000.00 -18.00
v 7941.18 9000.00 0.00
v 8470.59 9000.00 0.00
v 7941.18 9000.00 -18.00
v 7941.18 8470.59 -18.00
v 7941.18 8470.59 0.00
v 7941.18 9000.00 0.00
v 8470.59 -8470.59 -18.00
v 9000.00 -8470.59 -18.00
v 9000.00 -9000.00 -18.00
v 8470.59 -9000.00 -18.00
v 8470.59 -9000.00 0.00
v 9000.00 -9000.00 0.00
v 9000.00 -8470.59 0.00
v 8470.59 -8470.59 0.00
v 8470.59 -9000.00 -18.00
v 9000.00 -9000.00 -18.00
v 9000.00 -9000.00 0.00
v 8470.59 -9000.00 0.00
v 9000.00 -9000.00 -18.00
v 9000.00 -8470.59 -18.00
v 9000.00 -8470.59 0.00
v 9000.00 -9000.00 0.00
v 9000.00 -8470.59 -18.00
v 8470.59 -8470.59 -18.00
v 8470.59 -8470.59 0.00
v 9000.00 -8470.59 0.00
v 8470.59 -8470.59 -18.00
v 8470.59 -9000.00 -18.00
v 8470.59 -9000.00 0.00
v 8470.59 -8470.59 0.00
v 9000.00 -4764.71 -18.00
v 8470.59 -4764.71 -18.00
v 8470.59 -4764.71 0.00
v 9000.00 -4764.71 0.00
v 8470.59 -4764.71 -18.00
v 8470.59 -5294.12 -18.00
v 8470.59 -5294.12 0.00
v 8470.59 -4764.71 0.00
v 8470.59 -4235.29 -18.00
v 9000.00 -4235.29 -18.00
v 9000.00 -4764.71 -18.00
v 8470.59 -4764.71 -18.00
v 8470.59 -4764.71 0.00
v 9000.00 -4764.71 0.00
v 9000.00 -4235.29 0.00
v 8470.59 -4235.29 0.00
v 8470.59 -4764.71 -18.00
v 9000.00 -4764.71 -18.00
v 9000.00 -4764.71 0.00
v 8470.59 -4764.71 0.00
v 9000.00 -4764.71 -18.00
v 9000.00 -4235.29 -18.00
v 9000.00 -4235.29 0.00
v 9000.00 -4764.71 0.00
v 8470.59 -3176.47 -18.00
v 9000.00 -3176.47 -18.00
v 9000.00 -3176.47 0.00
v 8470.59 -3176.47 0.00
v 9000.00 -3176.47 -18.00
v 9000.00 -2647.06 -18.00
v 9000.00 -2647.06 0.00
v 9000.00 -3176.47 0.00
v 9000.00 -2647.06 -18.00
v 8470.59 -2647.06 -18.00
v 8470.59 -2647.06 0.00
v 9000.00 -2647.06 0.00
v 8470.59 -2647.06 -18.00
v 8470.59 -3176.47 -18.00
v 8470.59 -3176.47 0.00
v 8470.59 -2647.06 0.00
v 8470.59 -2117.65 -18.00
v 9000.00 -2117.65 -18.00
v 9000.00 -2647.06 -18.00
v 8470.59 -2647.06 -18.00
v 8470.59 -2647.06 0.00
v 9000.00 -2647.06 0.00
v 9000.00 -2117.65 0.00
v 8470.59 -2117.65 0.00
v 8470.59 -2647.06 -18.00
v 9000.00 -2647.06 -18.00
v 9000.00 -2647.06 0.00
v 8470.59 -2647.06 0.00
v 9000.00 -2647.06 -18.00
v 9000.00 -2117.65 -18.00
v 9000.00 -2117.65 0.00
v 9000.00 -2647.06 0.00
v 9000.00 -2117.65 -18.00
v 8470.59 -2117.65 -18.00
v 8470.59 -2117.65 0.00
v 9000.00 -2117.65 0.00
v 8470.59 -2117.65 -18.00
v 8470.59 -2647.06 -18.00
v 8470.59 -2647.06 0.00
v 8470.59 -2117.65 0.00
v 8470.59 -1588.23 -18.00
v 9000.00 -1588.23 -18.00
v 9000.00 -2117.65 -18.00
v 8470.59 -2117.65 -18.00
v 8470.59 -2117.65 0.00
v 9000.00 -2117.65 0.00
v 9000.00 -1588.23 0.00
v 8470.59 -1588.23 0.00
v 8470.59 -2117.65 -18.00
v 9000.00 -2117.65 -18.00
v 9000.00 -2117.65 0.00
v 8470.59 -2117.65 0.00
v 9000.00 -2117.65 -18.00
v 9000.00 -1588.23 -18.00
v 9000.00 -1588.23 0.00
v 9000.00 -2117.65 0.00
v 9000.00 -1588.23 -18.00
v 8470.59 -1588.23 -18.00
v 8470.59 -1588.23 0.00
v 9000.00 -1588.23 0.00
v 8470.59 -1588.23 -18.00
v 8470.59 -2117.65 -18.00
v 8470.59 -2117.65 0.00
v 8470.59 -1588.23 0.00
v 8470.59 -1058.82 -18.00
v 9000.00 -1058.82 -18.00
v 9000.00 -1588.23 -18.00
v 8470.59 -1588.23 -18.00
v 8470.59 -1588.23 0.00
v 9000.00 -1588.23 0.00
v 9000.00 -1058.82 0.00
v 8470.59 -1058.82 0.00
v 8470.59 -1588.23 -18.00
v 9000.00 -1588.23 -18.00
v 9000.00 -1588.23 0.00
v 8470.59 -1588.23 0.00
v 9000.00 -1588.23 -18.00
v 9000.00 -1058.82 -18.00
v 9000.00 -1058.82 0.00
v 9000.00 -1588.23 0.00
v 9000.00 -1058.82 -18.00
v 8470.59 -1058.82 -18.00
v 8470.59 -1058.82 0.00
v 9000.00 -1058.82 0.00
v 8470.59 -1058.82 -18.00
v 8470.59 -1588.23 -18.00
v 8470.59 -1588.23 0.00
v 8470.59 -1058.82 0.00
v 8470.59 -529.41 -18.00
v 9000.00 -529.41 -18.00
v 9000.00 -1058.82 -18.00
v 8470.59 -1058.82 -18.00
v 8470.59 -1058.82 0.00
v 9000.00 -1058.82 0.00
v 9000.00 -529.41 0.00
v 8470.59 -529.41 0.00
v 8470.59 529.41 -18.00
v 9000.00 529.41 -18.00
v 9000.00 -0.00 -18.00
v 8470.59 -0.00 -18.00
v 8470.59 -0.00 0.00
v 9000.00 -0.00 0.00
v 9000.00 529.41 0.00
v 8470.59 529.41 0.00
v 8470.59 -0.00 -18.00
v 9000.00 -0.00 -18.00
v 9000.00 -0.00 0.00
v 8470.59 -0.00 0.00
v 9000.00 -0.00 -18.00
v 9000.00 529.41 -18.00
v 9000.00 529.41 0.00
v 9000.00 -0.00 0.00
v 9000.00 529.41 -18.00
v 8470.59 529.41 -18.00
v 8470.59 529.41 0.00
v 9000.00 529.41 0.00
v 8470.59 529.41 -18.00
v 8470.59 -0.00 -18.00
v 8470.59 -0.00 0.00
v 8470.59 529.41 0.00
v 8470.59 2117.65 -18.00
v 9000.00 2117.65 -18.00
v 9000.00 1588.23 -18.00
v 8470.59 1588.23 -18.00
v 8470.59 1588.23 0.00
v 9000.00 1588.23 0.00
v 9000.00 2117.65 0.00
v 8470.59 2117.65 0.00
v 8470.59 1588.23 -18.00
v 9000.00 1588.23 -18.00
v 9000.00 1588.23 0.00
v 8470.59 1588.23 0.00
v 9000.00 1588.23 -18.00
v 9000.00 2117.65 -18.00
v 9000.00 2117.65 0.00
v 9000.00 1588.23 0.00
v 9000.00 2117.65 -18.00
v 8470.59 2117.65 -18.00
v 8470.59 2117.65 0.00
v 9000.00 2117.65 0.00
v 8470.59 2117.65 -18.00
v 8470.59 1588.23 -18.00
v 8470.59 1588.23 0.00
v 8470.59 2117.65 0.00
v 9000.00 4235.29 -18.00
v 8470.59 4235.29 -18.00
v 8470.59 4235.29 0.00
v 9000.00 4235.29 0.00
v 8470.59 4235.29 -18.00
v 8470.59 3705.88 -18.00
v 8470.59 3705.88 0.00
v 8470.59 4235.29 0.00
v 8470.59 4764.71 -18.00
v 9000.00 4764.71 -18.00
v 9000.00 4235.29 -18.00
v 8470.59 4235.29 -18.00
v 8470.59 4235.29 0.00
v 9000.00 4235.29 0.00
v 9000.00 4764.71 0.00
v 8470.59 4764.71 0.00
v 8470.59 4235.29 -18.00
v 9000.00 4235.29 -18.00
v 9000.00 4235.29 0.00
v 8470.59 4235.29 0.00
v 9000.00 4235.29 -18.00
v 9000.00 4764.71 -18.00
v 9000.00 4764.71 0.00
v 9000.00 4235.29 0.00
v 9000.00 4764.71 -18.00
v 8470.59 4764.71 -18.00
v 8470.59 4764.71 0.00
v 9000.00 4764.71 0.00
v 8470.59 4764.71 -18.00
v 8470.59 4235.29 -18.00
v 8470.59 4235.29 0.00
v 8470.59 4764.71 0.00
v 8470.59 5294.12 -18.00
v 9000.00 5294.12 -18.00
v 9000.00 4764.71 -18.00
v 8470.59 4764.71 -18.00
v 8470.59 4764.71 0.00
v 9000.00 4764.71 0.00
v 9000.00 5294.12 0.00
v 8470.59 5294.12 0.00
v 8470.59 4764.71 -18.00
v 9000.00 4764.71 -18.00
v 9000.00 4764.71 0.00
v 8470.59 4764.71 0.00
v 9000.00 4764.71 -18.00
v 9000.00 5294.12 -18.00
v 9000.00 5294.12 0.00
v 9000.00 4764.71 0.00
v 9000.00 5823.53 -18.00
v 8470.59 5823.53 -18.00
v 8470.59 5823.53 0.00
v 9000.00 5823.53 0.00
v 8470.59 5823.53 -18.00
v 8470.59 5294.12 -18.00
v 8470.59 5294.12 0.00
v 8470.59 5823.53 0.00
v 8470.59 6352.94 -18.00
v 9000.00 6352.94 -18.00
v 9000.00 5823.53 -18.00
v 8470.59 5823.53 -18.00
v 8470.59 5823.53 0.00
v 9000.00 5823.53 0.00
v 9000.00 6352.94 0.00
v 8470.59 6352.94 0.00
v 8470.59 5823.53 -18.00
v 9000.00 5823.53 -18.00
v 9000.00 5823.53 0.00
v 8470.59 5823.53 0.00
v 9000.00 5823.53 -18.00
v 9000.00 6352.94 -18.00
v 9000.00 6352.94 0.00
v 9000.00 5823.53 0.00
v 8470.59 7941.18 -18.00
v 9000.00 7941.18 -18.00
v 9000.00 7941.18 0.00
v 8470.59 7941.18 0.00
v 9000.00 7941.18 -18.00
v 9000.00 8470.59 -18.00
v 9000.00 8470.59 0.00
v 9000.00 7941.18 0.00
v 9000.00 8470.59 -18.00
v 8470.59 8470.59 -18.00
v 8470.59 8470.59 0.00
v 9000.00 8470.59 0.00
v 8470.59 8470.59 -18.00
v 8470.59 7941.18 -18.00
v 8470.59 7941.18 0.00
v 8470.59 8470.59 0.00
v 8470.59 9000.00 -18.00
v 9000.00 9000.00 -18.00
v 9000.00 8470.59 -18.00
v 8470.59 8470.59 -18.00
v 8470.59 8470.59 0.00
v 9000.00 8470.59 0.00
v 9000.00 9000.00 0.00
v 8470.59 9000.00 0.00
v 182.01 38.60 56.27
v 178.34 53.03 56.27
v 188.03 55.49 56.27
v 191.70 41.07 56.27
v 191.70 41.07 86.50
v 188.03 55.49 86.50
v 178.34 53.03 86.50
v 182.01 38.60 86.50
v 191.70 41.07 56.27
v 188.03 55.49 56.27
v 188.03 55.49 86.50
v 191.70 41.07 86.50
v 188.03 55.49 56.27
v 178.34 53.03 56.27
v 178.34 53.03 86.50
v 188.03 55.49 86.50
v 178.34 53.03 56.27
v 182.01 38.60 56.27
v 182.01 38.60 86.50
v 178.34 53.03 86.50
v 182.01 38.60 56.27
v 191.70 41.07 56.27
v 191.70 41.07 86.50
v 182.01 38.60 86.50
v 201.51 -37.18 79.50
v 204.84 -5.36 79.50
v 219.67 -5.49 79.53
v 215.43 -38.64 79.50
v 219.12 -35.84 81.26
v 217.27 -6.40 80.58
v 204.84 -5.36 82.00
v 204.54 -39.71 84.00
v 215.43 -38.64 79.50
v 219.67 -5.49 79.53
v 217.27 -6.40 80.58
v 219.12 -35.84 81.26
v 219.67 -5.49 79.53
v 204.84 -5.36 79.50
v 204.84 -5.36 82.00
v 217.27 -6.40 80.58
v 204.84 -5.36 79.50
v 201.51 -37.18 79.50
v 204.54 -39.71 84.00
v 204.84 -5.36 82.00
v 201.51 -37.18 79.50
v 215.43 -38.64 79.50
v 219.12 -35.84 81.26
v 204.54 -39.71 84.00
v 236.63 -46.18 54.80
v 248.08 -53.73 54.80
v 249.41 -50.69 72.89
v 237.23 -50.00 70.66
v 240.78 -8.81 49.27
v 240.89 15.36 48.81
v 250.89 15.55 48.81
v 251.29 -6.26 48.81
v 250.01 -7.70 72.61
v 250.89 15.55 71.31
v 241.59 19.33 73.46
v 242.27 -9.32 72.61
v 251.29 -6.26 48.81
v 250.89 15.55 48.81
v 250.89 15.55 71.31
v 250.01 -7.70 72.61
v 250.89 15.55 48.81
v 240.89 15.36 48.81
v 241.59 19.33 73.46
v 250.89 15.55 71.31
v 240.89 15.36 48.81
v 240.78 -8.81 49.27
v 242.27 -9.32 72.61
v 241.59 19.33 73.46
v 213.90 34.96 46.54
v 223.91 36.11 48.90
v 223.37 37.88 72.36
v 211.18 33.75 72.97
v 175.96 62.56 43.74
v 171.64 74.04 40.80
v 184.95 76.04 40.80
v 186.30 69.01 43.28
v 185.26 66.24 73.11
v 180.42 78.47 73.11
v 171.12 74.79 73.11
v 175.96 62.56 73.11
v 186.30 69.01 43.28
v 184.95 76.04 40.80
v 180.42 78.47 73.11
v 185.26 66.24 73.11
v 184.95 76.04 40.80
v 171.64 74.04 40.80
v 171.12 74.79 73.11
v 180.42 78.47 73.11
v 175.96 62.56 43.74
v 186.30 69.01 43.28
v 185.26 66.24 73.11
v 175.96 62.56 73.11
v 263.20 -4.87 37.94
v 261.19 7.37 38.35
v 273.16 6.94 37.94
v 273.20 -4.83 37.94
v 273.20 -4.83 59.56
v 273.16 6.94 59.56
v 263.16 6.90 59.56
v 261.48 -2.80 56.87
v 273.20 -4.83 37.94
v 273.16 6.94 37.94
v 273.16 6.94 59.56
v 273.20 -4.83 59.56
v 273.16 6.94 37.94
v 261.19 7.37 38.35
v 263.16 6.90 59.56
v 273.16 6.94 59.56
v 261.19 7.37 38.35
v 263.20 -4.87 37.94
v 261.48 -2.80 56.87
v 263.16 6.90 59.56
v 263.20 -4.87 37.94
v 273.20 -4.83 37.94
v 273.20 -4.83 59.56
v 261.48 -2.80 56.87
v 188.60 67.95 32.79
v 183.21 82.17 33.63
v 194.85 89.15 34.00
v 198.94 74.49 33.51
v 198.36 71.27 57.68
v 190.87 86.45 55.80
v 183.21 82.17 57.68
v 185.63 66.31 58.72
v 198.94 74.49 33.51
v 194.85 89.15 34.00
v 190.87 86.45 55.80
v 198.36 71.27 57.68
v 194.85 89.15 34.00
v 183.21 82.17 33.63
v 183.21 82.17 57.68
v 190.87 86.45 55.80
v 183.21 82.17 33.63
v 188.60 67.95 32.79
v 185.63 66.31 58.72
v 183.21 82.17 57.68
v 188.60 67.95 32.79
v 198.94 74.49 33.51
v 198.36 71.27 57.68
v 185.63 66.31 58.72
v 178.00 -177.87 33.84
v 191.03 -163.81 33.84
v 196.47 -171.80 32.84
v 185.34 -184.67 33.84
v 185.78 -184.03 56.00
v 197.77 -171.09 56.00
v 194.19 -164.96 55.03
v 178.00 -177.87 57.71
v 185.34 -184.67 33.84
v 196.47 -171.80 32.84
v 197.77 -171.09 56.00
v 185.78 -184.03 56.00
v 196.47 -171.80 32.84
v 191.03 -163.81 33.84
v 194.19 -164.96 55.03
v 197.77 -171.09 56.00
v 191.03 -163.81 33.84
v 178.00 -177.87 33.84
v 178.00 -177.87 57.71
v 194.19 -164.96 55.03
v 178.00 -177.87 33.84
v 185.34 -184.67 33.84
v 185.78 -184.03 56.00
v 178.00 -177.87 57.71
v 217.38 -152.29 51.50
v 234.13 -125.02 51.50
v 246.06 -132.35 51.50
v 229.05 -155.54 50.57
v 229.05 -155.54 50.57
v 246.06 -132.35 51.50
v 234.13 -125.02 51.50
v 217.38 -152.29 51.50
v 274.60 -57.53 19.85
v 275.37 -41.25 16.00
v 286.82 -46.47 19.85
v 284.43 -59.35 19.85
v 284.43 -59.35 45.19
v 285.23 -45.32 48.00
v 275.37 -41.25 46.00
v 274.60 -57.53 45.19
v 284.43 -59.35 19.85
v 286.82 -46.47 19.85
v 285.23 -45.32 48.00
v 284.43 -59.35 45.19
v 286.82 -46.47 19.85
v 275.37 -41.25 16.00
v 275.37 -41.25 46.00
v 285.23 -45.32 48.00
v 275.37 -41.25 16.00
v 274.60 -57.53 19.85
v 274.60 -57.53 45.19
v 275.37 -41.25 46.00
v 274.60 -57.53 19.85
v 284.43 -59.35 19.85
v 284.43 -59.35 45.19
v 274.60 -57.53 45.19
v 277.56 -3.89 17.88
v 277.13 15.92 17.88
v 287.12 16.14 17.88
v 287.55 -3.67 17.88
v 287.55 -3.67 44.48
v 287.12 16.14 44.48
v 277.13 15.92 44.48
v 277.56 -3.89 44.48
v 287.55 -3.67 17.88
v 287.12 16.14 17.88
v 287.12 16.14 44.48
v 287.55 -3.67 44.48
v 287.12 16.14 17.88
v 277.13 15.92 17.88
v 277.13 15.92 44.48
v 287.12 16.14 44.48
v 277.13 15.92 17.88
v 277.56 -3.89 17.88
v 277.56 -3.89 44.48
v 277.13 15.92 44.48
v 277.56 -3.89 17.88
v 287.55 -3.67 17.88
v 287.55 -3.67 44.48
v 277.56 -3.89 44.48
v 244.39 49.68 19.04
v 241.69 61.48 19.04
v 251.44 63.71 19.04
v 254.14 51.91 19.04
v 254.14 51.91 44.10
v 251.44 63.71 44.10
v 242.30 64.19 41.68
v 241.65 49.29 40.80
v 254.14 51.91 19.04
v 251.44 63.71 19.04
v 251.44 63.71 44.10
v 254.14 51.91 44.10
v 251.44 63.71 19.04
v 241.69 61.48 19.04
v 242.30 64.19 41.68
v 251.44 63.71 44.10
v 241.69 61.48 19.04
v 244.39 49.68 19.04
v 241.65 49.29 40.80
v 242.30 64.19 41.68
v 244.39 49.68 19.04
v 254.14 51.91 19.04
v 254.14 51.91 44.10
v 241.65 49.29 40.80
v 196.25 81.27 16.22
v 187.01 100.72 16.22
v 196.05 105.01 16.22
v 205.28 85.56 16.22
v 205.28 85.56 45.03
v 196.05 105.01 45.03
v 187.01 100.72 45.03
v 196.99 82.54 47.76
v 205.28 85.56 16.22
v 196.05 105.01 16.22
v 196.05 105.01 45.03
v 205.28 85.56 45.03
v 196.05 105.01 16.22
v 187.01 100.72 16.22
v 187.01 100.72 45.03
v 196.05 105.01 45.03
v 285.36 -53.72 14.08
v 287.62 -39.90 14.08
v 288.70 -39.66 30.00
v 286.32 -54.28 30.00
v 287.62 -39.90 14.08
v 277.75 -38.28 14.08
v 277.75 -38.28 31.81
v 288.70 -39.66 30.00
v 277.75 -38.28 14.08
v 275.49 -52.10 14.08
v 276.51 -52.00 34.00
v 277.75 -38.28 31.81
v 275.49 -52.10 14.08
v 285.36 -53.72 14.08
v 286.32 -54.28 30.00
v 276.51 -52.00 34.00
v 280.07 5.46 12.34
v 278.64 28.77 12.34
v 288.63 29.38 12.34
v 290.05 6.08 12.34
v 290.05 6.08 31.88
v 288.63 29.38 31.88
v 278.64 28.77 31.88
v 282.34 6.13 30.00
v 290.05 6.08 12.34
v 288.63 29.38 12.34
v 288.63 29.38 31.88
v 290.05 6.08 31.88
v 288.63 29.38 12.34
v 278.64 28.77 12.34
v 278.64 28.77 31.88
v 288.63 29.38 31.88
v 278.64 28.77 12.34
v 280.07 5.46 12.34
v 282.34 6.13 30.00
v 278.64 28.77 31.88
v 280.07 5.46 12.34
v 290.05 6.08 12.34
v 290.05 6.08 31.88
v 282.34 6.13 30.00
v 245.91 61.92 15.71
v 240.28 81.09 15.71
v 249.87 83.91 15.71
v 255.51 64.74 15.71
v 255.51 64.74 32.17
v 249.87 83.91 32.17
v 240.28 81.09 32.17
v 245.91 61.92 32.17
v 201.65 108.96 11.52
v 193.00 123.65 11.52
v 190.87 120.73 30.00
v 201.65 108.96 33.13
v 193.00 123.65 11.52
v 184.38 118.57 11.52
v 184.38 118.57 33.13
v 190.87 120.73 30.00
v 184.38 118.57 11.52
v 193.04 103.88 11.52
v 193.04 103.88 33.13
v 184.38 118.57 33.13
v 193.04 103.88 11.52
v 201.65 108.96 11.52
v 201.65 108.96 33.13
v 193.04 103.88 33.13
v 180.42 -202.57 13.68
v 190.29 -193.33 13.68
v 197.12 -200.63 13.68
v 187.25 -209.87 13.68
v 187.25 -209.87 32.25
v 197.12 -200.63 32.25
v 192.62 -193.73 30.00
v 180.42 -202.57 32.25
v 279.78 22.48 0.03
v 278.71 33.19 0.03
v 288.66 34.19 0.03
v 289.73 23.47 0.03
v 289.73 23.47 24.25
v 288.66 34.19 24.25
v 278.71 33.19 24.25
v 279.78 22.48 24.25
v 289.73 23.47 0.03
v 288.66 34.19 0.03
v 288.66 34.19 24.25
v 289.73 23.47 24.25
v 288.66 34.19 0.03
v 278.71 33.19 0.03
v 278.71 33.19 24.25
v 288.66 34.19 24.25
v 278.71 33.19 0.03
v 279.78 22.48 0.03
v 279.78 22.48 24.25
v 278.71 33.19 24.25
v 279.78 22.48 0.03
v 289.73 23.47 0.03
v 289.73 23.47 24.25
v 279.78 22.48 24.25
v 262.97 -87.98 -1.27
v 255.81 -107.04 -1.27
v 255.88 -105.69 28.80
v 262.97 -87.98 25.54
v 255.81 -107.04 -1.27
v 265.17 -110.56 -1.27
v 265.17 -110.56 25.54
v 255.88 -105.69 28.80

usemtl mat_window_lit
v 247.05 -99.68 54.80
v 248.78 -92.55 54.80
v 248.78 -92.55 68.69
v 247.05 -99.68 68.69
v 248.78 -92.55 54.80
v 242.55 -91.04 54.80
v 242.55 -91.04 68.69
v 248.78 -92.55 68.69
v 242.55 -91.04 54.80
v 240.82 -98.17 54.80
v 240.82 -98.17 68.69
v 242.55 -91.04 68.69
v 240.82 -98.17 54.80
v 247.05 -99.68 54.80
v 247.05 -99.68 68.69
v 240.82 -98.17 68.69
v 240.82 -98.17 68.69
v 242.55 -91.04 68.69
v 248.78 -92.55 68.69
v 247.31 -100.10 68.69
v 247.31 -100.10 74.39
v 249.21 -92.29 74.39
v 242.29 -90.61 74.39
v 242.53 -95.48 70.00
v 247.31 -100.10 74.39
v 242.53 -95.48 70.00
v 248.50 -96.25 79.38
v 249.21 -92.29 74.39
v 241.10 -94.46 79.38
v 242.29 -90.61 74.39
v 229.33 -94.95 54.80
v 230.87 -88.62 54.80
v 238.53 -90.48 54.80
v 236.99 -96.81 54.80
v 236.99 -96.81 66.17
v 238.53 -90.48 66.17
v 230.87 -88.62 66.17
v 229.33 -94.95 66.17
v 236.99 -96.81 54.80
v 238.53 -90.48 54.80
v 238.53 -90.48 66.17
v 236.99 -96.81 66.17
v 238.53 -90.48 54.80
v 230.87 -88.62 54.80
v 230.87 -88.62 66.17
v 238.53 -90.48 66.17
v 229.33 -94.95 54.80
v 227.41 -87.37 54.80
v 227.41 -87.37 68.31
v 229.33 -94.95 66.17
v 227.41 -87.37 54.80
v 220.43 -85.67 54.80
v 220.43 -85.67 68.31
v 227.41 -87.37 68.31
v 220.43 -85.67 54.80
v 218.70 -92.78 54.80
v 215.41 -92.71 68.80
v 220.43 -85.67 68.31
v 218.70 -92.78 54.80
v 229.33 -94.95 54.80
v 229.33 -94.95 66.17
v 215.41 -92.71 68.80
v 227.41 -87.37 68.31
v 228.91 -95.21 66.17
v 227.13 -91.07 73.29
v 218.98 -89.09 73.29
v 227.13 -91.07 73.29
v 215.41 -92.71 68.80
v 217.99 -81.35 68.80
v 218.98 -89.09 73.29
v 225.42 -66.17 54.80
v 224.54 -73.53 54.80
v 224.54 -73.53 66.49
v 225.42 -66.17 66.49
v 224.54 -73.53 54.80
v 231.25 -74.33 54.80
v 231.25 -74.33 66.49
v 224.54 -73.53 66.49
v 224.54 -73.53 66.49
v 225.42 -66.17 66.49
v 234.19 -65.18 68.80
v 231.25 -74.33 66.49
v 231.56 -74.72 71.21
v 232.51 -66.67 71.21
v 225.11 -65.78 71.21
v 224.15 -73.84 71.21
v 231.25 -74.33 66.49
v 234.19 -65.18 68.80
v 232.51 -66.67 71.21
v 231.56 -74.72 71.21
v 234.19 -65.18 68.80
v 225.42 -66.17 66.49
v 225.11 -65.78 71.21
v 232.51 -66.67 71.21
v 271.79 -50.00 48.00
v 268.89 -46.01 48.00
v 268.89 -46.01 72.00
v 273.39 -47.77 70.00
v 268.89 -46.01 48.00
v 264.19 -47.53 48.00
v 264.19 -47.53 72.00
v 268.89 -46.01 72.00
v 264.19 -47.53 48.00
v 264.19 -52.47 48.00
v 263.14 -54.29 70.00
v 264.19 -47.53 72.00
v 264.19 -52.47 48.00
v 266.29 -53.99 48.00
v 266.29 -53.99 72.00
v 263.14 -54.29 70.00
v 266.29 -53.99 48.00
v 270.99 -52.47 48.00
v 272.26 -52.00 70.00
v 266.29 -53.99 72.00
v 270.99 -52.47 48.00
v 271.79 -50.00 48.00
v 273.39 -47.77 70.00
v 272.26 -52.00 70.00
v 252.28 -100.47 72.00
v 256.97 -101.99 72.00
v 255.67 -98.00 78.00
v 256.97 -101.99 72.00
v 260.26 -101.33 72.00
v 255.67 -98.00 78.00
v 260.26 -101.33 72.00
v 261.34 -98.00 72.00
v 255.67 -98.00 78.00
v 263.62 -56.74 40.80
v 263.62 -47.26 40.80
v 271.98 -47.26 40.80
v 271.98 -56.74 40.80
v 271.98 -56.74 50.84
v 271.98 -47.26 50.84
v 263.62 -47.26 50.84
v 263.62 -56.74 50.84
v 271.98 -56.74 40.80
v 271.98 -47.26 40.80
v 271.98 -47.26 50.84
v 271.98 -56.74 50.84
v 257.50 -29.12 45.33
v 257.66 -30.42 45.33
v 255.61 -30.68 53.23
v 255.63 -29.84 54.80
v 257.66 -30.42 45.33
v 257.50 -29.12 45.33
v 260.13 -29.12 45.33
v 260.29 -30.42 45.33
v 263.29 -30.35 53.23
v 263.76 -28.87 54.80
v 255.63 -29.84 54.80
v 255.61 -30.68 53.23
v 260.29 -30.42 45.33
v 260.13 -29.12 45.33
v 263.76 -28.87 54.80
v 263.29 -30.35 53.23
v 260.13 -29.12 45.33
v 257.50 -29.12 45.33
v 255.63 -29.84 54.80
v 263.76 -28.87 54.80
v 257.50 -29.12 45.33
v 257.66 -30.42 45.33
v 255.61 -30.68 53.23
v 255.63 -29.84 54.80
v 242.32 -31.81 40.80
v 249.52 -30.95 40.80
v 249.52 -30.95 49.09
v 242.32 -31.81 49.09
v 242.32 -31.81 49.09
v 241.50 -25.00 49.09
v 248.69 -24.13 49.09
v 249.52 -30.95 49.09
v 249.91 -31.25 52.29
v 249.00 -23.74 52.29
v 243.44 -24.00 54.80
v 244.37 -31.79 54.80
v 249.52 -30.95 49.09
v 248.69 -24.13 49.09
v 249.00 -23.74 52.29
v 249.91 -31.25 52.29
v 248.69 -24.13 49.09
v 241.50 -25.00 49.09
v 243.44 -24.00 54.80
v 249.00 -23.74 52.29
v 241.50 -25.00 49.09
v 242.32 -31.81 49.09
v 244.37 -31.79 54.80
v 243.44 -24.00 54.80
v 240.78 -8.81 40.80
v 248.10 -7.01 40.80
v 248.10 -7.01 49.27
v 240.78 -8.81 49.27
v 245.91 1.88 49.27
v 248.10 -7.01 49.27
v 247.59 -2.42 55.50
v 239.10 -4.51 55.50
v 247.59 -2.42 55.50
v 240.78 -8.81 49.27
v 238.59 0.08 49.27
v 239.10 -4.51 55.50
v 248.10 -7.01 49.27
v 240.78 -8.81 49.27
v 247.59 -2.42 55.50
v 245.91 1.88 49.27
v 239.10 -4.51 55.50
v 238.59 0.08 49.27
v 248.10 -7.01 40.80
v 240.78 -8.81 40.80
v 240.78 -8.81 49.27
v 248.10 -7.01 49.27
v 258.76 34.43 55.01
v 252.41 32.00 55.01
v 251.96 32.20 60.87
v 258.97 34.88 60.87
v 252.41 32.00 55.01
v 256.27 24.88 56.00
v 255.58 22.75 60.87
v 251.96 32.20 60.87
v 256.27 24.88 56.00
v 262.13 25.63 55.01
v 262.58 25.43 60.87
v 255.58 22.75 60.87
v 259.11 35.21 60.87
v 262.58 25.43 60.87
v 261.01 30.25 67.27
v 253.53 27.39 67.27
v 261.01 30.25 67.27
v 255.58 22.75 60.87
v 251.96 32.20 60.87
v 253.53 27.39 67.27
v 262.58 25.43 60.87
v 255.58 22.75 60.87
v 261.01 30.25 67.27
v 259.11 35.21 60.87
v 253.53 27.39 67.27
v 251.96 32.20 60.87
v 256.15 24.86 46.85
v 255.56 26.39 46.85
v 255.56 26.39 50.11
v 256.15 24.86 50.11
v 255.56 26.39 46.85
v 256.15 24.86 46.85
v 256.15 24.86 50.11
v 255.56 26.39 50.11
v 256.15 24.86 46.85
v 255.56 26.39 46.85
v 255.56 26.39 50.11
v 256.15 24.86 50.11
v 255.56 26.39 46.85
v 256.15 24.86 46.85
v 256.15 24.86 50.11
v 255.56 26.39 50.11
v 256.15 24.86 50.11
v 255.56 26.39 50.11
v 255.56 26.39 56.61
v 256.27 24.88 56.00
v 238.28 55.54 40.80
v 231.98 52.14 40.80
v 231.98 52.14 52.47
v 238.28 55.54 52.47
v 231.98 52.14 40.80
v 235.34 45.89 40.80
v 235.34 45.89 52.47
v 231.98 52.14 52.47
v 235.34 45.89 40.80
v 241.65 49.29 40.80
v 241.65 49.29 52.47
v 235.34 45.89 52.47
v 235.34 45.89 52.47
v 231.98 52.14 52.47
v 238.28 55.54 52.47
v 241.65 49.29 52.47
v 242.12 49.14 57.18
v 238.43 56.01 57.18
v 231.50 52.28 57.18
v 235.20 45.42 57.18
v 241.65 49.29 52.47
v 238.28 55.54 52.47
v 238.43 56.01 57.18
v 242.12 49.14 57.18
v 224.30 39.73 40.80
v 230.66 43.16 40.80
v 230.66 43.16 52.15
v 224.30 39.73 52.15
v 227.36 50.55 52.15
v 230.66 43.16 52.15
v 229.42 46.73 57.23
v 222.00 42.74 57.23
v 229.42 46.73 57.23
v 224.30 39.73 52.15
v 219.94 46.56 52.15
v 222.00 42.74 57.23
v 230.66 43.16 52.15
v 224.30 39.73 52.15
v 229.42 46.73 57.23
v 227.36 50.55 52.15
v 222.00 42.74 57.23
v 219.94 46.56 52.15
v 213.22 33.92 40.80
v 209.80 40.27 40.80
v 215.98 43.60 40.80
v 219.40 37.24 40.80
v 212.54 36.06 54.80
v 213.22 33.92 53.94
v 213.08 33.45 59.32
v 213.33 36.02 55.37
v 216.31 34.96 52.43
v 218.25 39.10 54.80
v 219.88 37.10 59.32
v 216.36 31.01 59.00
v 218.25 39.10 54.80
v 216.31 34.96 52.43
v 216.36 31.01 59.00
v 219.88 37.10 59.32
v 219.88 37.10 59.32
v 217.59 42.41 56.00
v 218.22 40.70 64.22
v 217.48 39.79 62.52
v 217.59 42.41 56.00
v 219.88 37.10 59.32
v 217.48 39.79 62.52
v 218.22 40.70 64.22
v 213.72 61.58 42.00
v 207.46 69.93 40.80
v 212.95 73.92 40.80
v 217.46 67.70 40.80
v 217.46 67.70 49.89
v 212.95 73.92 49.89
v 207.46 69.93 49.89
v 211.97 63.71 49.89
v 217.46 67.70 40.80
v 212.95 73.92 40.80
v 212.95 73.92 49.89
v 217.46 67.70 49.89
v 212.95 73.92 40.80
v 207.46 69.93 40.80
v 207.46 69.93 49.89
v 212.95 73.92 49.89
v 207.46 69.93 40.80
v 213.72 61.58 42.00
v 211.97 63.71 49.89
v 207.46 69.93 49.89
v 213.72 61.58 42.00
v 217.46 67.70 40.80
v 217.46 67.70 49.89
v 211.97 63.71 49.89
v 212.95 73.92 49.89
v 217.46 67.70 49.89
v 219.40 73.85 57.00
v 209.23 66.47 55.11
v 213.72 61.58 42.00
v 211.74 65.17 44.66
v 211.74 65.17 45.72
v 211.97 63.71 49.89
v 201.84 56.86 40.80
v 197.81 62.42 40.80
v 203.70 66.70 40.80
v 207.74 61.14 40.80
v 206.10 61.26 54.80
v 203.70 66.70 50.63
v 197.81 62.42 50.63
v 201.84 56.86 50.63
v 207.74 61.14 40.80
v 203.70 66.70 40.80
v 203.70 66.70 50.63
v 206.10 61.26 54.80
v 203.70 66.70 40.80
v 197.81 62.42 40.80
v 197.81 62.42 50.63
v 203.70 66.70 50.63
v 197.81 62.42 40.80
v 201.84 56.86 40.80
v 201.84 56.86 50.63
v 197.81 62.42 50.63
v 192.88 49.24 40.80
v 198.39 53.24 40.80
v 198.39 53.24 49.14
v 192.88 49.24 49.14
v 192.88 49.24 49.14
v 187.78 56.27 49.14
v 193.29 60.27 49.14
v 198.39 53.24 49.14
v 198.88 53.16 52.35
v 193.37 60.76 52.35
v 187.29 56.34 52.35
v 192.80 48.75 52.35
v 198.39 53.24 49.14
v 193.29 60.27 49.14
v 193.37 60.76 52.35
v 198.88 53.16 52.35
v 193.29 60.27 49.14
v 187.78 56.27 49.14
v 187.29 56.34 52.35
v 193.37 60.76 52.35
v 187.78 56.27 49.14
v 192.88 49.24 49.14
v 192.80 48.75 52.35
v 187.29 56.34 52.35
v 187.78 79.82 52.60
v 190.92 82.02 57.75
v 184.86 88.30 57.75
v 182.56 85.23 52.60
v 193.23 85.08 52.60
v 190.92 82.02 57.75
v 187.78 79.82 52.60
v 188.00 90.49 52.60
v 182.56 85.23 52.60
v 184.86 88.30 57.75
v 193.23 85.08 52.60
v 189.32 86.48 52.60
v 189.32 86.48 55.80
v 190.87 86.45 55.80
v 189.32 86.48 52.60
v 193.23 85.08 52.60
v 190.87 86.45 55.80
v 189.32 86.48 55.80
v 180.58 71.83 40.80
v 174.32 78.31 40.80
v 178.68 82.52 40.80
v 184.95 76.04 40.80
v 184.31 -191.35 56.73
v 189.96 -185.51 56.73
v 184.81 -180.53 56.73
v 179.16 -186.37 56.73
v 184.30 -190.85 52.16
v 189.46 -185.52 52.16
v 189.96 -185.51 56.73
v 184.31 -191.35 56.73
v 189.46 -185.52 52.16
v 184.81 -181.02 52.16
v 184.81 -180.53 56.73
v 189.96 -185.51 56.73
v 184.81 -181.02 52.16
v 179.66 -186.36 52.16
v 179.16 -186.37 56.73
v 184.81 -180.53 56.73
v 179.66 -186.36 52.16
v 184.30 -190.85 52.16
v 184.31 -191.35 56.73
v 179.16 -186.37 56.73
v 190.31 -185.50 56.73
v 184.31 -191.35 56.73
v 187.31 -188.60 61.78
v 181.81 -183.28 61.78
v 214.05 -138.60 40.80
v 206.62 -134.60 40.80
v 206.62 -134.60 49.41
v 214.05 -138.60 49.41
v 206.62 -134.60 40.80
v 203.40 -140.58 40.80
v 203.40 -140.58 49.41
v 206.62 -134.60 49.41
v 203.40 -140.58 40.80
v 210.83 -144.59 40.80
v 210.83 -144.59 49.41
v 203.40 -140.58 49.41
v 203.40 -140.58 49.41
v 206.62 -134.60 49.41
v 214.05 -138.60 49.41
v 210.97 -145.06 49.41
v 214.64 -147.20 50.41
v 214.12 -137.94 54.80
v 206.98 -134.15 54.80
v 202.92 -140.73 52.74
v 210.97 -145.06 49.41
v 214.05 -138.60 49.41
v 214.12 -137.94 54.80
v 214.64 -147.20 50.41
v 238.70 -121.91 54.80
v 234.97 -120.57 59.52
v 231.14 -119.06 54.80
v 217.65 -122.09 40.80
v 220.60 -114.36 40.80
v 227.15 -116.86 40.80
v 224.19 -124.59 40.80
v 224.19 -124.59 52.62
v 227.71 -119.16 54.80
v 220.60 -114.36 52.62
v 217.65 -122.09 52.62
v 224.19 -124.59 40.80
v 227.15 -116.86 40.80
v 227.71 -119.16 54.80
v 224.19 -124.59 52.62
v 227.15 -116.86 40.80
v 220.60 -114.36 40.80
v 220.60 -114.36 52.62
v 227.71 -119.16 54.80
v 220.60 -114.36 40.80
v 217.65 -122.09 40.80
v 217.65 -122.09 52.62
v 220.60 -114.36 52.62
v 257.82 -108.36 50.77
v 259.79 -100.32 50.77
v 252.56 -98.54 50.77
v 252.85 -108.95 50.23
v 257.82 -108.36 40.80
v 259.79 -100.32 40.80
v 259.79 -100.32 50.77
v 257.82 -108.36 50.77
v 259.79 -100.32 40.80
v 252.56 -98.54 40.80
v 252.56 -98.54 50.77
v 259.79 -100.32 50.77
v 252.56 -98.54 40.80
v 250.58 -106.58 40.80
v 252.85 -108.95 50.23
v 252.56 -98.54 50.77
v 250.58 -106.58 40.80
v 257.82 -108.36 40.80
v 257.82 -108.36 50.77
v 252.85 -108.95 50.23
v 252.85 -108.95 50.23
v 252.56 -98.54 50.77
v 260.22 -100.06 50.77
v 257.82 -108.36 50.77
v 265.64 -78.45 59.69
v 257.99 -82.04 53.60
v 259.06 -73.15 53.60
v 257.93 -77.52 59.69
v 265.04 -83.50 53.60
v 257.99 -82.04 53.60
v 265.64 -78.45 59.69
v 265.58 -73.93 53.60
v 257.93 -77.52 59.69
v 259.06 -73.15 53.60
v 260.38 -81.95 45.40
v 259.90 -81.89 45.40
v 257.99 -82.04 53.60
v 264.51 -82.83 53.60
v 259.90 -81.89 45.40
v 260.38 -81.95 45.40
v 264.51 -82.83 53.60
v 257.99 -82.04 53.60
v 244.97 -79.77 40.80
v 245.88 -72.26 40.80
v 253.48 -73.18 40.80
v 252.58 -80.69 40.80
v 242.72 -75.68 54.80
v 232.93 -78.86 48.68
v 233.44 -69.62 48.68
v 231.25 -74.33 54.80
v 239.90 -80.30 48.68
v 232.93 -78.86 48.68
v 242.72 -75.68 54.80
v 240.41 -71.07 48.68
v 231.25 -74.33 54.80
v 233.44 -69.62 48.68
v 239.38 -79.64 40.80
v 232.93 -78.86 40.80
v 232.93 -78.86 48.68
v 239.38 -79.64 48.68
v 232.93 -78.86 40.80
v 239.38 -79.64 40.80
v 239.38 -79.64 48.68
v 232.93 -78.86 48.68
v 280.71 -52.00 30.00
v 281.56 -46.00 30.00
v 284.11 -49.53 58.00
v 280.71 -52.00 57.00
v 286.38 -52.00 58.00
v 285.30 -48.67 58.00
v 280.71 -52.00 64.00
v 285.30 -48.67 58.00
v 284.11 -49.53 58.00
v 280.71 -52.00 64.00
v 284.11 -49.53 58.00
v 279.41 -48.01 58.00
v 280.71 -52.00 64.00
v 279.41 -48.01 58.00
v 277.31 -52.00 57.00
v 280.71 -52.00 64.00
v 277.31 -52.00 57.00
v 279.41 -55.99 58.00
v 280.71 -52.00 64.00
v 279.41 -55.99 58.00
v 282.01 -55.99 58.00
v 280.71 -52.00 64.00
v 257.13 -42.65 28.80
v 250.64 -42.65 28.80
v 250.64 -42.65 41.78
v 257.13 -42.65 41.78
v 250.64 -42.65 28.80
v 250.64 -49.35 28.80
v 251.62 -48.47 40.80
v 250.64 -42.65 41.78
v 250.64 -49.35 28.80
v 257.13 -49.35 28.80
v 258.16 -48.47 40.80
v 251.62 -48.47 40.80
v 257.13 -42.65 41.78
v 258.16 -48.47 40.80
v 257.73 -46.00 46.33
v 250.04 -46.00 46.33
v 257.73 -46.00 46.33
v 251.62 -48.47 40.80
v 250.64 -42.65 41.78
v 250.04 -46.00 46.33
v 258.16 -48.47 40.80
v 251.62 -48.47 40.80
v 257.73 -46.00 46.33
v 243.87 -42.50 28.80
v 236.22 -42.50 28.80
v 236.22 -42.50 38.76
v 243.87 -42.50 38.76
v 236.22 -42.50 28.80
v 236.22 -49.50 28.80
v 236.22 -49.50 38.76
v 236.22 -42.50 38.76
v 236.22 -49.50 28.80
v 243.87 -49.50 28.80
v 243.87 -49.50 38.76
v 236.22 -49.50 38.76
v 244.47 -50.10 38.76
v 243.87 -42.50 38.76
v 240.05 -41.90 43.96
v 240.05 -50.10 43.96
v 235.62 -50.10 38.76
v 240.05 -50.10 43.96
v 240.05 -41.90 43.96
v 236.22 -42.50 38.76
v 244.47 -50.10 38.76
v 240.05 -50.10 43.96
v 235.62 -50.10 38.76
v 243.87 -42.50 38.76
v 236.22 -42.50 38.76
v 240.05 -41.90 43.96
v 243.87 -49.50 38.76
v 243.87 -42.50 38.76
v 240.05 -41.90 43.96
v 242.69 -45.23 41.96
v 243.87 -42.50 38.76
v 243.87 -49.50 38.76
v 242.69 -45.23 41.96
v 240.05 -41.90 43.96
v 269.22 -20.14 28.80
v 268.42 -13.54 28.80
v 276.07 -12.60 28.80
v 276.88 -19.21 28.80
v 275.08 -19.88 40.80
v 276.07 -12.60 40.55
v 268.42 -13.54 40.55
v 267.43 -20.80 40.80
v 276.88 -19.21 28.80
v 276.07 -12.60 28.80
v 276.07 -12.60 40.55
v 275.08 -19.88 40.80
v 262.32 -13.47 43.72
v 253.72 -14.52 43.72
v 257.99 -13.74 49.14
v 260.12 -22.56 33.83
v 257.57 -22.56 33.83
v 255.03 -22.34 39.46
v 262.94 -21.37 39.46
v 257.57 -22.56 33.83
v 260.12 -22.56 33.83
v 262.94 -21.37 39.46
v 255.03 -22.34 39.46
v 262.94 -21.37 39.46
v 255.03 -22.34 39.46
v 257.57 -22.56 40.50
v 261.69 -22.11 40.80
v 255.03 -22.34 39.46
v 262.94 -21.37 39.46
v 261.69 -22.11 40.80
v 257.57 -22.56 40.50
v 241.09 -24.32 28.80
v 240.11 -16.25 28.80
v 247.71 -15.32 28.80
v 248.70 -23.39 28.80
v 248.70 -23.39 37.85
v 247.71 -15.32 37.85
v 240.11 -16.25 37.85
v 241.09 -24.32 37.85
v 248.70 -23.39 28.80
v 247.71 -15.32 28.80
v 247.71 -15.32 37.85
v 248.70 -23.39 37.85
v 247.71 -15.32 28.80
v 240.11 -16.25 28.80
v 240.11 -16.25 37.85
v 247.71 -15.32 37.85
v 240.11 -16.25 28.80
v 241.09 -24.32 28.80
v 241.09 -24.32 37.85
v 240.11 -16.25 37.85
v 241.09 -24.32 28.80
v 248.70 -23.39 28.80
v 248.70 -23.39 37.85
v 241.09 -24.32 37.85
v 241.09 -24.32 37.85
v 239.72 -15.95 37.85
v 248.02 -14.93 37.85
v 248.70 -23.39 37.85
v 268.25 9.49 28.80
v 266.41 16.86 28.80
v 272.47 18.37 28.80
v 274.31 11.01 28.80
v 274.31 11.01 39.26
v 272.47 18.37 39.26
v 266.41 16.86 39.26
v 268.25 9.49 39.26
v 274.31 11.01 28.80
v 272.47 18.37 28.80
v 272.47 18.37 39.26
v 274.31 11.01 39.26
v 272.47 18.37 28.80
v 266.41 16.86 28.80
v 266.41 16.86 39.26
v 272.47 18.37 39.26
v 266.41 16.86 28.80
v 268.25 9.49 28.80
v 268.25 9.49 39.26
v 266.41 16.86 39.26
v 268.25 9.49 28.80
v 274.31 11.01 28.80
v 274.31 11.01 39.26
v 268.25 9.49 39.26
v 253.30 44.73 28.80
v 256.08 37.55 28.80
v 256.08 37.55 37.39
v 253.30 44.73 37.39
v 256.08 37.55 28.80
v 261.87 39.79 28.80
v 261.87 39.79 37.39
v 256.08 37.55 37.39
v 259.08 46.97 37.39
v 261.87 39.79 37.39
v 261.03 43.60 42.63
v 254.13 40.92 42.63
v 261.03 43.60 42.63
v 256.08 37.55 37.39
v 252.52 45.07 37.39
v 254.13 40.92 42.63
v 261.87 39.79 37.39
v 256.08 37.55 37.39
v 261.03 43.60 42.63
v 259.08 46.97 37.39
v 254.13 40.92 42.63
v 252.52 45.07 37.39
v 239.58 39.07 28.80
v 242.13 32.48 28.80
v 242.13 32.48 36.97
v 239.58 39.07 36.97
v 242.13 32.48 28.80
v 249.09 35.18 28.80
v 249.09 35.18 36.97
v 242.13 32.48 36.97
v 249.87 34.84 36.97
v 246.54 41.77 36.97
v 242.84 40.98 42.05
v 245.83 33.27 42.05
v 242.13 32.48 36.97
v 245.83 33.27 42.05
v 242.84 40.98 42.05
v 239.58 39.07 36.97
v 249.87 34.84 36.97
v 245.83 33.27 42.05
v 242.13 32.48 36.97
v 246.54 41.77 36.97
v 239.58 39.07 36.97
v 242.84 40.98 42.05
v 226.77 33.81 43.32
v 229.13 27.72 43.32
v 228.93 27.27 49.31
v 226.31 34.01 49.31
v 229.13 27.72 43.32
v 235.87 29.96 43.32
v 235.87 29.96 49.31
v 228.93 27.27 49.31
v 235.87 29.96 49.31
v 233.25 36.70 49.31
v 229.69 35.59 53.90
v 232.49 28.38 53.90
v 228.93 27.27 49.31
v 232.49 28.38 53.90
v 229.69 35.59 53.90
v 226.31 34.01 49.31
v 235.87 29.96 49.31
v 232.49 28.38 53.90
v 228.93 27.27 49.31
v 233.25 36.70 49.31
v 226.31 34.01 49.31
v 229.69 35.59 53.90
v 229.99 68.42 28.80
v 234.42 60.29 28.80
v 234.42 60.29 38.05
v 226.60 68.14 38.00
v 234.42 60.29 28.80
v 241.83 64.33 28.80
v 241.83 64.33 38.05
v 234.42 60.29 38.05
v 234.28 59.81 38.05
v 226.60 68.14 38.00
v 237.39 72.46 38.05
v 241.83 64.33 38.05
v 242.30 64.19 41.68
v 237.53 72.94 41.68
v 229.51 68.56 41.68
v 234.28 59.81 41.68
v 241.83 64.33 38.05
v 237.39 72.46 38.05
v 237.53 72.94 41.68
v 242.30 64.19 41.68
v 237.39 72.46 38.05
v 226.60 68.14 38.00
v 229.51 68.56 41.68
v 237.53 72.94 41.68
v 212.89 58.86 37.05
v 210.26 50.71 35.16
v 213.69 54.76 40.25
v 214.66 55.29 40.25
v 210.26 50.71 35.16
v 217.13 51.09 37.05
v 215.18 54.33 40.25
v 213.69 54.76 40.25
v 209.44 81.14 28.80
v 204.76 87.49 28.80
v 210.93 92.03 28.80
v 215.60 85.68 28.80
v 215.60 85.68 42.13
v 211.49 93.58 42.00
v 200.65 88.43 42.00
v 209.44 81.14 42.13
v 215.60 85.68 28.80
v 210.93 92.03 28.80
v 211.49 93.58 42.00
v 215.60 85.68 42.13
v 210.93 92.03 28.80
v 204.76 87.49 28.80
v 200.65 88.43 42.00
v 211.49 93.58 42.00
v 204.76 87.49 28.80
v 209.44 81.14 28.80
v 209.44 81.14 42.13
v 200.65 88.43 42.00
v 209.44 81.14 28.80
v 215.60 85.68 28.80
v 215.60 85.68 42.13
v 209.44 81.14 42.13
v 211.49 93.58 42.00
v 215.60 85.68 42.13
v 213.75 89.21 47.49
v 206.62 83.96 47.49
v 213.75 89.21 47.49
v 209.44 81.14 42.13
v 200.65 88.43 42.00
v 206.62 83.96 47.49
v 215.60 85.68 42.13
v 209.44 81.14 42.13
v 213.75 89.21 47.49
v 211.49 93.58 42.00
v 206.62 83.96 47.49
v 200.65 88.43 42.00
v 198.94 74.49 33.51
v 198.15 75.57 33.51
v 198.15 75.57 35.43
v 198.94 74.49 35.43
v 198.15 75.57 33.51
v 198.94 74.49 33.51
v 198.94 74.49 35.43
v 198.15 75.57 35.43
v 201.63 74.49 33.51
v 200.84 75.57 33.51
v 200.84 75.57 35.43
v 201.63 74.49 35.43
v 200.84 75.57 33.51
v 201.63 74.49 33.51
v 201.63 74.49 35.43
v 200.84 75.57 35.43
v 188.84 66.58 28.80
v 184.73 72.16 28.80
v 189.57 75.73 28.80
v 193.68 70.14 28.80
v 193.68 70.14 38.56
v 189.57 75.73 38.56
v 184.73 72.16 38.56
v 188.84 66.58 38.56
v 180.45 -198.68 28.80
v 185.68 -193.34 28.80
v 185.68 -193.34 41.74
v 180.45 -198.68 41.74
v 185.68 -193.34 28.80
v 179.62 -187.41 28.80
v 179.66 -186.36 40.80
v 185.68 -193.34 41.74
v 179.62 -187.41 28.80
v 174.40 -192.74 28.80
v 174.40 -192.74 41.74
v 179.66 -186.36 40.80
v 174.40 -192.74 28.80
v 180.45 -198.68 28.80
v 180.45 -198.68 41.74
v 174.40 -192.74 41.74
v 174.40 -192.74 41.74
v 179.66 -186.36 40.80
v 185.68 -193.34 41.74
v 180.45 -198.68 41.74
v 180.46 -199.17 47.02
v 186.17 -193.34 47.02
v 179.62 -186.91 47.02
v 173.90 -192.75 47.02
v 180.45 -198.68 41.74
v 185.68 -193.34 41.74
v 186.17 -193.34 47.02
v 180.46 -199.17 47.02
v 185.68 -193.34 41.74
v 179.66 -186.36 40.80
v 179.62 -186.91 47.02
v 186.17 -193.34 47.02
v 179.66 -186.36 40.80
v 174.40 -192.74 41.74
v 173.90 -192.75 47.02
v 179.62 -186.91 47.02
v 174.40 -192.74 41.74
v 180.45 -198.68 41.74
v 180.46 -199.17 47.02
v 173.90 -192.75 47.02
v 180.46 -199.17 47.02
v 186.17 -193.34 47.02
v 183.06 -189.66 50.88
v 177.00 -196.14 52.79
v 173.90 -192.75 47.02
v 177.00 -196.14 52.79
v 183.06 -189.66 50.88
v 179.62 -186.91 47.02
v 185.46 -154.68 28.80
v 180.00 -162.09 28.80
v 180.00 -162.09 42.37
v 189.93 -151.15 40.80
v 180.00 -162.09 28.80
v 185.13 -165.86 28.80
v 185.13 -165.86 42.37
v 180.00 -162.09 42.37
v 191.95 -158.83 44.98
v 185.13 -165.86 42.37
v 188.12 -160.02 46.36
v 182.25 -158.03 48.63
v 188.12 -160.02 46.36
v 179.16 -162.22 42.37
v 189.93 -151.15 40.80
v 182.25 -158.03 48.63
v 185.13 -165.86 42.37
v 179.16 -162.22 42.37
v 188.12 -160.02 46.36
v 191.95 -158.83 44.98
v 182.25 -158.03 48.63
v 189.93 -151.15 40.80
v 245.16 -133.85 28.80
v 248.13 -126.19 28.80
v 248.13 -126.19 38.57
v 245.16 -133.85 38.57
v 248.13 -126.19 28.80
v 241.95 -123.79 28.80
v 241.95 -123.79 38.57
v 248.13 -126.19 38.57
v 241.95 -123.79 28.80
v 238.98 -131.46 28.80
v 238.98 -131.46 38.57
v 241.95 -123.79 38.57
v 238.98 -131.46 28.80
v 245.16 -133.85 28.80
v 245.16 -133.85 38.57
v 238.98 -131.46 38.57
v 238.98 -131.46 38.57
v 241.95 -123.79 38.57
v 248.13 -126.19 38.57
v 245.16 -133.85 38.57
v 248.01 -133.89 40.80
v 248.59 -125.99 42.42
v 243.26 -122.83 40.80
v 238.53 -131.66 42.42
v 245.05 -94.84 42.36
v 242.81 -103.85 42.36
v 244.51 -99.49 48.67
v 236.10 -97.39 48.67
v 244.51 -99.49 48.67
v 233.38 -102.54 40.80
v 235.44 -94.14 40.80
v 236.10 -97.39 48.67
v 242.81 -103.85 42.36
v 233.38 -102.54 40.80
v 244.51 -99.49 48.67
v 245.05 -94.84 42.36
v 236.10 -97.39 48.67
v 235.44 -94.14 40.80
v 223.28 -97.72 28.80
v 224.93 -91.08 28.80
v 231.34 -92.68 28.80
v 229.69 -99.32 28.80
v 229.69 -99.32 43.28
v 231.34 -92.68 43.28
v 224.93 -91.08 43.28
v 223.28 -97.72 43.28
v 229.69 -99.32 43.28
v 231.34 -92.68 43.28
v 231.77 -92.42 49.25
v 229.94 -99.74 49.25
v 231.34 -92.68 43.28
v 224.93 -91.08 43.28
v 224.68 -90.66 49.25
v 231.77 -92.42 49.25
v 224.93 -91.08 43.28
v 223.28 -97.72 43.28
v 222.85 -97.97 49.25
v 224.68 -90.66 49.25
v 223.28 -97.72 43.28
v 229.69 -99.32 43.28
v 229.94 -99.74 49.25
v 222.85 -97.97 49.25
v 231.77 -92.42 49.25
v 232.39 -101.80 45.53
v 231.10 -96.14 53.91
v 223.52 -94.25 53.91
v 231.10 -96.14 53.91
v 222.85 -97.97 49.25
v 224.68 -90.66 49.25
v 223.52 -94.25 53.91
v 229.27 -74.39 28.80
v 230.24 -66.39 28.80
v 238.23 -67.37 28.80
v 237.26 -75.36 28.80
v 237.26 -75.36 37.42
v 238.23 -67.37 37.42
v 230.24 -66.39 37.42
v 229.27 -74.39 37.42
v 237.26 -75.36 28.80
v 238.23 -67.37 28.80
v 238.23 -67.37 37.42
v 237.26 -75.36 37.42
v 238.23 -67.37 28.80
v 230.24 -66.39 28.80
v 230.24 -66.39 37.42
v 238.23 -67.37 37.42
v 230.24 -66.39 28.80
v 229.27 -74.39 28.80
v 229.27 -74.39 37.42
v 230.24 -66.39 37.42
v 229.27 -74.39 28.80
v 237.26 -75.36 28.80
v 237.26 -75.36 37.42
v 229.27 -74.39 37.42
v 238.23 -67.37 37.42
v 237.26 -75.36 37.42
v 238.34 -71.44 42.90
v 229.16 -70.32 42.90
v 238.34 -71.44 42.90
v 229.27 -74.39 37.42
v 229.72 -65.72 37.42
v 229.16 -70.32 42.90
v 237.26 -75.36 37.42
v 229.27 -74.39 37.42
v 238.34 -71.44 42.90
v 238.23 -67.37 37.42
v 229.16 -70.32 42.90
v 229.72 -65.72 37.42
v 232.54 -75.49 32.56
v 232.70 -74.13 32.56
v 235.45 -74.13 32.56
v 235.28 -75.49 32.56
v 235.28 -75.49 32.56
v 235.45 -74.13 32.56
v 232.70 -74.13 32.56
v 232.54 -75.49 32.56
v 201.18 -156.79 45.14
v 199.45 -160.08 45.38
v 198.69 -158.13 48.79
v 198.69 -158.13 48.79
v 199.45 -160.08 45.38
v 201.18 -156.79 45.14
v 201.18 -156.79 45.14
v 199.45 -160.08 45.38
v 198.69 -158.13 48.79
v 198.69 -158.13 48.79
v 199.45 -160.08 45.38
v 201.18 -156.79 45.14
v 201.18 -156.79 45.14
v 199.45 -160.08 45.38
v 198.69 -158.13 48.79
v 198.69 -158.13 48.79
v 199.45 -160.08 45.38
v 201.18 -156.79 45.14
v 259.76 -39.41 22.00
v 255.79 -34.86 24.42
v 254.76 -37.03 24.42
v 259.76 -39.41 22.00
v 254.76 -37.03 24.42
v 254.79 -34.38 24.91
v 258.18 -36.00 25.15
v 254.79 -34.38 25.15
v 253.76 -36.55 25.15
v 259.76 -39.41 22.00
v 254.79 -34.38 24.91
v 254.79 -34.38 25.15
v 258.18 -36.00 25.15
v 254.79 -34.38 24.91
v 254.76 -37.03 24.42
v 253.76 -36.55 25.15
v 254.79 -34.38 25.15
v 254.76 -37.03 24.42
v 259.76 -39.41 22.00
v 258.18 -36.00 25.15
v 253.76 -36.55 25.15
v 176.59 -0.28 70.00
v 176.29 0.24 70.00
v 175.99 -0.28 80.50
v 176.29 0.24 70.00
v 173.44 2.27 73.60
v 175.99 -0.28 80.50
v 172.39 -0.28 73.60
v 176.59 -0.28 70.00
v 175.99 -0.28 80.50
v 196.80 -84.36 59.60
v 193.80 -84.36 56.00
v 193.20 -84.36 66.50
v 193.80 -84.36 56.00
v 189.60 -84.36 59.60
v 193.20 -84.36 66.50
v 189.60 -84.36 59.60
v 190.66 -86.90 59.60
v 193.20 -84.36 66.50
v 177.58 -260.34 38.40
v 181.03 -263.62 38.40
v 182.00 -263.50 42.00
v 176.70 -261.30 42.00
v 181.03 -263.62 38.40
v 177.58 -260.34 38.40
v 176.70 -261.30 42.00
v 182.00 -263.50 42.00
v 190.25 -256.00 40.00
v 190.78 -252.37 44.00
v 182.00 -256.00 66.00
v 190.78 -252.37 44.00
v 186.18 -249.55 40.00
v 182.00 -256.00 66.00
v 186.18 -249.55 40.00
v 184.87 -249.07 42.00
v 182.00 -256.00 66.00
v 184.87 -249.07 42.00
v 179.13 -249.07 42.00
v 182.00 -256.00 66.00
v 179.13 -249.07 42.00
v 174.78 -253.36 40.00
v 182.00 -256.00 66.00
v 174.78 -253.36 40.00
v 174.50 -256.00 42.00
v 182.00 -256.00 66.00
v 174.50 -256.00 42.00
v 176.70 -261.30 42.00
v 182.00 -256.00 66.00
v 176.70 -261.30 42.00
v 182.00 -265.50 44.00
v 182.00 -256.00 66.00
v 182.00 -265.50 44.00
v 187.30 -261.30 42.00
v 182.00 -256.00 66.00
v 187.30 -261.30 42.00
v 190.25 -256.00 40.00
v 182.00 -256.00 66.00
v 210.75 -261.28 38.40
v 209.58 -260.34 38.40
v 208.70 -261.30 42.00
v 211.13 -262.93 42.00
v 210.75 -261.28 38.40
v 216.43 -263.29 38.40
v 216.87 -262.93 42.00
v 211.13 -262.93 42.00
v 216.43 -263.29 38.40
v 210.75 -261.28 38.40
v 211.13 -262.93 42.00
v 216.87 -262.93 42.00
v 219.22 -259.34 38.40
v 220.15 -256.75 38.40
v 221.50 -256.00 42.00
v 219.22 -259.34 40.00
v 220.15 -256.75 38.40
v 219.22 -259.34 38.40
v 219.22 -259.34 40.00
v 221.50 -256.00 42.00
v 221.50 -256.00 42.00
v 220.93 -253.13 42.00
v 214.00 -256.00 66.00
v 218.40 -261.75 -2.00
v 218.40 -250.25 -2.00
v 218.40 -250.25 11.60
v 218.40 -261.75 11.60
v 218.40 -250.25 -2.00
v 209.60 -250.25 -2.00
v 209.60 -250.25 11.60
v 218.40 -250.25 11.60
v 209.60 -250.25 -2.00
v 209.60 -261.75 -2.00
v 209.60 -261.75 11.60
v 209.60 -250.25 11.60
v 209.60 -250.25 -2.00
v 218.40 -250.25 -2.00
v 219.20 -257.40 -2.00
v 208.80 -257.40 -2.00
v 208.80 -257.40 12.40
v 219.20 -257.40 12.40
v 218.40 -250.25 11.60
v 209.60 -250.25 11.60
v 208.80 -257.40 -2.00
v 219.20 -257.40 -2.00
v 219.20 -257.40 12.40
v 208.80 -257.40 12.40
v 240.40 -261.75 -2.00
v 240.40 -250.25 -2.00
v 240.40 -250.25 11.60
v 240.40 -261.75 11.60
v 240.40 -250.25 -2.00
v 231.60 -250.25 -2.00
v 231.60 -250.25 11.60
v 240.40 -250.25 11.60
v 231.60 -250.25 -2.00
v 231.60 -261.75 -2.00
v 231.60 -261.75 11.60
v 231.60 -250.25 11.60
v 231.60 -250.25 -2.00
v 240.40 -250.25 -2.00
v 241.20 -257.40 -2.00
v 230.80 -257.40 -2.00
v 230.80 -257.40 12.40
v 241.20 -257.40 12.40
v 240.40 -250.25 11.60
v 231.60 -250.25 11.60
v 230.80 -257.40 -2.00
v 241.20 -257.40 -2.00
v 241.20 -257.40 12.40
v 230.80 -257.40 12.40
v 274.80 -257.40 12.40
v 285.20 -257.40 12.40
v 285.20 -254.60 12.40
v 274.80 -254.60 12.40
v 274.80 -257.40 -2.00
v 285.20 -257.40 -2.00
v 285.20 -257.40 12.40
v 274.80 -257.40 12.40
v 285.20 -257.40 -2.00
v 285.20 -254.60 -2.00
v 285.20 -254.60 12.40
v 285.20 -257.40 12.40
v 285.20 -254.60 -2.00
v 274.80 -254.60 -2.00
v 274.80 -254.60 12.40
v 285.20 -254.60 12.40
v 274.80 -254.60 -2.00
v 274.80 -257.40 -2.00
v 274.80 -257.40 12.40
v 274.80 -254.60 12.40
v 297.60 -250.25 -2.00
v 306.40 -250.25 -2.00
v 306.40 -261.75 -2.00
v 297.60 -261.75 -2.00
v 319.60 -261.75 11.60
v 328.40 -261.75 11.60
v 328.40 -250.25 11.60
v 319.60 -250.25 11.60
v 319.60 -261.75 -2.00
v 328.40 -261.75 -2.00
v 328.40 -261.75 11.60
v 319.60 -261.75 11.60
v 328.40 -261.75 -2.00
v 328.40 -250.25 -2.00
v 328.40 -250.25 11.60
v 328.40 -261.75 11.60
v 328.40 -250.25 -2.00
v 319.60 -250.25 -2.00
v 319.60 -250.25 11.60
v 328.40 -250.25 11.60
v 319.60 -250.25 -2.00
v 319.60 -261.75 -2.00
v 319.60 -261.75 11.60
v 319.60 -250.25 11.60
v 319.60 -250.25 -2.00
v 328.40 -250.25 -2.00
v 329.20 -257.40 -2.00
v 318.80 -257.40 -2.00
v 341.60 -250.25 -2.00
v 340.80 -257.40 -2.00
v 340.80 -257.40 12.40
v 341.60 -250.25 11.60
v 363.60 -250.25 -2.00
v 372.40 -250.25 -2.00
v 372.40 -261.75 -2.00
v 363.60 -261.75 -2.00
v 363.60 -261.75 11.60
v 372.40 -261.75 11.60
v 372.40 -250.25 11.60
v 363.60 -250.25 11.60
v 363.60 -261.75 -2.00
v 372.40 -261.75 -2.00
v 372.40 -261.75 11.60
v 363.60 -261.75 11.60
v 372.40 -261.75 -2.00
v 372.40 -250.25 -2.00
v 372.40 -250.25 11.60
v 372.40 -261.75 11.60
v 372.40 -250.25 -2.00
v 363.60 -250.25 -2.00
v 363.60 -250.25 11.60
v 372.40 -250.25 11.60
v 385.60 -250.25 -2.00
v 385.60 -261.75 -2.00
v 385.60 -261.75 11.60
v 385.60 -250.25 11.60
v 384.80 -254.60 -2.00
v 395.20 -254.60 -2.00
v 395.20 -257.40 -2.00
v 384.80 -257.40 -2.00
v 384.80 -257.40 12.40
v 395.20 -257.40 12.40
v 395.20 -254.60 12.40
v 384.80 -254.60 12.40
v 384.80 -257.40 -2.00
v 395.20 -257.40 -2.00
v 395.20 -257.40 12.40
v 384.80 -257.40 12.40
v 395.20 -257.40 -2.00
v 395.20 -254.60 -2.00
v 395.20 -254.60 12.40
v 395.20 -257.40 12.40
v 395.20 -254.60 -2.00
v 384.80 -254.60 -2.00
v 384.80 -254.60 12.40
v 395.20 -254.60 12.40
v 249.43 -179.70 0.00
v 244.78 -178.64 0.00
v 244.78 -178.64 38.00
v 249.43 -179.70 38.00
v 244.78 -178.64 0.00
v 241.04 -181.61 0.00
v 241.04 -181.61 38.00
v 244.78 -178.64 38.00
v 241.04 -181.61 0.00
v 241.04 -186.39 0.00
v 241.04 -186.39 38.00
v 241.04 -181.61 38.00
v 241.04 -186.39 0.00
v 247.22 -189.36 0.00
v 247.22 -189.36 38.00
v 241.04 -186.39 38.00
v 247.22 -189.36 0.00
v 250.96 -186.39 0.00
v 250.96 -186.39 38.00
v 247.22 -189.36 38.00
v 250.96 -186.39 0.00
v 251.50 -184.00 0.00
v 251.50 -184.00 38.00
v 250.96 -186.39 38.00
v 251.50 -184.00 38.00
v 249.43 -179.70 38.00
v 244.78 -178.64 38.00
v 241.04 -181.61 38.00
v 241.04 -186.39 38.00
v 247.22 -189.36 38.00
v 250.96 -186.39 38.00
v 251.50 -184.00 38.00
v 249.43 -179.70 38.00
v 249.33 -176.82 42.00
v 252.40 -184.00 41.00
v 249.43 -179.70 38.00
v 244.78 -178.64 38.00
v 244.58 -177.76 41.00
v 249.33 -176.82 42.00
v 244.78 -178.64 38.00
v 241.04 -181.61 38.00
v 240.23 -181.22 41.00
v 244.58 -177.76 41.00
v 241.04 -181.61 38.00
v 239.60 -184.00 38.00
v 239.60 -184.00 41.00
v 240.23 -181.22 41.00
v 239.60 -184.00 38.00
v 241.04 -186.39 38.00
v 240.23 -186.78 41.00
v 239.60 -184.00 41.00
v -0.00 -8470.59 -18.00
v 529.41 -8470.59 -18.00
v 529.41 -9000.00 -18.00
v -0.00 -9000.00 -18.00
v -0.00 -9000.00 0.00
v 529.41 -9000.00 0.00
v 529.41 -8470.59 0.00
v -0.00 -8470.59 0.00
v -0.00 -9000.00 -18.00
v 529.41 -9000.00 -18.00
v 529.41 -9000.00 0.00
v -0.00 -9000.00 0.00
v 529.41 -9000.00 -18.00
v 529.41 -8470.59 -18.00
v 529.41 -8470.59 0.00
v 529.41 -9000.00 0.00
v 529.41 -8470.59 -18.00
v -0.00 -8470.59 -18.00
v -0.00 -8470.59 0.00
v 529.41 -8470.59 0.00
v -0.00 -7941.18 -18.00
v 529.41 -7941.18 -18.00
v 529.41 -8470.59 -18.00
v -0.00 -8470.59 -18.00
v -0.00 -4235.29 -18.00
v 529.41 -4235.29 -18.00
v 529.41 -4764.71 -18.00
v -0.00 -4764.71 -18.00
v -0.00 -4764.71 0.00
v 529.41 -4764.71 0.00
v 529.41 -4235.29 0.00
v -0.00 -4235.29 0.00
v -0.00 -4764.71 -18.00
v 529.41 -4764.71 -18.00
v 529.41 -4764.71 0.00
v -0.00 -4764.71 0.00
v 529.41 -4764.71 -18.00
v 529.41 -4235.29 -18.00
v 529.41 -4235.29 0.00
v 529.41 -4764.71 0.00
v 529.41 -4235.29 -18.00
v -0.00 -4235.29 -18.00
v -0.00 -4235.29 0.00
v 529.41 -4235.29 0.00
v -0.00 -3705.88 -18.00
v 529.41 -3705.88 -18.00
v 529.41 -4235.29 -18.00
v -0.00 -4235.29 -18.00
v -0.00 -0.00 0.00
v 529.41 -0.00 0.00
v 529.41 529.41 0.00
v -0.00 529.41 0.00
v -0.00 -0.00 -18.00
v 529.41 -0.00 -18.00
v 529.41 -0.00 0.00
v -0.00 -0.00 0.00
v 529.41 -0.00 -18.00
v 529.41 529.41 -18.00
v 529.41 529.41 0.00
v 529.41 -0.00 0.00
v 529.41 529.41 -18.00
v -0.00 529.41 -18.00
v -0.00 529.41 0.00
v 529.41 529.41 0.00
v -0.00 1058.82 -18.00
v 529.41 1058.82 -18.00
v 529.41 529.41 -18.00
v -0.00 529.41 -18.00
v -0.00 529.41 0.00
v 529.41 529.41 0.00
v 529.41 1058.82 0.00
v -0.00 1058.82 0.00
v -0.00 529.41 -18.00
v 529.41 529.41 -18.00
v 529.41 529.41 0.00
v -0.00 529.41 0.00
v 529.41 529.41 -18.00
v 529.41 1058.82 -18.00
v 529.41 1058.82 0.00
v 529.41 529.41 0.00
v 529.41 1058.82 -18.00
v -0.00 1058.82 -18.00
v -0.00 1058.82 0.00
v 529.41 1058.82 0.00
v -0.00 1588.23 -18.00
v 529.41 1588.23 -18.00
v 529.41 1058.82 -18.00
v -0.00 1058.82 -18.00
v -0.00 1058.82 0.00
v 529.41 1058.82 0.00
v 529.41 1588.23 0.00
v -0.00 1588.23 0.00
v -0.00 1058.82 -18.00
v 529.41 1058.82 -18.00
v 529.41 1058.82 0.00
v -0.00 1058.82 0.00
v -0.00 4235.29 0.00
v 529.41 4235.29 0.00
v 529.41 4764.71 0.00
v -0.00 4764.71 0.00
v -0.00 4235.29 -18.00
v 529.41 4235.29 -18.00
v 529.41 4235.29 0.00
v -0.00 4235.29 0.00
v 529.41 4235.29 -18.00
v 529.41 4764.71 -18.00
v 529.41 4764.71 0.00
v 529.41 4235.29 0.00
v 529.41 4764.71 -18.00
v -0.00 4764.71 -18.00
v -0.00 4764.71 0.00
v 529.41 4764.71 0.00
v -0.00 5294.12 -18.00
v 529.41 5294.12 -18.00
v 529.41 4764.71 -18.00
v -0.00 4764.71 -18.00
v -0.00 4764.71 0.00
v 529.41 4764.71 0.00
v 529.41 5294.12 0.00
v -0.00 5294.12 0.00
v -0.00 4764.71 -18.00
v 529.41 4764.71 -18.00
v 529.41 4764.71 0.00
v -0.00 4764.71 0.00
v 529.41 4764.71 -18.00
v 529.41 5294.12 -18.00
v 529.41 5294.12 0.00
v 529.41 4764.71 0.00
v 529.41 5294.12 -18.00
v -0.00 5294.12 -18.00
v -0.00 5294.12 0.00
v 529.41 5294.12 0.00
v -0.00 5823.53 -18.00
v 529.41 5823.53 -18.00
v 529.41 5294.12 -18.00
v -0.00 5294.12 -18.00
v -0.00 5294.12 0.00
v 529.41 5294.12 0.00
v 529.41 5823.53 0.00
v -0.00 5823.53 0.00
v -0.00 5294.12 -18.00
v 529.41 5294.12 -18.00
v 529.41 5294.12 0.00
v -0.00 5294.12 0.00
v 529.41 -5294.12 -18.00
v 1058.82 -5294.12 -18.00
v 1058.82 -5823.53 -18.00
v 529.41 -5823.53 -18.00
v 529.41 -5823.53 0.00
v 1058.82 -5823.53 0.00
v 1058.82 -5294.12 0.00
v 529.41 -5294.12 0.00
v 529.41 -5823.53 -18.00
v 1058.82 -5823.53 -18.00
v 1058.82 -5823.53 0.00
v 529.41 -5823.53 0.00
v 1058.82 -5823.53 -18.00
v 1058.82 -5294.12 -18.00
v 1058.82 -5294.12 0.00
v 1058.82 -5823.53 0.00
v 1058.82 -5294.12 -18.00
v 529.41 -5294.12 -18.00
v 529.41 -5294.12 0.00
v 1058.82 -5294.12 0.00
v 529.41 -5294.12 -18.00
v 529.41 -5823.53 -18.00
v 529.41 -5823.53 0.00
v 529.41 -5294.12 0.00
v 1058.82 -2647.06 -18.00
v 529.41 -2647.06 -18.00
v 529.41 -2647.06 0.00
v 1058.82 -2647.06 0.00
v 529.41 -2647.06 -18.00
v 529.41 -3176.47 -18.00
v 529.41 -3176.47 0.00
v 529.41 -2647.06 0.00
v 529.41 -2117.65 -18.00
v 1058.82 -2117.65 -18.00
v 1058.82 -2647.06 -18.00
v 529.41 -2647.06 -18.00
v 529.41 -2647.06 0.00
v 1058.82 -2647.06 0.00
v 1058.82 -2117.65 0.00
v 529.41 -2117.65 0.00
v 529.41 -2647.06 -18.00
v 1058.82 -2647.06 -18.00
v 1058.82 -2647.06 0.00
v 529.41 -2647.06 0.00
v 1058.82 -2647.06 -18.00
v 1058.82 -2117.65 -18.00
v 1058.82 -2117.65 0.00
v 1058.82 -2647.06 0.00
v 1058.82 -2117.65 -18.00
v 529.41 -2117.65 -18.00
v 529.41 -2117.65 0.00
v 1058.82 -2117.65 0.00
v 529.41 -2117.65 -18.00
v 529.41 -2647.06 -18.00
v 529.41 -2647.06 0.00
v 529.41 -2117.65 0.00
v 529.41 -1588.23 -18.00
v 1058.82 -1588.23 -18.00
v 1058.82 -2117.65 -18.00
v 529.41 -2117.65 -18.00
v 529.41 -2117.65 0.00
v 1058.82 -2117.65 0.00
v 1058.82 -1588.23 0.00
v 529.41 -1588.23 0.00
v 529.41 -2117.65 -18.00
v 1058.82 -2117.65 -18.00
v 1058.82 -2117.65 0.00
v 529.41 -2117.65 0.00
v 1058.82 -2117.65 -18.00
v 1058.82 -1588.23 -18.00
v 1058.82 -1588.23 0.00
v 1058.82 -2117.65 0.00
v 1058.82 -1588.23 -18.00
v 529.41 -1588.23 -18.00
v 529.41 -1588.23 0.00
v 1058.82 -1588.23 0.00
v 529.41 -1588.23 -18.00
v 529.41 -2117.65 -18.00
v 529.41 -2117.65 0.00
v 529.41 -1588.23 0.00
v 529.41 -1058.82 -18.00
v 1058.82 -1058.82 -18.00
v 1058.82 -1588.23 -18.00
v 529.41 -1588.23 -18.00
v 529.41 -1588.23 0.00
v 1058.82 -1588.23 0.00
v 1058.82 -1058.82 0.00
v 529.41 -1058.82 0.00
v 529.41 -1588.23 -18.00
v 1058.82 -1588.23 -18.00
v 1058.82 -1588.23 0.00
v 529.41 -1588.23 0.00
v 1058.82 -1588.23 -18.00
v 1058.82 -1058.82 -18.00
v 1058.82 -1058.82 0.00
v 1058.82 -1588.23 0.00
v 529.41 -0.00 -18.00
v 1058.82 -0.00 -18.00
v 1058.82 -0.00 0.00
v 529.41 -0.00 0.00
v 1058.82 -0.00 -18.00
v 1058.82 529.41 -18.00
v 1058.82 529.41 0.00
v 1058.82 -0.00 0.00
v 1058.82 529.41 -18.00
v 529.41 529.41 -18.00
v 529.41 529.41 0.00
v 1058.82 529.41 0.00
v 529.41 529.41 -18.00
v 529.41 -0.00 -18.00
v 529.41 -0.00 0.00
v 529.41 529.41 0.00
v 529.41 1058.82 -18.00
v 1058.82 1058.82 -18.00
v 1058.82 529.41 -18.00
v 529.41 529.41 -18.00
v 529.41 529.41 0.00
v 1058.82 529.41 0.00
v 1058.82 1058.82 0.00
v 529.41 1058.82 0.00
v 529.41 1588.23 -18.00
v 1058.82 1588.23 -18.00
v 1058.82 1588.23 0.00
v 529.41 1588.23 0.00
v 1058.82 1588.23 -18.00
v 1058.82 2117.65 -18.00
v 1058.82 2117.65 0.00
v 1058.82 1588.23 0.00
v 1058.82 2117.65 -18.00
v 529.41 2117.65 -18.00
v 529.41 2117.65 0.00
v 1058.82 2117.65 0.00
v 529.41 2117.65 -18.00
v 529.41 1588.23 -18.00
v 529.41 1588.23 0.00
v 529.41 2117.65 0.00
v 529.41 2647.06 -18.00
v 1058.82 2647.06 -18.00
v 1058.82 2117.65 -18.00
v 529.41 2117.65 -18.00
v 529.41 2117.65 0.00
v 1058.82 2117.65 0.00
v 1058.82 2647.06 0.00
v 529.41 2647.06 0.00
v 1588.23 -8470.59 -18.00
v 1058.82 -8470.59 -18.00
v 1058.82 -8470.59 0.00
v 1588.23 -8470.59 0.00
v 1058.82 -8470.59 -18.00
v 1058.82 -9000.00 -18.00
v 1058.82 -9000.00 0.00
v 1058.82 -8470.59 0.00
v 1058.82 -7941.18 -18.00
v 1588.23 -7941.18 -18.00
v 1588.23 -8470.59 -18.00
v 1058.82 -8470.59 -18.00
v 1058.82 -8470.59 0.00
v 1588.23 -8470.59 0.00
v 1588.23 -7941.18 0.00
v 1058.82 -7941.18 0.00
v 1058.82 -8470.59 -18.00
v 1588.23 -8470.59 -18.00
v 1588.23 -8470.59 0.00
v 1058.82 -8470.59 0.00
v 1588.23 -8470.59 -18.00
v 1588.23 -7941.18 -18.00
v 1588.23 -7941.18 0.00
v 1588.23 -8470.59 0.00
v 1058.82 -4764.71 -18.00
v 1588.23 -4764.71 -18.00
v 1588.23 -4764.71 0.00
v 1058.82 -4764.71 0.00
v 1588.23 -4764.71 -18.00
v 1588.23 -4235.29 -18.00
v 1588.23 -4235.29 0.00
v 1588.23 -4764.71 0.00
v 1588.23 -4235.29 -18.00
v 1058.82 -4235.29 -18.00
v 1058.82 -4235.29 0.00
v 1588.23 -4235.29 0.00
v 1058.82 -4235.29 -18.00
v 1058.82 -4764.71 -18.00
v 1058.82 -4764.71 0.00
v 1058.82 -4235.29 0.00
v 1058.82 -3705.88 -18.00
v 1588.23 -3705.88 -18.00
v 1588.23 -4235.29 -18.00
v 1058.82 -4235.29 -18.00
v 1058.82 -4235.29 0.00
v 1588.23 -4235.29 0.00
v 1588.23 -3705.88 0.00
v 1058.82 -3705.88 0.00
v 1058.82 -2117.65 0.00
v 1588.23 -2117.65 0.00
v 1588.23 -1588.23 0.00
v 1058.82 -1588.23 0.00
v 1058.82 -2117.65 -18.00
v 1588.23 -2117.65 -18.00
v 1588.23 -2117.65 0.00
v 1058.82 -2117.65 0.00
v 1588.23 -2117.65 -18.00
v 1588.23 -1588.23 -18.00
v 1588.23 -1588.23 0.00
v 1588.23 -2117.65 0.00
v 1588.23 -1588.23 -18.00
v 1058.82 -1588.23 -18.00
v 1058.82 -1588.23 0.00
v 1588.23 -1588.23 0.00
v 1058.82 1058.82 0.00
v 1588.23 1058.82 0.00
v 1588.23 1588.23 0.00
v 1058.82 1588.23 0.00
v 1058.82 1058.82 -18.00
v 1588.23 1058.82 -18.00
v 1588.23 1058.82 0.00
v 1058.82 1058.82 0.00
v 1588.23 1058.82 -18.00
v 1588.23 1588.23 -18.00
v 1588.23 1588.23 0.00
v 1588.23 1058.82 0.00
v 1588.23 1588.23 -18.00
v 1058.82 1588.23 -18.00
v 1058.82 1588.23 0.00
v 1588.23 1588.23 0.00
v 1058.82 1588.23 -18.00
v 1058.82 1058.82 -18.00
v 1058.82 1058.82 0.00
v 1058.82 1588.23 0.00
v 1058.82 2117.65 -18.00
v 1588.23 2117.65 -18.00
v 1588.23 1588.23 -18.00
v 1058.82 1588.23 -18.00
v 1058.82 1588.23 0.00
v 1588.23 1588.23 0.00
v 1588.23 2117.65 0.00
v 1058.82 2117.65 0.00
v 1058.82 1588.23 -18.00
v 1588.23 1588.23 -18.00
v 1588.23 1588.23 0.00
v 1058.82 1588.23 0.00
v 1588.23 1588.23 -18.00
v 1588.23 2117.65 -18.00
v 1588.23 2117.65 0.00
v 1588.23 1588.23 0.00
v 1588.23 2117.65 -18.00
v 1058.82 2117.65 -18.00
v 1058.82 2117.65 0.00
v 1588.23 2117.65 0.00
v 1058.82 2117.65 -18.00
v 1058.82 1588.23 -18.00
v 1058.82 1588.23 0.00
v 1058.82 2117.65 0.00
v 1058.82 2647.06 -18.00
v 1588.23 2647.06 -18.00
v 1588.23 2117.65 -18.00
v 1058.82 2117.65 -18.00
v 1588.23 6882.35 -18.00
v 1588.23 7411.77 -18.00
v 1588.23 7411.77 0.00
v 1588.23 6882.35 0.00
v 1588.23 7411.77 -18.00
v 1058.82 7411.77 -18.00
v 1058.82 7411.77 0.00
v 1588.23 7411.77 0.00
v 1058.82 7411.77 -18.00
v 1058.82 6882.35 -18.00
v 1058.82 6882.35 0.00
v 1058.82 7411.77 0.00
v 1058.82 7941.18 -18.00
v 1588.23 7941.18 -18.00
v 1588.23 7411.77 -18.00
v 1058.82 7411.77 -18.00
v 1058.82 7411.77 0.00
v 1588.23 7411.77 0.00
v 1588.23 7941.18 0.00
v 1058.82 7941.18 0.00
v 1058.82 7411.77 -18.00
v 1588.23 7411.77 -18.00
v 1588.23 7411.77 0.00
v 1058.82 7411.77 0.00
v 1588.23 7411.77 -18.00
v 1588.23 7941.18 -18.00
v 1588.23 7941.18 0.00
v 1588.23 7411.77 0.00
v 1588.23 7941.18 -18.00
v 1058.82 7941.18 -18.00
v 1058.82 7941.18 0.00
v 1588.23 7941.18 0.00
v 1058.82 7941.18 -18.00
v 1058.82 7411.77 -18.00
v 1058.82 7411.77 0.00
v 1058.82 7941.18 0.00
v 1058.82 8470.59 -18.00
v 1588.23 8470.59 -18.00
v 1588.23 7941.18 -18.00
v 1058.82 7941.18 -18.00
v 1058.82 7941.18 0.00
v 1588.23 7941.18 0.00
v 1588.23 8470.59 0.00
v 1058.82 8470.59 0.00
v 1058.82 7941.18 -18.00
v 1588.23 7941.18 -18.00
v 1588.23 7941.18 0.00
v 1058.82 7941.18 0.00
v 1588.23 8470.59 -18.00
v 1588.23 9000.00 -18.00
v 1588.23 9000.00 0.00
v 1588.23 8470.59 0.00
v 1588.23 9000.00 -18.00
v 1058.82 9000.00 -18.00
v 1058.82 9000.00 0.00
v 1588.23 9000.00 0.00
v 1058.82 9000.00 -18.00
v 1058.82 8470.59 -18.00
v 1058.82 8470.59 0.00
v 1058.82 9000.00 0.00
v 1588.23 -8470.59 -18.00
v 2117.65 -8470.59 -18.00
v 2117.65 -9000.00 -18.00
v 1588.23 -9000.00 -18.00
v 1588.23 -9000.00 0.00
v 2117.65 -9000.00 0.00
v 2117.65 -8470.59 0.00
v 1588.23 -8470.59 0.00
v 1588.23 -9000.00 -18.00
v 2117.65 -9000.00 -18.00
v 2117.65 -9000.00 0.00
v 1588.23 -9000.00 0.00
v 1588.23 -6882.35 0.00
v 2117.65 -6882.35 0.00
v 2117.65 -6352.94 0.00
v 1588.23 -6352.94 0.00
v 1588.23 -6882.35 -18.00
v 2117.65 -6882.35 -18.00
v 2117.65 -6882.35 0.00
v 1588.23 -6882.35 0.00
v 2117.65 -6882.35 -18.00
v 2117.65 -6352.94 -18.00
v 2117.65 -6352.94 0.00
v 2117.65 -6882.35 0.00
v 2117.65 -6352.94 -18.00
v 1588.23 -6352.94 -18.00
v 1588.23 -6352.94 0.00
v 2117.65 -6352.94 0.00
v 1588.23 -6352.94 -18.00
v 1588.23 -6882.35 -18.00
v 1588.23 -6882.35 0.00
v 1588.23 -6352.94 0.00
v 1588.23 -5823.53 -18.00
v 2117.65 -5823.53 -18.00
v 2117.65 -6352.94 -18.00
v 1588.23 -6352.94 -18.00
v 1588.23 -6352.94 0.00
v 2117.65 -6352.94 0.00
v 2117.65 -5823.53 0.00
v 1588.23 -5823.53 0.00
v 1588.23 -6352.94 -18.00
v 2117.65 -6352.94 -18.00
v 2117.65 -6352.94 0.00
v 1588.23 -6352.94 0.00
v 2117.65 -6352.94 -18.00
v 2117.65 -5823.53 -18.00
v 2117.65 -5823.53 0.00
v 2117.65 -6352.94 0.00
v 2117.65 -5823.53 -18.00
v 1588.23 -5823.53 -18.00
v 1588.23 -5823.53 0.00
v 2117.65 -5823.53 0.00
v 1588.23 -5823.53 -18.00
v 1588.23 -6352.94 -18.00
v 1588.23 -6352.94 0.00
v 1588.23 -5823.53 0.00
v 1588.23 -5294.12 -18.00
v 2117.65 -5294.12 -18.00
v 2117.65 -5823.53 -18.00
v 1588.23 -5823.53 -18.00
v 1588.23 -2117.65 -18.00
v 1588.23 -2647.06 -18.00
v 1588.23 -2647.06 0.00
v 1588.23 -2117.65 0.00
v 1588.23 -1588.23 -18.00
v 2117.65 -1588.23 -18.00
v 2117.65 -2117.65 -18.00
v 1588.23 -2117.65 -18.00
v 1588.23 -2117.65 0.00
v 2117.65 -2117.65 0.00
v 2117.65 -1588.23 0.00
v 1588.23 -1588.23 0.00
v 1588.23 -2117.65 -18.00
v 2117.65 -2117.65 -18.00
v 2117.65 -2117.65 0.00
v 1588.23 -2117.65 0.00
v 2117.65 -2117.65 -18.00
v 2117.65 -1588.23 -18.00
v 2117.65 -1588.23 0.00
v 2117.65 -2117.65 0.00
v 2117.65 -1588.23 -18.00
v 1588.23 -1588.23 -18.00
v 1588.23 -1588.23 0.00
v 2117.65 -1588.23 0.00
v 2117.65 -0.00 -18.00
v 2117.65 529.41 -18.00
v 2117.65 529.41 0.00
v 2117.65 -0.00 0.00
v 2117.65 529.41 -18.00
v 1588.23 529.41 -18.00
v 1588.23 529.41 0.00
v 2117.65 529.41 0.00
v 1588.23 529.41 -18.00
v 1588.23 -0.00 -18.00
v 1588.23 -0.00 0.00
v 1588.23 529.41 0.00
v 1588.23 1058.82 -18.00
v 2117.65 1058.82 -18.00
v 2117.65 529.41 -18.00
v 1588.23 529.41 -18.00
v 1588.23 529.41 0.00
v 2117.65 529.41 0.00
v 2117.65 1058.82 0.00
v 1588.23 1058.82 0.00
v 1588.23 529.41 -18.00
v 2117.65 529.41 -18.00
v 2117.65 529.41 0.00
v 1588.23 529.41 0.00
v 2117.65 1588.23 -18.00
v 2117.65 2117.65 -18.00
v 2117.65 2117.65 0.00
v 2117.65 1588.23 0.00
v 2117.65 2117.65 -18.00
v 1588.23 2117.65 -18.00
v 1588.23 2117.65 0.00
v 2117.65 2117.65 0.00
v 1588.23 2117.65 -18.00
v 1588.23 1588.23 -18.00
v 1588.23 1588.23 0.00
v 1588.23 2117.65 0.00
v 1588.23 2647.06 -18.00
v 2117.65 2647.06 -18.00
v 2117.65 2117.65 -18.00
v 1588.23 2117.65 -18.00
v 1588.23 2117.65 0.00
v 2117.65 2117.65 0.00
v 2117.65 2647.06 0.00
v 1588.23 2647.06 0.00
v 1588.23 2117.65 -18.00
v 2117.65 2117.65 -18.00
v 2117.65 2117.65 0.00
v 1588.23 2117.65 0.00
v 1588.23 4764.71 0.00
v 2117.65 4764.71 0.00
v 2117.65 5294.12 0.00
v 1588.23 5294.12 0.00
v 1588.23 4764.71 -18.00
v 2117.65 4764.71 -18.00
v 2117.65 4764.71 0.00
v 1588.23 4764.71 0.00
v 2117.65 4764.71 -18.00
v 2117.65 5294.12 -18.00
v 2117.65 5294.12 0.00
v 2117.65 4764.71 0.00
v 2117.65 5294.12 -18.00
v 1588.23 5294.12 -18.00
v 1588.23 5294.12 0.00
v 2117.65 5294.12 0.00
v 1588.23 5294.12 -18.00
v 1588.23 4764.71 -18.00
v 1588.23 4764.71 0.00
v 1588.23 5294.12 0.00
v 1588.23 5823.53 -18.00
v 2117.65 5823.53 -18.00
v 2117.65 5294.12 -18.00
v 1588.23 5294.12 -18.00
v 2647.06 -6352.94 -18.00
v 2647.06 -5823.53 -18.00
v 2647.06 -5823.53 0.00
v 2647.06 -6352.94 0.00
v 2647.06 -5823.53 -18.00
v 2117.65 -5823.53 -18.00
v 2117.65 -5823.53 0.00
v 2647.06 -5823.53 0.00
v 2117.65 -5823.53 -18.00
v 2117.65 -6352.94 -18.00
v 2117.65 -6352.94 0.00
v 2117.65 -5823.53 0.00
v 2117.65 -5294.12 -18.00
v 2647.06 -5294.12 -18.00
v 2647.06 -5823.53 -18.00
v 2117.65 -5823.53 -18.00
v 2117.65 -5823.53 0.00
v 2647.06 -5823.53 0.00
v 2647.06 -5294.12 0.00
v 2117.65 -5294.12 0.00
v 2117.65 -5823.53 -18.00
v 2647.06 -5823.53 -18.00
v 2647.06 -5823.53 0.00
v 2117.65 -5823.53 0.00
v 2117.65 -2647.06 0.00
v 2647.06 -2647.06 0.00
v 2647.06 -2117.65 0.00
v 2117.65 -2117.65 0.00
v 2117.65 -2647.06 -18.00
v 2647.06 -2647.06 -18.00
v 2647.06 -2647.06 0.00
v 2117.65 -2647.06 0.00
v 2647.06 -2647.06 -18.00
v 2647.06 -2117.65 -18.00
v 2647.06 -2117.65 0.00
v 2647.06 -2647.06 0.00
v 2647.06 -2117.65 -18.00
v 2117.65 -2117.65 -18.00
v 2117.65 -2117.65 0.00
v 2647.06 -2117.65 0.00
v 2117.65 -2117.65 -18.00
v 2117.65 -2647.06 -18.00
v 2117.65 -2647.06 0.00
v 2117.65 -2117.65 0.00
v 2117.65 -1588.23 -18.00
v 2647.06 -1588.23 -18.00
v 2647.06 -2117.65 -18.00
v 2117.65 -2117.65 -18.00
v 2117.65 -1588.23 0.00
v 2647.06 -1588.23 0.00
v 2647.06 -1058.82 0.00
v 2117.65 -1058.82 0.00
v 2117.65 -1588.23 -18.00
v 2647.06 -1588.23 -18.00
v 2647.06 -1588.23 0.00
v 2117.65 -1588.23 0.00
v 2647.06 -1588.23 -18.00
v 2647.06 -1058.82 -18.00
v 2647.06 -1058.82 0.00
v 2647.06 -1588.23 0.00
v 2647.06 -1058.82 -18.00
v 2117.65 -1058.82 -18.00
v 2117.65 -1058.82 0.00
v 2647.06 -1058.82 0.00
v 2117.65 -1058.82 -18.00
v 2117.65 -1588.23 -18.00
v 2117.65 -1588.23 0.00
v 2117.65 -1058.82 0.00
v 2117.65 -529.41 -18.00
v 2647.06 -529.41 -18.00
v 2647.06 -1058.82 -18.00
v 2117.65 -1058.82 -18.00
v 2117.65 -1058.82 0.00
v 2647.06 -1058.82 0.00
v 2647.06 -529.41 0.00
v 2117.65 -529.41 0.00
v 2117.65 -1058.82 -18.00
v 2647.06 -1058.82 -18.00
v 2647.06 -1058.82 0.00
v 2117.65 -1058.82 0.00
v 2647.06 -1058.82 -18.00
v 2647.06 -529.41 -18.00
v 2647.06 -529.41 0.00
v 2647.06 -1058.82 0.00
v 2647.06 -529.41 -18.00
v 2117.65 -529.41 -18.00
v 2117.65 -529.41 0.00
v 2647.06 -529.41 0.00
v 2117.65 -529.41 -18.00
v 2117.65 -1058.82 -18.00
v 2117.65 -1058.82 0.00
v 2117.65 -529.41 0.00
v 2117.65 -0.00 -18.00
v 2647.06 -0.00 -18.00
v 2647.06 -529.41 -18.00
v 2117.65 -529.41 -18.00
v 2117.65 2117.65 -18.00
v 2117.65 1588.23 -18.00
v 2117.65 1588.23 0.00
v 2117.65 2117.65 0.00
v 2117.65 2647.06 -18.00
v 2647.06 2647.06 -18.00
v 2647.06 2117.65 -18.00
v 2117.65 2117.65 -18.00
v 2117.65 2117.65 0.00
v 2647.06 2117.65 0.00
v 2647.06 2647.06 0.00
v 2117.65 2647.06 0.00
v 2117.65 2117.65 -18.00
v 2647.06 2117.65 -18.00
v 2647.06 2117.65 0.00
v 2117.65 2117.65 0.00
v 2647.06 2117.65 -18.00
v 2647.06 2647.06 -18.00
v 2647.06 2647.06 0.00
v 2647.06 2117.65 0.00
v 2647.06 2647.06 -18.00
v 2117.65 2647.06 -18.00
v 2117.65 2647.06 0.00
v 2647.06 2647.06 0.00
v 2647.06 4235.29 -18.00
v 2647.06 4764.71 -18.00
v 2647.06 4764.71 0.00
v 2647.06 4235.29 0.00
v 2647.06 4764.71 -18.00
v 2117.65 4764.71 -18.00
v 2117.65 4764.71 0.00
v 2647.06 4764.71 0.00
v 2117.65 4764.71 -18.00
v 2117.65 4235.29 -18.00
v 2117.65 4235.29 0.00
v 2117.65 4764.71 0.00
v 2117.65 5294.12 -18.00
v 2647.06 5294.12 -18.00
v 2647.06 4764.71 -18.00
v 2117.65 4764.71 -18.00
v 2117.65 4764.71 0.00
v 2647.06 4764.71 0.00
v 2647.06 5294.12 0.00
v 2117.65 5294.12 0.00
v 2117.65 4764.71 -18.00
v 2647.06 4764.71 -18.00
v 2647.06 4764.71 0.00
v 2117.65 4764.71 0.00
v 2647.06 5294.12 -18.00
v 2647.06 5823.53 -18.00
v 2647.06 5823.53 0.00
v 2647.06 5294.12 0.00
v 2647.06 5823.53 -18.00
v 2117.65 5823.53 -18.00
v 2117.65 5823.53 0.00
v 2647.06 5823.53 0.00
v 2117.65 5823.53 -18.00
v 2117.65 5294.12 -18.00
v 2117.65 5294.12 0.00
v 2117.65 5823.53 0.00
v 2117.65 6352.94 -18.00
v 2647.06 6352.94 -18.00
v 2647.06 5823.53 -18.00
v 2117.65 5823.53 -18.00
v 2117.65 5823.53 0.00
v 2647.06 5823.53 0.00
v 2647.06 6352.94 0.00
v 2117.65 6352.94 0.00
v 2117.65 5823.53 -18.00
v 2647.06 5823.53 -18.00
v 2647.06 5823.53 0.00
v 2117.65 5823.53 0.00
v 2117.65 7411.77 0.00
v 2647.06 7411.77 0.00
v 2647.06 7941.18 0.00
v 2117.65 7941.18 0.00
v 2117.65 7411.77 -18.00
v 2647.06 7411.77 -18.00
v 2647.06 7411.77 0.00
v 2117.65 7411.77 0.00
v 2647.06 7411.77 -18.00
v 2647.06 7941.18 -18.00
v 2647.06 7941.18 0.00
v 2647.06 7411.77 0.00
v 2647.06 7941.18 -18.00
v 2117.65 7941.18 -18.00
v 2117.65 7941.18 0.00
v 2647.06 7941.18 0.00
v 2117.65 7941.18 -18.00
v 2117.65 7411.77 -18.00
v 2117.65 7411.77 0.00
v 2117.65 7941.18 0.00
v 2117.65 8470.59 -18.00
v 2647.06 8470.59 -18.00
v 2647.06 7941.18 -18.00
v 2117.65 7941.18 -18.00
v 2117.65 7941.18 0.00
v 2647.06 7941.18 0.00
v 2647.06 8470.59 0.00
v 2117.65 8470.59 0.00
v 2117.65 7941.18 -18.00
v 2647.06 7941.18 -18.00
v 2647.06 7941.18 0.00
v 2117.65 7941.18 0.00
v 2647.06 7941.18 -18.00
v 2647.06 8470.59 -18.00
v 2647.06 8470.59 0.00
v 2647.06 7941.18 0.00
v 2647.06 8470.59 -18.00
v 2117.65 8470.59 -18.00
v 2117.65 8470.59 0.00
v 2647.06 8470.59 0.00
v 2117.65 8470.59 -18.00
v 2117.65 7941.18 -18.00
v 2117.65 7941.18 0.00
v 2117.65 8470.59 0.00
v 2117.65 9000.00 -18.00
v 2647.06 9000.00 -18.00
v 2647.06 8470.59 -18.00
v 2117.65 8470.59 -18.00
v 2647.06 -9000.00 0.00
v 3176.47 -9000.00 0.00
v 3176.47 -8470.59 0.00
v 2647.06 -8470.59 0.00
v 2647.06 -9000.00 -18.00
v 3176.47 -9000.00 -18.00
v 3176.47 -9000.00 0.00
v 2647.06 -9000.00 0.00
v 3176.47 -9000.00 -18.00
v 3176.47 -8470.59 -18.00
v 3176.47 -8470.59 0.00
v 3176.47 -9000.00 0.00
v 3176.47 -8470.59 -18.00
v 2647.06 -8470.59 -18.00
v 2647.06 -8470.59 0.00
v 3176.47 -8470.59 0.00
v 2647.06 -8470.59 -18.00
v 2647.06 -9000.00 -18.00
v 2647.06 -9000.00 0.00
v 2647.06 -8470.59 0.00
v 2647.06 -7941.18 -18.00
v 3176.47 -7941.18 -18.00
v 3176.47 -8470.59 -18.00
v 2647.06 -8470.59 -18.00
v 2647.06 -6352.94 -18.00
v 2647.06 -6882.35 -18.00
v 2647.06 -6882.35 0.00
v 2647.06 -6352.94 0.00
v 2647.06 -5823.53 -18.00
v 3176.47 -5823.53 -18.00
v 3176.47 -6352.94 -18.00
v 2647.06 -6352.94 -18.00
v 2647.06 -6352.94 0.00
v 3176.47 -6352.94 0.00
v 3176.47 -5823.53 0.00
v 2647.06 -5823.53 0.00
v 2647.06 -6352.94 -18.00
v 3176.47 -6352.94 -18.00
v 3176.47 -6352.94 0.00
v 2647.06 -6352.94 0.00
v 3176.47 -6352.94 -18.00
v 3176.47 -5823.53 -18.00
v 3176.47 -5823.53 0.00
v 3176.47 -6352.94 0.00
v 3176.47 -5823.53 -18.00
v 2647.06 -5823.53 -18.00
v 2647.06 -5823.53 0.00
v 3176.47 -5823.53 0.00
v 2647.06 -5823.53 -18.00
v 2647.06 -6352.94 -18.00
v 2647.06 -6352.94 0.00
v 2647.06 -5823.53 0.00
v 2647.06 -5294.12 -18.00
v 3176.47 -5294.12 -18.00
v 3176.47 -5823.53 -18.00
v 2647.06 -5823.53 -18.00
v 2647.06 -5823.53 0.00
v 3176.47 -5823.53 0.00
v 3176.47 -5294.12 0.00
v 2647.06 -5294.12 0.00
v 2647.06 -5823.53 -18.00
v 3176.47 -5823.53 -18.00
v 3176.47 -5823.53 0.00
v 2647.06 -5823.53 0.00
v 3176.47 -5823.53 -18.00
v 3176.47 -5294.12 -18.00
v 3176.47 -5294.12 0.00
v 3176.47 -5823.53 0.00
v 3176.47 -5294.12 -18.00
v 2647.06 -5294.12 -18.00
v 2647.06 -5294.12 0.00
v 3176.47 -5294.12 0.00
v 3176.47 -2647.06 -18.00
v 3176.47 -2117.65 -18.00
v 3176.47 -2117.65 0.00
v 3176.47 -2647.06 0.00
v 3176.47 -2117.65 -18.00
v 2647.06 -2117.65 -18.00
v 2647.06 -2117.65 0.00
v 3176.47 -2117.65 0.00
v 2647.06 -2117.65 -18.00
v 2647.06 -2647.06 -18.00
v 2647.06 -2647.06 0.00
v 2647.06 -2117.65 0.00
v 2647.06 -1588.23 -18.00
v 3176.47 -1588.23 -18.00
v 3176.47 -2117.65 -18.00
v 2647.06 -2117.65 -18.00
v 2647.06 -2117.65 0.00
v 3176.47 -2117.65 0.00
v 3176.47 -1588.23 0.00
v 2647.06 -1588.23 0.00
v 2647.06 -2117.65 -18.00
v 3176.47 -2117.65 -18.00
v 3176.47 -2117.65 0.00
v 2647.06 -2117.65 0.00
v 3176.47 -2117.65 -18.00
v 3176.47 -1588.23 -18.00
v 3176.47 -1588.23 0.00
v 3176.47 -2117.65 0.00
v 3176.47 -1588.23 -18.00
v 2647.06 -1588.23 -18.00
v 2647.06 -1588.23 0.00
v 3176.47 -1588.23 0.00
v 2647.06 -1588.23 -18.00
v 2647.06 -2117.65 -18.00
v 2647.06 -2117.65 0.00
v 2647.06 -1588.23 0.00
v 2647.06 -1058.82 -18.00
v 3176.47 -1058.82 -18.00
v 3176.47 -1588.23 -18.00
v 2647.06 -1588.23 -18.00
v 2647.06 -1588.23 0.00
v 3176.47 -1588.23 0.00
v 3176.47 -1058.82 0.00
v 2647.06 -1058.82 0.00
v 2647.06 -1588.23 -18.00
v 3176.47 -1588.23 -18.00
v 3176.47 -1588.23 0.00
v 2647.06 -1588.23 0.00
v 3176.47 -1588.23 -18.00
v 3176.47 -1058.82 -18.00
v 3176.47 -1058.82 0.00
v 3176.47 -1588.23 0.00
v 3176.47 -1058.82 -18.00
v 2647.06 -1058.82 -18.00
v 2647.06 -1058.82 0.00
v 3176.47 -1058.82 0.00
v 2647.06 -1058.82 -18.00
v 2647.06 -1588.23 -18.00
v 2647.06 -1588.23 0.00
v 2647.06 -1058.82 0.00
v 2647.06 -529.41 -18.00
v 3176.47 -529.41 -18.00
v 3176.47 -1058.82 -18.00
v 2647.06 -1058.82 -18.00
v 2647.06 -1058.82 0.00
v 3176.47 -1058.82 0.00
v 3176.47 -529.41 0.00
v 2647.06 -529.41 0.00
v 2647.06 -1058.82 -18.00
v 3176.47 -1058.82 -18.00
v 3176.47 -1058.82 0.00
v 2647.06 -1058.82 0.00
v 3176.47 7941.18 -18.00
v 2647.06 7941.18 -18.00
v 2647.06 7941.18 0.00
v 3176.47 7941.18 0.00
v 2647.06 7941.18 -18.00
v 2647.06 7411.77 -18.00
v 2647.06 7411.77 0.00
v 2647.06 7941.18 0.00
v 2647.06 8470.59 -18.00
v 3176.47 8470.59 -18.00
v 3176.47 7941.18 -18.00
v 2647.06 7941.18 -18.00
v 2647.06 7941.18 0.00
v 3176.47 7941.18 0.00
v 3176.47 8470.59 0.00
v 2647.06 8470.59 0.00
v 2647.06 7941.18 -18.00
v 3176.47 7941.18 -18.00
v 3176.47 7941.18 0.00
v 2647.06 7941.18 0.00
v 3176.47 7941.18 -18.00
v 3176.47 8470.59 -18.00
v 3176.47 8470.59 0.00
v 3176.47 7941.18 0.00
v 3176.47 -7411.77 -18.00
v 3705.88 -7411.77 -18.00
v 3705.88 -7411.77 0.00
v 3176.47 -7411.77 0.00
v 3705.88 -7411.77 -18.00
v 3705.88 -6882.35 -18.00
v 3705.88 -6882.35 0.00
v 3705.88 -7411.77 0.00
v 3705.88 -6882.35 -18.00
v 3176.47 -6882.35 -18.00
v 3176.47 -6882.35 0.00
v 3705.88 -6882.35 0.00
v 3176.47 -6882.35 -18.00
v 3176.47 -7411.77 -18.00
v 3176.47 -7411.77 0.00
v 3176.47 -6882.35 0.00
v 3176.47 -6352.94 -18.00
v 3705.88 -6352.94 -18.00
v 3705.88 -6882.35 -18.00
v 3176.47 -6882.35 -18.00
v 3176.47 -6882.35 0.00
v 3705.88 -6882.35 0.00
v 3705.88 -6352.94 0.00
v 3176.47 -6352.94 0.00
v 3176.47 -3176.47 -18.00
v 3705.88 -3176.47 -18.00
v 3705.88 -3705.88 -18.00
v 3176.47 -3705.88 -18.00
v 3176.47 -3705.88 0.00
v 3705.88 -3705.88 0.00
v 3705.88 -3176.47 0.00
v 3176.47 -3176.47 0.00
v 3176.47 -3705.88 -18.00
v 3705.88 -3705.88 -18.00
v 3705.88 -3705.88 0.00
v 3176.47 -3705.88 0.00
v 3705.88 -3705.88 -18.00
v 3705.88 -3176.47 -18.00
v 3705.88 -3176.47 0.00
v 3705.88 -3705.88 0.00
v 3705.88 -3176.47 -18.00
v 3176.47 -3176.47 -18.00
v 3176.47 -3176.47 0.00
v 3705.88 -3176.47 0.00
v 3176.47 -3176.47 -18.00
v 3176.47 -3705.88 -18.00
v 3176.47 -3705.88 0.00
v 3176.47 -3176.47 0.00
v 3705.88 -529.41 -18.00
v 3176.47 -529.41 -18.00
v 3176.47 -529.41 0.00
v 3705.88 -529.41 0.00
v 3176.47 -529.41 -18.00
v 3176.47 -1058.82 -18.00
v 3176.47 -1058.82 0.00
v 3176.47 -529.41 0.00
v 3176.47 -0.00 -18.00
v 3705.88 -0.00 -18.00
v 3705.88 -529.41 -18.00
v 3176.47 -529.41 -18.00
v 3176.47 -529.41 0.00
v 3705.88 -529.41 0.00
v 3705.88 -0.00 0.00
v 3176.47 -0.00 0.00
v 3176.47 -529.41 -18.00
v 3705.88 -529.41 -18.00
v 3705.88 -529.41 0.00
v 3176.47 -529.41 0.00
v 3705.88 -529.41 -18.00
v 3705.88 -0.00 -18.00
v 3705.88 -0.00 0.00
v 3705.88 -529.41 0.00
v 3705.88 -0.00 -18.00
v 3176.47 -0.00 -18.00
v 3176.47 -0.00 0.00
v 3705.88 -0.00 0.00
v 3176.47 -0.00 -18.00
v 3176.47 -529.41 -18.00
v 3176.47 -529.41 0.00
v 3176.47 -0.00 0.00
v 3176.47 529.41 -18.00
v 3705.88 529.41 -18.00
v 3705.88 -0.00 -18.00
v 3176.47 -0.00 -18.00
v 3176.47 -0.00 0.00
v 3705.88 -0.00 0.00
v 3705.88 529.41 0.00
v 3176.47 529.41 0.00
v 3176.47 -0.00 -18.00
v 3705.88 -0.00 -18.00
v 3705.88 -0.00 0.00
v 3176.47 -0.00 0.00
v 3705.88 -0.00 -18.00
v 3705.88 529.41 -18.00
v 3705.88 529.41 0.00
v 3705.88 -0.00 0.00
v 3705.88 1058.82 -18.00
v 3176.47 1058.82 -18.00
v 3176.47 1058.82 0.00
v 3705.88 1058.82 0.00
v 3176.47 1058.82 -18.00
v 3176.47 529.41 -18.00
v 3176.47 529.41 0.00
v 3176.47 1058.82 0.00
v 3176.47 1588.23 -18.00
v 3705.88 1588.23 -18.00
v 3705.88 1058.82 -18.00
v 3176.47 1058.82 -18.00
v 3176.47 1058.82 0.00
v 3705.88 1058.82 0.00
v 3705.88 1588.23 0.00
v 3176.47 1588.23 0.00
v 3176.47 1058.82 -18.00
v 3705.88 1058.82 -18.00
v 3705.88 1058.82 0.00
v 3176.47 1058.82 0.00
v 3705.88 1058.82 -18.00
v 3705.88 1588.23 -18.00
v 3705.88 1588.23 0.00
v 3705.88 1058.82 0.00
v 3176.47 3176.47 -18.00
v 3705.88 3176.47 -18.00
v 3705.88 3176.47 0.00
v 3176.47 3176.47 0.00
v 3705.88 3176.47 -18.00
v 3705.88 3705.88 -18.00
v 3705.88 3705.88 0.00
v 3705.88 3176.47 0.00
v 3705.88 3705.88 -18.00
v 3176.47 3705.88 -18.00
v 3176.47 3705.88 0.00
v 3705.88 3705.88 0.00
v 3176.47 3705.88 -18.00
v 3176.47 3176.47 -18.00
v 3176.47 3176.47 0.00
v 3176.47 3705.88 0.00
v 3176.47 4235.29 -18.00
v 3705.88 4235.29 -18.00
v 3705.88 3705.88 -18.00
v 3176.47 3705.88 -18.00
v 3176.47 3705.88 0.00
v 3705.88 3705.88 0.00
v 3705.88 4235.29 0.00
v 3176.47 4235.29 0.00
v 3176.47 4235.29 -18.00
v 3705.88 4235.29 -18.00
v 3705.88 4235.29 0.00
v 3176.47 4235.29 0.00
v 3705.88 4235.29 -18.00
v 3705.88 4764.71 -18.00
v 3705.88 4764.71 0.00
v 3705.88 4235.29 0.00
v 3705.88 4764.71 -18.00
v 3176.47 4764.71 -18.00
v 3176.47 4764.71 0.00
v 3705.88 4764.71 0.00
v 3176.47 4764.71 -18.00
v 3176.47 4235.29 -18.00
v 3176.47 4235.29 0.00
v 3176.47 4764.71 0.00
v 3176.47 5294.12 -18.00
v 3705.88 5294.12 -18.00
v 3705.88 4764.71 -18.00
v 3176.47 4764.71 -18.00
v 3176.47 4764.71 0.00
v 3705.88 4764.71 0.00
v 3705.88 5294.12 0.00
v 3176.47 5294.12 0.00
v 3705.88 -4235.29 -18.00
v 4235.29 -4235.29 -18.00
v 4235.29 -4235.29 0.00
v 3705.88 -4235.29 0.00
v 4235.29 -4235.29 -18.00
v 4235.29 -3705.88 -18.00
v 4235.29 -3705.88 0.00
v 4235.29 -4235.29 0.00
v 4235.29 -3705.88 -18.00
v 3705.88 -3705.88 -18.00
v 3705.88 -3705.88 0.00
v 4235.29 -3705.88 0.00
v 3705.88 -3705.88 -18.00
v 3705.88 -4235.29 -18.00
v 3705.88 -4235.29 0.00
v 3705.88 -3705.88 0.00
v 3705.88 -3176.47 -18.00
v 4235.29 -3176.47 -18.00
v 4235.29 -3705.88 -18.00
v 3705.88 -3705.88 -18.00
v 3705.88 -3705.88 0.00
v 4235.29 -3705.88 0.00
v 4235.29 -3176.47 0.00
v 3705.88 -3176.47 0.00
v 3705.88 -3705.88 -18.00
v 4235.29 -3705.88 -18.00
v 4235.29 -3705.88 0.00
v 3705.88 -3705.88 0.00
v 4235.29 -3705.88 -18.00
v 4235.29 -3176.47 -18.00
v 4235.29 -3176.47 0.00
v 4235.29 -3705.88 0.00
v 4235.29 -3176.47 -18.00
v 3705.88 -3176.47 -18.00
v 3705.88 -3176.47 0.00
v 4235.29 -3176.47 0.00
v 3705.88 -3176.47 -18.00
v 3705.88 -3705.88 -18.00
v 3705.88 -3705.88 0.00
v 3705.88 -3176.47 0.00
v 3705.88 -2647.06 -18.00
v 4235.29 -2647.06 -18.00
v 4235.29 -3176.47 -18.00
v 3705.88 -3176.47 -18.00
v 3705.88 -3176.47 0.00
v 4235.29 -3176.47 0.00
v 4235.29 -2647.06 0.00
v 3705.88 -2647.06 0.00
v 3705.88 1058.82 -18.00
v 4235.29 1058.82 -18.00
v 4235.29 529.41 -18.00
v 3705.88 529.41 -18.00
v 3705.88 529.41 0.00
v 4235.29 529.41 0.00
v 4235.29 1058.82 0.00
v 3705.88 1058.82 0.00
v 3705.88 529.41 -18.00
v 4235.29 529.41 -18.00
v 4235.29 529.41 0.00
v 3705.88 529.41 0.00
v 4235.29 529.41 -18.00
v 4235.29 1058.82 -18.00
v 4235.29 1058.82 0.00
v 4235.29 529.41 0.00
v 4235.29 1058.82 -18.00
v 3705.88 1058.82 -18.00
v 3705.88 1058.82 0.00
v 4235.29 1058.82 0.00
v 3705.88 1058.82 -18.00
v 3705.88 529.41 -18.00
v 3705.88 529.41 0.00
v 3705.88 1058.82 0.00
v 4235.29 2647.06 -18.00
v 3705.88 2647.06 -18.00
v 3705.88 2647.06 0.00
v 4235.29 2647.06 0.00
v 3705.88 2647.06 -18.00
v 3705.88 2117.65 -18.00
v 3705.88 2117.65 0.00
v 3705.88 2647.06 0.00
v 3705.88 3176.47 -18.00
v 4235.29 3176.47 -18.00
v 4235.29 2647.06 -18.00
v 3705.88 2647.06 -18.00
v 3705.88 2647.06 0.00
v 4235.29 2647.06 0.00
v 4235.29 3176.47 0.00
v 3705.88 3176.47 0.00
v 3705.88 2647.06 -18.00
v 4235.29 2647.06 -18.00
v 4235.29 2647.06 0.00
v 3705.88 2647.06 0.00
v 4235.29 2647.06 -18.00
v 4235.29 3176.47 -18.00
v 4235.29 3176.47 0.00
v 4235.29 2647.06 0.00
v 4235.29 3176.47 -18.00
v 3705.88 3176.47 -18.00
v 3705.88 3176.47 0.00
v 4235.29 3176.47 0.00
v 3705.88 3176.47 -18.00
v 3705.88 2647.06 -18.00
v 3705.88 2647.06 0.00
v 3705.88 3176.47 0.00
v 3705.88 3705.88 -18.00
v 4235.29 3705.88 -18.00
v 4235.29 3176.47 -18.00
v 3705.88 3176.47 -18.00
v 3705.88 3176.47 0.00
v 4235.29 3176.47 0.00
v 4235.29 3705.88 0.00
v 3705.88 3705.88 0.00
v 3705.88 3176.47 -18.00
v 4235.29 3176.47 -18.00
v 4235.29 3176.47 0.00
v 3705.88 3176.47 0.00
v 4235.29 3176.47 -18.00
v 4235.29 3705.88 -18.00
v 4235.29 3705.88 0.00
v 4235.29 3176.47 0.00
v 4235.29 3705.88 -18.00
v 3705.88 3705.88 -18.00
v 3705.88 3705.88 0.00
v 4235.29 3705.88 0.00
v 3705.88 3705.88 -18.00
v 3705.88 3176.47 -18.00
v 3705.88 3176.47 0.00
v 3705.88 3705.88 0.00
v 3705.88 4235.29 -18.00
v 4235.29 4235.29 -18.00
v 4235.29 3705.88 -18.00
v 3705.88 3705.88 -18.00
v 3705.88 3705.88 0.00
v 4235.29 3705.88 0.00
v 4235.29 4235.29 0.00
v 3705.88 4235.29 0.00
v 3705.88 3705.88 -18.00
v 4235.29 3705.88 -18.00
v 4235.29 3705.88 0.00
v 3705.88 3705.88 0.00
v 4235.29 3705.88 -18.00
v 4235.29 4235.29 -18.00
v 4235.29 4235.29 0.00
v 4235.29 3705.88 0.00
v 4235.29 4235.29 -18.00
v 3705.88 4235.29 -18.00
v 3705.88 4235.29 0.00
v 4235.29 4235.29 0.00
v 3705.88 4235.29 -18.00
v 3705.88 3705.88 -18.00
v 3705.88 3705.88 0.00
v 3705.88 4235.29 0.00
v 3705.88 4764.71 -18.00
v 4235.29 4764.71 -18.00
v 4235.29 4235.29 -18.00
v 3705.88 4235.29 -18.00
v 3705.88 4235.29 0.00
v 4235.29 4235.29 0.00
v 4235.29 4764.71 0.00
v 3705.88 4764.71 0.00
v 3705.88 4235.29 -18.00
v 4235.29 4235.29 -18.00
v 4235.29 4235.29 0.00
v 3705.88 4235.29 0.00
v 4235.29 4235.29 -18.00
v 4235.29 4764.71 -18.00
v 4235.29 4764.71 0.00
v 4235.29 4235.29 0.00
v 3705.88 5823.53 -18.00
v 4235.29 5823.53 -18.00
v 4235.29 5823.53 0.00
v 3705.88 5823.53 0.00
v 4235.29 5823.53 -18.00
v 4235.29 6352.94 -18.00
v 4235.29 6352.94 0.00
v 4235.29 5823.53 0.00
v 4235.29 6352.94 -18.00
v 3705.88 6352.94 -18.00
v 3705.88 6352.94 0.00
v 4235.29 6352.94 0.00
v 3705.88 6352.94 -18.00
v 3705.88 5823.53 -18.00
v 3705.88 5823.53 0.00
v 3705.88 6352.94 0.00
v 3705.88 6882.35 -18.00
v 4235.29 6882.35 -18.00
v 4235.29 6352.94 -18.00
v 3705.88 6352.94 -18.00
v 3705.88 6352.94 0.00
v 4235.29 6352.94 0.00
v 4235.29 6882.35 0.00
v 3705.88 6882.35 0.00
v 3705.88 6352.94 -18.00
v 4235.29 6352.94 -18.00
v 4235.29 6352.94 0.00
v 3705.88 6352.94 0.00
v 4235.29 6352.94 -18.00
v 4235.29 6882.35 -18.00
v 4235.29 6882.35 0.00
v 4235.29 6352.94 0.00
v 4235.29 6882.35 -18.00
v 3705.88 6882.35 -18.00
v 3705.88 6882.35 0.00
v 4235.29 6882.35 0.00
v 3705.88 6882.35 -18.00
v 3705.88 6352.94 -18.00
v 3705.88 6352.94 0.00
v 3705.88 6882.35 0.00
v 3705.88 7411.77 -18.00
v 4235.29 7411.77 -18.00
v 4235.29 6882.35 -18.00
v 3705.88 6882.35 -18.00
v 3705.88 6882.35 0.00
v 4235.29 6882.35 0.00
v 4235.29 7411.77 0.00
v 3705.88 7411.77 0.00
v 4235.29 -7941.18 -18.00
v 4764.71 -7941.18 -18.00
v 4764.71 -8470.59 -18.00
v 4235.29 -8470.59 -18.00
v 4235.29 -8470.59 0.00
v 4764.71 -8470.59 0.00
v 4764.71 -7941.18 0.00
v 4235.29 -7941.18 0.00
v 4235.29 -8470.59 -18.00
v 4764.71 -8470.59 -18.00
v 4764.71 -8470.59 0.00
v 4235.29 -8470.59 0.00
v 4764.71 -8470.59 -18.00
v 4764.71 -7941.18 -18.00
v 4764.71 -7941.18 0.00
v 4764.71 -8470.59 0.00
v 4764.71 -7941.18 -18.00
v 4235.29 -7941.18 -18.00
v 4235.29 -7941.18 0.00
v 4764.71 -7941.18 0.00
v 4235.29 -7941.18 -18.00
v 4235.29 -8470.59 -18.00
v 4235.29 -8470.59 0.00
v 4235.29 -7941.18 0.00
v 4764.71 -4764.71 -18.00
v 4235.29 -4764.71 -18.00
v 4235.29 -4764.71 0.00
v 4764.71 -4764.71 0.00
v 4235.29 -4764.71 -18.00
v 4235.29 -5294.12 -18.00
v 4235.29 -5294.12 0.00
v 4235.29 -4764.71 0.00
v 4235.29 -4235.29 -18.00
v 4764.71 -4235.29 -18.00
v 4764.71 -4764.71 -18.00
v 4235.29 -4764.71 -18.00
v 4235.29 -4764.71 0.00
v 4764.71 -4764.71 0.00
v 4764.71 -4235.29 0.00
v 4235.29 -4235.29 0.00
v 4235.29 -4764.71 -18.00
v 4764.71 -4764.71 -18.00
v 4764.71 -4764.71 0.00
v 4235.29 -4764.71 0.00
v 4764.71 -4764.71 -18.00
v 4764.71 -4235.29 -18.00
v 4764.71 -4235.29 0.00
v 4764.71 -4764.71 0.00
v 4764.71 -3705.88 -18.00
v 4235.29 -3705.88 -18.00
v 4235.29 -3705.88 0.00
v 4764.71 -3705.88 0.00
v 4235.29 -3705.88 -18.00
v 4235.29 -4235.29 -18.00
v 4235.29 -4235.29 0.00
v 4235.29 -3705.88 0.00
v 4235.29 -3176.47 -18.00
v 4764.71 -3176.47 -18.00
v 4764.71 -3705.88 -18.00
v 4235.29 -3705.88 -18.00
v 4235.29 -3705.88 0.00
v 4764.71 -3705.88 0.00
v 4764.71 -3176.47 0.00
v 4235.29 -3176.47 0.00
v 4235.29 -3705.88 -18.00
v 4764.71 -3705.88 -18.00
v 4764.71 -3705.88 0.00
v 4235.29 -3705.88 0.00
v 4764.71 -3705.88 -18.00
v 4764.71 -3176.47 -18.00
v 4764.71 -3176.47 0.00
v 4764.71 -3705.88 0.00
v 4764.71 -3176.47 -18.00
v 4235.29 -3176.47 -18.00
v 4235.29 -3176.47 0.00
v 4764.71 -3176.47 0.00
v 4235.29 -3176.47 -18.00
v 4235.29 -3705.88 -18.00
v 4235.29 -3705.88 0.00
v 4235.29 -3176.47 0.00
v 4235.29 -2647.06 -18.00
v 4764.71 -2647.06 -18.00
v 4764.71 -3176.47 -18.00
v 4235.29 -3176.47 -18.00
v 4235.29 -3176.47 0.00
v 4764.71 -3176.47 0.00
v 4764.71 -2647.06 0.00
v 4235.29 -2647.06 0.00
v 4235.29 -3176.47 -18.00
v 4764.71 -3176.47 -18.00
v 4764.71 -3176.47 0.00
v 4235.29 -3176.47 0.00
v 4764.71 -3176.47 -18.00
v 4764.71 -2647.06 -18.00
v 4764.71 -2647.06 0.00
v 4764.71 -3176.47 0.00
v 4235.29 3176.47 -18.00
v 4764.71 3176.47 -18.00
v 4764.71 2647.06 -18.00
v 4235.29 2647.06 -18.00
v 4235.29 2647.06 0.00
v 4764.71 2647.06 0.00
v 4764.71 3176.47 0.00
v 4235.29 3176.47 0.00
v 4235.29 2647.06 -18.00
v 4764.71 2647.06 -18.00
v 4764.71 2647.06 0.00
v 4235.29 2647.06 0.00
v 4764.71 2647.06 -18.00
v 4764.71 3176.47 -18.00
v 4764.71 3176.47 0.00
v 4764.71 2647.06 0.00
v 4764.71 3176.47 -18.00
v 4235.29 3176.47 -18.00
v 4235.29 3176.47 0.00
v 4764.71 3176.47 0.00
v 4235.29 3176.47 -18.00
v 4235.29 2647.06 -18.00
v 4235.29 2647.06 0.00
v 4235.29 3176.47 0.00
v 4235.29 3705.88 -18.00
v 4764.71 3705.88 -18.00
v 4764.71 3176.47 -18.00
v 4235.29 3176.47 -18.00
v 4235.29 3176.47 0.00
v 4764.71 3176.47 0.00
v 4764.71 3705.88 0.00
v 4235.29 3705.88 0.00
v 4235.29 3176.47 -18.00
v 4764.71 3176.47 -18.00
v 4764.71 3176.47 0.00
v 4235.29 3176.47 0.00
v 4764.71 3176.47 -18.00
v 4764.71 3705.88 -18.00
v 4764.71 3705.88 0.00
v 4764.71 3176.47 0.00
v 4764.71 3705.88 -18.00
v 4235.29 3705.88 -18.00
v 4235.29 3705.88 0.00
v 4764.71 3705.88 0.00
v 4235.29 3705.88 -18.00
v 4235.29 3176.47 -18.00
v 4235.29 3176.47 0.00
v 4235.29 3705.88 0.00
v 4235.29 8470.59 -18.00
v 4764.71 8470.59 -18.00
v 4764.71 8470.59 0.00
v 4235.29 8470.59 0.00
v 4764.71 8470.59 -18.00
v 4764.71 9000.00 -18.00
v 4764.71 9000.00 0.00
v 4764.71 8470.59 0.00
v 4764.71 9000.00 -18.00
v 4235.29 9000.00 -18.00
v 4235.29 9000.00 0.00
v 4764.71 9000.00 0.00
v 4235.29 9000.00 -18.00
v 4235.29 8470.59 -18.00
v 4235.29 8470.59 0.00
v 4235.29 9000.00 0.00
v 4764.71 -8470.59 -18.00
v 5294.12 -8470.59 -18.00
v 5294.12 -9000.00 -18.00
v 4764.71 -9000.00 -18.00
v 4764.71 -9000.00 0.00
v 5294.12 -9000.00 0.00
v 5294.12 -8470.59 0.00
v 4764.71 -8470.59 0.00
v 4764.71 -4764.71 -18.00
v 5294.12 -4764.71 -18.00
v 5294.12 -5294.12 -18.00
v 4764.71 -5294.12 -18.00
v 4764.71 -5294.12 0.00
v 5294.12 -5294.12 0.00
v 5294.12 -4764.71 0.00
v 4764.71 -4764.71 0.00
v 4764.71 -5294.12 -18.00
v 5294.12 -5294.12 -18.00
v 5294.12 -5294.12 0.00
v 4764.71 -5294.12 0.00
v 5294.12 -5294.12 -18.00
v 5294.12 -4764.71 -18.00
v 5294.12 -4764.71 0.00
v 5294.12 -5294.12 0.00
v 5294.12 -4764.71 -18.00
v 4764.71 -4764.71 -18.00
v 4764.71 -4764.71 0.00
v 5294.12 -4764.71 0.00
v 4764.71 -4764.71 -18.00
v 4764.71 -5294.12 -18.00
v 4764.71 -5294.12 0.00
v 4764.71 -4764.71 0.00
v 4764.71 -4235.29 -18.00
v 5294.12 -4235.29 -18.00
v 5294.12 -4764.71 -18.00
v 4764.71 -4764.71 -18.00
v 4764.71 -4764.71 0.00
v 5294.12 -4764.71 0.00
v 5294.12 -4235.29 0.00
v 4764.71 -4235.29 0.00
v 4764.71 -4764.71 -18.00
v 5294.12 -4764.71 -18.00
v 5294.12 -4764.71 0.00
v 4764.71 -4764.71 0.00
v 5294.12 -4764.71 -18.00
v 5294.12 -4235.29 -18.00
v 5294.12 -4235.29 0.00
v 5294.12 -4764.71 0.00
v 5294.12 -4235.29 -18.00
v 4764.71 -4235.29 -18.00
v 4764.71 -4235.29 0.00
v 5294.12 -4235.29 0.00
v 4764.71 -4235.29 -18.00
v 4764.71 -4764.71 -18.00
v 4764.71 -4764.71 0.00
v 4764.71 -4235.29 0.00
v 4764.71 -3705.88 -18.00
v 5294.12 -3705.88 -18.00
v 5294.12 -4235.29 -18.00
v 4764.71 -4235.29 -18.00
v 4764.71 -4235.29 0.00
v 5294.12 -4235.29 0.00
v 5294.12 -3705.88 0.00
v 4764.71 -3705.88 0.00
v 4764.71 -4235.29 -18.00
v 5294.12 -4235.29 -18.00
v 5294.12 -4235.29 0.00
v 4764.71 -4235.29 0.00
v 5294.12 -4235.29 -18.00
v 5294.12 -3705.88 -18.00
v 5294.12 -3705.88 0.00
v 5294.12 -4235.29 0.00
v 5294.12 -3705.88 -18.00
v 4764.71 -3705.88 -18.00
v 4764.71 -3705.88 0.00
v 5294.12 -3705.88 0.00
v 4764.71 -3705.88 -18.00
v 4764.71 -4235.29 -18.00
v 4764.71 -4235.29 0.00
v 4764.71 -3705.88 0.00
v 4764.71 1058.82 -18.00
v 5294.12 1058.82 -18.00
v 5294.12 1058.82 0.00
v 4764.71 1058.82 0.00
v 5294.12 1058.82 -18.00
v 5294.12 1588.23 -18.00
v 5294.12 1588.23 0.00
v 5294.12 1058.82 0.00
v 5294.12 1588.23 -18.00
v 4764.71 1588.23 -18.00
v 4764.71 1588.23 0.00
v 5294.12 1588.23 0.00
v 4764.71 1588.23 -18.00
v 4764.71 1058.82 -18.00
v 4764.71 1058.82 0.00
v 4764.71 1588.23 0.00
v 4764.71 2117.65 -18.00
v 5294.12 2117.65 -18.00
v 5294.12 1588.23 -18.00
v 4764.71 1588.23 -18.00
v 4764.71 1588.23 0.00
v 5294.12 1588.23 0.00
v 5294.12 2117.65 0.00
v 4764.71 2117.65 0.00
v 4764.71 1588.23 -18.00
v 5294.12 1588.23 -18.00
v 5294.12 1588.23 0.00
v 4764.71 1588.23 0.00
v 5294.12 1588.23 -18.00
v 5294.12 2117.65 -18.00
v 5294.12 2117.65 0.00
v 5294.12 1588.23 0.00
v 5294.12 2117.65 -18.00
v 4764.71 2117.65 -18.00
v 4764.71 2117.65 0.00
v 5294.12 2117.65 0.00
v 4764.71 2117.65 -18.00
v 4764.71 1588.23 -18.00
v 4764.71 1588.23 0.00
v 4764.71 2117.65 0.00
v 4764.71 2647.06 -18.00
v 5294.12 2647.06 -18.00
v 5294.12 2117.65 -18.00
v 4764.71 2117.65 -18.00
v 4764.71 2117.65 0.00
v 5294.12 2117.65 0.00
v 5294.12 2647.06 0.00
v 4764.71 2647.06 0.00
v 4764.71 5823.53 -18.00
v 5294.12 5823.53 -18.00
v 5294.12 5294.12 -18.00
v 4764.71 5294.12 -18.00
v 4764.71 5294.12 0.00
v 5294.12 5294.12 0.00
v 5294.12 5823.53 0.00
v 4764.71 5823.53 0.00
v 4764.71 5294.12 -18.00
v 5294.12 5294.12 -18.00
v 5294.12 5294.12 0.00
v 4764.71 5294.12 0.00
v 5294.12 5294.12 -18.00
v 5294.12 5823.53 -18.00
v 5294.12 5823.53 0.00
v 5294.12 5294.12 0.00
v 5294.12 5823.53 -18.00
v 4764.71 5823.53 -18.00
v 4764.71 5823.53 0.00
v 5294.12 5823.53 0.00
v 4764.71 5823.53 -18.00
v 4764.71 5294.12 -18.00
v 4764.71 5294.12 0.00
v 4764.71 5823.53 0.00
v 4764.71 7941.18 -18.00
v 4764.71 7411.77 -18.00
v 4764.71 7411.77 0.00
v 4764.71 7941.18 0.00
v 4764.71 8470.59 -18.00
v 5294.12 8470.59 -18.00
v 5294.12 7941.18 -18.00
v 4764.71 7941.18 -18.00
v 5294.12 -6882.35 0.00
v 5823.53 -6882.35 0.00
v 5823.53 -6352.94 0.00
v 5294.12 -6352.94 0.00
v 5294.12 -6882.35 -18.00
v 5823.53 -6882.35 -18.00
v 5823.53 -6882.35 0.00
v 5294.12 -6882.35 0.00
v 5823.53 -6882.35 -18.00
v 5823.53 -6352.94 -18.00
v 5823.53 -6352.94 0.00
v 5823.53 -6882.35 0.00
v 5823.53 -6352.94 -18.00
v 5294.12 -6352.94 -18.00
v 5294.12 -6352.94 0.00
v 5823.53 -6352.94 0.00
v 5294.12 -6352.94 -18.00
v 5294.12 -6882.35 -18.00
v 5294.12 -6882.35 0.00
v 5294.12 -6352.94 0.00
v 5294.12 -5823.53 -18.00
v 5823.53 -5823.53 -18.00
v 5823.53 -6352.94 -18.00
v 5294.12 -6352.94 -18.00
v 5294.12 -4235.29 -18.00
v 5294.12 -4764.71 -18.00
v 5294.12 -4764.71 0.00
v 5294.12 -4235.29 0.00
v 5294.12 -3705.88 -18.00
v 5823.53 -3705.88 -18.00
v 5823.53 -4235.29 -18.00
v 5294.12 -4235.29 -18.00
v 5294.12 -4235.29 0.00
v 5823.53 -4235.29 0.00
v 5823.53 -3705.88 0.00
v 5294.12 -3705.88 0.00
v 5294.12 -4235.29 -18.00
v 5823.53 -4235.29 -18.00
v 5823.53 -4235.29 0.00
v 5294.12 -4235.29 0.00
v 5823.53 -4235.29 -18.00
v 5823.53 -3705.88 -18.00
v 5823.53 -3705.88 0.00
v 5823.53 -4235.29 0.00
v 5823.53 -3705.88 -18.00
v 5294.12 -3705.88 -18.00
v 5294.12 -3705.88 0.00
v 5823.53 -3705.88 0.00
v 5294.12 -3176.47 -18.00
v 5294.12 -3705.88 -18.00
v 5294.12 -3705.88 0.00
v 5294.12 -3176.47 0.00
v 5294.12 -2647.06 -18.00
v 5823.53 -2647.06 -18.00
v 5823.53 -3176.47 -18.00
v 5294.12 -3176.47 -18.00
v 5294.12 -3176.47 0.00
v 5823.53 -3176.47 0.00
v 5823.53 -2647.06 0.00
v 5294.12 -2647.06 0.00
v 5294.12 -3176.47 -18.00
v 5823.53 -3176.47 -18.00
v 5823.53 -3176.47 0.00
v 5294.12 -3176.47 0.00
v 5823.53 -3176.47 -18.00
v 5823.53 -2647.06 -18.00
v 5823.53 -2647.06 0.00
v 5823.53 -3176.47 0.00
v 5823.53 -2647.06 -18.00
v 5294.12 -2647.06 -18.00
v 5294.12 -2647.06 0.00
v 5823.53 -2647.06 0.00
v 5294.12 -2647.06 -18.00
v 5294.12 -3176.47 -18.00
v 5294.12 -3176.47 0.00
v 5294.12 -2647.06 0.00
v 5294.12 -2117.65 -18.00
v 5823.53 -2117.65 -18.00
v 5823.53 -2647.06 -18.00
v 5294.12 -2647.06 -18.00
v 5294.12 -2647.06 0.00
v 5823.53 -2647.06 0.00
v 5823.53 -2117.65 0.00
v 5294.12 -2117.65 0.00
v 5294.12 -2647.06 -18.00
v 5823.53 -2647.06 -18.00
v 5823.53 -2647.06 0.00
v 5294.12 -2647.06 0.00
v 5823.53 -2647.06 -18.00
v 5823.53 -2117.65 -18.00
v 5823.53 -2117.65 0.00
v 5823.53 -2647.06 0.00
v 5823.53 -2117.65 -18.00
v 5294.12 -2117.65 -18.00
v 5294.12 -2117.65 0.00
v 5823.53 -2117.65 0.00
v 5823.53 -1058.82 -18.00
v 5823.53 -529.41 -18.00
v 5823.53 -529.41 0.00
v 5823.53 -1058.82 0.00
v 5823.53 -529.41 -18.00
v 5294.12 -529.41 -18.00
v 5294.12 -529.41 0.00
v 5823.53 -529.41 0.00
v 5294.12 -529.41 -18.00
v 5294.12 -1058.82 -18.00
v 5294.12 -1058.82 0.00
v 5294.12 -529.41 0.00
v 5294.12 -0.00 -18.00
v 5823.53 -0.00 -18.00
v 5823.53 -529.41 -18.00
v 5294.12 -529.41 -18.00
v 5294.12 -529.41 0.00
v 5823.53 -529.41 0.00
v 5823.53 -0.00 0.00
v 5294.12 -0.00 0.00
v 5294.12 -529.41 -18.00
v 5823.53 -529.41 -18.00
v 5823.53 -529.41 0.00
v 5294.12 -529.41 0.00
v 5823.53 529.41 -18.00
v 5823.53 1058.82 -18.00
v 5823.53 1058.82 0.00
v 5823.53 529.41 0.00
v 5823.53 1058.82 -18.00
v 5294.12 1058.82 -18.00
v 5294.12 1058.82 0.00
v 5823.53 1058.82 0.00
v 5294.12 1058.82 -18.00
v 5294.12 529.41 -18.00
v 5294.12 529.41 0.00
v 5294.12 1058.82 0.00
v 5294.12 1588.23 -18.00
v 5823.53 1588.23 -18.00
v 5823.53 1058.82 -18.00
v 5294.12 1058.82 -18.00
v 5294.12 1058.82 0.00
v 5823.53 1058.82 0.00
v 5823.53 1588.23 0.00
v 5294.12 1588.23 0.00
v 5294.12 1058.82 -18.00
v 5823.53 1058.82 -18.00
v 5823.53 1058.82 0.00
v 5294.12 1058.82 0.00
v 5294.12 3705.88 0.00
v 5823.53 3705.88 0.00
v 5823.53 4235.29 0.00
v 5294.12 4235.29 0.00
v 5294.12 3705.88 -18.00
v 5823.53 3705.88 -18.00
v 5823.53 3705.88 0.00
v 5294.12 3705.88 0.00
v 5823.53 3705.88 -18.00
v 5823.53 4235.29 -18.00
v 5823.53 4235.29 0.00
v 5823.53 3705.88 0.00
v 5823.53 4235.29 -18.00
v 5294.12 4235.29 -18.00
v 5294.12 4235.29 0.00
v 5823.53 4235.29 0.00
v 5294.12 4235.29 -18.00
v 5294.12 3705.88 -18.00
v 5294.12 3705.88 0.00
v 5294.12 4235.29 0.00
v 5294.12 4764.71 -18.00
v 5823.53 4764.71 -18.00
v 5823.53 4235.29 -18.00
v 5294.12 4235.29 -18.00
v 5294.12 4235.29 0.00
v 5823.53 4235.29 0.00
v 5823.53 4764.71 0.00
v 5294.12 4764.71 0.00
v 5294.12 4235.29 -18.00
v 5823.53 4235.29 -18.00
v 5823.53 4235.29 0.00
v 5294.12 4235.29 0.00
v 5823.53 4235.29 -18.00
v 5823.53 4764.71 -18.00
v 5823.53 4764.71 0.00
v 5823.53 4235.29 0.00
v 5823.53 4764.71 -18.00
v 5294.12 4764.71 -18.00
v 5294.12 4764.71 0.00
v 5823.53 4764.71 0.00
v 5294.12 4764.71 -18.00
v 5294.12 4235.29 -18.00
v 5294.12 4235.29 0.00
v 5294.12 4764.71 0.00
v 5294.12 5294.12 -18.00
v 5823.53 5294.12 -18.00
v 5823.53 4764.71 -18.00
v 5294.12 4764.71 -18.00
v 5294.12 4764.71 0.00
v 5823.53 4764.71 0.00
v 5823.53 5294.12 0.00
v 5294.12 5294.12 0.00
v 5294.12 4764.71 -18.00
v 5823.53 4764.71 -18.00
v 5823.53 4764.71 0.00
v 5294.12 4764.71 0.00
v 5823.53 4764.71 -18.00
v 5823.53 5294.12 -18.00
v 5823.53 5294.12 0.00
v 5823.53 4764.71 0.00
v 5823.53 5294.12 -18.00
v 5294.12 5294.12 -18.00
v 5294.12 5294.12 0.00
v 5823.53 5294.12 0.00
v 5294.12 5294.12 -18.00
v 5294.12 4764.71 -18.00
v 5294.12 4764.71 0.00
v 5294.12 5294.12 0.00
v 5294.12 5823.53 -18.00
v 5823.53 5823.53 -18.00
v 5823.53 5294.12 -18.00
v 5294.12 5294.12 -18.00
v 5294.12 7411.77 -18.00
v 5294.12 6882.35 -18.00
v 5294.12 6882.35 0.00
v 5294.12 7411.77 0.00
v 5294.12 7941.18 -18.00
v 5823.53 7941.18 -18.00
v 5823.53 7411.77 -18.00
v 5294.12 7411.77 -18.00
v 5294.12 7411.77 0.00
v 5823.53 7411.77 0.00
v 5823.53 7941.18 0.00
v 5294.12 7941.18 0.00
v 5294.12 7411.77 -18.00
v 5823.53 7411.77 -18.00
v 5823.53 7411.77 0.00
v 5294.12 7411.77 0.00
v 5823.53 7411.77 -18.00
v 5823.53 7941.18 -18.00
v 5823.53 7941.18 0.00
v 5823.53 7411.77 0.00
v 5823.53 7941.18 -18.00
v 5294.12 7941.18 -18.00
v 5294.12 7941.18 0.00
v 5823.53 7941.18 0.00
v 5294.12 9000.00 -18.00
v 5294.12 8470.59 -18.00
v 5294.12 8470.59 0.00
v 5294.12 9000.00 0.00
v 5823.53 -8470.59 -18.00
v 6352.94 -8470.59 -18.00
v 6352.94 -9000.00 -18.00
v 5823.53 -9000.00 -18.00
v 5823.53 -9000.00 0.00
v 6352.94 -9000.00 0.00
v 6352.94 -8470.59 0.00
v 5823.53 -8470.59 0.00
v 5823.53 -9000.00 -18.00
v 6352.94 -9000.00 -18.00
v 6352.94 -9000.00 0.00
v 5823.53 -9000.00 0.00
v 6352.94 -9000.00 -18.00
v 6352.94 -8470.59 -18.00
v 6352.94 -8470.59 0.00
v 6352.94 -9000.00 0.00
v 6352.94 -8470.59 -18.00
v 5823.53 -8470.59 -18.00
v 5823.53 -8470.59 0.00
v 6352.94 -8470.59 0.00
v 6352.94 -5823.53 -18.00
v 6352.94 -5294.12 -18.00
v 6352.94 -5294.12 0.00
v 6352.94 -5823.53 0.00
v 6352.94 -5294.12 -18.00
v 5823.53 -5294.12 -18.00
v 5823.53 -5294.12 0.00
v 6352.94 -5294.12 0.00
v 5823.53 -5294.12 -18.00
v 5823.53 -5823.53 -18.00
v 5823.53 -5823.53 0.00
v 5823.53 -5294.12 0.00
v 5823.53 -4764.71 -18.00
v 6352.94 -4764.71 -18.00
v 6352.94 -5294.12 -18.00
v 5823.53 -5294.12 -18.00
v 5823.53 -5294.12 0.00
v 6352.94 -5294.12 0.00
v 6352.94 -4764.71 0.00
v 5823.53 -4764.71 0.00
v 5823.53 -5294.12 -18.00
v 6352.94 -5294.12 -18.00
v 6352.94 -5294.12 0.00
v 5823.53 -5294.12 0.00
v 5823.53 1058.82 -18.00
v 5823.53 529.41 -18.00
v 5823.53 529.41 0.00
v 5823.53 1058.82 0.00
v 5823.53 1588.23 -18.00
v 6352.94 1588.23 -18.00
v 6352.94 1058.82 -18.00
v 5823.53 1058.82 -18.00
v 5823.53 1058.82 0.00
v 6352.94 1058.82 0.00
v 6352.94 1588.23 0.00
v 5823.53 1588.23 0.00
v 5823.53 1058.82 -18.00
v 6352.94 1058.82 -18.00
v 6352.94 1058.82 0.00
v 5823.53 1058.82 0.00
v 6352.94 1058.82 -18.00
v 6352.94 1588.23 -18.00
v 6352.94 1588.23 0.00
v 6352.94 1058.82 0.00
v 6352.94 1588.23 -18.00
v 5823.53 1588.23 -18.00
v 5823.53 1588.23 0.00
v 6352.94 1588.23 0.00
v 5823.53 1588.23 -18.00
v 5823.53 1058.82 -18.00
v 5823.53 1058.82 0.00
v 5823.53 1588.23 0.00
v 5823.53 2117.65 -18.00
v 6352.94 2117.65 -18.00
v 6352.94 1588.23 -18.00
v 5823.53 1588.23 -18.00
v 5823.53 1588.23 0.00
v 6352.94 1588.23 0.00
v 6352.94 2117.65 0.00
v 5823.53 2117.65 0.00
v 5823.53 1588.23 -18.00
v 6352.94 1588.23 -18.00
v 6352.94 1588.23 0.00
v 5823.53 1588.23 0.00
v 6352.94 1588.23 -18.00
v 6352.94 2117.65 -18.00
v 6352.94 2117.65 0.00
v 6352.94 1588.23 0.00
v 6352.94 2117.65 -18.00
v 5823.53 2117.65 -18.00
v 5823.53 2117.65 0.00
v 6352.94 2117.65 0.00
v 5823.53 7411.77 0.00
v 6352.94 7411.77 0.00
v 6352.94 7941.18 0.00
v 5823.53 7941.18 0.00
v 5823.53 7411.77 -18.00
v 6352.94 7411.77 -18.00
v 6352.94 7411.77 0.00
v 5823.53 7411.77 0.00
v 6352.94 7411.77 -18.00
v 6352.94 7941.18 -18.00
v 6352.94 7941.18 0.00
v 6352.94 7411.77 0.00
v 6352.94 7941.18 -18.00
v 5823.53 7941.18 -18.00
v 5823.53 7941.18 0.00
v 6352.94 7941.18 0.00
v 5823.53 7941.18 -18.00
v 5823.53 7411.77 -18.00
v 5823.53 7411.77 0.00
v 5823.53 7941.18 0.00
v 5823.53 8470.59 -18.00
v 6352.94 8470.59 -18.00
v 6352.94 7941.18 -18.00
v 5823.53 7941.18 -18.00
v 6352.94 -6882.35 -18.00
v 6352.94 -7411.77 -18.00
v 6352.94 -7411.77 0.00
v 6352.94 -6882.35 0.00
v 6352.94 -6352.94 -18.00
v 6882.35 -6352.94 -18.00
v 6882.35 -6882.35 -18.00
v 6352.94 -6882.35 -18.00
v 6352.94 -6882.35 0.00
v 6882.35 -6882.35 0.00
v 6882.35 -6352.94 0.00
v 6352.94 -6352.94 0.00
v 6352.94 -6882.35 -18.00
v 6882.35 -6882.35 -18.00
v 6882.35 -6882.35 0.00
v 6352.94 -6882.35 0.00
v 6882.35 -6882.35 -18.00
v 6882.35 -6352.94 -18.00
v 6882.35 -6352.94 0.00
v 6882.35 -6882.35 0.00
v 6882.35 -6352.94 -18.00
v 6352.94 -6352.94 -18.00
v 6352.94 -6352.94 0.00
v 6882.35 -6352.94 0.00
v 6352.94 -5823.53 -18.00
v 6352.94 -6352.94 -18.00
v 6352.94 -6352.94 0.00
v 6352.94 -5823.53 0.00
v 6352.94 -5294.12 -18.00
v 6882.35 -5294.12 -18.00
v 6882.35 -5823.53 -18.00
v 6352.94 -5823.53 -18.00
v 6352.94 -5823.53 0.00
v 6882.35 -5823.53 0.00
v 6882.35 -5294.12 0.00
v 6352.94 -5294.12 0.00
v 6352.94 -5823.53 -18.00
v 6882.35 -5823.53 -18.00
v 6882.35 -5823.53 0.00
v 6352.94 -5823.53 0.00
v 6882.35 -5823.53 -18.00
v 6882.35 -5294.12 -18.00
v 6882.35 -5294.12 0.00
v 6882.35 -5823.53 0.00
v 6882.35 -5294.12 -18.00
v 6352.94 -5294.12 -18.00
v 6352.94 -5294.12 0.00
v 6882.35 -5294.12 0.00
v 6882.35 -4764.71 -18.00
v 6882.35 -4235.29 -18.00
v 6882.35 -4235.29 0.00
v 6882.35 -4764.71 0.00
v 6882.35 -4235.29 -18.00
v 6352.94 -4235.29 -18.00
v 6352.94 -4235.29 0.00
v 6882.35 -4235.29 0.00
v 6352.94 -4235.29 -18.00
v 6352.94 -4764.71 -18.00
v 6352.94 -4764.71 0.00
v 6352.94 -4235.29 0.00
v 6352.94 -3705.88 -18.00
v 6882.35 -3705.88 -18.00
v 6882.35 -4235.29 -18.00
v 6352.94 -4235.29 -18.00
v 6352.94 -4235.29 0.00
v 6882.35 -4235.29 0.00
v 6882.35 -3705.88 0.00
v 6352.94 -3705.88 0.00
v 6352.94 -4235.29 -18.00
v 6882.35 -4235.29 -18.00
v 6882.35 -4235.29 0.00
v 6352.94 -4235.29 0.00
v 6882.35 -4235.29 -18.00
v 6882.35 -3705.88 -18.00
v 6882.35 -3705.88 0.00
v 6882.35 -4235.29 0.00
v 6882.35 -3705.88 -18.00
v 6352.94 -3705.88 -18.00
v 6352.94 -3705.88 0.00
v 6882.35 -3705.88 0.00
v 6352.94 -3705.88 -18.00
v 6352.94 -4235.29 -18.00
v 6352.94 -4235.29 0.00
v 6352.94 -3705.88 0.00
v 6352.94 -3176.47 -18.00
v 6882.35 -3176.47 -18.00
v 6882.35 -3705.88 -18.00
v 6352.94 -3705.88 -18.00
v 6352.94 -3705.88 0.00
v 6882.35 -3705.88 0.00
v 6882.35 -3176.47 0.00
v 6352.94 -3176.47 0.00
v 6352.94 -3705.88 -18.00
v 6882.35 -3705.88 -18.00
v 6882.35 -3705.88 0.00
v 6352.94 -3705.88 0.00
v 6882.35 -3705.88 -18.00
v 6882.35 -3176.47 -18.00
v 6882.35 -3176.47 0.00
v 6882.35 -3705.88 0.00
v 6882.35 -3176.47 -18.00
v 6352.94 -3176.47 -18.00
v 6352.94 -3176.47 0.00
v 6882.35 -3176.47 0.00
v 6352.94 -3176.47 -18.00
v 6352.94 -3705.88 -18.00
v 6352.94 -3705.88 0.00
v 6352.94 -3176.47 0.00
v 6352.94 -2647.06 -18.00
v 6882.35 -2647.06 -18.00
v 6882.35 -3176.47 -18.00
v 6352.94 -3176.47 -18.00
v 6352.94 -3176.47 0.00
v 6882.35 -3176.47 0.00
v 6882.35 -2647.06 0.00
v 6352.94 -2647.06 0.00
v 6352.94 -3176.47 -18.00
v 6882.35 -3176.47 -18.00
v 6882.35 -3176.47 0.00
v 6352.94 -3176.47 0.00
v 6352.94 2647.06 -18.00
v 6352.94 2117.65 -18.00
v 6352.94 2117.65 0.00
v 6352.94 2647.06 0.00
v 6352.94 3176.47 -18.00
v 6882.35 3176.47 -18.00
v 6882.35 2647.06 -18.00
v 6352.94 2647.06 -18.00
v 6352.94 2647.06 0.00
v 6882.35 2647.06 0.00
v 6882.35 3176.47 0.00
v 6352.94 3176.47 0.00
v 6352.94 2647.06 -18.00
v 6882.35 2647.06 -18.00
v 6882.35 2647.06 0.00
v 6352.94 2647.06 0.00
v 6882.35 2647.06 -18.00
v 6882.35 3176.47 -18.00
v 6882.35 3176.47 0.00
v 6882.35 2647.06 0.00
v 6882.35 3176.47 -18.00
v 6352.94 3176.47 -18.00
v 6352.94 3176.47 0.00
v 6882.35 3176.47 0.00
v 6882.35 5823.53 -18.00
v 6882.35 6352.94 -18.00
v 6882.35 6352.94 0.00
v 6882.35 5823.53 0.00
v 6882.35 6352.94 -18.00
v 6352.94 6352.94 -18.00
v 6352.94 6352.94 0.00
v 6882.35 6352.94 0.00
v 6352.94 6352.94 -18.00
v 6352.94 5823.53 -18.00
v 6352.94 5823.53 0.00
v 6352.94 6352.94 0.00
v 6352.94 6882.35 -18.00
v 6882.35 6882.35 -18.00
v 6882.35 6352.94 -18.00
v 6352.94 6352.94 -18.00
v 6352.94 6352.94 0.00
v 6882.35 6352.94 0.00
v 6882.35 6882.35 0.00
v 6352.94 6882.35 0.00
v 6352.94 6352.94 -18.00
v 6882.35 6352.94 -18.00
v 6882.35 6352.94 0.00
v 6352.94 6352.94 0.00
v 6882.35 6352.94 -18.00
v 6882.35 6882.35 -18.00
v 6882.35 6882.35 0.00
v 6882.35 6352.94 0.00
v 6882.35 6882.35 -18.00
v 6352.94 6882.35 -18.00
v 6352.94 6882.35 0.00
v 6882.35 6882.35 0.00
v 6352.94 6882.35 -18.00
v 6352.94 6352.94 -18.00
v 6352.94 6352.94 0.00
v 6352.94 6882.35 0.00
v 6352.94 7411.77 -18.00
v 6882.35 7411.77 -18.00
v 6882.35 6882.35 -18.00
v 6352.94 6882.35 -18.00
v 6352.94 6882.35 0.00
v 6882.35 6882.35 0.00
v 6882.35 7411.77 0.00
v 6352.94 7411.77 0.00
v 6352.94 6882.35 -18.00
v 6882.35 6882.35 -18.00
v 6882.35 6882.35 0.00
v 6352.94 6882.35 0.00
v 7411.77 -3705.88 -18.00
v 6882.35 -3705.88 -18.00
v 6882.35 -3705.88 0.00
v 7411.77 -3705.88 0.00
v 6882.35 -3705.88 -18.00
v 6882.35 -4235.29 -18.00
v 6882.35 -4235.29 0.00
v 6882.35 -3705.88 0.00
v 6882.35 -3176.47 -18.00
v 7411.77 -3176.47 -18.00
v 7411.77 -3705.88 -18.00
v 6882.35 -3705.88 -18.00
v 6882.35 -3705.88 0.00
v 7411.77 -3705.88 0.00
v 7411.77 -3176.47 0.00
v 6882.35 -3176.47 0.00
v 6882.35 -3705.88 -18.00
v 7411.77 -3705.88 -18.00
v 7411.77 -3705.88 0.00
v 6882.35 -3705.88 0.00
v 7411.77 -3705.88 -18.00
v 7411.77 -3176.47 -18.00
v 7411.77 -3176.47 0.00
v 7411.77 -3705.88 0.00
v 7411.77 -2647.06 -18.00
v 6882.35 -2647.06 -18.00
v 6882.35 -2647.06 0.00
v 7411.77 -2647.06 0.00
v 6882.35 -2647.06 -18.00
v 6882.35 -3176.47 -18.00
v 6882.35 -3176.47 0.00
v 6882.35 -2647.06 0.00
v 6882.35 -2117.65 -18.00
v 7411.77 -2117.65 -18.00
v 7411.77 -2647.06 -18.00
v 6882.35 -2647.06 -18.00
v 6882.35 -2647.06 0.00
v 7411.77 -2647.06 0.00
v 7411.77 -2117.65 0.00
v 6882.35 -2117.65 0.00
v 6882.35 -2647.06 -18.00
v 7411.77 -2647.06 -18.00
v 7411.77 -2647.06 0.00
v 6882.35 -2647.06 0.00
v 7411.77 -2647.06 -18.00
v 7411.77 -2117.65 -18.00
v 7411.77 -2117.65 0.00
v 7411.77 -2647.06 0.00
v 7411.77 -2117.65 -18.00
v 6882.35 -2117.65 -18.00
v 6882.35 -2117.65 0.00
v 7411.77 -2117.65 0.00
v 6882.35 -2117.65 -18.00
v 6882.35 -2647.06 -18.00
v 6882.35 -2647.06 0.00
v 6882.35 -2117.65 0.00
v 6882.35 -1588.23 -18.00
v 7411.77 -1588.23 -18.00
v 7411.77 -2117.65 -18.00
v 6882.35 -2117.65 -18.00
v 6882.35 -2117.65 0.00
v 7411.77 -2117.65 0.00
v 7411.77 -1588.23 0.00
v 6882.35 -1588.23 0.00
v 6882.35 -2117.65 -18.00
v 7411.77 -2117.65 -18.00
v 7411.77 -2117.65 0.00
v 6882.35 -2117.65 0.00
v 7411.77 -2117.65 -18.00
v 7411.77 -1588.23 -18.00
v 7411.77 -1588.23 0.00
v 7411.77 -2117.65 0.00
v 6882.35 -529.41 -18.00
v 7411.77 -529.41 -18.00
v 7411.77 -529.41 0.00
v 6882.35 -529.41 0.00
v 7411.77 -529.41 -18.00
v 7411.77 -0.00 -18.00
v 7411.77 -0.00 0.00
v 7411.77 -529.41 0.00
v 7411.77 -0.00 -18.00
v 6882.35 -0.00 -18.00
v 6882.35 -0.00 0.00
v 7411.77 -0.00 0.00
v 6882.35 -0.00 -18.00
v 6882.35 -529.41 -18.00
v 6882.35 -529.41 0.00
v 6882.35 -0.00 0.00
v 6882.35 529.41 -18.00
v 7411.77 529.41 -18.00
v 7411.77 -0.00 -18.00
v 6882.35 -0.00 -18.00
v 6882.35 -0.00 0.00
v 7411.77 -0.00 0.00
v 7411.77 529.41 0.00
v 6882.35 529.41 0.00
v 6882.35 529.41 -18.00
v 7411.77 529.41 -18.00
v 7411.77 529.41 0.00
v 6882.35 529.41 0.00
v 7411.77 529.41 -18.00
v 7411.77 1058.82 -18.00
v 7411.77 1058.82 0.00
v 7411.77 529.41 0.00
v 7411.77 1058.82 -18.00
v 6882.35 1058.82 -18.00
v 6882.35 1058.82 0.00
v 7411.77 1058.82 0.00
v 6882.35 1058.82 -18.00
v 6882.35 529.41 -18.00
v 6882.35 529.41 0.00
v 6882.35 1058.82 0.00
v 6882.35 1588.23 -18.00
v 7411.77 1588.23 -18.00
v 7411.77 1058.82 -18.00
v 6882.35 1058.82 -18.00
v 6882.35 1058.82 0.00
v 7411.77 1058.82 0.00
v 7411.77 1588.23 0.00
v 6882.35 1588.23 0.00
v 6882.35 4235.29 -18.00
v 7411.77 4235.29 -18.00
v 7411.77 3705.88 -18.00
v 6882.35 3705.88 -18.00
v 6882.35 3705.88 0.00
v 7411.77 3705.88 0.00
v 7411.77 4235.29 0.00
v 6882.35 4235.29 0.00
v 6882.35 3705.88 -18.00
v 7411.77 3705.88 -18.00
v 7411.77 3705.88 0.00
v 6882.35 3705.88 0.00
v 7411.77 3705.88 -18.00
v 7411.77 4235.29 -18.00
v 7411.77 4235.29 0.00
v 7411.77 3705.88 0.00
v 7411.77 4235.29 -18.00
v 6882.35 4235.29 -18.00
v 6882.35 4235.29 0.00
v 7411.77 4235.29 0.00
v 6882.35 4235.29 -18.00
v 6882.35 3705.88 -18.00
v 6882.35 3705.88 0.00
v 6882.35 4235.29 0.00
v 7411.77 -7411.77 -18.00
v 7941.18 -7411.77 -18.00
v 7941.18 -7411.77 0.00
v 7411.77 -7411.77 0.00
v 7941.18 -7411.77 -18.00
v 7941.18 -6882.35 -18.00
v 7941.18 -6882.35 0.00
v 7941.18 -7411.77 0.00
v 7941.18 -6882.35 -18.00
v 7411.77 -6882.35 -18.00
v 7411.77 -6882.35 0.00
v 7941.18 -6882.35 0.00
v 7411.77 -6882.35 -18.00
v 7411.77 -7411.77 -18.00
v 7411.77 -7411.77 0.00
v 7411.77 -6882.35 0.00
v 7411.77 -6352.94 -18.00
v 7941.18 -6352.94 -18.00
v 7941.18 -6882.35 -18.00
v 7411.77 -6882.35 -18.00
v 7411.77 -6882.35 0.00
v 7941.18 -6882.35 0.00
v 7941.18 -6352.94 0.00
v 7411.77 -6352.94 0.00
v 7411.77 -2647.06 -18.00
v 7941.18 -2647.06 -18.00
v 7941.18 -3176.47 -18.00
v 7411.77 -3176.47 -18.00
v 7411.77 -3176.47 0.00
v 7941.18 -3176.47 0.00
v 7941.18 -2647.06 0.00
v 7411.77 -2647.06 0.00
v 7411.77 -3176.47 -18.00
v 7941.18 -3176.47 -18.00
v 7941.18 -3176.47 0.00
v 7411.77 -3176.47 0.00
v 7941.18 -3176.47 -18.00
v 7941.18 -2647.06 -18.00
v 7941.18 -2647.06 0.00
v 7941.18 -3176.47 0.00
v 7941.18 -2647.06 -18.00
v 7411.77 -2647.06 -18.00
v 7411.77 -2647.06 0.00
v 7941.18 -2647.06 0.00
v 7411.77 -2647.06 -18.00
v 7411.77 -3176.47 -18.00
v 7411.77 -3176.47 0.00
v 7411.77 -2647.06 0.00
v 7941.18 -529.41 -18.00
v 7411.77 -529.41 -18.00
v 7411.77 -529.41 0.00
v 7941.18 -529.41 0.00
v 7411.77 -529.41 -18.00
v 7411.77 -1058.82 -18.00
v 7411.77 -1058.82 0.00
v 7411.77 -529.41 0.00
v 7411.77 -0.00 -18.00
v 7941.18 -0.00 -18.00
v 7941.18 -529.41 -18.00
v 7411.77 -529.41 -18.00
v 7411.77 -529.41 0.00
v 7941.18 -529.41 0.00
v 7941.18 -0.00 0.00
v 7411.77 -0.00 0.00
v 7411.77 -529.41 -18.00
v 7941.18 -529.41 -18.00
v 7941.18 -529.41 0.00
v 7411.77 -529.41 0.00
v 7941.18 -529.41 -18.00
v 7941.18 -0.00 -18.00
v 7941.18 -0.00 0.00
v 7941.18 -529.41 0.00
v 7411.77 2117.65 -18.00
v 7941.18 2117.65 -18.00
v 7941.18 2117.65 0.00
v 7411.77 2117.65 0.00
v 7941.18 2117.65 -18.00
v 7941.18 2647.06 -18.00
v 7941.18 2647.06 0.00
v 7941.18 2117.65 0.00
v 7941.18 2647.06 -18.00
v 7411.77 2647.06 -18.00
v 7411.77 2647.06 0.00
v 7941.18 2647.06 0.00
v 7411.77 2647.06 -18.00
v 7411.77 2117.65 -18.00
v 7411.77 2117.65 0.00
v 7411.77 2647.06 0.00
v 7411.77 3176.47 -18.00
v 7941.18 3176.47 -18.00
v 7941.18 2647.06 -18.00
v 7411.77 2647.06 -18.00
v 7411.77 2647.06 0.00
v 7941.18 2647.06 0.00
v 7941.18 3176.47 0.00
v 7411.77 3176.47 0.00
v 7411.77 2647.06 -18.00
v 7941.18 2647.06 -18.00
v 7941.18 2647.06 0.00
v 7411.77 2647.06 0.00
v 7941.18 2647.06 -18.00
v 7941.18 3176.47 -18.00
v 7941.18 3176.47 0.00
v 7941.18 2647.06 0.00
v 7941.18 3176.47 -18.00
v 7411.77 3176.47 -18.00
v 7411.77 3176.47 0.00
v 7941.18 3176.47 0.00
v 7411.77 3176.47 -18.00
v 7411.77 2647.06 -18.00
v 7411.77 2647.06 0.00
v 7411.77 3176.47 0.00
v 7411.77 3705.88 -18.00
v 7941.18 3705.88 -18.00
v 7941.18 3176.47 -18.00
v 7411.77 3176.47 -18.00
v 7411.77 3176.47 0.00
v 7941.18 3176.47 0.00
v 7941.18 3705.88 0.00
v 7411.77 3705.88 0.00
v 7411.77 5823.53 -18.00
v 7941.18 5823.53 -18.00
v 7941.18 5294.12 -18.00
v 7411.77 5294.12 -18.00
v 7411.77 5294.12 0.00
v 7941.18 5294.12 0.00
v 7941.18 5823.53 0.00
v 7411.77 5823.53 0.00
v 7411.77 5294.12 -18.00
v 7941.18 5294.12 -18.00
v 7941.18 5294.12 0.00
v 7411.77 5294.12 0.00
v 7941.18 5294.12 -18.00
v 7941.18 5823.53 -18.00
v 7941.18 5823.53 0.00
v 7941.18 5294.12 0.00
v 7941.18 5823.53 -18.00
v 7411.77 5823.53 -18.00
v 7411.77 5823.53 0.00
v 7941.18 5823.53 0.00
v 7411.77 5823.53 -18.00
v 7411.77 5294.12 -18.00
v 7411.77 5294.12 0.00
v 7411.77 5823.53 0.00
v 7411.77 6352.94 -18.00
v 7941.18 6352.94 -18.00
v 7941.18 5823.53 -18.00
v 7411.77 5823.53 -18.00
v 7411.77 5823.53 0.00
v 7941.18 5823.53 0.00
v 7941.18 6352.94 0.00
v 7411.77 6352.94 0.00
v 7411.77 5823.53 -18.00
v 7941.18 5823.53 -18.00
v 7941.18 5823.53 0.00
v 7411.77 5823.53 0.00
v 7941.18 5823.53 -18.00
v 7941.18 6352.94 -18.00
v 7941.18 6352.94 0.00
v 7941.18 5823.53 0.00
v 7941.18 6352.94 -18.00
v 7411.77 6352.94 -18.00
v 7411.77 6352.94 0.00
v 7941.18 6352.94 0.00
v 7411.77 6352.94 -18.00
v 7411.77 5823.53 -18.00
v 7411.77 5823.53 0.00
v 7411.77 6352.94 0.00
v 7411.77 6882.35 -18.00
v 7941.18 6882.35 -18.00
v 7941.18 6352.94 -18.00
v 7411.77 6352.94 -18.00
v 7411.77 6352.94 0.00
v 7941.18 6352.94 0.00
v 7941.18 6882.35 0.00
v 7411.77 6882.35 0.00
v 7411.77 6352.94 -18.00
v 7941.18 6352.94 -18.00
v 7941.18 6352.94 0.00
v 7411.77 6352.94 0.00
v 7941.18 6352.94 -18.00
v 7941.18 6882.35 -18.00
v 7941.18 6882.35 0.00
v 7941.18 6352.94 0.00
v 7941.18 6882.35 -18.00
v 7411.77 6882.35 -18.00
v 7411.77 6882.35 0.00
v 7941.18 6882.35 0.00
v 7411.77 6882.35 -18.00
v 7411.77 6352.94 -18.00
v 7411.77 6352.94 0.00
v 7411.77 6882.35 0.00
v 7941.18 9000.00 -18.00
v 7411.77 9000.00 -18.00
v 7411.77 9000.00 0.00
v 7941.18 9000.00 0.00
v 7411.77 9000.00 -18.00
v 7411.77 8470.59 -18.00
v 7411.77 8470.59 0.00
v 7411.77 9000.00 0.00
v 7941.18 -8470.59 -18.00
v 8470.59 -8470.59 -18.00
v 8470.59 -9000.00 -18.00
v 7941.18 -9000.00 -18.00
v 7941.18 -9000.00 0.00
v 8470.59 -9000.00 0.00
v 8470.59 -8470.59 0.00
v 7941.18 -8470.59 0.00
v 7941.18 -9000.00 -18.00
v 8470.59 -9000.00 -18.00
v 8470.59 -9000.00 0.00
v 7941.18 -9000.00 0.00
v 8470.59 -9000.00 -18.00
v 8470.59 -8470.59 -18.00
v 8470.59 -8470.59 0.00
v 8470.59 -9000.00 0.00
v 8470.59 -7411.77 -18.00
v 7941.18 -7411.77 -18.00
v 7941.18 -7411.77 0.00
v 8470.59 -7411.77 0.00
v 7941.18 -7411.77 -18.00
v 7941.18 -7941.18 -18.00
v 7941.18 -7941.18 0.00
v 7941.18 -7411.77 0.00
v 7941.18 -6882.35 -18.00
v 8470.59 -6882.35 -18.00
v 8470.59 -7411.77 -18.00
v 7941.18 -7411.77 -18.00
v 7941.18 -7411.77 0.00
v 8470.59 -7411.77 0.00
v 8470.59 -6882.35 0.00
v 7941.18 -6882.35 0.00
v 7941.18 -7411.77 -18.00
v 8470.59 -7411.77 -18.00
v 8470.59 -7411.77 0.00
v 7941.18 -7411.77 0.00
v 8470.59 -7411.77 -18.00
v 8470.59 -6882.35 -18.00
v 8470.59 -6882.35 0.00
v 8470.59 -7411.77 0.00
v 7941.18 -5823.53 -18.00
v 8470.59 -5823.53 -18.00
v 8470.59 -5823.53 0.00
v 7941.18 -5823.53 0.00
v 8470.59 -5823.53 -18.00
v 8470.59 -5294.12 -18.00
v 8470.59 -5294.12 0.00
v 8470.59 -5823.53 0.00
v 8470.59 -5294.12 -18.00
v 7941.18 -5294.12 -18.00
v 7941.18 -5294.12 0.00
v 8470.59 -5294.12 0.00
v 7941.18 -5294.12 -18.00
v 7941.18 -5823.53 -18.00
v 7941.18 -5823.53 0.00
v 7941.18 -5294.12 0.00
v 7941.18 -4764.71 -18.00
v 8470.59 -4764.71 -18.00
v 8470.59 -5294.12 -18.00
v 7941.18 -5294.12 -18.00
v 7941.18 -5294.12 0.00
v 8470.59 -5294.12 0.00
v 8470.59 -4764.71 0.00
v 7941.18 -4764.71 0.00
v 7941.18 -1058.82 -18.00
v 8470.59 -1058.82 -18.00
v 8470.59 -1588.23 -18.00
v 7941.18 -1588.23 -18.00
v 7941.18 -1588.23 0.00
v 8470.59 -1588.23 0.00
v 8470.59 -1058.82 0.00
v 7941.18 -1058.82 0.00
v 7941.18 -1588.23 -18.00
v 8470.59 -1588.23 -18.00
v 8470.59 -1588.23 0.00
v 7941.18 -1588.23 0.00
v 8470.59 -1588.23 -18.00
v 8470.59 -1058.82 -18.00
v 8470.59 -1058.82 0.00
v 8470.59 -1588.23 0.00
v 8470.59 -1058.82 -18.00
v 7941.18 -1058.82 -18.00
v 7941.18 -1058.82 0.00
v 8470.59 -1058.82 0.00
v 7941.18 -1058.82 -18.00
v 7941.18 -1588.23 -18.00
v 7941.18 -1588.23 0.00
v 7941.18 -1058.82 0.00
v 7941.18 -529.41 -18.00
v 8470.59 -529.41 -18.00
v 8470.59 -1058.82 -18.00
v 7941.18 -1058.82 -18.00
v 7941.18 -1058.82 0.00
v 8470.59 -1058.82 0.00
v 8470.59 -529.41 0.00
v 7941.18 -529.41 0.00
v 7941.18 -1058.82 -18.00
v 8470.59 -1058.82 -18.00
v 8470.59 -1058.82 0.00
v 7941.18 -1058.82 0.00
v 8470.59 -1058.82 -18.00
v 8470.59 -529.41 -18.00
v 8470.59 -529.41 0.00
v 8470.59 -1058.82 0.00
v 8470.59 -529.41 -18.00
v 7941.18 -529.41 -18.00
v 7941.18 -529.41 0.00
v 8470.59 -529.41 0.00
v 7941.18 -529.41 -18.00
v 7941.18 -1058.82 -18.00
v 7941.18 -1058.82 0.00
v 7941.18 -529.41 0.00
v 8470.59 2117.65 -18.00
v 7941.18 2117.65 -18.00
v 7941.18 2117.65 0.00
v 8470.59 2117.65 0.00
v 7941.18 2117.65 -18.00
v 7941.18 1588.23 -18.00
v 7941.18 1588.23 0.00
v 7941.18 2117.65 0.00
v 7941.18 2647.06 -18.00
v 8470.59 2647.06 -18.00
v 8470.59 2117.65 -18.00
v 7941.18 2117.65 -18.00
v 7941.18 2117.65 0.00
v 8470.59 2117.65 0.00
v 8470.59 2647.06 0.00
v 7941.18 2647.06 0.00
v 7941.18 2117.65 -18.00
v 8470.59 2117.65 -18.00
v 8470.59 2117.65 0.00
v 7941.18 2117.65 0.00
v 8470.59 2117.65 -18.00
v 8470.59 2647.06 -18.00
v 8470.59 2647.06 0.00
v 8470.59 2117.65 0.00
v 7941.18 4764.71 -18.00
v 8470.59 4764.71 -18.00
v 8470.59 4764.71 0.00
v 7941.18 4764.71 0.00
v 8470.59 4764.71 -18.00
v 8470.59 5294.12 -18.00
v 8470.59 5294.12 0.00
v 8470.59 4764.71 0.00
v 8470.59 5294.12 -18.00
v 7941.18 5294.12 -18.00
v 7941.18 5294.12 0.00
v 8470.59 5294.12 0.00
v 7941.18 5294.12 -18.00
v 7941.18 4764.71 -18.00
v 7941.18 4764.71 0.00
v 7941.18 5294.12 0.00
v 7941.18 5823.53 -18.00
v 8470.59 5823.53 -18.00
v 8470.59 5294.12 -18.00
v 7941.18 5294.12 -18.00
v 7941.18 5294.12 0.00
v 8470.59 5294.12 0.00
v 8470.59 5823.53 0.00
v 7941.18 5823.53 0.00
v 7941.18 5294.12 -18.00
v 8470.59 5294.12 -18.00
v 8470.59 5294.12 0.00
v 7941.18 5294.12 0.00
v 8470.59 5294.12 -18.00
v 8470.59 5823.53 -18.00
v 8470.59 5823.53 0.00
v 8470.59 5294.12 0.00
v 8470.59 5823.53 -18.00
v 7941.18 5823.53 -18.00
v 7941.18 5823.53 0.00
v 8470.59 5823.53 0.00
v 7941.18 5823.53 -18.00
v 7941.18 5294.12 -18.00
v 7941.18 5294.12 0.00
v 7941.18 5823.53 0.00
v 7941.18 6352.94 -18.00
v 8470.59 6352.94 -18.00
v 8470.59 5823.53 -18.00
v 7941.18 5823.53 -18.00
v 7941.18 5823.53 0.00
v 8470.59 5823.53 0.00
v 8470.59 6352.94 0.00
v 7941.18 6352.94 0.00
v 7941.18 6352.94 -18.00
v 8470.59 6352.94 -18.00
v 8470.59 6352.94 0.00
v 7941.18 6352.94 0.00
v 8470.59 6352.94 -18.00
v 8470.59 6882.35 -18.00
v 8470.59 6882.35 0.00
v 8470.59 6352.94 0.00
v 8470.59 6882.35 -18.00
v 7941.18 6882.35 -18.00
v 7941.18 6882.35 0.00
v 8470.59 6882.35 0.00
v 7941.18 6882.35 -18.00
v 7941.18 6352.94 -18.00
v 7941.18 6352.94 0.00
v 7941.18 6882.35 0.00
v 7941.18 7411.77 -18.00
v 8470.59 7411.77 -18.00
v 8470.59 6882.35 -18.00
v 7941.18 6882.35 -18.00
v 7941.18 6882.35 0.00
v 8470.59 6882.35 0.00
v 8470.59 7411.77 0.00
v 7941.18 7411.77 0.00
v 8470.59 -7941.18 -18.00
v 9000.00 -7941.18 -18.00
v 9000.00 -8470.59 -18.00
v 8470.59 -8470.59 -18.00
v 8470.59 -8470.59 0.00
v 9000.00 -8470.59 0.00
v 9000.00 -7941.18 0.00
v 8470.59 -7941.18 0.00
v 8470.59 -8470.59 -18.00
v 9000.00 -8470.59 -18.00
v 9000.00 -8470.59 0.00
v 8470.59 -8470.59 0.00
v 9000.00 -8470.59 -18.00
v 9000.00 -7941.18 -18.00
v 9000.00 -7941.18 0.00
v 9000.00 -8470.59 0.00
v 9000.00 -7941.18 -18.00
v 8470.59 -7941.18 -18.00
v 8470.59 -7941.18 0.00
v 9000.00 -7941.18 0.00
v 8470.59 -7941.18 -18.00
v 8470.59 -8470.59 -18.00
v 8470.59 -8470.59 0.00
v 8470.59 -7941.18 0.00
v 8470.59 -7411.77 -18.00
v 9000.00 -7411.77 -18.00
v 9000.00 -7941.18 -18.00
v 8470.59 -7941.18 -18.00
v 8470.59 -7941.18 0.00
v 9000.00 -7941.18 0.00
v 9000.00 -7411.77 0.00
v 8470.59 -7411.77 0.00
v 8470.59 -7941.18 -18.00
v 9000.00 -7941.18 -18.00
v 9000.00 -7941.18 0.00
v 8470.59 -7941.18 0.00
v 9000.00 -7941.18 -18.00
v 9000.00 -7411.77 -18.00
v 9000.00 -7411.77 0.00
v 9000.00 -7941.18 0.00
v 9000.00 -7411.77 -18.00
v 8470.59 -7411.77 -18.00
v 8470.59 -7411.77 0.00
v 9000.00 -7411.77 0.00
v 8470.59 -7411.77 -18.00
v 8470.59 -7941.18 -18.00
v 8470.59 -7941.18 0.00
v 8470.59 -7411.77 0.00
v 9000.00 -5823.53 -18.00
v 8470.59 -5823.53 -18.00
v 8470.59 -5823.53 0.00
v 9000.00 -5823.53 0.00
v 8470.59 -5823.53 -18.00
v 8470.59 -6352.94 -18.00
v 8470.59 -6352.94 0.00
v 8470.59 -5823.53 0.00
v 8470.59 -5294.12 -18.00
v 9000.00 -5294.12 -18.00
v 9000.00 -5823.53 -18.00
v 8470.59 -5823.53 -18.00
v 8470.59 -5823.53 0.00
v 9000.00 -5823.53 0.00
v 9000.00 -5294.12 0.00
v 8470.59 -5294.12 0.00
v 8470.59 -5823.53 -18.00
v 9000.00 -5823.53 -18.00
v 9000.00 -5823.53 0.00
v 8470.59 -5823.53 0.00
v 9000.00 -5823.53 -18.00
v 9000.00 -5294.12 -18.00
v 9000.00 -5294.12 0.00
v 9000.00 -5823.53 0.00
v 9000.00 -5294.12 -18.00
v 8470.59 -5294.12 -18.00
v 8470.59 -5294.12 0.00
v 9000.00 -5294.12 0.00
v 8470.59 -5294.12 -18.00
v 8470.59 -5823.53 -18.00
v 8470.59 -5823.53 0.00
v 8470.59 -5294.12 0.00
v 8470.59 -4764.71 -18.00
v 9000.00 -4764.71 -18.00
v 9000.00 -5294.12 -18.00
v 8470.59 -5294.12 -18.00
v 8470.59 -5294.12 0.00
v 9000.00 -5294.12 0.00
v 9000.00 -4764.71 0.00
v 8470.59 -4764.71 0.00
v 8470.59 -5294.12 -18.00
v 9000.00 -5294.12 -18.00
v 9000.00 -5294.12 0.00
v 8470.59 -5294.12 0.00
v 9000.00 -5294.12 -18.00
v 9000.00 -4764.71 -18.00
v 9000.00 -4764.71 0.00
v 9000.00 -5294.12 0.00
v 9000.00 -4235.29 -18.00
v 8470.59 -4235.29 -18.00
v 8470.59 -4235.29 0.00
v 9000.00 -4235.29 0.00
v 8470.59 -4235.29 -18.00
v 8470.59 -4764.71 -18.00
v 8470.59 -4764.71 0.00
v 8470.59 -4235.29 0.00
v 8470.59 -3705.88 -18.00
v 9000.00 -3705.88 -18.00
v 9000.00 -4235.29 -18.00
v 8470.59 -4235.29 -18.00
v 8470.59 -4235.29 0.00
v 9000.00 -4235.29 0.00
v 9000.00 -3705.88 0.00
v 8470.59 -3705.88 0.00
v 8470.59 -4235.29 -18.00
v 9000.00 -4235.29 -18.00
v 9000.00 -4235.29 0.00
v 8470.59 -4235.29 0.00
v 9000.00 -4235.29 -18.00
v 9000.00 -3705.88 -18.00
v 9000.00 -3705.88 0.00
v 9000.00 -4235.29 0.00
v 8470.59 1058.82 -18.00
v 9000.00 1058.82 -18.00
v 9000.00 529.41 -18.00
v 8470.59 529.41 -18.00
v 8470.59 529.41 0.00
v 9000.00 529.41 0.00
v 9000.00 1058.82 0.00
v 8470.59 1058.82 0.00
v 8470.59 529.41 -18.00
v 9000.00 529.41 -18.00
v 9000.00 529.41 0.00
v 8470.59 529.41 0.00
v 9000.00 529.41 -18.00
v 9000.00 1058.82 -18.00
v 9000.00 1058.82 0.00
v 9000.00 529.41 0.00
v 9000.00 1058.82 -18.00
v 8470.59 1058.82 -18.00
v 8470.59 1058.82 0.00
v 9000.00 1058.82 0.00
v 8470.59 1058.82 -18.00
v 8470.59 529.41 -18.00
v 8470.59 529.41 0.00
v 8470.59 1058.82 0.00
v 8470.59 1588.23 -18.00
v 9000.00 1588.23 -18.00
v 9000.00 1058.82 -18.00
v 8470.59 1058.82 -18.00
v 8470.59 1058.82 0.00
v 9000.00 1058.82 0.00
v 9000.00 1588.23 0.00
v 8470.59 1588.23 0.00
v 8470.59 1058.82 -18.00
v 9000.00 1058.82 -18.00
v 9000.00 1058.82 0.00
v 8470.59 1058.82 0.00
v 9000.00 1058.82 -18.00
v 9000.00 1588.23 -18.00
v 9000.00 1588.23 0.00
v 9000.00 1058.82 0.00
v 9000.00 1588.23 -18.00
v 8470.59 1588.23 -18.00
v 8470.59 1588.23 0.00
v 9000.00 1588.23 0.00
v 8470.59 1588.23 -18.00
v 8470.59 1058.82 -18.00
v 8470.59 1058.82 0.00
v 8470.59 1588.23 0.00
v 9000.00 5294.12 -18.00
v 8470.59 5294.12 -18.00
v 8470.59 5294.12 0.00
v 9000.00 5294.12 0.00
v 8470.59 5294.12 -18.00
v 8470.59 4764.71 -18.00
v 8470.59 4764.71 0.00
v 8470.59 5294.12 0.00
v 8470.59 5823.53 -18.00
v 9000.00 5823.53 -18.00
v 9000.00 5294.12 -18.00
v 8470.59 5294.12 -18.00
v 8470.59 5294.12 0.00
v 9000.00 5294.12 0.00
v 9000.00 5823.53 0.00
v 8470.59 5823.53 0.00
v 8470.59 5294.12 -18.00
v 9000.00 5294.12 -18.00
v 9000.00 5294.12 0.00
v 8470.59 5294.12 0.00
v 9000.00 5294.12 -18.00
v 9000.00 5823.53 -18.00
v 9000.00 5823.53 0.00
v 9000.00 5294.12 0.00
v 8470.59 7411.77 -18.00
v 9000.00 7411.77 -18.00
v 9000.00 7411.77 0.00
v 8470.59 7411.77 0.00
v 9000.00 7411.77 -18.00
v 9000.00 7941.18 -18.00
v 9000.00 7941.18 0.00
v 9000.00 7411.77 0.00
v 9000.00 7941.18 -18.00
v 8470.59 7941.18 -18.00
v 8470.59 7941.18 0.00
v 9000.00 7941.18 0.00
v 8470.59 7941.18 -18.00
v 8470.59 7411.77 -18.00
v 8470.59 7411.77 0.00
v 8470.59 7941.18 0.00
v 8470.59 8470.59 -18.00
v 9000.00 8470.59 -18.00
v 9000.00 7941.18 -18.00
v 8470.59 7941.18 -18.00
v 8470.59 7941.18 0.00
v 9000.00 7941.18 0.00
v 9000.00 8470.59 0.00
v 8470.59 8470.59 0.00
v 172.81 -96.75 65.78
v 182.15 -77.77 65.78
v 193.20 -84.36 66.50
v 181.79 -101.16 65.78
v 181.79 -101.16 87.07
v 191.12 -82.18 87.07
v 182.15 -77.77 87.07
v 172.81 -96.75 87.07
v 181.79 -101.16 65.78
v 193.20 -84.36 66.50
v 191.12 -82.18 87.07
v 181.79 -101.16 87.07
v 193.20 -84.36 66.50
v 182.15 -77.77 65.78
v 182.15 -77.77 87.07
v 191.12 -82.18 87.07
v 182.15 -77.77 65.78
v 172.81 -96.75 65.78
v 172.81 -96.75 87.07
v 182.15 -77.77 87.07
v 172.81 -96.75 65.78
v 181.79 -101.16 65.78
v 181.79 -101.16 87.07
v 172.81 -96.75 87.07
v 191.73 -62.58 59.75
v 195.84 -48.21 59.75
v 205.45 -50.95 59.75
v 201.34 -65.32 59.75
v 201.34 -65.32 87.35
v 205.45 -50.95 87.35
v 195.84 -48.21 87.35
v 191.73 -62.58 87.35
v 201.34 -65.32 59.75
v 205.45 -50.95 59.75
v 205.45 -50.95 87.35
v 201.34 -65.32 87.35
v 205.45 -50.95 59.75
v 195.84 -48.21 59.75
v 195.84 -48.21 87.35
v 205.45 -50.95 87.35
v 195.84 -48.21 59.75
v 191.73 -62.58 59.75
v 191.73 -62.58 87.35
v 195.84 -48.21 87.35
v 191.73 -62.58 59.75
v 201.34 -65.32 59.75
v 201.34 -65.32 87.35
v 191.73 -62.58 87.35
v 240.78 -8.81 49.27
v 251.29 -6.26 48.81
v 250.01 -7.70 72.61
v 242.27 -9.32 72.61
v 213.90 34.96 46.54
v 211.26 48.71 48.90
v 221.08 50.62 48.90
v 223.91 36.11 48.90
v 223.37 37.88 72.36
v 223.74 53.32 70.00
v 211.26 48.71 73.63
v 211.18 33.75 72.97
v 223.91 36.11 48.90
v 221.08 50.62 48.90
v 223.74 53.32 70.00
v 223.37 37.88 72.36
v 221.08 50.62 48.90
v 211.26 48.71 48.90
v 211.26 48.71 73.63
v 223.74 53.32 70.00
v 211.26 48.71 48.90
v 213.90 34.96 46.54
v 211.18 33.75 72.97
v 211.26 48.71 73.63
v 165.44 -153.71 49.71
v 179.40 -137.16 49.71
v 187.04 -143.61 49.71
v 173.08 -160.16 49.71
v 173.08 -160.16 72.31
v 187.04 -143.61 72.31
v 179.40 -137.16 72.31
v 165.44 -153.71 72.31
v 173.08 -160.16 49.71
v 187.04 -143.61 49.71
v 187.04 -143.61 72.31
v 173.08 -160.16 72.31
v 187.04 -143.61 49.71
v 179.40 -137.16 49.71
v 179.40 -137.16 72.31
v 187.04 -143.61 72.31
v 205.95 -125.06 46.64
v 213.72 -111.26 46.64
v 222.43 -116.17 46.64
v 214.66 -129.96 46.64
v 214.66 -129.96 71.24
v 222.43 -116.17 71.24
v 210.78 -111.96 71.06
v 208.51 -129.99 71.86
v 233.05 37.28 33.92
v 230.49 50.76 33.92
v 240.31 52.63 33.92
v 242.87 39.15 33.92
v 242.87 39.15 59.65
v 240.31 52.63 59.65
v 231.50 52.28 57.18
v 233.05 37.28 59.65
v 242.87 39.15 33.92
v 240.31 52.63 33.92
v 240.31 52.63 59.65
v 242.87 39.15 59.65
v 240.31 52.63 33.92
v 230.49 50.76 33.92
v 231.50 52.28 57.18
v 240.31 52.63 59.65
v 230.49 50.76 33.92
v 233.05 37.28 33.92
v 233.05 37.28 59.65
v 231.50 52.28 57.18
v 233.05 37.28 33.92
v 242.87 39.15 33.92
v 242.87 39.15 59.65
v 233.05 37.28 59.65
v 255.51 64.74 15.71
v 249.87 83.91 15.71
v 249.87 83.91 32.17
v 255.51 64.74 32.17
v 249.87 83.91 15.71
v 240.28 81.09 15.71
v 240.28 81.09 32.17
v 249.87 83.91 32.17
v 240.28 81.09 15.71
v 245.91 61.92 15.71
v 245.91 61.92 32.17
v 240.28 81.09 32.17
v 245.91 61.92 15.71
v 255.51 64.74 15.71
v 255.51 64.74 32.17
v 245.91 61.92 32.17
v 193.04 103.88 11.52
v 184.38 118.57 11.52
v 193.00 123.65 11.52
v 201.65 108.96 11.52
v 201.65 108.96 33.13
v 190.87 120.73 30.00
v 184.38 118.57 33.13
v 193.04 103.88 33.13
v 272.07 -60.66 25.50
v 277.23 -29.08 25.50
v 291.04 -31.34 25.50
v 285.88 -62.92 25.50
v 285.88 -62.92 25.50
v 291.04 -31.34 25.50
v 277.23 -29.08 25.50
v 272.07 -60.66 25.50
v 245.69 55.59 25.50
v 236.66 86.29 25.50
v 250.09 90.24 25.50
v 259.12 59.54 25.50
v 259.12 59.54 25.50
v 250.09 90.24 25.50
v 236.66 86.29 25.50
v 245.69 55.59 25.50
v 224.69 -169.69 25.50
v 242.49 -143.09 25.50
v 252.46 -150.03 29.49
v 236.32 -177.47 25.50
v 236.32 -177.47 25.50
v 252.46 -150.03 29.49
v 242.49 -143.09 25.50
v 224.69 -169.69 25.50
v 275.25 -43.18 -1.20
v 276.84 -31.48 -1.20
v 286.75 -32.82 -1.20
v 285.17 -44.52 -1.20
v 285.17 -44.52 24.43
v 286.75 -32.82 24.43
v 276.84 -31.48 24.43
v 278.16 -43.53 22.00
v 285.17 -44.52 -1.20
v 286.75 -32.82 -1.20
v 286.75 -32.82 24.43
v 285.17 -44.52 24.43
v 286.75 -32.82 -1.20
v 276.84 -31.48 -1.20
v 276.84 -31.48 24.43
v 286.75 -32.82 24.43
v 276.84 -31.48 -1.20
v 275.25 -43.18 -1.20
v 278.16 -43.53 22.00
v 276.84 -31.48 24.43
v 275.25 -43.18 -1.20
v 285.17 -44.52 -1.20
v 285.17 -44.52 24.43
v 278.16 -43.53 22.00
v 243.38 79.75 4.42
v 239.90 89.69 4.42
v 249.34 93.00 4.42
v 252.82 83.06 4.42
v 253.58 82.11 21.84
v 249.34 93.00 24.82
v 239.90 89.69 24.82
v 243.38 79.75 24.82
v 252.82 83.06 4.42
v 249.34 93.00 4.42
v 249.34 93.00 24.82
v 253.58 82.11 21.84
v 249.34 93.00 4.42
v 239.90 89.69 4.42
v 239.90 89.69 24.82
v 249.34 93.00 24.82
v 239.90 89.69 4.42
v 243.38 79.75 4.42
v 243.38 79.75 24.82
v 239.90 89.69 24.82
v 243.38 79.75 4.42
v 252.82 83.06 4.42
v 253.58 82.11 21.84
v 243.38 79.75 24.82

usemtl mat_terracotta
v 235.10 -97.11 60.03
v 232.98 -97.11 60.03
v 232.98 -97.11 67.31
v 236.99 -96.81 66.17
v 232.98 -97.11 60.03
v 235.10 -97.11 60.03
v 236.99 -96.81 66.17
v 232.98 -97.11 67.31
v 218.70 -92.78 54.80
v 220.43 -85.67 54.80
v 227.41 -87.37 54.80
v 229.33 -94.95 54.80
v 229.33 -94.95 66.17
v 227.41 -87.37 68.31
v 220.43 -85.67 68.31
v 215.41 -92.71 68.80
v 192.08 72.72 48.00
v 194.99 76.72 48.00
v 194.99 76.72 72.00
v 192.08 72.72 72.00
v 194.99 76.72 72.00
v 192.08 80.71 72.00
v 189.49 80.71 72.00
v 187.39 79.19 72.00
v 187.39 74.25 72.00
v 192.08 72.72 72.00
v 196.46 76.72 72.00
v 195.37 80.05 72.00
v 190.78 76.72 78.00
v 195.37 80.05 72.00
v 192.08 80.71 72.00
v 190.78 76.72 78.00
v 251.62 -55.53 51.71
v 258.16 -55.53 51.71
v 258.51 -55.88 56.08
v 251.27 -55.88 56.08
v 258.51 -48.12 56.08
v 258.51 -55.88 56.08
v 257.72 -53.91 60.47
v 251.30 -52.36 61.63
v 257.72 -53.91 60.47
v 251.27 -55.88 56.08
v 251.27 -48.12 56.08
v 251.30 -52.36 61.63
v 258.51 -55.88 56.08
v 251.27 -55.88 56.08
v 257.72 -53.91 60.47
v 262.98 -22.30 54.80
v 254.55 -26.89 58.52
v 254.85 -23.26 54.80
v 257.66 -30.42 45.33
v 257.50 -29.12 45.33
v 260.13 -29.12 45.33
v 260.29 -30.42 45.33
v 260.29 -30.42 45.33
v 260.13 -29.12 45.33
v 257.50 -29.12 45.33
v 257.66 -30.42 45.33
v 257.66 -30.42 45.33
v 257.50 -29.12 45.33
v 255.63 -29.84 54.80
v 255.61 -30.68 53.23
v 256.27 24.88 42.00
v 262.13 25.63 40.80
v 262.13 25.63 55.01
v 256.27 24.88 56.00
v 256.27 24.88 56.00
v 252.41 32.00 55.01
v 258.76 34.43 55.01
v 262.13 25.63 55.01
v 262.58 25.43 60.87
v 258.97 34.88 60.87
v 251.96 32.20 60.87
v 255.58 22.75 60.87
v 262.13 25.63 55.01
v 258.76 34.43 55.01
v 258.97 34.88 60.87
v 262.58 25.43 60.87
v 189.46 -185.52 40.80
v 184.81 -181.02 40.80
v 184.81 -181.02 52.16
v 189.46 -185.52 52.16
v 184.81 -181.02 40.80
v 179.66 -186.36 40.80
v 179.66 -186.36 52.16
v 184.81 -181.02 52.16
v 179.66 -186.36 40.80
v 184.30 -190.85 40.80
v 184.30 -190.85 52.16
v 179.66 -186.36 52.16
v 179.66 -186.36 52.16
v 184.81 -181.02 52.16
v 189.46 -185.52 52.16
v 184.30 -190.85 52.16
v 232.90 -149.57 53.32
v 231.70 -154.59 50.57
v 232.38 -150.54 56.52
v 232.00 -147.72 58.68
v 215.11 -147.06 40.80
v 218.47 -140.81 40.80
v 223.78 -143.67 40.80
v 220.41 -149.91 40.80
v 220.41 -149.91 50.41
v 223.63 -142.13 54.80
v 218.47 -140.81 50.41
v 215.11 -147.06 50.41
v 220.41 -149.91 40.80
v 223.78 -143.67 40.80
v 223.63 -142.13 54.80
v 220.41 -149.91 50.41
v 233.38 -102.54 54.26
v 238.53 -90.48 54.80
v 229.33 -94.95 54.80
v 226.23 -100.78 54.26
v 233.38 -102.54 40.80
v 235.44 -94.14 40.80
v 238.53 -90.48 54.80
v 233.38 -102.54 54.26
v 235.44 -94.14 40.80
v 228.30 -92.38 40.80
v 229.33 -94.95 54.80
v 238.53 -90.48 54.80
v 228.30 -92.38 40.80
v 226.23 -100.78 40.80
v 226.23 -100.78 54.26
v 229.33 -94.95 54.80
v 240.41 -71.07 40.80
v 233.96 -70.29 40.80
v 233.96 -70.29 48.68
v 240.41 -71.07 48.68
v 233.96 -70.29 40.80
v 232.93 -78.86 40.80
v 232.93 -78.86 48.68
v 233.96 -70.29 48.68
v 232.93 -78.86 40.80
v 239.38 -79.64 40.80
v 239.38 -79.64 48.68
v 232.93 -78.86 48.68
v 240.41 -71.07 48.68
v 239.90 -80.30 48.68
v 242.72 -75.68 54.80
v 231.25 -74.33 54.80
v 193.70 90.78 57.00
v 190.87 86.45 55.80
v 196.15 93.14 64.00
v 190.87 86.45 55.80
v 198.23 87.52 56.00
v 196.15 93.14 64.00
v 271.54 -41.75 39.08
v 263.62 -47.26 40.80
v 263.90 -41.75 39.08
v 250.64 -49.35 28.80
v 250.64 -42.65 28.80
v 257.13 -42.65 28.80
v 257.13 -49.35 28.80
v 258.16 -48.47 40.80
v 257.13 -42.65 41.78
v 250.64 -42.65 41.78
v 251.62 -48.47 40.80
v 257.13 -49.35 28.80
v 257.13 -42.65 28.80
v 257.13 -42.65 41.78
v 258.16 -48.47 40.80
v 248.02 -14.93 41.38
v 241.50 -25.00 49.09
v 239.72 -15.95 41.38
v 229.13 27.72 43.32
v 226.77 33.81 43.32
v 233.05 36.25 43.32
v 235.87 29.96 43.32
v 235.87 29.96 49.31
v 233.25 36.70 49.31
v 226.31 34.01 49.31
v 228.93 27.27 49.31
v 235.87 29.96 43.32
v 233.05 36.25 43.32
v 233.25 36.70 49.31
v 235.87 29.96 49.31
v 233.05 36.25 43.32
v 226.77 33.81 43.32
v 226.31 34.01 49.31
v 233.25 36.70 49.31
v 174.62 102.19 48.47
v 183.72 99.60 45.51
v 178.03 99.07 54.28
v 172.15 93.31 54.28
v 183.72 99.60 45.51
v 175.55 89.83 48.47
v 178.03 99.07 54.28
v 174.40 -192.74 28.80
v 179.62 -187.41 28.80
v 185.68 -193.34 28.80
v 180.45 -198.68 28.80
v 180.45 -198.68 41.74
v 185.68 -193.34 41.74
v 179.66 -186.36 40.80
v 174.40 -192.74 41.74
v 194.60 -163.07 28.80
v 190.73 -168.32 28.80
v 190.73 -168.32 38.80
v 194.60 -163.07 38.80
v 190.73 -168.32 28.80
v 196.45 -172.53 28.80
v 196.45 -172.53 38.80
v 190.73 -168.32 38.80
v 196.45 -172.53 38.80
v 200.31 -167.28 38.80
v 197.81 -164.69 43.63
v 193.23 -170.91 43.63
v 189.89 -168.45 38.80
v 193.23 -170.91 43.63
v 197.81 -164.69 43.63
v 194.60 -163.07 38.80
v 232.35 -129.48 28.80
v 235.73 -120.78 28.80
v 235.73 -120.78 39.27
v 232.35 -129.48 39.27
v 235.73 -120.78 28.80
v 229.90 -118.52 28.80
v 229.90 -118.52 39.27
v 235.73 -120.78 39.27
v 229.90 -118.52 28.80
v 226.53 -127.22 28.80
v 226.53 -127.22 39.27
v 229.90 -118.52 39.27
v 226.53 -127.22 28.80
v 232.35 -129.48 28.80
v 232.35 -129.48 39.27
v 226.53 -127.22 39.27
v 250.67 -76.63 40.78
v 251.55 -69.37 40.78
v 247.69 -68.29 46.18
v 248.27 -79.58 45.32
v 244.97 -79.77 40.80
v 248.27 -79.58 45.32
v 247.69 -68.29 46.18
v 243.67 -68.41 40.78
v 250.67 -76.63 40.78
v 248.27 -79.58 45.32
v 244.97 -79.77 40.80
v 251.55 -69.37 40.78
v 243.67 -68.41 40.78
v 247.69 -68.29 46.18
v 197.22 113.76 46.00
v 196.41 116.23 46.00
v 193.02 113.76 52.00
v 196.41 116.23 46.00
v 194.31 117.76 46.00
v 193.02 113.76 52.00
v 194.31 117.76 46.00
v 189.62 116.23 46.00
v 193.02 113.76 52.00
v 189.62 116.23 46.00
v 188.82 113.76 46.00
v 193.02 113.76 52.00
v 264.19 -38.85 22.00
v 259.76 -39.41 22.00
v 263.16 -41.02 22.00
v 263.16 -41.02 22.00
v 259.76 -39.41 22.00
v 264.19 -38.85 22.00
v 264.19 -38.85 22.00
v 259.76 -39.41 22.00
v 263.16 -41.02 22.00
v 263.16 -41.02 22.00
v 259.76 -39.41 22.00
v 264.19 -38.85 22.00
v 249.76 -34.65 26.85
v 244.75 -32.27 29.27
v 245.28 -29.86 29.52
v 249.76 -34.65 26.85
v 245.28 -29.86 29.52
v 244.75 -32.27 29.27
v 249.76 -34.65 26.85
v 244.75 -32.27 29.27
v 244.78 -29.62 29.76
v 249.76 -34.65 26.85
v 244.78 -29.62 29.76
v 244.75 -32.27 29.27
v 175.60 -247.00 36.40
v 179.90 -250.17 38.40
v 176.70 -250.70 42.00
v 179.13 -249.07 42.00
v 179.90 -250.17 38.40
v 184.43 -248.71 38.40
v 184.87 -249.07 42.00
v 176.70 -250.70 42.00
v 179.90 -250.17 38.40
v 175.60 -247.00 36.40
v 179.13 -249.07 42.00
v 176.70 -250.70 42.00
v 175.60 -247.00 36.40
v 179.90 -250.17 38.40
v 176.70 -250.70 42.00
v 179.13 -249.07 42.00
v 221.22 -253.36 38.40
v 219.87 -254.01 38.40
v 219.30 -250.70 42.00
v 220.93 -253.13 42.00
v 219.87 -254.01 38.40
v 218.18 -249.55 38.40
v 216.87 -249.07 42.00
v 219.30 -250.70 42.00
v 218.18 -249.55 38.40
v 219.87 -254.01 38.40
v 219.30 -250.70 42.00
v 216.87 -249.07 42.00
v 214.97 -248.38 38.40
v 218.18 -249.55 38.40
v 219.87 -254.01 38.40
v 284.40 -261.75 -2.00
v 284.40 -250.25 -2.00
v 284.40 -250.25 11.60
v 284.40 -261.75 11.60
v 284.40 -250.25 -2.00
v 275.60 -250.25 -2.00
v 275.60 -250.25 11.60
v 284.40 -250.25 11.60
v 275.60 -250.25 -2.00
v 275.60 -261.75 -2.00
v 275.60 -261.75 11.60
v 275.60 -250.25 11.60
v 274.80 -254.60 -2.00
v 285.20 -254.60 -2.00
v 285.20 -257.40 -2.00
v 274.80 -257.40 -2.00
v 340.80 -257.40 12.40
v 351.20 -257.40 12.40
v 350.40 -250.25 11.60
v 341.60 -250.25 11.60
v 340.80 -257.40 -2.00
v 351.20 -257.40 -2.00
v 351.20 -257.40 12.40
v 340.80 -257.40 12.40
v 351.20 -257.40 -2.00
v 350.40 -250.25 -2.00
v 350.40 -250.25 11.60
v 351.20 -257.40 12.40
v 350.40 -250.25 -2.00
v 341.60 -250.25 -2.00
v 341.60 -250.25 11.60
v 350.40 -250.25 11.60
v -0.00 -529.41 -18.00
v 529.41 -529.41 -18.00
v 529.41 -529.41 0.00
v -0.00 -529.41 0.00
v 529.41 -529.41 -18.00
v 529.41 -0.00 -18.00
v 529.41 -0.00 0.00
v 529.41 -529.41 0.00
v 529.41 -0.00 -18.00
v -0.00 -0.00 -18.00
v -0.00 -0.00 0.00
v 529.41 -0.00 0.00
v -0.00 529.41 -18.00
v 529.41 529.41 -18.00
v 529.41 -0.00 -18.00
v -0.00 -0.00 -18.00
v -0.00 3176.47 0.00
v 529.41 3176.47 0.00
v 529.41 3705.88 0.00
v -0.00 3705.88 0.00
v -0.00 3176.47 -18.00
v 529.41 3176.47 -18.00
v 529.41 3176.47 0.00
v -0.00 3176.47 0.00
v 529.41 3176.47 -18.00
v 529.41 3705.88 -18.00
v 529.41 3705.88 0.00
v 529.41 3176.47 0.00
v 529.41 3705.88 -18.00
v -0.00 3705.88 -18.00
v -0.00 3705.88 0.00
v 529.41 3705.88 0.00
v 529.41 -7411.77 -18.00
v 1058.82 -7411.77 -18.00
v 1058.82 -7411.77 0.00
v 529.41 -7411.77 0.00
v 1058.82 -7411.77 -18.00
v 1058.82 -6882.35 -18.00
v 1058.82 -6882.35 0.00
v 1058.82 -7411.77 0.00
v 1058.82 -6882.35 -18.00
v 529.41 -6882.35 -18.00
v 529.41 -6882.35 0.00
v 1058.82 -6882.35 0.00
v 529.41 -6882.35 -18.00
v 529.41 -7411.77 -18.00
v 529.41 -7411.77 0.00
v 529.41 -6882.35 0.00
v 529.41 -3176.47 -18.00
v 1058.82 -3176.47 -18.00
v 1058.82 -3705.88 -18.00
v 529.41 -3705.88 -18.00
v 529.41 -3705.88 0.00
v 1058.82 -3705.88 0.00
v 1058.82 -3176.47 0.00
v 529.41 -3176.47 0.00
v 529.41 -3705.88 -18.00
v 1058.82 -3705.88 -18.00
v 1058.82 -3705.88 0.00
v 529.41 -3705.88 0.00
v 1058.82 -3705.88 -18.00
v 1058.82 -3176.47 -18.00
v 1058.82 -3176.47 0.00
v 1058.82 -3705.88 0.00
v 1058.82 -0.00 -18.00
v 529.41 -0.00 -18.00
v 529.41 -0.00 0.00
v 1058.82 -0.00 0.00
v 529.41 -0.00 -18.00
v 529.41 -529.41 -18.00
v 529.41 -529.41 0.00
v 529.41 -0.00 0.00
v 529.41 529.41 -18.00
v 1058.82 529.41 -18.00
v 1058.82 -0.00 -18.00
v 529.41 -0.00 -18.00
v 529.41 -0.00 0.00
v 1058.82 -0.00 0.00
v 1058.82 529.41 0.00
v 529.41 529.41 0.00
v 529.41 3705.88 -18.00
v 1058.82 3705.88 -18.00
v 1058.82 3705.88 0.00
v 529.41 3705.88 0.00
v 1058.82 3705.88 -18.00
v 1058.82 4235.29 -18.00
v 1058.82 4235.29 0.00
v 1058.82 3705.88 0.00
v 1058.82 4235.29 -18.00
v 529.41 4235.29 -18.00
v 529.41 4235.29 0.00
v 1058.82 4235.29 0.00
v 529.41 4235.29 -18.00
v 529.41 3705.88 -18.00
v 529.41 3705.88 0.00
v 529.41 4235.29 0.00
v 529.41 7941.18 -18.00
v 1058.82 7941.18 -18.00
v 1058.82 7411.77 -18.00
v 529.41 7411.77 -18.00
v 529.41 7411.77 0.00
v 1058.82 7411.77 0.00
v 1058.82 7941.18 0.00
v 529.41 7941.18 0.00
v 529.41 7411.77 -18.00
v 1058.82 7411.77 -18.00
v 1058.82 7411.77 0.00
v 529.41 7411.77 0.00
v 1058.82 7411.77 -18.00
v 1058.82 7941.18 -18.00
v 1058.82 7941.18 0.00
v 1058.82 7411.77 0.00
v 1058.82 -6352.94 -18.00
v 1588.23 -6352.94 -18.00
v 1588.23 -6882.35 -18.00
v 1058.82 -6882.35 -18.00
v 1058.82 -6882.35 0.00
v 1588.23 -6882.35 0.00
v 1588.23 -6352.94 0.00
v 1058.82 -6352.94 0.00
v 1588.23 -4764.71 -18.00
v 1058.82 -4764.71 -18.00
v 1058.82 -4764.71 0.00
v 1588.23 -4764.71 0.00
v 1058.82 -4764.71 -18.00
v 1058.82 -5294.12 -18.00
v 1058.82 -5294.12 0.00
v 1058.82 -4764.71 0.00
v 1058.82 -4235.29 -18.00
v 1588.23 -4235.29 -18.00
v 1588.23 -4764.71 -18.00
v 1058.82 -4764.71 -18.00
v 1058.82 -4764.71 0.00
v 1588.23 -4764.71 0.00
v 1588.23 -4235.29 0.00
v 1058.82 -4235.29 0.00
v 1588.23 -529.41 -18.00
v 1588.23 -0.00 -18.00
v 1588.23 -0.00 0.00
v 1588.23 -529.41 0.00
v 1588.23 -0.00 -18.00
v 1058.82 -0.00 -18.00
v 1058.82 -0.00 0.00
v 1588.23 -0.00 0.00
v 1058.82 -0.00 -18.00
v 1058.82 -529.41 -18.00
v 1058.82 -529.41 0.00
v 1058.82 -0.00 0.00
v 1058.82 529.41 -18.00
v 1588.23 529.41 -18.00
v 1588.23 -0.00 -18.00
v 1058.82 -0.00 -18.00
v 1058.82 3705.88 0.00
v 1588.23 3705.88 0.00
v 1588.23 4235.29 0.00
v 1058.82 4235.29 0.00
v 1058.82 3705.88 -18.00
v 1588.23 3705.88 -18.00
v 1588.23 3705.88 0.00
v 1058.82 3705.88 0.00
v 1588.23 3705.88 -18.00
v 1588.23 4235.29 -18.00
v 1588.23 4235.29 0.00
v 1588.23 3705.88 0.00
v 1588.23 4235.29 -18.00
v 1058.82 4235.29 -18.00
v 1058.82 4235.29 0.00
v 1588.23 4235.29 0.00
v 1058.82 6882.35 -18.00
v 1058.82 6352.94 -18.00
v 1058.82 6352.94 0.00
v 1058.82 6882.35 0.00
v 1058.82 7411.77 -18.00
v 1588.23 7411.77 -18.00
v 1588.23 6882.35 -18.00
v 1058.82 6882.35 -18.00
v 1058.82 6882.35 0.00
v 1588.23 6882.35 0.00
v 1588.23 7411.77 0.00
v 1058.82 7411.77 0.00
v 1058.82 6882.35 -18.00
v 1588.23 6882.35 -18.00
v 1588.23 6882.35 0.00
v 1058.82 6882.35 0.00
v 1588.23 -3705.88 0.00
v 2117.65 -3705.88 0.00
v 2117.65 -3176.47 0.00
v 1588.23 -3176.47 0.00
v 1588.23 -3705.88 -18.00
v 2117.65 -3705.88 -18.00
v 2117.65 -3705.88 0.00
v 1588.23 -3705.88 0.00
v 2117.65 -3705.88 -18.00
v 2117.65 -3176.47 -18.00
v 2117.65 -3176.47 0.00
v 2117.65 -3705.88 0.00
v 2117.65 -3176.47 -18.00
v 1588.23 -3176.47 -18.00
v 1588.23 -3176.47 0.00
v 2117.65 -3176.47 0.00
v 1588.23 -0.00 -18.00
v 1588.23 -529.41 -18.00
v 1588.23 -529.41 0.00
v 1588.23 -0.00 0.00
v 1588.23 529.41 -18.00
v 2117.65 529.41 -18.00
v 2117.65 -0.00 -18.00
v 1588.23 -0.00 -18.00
v 1588.23 -0.00 0.00
v 2117.65 -0.00 0.00
v 2117.65 529.41 0.00
v 1588.23 529.41 0.00
v 1588.23 -0.00 -18.00
v 2117.65 -0.00 -18.00
v 2117.65 -0.00 0.00
v 1588.23 -0.00 0.00
v 2117.65 3176.47 -18.00
v 2117.65 3705.88 -18.00
v 2117.65 3705.88 0.00
v 2117.65 3176.47 0.00
v 2117.65 3705.88 -18.00
v 1588.23 3705.88 -18.00
v 1588.23 3705.88 0.00
v 2117.65 3705.88 0.00
v 1588.23 3705.88 -18.00
v 1588.23 3176.47 -18.00
v 1588.23 3176.47 0.00
v 1588.23 3705.88 0.00
v 1588.23 4235.29 -18.00
v 2117.65 4235.29 -18.00
v 2117.65 3705.88 -18.00
v 1588.23 3705.88 -18.00
v 1588.23 6882.35 0.00
v 2117.65 6882.35 0.00
v 2117.65 7411.77 0.00
v 1588.23 7411.77 0.00
v 1588.23 6882.35 -18.00
v 2117.65 6882.35 -18.00
v 2117.65 6882.35 0.00
v 1588.23 6882.35 0.00
v 2117.65 6882.35 -18.00
v 2117.65 7411.77 -18.00
v 2117.65 7411.77 0.00
v 2117.65 6882.35 0.00
v 2117.65 7411.77 -18.00
v 1588.23 7411.77 -18.00
v 1588.23 7411.77 0.00
v 2117.65 7411.77 0.00
v 2647.06 -3176.47 -18.00
v 2647.06 -2647.06 -18.00
v 2647.06 -2647.06 0.00
v 2647.06 -3176.47 0.00
v 2647.06 -2647.06 -18.00
v 2117.65 -2647.06 -18.00
v 2117.65 -2647.06 0.00
v 2647.06 -2647.06 0.00
v 2117.65 -2647.06 -18.00
v 2117.65 -3176.47 -18.00
v 2117.65 -3176.47 0.00
v 2117.65 -2647.06 0.00
v 2117.65 -2117.65 -18.00
v 2647.06 -2117.65 -18.00
v 2647.06 -2647.06 -18.00
v 2117.65 -2647.06 -18.00
v 2117.65 529.41 0.00
v 2647.06 529.41 0.00
v 2647.06 1058.82 0.00
v 2117.65 1058.82 0.00
v 2117.65 529.41 -18.00
v 2647.06 529.41 -18.00
v 2647.06 529.41 0.00
v 2117.65 529.41 0.00
v 2647.06 529.41 -18.00
v 2647.06 1058.82 -18.00
v 2647.06 1058.82 0.00
v 2647.06 529.41 0.00
v 2647.06 1058.82 -18.00
v 2117.65 1058.82 -18.00
v 2117.65 1058.82 0.00
v 2647.06 1058.82 0.00
v 2117.65 3705.88 -18.00
v 2117.65 3176.47 -18.00
v 2117.65 3176.47 0.00
v 2117.65 3705.88 0.00
v 2117.65 4235.29 -18.00
v 2647.06 4235.29 -18.00
v 2647.06 3705.88 -18.00
v 2117.65 3705.88 -18.00
v 2117.65 3705.88 0.00
v 2647.06 3705.88 0.00
v 2647.06 4235.29 0.00
v 2117.65 4235.29 0.00
v 2117.65 3705.88 -18.00
v 2647.06 3705.88 -18.00
v 2647.06 3705.88 0.00
v 2117.65 3705.88 0.00
v 2647.06 6882.35 -18.00
v 2647.06 7411.77 -18.00
v 2647.06 7411.77 0.00
v 2647.06 6882.35 0.00
v 2647.06 7411.77 -18.00
v 2117.65 7411.77 -18.00
v 2117.65 7411.77 0.00
v 2647.06 7411.77 0.00
v 2117.65 7411.77 -18.00
v 2117.65 6882.35 -18.00
v 2117.65 6882.35 0.00
v 2117.65 7411.77 0.00
v 2117.65 7941.18 -18.00
v 2647.06 7941.18 -18.00
v 2647.06 7411.77 -18.00
v 2117.65 7411.77 -18.00
v 2647.06 -7411.77 0.00
v 3176.47 -7411.77 0.00
v 3176.47 -6882.35 0.00
v 2647.06 -6882.35 0.00
v 2647.06 -7411.77 -18.00
v 3176.47 -7411.77 -18.00
v 3176.47 -7411.77 0.00
v 2647.06 -7411.77 0.00
v 3176.47 -7411.77 -18.00
v 3176.47 -6882.35 -18.00
v 3176.47 -6882.35 0.00
v 3176.47 -7411.77 0.00
v 3176.47 -6882.35 -18.00
v 2647.06 -6882.35 -18.00
v 2647.06 -6882.35 0.00
v 3176.47 -6882.35 0.00
v 2647.06 6352.94 -18.00
v 3176.47 6352.94 -18.00
v 3176.47 5823.53 -18.00
v 2647.06 5823.53 -18.00
v 2647.06 5823.53 0.00
v 3176.47 5823.53 0.00
v 3176.47 6352.94 0.00
v 2647.06 6352.94 0.00
v 2647.06 5823.53 -18.00
v 3176.47 5823.53 -18.00
v 3176.47 5823.53 0.00
v 2647.06 5823.53 0.00
v 3176.47 5823.53 -18.00
v 3176.47 6352.94 -18.00
v 3176.47 6352.94 0.00
v 3176.47 5823.53 0.00
v 3176.47 -4764.71 -18.00
v 3705.88 -4764.71 -18.00
v 3705.88 -4764.71 0.00
v 3176.47 -4764.71 0.00
v 3705.88 -4764.71 -18.00
v 3705.88 -4235.29 -18.00
v 3705.88 -4235.29 0.00
v 3705.88 -4764.71 0.00
v 3705.88 -4235.29 -18.00
v 3176.47 -4235.29 -18.00
v 3176.47 -4235.29 0.00
v 3705.88 -4235.29 0.00
v 3176.47 -4235.29 -18.00
v 3176.47 -4764.71 -18.00
v 3176.47 -4764.71 0.00
v 3176.47 -4235.29 0.00
v 3705.88 2647.06 -18.00
v 3176.47 2647.06 -18.00
v 3176.47 2647.06 0.00
v 3705.88 2647.06 0.00
v 3176.47 2647.06 -18.00
v 3176.47 2117.65 -18.00
v 3176.47 2117.65 0.00
v 3176.47 2647.06 0.00
v 3176.47 3176.47 -18.00
v 3705.88 3176.47 -18.00
v 3705.88 2647.06 -18.00
v 3176.47 2647.06 -18.00
v 3176.47 2647.06 0.00
v 3705.88 2647.06 0.00
v 3705.88 3176.47 0.00
v 3176.47 3176.47 0.00
v 3176.47 5823.53 -18.00
v 3705.88 5823.53 -18.00
v 3705.88 5823.53 0.00
v 3176.47 5823.53 0.00
v 3705.88 5823.53 -18.00
v 3705.88 6352.94 -18.00
v 3705.88 6352.94 0.00
v 3705.88 5823.53 0.00
v 3705.88 6352.94 -18.00
v 3176.47 6352.94 -18.00
v 3176.47 6352.94 0.00
v 3705.88 6352.94 0.00
v 3176.47 6352.94 -18.00
v 3176.47 5823.53 -18.00
v 3176.47 5823.53 0.00
v 3176.47 6352.94 0.00
v 3705.88 -7941.18 -18.00
v 4235.29 -7941.18 -18.00
v 4235.29 -8470.59 -18.00
v 3705.88 -8470.59 -18.00
v 3705.88 -8470.59 0.00
v 4235.29 -8470.59 0.00
v 4235.29 -7941.18 0.00
v 3705.88 -7941.18 0.00
v 3705.88 -8470.59 -18.00
v 4235.29 -8470.59 -18.00
v 4235.29 -8470.59 0.00
v 3705.88 -8470.59 0.00
v 4235.29 -8470.59 -18.00
v 4235.29 -7941.18 -18.00
v 4235.29 -7941.18 0.00
v 4235.29 -8470.59 0.00
v 3705.88 -1588.23 -18.00
v 4235.29 -1588.23 -18.00
v 4235.29 -1588.23 0.00
v 3705.88 -1588.23 0.00
v 4235.29 -1588.23 -18.00
v 4235.29 -1058.82 -18.00
v 4235.29 -1058.82 0.00
v 4235.29 -1588.23 0.00
v 4235.29 -1058.82 -18.00
v 3705.88 -1058.82 -18.00
v 3705.88 -1058.82 0.00
v 4235.29 -1058.82 0.00
v 3705.88 -1058.82 -18.00
v 3705.88 -1588.23 -18.00
v 3705.88 -1588.23 0.00
v 3705.88 -1058.82 0.00
v 4235.29 5294.12 -18.00
v 3705.88 5294.12 -18.00
v 3705.88 5294.12 0.00
v 4235.29 5294.12 0.00
v 3705.88 5294.12 -18.00
v 3705.88 4764.71 -18.00
v 3705.88 4764.71 0.00
v 3705.88 5294.12 0.00
v 3705.88 5823.53 -18.00
v 4235.29 5823.53 -18.00
v 4235.29 5294.12 -18.00
v 3705.88 5294.12 -18.00
v 3705.88 5294.12 0.00
v 4235.29 5294.12 0.00
v 4235.29 5823.53 0.00
v 3705.88 5823.53 0.00
v 4235.29 -9000.00 -18.00
v 4764.71 -9000.00 -18.00
v 4764.71 -9000.00 0.00
v 4235.29 -9000.00 0.00
v 4764.71 -9000.00 -18.00
v 4764.71 -8470.59 -18.00
v 4764.71 -8470.59 0.00
v 4764.71 -9000.00 0.00
v 4764.71 -8470.59 -18.00
v 4235.29 -8470.59 -18.00
v 4235.29 -8470.59 0.00
v 4764.71 -8470.59 0.00
v 4235.29 -8470.59 -18.00
v 4235.29 -9000.00 -18.00
v 4235.29 -9000.00 0.00
v 4235.29 -8470.59 0.00
v 4235.29 -4764.71 -18.00
v 4764.71 -4764.71 -18.00
v 4764.71 -5294.12 -18.00
v 4235.29 -5294.12 -18.00
v 4235.29 -5294.12 0.00
v 4764.71 -5294.12 0.00
v 4764.71 -4764.71 0.00
v 4235.29 -4764.71 0.00
v 4235.29 -5294.12 -18.00
v 4764.71 -5294.12 -18.00
v 4764.71 -5294.12 0.00
v 4235.29 -5294.12 0.00
v 4764.71 -5294.12 -18.00
v 4764.71 -4764.71 -18.00
v 4764.71 -4764.71 0.00
v 4764.71 -5294.12 0.00
v 4764.71 -2117.65 -18.00
v 4235.29 -2117.65 -18.00
v 4235.29 -2117.65 0.00
v 4764.71 -2117.65 0.00
v 4235.29 -2117.65 -18.00
v 4235.29 -2647.06 -18.00
v 4235.29 -2647.06 0.00
v 4235.29 -2117.65 0.00
v 4235.29 -1588.23 -18.00
v 4764.71 -1588.23 -18.00
v 4764.71 -2117.65 -18.00
v 4235.29 -2117.65 -18.00
v 4235.29 -2117.65 0.00
v 4764.71 -2117.65 0.00
v 4764.71 -1588.23 0.00
v 4235.29 -1588.23 0.00
v 4235.29 1588.23 -18.00
v 4764.71 1588.23 -18.00
v 4764.71 1588.23 0.00
v 4235.29 1588.23 0.00
v 4764.71 1588.23 -18.00
v 4764.71 2117.65 -18.00
v 4764.71 2117.65 0.00
v 4764.71 1588.23 0.00
v 4764.71 2117.65 -18.00
v 4235.29 2117.65 -18.00
v 4235.29 2117.65 0.00
v 4764.71 2117.65 0.00
v 4235.29 2117.65 -18.00
v 4235.29 1588.23 -18.00
v 4235.29 1588.23 0.00
v 4235.29 2117.65 0.00
v 4764.71 8470.59 -18.00
v 4235.29 8470.59 -18.00
v 4235.29 8470.59 0.00
v 4764.71 8470.59 0.00
v 4235.29 8470.59 -18.00
v 4235.29 7941.18 -18.00
v 4235.29 7941.18 0.00
v 4235.29 8470.59 0.00
v 4235.29 9000.00 -18.00
v 4764.71 9000.00 -18.00
v 4764.71 8470.59 -18.00
v 4235.29 8470.59 -18.00
v 4235.29 8470.59 0.00
v 4764.71 8470.59 0.00
v 4764.71 9000.00 0.00
v 4235.29 9000.00 0.00
v 4764.71 -6352.94 -18.00
v 5294.12 -6352.94 -18.00
v 5294.12 -6352.94 0.00
v 4764.71 -6352.94 0.00
v 5294.12 -6352.94 -18.00
v 5294.12 -5823.53 -18.00
v 5294.12 -5823.53 0.00
v 5294.12 -6352.94 0.00
v 5294.12 -5823.53 -18.00
v 4764.71 -5823.53 -18.00
v 4764.71 -5823.53 0.00
v 5294.12 -5823.53 0.00
v 4764.71 -5823.53 -18.00
v 4764.71 -6352.94 -18.00
v 4764.71 -6352.94 0.00
v 4764.71 -5823.53 0.00
v 4764.71 3705.88 -18.00
v 5294.12 3705.88 -18.00
v 5294.12 3705.88 0.00
v 4764.71 3705.88 0.00
v 5294.12 3705.88 -18.00
v 5294.12 4235.29 -18.00
v 5294.12 4235.29 0.00
v 5294.12 3705.88 0.00
v 5294.12 4235.29 -18.00
v 4764.71 4235.29 -18.00
v 4764.71 4235.29 0.00
v 5294.12 4235.29 0.00
v 4764.71 4235.29 -18.00
v 4764.71 3705.88 -18.00
v 4764.71 3705.88 0.00
v 4764.71 4235.29 0.00
v 5823.53 -8470.59 -18.00
v 5823.53 -7941.18 -18.00
v 5823.53 -7941.18 0.00
v 5823.53 -8470.59 0.00
v 5823.53 -7941.18 -18.00
v 5294.12 -7941.18 -18.00
v 5294.12 -7941.18 0.00
v 5823.53 -7941.18 0.00
v 5294.12 -7941.18 -18.00
v 5294.12 -8470.59 -18.00
v 5294.12 -8470.59 0.00
v 5294.12 -7941.18 0.00
v 5294.12 -7411.77 -18.00
v 5823.53 -7411.77 -18.00
v 5823.53 -7941.18 -18.00
v 5294.12 -7941.18 -18.00
v 5294.12 -4764.71 0.00
v 5823.53 -4764.71 0.00
v 5823.53 -4235.29 0.00
v 5294.12 -4235.29 0.00
v 5294.12 -4764.71 -18.00
v 5823.53 -4764.71 -18.00
v 5823.53 -4764.71 0.00
v 5294.12 -4764.71 0.00
v 5823.53 -4764.71 -18.00
v 5823.53 -4235.29 -18.00
v 5823.53 -4235.29 0.00
v 5823.53 -4764.71 0.00
v 5823.53 -4235.29 -18.00
v 5294.12 -4235.29 -18.00
v 5294.12 -4235.29 0.00
v 5823.53 -4235.29 0.00
v 5294.12 -1058.82 -18.00
v 5294.12 -1588.23 -18.00
v 5294.12 -1588.23 0.00
v 5294.12 -1058.82 0.00
v 5294.12 -529.41 -18.00
v 5823.53 -529.41 -18.00
v 5823.53 -1058.82 -18.00
v 5294.12 -1058.82 -18.00
v 5294.12 -1058.82 0.00
v 5823.53 -1058.82 0.00
v 5823.53 -529.41 0.00
v 5294.12 -529.41 0.00
v 5294.12 -1058.82 -18.00
v 5823.53 -1058.82 -18.00
v 5823.53 -1058.82 0.00
v 5294.12 -1058.82 0.00
v 5823.53 2647.06 -18.00
v 5823.53 3176.47 -18.00
v 5823.53 3176.47 0.00
v 5823.53 2647.06 0.00
v 5823.53 3176.47 -18.00
v 5294.12 3176.47 -18.00
v 5294.12 3176.47 0.00
v 5823.53 3176.47 0.00
v 5294.12 3176.47 -18.00
v 5294.12 2647.06 -18.00
v 5294.12 2647.06 0.00
v 5294.12 3176.47 0.00
v 5294.12 3705.88 -18.00
v 5823.53 3705.88 -18.00
v 5823.53 3176.47 -18.00
v 5294.12 3176.47 -18.00
v 5823.53 -7411.77 -18.00
v 5823.53 -7941.18 -18.00
v 5823.53 -7941.18 0.00
v 5823.53 -7411.77 0.00
v 5823.53 -6882.35 -18.00
v 6352.94 -6882.35 -18.00
v 6352.94 -7411.77 -18.00
v 5823.53 -7411.77 -18.00
v 5823.53 -7411.77 0.00
v 6352.94 -7411.77 0.00
v 6352.94 -6882.35 0.00
v 5823.53 -6882.35 0.00
v 5823.53 -7411.77 -18.00
v 6352.94 -7411.77 -18.00
v 6352.94 -7411.77 0.00
v 5823.53 -7411.77 0.00
v 6352.94 -4235.29 -18.00
v 6352.94 -3705.88 -18.00
v 6352.94 -3705.88 0.00
v 6352.94 -4235.29 0.00
v 6352.94 -3705.88 -18.00
v 5823.53 -3705.88 -18.00
v 5823.53 -3705.88 0.00
v 6352.94 -3705.88 0.00
v 5823.53 -3705.88 -18.00
v 5823.53 -4235.29 -18.00
v 5823.53 -4235.29 0.00
v 5823.53 -3705.88 0.00
v 5823.53 -3176.47 -18.00
v 6352.94 -3176.47 -18.00
v 6352.94 -3705.88 -18.00
v 5823.53 -3705.88 -18.00
v 5823.53 3176.47 -18.00
v 5823.53 2647.06 -18.00
v 5823.53 2647.06 0.00
v 5823.53 3176.47 0.00
v 5823.53 3705.88 -18.00
v 6352.94 3705.88 -18.00
v 6352.94 3176.47 -18.00
v 5823.53 3176.47 -18.00
v 5823.53 3176.47 0.00
v 6352.94 3176.47 0.00
v 6352.94 3705.88 0.00
v 5823.53 3705.88 0.00
v 5823.53 3176.47 -18.00
v 6352.94 3176.47 -18.00
v 6352.94 3176.47 0.00
v 5823.53 3176.47 0.00
v 6352.94 6352.94 -18.00
v 6352.94 6882.35 -18.00
v 6352.94 6882.35 0.00
v 6352.94 6352.94 0.00
v 6352.94 6882.35 -18.00
v 5823.53 6882.35 -18.00
v 5823.53 6882.35 0.00
v 6352.94 6882.35 0.00
v 5823.53 6882.35 -18.00
v 5823.53 6352.94 -18.00
v 5823.53 6352.94 0.00
v 5823.53 6882.35 0.00
v 5823.53 7411.77 -18.00
v 6352.94 7411.77 -18.00
v 6352.94 6882.35 -18.00
v 5823.53 6882.35 -18.00
v 6882.35 -2117.65 -18.00
v 6882.35 -1588.23 -18.00
v 6882.35 -1588.23 0.00
v 6882.35 -2117.65 0.00
v 6882.35 -1588.23 -18.00
v 6352.94 -1588.23 -18.00
v 6352.94 -1588.23 0.00
v 6882.35 -1588.23 0.00
v 6352.94 -1588.23 -18.00
v 6352.94 -2117.65 -18.00
v 6352.94 -2117.65 0.00
v 6352.94 -1588.23 0.00
v 6352.94 -1058.82 -18.00
v 6882.35 -1058.82 -18.00
v 6882.35 -1588.23 -18.00
v 6352.94 -1588.23 -18.00
v 6352.94 1588.23 0.00
v 6882.35 1588.23 0.00
v 6882.35 2117.65 0.00
v 6352.94 2117.65 0.00
v 6352.94 1588.23 -18.00
v 6882.35 1588.23 -18.00
v 6882.35 1588.23 0.00
v 6352.94 1588.23 0.00
v 6882.35 1588.23 -18.00
v 6882.35 2117.65 -18.00
v 6882.35 2117.65 0.00
v 6882.35 1588.23 0.00
v 6882.35 2117.65 -18.00
v 6352.94 2117.65 -18.00
v 6352.94 2117.65 0.00
v 6882.35 2117.65 0.00
v 6882.35 -3705.88 -18.00
v 7411.77 -3705.88 -18.00
v 7411.77 -4235.29 -18.00
v 6882.35 -4235.29 -18.00
v 6882.35 -4235.29 0.00
v 7411.77 -4235.29 0.00
v 7411.77 -3705.88 0.00
v 6882.35 -3705.88 0.00
v 6882.35 -4235.29 -18.00
v 7411.77 -4235.29 -18.00
v 7411.77 -4235.29 0.00
v 6882.35 -4235.29 0.00
v 7411.77 -4235.29 -18.00
v 7411.77 -3705.88 -18.00
v 7411.77 -3705.88 0.00
v 7411.77 -4235.29 0.00
v 7411.77 -1058.82 -18.00
v 6882.35 -1058.82 -18.00
v 6882.35 -1058.82 0.00
v 7411.77 -1058.82 0.00
v 6882.35 -1058.82 -18.00
v 6882.35 -1588.23 -18.00
v 6882.35 -1588.23 0.00
v 6882.35 -1058.82 0.00
v 6882.35 -529.41 -18.00
v 7411.77 -529.41 -18.00
v 7411.77 -1058.82 -18.00
v 6882.35 -1058.82 -18.00
v 6882.35 -1058.82 0.00
v 7411.77 -1058.82 0.00
v 7411.77 -529.41 0.00
v 6882.35 -529.41 0.00
v 6882.35 2117.65 -18.00
v 7411.77 2117.65 -18.00
v 7411.77 2117.65 0.00
v 6882.35 2117.65 0.00
v 7411.77 2117.65 -18.00
v 7411.77 2647.06 -18.00
v 7411.77 2647.06 0.00
v 7411.77 2117.65 0.00
v 7411.77 2647.06 -18.00
v 6882.35 2647.06 -18.00
v 6882.35 2647.06 0.00
v 7411.77 2647.06 0.00
v 6882.35 2647.06 -18.00
v 6882.35 2117.65 -18.00
v 6882.35 2117.65 0.00
v 6882.35 2647.06 0.00
v 6882.35 6352.94 -18.00
v 7411.77 6352.94 -18.00
v 7411.77 5823.53 -18.00
v 6882.35 5823.53 -18.00
v 6882.35 5823.53 0.00
v 7411.77 5823.53 0.00
v 7411.77 6352.94 0.00
v 6882.35 6352.94 0.00
v 6882.35 5823.53 -18.00
v 7411.77 5823.53 -18.00
v 7411.77 5823.53 0.00
v 6882.35 5823.53 0.00
v 7411.77 5823.53 -18.00
v 7411.77 6352.94 -18.00
v 7411.77 6352.94 0.00
v 7411.77 5823.53 0.00
v 7941.18 -8470.59 -18.00
v 7411.77 -8470.59 -18.00
v 7411.77 -8470.59 0.00
v 7941.18 -8470.59 0.00
v 7411.77 -8470.59 -18.00
v 7411.77 -9000.00 -18.00
v 7411.77 -9000.00 0.00
v 7411.77 -8470.59 0.00
v 7411.77 -7941.18 -18.00
v 7941.18 -7941.18 -18.00
v 7941.18 -8470.59 -18.00
v 7411.77 -8470.59 -18.00
v 7411.77 -8470.59 0.00
v 7941.18 -8470.59 0.00
v 7941.18 -7941.18 0.00
v 7411.77 -7941.18 0.00
v 7411.77 -5294.12 -18.00
v 7941.18 -5294.12 -18.00
v 7941.18 -5294.12 0.00
v 7411.77 -5294.12 0.00
v 7941.18 -5294.12 -18.00
v 7941.18 -4764.71 -18.00
v 7941.18 -4764.71 0.00
v 7941.18 -5294.12 0.00
v 7941.18 -4764.71 -18.00
v 7411.77 -4764.71 -18.00
v 7411.77 -4764.71 0.00
v 7941.18 -4764.71 0.00
v 7411.77 -4764.71 -18.00
v 7411.77 -5294.12 -18.00
v 7411.77 -5294.12 0.00
v 7411.77 -4764.71 0.00
v 7941.18 1588.23 -18.00
v 7411.77 1588.23 -18.00
v 7411.77 1588.23 0.00
v 7941.18 1588.23 0.00
v 7411.77 1588.23 -18.00
v 7411.77 1058.82 -18.00
v 7411.77 1058.82 0.00
v 7411.77 1588.23 0.00
v 7411.77 2117.65 -18.00
v 7941.18 2117.65 -18.00
v 7941.18 1588.23 -18.00
v 7411.77 1588.23 -18.00
v 7411.77 1588.23 0.00
v 7941.18 1588.23 0.00
v 7941.18 2117.65 0.00
v 7411.77 2117.65 0.00
v 7411.77 4764.71 -18.00
v 7941.18 4764.71 -18.00
v 7941.18 4764.71 0.00
v 7411.77 4764.71 0.00
v 7941.18 4764.71 -18.00
v 7941.18 5294.12 -18.00
v 7941.18 5294.12 0.00
v 7941.18 4764.71 0.00
v 7941.18 5294.12 -18.00
v 7411.77 5294.12 -18.00
v 7411.77 5294.12 0.00
v 7941.18 5294.12 0.00
v 7411.77 5294.12 -18.00
v 7411.77 4764.71 -18.00
v 7411.77 4764.71 0.00
v 7411.77 5294.12 0.00
v 7941.18 2117.65 -18.00
v 8470.59 2117.65 -18.00
v 8470.59 1588.23 -18.00
v 7941.18 1588.23 -18.00
v 7941.18 1588.23 0.00
v 8470.59 1588.23 0.00
v 8470.59 2117.65 0.00
v 7941.18 2117.65 0.00
v 7941.18 1588.23 -18.00
v 8470.59 1588.23 -18.00
v 8470.59 1588.23 0.00
v 7941.18 1588.23 0.00
v 8470.59 1588.23 -18.00
v 8470.59 2117.65 -18.00
v 8470.59 2117.65 0.00
v 8470.59 1588.23 0.00
v 7941.18 7941.18 -18.00
v 8470.59 7941.18 -18.00
v 8470.59 7941.18 0.00
v 7941.18 7941.18 0.00
v 8470.59 7941.18 -18.00
v 8470.59 8470.59 -18.00
v 8470.59 8470.59 0.00
v 8470.59 7941.18 0.00
v 8470.59 8470.59 -18.00
v 7941.18 8470.59 -18.00
v 7941.18 8470.59 0.00
v 8470.59 8470.59 0.00
v 7941.18 8470.59 -18.00
v 7941.18 7941.18 -18.00
v 7941.18 7941.18 0.00
v 7941.18 8470.59 0.00
v 257.77 -64.44 51.50
v 263.29 -30.35 53.23
v 277.41 -35.56 51.50
v 271.53 -67.01 51.50
v 271.53 -67.01 51.50
v 277.41 -35.56 51.50
v 263.29 -30.35 53.23
v 257.77 -64.44 51.50
v 232.49 28.38 53.90
v 226.82 59.37 51.50
v 240.57 61.98 51.50
v 246.54 30.54 51.50
v 246.54 30.54 51.50
v 240.57 61.98 51.50
v 226.82 59.37 51.50
v 232.49 28.38 53.90
v 266.77 -94.42 17.33
v 258.67 -114.77 17.33
v 258.67 -114.77 44.77
v 266.77 -94.42 44.77
v 258.67 -114.77 17.33
v 267.96 -118.46 17.33
v 267.96 -118.46 44.77
v 258.67 -114.77 44.77
v 275.49 -52.10 14.08
v 277.75 -38.28 14.08
v 287.62 -39.90 14.08
v 285.36 -53.72 14.08
v 286.32 -54.28 30.00
v 288.70 -39.66 30.00
v 277.75 -38.28 31.81
v 276.51 -52.00 34.00
v 268.70 -112.47 16.83
v 273.20 -101.04 16.83
v 270.76 -103.97 34.00
v 266.06 -110.44 34.00
v 273.20 -101.04 16.83
v 263.90 -97.37 16.83
v 263.90 -97.37 33.65
v 270.76 -103.97 34.00
v 263.90 -97.37 16.83
v 259.40 -108.80 16.83
v 259.40 -108.80 33.65
v 263.90 -97.37 33.65
v 259.40 -108.80 16.83
v 268.70 -112.47 16.83
v 266.06 -110.44 34.00
v 259.40 -108.80 33.65
