# Castle & Palace — causeway LOD
mtllib causeway_low.mtl

usemtl mat_rock
v 210.14 -22.00 70.00
v 213.00 -3.30 70.00
v 213.00 -3.30 84.00
v 210.14 -22.00 84.00
v 213.00 -3.30 70.00
v 209.91 15.45 70.00
v 209.91 15.45 84.00
v 213.00 -3.30 84.00
v 209.91 15.45 70.00
v 199.84 32.53 70.00
v 199.84 32.53 84.00
v 209.91 15.45 84.00
v 199.84 32.53 70.00
v 185.02 47.05 70.00
v 185.02 47.05 84.00
v 199.84 32.53 84.00
v 185.02 47.05 70.00
v 168.72 59.69 70.00
v 168.72 59.69 84.00
v 185.02 47.05 84.00
v 181.97 -89.46 70.00
v 191.81 -73.57 70.00
v 191.81 -73.57 84.00
v 181.97 -89.46 84.00
v 191.81 -73.57 70.00
v 198.59 -56.77 70.00
v 198.59 -56.77 84.00
v 191.81 -73.57 84.00
v 198.59 -56.77 70.00
v 204.54 -39.71 70.00
v 204.54 -39.71 84.00
v 198.59 -56.77 84.00
v 204.54 -39.71 70.00
v 210.14 -22.00 70.00
v 210.14 -22.00 84.00
v 204.54 -39.71 84.00
v 246.09 -40.00 56.00
v 249.13 -17.82 56.00
v 249.13 -17.82 70.00
v 246.09 -40.00 70.00
v 249.13 -17.82 56.00
v 246.09 4.55 56.00
v 246.09 4.55 70.00
v 249.13 -17.82 70.00
v 246.09 4.55 56.00
v 234.99 25.11 56.00
v 234.99 25.11 70.00
v 246.09 4.55 70.00
v 234.99 25.11 56.00
v 217.59 42.41 56.00
v 217.59 42.41 70.00
v 234.99 25.11 70.00
v 217.59 42.41 56.00
v 197.79 56.98 56.00
v 197.79 56.98 70.00
v 217.59 42.41 70.00
v 197.79 56.98 56.00
v 178.19 70.52 56.00
v 178.19 70.52 70.00
v 197.79 56.98 70.00
v 176.24 -148.66 56.00
v 196.62 -136.14 56.00
v 196.62 -136.14 70.00
v 176.24 -148.66 70.00
v 196.62 -136.14 56.00
v 214.19 -120.61 56.00
v 214.19 -120.61 70.00
v 196.62 -136.14 70.00
v 214.19 -120.61 56.00
v 226.72 -102.00 56.00
v 226.72 -102.00 70.00
v 214.19 -120.61 70.00
v 226.72 -102.00 56.00
v 234.70 -81.79 56.00
v 234.70 -81.79 70.00
v 226.72 -102.00 70.00
v 234.70 -81.79 56.00
v 240.67 -61.17 56.00
v 240.67 -61.17 70.00
v 234.70 -81.79 70.00
v 240.67 -61.17 56.00
v 246.09 -40.00 56.00
v 246.09 -40.00 70.00
v 240.67 -61.17 70.00
v 267.59 -50.00 42.00
v 271.02 -24.67 42.00
v 271.02 -24.67 56.00
v 267.59 -50.00 56.00
v 271.02 -24.67 42.00
v 268.18 1.03 42.00
v 268.18 1.03 56.00
v 271.02 -24.67 56.00
v 268.18 1.03 42.00
v 256.27 24.88 42.00
v 256.27 24.88 56.00
v 268.18 1.03 56.00
v 256.27 24.88 42.00
v 236.68 44.96 42.00
v 236.68 44.96 56.00
v 256.27 24.88 56.00
v 236.68 44.96 42.00
v 213.72 61.58 42.00
v 213.72 61.58 56.00
v 236.68 44.96 56.00
v 213.72 61.58 42.00
v 190.78 76.72 42.00
v 190.78 76.72 56.00
v 213.72 61.58 56.00
v 190.78 76.72 42.00
v 167.93 91.45 42.00
v 167.93 91.45 56.00
v 190.78 76.72 56.00
v 165.11 -187.82 42.00
v 188.18 -174.24 42.00
v 188.18 -174.24 56.00
v 165.11 -187.82 56.00
v 188.18 -174.24 42.00
v 211.31 -159.85 42.00
v 211.31 -159.85 56.00
v 188.18 -174.24 56.00
v 211.31 -159.85 42.00
v 231.72 -142.32 42.00
v 231.72 -142.32 56.00
v 211.31 -159.85 56.00
v 231.72 -142.32 42.00
v 246.50 -121.19 42.00
v 246.50 -121.19 56.00
v 231.72 -142.32 56.00
v 246.50 -121.19 42.00
v 255.67 -98.00 42.00
v 255.67 -98.00 56.00
v 246.50 -121.19 56.00
v 255.67 -98.00 42.00
v 261.99 -74.25 42.00
v 261.99 -74.25 56.00
v 255.67 -98.00 56.00
v 261.99 -74.25 42.00
v 267.59 -50.00 42.00
v 267.59 -50.00 56.00
v 261.99 -74.25 56.00
v 280.71 -52.00 30.00
v 284.93 -23.23 30.00
v 284.93 -23.23 42.00
v 280.71 -52.00 42.00
v 284.93 -23.23 30.00
v 282.34 6.13 30.00
v 282.34 6.13 42.00
v 284.93 -23.23 42.00
v 282.34 6.13 30.00
v 269.57 33.52 30.00
v 269.57 33.52 42.00
v 282.34 6.13 42.00
v 269.57 33.52 30.00
v 247.92 56.69 30.00
v 247.92 56.69 42.00
v 269.57 33.52 42.00
v 247.92 56.69 30.00
v 222.15 75.85 30.00
v 222.15 75.85 42.00
v 247.92 56.69 42.00
v 222.15 75.85 30.00
v 196.15 93.14 30.00
v 196.15 93.14 42.00
v 222.15 75.85 42.00
v 196.15 93.14 30.00
v 170.17 109.83 30.00
v 170.17 109.83 42.00
v 196.15 93.14 42.00
v 166.96 -209.65 30.00
v 192.62 -193.73 30.00
v 192.62 -193.73 42.00
v 166.96 -209.65 42.00
v 192.62 -193.73 30.00
v 218.26 -177.03 30.00
v 218.26 -177.03 42.00
v 192.62 -193.73 42.00
v 218.26 -177.03 30.00
v 240.88 -156.90 30.00
v 240.88 -156.90 42.00
v 218.26 -177.03 42.00
v 240.88 -156.90 30.00
v 257.25 -132.81 30.00
v 257.25 -132.81 42.00
v 240.88 -156.90 42.00
v 257.25 -132.81 30.00
v 267.36 -106.44 30.00
v 267.36 -106.44 42.00
v 257.25 -132.81 42.00
v 267.36 -106.44 30.00
v 274.35 -79.50 30.00
v 274.35 -79.50 42.00
v 267.36 -106.44 42.00
v 274.35 -79.50 30.00
v 280.71 -52.00 30.00
v 280.71 -52.00 42.00
v 274.35 -79.50 42.00
v 281.56 -46.00 22.00
v 286.77 -14.65 22.00
v 286.77 -14.65 30.00
v 281.56 -46.00 30.00
v 286.77 -14.65 22.00
v 284.35 17.42 22.00
v 284.35 17.42 30.00
v 286.77 -14.65 30.00
v 284.35 17.42 22.00
v 270.83 47.40 22.00
v 270.83 47.40 30.00
v 284.35 17.42 30.00
v 270.83 47.40 22.00
v 247.89 72.92 22.00
v 247.89 72.92 30.00
v 270.83 47.40 30.00
v 247.89 72.92 22.00
v 220.67 94.30 22.00
v 220.67 94.30 30.00
v 247.89 72.92 30.00
v 220.67 94.30 22.00
v 193.02 113.76 22.00
v 193.02 113.76 30.00
v 220.67 94.30 30.00
v 193.02 113.76 22.00
v 164.91 132.27 22.00
v 164.91 132.27 30.00
v 193.02 113.76 30.00
v 188.77 -201.60 22.00
v 215.98 -182.85 22.00
v 215.98 -182.85 30.00
v 188.77 -201.60 30.00
v 215.98 -182.85 22.00
v 239.41 -160.28 22.00
v 239.41 -160.28 30.00
v 215.98 -182.85 30.00
v 239.41 -160.28 22.00
v 255.99 -133.64 22.00
v 257.25 -132.81 30.00
v 239.41 -160.28 30.00
v 255.99 -133.64 22.00
v 266.30 -104.92 22.00
v 266.30 -104.92 30.00
v 257.25 -132.81 30.00
v 266.30 -104.92 22.00
v 274.01 -75.79 22.00
v 274.01 -75.79 30.00
v 266.30 -104.92 30.00
v 274.01 -75.79 22.00
v 281.56 -46.00 22.00
v 281.56 -46.00 30.00
v 274.01 -75.79 30.00
v 281.00 -38.00 12.00
v 286.83 -5.20 12.00
v 286.83 -5.20 22.00
v 281.00 -38.00 22.00
v 286.83 -5.20 12.00
v 284.22 28.33 12.00
v 284.22 28.33 22.00
v 286.83 -5.20 22.00
v 284.22 28.33 12.00
v 269.98 59.60 12.00
v 269.98 59.60 22.00
v 284.22 28.33 22.00
v 269.98 59.60 12.00
v 246.36 86.37 12.00
v 246.36 86.37 22.00
v 269.98 59.60 22.00
v 246.36 86.37 12.00
v 218.69 109.19 12.00
v 218.69 109.19 22.00
v 246.36 86.37 22.00
v 218.69 109.19 12.00
v 190.49 130.22 12.00
v 190.49 130.22 22.00
v 218.69 109.19 22.00
v 190.49 130.22 12.00
v 161.28 149.96 12.00
v 161.28 149.96 22.00
v 190.49 130.22 22.00
v 185.99 -201.78 12.00
v 214.05 -181.76 12.00
v 214.05 -181.76 22.00
v 185.99 -201.78 22.00
v 214.05 -181.76 12.00
v 237.54 -157.53 12.00
v 237.54 -157.53 22.00
v 214.05 -181.76 22.00
v 237.54 -157.53 12.00
v 253.78 -129.28 12.00
v 253.78 -129.28 22.00
v 237.54 -157.53 22.00
v 253.78 -129.28 12.00
v 264.07 -99.27 12.00
v 264.07 -99.27 22.00
v 253.78 -129.28 22.00
v 264.07 -99.27 12.00
v 272.45 -69.03 12.00
v 272.45 -69.03 22.00
v 264.07 -99.27 22.00
v 272.45 -69.03 12.00
v 281.00 -38.00 12.00
v 281.00 -38.00 22.00
v 272.45 -69.03 22.00
v 212.78 -29.95 71.06
v 214.37 -14.76 71.06
v 226.31 -16.01 71.06
v 224.72 -31.20 71.06
v 224.72 -31.20 84.00
v 226.31 -16.01 84.00
v 214.37 -14.76 84.00
v 212.78 -29.95 84.00
v 224.72 -31.20 71.06
v 226.31 -16.01 71.06
v 226.31 -16.01 84.00
v 224.72 -31.20 84.00
v 226.31 -16.01 71.06
v 214.37 -14.76 71.06
v 214.37 -14.76 84.00
v 226.31 -16.01 84.00
v 214.37 -14.76 71.06
v 212.78 -29.95 71.06
v 212.78 -29.95 84.00
v 214.37 -14.76 84.00
v 212.78 -29.95 71.06
v 224.72 -31.20 71.06
v 224.72 -31.20 84.00
v 212.78 -29.95 84.00
v 209.86 3.48 72.30
v 208.11 27.29 72.30
v 220.08 28.17 72.30
v 221.83 4.36 72.30
v 221.83 4.36 84.00
v 220.08 28.17 84.00
v 208.11 27.29 84.00
v 209.86 3.48 84.00
v 221.83 4.36 72.30
v 220.08 28.17 72.30
v 220.08 28.17 84.00
v 221.83 4.36 84.00
v 220.08 28.17 72.30
v 208.11 27.29 72.30
v 208.11 27.29 84.00
v 220.08 28.17 84.00
v 208.11 27.29 72.30
v 209.86 3.48 72.30
v 209.86 3.48 84.00
v 208.11 27.29 84.00
v 209.86 3.48 72.30
v 221.83 4.36 72.30
v 221.83 4.36 84.00
v 209.86 3.48 84.00
v 192.08 38.32 72.98
v 187.06 58.08 72.98
v 198.69 61.04 72.98
v 203.71 41.28 72.98
v 203.71 41.28 84.00
v 198.69 61.04 84.00
v 187.06 58.08 84.00
v 192.08 38.32 84.00
v 203.71 41.28 72.98
v 198.69 61.04 72.98
v 198.69 61.04 84.00
v 203.71 41.28 84.00
v 198.69 61.04 72.98
v 187.06 58.08 72.98
v 187.06 58.08 84.00
v 198.69 61.04 84.00
v 187.06 58.08 72.98
v 192.08 38.32 72.98
v 192.08 38.32 84.00
v 187.06 58.08 84.00
v 192.08 38.32 72.98
v 203.71 41.28 72.98
v 203.71 41.28 84.00
v 192.08 38.32 84.00
v 183.25 -100.70 75.91
v 191.65 -83.62 75.91
v 202.42 -88.91 75.91
v 194.02 -105.99 75.91
v 194.02 -105.99 84.00
v 202.42 -88.91 84.00
v 191.65 -83.62 84.00
v 183.25 -100.70 84.00
v 194.02 -105.99 75.91
v 202.42 -88.91 75.91
v 202.42 -88.91 84.00
v 194.02 -105.99 84.00
v 202.42 -88.91 75.91
v 191.65 -83.62 75.91
v 191.65 -83.62 84.00
v 202.42 -88.91 84.00
v 191.65 -83.62 75.91
v 183.25 -100.70 75.91
v 183.25 -100.70 84.00
v 191.65 -83.62 84.00
v 183.25 -100.70 75.91
v 194.02 -105.99 75.91
v 194.02 -105.99 84.00
v 183.25 -100.70 84.00
v 201.62 -69.25 76.51
v 207.76 -47.77 76.51
v 219.29 -51.07 76.51
v 213.16 -72.54 76.51
v 213.16 -72.54 84.00
v 219.29 -51.07 84.00
v 207.76 -47.77 84.00
v 201.62 -69.25 84.00
v 213.16 -72.54 76.51
v 219.29 -51.07 76.51
v 219.29 -51.07 84.00
v 213.16 -72.54 84.00
v 219.29 -51.07 76.51
v 207.76 -47.77 76.51
v 207.76 -47.77 84.00
v 219.29 -51.07 84.00
v 207.76 -47.77 76.51
v 201.62 -69.25 76.51
v 201.62 -69.25 84.00
v 207.76 -47.77 84.00
v 201.62 -69.25 76.51
v 213.16 -72.54 76.51
v 213.16 -72.54 84.00
v 201.62 -69.25 84.00
v 251.30 -52.36 61.63
v 254.95 -29.93 61.63
v 266.79 -31.85 61.63
v 263.14 -54.29 61.63
v 263.14 -54.29 70.00
v 266.79 -31.85 70.00
v 254.95 -29.93 70.00
v 251.30 -52.36 70.00
v 263.14 -54.29 61.63
v 266.79 -31.85 61.63
v 266.79 -31.85 70.00
v 263.14 -54.29 70.00
v 266.79 -31.85 61.63
v 254.95 -29.93 61.63
v 254.95 -29.93 70.00
v 266.79 -31.85 70.00
v 254.95 -29.93 61.63
v 251.30 -52.36 61.63
v 251.30 -52.36 70.00
v 254.95 -29.93 70.00
v 251.30 -52.36 61.63
v 263.14 -54.29 61.63
v 263.14 -54.29 70.00
v 251.30 -52.36 70.00
v 249.83 -2.79 63.25
v 249.56 12.02 63.25
v 261.55 12.25 63.25
v 261.83 -2.57 63.25
v 261.83 -2.57 70.00
v 261.55 12.25 70.00
v 249.56 12.02 70.00
v 249.83 -2.79 70.00
v 261.83 -2.57 63.25
v 261.55 12.25 63.25
v 261.55 12.25 70.00
v 261.83 -2.57 70.00
v 261.55 12.25 63.25
v 249.56 12.02 63.25
v 249.56 12.02 70.00
v 261.55 12.25 70.00
v 249.56 12.02 63.25
v 249.83 -2.79 63.25
v 249.83 -2.79 70.00
v 249.56 12.02 70.00
v 249.83 -2.79 63.25
v 261.83 -2.57 63.25
v 261.83 -2.57 70.00
v 249.83 -2.79 70.00
v 227.39 34.61 63.81
v 223.74 53.32 63.81
v 235.52 55.62 63.81
v 239.17 36.91 63.81
v 239.17 36.91 70.00
v 235.52 55.62 70.00
v 223.74 53.32 70.00
v 227.39 34.61 70.00
v 239.17 36.91 63.81
v 235.52 55.62 63.81
v 235.52 55.62 70.00
v 239.17 36.91 70.00
v 235.52 55.62 63.81
v 223.74 53.32 63.81
v 223.74 53.32 70.00
v 235.52 55.62 70.00
v 223.74 53.32 63.81
v 227.39 34.61 63.81
v 227.39 34.61 70.00
v 223.74 53.32 70.00
v 227.39 34.61 63.81
v 239.17 36.91 63.81
v 239.17 36.91 70.00
v 227.39 34.61 70.00
v 186.21 62.36 60.80
v 178.46 81.95 60.80
v 189.62 86.36 60.80
v 197.37 66.78 60.80
v 197.37 66.78 70.00
v 189.62 86.36 70.00
v 178.46 81.95 70.00
v 186.21 62.36 70.00
v 197.37 66.78 60.80
v 189.62 86.36 60.80
v 189.62 86.36 70.00
v 197.37 66.78 70.00
v 189.62 86.36 60.80
v 178.46 81.95 60.80
v 178.46 81.95 70.00
v 189.62 86.36 70.00
v 178.46 81.95 60.80
v 186.21 62.36 60.80
v 186.21 62.36 70.00
v 178.46 81.95 70.00
v 186.21 62.36 60.80
v 197.37 66.78 60.80
v 197.37 66.78 70.00
v 186.21 62.36 70.00
v 174.78 -156.88 63.68
v 184.10 -145.83 63.68
v 193.27 -153.57 63.68
v 183.95 -164.62 63.68
v 183.95 -164.62 70.00
v 193.27 -153.57 70.00
v 184.10 -145.83 70.00
v 174.78 -156.88 70.00
v 183.95 -164.62 63.68
v 193.27 -153.57 63.68
v 193.27 -153.57 70.00
v 183.95 -164.62 70.00
v 193.27 -153.57 63.68
v 184.10 -145.83 63.68
v 184.10 -145.83 70.00
v 193.27 -153.57 70.00
v 184.10 -145.83 63.68
v 174.78 -156.88 63.68
v 174.78 -156.88 70.00
v 184.10 -145.83 70.00
v 174.78 -156.88 63.68
v 183.95 -164.62 63.68
v 183.95 -164.62 70.00
v 174.78 -156.88 70.00
v 216.21 -133.54 61.82
v 226.29 -115.63 61.82
v 236.75 -121.52 61.82
v 226.66 -139.43 61.82
v 226.66 -139.43 70.00
v 236.75 -121.52 70.00
v 226.29 -115.63 70.00
v 216.21 -133.54 70.00
v 226.66 -139.43 61.82
v 236.75 -121.52 61.82
v 236.75 -121.52 70.00
v 226.66 -139.43 70.00
v 236.75 -121.52 61.82
v 226.29 -115.63 61.82
v 226.29 -115.63 70.00
v 236.75 -121.52 70.00
v 226.29 -115.63 61.82
v 216.21 -133.54 61.82
v 216.21 -133.54 70.00
v 226.29 -115.63 70.00
v 216.21 -133.54 61.82
v 226.66 -139.43 61.82
v 226.66 -139.43 70.00
v 216.21 -133.54 70.00
v 231.20 -91.53 61.20
v 238.01 -71.99 61.20
v 249.34 -75.94 61.20
v 242.53 -95.48 61.20
v 242.53 -95.48 70.00
v 249.34 -75.94 70.00
v 238.01 -71.99 70.00
v 231.20 -91.53 70.00
v 242.53 -95.48 61.20
v 249.34 -75.94 61.20
v 249.34 -75.94 70.00
v 242.53 -95.48 70.00
v 249.34 -75.94 61.20
v 238.01 -71.99 61.20
v 238.01 -71.99 70.00
v 249.34 -75.94 70.00
v 238.01 -71.99 61.20
v 231.20 -91.53 61.20
v 231.20 -91.53 70.00
v 238.01 -71.99 70.00
v 231.20 -91.53 61.20
v 242.53 -95.48 61.20
v 242.53 -95.48 70.00
v 231.20 -91.53 70.00
v 269.03 -60.90 50.95
v 272.87 -40.35 50.95
v 284.67 -42.56 50.95
v 280.82 -63.11 50.95
v 280.82 -63.11 56.00
v 284.67 -42.56 56.00
v 272.87 -40.35 56.00
v 269.03 -60.90 56.00
v 280.82 -63.11 50.95
v 284.67 -42.56 50.95
v 284.67 -42.56 56.00
v 280.82 -63.11 56.00
v 284.67 -42.56 50.95
v 272.87 -40.35 50.95
v 272.87 -40.35 56.00
v 284.67 -42.56 56.00
v 272.87 -40.35 50.95
v 269.03 -60.90 50.95
v 269.03 -60.90 56.00
v 272.87 -40.35 56.00
v 269.03 -60.90 50.95
v 280.82 -63.11 50.95
v 280.82 -63.11 56.00
v 269.03 -60.90 56.00
v 277.65 -6.94 48.91
v 277.59 9.08 48.91
v 289.59 9.12 48.91
v 289.65 -6.89 48.91
v 289.65 -6.89 56.00
v 289.59 9.12 56.00
v 277.59 9.08 56.00
v 277.65 -6.94 56.00
v 289.65 -6.89 48.91
v 289.59 9.12 48.91
v 289.59 9.12 56.00
v 289.65 -6.89 56.00
v 289.59 9.12 48.91
v 277.59 9.08 48.91
v 277.59 9.08 56.00
v 289.59 9.12 56.00
v 277.59 9.08 48.91
v 277.65 -6.94 48.91
v 277.65 -6.94 56.00
v 277.59 9.08 56.00
v 277.65 -6.94 48.91
v 289.65 -6.89 48.91
v 289.65 -6.89 56.00
v 277.65 -6.94 56.00
v 249.28 40.91 45.31
v 246.92 53.34 45.31
v 258.71 55.59 45.31
v 261.07 43.15 45.31
v 261.07 43.15 56.00
v 258.71 55.59 56.00
v 246.92 53.34 56.00
v 249.28 40.91 56.00
v 261.07 43.15 45.31
v 258.71 55.59 45.31
v 258.71 55.59 56.00
v 261.07 43.15 56.00
v 258.71 55.59 45.31
v 246.92 53.34 45.31
v 246.92 53.34 56.00
v 258.71 55.59 56.00
v 246.92 53.34 45.31
v 249.28 40.91 45.31
v 249.28 40.91 56.00
v 246.92 53.34 56.00
v 249.28 40.91 45.31
v 261.07 43.15 45.31
v 261.07 43.15 56.00
v 249.28 40.91 56.00
v 192.50 69.61 43.56
v 187.09 83.04 43.56
v 198.23 87.52 43.56
v 203.63 74.08 43.56
v 203.63 74.08 56.00
v 198.23 87.52 56.00
v 187.09 83.04 56.00
v 192.50 69.61 56.00
v 203.63 74.08 43.56
v 198.23 87.52 43.56
v 198.23 87.52 56.00
v 203.63 74.08 56.00
v 198.23 87.52 43.56
v 187.09 83.04 43.56
v 187.09 83.04 56.00
v 198.23 87.52 56.00
v 187.09 83.04 43.56
v 192.50 69.61 43.56
v 192.50 69.61 56.00
v 187.09 83.04 56.00
v 192.50 69.61 43.56
v 203.63 74.08 43.56
v 203.63 74.08 56.00
v 192.50 69.61 56.00
v 185.78 -184.03 47.31
v 197.77 -171.09 47.31
v 206.57 -179.24 47.31
v 194.58 -192.19 47.31
v 194.58 -192.19 56.00
v 206.57 -179.24 56.00
v 197.77 -171.09 56.00
v 185.78 -184.03 56.00
v 194.58 -192.19 47.31
v 206.57 -179.24 47.31
v 206.57 -179.24 56.00
v 194.58 -192.19 56.00
v 206.57 -179.24 47.31
v 197.77 -171.09 47.31
v 197.77 -171.09 56.00
v 206.57 -179.24 56.00
v 197.77 -171.09 47.31
v 185.78 -184.03 47.31
v 185.78 -184.03 56.00
v 197.77 -171.09 56.00
v 185.78 -184.03 47.31
v 194.58 -192.19 47.31
v 194.58 -192.19 56.00
v 185.78 -184.03 56.00
v 234.25 -157.09 45.52
v 246.04 -137.90 45.52
v 256.26 -144.18 45.52
v 244.47 -163.37 45.52
v 244.47 -163.37 56.00
v 256.26 -144.18 56.00
v 246.04 -137.90 56.00
v 234.25 -157.09 56.00
v 244.47 -163.37 45.52
v 256.26 -144.18 45.52
v 256.26 -144.18 56.00
v 244.47 -163.37 56.00
v 256.26 -144.18 45.52
v 246.04 -137.90 45.52
v 246.04 -137.90 56.00
v 256.26 -144.18 56.00
v 246.04 -137.90 45.52
v 234.25 -157.09 45.52
v 234.25 -157.09 56.00
v 246.04 -137.90 56.00
v 234.25 -157.09 45.52
v 244.47 -163.37 45.52
v 244.47 -163.37 56.00
v 234.25 -157.09 56.00
v 252.85 -108.95 50.23
v 260.89 -87.96 50.23
v 272.10 -92.26 50.23
v 264.05 -113.24 50.23
v 264.05 -113.24 56.00
v 272.10 -92.26 56.00
v 260.89 -87.96 56.00
v 252.85 -108.95 56.00
v 264.05 -113.24 50.23
v 272.10 -92.26 50.23
v 272.10 -92.26 56.00
v 264.05 -113.24 56.00
v 272.10 -92.26 50.23
v 260.89 -87.96 50.23
v 260.89 -87.96 56.00
v 272.10 -92.26 56.00
v 260.89 -87.96 50.23
v 252.85 -108.95 50.23
v 252.85 -108.95 56.00
v 260.89 -87.96 56.00
v 252.85 -108.95 50.23
v 264.05 -113.24 50.23
v 264.05 -113.24 56.00
v 252.85 -108.95 56.00
v 287.55 -61.99 33.08
v 290.67 -45.12 33.08
v 302.47 -47.31 33.08
v 299.35 -64.18 33.08
v 299.35 -64.18 42.00
v 302.47 -47.31 42.00
v 290.67 -45.12 42.00
v 287.55 -61.99 42.00
v 299.35 -64.18 33.08
v 302.47 -47.31 33.08
v 302.47 -47.31 42.00
v 299.35 -64.18 42.00
v 302.47 -47.31 33.08
v 290.67 -45.12 33.08
v 290.67 -45.12 42.00
v 302.47 -47.31 42.00
v 290.67 -45.12 33.08
v 287.55 -61.99 33.08
v 287.55 -61.99 42.00
v 290.67 -45.12 42.00
v 287.55 -61.99 33.08
v 299.35 -64.18 33.08
v 299.35 -64.18 42.00
v 287.55 -61.99 42.00
v 284.34 -5.33 29.41
v 283.84 17.65 29.41
v 295.84 17.91 29.41
v 296.33 -5.07 29.41
v 296.33 -5.07 42.00
v 295.84 17.91 42.00
v 283.84 17.65 42.00
v 284.34 -5.33 42.00
v 296.33 -5.07 29.41
v 295.84 17.91 29.41
v 295.84 17.91 42.00
v 296.33 -5.07 42.00
v 295.84 17.91 29.41
v 283.84 17.65 29.41
v 283.84 17.65 42.00
v 295.84 17.91 42.00
v 283.84 17.65 29.41
v 284.34 -5.33 29.41
v 284.34 -5.33 42.00
v 283.84 17.65 42.00
v 284.34 -5.33 29.41
v 296.33 -5.07 29.41
v 296.33 -5.07 42.00
v 284.34 -5.33 42.00
v 255.79 45.85 31.47
v 250.29 69.87 31.47
v 261.99 72.55 31.47
v 267.49 48.53 31.47
v 267.49 48.53 42.00
v 261.99 72.55 42.00
v 250.29 69.87 42.00
v 255.79 45.85 42.00
v 267.49 48.53 31.47
v 261.99 72.55 31.47
v 261.99 72.55 42.00
v 267.49 48.53 42.00
v 261.99 72.55 31.47
v 250.29 69.87 31.47
v 250.29 69.87 42.00
v 261.99 72.55 42.00
v 250.29 69.87 31.47
v 255.79 45.85 31.47
v 255.79 45.85 42.00
v 250.29 69.87 42.00
v 255.79 45.85 31.47
v 267.49 48.53 31.47
v 267.49 48.53 42.00
v 255.79 45.85 42.00
v 200.65 88.43 35.25
v 195.34 99.61 35.25
v 206.18 104.75 35.25
v 211.49 93.58 35.25
v 211.49 93.58 42.00
v 206.18 104.75 42.00
v 195.34 99.61 42.00
v 200.65 88.43 42.00
v 211.49 93.58 35.25
v 206.18 104.75 35.25
v 206.18 104.75 42.00
v 211.49 93.58 42.00
v 206.18 104.75 35.25
v 195.34 99.61 35.25
v 195.34 99.61 42.00
v 206.18 104.75 42.00
v 195.34 99.61 35.25
v 200.65 88.43 35.25
v 200.65 88.43 42.00
v 195.34 99.61 42.00
v 200.65 88.43 35.25
v 211.49 93.58 35.25
v 211.49 93.58 42.00
v 200.65 88.43 42.00
v 197.38 -207.62 36.45
v 206.49 -198.57 36.45
v 214.95 -207.08 36.45
v 205.84 -216.13 36.45
v 205.84 -216.13 42.00
v 214.95 -207.08 42.00
v 206.49 -198.57 42.00
v 197.38 -207.62 42.00
v 205.84 -216.13 36.45
v 214.95 -207.08 36.45
v 214.95 -207.08 42.00
v 205.84 -216.13 42.00
v 214.95 -207.08 36.45
v 206.49 -198.57 36.45
v 206.49 -198.57 42.00
v 214.95 -207.08 42.00
v 206.49 -198.57 36.45
v 197.38 -207.62 36.45
v 197.38 -207.62 42.00
v 206.49 -198.57 42.00
v 197.38 -207.62 36.45
v 205.84 -216.13 36.45
v 205.84 -216.13 42.00
v 197.38 -207.62 42.00
v 239.28 -170.27 29.49
v 252.46 -150.03 29.49
v 262.52 -156.59 29.49
v 249.33 -176.82 29.49
v 249.33 -176.82 42.00
v 262.52 -156.59 42.00
v 252.46 -150.03 42.00
v 239.28 -170.27 42.00
v 249.33 -176.82 29.49
v 262.52 -156.59 29.49
v 262.52 -156.59 42.00
v 249.33 -176.82 42.00
v 262.52 -156.59 29.49
v 252.46 -150.03 29.49
v 252.46 -150.03 42.00
v 262.52 -156.59 42.00
v 252.46 -150.03 29.49
v 239.28 -170.27 29.49
v 239.28 -170.27 42.00
v 252.46 -150.03 42.00
v 239.28 -170.27 29.49
v 249.33 -176.82 29.49
v 249.33 -176.82 42.00
v 239.28 -170.27 42.00
v 277.24 -119.58 34.80
v 283.56 -103.69 34.80
v 294.71 -108.12 34.80
v 288.38 -124.02 34.80
v 288.38 -124.02 42.00
v 294.71 -108.12 42.00
v 283.56 -103.69 42.00
v 277.24 -119.58 42.00
v 288.38 -124.02 34.80
v 294.71 -108.12 34.80
v 294.71 -108.12 42.00
v 288.38 -124.02 42.00
v 294.71 -108.12 34.80
v 283.56 -103.69 34.80
v 283.56 -103.69 42.00
v 294.71 -108.12 42.00
v 283.56 -103.69 34.80
v 277.24 -119.58 34.80
v 277.24 -119.58 42.00
v 283.56 -103.69 42.00
v 277.24 -119.58 34.80
v 288.38 -124.02 34.80
v 288.38 -124.02 42.00
v 277.24 -119.58 42.00
v 286.32 -54.28 19.32
v 288.70 -39.66 19.32
v 300.55 -41.60 19.32
v 298.16 -56.22 19.32
v 298.16 -56.22 30.00
v 300.55 -41.60 30.00
v 288.70 -39.66 30.00
v 286.32 -54.28 30.00
v 298.16 -56.22 19.32
v 300.55 -41.60 19.32
v 300.55 -41.60 30.00
v 298.16 -56.22 30.00
v 300.55 -41.60 19.32
v 288.70 -39.66 19.32
v 288.70 -39.66 30.00
v 300.55 -41.60 30.00
v 288.70 -39.66 19.32
v 286.32 -54.28 19.32
v 286.32 -54.28 30.00
v 288.70 -39.66 30.00
v 286.32 -54.28 19.32
v 298.16 -56.22 19.32
v 298.16 -56.22 30.00
v 286.32 -54.28 30.00
v 293.85 10.96 17.90
v 292.99 25.00 17.90
v 304.97 25.73 17.90
v 305.83 11.69 17.90
v 305.83 11.69 30.00
v 304.97 25.73 30.00
v 292.99 25.00 30.00
v 293.85 10.96 30.00
v 305.83 11.69 17.90
v 304.97 25.73 17.90
v 304.97 25.73 30.00
v 305.83 11.69 30.00
v 304.97 25.73 17.90
v 292.99 25.00 17.90
v 292.99 25.00 30.00
v 304.97 25.73 30.00
v 292.99 25.00 17.90
v 293.85 10.96 17.90
v 293.85 10.96 30.00
v 292.99 25.00 30.00
v 293.85 10.96 17.90
v 305.83 11.69 17.90
v 305.83 11.69 30.00
v 293.85 10.96 30.00
v 257.65 68.26 21.84
v 253.58 82.11 21.84
v 265.09 85.50 21.84
v 269.17 71.64 21.84
v 269.17 71.64 30.00
v 265.09 85.50 30.00
v 253.58 82.11 30.00
v 257.65 68.26 30.00
v 269.17 71.64 21.84
v 265.09 85.50 21.84
v 265.09 85.50 30.00
v 269.17 71.64 30.00
v 265.09 85.50 21.84
v 253.58 82.11 21.84
v 253.58 82.11 30.00
v 265.09 85.50 30.00
v 253.58 82.11 21.84
v 257.65 68.26 21.84
v 257.65 68.26 30.00
v 253.58 82.11 30.00
v 257.65 68.26 21.84
v 269.17 71.64 21.84
v 269.17 71.64 30.00
v 257.65 68.26 30.00
v 198.07 108.51 24.50
v 190.87 120.73 24.50
v 201.21 126.83 24.50
v 208.41 114.60 24.50
v 208.41 114.60 30.00
v 201.21 126.83 30.00
v 190.87 120.73 30.00
v 198.07 108.51 30.00
v 208.41 114.60 24.50
v 201.21 126.83 24.50
v 201.21 126.83 30.00
v 208.41 114.60 30.00
v 201.21 126.83 24.50
v 190.87 120.73 24.50
v 190.87 120.73 30.00
v 201.21 126.83 30.00
v 190.87 120.73 24.50
v 198.07 108.51 24.50
v 198.07 108.51 30.00
v 190.87 120.73 30.00
v 198.07 108.51 24.50
v 208.41 114.60 24.50
v 208.41 114.60 30.00
v 198.07 108.51 30.00
v 184.55 -212.34 19.07
v 199.76 -198.09 19.07
v 207.96 -206.85 19.07
v 192.75 -221.10 19.07
v 192.75 -221.10 30.00
v 207.96 -206.85 30.00
v 199.76 -198.09 30.00
v 184.55 -212.34 30.00
v 192.75 -221.10 19.07
v 207.96 -206.85 19.07
v 207.96 -206.85 30.00
v 192.75 -221.10 30.00
v 207.96 -206.85 19.07
v 199.76 -198.09 19.07
v 199.76 -198.09 30.00
v 207.96 -206.85 30.00
v 199.76 -198.09 19.07
v 184.55 -212.34 19.07
v 184.55 -212.34 30.00
v 199.76 -198.09 30.00
v 184.55 -212.34 19.07
v 192.75 -221.10 19.07
v 192.75 -221.10 30.00
v 184.55 -212.34 30.00
v 237.90 -172.99 20.87
v 250.58 -154.06 20.87
v 260.55 -160.73 20.87
v 247.88 -179.66 20.87
v 247.88 -179.66 30.00
v 260.55 -160.73 30.00
v 250.58 -154.06 30.00
v 237.90 -172.99 30.00
v 247.88 -179.66 20.87
v 260.55 -160.73 20.87
v 260.55 -160.73 30.00
v 247.88 -179.66 30.00
v 260.55 -160.73 20.87
v 250.58 -154.06 20.87
v 250.58 -154.06 30.00
v 260.55 -160.73 30.00
v 250.58 -154.06 20.87
v 237.90 -172.99 20.87
v 237.90 -172.99 30.00
v 250.58 -154.06 30.00
v 237.90 -172.99 20.87
v 247.88 -179.66 20.87
v 247.88 -179.66 30.00
v 237.90 -172.99 30.00
v 264.42 -112.20 17.61
v 269.89 -98.32 17.61
v 281.06 -102.72 17.61
v 275.59 -116.60 17.61
v 275.59 -116.60 30.00
v 281.06 -102.72 30.00
v 269.89 -98.32 30.00
v 264.42 -112.20 30.00
v 275.59 -116.60 17.61
v 281.06 -102.72 17.61
v 281.06 -102.72 30.00
v 275.59 -116.60 30.00
v 281.06 -102.72 17.61
v 269.89 -98.32 17.61
v 269.89 -98.32 30.00
v 281.06 -102.72 30.00
v 269.89 -98.32 17.61
v 264.42 -112.20 17.61
v 264.42 -112.20 30.00
v 269.89 -98.32 30.00
v 264.42 -112.20 17.61
v 275.59 -116.60 17.61
v 275.59 -116.60 30.00
v 264.42 -112.20 30.00

usemtl mat_rock_wet
v 276.83 -20.00 -2.00
v 283.13 14.28 -2.00
v 283.13 14.28 12.00
v 276.83 -20.00 12.00
v 283.13 14.28 -2.00
v 279.57 49.11 -2.00
v 279.57 49.11 12.00
v 283.13 14.28 12.00
v 279.57 49.11 -2.00
v 264.08 81.39 -2.00
v 264.08 81.39 12.00
v 279.57 49.11 12.00
v 264.08 81.39 -2.00
v 240.07 109.41 -2.00
v 240.07 109.41 12.00
v 264.08 81.39 12.00
v 240.07 109.41 -2.00
v 212.86 134.20 -2.00
v 212.86 134.20 12.00
v 240.07 109.41 12.00
v 212.86 134.20 -2.00
v 184.82 157.54 -2.00
v 184.82 157.54 12.00
v 212.86 134.20 12.00
v 180.25 -193.00 -2.00
v 208.87 -171.23 -2.00
v 208.87 -171.23 12.00
v 180.25 -193.00 12.00
v 208.87 -171.23 -2.00
v 231.49 -144.67 -2.00
v 231.49 -144.67 12.00
v 208.87 -171.23 12.00
v 231.49 -144.67 -2.00
v 246.55 -114.51 -2.00
v 246.55 -114.51 12.00
v 231.49 -144.67 12.00
v 246.55 -114.51 -2.00
v 256.81 -83.36 -2.00
v 256.81 -83.36 12.00
v 246.55 -114.51 12.00
v 256.81 -83.36 -2.00
v 266.60 -52.23 -2.00
v 266.60 -52.23 12.00
v 256.81 -83.36 12.00
v 266.60 -52.23 -2.00
v 276.83 -20.00 -2.00
v 276.83 -20.00 12.00
v 266.60 -52.23 12.00
v 274.53 -2.00 -30.00
v 280.79 34.26 -30.00
v 280.79 34.26 -2.00
v 274.53 -2.00 -2.00
v 280.79 34.26 -30.00
v 275.93 70.80 -30.00
v 275.93 70.80 -2.00
v 280.79 34.26 -2.00
v 275.93 70.80 -30.00
v 259.23 104.62 -30.00
v 259.23 104.62 -2.00
v 275.93 70.80 -2.00
v 259.23 104.62 -30.00
v 235.12 134.60 -30.00
v 235.12 134.60 -2.00
v 259.23 104.62 -2.00
v 235.12 134.60 -30.00
v 208.43 162.13 -30.00
v 208.43 162.13 -2.00
v 235.12 134.60 -2.00
v 208.43 162.13 -30.00
v 180.18 188.32 -30.00
v 180.18 188.32 -2.00
v 208.43 162.13 -2.00
v 175.54 -187.67 -30.00
v 204.80 -163.40 -30.00
v 204.80 -163.40 -2.00
v 175.54 -187.67 -2.00
v 204.80 -163.40 -30.00
v 226.61 -133.85 -30.00
v 226.61 -133.85 -2.00
v 204.80 -163.40 -2.00
v 226.61 -133.85 -30.00
v 240.80 -101.32 -30.00
v 240.80 -101.32 -2.00
v 226.61 -133.85 -2.00
v 240.80 -101.32 -30.00
v 251.47 -68.58 -30.00
v 251.47 -68.58 -2.00
v 240.80 -101.32 -2.00
v 251.47 -68.58 -30.00
v 262.89 -36.02 -30.00
v 262.89 -36.02 -2.00
v 251.47 -68.58 -2.00
v 262.89 -36.02 -30.00
v 274.53 -2.00 -30.00
v 274.53 -2.00 -2.00
v 262.89 -36.02 -2.00
v 275.91 10.00 -60.00
v 281.86 48.73 -60.00
v 281.86 48.73 -30.00
v 275.91 10.00 -30.00
v 281.86 48.73 -60.00
v 275.89 87.56 -60.00
v 275.89 87.56 -30.00
v 281.86 48.73 -30.00
v 275.89 87.56 -60.00
v 258.30 123.55 -60.00
v 258.30 123.55 -30.00
v 275.89 87.56 -30.00
v 258.30 123.55 -60.00
v 234.06 156.07 -60.00
v 234.06 156.07 -30.00
v 258.30 123.55 -30.00
v 234.06 156.07 -60.00
v 207.48 186.66 -60.00
v 207.48 186.66 -30.00
v 234.06 156.07 -30.00
v 207.48 186.66 -60.00
v 178.50 215.84 -60.00
v 178.50 215.84 -30.00
v 207.48 186.66 -30.00
v 173.86 -191.12 -60.00
v 204.03 -164.04 -60.00
v 204.03 -164.04 -30.00
v 173.86 -191.12 -30.00
v 204.03 -164.04 -60.00
v 225.64 -131.31 -60.00
v 225.64 -131.31 -30.00
v 204.03 -164.04 -30.00
v 225.64 -131.31 -60.00
v 239.58 -96.02 -60.00
v 239.58 -96.02 -30.00
v 225.64 -131.31 -30.00
v 239.58 -96.02 -60.00
v 250.82 -61.08 -60.00
v 250.82 -61.08 -30.00
v 239.58 -96.02 -30.00
v 250.82 -61.08 -60.00
v 263.44 -26.40 -60.00
v 263.44 -26.40 -30.00
v 250.82 -61.08 -30.00
v 263.44 -26.40 -60.00
v 275.91 10.00 -60.00
v 275.91 10.00 -30.00
v 263.44 -26.40 -30.00

usemtl mat_granite
v 281.00 -38.00 22.00
v 286.83 -5.20 22.00
v 282.86 -5.69 22.00
v 277.00 -38.00 22.00
v 286.83 -5.20 37.00
v 281.00 -38.00 37.00
v 277.00 -38.00 37.00
v 282.86 -5.69 37.00
v 277.00 -38.00 22.00
v 282.86 -5.69 22.00
v 282.86 -5.69 37.00
v 277.00 -38.00 37.00
v 286.83 -5.20 22.00
v 284.22 28.33 22.00
v 280.34 27.36 22.00
v 282.86 -5.69 22.00
v 284.22 28.33 37.00
v 286.83 -5.20 37.00
v 282.86 -5.69 37.00
v 280.34 27.36 37.00
v 282.86 -5.69 22.00
v 280.34 27.36 22.00
v 280.34 27.36 37.00
v 282.86 -5.69 37.00
v 284.22 28.33 22.00
v 269.98 59.60 22.00
v 266.26 58.15 22.00
v 280.34 27.36 22.00
v 269.98 59.60 37.00
v 284.22 28.33 37.00
v 280.34 27.36 37.00
v 266.26 58.15 37.00
v 280.34 27.36 22.00
v 266.26 58.15 22.00
v 266.26 58.15 37.00
v 280.34 27.36 37.00
v 269.98 59.60 22.00
v 246.36 86.37 22.00
v 242.85 84.45 22.00
v 266.26 58.15 22.00
v 246.36 86.37 37.00
v 269.98 59.60 37.00
v 266.26 58.15 37.00
v 242.85 84.45 37.00
v 266.26 58.15 22.00
v 242.85 84.45 22.00
v 242.85 84.45 37.00
v 266.26 58.15 37.00
v 246.36 86.37 22.00
v 218.69 109.19 22.00
v 215.47 106.81 22.00
v 242.85 84.45 22.00
v 218.69 109.19 37.00
v 246.36 86.37 37.00
v 242.85 84.45 37.00
v 215.47 106.81 37.00
v 242.85 84.45 22.00
v 215.47 106.81 22.00
v 215.47 106.81 37.00
v 242.85 84.45 37.00
v 218.69 109.19 22.00
v 190.49 130.22 22.00
v 187.64 127.41 22.00
v 215.47 106.81 22.00
v 190.49 130.22 37.00
v 218.69 109.19 37.00
v 215.47 106.81 37.00
v 187.64 127.41 37.00
v 215.47 106.81 22.00
v 187.64 127.41 22.00
v 187.64 127.41 37.00
v 215.47 106.81 37.00
v 185.99 -201.78 22.00
v 214.05 -181.76 22.00
v 210.83 -179.38 22.00
v 183.14 -198.97 22.00
v 214.05 -181.76 37.00
v 185.99 -201.78 37.00
v 183.14 -198.97 37.00
v 210.83 -179.38 37.00
v 183.14 -198.97 22.00
v 210.83 -179.38 22.00
v 210.83 -179.38 37.00
v 183.14 -198.97 37.00
v 214.05 -181.76 22.00
v 237.54 -157.53 22.00
v 234.03 -155.60 22.00
v 210.83 -179.38 22.00
v 237.54 -157.53 37.00
v 214.05 -181.76 37.00
v 210.83 -179.38 37.00
v 234.03 -155.60 37.00
v 210.83 -179.38 22.00
v 234.03 -155.60 22.00
v 234.03 -155.60 37.00
v 210.83 -179.38 37.00
v 237.54 -157.53 22.00
v 253.78 -129.28 22.00
v 250.05 -127.82 22.00
v 234.03 -155.60 22.00
v 253.78 -129.28 37.00
v 237.54 -157.53 37.00
v 234.03 -155.60 37.00
v 250.05 -127.82 37.00
v 234.03 -155.60 22.00
v 250.05 -127.82 22.00
v 250.05 -127.82 37.00
v 234.03 -155.60 37.00
v 253.78 -129.28 22.00
v 264.07 -99.27 22.00
v 260.19 -98.30 22.00
v 250.05 -127.82 22.00
v 264.07 -99.27 37.00
v 253.78 -129.28 37.00
v 250.05 -127.82 37.00
v 260.19 -98.30 37.00
v 250.05 -127.82 22.00
v 260.19 -98.30 22.00
v 260.19 -98.30 37.00
v 250.05 -127.82 37.00
v 264.07 -99.27 22.00
v 272.45 -69.03 22.00
v 268.48 -68.54 22.00
v 260.19 -98.30 22.00
v 272.45 -69.03 37.00
v 264.07 -99.27 37.00
v 260.19 -98.30 37.00
v 268.48 -68.54 37.00
v 260.19 -98.30 22.00
v 268.48 -68.54 22.00
v 268.48 -68.54 37.00
v 260.19 -98.30 37.00
v 272.45 -69.03 22.00
v 281.00 -38.00 22.00
v 277.00 -38.00 22.00
v 268.48 -68.54 22.00
v 281.00 -38.00 37.00
v 272.45 -69.03 37.00
v 268.48 -68.54 37.00
v 277.00 -38.00 37.00
v 268.48 -68.54 22.00
v 277.00 -38.00 22.00
v 277.00 -38.00 37.00
v 268.48 -68.54 37.00
v 279.60 -39.70 37.00
v 279.60 -36.30 37.00
v 282.40 -36.30 37.00
v 282.40 -39.70 37.00
v 282.40 -39.70 38.35
v 282.40 -36.30 38.35
v 279.60 -36.30 38.35
v 279.60 -39.70 38.35
v 282.40 -39.70 37.00
v 282.40 -36.30 37.00
v 282.40 -36.30 38.35
v 282.40 -39.70 38.35
v 282.40 -36.30 37.00
v 279.60 -36.30 37.00
v 279.60 -36.30 38.35
v 282.40 -36.30 38.35
v 279.60 -36.30 37.00
v 279.60 -39.70 37.00
v 279.60 -39.70 38.35
v 279.60 -36.30 38.35
v 279.60 -39.70 37.00
v 282.40 -39.70 37.00
v 282.40 -39.70 38.35
v 279.60 -39.70 38.35
v 283.28 26.34 37.00
v 282.45 29.64 37.00
v 285.17 30.32 37.00
v 284.22 28.33 37.00
v 285.99 27.02 38.35
v 285.17 30.32 38.35
v 282.45 29.64 38.35
v 283.28 26.34 38.35
v 284.22 28.33 37.00
v 285.17 30.32 37.00
v 285.17 30.32 38.35
v 285.99 27.02 38.35
v 285.17 30.32 37.00
v 282.45 29.64 37.00
v 282.45 29.64 38.35
v 285.17 30.32 38.35
v 282.45 29.64 37.00
v 283.28 26.34 37.00
v 283.28 26.34 38.35
v 282.45 29.64 38.35
v 283.28 26.34 37.00
v 284.22 28.33 37.00
v 285.99 27.02 38.35
v 283.28 26.34 38.35
v 245.95 84.21 37.00
v 246.36 86.37 37.00
v 246.77 88.54 37.00
v 248.41 85.56 37.00
v 248.41 85.56 38.35
v 246.77 88.54 38.35
v 244.31 87.19 38.35
v 245.95 84.21 38.35
v 248.41 85.56 37.00
v 246.77 88.54 37.00
v 246.77 88.54 38.35
v 248.41 85.56 38.35
v 246.77 88.54 37.00
v 246.36 86.37 37.00
v 244.31 87.19 38.35
v 246.77 88.54 38.35
v 246.36 86.37 37.00
v 245.95 84.21 37.00
v 245.95 84.21 38.35
v 244.31 87.19 38.35
v 245.95 84.21 37.00
v 248.41 85.56 37.00
v 248.41 85.56 38.35
v 245.95 84.21 38.35
v 190.68 128.02 37.00
v 188.30 130.44 37.00
v 190.29 132.41 37.00
v 192.68 129.99 37.00
v 192.68 129.99 38.35
v 190.29 132.41 38.35
v 188.30 130.44 38.35
v 190.68 128.02 38.35
v 192.68 129.99 37.00
v 190.29 132.41 37.00
v 190.29 132.41 38.35
v 192.68 129.99 38.35
v 190.29 132.41 37.00
v 188.30 130.44 37.00
v 188.30 130.44 38.35
v 190.29 132.41 38.35
v 188.30 130.44 37.00
v 190.68 128.02 37.00
v 190.68 128.02 38.35
v 188.30 130.44 38.35
v 190.68 128.02 37.00
v 192.68 129.99 37.00
v 192.68 129.99 38.35
v 190.68 128.02 38.35
v 183.80 -202.00 37.00
v 186.18 -199.58 37.00
v 188.18 -201.55 37.00
v 185.79 -203.97 37.00
v 185.79 -203.97 38.35
v 188.18 -201.55 38.35
v 186.18 -199.58 38.35
v 183.80 -202.00 38.35
v 185.79 -203.97 37.00
v 188.18 -201.55 37.00
v 188.18 -201.55 38.35
v 185.79 -203.97 38.35
v 188.18 -201.55 37.00
v 186.18 -199.58 37.00
v 186.18 -199.58 38.35
v 188.18 -201.55 38.35
v 186.18 -199.58 37.00
v 183.80 -202.00 37.00
v 183.80 -202.00 38.35
v 186.18 -199.58 38.35
v 183.80 -202.00 37.00
v 185.79 -203.97 37.00
v 185.79 -203.97 38.35
v 183.80 -202.00 38.35
v 237.54 -157.53 37.00
v 237.13 -155.36 37.00
v 239.59 -156.71 37.00
v 237.95 -159.69 37.00
v 237.95 -159.69 38.35
v 239.59 -156.71 38.35
v 237.13 -155.36 38.35
v 235.49 -158.34 38.35
v 237.95 -159.69 37.00
v 239.59 -156.71 37.00
v 239.59 -156.71 38.35
v 237.95 -159.69 38.35
v 239.59 -156.71 37.00
v 237.13 -155.36 37.00
v 237.13 -155.36 38.35
v 239.59 -156.71 38.35
v 237.13 -155.36 37.00
v 237.54 -157.53 37.00
v 235.49 -158.34 38.35
v 237.13 -155.36 38.35
v 237.54 -157.53 37.00
v 237.95 -159.69 37.00
v 237.95 -159.69 38.35
v 235.49 -158.34 38.35
v 262.30 -100.58 37.00
v 263.12 -97.28 37.00
v 265.84 -97.96 37.00
v 265.01 -101.26 37.00
v 265.01 -101.26 38.35
v 265.84 -97.96 38.35
v 263.12 -97.28 38.35
v 262.30 -100.58 38.35
v 265.01 -101.26 37.00
v 265.84 -97.96 37.00
v 265.84 -97.96 38.35
v 265.01 -101.26 38.35
v 265.84 -97.96 37.00
v 263.12 -97.28 37.00
v 263.12 -97.28 38.35
v 265.84 -97.96 38.35
v 263.12 -97.28 37.00
v 262.30 -100.58 37.00
v 262.30 -100.58 38.35
v 263.12 -97.28 38.35
v 262.30 -100.58 37.00
v 265.01 -101.26 37.00
v 265.01 -101.26 38.35
v 262.30 -100.58 38.35
v 287.50 -38.00 16.00
v 286.63 -34.75 16.00
v 286.63 -34.75 46.00
v 287.50 -38.00 46.00
v 286.63 -34.75 16.00
v 284.25 -32.37 16.00
v 284.25 -32.37 46.00
v 286.63 -34.75 46.00
v 284.25 -32.37 16.00
v 281.00 -31.50 16.00
v 281.00 -31.50 46.00
v 284.25 -32.37 46.00
v 281.00 -31.50 16.00
v 277.75 -32.37 16.00
v 277.75 -32.37 46.00
v 281.00 -31.50 46.00
v 277.75 -32.37 16.00
v 275.37 -34.75 16.00
v 275.37 -34.75 46.00
v 277.75 -32.37 46.00
v 275.37 -34.75 16.00
v 274.50 -38.00 16.00
v 274.50 -38.00 46.00
v 275.37 -34.75 46.00
v 274.50 -38.00 16.00
v 275.37 -41.25 16.00
v 275.37 -41.25 46.00
v 274.50 -38.00 46.00
v 275.37 -41.25 16.00
v 277.75 -43.63 16.00
v 277.75 -43.63 46.00
v 275.37 -41.25 46.00
v 277.75 -43.63 16.00
v 281.00 -44.50 16.00
v 281.00 -44.50 46.00
v 277.75 -43.63 46.00
v 281.00 -44.50 16.00
v 284.25 -43.63 16.00
v 284.25 -43.63 46.00
v 281.00 -44.50 46.00
v 284.25 -43.63 16.00
v 286.63 -41.25 16.00
v 286.63 -41.25 46.00
v 284.25 -43.63 46.00
v 286.63 -41.25 16.00
v 287.50 -38.00 16.00
v 287.50 -38.00 46.00
v 286.63 -41.25 46.00
v 287.50 -38.00 46.00
v 286.63 -34.75 46.00
v 284.25 -32.37 46.00
v 281.00 -31.50 46.00
v 277.75 -32.37 46.00
v 275.37 -34.75 46.00
v 274.50 -38.00 46.00
v 275.37 -41.25 46.00
v 277.75 -43.63 46.00
v 281.00 -44.50 46.00
v 284.25 -43.63 46.00
v 286.63 -41.25 46.00
v 285.39 -35.05 42.40
v 286.74 -34.40 42.40
v 287.73 -37.25 42.40
v 287.73 -37.25 42.40
v 286.74 -34.40 42.40
v 285.39 -35.05 42.40
v 283.68 -33.44 42.40
v 284.61 -32.27 42.40
v 285.39 -35.05 42.40
v 285.39 -35.05 42.40
v 284.61 -32.27 42.40
v 283.68 -33.44 42.40
v 281.43 -32.73 42.40
v 283.23 -31.61 42.40
v 283.68 -33.44 42.40
v 283.68 -33.44 42.40
v 283.23 -31.61 42.40
v 281.43 -32.73 42.40
v 279.11 -33.07 42.40
v 278.77 -31.61 42.40
v 281.43 -32.73 42.40
v 281.43 -32.73 42.40
v 278.77 -31.61 42.40
v 279.11 -33.07 42.40
v 276.22 -33.21 42.40
v 278.77 -31.61 42.40
v 279.11 -33.07 42.40
v 279.11 -33.07 42.40
v 278.77 -31.61 42.40
v 276.22 -33.21 42.40
v 275.96 -36.41 42.40
v 274.61 -35.76 42.40
v 276.22 -33.21 42.40
v 276.22 -33.21 42.40
v 274.61 -35.76 42.40
v 275.96 -36.41 42.40
v 275.77 -38.75 42.40
v 274.27 -38.75 42.40
v 274.61 -35.76 42.40
v 275.96 -36.41 42.40
v 275.96 -36.41 42.40
v 274.61 -35.76 42.40
v 274.27 -38.75 42.40
v 275.77 -38.75 42.40
v 275.26 -41.60 42.40
v 274.61 -40.24 42.40
v 275.77 -38.75 42.40
v 275.77 -38.75 42.40
v 274.61 -40.24 42.40
v 275.26 -41.60 42.40
v 277.39 -43.73 42.40
v 276.22 -42.79 42.40
v 275.26 -41.60 42.40
v 275.26 -41.60 42.40
v 276.22 -42.79 42.40
v 277.39 -43.73 42.40
v 280.57 -43.27 42.40
v 280.23 -44.73 42.40
v 278.77 -44.39 42.40
v 277.39 -43.73 42.40
v 277.39 -43.73 42.40
v 278.77 -44.39 42.40
v 280.23 -44.73 42.40
v 280.57 -43.27 42.40
v 282.89 -42.93 42.40
v 281.77 -44.73 42.40
v 280.57 -43.27 42.40
v 280.57 -43.27 42.40
v 281.77 -44.73 42.40
v 282.89 -42.93 42.40
v 284.85 -41.62 42.40
v 284.61 -43.73 42.40
v 282.89 -42.93 42.40
v 282.89 -42.93 42.40
v 284.61 -43.73 42.40
v 284.85 -41.62 42.40
v 286.23 -38.75 42.40
v 286.74 -41.60 42.40
v 284.85 -41.62 42.40
v 284.85 -41.62 42.40
v 286.74 -41.60 42.40
v 286.23 -38.75 42.40
v 286.23 -38.75 42.40
v 286.74 -34.40 42.40
v 287.44 -34.90 46.40
v 288.15 -38.00 46.40
v 286.74 -34.40 42.40
v 284.61 -32.27 42.40
v 285.46 -32.41 46.40
v 287.44 -34.90 46.40
v 284.61 -32.27 42.40
v 283.23 -31.61 42.40
v 282.59 -31.03 46.40
v 285.46 -32.41 46.40
v 283.23 -31.61 42.40
v 281.43 -32.73 42.40
v 279.41 -31.03 46.40
v 282.59 -31.03 46.40
v 281.43 -32.73 42.40
v 276.54 -32.41 44.00
v 276.54 -32.41 46.40
v 279.41 -31.03 46.40
v 276.54 -32.41 44.00
v 274.56 -34.90 44.00
v 274.56 -34.90 46.40
v 276.54 -32.41 46.40
v 274.56 -34.90 44.00
v 274.27 -38.75 42.40
v 273.85 -38.00 46.40
v 274.56 -34.90 46.40
v 274.27 -38.75 42.40
v 274.61 -40.24 42.40
v 274.56 -41.10 46.40
v 273.85 -38.00 46.40
v 274.61 -40.24 42.40
v 276.22 -42.79 42.40
v 276.54 -43.59 46.40
v 274.56 -41.10 46.40
v 276.22 -42.79 42.40
v 280.23 -44.73 42.40
v 279.41 -44.97 46.40
v 276.54 -43.59 46.40
v 280.23 -44.73 42.40
v 281.77 -44.73 42.40
v 282.59 -44.97 46.40
v 279.41 -44.97 46.40
v 281.77 -44.73 42.40
v 284.61 -43.73 42.40
v 285.46 -43.59 46.40
v 282.59 -44.97 46.40
v 284.61 -43.73 42.40
v 286.74 -41.60 42.40
v 287.44 -41.10 46.40
v 285.46 -43.59 46.40
v 286.74 -41.60 42.40
v 286.23 -38.75 42.40
v 288.15 -38.00 46.40
v 287.44 -41.10 46.40
v 289.45 -38.00 48.00
v 288.32 -33.77 48.00
v 281.00 -38.00 60.02
v 288.32 -33.77 48.00
v 285.23 -30.68 48.00
v 281.00 -38.00 60.02
v 285.23 -30.68 48.00
v 281.00 -29.55 48.00
v 281.00 -38.00 60.02
v 281.00 -29.55 48.00
v 276.77 -30.68 48.00
v 281.00 -38.00 60.02
v 276.77 -30.68 48.00
v 274.56 -34.90 46.40
v 281.00 -38.00 60.02
v 274.56 -34.90 46.40
v 272.55 -38.00 48.00
v 281.00 -38.00 60.02
v 272.55 -38.00 48.00
v 273.68 -42.23 48.00
v 281.00 -38.00 60.02
v 273.68 -42.23 48.00
v 276.77 -45.32 48.00
v 281.00 -38.00 60.02
v 276.77 -45.32 48.00
v 281.00 -46.45 48.00
v 281.00 -38.00 60.02
v 281.00 -46.45 48.00
v 285.23 -45.32 48.00
v 281.00 -38.00 60.02
v 285.23 -45.32 48.00
v 288.32 -42.23 48.00
v 281.00 -38.00 60.02
v 288.32 -42.23 48.00
v 289.45 -38.00 48.00
v 281.00 -38.00 60.02
v 227.59 109.19 16.00
v 226.39 113.64 16.00
v 226.39 113.64 46.00
v 227.59 109.19 46.00
v 226.39 113.64 16.00
v 223.13 116.90 16.00
v 223.13 116.90 46.00
v 226.39 113.64 46.00
v 223.13 116.90 16.00
v 218.69 118.09 16.00
v 218.69 118.09 46.00
v 223.13 116.90 46.00
v 218.69 118.09 16.00
v 214.24 116.90 16.00
v 214.24 116.90 46.00
v 218.69 118.09 46.00
v 214.24 116.90 16.00
v 210.98 113.64 16.00
v 210.98 113.64 46.00
v 214.24 116.90 46.00
v 210.98 113.64 16.00
v 209.78 109.19 16.00
v 209.78 109.19 46.00
v 210.98 113.64 46.00
v 209.78 109.19 16.00
v 210.98 104.74 16.00
v 210.98 104.74 46.00
v 209.78 109.19 46.00
v 210.98 104.74 16.00
v 214.24 101.48 16.00
v 214.24 101.48 46.00
v 210.98 104.74 46.00
v 214.24 101.48 16.00
v 218.69 100.29 16.00
v 218.69 100.29 46.00
v 214.24 101.48 46.00
v 218.69 100.29 16.00
v 223.13 101.48 16.00
v 223.13 101.48 46.00
v 218.69 100.29 46.00
v 223.13 101.48 16.00
v 226.39 104.74 16.00
v 226.39 104.74 46.00
v 223.13 101.48 46.00
v 226.39 104.74 16.00
v 227.59 109.19 16.00
v 227.59 109.19 46.00
v 226.39 104.74 46.00
v 227.59 109.19 46.00
v 226.39 113.64 46.00
v 223.13 116.90 46.00
v 218.69 118.09 46.00
v 214.24 116.90 46.00
v 210.98 113.64 46.00
v 209.78 109.19 46.00
v 210.98 104.74 46.00
v 214.24 101.48 46.00
v 218.69 100.29 46.00
v 223.13 101.48 46.00
v 226.39 104.74 46.00
v 226.41 113.75 42.40
v 227.06 112.39 42.40
v 225.71 111.74 42.40
v 225.71 111.74 42.40
v 227.06 112.39 42.40
v 226.41 113.75 42.40
v 223.91 114.54 42.40
v 223.67 116.65 42.40
v 224.84 115.71 42.40
v 223.91 114.54 42.40
v 224.84 115.71 42.40
v 223.67 116.65 42.40
v 219.94 118.07 42.40
v 221.41 117.74 42.40
v 221.07 116.28 42.40
v 221.07 116.28 42.40
v 221.41 117.74 42.40
v 219.94 118.07 42.40
v 214.63 115.47 42.40
v 212.53 115.71 42.40
v 213.70 116.65 42.40
v 214.63 115.47 42.40
v 213.70 116.65 42.40
v 212.53 115.71 42.40
v 211.66 111.74 42.40
v 210.96 113.75 42.40
v 212.31 113.09 42.40
v 212.31 113.09 42.40
v 210.96 113.75 42.40
v 211.66 111.74 42.40
v 212.31 105.29 42.40
v 210.96 104.64 42.40
v 210.31 105.99 42.40
v 211.66 106.64 42.40
v 211.66 106.64 42.40
v 210.31 105.99 42.40
v 210.96 104.64 42.40
v 212.31 105.29 42.40
v 213.70 101.74 42.40
v 212.53 102.67 42.40
v 213.46 103.84 42.40
v 213.46 103.84 42.40
v 212.53 102.67 42.40
v 213.70 101.74 42.40
v 221.07 102.11 42.40
v 221.41 100.64 42.40
v 219.94 100.31 42.40
v 219.61 101.77 42.40
v 219.61 101.77 42.40
v 219.94 100.31 42.40
v 221.41 100.64 42.40
v 221.07 102.11 42.40
v 223.91 103.84 42.40
v 224.84 102.67 42.40
v 222.74 102.91 42.40
v 222.74 102.91 42.40
v 224.84 102.67 42.40
v 223.91 103.84 42.40
v 225.71 106.64 42.40
v 227.06 105.99 42.40
v 225.06 105.29 42.40
v 225.06 105.29 42.40
v 227.06 105.99 42.40
v 225.71 106.64 42.40
v 227.62 108.44 42.40
v 227.06 112.39 42.40
v 227.50 113.44 46.40
v 228.47 109.19 46.40
v 227.06 112.39 42.40
v 224.79 116.84 44.00
v 224.79 116.84 46.40
v 227.50 113.44 46.40
v 224.79 116.84 44.00
v 221.41 117.74 42.40
v 220.86 118.74 46.40
v 224.79 116.84 46.40
v 221.41 117.74 42.40
v 217.76 116.61 42.40
v 216.51 118.74 46.40
v 220.86 118.74 46.40
v 217.76 116.61 42.40
v 212.58 116.84 44.00
v 212.58 116.84 46.40
v 216.51 118.74 46.40
v 212.58 116.84 44.00
v 210.96 113.75 42.40
v 209.86 113.44 46.40
v 212.58 116.84 46.40
v 210.96 113.75 42.40
v 208.90 109.19 44.00
v 208.90 109.19 46.40
v 209.86 113.44 46.40
v 208.90 109.19 44.00
v 210.96 104.64 42.40
v 209.86 104.94 46.40
v 208.90 109.19 46.40
v 210.96 104.64 42.40
v 212.53 102.67 42.40
v 212.58 101.54 46.40
v 209.86 104.94 46.40
v 212.53 102.67 42.40
v 215.97 100.64 42.40
v 216.51 99.65 46.40
v 212.58 101.54 46.40
v 215.97 100.64 42.40
v 221.41 100.64 42.40
v 220.86 99.65 46.40
v 216.51 99.65 46.40
v 221.41 100.64 42.40
v 224.84 102.67 42.40
v 224.79 101.54 46.40
v 220.86 99.65 46.40
v 224.84 102.67 42.40
v 227.50 104.94 44.00
v 227.50 104.94 46.40
v 224.79 101.54 46.40
v 229.84 -157.53 16.00
v 230.87 -161.38 16.00
v 230.87 -161.38 46.00
v 229.84 -157.53 46.00
v 230.87 -161.38 16.00
v 233.69 -164.20 16.00
v 233.69 -164.20 46.00
v 230.87 -161.38 46.00
v 233.69 -164.20 16.00
v 237.54 -165.23 16.00
v 237.54 -165.23 46.00
v 233.69 -164.20 46.00
v 237.54 -165.23 16.00
v 241.39 -164.20 16.00
v 241.39 -164.20 46.00
v 237.54 -165.23 46.00
v 241.39 -164.20 16.00
v 244.21 -161.38 16.00
v 244.21 -161.38 46.00
v 241.39 -164.20 46.00
v 244.21 -161.38 16.00
v 245.24 -157.53 16.00
v 245.24 -157.53 46.00
v 244.21 -161.38 46.00
v 245.24 -157.53 46.00
v 244.21 -153.68 46.00
v 241.39 -150.86 46.00
v 237.54 -149.83 46.00
v 233.69 -150.86 46.00
v 230.87 -153.68 46.00
v 229.84 -157.53 46.00
v 230.87 -161.38 46.00
v 233.69 -164.20 46.00
v 237.54 -165.23 46.00
v 241.39 -164.20 46.00
v 244.21 -161.38 46.00
v 243.57 -155.46 42.40
v 244.27 -153.45 42.40
v 244.92 -154.80 42.40
v 243.57 -155.46 42.40
v 244.92 -154.80 42.40
v 244.27 -153.45 42.40
v 240.90 -152.11 42.40
v 241.84 -150.94 42.40
v 242.08 -153.04 42.40
v 242.08 -153.04 42.40
v 241.84 -150.94 42.40
v 240.90 -152.11 42.40
v 232.07 -151.87 42.40
v 235.07 -150.06 42.40
v 234.18 -152.11 42.40
v 234.18 -152.11 42.40
v 235.07 -150.06 42.40
v 232.07 -151.87 42.40
v 232.16 -154.10 42.40
v 230.16 -154.80 42.40
v 230.81 -153.45 42.40
v 232.16 -154.10 42.40
v 230.81 -153.45 42.40
v 230.16 -154.80 42.40
v 232.16 -160.95 42.40
v 230.81 -161.60 42.40
v 230.16 -160.25 42.40
v 231.51 -159.60 42.40
v 231.51 -159.60 42.40
v 230.16 -160.25 42.40
v 230.81 -161.60 42.40
v 232.16 -160.95 42.40
v 233.24 -164.12 42.40
v 232.07 -163.19 42.40
v 232.16 -160.95 42.40
v 232.16 -160.95 42.40
v 232.07 -163.19 42.40
v 233.24 -164.12 42.40
v 236.86 -163.87 42.40
v 236.53 -165.33 42.40
v 233.24 -164.12 42.40
v 233.24 -164.12 42.40
v 236.53 -165.33 42.40
v 236.86 -163.87 42.40
v 238.22 -163.87 42.40
v 240.01 -165.00 42.40
v 238.55 -165.33 42.40
v 238.22 -163.87 42.40
v 238.55 -165.33 42.40
v 240.01 -165.00 42.40
v 242.08 -162.01 42.40
v 243.01 -163.19 42.40
v 240.01 -165.00 42.40
v 240.01 -165.00 42.40
v 243.01 -163.19 42.40
v 242.08 -162.01 42.40
v 243.57 -159.60 42.40
v 244.92 -160.25 42.40
v 244.27 -161.60 42.40
v 242.08 -162.01 42.40
v 242.08 -162.01 42.40
v 244.27 -161.60 42.40
v 244.92 -160.25 42.40
v 243.57 -159.60 42.40
v 245.37 -158.28 42.40
v 244.27 -153.45 42.40
v 245.17 -153.85 46.40
v 246.01 -157.53 46.40
v 244.27 -153.45 42.40
v 242.82 -150.91 44.00
v 242.82 -150.91 46.40
v 245.17 -153.85 46.40
v 242.82 -150.91 44.00
v 239.43 -149.27 44.00
v 239.43 -149.27 46.40
v 242.82 -150.91 46.40
v 239.43 -149.27 44.00
v 235.66 -149.27 44.00
v 235.66 -149.27 46.40
v 239.43 -149.27 46.40
v 235.66 -149.27 44.00
v 232.26 -150.91 44.00
v 232.26 -150.91 46.40
v 235.66 -149.27 46.40
v 232.26 -150.91 44.00
v 230.81 -153.45 42.40
v 229.91 -153.85 46.40
v 232.26 -150.91 46.40
v 230.81 -153.45 42.40
v 229.71 -156.78 42.40
v 229.07 -157.53 46.40
v 229.91 -153.85 46.40
v 229.71 -156.78 42.40
v 230.81 -161.60 42.40
v 229.91 -161.20 46.40
v 229.07 -157.53 46.40
v 230.81 -161.60 42.40
v 232.07 -163.19 42.40
v 232.26 -164.15 46.40
v 229.91 -161.20 46.40
v 232.07 -163.19 42.40
v 236.53 -165.33 42.40
v 235.66 -165.78 46.40
v 232.26 -164.15 46.40
v 236.53 -165.33 42.40
v 238.55 -165.33 42.40
v 239.43 -165.78 46.40
v 235.66 -165.78 46.40
v 238.55 -165.33 42.40
v 243.01 -163.19 42.40
v 242.82 -164.15 46.40
v 239.43 -165.78 46.40
v 243.01 -163.19 42.40
v 244.27 -161.60 42.40
v 245.17 -161.20 46.40
v 242.82 -164.15 46.40
v 244.27 -161.60 42.40
v 245.37 -158.28 42.40
v 246.01 -157.53 46.40
v 245.17 -161.20 46.40
v 247.55 -157.53 48.00
v 245.17 -153.85 46.40
v 237.54 -157.53 62.24
v 245.17 -153.85 46.40
v 242.54 -148.86 48.00
v 237.54 -157.53 62.24
v 242.54 -148.86 48.00
v 235.66 -149.27 46.40
v 237.54 -157.53 62.24
v 235.66 -149.27 46.40
v 232.53 -148.86 48.00
v 237.54 -157.53 62.24
v 232.53 -148.86 48.00
v 229.91 -153.85 46.40
v 237.54 -157.53 62.24
v 229.91 -153.85 46.40
v 227.53 -157.53 48.00
v 237.54 -157.53 62.24
v 227.53 -157.53 48.00
v 229.91 -161.20 46.40
v 237.54 -157.53 62.24
v 229.91 -161.20 46.40
v 232.53 -166.20 48.00
v 237.54 -157.53 62.24
v 232.53 -166.20 48.00
v 237.54 -167.54 48.00
v 237.54 -157.53 62.24
v 237.54 -167.54 48.00
v 242.54 -166.20 48.00
v 237.54 -157.53 62.24
v 242.54 -166.20 48.00
v 245.17 -161.20 46.40
v 237.54 -157.53 62.24
v 245.17 -161.20 46.40
v 247.55 -157.53 48.00
v 237.54 -157.53 62.24
v 237.94 -157.53 62.24
v 237.54 -157.53 62.24
v 237.34 -157.18 66.25
v 237.94 -157.53 66.25
v 237.54 -157.53 62.24
v 237.94 -157.53 62.24
v 237.94 -157.53 66.25
v 237.34 -157.18 66.25
v 280.71 -52.00 42.00
v 284.93 -23.23 42.00
v 281.56 -23.63 44.00
v 277.31 -52.00 44.00
v 284.93 -23.23 57.00
v 280.71 -52.00 57.00
v 277.31 -52.00 57.00
v 281.56 -23.63 57.00
v 277.31 -52.00 44.00
v 281.56 -23.63 44.00
v 281.56 -23.63 57.00
v 277.31 -52.00 57.00
v 284.93 -23.23 42.00
v 282.34 6.13 42.00
v 279.04 5.31 44.00
v 281.56 -23.63 44.00
v 282.34 6.13 57.00
v 284.93 -23.23 57.00
v 281.56 -23.63 57.00
v 279.04 5.31 57.00
v 281.56 -23.63 44.00
v 279.04 5.31 44.00
v 279.04 5.31 57.00
v 281.56 -23.63 57.00
v 282.34 6.13 42.00
v 269.57 33.52 42.00
v 266.39 32.30 44.00
v 279.04 5.31 44.00
v 269.57 33.52 57.00
v 282.34 6.13 57.00
v 279.04 5.31 57.00
v 266.39 32.30 57.00
v 279.04 5.31 44.00
v 266.39 32.30 44.00
v 266.39 32.30 57.00
v 279.04 5.31 57.00
v 269.57 33.52 42.00
v 247.92 56.69 42.00
v 244.93 55.08 44.00
v 266.39 32.30 44.00
v 247.92 56.69 57.00
v 269.57 33.52 57.00
v 266.39 32.30 57.00
v 244.93 55.08 57.00
v 266.39 32.30 44.00
v 244.93 55.08 44.00
v 244.93 55.08 57.00
v 266.39 32.30 57.00
v 247.92 56.69 42.00
v 222.15 75.85 42.00
v 219.40 73.85 44.00
v 244.93 55.08 44.00
v 222.15 75.85 57.00
v 247.92 56.69 57.00
v 244.93 55.08 57.00
v 219.40 73.85 57.00
v 244.93 55.08 44.00
v 219.40 73.85 44.00
v 219.40 73.85 57.00
v 244.93 55.08 57.00
v 222.15 75.85 42.00
v 196.15 93.14 42.00
v 193.70 90.78 44.00
v 219.40 73.85 44.00
v 196.15 93.14 57.00
v 222.15 75.85 57.00
v 219.40 73.85 57.00
v 193.70 90.78 57.00
v 219.40 73.85 44.00
v 193.70 90.78 44.00
v 193.70 90.78 57.00
v 219.40 73.85 57.00
v 196.15 93.14 42.00
v 170.17 109.83 42.00
v 168.10 107.13 44.00
v 193.70 90.78 44.00
v 170.17 109.83 57.00
v 196.15 93.14 57.00
v 193.70 90.78 57.00
v 168.10 107.13 57.00
v 193.70 90.78 44.00
v 168.10 107.13 44.00
v 168.10 107.13 57.00
v 193.70 90.78 57.00
v 166.96 -209.65 42.00
v 192.62 -193.73 42.00
v 190.18 -191.37 44.00
v 164.89 -206.95 44.00
v 192.62 -193.73 57.00
v 166.96 -209.65 57.00
v 164.89 -206.95 57.00
v 190.18 -191.37 57.00
v 164.89 -206.95 44.00
v 190.18 -191.37 44.00
v 190.18 -191.37 57.00
v 164.89 -206.95 57.00
v 192.62 -193.73 42.00
v 218.26 -177.03 42.00
v 215.51 -175.03 44.00
v 190.18 -191.37 44.00
v 218.26 -177.03 57.00
v 192.62 -193.73 57.00
v 190.18 -191.37 57.00
v 215.51 -175.03 57.00
v 190.18 -191.37 44.00
v 215.51 -175.03 44.00
v 215.51 -175.03 57.00
v 190.18 -191.37 57.00
v 218.26 -177.03 42.00
v 240.88 -156.90 42.00
v 237.88 -155.29 44.00
v 215.51 -175.03 44.00
v 240.88 -156.90 57.00
v 218.26 -177.03 57.00
v 215.51 -175.03 57.00
v 237.88 -155.29 57.00
v 215.51 -175.03 44.00
v 237.88 -155.29 44.00
v 237.88 -155.29 57.00
v 215.51 -175.03 57.00
v 240.88 -156.90 42.00
v 257.25 -132.81 42.00
v 254.08 -131.59 44.00
v 237.88 -155.29 44.00
v 257.25 -132.81 57.00
v 240.88 -156.90 57.00
v 237.88 -155.29 57.00
v 254.08 -131.59 57.00
v 237.88 -155.29 44.00
v 254.08 -131.59 44.00
v 254.08 -131.59 57.00
v 237.88 -155.29 57.00
v 257.25 -132.81 42.00
v 267.36 -106.44 42.00
v 264.06 -105.63 44.00
v 254.08 -131.59 44.00
v 267.36 -106.44 57.00
v 257.25 -132.81 57.00
v 254.08 -131.59 57.00
v 264.06 -105.63 57.00
v 254.08 -131.59 44.00
v 264.06 -105.63 44.00
v 264.06 -105.63 57.00
v 254.08 -131.59 57.00
v 267.36 -106.44 42.00
v 274.35 -79.50 42.00
v 270.97 -79.09 44.00
v 264.06 -105.63 44.00
v 274.35 -79.50 57.00
v 267.36 -106.44 57.00
v 264.06 -105.63 57.00
v 270.97 -79.09 57.00
v 264.06 -105.63 44.00
v 270.97 -79.09 44.00
v 270.97 -79.09 57.00
v 264.06 -105.63 57.00
v 274.35 -79.50 42.00
v 280.71 -52.00 42.00
v 277.31 -52.00 44.00
v 270.97 -79.09 44.00
v 280.71 -52.00 57.00
v 274.35 -79.50 57.00
v 270.97 -79.09 57.00
v 277.31 -52.00 57.00
v 270.97 -79.09 44.00
v 277.31 -52.00 44.00
v 277.31 -52.00 57.00
v 270.97 -79.09 57.00
v 279.31 -53.70 57.00
v 279.31 -50.30 57.00
v 282.11 -50.30 57.00
v 282.11 -53.70 57.00
v 282.11 -53.70 58.35
v 282.11 -50.30 58.35
v 279.31 -50.30 58.35
v 279.31 -53.70 58.35
v 282.11 -53.70 57.00
v 282.11 -50.30 57.00
v 282.11 -50.30 58.35
v 282.11 -53.70 58.35
v 282.11 -50.30 57.00
v 279.31 -50.30 57.00
v 279.31 -50.30 58.35
v 282.11 -50.30 58.35
v 279.31 -50.30 57.00
v 279.31 -53.70 57.00
v 279.31 -53.70 58.35
v 279.31 -50.30 58.35
v 279.31 -53.70 57.00
v 282.11 -53.70 57.00
v 282.11 -53.70 58.35
v 279.31 -53.70 58.35
v 281.39 4.14 57.00
v 280.57 7.44 57.00
v 283.29 8.11 57.00
v 284.11 4.81 57.00
v 284.11 4.81 58.35
v 283.29 8.11 58.35
v 280.57 7.44 58.35
v 281.39 4.14 58.35
v 284.11 4.81 57.00
v 283.29 8.11 57.00
v 283.29 8.11 58.35
v 284.11 4.81 58.35
v 283.29 8.11 57.00
v 280.57 7.44 57.00
v 280.57 7.44 58.35
v 283.29 8.11 58.35
v 280.57 7.44 57.00
v 281.39 4.14 57.00
v 281.39 4.14 58.35
v 280.57 7.44 58.35
v 281.39 4.14 57.00
v 284.11 4.81 57.00
v 284.11 4.81 58.35
v 281.39 4.14 58.35
v 246.92 53.34 56.00
v 245.88 57.53 57.00
v 248.35 58.85 57.00
v 249.96 55.86 57.00
v 249.96 55.86 58.35
v 248.35 58.85 58.35
v 245.88 57.53 58.35
v 247.49 54.53 58.35
v 242.92 -156.07 57.00
v 240.45 -154.74 57.00
v 240.45 -154.74 58.35
v 242.92 -156.07 58.35
v 240.45 -154.74 57.00
v 238.84 -157.74 57.00
v 238.84 -157.74 58.35
v 240.45 -154.74 58.35
v 238.84 -157.74 57.00
v 241.31 -159.06 57.00
v 241.31 -159.06 58.35
v 238.84 -157.74 58.35
v 264.06 -105.63 57.00
v 266.41 -104.46 57.00
v 269.13 -105.13 57.00
v 268.32 -108.43 57.00
v 268.32 -108.43 58.35
v 269.13 -105.13 58.35
v 266.41 -104.46 58.35
v 265.60 -107.76 58.35
v 268.32 -108.43 57.00
v 269.13 -105.13 57.00
v 269.13 -105.13 58.35
v 268.32 -108.43 58.35
v 269.13 -105.13 57.00
v 266.41 -104.46 57.00
v 266.41 -104.46 58.35
v 269.13 -105.13 58.35
v 266.41 -104.46 57.00
v 264.06 -105.63 57.00
v 265.60 -107.76 58.35
v 266.41 -104.46 58.35
v 264.06 -105.63 57.00
v 268.32 -108.43 57.00
v 268.32 -108.43 58.35
v 265.60 -107.76 58.35
v 287.21 -52.00 38.00
v 286.34 -48.75 38.00
v 286.34 -48.75 68.00
v 287.21 -52.00 68.00
v 286.34 -48.75 38.00
v 283.96 -46.37 38.00
v 283.96 -46.37 68.00
v 286.34 -48.75 68.00
v 283.96 -46.37 38.00
v 280.71 -45.50 38.00
v 280.71 -45.50 68.00
v 283.96 -46.37 68.00
v 280.71 -45.50 38.00
v 277.46 -46.37 38.00
v 277.46 -46.37 68.00
v 280.71 -45.50 68.00
v 277.46 -46.37 38.00
v 275.08 -48.75 38.00
v 275.08 -48.75 68.00
v 277.46 -46.37 68.00
v 275.08 -48.75 38.00
v 274.21 -52.00 38.00
v 274.21 -52.00 68.00
v 275.08 -48.75 68.00
v 274.21 -52.00 38.00
v 275.08 -55.25 38.00
v 275.08 -55.25 68.00
v 274.21 -52.00 68.00
v 275.08 -55.25 38.00
v 277.46 -57.63 38.00
v 277.46 -57.63 68.00
v 275.08 -55.25 68.00
v 277.46 -57.63 38.00
v 280.71 -58.50 38.00
v 280.71 -58.50 68.00
v 277.46 -57.63 68.00
v 280.71 -58.50 38.00
v 283.96 -57.63 38.00
v 283.96 -57.63 68.00
v 280.71 -58.50 68.00
v 283.96 -57.63 38.00
v 286.34 -55.25 38.00
v 286.34 -55.25 68.00
v 283.96 -57.63 68.00
v 286.34 -55.25 38.00
v 287.21 -52.00 38.00
v 287.21 -52.00 68.00
v 286.34 -55.25 68.00
v 287.21 -52.00 68.00
v 286.34 -48.75 68.00
v 283.96 -46.37 68.00
v 280.71 -45.50 68.00
v 277.46 -46.37 68.00
v 275.08 -48.75 68.00
v 274.21 -52.00 68.00
v 275.08 -55.25 68.00
v 277.46 -57.63 68.00
v 280.71 -58.50 68.00
v 283.96 -57.63 68.00
v 286.34 -55.25 68.00
v 281.14 -46.73 64.40
v 281.48 -45.27 64.40
v 282.94 -45.61 64.40
v 283.38 -47.44 64.40
v 283.38 -47.44 64.40
v 282.94 -45.61 64.40
v 281.48 -45.27 64.40
v 281.14 -46.73 64.40
v 278.82 -47.07 64.40
v 278.48 -45.61 64.40
v 281.48 -45.27 64.40
v 281.14 -46.73 64.40
v 281.14 -46.73 64.40
v 281.48 -45.27 64.40
v 278.48 -45.61 64.40
v 278.82 -47.07 64.40
v 275.67 -53.59 64.40
v 274.97 -55.60 64.40
v 274.32 -54.24 64.40
v 275.67 -53.59 64.40
v 274.32 -54.24 64.40
v 274.97 -55.60 64.40
v 278.04 -56.56 64.40
v 277.10 -57.73 64.40
v 276.86 -55.62 64.40
v 276.86 -55.62 64.40
v 277.10 -57.73 64.40
v 278.04 -56.56 64.40
v 279.94 -58.73 64.40
v 278.48 -58.39 64.40
v 278.04 -56.56 64.40
v 278.04 -56.56 64.40
v 278.48 -58.39 64.40
v 279.94 -58.73 64.40
v 282.61 -56.93 64.40
v 282.94 -58.39 64.40
v 279.94 -58.73 64.40
v 279.94 -58.73 64.40
v 282.94 -58.39 64.40
v 282.61 -56.93 64.40
v 285.49 -56.79 64.40
v 284.32 -57.73 64.40
v 282.61 -56.93 64.40
v 282.61 -56.93 64.40
v 284.32 -57.73 64.40
v 285.49 -56.79 64.40
v 285.10 -54.95 64.40
v 287.10 -54.24 64.40
v 286.45 -55.60 64.40
v 285.10 -54.95 64.40
v 286.45 -55.60 64.40
v 287.10 -54.24 64.40
v 287.44 -52.75 64.40
v 287.10 -49.76 64.40
v 287.15 -48.90 68.40
v 287.86 -52.00 68.40
v 287.10 -49.76 64.40
v 284.56 -48.38 64.40
v 285.17 -46.41 68.40
v 287.15 -48.90 68.40
v 284.56 -48.38 64.40
v 282.94 -45.61 64.40
v 282.30 -45.03 68.40
v 285.17 -46.41 68.40
v 282.94 -45.61 64.40
v 278.48 -45.61 64.40
v 279.12 -45.03 68.40
v 282.30 -45.03 68.40
v 278.48 -45.61 64.40
v 277.10 -46.27 64.40
v 276.25 -46.41 68.40
v 279.12 -45.03 68.40
v 277.10 -46.27 64.40
v 274.97 -48.40 64.40
v 274.27 -48.90 68.40
v 276.25 -46.41 68.40
v 274.97 -48.40 64.40
v 273.98 -51.25 64.40
v 273.56 -52.00 68.40
v 274.27 -48.90 68.40
v 273.98 -51.25 64.40
v 274.97 -55.60 64.40
v 274.27 -55.10 68.40
v 273.56 -52.00 68.40
v 274.97 -55.60 64.40
v 277.10 -57.73 64.40
v 276.25 -57.59 68.40
v 274.27 -55.10 68.40
v 277.10 -57.73 64.40
v 278.48 -58.39 64.40
v 279.12 -58.97 68.40
v 276.25 -57.59 68.40
v 278.48 -58.39 64.40
v 282.94 -58.39 64.40
v 282.30 -58.97 68.40
v 279.12 -58.97 68.40
v 282.94 -58.39 64.40
v 284.32 -57.73 64.40
v 285.17 -57.59 68.40
v 282.30 -58.97 68.40
v 284.32 -57.73 64.40
v 286.45 -55.60 64.40
v 287.15 -55.10 68.40
v 285.17 -57.59 68.40
v 286.45 -55.60 64.40
v 287.44 -52.75 64.40
v 287.86 -52.00 68.40
v 287.15 -55.10 68.40
v 289.16 -52.00 70.00
v 288.03 -47.77 70.00
v 280.71 -52.00 82.03
v 288.03 -47.77 70.00
v 284.94 -44.68 70.00
v 280.71 -52.00 82.03
v 284.94 -44.68 70.00
v 280.71 -43.55 70.00
v 280.71 -52.00 82.03
v 280.71 -43.55 70.00
v 276.49 -44.68 70.00
v 280.71 -52.00 82.03
v 276.49 -44.68 70.00
v 273.39 -47.77 70.00
v 280.71 -52.00 82.03
v 273.39 -47.77 70.00
v 272.26 -52.00 70.00
v 280.71 -52.00 82.03
v 272.26 -52.00 70.00
v 274.27 -55.10 68.40
v 280.71 -52.00 82.03
v 274.27 -55.10 68.40
v 276.25 -57.59 68.40
v 280.71 -52.00 82.03
v 276.25 -57.59 68.40
v 280.71 -60.45 70.00
v 280.71 -52.00 82.03
v 280.71 -60.45 70.00
v 285.17 -57.59 68.40
v 280.71 -52.00 82.03
v 285.17 -57.59 68.40
v 287.15 -55.10 68.40
v 280.71 -52.00 82.03
v 287.15 -55.10 68.40
v 289.16 -52.00 70.00
v 280.71 -52.00 82.03
v 231.05 75.85 38.00
v 229.86 80.30 38.00
v 229.86 80.30 68.00
v 231.05 75.85 68.00
v 229.86 80.30 38.00
v 226.60 83.56 38.00
v 226.60 83.56 68.00
v 229.86 80.30 68.00
v 226.60 83.56 38.00
v 222.15 84.75 38.00
v 222.15 84.75 68.00
v 226.60 83.56 68.00
v 222.15 84.75 38.00
v 217.70 83.56 38.00
v 217.70 83.56 68.00
v 222.15 84.75 68.00
v 217.70 83.56 38.00
v 214.44 80.30 38.00
v 214.44 80.30 68.00
v 217.70 83.56 68.00
v 214.44 80.30 38.00
v 213.25 75.85 38.00
v 213.25 75.85 68.00
v 214.44 80.30 68.00
v 213.25 75.85 38.00
v 214.44 71.40 38.00
v 214.44 71.40 68.00
v 213.25 75.85 68.00
v 214.44 71.40 38.00
v 217.70 68.14 38.00
v 217.70 68.14 68.00
v 214.44 71.40 68.00
v 217.70 68.14 38.00
v 222.15 66.95 38.00
v 222.15 66.95 68.00
v 217.70 68.14 68.00
v 222.15 66.95 38.00
v 226.60 68.14 38.00
v 226.60 68.14 68.00
v 222.15 66.95 68.00
v 226.60 68.14 38.00
v 229.86 71.40 38.00
v 229.86 71.40 68.00
v 226.60 68.14 68.00
v 229.86 71.40 38.00
v 231.05 75.85 38.00
v 231.05 75.85 68.00
v 229.86 71.40 68.00
v 231.05 75.85 68.00
v 229.86 80.30 68.00
v 226.60 83.56 68.00
v 222.15 84.75 68.00
v 217.70 83.56 68.00
v 214.44 80.30 68.00
v 213.25 75.85 68.00
v 214.44 71.40 68.00
v 217.70 68.14 68.00
v 222.15 66.95 68.00
v 226.60 68.14 68.00
v 229.86 71.40 68.00
v 228.53 79.75 64.40
v 229.88 80.40 64.40
v 229.18 78.40 64.40
v 229.18 78.40 64.40
v 229.88 80.40 64.40
v 228.53 79.75 64.40
v 226.20 82.13 64.40
v 228.31 82.37 64.40
v 228.53 79.75 64.40
v 228.53 79.75 64.40
v 228.31 82.37 64.40
v 226.20 82.13 64.40
v 223.07 83.27 64.40
v 223.41 84.73 64.40
v 224.87 84.39 64.40
v 226.20 82.13 64.40
v 226.20 82.13 64.40
v 224.87 84.39 64.40
v 223.41 84.73 64.40
v 223.07 83.27 64.40
v 219.76 82.93 64.40
v 219.43 84.39 64.40
v 220.89 84.73 64.40
v 221.22 83.27 64.40
v 221.22 83.27 64.40
v 220.89 84.73 64.40
v 219.43 84.39 64.40
v 219.76 82.93 64.40
v 216.93 81.19 64.40
v 217.16 83.30 64.40
v 219.76 82.93 64.40
v 219.76 82.93 64.40
v 217.16 83.30 64.40
v 216.93 81.19 64.40
v 213.77 79.05 64.40
v 214.42 80.40 64.40
v 216.93 81.19 64.40
v 216.93 81.19 64.40
v 214.42 80.40 64.40
v 213.77 79.05 64.40
v 215.77 71.94 64.40
v 214.42 71.29 64.40
v 215.12 73.30 64.40
v 215.12 73.30 64.40
v 214.42 71.29 64.40
v 215.77 71.94 64.40
v 218.10 69.56 64.40
v 215.99 69.33 64.40
v 215.77 71.94 64.40
v 215.77 71.94 64.40
v 215.99 69.33 64.40
v 218.10 69.56 64.40
v 221.22 68.43 64.40
v 220.89 66.97 64.40
v 219.43 67.30 64.40
v 218.10 69.56 64.40
v 218.10 69.56 64.40
v 219.43 67.30 64.40
v 220.89 66.97 64.40
v 221.22 68.43 64.40
v 224.53 68.76 64.40
v 224.87 67.30 64.40
v 223.41 66.97 64.40
v 223.07 68.43 64.40
v 223.07 68.43 64.40
v 223.41 66.97 64.40
v 224.87 67.30 64.40
v 224.53 68.76 64.40
v 227.37 70.50 64.40
v 227.13 68.39 64.40
v 224.53 68.76 64.40
v 224.53 68.76 64.40
v 227.13 68.39 64.40
v 227.37 70.50 64.40
v 230.53 72.64 64.40
v 229.88 71.29 64.40
v 227.37 70.50 64.40
v 227.37 70.50 64.40
v 229.88 71.29 64.40
v 230.53 72.64 64.40
v 231.09 75.10 64.40
v 229.88 80.40 64.40
v 230.97 80.09 68.40
v 231.94 75.85 68.40
v 229.88 80.40 64.40
v 228.31 82.37 64.40
v 228.25 83.50 68.40
v 230.97 80.09 68.40
v 228.31 82.37 64.40
v 223.41 84.73 64.40
v 224.33 85.39 68.40
v 228.25 83.50 68.40
v 223.41 84.73 64.40
v 219.43 84.39 64.40
v 219.97 85.39 68.40
v 224.33 85.39 68.40
v 219.43 84.39 64.40
v 217.16 83.30 64.40
v 216.04 83.50 68.40
v 219.97 85.39 68.40
v 217.16 83.30 64.40
v 213.33 80.09 66.00
v 213.33 80.09 68.40
v 216.04 83.50 68.40
v 213.33 80.09 66.00
v 213.21 76.60 64.40
v 212.36 75.85 68.40
v 213.33 80.09 68.40
v 213.21 76.60 64.40
v 213.33 71.60 66.00
v 213.33 71.60 68.40
v 212.36 75.85 68.40
v 213.33 71.60 66.00
v 216.04 68.19 66.00
v 216.04 68.19 68.40
v 213.33 71.60 68.40
v 216.04 68.19 66.00
v 219.43 67.30 64.40
v 219.97 66.30 68.40
v 216.04 68.19 68.40
v 247.55 -153.05 38.00
v 244.73 -150.23 38.00
v 244.73 -150.23 68.00
v 247.55 -153.05 68.00
v 244.73 -150.23 38.00
v 240.88 -149.20 38.00
v 240.88 -149.20 68.00
v 244.73 -150.23 68.00
v 240.88 -149.20 38.00
v 237.03 -150.23 38.00
v 237.03 -150.23 68.00
v 240.88 -149.20 68.00
v 237.03 -150.23 38.00
v 234.21 -153.05 38.00
v 234.21 -153.05 68.00
v 237.03 -150.23 68.00
v 234.21 -153.05 38.00
v 233.18 -156.90 38.00
v 233.18 -156.90 68.00
v 234.21 -153.05 68.00
v 233.18 -156.90 38.00
v 234.21 -160.75 38.00
v 234.21 -160.75 68.00
v 233.18 -156.90 68.00
v 234.21 -160.75 38.00
v 237.03 -163.57 38.00
v 237.03 -163.57 68.00
v 234.21 -160.75 68.00
v 237.03 -163.57 38.00
v 240.88 -164.60 38.00
v 240.88 -164.60 68.00
v 237.03 -163.57 68.00
v 240.88 -164.60 38.00
v 244.73 -163.57 38.00
v 244.73 -163.57 68.00
v 240.88 -164.60 68.00
v 244.73 -163.57 38.00
v 247.55 -160.75 38.00
v 247.55 -160.75 68.00
v 244.73 -163.57 68.00
v 247.55 -160.75 38.00
v 248.58 -156.90 38.00
v 248.58 -156.90 68.00
v 247.55 -160.75 68.00
v 248.58 -156.90 68.00
v 247.55 -153.05 68.00
v 244.73 -150.23 68.00
v 240.88 -149.20 68.00
v 237.03 -150.23 68.00
v 234.21 -153.05 68.00
v 233.18 -156.90 68.00
v 234.21 -160.75 68.00
v 237.03 -163.57 68.00
v 240.88 -164.60 68.00
v 244.73 -163.57 68.00
v 247.55 -160.75 68.00
v 247.21 -156.15 64.40
v 248.71 -156.15 64.40
v 248.71 -157.65 64.40
v 247.21 -157.65 64.40
v 247.21 -157.65 64.40
v 248.71 -157.65 64.40
v 248.71 -156.15 64.40
v 247.21 -156.15 64.40
v 246.26 -153.48 64.40
v 247.61 -152.83 64.40
v 247.21 -156.15 64.40
v 247.21 -156.15 64.40
v 247.61 -152.83 64.40
v 246.26 -153.48 64.40
v 241.56 -150.56 64.40
v 241.89 -149.10 64.40
v 243.35 -149.43 64.40
v 243.02 -150.90 64.40
v 243.02 -150.90 64.40
v 243.35 -149.43 64.40
v 241.89 -149.10 64.40
v 241.56 -150.56 64.40
v 238.74 -150.90 64.40
v 238.41 -149.43 64.40
v 241.89 -149.10 64.40
v 241.56 -150.56 64.40
v 241.56 -150.56 64.40
v 241.89 -149.10 64.40
v 238.41 -149.43 64.40
v 238.74 -150.90 64.40
v 233.50 -154.18 64.40
v 234.15 -152.83 64.40
v 236.34 -152.42 64.40
v 236.34 -152.42 64.40
v 234.15 -152.83 64.40
v 233.50 -154.18 64.40
v 234.54 -157.65 64.40
v 233.04 -157.65 64.40
v 233.04 -156.15 64.40
v 233.50 -154.18 64.40
v 233.50 -154.18 64.40
v 233.04 -156.15 64.40
v 233.04 -157.65 64.40
v 234.54 -157.65 64.40
v 235.50 -160.33 64.40
v 234.15 -160.98 64.40
v 234.85 -158.97 64.40
v 234.85 -158.97 64.40
v 234.15 -160.98 64.40
v 235.50 -160.33 64.40
v 248.26 -159.63 64.40
v 247.61 -160.98 64.40
v 246.26 -160.33 64.40
v 246.26 -160.33 64.40
v 247.61 -160.98 64.40
v 248.26 -159.63 64.40
v 248.71 -157.65 64.40
v 247.61 -152.83 64.40
v 248.51 -153.23 68.40
v 249.35 -156.90 68.40
v 247.61 -152.83 64.40
v 246.35 -151.25 64.40
v 246.16 -150.28 68.40
v 248.51 -153.23 68.40
v 246.35 -151.25 64.40
v 243.35 -149.43 64.40
v 242.76 -148.65 68.40
v 246.16 -150.28 68.40
v 243.35 -149.43 64.40
v 238.41 -149.43 64.40
v 238.99 -148.65 68.40
v 242.76 -148.65 68.40
v 238.41 -149.43 64.40
v 237.52 -151.48 64.40
v 235.60 -150.28 68.40
v 238.99 -148.65 68.40
v 237.52 -151.48 64.40
v 234.15 -152.83 64.40
v 233.25 -153.23 68.40
v 235.60 -150.28 68.40
v 234.15 -152.83 64.40
v 233.04 -157.65 64.40
v 232.41 -156.90 68.40
v 233.25 -153.23 68.40
v 233.04 -157.65 64.40
v 234.85 -158.97 64.40
v 233.25 -160.58 68.40
v 232.41 -156.90 68.40
v 234.85 -158.97 64.40
v 236.58 -163.50 64.40
v 235.60 -163.53 68.40
v 233.25 -160.58 68.40
v 236.58 -163.50 64.40
v 238.99 -165.16 66.00
v 238.99 -165.16 68.40
v 235.60 -163.53 68.40
v 238.99 -165.16 66.00
v 242.76 -165.16 66.00
v 242.76 -165.16 68.40
v 238.99 -165.16 68.40
v 242.76 -165.16 66.00
v 245.18 -163.50 64.40
v 246.16 -163.53 68.40
v 242.76 -165.16 68.40
v 245.18 -163.50 64.40
v 248.26 -159.63 64.40
v 248.51 -160.58 68.40
v 246.16 -163.53 68.40
v 248.26 -159.63 64.40
v 248.71 -157.65 64.40
v 249.35 -156.90 68.40
v 248.51 -160.58 68.40
v 250.89 -156.90 70.00
v 249.55 -151.90 70.00
v 240.88 -156.90 84.25
v 249.55 -151.90 70.00
v 245.88 -148.23 70.00
v 240.88 -156.90 84.25
v 245.88 -148.23 70.00
v 240.88 -146.89 70.00
v 240.88 -156.90 84.25
v 240.88 -146.89 70.00
v 235.87 -148.23 70.00
v 240.88 -156.90 84.25
v 235.87 -148.23 70.00
v 232.21 -151.90 70.00
v 240.88 -156.90 84.25
v 232.21 -151.90 70.00
v 230.87 -156.90 70.00
v 240.88 -156.90 84.25
v 230.87 -156.90 70.00
v 232.21 -161.91 70.00
v 240.88 -156.90 84.25
v 232.21 -161.91 70.00
v 235.87 -165.57 70.00
v 240.88 -156.90 84.25
v 235.87 -165.57 70.00
v 240.88 -166.91 70.00
v 240.88 -156.90 84.25
v 240.88 -166.91 70.00
v 245.88 -165.57 70.00
v 240.88 -156.90 84.25
v 245.88 -165.57 70.00
v 249.55 -161.91 70.00
v 240.88 -156.90 84.25
v 249.55 -161.91 70.00
v 250.89 -156.90 70.00
v 240.88 -156.90 84.25
v 246.09 -40.00 70.00
v 249.13 -17.82 70.00
v 246.35 -18.16 70.00
v 243.29 -40.00 70.00
v 249.13 -17.82 81.00
v 246.09 -40.00 81.00
v 243.29 -40.00 81.00
v 246.35 -18.16 81.00
v 243.29 -40.00 70.00
v 246.35 -18.16 70.00
v 246.35 -18.16 81.00
v 243.29 -40.00 81.00
v 249.13 -17.82 70.00
v 246.09 4.55 70.00
v 243.37 3.89 70.00
v 246.35 -18.16 70.00
v 246.09 4.55 81.00
v 249.13 -17.82 81.00
v 246.35 -18.16 81.00
v 243.37 3.89 81.00
v 246.35 -18.16 70.00
v 243.37 3.89 70.00
v 243.37 3.89 81.00
v 246.35 -18.16 81.00
v 246.09 4.55 70.00
v 234.99 25.11 70.00
v 232.37 24.12 70.00
v 243.37 3.89 70.00
v 234.99 25.11 81.00
v 246.09 4.55 81.00
v 243.37 3.89 81.00
v 232.37 24.12 81.00
v 243.37 3.89 70.00
v 232.37 24.12 70.00
v 232.37 24.12 81.00
v 243.37 3.89 81.00
v 234.99 25.11 70.00
v 217.59 42.41 70.00
v 215.11 41.10 70.00
v 232.37 24.12 70.00
v 217.59 42.41 81.00
v 234.99 25.11 81.00
v 232.37 24.12 81.00
v 215.11 41.10 81.00
v 232.37 24.12 70.00
v 215.11 41.10 70.00
v 215.11 41.10 81.00
v 232.37 24.12 81.00
v 217.59 42.41 70.00
v 197.79 56.98 70.00
v 195.52 55.35 70.00
v 215.11 41.10 70.00
v 197.79 56.98 81.00
v 217.59 42.41 81.00
v 215.11 41.10 81.00
v 195.52 55.35 81.00
v 215.11 41.10 70.00
v 195.52 55.35 70.00
v 195.52 55.35 81.00
v 215.11 41.10 81.00
v 197.79 56.98 70.00
v 178.19 70.52 70.00
v 176.16 68.58 70.00
v 195.52 55.35 70.00
v 178.19 70.52 81.00
v 197.79 56.98 81.00
v 195.52 55.35 81.00
v 176.16 68.58 81.00
v 195.52 55.35 70.00
v 176.16 68.58 70.00
v 176.16 68.58 81.00
v 195.52 55.35 81.00
v 176.24 -148.66 70.00
v 196.62 -136.14 70.00
v 194.34 -134.51 70.00
v 174.21 -146.73 70.00
v 196.62 -136.14 81.00
v 176.24 -148.66 81.00
v 174.21 -146.73 81.00
v 194.34 -134.51 81.00
v 174.21 -146.73 70.00
v 194.34 -134.51 70.00
v 194.34 -134.51 81.00
v 174.21 -146.73 81.00
v 196.62 -136.14 70.00
v 214.19 -120.61 70.00
v 211.72 -119.30 70.00
v 194.34 -134.51 70.00
v 214.19 -120.61 81.00
v 196.62 -136.14 81.00
v 194.34 -134.51 81.00
v 211.72 -119.30 81.00
v 194.34 -134.51 70.00
v 211.72 -119.30 70.00
v 211.72 -119.30 81.00
v 194.34 -134.51 81.00
v 214.19 -120.61 70.00
v 226.72 -102.00 70.00
v 224.10 -101.01 70.00
v 211.72 -119.30 70.00
v 226.72 -102.00 81.00
v 214.19 -120.61 81.00
v 211.72 -119.30 81.00
v 224.10 -101.01 81.00
v 211.72 -119.30 70.00
v 224.10 -101.01 70.00
v 224.10 -101.01 81.00
v 211.72 -119.30 81.00
v 226.72 -102.00 70.00
v 234.70 -81.79 70.00
v 231.98 -81.13 70.00
v 224.10 -101.01 70.00
v 234.70 -81.79 81.00
v 226.72 -102.00 81.00
v 224.10 -101.01 81.00
v 231.98 -81.13 81.00
v 224.10 -101.01 70.00
v 231.98 -81.13 70.00
v 231.98 -81.13 81.00
v 224.10 -101.01 81.00
v 234.70 -81.79 70.00
v 240.67 -61.17 70.00
v 237.89 -60.84 70.00
v 231.98 -81.13 70.00
v 240.67 -61.17 81.00
v 234.70 -81.79 81.00
v 231.98 -81.13 81.00
v 237.89 -60.84 81.00
v 231.98 -81.13 70.00
v 237.89 -60.84 70.00
v 237.89 -60.84 81.00
v 231.98 -81.13 81.00
v 240.67 -61.17 70.00
v 246.09 -40.00 70.00
v 243.29 -40.00 70.00
v 237.89 -60.84 70.00
v 246.09 -40.00 81.00
v 240.67 -61.17 81.00
v 237.89 -60.84 81.00
v 243.29 -40.00 81.00
v 237.89 -60.84 70.00
v 243.29 -40.00 70.00
v 243.29 -40.00 81.00
v 237.89 -60.84 81.00
v 246.09 -40.00 81.00
v 244.69 -38.30 81.00
v 247.49 -38.30 81.00
v 247.49 -41.70 81.00
v 247.49 -41.70 82.35
v 247.49 -38.30 82.35
v 244.69 -38.30 82.35
v 244.69 -41.70 82.35
v 247.49 -41.70 81.00
v 247.49 -38.30 81.00
v 247.49 -38.30 82.35
v 247.49 -41.70 82.35
v 247.49 -38.30 81.00
v 244.69 -38.30 81.00
v 244.69 -38.30 82.35
v 247.49 -38.30 82.35
v 244.69 -38.30 81.00
v 246.09 -40.00 81.00
v 244.69 -41.70 82.35
v 244.69 -38.30 82.35
v 246.09 -40.00 81.00
v 247.49 -41.70 81.00
v 247.49 -41.70 82.35
v 244.69 -41.70 82.35
v 245.13 2.57 81.00
v 246.09 4.55 81.00
v 247.05 6.53 81.00
v 247.85 3.23 81.00
v 247.85 3.23 82.35
v 247.05 6.53 82.35
v 244.33 5.87 82.35
v 245.13 2.57 82.35
v 247.85 3.23 81.00
v 247.05 6.53 81.00
v 247.05 6.53 82.35
v 247.85 3.23 82.35
v 247.05 6.53 81.00
v 246.09 4.55 81.00
v 244.33 5.87 82.35
v 247.05 6.53 82.35
v 246.09 4.55 81.00
v 245.13 2.57 81.00
v 245.13 2.57 82.35
v 244.33 5.87 82.35
v 245.13 2.57 81.00
v 247.85 3.23 81.00
v 247.85 3.23 82.35
v 245.13 2.57 82.35
v 217.15 40.25 81.00
v 215.56 43.26 81.00
v 218.03 44.57 81.00
v 219.62 41.56 81.00
v 219.62 41.56 82.35
v 218.03 44.57 82.35
v 215.56 43.26 82.35
v 217.15 40.25 82.35
v 219.62 41.56 81.00
v 218.03 44.57 81.00
v 218.03 44.57 82.35
v 219.62 41.56 82.35
v 218.03 44.57 81.00
v 215.56 43.26 81.00
v 215.56 43.26 82.35
v 218.03 44.57 82.35
v 215.56 43.26 81.00
v 217.15 40.25 81.00
v 217.15 40.25 82.35
v 215.56 43.26 82.35
v 217.15 40.25 81.00
v 219.62 41.56 81.00
v 219.62 41.56 82.35
v 217.15 40.25 82.35
v 180.38 70.25 81.00
v 178.19 70.52 81.00
v 178.03 72.71 81.00
v 180.38 70.25 82.35
v 178.03 72.71 82.35
v 176.00 70.78 82.35
v 180.38 70.25 81.00
v 178.03 72.71 81.00
v 178.03 72.71 82.35
v 180.38 70.25 82.35
v 178.03 72.71 81.00
v 178.19 70.52 81.00
v 176.00 70.78 82.35
v 178.03 72.71 82.35
v 178.19 70.52 81.00
v 180.38 70.25 81.00
v 180.38 70.25 82.35
v 176.00 70.78 82.35
v 174.05 -148.93 81.00
v 176.40 -146.46 81.00
v 178.43 -148.39 81.00
v 176.08 -150.85 81.00
v 176.08 -150.85 82.35
v 178.43 -148.39 82.35
v 176.40 -146.46 82.35
v 174.05 -148.93 82.35
v 176.08 -150.85 81.00
v 178.43 -148.39 81.00
v 178.43 -148.39 82.35
v 176.08 -150.85 82.35
v 178.43 -148.39 81.00
v 176.40 -146.46 81.00
v 176.40 -146.46 82.35
v 178.43 -148.39 82.35
v 176.40 -146.46 81.00
v 174.05 -148.93 81.00
v 174.05 -148.93 82.35
v 176.40 -146.46 82.35
v 174.05 -148.93 81.00
v 176.08 -150.85 81.00
v 176.08 -150.85 82.35
v 174.05 -148.93 82.35
v 212.16 -121.46 81.00
v 213.75 -118.45 81.00
v 216.22 -119.76 81.00
v 214.63 -122.77 81.00
v 214.63 -122.77 82.35
v 216.22 -119.76 82.35
v 213.75 -118.45 82.35
v 212.16 -121.46 82.35
v 214.63 -122.77 81.00
v 216.22 -119.76 81.00
v 216.22 -119.76 82.35
v 214.63 -122.77 82.35
v 216.22 -119.76 81.00
v 213.75 -118.45 81.00
v 213.75 -118.45 82.35
v 216.22 -119.76 82.35
v 213.75 -118.45 81.00
v 212.16 -121.46 81.00
v 212.16 -121.46 82.35
v 213.75 -118.45 82.35
v 212.16 -121.46 81.00
v 214.63 -122.77 81.00
v 214.63 -122.77 82.35
v 212.16 -121.46 82.35
v 232.94 -83.12 81.00
v 233.74 -79.81 81.00
v 236.46 -80.47 81.00
v 235.66 -83.77 81.00
v 235.66 -83.77 82.35
v 236.46 -80.47 82.35
v 233.74 -79.81 82.35
v 232.94 -83.12 82.35
v 235.66 -83.77 81.00
v 236.46 -80.47 81.00
v 236.46 -80.47 82.35
v 235.66 -83.77 82.35
v 236.46 -80.47 81.00
v 233.74 -79.81 81.00
v 233.74 -79.81 82.35
v 236.46 -80.47 82.35
v 233.74 -79.81 81.00
v 232.94 -83.12 81.00
v 232.94 -83.12 82.35
v 233.74 -79.81 82.35
v 232.94 -83.12 81.00
v 235.66 -83.77 81.00
v 235.66 -83.77 82.35
v 232.94 -83.12 82.35
v 252.59 -40.00 64.00
v 251.72 -36.75 64.00
v 251.72 -36.75 94.00
v 252.59 -40.00 94.00
v 251.72 -36.75 64.00
v 249.34 -34.37 64.00
v 249.34 -34.37 94.00
v 251.72 -36.75 94.00
v 249.34 -34.37 64.00
v 246.09 -33.50 64.00
v 246.09 -33.50 94.00
v 249.34 -34.37 94.00
v 246.09 -33.50 64.00
v 242.84 -34.37 64.00
v 242.84 -34.37 94.00
v 246.09 -33.50 94.00
v 242.84 -34.37 64.00
v 240.46 -36.75 64.00
v 240.46 -36.75 94.00
v 242.84 -34.37 94.00
v 240.46 -36.75 64.00
v 239.59 -40.00 64.00
v 239.59 -40.00 94.00
v 240.46 -36.75 94.00
v 239.59 -40.00 64.00
v 240.46 -43.25 64.00
v 240.46 -43.25 94.00
v 239.59 -40.00 94.00
v 240.46 -43.25 64.00
v 242.84 -45.63 64.00
v 242.84 -45.63 94.00
v 240.46 -43.25 94.00
v 242.84 -45.63 64.00
v 246.09 -46.50 64.00
v 246.09 -46.50 94.00
v 242.84 -45.63 94.00
v 246.09 -46.50 64.00
v 249.34 -45.63 64.00
v 249.34 -45.63 94.00
v 246.09 -46.50 94.00
v 249.34 -45.63 64.00
v 251.72 -43.25 64.00
v 251.72 -43.25 94.00
v 249.34 -45.63 94.00
v 251.72 -43.25 64.00
v 252.59 -40.00 64.00
v 252.59 -40.00 94.00
v 251.72 -43.25 94.00
v 252.59 -40.00 94.00
v 251.72 -36.75 94.00
v 249.34 -34.37 94.00
v 246.09 -33.50 94.00
v 242.84 -34.37 94.00
v 240.46 -36.75 94.00
v 239.59 -40.00 94.00
v 240.46 -43.25 94.00
v 242.84 -45.63 94.00
v 246.09 -46.50 94.00
v 249.34 -45.63 94.00
v 251.72 -43.25 94.00
v 250.47 -37.05 90.40
v 251.82 -36.40 90.40
v 252.82 -39.25 90.40
v 252.82 -39.25 90.40
v 251.82 -36.40 90.40
v 250.47 -37.05 90.40
v 250.47 -37.05 90.40
v 249.70 -34.27 90.40
v 251.82 -36.40 90.40
v 250.47 -37.05 90.40
v 251.82 -36.40 90.40
v 249.70 -34.27 90.40
v 243.41 -35.44 90.40
v 241.30 -35.21 90.40
v 243.86 -33.61 90.40
v 243.41 -35.44 90.40
v 243.86 -33.61 90.40
v 241.30 -35.21 90.40
v 241.05 -38.41 90.40
v 239.70 -37.76 90.40
v 241.30 -35.21 90.40
v 241.30 -35.21 90.40
v 239.70 -37.76 90.40
v 241.05 -38.41 90.40
v 240.86 -40.75 90.40
v 239.36 -40.75 90.40
v 239.70 -37.76 90.40
v 241.05 -38.41 90.40
v 241.05 -38.41 90.40
v 239.70 -37.76 90.40
v 239.36 -40.75 90.40
v 240.86 -40.75 90.40
v 240.35 -43.60 90.40
v 239.70 -42.24 90.40
v 240.86 -40.75 90.40
v 240.86 -40.75 90.40
v 239.70 -42.24 90.40
v 240.35 -43.60 90.40
v 242.48 -45.73 90.40
v 241.30 -44.79 90.40
v 242.24 -43.62 90.40
v 242.24 -43.62 90.40
v 241.30 -44.79 90.40
v 242.48 -45.73 90.40
v 245.65 -45.27 90.40
v 245.32 -46.73 90.40
v 243.86 -46.39 90.40
v 242.48 -45.73 90.40
v 242.48 -45.73 90.40
v 243.86 -46.39 90.40
v 245.32 -46.73 90.40
v 245.65 -45.27 90.40
v 249.93 -43.62 90.40
v 250.87 -44.79 90.40
v 248.76 -44.56 90.40
v 248.76 -44.56 90.40
v 250.87 -44.79 90.40
v 249.93 -43.62 90.40
v 251.32 -40.75 90.40
v 251.82 -43.60 90.40
v 249.93 -43.62 90.40
v 249.93 -43.62 90.40
v 251.82 -43.60 90.40
v 251.32 -40.75 90.40
v 253.24 -40.00 92.00
v 251.82 -36.40 90.40
v 251.72 -36.75 94.00
v 253.24 -40.00 94.40
v 251.82 -36.40 90.40
v 249.70 -34.27 90.40
v 249.34 -34.37 94.00
v 251.72 -36.75 94.00
v 249.70 -34.27 90.40
v 247.98 -35.07 90.40
v 247.68 -33.03 94.40
v 249.34 -34.37 94.00
v 247.98 -35.07 90.40
v 245.65 -34.73 90.40
v 246.09 -33.50 94.00
v 247.68 -33.03 94.40
v 245.65 -34.73 90.40
v 241.63 -34.41 92.00
v 241.63 -34.41 94.40
v 246.09 -33.50 94.00
v 241.63 -34.41 92.00
v 239.64 -36.90 92.00
v 239.64 -36.90 94.40
v 241.63 -34.41 94.40
v 239.64 -36.90 92.00
v 239.36 -40.75 90.40
v 239.59 -40.00 94.00
v 239.64 -36.90 94.40
v 239.36 -40.75 90.40
v 239.70 -42.24 90.40
v 239.64 -43.10 94.40
v 239.59 -40.00 94.00
v 239.70 -42.24 90.40
v 241.30 -44.79 90.40
v 241.63 -45.59 94.40
v 239.64 -43.10 94.40
v 241.30 -44.79 90.40
v 245.32 -46.73 90.40
v 246.09 -46.50 94.00
v 241.63 -45.59 94.40
v 245.32 -46.73 90.40
v 246.85 -46.73 90.40
v 247.68 -46.97 94.40
v 246.09 -46.50 94.00
v 246.85 -46.73 90.40
v 248.76 -44.56 90.40
v 249.34 -45.63 94.00
v 247.68 -46.97 94.40
v 248.76 -44.56 90.40
v 251.82 -43.60 90.40
v 251.72 -43.25 94.00
v 249.34 -45.63 94.00
v 251.82 -43.60 90.40
v 253.24 -40.00 92.00
v 253.24 -40.00 94.40
v 251.72 -43.25 94.00
v 206.69 56.98 64.00
v 205.50 61.43 64.00
v 205.50 61.43 94.00
v 206.69 56.98 94.00
v 205.50 61.43 64.00
v 202.25 64.69 64.00
v 202.25 64.69 94.00
v 205.50 61.43 94.00
v 202.25 64.69 64.00
v 197.79 65.88 64.00
v 197.79 65.88 94.00
v 202.25 64.69 94.00
v 197.79 65.88 64.00
v 193.34 64.69 64.00
v 193.34 64.69 94.00
v 197.79 65.88 94.00
v 193.34 64.69 64.00
v 190.09 61.43 64.00
v 190.09 61.43 94.00
v 193.34 64.69 94.00
v 190.09 61.43 64.00
v 188.90 56.98 64.00
v 188.90 56.98 94.00
v 190.09 61.43 94.00
v 188.90 56.98 64.00
v 190.09 52.53 64.00
v 190.09 52.53 94.00
v 188.90 56.98 94.00
v 190.09 52.53 64.00
v 193.34 49.27 64.00
v 193.34 49.27 94.00
v 190.09 52.53 94.00
v 193.34 49.27 64.00
v 197.79 48.08 64.00
v 197.79 48.08 94.00
v 193.34 49.27 94.00
v 197.79 48.08 64.00
v 202.25 49.27 64.00
v 202.25 49.27 94.00
v 197.79 48.08 94.00
v 202.25 49.27 64.00
v 205.50 52.53 64.00
v 205.50 52.53 94.00
v 202.25 49.27 94.00
v 205.50 52.53 64.00
v 206.69 56.98 64.00
v 206.69 56.98 94.00
v 205.50 52.53 94.00
v 206.69 56.98 94.00
v 205.50 61.43 94.00
v 202.25 64.69 94.00
v 197.79 65.88 94.00
v 193.34 64.69 94.00
v 190.09 61.43 94.00
v 188.90 56.98 94.00
v 190.09 52.53 94.00
v 193.34 49.27 94.00
v 197.79 48.08 94.00
v 202.25 49.27 94.00
v 205.50 52.53 94.00
v 201.85 63.26 90.40
v 202.78 64.43 90.40
v 203.02 62.33 90.40
v 203.02 62.33 90.40
v 202.78 64.43 90.40
v 201.85 63.26 90.40
v 191.64 63.50 90.40
v 192.81 64.43 90.40
v 193.74 63.26 90.40
v 193.74 63.26 90.40
v 192.81 64.43 90.40
v 191.64 63.50 90.40
v 192.81 64.43 90.40
v 188.97 61.23 92.00
v 188.97 61.23 94.40
v 193.34 64.69 94.00
v 188.97 61.23 92.00
v 188.86 56.23 90.40
v 188.90 56.98 94.00
v 188.97 61.23 94.40
v 188.86 56.23 90.40
v 188.97 52.73 92.00
v 188.97 52.73 94.40
v 188.90 56.98 94.00
v 188.97 52.73 92.00
v 191.64 50.46 90.40
v 193.34 49.27 94.00
v 188.97 52.73 94.40
v 191.64 50.46 90.40
v 195.62 47.43 92.00
v 195.62 47.43 94.40
v 193.34 49.27 94.00
v 195.62 47.43 92.00
v 199.05 48.10 90.40
v 199.97 47.43 94.40
v 195.62 47.43 94.40
v 199.05 48.10 90.40
v 202.78 49.52 90.40
v 203.90 49.32 94.40
v 199.97 47.43 94.40
v 202.78 49.52 90.40
v 205.52 52.42 90.40
v 205.50 52.53 94.00
v 203.90 49.32 94.40
v 205.52 52.42 90.40
v 207.59 56.98 92.00
v 207.59 56.98 94.40
v 205.50 52.53 94.00
v 221.89 -120.61 64.00
v 220.86 -116.76 64.00
v 220.86 -116.76 94.00
v 221.89 -120.61 94.00
v 220.86 -116.76 64.00
v 218.04 -113.94 64.00
v 218.04 -113.94 94.00
v 220.86 -116.76 94.00
v 218.04 -113.94 64.00
v 214.19 -112.91 64.00
v 214.19 -112.91 94.00
v 218.04 -113.94 94.00
v 214.19 -112.91 64.00
v 210.34 -113.94 64.00
v 210.34 -113.94 94.00
v 214.19 -112.91 94.00
v 210.34 -113.94 64.00
v 207.52 -116.76 64.00
v 207.52 -116.76 94.00
v 210.34 -113.94 94.00
v 207.52 -116.76 64.00
v 206.49 -120.61 64.00
v 206.49 -120.61 94.00
v 207.52 -116.76 94.00
v 206.49 -120.61 64.00
v 207.52 -124.46 64.00
v 207.52 -124.46 94.00
v 206.49 -120.61 94.00
v 207.52 -124.46 64.00
v 210.34 -127.28 64.00
v 210.34 -127.28 94.00
v 207.52 -124.46 94.00
v 210.34 -127.28 64.00
v 214.19 -128.31 64.00
v 214.19 -128.31 94.00
v 210.34 -127.28 94.00
v 214.19 -128.31 64.00
v 218.04 -127.28 64.00
v 218.04 -127.28 94.00
v 214.19 -128.31 94.00
v 218.04 -127.28 64.00
v 220.86 -124.46 64.00
v 220.86 -124.46 94.00
v 218.04 -127.28 94.00
v 220.86 -124.46 64.00
v 221.89 -120.61 64.00
v 221.89 -120.61 94.00
v 220.86 -124.46 94.00
v 221.89 -120.61 94.00
v 220.86 -116.76 94.00
v 218.04 -113.94 94.00
v 214.19 -112.91 94.00
v 210.34 -113.94 94.00
v 207.52 -116.76 94.00
v 206.49 -120.61 94.00
v 207.52 -124.46 94.00
v 210.34 -127.28 94.00
v 214.19 -128.31 94.00
v 218.04 -127.28 94.00
v 220.86 -124.46 94.00
v 219.57 -117.19 90.40
v 220.93 -116.54 90.40
v 220.22 -118.54 90.40
v 220.22 -118.54 90.40
v 220.93 -116.54 90.40
v 219.57 -117.19 90.40
v 217.56 -115.19 90.40
v 218.49 -114.02 90.40
v 218.73 -116.13 90.40
v 218.73 -116.13 90.40
v 218.49 -114.02 90.40
v 217.56 -115.19 90.40
v 215.20 -112.81 90.40
v 216.67 -113.14 90.40
v 217.56 -115.19 90.40
v 217.56 -115.19 90.40
v 216.67 -113.14 90.40
v 215.20 -112.81 90.40
v 212.05 -114.60 90.40
v 213.18 -112.81 90.40
v 215.20 -112.81 90.40
v 215.20 -112.81 90.40
v 213.18 -112.81 90.40
v 212.05 -114.60 90.40
v 210.83 -115.19 90.40
v 208.72 -114.95 90.40
v 209.89 -114.02 90.40
v 210.83 -115.19 90.40
v 209.89 -114.02 90.40
v 208.72 -114.95 90.40
v 207.86 -121.36 90.40
v 206.36 -121.36 90.40
v 206.36 -119.86 90.40
v 207.86 -119.86 90.40
v 207.86 -119.86 90.40
v 206.36 -119.86 90.40
v 206.36 -121.36 90.40
v 207.86 -121.36 90.40
v 209.89 -127.20 90.40
v 208.72 -126.27 90.40
v 209.66 -125.09 90.40
v 209.66 -125.09 90.40
v 208.72 -126.27 90.40
v 209.89 -127.20 90.40
v 213.51 -126.95 90.40
v 211.72 -128.08 90.40
v 212.05 -126.62 90.40
v 212.05 -126.62 90.40
v 211.72 -128.08 90.40
v 213.51 -126.95 90.40
v 216.33 -126.62 90.40
v 216.67 -128.08 90.40
v 215.20 -128.41 90.40
v 213.51 -126.95 90.40
v 213.51 -126.95 90.40
v 215.20 -128.41 90.40
v 216.67 -128.08 90.40
v 216.33 -126.62 90.40
v 218.73 -125.09 90.40
v 218.49 -127.20 90.40
v 216.33 -126.62 90.40
v 216.33 -126.62 90.40
v 218.49 -127.20 90.40
v 218.73 -125.09 90.40
v 220.53 -121.36 90.40
v 220.93 -124.69 90.40
v 218.73 -125.09 90.40
v 218.73 -125.09 90.40
v 220.93 -124.69 90.40
v 220.53 -121.36 90.40
v 222.66 -120.61 92.00
v 220.22 -118.54 90.40
v 220.86 -116.76 94.00
v 222.66 -120.61 94.40
v 220.22 -118.54 90.40
v 218.49 -114.02 90.40
v 218.04 -113.94 94.00
v 220.86 -116.76 94.00
v 218.49 -114.02 90.40
v 216.67 -113.14 90.40
v 216.08 -112.35 94.40
v 218.04 -113.94 94.00
v 216.67 -113.14 90.40
v 213.18 -112.81 90.40
v 212.31 -112.35 94.40
v 216.08 -112.35 94.40
v 213.18 -112.81 90.40
v 208.91 -113.99 92.00
v 208.91 -113.99 94.40
v 212.31 -112.35 94.40
v 208.91 -113.99 92.00
v 206.56 -116.94 92.00
v 206.56 -116.94 94.40
v 208.91 -113.99 94.40
v 206.56 -116.94 92.00
v 206.36 -119.86 90.40
v 206.49 -120.61 94.00
v 206.56 -116.94 94.40
v 206.36 -119.86 90.40
v 206.56 -124.29 92.00
v 206.56 -124.29 94.40
v 206.49 -120.61 94.00
v 206.56 -124.29 92.00
v 208.72 -126.27 90.40
v 208.91 -127.23 94.40
v 206.56 -124.29 94.40
v 208.72 -126.27 90.40
v 211.72 -128.08 90.40
v 212.31 -128.87 94.40
v 208.91 -127.23 94.40
v 211.72 -128.08 90.40
v 216.67 -128.08 90.40
v 216.08 -128.87 94.40
v 212.31 -128.87 94.40
v 216.67 -128.08 90.40
v 218.49 -127.20 90.40
v 218.04 -127.28 94.00
v 216.08 -128.87 94.40
v 218.49 -127.20 90.40
v 220.93 -124.69 90.40
v 220.86 -124.46 94.00
v 218.04 -127.28 94.00
v 220.93 -124.69 90.40
v 222.66 -120.61 92.00
v 222.66 -120.61 94.40
v 220.86 -124.46 94.00
v 232.13 -44.50 68.80
v 232.13 -35.50 68.80
v 239.79 -35.50 68.80
v 239.79 -44.50 68.80
v 239.79 -44.50 78.24
v 239.79 -35.50 78.24
v 232.13 -35.50 78.24
v 232.13 -44.50 78.24
v 239.79 -44.50 68.80
v 239.79 -35.50 68.80
v 239.79 -35.50 78.24
v 239.79 -44.50 78.24
v 239.79 -35.50 68.80
v 232.13 -35.50 68.80
v 232.13 -35.50 78.24
v 239.79 -35.50 78.24
v 232.13 -35.50 68.80
v 232.13 -44.50 68.80
v 232.13 -44.50 78.24
v 232.13 -35.50 78.24
v 232.13 -44.50 68.80
v 239.79 -44.50 68.80
v 239.79 -44.50 78.24
v 232.13 -44.50 78.24
v 232.13 -44.50 78.24
v 231.78 -35.15 78.24
v 240.14 -35.15 78.24
v 240.14 -44.85 78.24
v 240.14 -44.85 81.95
v 240.14 -35.15 81.95
v 231.78 -35.15 81.95
v 231.78 -44.85 81.95
v 240.14 -44.85 78.24
v 240.14 -35.15 78.24
v 240.14 -35.15 81.95
v 240.14 -44.85 81.95
v 240.14 -35.15 78.24
v 231.78 -35.15 78.24
v 231.78 -35.15 81.95
v 240.14 -35.15 81.95
v 231.78 -35.15 78.24
v 232.13 -44.50 78.24
v 231.78 -44.85 81.95
v 231.78 -35.15 81.95
v 232.13 -44.50 78.24
v 240.14 -44.85 78.24
v 240.14 -44.85 81.95
v 231.78 -44.85 81.95
v 240.14 -35.15 81.95
v 240.14 -44.85 81.95
v 240.39 -40.00 88.06
v 231.53 -40.00 88.06
v 240.39 -40.00 88.06
v 231.78 -44.85 81.95
v 231.78 -35.15 81.95
v 231.53 -40.00 88.06
v 240.14 -44.85 81.95
v 231.78 -44.85 81.95
v 240.39 -40.00 88.06
v 240.14 -35.15 81.95
v 231.53 -40.00 88.06
v 231.78 -35.15 81.95
v 234.65 -44.48 73.47
v 234.65 -42.92 73.47
v 234.65 -42.92 75.34
v 234.65 -44.48 75.34
v 234.65 -42.92 73.47
v 234.65 -44.48 73.47
v 234.65 -44.48 75.34
v 234.65 -42.92 75.34
v 237.28 -44.48 73.47
v 237.28 -42.92 73.47
v 237.77 -42.92 73.47
v 237.77 -44.48 73.47
v 237.77 -44.48 75.34
v 237.77 -42.92 75.34
v 237.28 -42.92 75.34
v 237.28 -44.48 75.34
v 237.77 -44.48 73.47
v 237.77 -42.92 73.47
v 237.77 -42.92 75.34
v 237.77 -44.48 75.34
v 237.77 -42.92 73.47
v 237.28 -42.92 73.47
v 237.28 -42.92 75.34
v 237.77 -42.92 75.34
v 237.28 -42.92 73.47
v 237.28 -44.48 73.47
v 237.28 -44.48 75.34
v 237.28 -42.92 75.34
v 237.28 -44.48 73.47
v 237.77 -44.48 73.47
v 237.77 -44.48 75.34
v 237.28 -44.48 75.34
v 237.28 -44.48 77.21
v 237.28 -42.92 77.21
v 237.77 -42.92 77.21
v 239.79 -44.50 78.24
v 239.79 -44.50 78.24
v 237.77 -42.92 77.21
v 237.28 -42.92 77.21
v 237.28 -44.48 77.21
v 221.70 -43.97 68.80
v 221.70 -36.03 68.80
v 229.98 -36.03 68.80
v 229.98 -43.97 68.80
v 229.98 -43.97 77.05
v 229.98 -36.03 77.05
v 221.70 -36.03 77.05
v 221.70 -43.97 77.05
v 229.98 -43.97 68.80
v 229.98 -36.03 68.80
v 229.98 -36.03 77.05
v 229.98 -43.97 77.05
v 229.98 -36.03 68.80
v 221.70 -36.03 68.80
v 221.70 -36.03 77.05
v 229.98 -36.03 77.05
v 221.70 -36.03 68.80
v 221.70 -43.97 68.80
v 221.70 -43.97 77.05
v 221.70 -36.03 77.05
v 221.70 -43.97 68.80
v 229.98 -43.97 68.80
v 229.98 -43.97 77.05
v 221.70 -43.97 77.05
v 221.35 -44.32 77.05
v 221.70 -36.03 77.05
v 229.98 -36.03 77.05
v 230.33 -44.32 77.05
v 230.33 -44.32 80.22
v 230.33 -35.68 80.22
v 221.35 -35.68 80.22
v 221.35 -44.32 80.22
v 230.33 -44.32 77.05
v 229.98 -36.03 77.05
v 230.33 -35.68 80.22
v 230.33 -44.32 80.22
v 229.98 -36.03 77.05
v 221.70 -36.03 77.05
v 221.35 -35.68 80.22
v 230.33 -35.68 80.22
v 221.70 -36.03 77.05
v 221.35 -44.32 77.05
v 221.35 -44.32 80.22
v 221.35 -35.68 80.22
v 221.35 -44.32 77.05
v 230.33 -44.32 77.05
v 230.33 -44.32 80.22
v 221.35 -44.32 80.22
v 230.33 -44.32 80.22
v 230.33 -35.68 80.22
v 225.84 -35.43 85.85
v 225.84 -44.57 85.85
v 221.35 -44.32 80.22
v 225.84 -44.57 85.85
v 225.84 -35.43 85.85
v 221.35 -35.68 80.22
v 230.33 -44.32 80.22
v 225.84 -44.57 85.85
v 221.35 -44.32 80.22
v 230.33 -35.68 80.22
v 221.35 -35.68 80.22
v 225.84 -35.43 85.85
v 224.24 -44.69 73.12
v 224.24 -43.34 73.12
v 224.73 -43.34 73.12
v 224.73 -44.69 73.12
v 224.73 -44.69 73.12
v 224.73 -43.34 73.12
v 224.24 -43.34 73.12
v 224.24 -44.69 73.12
v 224.24 -44.69 76.17
v 224.24 -43.34 76.17
v 224.73 -43.34 76.17
v 224.73 -44.69 76.17
v 224.73 -44.69 77.70
v 224.73 -43.34 77.70
v 224.24 -43.34 77.70
v 224.24 -44.69 77.70
v 224.73 -44.69 76.17
v 224.73 -43.34 76.17
v 224.73 -43.34 77.70
v 224.73 -44.69 77.70
v 224.73 -43.34 76.17
v 224.24 -43.34 76.17
v 224.24 -43.34 77.70
v 224.73 -43.34 77.70
v 224.24 -43.34 76.17
v 224.24 -44.69 76.17
v 224.24 -44.69 77.70
v 224.24 -43.34 77.70
v 224.24 -44.69 76.17
v 224.73 -44.69 76.17
v 224.73 -44.69 77.70
v 224.24 -44.69 77.70
v 227.43 -44.69 76.17
v 227.43 -43.34 76.17
v 227.43 -43.34 77.70
v 227.43 -44.69 77.70
v 227.43 -43.34 76.17
v 227.43 -44.69 76.17
v 227.43 -44.69 77.70
v 227.43 -43.34 77.70
v 212.31 -44.16 68.80
v 212.31 -35.84 68.80
v 219.12 -35.84 68.80
v 219.12 -44.16 68.80
v 235.29 -14.71 80.43
v 236.10 -24.47 80.43
v 236.10 -24.47 85.12
v 234.91 -14.41 85.12
v 236.10 -24.47 80.43
v 242.38 -23.38 80.43
v 242.77 -23.68 85.12
v 236.10 -24.47 85.12
v 241.57 -13.62 85.12
v 242.77 -23.68 85.12
v 242.42 -18.62 91.54
v 235.25 -19.47 91.54
v 242.42 -18.62 91.54
v 236.10 -24.47 85.12
v 234.91 -14.41 85.12
v 235.25 -19.47 91.54
v 242.77 -23.68 85.12
v 236.10 -24.47 85.12
v 242.42 -18.62 91.54
v 241.57 -13.62 85.12
v 235.25 -19.47 91.54
v 234.91 -14.41 85.12
v 237.53 -22.72 74.10
v 237.34 -21.08 74.10
v 237.34 -21.08 76.61
v 237.53 -22.72 76.61
v 237.34 -21.08 74.10
v 237.53 -22.72 74.10
v 237.53 -22.72 76.61
v 237.34 -21.08 76.61
v 240.82 -22.72 74.10
v 240.63 -21.08 74.10
v 240.63 -21.08 76.61
v 240.82 -22.72 76.61
v 240.63 -21.08 74.10
v 240.82 -22.72 74.10
v 240.82 -22.72 76.61
v 240.63 -21.08 76.61
v 237.53 -22.72 79.11
v 237.34 -21.08 79.11
v 237.34 -21.08 81.62
v 237.53 -22.72 81.62
v 237.34 -21.08 79.11
v 237.53 -22.72 79.11
v 237.53 -22.72 81.62
v 237.34 -21.08 81.62
v 240.82 -22.72 79.11
v 240.63 -21.08 79.11
v 240.63 -21.08 81.62
v 240.82 -22.72 81.62
v 240.63 -21.08 79.11
v 240.82 -22.72 79.11
v 240.82 -22.72 81.62
v 240.63 -21.08 81.62
v 240.98 -18.50 85.12
v 241.94 -17.28 85.12
v 242.07 -18.38 85.12
v 242.07 -18.38 88.32
v 241.94 -17.28 88.32
v 240.98 -18.50 88.32
v 242.07 -18.38 85.12
v 241.94 -17.28 85.12
v 241.94 -17.28 88.32
v 242.07 -18.38 88.32
v 241.94 -17.28 85.12
v 240.98 -18.50 85.12
v 240.98 -18.50 88.32
v 241.94 -17.28 88.32
v 240.98 -18.50 85.12
v 242.07 -18.38 85.12
v 242.07 -18.38 88.32
v 240.98 -18.50 88.32
v 225.30 -24.14 68.80
v 224.48 -17.25 68.80
v 231.79 -16.39 68.80
v 232.61 -23.27 68.80
v 232.61 -23.27 81.03
v 231.79 -16.39 81.03
v 224.48 -17.25 81.03
v 225.30 -24.14 81.03
v 232.61 -23.27 68.80
v 231.79 -16.39 68.80
v 231.79 -16.39 81.03
v 232.61 -23.27 81.03
v 231.79 -16.39 68.80
v 224.48 -17.25 68.80
v 224.48 -17.25 81.03
v 231.79 -16.39 81.03
v 224.48 -17.25 68.80
v 225.30 -24.14 68.80
v 225.30 -24.14 81.03
v 224.48 -17.25 81.03
v 225.30 -24.14 68.80
v 232.61 -23.27 68.80
v 232.61 -23.27 81.03
v 225.30 -24.14 81.03
v 224.99 -24.53 81.03
v 224.09 -16.95 81.03
v 231.79 -16.39 81.03
v 232.61 -23.27 81.03
v 233.00 -23.58 85.99
v 232.10 -16.00 85.99
v 224.09 -16.95 85.99
v 224.99 -24.53 85.99
v 232.61 -23.27 81.03
v 231.79 -16.39 81.03
v 232.10 -16.00 85.99
v 233.00 -23.58 85.99
v 231.79 -16.39 81.03
v 224.09 -16.95 81.03
v 224.09 -16.95 85.99
v 232.10 -16.00 85.99
v 224.09 -16.95 81.03
v 224.99 -24.53 81.03
v 224.99 -24.53 85.99
v 224.09 -16.95 85.99
v 224.99 -24.53 81.03
v 232.61 -23.27 81.03
v 233.00 -23.58 85.99
v 224.99 -24.53 85.99
v 233.28 -23.80 85.99
v 232.10 -16.00 85.99
v 228.07 -16.23 91.00
v 229.02 -24.30 91.00
v 224.99 -24.53 85.99
v 229.02 -24.30 91.00
v 228.07 -16.23 91.00
v 224.09 -16.95 85.99
v 233.28 -23.80 85.99
v 229.02 -24.30 91.00
v 224.99 -24.53 85.99
v 232.10 -16.00 85.99
v 224.09 -16.95 85.99
v 228.07 -16.23 91.00
v 227.71 -24.36 74.28
v 227.57 -23.22 74.28
v 227.57 -23.22 76.95
v 227.71 -24.36 76.95
v 227.57 -23.22 74.28
v 227.71 -24.36 74.28
v 227.71 -24.36 76.95
v 227.57 -23.22 76.95
v 230.00 -24.36 74.28
v 229.87 -23.22 74.28
v 229.87 -23.22 76.95
v 230.00 -24.36 76.95
v 229.87 -23.22 74.28
v 230.00 -24.36 74.28
v 230.00 -24.36 76.95
v 229.87 -23.22 76.95
v 227.71 -24.36 79.63
v 227.57 -23.22 79.63
v 227.57 -23.22 82.31
v 227.71 -24.36 82.31
v 227.57 -23.22 79.63
v 227.71 -24.36 79.63
v 227.71 -24.36 82.31
v 227.57 -23.22 82.31
v 230.00 -24.36 79.63
v 229.87 -23.22 79.63
v 229.87 -23.22 82.31
v 230.00 -24.36 82.31
v 229.87 -23.22 79.63
v 230.00 -24.36 79.63
v 230.00 -24.36 82.31
v 229.87 -23.22 82.31
v 215.49 -25.36 68.80
v 214.66 -18.36 68.80
v 221.02 -17.61 68.80
v 221.85 -24.60 68.80
v 221.85 -24.60 82.74
v 221.02 -17.61 82.74
v 214.66 -18.36 82.74
v 215.49 -25.36 82.74
v 221.85 -24.60 68.80
v 221.02 -17.61 68.80
v 221.02 -17.61 82.74
v 221.85 -24.60 82.74
v 221.02 -17.61 68.80
v 214.66 -18.36 68.80
v 214.66 -18.36 82.74
v 221.02 -17.61 82.74
v 214.66 -18.36 68.80
v 215.49 -25.36 68.80
v 215.49 -25.36 82.74
v 214.66 -18.36 82.74
v 215.49 -25.36 68.80
v 221.85 -24.60 68.80
v 221.85 -24.60 82.74
v 215.49 -25.36 82.74
v 215.49 -25.36 82.74
v 214.66 -18.36 82.74
v 221.32 -17.22 82.74
v 222.24 -24.91 82.74
v 222.24 -24.91 88.47
v 221.32 -17.22 88.47
v 214.27 -18.06 88.47
v 215.18 -25.75 88.47
v 222.24 -24.91 82.74
v 221.32 -17.22 82.74
v 221.32 -17.22 88.47
v 222.24 -24.91 88.47
v 221.32 -17.22 82.74
v 214.66 -18.36 82.74
v 214.27 -18.06 88.47
v 221.32 -17.22 88.47
v 214.66 -18.36 82.74
v 215.49 -25.36 82.74
v 215.18 -25.75 88.47
v 214.27 -18.06 88.47
v 215.49 -25.36 82.74
v 222.24 -24.91 82.74
v 222.24 -24.91 88.47
v 215.18 -25.75 88.47
v 221.32 -17.22 88.47
v 222.24 -24.91 88.47
v 222.03 -21.04 93.26
v 214.48 -21.93 93.26
v 222.03 -21.04 93.26
v 215.18 -25.75 88.47
v 214.27 -18.06 88.47
v 214.48 -21.93 93.26
v 222.24 -24.91 88.47
v 215.18 -25.75 88.47
v 222.03 -21.04 93.26
v 221.32 -17.22 88.47
v 214.48 -21.93 93.26
v 214.27 -18.06 88.47
v 217.40 -25.11 74.78
v 217.26 -23.95 74.78
v 217.26 -23.95 77.95
v 217.40 -25.11 77.95
v 217.26 -23.95 74.78
v 217.40 -25.11 74.78
v 217.40 -25.11 77.95
v 217.26 -23.95 77.95
v 219.73 -25.11 74.78
v 219.60 -23.95 74.78
v 219.60 -23.95 77.95
v 219.73 -25.11 77.95
v 219.60 -23.95 74.78
v 219.73 -25.11 74.78
v 219.73 -25.11 77.95
v 219.60 -23.95 77.95
v 217.40 -25.11 81.12
v 217.26 -23.95 81.12
v 217.26 -23.95 84.30
v 217.40 -25.11 84.30
v 217.26 -23.95 81.12
v 217.40 -25.11 81.12
v 217.40 -25.11 84.30
v 217.26 -23.95 84.30
v 219.73 -25.11 81.12
v 219.60 -23.95 81.12
v 219.60 -23.95 84.30
v 219.73 -25.11 84.30
v 219.60 -23.95 81.12
v 219.73 -25.11 81.12
v 219.73 -25.11 84.30
v 219.60 -23.95 84.30
v 219.74 -19.81 88.47
v 220.83 -19.68 88.47
v 220.96 -20.77 88.47
v 220.96 -20.77 91.67
v 220.83 -19.68 91.67
v 219.74 -19.81 91.67
v 220.96 -20.77 88.47
v 220.83 -19.68 88.47
v 220.83 -19.68 91.67
v 220.96 -20.77 91.67
v 220.83 -19.68 88.47
v 219.74 -19.81 88.47
v 219.74 -19.81 91.67
v 220.83 -19.68 91.67
v 219.74 -19.81 88.47
v 220.96 -20.77 88.47
v 220.96 -20.77 91.67
v 219.74 -19.81 91.67
v 233.91 -3.26 68.80
v 231.69 5.93 68.80
v 238.02 7.46 68.80
v 240.24 -1.73 68.80
v 240.24 -1.73 79.20
v 238.02 7.46 79.20
v 231.69 5.93 79.20
v 233.91 -3.26 79.20
v 240.24 -1.73 68.80
v 238.02 7.46 68.80
v 238.02 7.46 79.20
v 240.24 -1.73 79.20
v 238.02 7.46 68.80
v 231.69 5.93 68.80
v 231.69 5.93 79.20
v 238.02 7.46 79.20
v 231.69 5.93 68.80
v 233.91 -3.26 68.80
v 233.91 -3.26 79.20
v 231.69 5.93 79.20
v 233.91 -3.26 68.80
v 240.24 -1.73 68.80
v 240.24 -1.73 79.20
v 233.91 -3.26 79.20
v 238.02 7.46 79.20
v 240.24 -1.73 79.20
v 239.71 3.01 85.62
v 232.22 1.19 85.62
v 239.71 3.01 85.62
v 233.91 -3.26 79.20
v 230.97 6.37 79.20
v 232.22 1.19 85.62
v 240.24 -1.73 79.20
v 233.91 -3.26 79.20
v 239.71 3.01 85.62
v 238.02 7.46 79.20
v 232.22 1.19 85.62
v 230.97 6.37 79.20
v 222.79 -4.65 68.80
v 221.16 2.08 68.80
v 228.89 3.95 68.80
v 230.52 -2.78 68.80
v 230.52 -2.78 77.10
v 228.89 3.95 77.10
v 221.16 2.08 77.10
v 222.79 -4.65 77.10
v 230.52 -2.78 68.80
v 228.89 3.95 68.80
v 228.89 3.95 77.10
v 230.52 -2.78 77.10
v 228.89 3.95 68.80
v 221.16 2.08 68.80
v 221.16 2.08 77.10
v 228.89 3.95 77.10
v 221.16 2.08 68.80
v 222.79 -4.65 68.80
v 222.79 -4.65 77.10
v 221.16 2.08 77.10
v 222.79 -4.65 68.80
v 230.52 -2.78 68.80
v 230.52 -2.78 77.10
v 222.79 -4.65 77.10
v 231.24 -3.23 77.10
v 230.97 6.37 79.20
v 224.89 3.60 82.50
v 226.80 -4.30 82.50
v 222.79 -4.65 77.10
v 226.80 -4.30 82.50
v 224.89 3.60 82.50
v 220.44 2.52 77.10
v 231.24 -3.23 77.10
v 226.80 -4.30 82.50
v 222.79 -4.65 77.10
v 230.97 6.37 79.20
v 220.44 2.52 77.10
v 224.89 3.60 82.50
v 225.07 -4.70 72.50
v 224.32 -3.70 72.50
v 224.80 -3.58 72.50
v 225.07 -4.70 73.40
v 224.80 -3.58 73.40
v 224.32 -3.70 73.40
v 225.07 -4.70 72.50
v 224.80 -3.58 72.50
v 224.80 -3.58 73.40
v 225.07 -4.70 73.40
v 224.80 -3.58 72.50
v 224.32 -3.70 72.50
v 224.32 -3.70 73.40
v 224.80 -3.58 73.40
v 224.32 -3.70 72.50
v 225.07 -4.70 72.50
v 225.07 -4.70 73.40
v 224.32 -3.70 73.40
v 227.36 -4.70 72.50
v 227.09 -3.58 72.50
v 227.09 -3.58 73.40
v 227.36 -4.70 73.40
v 227.09 -3.58 72.50
v 227.36 -4.70 72.50
v 227.36 -4.70 73.40
v 227.09 -3.58 73.40
v 225.07 -4.70 73.40
v 224.32 -3.70 73.40
v 224.80 -3.58 73.40
v 225.07 -4.70 75.20
v 224.80 -3.58 75.20
v 224.32 -3.70 75.20
v 225.07 -4.70 73.40
v 224.80 -3.58 73.40
v 224.80 -3.58 75.20
v 225.07 -4.70 75.20
v 224.80 -3.58 73.40
v 224.32 -3.70 73.40
v 224.32 -3.70 75.20
v 224.80 -3.58 75.20
v 224.32 -3.70 73.40
v 225.07 -4.70 73.40
v 225.07 -4.70 75.20
v 224.32 -3.70 75.20
v 227.36 -4.70 73.40
v 227.09 -3.58 73.40
v 227.09 -3.58 75.20
v 227.36 -4.70 75.20
v 227.09 -3.58 73.40
v 227.36 -4.70 73.40
v 227.36 -4.70 75.20
v 227.09 -3.58 75.20
v 213.43 -7.00 68.80
v 211.76 -0.11 68.80
v 218.00 1.40 68.80
v 219.67 -5.49 68.80
v 219.67 -5.49 79.53
v 218.00 1.40 79.53
v 211.76 -0.11 79.53
v 213.43 -7.00 79.53
v 219.67 -5.49 68.80
v 218.00 1.40 68.80
v 218.00 1.40 79.53
v 219.67 -5.49 79.53
v 218.00 1.40 68.80
v 211.76 -0.11 68.80
v 211.76 -0.11 79.53
v 218.00 1.40 79.53
v 211.76 -0.11 68.80
v 213.43 -7.00 68.80
v 213.43 -7.00 79.53
v 211.76 -0.11 79.53
v 230.23 18.26 78.71
v 226.90 27.12 78.71
v 227.10 27.57 82.63
v 230.68 18.06 82.63
v 226.90 27.12 78.71
v 220.71 24.80 78.71
v 220.26 25.00 82.63
v 227.10 27.57 82.63
v 220.71 24.80 78.71
v 224.05 15.94 78.71
v 223.84 15.48 82.63
v 220.26 25.00 82.63
v 224.05 15.94 78.71
v 230.23 18.26 78.71
v 230.68 18.06 82.63
v 223.84 15.48 82.63
v 227.10 27.57 82.63
v 231.01 17.91 82.63
v 229.13 22.91 89.06
v 221.82 20.15 89.06
v 229.13 22.91 89.06
v 223.70 15.16 82.63
v 219.94 25.14 82.63
v 221.82 20.15 89.06
v 231.01 17.91 82.63
v 223.70 15.16 82.63
v 229.13 22.91 89.06
v 227.10 27.57 82.63
v 221.82 20.15 89.06
v 219.94 25.14 82.63
v 224.34 17.66 73.61
v 223.88 17.49 73.61
v 223.88 17.49 75.61
v 224.34 17.66 75.61
v 223.88 17.49 73.61
v 224.34 17.66 73.61
v 224.34 17.66 75.61
v 223.88 17.49 75.61
v 227.65 17.66 73.61
v 227.19 17.49 73.61
v 227.19 17.49 75.61
v 227.65 17.66 75.61
v 227.19 17.49 73.61
v 227.65 17.66 73.61
v 227.65 17.66 75.61
v 227.19 17.49 75.61
v 224.34 17.66 77.62
v 224.05 15.94 78.71
v 223.88 17.49 79.62
v 224.34 17.66 79.62
v 224.05 15.94 78.71
v 224.34 17.66 77.62
v 224.34 17.66 79.62
v 223.88 17.49 79.62
v 227.65 17.66 77.62
v 227.19 17.49 77.62
v 227.19 17.49 79.62
v 227.65 17.66 79.62
v 227.19 17.49 77.62
v 227.65 17.66 77.62
v 227.65 17.66 79.62
v 227.19 17.49 79.62
v 213.78 13.53 68.80
v 211.40 19.83 68.80
v 218.14 22.37 68.80
v 220.51 16.06 68.80
v 220.51 16.06 78.96
v 218.14 22.37 78.96
v 211.40 19.83 78.96
v 213.78 13.53 78.96
v 220.51 16.06 68.80
v 218.14 22.37 68.80
v 218.14 22.37 78.96
v 220.51 16.06 78.96
v 218.14 22.37 68.80
v 211.40 19.83 68.80
v 211.40 19.83 78.96
v 218.14 22.37 78.96
v 211.40 19.83 68.80
v 213.78 13.53 68.80
v 213.78 13.53 78.96
v 211.40 19.83 78.96
v 213.78 13.53 68.80
v 220.51 16.06 68.80
v 220.51 16.06 78.96
v 213.78 13.53 78.96
v 220.51 16.06 78.96
v 218.14 22.37 78.96
v 214.56 21.66 83.85
v 217.36 14.23 83.85
v 213.43 12.75 78.96
v 217.36 14.23 83.85
v 214.56 21.66 83.85
v 210.63 20.18 78.96
v 220.51 16.06 78.96
v 217.36 14.23 83.85
v 213.43 12.75 78.96
v 218.14 22.37 78.96
v 210.63 20.18 78.96
v 214.56 21.66 83.85
v 204.64 9.66 68.80
v 201.99 16.72 68.80
v 208.25 19.07 68.80
v 210.90 12.02 68.80
v 210.90 12.02 82.60
v 208.25 19.07 82.60
v 201.99 16.72 82.60
v 204.64 9.66 82.60
v 210.90 12.02 68.80
v 208.25 19.07 68.80
v 208.25 19.07 82.60
v 210.90 12.02 82.60
v 208.25 19.07 68.80
v 201.99 16.72 68.80
v 201.99 16.72 82.60
v 208.25 19.07 82.60
v 201.99 16.72 68.80
v 204.64 9.66 68.80
v 204.64 9.66 82.60
v 201.99 16.72 82.60
v 204.64 9.66 68.80
v 210.90 12.02 68.80
v 210.90 12.02 82.60
v 204.64 9.66 82.60
v 204.44 9.21 82.60
v 201.99 16.72 82.60
v 208.25 19.07 82.60
v 211.35 11.81 82.60
v 211.35 11.81 88.27
v 208.45 19.52 88.27
v 201.54 16.92 88.27
v 204.44 9.21 88.27
v 211.35 11.81 82.60
v 208.25 19.07 82.60
v 208.45 19.52 88.27
v 211.35 11.81 88.27
v 208.25 19.07 82.60
v 201.99 16.72 82.60
v 201.54 16.92 88.27
v 208.45 19.52 88.27
v 201.99 16.72 82.60
v 204.44 9.21 82.60
v 204.44 9.21 88.27
v 201.54 16.92 88.27
v 204.44 9.21 82.60
v 211.35 11.81 82.60
v 211.35 11.81 88.27
v 204.44 9.21 88.27
v 208.60 19.85 88.27
v 211.35 11.81 88.27
v 210.14 15.76 93.39
v 202.75 12.98 93.39
v 210.14 15.76 93.39
v 204.44 9.21 88.27
v 201.54 16.92 88.27
v 202.75 12.98 93.39
v 211.35 11.81 88.27
v 204.44 9.21 88.27
v 210.14 15.76 93.39
v 208.60 19.85 88.27
v 202.75 12.98 93.39
v 201.54 16.92 88.27
v 205.63 10.64 74.73
v 205.18 11.83 74.73
v 205.18 11.83 77.87
v 205.63 10.64 77.87
v 205.18 11.83 74.73
v 205.63 10.64 74.73
v 205.63 10.64 77.87
v 205.18 11.83 77.87
v 208.16 10.64 74.73
v 207.72 11.83 74.73
v 207.72 11.83 77.87
v 208.16 10.64 77.87
v 207.72 11.83 74.73
v 208.16 10.64 74.73
v 208.16 10.64 77.87
v 207.72 11.83 77.87
v 205.63 10.64 81.00
v 205.18 11.83 81.00
v 205.18 11.83 84.13
v 205.63 10.64 84.13
v 205.18 11.83 81.00
v 205.63 10.64 81.00
v 205.63 10.64 84.13
v 205.18 11.83 84.13
v 208.16 10.64 81.00
v 207.72 11.83 81.00
v 207.72 11.83 84.13
v 208.16 10.64 84.13
v 207.72 11.83 81.00
v 208.16 10.64 81.00
v 208.16 10.64 84.13
v 207.72 11.83 84.13
v 208.33 14.88 88.27
v 208.97 16.30 88.27
v 209.36 15.27 88.27
v 209.36 15.27 91.47
v 208.97 16.30 91.47
v 208.33 14.88 91.47
v 209.36 15.27 88.27
v 208.97 16.30 88.27
v 208.97 16.30 91.47
v 209.36 15.27 91.47
v 208.97 16.30 88.27
v 208.33 14.88 88.27
v 208.33 14.88 91.47
v 208.97 16.30 91.47
v 208.33 14.88 88.27
v 209.36 15.27 88.27
v 209.36 15.27 91.47
v 208.33 14.88 91.47
v 207.90 32.16 68.80
v 203.67 40.15 68.80
v 210.16 43.59 68.80
v 214.39 35.60 68.80
v 214.39 35.60 79.45
v 210.16 43.59 79.45
v 203.67 40.15 79.45
v 207.90 32.16 79.45
v 214.39 35.60 68.80
v 210.16 43.59 68.80
v 210.16 43.59 79.45
v 214.39 35.60 79.45
v 210.16 43.59 68.80
v 203.67 40.15 68.80
v 203.67 40.15 79.45
v 210.16 43.59 79.45
v 203.67 40.15 68.80
v 207.90 32.16 68.80
v 207.90 32.16 79.45
v 203.67 40.15 79.45
v 207.90 32.16 68.80
v 214.39 35.60 68.80
v 214.39 35.60 79.45
v 207.90 32.16 79.45
v 210.41 44.40 79.45
v 214.39 35.60 79.45
v 212.81 39.88 85.60
v 205.25 35.88 85.60
v 212.81 39.88 85.60
v 207.90 32.16 79.45
v 203.67 40.15 79.45
v 205.25 35.88 85.60
v 214.39 35.60 79.45
v 207.90 32.16 79.45
v 212.81 39.88 85.60
v 210.41 44.40 79.45
v 205.25 35.88 85.60
v 203.67 40.15 79.45
v 212.31 38.93 79.45
v 210.82 39.39 79.45
v 211.80 39.91 79.45
v 212.31 38.93 82.65
v 211.80 39.91 82.65
v 210.82 39.39 82.65
v 212.31 38.93 79.45
v 211.80 39.91 79.45
v 211.80 39.91 82.65
v 212.31 38.93 82.65
v 211.80 39.91 79.45
v 210.82 39.39 79.45
v 210.82 39.39 82.65
v 211.80 39.91 82.65
v 210.82 39.39 79.45
v 212.31 38.93 79.45
v 212.31 38.93 82.65
v 210.82 39.39 82.65
v 198.62 28.47 68.80
v 195.40 34.55 68.80
v 202.33 38.22 68.80
v 205.55 32.14 68.80
v 205.55 32.14 77.75
v 202.33 38.22 77.75
v 195.40 34.55 77.75
v 198.62 28.47 77.75
v 205.55 32.14 68.80
v 202.33 38.22 68.80
v 202.33 38.22 77.75
v 205.55 32.14 77.75
v 202.33 38.22 68.80
v 195.40 34.55 68.80
v 195.40 34.55 77.75
v 202.33 38.22 77.75
v 195.40 34.55 68.80
v 198.62 28.47 68.80
v 198.62 28.47 77.75
v 195.40 34.55 77.75
v 198.62 28.47 68.80
v 205.55 32.14 68.80
v 205.55 32.14 77.75
v 198.62 28.47 77.75
v 205.55 32.14 77.75
v 202.58 39.03 77.75
v 198.58 36.92 83.08
v 202.37 29.77 83.08
v 198.62 28.47 77.75
v 202.37 29.77 83.08
v 198.58 36.92 83.08
v 195.40 34.55 77.75
v 205.55 32.14 77.75
v 202.37 29.77 83.08
v 198.62 28.47 77.75
v 202.58 39.03 77.75
v 195.40 34.55 77.75
v 198.58 36.92 83.08
v 201.79 34.91 77.75
v 202.77 35.42 77.75
v 203.28 34.45 77.75
v 203.28 34.45 80.94
v 202.77 35.42 80.94
v 201.79 34.91 80.94
v 203.28 34.45 77.75
v 202.77 35.42 77.75
v 202.77 35.42 80.94
v 203.28 34.45 80.94
v 202.77 35.42 77.75
v 201.79 34.91 77.75
v 201.79 34.91 80.94
v 202.77 35.42 80.94
v 201.79 34.91 77.75
v 203.28 34.45 77.75
v 203.28 34.45 80.94
v 201.79 34.91 80.94
v 190.65 23.69 68.80
v 186.97 30.64 68.80
v 193.18 33.93 68.80
v 196.86 26.98 68.80
v 196.86 26.98 77.11
v 193.18 33.93 77.11
v 186.97 30.64 77.11
v 190.65 23.69 77.11
v 196.86 26.98 68.80
v 193.18 33.93 68.80
v 193.18 33.93 77.11
v 196.86 26.98 77.11
v 193.18 33.93 68.80
v 186.97 30.64 68.80
v 186.97 30.64 77.11
v 193.18 33.93 77.11
v 186.97 30.64 68.80
v 190.65 23.69 68.80
v 190.65 23.69 77.11
v 186.97 30.64 77.11
v 190.65 23.69 68.80
v 196.86 26.98 68.80
v 196.86 26.98 77.11
v 190.65 23.69 77.11
v 190.65 23.69 77.11
v 186.97 30.64 77.11
v 193.18 33.93 77.11
v 196.86 26.98 77.11
v 197.34 26.84 80.31
v 193.33 34.40 80.31
v 186.50 30.78 80.31
v 190.50 23.22 80.31
v 196.86 26.98 77.11
v 193.18 33.93 77.11
v 193.33 34.40 80.31
v 197.34 26.84 80.31
v 193.18 33.93 77.11
v 186.97 30.64 77.11
v 186.50 30.78 80.31
v 193.33 34.40 80.31
v 186.97 30.64 77.11
v 190.65 23.69 77.11
v 190.50 23.22 80.31
v 186.50 30.78 80.31
v 190.65 23.69 77.11
v 196.86 26.98 77.11
v 197.34 26.84 80.31
v 190.50 23.22 80.31
v 193.33 34.40 80.31
v 197.34 26.84 80.31
v 195.55 30.74 85.66
v 188.28 26.89 85.66
v 195.55 30.74 85.66
v 190.50 23.22 80.31
v 186.16 30.89 80.31
v 188.28 26.89 85.66
v 197.34 26.84 80.31
v 190.50 23.22 80.31
v 195.55 30.74 85.66
v 193.33 34.40 80.31
v 188.28 26.89 85.66
v 186.16 30.89 80.31
v 193.78 24.95 76.23
v 193.15 26.12 76.23
v 193.15 26.12 77.77
v 193.78 24.95 77.77
v 193.15 26.12 76.23
v 193.78 24.95 76.23
v 193.78 24.95 77.77
v 193.15 26.12 77.77
v 194.94 29.84 80.31
v 193.45 30.29 80.31
v 194.42 30.81 80.31
v 194.94 29.84 83.51
v 194.42 30.81 83.51
v 193.45 30.29 83.51
v 194.94 29.84 80.31
v 194.42 30.81 80.31
v 194.42 30.81 83.51
v 194.94 29.84 83.51
v 194.42 30.81 80.31
v 193.45 30.29 80.31
v 193.45 30.29 83.51
v 194.42 30.81 83.51
v 193.45 30.29 80.31
v 194.94 29.84 80.31
v 194.94 29.84 83.51
v 193.45 30.29 83.51
v 190.63 46.03 68.80
v 185.12 53.75 68.80
v 190.03 57.26 68.80
v 195.54 49.54 68.80
v 195.54 49.54 80.89
v 190.03 57.26 80.89
v 185.12 53.75 80.89
v 190.63 46.03 80.89
v 195.54 49.54 68.80
v 190.03 57.26 68.80
v 190.03 57.26 80.89
v 195.54 49.54 80.89
v 190.03 57.26 68.80
v 185.12 53.75 68.80
v 185.12 53.75 80.89
v 190.03 57.26 80.89
v 185.12 53.75 68.80
v 190.63 46.03 68.80
v 190.63 46.03 80.89
v 185.12 53.75 80.89
v 190.63 46.03 68.80
v 195.54 49.54 68.80
v 195.54 49.54 80.89
v 190.63 46.03 80.89
v 190.03 57.26 80.89
v 196.37 49.40 80.89
v 193.27 53.75 87.34
v 187.38 49.54 87.34
v 193.27 53.75 87.34
v 190.63 46.03 80.89
v 184.28 53.89 80.89
v 187.38 49.54 87.34
v 196.37 49.40 80.89
v 190.63 46.03 80.89
v 193.27 53.75 87.34
v 190.03 57.26 80.89
v 187.38 49.54 87.34
v 184.28 53.89 80.89
v 188.95 47.94 73.26
v 188.39 49.57 73.26
v 189.35 48.22 73.26
v 189.35 48.22 74.92
v 188.39 49.57 74.92
v 188.95 47.94 74.92
v 189.35 48.22 73.26
v 188.39 49.57 73.26
v 188.39 49.57 74.92
v 189.35 48.22 74.92
v 188.39 49.57 73.26
v 188.95 47.94 73.26
v 188.95 47.94 74.92
v 188.39 49.57 74.92
v 188.95 47.94 73.26
v 189.35 48.22 73.26
v 189.35 48.22 74.92
v 188.95 47.94 74.92
v 192.66 48.22 73.26
v 191.30 49.28 73.26
v 191.70 49.57 73.26
v 192.66 48.22 74.92
v 191.70 49.57 74.92
v 191.30 49.28 74.92
v 192.66 48.22 73.26
v 191.70 49.57 73.26
v 191.70 49.57 74.92
v 192.66 48.22 74.92
v 191.70 49.57 73.26
v 191.30 49.28 73.26
v 191.30 49.28 74.92
v 191.70 49.57 74.92
v 191.30 49.28 73.26
v 192.66 48.22 73.26
v 192.66 48.22 74.92
v 191.30 49.28 74.92
v 188.95 47.94 74.92
v 188.39 49.57 74.92
v 189.35 48.22 74.92
v 189.35 48.22 78.23
v 188.39 49.57 78.23
v 188.95 47.94 78.23
v 189.35 48.22 74.92
v 188.39 49.57 74.92
v 188.39 49.57 78.23
v 189.35 48.22 78.23
v 188.39 49.57 74.92
v 188.95 47.94 74.92
v 188.95 47.94 78.23
v 188.39 49.57 78.23
v 188.95 47.94 74.92
v 189.35 48.22 74.92
v 189.35 48.22 78.23
v 188.95 47.94 78.23
v 192.66 48.22 74.92
v 191.30 49.28 74.92
v 191.70 49.57 74.92
v 192.66 48.22 78.23
v 191.70 49.57 78.23
v 191.30 49.28 78.23
v 192.66 48.22 74.92
v 191.70 49.57 74.92
v 191.70 49.57 78.23
v 192.66 48.22 78.23
v 191.70 49.57 74.92
v 191.30 49.28 74.92
v 191.30 49.28 78.23
v 191.70 49.57 78.23
v 191.30 49.28 74.92
v 192.66 48.22 74.92
v 192.66 48.22 78.23
v 191.30 49.28 78.23
v 192.83 52.03 80.89
v 193.09 53.56 80.89
v 193.73 52.67 80.89
v 193.73 52.67 84.09
v 193.09 53.56 84.09
v 192.83 52.03 84.09
v 193.73 52.67 80.89
v 193.09 53.56 80.89
v 193.09 53.56 84.09
v 193.73 52.67 84.09
v 193.09 53.56 80.89
v 192.83 52.03 80.89
v 192.83 52.03 84.09
v 193.09 53.56 84.09
v 192.83 52.03 80.89
v 193.73 52.67 80.89
v 193.73 52.67 84.09
v 192.83 52.03 84.09
v 182.15 41.62 68.80
v 178.19 47.16 68.80
v 183.57 51.00 68.80
v 187.52 45.46 68.80
v 187.52 45.46 79.14
v 183.57 51.00 79.14
v 178.19 47.16 79.14
v 182.15 41.62 79.14
v 187.52 45.46 68.80
v 183.57 51.00 68.80
v 183.57 51.00 79.14
v 187.52 45.46 79.14
v 183.57 51.00 68.80
v 178.19 47.16 68.80
v 178.19 47.16 79.14
v 183.57 51.00 79.14
v 178.19 47.16 68.80
v 182.15 41.62 68.80
v 182.15 41.62 79.14
v 178.19 47.16 79.14
v 182.15 41.62 68.80
v 187.52 45.46 68.80
v 187.52 45.46 79.14
v 182.15 41.62 79.14
v 183.57 51.00 79.14
v 187.52 45.46 79.14
v 186.03 48.58 83.77
v 179.68 44.04 83.77
v 186.03 48.58 83.77
v 182.15 41.62 79.14
v 178.19 47.16 79.14
v 179.68 44.04 83.77
v 187.52 45.46 79.14
v 182.15 41.62 79.14
v 186.03 48.58 83.77
v 183.57 51.00 79.14
v 179.68 44.04 83.77
v 178.19 47.16 79.14
v 175.16 35.05 68.80
v 169.72 42.69 68.80
v 175.61 46.90 68.80
v 181.06 39.27 68.80
v 181.06 39.27 77.15
v 175.61 46.90 77.15
v 169.72 42.69 77.15
v 175.16 35.05 77.15
v 181.06 39.27 68.80
v 175.61 46.90 68.80
v 175.61 46.90 77.15
v 181.06 39.27 77.15
v 175.16 35.05 68.80
v 181.06 39.27 68.80
v 181.06 39.27 77.15
v 175.16 35.05 77.15
v 175.16 35.05 77.15
v 169.23 42.77 77.15
v 175.61 46.90 77.15
v 181.06 39.27 77.15
v 181.55 39.19 80.37
v 175.69 47.39 80.37
v 169.23 42.77 80.37
v 175.08 34.57 80.37
v 181.06 39.27 77.15
v 175.61 46.90 77.15
v 175.69 47.39 80.37
v 181.55 39.19 80.37
v 175.16 35.05 77.15
v 181.06 39.27 77.15
v 181.55 39.19 80.37
v 175.08 34.57 80.37
v 175.69 47.39 80.37
v 181.55 39.19 80.37
v 178.83 43.43 86.75
v 171.95 38.52 86.75
v 181.55 39.19 80.37
v 175.08 34.57 80.37
v 178.83 43.43 86.75
v 177.70 36.95 76.26
v 176.75 38.29 76.26
v 176.75 38.29 77.82
v 177.70 36.95 77.82
v 176.75 38.29 76.26
v 177.70 36.95 76.26
v 177.70 36.95 77.82
v 176.75 38.29 77.82
v 177.87 41.48 80.37
v 178.13 43.02 80.37
v 178.77 42.12 80.37
v 178.77 42.12 83.57
v 178.13 43.02 83.57
v 177.87 41.48 83.57
v 178.77 42.12 80.37
v 178.13 43.02 80.37
v 178.13 43.02 83.57
v 178.77 42.12 83.57
v 178.13 43.02 80.37
v 177.87 41.48 80.37
v 177.87 41.48 83.57
v 178.13 43.02 83.57
v 177.87 41.48 80.37
v 178.77 42.12 80.37
v 178.77 42.12 83.57
v 177.87 41.48 83.57
v 184.16 -131.68 68.80
v 188.35 -125.80 68.80
v 194.27 -130.03 68.80
v 190.08 -135.90 68.80
v 190.08 -135.90 76.99
v 194.27 -130.03 76.99
v 188.35 -125.80 76.99
v 184.16 -131.68 76.99
v 190.08 -135.90 68.80
v 194.27 -130.03 68.80
v 194.27 -130.03 76.99
v 190.08 -135.90 76.99
v 194.27 -130.03 68.80
v 188.35 -125.80 68.80
v 188.35 -125.80 76.99
v 194.27 -130.03 76.99
v 188.35 -125.80 68.80
v 184.16 -131.68 68.80
v 184.16 -131.68 76.99
v 188.35 -125.80 76.99
v 184.16 -131.68 68.80
v 190.08 -135.90 68.80
v 190.08 -135.90 76.99
v 184.16 -131.68 76.99
v 190.22 -136.74 76.99
v 194.27 -130.03 76.99
v 191.66 -127.43 81.94
v 186.77 -134.28 81.94
v 184.16 -131.68 76.99
v 186.77 -134.28 81.94
v 191.66 -127.43 81.94
v 188.22 -124.97 76.99
v 190.22 -136.74 76.99
v 186.77 -134.28 81.94
v 184.16 -131.68 76.99
v 194.27 -130.03 76.99
v 188.22 -124.97 76.99
v 191.66 -127.43 81.94
v 187.86 -134.99 72.48
v 188.56 -134.01 72.48
v 188.56 -134.01 73.36
v 187.86 -134.99 73.36
v 188.56 -134.01 72.48
v 187.86 -134.99 72.48
v 187.86 -134.99 73.36
v 188.56 -134.01 73.36
v 190.27 -134.99 72.48
v 190.97 -134.01 72.48
v 190.97 -134.01 73.36
v 190.27 -134.99 73.36
v 190.97 -134.01 72.48
v 190.27 -134.99 72.48
v 190.27 -134.99 73.36
v 190.97 -134.01 73.36
v 187.86 -134.99 73.36
v 188.56 -134.01 73.36
v 188.56 -134.01 75.11
v 187.86 -134.99 75.11
v 188.56 -134.01 73.36
v 187.86 -134.99 73.36
v 187.86 -134.99 75.11
v 188.56 -134.01 75.11
v 190.27 -134.99 73.36
v 190.97 -134.01 73.36
v 190.97 -134.01 75.11
v 190.08 -135.90 76.99
v 190.97 -134.01 73.36
v 190.27 -134.99 73.36
v 190.08 -135.90 76.99
v 190.97 -134.01 75.11
v 176.98 -126.30 68.80
v 180.94 -120.75 68.80
v 186.65 -124.83 68.80
v 184.16 -131.68 68.80
v 182.69 -130.38 78.15
v 186.65 -124.83 78.15
v 180.94 -120.75 78.15
v 176.98 -126.30 78.15
v 184.16 -131.68 68.80
v 186.65 -124.83 68.80
v 186.65 -124.83 78.15
v 182.69 -130.38 78.15
v 186.65 -124.83 68.80
v 180.94 -120.75 68.80
v 180.94 -120.75 78.15
v 186.65 -124.83 78.15
v 180.94 -120.75 68.80
v 176.98 -126.30 68.80
v 176.98 -126.30 78.15
v 180.94 -120.75 78.15
v 176.98 -126.30 68.80
v 184.16 -131.68 68.80
v 182.69 -130.38 78.15
v 176.98 -126.30 78.15
v 176.98 -126.30 78.15
v 180.94 -120.75 78.15
v 187.14 -124.75 78.15
v 182.69 -130.38 78.15
v 182.77 -130.87 81.82
v 187.14 -124.75 81.82
v 180.86 -120.26 81.82
v 176.49 -126.38 81.82
v 182.69 -130.38 78.15
v 187.14 -124.75 78.15
v 187.14 -124.75 81.82
v 182.77 -130.87 81.82
v 187.14 -124.75 78.15
v 180.94 -120.75 78.15
v 180.86 -120.26 81.82
v 187.14 -124.75 81.82
v 180.94 -120.75 78.15
v 176.98 -126.30 78.15
v 176.49 -126.38 81.82
v 180.86 -120.26 81.82
v 176.98 -126.30 78.15
v 182.69 -130.38 78.15
v 182.77 -130.87 81.82
v 176.49 -126.38 81.82
v 182.77 -130.87 81.82
v 187.14 -124.75 81.82
v 184.14 -122.30 86.59
v 179.48 -128.83 86.59
v 176.49 -126.38 81.82
v 179.48 -128.83 86.59
v 184.14 -122.30 86.59
v 180.86 -120.26 81.82
v 182.77 -130.87 81.82
v 179.48 -128.83 86.59
v 176.49 -126.38 81.82
v 187.14 -124.75 81.82
v 180.86 -120.26 81.82
v 184.14 -122.30 86.59
v 180.56 -129.55 73.44
v 180.16 -129.26 73.44
v 180.16 -129.26 75.29
v 180.56 -129.55 75.29
v 180.16 -129.26 73.44
v 180.56 -129.55 73.44
v 180.56 -129.55 75.29
v 180.16 -129.26 75.29
v 182.81 -129.55 73.44
v 180.56 -129.55 73.44
v 180.56 -129.55 75.29
v 182.81 -129.55 75.29
v 180.56 -129.55 73.44
v 182.81 -129.55 73.44
v 182.81 -129.55 75.29
v 180.56 -129.55 75.29
v 175.18 -125.16 68.80
v 179.28 -119.43 68.80
v 179.28 -119.43 79.26
v 175.18 -125.16 79.26
v 179.28 -119.43 68.80
v 173.63 -115.40 68.80
v 173.63 -115.40 79.26
v 179.28 -119.43 79.26
v 179.28 -119.43 79.26
v 175.32 -125.99 79.26
v 177.72 -122.64 84.05
v 171.10 -117.91 84.05
v 175.44 -124.24 72.93
v 175.72 -123.00 72.93
v 176.12 -123.29 72.93
v 175.44 -124.24 72.93
v 176.12 -123.29 72.93
v 175.72 -123.00 72.93
v 175.44 -124.24 75.60
v 175.72 -123.00 75.60
v 176.12 -123.29 75.60
v 175.44 -124.24 75.60
v 176.12 -123.29 75.60
v 175.72 -123.00 75.60
v 200.52 -118.47 68.80
v 204.74 -110.50 68.80
v 211.12 -113.89 68.80
v 206.91 -121.85 68.80
v 206.91 -121.85 83.20
v 211.12 -113.89 83.20
v 204.74 -110.50 83.20
v 200.52 -118.47 83.20
v 206.91 -121.85 68.80
v 211.12 -113.89 68.80
v 211.12 -113.89 83.20
v 206.91 -121.85 83.20
v 211.12 -113.89 68.80
v 204.74 -110.50 68.80
v 204.74 -110.50 83.20
v 211.12 -113.89 83.20
v 204.74 -110.50 68.80
v 200.52 -118.47 68.80
v 200.52 -118.47 83.20
v 204.74 -110.50 83.20
v 200.52 -118.47 68.80
v 206.91 -121.85 68.80
v 206.91 -121.85 83.20
v 200.52 -118.47 83.20
v 200.05 -118.61 83.20
v 204.59 -110.03 83.20
v 211.60 -113.74 83.20
v 206.91 -121.85 83.20
v 207.05 -122.32 89.14
v 211.60 -113.74 89.14
v 204.59 -110.03 89.14
v 200.05 -118.61 89.14
v 206.91 -121.85 83.20
v 211.60 -113.74 83.20
v 211.60 -113.74 89.14
v 207.05 -122.32 89.14
v 211.60 -113.74 83.20
v 204.59 -110.03 83.20
v 204.59 -110.03 89.14
v 211.60 -113.74 89.14
v 204.59 -110.03 83.20
v 200.05 -118.61 83.20
v 200.05 -118.61 89.14
v 204.59 -110.03 89.14
v 200.05 -118.61 83.20
v 206.91 -121.85 83.20
v 207.05 -122.32 89.14
v 200.05 -118.61 89.14
v 211.60 -113.74 89.14
v 207.05 -122.32 89.14
v 209.55 -118.15 95.27
v 202.10 -114.20 95.27
v 209.55 -118.15 95.27
v 200.05 -118.61 89.14
v 204.49 -109.69 89.14
v 202.10 -114.20 95.27
v 207.05 -122.32 89.14
v 200.05 -118.61 89.14
v 209.55 -118.15 95.27
v 211.60 -113.74 89.14
v 202.10 -114.20 95.27
v 204.49 -109.69 89.14
v 204.11 -120.47 74.91
v 204.84 -119.09 74.91
v 204.84 -119.09 78.22
v 204.11 -120.47 78.22
v 204.84 -119.09 74.91
v 204.11 -120.47 74.91
v 204.11 -120.47 78.22
v 204.84 -119.09 78.22
v 204.11 -120.47 81.52
v 204.84 -119.09 81.52
v 204.84 -119.09 84.83
v 204.11 -120.47 84.83
v 204.84 -119.09 81.52
v 204.11 -120.47 81.52
v 204.11 -120.47 84.83
v 204.84 -119.09 84.83
v 191.98 -113.08 68.80
v 195.49 -106.46 68.80
v 202.92 -110.40 68.80
v 199.41 -117.02 68.80
v 199.41 -117.02 78.97
v 202.92 -110.40 78.97
v 195.49 -106.46 78.97
v 191.98 -113.08 78.97
v 199.41 -117.02 68.80
v 202.92 -110.40 68.80
v 202.92 -110.40 78.97
v 199.41 -117.02 78.97
v 202.92 -110.40 68.80
v 195.49 -106.46 68.80
v 195.49 -106.46 78.97
v 202.92 -110.40 78.97
v 195.49 -106.46 68.80
v 191.98 -113.08 68.80
v 191.98 -113.08 78.97
v 195.49 -106.46 78.97
v 191.98 -113.08 68.80
v 199.41 -117.02 68.80
v 199.41 -117.02 78.97
v 191.98 -113.08 78.97
v 199.41 -117.02 78.97
v 202.92 -110.40 78.97
v 199.49 -107.90 84.69
v 195.42 -115.58 84.69
v 191.17 -113.33 78.97
v 195.42 -115.58 84.69
v 199.49 -107.90 84.69
v 195.49 -106.46 78.97
v 199.41 -117.02 78.97
v 195.42 -115.58 84.69
v 191.17 -113.33 78.97
v 202.92 -110.40 78.97
v 195.49 -106.46 78.97
v 199.49 -107.90 84.69
v 199.88 -111.10 78.97
v 199.42 -109.61 78.97
v 200.39 -110.12 78.97
v 199.88 -111.10 82.17
v 200.39 -110.12 82.17
v 199.42 -109.61 82.17
v 199.88 -111.10 78.97
v 200.39 -110.12 78.97
v 200.39 -110.12 82.17
v 199.88 -111.10 82.17
v 200.39 -110.12 78.97
v 199.42 -109.61 78.97
v 199.42 -109.61 82.17
v 200.39 -110.12 82.17
v 199.42 -109.61 78.97
v 199.88 -111.10 78.97
v 199.88 -111.10 82.17
v 199.42 -109.61 82.17
v 184.37 -109.52 68.80
v 188.26 -102.17 68.80
v 193.79 -105.10 68.80
v 189.90 -112.45 68.80
v 189.90 -112.45 82.99
v 193.79 -105.10 82.99
v 188.26 -102.17 82.99
v 184.37 -109.52 82.99
v 189.90 -112.45 68.80
v 193.79 -105.10 68.80
v 193.79 -105.10 82.99
v 189.90 -112.45 82.99
v 193.79 -105.10 68.80
v 188.26 -102.17 68.80
v 188.26 -102.17 82.99
v 193.79 -105.10 82.99
v 188.26 -102.17 68.80
v 184.37 -109.52 68.80
v 184.37 -109.52 82.99
v 188.26 -102.17 82.99
v 184.37 -109.52 68.80
v 189.90 -112.45 68.80
v 189.90 -112.45 82.99
v 184.37 -109.52 82.99
v 184.37 -109.52 82.99
v 188.26 -102.17 82.99
v 193.79 -105.10 82.99
v 189.90 -112.45 82.99
v 190.04 -112.92 88.83
v 194.27 -104.95 88.83
v 188.12 -101.69 88.83
v 183.89 -109.67 88.83
v 189.90 -112.45 82.99
v 193.79 -105.10 82.99
v 194.27 -104.95 88.83
v 190.04 -112.92 88.83
v 193.79 -105.10 82.99
v 188.26 -102.17 82.99
v 188.12 -101.69 88.83
v 194.27 -104.95 88.83
v 188.26 -102.17 82.99
v 184.37 -109.52 82.99
v 183.89 -109.67 88.83
v 188.12 -101.69 88.83
v 184.37 -109.52 82.99
v 189.90 -112.45 82.99
v 190.04 -112.92 88.83
v 183.89 -109.67 88.83
v 194.27 -104.95 88.83
v 190.04 -112.92 88.83
v 192.38 -109.06 94.49
v 185.78 -105.56 94.49
v 192.38 -109.06 94.49
v 183.89 -109.67 88.83
v 188.12 -101.69 88.83
v 185.78 -105.56 94.49
v 190.04 -112.92 88.83
v 183.89 -109.67 88.83
v 192.38 -109.06 94.49
v 194.27 -104.95 88.83
v 185.78 -105.56 94.49
v 188.12 -101.69 88.83
v 187.54 -111.06 74.85
v 188.21 -109.80 74.85
v 188.21 -109.80 78.09
v 187.54 -111.06 78.09
v 188.21 -109.80 74.85
v 187.54 -111.06 74.85
v 187.54 -111.06 78.09
v 188.21 -109.80 78.09
v 190.39 -111.06 74.85
v 191.05 -109.80 74.85
v 191.05 -109.80 78.09
v 190.39 -111.06 78.09
v 191.05 -109.80 74.85
v 190.39 -111.06 74.85
v 190.39 -111.06 78.09
v 191.05 -109.80 78.09
v 187.54 -111.06 81.34
v 188.21 -109.80 81.34
v 188.21 -109.80 84.59
v 187.54 -111.06 84.59
v 188.21 -109.80 81.34
v 187.54 -111.06 81.34
v 187.54 -111.06 84.59
v 188.21 -109.80 84.59
v 190.39 -111.06 81.34
v 191.05 -109.80 81.34
v 191.05 -109.80 84.59
v 190.39 -111.06 84.59
v 191.05 -109.80 81.34
v 190.39 -111.06 81.34
v 190.39 -111.06 84.59
v 191.05 -109.80 84.59
v 212.09 -101.52 68.80
v 215.41 -92.71 68.80
v 223.23 -95.66 68.80
v 219.91 -104.47 68.80
v 219.91 -104.47 76.98
v 223.23 -95.66 76.98
v 215.41 -92.71 76.98
v 212.09 -101.52 76.98
v 219.91 -104.47 68.80
v 223.23 -95.66 68.80
v 223.23 -95.66 76.98
v 219.91 -104.47 76.98
v 223.23 -95.66 68.80
v 215.41 -92.71 68.80
v 215.41 -92.71 76.98
v 223.23 -95.66 76.98
v 215.41 -92.71 68.80
v 212.09 -101.52 68.80
v 212.09 -101.52 76.98
v 215.41 -92.71 76.98
v 212.09 -101.52 68.80
v 219.91 -104.47 68.80
v 219.91 -104.47 76.98
v 212.09 -101.52 76.98
v 223.23 -95.66 76.98
v 220.26 -105.24 76.98
v 222.13 -100.27 83.38
v 213.19 -96.91 83.38
v 222.13 -100.27 83.38
v 212.09 -101.52 76.98
v 215.06 -91.94 76.98
v 213.19 -96.91 83.38
v 220.26 -105.24 76.98
v 212.09 -101.52 76.98
v 222.13 -100.27 83.38
v 223.23 -95.66 76.98
v 213.19 -96.91 83.38
v 215.06 -91.94 76.98
v 215.50 -103.33 72.48
v 216.54 -101.96 72.48
v 215.96 -103.50 72.48
v 215.96 -103.50 73.35
v 216.54 -101.96 73.35
v 215.50 -103.33 73.35
v 215.96 -103.50 72.48
v 216.54 -101.96 72.48
v 216.54 -101.96 73.35
v 215.96 -103.50 73.35
v 216.54 -101.96 72.48
v 215.50 -103.33 72.48
v 215.50 -103.33 73.35
v 216.54 -101.96 73.35
v 215.50 -103.33 72.48
v 215.96 -103.50 72.48
v 215.96 -103.50 73.35
v 215.50 -103.33 73.35
v 219.24 -103.50 72.48
v 219.82 -101.96 72.48
v 219.82 -101.96 73.35
v 219.24 -103.50 73.35
v 219.82 -101.96 72.48
v 219.24 -103.50 72.48
v 219.24 -103.50 73.35
v 219.82 -101.96 73.35
v 215.50 -103.33 73.35
v 216.54 -101.96 73.35
v 215.96 -103.50 73.35
v 215.96 -103.50 75.10
v 216.54 -101.96 75.10
v 215.50 -103.33 75.10
v 215.96 -103.50 73.35
v 216.54 -101.96 73.35
v 216.54 -101.96 75.10
v 215.96 -103.50 75.10
v 216.54 -101.96 73.35
v 215.50 -103.33 73.35
v 215.50 -103.33 75.10
v 216.54 -101.96 75.10
v 215.50 -103.33 73.35
v 215.96 -103.50 73.35
v 215.96 -103.50 75.10
v 215.50 -103.33 75.10
v 219.24 -103.50 73.35
v 219.82 -101.96 73.35
v 219.82 -101.96 75.10
v 219.91 -104.47 76.98
v 219.82 -101.96 73.35
v 219.24 -103.50 73.35
v 219.91 -104.47 76.98
v 219.82 -101.96 75.10
v 219.57 -97.52 76.98
v 219.96 -96.50 76.98
v 220.60 -97.91 76.98
v 220.60 -97.91 80.18
v 219.96 -96.50 80.18
v 219.57 -97.52 80.18
v 220.60 -97.91 76.98
v 219.96 -96.50 76.98
v 219.96 -96.50 80.18
v 220.60 -97.91 80.18
v 219.96 -96.50 76.98
v 219.57 -97.52 76.98
v 219.57 -97.52 80.18
v 219.96 -96.50 80.18
v 219.57 -97.52 76.98
v 220.60 -97.91 76.98
v 220.60 -97.91 80.18
v 219.57 -97.52 80.18
v 203.22 -97.96 68.80
v 206.39 -89.55 68.80
v 215.41 -92.71 68.80
v 210.81 -100.81 68.80
v 210.81 -100.81 82.75
v 213.98 -92.40 82.75
v 206.39 -89.55 82.75
v 203.22 -97.96 82.75
v 210.81 -100.81 68.80
v 215.41 -92.71 68.80
v 213.98 -92.40 82.75
v 210.81 -100.81 82.75
v 215.41 -92.71 68.80
v 206.39 -89.55 68.80
v 206.39 -89.55 82.75
v 213.98 -92.40 82.75
v 206.39 -89.55 68.80
v 203.22 -97.96 68.80
v 203.22 -97.96 82.75
v 206.39 -89.55 82.75
v 203.22 -97.96 68.80
v 210.81 -100.81 68.80
v 210.81 -100.81 82.75
v 203.22 -97.96 82.75
v 203.22 -97.96 82.75
v 206.39 -89.55 82.75
v 214.43 -92.20 82.75
v 211.02 -101.26 82.75
v 211.02 -101.26 88.49
v 214.43 -92.20 88.49
v 206.19 -89.09 88.49
v 202.77 -98.16 88.49
v 211.02 -101.26 82.75
v 214.43 -92.20 82.75
v 214.43 -92.20 88.49
v 211.02 -101.26 88.49
v 214.43 -92.20 82.75
v 206.39 -89.55 82.75
v 206.19 -89.09 88.49
v 214.43 -92.20 88.49
v 206.39 -89.55 82.75
v 203.22 -97.96 82.75
v 202.77 -98.16 88.49
v 206.19 -89.09 88.49
v 203.22 -97.96 82.75
v 211.02 -101.26 82.75
v 211.02 -101.26 88.49
v 202.77 -98.16 88.49
v 214.43 -92.20 88.49
v 211.02 -101.26 88.49
v 212.96 -96.82 94.61
v 204.25 -93.54 94.61
v 212.96 -96.82 94.61
v 202.77 -98.16 88.49
v 206.19 -89.09 88.49
v 204.25 -93.54 94.61
v 211.02 -101.26 88.49
v 202.77 -98.16 88.49
v 212.96 -96.82 94.61
v 214.43 -92.20 88.49
v 204.25 -93.54 94.61
v 206.19 -89.09 88.49
v 206.54 -99.75 74.78
v 207.55 -98.47 74.78
v 207.00 -99.92 74.78
v 207.00 -99.92 77.96
v 207.55 -98.47 77.96
v 206.54 -99.75 77.96
v 207.00 -99.92 74.78
v 207.55 -98.47 74.78
v 207.55 -98.47 77.96
v 207.00 -99.92 77.96
v 207.55 -98.47 74.78
v 206.54 -99.75 74.78
v 206.54 -99.75 77.96
v 207.55 -98.47 77.96
v 206.54 -99.75 74.78
v 207.00 -99.92 74.78
v 207.00 -99.92 77.96
v 206.54 -99.75 77.96
v 210.11 -99.92 74.78
v 210.66 -98.47 74.78
v 210.66 -98.47 77.96
v 210.11 -99.92 77.96
v 210.66 -98.47 74.78
v 210.11 -99.92 74.78
v 210.11 -99.92 77.96
v 210.66 -98.47 77.96
v 206.54 -99.75 81.14
v 207.55 -98.47 81.14
v 207.00 -99.92 81.14
v 207.00 -99.92 84.31
v 207.55 -98.47 84.31
v 206.54 -99.75 84.31
v 207.00 -99.92 81.14
v 207.55 -98.47 81.14
v 207.55 -98.47 84.31
v 207.00 -99.92 84.31
v 207.55 -98.47 81.14
v 206.54 -99.75 81.14
v 206.54 -99.75 84.31
v 207.55 -98.47 84.31
v 206.54 -99.75 81.14
v 207.00 -99.92 81.14
v 207.00 -99.92 84.31
v 206.54 -99.75 84.31
v 210.11 -99.92 81.14
v 210.66 -98.47 81.14
v 210.66 -98.47 84.31
v 210.11 -99.92 84.31
v 210.66 -98.47 81.14
v 210.11 -99.92 81.14
v 210.11 -99.92 84.31
v 210.66 -98.47 84.31
v 194.39 -94.81 68.80
v 197.68 -86.09 68.80
v 206.39 -89.55 68.80
v 201.41 -97.45 68.80
v 201.41 -97.45 80.81
v 204.69 -88.73 80.81
v 197.68 -86.09 80.81
v 194.39 -94.81 80.81
v 201.41 -97.45 68.80
v 206.39 -89.55 68.80
v 204.69 -88.73 80.81
v 201.41 -97.45 80.81
v 206.39 -89.55 68.80
v 197.68 -86.09 68.80
v 197.68 -86.09 80.81
v 204.69 -88.73 80.81
v 197.68 -86.09 68.80
v 194.39 -94.81 68.80
v 194.39 -94.81 80.81
v 197.68 -86.09 80.81
v 194.39 -94.81 68.80
v 201.41 -97.45 68.80
v 201.41 -97.45 80.81
v 194.39 -94.81 80.81
v 204.69 -88.73 80.81
v 201.41 -97.45 80.81
v 203.61 -93.30 87.15
v 195.47 -90.24 87.15
v 203.61 -93.30 87.15
v 194.39 -94.81 80.81
v 197.33 -85.31 80.81
v 195.47 -90.24 87.15
v 201.41 -97.45 80.81
v 194.39 -94.81 80.81
v 203.61 -93.30 87.15
v 204.69 -88.73 80.81
v 195.47 -90.24 87.15
v 197.33 -85.31 80.81
v 197.86 -96.24 73.24
v 197.97 -94.54 73.24
v 198.43 -94.72 73.24
v 197.86 -96.24 74.88
v 198.43 -94.72 74.88
v 197.97 -94.54 74.88
v 197.86 -96.24 73.24
v 198.43 -94.72 73.24
v 198.43 -94.72 74.88
v 197.86 -96.24 74.88
v 198.43 -94.72 73.24
v 197.97 -94.54 73.24
v 197.97 -94.54 74.88
v 198.43 -94.72 74.88
v 197.97 -94.54 73.24
v 197.86 -96.24 73.24
v 197.86 -96.24 74.88
v 197.97 -94.54 74.88
v 201.11 -96.24 73.24
v 201.22 -94.54 73.24
v 201.22 -94.54 74.88
v 201.11 -96.24 74.88
v 201.22 -94.54 73.24
v 201.11 -96.24 73.24
v 201.11 -96.24 74.88
v 201.22 -94.54 74.88
v 197.86 -96.24 74.88
v 197.97 -94.54 74.88
v 198.43 -94.72 74.88
v 197.86 -96.24 78.17
v 198.43 -94.72 78.17
v 197.97 -94.54 78.17
v 197.86 -96.24 74.88
v 198.43 -94.72 74.88
v 198.43 -94.72 78.17
v 197.86 -96.24 78.17
v 198.43 -94.72 74.88
v 197.97 -94.54 74.88
v 197.97 -94.54 78.17
v 198.43 -94.72 78.17
v 197.97 -94.54 74.88
v 197.86 -96.24 74.88
v 197.86 -96.24 78.17
v 197.97 -94.54 78.17
v 201.11 -96.24 74.88
v 201.22 -94.54 74.88
v 201.22 -94.54 78.17
v 201.11 -96.24 78.17
v 201.22 -94.54 74.88
v 201.11 -96.24 74.88
v 201.11 -96.24 78.17
v 201.22 -94.54 78.17
v 201.43 -90.79 80.81
v 201.82 -89.76 80.81
v 202.85 -90.15 80.81
v 202.46 -91.18 80.81
v 202.46 -91.18 84.01
v 202.42 -88.91 84.00
v 201.82 -89.76 84.01
v 201.43 -90.79 84.01
v 202.46 -91.18 80.81
v 202.85 -90.15 80.81
v 202.42 -88.91 84.00
v 202.46 -91.18 84.01
v 202.85 -90.15 80.81
v 201.82 -89.76 80.81
v 201.82 -89.76 84.01
v 202.42 -88.91 84.00
v 201.82 -89.76 80.81
v 201.43 -90.79 80.81
v 201.43 -90.79 84.01
v 201.82 -89.76 84.01
v 201.43 -90.79 80.81
v 202.46 -91.18 80.81
v 202.46 -91.18 84.01
v 201.43 -90.79 84.01
v 220.89 -82.21 68.80
v 222.61 -75.11 68.80
v 229.50 -76.78 68.80
v 227.79 -83.88 68.80
v 227.79 -83.88 82.53
v 229.50 -76.78 82.53
v 222.61 -75.11 82.53
v 220.89 -82.21 82.53
v 227.79 -83.88 68.80
v 229.50 -76.78 68.80
v 229.50 -76.78 82.53
v 227.79 -83.88 82.53
v 229.50 -76.78 68.80
v 222.61 -75.11 68.80
v 222.61 -75.11 82.53
v 229.50 -76.78 82.53
v 222.61 -75.11 68.80
v 220.89 -82.21 68.80
v 220.89 -82.21 82.53
v 222.61 -75.11 82.53
v 220.89 -82.21 68.80
v 227.79 -83.88 68.80
v 227.79 -83.88 82.53
v 220.89 -82.21 82.53
v 220.89 -82.21 82.53
v 222.35 -74.69 82.53
v 229.50 -76.78 82.53
v 227.79 -83.88 82.53
v 228.04 -84.30 88.16
v 229.93 -76.52 88.16
v 222.35 -74.69 88.16
v 220.47 -82.47 88.16
v 227.79 -83.88 82.53
v 229.50 -76.78 82.53
v 229.93 -76.52 88.16
v 228.04 -84.30 88.16
v 229.50 -76.78 82.53
v 222.35 -74.69 82.53
v 222.35 -74.69 88.16
v 229.93 -76.52 88.16
v 222.35 -74.69 82.53
v 220.89 -82.21 82.53
v 220.47 -82.47 88.16
v 222.35 -74.69 88.16
v 220.89 -82.21 82.53
v 227.79 -83.88 82.53
v 228.04 -84.30 88.16
v 220.47 -82.47 88.16
v 229.93 -76.52 88.16
v 228.04 -84.30 88.16
v 229.23 -80.47 93.13
v 221.17 -78.52 93.13
v 229.23 -80.47 93.13
v 220.47 -82.47 88.16
v 222.17 -74.38 88.16
v 221.17 -78.52 93.13
v 228.04 -84.30 88.16
v 220.47 -82.47 88.16
v 229.23 -80.47 93.13
v 229.93 -76.52 88.16
v 221.17 -78.52 93.13
v 222.17 -74.38 88.16
v 226.51 -83.57 74.71
v 226.80 -82.38 74.71
v 226.80 -82.38 77.83
v 226.51 -83.57 77.83
v 226.80 -82.38 74.71
v 226.51 -83.57 74.71
v 226.51 -83.57 77.83
v 226.80 -82.38 77.83
v 226.51 -83.57 80.94
v 226.80 -82.38 80.94
v 226.80 -82.38 84.05
v 226.51 -83.57 84.05
v 226.80 -82.38 80.94
v 226.51 -83.57 80.94
v 226.51 -83.57 84.05
v 226.80 -82.38 84.05
v 211.77 -79.84 68.80
v 213.42 -73.04 68.80
v 219.63 -74.55 68.80
v 217.99 -81.35 68.80
v 217.99 -81.35 82.79
v 219.63 -74.55 82.79
v 213.42 -73.04 82.79
v 211.77 -79.84 82.79
v 217.99 -81.35 68.80
v 219.63 -74.55 68.80
v 219.63 -74.55 82.79
v 217.99 -81.35 82.79
v 219.63 -74.55 68.80
v 213.42 -73.04 68.80
v 213.42 -73.04 82.79
v 219.63 -74.55 82.79
v 213.42 -73.04 68.80
v 211.77 -79.84 68.80
v 211.77 -79.84 82.79
v 213.42 -73.04 82.79
v 211.77 -79.84 68.80
v 217.99 -81.35 68.80
v 217.99 -81.35 82.79
v 211.77 -79.84 82.79
v 220.35 -74.11 82.79
v 218.43 -82.07 82.79
v 219.39 -78.09 87.55
v 212.01 -76.30 87.55
v 219.39 -78.09 87.55
v 211.05 -80.29 82.79
v 212.97 -72.32 82.79
v 212.01 -76.30 87.55
v 218.43 -82.07 82.79
v 211.05 -80.29 82.79
v 219.39 -78.09 87.55
v 220.35 -74.11 82.79
v 212.01 -76.30 87.55
v 212.97 -72.32 82.79
v 218.19 -76.67 82.79
v 217.38 -75.34 82.79
v 217.38 -75.34 85.99
v 218.19 -76.67 85.99
v 217.38 -75.34 82.79
v 218.19 -76.67 82.79
v 218.19 -76.67 85.99
v 217.38 -75.34 85.99
v 201.53 -77.87 68.80
v 203.40 -70.12 68.80
v 210.88 -71.93 68.80
v 209.00 -79.68 68.80
v 209.00 -79.68 76.85
v 210.88 -71.93 76.85
v 203.40 -70.12 76.85
v 201.53 -77.87 76.85
v 209.00 -79.68 68.80
v 210.88 -71.93 68.80
v 210.88 -71.93 76.85
v 209.00 -79.68 76.85
v 210.88 -71.93 68.80
v 203.40 -70.12 68.80
v 203.40 -70.12 76.85
v 210.88 -71.93 76.85
v 203.40 -70.12 68.80
v 201.53 -77.87 68.80
v 201.53 -77.87 76.85
v 203.40 -70.12 76.85
v 201.53 -77.87 68.80
v 209.00 -79.68 68.80
v 209.00 -79.68 76.85
v 201.53 -77.87 76.85
v 213.16 -72.54 76.51
v 209.00 -79.68 76.85
v 210.52 -75.94 82.27
v 201.88 -73.85 82.27
v 210.52 -75.94 82.27
v 201.53 -77.87 76.85
v 203.40 -70.12 76.85
v 201.88 -73.85 82.27
v 209.00 -79.68 76.85
v 201.53 -77.87 76.85
v 210.52 -75.94 82.27
v 213.16 -72.54 76.51
v 201.88 -73.85 82.27
v 203.40 -70.12 76.85
v 204.45 -79.22 72.45
v 205.25 -78.02 72.45
v 204.93 -79.33 72.45
v 204.93 -79.33 73.30
v 205.25 -78.02 73.30
v 204.45 -79.22 73.30
v 204.93 -79.33 72.45
v 205.25 -78.02 72.45
v 205.25 -78.02 73.30
v 204.93 -79.33 73.30
v 205.25 -78.02 72.45
v 204.45 -79.22 72.45
v 204.45 -79.22 73.30
v 205.25 -78.02 73.30
v 204.45 -79.22 72.45
v 204.93 -79.33 72.45
v 204.93 -79.33 73.30
v 204.45 -79.22 73.30
v 207.64 -79.33 72.45
v 207.95 -78.02 72.45
v 207.95 -78.02 73.30
v 207.64 -79.33 73.30
v 252.74 -45.86 67.70
v 252.74 -54.14 67.70
v 252.39 -54.49 72.97
v 252.39 -45.51 72.97
v 252.74 -54.14 67.70
v 259.74 -54.49 67.70
v 259.74 -54.49 72.97
v 252.39 -54.49 72.97
v 259.74 -45.51 72.97
v 259.74 -54.49 72.97
v 259.99 -50.00 78.60
v 252.14 -50.00 78.60
v 259.99 -50.00 78.60
v 252.39 -54.49 72.97
v 252.39 -45.51 72.97
v 252.14 -50.00 78.60
v 259.74 -54.49 72.97
v 252.39 -54.49 72.97
v 259.99 -50.00 78.60
v 259.74 -45.51 72.97
v 252.14 -50.00 78.60
v 252.39 -45.51 72.97
v 249.24 -31.68 59.18
v 249.08 -30.36 59.18
v 249.08 -30.36 60.76
v 249.24 -31.68 60.76
v 249.08 -30.36 59.18
v 246.43 -30.36 59.18
v 246.43 -30.36 60.76
v 249.08 -30.36 60.76
v 246.43 -30.36 59.18
v 249.24 -31.68 59.18
v 249.24 -31.68 60.76
v 246.43 -30.36 60.76
v 246.09 -31.73 62.35
v 245.94 -30.41 62.35
v 246.43 -30.36 62.35
v 246.58 -31.68 62.35
v 246.58 -31.68 63.93
v 246.43 -30.36 63.93
v 245.94 -30.41 63.93
v 246.09 -31.73 63.93
v 246.58 -31.68 62.35
v 246.43 -30.36 62.35
v 246.43 -30.36 63.93
v 246.58 -31.68 63.93
v 240.84 -1.91 54.80
v 242.53 -8.89 54.80
v 242.53 -8.89 67.46
v 240.84 -1.91 67.46
v 242.53 -8.89 54.80
v 249.28 -7.25 54.80
v 249.28 -7.25 67.46
v 242.53 -8.89 67.46
v 242.53 -8.89 67.46
v 240.84 -1.91 67.46
v 247.85 0.15 67.46
v 249.28 -7.25 67.46
v 249.71 -7.51 72.61
v 247.85 0.15 72.61
v 240.41 -1.65 72.61
v 242.27 -9.32 72.61
v 249.28 -7.25 67.46
v 247.85 0.15 67.46
v 247.85 0.15 72.61
v 249.71 -7.51 72.61
v 247.85 0.15 67.46
v 240.84 -1.91 67.46
v 240.41 -1.65 72.61
v 247.85 0.15 72.61
v 212.12 26.77 65.21
v 208.01 35.25 65.21
v 208.01 35.25 69.35
v 212.59 26.62 69.35
v 208.01 35.25 65.21
v 202.28 31.81 65.21
v 201.81 31.95 69.35
v 208.01 35.25 69.35
v 202.28 31.81 65.21
v 206.53 23.80 65.21
v 206.39 23.33 69.35
v 201.81 31.95 69.35
v 206.53 23.80 65.21
v 212.12 26.77 65.21
v 212.59 26.62 69.35
v 206.39 23.33 69.35
v 208.01 35.25 69.35
v 212.59 26.62 69.35
v 210.52 31.05 75.51
v 203.88 27.52 75.51
v 210.52 31.05 75.51
v 206.39 23.33 69.35
v 201.81 31.95 69.35
v 203.88 27.52 75.51
v 208.31 56.70 67.98
v 206.78 56.95 67.98
v 207.67 57.59 67.98
v 208.31 56.70 71.18
v 207.67 57.59 71.18
v 206.78 56.95 71.18
v 208.31 56.70 67.98
v 207.67 57.59 67.98
v 207.67 57.59 71.18
v 208.31 56.70 71.18
v 207.67 57.59 67.98
v 206.78 56.95 67.98
v 206.78 56.95 71.18
v 207.67 57.59 71.18
v 206.78 56.95 67.98
v 208.31 56.70 67.98
v 208.31 56.70 71.18
v 206.78 56.95 71.18
v 196.63 43.55 54.80
v 191.16 51.19 54.80
v 196.56 55.06 54.80
v 202.03 47.42 54.80
v 189.87 39.80 59.56
v 187.33 39.80 59.56
v 189.47 39.51 59.56
v 186.93 39.51 63.49
v 186.59 40.83 63.49
v 187.33 39.80 63.49
v 187.33 39.80 65.45
v 186.59 40.83 65.45
v 186.93 39.51 65.45
v 187.33 39.80 63.49
v 186.59 40.83 63.49
v 186.59 40.83 65.45
v 187.33 39.80 65.45
v 186.59 40.83 63.49
v 186.93 39.51 63.49
v 186.93 39.51 65.45
v 186.59 40.83 65.45
v 186.93 39.51 63.49
v 187.33 39.80 63.49
v 187.33 39.80 65.45
v 186.93 39.51 65.45
v 181.97 62.22 68.81
v 175.88 68.60 68.81
v 170.38 63.35 68.81
v 176.47 56.97 68.81
v 181.97 62.22 54.80
v 175.88 68.60 54.80
v 175.88 68.60 68.81
v 181.97 62.22 68.81
v 176.47 56.97 54.80
v 181.97 62.22 54.80
v 181.97 62.22 68.81
v 176.47 56.97 68.81
v 176.47 56.97 68.81
v 170.38 63.35 68.81
v 175.88 68.60 68.81
v 181.97 62.22 68.81
v 182.47 62.20 74.57
v 175.90 69.09 74.57
v 170.40 62.11 73.31
v 176.46 56.47 74.57
v 181.97 62.22 68.81
v 175.88 68.60 68.81
v 175.90 69.09 74.57
v 182.47 62.20 74.57
v 203.66 -158.65 54.80
v 207.71 -153.00 54.80
v 207.71 -153.00 64.33
v 203.66 -158.65 64.33
v 207.71 -153.00 54.80
v 202.09 -148.97 54.80
v 202.09 -148.97 64.33
v 207.71 -153.00 64.33
v 202.09 -148.97 54.80
v 198.04 -154.62 54.80
v 198.04 -154.62 64.33
v 202.09 -148.97 64.33
v 198.04 -154.62 54.80
v 203.66 -158.65 54.80
v 203.66 -158.65 64.33
v 198.04 -154.62 64.33
v 197.56 -154.71 64.33
v 202.09 -148.97 64.33
v 207.71 -153.00 64.33
v 203.66 -158.65 64.33
v 203.74 -159.14 68.08
v 208.20 -152.91 68.08
v 202.01 -148.48 68.08
v 197.56 -154.71 68.08
v 186.99 -145.26 59.45
v 187.63 -144.37 59.45
v 185.43 -144.37 59.45
v 186.99 -145.26 58.52
v 187.63 -144.37 58.52
v 187.63 -144.37 59.45
v 186.99 -145.26 59.45
v 187.63 -144.37 58.52
v 185.43 -144.37 58.52
v 185.43 -144.37 59.45
v 187.63 -144.37 59.45
v 185.43 -144.37 58.52
v 186.99 -145.26 58.52
v 186.99 -145.26 59.45
v 185.43 -144.37 59.45
v 184.39 -144.98 59.45
v 185.43 -144.37 59.45
v 184.79 -145.26 59.45
v 184.79 -145.26 59.45
v 185.43 -144.37 59.45
v 184.39 -144.98 59.45
v 245.94 -97.78 60.76
v 246.41 -97.90 60.76
v 246.12 -99.09 60.76
v 246.12 -99.09 63.92
v 246.41 -97.90 63.92
v 245.94 -97.78 63.92
v 246.12 -99.09 60.76
v 246.41 -97.90 60.76
v 246.41 -97.90 63.92
v 246.12 -99.09 63.92
v 246.41 -97.90 60.76
v 245.94 -97.78 60.76
v 245.94 -97.78 63.92
v 246.41 -97.90 63.92
v 245.94 -97.78 60.76
v 246.12 -99.09 60.76
v 246.12 -99.09 63.92
v 245.94 -97.78 63.92
v 243.67 -99.09 67.08
v 243.96 -97.90 67.08
v 243.96 -97.90 70.24
v 243.67 -99.09 70.24
v 253.88 -72.20 75.15
v 252.92 -70.97 75.15
v 252.92 -70.97 78.35
v 253.88 -72.20 78.35
v 252.92 -70.97 75.15
v 253.88 -72.20 75.15
v 253.88 -72.20 78.35
v 252.92 -70.97 78.35
v 235.52 -74.82 54.80
v 236.39 -67.49 54.80
v 243.59 -68.35 54.80
v 242.72 -75.68 54.80
v 242.72 -75.68 62.92
v 243.59 -68.35 62.92
v 236.39 -67.49 62.92
v 235.52 -74.82 62.92
v 242.72 -75.68 54.80
v 243.59 -68.35 54.80
v 243.59 -68.35 62.92
v 242.72 -75.68 62.92
v 243.59 -68.35 54.80
v 236.39 -67.49 54.80
v 236.39 -67.49 62.92
v 243.59 -68.35 62.92
v 256.97 -94.00 48.00
v 254.38 -94.00 48.00
v 254.38 -94.00 72.00
v 256.97 -94.00 72.00
v 254.38 -94.00 48.00
v 252.28 -95.53 48.00
v 252.28 -95.53 72.00
v 254.38 -94.00 72.00
v 252.28 -95.53 48.00
v 251.47 -98.00 48.00
v 251.47 -98.00 72.00
v 252.28 -95.53 72.00
v 251.47 -98.00 48.00
v 252.28 -100.47 48.00
v 252.28 -100.47 72.00
v 251.47 -98.00 72.00
v 252.28 -100.47 48.00
v 254.38 -101.99 48.00
v 254.38 -101.99 72.00
v 252.28 -100.47 72.00
v 254.38 -101.99 48.00
v 256.97 -101.99 48.00
v 256.97 -101.99 72.00
v 254.38 -101.99 72.00
v 258.51 -48.12 51.71
v 251.27 -48.12 51.71
v 251.27 -48.12 56.08
v 258.51 -48.12 56.08
v 251.27 -48.12 51.71
v 251.62 -55.53 51.71
v 251.27 -55.88 56.08
v 251.27 -48.12 56.08
v 251.62 -55.53 51.71
v 258.16 -55.53 51.71
v 258.51 -55.88 56.08
v 251.27 -55.88 56.08
v 258.51 -48.12 56.08
v 258.51 -55.88 56.08
v 257.72 -52.49 60.47
v 251.02 -52.00 60.88
v 257.72 -52.49 60.47
v 251.27 -55.88 56.08
v 251.27 -48.12 56.08
v 251.02 -52.00 60.88
v 258.51 -55.88 56.08
v 251.27 -55.88 56.08
v 257.72 -52.49 60.47
v 275.39 -19.49 49.08
v 267.43 -20.80 49.08
v 267.04 -20.49 52.26
v 275.39 -19.49 52.26
v 267.43 -20.80 49.08
v 268.20 -30.13 49.08
v 268.20 -30.13 52.26
v 267.04 -20.49 52.26
v 268.20 -30.13 49.08
v 276.16 -28.82 49.08
v 276.55 -29.12 52.26
v 268.20 -30.13 52.26
v 275.39 -19.49 52.26
v 276.55 -29.12 52.26
v 276.22 -24.27 58.39
v 267.37 -25.34 58.39
v 276.22 -24.27 58.39
v 268.20 -30.13 52.26
v 267.04 -20.49 52.26
v 267.37 -25.34 58.39
v 276.55 -29.12 52.26
v 268.20 -30.13 52.26
v 276.22 -24.27 58.39
v 241.80 -32.48 52.29
v 246.09 -31.73 59.18
v 245.03 -23.97 57.21
v 241.11 -24.69 52.29
v 249.91 -31.25 52.29
v 246.09 -31.73 59.18
v 241.80 -32.48 52.29
v 249.00 -23.74 52.29
v 241.11 -24.69 52.29
v 245.03 -23.97 57.21
v 244.69 -32.00 45.14
v 244.06 -30.94 45.14
v 244.06 -30.94 46.67
v 244.69 -32.00 46.67
v 244.06 -30.94 45.14
v 244.69 -32.00 45.14
v 244.69 -32.00 46.67
v 244.06 -30.94 46.67
v 246.95 -32.00 45.14
v 244.69 -32.00 45.14
v 244.69 -32.00 46.67
v 246.95 -32.00 46.67
v 255.35 -3.58 46.05
v 254.88 -3.70 46.05
v 254.88 -3.70 48.51
v 255.35 -3.58 48.51
v 254.88 -3.70 46.05
v 255.14 -4.76 46.05
v 255.14 -4.76 48.51
v 254.88 -3.70 48.51
v 255.14 -4.76 46.05
v 255.62 -4.64 46.05
v 255.62 -4.64 48.51
v 255.14 -4.76 48.51
v 255.62 -4.64 46.05
v 255.35 -3.58 46.05
v 257.55 -3.58 46.05
v 257.81 -4.64 46.05
v 257.81 -4.64 48.51
v 257.55 -3.58 48.51
v 255.35 -3.58 48.51
v 255.62 -4.64 48.51
v 257.81 -4.64 46.05
v 257.55 -3.58 46.05
v 257.55 -3.58 48.51
v 257.81 -4.64 48.51
v 255.78 23.20 55.01
v 262.13 25.63 55.01
v 262.58 25.43 60.87
v 255.58 22.75 60.87
v 259.11 35.21 60.87
v 262.58 25.43 60.87
v 261.01 30.25 67.27
v 253.53 27.39 67.27
v 261.01 30.25 67.27
v 255.58 22.75 60.87
v 251.96 32.20 60.87
v 253.53 27.39 67.27
v 262.58 25.43 60.87
v 255.58 22.75 60.87
v 261.01 30.25 67.27
v 259.11 35.21 60.87
v 253.53 27.39 67.27
v 251.96 32.20 60.87
v 256.15 24.86 46.85
v 255.10 26.22 46.85
v 255.10 26.22 50.11
v 256.15 24.86 50.11
v 231.89 15.21 51.97
v 230.99 16.19 51.97
v 231.45 16.36 51.97
v 231.89 15.21 54.76
v 231.45 16.36 54.76
v 230.99 16.19 54.76
v 231.89 15.21 51.97
v 231.45 16.36 51.97
v 231.45 16.36 54.76
v 231.89 15.21 54.76
v 231.45 16.36 51.97
v 230.99 16.19 51.97
v 230.99 16.19 54.76
v 231.45 16.36 54.76
v 230.99 16.19 51.97
v 231.89 15.21 51.97
v 231.89 15.21 54.76
v 230.99 16.19 54.76
v 234.37 15.21 51.97
v 233.93 16.36 51.97
v 233.93 16.36 54.76
v 234.37 15.21 54.76
v 233.93 16.36 51.97
v 234.37 15.21 51.97
v 234.37 15.21 54.76
v 233.93 16.36 54.76
v 235.34 45.89 40.80
v 231.98 52.14 40.80
v 238.28 55.54 40.80
v 241.65 49.29 40.80
v 241.65 49.29 52.47
v 238.28 55.54 52.47
v 231.98 52.14 52.47
v 235.34 45.89 52.47
v 241.65 49.29 40.80
v 238.28 55.54 40.80
v 238.28 55.54 52.47
v 241.65 49.29 52.47
v 238.28 55.54 40.80
v 231.98 52.14 40.80
v 231.98 52.14 52.47
v 238.28 55.54 52.47
v 231.98 52.14 40.80
v 235.34 45.89 40.80
v 235.34 45.89 52.47
v 231.98 52.14 52.47
v 235.34 45.89 40.80
v 241.65 49.29 40.80
v 241.65 49.29 52.47
v 235.34 45.89 52.47
v 235.34 45.89 52.47
v 231.98 52.14 52.47
v 238.28 55.54 52.47
v 242.12 49.14 52.47
v 242.12 49.14 57.18
v 238.43 56.01 57.18
v 231.50 52.28 57.18
v 235.20 45.42 57.18
v 242.12 49.14 52.47
v 238.28 55.54 52.47
v 238.43 56.01 57.18
v 242.12 49.14 57.18
v 238.28 55.54 52.47
v 231.98 52.14 52.47
v 231.50 52.28 57.18
v 238.43 56.01 57.18
v 236.13 46.85 51.15
v 235.14 47.66 51.15
v 235.14 47.66 53.66
v 236.13 46.85 53.66
v 235.14 47.66 51.15
v 236.13 46.85 51.15
v 236.13 46.85 53.66
v 235.14 47.66 53.66
v 238.49 46.85 51.15
v 236.13 46.85 51.15
v 236.13 46.85 53.66
v 238.49 46.85 53.66
v 236.13 46.85 51.15
v 238.49 46.85 51.15
v 238.49 46.85 53.66
v 236.13 46.85 53.66
v 224.30 39.73 40.80
v 220.76 46.31 40.80
v 227.12 49.74 40.80
v 230.66 43.16 40.80
v 230.66 43.16 52.15
v 227.12 49.74 52.15
v 220.76 46.31 52.15
v 224.30 39.73 52.15
v 230.66 43.16 40.80
v 227.12 49.74 40.80
v 227.12 49.74 52.15
v 230.66 43.16 52.15
v 227.12 49.74 40.80
v 220.76 46.31 40.80
v 220.76 46.31 52.15
v 227.12 49.74 52.15
v 220.76 46.31 40.80
v 224.30 39.73 40.80
v 224.30 39.73 52.15
v 220.76 46.31 52.15
v 224.37 41.92 45.11
v 223.94 41.69 45.11
v 223.94 41.69 46.62
v 224.37 41.92 46.62
v 223.94 41.69 45.11
v 224.97 40.81 45.11
v 224.97 40.81 46.62
v 223.94 41.69 46.62
v 227.47 40.81 45.11
v 224.97 40.81 45.11
v 226.88 41.92 45.11
v 227.47 40.81 46.62
v 226.88 41.92 46.62
v 224.97 40.81 46.62
v 227.47 40.81 45.11
v 226.88 41.92 45.11
v 226.88 41.92 46.62
v 227.47 40.81 46.62
v 226.88 41.92 45.11
v 224.97 40.81 45.11
v 224.97 40.81 46.62
v 226.88 41.92 46.62
v 224.97 40.81 45.11
v 227.47 40.81 45.11
v 227.47 40.81 46.62
v 224.97 40.81 46.62
v 224.97 40.81 46.62
v 223.94 41.69 46.62
v 224.37 41.92 46.62
v 224.97 40.81 49.64
v 224.37 41.92 49.64
v 223.94 41.69 49.64
v 224.97 40.81 46.62
v 224.37 41.92 46.62
v 224.37 41.92 49.64
v 224.97 40.81 49.64
v 224.37 41.92 46.62
v 223.94 41.69 46.62
v 223.94 41.69 49.64
v 224.37 41.92 49.64
v 211.74 65.17 44.66
v 210.59 65.93 44.66
v 210.98 66.22 44.66
v 211.74 65.17 44.66
v 210.98 66.22 44.66
v 210.59 65.93 44.66
v 214.34 65.17 44.66
v 211.74 65.17 44.66
v 213.57 66.22 44.66
v 214.34 65.17 44.66
v 213.57 66.22 44.66
v 211.74 65.17 44.66
v 211.74 65.17 46.77
v 210.59 65.93 46.77
v 210.98 66.22 46.77
v 211.74 65.17 46.77
v 210.98 66.22 46.77
v 210.59 65.93 46.77
v 193.23 85.08 40.80
v 188.00 90.49 40.80
v 188.00 90.49 52.60
v 193.23 85.08 52.60
v 188.00 90.49 40.80
v 182.56 85.23 40.80
v 182.56 85.23 52.60
v 188.00 90.49 52.60
v 182.56 85.23 40.80
v 187.78 79.82 40.80
v 187.78 79.82 52.60
v 182.56 85.23 52.60
v 187.78 79.82 40.80
v 193.23 85.08 40.80
v 193.23 85.08 52.60
v 187.78 79.82 52.60
v 194.07 85.07 52.60
v 188.00 90.49 52.60
v 184.86 88.30 57.75
v 190.92 82.02 57.75
v 187.77 78.97 52.60
v 190.92 82.02 57.75
v 184.86 88.30 57.75
v 182.56 85.23 52.60
v 197.46 -167.05 44.44
v 198.61 -166.30 44.44
v 197.86 -167.34 44.44
v 197.86 -167.34 44.44
v 198.61 -166.30 44.44
v 197.46 -167.05 44.44
v 198.61 -166.30 44.44
v 201.16 -166.30 44.44
v 200.41 -167.34 44.44
v 200.41 -167.34 44.44
v 201.16 -166.30 44.44
v 198.61 -166.30 44.44
v 197.46 -167.05 44.44
v 198.61 -166.30 44.44
v 197.86 -167.34 44.44
v 197.86 -167.34 46.95
v 198.61 -166.30 46.95
v 197.46 -167.05 46.95
v 231.19 -155.54 45.34
v 229.05 -155.54 45.34
v 229.05 -155.54 47.09
v 231.19 -155.54 47.09
v 229.05 -155.54 45.34
v 231.19 -155.54 45.34
v 231.19 -155.54 47.09
v 229.05 -155.54 47.09
v 232.38 -150.54 53.32
v 232.90 -149.57 53.32
v 232.90 -149.57 56.52
v 232.38 -150.54 56.52
v 232.90 -149.57 53.32
v 232.38 -150.54 53.32
v 232.38 -150.54 56.52
v 232.90 -149.57 56.52
v 215.11 -147.06 40.80
v 218.47 -140.81 40.80
v 223.78 -143.67 40.80
v 220.41 -149.91 40.80
v 220.41 -149.91 50.41
v 223.78 -143.67 50.41
v 218.47 -140.81 50.41
v 215.11 -147.06 50.41
v 210.54 -137.46 52.74
v 211.51 -137.98 52.74
v 210.99 -138.94 52.74
v 210.99 -138.94 55.94
v 211.51 -137.98 55.94
v 210.54 -137.46 55.94
v 210.99 -138.94 52.74
v 211.51 -137.98 52.74
v 211.51 -137.98 55.94
v 210.99 -138.94 55.94
v 211.51 -137.98 52.74
v 210.54 -137.46 52.74
v 210.54 -137.46 55.94
v 211.51 -137.98 55.94
v 210.54 -137.46 52.74
v 210.99 -138.94 52.74
v 210.99 -138.94 55.94
v 210.54 -137.46 55.94
v 240.18 -130.90 40.80
v 243.26 -122.83 40.80
v 251.09 -125.83 40.80
v 248.01 -133.89 40.80
v 229.41 -101.80 49.39
v 229.76 -100.35 49.39
v 229.76 -100.35 51.33
v 229.41 -101.80 51.33
v 229.76 -100.35 49.39
v 229.41 -101.80 49.39
v 229.41 -101.80 51.33
v 229.76 -100.35 51.33
v 232.39 -101.80 49.39
v 232.74 -100.35 49.39
v 232.74 -100.35 51.33
v 232.39 -101.80 51.33
v 232.74 -100.35 49.39
v 232.39 -101.80 49.39
v 232.39 -101.80 51.33
v 232.74 -100.35 51.33
v 257.99 -82.04 40.80
v 259.06 -73.15 40.80
v 265.58 -73.93 40.80
v 264.51 -82.83 40.80
v 264.51 -82.83 53.60
v 265.58 -73.93 53.60
v 259.06 -73.15 53.60
v 257.99 -82.04 53.60
v 251.92 -75.77 53.20
v 252.05 -74.68 53.20
v 252.05 -74.68 56.40
v 251.92 -75.77 56.40
v 252.05 -74.68 53.20
v 251.92 -75.77 53.20
v 251.92 -75.77 56.40
v 252.05 -74.68 56.40
v 232.93 -78.86 40.80
v 233.96 -70.29 40.80
v 240.41 -71.07 40.80
v 239.38 -79.64 40.80
v 239.38 -79.64 48.68
v 240.41 -71.07 48.68
v 233.96 -70.29 48.68
v 232.93 -78.86 48.68
v 239.38 -79.64 40.80
v 240.41 -71.07 40.80
v 240.41 -71.07 48.68
v 239.38 -79.64 48.68
v 240.41 -71.07 40.80
v 233.96 -70.29 40.80
v 233.96 -70.29 48.68
v 240.41 -71.07 48.68
v 274.31 11.01 39.26
v 272.47 18.37 39.26
v 266.41 16.86 39.26
v 268.25 9.49 39.26
v 274.31 11.01 28.80
v 272.47 18.37 28.80
v 272.47 18.37 39.26
v 274.31 11.01 39.26
v 272.47 18.37 28.80
v 266.41 16.86 28.80
v 266.41 16.86 39.26
v 272.47 18.37 39.26
v 266.41 16.86 28.80
v 268.25 9.49 28.80
v 268.25 9.49 39.26
v 266.41 16.86 39.26
v 268.25 9.49 28.80
v 274.31 11.01 28.80
v 274.31 11.01 39.26
v 268.25 9.49 39.26
v 272.91 19.10 39.26
v 275.04 10.57 39.26
v 273.97 14.83 44.43
v 266.75 13.03 44.43
v 258.20 6.01 33.90
v 257.86 7.38 33.90
v 257.86 7.38 36.20
v 258.20 6.01 36.20
v 257.86 7.38 33.90
v 257.38 7.27 33.90
v 257.38 7.27 36.20
v 257.86 7.38 36.20
v 257.38 7.27 33.90
v 258.20 6.01 33.90
v 258.20 6.01 36.20
v 257.38 7.27 36.20
v 239.59 1.37 28.80
v 237.29 10.58 28.80
v 245.18 12.54 28.80
v 247.47 3.34 28.80
v 247.47 3.34 40.29
v 245.18 12.54 40.29
v 237.29 10.58 40.29
v 238.59 0.08 40.80
v 247.47 3.34 28.80
v 245.18 12.54 28.80
v 245.18 12.54 40.29
v 247.47 3.34 40.29
v 259.11 43.74 37.39
v 260.54 43.12 37.39
v 260.54 43.12 40.59
v 259.11 43.74 40.59
v 242.13 32.48 28.80
v 239.58 39.07 28.80
v 246.54 41.77 28.80
v 249.09 35.18 28.80
v 249.09 35.18 36.97
v 246.54 41.77 36.97
v 239.58 39.07 36.97
v 242.13 32.48 36.97
v 249.09 35.18 28.80
v 246.54 41.77 28.80
v 246.54 41.77 36.97
v 249.09 35.18 36.97
v 246.54 41.77 28.80
v 239.58 39.07 28.80
v 239.58 39.07 36.97
v 246.54 41.77 36.97
v 239.58 39.07 28.80
v 242.13 32.48 28.80
v 242.13 32.48 36.97
v 239.58 39.07 36.97
v 233.79 32.90 52.51
v 233.39 33.92 52.51
v 232.37 33.52 52.51
v 232.76 32.50 52.51
v 233.79 32.90 49.31
v 233.39 33.92 49.31
v 233.39 33.92 52.51
v 233.79 32.90 52.51
v 233.39 33.92 49.31
v 232.37 33.52 49.31
v 232.37 33.52 52.51
v 233.39 33.92 52.51
v 232.37 33.52 49.31
v 232.76 32.50 49.31
v 232.76 32.50 52.51
v 232.37 33.52 52.51
v 232.76 32.50 49.31
v 233.79 32.90 49.31
v 233.79 32.90 52.51
v 232.76 32.50 52.51
v 234.42 60.29 28.80
v 229.99 68.42 28.80
v 237.39 72.46 28.80
v 241.83 64.33 28.80
v 188.84 66.58 28.80
v 184.73 72.16 28.80
v 189.57 75.73 28.80
v 193.68 70.14 28.80
v 193.68 70.14 38.56
v 189.57 75.73 38.56
v 184.73 72.16 38.56
v 188.84 66.58 38.56
v 193.68 70.14 28.80
v 189.57 75.73 28.80
v 189.57 75.73 38.56
v 193.68 70.14 38.56
v 189.57 75.73 28.80
v 184.73 72.16 28.80
v 184.73 72.16 38.56
v 189.57 75.73 38.56
v 184.73 72.16 28.80
v 188.84 66.58 28.80
v 188.84 66.58 38.56
v 184.73 72.16 38.56
v 188.84 66.58 28.80
v 193.68 70.14 28.80
v 193.68 70.14 38.56
v 188.84 66.58 38.56
v 207.87 -174.91 42.33
v 207.64 -173.38 42.33
v 208.16 -173.70 45.09
v 207.47 -174.65 45.09
v 207.64 -173.38 42.33
v 207.87 -174.91 42.33
v 207.47 -174.65 45.09
v 208.16 -173.70 45.09
v 190.73 -168.32 28.80
v 194.60 -163.07 28.80
v 200.31 -167.28 28.80
v 196.45 -172.53 28.80
v 196.45 -172.53 38.80
v 200.31 -167.28 38.80
v 194.60 -163.07 38.80
v 190.73 -168.32 38.80
v 196.45 -172.53 28.80
v 200.31 -167.28 28.80
v 200.31 -167.28 38.80
v 196.45 -172.53 38.80
v 200.31 -167.28 28.80
v 194.60 -163.07 28.80
v 194.60 -163.07 38.80
v 200.31 -167.28 38.80
v 227.01 -148.58 28.80
v 222.86 -156.19 28.80
v 222.86 -156.19 40.58
v 227.01 -148.58 40.58
v 222.86 -156.19 28.80
v 228.77 -159.42 28.80
v 228.77 -159.42 40.58
v 222.86 -156.19 40.58
v 222.38 -156.33 40.58
v 227.01 -148.58 40.58
v 235.18 -150.12 40.80
v 228.91 -159.89 40.58
v 228.91 -159.89 45.33
v 233.69 -150.86 46.00
v 226.87 -148.10 45.33
v 222.38 -156.33 45.33
v 228.91 -159.89 40.58
v 235.18 -150.12 40.80
v 233.69 -150.86 46.00
v 228.91 -159.89 45.33
v 235.18 -150.12 40.80
v 227.01 -148.58 40.58
v 226.87 -148.10 45.33
v 233.69 -150.86 46.00
v 217.54 -152.29 35.77
v 215.64 -151.19 35.77
v 218.14 -151.19 35.77
v 217.54 -152.29 35.77
v 218.14 -151.19 35.77
v 215.64 -151.19 35.77
v 199.94 -143.22 28.80
v 203.71 -136.32 28.80
v 209.77 -139.63 28.80
v 206.00 -146.54 28.80
v 206.00 -146.54 40.83
v 209.77 -139.63 40.83
v 203.71 -136.32 40.83
v 199.94 -143.22 40.83
v 206.00 -146.54 28.80
v 209.77 -139.63 28.80
v 209.77 -139.63 40.83
v 206.00 -146.54 40.83
v 209.77 -139.63 28.80
v 203.71 -136.32 28.80
v 203.71 -136.32 40.83
v 209.77 -139.63 40.83
v 245.36 -134.31 42.42
v 238.53 -131.66 42.42
v 247.62 -131.83 46.25
v 248.91 -125.84 42.42
v 239.91 -127.41 48.02
v 241.61 -123.01 42.42
v 241.67 -132.58 33.56
v 242.63 -131.44 33.56
v 242.13 -132.75 33.56
v 242.13 -132.75 35.53
v 242.63 -131.44 35.53
v 241.67 -132.58 35.53
v 242.13 -132.75 33.56
v 242.63 -131.44 33.56
v 242.63 -131.44 35.53
v 242.13 -132.75 35.53
v 242.63 -131.44 33.56
v 241.67 -132.58 33.56
v 241.67 -132.58 35.53
v 242.63 -131.44 35.53
v 214.16 -122.05 28.80
v 220.11 -124.36 28.80
v 220.11 -124.36 40.01
v 214.16 -122.05 40.01
v 223.24 -116.31 40.01
v 220.11 -124.36 40.01
v 222.24 -120.55 45.89
v 215.16 -117.81 45.89
v 222.24 -120.55 45.89
v 213.38 -122.40 40.01
v 217.28 -114.00 40.01
v 215.16 -117.81 45.89
v 220.11 -124.36 40.01
v 213.38 -122.40 40.01
v 222.24 -120.55 45.89
v 223.24 -116.31 40.01
v 215.16 -117.81 45.89
v 217.28 -114.00 40.01
v 220.15 -123.03 36.05
v 219.69 -122.86 36.05
v 219.69 -122.86 37.53
v 220.15 -123.03 37.53
v 229.69 -99.32 43.28
v 231.34 -92.68 43.28
v 224.93 -91.08 43.28
v 223.28 -97.72 43.28
v 229.69 -99.32 28.80
v 231.34 -92.68 28.80
v 231.34 -92.68 43.28
v 229.69 -99.32 43.28
v 231.34 -92.68 28.80
v 224.93 -91.08 28.80
v 224.93 -91.08 43.28
v 231.34 -92.68 43.28
v 224.93 -91.08 28.80
v 223.28 -97.72 28.80
v 223.28 -97.72 43.28
v 224.93 -91.08 43.28
v 223.28 -97.72 28.80
v 229.69 -99.32 28.80
v 229.69 -99.32 43.28
v 223.28 -97.72 43.28
v 223.28 -97.72 43.28
v 224.93 -91.08 43.28
v 231.34 -92.68 43.28
v 229.69 -99.32 43.28
v 202.14 -154.94 42.00
v 200.58 -157.93 42.00
v 198.45 -156.82 42.00
v 200.01 -153.83 42.00
v 200.01 -153.83 42.00
v 198.45 -156.82 42.00
v 200.58 -157.93 42.00
v 202.14 -154.94 42.00
v 202.14 -154.94 42.00
v 200.58 -157.93 42.00
v 198.45 -156.82 42.00
v 200.01 -153.83 42.00
v 200.01 -153.83 42.00
v 198.45 -156.82 42.00
v 200.58 -157.93 42.00
v 202.14 -154.94 42.00
v 202.14 -154.94 42.00
v 200.58 -157.93 42.00
v 198.45 -156.82 42.00
v 199.85 -154.14 42.48
v 199.85 -154.14 42.48
v 198.45 -156.82 42.00
v 200.58 -157.93 42.00
v 202.14 -154.94 42.00
v 198.73 -156.29 45.86
v 197.57 -158.51 44.66
v 197.09 -159.43 46.34
v 198.65 -156.44 46.34
v 197.57 -158.51 44.66
v 199.93 -159.16 44.17
v 199.21 -160.54 46.34
v 197.09 -159.43 46.34
v 199.93 -159.16 44.17
v 201.42 -156.33 44.17
v 200.78 -157.56 46.34
v 199.21 -160.54 46.34
v 201.42 -156.33 44.17
v 198.73 -156.29 45.86
v 198.65 -156.44 46.34
v 200.78 -157.56 46.34
v 200.78 -157.56 46.34
v 199.13 -160.70 46.34
v 197.09 -159.43 46.34
v 198.65 -156.44 46.34
v 198.65 -156.44 46.34
v 197.09 -159.43 46.34
v 199.13 -160.70 46.34
v 200.78 -157.56 46.34
v 197.93 -163.00 49.97
v 200.05 -158.94 48.52
v 199.33 -160.32 50.69
v 197.77 -163.31 50.69
v 200.05 -158.94 48.52
v 197.60 -158.44 49.24
v 197.20 -159.21 50.69
v 199.33 -160.32 50.69
v 199.33 -160.32 50.69
v 197.77 -163.31 50.69
v 195.64 -162.20 50.69
v 197.20 -159.21 50.69
v 197.20 -159.21 50.69
v 195.64 -162.20 50.69
v 197.77 -163.31 50.69
v 199.33 -160.32 50.69
v 199.17 -160.63 50.93
v 197.77 -163.31 50.69
v 195.64 -162.20 50.69
v 197.20 -159.21 50.69
v 197.20 -159.21 50.69
v 195.64 -162.20 50.69
v 197.77 -163.31 50.69
v 199.17 -160.63 50.93
v 199.17 -160.63 50.93
v 197.77 -163.31 50.69
v 195.64 -162.20 50.69
v 197.20 -159.21 50.69
v 197.20 -159.21 50.69
v 195.64 -162.20 50.69
v 197.77 -163.31 50.69
v 199.17 -160.63 50.93
v 199.17 -160.63 50.93
v 197.77 -163.31 50.69
v 195.32 -162.81 51.41
v 197.20 -159.21 50.69
v 197.20 -159.21 50.69
v 195.32 -162.81 51.41
v 197.77 -163.31 50.69
v 199.17 -160.63 50.93
v 199.17 -160.63 50.93
v 197.77 -163.31 50.69
v 195.32 -162.81 51.41
v 197.20 -159.21 50.69
v 197.20 -159.21 50.69
v 195.32 -162.81 51.41
v 197.77 -163.31 50.69
v 199.17 -160.63 50.93
v 199.17 -160.63 50.93
v 197.77 -163.31 50.69
v 195.32 -162.81 51.41
v 197.20 -159.21 50.69
v 197.20 -159.21 50.69
v 195.32 -162.81 51.41
v 197.77 -163.31 50.69
v 199.17 -160.63 50.93
v 199.17 -160.63 50.93
v 197.77 -163.31 50.69
v 195.32 -162.81 51.41
v 197.20 -159.21 50.69
v 197.20 -159.21 50.69
v 195.32 -162.81 51.41
v 197.77 -163.31 50.69
v 199.17 -160.63 50.93
v 199.17 -160.63 50.93
v 197.77 -163.31 50.69
v 195.32 -162.81 51.41
v 197.20 -159.21 50.69
v 195.97 -160.85 53.96
v 194.92 -163.58 52.86
v 197.04 -164.69 52.86
v 198.61 -161.70 52.86
v 198.61 -161.70 52.86
v 196.80 -165.15 53.34
v 194.92 -163.58 52.86
v 195.97 -160.85 53.96
v 195.97 -160.85 53.96
v 194.92 -163.58 52.86
v 196.80 -165.15 53.34
v 198.61 -161.70 52.86
v 198.61 -161.70 52.86
v 196.80 -165.15 53.34
v 194.92 -163.58 52.86
v 195.97 -160.85 53.96
v 195.97 -160.85 53.96
v 194.92 -163.58 52.86
v 196.80 -165.15 53.34
v 198.61 -161.70 52.86
v 198.61 -161.70 52.86
v 196.80 -165.15 53.34
v 194.92 -163.58 52.86
v 195.97 -160.85 53.96
v 195.97 -160.85 53.96
v 194.92 -163.58 52.86
v 196.80 -165.15 53.34
v 198.61 -161.70 52.86
v 198.61 -161.70 52.86
v 196.80 -165.15 53.34
v 194.92 -163.58 52.86
v 195.97 -160.85 53.96
v 195.97 -160.85 53.96
v 194.92 -163.58 52.86
v 196.80 -165.15 53.34
v 198.61 -161.70 52.86
v 198.61 -161.70 52.86
v 196.80 -165.15 53.34
v 194.92 -163.58 52.86
v 195.97 -160.85 53.96
v 195.97 -160.85 53.96
v 194.92 -163.58 52.86
v 196.80 -165.15 53.34
v 198.61 -161.70 52.86
v 197.88 -163.08 55.03
v 196.32 -166.07 55.03
v 194.11 -165.11 55.03
v 195.76 -161.97 55.03
v 195.76 -161.97 55.03
v 194.11 -165.11 55.03
v 196.32 -166.07 55.03
v 197.88 -163.08 55.03
v 197.88 -163.08 55.03
v 196.32 -166.07 55.03
v 194.11 -165.11 55.03
v 195.76 -161.97 55.03
v 195.76 -161.97 55.03
v 194.11 -165.11 55.03
v 196.32 -166.07 55.03
v 197.88 -163.08 55.03
v 197.88 -163.08 55.03
v 196.32 -166.07 55.03
v 194.11 -165.11 55.03
v 195.76 -161.97 55.03
v 195.76 -161.97 55.03
v 194.11 -165.11 55.03
v 196.32 -166.07 55.03
v 197.88 -163.08 55.03
v 249.75 -115.35 30.00
v 246.41 -114.28 30.00
v 247.15 -111.99 30.00
v 250.49 -113.07 30.00
v 250.49 -113.07 30.00
v 247.15 -111.99 30.00
v 246.41 -114.28 30.00
v 249.75 -115.35 30.00
v 249.75 -115.35 30.00
v 246.12 -114.18 30.24
v 247.15 -111.99 30.00
v 250.49 -113.07 30.00
v 250.49 -113.07 30.00
v 247.15 -111.99 30.00
v 246.12 -114.18 30.24
v 249.75 -115.35 30.00
v 249.75 -115.35 30.00
v 246.12 -114.18 30.24
v 247.15 -111.99 30.00
v 250.49 -113.07 30.00
v 246.39 -111.75 33.36
v 241.88 -110.29 34.32
v 241.73 -112.76 33.84
v 242.90 -113.14 33.12
v 242.90 -113.14 33.12
v 241.73 -112.76 33.84
v 241.88 -110.29 34.32
v 246.39 -111.75 33.36
v 244.34 -111.08 35.28
v 241.00 -110.01 35.28
v 240.26 -112.29 35.28
v 243.60 -113.37 35.28
v 246.39 -111.75 33.36
v 241.88 -110.29 34.32
v 241.00 -110.01 35.28
v 244.34 -111.08 35.28
v 241.88 -110.29 34.32
v 241.73 -112.76 33.84
v 240.26 -112.29 35.28
v 241.00 -110.01 35.28
v 241.73 -112.76 33.84
v 242.90 -113.14 33.12
v 243.60 -113.37 35.28
v 240.26 -112.29 35.28
v 238.36 -109.16 37.44
v 237.48 -108.87 37.92
v 235.28 -110.68 39.12
v 237.62 -111.44 37.44
v 237.62 -111.44 37.44
v 235.28 -110.68 39.12
v 237.48 -108.87 37.92
v 238.36 -109.16 37.44
v 238.77 -109.29 39.84
v 235.43 -108.21 39.84
v 234.70 -110.49 39.84
v 238.03 -111.57 39.84
v 238.36 -109.16 37.44
v 237.48 -108.87 37.92
v 235.43 -108.21 39.84
v 238.77 -109.29 39.84
v 237.48 -108.87 37.92
v 235.28 -110.68 39.12
v 234.70 -110.49 39.84
v 235.43 -108.21 39.84
v 235.28 -110.68 39.12
v 237.62 -111.44 37.44
v 238.03 -111.57 39.84
v 234.70 -110.49 39.84
v 255.18 -34.57 26.60
v 251.79 -32.96 26.60
v 250.76 -35.12 26.60
v 254.15 -36.74 26.60
v 254.15 -36.74 26.60
v 250.76 -35.12 26.60
v 250.79 -32.48 26.85
v 255.18 -34.57 26.60
v 255.18 -34.57 26.60
v 250.79 -32.48 26.85
v 250.76 -35.12 26.60
v 254.15 -36.74 26.60
v 252.65 -36.02 27.09
v 250.76 -35.12 26.60
v 250.79 -32.48 26.85
v 255.18 -34.57 26.60
v 255.18 -34.57 26.60
v 250.79 -32.48 26.85
v 250.76 -35.12 26.60
v 252.65 -36.02 27.09
v 252.65 -36.02 27.09
v 250.76 -35.12 26.60
v 250.79 -32.48 26.85
v 255.18 -34.57 26.60
v 188.15 -256.75 38.40
v 189.65 -256.75 38.40
v 189.65 -256.75 40.00
v 188.15 -256.75 40.00
v 189.65 -256.75 38.40
v 188.15 -256.75 38.40
v 188.15 -256.75 40.00
v 189.65 -256.75 40.00
v 188.57 -252.00 38.40
v 189.22 -253.36 38.40
v 187.87 -254.01 38.40
v 187.87 -254.01 40.00
v 189.22 -253.36 40.00
v 188.57 -252.00 40.00
v 187.87 -254.01 38.40
v 189.22 -253.36 38.40
v 189.22 -253.36 40.00
v 187.87 -254.01 40.00
v 189.22 -253.36 38.40
v 188.57 -252.00 38.40
v 188.57 -252.00 40.00
v 189.22 -253.36 40.00
v 221.50 -256.00 0.00
v 220.93 -253.13 0.00
v 220.93 -253.13 42.00
v 221.50 -256.00 42.00
v 220.93 -253.13 0.00
v 219.30 -250.70 0.00
v 219.30 -250.70 42.00
v 220.93 -253.13 42.00
v 219.30 -250.70 0.00
v 216.87 -249.07 0.00
v 216.87 -249.07 42.00
v 219.30 -250.70 42.00
v 216.87 -249.07 0.00
v 214.00 -248.50 0.00
v 214.00 -248.50 42.00
v 216.87 -249.07 42.00
v 214.00 -248.50 0.00
v 211.13 -249.07 0.00
v 211.13 -249.07 42.00
v 214.00 -248.50 42.00
v 211.13 -249.07 0.00
v 208.70 -250.70 0.00
v 208.70 -250.70 42.00
v 211.13 -249.07 42.00
v 219.20 -257.40 -2.00
v 219.20 -254.60 -2.00
v 219.20 -254.60 12.40
v 219.20 -257.40 12.40
v 219.20 -254.60 -2.00
v 208.80 -254.60 -2.00
v 208.80 -254.60 12.40
v 219.20 -254.60 12.40
v 208.80 -254.60 -2.00
v 208.80 -257.40 -2.00
v 208.80 -257.40 12.40
v 208.80 -254.60 12.40
v 231.60 -250.25 -2.00
v 240.40 -250.25 -2.00
v 240.40 -261.75 -2.00
v 231.60 -261.75 -2.00
v 231.60 -261.75 11.60
v 240.40 -261.75 11.60
v 240.40 -250.25 11.60
v 231.60 -250.25 11.60
v 231.60 -261.75 -2.00
v 240.40 -261.75 -2.00
v 240.40 -261.75 11.60
v 231.60 -261.75 11.60
v 230.85 -250.25 4.04
v 232.25 -250.25 4.04
v 230.85 -250.25 4.04
v 228.45 -250.25 2.50
v 228.45 -261.75 2.50
v 230.85 -261.75 4.04
v 227.12 -261.75 1.70
v 225.72 -261.75 1.70
v 228.45 -250.25 2.50
v 230.85 -250.25 4.04
v 227.12 -250.25 1.70
v 225.72 -250.25 1.70
v 221.55 -261.75 2.50
v 219.15 -261.75 4.04
v 217.75 -261.75 4.04
v 221.55 -250.25 2.50
v 219.15 -250.25 4.04
v 217.75 -250.25 4.04
v 217.75 -261.75 4.04
v 219.15 -261.75 4.04
v 217.29 -261.75 6.19
v 258.70 -250.25 8.78
v 260.11 -250.25 8.78
v 259.70 -250.25 11.60
v 257.70 -250.25 11.60
v 300.30 -261.75 11.60
v 301.70 -261.75 11.60
v 301.30 -261.75 8.78
v 300.30 -250.25 11.60
v 301.70 -250.25 11.60
v 301.30 -250.25 8.78
v 301.30 -261.75 8.78
v 300.11 -261.75 6.19
v 298.71 -261.75 6.19
v 301.30 -250.25 8.78
v 300.11 -250.25 6.19
v 298.71 -250.25 6.19
v 298.71 -261.75 6.19
v 300.11 -261.75 6.19
v 298.25 -261.75 4.04
v 296.85 -261.75 4.04
v 389.20 -262.25 20.40
v 390.80 -262.25 20.40
v 390.80 -260.65 20.40
v 389.20 -260.65 20.40
v 389.20 -262.25 19.60
v 390.80 -262.25 19.60
v 390.80 -262.25 20.40
v 389.20 -262.25 20.40
v 390.80 -262.25 19.60
v 390.40 -261.45 19.60
v 390.80 -260.65 20.40
v 390.80 -262.25 20.40
v 390.40 -261.45 19.60
v 389.20 -260.65 19.60
v 389.20 -260.65 20.40
v 390.80 -260.65 20.40
v 389.20 -260.65 19.60
v 389.20 -262.25 19.60
v 389.20 -262.25 20.40
v 389.20 -260.65 20.40
v 390.40 -250.55 16.70
v 389.80 -250.90 16.70
v 389.80 -250.90 19.60
v 390.40 -250.55 19.60
v 182.59 -231.70 -3.00
v 179.98 -233.56 -3.00
v 179.98 -233.56 7.40
v 182.59 -231.70 7.40
v 179.98 -233.56 -3.00
v 187.66 -244.30 -3.00
v 187.66 -244.30 7.40
v 179.98 -233.56 7.40
v 187.66 -244.30 -3.00
v 190.27 -242.44 -3.00
v 190.27 -242.44 7.40
v 187.66 -244.30 7.40
v 179.74 -221.53 -3.00
v 173.22 -212.42 -3.00
v 173.22 -212.42 9.60
v 179.74 -221.53 9.60
v 171.28 -227.58 -3.00
v 179.74 -221.53 -3.00
v 179.74 -221.53 9.60
v 171.28 -227.58 9.60
v 174.79 -226.30 -3.00
v 177.39 -224.44 -3.00
v 177.39 -224.44 7.40
v 174.79 -226.30 7.40
v -0.00 -5294.12 0.00
v 529.41 -5294.12 0.00
v 529.41 -4764.71 0.00
v -0.00 -4764.71 0.00
v -0.00 -5294.12 -18.00
v 529.41 -5294.12 -18.00
v 529.41 -5294.12 0.00
v -0.00 -5294.12 0.00
v 529.41 -5294.12 -18.00
v 529.41 -4764.71 -18.00
v 529.41 -4764.71 0.00
v 529.41 -5294.12 0.00
v 529.41 -4764.71 -18.00
v -0.00 -4764.71 -18.00
v -0.00 -4764.71 0.00
v 529.41 -4764.71 0.00
v -0.00 -4235.29 -18.00
v 529.41 -4235.29 -18.00
v 529.41 -4764.71 -18.00
v -0.00 -4764.71 -18.00
v -0.00 -4764.71 0.00
v 529.41 -4764.71 0.00
v 529.41 -4235.29 0.00
v -0.00 -4235.29 0.00
v -0.00 -1058.82 0.00
v 529.41 -1058.82 0.00
v 529.41 -529.41 0.00
v -0.00 -529.41 0.00
v -0.00 -1058.82 -18.00
v 529.41 -1058.82 -18.00
v 529.41 -1058.82 0.00
v -0.00 -1058.82 0.00
v 529.41 -1058.82 -18.00
v 529.41 -529.41 -18.00
v 529.41 -529.41 0.00
v 529.41 -1058.82 0.00
v 529.41 -529.41 -18.00
v -0.00 -529.41 -18.00
v -0.00 -529.41 0.00
v 529.41 -529.41 0.00
v -0.00 -0.00 -18.00
v 529.41 -0.00 -18.00
v 529.41 -529.41 -18.00
v -0.00 -529.41 -18.00
v -0.00 -529.41 0.00
v 529.41 -529.41 0.00
v 529.41 -0.00 0.00
v -0.00 -0.00 0.00
v -0.00 3176.47 0.00
v 529.41 3176.47 0.00
v 529.41 3705.88 0.00
v -0.00 3705.88 0.00
v -0.00 3176.47 -18.00
v 529.41 3176.47 -18.00
v 529.41 3176.47 0.00
v -0.00 3176.47 0.00
v 529.41 3176.47 -18.00
v 529.41 3705.88 -18.00
v 529.41 3705.88 0.00
v 529.41 3176.47 0.00
v 529.41 3705.88 -18.00
v -0.00 3705.88 -18.00
v -0.00 3705.88 0.00
v 529.41 3705.88 0.00
v -0.00 4235.29 -18.00
v 529.41 4235.29 -18.00
v 529.41 3705.88 -18.00
v -0.00 3705.88 -18.00
v -0.00 3705.88 0.00
v 529.41 3705.88 0.00
v 529.41 4235.29 0.00
v -0.00 4235.29 0.00
v 529.41 -6352.94 0.00
v 1058.82 -6352.94 0.00
v 1058.82 -5823.53 0.00
v 529.41 -5823.53 0.00
v 529.41 -6352.94 -18.00
v 1058.82 -6352.94 -18.00
v 1058.82 -6352.94 0.00
v 529.41 -6352.94 0.00
v 1058.82 -6352.94 -18.00
v 1058.82 -5823.53 -18.00
v 1058.82 -5823.53 0.00
v 1058.82 -6352.94 0.00
v 1058.82 -5823.53 -18.00
v 529.41 -5823.53 -18.00
v 529.41 -5823.53 0.00
v 1058.82 -5823.53 0.00
v 529.41 -5823.53 -18.00
v 529.41 -6352.94 -18.00
v 529.41 -6352.94 0.00
v 529.41 -5823.53 0.00
v 529.41 -5294.12 -18.00
v 1058.82 -5294.12 -18.00
v 1058.82 -5823.53 -18.00
v 529.41 -5823.53 -18.00
v 1058.82 1058.82 -18.00
v 1058.82 1588.23 -18.00
v 1058.82 1588.23 0.00
v 1058.82 1058.82 0.00
v 1058.82 1588.23 -18.00
v 529.41 1588.23 -18.00
v 529.41 1588.23 0.00
v 1058.82 1588.23 0.00
v 529.41 1588.23 -18.00
v 529.41 1058.82 -18.00
v 529.41 1058.82 0.00
v 529.41 1588.23 0.00
v 529.41 2117.65 -18.00
v 1058.82 2117.65 -18.00
v 1058.82 1588.23 -18.00
v 529.41 1588.23 -18.00
v 529.41 1588.23 0.00
v 1058.82 1588.23 0.00
v 1058.82 2117.65 0.00
v 529.41 2117.65 0.00
v 529.41 1588.23 -18.00
v 1058.82 1588.23 -18.00
v 1058.82 1588.23 0.00
v 529.41 1588.23 0.00
v 1058.82 -8470.59 -18.00
v 1588.23 -8470.59 -18.00
v 1588.23 -9000.00 -18.00
v 1058.82 -9000.00 -18.00
v 1058.82 -9000.00 0.00
v 1588.23 -9000.00 0.00
v 1588.23 -8470.59 0.00
v 1058.82 -8470.59 0.00
v 1058.82 -9000.00 -18.00
v 1588.23 -9000.00 -18.00
v 1588.23 -9000.00 0.00
v 1058.82 -9000.00 0.00
v 1588.23 -9000.00 -18.00
v 1588.23 -8470.59 -18.00
v 1588.23 -8470.59 0.00
v 1588.23 -9000.00 0.00
v 1588.23 -8470.59 -18.00
v 1058.82 -8470.59 -18.00
v 1058.82 -8470.59 0.00
v 1588.23 -8470.59 0.00
v 1058.82 -8470.59 -18.00
v 1058.82 -9000.00 -18.00
v 1058.82 -9000.00 0.00
v 1058.82 -8470.59 0.00
v 1588.23 -5294.12 -18.00
v 1058.82 -5294.12 -18.00
v 1058.82 -5294.12 0.00
v 1588.23 -5294.12 0.00
v 1058.82 -5294.12 -18.00
v 1058.82 -5823.53 -18.00
v 1058.82 -5823.53 0.00
v 1058.82 -5294.12 0.00
v 1058.82 -4764.71 -18.00
v 1588.23 -4764.71 -18.00
v 1588.23 -5294.12 -18.00
v 1058.82 -5294.12 -18.00
v 1058.82 -5294.12 0.00
v 1588.23 -5294.12 0.00
v 1588.23 -4764.71 0.00
v 1058.82 -4764.71 0.00
v 1058.82 -5294.12 -18.00
v 1588.23 -5294.12 -18.00
v 1588.23 -5294.12 0.00
v 1058.82 -5294.12 0.00
v 1588.23 -5294.12 -18.00
v 1588.23 -4764.71 -18.00
v 1588.23 -4764.71 0.00
v 1588.23 -5294.12 0.00
v 1058.82 2117.65 -18.00
v 1588.23 2117.65 -18.00
v 1588.23 1588.23 -18.00
v 1058.82 1588.23 -18.00
v 1058.82 1588.23 0.00
v 1588.23 1588.23 0.00
v 1588.23 2117.65 0.00
v 1058.82 2117.65 0.00
v 1058.82 1588.23 -18.00
v 1588.23 1588.23 -18.00
v 1588.23 1588.23 0.00
v 1058.82 1588.23 0.00
v 1588.23 1588.23 -18.00
v 1588.23 2117.65 -18.00
v 1588.23 2117.65 0.00
v 1588.23 1588.23 0.00
v 1588.23 2117.65 -18.00
v 1058.82 2117.65 -18.00
v 1058.82 2117.65 0.00
v 1588.23 2117.65 0.00
v 1058.82 2117.65 -18.00
v 1058.82 1588.23 -18.00
v 1058.82 1588.23 0.00
v 1058.82 2117.65 0.00
v 1588.23 -2647.06 -18.00
v 1588.23 -3176.47 -18.00
v 1588.23 -3176.47 0.00
v 1588.23 -2647.06 0.00
v 1588.23 -2117.65 -18.00
v 2117.65 -2117.65 -18.00
v 2117.65 -2647.06 -18.00
v 1588.23 -2647.06 -18.00
v 1588.23 -2647.06 0.00
v 2117.65 -2647.06 0.00
v 2117.65 -2117.65 0.00
v 1588.23 -2117.65 0.00
v 1588.23 -2647.06 -18.00
v 2117.65 -2647.06 -18.00
v 2117.65 -2647.06 0.00
v 1588.23 -2647.06 0.00
v 2117.65 -2647.06 -18.00
v 2117.65 -2117.65 -18.00
v 2117.65 -2117.65 0.00
v 2117.65 -2647.06 0.00
v 2117.65 -2117.65 -18.00
v 1588.23 -2117.65 -18.00
v 1588.23 -2117.65 0.00
v 2117.65 -2117.65 0.00
v 2117.65 529.41 -18.00
v 2117.65 1058.82 -18.00
v 2117.65 1058.82 0.00
v 2117.65 529.41 0.00
v 2117.65 1058.82 -18.00
v 1588.23 1058.82 -18.00
v 1588.23 1058.82 0.00
v 2117.65 1058.82 0.00
v 1588.23 1058.82 -18.00
v 1588.23 529.41 -18.00
v 1588.23 529.41 0.00
v 1588.23 1058.82 0.00
v 1588.23 1588.23 -18.00
v 2117.65 1588.23 -18.00
v 2117.65 1058.82 -18.00
v 1588.23 1058.82 -18.00
v 1588.23 1058.82 0.00
v 2117.65 1058.82 0.00
v 2117.65 1588.23 0.00
v 1588.23 1588.23 0.00
v 1588.23 1058.82 -18.00
v 2117.65 1058.82 -18.00
v 2117.65 1058.82 0.00
v 1588.23 1058.82 0.00
v 1588.23 4235.29 0.00
v 2117.65 4235.29 0.00
v 2117.65 4764.71 0.00
v 1588.23 4764.71 0.00
v 1588.23 4235.29 -18.00
v 2117.65 4235.29 -18.00
v 2117.65 4235.29 0.00
v 1588.23 4235.29 0.00
v 2117.65 4235.29 -18.00
v 2117.65 4764.71 -18.00
v 2117.65 4764.71 0.00
v 2117.65 4235.29 0.00
v 2117.65 4764.71 -18.00
v 1588.23 4764.71 -18.00
v 1588.23 4764.71 0.00
v 2117.65 4764.71 0.00
v 1588.23 4764.71 -18.00
v 1588.23 4235.29 -18.00
v 1588.23 4235.29 0.00
v 1588.23 4764.71 0.00
v 1588.23 4764.71 -18.00
v 2117.65 4764.71 -18.00
v 2117.65 4764.71 0.00
v 1588.23 4764.71 0.00
v 2117.65 -8470.59 -18.00
v 2647.06 -8470.59 -18.00
v 2647.06 -9000.00 -18.00
v 2117.65 -9000.00 -18.00
v 2117.65 -9000.00 0.00
v 2647.06 -9000.00 0.00
v 2647.06 -8470.59 0.00
v 2117.65 -8470.59 0.00
v 2117.65 -9000.00 -18.00
v 2647.06 -9000.00 -18.00
v 2647.06 -9000.00 0.00
v 2117.65 -9000.00 0.00
v 2647.06 -9000.00 -18.00
v 2647.06 -8470.59 -18.00
v 2647.06 -8470.59 0.00
v 2647.06 -9000.00 0.00
v 2647.06 -8470.59 -18.00
v 2117.65 -8470.59 -18.00
v 2117.65 -8470.59 0.00
v 2647.06 -8470.59 0.00
v 2647.06 -7941.18 -18.00
v 2647.06 -7411.77 -18.00
v 2647.06 -7411.77 0.00
v 2647.06 -7941.18 0.00
v 2647.06 -7411.77 -18.00
v 2117.65 -7411.77 -18.00
v 2117.65 -7411.77 0.00
v 2647.06 -7411.77 0.00
v 2117.65 -7411.77 -18.00
v 2117.65 -7941.18 -18.00
v 2117.65 -7941.18 0.00
v 2117.65 -7411.77 0.00
v 2117.65 -6882.35 -18.00
v 2647.06 -6882.35 -18.00
v 2647.06 -7411.77 -18.00
v 2117.65 -7411.77 -18.00
v 2117.65 -7411.77 0.00
v 2647.06 -7411.77 0.00
v 2647.06 -6882.35 0.00
v 2117.65 -6882.35 0.00
v 2117.65 -7411.77 -18.00
v 2647.06 -7411.77 -18.00
v 2647.06 -7411.77 0.00
v 2117.65 -7411.77 0.00
v 2647.06 -7411.77 -18.00
v 2647.06 -6882.35 -18.00
v 2647.06 -6882.35 0.00
v 2647.06 -7411.77 0.00
v 2647.06 -6882.35 -18.00
v 2117.65 -6882.35 -18.00
v 2117.65 -6882.35 0.00
v 2647.06 -6882.35 0.00
v 2117.65 -6882.35 -18.00
v 2117.65 -7411.77 -18.00
v 2117.65 -7411.77 0.00
v 2117.65 -6882.35 0.00
v 2117.65 -6352.94 -18.00
v 2647.06 -6352.94 -18.00
v 2647.06 -6882.35 -18.00
v 2117.65 -6882.35 -18.00
v 2117.65 -6882.35 0.00
v 2647.06 -6882.35 0.00
v 2647.06 -6352.94 0.00
v 2117.65 -6352.94 0.00
v 2117.65 -5294.12 -18.00
v 2647.06 -5294.12 -18.00
v 2647.06 -5823.53 -18.00
v 2117.65 -5823.53 -18.00
v 2117.65 -5823.53 0.00
v 2647.06 -5823.53 0.00
v 2647.06 -5294.12 0.00
v 2117.65 -5294.12 0.00
v 2117.65 -5823.53 -18.00
v 2647.06 -5823.53 -18.00
v 2647.06 -5823.53 0.00
v 2117.65 -5823.53 0.00
v 2647.06 -5823.53 -18.00
v 2647.06 -5294.12 -18.00
v 2647.06 -5294.12 0.00
v 2647.06 -5823.53 0.00
v 2647.06 -5294.12 -18.00
v 2117.65 -5294.12 -18.00
v 2117.65 -5294.12 0.00
v 2647.06 -5294.12 0.00
v 2117.65 -5294.12 -18.00
v 2117.65 -5823.53 -18.00
v 2117.65 -5823.53 0.00
v 2117.65 -5294.12 0.00
v 2117.65 -4764.71 -18.00
v 2647.06 -4764.71 -18.00
v 2647.06 -5294.12 -18.00
v 2117.65 -5294.12 -18.00
v 2117.65 -5294.12 0.00
v 2647.06 -5294.12 0.00
v 2647.06 -4764.71 0.00
v 2117.65 -4764.71 0.00
v 2117.65 -5294.12 -18.00
v 2647.06 -5294.12 -18.00
v 2647.06 -5294.12 0.00
v 2117.65 -5294.12 0.00
v 2647.06 -5294.12 -18.00
v 2647.06 -4764.71 -18.00
v 2647.06 -4764.71 0.00
v 2647.06 -5294.12 0.00
v 2647.06 -4764.71 -18.00
v 2117.65 -4764.71 -18.00
v 2117.65 -4764.71 0.00
v 2647.06 -4764.71 0.00
v 2117.65 2117.65 -18.00
v 2117.65 1588.23 -18.00
v 2117.65 1588.23 0.00
v 2117.65 2117.65 0.00
v 2117.65 2647.06 -18.00
v 2647.06 2647.06 -18.00
v 2647.06 2117.65 -18.00
v 2117.65 2117.65 -18.00
v 2117.65 2117.65 0.00
v 2647.06 2117.65 0.00
v 2647.06 2647.06 0.00
v 2117.65 2647.06 0.00
v 2117.65 2117.65 -18.00
v 2647.06 2117.65 -18.00
v 2647.06 2117.65 0.00
v 2117.65 2117.65 0.00
v 2647.06 2117.65 -18.00
v 2647.06 2647.06 -18.00
v 2647.06 2647.06 0.00
v 2647.06 2117.65 0.00
v 2647.06 2647.06 -18.00
v 2117.65 2647.06 -18.00
v 2117.65 2647.06 0.00
v 2647.06 2647.06 0.00
v 2647.06 -8470.59 -18.00
v 3176.47 -8470.59 -18.00
v 3176.47 -8470.59 0.00
v 2647.06 -8470.59 0.00
v 3176.47 -8470.59 -18.00
v 3176.47 -7941.18 -18.00
v 3176.47 -7941.18 0.00
v 3176.47 -8470.59 0.00
v 3176.47 -7941.18 -18.00
v 2647.06 -7941.18 -18.00
v 2647.06 -7941.18 0.00
v 3176.47 -7941.18 0.00
v 2647.06 -7941.18 -18.00
v 2647.06 -8470.59 -18.00
v 2647.06 -8470.59 0.00
v 2647.06 -7941.18 0.00
v 2647.06 -7411.77 -18.00
v 3176.47 -7411.77 -18.00
v 3176.47 -7941.18 -18.00
v 2647.06 -7941.18 -18.00
v 2647.06 -7941.18 0.00
v 3176.47 -7941.18 0.00
v 3176.47 -7411.77 0.00
v 2647.06 -7411.77 0.00
v 2647.06 2117.65 -18.00
v 3176.47 2117.65 -18.00
v 3176.47 2117.65 0.00
v 2647.06 2117.65 0.00
v 3176.47 2117.65 -18.00
v 3176.47 2647.06 -18.00
v 3176.47 2647.06 0.00
v 3176.47 2117.65 0.00
v 3176.47 2647.06 -18.00
v 2647.06 2647.06 -18.00
v 2647.06 2647.06 0.00
v 3176.47 2647.06 0.00
v 2647.06 2647.06 -18.00
v 2647.06 2117.65 -18.00
v 2647.06 2117.65 0.00
v 2647.06 2647.06 0.00
v 2647.06 3176.47 -18.00
v 3176.47 3176.47 -18.00
v 3176.47 2647.06 -18.00
v 2647.06 2647.06 -18.00
v 2647.06 2647.06 0.00
v 3176.47 2647.06 0.00
v 3176.47 3176.47 0.00
v 2647.06 3176.47 0.00
v 3705.88 -5294.12 -18.00
v 3705.88 -4764.71 -18.00
v 3705.88 -4764.71 0.00
v 3705.88 -5294.12 0.00
v 3705.88 -4764.71 -18.00
v 3176.47 -4764.71 -18.00
v 3176.47 -4764.71 0.00
v 3705.88 -4764.71 0.00
v 3176.47 -4764.71 -18.00
v 3176.47 -5294.12 -18.00
v 3176.47 -5294.12 0.00
v 3176.47 -4764.71 0.00
v 3176.47 -4235.29 -18.00
v 3705.88 -4235.29 -18.00
v 3705.88 -4764.71 -18.00
v 3176.47 -4764.71 -18.00
v 3176.47 -4764.71 0.00
v 3705.88 -4764.71 0.00
v 3705.88 -4235.29 0.00
v 3176.47 -4235.29 0.00
v 3176.47 -4764.71 -18.00
v 3705.88 -4764.71 -18.00
v 3705.88 -4764.71 0.00
v 3176.47 -4764.71 0.00
v 3176.47 -1588.23 0.00
v 3705.88 -1588.23 0.00
v 3705.88 -1058.82 0.00
v 3176.47 -1058.82 0.00
v 3176.47 -1588.23 -18.00
v 3705.88 -1588.23 -18.00
v 3705.88 -1588.23 0.00
v 3176.47 -1588.23 0.00
v 3705.88 -1588.23 -18.00
v 3705.88 -1058.82 -18.00
v 3705.88 -1058.82 0.00
v 3705.88 -1588.23 0.00
v 3705.88 -1058.82 -18.00
v 3176.47 -1058.82 -18.00
v 3176.47 -1058.82 0.00
v 3705.88 -1058.82 0.00
v 3176.47 -1058.82 -18.00
v 3176.47 -1588.23 -18.00
v 3176.47 -1588.23 0.00
v 3176.47 -1058.82 0.00
v 3176.47 -529.41 -18.00
v 3705.88 -529.41 -18.00
v 3705.88 -1058.82 -18.00
v 3176.47 -1058.82 -18.00
v 3176.47 2117.65 -18.00
v 3176.47 1588.23 -18.00
v 3176.47 1588.23 0.00
v 3176.47 2117.65 0.00
v 3176.47 2647.06 -18.00
v 3705.88 2647.06 -18.00
v 3705.88 2117.65 -18.00
v 3176.47 2117.65 -18.00
v 3176.47 2117.65 0.00
v 3705.88 2117.65 0.00
v 3705.88 2647.06 0.00
v 3176.47 2647.06 0.00
v 3176.47 2117.65 -18.00
v 3705.88 2117.65 -18.00
v 3705.88 2117.65 0.00
v 3176.47 2117.65 0.00
v 3705.88 2117.65 -18.00
v 3705.88 2647.06 -18.00
v 3705.88 2647.06 0.00
v 3705.88 2117.65 0.00
v 3705.88 2647.06 -18.00
v 3176.47 2647.06 -18.00
v 3176.47 2647.06 0.00
v 3705.88 2647.06 0.00
v 3705.88 -4235.29 -18.00
v 4235.29 -4235.29 -18.00
v 4235.29 -4764.71 -18.00
v 3705.88 -4764.71 -18.00
v 3705.88 -4764.71 0.00
v 4235.29 -4764.71 0.00
v 4235.29 -4235.29 0.00
v 3705.88 -4235.29 0.00
v 3705.88 -4764.71 -18.00
v 4235.29 -4764.71 -18.00
v 4235.29 -4764.71 0.00
v 3705.88 -4764.71 0.00
v 4235.29 -4764.71 -18.00
v 4235.29 -4235.29 -18.00
v 4235.29 -4235.29 0.00
v 4235.29 -4764.71 0.00
v 4235.29 -4235.29 -18.00
v 3705.88 -4235.29 -18.00
v 3705.88 -4235.29 0.00
v 4235.29 -4235.29 0.00
v 3705.88 -4235.29 -18.00
v 3705.88 -4764.71 -18.00
v 3705.88 -4764.71 0.00
v 3705.88 -4235.29 0.00
v 3705.88 2117.65 -18.00
v 4235.29 2117.65 -18.00
v 4235.29 2117.65 0.00
v 3705.88 2117.65 0.00
v 4235.29 2117.65 -18.00
v 4235.29 2647.06 -18.00
v 4235.29 2647.06 0.00
v 4235.29 2117.65 0.00
v 4235.29 2647.06 -18.00
v 3705.88 2647.06 -18.00
v 3705.88 2647.06 0.00
v 4235.29 2647.06 0.00
v 3705.88 2647.06 -18.00
v 3705.88 2117.65 -18.00
v 3705.88 2117.65 0.00
v 3705.88 2647.06 0.00
v 3705.88 3176.47 -18.00
v 4235.29 3176.47 -18.00
v 4235.29 2647.06 -18.00
v 3705.88 2647.06 -18.00
v 3705.88 2647.06 0.00
v 4235.29 2647.06 0.00
v 4235.29 3176.47 0.00
v 3705.88 3176.47 0.00
v 4235.29 -7941.18 -18.00
v 4235.29 -8470.59 -18.00
v 4235.29 -8470.59 0.00
v 4235.29 -7941.18 0.00
v 4235.29 -7411.77 -18.00
v 4764.71 -7411.77 -18.00
v 4764.71 -7941.18 -18.00
v 4235.29 -7941.18 -18.00
v 4235.29 -7941.18 0.00
v 4764.71 -7941.18 0.00
v 4764.71 -7411.77 0.00
v 4235.29 -7411.77 0.00
v 4235.29 -7941.18 -18.00
v 4764.71 -7941.18 -18.00
v 4764.71 -7941.18 0.00
v 4235.29 -7941.18 0.00
v 4764.71 -7941.18 -18.00
v 4764.71 -7411.77 -18.00
v 4764.71 -7411.77 0.00
v 4764.71 -7941.18 0.00
v 4764.71 -7411.77 -18.00
v 4235.29 -7411.77 -18.00
v 4235.29 -7411.77 0.00
v 4764.71 -7411.77 0.00
v 4235.29 1588.23 -18.00
v 4235.29 1058.82 -18.00
v 4235.29 1058.82 0.00
v 4235.29 1588.23 0.00
v 4235.29 2117.65 -18.00
v 4764.71 2117.65 -18.00
v 4764.71 1588.23 -18.00
v 4235.29 1588.23 -18.00
v 4235.29 1588.23 0.00
v 4764.71 1588.23 0.00
v 4764.71 2117.65 0.00
v 4235.29 2117.65 0.00
v 4235.29 1588.23 -18.00
v 4764.71 1588.23 -18.00
v 4764.71 1588.23 0.00
v 4235.29 1588.23 0.00
v 4764.71 1588.23 -18.00
v 4764.71 2117.65 -18.00
v 4764.71 2117.65 0.00
v 4764.71 1588.23 0.00
v 4764.71 2117.65 -18.00
v 4235.29 2117.65 -18.00
v 4235.29 2117.65 0.00
v 4764.71 2117.65 0.00
v 4764.71 -8470.59 -18.00
v 5294.12 -8470.59 -18.00
v 5294.12 -8470.59 0.00
v 4764.71 -8470.59 0.00
v 5294.12 -8470.59 -18.00
v 5294.12 -7941.18 -18.00
v 5294.12 -7941.18 0.00
v 5294.12 -8470.59 0.00
v 5294.12 -7941.18 -18.00
v 4764.71 -7941.18 -18.00
v 4764.71 -7941.18 0.00
v 5294.12 -7941.18 0.00
v 4764.71 -7941.18 -18.00
v 4764.71 -8470.59 -18.00
v 4764.71 -8470.59 0.00
v 4764.71 -7941.18 0.00
v 4764.71 -7411.77 -18.00
v 5294.12 -7411.77 -18.00
v 5294.12 -7941.18 -18.00
v 4764.71 -7941.18 -18.00
v 4764.71 -7941.18 0.00
v 5294.12 -7941.18 0.00
v 5294.12 -7411.77 0.00
v 4764.71 -7411.77 0.00
v 5294.12 -2117.65 -18.00
v 4764.71 -2117.65 -18.00
v 4764.71 -2117.65 0.00
v 5294.12 -2117.65 0.00
v 4764.71 -2117.65 -18.00
v 4764.71 -2647.06 -18.00
v 4764.71 -2647.06 0.00
v 4764.71 -2117.65 0.00
v 4764.71 -1588.23 -18.00
v 5294.12 -1588.23 -18.00
v 5294.12 -2117.65 -18.00
v 4764.71 -2117.65 -18.00
v 4764.71 -2117.65 0.00
v 5294.12 -2117.65 0.00
v 5294.12 -1588.23 0.00
v 4764.71 -1588.23 0.00
v 4764.71 -2117.65 -18.00
v 5294.12 -2117.65 -18.00
v 5294.12 -2117.65 0.00
v 4764.71 -2117.65 0.00
v 5294.12 -2117.65 -18.00
v 5294.12 -1588.23 -18.00
v 5294.12 -1588.23 0.00
v 5294.12 -2117.65 0.00
v 4764.71 1058.82 -18.00
v 5294.12 1058.82 -18.00
v 5294.12 1058.82 0.00
v 4764.71 1058.82 0.00
v 5294.12 1058.82 -18.00
v 5294.12 1588.23 -18.00
v 5294.12 1588.23 0.00
v 5294.12 1058.82 0.00
v 5294.12 1588.23 -18.00
v 4764.71 1588.23 -18.00
v 4764.71 1588.23 0.00
v 5294.12 1588.23 0.00
v 4764.71 1588.23 -18.00
v 4764.71 1058.82 -18.00
v 4764.71 1058.82 0.00
v 4764.71 1588.23 0.00
v 4764.71 2117.65 -18.00
v 5294.12 2117.65 -18.00
v 5294.12 1588.23 -18.00
v 4764.71 1588.23 -18.00
v 4764.71 1588.23 0.00
v 5294.12 1588.23 0.00
v 5294.12 2117.65 0.00
v 4764.71 2117.65 0.00
v 4764.71 4764.71 -18.00
v 5294.12 4764.71 -18.00
v 5294.12 4764.71 0.00
v 4764.71 4764.71 0.00
v 5294.12 -8470.59 -18.00
v 5823.53 -8470.59 -18.00
v 5823.53 -9000.00 -18.00
v 5294.12 -9000.00 -18.00
v 5294.12 -9000.00 0.00
v 5823.53 -9000.00 0.00
v 5823.53 -8470.59 0.00
v 5294.12 -8470.59 0.00
v 5294.12 -9000.00 -18.00
v 5823.53 -9000.00 -18.00
v 5823.53 -9000.00 0.00
v 5294.12 -9000.00 0.00
v 5823.53 -9000.00 -18.00
v 5823.53 -8470.59 -18.00
v 5823.53 -8470.59 0.00
v 5823.53 -9000.00 0.00
v 5823.53 -8470.59 -18.00
v 5294.12 -8470.59 -18.00
v 5294.12 -8470.59 0.00
v 5823.53 -8470.59 0.00
v 5823.53 -5823.53 -18.00
v 5823.53 -5294.12 -18.00
v 5823.53 -5294.12 0.00
v 5823.53 -5823.53 0.00
v 5823.53 -5294.12 -18.00
v 5294.12 -5294.12 -18.00
v 5294.12 -5294.12 0.00
v 5823.53 -5294.12 0.00
v 5294.12 -5294.12 -18.00
v 5294.12 -5823.53 -18.00
v 5294.12 -5823.53 0.00
v 5294.12 -5294.12 0.00
v 5294.12 -4764.71 -18.00
v 5823.53 -4764.71 -18.00
v 5823.53 -5294.12 -18.00
v 5294.12 -5294.12 -18.00
v 5294.12 -5294.12 0.00
v 5823.53 -5294.12 0.00
v 5823.53 -4764.71 0.00
v 5294.12 -4764.71 0.00
v 5294.12 -5294.12 -18.00
v 5823.53 -5294.12 -18.00
v 5823.53 -5294.12 0.00
v 5294.12 -5294.12 0.00
v 5294.12 -1588.23 0.00
v 5823.53 -1588.23 0.00
v 5823.53 -1058.82 0.00
v 5294.12 -1058.82 0.00
v 5294.12 -1588.23 -18.00
v 5823.53 -1588.23 -18.00
v 5823.53 -1588.23 0.00
v 5294.12 -1588.23 0.00
v 5823.53 -1588.23 -18.00
v 5823.53 -1058.82 -18.00
v 5823.53 -1058.82 0.00
v 5823.53 -1588.23 0.00
v 5823.53 -1058.82 -18.00
v 5294.12 -1058.82 -18.00
v 5294.12 -1058.82 0.00
v 5823.53 -1058.82 0.00
v 5294.12 -1058.82 -18.00
v 5294.12 -1588.23 -18.00
v 5294.12 -1588.23 0.00
v 5294.12 -1058.82 0.00
v 5294.12 -529.41 -18.00
v 5823.53 -529.41 -18.00
v 5823.53 -1058.82 -18.00
v 5294.12 -1058.82 -18.00
v 5294.12 2117.65 -18.00
v 5294.12 1588.23 -18.00
v 5294.12 1588.23 0.00
v 5294.12 2117.65 0.00
v 5294.12 2647.06 -18.00
v 5823.53 2647.06 -18.00
v 5823.53 2117.65 -18.00
v 5294.12 2117.65 -18.00
v 5294.12 2117.65 0.00
v 5823.53 2117.65 0.00
v 5823.53 2647.06 0.00
v 5294.12 2647.06 0.00
v 5294.12 2117.65 -18.00
v 5823.53 2117.65 -18.00
v 5823.53 2117.65 0.00
v 5294.12 2117.65 0.00
v 5823.53 2117.65 -18.00
v 5823.53 2647.06 -18.00
v 5823.53 2647.06 0.00
v 5823.53 2117.65 0.00
v 5823.53 2647.06 -18.00
v 5294.12 2647.06 -18.00
v 5294.12 2647.06 0.00
v 5823.53 2647.06 0.00
v 5823.53 -3705.88 -18.00
v 6352.94 -3705.88 -18.00
v 6352.94 -4235.29 -18.00
v 5823.53 -4235.29 -18.00
v 5823.53 -4235.29 0.00
v 6352.94 -4235.29 0.00
v 6352.94 -3705.88 0.00
v 5823.53 -3705.88 0.00
v 5823.53 -4235.29 -18.00
v 6352.94 -4235.29 -18.00
v 6352.94 -4235.29 0.00
v 5823.53 -4235.29 0.00
v 6352.94 -4235.29 -18.00
v 6352.94 -3705.88 -18.00
v 6352.94 -3705.88 0.00
v 6352.94 -4235.29 0.00
v 6352.94 -3705.88 -18.00
v 5823.53 -3705.88 -18.00
v 5823.53 -3705.88 0.00
v 6352.94 -3705.88 0.00
v 5823.53 -3705.88 -18.00
v 5823.53 -4235.29 -18.00
v 5823.53 -4235.29 0.00
v 5823.53 -3705.88 0.00
v 6882.35 -5294.12 -18.00
v 6882.35 -4764.71 -18.00
v 6882.35 -4764.71 0.00
v 6882.35 -5294.12 0.00
v 6882.35 -4764.71 -18.00
v 6352.94 -4764.71 -18.00
v 6352.94 -4764.71 0.00
v 6882.35 -4764.71 0.00
v 6352.94 -4764.71 -18.00
v 6352.94 -5294.12 -18.00
v 6352.94 -5294.12 0.00
v 6352.94 -4764.71 0.00
v 6352.94 -4235.29 -18.00
v 6882.35 -4235.29 -18.00
v 6882.35 -4764.71 -18.00
v 6352.94 -4764.71 -18.00
v 6352.94 -4764.71 0.00
v 6882.35 -4764.71 0.00
v 6882.35 -4235.29 0.00
v 6352.94 -4235.29 0.00
v 6352.94 -4764.71 -18.00
v 6882.35 -4764.71 -18.00
v 6882.35 -4764.71 0.00
v 6352.94 -4764.71 0.00
v 6352.94 2647.06 -18.00
v 6352.94 2117.65 -18.00
v 6352.94 2117.65 0.00
v 6352.94 2647.06 0.00
v 6352.94 3176.47 -18.00
v 6882.35 3176.47 -18.00
v 6882.35 2647.06 -18.00
v 6352.94 2647.06 -18.00
v 6352.94 2647.06 0.00
v 6882.35 2647.06 0.00
v 6882.35 3176.47 0.00
v 6352.94 3176.47 0.00
v 6352.94 2647.06 -18.00
v 6882.35 2647.06 -18.00
v 6882.35 2647.06 0.00
v 6352.94 2647.06 0.00
v 6882.35 2647.06 -18.00
v 6882.35 3176.47 -18.00
v 6882.35 3176.47 0.00
v 6882.35 2647.06 0.00
v 6882.35 3176.47 -18.00
v 6352.94 3176.47 -18.00
v 6352.94 3176.47 0.00
v 6882.35 3176.47 0.00
v 6882.35 -4235.29 -18.00
v 7411.77 -4235.29 -18.00
v 7411.77 -4764.71 -18.00
v 6882.35 -4764.71 -18.00
v 6882.35 -4764.71 0.00
v 7411.77 -4764.71 0.00
v 7411.77 -4235.29 0.00
v 6882.35 -4235.29 0.00
v 6882.35 -4764.71 -18.00
v 7411.77 -4764.71 -18.00
v 7411.77 -4764.71 0.00
v 6882.35 -4764.71 0.00
v 7411.77 -4764.71 -18.00
v 7411.77 -4235.29 -18.00
v 7411.77 -4235.29 0.00
v 7411.77 -4764.71 0.00
v 7411.77 -4235.29 -18.00
v 6882.35 -4235.29 -18.00
v 6882.35 -4235.29 0.00
v 7411.77 -4235.29 0.00
v 6882.35 -4235.29 -18.00
v 6882.35 -4764.71 -18.00
v 6882.35 -4764.71 0.00
v 6882.35 -4235.29 0.00
v 6882.35 -3705.88 -18.00
v 7411.77 -3705.88 -18.00
v 7411.77 -4235.29 -18.00
v 6882.35 -4235.29 -18.00
v 6882.35 -4235.29 0.00
v 7411.77 -4235.29 0.00
v 7411.77 -3705.88 0.00
v 6882.35 -3705.88 0.00
v 6882.35 -4235.29 -18.00
v 7411.77 -4235.29 -18.00
v 7411.77 -4235.29 0.00
v 6882.35 -4235.29 0.00
v 7411.77 -4235.29 -18.00
v 7411.77 -3705.88 -18.00
v 7411.77 -3705.88 0.00
v 7411.77 -4235.29 0.00
v 7411.77 -3705.88 -18.00
v 6882.35 -3705.88 -18.00
v 6882.35 -3705.88 0.00
v 7411.77 -3705.88 0.00
v 6882.35 -3705.88 -18.00
v 6882.35 -4235.29 -18.00
v 6882.35 -4235.29 0.00
v 6882.35 -3705.88 0.00
v 6882.35 -3176.47 -18.00
v 7411.77 -3176.47 -18.00
v 7411.77 -3705.88 -18.00
v 6882.35 -3705.88 -18.00
v 6882.35 -3705.88 0.00
v 7411.77 -3705.88 0.00
v 7411.77 -3176.47 0.00
v 6882.35 -3176.47 0.00
v 6882.35 -3705.88 -18.00
v 7411.77 -3705.88 -18.00
v 7411.77 -3705.88 0.00
v 6882.35 -3705.88 0.00
v 7411.77 -3705.88 -18.00
v 7411.77 -3176.47 -18.00
v 7411.77 -3176.47 0.00
v 7411.77 -3705.88 0.00
v 7411.77 -3176.47 -18.00
v 6882.35 -3176.47 -18.00
v 6882.35 -3176.47 0.00
v 7411.77 -3176.47 0.00
v 7411.77 -2647.06 -18.00
v 7411.77 -2117.65 -18.00
v 7411.77 -2117.65 0.00
v 7411.77 -2647.06 0.00
v 7411.77 -2117.65 -18.00
v 6882.35 -2117.65 -18.00
v 6882.35 -2117.65 0.00
v 7411.77 -2117.65 0.00
v 6882.35 -2117.65 -18.00
v 6882.35 -2647.06 -18.00
v 6882.35 -2647.06 0.00
v 6882.35 -2117.65 0.00
v 6882.35 -1588.23 -18.00
v 7411.77 -1588.23 -18.00
v 7411.77 -2117.65 -18.00
v 6882.35 -2117.65 -18.00
v 6882.35 -2117.65 0.00
v 7411.77 -2117.65 0.00
v 7411.77 -1588.23 0.00
v 6882.35 -1588.23 0.00
v 6882.35 -2117.65 -18.00
v 7411.77 -2117.65 -18.00
v 7411.77 -2117.65 0.00
v 6882.35 -2117.65 0.00
v 7411.77 -2117.65 -18.00
v 7411.77 -1588.23 -18.00
v 7411.77 -1588.23 0.00
v 7411.77 -2117.65 0.00
v 7411.77 -1588.23 -18.00
v 6882.35 -1588.23 -18.00
v 6882.35 -1588.23 0.00
v 7411.77 -1588.23 0.00
v 6882.35 -1588.23 -18.00
v 6882.35 -2117.65 -18.00
v 6882.35 -2117.65 0.00
v 6882.35 -1588.23 0.00
v 6882.35 -1058.82 -18.00
v 7411.77 -1058.82 -18.00
v 7411.77 -1588.23 -18.00
v 6882.35 -1588.23 -18.00
v 6882.35 -1588.23 0.00
v 7411.77 -1588.23 0.00
v 7411.77 -1058.82 0.00
v 6882.35 -1058.82 0.00
v 6882.35 -0.00 -18.00
v 7411.77 -0.00 -18.00
v 7411.77 -529.41 -18.00
v 6882.35 -529.41 -18.00
v 6882.35 -529.41 0.00
v 7411.77 -529.41 0.00
v 7411.77 -0.00 0.00
v 6882.35 -0.00 0.00
v 6882.35 -529.41 -18.00
v 7411.77 -529.41 -18.00
v 7411.77 -529.41 0.00
v 6882.35 -529.41 0.00
v 7411.77 -529.41 -18.00
v 7411.77 -0.00 -18.00
v 7411.77 -0.00 0.00
v 7411.77 -529.41 0.00
v 7411.77 -0.00 -18.00
v 6882.35 -0.00 -18.00
v 6882.35 -0.00 0.00
v 7411.77 -0.00 0.00
v 6882.35 -0.00 -18.00
v 6882.35 -529.41 -18.00
v 6882.35 -529.41 0.00
v 6882.35 -0.00 0.00
v 6882.35 529.41 -18.00
v 7411.77 529.41 -18.00
v 7411.77 -0.00 -18.00
v 6882.35 -0.00 -18.00
v 6882.35 -0.00 0.00
v 7411.77 -0.00 0.00
v 7411.77 529.41 0.00
v 6882.35 529.41 0.00
v 6882.35 -0.00 -18.00
v 7411.77 -0.00 -18.00
v 7411.77 -0.00 0.00
v 6882.35 -0.00 0.00
v 7411.77 -0.00 -18.00
v 7411.77 529.41 -18.00
v 7411.77 529.41 0.00
v 7411.77 -0.00 0.00
v 7411.77 529.41 -18.00
v 6882.35 529.41 -18.00
v 6882.35 529.41 0.00
v 7411.77 529.41 0.00
v 7411.77 1058.82 -18.00
v 7411.77 1588.23 -18.00
v 7411.77 1588.23 0.00
v 7411.77 1058.82 0.00
v 7411.77 1588.23 -18.00
v 6882.35 1588.23 -18.00
v 6882.35 1588.23 0.00
v 7411.77 1588.23 0.00
v 6882.35 1588.23 -18.00
v 6882.35 1058.82 -18.00
v 6882.35 1058.82 0.00
v 6882.35 1588.23 0.00
v 6882.35 2117.65 -18.00
v 7411.77 2117.65 -18.00
v 7411.77 1588.23 -18.00
v 6882.35 1588.23 -18.00
v 6882.35 1588.23 0.00
v 7411.77 1588.23 0.00
v 7411.77 2117.65 0.00
v 6882.35 2117.65 0.00
v 6882.35 1588.23 -18.00
v 7411.77 1588.23 -18.00
v 7411.77 1588.23 0.00
v 6882.35 1588.23 0.00
v 7411.77 1588.23 -18.00
v 7411.77 2117.65 -18.00
v 7411.77 2117.65 0.00
v 7411.77 1588.23 0.00
v 7411.77 2117.65 -18.00
v 6882.35 2117.65 -18.00
v 6882.35 2117.65 0.00
v 7411.77 2117.65 0.00
v 6882.35 2117.65 -18.00
v 6882.35 1588.23 -18.00
v 6882.35 1588.23 0.00
v 6882.35 2117.65 0.00
v 6882.35 2647.06 -18.00
v 7411.77 2647.06 -18.00
v 7411.77 2117.65 -18.00
v 6882.35 2117.65 -18.00
v 6882.35 2117.65 0.00
v 7411.77 2117.65 0.00
v 7411.77 2647.06 0.00
v 6882.35 2647.06 0.00
v 6882.35 2117.65 -18.00
v 7411.77 2117.65 -18.00
v 7411.77 2117.65 0.00
v 6882.35 2117.65 0.00
v 7411.77 2117.65 -18.00
v 7411.77 2647.06 -18.00
v 7411.77 2647.06 0.00
v 7411.77 2117.65 0.00
v 7411.77 2647.06 -18.00
v 6882.35 2647.06 -18.00
v 6882.35 2647.06 0.00
v 7411.77 2647.06 0.00
v 6882.35 2647.06 -18.00
v 6882.35 2117.65 -18.00
v 6882.35 2117.65 0.00
v 6882.35 2647.06 0.00
v 6882.35 3176.47 -18.00
v 7411.77 3176.47 -18.00
v 7411.77 2647.06 -18.00
v 6882.35 2647.06 -18.00
v 6882.35 2647.06 0.00
v 7411.77 2647.06 0.00
v 7411.77 3176.47 0.00
v 6882.35 3176.47 0.00
v 6882.35 2647.06 -18.00
v 7411.77 2647.06 -18.00
v 7411.77 2647.06 0.00
v 6882.35 2647.06 0.00
v 7411.77 2647.06 -18.00
v 7411.77 3176.47 -18.00
v 7411.77 3176.47 0.00
v 7411.77 2647.06 0.00
v 7411.77 3176.47 -18.00
v 6882.35 3176.47 -18.00
v 6882.35 3176.47 0.00
v 7411.77 3176.47 0.00
v 6882.35 3176.47 -18.00
v 6882.35 2647.06 -18.00
v 6882.35 2647.06 0.00
v 6882.35 3176.47 0.00
v 6882.35 3705.88 -18.00
v 7411.77 3705.88 -18.00
v 7411.77 3176.47 -18.00
v 6882.35 3176.47 -18.00
v 6882.35 3176.47 0.00
v 7411.77 3176.47 0.00
v 7411.77 3705.88 0.00
v 6882.35 3705.88 0.00
v 6882.35 3176.47 -18.00
v 7411.77 3176.47 -18.00
v 7411.77 3176.47 0.00
v 6882.35 3176.47 0.00
v 7411.77 3176.47 -18.00
v 7411.77 3705.88 -18.00
v 7411.77 3705.88 0.00
v 7411.77 3176.47 0.00
v 7411.77 3705.88 -18.00
v 6882.35 3705.88 -18.00
v 6882.35 3705.88 0.00
v 7411.77 3705.88 0.00
v 6882.35 3705.88 -18.00
v 6882.35 3176.47 -18.00
v 6882.35 3176.47 0.00
v 6882.35 3705.88 0.00
v 6882.35 4235.29 -18.00
v 7411.77 4235.29 -18.00
v 7411.77 3705.88 -18.00
v 6882.35 3705.88 -18.00
v 6882.35 3705.88 0.00
v 7411.77 3705.88 0.00
v 7411.77 4235.29 0.00
v 6882.35 4235.29 0.00
v 6882.35 3705.88 -18.00
v 7411.77 3705.88 -18.00
v 7411.77 3705.88 0.00
v 6882.35 3705.88 0.00
v 7411.77 3705.88 -18.00
v 7411.77 4235.29 -18.00
v 7411.77 4235.29 0.00
v 7411.77 3705.88 0.00
v 7411.77 4235.29 -18.00
v 6882.35 4235.29 -18.00
v 6882.35 4235.29 0.00
v 7411.77 4235.29 0.00
v 6882.35 4235.29 -18.00
v 6882.35 3705.88 -18.00
v 6882.35 3705.88 0.00
v 6882.35 4235.29 0.00
v 6882.35 4764.71 -18.00
v 7411.77 4764.71 -18.00
v 7411.77 4235.29 -18.00
v 6882.35 4235.29 -18.00
v 6882.35 4235.29 0.00
v 7411.77 4235.29 0.00
v 7411.77 4764.71 0.00
v 6882.35 4764.71 0.00
v 6882.35 4235.29 -18.00
v 7411.77 4235.29 -18.00
v 7411.77 4235.29 0.00
v 6882.35 4235.29 0.00
v 7411.77 4235.29 -18.00
v 7411.77 4764.71 -18.00
v 7411.77 4764.71 0.00
v 7411.77 4235.29 0.00
v 7411.77 4764.71 -18.00
v 6882.35 4764.71 -18.00
v 6882.35 4764.71 0.00
v 7411.77 4764.71 0.00
v 6882.35 4764.71 -18.00
v 6882.35 4235.29 -18.00
v 6882.35 4235.29 0.00
v 6882.35 4764.71 0.00
v 6882.35 4764.71 -18.00
v 7411.77 4764.71 -18.00
v 7411.77 4764.71 0.00
v 6882.35 4764.71 0.00
v 7411.77 -8470.59 -18.00
v 7941.18 -8470.59 -18.00
v 7941.18 -9000.00 -18.00
v 7411.77 -9000.00 -18.00
v 7411.77 -9000.00 0.00
v 7941.18 -9000.00 0.00
v 7941.18 -8470.59 0.00
v 7411.77 -8470.59 0.00
v 7411.77 -9000.00 -18.00
v 7941.18 -9000.00 -18.00
v 7941.18 -9000.00 0.00
v 7411.77 -9000.00 0.00
v 7941.18 -9000.00 -18.00
v 7941.18 -8470.59 -18.00
v 7941.18 -8470.59 0.00
v 7941.18 -9000.00 0.00
v 7941.18 -8470.59 -18.00
v 7411.77 -8470.59 -18.00
v 7411.77 -8470.59 0.00
v 7941.18 -8470.59 0.00
v 7411.77 -8470.59 -18.00
v 7411.77 -9000.00 -18.00
v 7411.77 -9000.00 0.00
v 7411.77 -8470.59 0.00
v 7411.77 -7941.18 -18.00
v 7941.18 -7941.18 -18.00
v 7941.18 -8470.59 -18.00
v 7411.77 -8470.59 -18.00
v 7411.77 -8470.59 0.00
v 7941.18 -8470.59 0.00
v 7941.18 -7941.18 0.00
v 7411.77 -7941.18 0.00
v 7411.77 -8470.59 -18.00
v 7941.18 -8470.59 -18.00
v 7941.18 -8470.59 0.00
v 7411.77 -8470.59 0.00
v 7941.18 -8470.59 -18.00
v 7941.18 -7941.18 -18.00
v 7941.18 -7941.18 0.00
v 7941.18 -8470.59 0.00
v 7941.18 -7941.18 -18.00
v 7411.77 -7941.18 -18.00
v 7411.77 -7941.18 0.00
v 7941.18 -7941.18 0.00
v 7411.77 -7941.18 -18.00
v 7411.77 -8470.59 -18.00
v 7411.77 -8470.59 0.00
v 7411.77 -7941.18 0.00
v 7411.77 -7411.77 -18.00
v 7941.18 -7411.77 -18.00
v 7941.18 -7941.18 -18.00
v 7411.77 -7941.18 -18.00
v 7411.77 -7941.18 0.00
v 7941.18 -7941.18 0.00
v 7941.18 -7411.77 0.00
v 7411.77 -7411.77 0.00
v 7411.77 -7941.18 -18.00
v 7941.18 -7941.18 -18.00
v 7941.18 -7941.18 0.00
v 7411.77 -7941.18 0.00
v 7941.18 -7941.18 -18.00
v 7941.18 -7411.77 -18.00
v 7941.18 -7411.77 0.00
v 7941.18 -7941.18 0.00
v 7941.18 -7411.77 -18.00
v 7411.77 -7411.77 -18.00
v 7411.77 -7411.77 0.00
v 7941.18 -7411.77 0.00
v 7411.77 -7411.77 -18.00
v 7411.77 -7941.18 -18.00
v 7411.77 -7941.18 0.00
v 7411.77 -7411.77 0.00
v 7411.77 -6882.35 -18.00
v 7941.18 -6882.35 -18.00
v 7941.18 -7411.77 -18.00
v 7411.77 -7411.77 -18.00
v 7411.77 -7411.77 0.00
v 7941.18 -7411.77 0.00
v 7941.18 -6882.35 0.00
v 7411.77 -6882.35 0.00
v 7411.77 -7411.77 -18.00
v 7941.18 -7411.77 -18.00
v 7941.18 -7411.77 0.00
v 7411.77 -7411.77 0.00
v 7941.18 -7411.77 -18.00
v 7941.18 -6882.35 -18.00
v 7941.18 -6882.35 0.00
v 7941.18 -7411.77 0.00
v 7941.18 -6882.35 -18.00
v 7411.77 -6882.35 -18.00
v 7411.77 -6882.35 0.00
v 7941.18 -6882.35 0.00
v 7411.77 -6882.35 -18.00
v 7411.77 -7411.77 -18.00
v 7411.77 -7411.77 0.00
v 7411.77 -6882.35 0.00
v 7411.77 -6352.94 -18.00
v 7941.18 -6352.94 -18.00
v 7941.18 -6882.35 -18.00
v 7411.77 -6882.35 -18.00
v 7411.77 -6882.35 0.00
v 7941.18 -6882.35 0.00
v 7941.18 -6352.94 0.00
v 7411.77 -6352.94 0.00
v 7411.77 -6882.35 -18.00
v 7941.18 -6882.35 -18.00
v 7941.18 -6882.35 0.00
v 7411.77 -6882.35 0.00
v 7941.18 -6882.35 -18.00
v 7941.18 -6352.94 -18.00
v 7941.18 -6352.94 0.00
v 7941.18 -6882.35 0.00
v 7941.18 -6352.94 -18.00
v 7411.77 -6352.94 -18.00
v 7411.77 -6352.94 0.00
v 7941.18 -6352.94 0.00
v 7411.77 -6352.94 -18.00
v 7411.77 -6882.35 -18.00
v 7411.77 -6882.35 0.00
v 7411.77 -6352.94 0.00
v 7411.77 -5823.53 -18.00
v 7941.18 -5823.53 -18.00
v 7941.18 -6352.94 -18.00
v 7411.77 -6352.94 -18.00
v 7411.77 -6352.94 0.00
v 7941.18 -6352.94 0.00
v 7941.18 -5823.53 0.00
v 7411.77 -5823.53 0.00
v 7411.77 -6352.94 -18.00
v 7941.18 -6352.94 -18.00
v 7941.18 -6352.94 0.00
v 7411.77 -6352.94 0.00
v 7941.18 -6352.94 -18.00
v 7941.18 -5823.53 -18.00
v 7941.18 -5823.53 0.00
v 7941.18 -6352.94 0.00
v 7941.18 -5823.53 -18.00
v 7411.77 -5823.53 -18.00
v 7411.77 -5823.53 0.00
v 7941.18 -5823.53 0.00
v 7411.77 -5823.53 -18.00
v 7411.77 -6352.94 -18.00
v 7411.77 -6352.94 0.00
v 7411.77 -5823.53 0.00
v 7411.77 -5294.12 -18.00
v 7941.18 -5294.12 -18.00
v 7941.18 -5823.53 -18.00
v 7411.77 -5823.53 -18.00
v 7411.77 -5823.53 0.00
v 7941.18 -5823.53 0.00
v 7941.18 -5294.12 0.00
v 7411.77 -5294.12 0.00
v 7411.77 -5823.53 -18.00
v 7941.18 -5823.53 -18.00
v 7941.18 -5823.53 0.00
v 7411.77 -5823.53 0.00
v 7941.18 -5823.53 -18.00
v 7941.18 -5294.12 -18.00
v 7941.18 -5294.12 0.00
v 7941.18 -5823.53 0.00
v 7941.18 -5294.12 -18.00
v 7411.77 -5294.12 -18.00
v 7411.77 -5294.12 0.00
v 7941.18 -5294.12 0.00
v 7411.77 -5294.12 -18.00
v 7411.77 -5823.53 -18.00
v 7411.77 -5823.53 0.00
v 7411.77 -5294.12 0.00
v 7411.77 -4764.71 -18.00
v 7941.18 -4764.71 -18.00
v 7941.18 -5294.12 -18.00
v 7411.77 -5294.12 -18.00
v 7411.77 -5294.12 0.00
v 7941.18 -5294.12 0.00
v 7941.18 -4764.71 0.00
v 7411.77 -4764.71 0.00
v 7411.77 -5294.12 -18.00
v 7941.18 -5294.12 -18.00
v 7941.18 -5294.12 0.00
v 7411.77 -5294.12 0.00
v 7941.18 -5294.12 -18.00
v 7941.18 -4764.71 -18.00
v 7941.18 -4764.71 0.00
v 7941.18 -5294.12 0.00
v 7941.18 -4764.71 -18.00
v 7411.77 -4764.71 -18.00
v 7411.77 -4764.71 0.00
v 7941.18 -4764.71 0.00
v 7411.77 -4764.71 -18.00
v 7411.77 -5294.12 -18.00
v 7411.77 -5294.12 0.00
v 7411.77 -4764.71 0.00
v 7411.77 -4235.29 -18.00
v 7941.18 -4235.29 -18.00
v 7941.18 -4764.71 -18.00
v 7411.77 -4764.71 -18.00
v 7411.77 -4764.71 0.00
v 7941.18 -4764.71 0.00
v 7941.18 -4235.29 0.00
v 7411.77 -4235.29 0.00
v 7411.77 -4764.71 -18.00
v 7941.18 -4764.71 -18.00
v 7941.18 -4764.71 0.00
v 7411.77 -4764.71 0.00
v 7941.18 -4764.71 -18.00
v 7941.18 -4235.29 -18.00
v 7941.18 -4235.29 0.00
v 7941.18 -4764.71 0.00
v 7941.18 -4235.29 -18.00
v 7411.77 -4235.29 -18.00
v 7411.77 -4235.29 0.00
v 7941.18 -4235.29 0.00
v 7411.77 -4235.29 -18.00
v 7411.77 -4764.71 -18.00
v 7411.77 -4764.71 0.00
v 7411.77 -4235.29 0.00
v 7411.77 -3705.88 -18.00
v 7941.18 -3705.88 -18.00
v 7941.18 -4235.29 -18.00
v 7411.77 -4235.29 -18.00
v 7411.77 -4235.29 0.00
v 7941.18 -4235.29 0.00
v 7941.18 -3705.88 0.00
v 7411.77 -3705.88 0.00
v 7411.77 -4235.29 -18.00
v 7941.18 -4235.29 -18.00
v 7941.18 -4235.29 0.00
v 7411.77 -4235.29 0.00
v 7941.18 -4235.29 -18.00
v 7941.18 -3705.88 -18.00
v 7941.18 -3705.88 0.00
v 7941.18 -4235.29 0.00
v 7941.18 -3705.88 -18.00
v 7411.77 -3705.88 -18.00
v 7411.77 -3705.88 0.00
v 7941.18 -3705.88 0.00
v 7411.77 -3705.88 -18.00
v 7411.77 -4235.29 -18.00
v 7411.77 -4235.29 0.00
v 7411.77 -3705.88 0.00
v 7411.77 -3176.47 -18.00
v 7941.18 -3176.47 -18.00
v 7941.18 -3705.88 -18.00
v 7411.77 -3705.88 -18.00
v 7411.77 -3705.88 0.00
v 7941.18 -3705.88 0.00
v 7941.18 -3176.47 0.00
v 7411.77 -3176.47 0.00
v 7411.77 -3705.88 -18.00
v 7941.18 -3705.88 -18.00
v 7941.18 -3705.88 0.00
v 7411.77 -3705.88 0.00
v 7941.18 -3705.88 -18.00
v 7941.18 -3176.47 -18.00
v 7941.18 -3176.47 0.00
v 7941.18 -3705.88 0.00
v 7941.18 -3176.47 -18.00
v 7411.77 -3176.47 -18.00
v 7411.77 -3176.47 0.00
v 7941.18 -3176.47 0.00
v 7411.77 -3176.47 -18.00
v 7411.77 -3705.88 -18.00
v 7411.77 -3705.88 0.00
v 7411.77 -3176.47 0.00
v 7411.77 -2647.06 -18.00
v 7941.18 -2647.06 -18.00
v 7941.18 -3176.47 -18.00
v 7411.77 -3176.47 -18.00
v 7411.77 -3176.47 0.00
v 7941.18 -3176.47 0.00
v 7941.18 -2647.06 0.00
v 7411.77 -2647.06 0.00
v 7411.77 -3176.47 -18.00
v 7941.18 -3176.47 -18.00
v 7941.18 -3176.47 0.00
v 7411.77 -3176.47 0.00
v 7941.18 -3176.47 -18.00
v 7941.18 -2647.06 -18.00
v 7941.18 -2647.06 0.00
v 7941.18 -3176.47 0.00
v 7941.18 -2647.06 -18.00
v 7411.77 -2647.06 -18.00
v 7411.77 -2647.06 0.00
v 7941.18 -2647.06 0.00
v 7411.77 -2647.06 -18.00
v 7411.77 -3176.47 -18.00
v 7411.77 -3176.47 0.00
v 7411.77 -2647.06 0.00
v 7411.77 -2117.65 -18.00
v 7941.18 -2117.65 -18.00
v 7941.18 -2647.06 -18.00
v 7411.77 -2647.06 -18.00
v 7411.77 -2647.06 0.00
v 7941.18 -2647.06 0.00
v 7941.18 -2117.65 0.00
v 7411.77 -2117.65 0.00
v 7411.77 -2647.06 -18.00
v 7941.18 -2647.06 -18.00
v 7941.18 -2647.06 0.00
v 7411.77 -2647.06 0.00
v 7941.18 -2647.06 -18.00
v 7941.18 -2117.65 -18.00
v 7941.18 -2117.65 0.00
v 7941.18 -2647.06 0.00
v 7941.18 -2117.65 -18.00
v 7411.77 -2117.65 -18.00
v 7411.77 -2117.65 0.00
v 7941.18 -2117.65 0.00
v 7411.77 -2117.65 -18.00
v 7411.77 -2647.06 -18.00
v 7411.77 -2647.06 0.00
v 7411.77 -2117.65 0.00
v 7411.77 -1588.23 -18.00
v 7941.18 -1588.23 -18.00
v 7941.18 -2117.65 -18.00
v 7411.77 -2117.65 -18.00
v 7411.77 -2117.65 0.00
v 7941.18 -2117.65 0.00
v 7941.18 -1588.23 0.00
v 7411.77 -1588.23 0.00
v 7411.77 -2117.65 -18.00
v 7941.18 -2117.65 -18.00
v 7941.18 -2117.65 0.00
v 7411.77 -2117.65 0.00
v 7941.18 -2117.65 -18.00
v 7941.18 -1588.23 -18.00
v 7941.18 -1588.23 0.00
v 7941.18 -2117.65 0.00
v 7941.18 -1588.23 -18.00
v 7411.77 -1588.23 -18.00
v 7411.77 -1588.23 0.00
v 7941.18 -1588.23 0.00
v 7411.77 -1588.23 -18.00
v 7411.77 -2117.65 -18.00
v 7411.77 -2117.65 0.00
v 7411.77 -1588.23 0.00
v 7411.77 -1058.82 -18.00
v 7941.18 -1058.82 -18.00
v 7941.18 -1588.23 -18.00
v 7411.77 -1588.23 -18.00
v 7411.77 -1588.23 0.00
v 7941.18 -1588.23 0.00
v 7941.18 -1058.82 0.00
v 7411.77 -1058.82 0.00
v 7411.77 -1588.23 -18.00
v 7941.18 -1588.23 -18.00
v 7941.18 -1588.23 0.00
v 7411.77 -1588.23 0.00
v 7941.18 -1588.23 -18.00
v 7941.18 -1058.82 -18.00
v 7941.18 -1058.82 0.00
v 7941.18 -1588.23 0.00
v 7941.18 -1058.82 -18.00
v 7411.77 -1058.82 -18.00
v 7411.77 -1058.82 0.00
v 7941.18 -1058.82 0.00
v 7411.77 -1058.82 -18.00
v 7411.77 -1588.23 -18.00
v 7411.77 -1588.23 0.00
v 7411.77 -1058.82 0.00
v 7411.77 -529.41 -18.00
v 7941.18 -529.41 -18.00
v 7941.18 -1058.82 -18.00
v 7411.77 -1058.82 -18.00
v 7411.77 -1058.82 0.00
v 7941.18 -1058.82 0.00
v 7941.18 -529.41 0.00
v 7411.77 -529.41 0.00
v 7411.77 -1058.82 -18.00
v 7941.18 -1058.82 -18.00
v 7941.18 -1058.82 0.00
v 7411.77 -1058.82 0.00
v 7941.18 -1058.82 -18.00
v 7941.18 -529.41 -18.00
v 7941.18 -529.41 0.00
v 7941.18 -1058.82 0.00
v 7941.18 -529.41 -18.00
v 7411.77 -529.41 -18.00
v 7411.77 -529.41 0.00
v 7941.18 -529.41 0.00
v 7411.77 -529.41 -18.00
v 7411.77 -1058.82 -18.00
v 7411.77 -1058.82 0.00
v 7411.77 -529.41 0.00
v 7411.77 -0.00 -18.00
v 7941.18 -0.00 -18.00
v 7941.18 -529.41 -18.00
v 7411.77 -529.41 -18.00
v 7411.77 -529.41 0.00
v 7941.18 -529.41 0.00
v 7941.18 -0.00 0.00
v 7411.77 -0.00 0.00
v 7411.77 -529.41 -18.00
v 7941.18 -529.41 -18.00
v 7941.18 -529.41 0.00
v 7411.77 -529.41 0.00
v 7941.18 -529.41 -18.00
v 7941.18 -0.00 -18.00
v 7941.18 -0.00 0.00
v 7941.18 -529.41 0.00
v 7941.18 -0.00 -18.00
v 7411.77 -0.00 -18.00
v 7411.77 -0.00 0.00
v 7941.18 -0.00 0.00
v 7411.77 -0.00 -18.00
v 7411.77 -529.41 -18.00
v 7411.77 -529.41 0.00
v 7411.77 -0.00 0.00
v 7411.77 529.41 -18.00
v 7941.18 529.41 -18.00
v 7941.18 -0.00 -18.00
v 7411.77 -0.00 -18.00
v 7411.77 -0.00 0.00
v 7941.18 -0.00 0.00
v 7941.18 529.41 0.00
v 7411.77 529.41 0.00
v 7411.77 -0.00 -18.00
v 7941.18 -0.00 -18.00
v 7941.18 -0.00 0.00
v 7411.77 -0.00 0.00
v 7941.18 -0.00 -18.00
v 7941.18 529.41 -18.00
v 7941.18 529.41 0.00
v 7941.18 -0.00 0.00
v 7941.18 529.41 -18.00
v 7411.77 529.41 -18.00
v 7411.77 529.41 0.00
v 7941.18 529.41 0.00
v 7411.77 529.41 -18.00
v 7411.77 -0.00 -18.00
v 7411.77 -0.00 0.00
v 7411.77 529.41 0.00
v 7411.77 1058.82 -18.00
v 7941.18 1058.82 -18.00
v 7941.18 529.41 -18.00
v 7411.77 529.41 -18.00
v 7411.77 529.41 0.00
v 7941.18 529.41 0.00
v 7941.18 1058.82 0.00
v 7411.77 1058.82 0.00
v 7411.77 529.41 -18.00
v 7941.18 529.41 -18.00
v 7941.18 529.41 0.00
v 7411.77 529.41 0.00
v 7941.18 529.41 -18.00
v 7941.18 1058.82 -18.00
v 7941.18 1058.82 0.00
v 7941.18 529.41 0.00
v 7941.18 1058.82 -18.00
v 7411.77 1058.82 -18.00
v 7411.77 1058.82 0.00
v 7941.18 1058.82 0.00
v 7411.77 1058.82 -18.00
v 7411.77 529.41 -18.00
v 7411.77 529.41 0.00
v 7411.77 1058.82 0.00
v 7411.77 1588.23 -18.00
v 7941.18 1588.23 -18.00
v 7941.18 1058.82 -18.00
v 7411.77 1058.82 -18.00
v 7411.77 1058.82 0.00
v 7941.18 1058.82 0.00
v 7941.18 1588.23 0.00
v 7411.77 1588.23 0.00
v 7411.77 1058.82 -18.00
v 7941.18 1058.82 -18.00
v 7941.18 1058.82 0.00
v 7411.77 1058.82 0.00
v 7941.18 1058.82 -18.00
v 7941.18 1588.23 -18.00
v 7941.18 1588.23 0.00
v 7941.18 1058.82 0.00
v 7941.18 1588.23 -18.00
v 7411.77 1588.23 -18.00
v 7411.77 1588.23 0.00
v 7941.18 1588.23 0.00
v 7411.77 1588.23 -18.00
v 7411.77 1058.82 -18.00
v 7411.77 1058.82 0.00
v 7411.77 1588.23 0.00
v 7411.77 2117.65 -18.00
v 7941.18 2117.65 -18.00
v 7941.18 1588.23 -18.00
v 7411.77 1588.23 -18.00
v 7411.77 1588.23 0.00
v 7941.18 1588.23 0.00
v 7941.18 2117.65 0.00
v 7411.77 2117.65 0.00
v 7411.77 1588.23 -18.00
v 7941.18 1588.23 -18.00
v 7941.18 1588.23 0.00
v 7411.77 1588.23 0.00
v 7941.18 1588.23 -18.00
v 7941.18 2117.65 -18.00
v 7941.18 2117.65 0.00
v 7941.18 1588.23 0.00
v 7941.18 2117.65 -18.00
v 7411.77 2117.65 -18.00
v 7411.77 2117.65 0.00
v 7941.18 2117.65 0.00
v 7411.77 2117.65 -18.00
v 7411.77 1588.23 -18.00
v 7411.77 1588.23 0.00
v 7411.77 2117.65 0.00
v 7411.77 2647.06 -18.00
v 7941.18 2647.06 -18.00
v 7941.18 2117.65 -18.00
v 7411.77 2117.65 -18.00
v 7411.77 2117.65 0.00
v 7941.18 2117.65 0.00
v 7941.18 2647.06 0.00
v 7411.77 2647.06 0.00
v 7411.77 2117.65 -18.00
v 7941.18 2117.65 -18.00
v 7941.18 2117.65 0.00
v 7411.77 2117.65 0.00
v 7941.18 2117.65 -18.00
v 7941.18 2647.06 -18.00
v 7941.18 2647.06 0.00
v 7941.18 2117.65 0.00
v 7941.18 2647.06 -18.00
v 7411.77 2647.06 -18.00
v 7411.77 2647.06 0.00
v 7941.18 2647.06 0.00
v 7411.77 2647.06 -18.00
v 7411.77 2117.65 -18.00
v 7411.77 2117.65 0.00
v 7411.77 2647.06 0.00
v 7411.77 3176.47 -18.00
v 7941.18 3176.47 -18.00
v 7941.18 2647.06 -18.00
v 7411.77 2647.06 -18.00
v 7411.77 2647.06 0.00
v 7941.18 2647.06 0.00
v 7941.18 3176.47 0.00
v 7411.77 3176.47 0.00
v 7411.77 2647.06 -18.00
v 7941.18 2647.06 -18.00
v 7941.18 2647.06 0.00
v 7411.77 2647.06 0.00
v 7941.18 2647.06 -18.00
v 7941.18 3176.47 -18.00
v 7941.18 3176.47 0.00
v 7941.18 2647.06 0.00
v 7941.18 3176.47 -18.00
v 7411.77 3176.47 -18.00
v 7411.77 3176.47 0.00
v 7941.18 3176.47 0.00
v 7411.77 3176.47 -18.00
v 7411.77 2647.06 -18.00
v 7411.77 2647.06 0.00
v 7411.77 3176.47 0.00
v 7411.77 3705.88 -18.00
v 7941.18 3705.88 -18.00
v 7941.18 3176.47 -18.00
v 7411.77 3176.47 -18.00
v 7411.77 3176.47 0.00
v 7941.18 3176.47 0.00
v 7941.18 3705.88 0.00
v 7411.77 3705.88 0.00
v 7411.77 3176.47 -18.00
v 7941.18 3176.47 -18.00
v 7941.18 3176.47 0.00
v 7411.77 3176.47 0.00
v 7941.18 3176.47 -18.00
v 7941.18 3705.88 -18.00
v 7941.18 3705.88 0.00
v 7941.18 3176.47 0.00
v 7941.18 3705.88 -18.00
v 7411.77 3705.88 -18.00
v 7411.77 3705.88 0.00
v 7941.18 3705.88 0.00
v 7411.77 3705.88 -18.00
v 7411.77 3176.47 -18.00
v 7411.77 3176.47 0.00
v 7411.77 3705.88 0.00
v 7411.77 4235.29 -18.00
v 7941.18 4235.29 -18.00
v 7941.18 3705.88 -18.00
v 7411.77 3705.88 -18.00
v 7411.77 3705.88 0.00
v 7941.18 3705.88 0.00
v 7941.18 4235.29 0.00
v 7411.77 4235.29 0.00
v 7411.77 3705.88 -18.00
v 7941.18 3705.88 -18.00
v 7941.18 3705.88 0.00
v 7411.77 3705.88 0.00
v 7941.18 3705.88 -18.00
v 7941.18 4235.29 -18.00
v 7941.18 4235.29 0.00
v 7941.18 3705.88 0.00
v 7941.18 4235.29 -18.00
v 7411.77 4235.29 -18.00
v 7411.77 4235.29 0.00
v 7941.18 4235.29 0.00
v 7411.77 4235.29 -18.00
v 7411.77 3705.88 -18.00
v 7411.77 3705.88 0.00
v 7411.77 4235.29 0.00
v 7411.77 4764.71 -18.00
v 7941.18 4764.71 -18.00
v 7941.18 4235.29 -18.00
v 7411.77 4235.29 -18.00
v 7411.77 4235.29 0.00
v 7941.18 4235.29 0.00
v 7941.18 4764.71 0.00
v 7411.77 4764.71 0.00
v 7411.77 4235.29 -18.00
v 7941.18 4235.29 -18.00
v 7941.18 4235.29 0.00
v 7411.77 4235.29 0.00
v 7941.18 4235.29 -18.00
v 7941.18 4764.71 -18.00
v 7941.18 4764.71 0.00
v 7941.18 4235.29 0.00
v 7941.18 4764.71 -18.00
v 7411.77 4764.71 -18.00
v 7411.77 4764.71 0.00
v 7941.18 4764.71 0.00
v 7411.77 4764.71 -18.00
v 7411.77 4235.29 -18.00
v 7411.77 4235.29 0.00
v 7411.77 4764.71 0.00
v 7411.77 4764.71 -18.00
v 7941.18 4764.71 -18.00
v 7941.18 4764.71 0.00
v 7411.77 4764.71 0.00
v 7941.18 -8470.59 -18.00
v 8470.59 -8470.59 -18.00
v 8470.59 -9000.00 -18.00
v 7941.18 -9000.00 -18.00
v 7941.18 -9000.00 0.00
v 8470.59 -9000.00 0.00
v 8470.59 -8470.59 0.00
v 7941.18 -8470.59 0.00
v 7941.18 -9000.00 -18.00
v 8470.59 -9000.00 -18.00
v 8470.59 -9000.00 0.00
v 7941.18 -9000.00 0.00
v 8470.59 -9000.00 -18.00
v 8470.59 -8470.59 -18.00
v 8470.59 -8470.59 0.00
v 8470.59 -9000.00 0.00
v 8470.59 -8470.59 -18.00
v 7941.18 -8470.59 -18.00
v 7941.18 -8470.59 0.00
v 8470.59 -8470.59 0.00
v 7941.18 -8470.59 -18.00
v 7941.18 -9000.00 -18.00
v 7941.18 -9000.00 0.00
v 7941.18 -8470.59 0.00
v 7941.18 -7941.18 -18.00
v 8470.59 -7941.18 -18.00
v 8470.59 -8470.59 -18.00
v 7941.18 -8470.59 -18.00
v 7941.18 -8470.59 0.00
v 8470.59 -8470.59 0.00
v 8470.59 -7941.18 0.00
v 7941.18 -7941.18 0.00
v 7941.18 -8470.59 -18.00
v 8470.59 -8470.59 -18.00
v 8470.59 -8470.59 0.00
v 7941.18 -8470.59 0.00
v 8470.59 -8470.59 -18.00
v 8470.59 -7941.18 -18.00
v 8470.59 -7941.18 0.00
v 8470.59 -8470.59 0.00
v 8470.59 -7941.18 -18.00
v 7941.18 -7941.18 -18.00
v 7941.18 -7941.18 0.00
v 8470.59 -7941.18 0.00
v 7941.18 -7941.18 -18.00
v 7941.18 -8470.59 -18.00
v 7941.18 -8470.59 0.00
v 7941.18 -7941.18 0.00
v 7941.18 -7411.77 -18.00
v 8470.59 -7411.77 -18.00
v 8470.59 -7941.18 -18.00
v 7941.18 -7941.18 -18.00
v 7941.18 -7941.18 0.00
v 8470.59 -7941.18 0.00
v 8470.59 -7411.77 0.00
v 7941.18 -7411.77 0.00
v 7941.18 -7941.18 -18.00
v 8470.59 -7941.18 -18.00
v 8470.59 -7941.18 0.00
v 7941.18 -7941.18 0.00
v 8470.59 -7941.18 -18.00
v 8470.59 -7411.77 -18.00
v 8470.59 -7411.77 0.00
v 8470.59 -7941.18 0.00
v 8470.59 -7411.77 -18.00
v 7941.18 -7411.77 -18.00
v 7941.18 -7411.77 0.00
v 8470.59 -7411.77 0.00
v 7941.18 -7411.77 -18.00
v 7941.18 -7941.18 -18.00
v 7941.18 -7941.18 0.00
v 7941.18 -7411.77 0.00
v 7941.18 -6882.35 -18.00
v 8470.59 -6882.35 -18.00
v 8470.59 -7411.77 -18.00
v 7941.18 -7411.77 -18.00
v 7941.18 -7411.77 0.00
v 8470.59 -7411.77 0.00
v 8470.59 -6882.35 0.00
v 7941.18 -6882.35 0.00
v 7941.18 -7411.77 -18.00
v 8470.59 -7411.77 -18.00
v 8470.59 -7411.77 0.00
v 7941.18 -7411.77 0.00
v 8470.59 -7411.77 -18.00
v 8470.59 -6882.35 -18.00
v 8470.59 -6882.35 0.00
v 8470.59 -7411.77 0.00
v 8470.59 -6882.35 -18.00
v 7941.18 -6882.35 -18.00
v 7941.18 -6882.35 0.00
v 8470.59 -6882.35 0.00
v 7941.18 -6882.35 -18.00
v 7941.18 -7411.77 -18.00
v 7941.18 -7411.77 0.00
v 7941.18 -6882.35 0.00
v 7941.18 -6352.94 -18.00
v 8470.59 -6352.94 -18.00
v 8470.59 -6882.35 -18.00
v 7941.18 -6882.35 -18.00
v 7941.18 -6882.35 0.00
v 8470.59 -6882.35 0.00
v 8470.59 -6352.94 0.00
v 7941.18 -6352.94 0.00
v 7941.18 -6882.35 -18.00
v 8470.59 -6882.35 -18.00
v 8470.59 -6882.35 0.00
v 7941.18 -6882.35 0.00
v 8470.59 -6882.35 -18.00
v 8470.59 -6352.94 -18.00
v 8470.59 -6352.94 0.00
v 8470.59 -6882.35 0.00
v 8470.59 -6352.94 -18.00
v 7941.18 -6352.94 -18.00
v 7941.18 -6352.94 0.00
v 8470.59 -6352.94 0.00
v 7941.18 -6352.94 -18.00
v 7941.18 -6882.35 -18.00
v 7941.18 -6882.35 0.00
v 7941.18 -6352.94 0.00
v 7941.18 -5823.53 -18.00
v 8470.59 -5823.53 -18.00
v 8470.59 -6352.94 -18.00
v 7941.18 -6352.94 -18.00
v 7941.18 -6352.94 0.00
v 8470.59 -6352.94 0.00
v 8470.59 -5823.53 0.00
v 7941.18 -5823.53 0.00
v 7941.18 -6352.94 -18.00
v 8470.59 -6352.94 -18.00
v 8470.59 -6352.94 0.00
v 7941.18 -6352.94 0.00
v 8470.59 -6352.94 -18.00
v 8470.59 -5823.53 -18.00
v 8470.59 -5823.53 0.00
v 8470.59 -6352.94 0.00
v 8470.59 -5823.53 -18.00
v 7941.18 -5823.53 -18.00
v 7941.18 -5823.53 0.00
v 8470.59 -5823.53 0.00
v 7941.18 -5823.53 -18.00
v 7941.18 -6352.94 -18.00
v 7941.18 -6352.94 0.00
v 7941.18 -5823.53 0.00
v 7941.18 -5294.12 -18.00
v 8470.59 -5294.12 -18.00
v 8470.59 -5823.53 -18.00
v 7941.18 -5823.53 -18.00
v 7941.18 -5823.53 0.00
v 8470.59 -5823.53 0.00
v 8470.59 -5294.12 0.00
v 7941.18 -5294.12 0.00
v 7941.18 -5823.53 -18.00
v 8470.59 -5823.53 -18.00
v 8470.59 -5823.53 0.00
v 7941.18 -5823.53 0.00
v 8470.59 -5823.53 -18.00
v 8470.59 -5294.12 -18.00
v 8470.59 -5294.12 0.00
v 8470.59 -5823.53 0.00
v 8470.59 -5294.12 -18.00
v 7941.18 -5294.12 -18.00
v 7941.18 -5294.12 0.00
v 8470.59 -5294.12 0.00
v 7941.18 -5294.12 -18.00
v 7941.18 -5823.53 -18.00
v 7941.18 -5823.53 0.00
v 7941.18 -5294.12 0.00
v 7941.18 -4764.71 -18.00
v 8470.59 -4764.71 -18.00
v 8470.59 -5294.12 -18.00
v 7941.18 -5294.12 -18.00
v 7941.18 -5294.12 0.00
v 8470.59 -5294.12 0.00
v 8470.59 -4764.71 0.00
v 7941.18 -4764.71 0.00
v 7941.18 -5294.12 -18.00
v 8470.59 -5294.12 -18.00
v 8470.59 -5294.12 0.00
v 7941.18 -5294.12 0.00
v 8470.59 -5294.12 -18.00
v 8470.59 -4764.71 -18.00
v 8470.59 -4764.71 0.00
v 8470.59 -5294.12 0.00
v 8470.59 -4764.71 -18.00
v 7941.18 -4764.71 -18.00
v 7941.18 -4764.71 0.00
v 8470.59 -4764.71 0.00
v 7941.18 -4764.71 -18.00
v 7941.18 -5294.12 -18.00
v 7941.18 -5294.12 0.00
v 7941.18 -4764.71 0.00
v 7941.18 -4235.29 -18.00
v 8470.59 -4235.29 -18.00
v 8470.59 -4764.71 -18.00
v 7941.18 -4764.71 -18.00
v 7941.18 -4764.71 0.00
v 8470.59 -4764.71 0.00
v 8470.59 -4235.29 0.00
v 7941.18 -4235.29 0.00
v 7941.18 -4764.71 -18.00
v 8470.59 -4764.71 -18.00
v 8470.59 -4764.71 0.00
v 7941.18 -4764.71 0.00
v 8470.59 -4764.71 -18.00
v 8470.59 -4235.29 -18.00
v 8470.59 -4235.29 0.00
v 8470.59 -4764.71 0.00
v 8470.59 -4235.29 -18.00
v 7941.18 -4235.29 -18.00
v 7941.18 -4235.29 0.00
v 8470.59 -4235.29 0.00
v 7941.18 -4235.29 -18.00
v 7941.18 -4764.71 -18.00
v 7941.18 -4764.71 0.00
v 7941.18 -4235.29 0.00
v 7941.18 -3705.88 -18.00
v 8470.59 -3705.88 -18.00
v 8470.59 -4235.29 -18.00
v 7941.18 -4235.29 -18.00
v 7941.18 -4235.29 0.00
v 8470.59 -4235.29 0.00
v 8470.59 -3705.88 0.00
v 7941.18 -3705.88 0.00
v 7941.18 -4235.29 -18.00
v 8470.59 -4235.29 -18.00
v 8470.59 -4235.29 0.00
v 7941.18 -4235.29 0.00
v 8470.59 -4235.29 -18.00
v 8470.59 -3705.88 -18.00
v 8470.59 -3705.88 0.00
v 8470.59 -4235.29 0.00
v 8470.59 -3705.88 -18.00
v 7941.18 -3705.88 -18.00
v 7941.18 -3705.88 0.00
v 8470.59 -3705.88 0.00
v 7941.18 -3705.88 -18.00
v 7941.18 -4235.29 -18.00
v 7941.18 -4235.29 0.00
v 7941.18 -3705.88 0.00
v 7941.18 -3176.47 -18.00
v 8470.59 -3176.47 -18.00
v 8470.59 -3705.88 -18.00
v 7941.18 -3705.88 -18.00
v 7941.18 -3705.88 0.00
v 8470.59 -3705.88 0.00
v 8470.59 -3176.47 0.00
v 7941.18 -3176.47 0.00
v 7941.18 -3705.88 -18.00
v 8470.59 -3705.88 -18.00
v 8470.59 -3705.88 0.00
v 7941.18 -3705.88 0.00
v 8470.59 -3705.88 -18.00
v 8470.59 -3176.47 -18.00
v 8470.59 -3176.47 0.00
v 8470.59 -3705.88 0.00
v 8470.59 -3176.47 -18.00
v 7941.18 -3176.47 -18.00
v 7941.18 -3176.47 0.00
v 8470.59 -3176.47 0.00
v 7941.18 -3176.47 -18.00
v 7941.18 -3705.88 -18.00
v 7941.18 -3705.88 0.00
v 7941.18 -3176.47 0.00
v 7941.18 -2647.06 -18.00
v 8470.59 -2647.06 -18.00
v 8470.59 -3176.47 -18.00
v 7941.18 -3176.47 -18.00
v 7941.18 -3176.47 0.00
v 8470.59 -3176.47 0.00
v 8470.59 -2647.06 0.00
v 7941.18 -2647.06 0.00
v 7941.18 -3176.47 -18.00
v 8470.59 -3176.47 -18.00
v 8470.59 -3176.47 0.00
v 7941.18 -3176.47 0.00
v 8470.59 -3176.47 -18.00
v 8470.59 -2647.06 -18.00
v 8470.59 -2647.06 0.00
v 8470.59 -3176.47 0.00
v 8470.59 -2647.06 -18.00
v 7941.18 -2647.06 -18.00
v 7941.18 -2647.06 0.00
v 8470.59 -2647.06 0.00
v 7941.18 -2647.06 -18.00
v 7941.18 -3176.47 -18.00
v 7941.18 -3176.47 0.00
v 7941.18 -2647.06 0.00
v 7941.18 -2117.65 -18.00
v 8470.59 -2117.65 -18.00
v 8470.59 -2647.06 -18.00
v 7941.18 -2647.06 -18.00
v 7941.18 -2647.06 0.00
v 8470.59 -2647.06 0.00
v 8470.59 -2117.65 0.00
v 7941.18 -2117.65 0.00
v 7941.18 -2647.06 -18.00
v 8470.59 -2647.06 -18.00
v 8470.59 -2647.06 0.00
v 7941.18 -2647.06 0.00
v 8470.59 -2647.06 -18.00
v 8470.59 -2117.65 -18.00
v 8470.59 -2117.65 0.00
v 8470.59 -2647.06 0.00
v 8470.59 -2117.65 -18.00
v 7941.18 -2117.65 -18.00
v 7941.18 -2117.65 0.00
v 8470.59 -2117.65 0.00
v 7941.18 -2117.65 -18.00
v 7941.18 -2647.06 -18.00
v 7941.18 -2647.06 0.00
v 7941.18 -2117.65 0.00
v 7941.18 -1588.23 -18.00
v 8470.59 -1588.23 -18.00
v 8470.59 -2117.65 -18.00
v 7941.18 -2117.65 -18.00
v 7941.18 -2117.65 0.00
v 8470.59 -2117.65 0.00
v 8470.59 -1588.23 0.00
v 7941.18 -1588.23 0.00
v 7941.18 -2117.65 -18.00
v 8470.59 -2117.65 -18.00
v 8470.59 -2117.65 0.00
v 7941.18 -2117.65 0.00
v 8470.59 -2117.65 -18.00
v 8470.59 -1588.23 -18.00
v 8470.59 -1588.23 0.00
v 8470.59 -2117.65 0.00
v 8470.59 -1588.23 -18.00
v 7941.18 -1588.23 -18.00
v 7941.18 -1588.23 0.00
v 8470.59 -1588.23 0.00
v 7941.18 -1588.23 -18.00
v 7941.18 -2117.65 -18.00
v 7941.18 -2117.65 0.00
v 7941.18 -1588.23 0.00
v 7941.18 -1058.82 -18.00
v 8470.59 -1058.82 -18.00
v 8470.59 -1588.23 -18.00
v 7941.18 -1588.23 -18.00
v 7941.18 -1588.23 0.00
v 8470.59 -1588.23 0.00
v 8470.59 -1058.82 0.00
v 7941.18 -1058.82 0.00
v 7941.18 -1588.23 -18.00
v 8470.59 -1588.23 -18.00
v 8470.59 -1588.23 0.00
v 7941.18 -1588.23 0.00
v 8470.59 -1588.23 -18.00
v 8470.59 -1058.82 -18.00
v 8470.59 -1058.82 0.00
v 8470.59 -1588.23 0.00
v 8470.59 -1058.82 -18.00
v 7941.18 -1058.82 -18.00
v 7941.18 -1058.82 0.00
v 8470.59 -1058.82 0.00
v 7941.18 -1058.82 -18.00
v 7941.18 -1588.23 -18.00
v 7941.18 -1588.23 0.00
v 7941.18 -1058.82 0.00
v 7941.18 -529.41 -18.00
v 8470.59 -529.41 -18.00
v 8470.59 -1058.82 -18.00
v 7941.18 -1058.82 -18.00
v 7941.18 -1058.82 0.00
v 8470.59 -1058.82 0.00
v 8470.59 -529.41 0.00
v 7941.18 -529.41 0.00
v 7941.18 -1058.82 -18.00
v 8470.59 -1058.82 -18.00
v 8470.59 -1058.82 0.00
v 7941.18 -1058.82 0.00
v 8470.59 -1058.82 -18.00
v 8470.59 -529.41 -18.00
v 8470.59 -529.41 0.00
v 8470.59 -1058.82 0.00
v 8470.59 -529.41 -18.00
v 7941.18 -529.41 -18.00
v 7941.18 -529.41 0.00
v 8470.59 -529.41 0.00
v 7941.18 -529.41 -18.00
v 7941.18 -1058.82 -18.00
v 7941.18 -1058.82 0.00
v 7941.18 -529.41 0.00
v 7941.18 -0.00 -18.00
v 8470.59 -0.00 -18.00
v 8470.59 -529.41 -18.00
v 7941.18 -529.41 -18.00
v 7941.18 -529.41 0.00
v 8470.59 -529.41 0.00
v 8470.59 -0.00 0.00
v 7941.18 -0.00 0.00
v 7941.18 -529.41 -18.00
v 8470.59 -529.41 -18.00
v 8470.59 -529.41 0.00
v 7941.18 -529.41 0.00
v 8470.59 -529.41 -18.00
v 8470.59 -0.00 -18.00
v 8470.59 -0.00 0.00
v 8470.59 -529.41 0.00
v 8470.59 -0.00 -18.00
v 7941.18 -0.00 -18.00
v 7941.18 -0.00 0.00
v 8470.59 -0.00 0.00
v 7941.18 -0.00 -18.00
v 7941.18 -529.41 -18.00
v 7941.18 -529.41 0.00
v 7941.18 -0.00 0.00
v 7941.18 529.41 -18.00
v 8470.59 529.41 -18.00
v 8470.59 -0.00 -18.00
v 7941.18 -0.00 -18.00
v 7941.18 -0.00 0.00
v 8470.59 -0.00 0.00
v 8470.59 529.41 0.00
v 7941.18 529.41 0.00
v 7941.18 -0.00 -18.00
v 8470.59 -0.00 -18.00
v 8470.59 -0.00 0.00
v 7941.18 -0.00 0.00
v 8470.59 -0.00 -18.00
v 8470.59 529.41 -18.00
v 8470.59 529.41 0.00
v 8470.59 -0.00 0.00
v 8470.59 529.41 -18.00
v 7941.18 529.41 -18.00
v 7941.18 529.41 0.00
v 8470.59 529.41 0.00
v 7941.18 529.41 -18.00
v 7941.18 -0.00 -18.00
v 7941.18 -0.00 0.00
v 7941.18 529.41 0.00
v 7941.18 1058.82 -18.00
v 8470.59 1058.82 -18.00
v 8470.59 529.41 -18.00
v 7941.18 529.41 -18.00
v 7941.18 529.41 0.00
v 8470.59 529.41 0.00
v 8470.59 1058.82 0.00
v 7941.18 1058.82 0.00
v 7941.18 529.41 -18.00
v 8470.59 529.41 -18.00
v 8470.59 529.41 0.00
v 7941.18 529.41 0.00
v 8470.59 529.41 -18.00
v 8470.59 1058.82 -18.00
v 8470.59 1058.82 0.00
v 8470.59 529.41 0.00
v 8470.59 1058.82 -18.00
v 7941.18 1058.82 -18.00
v 7941.18 1058.82 0.00
v 8470.59 1058.82 0.00
v 7941.18 1058.82 -18.00
v 7941.18 529.41 -18.00
v 7941.18 529.41 0.00
v 7941.18 1058.82 0.00
v 7941.18 1588.23 -18.00
v 8470.59 1588.23 -18.00
v 8470.59 1058.82 -18.00
v 7941.18 1058.82 -18.00
v 7941.18 1058.82 0.00
v 8470.59 1058.82 0.00
v 8470.59 1588.23 0.00
v 7941.18 1588.23 0.00
v 7941.18 1058.82 -18.00
v 8470.59 1058.82 -18.00
v 8470.59 1058.82 0.00
v 7941.18 1058.82 0.00
v 8470.59 1058.82 -18.00
v 8470.59 1588.23 -18.00
v 8470.59 1588.23 0.00
v 8470.59 1058.82 0.00
v 8470.59 1588.23 -18.00
v 7941.18 1588.23 -18.00
v 7941.18 1588.23 0.00
v 8470.59 1588.23 0.00
v 7941.18 1588.23 -18.00
v 7941.18 1058.82 -18.00
v 7941.18 1058.82 0.00
v 7941.18 1588.23 0.00
v 7941.18 2117.65 -18.00
v 8470.59 2117.65 -18.00
v 8470.59 1588.23 -18.00
v 7941.18 1588.23 -18.00
v 7941.18 1588.23 0.00
v 8470.59 1588.23 0.00
v 8470.59 2117.65 0.00
v 7941.18 2117.65 0.00
v 7941.18 1588.23 -18.00
v 8470.59 1588.23 -18.00
v 8470.59 1588.23 0.00
v 7941.18 1588.23 0.00
v 8470.59 1588.23 -18.00
v 8470.59 2117.65 -18.00
v 8470.59 2117.65 0.00
v 8470.59 1588.23 0.00
v 8470.59 2117.65 -18.00
v 7941.18 2117.65 -18.00
v 7941.18 2117.65 0.00
v 8470.59 2117.65 0.00
v 7941.18 2117.65 -18.00
v 7941.18 1588.23 -18.00
v 7941.18 1588.23 0.00
v 7941.18 2117.65 0.00
v 7941.18 2647.06 -18.00
v 8470.59 2647.06 -18.00
v 8470.59 2117.65 -18.00
v 7941.18 2117.65 -18.00
v 7941.18 2117.65 0.00
v 8470.59 2117.65 0.00
v 8470.59 2647.06 0.00
v 7941.18 2647.06 0.00
v 7941.18 2117.65 -18.00
v 8470.59 2117.65 -18.00
v 8470.59 2117.65 0.00
v 7941.18 2117.65 0.00
v 8470.59 2117.65 -18.00
v 8470.59 2647.06 -18.00
v 8470.59 2647.06 0.00
v 8470.59 2117.65 0.00
v 8470.59 2647.06 -18.00
v 7941.18 2647.06 -18.00
v 7941.18 2647.06 0.00
v 8470.59 2647.06 0.00
v 7941.18 2647.06 -18.00
v 7941.18 2117.65 -18.00
v 7941.18 2117.65 0.00
v 7941.18 2647.06 0.00
v 7941.18 3176.47 -18.00
v 8470.59 3176.47 -18.00
v 8470.59 2647.06 -18.00
v 7941.18 2647.06 -18.00
v 7941.18 2647.06 0.00
v 8470.59 2647.06 0.00
v 8470.59 3176.47 0.00
v 7941.18 3176.47 0.00
v 7941.18 2647.06 -18.00
v 8470.59 2647.06 -18.00
v 8470.59 2647.06 0.00
v 7941.18 2647.06 0.00
v 8470.59 2647.06 -18.00
v 8470.59 3176.47 -18.00
v 8470.59 3176.47 0.00
v 8470.59 2647.06 0.00
v 8470.59 3176.47 -18.00
v 7941.18 3176.47 -18.00
v 7941.18 3176.47 0.00
v 8470.59 3176.47 0.00
v 7941.18 3176.47 -18.00
v 7941.18 2647.06 -18.00
v 7941.18 2647.06 0.00
v 7941.18 3176.47 0.00
v 7941.18 3705.88 -18.00
v 8470.59 3705.88 -18.00
v 8470.59 3176.47 -18.00
v 7941.18 3176.47 -18.00
v 7941.18 3176.47 0.00
v 8470.59 3176.47 0.00
v 8470.59 3705.88 0.00
v 7941.18 3705.88 0.00
v 7941.18 3176.47 -18.00
v 8470.59 3176.47 -18.00
v 8470.59 3176.47 0.00
v 7941.18 3176.47 0.00
v 8470.59 3176.47 -18.00
v 8470.59 3705.88 -18.00
v 8470.59 3705.88 0.00
v 8470.59 3176.47 0.00
v 8470.59 3705.88 -18.00
v 7941.18 3705.88 -18.00
v 7941.18 3705.88 0.00
v 8470.59 3705.88 0.00
v 7941.18 3705.88 -18.00
v 7941.18 3176.47 -18.00
v 7941.18 3176.47 0.00
v 7941.18 3705.88 0.00
v 7941.18 4235.29 -18.00
v 8470.59 4235.29 -18.00
v 8470.59 3705.88 -18.00
v 7941.18 3705.88 -18.00
v 7941.18 3705.88 0.00
v 8470.59 3705.88 0.00
v 8470.59 4235.29 0.00
v 7941.18 4235.29 0.00
v 7941.18 3705.88 -18.00
v 8470.59 3705.88 -18.00
v 8470.59 3705.88 0.00
v 7941.18 3705.88 0.00
v 8470.59 3705.88 -18.00
v 8470.59 4235.29 -18.00
v 8470.59 4235.29 0.00
v 8470.59 3705.88 0.00
v 8470.59 4235.29 -18.00
v 7941.18 4235.29 -18.00
v 7941.18 4235.29 0.00
v 8470.59 4235.29 0.00
v 7941.18 4235.29 -18.00
v 7941.18 3705.88 -18.00
v 7941.18 3705.88 0.00
v 7941.18 4235.29 0.00
v 7941.18 4764.71 -18.00
v 8470.59 4764.71 -18.00
v 8470.59 4235.29 -18.00
v 7941.18 4235.29 -18.00
v 7941.18 4235.29 0.00
v 8470.59 4235.29 0.00
v 8470.59 4764.71 0.00
v 7941.18 4764.71 0.00
v 7941.18 4235.29 -18.00
v 8470.59 4235.29 -18.00
v 8470.59 4235.29 0.00
v 7941.18 4235.29 0.00
v 8470.59 4235.29 -18.00
v 8470.59 4764.71 -18.00
v 8470.59 4764.71 0.00
v 8470.59 4235.29 0.00
v 8470.59 4764.71 -18.00
v 7941.18 4764.71 -18.00
v 7941.18 4764.71 0.00
v 8470.59 4764.71 0.00
v 7941.18 4764.71 -18.00
v 7941.18 4235.29 -18.00
v 7941.18 4235.29 0.00
v 7941.18 4764.71 0.00
v 7941.18 4764.71 -18.00
v 8470.59 4764.71 -18.00
v 8470.59 4764.71 0.00
v 7941.18 4764.71 0.00
v 8470.59 -8470.59 -18.00
v 9000.00 -8470.59 -18.00
v 9000.00 -9000.00 -18.00
v 8470.59 -9000.00 -18.00
v 8470.59 -9000.00 0.00
v 9000.00 -9000.00 0.00
v 9000.00 -8470.59 0.00
v 8470.59 -8470.59 0.00
v 8470.59 -9000.00 -18.00
v 9000.00 -9000.00 -18.00
v 9000.00 -9000.00 0.00
v 8470.59 -9000.00 0.00
v 9000.00 -9000.00 -18.00
v 9000.00 -8470.59 -18.00
v 9000.00 -8470.59 0.00
v 9000.00 -9000.00 0.00
v 9000.00 -8470.59 -18.00
v 8470.59 -8470.59 -18.00
v 8470.59 -8470.59 0.00
v 9000.00 -8470.59 0.00
v 8470.59 -8470.59 -18.00
v 8470.59 -9000.00 -18.00
v 8470.59 -9000.00 0.00
v 8470.59 -8470.59 0.00
v 8470.59 -7941.18 -18.00
v 9000.00 -7941.18 -18.00
v 9000.00 -8470.59 -18.00
v 8470.59 -8470.59 -18.00
v 8470.59 -8470.59 0.00
v 9000.00 -8470.59 0.00
v 9000.00 -7941.18 0.00
v 8470.59 -7941.18 0.00
v 8470.59 -8470.59 -18.00
v 9000.00 -8470.59 -18.00
v 9000.00 -8470.59 0.00
v 8470.59 -8470.59 0.00
v 9000.00 -8470.59 -18.00
v 9000.00 -7941.18 -18.00
v 9000.00 -7941.18 0.00
v 9000.00 -8470.59 0.00
v 9000.00 -7941.18 -18.00
v 8470.59 -7941.18 -18.00
v 8470.59 -7941.18 0.00
v 9000.00 -7941.18 0.00
v 8470.59 -7941.18 -18.00
v 8470.59 -8470.59 -18.00
v 8470.59 -8470.59 0.00
v 8470.59 -7941.18 0.00
v 8470.59 -7411.77 -18.00
v 9000.00 -7411.77 -18.00
v 9000.00 -7941.18 -18.00
v 8470.59 -7941.18 -18.00
v 8470.59 -7941.18 0.00
v 9000.00 -7941.18 0.00
v 9000.00 -7411.77 0.00
v 8470.59 -7411.77 0.00
v 8470.59 -7941.18 -18.00
v 9000.00 -7941.18 -18.00
v 9000.00 -7941.18 0.00
v 8470.59 -7941.18 0.00
v 9000.00 -7941.18 -18.00
v 9000.00 -7411.77 -18.00
v 9000.00 -7411.77 0.00
v 9000.00 -7941.18 0.00
v 9000.00 -7411.77 -18.00
v 8470.59 -7411.77 -18.00
v 8470.59 -7411.77 0.00
v 9000.00 -7411.77 0.00
v 8470.59 -7411.77 -18.00
v 8470.59 -7941.18 -18.00
v 8470.59 -7941.18 0.00
v 8470.59 -7411.77 0.00
v 8470.59 -6882.35 -18.00
v 9000.00 -6882.35 -18.00
v 9000.00 -7411.77 -18.00
v 8470.59 -7411.77 -18.00
v 8470.59 -7411.77 0.00
v 9000.00 -7411.77 0.00
v 9000.00 -6882.35 0.00
v 8470.59 -6882.35 0.00
v 8470.59 -7411.77 -18.00
v 9000.00 -7411.77 -18.00
v 9000.00 -7411.77 0.00
v 8470.59 -7411.77 0.00
v 9000.00 -7411.77 -18.00
v 9000.00 -6882.35 -18.00
v 9000.00 -6882.35 0.00
v 9000.00 -7411.77 0.00
v 9000.00 -6882.35 -18.00
v 8470.59 -6882.35 -18.00
v 8470.59 -6882.35 0.00
v 9000.00 -6882.35 0.00
v 8470.59 -6882.35 -18.00
v 8470.59 -7411.77 -18.00
v 8470.59 -7411.77 0.00
v 8470.59 -6882.35 0.00
v 8470.59 -6352.94 -18.00
v 9000.00 -6352.94 -18.00
v 9000.00 -6882.35 -18.00
v 8470.59 -6882.35 -18.00
v 8470.59 -6882.35 0.00
v 9000.00 -6882.35 0.00
v 9000.00 -6352.94 0.00
v 8470.59 -6352.94 0.00
v 8470.59 -6882.35 -18.00
v 9000.00 -6882.35 -18.00
v 9000.00 -6882.35 0.00
v 8470.59 -6882.35 0.00
v 9000.00 -6882.35 -18.00
v 9000.00 -6352.94 -18.00
v 9000.00 -6352.94 0.00
v 9000.00 -6882.35 0.00
v 9000.00 -6352.94 -18.00
v 8470.59 -6352.94 -18.00
v 8470.59 -6352.94 0.00
v 9000.00 -6352.94 0.00
v 8470.59 -6352.94 -18.00
v 8470.59 -6882.35 -18.00
v 8470.59 -6882.35 0.00
v 8470.59 -6352.94 0.00
v 8470.59 -5823.53 -18.00
v 9000.00 -5823.53 -18.00
v 9000.00 -6352.94 -18.00
v 8470.59 -6352.94 -18.00
v 8470.59 -6352.94 0.00
v 9000.00 -6352.94 0.00
v 9000.00 -5823.53 0.00
v 8470.59 -5823.53 0.00
v 8470.59 -6352.94 -18.00
v 9000.00 -6352.94 -18.00
v 9000.00 -6352.94 0.00
v 8470.59 -6352.94 0.00
v 9000.00 -6352.94 -18.00
v 9000.00 -5823.53 -18.00
v 9000.00 -5823.53 0.00
v 9000.00 -6352.94 0.00
v 9000.00 -5823.53 -18.00
v 8470.59 -5823.53 -18.00
v 8470.59 -5823.53 0.00
v 9000.00 -5823.53 0.00
v 8470.59 -5823.53 -18.00
v 8470.59 -6352.94 -18.00
v 8470.59 -6352.94 0.00
v 8470.59 -5823.53 0.00
v 8470.59 -5294.12 -18.00
v 9000.00 -5294.12 -18.00
v 9000.00 -5823.53 -18.00
v 8470.59 -5823.53 -18.00
v 8470.59 -5823.53 0.00
v 9000.00 -5823.53 0.00
v 9000.00 -5294.12 0.00
v 8470.59 -5294.12 0.00
v 8470.59 -5823.53 -18.00
v 9000.00 -5823.53 -18.00
v 9000.00 -5823.53 0.00
v 8470.59 -5823.53 0.00
v 9000.00 -5823.53 -18.00
v 9000.00 -5294.12 -18.00
v 9000.00 -5294.12 0.00
v 9000.00 -5823.53 0.00
v 9000.00 -5294.12 -18.00
v 8470.59 -5294.12 -18.00
v 8470.59 -5294.12 0.00
v 9000.00 -5294.12 0.00
v 8470.59 -5294.12 -18.00
v 8470.59 -5823.53 -18.00
v 8470.59 -5823.53 0.00
v 8470.59 -5294.12 0.00
v 8470.59 -4764.71 -18.00
v 9000.00 -4764.71 -18.00
v 9000.00 -5294.12 -18.00
v 8470.59 -5294.12 -18.00
v 8470.59 -5294.12 0.00
v 9000.00 -5294.12 0.00
v 9000.00 -4764.71 0.00
v 8470.59 -4764.71 0.00
v 8470.59 -5294.12 -18.00
v 9000.00 -5294.12 -18.00
v 9000.00 -5294.12 0.00
v 8470.59 -5294.12 0.00
v 9000.00 -5294.12 -18.00
v 9000.00 -4764.71 -18.00
v 9000.00 -4764.71 0.00
v 9000.00 -5294.12 0.00
v 9000.00 -4764.71 -18.00
v 8470.59 -4764.71 -18.00
v 8470.59 -4764.71 0.00
v 9000.00 -4764.71 0.00
v 8470.59 -4764.71 -18.00
v 8470.59 -5294.12 -18.00
v 8470.59 -5294.12 0.00
v 8470.59 -4764.71 0.00
v 8470.59 -4235.29 -18.00
v 9000.00 -4235.29 -18.00
v 9000.00 -4764.71 -18.00
v 8470.59 -4764.71 -18.00
v 8470.59 -4764.71 0.00
v 9000.00 -4764.71 0.00
v 9000.00 -4235.29 0.00
v 8470.59 -4235.29 0.00
v 8470.59 -4764.71 -18.00
v 9000.00 -4764.71 -18.00
v 9000.00 -4764.71 0.00
v 8470.59 -4764.71 0.00
v 9000.00 -4764.71 -18.00
v 9000.00 -4235.29 -18.00
v 9000.00 -4235.29 0.00
v 9000.00 -4764.71 0.00
v 9000.00 -4235.29 -18.00
v 8470.59 -4235.29 -18.00
v 8470.59 -4235.29 0.00
v 9000.00 -4235.29 0.00
v 8470.59 -4235.29 -18.00
v 8470.59 -4764.71 -18.00
v 8470.59 -4764.71 0.00
v 8470.59 -4235.29 0.00
v 8470.59 -3705.88 -18.00
v 9000.00 -3705.88 -18.00
v 9000.00 -4235.29 -18.00
v 8470.59 -4235.29 -18.00
v 8470.59 -4235.29 0.00
v 9000.00 -4235.29 0.00
v 9000.00 -3705.88 0.00
v 8470.59 -3705.88 0.00
v 8470.59 -4235.29 -18.00
v 9000.00 -4235.29 -18.00
v 9000.00 -4235.29 0.00
v 8470.59 -4235.29 0.00
v 9000.00 -4235.29 -18.00
v 9000.00 -3705.88 -18.00
v 9000.00 -3705.88 0.00
v 9000.00 -4235.29 0.00
v 9000.00 -3705.88 -18.00
v 8470.59 -3705.88 -18.00
v 8470.59 -3705.88 0.00
v 9000.00 -3705.88 0.00
v 8470.59 -3705.88 -18.00
v 8470.59 -4235.29 -18.00
v 8470.59 -4235.29 0.00
v 8470.59 -3705.88 0.00
v 8470.59 -3176.47 -18.00
v 9000.00 -3176.47 -18.00
v 9000.00 -3705.88 -18.00
v 8470.59 -3705.88 -18.00
v 8470.59 -3705.88 0.00
v 9000.00 -3705.88 0.00
v 9000.00 -3176.47 0.00
v 8470.59 -3176.47 0.00
v 8470.59 -3705.88 -18.00
v 9000.00 -3705.88 -18.00
v 9000.00 -3705.88 0.00
v 8470.59 -3705.88 0.00
v 9000.00 -3705.88 -18.00
v 9000.00 -3176.47 -18.00
v 9000.00 -3176.47 0.00
v 9000.00 -3705.88 0.00
v 9000.00 -3176.47 -18.00
v 8470.59 -3176.47 -18.00
v 8470.59 -3176.47 0.00
v 9000.00 -3176.47 0.00
v 8470.59 -3176.47 -18.00
v 8470.59 -3705.88 -18.00
v 8470.59 -3705.88 0.00
v 8470.59 -3176.47 0.00
v 8470.59 -2647.06 -18.00
v 9000.00 -2647.06 -18.00
v 9000.00 -3176.47 -18.00
v 8470.59 -3176.47 -18.00
v 8470.59 -3176.47 0.00
v 9000.00 -3176.47 0.00
v 9000.00 -2647.06 0.00
v 8470.59 -2647.06 0.00
v 8470.59 -3176.47 -18.00
v 9000.00 -3176.47 -18.00
v 9000.00 -3176.47 0.00
v 8470.59 -3176.47 0.00
v 9000.00 -3176.47 -18.00
v 9000.00 -2647.06 -18.00
v 9000.00 -2647.06 0.00
v 9000.00 -3176.47 0.00
v 9000.00 -2647.06 -18.00
v 8470.59 -2647.06 -18.00
v 8470.59 -2647.06 0.00
v 9000.00 -2647.06 0.00
v 8470.59 -2647.06 -18.00
v 8470.59 -3176.47 -18.00
v 8470.59 -3176.47 0.00
v 8470.59 -2647.06 0.00
v 8470.59 -2117.65 -18.00
v 9000.00 -2117.65 -18.00
v 9000.00 -2647.06 -18.00
v 8470.59 -2647.06 -18.00
v 8470.59 -2647.06 0.00
v 9000.00 -2647.06 0.00
v 9000.00 -2117.65 0.00
v 8470.59 -2117.65 0.00
v 8470.59 -2647.06 -18.00
v 9000.00 -2647.06 -18.00
v 9000.00 -2647.06 0.00
v 8470.59 -2647.06 0.00
v 9000.00 -2647.06 -18.00
v 9000.00 -2117.65 -18.00
v 9000.00 -2117.65 0.00
v 9000.00 -2647.06 0.00
v 9000.00 -2117.65 -18.00
v 8470.59 -2117.65 -18.00
v 8470.59 -2117.65 0.00
v 9000.00 -2117.65 0.00
v 8470.59 -2117.65 -18.00
v 8470.59 -2647.06 -18.00
v 8470.59 -2647.06 0.00
v 8470.59 -2117.65 0.00
v 8470.59 -1588.23 -18.00
v 9000.00 -1588.23 -18.00
v 9000.00 -2117.65 -18.00
v 8470.59 -2117.65 -18.00
v 8470.59 -2117.65 0.00
v 9000.00 -2117.65 0.00
v 9000.00 -1588.23 0.00
v 8470.59 -1588.23 0.00
v 8470.59 -2117.65 -18.00
v 9000.00 -2117.65 -18.00
v 9000.00 -2117.65 0.00
v 8470.59 -2117.65 0.00
v 9000.00 -2117.65 -18.00
v 9000.00 -1588.23 -18.00
v 9000.00 -1588.23 0.00
v 9000.00 -2117.65 0.00
v 9000.00 -1588.23 -18.00
v 8470.59 -1588.23 -18.00
v 8470.59 -1588.23 0.00
v 9000.00 -1588.23 0.00
v 8470.59 -1588.23 -18.00
v 8470.59 -2117.65 -18.00
v 8470.59 -2117.65 0.00
v 8470.59 -1588.23 0.00
v 8470.59 -1058.82 -18.00
v 9000.00 -1058.82 -18.00
v 9000.00 -1588.23 -18.00
v 8470.59 -1588.23 -18.00
v 8470.59 -1588.23 0.00
v 9000.00 -1588.23 0.00
v 9000.00 -1058.82 0.00
v 8470.59 -1058.82 0.00
v 8470.59 -1588.23 -18.00
v 9000.00 -1588.23 -18.00
v 9000.00 -1588.23 0.00
v 8470.59 -1588.23 0.00
v 9000.00 -1588.23 -18.00
v 9000.00 -1058.82 -18.00
v 9000.00 -1058.82 0.00
v 9000.00 -1588.23 0.00
v 9000.00 -1058.82 -18.00
v 8470.59 -1058.82 -18.00
v 8470.59 -1058.82 0.00
v 9000.00 -1058.82 0.00
v 8470.59 -1058.82 -18.00
v 8470.59 -1588.23 -18.00
v 8470.59 -1588.23 0.00
v 8470.59 -1058.82 0.00
v 8470.59 -529.41 -18.00
v 9000.00 -529.41 -18.00
v 9000.00 -1058.82 -18.00
v 8470.59 -1058.82 -18.00
v 8470.59 -1058.82 0.00
v 9000.00 -1058.82 0.00
v 9000.00 -529.41 0.00
v 8470.59 -529.41 0.00
v 8470.59 -1058.82 -18.00
v 9000.00 -1058.82 -18.00
v 9000.00 -1058.82 0.00
v 8470.59 -1058.82 0.00
v 9000.00 -1058.82 -18.00
v 9000.00 -529.41 -18.00
v 9000.00 -529.41 0.00
v 9000.00 -1058.82 0.00
v 9000.00 -529.41 -18.00
v 8470.59 -529.41 -18.00
v 8470.59 -529.41 0.00
v 9000.00 -529.41 0.00
v 8470.59 -529.41 -18.00
v 8470.59 -1058.82 -18.00
v 8470.59 -1058.82 0.00
v 8470.59 -529.41 0.00
v 8470.59 -0.00 -18.00
v 9000.00 -0.00 -18.00
v 9000.00 -529.41 -18.00
v 8470.59 -529.41 -18.00
v 8470.59 -529.41 0.00
v 9000.00 -529.41 0.00
v 9000.00 -0.00 0.00
v 8470.59 -0.00 0.00
v 8470.59 -529.41 -18.00
v 9000.00 -529.41 -18.00
v 9000.00 -529.41 0.00
v 8470.59 -529.41 0.00
v 9000.00 -529.41 -18.00
v 9000.00 -0.00 -18.00
v 9000.00 -0.00 0.00
v 9000.00 -529.41 0.00
v 9000.00 -0.00 -18.00
v 8470.59 -0.00 -18.00
v 8470.59 -0.00 0.00
v 9000.00 -0.00 0.00
v 8470.59 -0.00 -18.00
v 8470.59 -529.41 -18.00
v 8470.59 -529.41 0.00
v 8470.59 -0.00 0.00
v 8470.59 529.41 -18.00
v 9000.00 529.41 -18.00
v 9000.00 -0.00 -18.00
v 8470.59 -0.00 -18.00
v 8470.59 -0.00 0.00
v 9000.00 -0.00 0.00
v 9000.00 529.41 0.00
v 8470.59 529.41 0.00
v 8470.59 -0.00 -18.00
v 9000.00 -0.00 -18.00
v 9000.00 -0.00 0.00
v 8470.59 -0.00 0.00
v 9000.00 -0.00 -18.00
v 9000.00 529.41 -18.00
v 9000.00 529.41 0.00
v 9000.00 -0.00 0.00
v 9000.00 529.41 -18.00
v 8470.59 529.41 -18.00
v 8470.59 529.41 0.00
v 9000.00 529.41 0.00
v 8470.59 529.41 -18.00
v 8470.59 -0.00 -18.00
v 8470.59 -0.00 0.00
v 8470.59 529.41 0.00
v 8470.59 1058.82 -18.00
v 9000.00 1058.82 -18.00
v 9000.00 529.41 -18.00
v 8470.59 529.41 -18.00
v 8470.59 529.41 0.00
v 9000.00 529.41 0.00
v 9000.00 1058.82 0.00
v 8470.59 1058.82 0.00
v 8470.59 529.41 -18.00
v 9000.00 529.41 -18.00
v 9000.00 529.41 0.00
v 8470.59 529.41 0.00
v 9000.00 529.41 -18.00
v 9000.00 1058.82 -18.00
v 9000.00 1058.82 0.00
v 9000.00 529.41 0.00
v 9000.00 1058.82 -18.00
v 8470.59 1058.82 -18.00
v 8470.59 1058.82 0.00
v 9000.00 1058.82 0.00
v 8470.59 1058.82 -18.00
v 8470.59 529.41 -18.00
v 8470.59 529.41 0.00
v 8470.59 1058.82 0.00
v 8470.59 1588.23 -18.00
v 9000.00 1588.23 -18.00
v 9000.00 1058.82 -18.00
v 8470.59 1058.82 -18.00
v 8470.59 1058.82 0.00
v 9000.00 1058.82 0.00
v 9000.00 1588.23 0.00
v 8470.59 1588.23 0.00
v 8470.59 1058.82 -18.00
v 9000.00 1058.82 -18.00
v 9000.00 1058.82 0.00
v 8470.59 1058.82 0.00
v 9000.00 1058.82 -18.00
v 9000.00 1588.23 -18.00
v 9000.00 1588.23 0.00
v 9000.00 1058.82 0.00
v 9000.00 1588.23 -18.00
v 8470.59 1588.23 -18.00
v 8470.59 1588.23 0.00
v 9000.00 1588.23 0.00
v 8470.59 1588.23 -18.00
v 8470.59 1058.82 -18.00
v 8470.59 1058.82 0.00
v 8470.59 1588.23 0.00
v 8470.59 2117.65 -18.00
v 9000.00 2117.65 -18.00
v 9000.00 1588.23 -18.00
v 8470.59 1588.23 -18.00
v 8470.59 1588.23 0.00
v 9000.00 1588.23 0.00
v 9000.00 2117.65 0.00
v 8470.59 2117.65 0.00
v 8470.59 1588.23 -18.00
v 9000.00 1588.23 -18.00
v 9000.00 1588.23 0.00
v 8470.59 1588.23 0.00
v 9000.00 1588.23 -18.00
v 9000.00 2117.65 -18.00
v 9000.00 2117.65 0.00
v 9000.00 1588.23 0.00
v 9000.00 2117.65 -18.00
v 8470.59 2117.65 -18.00
v 8470.59 2117.65 0.00
v 9000.00 2117.65 0.00
v 8470.59 2117.65 -18.00
v 8470.59 1588.23 -18.00
v 8470.59 1588.23 0.00
v 8470.59 2117.65 0.00
v 8470.59 2647.06 -18.00
v 9000.00 2647.06 -18.00
v 9000.00 2117.65 -18.00
v 8470.59 2117.65 -18.00
v 8470.59 2117.65 0.00
v 9000.00 2117.65 0.00
v 9000.00 2647.06 0.00
v 8470.59 2647.06 0.00
v 8470.59 2117.65 -18.00
v 9000.00 2117.65 -18.00
v 9000.00 2117.65 0.00
v 8470.59 2117.65 0.00
v 9000.00 2117.65 -18.00
v 9000.00 2647.06 -18.00
v 9000.00 2647.06 0.00
v 9000.00 2117.65 0.00
v 9000.00 2647.06 -18.00
v 8470.59 2647.06 -18.00
v 8470.59 2647.06 0.00
v 9000.00 2647.06 0.00
v 8470.59 2647.06 -18.00
v 8470.59 2117.65 -18.00
v 8470.59 2117.65 0.00
v 8470.59 2647.06 0.00
v 8470.59 3176.47 -18.00
v 9000.00 3176.47 -18.00
v 9000.00 2647.06 -18.00
v 8470.59 2647.06 -18.00
v 8470.59 2647.06 0.00
v 9000.00 2647.06 0.00
v 9000.00 3176.47 0.00
v 8470.59 3176.47 0.00
v 8470.59 2647.06 -18.00
v 9000.00 2647.06 -18.00
v 9000.00 2647.06 0.00
v 8470.59 2647.06 0.00
v 9000.00 2647.06 -18.00
v 9000.00 3176.47 -18.00
v 9000.00 3176.47 0.00
v 9000.00 2647.06 0.00
v 9000.00 3176.47 -18.00
v 8470.59 3176.47 -18.00
v 8470.59 3176.47 0.00
v 9000.00 3176.47 0.00
v 8470.59 3176.47 -18.00
v 8470.59 2647.06 -18.00
v 8470.59 2647.06 0.00
v 8470.59 3176.47 0.00
v 8470.59 3705.88 -18.00
v 9000.00 3705.88 -18.00
v 9000.00 3176.47 -18.00
v 8470.59 3176.47 -18.00
v 8470.59 3176.47 0.00
v 9000.00 3176.47 0.00
v 9000.00 3705.88 0.00
v 8470.59 3705.88 0.00
v 8470.59 3176.47 -18.00
v 9000.00 3176.47 -18.00
v 9000.00 3176.47 0.00
v 8470.59 3176.47 0.00
v 9000.00 3176.47 -18.00
v 9000.00 3705.88 -18.00
v 9000.00 3705.88 0.00
v 9000.00 3176.47 0.00
v 9000.00 3705.88 -18.00
v 8470.59 3705.88 -18.00
v 8470.59 3705.88 0.00
v 9000.00 3705.88 0.00
v 8470.59 3705.88 -18.00
v 8470.59 3176.47 -18.00
v 8470.59 3176.47 0.00
v 8470.59 3705.88 0.00
v 8470.59 4235.29 -18.00
v 9000.00 4235.29 -18.00
v 9000.00 3705.88 -18.00
v 8470.59 3705.88 -18.00
v 8470.59 3705.88 0.00
v 9000.00 3705.88 0.00
v 9000.00 4235.29 0.00
v 8470.59 4235.29 0.00
v 8470.59 3705.88 -18.00
v 9000.00 3705.88 -18.00
v 9000.00 3705.88 0.00
v 8470.59 3705.88 0.00
v 9000.00 3705.88 -18.00
v 9000.00 4235.29 -18.00
v 9000.00 4235.29 0.00
v 9000.00 3705.88 0.00
v 9000.00 4235.29 -18.00
v 8470.59 4235.29 -18.00
v 8470.59 4235.29 0.00
v 9000.00 4235.29 0.00
v 8470.59 4235.29 -18.00
v 8470.59 3705.88 -18.00
v 8470.59 3705.88 0.00
v 8470.59 4235.29 0.00
v 8470.59 4764.71 -18.00
v 9000.00 4764.71 -18.00
v 9000.00 4235.29 -18.00
v 8470.59 4235.29 -18.00
v 8470.59 4235.29 0.00
v 9000.00 4235.29 0.00
v 9000.00 4764.71 0.00
v 8470.59 4764.71 0.00
v 8470.59 4235.29 -18.00
v 9000.00 4235.29 -18.00
v 9000.00 4235.29 0.00
v 8470.59 4235.29 0.00
v 9000.00 4235.29 -18.00
v 9000.00 4764.71 -18.00
v 9000.00 4764.71 0.00
v 9000.00 4235.29 0.00
v 9000.00 4764.71 -18.00
v 8470.59 4764.71 -18.00
v 8470.59 4764.71 0.00
v 9000.00 4764.71 0.00
v 8470.59 4764.71 -18.00
v 8470.59 4235.29 -18.00
v 8470.59 4235.29 0.00
v 8470.59 4764.71 0.00
v 8470.59 4764.71 -18.00
v 9000.00 4764.71 -18.00
v 9000.00 4764.71 0.00
v 8470.59 4764.71 0.00
v 3214.82 -477.84 0.00
v 3173.24 -261.34 0.00
v 3026.97 -417.70 106.55
v 2915.83 -504.21 105.69
v 3173.24 -261.34 0.00
v 2966.50 -192.87 0.00
v 2938.96 -322.51 101.77
v 3026.97 -417.70 106.55
v 2966.50 -192.87 0.00
v 2787.18 -135.84 0.00
v 2787.25 -356.63 97.09
v 2938.96 -322.51 101.77
v 2787.18 -135.84 0.00
v 2587.59 -190.75 0.00
v 2715.68 -265.93 92.52
v 2787.25 -356.63 97.09
v 2587.59 -190.75 0.00
v 2585.47 -404.18 0.00
v 2645.15 -425.85 97.21
v 2715.68 -265.93 92.52
v 2585.47 -404.18 0.00
v 2571.35 -555.65 0.00
v 2656.24 -477.69 95.45
v 2645.15 -425.85 97.21
v 2571.35 -555.65 0.00
v 2579.61 -774.13 0.00
v 2644.45 -645.16 108.98
v 2656.24 -477.69 95.45
v 2579.61 -774.13 0.00
v 2789.46 -804.00 0.00
v 2839.47 -583.40 110.42
v 2644.45 -645.16 108.98
v 2789.46 -804.00 0.00
v 2953.43 -734.21 0.00
v 2904.64 -633.78 90.77
v 2839.47 -583.40 110.42
v 2953.43 -734.21 0.00
v 3059.65 -621.35 0.00
v 3016.91 -630.43 112.96
v 2904.64 -633.78 90.77
v 3059.65 -621.35 0.00
v 3214.82 -477.84 0.00
v 2915.83 -504.21 105.69
v 3016.91 -630.43 112.96
v 3929.15 116.62 0.00
v 3737.83 296.56 0.00
v 3602.50 245.33 131.52
v 3672.34 145.03 131.98
v 3737.83 296.56 0.00
v 3670.45 582.18 0.00
v 3519.40 263.71 129.20
v 3602.50 245.33 131.52
v 3670.45 582.18 0.00
v 3414.78 416.14 0.00
v 3450.55 285.07 106.45
v 3519.40 263.71 129.20
v 3414.78 416.14 0.00
v 3246.34 360.71 0.00
v 3308.56 309.15 102.00
v 3450.55 285.07 106.45
v 3246.34 360.71 0.00
v 3117.05 216.69 0.00
v 3269.85 151.40 133.82
v 3308.56 309.15 102.00
v 3117.05 216.69 0.00
v 3059.66 -0.29 0.00
v 3235.58 38.77 105.44
v 3269.85 151.40 133.82
v 3059.66 -0.29 0.00
v 3229.38 -147.03 0.00
v 3322.84 -50.46 104.97
v 3235.58 38.77 105.44
v 3229.38 -147.03 0.00
v 3405.63 -246.48 0.00
v 3406.31 -159.21 106.90
v 3322.84 -50.46 104.97
v 3405.63 -246.48 0.00
v 3584.68 -161.12 0.00
v 3553.22 -158.08 105.10
v 3406.31 -159.21 106.90
v 3584.68 -161.12 0.00
v 3760.15 -77.66 0.00
v 3610.23 -46.61 102.87
v 3553.22 -158.08 105.10
v 3760.15 -77.66 0.00
v 3929.15 116.62 0.00
v 3672.34 145.03 131.98
v 3610.23 -46.61 102.87
v 4106.60 -674.59 0.00
v 3848.38 -463.68 0.00
v 3653.01 -609.36 135.84
v 3658.76 -686.27 173.44
v 3848.38 -463.68 0.00
v 3709.29 -260.57 0.00
v 3523.51 -564.15 166.41
v 3653.01 -609.36 135.84
v 3709.29 -260.57 0.00
v 3439.26 -111.58 0.00
v 3459.14 -382.90 144.91
v 3523.51 -564.15 166.41
v 3439.26 -111.58 0.00
v 3230.41 -340.14 0.00
v 3339.08 -528.17 169.27
v 3459.14 -382.90 144.91
v 3230.41 -340.14 0.00
v 2993.04 -519.79 0.00
v 3359.56 -651.85 169.01
v 3339.08 -528.17 169.27
v 2993.04 -519.79 0.00
v 3117.09 -792.95 0.00
v 3269.02 -681.67 139.57
v 3359.56 -651.85 169.01
v 3117.09 -792.95 0.00
v 3224.40 -1015.97 0.00
v 3325.51 -834.92 179.18
v 3269.02 -681.67 139.57
v 3224.40 -1015.97 0.00
v 3457.27 -1112.35 0.00
v 3513.24 -928.95 147.01
v 3325.51 -834.92 179.18
v 3457.27 -1112.35 0.00
v 3685.08 -1035.61 0.00
v 3613.31 -792.77 178.98
v 3513.24 -928.95 147.01
v 3685.08 -1035.61 0.00
v 3942.60 -946.04 0.00
v 3703.46 -791.85 157.82
v 3613.31 -792.77 178.98
v 3942.60 -946.04 0.00
v 4106.60 -674.59 0.00
v 3658.76 -686.27 173.44
v 3703.46 -791.85 157.82
v 3517.52 -495.47 0.00
v 3382.43 -354.30 0.00
v 3317.28 -392.51 142.60
v 3263.39 -474.27 137.10
v 3382.43 -354.30 0.00
v 3286.76 -223.98 0.00
v 3245.97 -298.62 135.29
v 3317.28 -392.51 142.60
v 3286.76 -223.98 0.00
v 3113.30 -151.43 0.00
v 3156.69 -412.40 129.06
v 3245.97 -298.62 135.29
v 3113.30 -151.43 0.00
v 3009.10 -318.13 0.00
v 3060.84 -390.49 107.68
v 3156.69 -412.40 129.06
v 3009.10 -318.13 0.00
v 2928.98 -426.82 0.00
v 2961.22 -422.99 127.84
v 3060.84 -390.49 107.68
v 2928.98 -426.82 0.00
v 2874.34 -580.16 0.00
v 3008.74 -533.44 125.08
v 2961.22 -422.99 127.84
v 2874.34 -580.16 0.00
v 2997.41 -686.31 0.00
v 3033.68 -676.86 142.23
v 3008.74 -533.44 125.08
v 2997.41 -686.31 0.00
v 3105.24 -895.58 0.00
v 3141.16 -575.36 107.63
v 3033.68 -676.86 142.23
v 3105.24 -895.58 0.00
v 3286.39 -766.15 0.00
v 3220.37 -642.65 130.21
v 3141.16 -575.36 107.63
v 3286.39 -766.15 0.00
v 3370.58 -629.02 0.00
v 3282.05 -612.42 121.33
v 3220.37 -642.65 130.21
v 3370.58 -629.02 0.00
v 3517.52 -495.47 0.00
v 3263.39 -474.27 137.10
v 3282.05 -612.42 121.33
v 3377.19 -441.51 0.00
v 3338.30 -297.82 0.00
v 3200.17 -369.55 171.59
v 3291.25 -470.09 177.05
v 3338.30 -297.82 0.00
v 3227.51 -194.55 0.00
v 3195.61 -309.01 150.24
v 3200.17 -369.55 171.59
v 3227.51 -194.55 0.00
v 3067.42 -112.52 0.00
v 3119.09 -303.57 141.23
v 3195.61 -309.01 150.24
v 3067.42 -112.52 0.00
v 2964.81 -268.50 0.00
v 3030.87 -377.77 143.43
v 3119.09 -303.57 141.23
v 2964.81 -268.50 0.00
v 2913.91 -382.55 0.00
v 2964.46 -413.69 178.68
v 3030.87 -377.77 143.43
v 2913.91 -382.55 0.00
v 2776.45 -540.84 0.00
v 2978.22 -471.18 176.61
v 2964.46 -413.69 178.68
v 2776.45 -540.84 0.00
v 2984.16 -592.18 0.00
v 3021.33 -569.78 146.46
v 2978.22 -471.18 176.61
v 2984.16 -592.18 0.00
v 3067.75 -768.21 0.00
v 3083.16 -552.28 186.99
v 3021.33 -569.78 146.46
v 3067.75 -768.21 0.00
v 3237.37 -710.07 0.00
v 3162.16 -555.19 163.53
v 3083.16 -552.28 186.99
v 3237.37 -710.07 0.00
v 3411.30 -632.11 0.00
v 3183.47 -515.20 172.33
v 3162.16 -555.19 163.53
v 3411.30 -632.11 0.00
v 3377.19 -441.51 0.00
v 3291.25 -470.09 177.05
v 3183.47 -515.20 172.33
v 3408.37 2532.53 0.00
v 3437.51 2686.02 0.00
v 3353.23 2583.66 147.83
v 3328.22 2560.19 152.97
v 3437.51 2686.02 0.00
v 3310.52 2777.41 0.00
v 3278.51 2620.62 117.06
v 3353.23 2583.66 147.83
v 3310.52 2777.41 0.00
v 3152.24 2855.56 0.00
v 3160.60 2639.33 134.75
v 3278.51 2620.62 117.06
v 3152.24 2855.56 0.00
v 2994.92 2767.69 0.00
v 3152.68 2601.29 115.01
v 3160.60 2639.33 134.75
v 2994.92 2767.69 0.00
v 2818.08 2644.29 0.00
v 2982.77 2575.94 140.38
v 3152.68 2601.29 115.01
v 2818.08 2644.29 0.00
v 2975.96 2467.14 0.00
v 3026.69 2461.60 119.74
v 2982.77 2575.94 140.38
v 2975.96 2467.14 0.00
v 3052.57 2363.91 0.00
v 3091.45 2416.26 132.28
v 3026.69 2461.60 119.74
v 3052.57 2363.91 0.00
v 3163.88 2290.44 0.00
v 3150.01 2364.76 115.23
v 3091.45 2416.26 132.28
v 3163.88 2290.44 0.00
v 3293.28 2325.39 0.00
v 3267.35 2356.27 126.24
v 3150.01 2364.76 115.23
v 3293.28 2325.39 0.00
v 3427.28 2385.62 0.00
v 3313.21 2459.18 131.48
v 3267.35 2356.27 126.24
v 3427.28 2385.62 0.00
v 3408.37 2532.53 0.00
v 3328.22 2560.19 152.97
v 3313.21 2459.18 131.48
v 3335.08 2649.32 0.00
v 3266.16 2861.50 0.00
v 3063.98 2783.39 113.30
v 3194.54 2627.29 124.44
v 3266.16 2861.50 0.00
v 3133.49 3081.79 0.00
v 3013.11 2853.03 135.21
v 3063.98 2783.39 113.30
v 3133.49 3081.79 0.00
v 2862.35 3161.49 0.00
v 2886.84 2899.98 118.58
v 3013.11 2853.03 135.21
v 2862.35 3161.49 0.00
v 2665.25 2961.76 0.00
v 2855.10 2738.78 106.81
v 2886.84 2899.98 118.58
v 2665.25 2961.76 0.00
v 2561.92 2759.15 0.00
v 2707.99 2713.11 122.84
v 2855.10 2738.78 106.81
v 2561.92 2759.15 0.00
v 2601.09 2550.98 0.00
v 2828.24 2654.74 119.73
v 2707.99 2713.11 122.84
v 2601.09 2550.98 0.00
v 2724.55 2405.30 0.00
v 2771.91 2494.50 107.07
v 2828.24 2654.74 119.73
v 2724.55 2405.30 0.00
v 2893.67 2354.95 0.00
v 2950.46 2421.71 98.67
v 2771.91 2494.50 107.07
v 2893.67 2354.95 0.00
v 3164.06 2149.92 0.00
v 2996.64 2488.74 132.97
v 2950.46 2421.71 98.67
v 3164.06 2149.92 0.00
v 3221.08 2466.10 0.00
v 3077.61 2590.91 134.03
v 2996.64 2488.74 132.97
v 3221.08 2466.10 0.00
v 3335.08 2649.32 0.00
v 3194.54 2627.29 124.44
v 3077.61 2590.91 134.03
v 2557.30 3264.76 0.00
v 2455.38 3454.45 0.00
v 2308.53 3359.72 139.29
v 2302.38 3260.95 122.09
v 2455.38 3454.45 0.00
v 2297.03 3564.35 0.00
v 2205.32 3418.46 150.23
v 2308.53 3359.72 139.29
v 2297.03 3564.35 0.00
v 2097.57 3700.50 0.00
v 2081.41 3492.76 152.22
v 2205.32 3418.46 150.23
v 2097.57 3700.50 0.00
v 1904.54 3559.83 0.00
v 2028.95 3432.70 135.43
v 2081.41 3492.76 152.22
v 1904.54 3559.83 0.00
v 1758.20 3382.80 0.00
v 1992.26 3279.91 148.87
v 2028.95 3432.70 135.43
v 1758.20 3382.80 0.00
v 1795.53 3157.68 0.00
v 2034.88 3199.84 159.79
v 1992.26 3279.91 148.87
v 1795.53 3157.68 0.00
v 1953.37 3026.05 0.00
v 2084.04 3133.82 128.60
v 2034.88 3199.84 159.79
v 1953.37 3026.05 0.00
v 2105.80 2886.30 0.00
v 2092.98 3140.69 149.40
v 2084.04 3133.82 128.60
v 2105.80 2886.30 0.00
v 2356.09 2835.85 0.00
v 2223.72 3092.03 137.33
v 2092.98 3140.69 149.40
v 2356.09 2835.85 0.00
v 2491.01 3052.17 0.00
v 2340.42 3107.59 165.80
v 2223.72 3092.03 137.33
v 2491.01 3052.17 0.00
v 2557.30 3264.76 0.00
v 2302.38 3260.95 122.09
v 2340.42 3107.59 165.80
v 1741.09 3004.06 0.00
v 1812.30 2774.54 0.00
v 1954.32 2908.80 171.34
v 1927.25 3109.93 199.91
v 1812.30 2774.54 0.00
v 2027.33 2581.72 0.00
v 2089.76 2992.04 164.75
v 1954.32 2908.80 171.34
v 2027.33 2581.72 0.00
v 2290.27 2701.13 0.00
v 2137.71 2882.54 163.17
v 2089.76 2992.04 164.75
v 2290.27 2701.13 0.00
v 2445.82 2890.34 0.00
v 2241.97 3063.39 225.99
v 2137.71 2882.54 163.17
v 1274.12 -3009.88 0.00
v 1344.39 -2854.36 0.00
v 1199.97 -2931.93 136.98
v 1216.11 -2987.96 108.25
v 1344.39 -2854.36 0.00
v 1185.94 -2826.94 0.00
v 1178.92 -2894.71 104.11
v 1199.97 -2931.93 136.98
v 1185.94 -2826.94 0.00
v 1058.88 -2707.26 0.00
v 1105.91 -2884.94 112.56
v 1178.92 -2894.71 104.11
v 1058.88 -2707.26 0.00
v 932.54 -2813.87 0.00
v 1037.08 -2913.73 128.51
v 1105.91 -2884.94 112.56
v 932.54 -2813.87 0.00
v 885.73 -2946.26 0.00
v 986.12 -2964.80 129.55
v 1037.08 -2913.73 128.51
v 885.73 -2946.26 0.00
v 920.72 -3063.23 0.00
v 997.58 -3074.32 102.95
v 986.12 -2964.80 129.55
v 920.72 -3063.23 0.00
v 980.36 -3150.72 0.00
v 1013.33 -3116.71 107.69
v 997.58 -3074.32 102.95
v 980.36 -3150.72 0.00
v 1079.28 -3170.64 0.00
v 1097.83 -3118.18 110.63
v 1013.33 -3116.71 107.69
v 1079.28 -3170.64 0.00
v 1176.94 -3173.12 0.00
v 1147.96 -3051.59 130.27
v 1097.83 -3118.18 110.63
v 1176.94 -3173.12 0.00
v 1316.51 -3147.49 0.00
v 1216.99 -3075.94 109.55
v 1147.96 -3051.59 130.27
v 1316.51 -3147.49 0.00
v 1274.12 -3009.88 0.00
v 1216.11 -2987.96 108.25
v 1216.99 -3075.94 109.55
v 1857.25 -2914.68 0.00
v 1889.19 -2734.96 0.00
v 1676.74 -2897.74 156.35
v 1668.52 -2927.57 175.19
v 1889.19 -2734.96 0.00
v 1704.41 -2706.94 0.00
v 1662.83 -2791.89 169.26
v 1676.74 -2897.74 156.35
v 1704.41 -2706.94 0.00
v 1569.22 -2634.29 0.00
v 1586.92 -2778.50 183.26
v 1662.83 -2791.89 169.26
v 1569.22 -2634.29 0.00
v 1470.93 -2754.72 0.00
v 1496.73 -2821.25 175.26
v 1586.92 -2778.50 183.26
v 1470.93 -2754.72 0.00
v 1420.91 -2859.30 0.00
v 1459.25 -2887.77 199.34
v 1496.73 -2821.25 175.26
v 1387.99 -2979.74 0.00
v 1455.67 -3092.26 0.00
v 1541.68 -3020.26 199.00
v 1474.02 -2967.70 200.90
v 1455.67 -3092.26 0.00
v 1582.09 -3105.56 0.00
v 1623.16 -3000.07 168.91
v 1541.68 -3020.26 199.00
v 1582.09 -3105.56 0.00
v 1699.60 -3111.88 0.00
v 1659.92 -3025.04 203.12
v 1623.16 -3000.07 168.91
v 1699.60 -3111.88 0.00
v 1846.49 -3066.96 0.00
v 1734.07 -3015.06 167.81
v 1659.92 -3025.04 203.12
v 1846.49 -3066.96 0.00
v 1857.25 -2914.68 0.00
v 1668.52 -2927.57 175.19
v 1734.07 -3015.06 167.81
v 1425.41 -3045.53 0.00
v 1405.09 -2932.43 0.00
v 1324.00 -2986.81 86.12
v 1288.93 -3067.30 116.78
v 1405.09 -2932.43 0.00
v 1326.07 -2833.20 0.00
v 1282.50 -2958.84 89.65
v 1324.00 -2986.81 86.12
v 1326.07 -2833.20 0.00
v 1188.83 -2765.43 0.00
v 1221.35 -2991.62 94.39
v 1282.50 -2958.84 89.65
v 1188.83 -2765.43 0.00
v 1017.10 -2800.87 0.00
v 1163.54 -2971.08 96.63
v 1221.35 -2991.62 94.39
v 1017.10 -2800.87 0.00
v 985.10 -2973.89 0.00
v 1133.68 -3030.35 91.62
v 1163.54 -2971.08 96.63
v 985.10 -2973.89 0.00
v 957.52 -3125.28 0.00
v 1169.59 -3100.99 99.77
v 1133.68 -3030.35 91.62
v 957.52 -3125.28 0.00
v 1094.49 -3200.88 0.00
v 1151.68 -3114.70 90.98
v 1169.59 -3100.99 99.77
v 1094.49 -3200.88 0.00
v 1188.74 -3326.25 0.00
v 1190.07 -3125.99 87.32
v 1151.68 -3114.70 90.98
v 1188.74 -3326.25 0.00
v 1323.71 -3252.70 0.00
v 1279.61 -3183.43 84.01
v 1190.07 -3125.99 87.32
v 1323.71 -3252.70 0.00
v 1475.88 -3204.13 0.00
v 1331.76 -3069.84 116.81
v 1279.61 -3183.43 84.01
v 1475.88 -3204.13 0.00
v 1425.41 -3045.53 0.00
v 1288.93 -3067.30 116.78
v 1331.76 -3069.84 116.81
v 2052.50 -2892.60 0.00
v 2137.33 -2635.53 0.00
v 1962.11 -2801.61 85.65
v 1942.76 -2882.00 99.43
v 2137.33 -2635.53 0.00
v 1855.70 -2633.40 0.00
v 1798.16 -2642.44 93.19
v 1962.11 -2801.61 85.65
v 1855.70 -2633.40 0.00
v 1665.37 -2392.06 0.00
v 1729.74 -2657.54 107.18
v 1798.16 -2642.44 93.19
v 1665.37 -2392.06 0.00
v 1397.06 -2499.91 0.00
v 1602.74 -2759.30 104.24
v 1729.74 -2657.54 107.18
v 1397.06 -2499.91 0.00
v 1264.96 -2753.90 0.00
v 1539.35 -2836.18 100.86
v 1602.74 -2759.30 104.24
v 1264.96 -2753.90 0.00
v 1431.83 -2982.30 0.00
v 1451.79 -2996.95 109.85
v 1539.35 -2836.18 100.86
v 1431.83 -2982.30 0.00
v 1522.09 -3140.99 0.00
v 1629.14 -3041.19 84.41
v 1451.79 -2996.95 109.85
v 1522.09 -3140.99 0.00
v 1695.56 -3183.15 0.00
v 1756.88 -3042.46 101.44
v 1629.14 -3041.19 84.41
v 1695.56 -3183.15 0.00
v 1947.80 -3353.47 0.00
v 1865.57 -3108.40 85.29
v 1756.88 -3042.46 101.44
v 1947.80 -3353.47 0.00
v 2023.36 -3076.41 0.00
v 1900.68 -3028.08 83.30
v 1865.57 -3108.40 85.29
v 2023.36 -3076.41 0.00
v 2052.50 -2892.60 0.00
v 1942.76 -2882.00 99.43
v 1900.68 -3028.08 83.30
v 1417.20 -3123.86 0.00
v 1311.99 -2879.20 0.00
v 1049.48 -3027.24 163.26
v 1045.28 -3083.09 151.30
v 1311.99 -2879.20 0.00
v 1128.04 -2693.05 0.00
v 1003.42 -3010.93 194.79
v 1049.48 -3027.24 163.26
v 1128.04 -2693.05 0.00
v 861.81 -2640.52 0.00
v 881.03 -2896.81 169.99
v 1003.42 -3010.93 194.79
v 861.81 -2640.52 0.00
v 709.17 -2867.51 0.00
v 839.68 -3042.53 157.22
v 881.03 -2896.81 169.99
v 709.17 -2867.51 0.00
v 521.61 -3003.56 0.00
v 798.79 -3059.26 188.65
v 839.68 -3042.53 157.22
v 521.61 -3003.56 0.00
v 559.93 -3232.90 0.00
v 776.10 -3214.86 179.40
v 798.79 -3059.26 188.65
v 559.93 -3232.90 0.00
v 614.24 -3489.76 0.00
v 868.17 -3183.17 195.69
v 776.10 -3214.86 179.40
v 614.24 -3489.76 0.00
v 865.16 -3583.84 0.00
v 881.77 -3281.34 187.32
v 868.17 -3183.17 195.69
v 865.16 -3583.84 0.00
v 1049.81 -3383.37 0.00
v 994.24 -3236.27 192.84
v 881.77 -3281.34 187.32
v 1049.81 -3383.37 0.00
v 1158.77 -3270.04 0.00
v 1053.87 -3230.91 141.15
v 994.24 -3236.27 192.84
v 1158.77 -3270.04 0.00
v 1417.20 -3123.86 0.00
v 1045.28 -3083.09 151.30
v 1053.87 -3230.91 141.15
v 204.25 -30.26 63.06
v 206.08 -12.70 63.06
v 216.03 -13.74 63.06
v 214.19 -31.30 63.06
v 214.19 -31.30 86.70
v 216.03 -13.74 86.70
v 206.08 -12.70 86.70
v 204.25 -30.26 86.70
v 214.19 -31.30 63.06
v 216.03 -13.74 63.06
v 216.03 -13.74 86.70
v 214.19 -31.30 86.70
v 216.03 -13.74 63.06
v 206.08 -12.70 63.06
v 206.08 -12.70 86.70
v 216.03 -13.74 86.70
v 206.08 -12.70 63.06
v 204.25 -30.26 63.06
v 204.25 -30.26 86.70
v 206.08 -12.70 86.70
v 204.25 -30.26 63.06
v 214.19 -31.30 63.06
v 214.19 -31.30 86.70
v 204.25 -30.26 86.70
v 205.51 7.06 58.69
v 204.33 23.11 58.69
v 214.30 23.84 58.69
v 215.48 7.79 58.69
v 215.48 7.79 87.24
v 214.30 23.84 87.24
v 204.33 23.11 87.24
v 205.51 7.06 87.24
v 215.48 7.79 58.69
v 214.30 23.84 58.69
v 214.30 23.84 87.24
v 215.48 7.79 87.24
v 214.30 23.84 58.69
v 204.33 23.11 58.69
v 204.33 23.11 87.24
v 214.30 23.84 87.24
v 204.33 23.11 58.69
v 205.51 7.06 58.69
v 205.51 7.06 87.24
v 204.33 23.11 87.24
v 205.51 7.06 58.69
v 215.48 7.79 58.69
v 215.48 7.79 87.24
v 205.51 7.06 87.24
v 182.01 38.60 56.27
v 178.34 53.03 56.27
v 188.03 55.49 56.27
v 191.70 41.07 56.27
v 191.70 41.07 86.50
v 188.03 55.49 86.50
v 178.34 53.03 86.50
v 182.01 38.60 86.50
v 191.70 41.07 56.27
v 188.03 55.49 56.27
v 188.03 55.49 86.50
v 191.70 41.07 86.50
v 188.03 55.49 56.27
v 178.34 53.03 56.27
v 178.34 53.03 86.50
v 188.03 55.49 86.50
v 178.34 53.03 56.27
v 182.01 38.60 56.27
v 182.01 38.60 86.50
v 178.34 53.03 86.50
v 182.01 38.60 56.27
v 191.70 41.07 56.27
v 191.70 41.07 86.50
v 182.01 38.60 86.50
v 172.81 -96.75 65.78
v 182.15 -77.77 65.78
v 191.12 -82.18 65.78
v 181.79 -101.16 65.78
v 181.79 -101.16 87.07
v 191.12 -82.18 87.07
v 182.15 -77.77 87.07
v 172.81 -96.75 87.07
v 181.79 -101.16 65.78
v 191.12 -82.18 65.78
v 191.12 -82.18 87.07
v 181.79 -101.16 87.07
v 191.12 -82.18 65.78
v 182.15 -77.77 65.78
v 182.15 -77.77 87.07
v 191.12 -82.18 87.07
v 182.15 -77.77 65.78
v 172.81 -96.75 65.78
v 172.81 -96.75 87.07
v 182.15 -77.77 87.07
v 172.81 -96.75 65.78
v 181.79 -101.16 65.78
v 181.79 -101.16 87.07
v 172.81 -96.75 87.07
v 191.73 -62.58 59.75
v 195.84 -48.21 59.75
v 205.45 -50.95 59.75
v 201.34 -65.32 59.75
v 201.34 -65.32 87.35
v 205.45 -50.95 87.35
v 195.84 -48.21 87.35
v 191.73 -62.58 87.35
v 201.34 -65.32 59.75
v 205.45 -50.95 59.75
v 205.45 -50.95 87.35
v 201.34 -65.32 87.35
v 205.45 -50.95 59.75
v 195.84 -48.21 59.75
v 195.84 -48.21 87.35
v 205.45 -50.95 87.35
v 195.84 -48.21 59.75
v 191.73 -62.58 59.75
v 191.73 -62.58 87.35
v 195.84 -48.21 87.35
v 191.73 -62.58 59.75
v 201.34 -65.32 59.75
v 201.34 -65.32 87.35
v 191.73 -62.58 87.35
v 201.51 -37.18 79.50
v 204.84 -5.36 79.50
v 218.76 -6.82 79.50
v 215.43 -38.64 79.50
v 215.43 -38.64 82.00
v 218.76 -6.82 82.00
v 204.84 -5.36 82.00
v 201.51 -37.18 82.00
v 215.43 -38.64 79.50
v 218.76 -6.82 79.50
v 218.76 -6.82 82.00
v 215.43 -38.64 82.00
v 218.76 -6.82 79.50
v 204.84 -5.36 79.50
v 204.84 -5.36 82.00
v 218.76 -6.82 82.00
v 204.84 -5.36 79.50
v 201.51 -37.18 79.50
v 201.51 -37.18 82.00
v 204.84 -5.36 82.00
v 201.51 -37.18 79.50
v 215.43 -38.64 79.50
v 215.43 -38.64 82.00
v 201.51 -37.18 82.00
v 182.18 29.82 79.50
v 174.29 60.83 79.50
v 187.86 64.28 79.50
v 195.75 33.27 79.50
v 195.75 33.27 82.00
v 187.86 64.28 82.00
v 174.29 60.83 82.00
v 182.18 29.82 82.00
v 195.75 33.27 79.50
v 187.86 64.28 79.50
v 187.86 64.28 82.00
v 195.75 33.27 82.00
v 187.86 64.28 79.50
v 174.29 60.83 79.50
v 174.29 60.83 82.00
v 187.86 64.28 82.00
v 174.29 60.83 79.50
v 182.18 29.82 79.50
v 182.18 29.82 82.00
v 174.29 60.83 82.00
v 182.18 29.82 79.50
v 195.75 33.27 79.50
v 195.75 33.27 82.00
v 182.18 29.82 82.00
v 168.63 -100.73 79.50
v 182.75 -72.02 79.50
v 195.31 -78.19 79.50
v 181.19 -106.91 79.50
v 181.19 -106.91 82.00
v 195.31 -78.19 82.00
v 182.75 -72.02 82.00
v 168.63 -100.73 82.00
v 181.19 -106.91 79.50
v 195.31 -78.19 79.50
v 195.31 -78.19 82.00
v 181.19 -106.91 82.00
v 195.31 -78.19 79.50
v 182.75 -72.02 79.50
v 182.75 -72.02 82.00
v 195.31 -78.19 82.00
v 182.75 -72.02 79.50
v 168.63 -100.73 79.50
v 168.63 -100.73 82.00
v 182.75 -72.02 82.00
v 239.54 -49.09 51.98
v 242.76 -29.31 51.98
v 252.63 -30.91 51.98
v 249.41 -50.69 51.98
v 249.41 -50.69 72.89
v 252.63 -30.91 72.89
v 242.76 -29.31 72.89
v 239.54 -49.09 72.89
v 249.41 -50.69 51.98
v 252.63 -30.91 51.98
v 252.63 -30.91 72.89
v 249.41 -50.69 72.89
v 252.63 -30.91 51.98
v 242.76 -29.31 51.98
v 242.76 -29.31 72.89
v 252.63 -30.91 72.89
v 242.76 -29.31 51.98
v 239.54 -49.09 51.98
v 239.54 -49.09 72.89
v 242.76 -29.31 72.89
v 239.54 -49.09 51.98
v 249.41 -50.69 51.98
v 249.41 -50.69 72.89
v 239.54 -49.09 72.89
v 241.29 -6.45 48.81
v 240.89 15.36 48.81
v 250.89 15.55 48.81
v 251.29 -6.26 48.81
v 251.29 -6.26 71.31
v 250.89 15.55 71.31
v 240.89 15.36 71.31
v 241.29 -6.45 71.31
v 251.29 -6.26 48.81
v 250.89 15.55 48.81
v 250.89 15.55 71.31
v 251.29 -6.26 71.31
v 250.89 15.55 48.81
v 240.89 15.36 48.81
v 240.89 15.36 71.31
v 250.89 15.55 71.31
v 240.89 15.36 48.81
v 241.29 -6.45 48.81
v 241.29 -6.45 71.31
v 240.89 15.36 71.31
v 241.29 -6.45 48.81
v 251.29 -6.26 48.81
v 251.29 -6.26 71.31
v 241.29 -6.45 71.31
v 213.90 34.96 49.49
v 211.26 48.71 48.90
v 221.08 50.62 48.90
v 223.91 36.11 48.90
v 223.91 36.11 73.63
v 221.08 50.62 73.63
v 211.26 48.71 73.63
v 214.09 34.19 73.63
v 223.91 36.11 48.90
v 221.08 50.62 48.90
v 221.08 50.62 73.63
v 223.91 36.11 73.63
v 221.08 50.62 48.90
v 211.26 48.71 48.90
v 211.26 48.71 73.63
v 221.08 50.62 73.63
v 211.26 48.71 48.90
v 213.90 34.96 49.49
v 214.09 34.19 73.63
v 211.26 48.71 73.63
v 213.90 34.96 49.49
v 223.91 36.11 48.90
v 223.91 36.11 73.63
v 214.09 34.19 73.63
v 175.96 62.56 43.74
v 171.12 74.79 43.74
v 180.42 78.47 43.74
v 185.26 66.24 43.74
v 185.26 66.24 73.11
v 180.42 78.47 73.11
v 171.12 74.79 73.11
v 175.96 62.56 73.11
v 185.26 66.24 43.74
v 180.42 78.47 43.74
v 180.42 78.47 73.11
v 185.26 66.24 73.11
v 180.42 78.47 43.74
v 171.12 74.79 43.74
v 171.12 74.79 73.11
v 180.42 78.47 73.11
v 175.96 62.56 43.74
v 185.26 66.24 43.74
v 185.26 66.24 73.11
v 175.96 62.56 73.11
v 165.44 -153.71 49.71
v 179.40 -137.16 49.71
v 187.04 -143.61 49.71
v 173.08 -160.16 49.71
v 173.08 -160.16 72.31
v 187.04 -143.61 72.31
v 179.40 -137.16 72.31
v 165.44 -153.71 72.31
v 173.08 -160.16 49.71
v 187.04 -143.61 49.71
v 187.04 -143.61 72.31
v 173.08 -160.16 72.31
v 187.04 -143.61 49.71
v 179.40 -137.16 49.71
v 179.40 -137.16 72.31
v 187.04 -143.61 72.31
v 205.95 -125.06 46.64
v 213.72 -111.26 46.64
v 222.43 -116.17 46.64
v 214.66 -129.96 46.64
v 214.66 -129.96 71.24
v 222.43 -116.17 71.24
v 213.72 -111.26 71.24
v 205.95 -125.06 71.24
v 214.66 -129.96 46.64
v 222.43 -116.17 46.64
v 222.43 -116.17 71.24
v 214.66 -129.96 71.24
v 222.43 -116.17 46.64
v 213.72 -111.26 46.64
v 213.72 -111.26 71.24
v 222.43 -116.17 71.24
v 213.72 -111.26 46.64
v 205.95 -125.06 46.64
v 205.95 -125.06 71.24
v 213.72 -111.26 71.24
v 205.95 -125.06 46.64
v 214.66 -129.96 46.64
v 214.66 -129.96 71.24
v 205.95 -125.06 71.24
v 226.67 -89.63 43.43
v 233.28 -70.67 43.43
v 242.72 -73.96 43.43
v 236.12 -92.92 43.43
v 236.12 -92.92 71.61
v 242.72 -73.96 71.61
v 233.28 -70.67 71.61
v 226.67 -89.63 71.61
v 236.12 -92.92 43.43
v 242.72 -73.96 43.43
v 242.72 -73.96 71.61
v 236.12 -92.92 71.61
v 242.72 -73.96 43.43
v 233.28 -70.67 43.43
v 233.28 -70.67 71.61
v 242.72 -73.96 71.61
v 233.28 -70.67 43.43
v 226.67 -89.63 43.43
v 226.67 -89.63 71.61
v 233.28 -70.67 71.61
v 226.67 -89.63 43.43
v 236.12 -92.92 43.43
v 236.12 -92.92 71.61
v 226.67 -89.63 71.61
v 260.60 -60.18 30.59
v 264.75 -37.98 30.59
v 274.58 -39.82 30.59
v 270.43 -62.02 30.59
v 270.43 -62.02 58.46
v 274.58 -39.82 58.46
v 264.75 -37.98 58.46
v 260.60 -60.18 58.46
v 270.43 -62.02 30.59
v 274.58 -39.82 30.59
v 274.58 -39.82 58.46
v 270.43 -62.02 58.46
v 274.58 -39.82 30.59
v 264.75 -37.98 30.59
v 264.75 -37.98 58.46
v 274.58 -39.82 58.46
v 264.75 -37.98 30.59
v 260.60 -60.18 30.59
v 260.60 -60.18 58.46
v 264.75 -37.98 58.46
v 260.60 -60.18 30.59
v 270.43 -62.02 30.59
v 270.43 -62.02 58.46
v 260.60 -60.18 58.46
v 263.20 -4.87 37.94
v 261.92 6.93 38.35
v 273.16 6.94 37.94
v 273.20 -4.83 37.94
v 273.20 -4.83 59.56
v 273.16 6.94 59.56
v 263.16 6.90 59.56
v 263.20 -4.87 59.56
v 273.20 -4.83 37.94
v 273.16 6.94 37.94
v 273.16 6.94 59.56
v 273.20 -4.83 59.56
v 273.16 6.94 37.94
v 261.92 6.93 38.35
v 263.16 6.90 59.56
v 273.16 6.94 59.56
v 261.92 6.93 38.35
v 263.20 -4.87 37.94
v 263.20 -4.87 59.56
v 263.16 6.90 59.56
v 263.20 -4.87 37.94
v 273.20 -4.83 37.94
v 273.20 -4.83 59.56
v 263.20 -4.87 59.56
v 233.05 37.28 33.92
v 230.49 50.76 33.92
v 240.31 52.63 33.92
v 242.87 39.15 33.92
v 242.87 39.15 59.65
v 240.31 52.63 59.65
v 230.49 50.76 59.65
v 233.05 37.28 59.65
v 242.87 39.15 33.92
v 240.31 52.63 33.92
v 240.31 52.63 59.65
v 242.87 39.15 59.65
v 240.31 52.63 33.92
v 230.49 50.76 33.92
v 230.49 50.76 59.65
v 240.31 52.63 59.65
v 230.49 50.76 33.92
v 233.05 37.28 33.92
v 233.05 37.28 59.65
v 230.49 50.76 59.65
v 233.05 37.28 33.92
v 242.87 39.15 33.92
v 242.87 39.15 59.65
v 233.05 37.28 59.65
v 188.60 67.95 33.98
v 183.21 82.17 33.63
v 192.48 85.90 33.63
v 198.36 71.27 33.63
v 198.36 71.27 57.68
v 192.48 85.90 57.68
v 183.21 82.17 57.68
v 189.09 67.54 57.68
v 198.36 71.27 33.63
v 192.48 85.90 33.63
v 192.48 85.90 57.68
v 198.36 71.27 57.68
v 192.48 85.90 33.63
v 183.21 82.17 33.63
v 183.21 82.17 57.68
v 192.48 85.90 57.68
v 183.21 82.17 33.63
v 188.60 67.95 33.98
v 189.09 67.54 57.68
v 183.21 82.17 57.68
v 188.60 67.95 33.98
v 198.36 71.27 33.63
v 198.36 71.27 57.68
v 189.09 67.54 57.68
v 178.00 -177.87 33.84
v 191.03 -163.81 33.84
v 198.36 -170.60 33.84
v 185.34 -184.67 33.84
v 185.34 -184.67 57.71
v 198.36 -170.60 57.71
v 191.03 -163.81 57.71
v 178.00 -177.87 57.71
v 185.34 -184.67 33.84
v 198.36 -170.60 33.84
v 198.36 -170.60 57.71
v 185.34 -184.67 57.71
v 198.36 -170.60 33.84
v 191.03 -163.81 33.84
v 191.03 -163.81 57.71
v 198.36 -170.60 57.71
v 191.03 -163.81 33.84
v 178.00 -177.87 33.84
v 178.00 -177.87 57.71
v 191.03 -163.81 57.71
v 178.00 -177.87 33.84
v 185.34 -184.67 33.84
v 185.34 -184.67 57.71
v 178.00 -177.87 57.71
v 224.61 -144.33 35.26
v 230.30 -135.07 35.26
v 238.82 -140.30 35.26
v 233.13 -149.57 35.26
v 232.00 -147.72 58.68
v 238.82 -140.30 58.31
v 230.30 -135.07 58.31
v 224.61 -144.33 58.31
v 233.13 -149.57 35.26
v 238.82 -140.30 35.26
v 238.82 -140.30 58.31
v 232.00 -147.72 58.68
v 238.82 -140.30 35.26
v 230.30 -135.07 35.26
v 230.30 -135.07 58.31
v 238.82 -140.30 58.31
v 230.30 -135.07 35.26
v 224.61 -144.33 35.26
v 224.61 -144.33 58.31
v 230.30 -135.07 58.31
v 224.61 -144.33 35.26
v 233.13 -149.57 35.26
v 232.00 -147.72 58.68
v 224.61 -144.33 58.31
v 246.91 -106.88 30.45
v 255.10 -85.53 30.45
v 264.43 -89.11 30.45
v 256.25 -110.46 30.45
v 256.25 -110.46 59.48
v 264.43 -89.11 59.48
v 255.10 -85.53 59.48
v 246.91 -106.88 59.48
v 256.25 -110.46 30.45
v 264.43 -89.11 30.45
v 264.43 -89.11 59.48
v 256.25 -110.46 59.48
v 264.43 -89.11 30.45
v 255.10 -85.53 30.45
v 255.10 -85.53 59.48
v 264.43 -89.11 59.48
v 255.10 -85.53 30.45
v 246.91 -106.88 30.45
v 246.91 -106.88 59.48
v 255.10 -85.53 59.48
v 246.91 -106.88 30.45
v 256.25 -110.46 30.45
v 256.25 -110.46 59.48
v 246.91 -106.88 59.48
v 257.77 -64.44 51.50
v 263.65 -32.99 51.50
v 277.41 -35.56 51.50
v 271.53 -67.01 51.50
v 271.53 -67.01 54.00
v 277.41 -35.56 54.00
v 263.65 -32.99 54.00
v 257.77 -64.44 54.00
v 271.53 -67.01 51.50
v 277.41 -35.56 51.50
v 277.41 -35.56 54.00
v 271.53 -67.01 54.00
v 277.41 -35.56 51.50
v 263.65 -32.99 51.50
v 263.65 -32.99 54.00
v 277.41 -35.56 54.00
v 263.65 -32.99 51.50
v 257.77 -64.44 51.50
v 257.77 -64.44 54.00
v 263.65 -32.99 54.00
v 257.77 -64.44 51.50
v 271.53 -67.01 51.50
v 271.53 -67.01 54.00
v 257.77 -64.44 54.00
v 232.79 27.93 51.50
v 226.82 59.37 51.50
v 240.57 61.98 51.50
v 246.54 30.54 51.50
v 246.78 29.10 54.54
v 240.57 61.98 54.00
v 226.82 59.37 54.00
v 232.49 28.38 53.90
v 246.54 30.54 51.50
v 240.57 61.98 51.50
v 240.57 61.98 54.00
v 246.78 29.10 54.54
v 240.57 61.98 51.50
v 226.82 59.37 51.50
v 226.82 59.37 54.00
v 240.57 61.98 54.00
v 226.82 59.37 51.50
v 232.79 27.93 51.50
v 232.49 28.38 53.90
v 226.82 59.37 54.00
v 232.79 27.93 51.50
v 246.54 30.54 51.50
v 246.78 29.10 54.54
v 232.49 28.38 53.90
v 217.38 -152.29 51.50
v 234.13 -125.02 51.50
v 246.06 -132.35 51.50
v 229.31 -159.62 51.50
v 229.31 -159.62 54.00
v 246.06 -132.35 54.00
v 234.13 -125.02 54.00
v 217.38 -152.29 54.00
v 229.31 -159.62 51.50
v 246.06 -132.35 51.50
v 246.06 -132.35 54.00
v 229.31 -159.62 54.00
v 246.06 -132.35 51.50
v 234.13 -125.02 51.50
v 234.13 -125.02 54.00
v 246.06 -132.35 54.00
v 234.13 -125.02 51.50
v 217.38 -152.29 51.50
v 217.38 -152.29 54.00
v 234.13 -125.02 54.00
v 217.38 -152.29 51.50
v 229.31 -159.62 51.50
v 229.31 -159.62 54.00
v 217.38 -152.29 54.00
v 274.60 -57.53 19.85
v 276.99 -44.65 19.85
v 286.82 -46.47 19.85
v 284.43 -59.35 19.85
v 284.43 -59.35 45.19
v 286.82 -46.47 45.19
v 275.89 -46.00 46.00
v 274.60 -57.53 45.19
v 284.43 -59.35 19.85
v 286.82 -46.47 19.85
v 286.82 -46.47 45.19
v 284.43 -59.35 45.19
v 286.82 -46.47 19.85
v 276.99 -44.65 19.85
v 275.89 -46.00 46.00
v 286.82 -46.47 45.19
v 276.99 -44.65 19.85
v 274.60 -57.53 19.85
v 274.60 -57.53 45.19
v 275.89 -46.00 46.00
v 274.60 -57.53 19.85
v 284.43 -59.35 19.85
v 284.43 -59.35 45.19
v 274.60 -57.53 45.19
v 277.56 -3.89 17.88
v 277.13 15.92 17.88
v 287.12 16.14 17.88
v 287.55 -3.67 17.88
v 287.55 -3.67 44.48
v 287.12 16.14 44.48
v 277.13 15.92 44.48
v 277.56 -3.89 44.48
v 287.55 -3.67 17.88
v 287.12 16.14 17.88
v 287.12 16.14 44.48
v 287.55 -3.67 44.48
v 287.12 16.14 17.88
v 277.13 15.92 17.88
v 277.13 15.92 44.48
v 287.12 16.14 44.48
v 277.13 15.92 17.88
v 277.56 -3.89 17.88
v 277.56 -3.89 44.48
v 277.13 15.92 44.48
v 277.56 -3.89 17.88
v 287.55 -3.67 17.88
v 287.55 -3.67 44.48
v 277.56 -3.89 44.48
v 244.39 49.68 19.04
v 241.69 61.48 19.04
v 251.44 63.71 19.04
v 254.14 51.91 19.04
v 254.14 51.91 44.10
v 251.44 63.71 44.10
v 241.69 61.48 44.10
v 244.39 49.68 44.10
v 254.14 51.91 19.04
v 251.44 63.71 19.04
v 251.44 63.71 44.10
v 254.14 51.91 44.10
v 251.44 63.71 19.04
v 241.69 61.48 19.04
v 241.69 61.48 44.10
v 251.44 63.71 44.10
v 241.69 61.48 19.04
v 244.39 49.68 19.04
v 244.39 49.68 44.10
v 241.69 61.48 44.10
v 244.39 49.68 19.04
v 254.14 51.91 19.04
v 254.14 51.91 44.10
v 244.39 49.68 44.10
v 196.25 81.27 16.22
v 187.01 100.72 16.22
v 196.05 105.01 16.22
v 205.28 85.56 16.22
v 205.28 85.56 45.03
v 196.05 105.01 45.03
v 187.01 100.72 45.03
v 196.25 81.27 45.03
v 205.28 85.56 16.22
v 196.05 105.01 16.22
v 196.05 105.01 45.03
v 205.28 85.56 45.03
v 196.05 105.01 16.22
v 187.01 100.72 16.22
v 187.01 100.72 45.03
v 196.05 105.01 45.03
v 187.01 100.72 16.22
v 196.25 81.27 16.22
v 196.25 81.27 45.03
v 187.01 100.72 45.03
v 196.25 81.27 16.22
v 205.28 85.56 16.22
v 205.28 85.56 45.03
v 196.25 81.27 45.03
v 185.01 -194.25 20.70
v 193.18 -186.12 20.70
v 200.24 -193.22 20.70
v 192.06 -201.34 20.70
v 192.06 -201.34 45.63
v 200.24 -193.22 45.63
v 193.18 -186.12 45.63
v 185.01 -194.25 45.63
v 192.06 -201.34 20.70
v 200.24 -193.22 20.70
v 200.24 -193.22 45.63
v 192.06 -201.34 45.63
v 200.24 -193.22 20.70
v 193.18 -186.12 20.70
v 193.18 -186.12 45.63
v 200.24 -193.22 45.63
v 193.18 -186.12 20.70
v 185.01 -194.25 20.70
v 185.01 -194.25 45.63
v 193.18 -186.12 45.63
v 185.01 -194.25 20.70
v 192.06 -201.34 20.70
v 192.06 -201.34 45.63
v 185.01 -194.25 45.63
v 230.46 -163.75 18.96
v 242.92 -144.60 18.96
v 251.30 -150.06 18.96
v 238.83 -169.20 18.96
v 238.83 -169.20 44.62
v 251.30 -150.06 44.62
v 242.92 -144.60 44.62
v 230.46 -163.75 44.62
v 238.83 -169.20 18.96
v 251.30 -150.06 18.96
v 251.30 -150.06 44.62
v 238.83 -169.20 44.62
v 251.30 -150.06 18.96
v 242.92 -144.60 18.96
v 242.92 -144.60 44.62
v 251.30 -150.06 44.62
v 242.92 -144.60 18.96
v 230.46 -163.75 18.96
v 230.46 -163.75 44.62
v 242.92 -144.60 44.62
v 230.46 -163.75 18.96
v 238.83 -169.20 18.96
v 238.83 -169.20 44.62
v 230.46 -163.75 44.62
v 258.67 -114.77 17.33
v 266.77 -94.42 17.33
v 276.06 -98.12 17.33
v 267.96 -118.46 17.33
v 267.96 -118.46 44.77
v 276.06 -98.12 44.77
v 266.77 -94.42 44.77
v 258.67 -114.77 44.77
v 267.96 -118.46 17.33
v 276.06 -98.12 17.33
v 276.06 -98.12 44.77
v 267.96 -118.46 44.77
v 276.06 -98.12 17.33
v 266.77 -94.42 17.33
v 266.77 -94.42 44.77
v 276.06 -98.12 44.77
v 266.77 -94.42 17.33
v 258.67 -114.77 17.33
v 258.67 -114.77 44.77
v 266.77 -94.42 44.77
v 258.67 -114.77 17.33
v 267.96 -118.46 17.33
v 267.96 -118.46 44.77
v 258.67 -114.77 44.77
v 275.49 -52.10 14.08
v 277.75 -38.28 14.08
v 287.62 -39.90 14.08
v 285.36 -53.72 14.08
v 272.07 -60.66 25.50
v 285.88 -62.92 25.50
v 285.88 -62.92 28.00
v 272.07 -60.66 28.00
v 245.69 55.59 25.50
v 236.66 86.29 25.50
v 250.09 90.24 25.50
v 259.12 59.54 25.50
v 259.12 59.54 28.00
v 250.09 90.24 28.00
v 236.66 86.29 28.00
v 245.69 55.59 28.00
v 259.12 59.54 25.50
v 250.09 90.24 25.50
v 250.09 90.24 28.00
v 259.12 59.54 28.00
v 250.09 90.24 25.50
v 236.66 86.29 25.50
v 236.66 86.29 28.00
v 250.09 90.24 28.00
v 236.66 86.29 25.50
v 245.69 55.59 25.50
v 245.69 55.59 28.00
v 236.66 86.29 28.00
v 245.69 55.59 25.50
v 259.12 59.54 25.50
v 259.12 59.54 28.00
v 245.69 55.59 28.00
v 224.69 -169.69 25.50
v 242.49 -143.09 25.50
v 254.12 -150.88 25.50
v 236.32 -177.47 25.50
v 236.32 -177.47 28.00
v 254.12 -150.88 28.00
v 242.49 -143.09 28.00
v 224.69 -169.69 28.00
v 236.32 -177.47 25.50
v 254.12 -150.88 25.50
v 254.12 -150.88 28.00
v 236.32 -177.47 28.00
v 254.12 -150.88 25.50
v 242.49 -143.09 25.50
v 242.49 -143.09 28.00
v 254.12 -150.88 28.00
v 242.49 -143.09 25.50
v 224.69 -169.69 25.50
v 224.69 -169.69 28.00
v 242.49 -143.09 28.00
v 224.69 -169.69 25.50
v 236.32 -177.47 25.50
v 236.32 -177.47 28.00
v 224.69 -169.69 28.00
v 275.25 -43.18 -1.20
v 276.84 -31.48 -1.20
v 286.75 -32.82 -1.20
v 285.17 -44.52 -1.20
v 285.17 -44.52 24.43
v 286.75 -32.82 24.43
v 276.84 -31.48 24.43
v 275.25 -43.18 24.43
v 285.17 -44.52 -1.20
v 286.75 -32.82 -1.20
v 286.75 -32.82 24.43
v 285.17 -44.52 24.43
v 286.75 -32.82 -1.20
v 276.84 -31.48 -1.20
v 276.84 -31.48 24.43
v 286.75 -32.82 24.43
v 276.84 -31.48 -1.20
v 275.25 -43.18 -1.20
v 275.25 -43.18 24.43
v 276.84 -31.48 24.43
v 275.25 -43.18 -1.20
v 285.17 -44.52 -1.20
v 285.17 -44.52 24.43
v 275.25 -43.18 24.43
v 279.78 22.48 0.03
v 278.71 33.19 0.03
v 288.66 34.19 0.03
v 289.73 23.47 0.03
v 289.73 23.47 24.25
v 288.66 34.19 24.25
v 278.71 33.19 24.25
v 279.78 22.48 24.25
v 289.73 23.47 0.03
v 288.66 34.19 0.03
v 288.66 34.19 24.25
v 289.73 23.47 24.25
v 288.66 34.19 0.03
v 278.71 33.19 0.03
v 278.71 33.19 24.25
v 288.66 34.19 24.25
v 278.71 33.19 0.03
v 279.78 22.48 0.03
v 279.78 22.48 24.25
v 278.71 33.19 24.25
v 279.78 22.48 0.03
v 289.73 23.47 0.03
v 289.73 23.47 24.25
v 279.78 22.48 24.25
v 243.38 79.75 4.42
v 239.90 89.69 4.42
v 249.34 93.00 4.42
v 252.82 83.06 4.42
v 252.82 83.06 24.82
v 249.34 93.00 24.82
v 239.90 89.69 24.82
v 243.38 79.75 24.82
v 252.82 83.06 4.42
v 249.34 93.00 4.42
v 249.34 93.00 24.82
v 252.82 83.06 24.82
v 249.34 93.00 4.42
v 239.90 89.69 4.42
v 239.90 89.69 24.82
v 249.34 93.00 24.82
v 239.90 89.69 4.42
v 243.38 79.75 4.42
v 243.38 79.75 24.82
v 239.90 89.69 24.82
v 243.38 79.75 4.42
v 252.82 83.06 4.42
v 252.82 83.06 24.82
v 243.38 79.75 24.82
v 190.62 121.16 4.59
v 182.09 133.63 4.59
v 190.35 139.28 4.59
v 198.88 126.80 4.59
v 198.88 126.80 25.86
v 190.35 139.28 25.86
v 182.09 133.63 25.86
v 190.62 121.16 25.86
v 198.88 126.80 4.59
v 190.35 139.28 4.59
v 190.35 139.28 25.86
v 198.88 126.80 25.86
v 190.35 139.28 4.59
v 182.09 133.63 4.59
v 182.09 133.63 25.86
v 190.35 139.28 25.86
v 182.09 133.63 4.59
v 190.62 121.16 4.59
v 190.62 121.16 25.86
v 182.09 133.63 25.86
v 190.62 121.16 4.59
v 198.88 126.80 4.59
v 198.88 126.80 25.86
v 190.62 121.16 25.86
v 176.49 -203.73 5.88
v 188.71 -192.46 5.88
v 195.49 -199.82 5.88
v 183.26 -211.09 5.88
v 183.26 -211.09 23.17
v 195.49 -199.82 23.17
v 188.71 -192.46 23.17
v 176.49 -203.73 23.17
v 183.26 -211.09 5.88
v 195.49 -199.82 5.88
v 195.49 -199.82 23.17
v 183.26 -211.09 23.17
v 195.49 -199.82 5.88
v 188.71 -192.46 5.88
v 188.71 -192.46 23.17
v 195.49 -199.82 23.17
v 188.71 -192.46 5.88
v 176.49 -203.73 5.88
v 176.49 -203.73 23.17
v 188.71 -192.46 23.17
v 176.49 -203.73 5.88
v 183.26 -211.09 5.88
v 183.26 -211.09 23.17
v 176.49 -203.73 23.17
v 230.15 -159.62 4.80
v 236.60 -149.90 4.80
v 244.93 -155.43 4.80
v 238.48 -165.15 4.80
v 238.48 -165.15 23.12
v 244.93 -155.43 23.12
v 236.60 -149.90 23.12
v 230.15 -159.62 23.12
v 238.48 -165.15 4.80
v 244.93 -155.43 4.80
v 244.93 -155.43 23.12
v 238.48 -165.15 23.12
v 244.93 -155.43 4.80
v 236.60 -149.90 4.80
v 236.60 -149.90 23.12
v 244.93 -155.43 23.12
v 236.60 -149.90 4.80
v 230.15 -159.62 4.80
v 230.15 -159.62 23.12
v 236.60 -149.90 23.12
v 230.15 -159.62 4.80
v 238.48 -165.15 4.80
v 238.48 -165.15 23.12
v 230.15 -159.62 23.12
v 255.81 -107.04 -1.27
v 262.97 -87.98 -1.27
v 272.33 -91.50 -1.27
v 265.17 -110.56 -1.27
v 265.17 -110.56 25.54
v 272.33 -91.50 25.54
v 262.97 -87.98 25.54
v 255.81 -107.04 25.54
v 265.17 -110.56 -1.27
v 272.33 -91.50 -1.27
v 272.33 -91.50 25.54
v 265.17 -110.56 25.54
v 272.33 -91.50 -1.27
v 262.97 -87.98 -1.27
v 262.97 -87.98 25.54
v 272.33 -91.50 25.54
v 262.97 -87.98 -1.27
v 255.81 -107.04 -1.27
v 255.81 -107.04 25.54
v 262.97 -87.98 25.54
v 255.81 -107.04 -1.27
v 265.17 -110.56 -1.27
v 265.17 -110.56 25.54
v 255.81 -107.04 25.54

usemtl mat_slate
v 227.50 104.94 44.00
v 227.62 108.44 42.40
v 228.47 109.19 46.40
v 227.50 104.94 46.40
v 230.25 109.19 48.00
v 228.71 114.98 48.00
v 218.69 109.19 64.47
v 228.71 114.98 48.00
v 224.47 119.21 48.00
v 218.69 109.19 64.47
v 224.47 119.21 48.00
v 218.69 120.76 48.00
v 218.69 109.19 64.47
v 218.69 120.76 48.00
v 212.90 119.21 48.00
v 218.69 109.19 64.47
v 212.90 119.21 48.00
v 208.66 114.98 48.00
v 218.69 109.19 64.47
v 208.66 114.98 48.00
v 208.90 109.19 46.40
v 218.69 109.19 64.47
v 208.90 109.19 46.40
v 208.66 103.41 48.00
v 218.69 109.19 64.47
v 208.66 103.41 48.00
v 212.90 99.17 48.00
v 218.69 109.19 64.47
v 212.90 99.17 48.00
v 218.69 97.62 48.00
v 218.69 109.19 64.47
v 218.69 97.62 48.00
v 224.47 99.17 48.00
v 218.69 109.19 64.47
v 224.47 99.17 48.00
v 227.50 104.94 46.40
v 218.69 109.19 64.47
v 249.96 55.86 57.00
v 248.35 58.85 57.00
v 248.35 58.85 58.35
v 249.96 55.86 58.35
v 248.35 58.85 57.00
v 245.88 57.53 57.00
v 245.88 57.53 58.35
v 248.35 58.85 58.35
v 245.88 57.53 57.00
v 246.92 53.34 56.00
v 247.49 54.53 58.35
v 245.88 57.53 58.35
v 246.92 53.34 56.00
v 249.96 55.86 57.00
v 249.96 55.86 58.35
v 247.49 54.53 58.35
v 196.32 90.95 57.00
v 193.96 93.39 57.00
v 195.97 95.34 57.00
v 198.34 92.89 57.00
v 198.34 92.89 58.35
v 195.97 95.34 58.35
v 193.96 93.39 58.35
v 196.32 90.95 58.35
v 198.34 92.89 57.00
v 195.97 95.34 57.00
v 195.97 95.34 58.35
v 198.34 92.89 58.35
v 195.97 95.34 57.00
v 193.96 93.39 57.00
v 193.96 93.39 58.35
v 195.97 95.34 58.35
v 193.96 93.39 57.00
v 196.32 90.95 57.00
v 196.32 90.95 58.35
v 193.96 93.39 58.35
v 196.32 90.95 57.00
v 198.34 92.89 57.00
v 198.34 92.89 58.35
v 196.32 90.95 58.35
v 190.44 -193.98 57.00
v 192.80 -191.54 57.00
v 194.58 -192.19 56.00
v 192.45 -195.93 57.00
v 192.45 -195.93 58.35
v 194.81 -193.48 58.35
v 192.80 -191.54 58.35
v 190.44 -193.98 58.35
v 219.43 67.30 64.40
v 223.41 66.97 64.40
v 224.33 66.30 68.40
v 219.97 66.30 68.40
v 223.41 66.97 64.40
v 228.25 68.19 66.00
v 228.25 68.19 68.40
v 224.33 66.30 68.40
v 228.25 68.19 66.00
v 229.88 71.29 64.40
v 230.97 71.60 68.40
v 228.25 68.19 68.40
v 229.88 71.29 64.40
v 231.09 75.10 64.40
v 231.94 75.85 68.40
v 230.97 71.60 68.40
v 233.72 75.85 70.00
v 232.17 81.63 70.00
v 222.15 75.85 86.47
v 232.17 81.63 70.00
v 227.93 85.87 70.00
v 222.15 75.85 86.47
v 227.93 85.87 70.00
v 222.15 87.42 70.00
v 222.15 75.85 86.47
v 222.15 87.42 70.00
v 216.36 85.87 70.00
v 222.15 75.85 86.47
v 216.36 85.87 70.00
v 212.13 81.63 70.00
v 222.15 75.85 86.47
v 212.13 81.63 70.00
v 210.58 75.85 70.00
v 222.15 75.85 86.47
v 210.58 75.85 70.00
v 212.13 70.06 70.00
v 222.15 75.85 86.47
v 212.13 70.06 70.00
v 216.36 65.83 70.00
v 222.15 75.85 86.47
v 190.36 56.23 90.40
v 188.86 56.23 90.40
v 188.86 57.73 90.40
v 190.36 57.73 90.40
v 190.36 57.73 90.40
v 188.86 57.73 90.40
v 188.86 56.23 90.40
v 190.36 56.23 90.40
v 191.42 53.08 90.40
v 190.07 52.42 90.40
v 190.77 54.43 90.40
v 190.77 54.43 90.40
v 190.07 52.42 90.40
v 191.42 53.08 90.40
v 193.74 50.70 90.40
v 191.64 50.46 90.40
v 192.57 51.63 90.40
v 192.57 51.63 90.40
v 191.64 50.46 90.40
v 193.74 50.70 90.40
v 196.87 49.56 90.40
v 196.54 48.10 90.40
v 195.41 49.89 90.40
v 195.41 49.89 90.40
v 196.54 48.10 90.40
v 196.87 49.56 90.40
v 198.72 49.56 90.40
v 200.51 48.43 90.40
v 199.05 48.10 90.40
v 198.72 49.56 90.40
v 199.05 48.10 90.40
v 200.51 48.43 90.40
v 203.02 51.63 90.40
v 202.78 49.52 90.40
v 201.85 50.70 90.40
v 201.85 50.70 90.40
v 202.78 49.52 90.40
v 203.02 51.63 90.40
v 219.12 -44.16 81.26
v 219.12 -35.84 81.26
v 212.31 -35.84 81.26
v 212.31 -44.16 81.26
v 219.12 -44.16 68.80
v 219.12 -35.84 68.80
v 219.12 -35.84 81.26
v 219.12 -44.16 81.26
v 219.12 -35.84 68.80
v 212.31 -35.84 68.80
v 212.31 -35.84 81.26
v 219.12 -35.84 81.26
v 212.31 -35.84 68.80
v 212.31 -44.16 68.80
v 212.31 -44.16 81.26
v 212.31 -35.84 81.26
v 212.31 -44.16 68.80
v 219.12 -44.16 68.80
v 219.12 -44.16 81.26
v 212.31 -44.16 81.26
v 219.12 -35.84 81.26
v 219.12 -44.16 81.26
v 219.72 -40.00 86.92
v 211.71 -40.00 86.92
v 219.72 -40.00 86.92
v 212.31 -44.16 81.26
v 212.31 -35.84 81.26
v 211.71 -40.00 86.92
v 219.12 -44.16 81.26
v 212.31 -44.16 81.26
v 219.72 -40.00 86.92
v 219.12 -35.84 81.26
v 211.71 -40.00 86.92
v 212.31 -35.84 81.26
v 236.41 -24.09 68.80
v 235.29 -14.71 68.80
v 241.27 -14.00 68.80
v 242.38 -23.38 68.80
v 242.38 -23.38 80.43
v 241.27 -14.00 80.43
v 235.29 -14.71 80.43
v 236.41 -24.09 80.43
v 242.38 -23.38 68.80
v 241.27 -14.00 68.80
v 241.27 -14.00 80.43
v 242.38 -23.38 80.43
v 213.43 -7.00 68.80
v 219.67 -5.49 68.80
v 219.67 -5.49 79.53
v 213.43 -7.00 79.53
v 213.17 -7.42 79.53
v 211.34 0.14 79.53
v 218.00 1.40 79.53
v 220.09 -5.75 79.53
v 220.09 -5.75 83.82
v 218.26 1.82 83.82
v 211.34 0.14 83.82
v 213.17 -7.42 83.82
v 220.09 -5.75 79.53
v 218.00 1.40 79.53
v 218.26 1.82 83.82
v 220.09 -5.75 83.82
v 218.00 1.40 79.53
v 211.34 0.14 79.53
v 211.34 0.14 83.82
v 218.26 1.82 83.82
v 211.34 0.14 79.53
v 213.17 -7.42 79.53
v 213.17 -7.42 83.82
v 211.34 0.14 83.82
v 213.17 -7.42 79.53
v 220.09 -5.75 79.53
v 220.09 -5.75 83.82
v 213.17 -7.42 83.82
v 218.26 1.82 83.82
v 220.09 -5.75 83.82
v 219.42 -1.91 88.64
v 212.01 -3.70 88.64
v 219.42 -1.91 88.64
v 213.17 -7.42 83.82
v 211.04 0.33 83.82
v 212.01 -3.70 88.64
v 220.09 -5.75 83.82
v 213.17 -7.42 83.82
v 219.42 -1.91 88.64
v 218.26 1.82 83.82
v 212.01 -3.70 88.64
v 211.04 0.33 83.82
v 224.05 15.94 68.80
v 220.71 24.80 68.80
v 226.90 27.12 68.80
v 230.23 18.26 68.80
v 234.19 -65.18 68.80
v 235.30 -55.76 68.80
v 235.30 -55.76 80.91
v 234.19 -65.18 80.91
v 235.30 -55.76 68.80
v 227.50 -54.83 68.80
v 227.50 -54.83 80.91
v 235.30 -55.76 80.91
v 227.50 -54.83 68.80
v 226.38 -64.26 68.80
v 226.38 -64.26 80.91
v 227.50 -54.83 80.91
v 226.38 -64.26 68.80
v 234.19 -65.18 68.80
v 234.19 -65.18 80.91
v 226.38 -64.26 80.91
v 249.48 -37.53 62.00
v 247.38 -36.01 62.00
v 247.38 -36.01 86.00
v 249.48 -37.53 86.00
v 247.38 -36.01 62.00
v 244.79 -36.01 62.00
v 244.79 -36.01 86.00
v 247.38 -36.01 86.00
v 244.79 -36.01 62.00
v 242.69 -37.53 62.00
v 242.69 -37.53 86.00
v 244.79 -36.01 86.00
v 242.69 -37.53 62.00
v 241.89 -40.00 62.00
v 241.89 -40.00 86.00
v 242.69 -37.53 86.00
v 249.08 -30.36 62.35
v 246.43 -30.36 62.35
v 246.43 -30.36 63.93
v 249.08 -30.36 63.93
v 246.43 -30.36 62.35
v 249.24 -31.68 62.35
v 249.24 -31.68 63.93
v 246.43 -30.36 63.93
v 250.48 -26.65 66.51
v 250.35 -25.56 66.51
v 250.35 -25.56 69.71
v 250.48 -26.65 69.71
v 250.35 -25.56 66.51
v 250.48 -26.65 66.51
v 250.48 -26.65 69.71
v 250.35 -25.56 69.71
v 246.64 -8.46 66.01
v 244.24 -8.46 66.01
v 244.24 -8.46 68.81
v 246.64 -8.46 68.81
v 244.24 -8.46 66.01
v 246.64 -8.46 66.01
v 246.64 -8.46 68.81
v 244.24 -8.46 68.81
v 231.34 -12.18 54.80
v 229.38 -4.12 54.80
v 235.66 -2.59 54.80
v 237.62 -10.66 54.80
v 237.62 -10.66 62.62
v 235.66 -2.59 62.62
v 229.38 -4.12 62.62
v 231.34 -12.18 62.62
v 239.44 14.97 54.80
v 237.09 21.18 54.80
v 237.09 21.18 64.42
v 239.44 14.97 64.42
v 237.09 21.18 54.80
v 229.49 18.31 54.80
v 229.49 18.31 64.42
v 237.09 21.18 64.42
v 229.49 18.31 54.80
v 231.84 12.10 54.80
v 231.84 12.10 64.42
v 229.49 18.31 64.42
v 231.84 12.10 54.80
v 239.44 14.97 54.80
v 239.44 14.97 64.42
v 231.84 12.10 64.42
v 218.22 14.72 54.80
v 221.00 7.34 54.80
v 221.00 7.34 67.55
v 218.22 14.72 67.55
v 221.00 7.34 54.80
v 228.90 10.32 54.80
v 228.90 10.32 67.55
v 221.00 7.34 67.55
v 221.00 7.34 67.55
v 217.76 14.93 67.55
v 226.11 17.71 67.55
v 228.90 10.32 67.55
v 229.35 10.12 72.75
v 226.31 18.16 72.75
v 217.49 14.04 72.87
v 220.80 6.89 72.75
v 209.36 25.67 59.75
v 208.62 27.06 59.75
v 208.62 27.06 61.90
v 209.36 25.67 61.90
v 208.62 27.06 59.75
v 208.92 25.44 59.75
v 208.92 25.44 61.90
v 208.62 27.06 61.90
v 208.92 25.44 59.75
v 209.36 25.67 59.75
v 209.36 25.67 61.90
v 208.92 25.44 61.90
v 206.21 25.67 64.05
v 205.47 27.06 64.05
v 205.47 27.06 66.20
v 206.21 25.67 66.20
v 184.11 64.45 54.80
v 188.75 68.87 54.80
v 188.75 68.87 64.19
v 184.11 64.45 64.19
v 182.85 75.05 64.19
v 189.60 68.85 64.19
v 186.23 72.38 70.00
v 180.73 67.12 70.00
v 186.23 72.38 70.00
v 184.09 63.60 64.19
v 177.37 70.65 64.19
v 180.73 67.12 70.00
v 189.60 68.85 64.19
v 184.09 63.60 64.19
v 186.23 72.38 70.00
v 214.70 -135.52 59.06
v 213.99 -136.86 59.06
v 213.99 -136.86 60.52
v 214.70 -135.52 60.52
v 215.32 -131.55 65.89
v 215.83 -130.58 65.89
v 215.83 -130.58 69.09
v 215.32 -131.55 69.09
v 215.83 -130.58 65.89
v 215.32 -131.55 65.89
v 215.32 -131.55 69.09
v 215.83 -130.58 69.09
v 197.97 -128.54 54.80
v 201.41 -122.06 54.80
v 208.14 -125.64 54.80
v 204.70 -132.11 54.80
v 223.83 -107.55 54.80
v 220.48 -116.43 54.80
v 220.48 -116.43 62.65
v 223.83 -107.55 62.65
v 220.48 -116.43 54.80
v 227.71 -119.16 54.80
v 227.71 -119.16 62.65
v 220.48 -116.43 62.65
v 231.83 -109.93 62.65
v 227.71 -119.16 62.65
v 229.94 -114.93 69.10
v 221.59 -111.78 69.10
v 229.94 -114.93 69.10
v 219.71 -116.78 62.65
v 223.83 -107.55 62.65
v 221.59 -111.78 69.10
v 229.33 -94.95 66.17
v 230.87 -88.62 66.17
v 238.53 -90.48 66.17
v 236.99 -96.81 66.17
v 237.25 -97.23 70.74
v 238.95 -90.23 70.74
v 230.61 -88.20 70.74
v 228.91 -95.21 70.74
v 236.99 -96.81 66.17
v 238.53 -90.48 66.17
v 238.95 -90.23 70.74
v 237.25 -97.23 70.74
v 238.53 -90.48 66.17
v 230.87 -88.62 66.17
v 230.61 -88.20 70.74
v 238.95 -90.23 70.74
v 221.93 -94.20 63.42
v 222.22 -93.01 63.42
v 222.22 -93.01 65.37
v 221.93 -94.20 65.37
v 222.22 -93.01 63.42
v 221.93 -94.20 63.42
v 221.93 -94.20 65.37
v 222.22 -93.01 65.37
v 222.22 -93.01 63.42
v 224.66 -93.01 63.42
v 224.66 -93.01 65.37
v 222.22 -93.01 65.37
v 224.66 -93.01 63.42
v 222.22 -93.01 63.42
v 222.22 -93.01 65.37
v 224.66 -93.01 65.37
v 260.26 -101.33 72.00
v 259.87 -98.00 72.00
v 255.67 -98.00 78.00
v 263.62 -56.74 40.80
v 263.62 -47.26 40.80
v 271.98 -47.26 40.80
v 271.98 -56.74 40.80
v 271.98 -56.74 50.84
v 271.98 -47.26 50.84
v 263.62 -47.26 50.84
v 263.62 -56.74 50.84
v 271.98 -56.74 40.80
v 271.98 -47.26 40.80
v 271.98 -47.26 50.84
v 271.98 -56.74 50.84
v 270.38 -27.73 46.67
v 270.57 -29.28 46.67
v 268.50 -29.74 49.08
v 270.38 -27.73 49.73
v 273.69 -29.28 46.67
v 273.50 -27.73 46.67
v 273.50 -27.73 49.73
v 273.69 -29.28 49.73
v 273.50 -27.73 46.67
v 273.69 -29.28 46.67
v 273.69 -29.28 49.73
v 273.50 -27.73 49.73
v 255.61 -30.68 40.80
v 254.68 -22.95 40.80
v 261.69 -22.11 40.80
v 262.62 -29.83 40.80
v 246.78 29.10 54.54
v 241.17 22.66 59.99
v 239.53 26.96 54.54
v 246.81 20.22 45.59
v 246.32 21.49 45.59
v 246.32 21.49 47.57
v 246.81 20.22 47.57
v 246.32 21.49 45.59
v 246.81 20.22 45.59
v 246.81 20.22 47.57
v 246.32 21.49 47.57
v 246.81 20.22 49.56
v 246.32 21.49 49.56
v 246.32 21.49 51.55
v 246.81 20.22 51.55
v 231.98 52.14 52.47
v 235.34 45.89 52.47
v 235.20 45.42 57.18
v 231.50 52.28 57.18
v 235.34 45.89 52.47
v 242.12 49.14 52.47
v 242.12 49.14 57.18
v 235.20 45.42 57.18
v 242.12 49.14 57.18
v 238.43 56.01 57.18
v 234.85 54.37 62.05
v 238.78 47.06 62.05
v 235.20 45.42 57.18
v 238.78 47.06 62.05
v 234.85 54.37 62.05
v 231.50 52.28 57.18
v 242.12 49.14 57.18
v 238.78 47.06 62.05
v 235.20 45.42 57.18
v 238.43 56.01 57.18
v 231.50 52.28 57.18
v 234.85 54.37 62.05
v 236.13 46.85 46.12
v 235.14 47.66 46.12
v 235.14 47.66 48.63
v 236.13 46.85 48.63
v 235.14 47.66 46.12
v 236.13 46.85 46.12
v 236.13 46.85 48.63
v 235.14 47.66 48.63
v 238.49 46.85 46.12
v 236.13 46.85 46.12
v 236.13 46.85 48.63
v 238.49 46.85 48.63
v 236.13 46.85 46.12
v 238.49 46.85 46.12
v 238.49 46.85 48.63
v 236.13 46.85 48.63
v 224.30 39.73 40.80
v 230.66 43.16 40.80
v 230.66 43.16 52.15
v 224.30 39.73 52.15
v 227.12 49.74 52.15
v 231.47 42.91 52.15
v 229.42 46.73 57.23
v 222.00 42.74 57.23
v 229.42 46.73 57.23
v 224.05 38.92 52.15
v 219.94 46.56 52.15
v 222.00 42.74 57.23
v 231.47 42.91 52.15
v 224.05 38.92 52.15
v 229.42 46.73 57.23
v 227.12 49.74 52.15
v 222.00 42.74 57.23
v 219.94 46.56 52.15
v 224.97 40.81 45.11
v 223.94 41.69 45.11
v 224.37 41.92 45.11
v 224.97 40.81 46.62
v 224.37 41.92 46.62
v 223.94 41.69 46.62
v 224.97 40.81 45.11
v 224.37 41.92 45.11
v 224.37 41.92 46.62
v 224.97 40.81 46.62
v 223.94 41.69 46.62
v 224.97 40.81 46.62
v 224.97 40.81 49.64
v 223.94 41.69 49.64
v 227.47 40.81 46.62
v 224.97 40.81 46.62
v 226.88 41.92 46.62
v 227.47 40.81 49.64
v 226.88 41.92 49.64
v 224.97 40.81 49.64
v 227.47 40.81 46.62
v 226.88 41.92 46.62
v 226.88 41.92 49.64
v 227.47 40.81 49.64
v 226.88 41.92 46.62
v 224.97 40.81 46.62
v 224.97 40.81 49.64
v 226.88 41.92 49.64
v 224.97 40.81 46.62
v 227.47 40.81 46.62
v 227.47 40.81 49.64
v 224.97 40.81 49.64
v 228.65 45.78 52.15
v 228.12 46.75 52.15
v 228.12 46.75 55.35
v 228.65 45.78 55.35
v 228.12 46.75 52.15
v 228.65 45.78 52.15
v 228.65 45.78 55.35
v 228.12 46.75 55.35
v 213.22 33.92 40.80
v 209.80 40.27 40.80
v 215.98 43.60 40.80
v 219.40 37.24 40.80
v 219.40 37.24 53.94
v 215.98 43.60 53.94
v 209.80 40.27 53.94
v 213.22 33.92 53.94
v 203.48 -170.64 40.80
v 209.97 -175.35 40.80
v 209.97 -175.35 52.04
v 203.48 -170.64 52.04
v 210.10 -176.19 52.04
v 214.10 -169.66 52.04
v 211.20 -166.82 57.49
v 206.37 -173.48 57.49
v 203.48 -170.64 52.04
v 206.37 -173.48 57.49
v 211.20 -166.82 57.49
v 207.61 -164.95 52.04
v 210.10 -176.19 52.04
v 206.37 -173.48 57.49
v 203.48 -170.64 52.04
v 244.11 -133.21 46.25
v 244.64 -131.83 46.25
v 244.18 -131.65 46.25
v 247.77 -126.27 49.02
v 248.79 -126.66 49.02
v 248.40 -127.69 49.02
v 248.40 -127.69 52.22
v 248.79 -126.66 52.22
v 247.77 -126.27 52.22
v 248.40 -127.69 49.02
v 248.79 -126.66 49.02
v 248.79 -126.66 52.22
v 248.40 -127.69 52.22
v 224.19 -124.59 40.80
v 227.15 -116.86 40.80
v 227.15 -116.86 52.62
v 224.19 -124.59 52.62
v 227.15 -116.86 40.80
v 220.60 -114.36 40.80
v 220.60 -114.36 52.62
v 227.15 -116.86 52.62
v 220.60 -114.36 40.80
v 217.65 -122.09 40.80
v 217.65 -122.09 52.62
v 220.60 -114.36 52.62
v 217.65 -122.09 40.80
v 224.19 -124.59 40.80
v 224.19 -124.59 52.62
v 217.65 -122.09 52.62
v 241.16 -95.12 40.80
v 238.90 -104.32 40.80
v 238.90 -104.32 55.17
v 241.16 -95.12 55.17
v 238.90 -104.32 40.80
v 244.87 -105.79 40.80
v 244.87 -105.79 55.17
v 238.90 -104.32 55.17
v 247.13 -96.59 55.17
v 244.87 -105.79 55.17
v 246.58 -101.33 61.61
v 239.44 -99.58 61.61
v 246.58 -101.33 61.61
v 238.90 -104.32 55.17
v 240.72 -94.39 55.17
v 239.44 -99.58 61.61
v 264.51 -82.83 53.60
v 257.32 -82.57 53.60
v 265.64 -78.45 59.69
v 266.25 -73.41 53.60
v 257.93 -77.52 59.69
v 258.54 -72.48 53.60
v 260.38 -81.95 45.40
v 260.57 -80.41 45.40
v 260.57 -80.41 47.20
v 260.38 -81.95 47.20
v 260.57 -80.41 45.40
v 260.38 -81.95 45.40
v 260.38 -81.95 47.20
v 260.57 -80.41 47.20
v 271.54 -41.75 39.08
v 263.30 -46.00 44.86
v 263.90 -41.75 39.08
v 266.51 -50.43 32.90
v 266.02 -48.97 32.90
v 266.02 -48.97 34.19
v 266.51 -50.43 34.19
v 266.02 -48.97 32.90
v 266.51 -50.43 32.90
v 266.51 -50.43 34.19
v 266.02 -48.97 34.19
v 250.64 -49.35 28.80
v 250.64 -42.65 28.80
v 257.13 -42.65 28.80
v 257.13 -49.35 28.80
v 214.05 49.37 32.49
v 213.32 50.71 32.49
v 213.32 50.71 33.38
v 214.05 49.37 33.38
v 174.40 -192.74 41.74
v 180.45 -198.68 41.74
v 180.46 -199.17 47.02
v 173.90 -192.75 47.02
v 180.46 -199.17 47.02
v 186.17 -193.34 47.02
v 184.30 -190.85 52.16
v 177.00 -196.14 52.79
v 173.55 -192.75 47.02
v 177.00 -196.14 52.79
v 184.30 -190.85 52.16
v 179.62 -186.91 47.02
v 180.46 -199.17 47.02
v 177.00 -196.14 52.79
v 173.55 -192.75 47.02
v 249.15 -104.01 42.76
v 255.88 -105.69 42.76
v 256.67 -107.79 49.67
v 248.72 -104.27 48.50
v 256.67 -107.79 49.67
v 258.19 -98.91 48.50
v 254.24 -97.93 53.21
v 252.37 -105.43 53.21
v 248.42 -104.45 48.50
v 252.37 -105.43 53.21
v 254.24 -97.93 53.21
v 250.47 -97.25 48.50
v 256.67 -107.79 49.67
v 252.37 -105.43 53.21
v 248.42 -104.45 48.50
v 199.21 -160.54 46.34
v 199.13 -160.70 46.34
v 196.44 -160.66 48.03
v 198.65 -156.44 46.34
v 198.65 -156.44 46.34
v 196.44 -160.66 48.03
v 199.13 -160.70 46.34
v 199.21 -160.54 46.34
v 199.21 -160.54 46.34
v 199.13 -160.70 46.34
v 196.44 -160.66 48.03
v 197.93 -157.82 48.28
v 197.93 -157.82 48.52
v 196.36 -160.81 48.52
v 198.49 -161.93 48.52
v 200.05 -158.94 48.52
v 197.20 -159.21 50.69
v 195.32 -162.81 51.41
v 197.77 -163.31 50.69
v 199.17 -160.63 50.93
v 199.17 -160.63 50.93
v 197.77 -163.31 50.69
v 195.32 -162.81 51.41
v 197.20 -159.21 50.69
v 196.48 -160.59 52.86
v 194.92 -163.58 52.86
v 197.04 -164.69 52.86
v 198.61 -161.70 52.86
v 197.20 -159.21 50.69
v 195.32 -162.81 51.41
v 194.92 -163.58 52.86
v 196.48 -160.59 52.86
v 195.32 -162.81 51.41
v 197.77 -163.31 50.69
v 197.04 -164.69 52.86
v 194.92 -163.58 52.86
v 197.77 -163.31 50.69
v 199.17 -160.63 50.93
v 198.61 -161.70 52.86
v 197.04 -164.69 52.86
v 199.17 -160.63 50.93
v 197.20 -159.21 50.69
v 196.48 -160.59 52.86
v 198.61 -161.70 52.86
v 198.61 -161.70 52.86
v 197.04 -164.69 52.86
v 194.92 -163.58 52.86
v 195.97 -160.85 53.96
v 195.97 -160.85 53.96
v 194.92 -163.58 52.86
v 197.04 -164.69 52.86
v 198.61 -161.70 52.86
v 198.61 -161.70 52.86
v 197.04 -164.69 52.86
v 194.92 -163.58 52.86
v 195.97 -160.85 53.96
v 197.04 -164.69 52.86
v 196.80 -165.15 53.34
v 194.92 -163.58 52.86
v 195.97 -160.85 53.96
v 195.97 -160.85 53.96
v 194.92 -163.58 52.86
v 196.80 -165.15 53.34
v 197.04 -164.69 52.86
v 197.04 -164.69 52.86
v 196.80 -165.15 53.34
v 194.92 -163.58 52.86
v 195.76 -161.97 54.79
v 195.76 -161.97 55.03
v 194.19 -164.96 55.03
v 196.32 -166.07 55.03
v 197.88 -163.08 55.03
v 195.76 -161.97 54.79
v 194.92 -163.58 52.86
v 194.19 -164.96 55.03
v 195.76 -161.97 55.03
v 194.92 -163.58 52.86
v 196.80 -165.15 53.34
v 196.32 -166.07 55.03
v 194.19 -164.96 55.03
v 196.80 -165.15 53.34
v 197.04 -164.69 52.86
v 197.88 -163.08 55.03
v 196.32 -166.07 55.03
v 197.04 -164.69 52.86
v 195.76 -161.97 54.79
v 195.76 -161.97 55.03
v 197.88 -163.08 55.03
v 197.88 -163.08 55.03
v 196.32 -166.07 55.03
v 194.11 -165.11 55.03
v 195.76 -161.97 55.03
v 195.76 -161.97 55.03
v 194.11 -165.11 55.03
v 196.32 -166.07 55.03
v 197.88 -163.08 55.03
v 250.49 -113.07 30.00
v 247.15 -111.99 30.00
v 246.12 -114.18 30.24
v 249.75 -115.35 30.00
v 249.75 -115.35 30.00
v 246.12 -114.18 30.24
v 246.27 -111.71 30.72
v 250.49 -113.07 30.00
v 249.61 -112.79 30.96
v 246.27 -111.71 30.96
v 245.53 -113.99 30.96
v 248.87 -115.07 30.96
v 250.49 -113.07 30.00
v 246.27 -111.71 30.72
v 246.27 -111.71 30.96
v 249.61 -112.79 30.96
v 246.27 -111.71 30.72
v 246.12 -114.18 30.24
v 245.53 -113.99 30.96
v 246.27 -111.71 30.96
v 246.12 -114.18 30.24
v 249.75 -115.35 30.00
v 248.87 -115.07 30.96
v 245.53 -113.99 30.96
v 249.75 -115.35 30.00
v 250.49 -113.07 30.00
v 249.61 -112.79 30.96
v 248.87 -115.07 30.96
v 248.58 -114.98 30.96
v 245.53 -113.99 30.96
v 246.27 -111.71 30.96
v 249.61 -112.79 30.96
v 249.61 -112.79 30.96
v 246.27 -111.71 30.96
v 245.53 -113.99 30.96
v 248.58 -114.98 30.96
v 248.58 -114.98 30.96
v 245.53 -113.99 30.96
v 246.27 -111.71 30.96
v 249.61 -112.79 30.96
v 244.04 -110.99 35.28
v 239.53 -109.53 36.24
v 239.68 -112.10 35.52
v 240.26 -112.29 35.28
v 240.26 -112.29 35.28
v 239.68 -112.10 35.52
v 239.53 -109.53 36.24
v 244.04 -110.99 35.28
v 244.04 -110.99 35.28
v 239.53 -109.53 36.24
v 239.68 -112.10 35.52
v 240.26 -112.29 35.28
v 240.26 -112.29 35.28
v 239.68 -112.10 35.52
v 239.53 -109.53 36.24
v 241.00 -110.01 35.28
v 259.68 -36.71 24.42
v 256.29 -35.10 24.42
v 255.26 -37.27 24.42
v 258.65 -38.88 24.42
v 260.80 -37.24 22.24
v 256.29 -35.10 24.18
v 256.29 -35.10 24.42
v 259.68 -36.71 24.42
v 256.29 -35.10 24.18
v 257.29 -35.57 23.70
v 255.26 -37.27 24.42
v 256.29 -35.10 24.42
v 257.29 -35.57 23.70
v 259.26 -39.17 22.24
v 258.65 -38.88 24.42
v 255.26 -37.27 24.42
v 189.65 -256.75 40.00
v 189.43 -252.42 40.00
v 189.43 -252.42 42.40
v 189.50 -256.00 42.00
v 189.43 -252.42 40.00
v 187.36 -250.49 40.00
v 187.30 -250.70 42.00
v 189.43 -252.42 42.40
v 187.36 -250.49 40.00
v 182.97 -248.38 40.00
v 183.84 -247.96 42.40
v 187.30 -250.70 42.00
v 182.97 -248.38 40.00
v 180.16 -247.96 40.00
v 180.16 -247.96 42.40
v 183.84 -247.96 42.40
v 209.58 -260.34 38.40
v 209.82 -262.45 38.40
v 207.43 -260.00 38.40
v 209.58 -260.34 40.00
v 207.43 -260.00 40.00
v 209.82 -262.45 40.00
v 209.58 -260.34 38.40
v 207.43 -260.00 38.40
v 207.43 -260.00 40.00
v 209.58 -260.34 40.00
v 207.43 -260.00 38.40
v 209.82 -262.45 38.40
v 209.82 -262.45 40.00
v 207.43 -260.00 40.00
v 287.55 -250.25 2.50
v 285.15 -250.25 4.04
v 283.75 -250.25 4.04
v 283.75 -261.75 4.04
v 285.15 -261.75 4.04
v 283.29 -261.75 6.19
v 283.75 -250.25 4.04
v 285.15 -250.25 4.04
v 283.29 -250.25 6.19
v 283.29 -261.75 6.19
v 282.11 -261.75 8.78
v 280.70 -261.75 8.78
v 301.20 -262.25 20.40
v 302.80 -262.25 20.40
v 302.80 -260.65 20.40
v 301.20 -260.65 20.40
v 301.20 -262.25 19.60
v 302.80 -262.25 19.60
v 302.80 -262.25 20.40
v 301.20 -262.25 20.40
v 302.80 -262.25 19.60
v 302.40 -261.45 19.60
v 302.80 -260.65 20.40
v 302.80 -262.25 20.40
v 302.40 -261.45 19.60
v 301.20 -260.65 19.60
v 301.20 -260.65 20.40
v 302.80 -260.65 20.40
v 389.20 -249.75 19.60
v 389.20 -251.35 19.60
v 389.20 -251.35 20.40
v 389.20 -249.75 20.40
v 251.50 -184.00 0.00
v 250.96 -181.61 0.00
v 250.96 -181.61 38.00
v 251.50 -184.00 38.00
v 250.96 -181.61 0.00
v 249.43 -179.70 0.00
v 249.43 -179.70 38.00
v 250.96 -181.61 38.00
v 249.43 -179.70 0.00
v 247.22 -178.64 0.00
v 247.22 -178.64 38.00
v 249.43 -179.70 38.00
v 202.35 -252.40 18.00
v 202.96 -252.74 18.00
v 202.75 -253.09 18.00
v 202.35 -253.09 18.00
v 202.35 -253.09 18.00
v 202.75 -253.09 18.00
v 202.96 -252.74 18.00
v 202.35 -252.40 18.00
v 193.84 -259.26 15.00
v 193.25 -258.91 15.00
v 193.25 -258.91 18.00
v 193.84 -259.26 18.00
v 529.41 -4764.71 0.00
v 1058.82 -4764.71 0.00
v 1058.82 -4235.29 0.00
v 529.41 -4235.29 0.00
v 529.41 -4764.71 -18.00
v 1058.82 -4764.71 -18.00
v 1058.82 -4764.71 0.00
v 529.41 -4764.71 0.00
v 1058.82 -4764.71 -18.00
v 1058.82 -4235.29 -18.00
v 1058.82 -4235.29 0.00
v 1058.82 -4764.71 0.00
v 1058.82 -4235.29 -18.00
v 529.41 -4235.29 -18.00
v 529.41 -4235.29 0.00
v 1058.82 -4235.29 0.00
v 1058.82 -7411.77 -18.00
v 1588.23 -7411.77 -18.00
v 1588.23 -7941.18 -18.00
v 1058.82 -7941.18 -18.00
v 1058.82 -7941.18 0.00
v 1588.23 -7941.18 0.00
v 1588.23 -7411.77 0.00
v 1058.82 -7411.77 0.00
v 1058.82 -7941.18 -18.00
v 1588.23 -7941.18 -18.00
v 1588.23 -7941.18 0.00
v 1058.82 -7941.18 0.00
v 1588.23 -7941.18 -18.00
v 1588.23 -7411.77 -18.00
v 1588.23 -7411.77 0.00
v 1588.23 -7941.18 0.00
v 1058.82 3176.47 -18.00
v 1588.23 3176.47 -18.00
v 1588.23 2647.06 -18.00
v 1058.82 2647.06 -18.00
v 1058.82 2647.06 0.00
v 1588.23 2647.06 0.00
v 1588.23 3176.47 0.00
v 1058.82 3176.47 0.00
v 1058.82 2647.06 -18.00
v 1588.23 2647.06 -18.00
v 1588.23 2647.06 0.00
v 1058.82 2647.06 0.00
v 1588.23 2647.06 -18.00
v 1588.23 3176.47 -18.00
v 1588.23 3176.47 0.00
v 1588.23 2647.06 0.00
v 2117.65 -8470.59 -18.00
v 2117.65 -7941.18 -18.00
v 2117.65 -7941.18 0.00
v 2117.65 -8470.59 0.00
v 2117.65 -7941.18 -18.00
v 1588.23 -7941.18 -18.00
v 1588.23 -7941.18 0.00
v 2117.65 -7941.18 0.00
v 1588.23 -7941.18 -18.00
v 1588.23 -8470.59 -18.00
v 1588.23 -8470.59 0.00
v 1588.23 -7941.18 0.00
v 1588.23 -7411.77 -18.00
v 2117.65 -7411.77 -18.00
v 2117.65 -7941.18 -18.00
v 1588.23 -7941.18 -18.00
v 2117.65 1588.23 -18.00
v 2117.65 2117.65 -18.00
v 2117.65 2117.65 0.00
v 2117.65 1588.23 0.00
v 2117.65 2117.65 -18.00
v 1588.23 2117.65 -18.00
v 1588.23 2117.65 0.00
v 2117.65 2117.65 0.00
v 1588.23 2117.65 -18.00
v 1588.23 1588.23 -18.00
v 1588.23 1588.23 0.00
v 1588.23 2117.65 0.00
v 1588.23 2647.06 -18.00
v 2117.65 2647.06 -18.00
v 2117.65 2117.65 -18.00
v 1588.23 2117.65 -18.00
v 2117.65 -8470.59 -18.00
v 2117.65 -9000.00 -18.00
v 2117.65 -9000.00 0.00
v 2117.65 -8470.59 0.00
v 2117.65 -7941.18 -18.00
v 2647.06 -7941.18 -18.00
v 2647.06 -8470.59 -18.00
v 2117.65 -8470.59 -18.00
v 2117.65 -8470.59 0.00
v 2647.06 -8470.59 0.00
v 2647.06 -7941.18 0.00
v 2117.65 -7941.18 0.00
v 2117.65 -8470.59 -18.00
v 2647.06 -8470.59 -18.00
v 2647.06 -8470.59 0.00
v 2117.65 -8470.59 0.00
v 2647.06 -8470.59 -18.00
v 2647.06 -7941.18 -18.00
v 2647.06 -7941.18 0.00
v 2647.06 -8470.59 0.00
v 2647.06 -7941.18 -18.00
v 2117.65 -7941.18 -18.00
v 2117.65 -7941.18 0.00
v 2647.06 -7941.18 0.00
v 2117.65 -7941.18 -18.00
v 2117.65 -8470.59 -18.00
v 2117.65 -8470.59 0.00
v 2117.65 -7941.18 0.00
v 2117.65 -7411.77 -18.00
v 2647.06 -7411.77 -18.00
v 2647.06 -7941.18 -18.00
v 2117.65 -7941.18 -18.00
v 2117.65 -7941.18 0.00
v 2647.06 -7941.18 0.00
v 2647.06 -7411.77 0.00
v 2117.65 -7411.77 0.00
v 2117.65 -7941.18 -18.00
v 2647.06 -7941.18 -18.00
v 2647.06 -7941.18 0.00
v 2117.65 -7941.18 0.00
v 2117.65 -6882.35 -18.00
v 2647.06 -6882.35 -18.00
v 2647.06 -6882.35 0.00
v 2117.65 -6882.35 0.00
v 2647.06 -6882.35 -18.00
v 2647.06 -6352.94 -18.00
v 2647.06 -6352.94 0.00
v 2647.06 -6882.35 0.00
v 2647.06 -6352.94 -18.00
v 2117.65 -6352.94 -18.00
v 2117.65 -6352.94 0.00
v 2647.06 -6352.94 0.00
v 2117.65 -6352.94 -18.00
v 2117.65 -6882.35 -18.00
v 2117.65 -6882.35 0.00
v 2117.65 -6352.94 0.00
v 2117.65 -5823.53 -18.00
v 2647.06 -5823.53 -18.00
v 2647.06 -6352.94 -18.00
v 2117.65 -6352.94 -18.00
v 2117.65 -6352.94 0.00
v 2647.06 -6352.94 0.00
v 2647.06 -5823.53 0.00
v 2117.65 -5823.53 0.00
v 2117.65 -6352.94 -18.00
v 2647.06 -6352.94 -18.00
v 2647.06 -6352.94 0.00
v 2117.65 -6352.94 0.00
v 2647.06 -6352.94 -18.00
v 2647.06 -5823.53 -18.00
v 2647.06 -5823.53 0.00
v 2647.06 -6352.94 0.00
v 2647.06 -5823.53 -18.00
v 2117.65 -5823.53 -18.00
v 2117.65 -5823.53 0.00
v 2647.06 -5823.53 0.00
v 2117.65 -5823.53 -18.00
v 2117.65 -6352.94 -18.00
v 2117.65 -6352.94 0.00
v 2117.65 -5823.53 0.00
v 2117.65 -4764.71 -18.00
v 2117.65 -5294.12 -18.00
v 2117.65 -5294.12 0.00
v 2117.65 -4764.71 0.00
v 2117.65 -4235.29 -18.00
v 2647.06 -4235.29 -18.00
v 2647.06 -4764.71 -18.00
v 2117.65 -4764.71 -18.00
v 2117.65 -4764.71 0.00
v 2647.06 -4764.71 0.00
v 2647.06 -4235.29 0.00
v 2117.65 -4235.29 0.00
v 2117.65 -4764.71 -18.00
v 2647.06 -4764.71 -18.00
v 2647.06 -4764.71 0.00
v 2117.65 -4764.71 0.00
v 2647.06 -4764.71 -18.00
v 2647.06 -4235.29 -18.00
v 2647.06 -4235.29 0.00
v 2647.06 -4764.71 0.00
v 2647.06 -4235.29 -18.00
v 2117.65 -4235.29 -18.00
v 2117.65 -4235.29 0.00
v 2647.06 -4235.29 0.00
v 2117.65 -4235.29 -18.00
v 2117.65 -4764.71 -18.00
v 2117.65 -4764.71 0.00
v 2117.65 -4235.29 0.00
v 2117.65 -3705.88 -18.00
v 2647.06 -3705.88 -18.00
v 2647.06 -4235.29 -18.00
v 2117.65 -4235.29 -18.00
v 2117.65 -4235.29 0.00
v 2647.06 -4235.29 0.00
v 2647.06 -3705.88 0.00
v 2117.65 -3705.88 0.00
v 2117.65 -4235.29 -18.00
v 2647.06 -4235.29 -18.00
v 2647.06 -4235.29 0.00
v 2117.65 -4235.29 0.00
v 2647.06 3176.47 -18.00
v 3176.47 3176.47 -18.00
v 3176.47 3176.47 0.00
v 2647.06 3176.47 0.00
v 3176.47 3176.47 -18.00
v 3176.47 3705.88 -18.00
v 3176.47 3705.88 0.00
v 3176.47 3176.47 0.00
v 3176.47 3705.88 -18.00
v 2647.06 3705.88 -18.00
v 2647.06 3705.88 0.00
v 3176.47 3705.88 0.00
v 2647.06 3705.88 -18.00
v 2647.06 3176.47 -18.00
v 2647.06 3176.47 0.00
v 2647.06 3705.88 0.00
v 3176.47 -529.41 0.00
v 3705.88 -529.41 0.00
v 3705.88 -0.00 0.00
v 3176.47 -0.00 0.00
v 3176.47 -529.41 -18.00
v 3705.88 -529.41 -18.00
v 3705.88 -529.41 0.00
v 3176.47 -529.41 0.00
v 3705.88 -529.41 -18.00
v 3705.88 -0.00 -18.00
v 3705.88 -0.00 0.00
v 3705.88 -529.41 0.00
v 3705.88 -0.00 -18.00
v 3176.47 -0.00 -18.00
v 3176.47 -0.00 0.00
v 3705.88 -0.00 0.00
v 3176.47 3176.47 -18.00
v 3176.47 2647.06 -18.00
v 3176.47 2647.06 0.00
v 3176.47 3176.47 0.00
v 3176.47 3705.88 -18.00
v 3705.88 3705.88 -18.00
v 3705.88 3176.47 -18.00
v 3176.47 3176.47 -18.00
v 3176.47 3176.47 0.00
v 3705.88 3176.47 0.00
v 3705.88 3705.88 0.00
v 3176.47 3705.88 0.00
v 3176.47 3176.47 -18.00
v 3705.88 3176.47 -18.00
v 3705.88 3176.47 0.00
v 3176.47 3176.47 0.00
v 3705.88 -7411.77 -18.00
v 4235.29 -7411.77 -18.00
v 4235.29 -7411.77 0.00
v 3705.88 -7411.77 0.00
v 4235.29 -7411.77 -18.00
v 4235.29 -6882.35 -18.00
v 4235.29 -6882.35 0.00
v 4235.29 -7411.77 0.00
v 4235.29 -6882.35 -18.00
v 3705.88 -6882.35 -18.00
v 3705.88 -6882.35 0.00
v 4235.29 -6882.35 0.00
v 3705.88 -6882.35 -18.00
v 3705.88 -7411.77 -18.00
v 3705.88 -7411.77 0.00
v 3705.88 -6882.35 0.00
v 4235.29 -0.00 -18.00
v 3705.88 -0.00 -18.00
v 3705.88 -0.00 0.00
v 4235.29 -0.00 0.00
v 3705.88 -0.00 -18.00
v 3705.88 -529.41 -18.00
v 3705.88 -529.41 0.00
v 3705.88 -0.00 0.00
v 3705.88 529.41 -18.00
v 4235.29 529.41 -18.00
v 4235.29 -0.00 -18.00
v 3705.88 -0.00 -18.00
v 3705.88 -0.00 0.00
v 4235.29 -0.00 0.00
v 4235.29 529.41 0.00
v 3705.88 529.41 0.00
v 4235.29 -6882.35 -18.00
v 4235.29 -7411.77 -18.00
v 4235.29 -7411.77 0.00
v 4235.29 -6882.35 0.00
v 4235.29 -6352.94 -18.00
v 4764.71 -6352.94 -18.00
v 4764.71 -6882.35 -18.00
v 4235.29 -6882.35 -18.00
v 4235.29 -6882.35 0.00
v 4764.71 -6882.35 0.00
v 4764.71 -6352.94 0.00
v 4235.29 -6352.94 0.00
v 4235.29 -6882.35 -18.00
v 4764.71 -6882.35 -18.00
v 4764.71 -6882.35 0.00
v 4235.29 -6882.35 0.00
v 4764.71 -4235.29 -18.00
v 4764.71 -3705.88 -18.00
v 4764.71 -3705.88 0.00
v 4764.71 -4235.29 0.00
v 4764.71 -3705.88 -18.00
v 4235.29 -3705.88 -18.00
v 4235.29 -3705.88 0.00
v 4764.71 -3705.88 0.00
v 4235.29 -3705.88 -18.00
v 4235.29 -4235.29 -18.00
v 4235.29 -4235.29 0.00
v 4235.29 -3705.88 0.00
v 4235.29 -3176.47 -18.00
v 4764.71 -3176.47 -18.00
v 4764.71 -3705.88 -18.00
v 4235.29 -3705.88 -18.00
v 4235.29 -1058.82 0.00
v 4764.71 -1058.82 0.00
v 4764.71 -529.41 0.00
v 4235.29 -529.41 0.00
v 4235.29 -1058.82 -18.00
v 4764.71 -1058.82 -18.00
v 4764.71 -1058.82 0.00
v 4235.29 -1058.82 0.00
v 4764.71 -1058.82 -18.00
v 4764.71 -529.41 -18.00
v 4764.71 -529.41 0.00
v 4764.71 -1058.82 0.00
v 4764.71 -529.41 -18.00
v 4235.29 -529.41 -18.00
v 4235.29 -529.41 0.00
v 4764.71 -529.41 0.00
v 4235.29 3176.47 -18.00
v 4235.29 2647.06 -18.00
v 4235.29 2647.06 0.00
v 4235.29 3176.47 0.00
v 4235.29 3705.88 -18.00
v 4764.71 3705.88 -18.00
v 4764.71 3176.47 -18.00
v 4235.29 3176.47 -18.00
v 4235.29 3176.47 0.00
v 4764.71 3176.47 0.00
v 4764.71 3705.88 0.00
v 4235.29 3705.88 0.00
v 4235.29 3176.47 -18.00
v 4764.71 3176.47 -18.00
v 4764.71 3176.47 0.00
v 4235.29 3176.47 0.00
v 5294.12 -6882.35 -18.00
v 4764.71 -6882.35 -18.00
v 4764.71 -6882.35 0.00
v 5294.12 -6882.35 0.00
v 4764.71 -6882.35 -18.00
v 4764.71 -7411.77 -18.00
v 4764.71 -7411.77 0.00
v 4764.71 -6882.35 0.00
v 4764.71 -4235.29 -18.00
v 5294.12 -4235.29 -18.00
v 5294.12 -4764.71 -18.00
v 4764.71 -4764.71 -18.00
v 4764.71 -4764.71 0.00
v 5294.12 -4764.71 0.00
v 5294.12 -4235.29 0.00
v 4764.71 -4235.29 0.00
v 4764.71 -4764.71 -18.00
v 5294.12 -4764.71 -18.00
v 5294.12 -4764.71 0.00
v 4764.71 -4764.71 0.00
v 5294.12 -4764.71 -18.00
v 5294.12 -4235.29 -18.00
v 5294.12 -4235.29 0.00
v 5294.12 -4764.71 0.00
v 5294.12 -1058.82 -18.00
v 4764.71 -1058.82 -18.00
v 4764.71 -1058.82 0.00
v 5294.12 -1058.82 0.00
v 4764.71 -1058.82 -18.00
v 4764.71 -1588.23 -18.00
v 4764.71 -1588.23 0.00
v 4764.71 -1058.82 0.00
v 4764.71 -529.41 -18.00
v 5294.12 -529.41 -18.00
v 5294.12 -1058.82 -18.00
v 4764.71 -1058.82 -18.00
v 4764.71 -1058.82 0.00
v 5294.12 -1058.82 0.00
v 5294.12 -529.41 0.00
v 4764.71 -529.41 0.00
v 4764.71 2117.65 -18.00
v 5294.12 2117.65 -18.00
v 5294.12 2117.65 0.00
v 4764.71 2117.65 0.00
v 5294.12 2117.65 -18.00
v 5294.12 2647.06 -18.00
v 5294.12 2647.06 0.00
v 5294.12 2117.65 0.00
v 5294.12 2647.06 -18.00
v 4764.71 2647.06 -18.00
v 4764.71 2647.06 0.00
v 5294.12 2647.06 0.00
v 4764.71 2647.06 -18.00
v 4764.71 2117.65 -18.00
v 4764.71 2117.65 0.00
v 4764.71 2647.06 0.00
v 5294.12 3705.88 -18.00
v 5294.12 3176.47 -18.00
v 5294.12 3176.47 0.00
v 5294.12 3705.88 0.00
v 5294.12 4235.29 -18.00
v 5823.53 4235.29 -18.00
v 5823.53 3705.88 -18.00
v 5294.12 3705.88 -18.00
v 5294.12 3705.88 0.00
v 5823.53 3705.88 0.00
v 5823.53 4235.29 0.00
v 5294.12 4235.29 0.00
v 5294.12 3705.88 -18.00
v 5823.53 3705.88 -18.00
v 5823.53 3705.88 0.00
v 5294.12 3705.88 0.00
v 5823.53 -6882.35 -18.00
v 6352.94 -6882.35 -18.00
v 6352.94 -6882.35 0.00
v 5823.53 -6882.35 0.00
v 6352.94 -6882.35 -18.00
v 6352.94 -6352.94 -18.00
v 6352.94 -6352.94 0.00
v 6352.94 -6882.35 0.00
v 6352.94 -6352.94 -18.00
v 5823.53 -6352.94 -18.00
v 5823.53 -6352.94 0.00
v 6352.94 -6352.94 0.00
v 5823.53 -6352.94 -18.00
v 5823.53 -6882.35 -18.00
v 5823.53 -6882.35 0.00
v 5823.53 -6352.94 0.00
v 6352.94 -7411.77 -18.00
v 6352.94 -7941.18 -18.00
v 6352.94 -7941.18 0.00
v 6352.94 -7411.77 0.00
v 6352.94 -6882.35 -18.00
v 6882.35 -6882.35 -18.00
v 6882.35 -7411.77 -18.00
v 6352.94 -7411.77 -18.00
v 6352.94 -7411.77 0.00
v 6882.35 -7411.77 0.00
v 6882.35 -6882.35 0.00
v 6352.94 -6882.35 0.00
v 6352.94 -7411.77 -18.00
v 6882.35 -7411.77 -18.00
v 6882.35 -7411.77 0.00
v 6352.94 -7411.77 0.00
v 6352.94 3705.88 -18.00
v 6352.94 3176.47 -18.00
v 6352.94 3176.47 0.00
v 6352.94 3705.88 0.00
v 6352.94 4235.29 -18.00
v 6882.35 4235.29 -18.00
v 6882.35 3705.88 -18.00
v 6352.94 3705.88 -18.00
v 6352.94 3705.88 0.00
v 6882.35 3705.88 0.00
v 6882.35 4235.29 0.00
v 6352.94 4235.29 0.00
v 6352.94 3705.88 -18.00
v 6882.35 3705.88 -18.00
v 6882.35 3705.88 0.00
v 6352.94 3705.88 0.00
v 6882.35 -7411.77 -18.00
v 7411.77 -7411.77 -18.00
v 7411.77 -7411.77 0.00
v 6882.35 -7411.77 0.00
v 7411.77 -7411.77 -18.00
v 7411.77 -6882.35 -18.00
v 7411.77 -6882.35 0.00
v 7411.77 -7411.77 0.00
v 7411.77 -6882.35 -18.00
v 6882.35 -6882.35 -18.00
v 6882.35 -6882.35 0.00
v 7411.77 -6882.35 0.00
v 6882.35 -6882.35 -18.00
v 6882.35 -7411.77 -18.00
v 6882.35 -7411.77 0.00
v 6882.35 -6882.35 0.00
v 6882.35 -3176.47 -18.00
v 6882.35 -3705.88 -18.00
v 6882.35 -3705.88 0.00
v 6882.35 -3176.47 0.00
v 6882.35 -2647.06 -18.00
v 7411.77 -2647.06 -18.00
v 7411.77 -3176.47 -18.00
v 6882.35 -3176.47 -18.00
v 6882.35 -3176.47 0.00
v 7411.77 -3176.47 0.00
v 7411.77 -2647.06 0.00
v 6882.35 -2647.06 0.00
v 6882.35 -3176.47 -18.00
v 7411.77 -3176.47 -18.00
v 7411.77 -3176.47 0.00
v 6882.35 -3176.47 0.00
v 7411.77 -3176.47 -18.00
v 7411.77 -2647.06 -18.00
v 7411.77 -2647.06 0.00
v 7411.77 -3176.47 0.00
v 7411.77 -2647.06 -18.00
v 6882.35 -2647.06 -18.00
v 6882.35 -2647.06 0.00
v 7411.77 -2647.06 0.00
v 6882.35 -2647.06 -18.00
v 6882.35 -3176.47 -18.00
v 6882.35 -3176.47 0.00
v 6882.35 -2647.06 0.00
v 6882.35 -2117.65 -18.00
v 7411.77 -2117.65 -18.00
v 7411.77 -2647.06 -18.00
v 6882.35 -2647.06 -18.00
v 6882.35 -2647.06 0.00
v 7411.77 -2647.06 0.00
v 7411.77 -2117.65 0.00
v 6882.35 -2117.65 0.00
v 6882.35 -2647.06 -18.00
v 7411.77 -2647.06 -18.00
v 7411.77 -2647.06 0.00
v 6882.35 -2647.06 0.00
v 6882.35 -1588.23 -18.00
v 7411.77 -1588.23 -18.00
v 7411.77 -1588.23 0.00
v 6882.35 -1588.23 0.00
v 7411.77 -1588.23 -18.00
v 7411.77 -1058.82 -18.00
v 7411.77 -1058.82 0.00
v 7411.77 -1588.23 0.00
v 7411.77 -1058.82 -18.00
v 6882.35 -1058.82 -18.00
v 6882.35 -1058.82 0.00
v 7411.77 -1058.82 0.00
v 6882.35 -1058.82 -18.00
v 6882.35 -1588.23 -18.00
v 6882.35 -1588.23 0.00
v 6882.35 -1058.82 0.00
v 6882.35 -529.41 -18.00
v 7411.77 -529.41 -18.00
v 7411.77 -1058.82 -18.00
v 6882.35 -1058.82 -18.00
v 6882.35 -1058.82 0.00
v 7411.77 -1058.82 0.00
v 7411.77 -529.41 0.00
v 6882.35 -529.41 0.00
v 6882.35 -1058.82 -18.00
v 7411.77 -1058.82 -18.00
v 7411.77 -1058.82 0.00
v 6882.35 -1058.82 0.00
v 7411.77 -1058.82 -18.00
v 7411.77 -529.41 -18.00
v 7411.77 -529.41 0.00
v 7411.77 -1058.82 0.00
v 7411.77 -529.41 -18.00
v 6882.35 -529.41 -18.00
v 6882.35 -529.41 0.00
v 7411.77 -529.41 0.00
v 6882.35 -529.41 -18.00
v 6882.35 -1058.82 -18.00
v 6882.35 -1058.82 0.00
v 6882.35 -529.41 0.00
v 6882.35 529.41 -18.00
v 6882.35 -0.00 -18.00
v 6882.35 -0.00 0.00
v 6882.35 529.41 0.00
v 6882.35 1058.82 -18.00
v 7411.77 1058.82 -18.00
v 7411.77 529.41 -18.00
v 6882.35 529.41 -18.00
v 6882.35 529.41 0.00
v 7411.77 529.41 0.00
v 7411.77 1058.82 0.00
v 6882.35 1058.82 0.00
v 6882.35 529.41 -18.00
v 7411.77 529.41 -18.00
v 7411.77 529.41 0.00
v 6882.35 529.41 0.00
v 7411.77 529.41 -18.00
v 7411.77 1058.82 -18.00
v 7411.77 1058.82 0.00
v 7411.77 529.41 0.00
v 7411.77 1058.82 -18.00
v 6882.35 1058.82 -18.00
v 6882.35 1058.82 0.00
v 7411.77 1058.82 0.00
v 6882.35 1058.82 -18.00
v 6882.35 529.41 -18.00
v 6882.35 529.41 0.00
v 6882.35 1058.82 0.00
v 6882.35 1588.23 -18.00
v 7411.77 1588.23 -18.00
v 7411.77 1058.82 -18.00
v 6882.35 1058.82 -18.00
v 6882.35 1058.82 0.00
v 7411.77 1058.82 0.00
v 7411.77 1588.23 0.00
v 6882.35 1588.23 0.00
v 6882.35 1058.82 -18.00
v 7411.77 1058.82 -18.00
v 7411.77 1058.82 0.00
v 6882.35 1058.82 0.00
v 291.04 -31.34 25.50
v 277.23 -29.08 25.50
v 277.23 -29.08 28.00
v 291.04 -31.34 28.00

usemtl mat_gilded
v 227.50 104.94 46.40
v 230.25 109.19 48.00
v 218.69 109.19 64.47
v 245.24 -157.53 16.00
v 244.21 -153.68 16.00
v 244.21 -153.68 46.00
v 245.24 -157.53 46.00
v 244.21 -153.68 16.00
v 241.39 -150.86 16.00
v 241.39 -150.86 46.00
v 244.21 -153.68 46.00
v 241.39 -150.86 16.00
v 237.54 -149.83 16.00
v 237.54 -149.83 46.00
v 241.39 -150.86 46.00
v 237.54 -149.83 16.00
v 233.69 -150.86 16.00
v 233.69 -150.86 46.00
v 237.54 -149.83 46.00
v 233.69 -150.86 16.00
v 230.87 -153.68 16.00
v 230.87 -153.68 46.00
v 233.69 -150.86 46.00
v 230.87 -153.68 16.00
v 229.84 -157.53 16.00
v 229.84 -157.53 46.00
v 230.87 -153.68 46.00
v 192.45 -195.93 57.00
v 194.58 -192.19 56.00
v 194.81 -193.48 58.35
v 192.45 -195.93 58.35
v 194.58 -192.19 56.00
v 192.80 -191.54 57.00
v 192.80 -191.54 58.35
v 194.81 -193.48 58.35
v 192.80 -191.54 57.00
v 190.44 -193.98 57.00
v 190.44 -193.98 58.35
v 192.80 -191.54 58.35
v 190.44 -193.98 57.00
v 192.45 -195.93 57.00
v 192.45 -195.93 58.35
v 190.44 -193.98 58.35
v 238.84 -157.74 57.00
v 240.45 -154.74 57.00
v 242.92 -156.07 57.00
v 241.31 -159.06 57.00
v 241.31 -159.06 58.35
v 242.92 -156.07 58.35
v 240.45 -154.74 58.35
v 238.84 -157.74 58.35
v 241.31 -159.06 57.00
v 242.92 -156.07 57.00
v 242.92 -156.07 58.35
v 241.31 -159.06 58.35
v 216.36 65.83 70.00
v 222.15 64.28 70.00
v 222.15 75.85 86.47
v 222.15 64.28 70.00
v 227.93 65.83 70.00
v 222.15 75.85 86.47
v 227.93 65.83 70.00
v 232.17 70.06 70.00
v 222.15 75.85 86.47
v 232.17 70.06 70.00
v 233.72 75.85 70.00
v 222.15 75.85 86.47
v 222.55 75.85 86.47
v 222.15 75.85 86.47
v 221.95 76.19 90.47
v 222.55 75.85 90.47
v 222.15 75.85 86.47
v 222.55 75.85 86.47
v 222.55 75.85 90.47
v 221.95 76.19 90.47
v 248.58 -156.90 38.00
v 247.55 -153.05 38.00
v 247.55 -153.05 68.00
v 248.58 -156.90 68.00
v 206.17 53.78 90.40
v 205.52 52.42 90.40
v 204.17 53.08 90.40
v 204.17 53.08 90.40
v 205.52 52.42 90.40
v 206.17 53.78 90.40
v 207.59 56.98 92.00
v 204.82 59.53 90.40
v 205.50 61.43 94.00
v 207.59 56.98 94.40
v 204.82 59.53 90.40
v 202.78 64.43 90.40
v 203.90 64.63 94.40
v 205.50 61.43 94.00
v 202.78 64.43 90.40
v 199.97 66.52 92.00
v 199.97 66.52 94.40
v 203.90 64.63 94.40
v 199.97 66.52 92.00
v 195.62 66.52 92.00
v 195.62 66.52 94.40
v 199.97 66.52 94.40
v 195.62 66.52 92.00
v 192.81 64.43 90.40
v 193.34 64.69 94.00
v 195.62 66.52 94.40
v 241.27 -14.00 68.80
v 235.29 -14.71 68.80
v 235.29 -14.71 80.43
v 241.27 -14.00 80.43
v 235.29 -14.71 68.80
v 236.41 -24.09 68.80
v 236.41 -24.09 80.43
v 235.29 -14.71 80.43
v 236.41 -24.09 68.80
v 242.38 -23.38 68.80
v 242.38 -23.38 80.43
v 236.41 -24.09 80.43
v 236.10 -24.47 80.43
v 235.29 -14.71 80.43
v 241.27 -14.00 80.43
v 242.38 -23.38 80.43
v 242.77 -23.68 85.12
v 241.57 -13.62 85.12
v 234.91 -14.41 85.12
v 236.10 -24.47 85.12
v 242.38 -23.38 80.43
v 241.27 -14.00 80.43
v 241.57 -13.62 85.12
v 242.77 -23.68 85.12
v 241.27 -14.00 80.43
v 235.29 -14.71 80.43
v 234.91 -14.41 85.12
v 241.57 -13.62 85.12
v 230.23 18.26 78.71
v 226.90 27.12 78.71
v 220.71 24.80 78.71
v 224.05 15.94 78.71
v 230.23 18.26 68.80
v 226.90 27.12 68.80
v 226.90 27.12 78.71
v 230.23 18.26 78.71
v 226.90 27.12 68.80
v 220.71 24.80 68.80
v 220.71 24.80 78.71
v 226.90 27.12 78.71
v 220.71 24.80 68.80
v 224.05 15.94 68.80
v 224.05 15.94 78.71
v 220.71 24.80 78.71
v 224.05 15.94 68.80
v 230.23 18.26 68.80
v 230.23 18.26 78.71
v 224.05 15.94 78.71
v 224.05 15.94 78.71
v 220.71 24.80 78.71
v 226.90 27.12 78.71
v 230.23 18.26 78.71
v 230.68 18.06 82.63
v 227.10 27.57 82.63
v 220.26 25.00 82.63
v 223.84 15.48 82.63

usemtl mat_plaster
v 207.95 -78.02 72.45
v 207.64 -79.33 72.45
v 207.64 -79.33 73.30
v 207.95 -78.02 73.30
v 204.45 -79.22 73.30
v 205.25 -78.02 73.30
v 204.93 -79.33 73.30
v 204.93 -79.33 75.00
v 205.25 -78.02 75.00
v 204.45 -79.22 75.00
v 204.93 -79.33 73.30
v 205.25 -78.02 73.30
v 205.25 -78.02 75.00
v 204.93 -79.33 75.00
v 205.25 -78.02 73.30
v 204.45 -79.22 73.30
v 204.45 -79.22 75.00
v 205.25 -78.02 75.00
v 204.45 -79.22 73.30
v 204.93 -79.33 73.30
v 204.93 -79.33 75.00
v 204.45 -79.22 75.00
v 218.02 -54.16 68.80
v 217.00 -62.70 68.80
v 217.00 -62.70 76.74
v 218.02 -54.16 76.74
v 217.00 -62.70 68.80
v 224.02 -63.53 68.80
v 224.02 -63.53 76.74
v 217.00 -62.70 76.74
v 217.00 -62.70 76.74
v 217.71 -53.77 76.74
v 225.03 -54.99 76.74
v 224.32 -63.92 76.74
v 224.32 -63.92 79.78
v 225.42 -54.68 79.78
v 217.71 -53.77 79.78
v 216.62 -63.01 79.78
v 224.32 -63.92 76.74
v 225.03 -54.99 76.74
v 225.42 -54.68 79.78
v 224.32 -63.92 79.78
v 225.03 -54.99 76.74
v 217.71 -53.77 76.74
v 217.71 -53.77 79.78
v 225.42 -54.68 79.78
v 210.19 -60.73 76.24
v 210.03 -62.04 76.24
v 210.03 -62.04 77.79
v 210.19 -60.73 77.79
v 212.67 -62.04 76.24
v 212.83 -60.73 76.24
v 212.83 -60.73 77.79
v 212.67 -62.04 77.79
v 212.83 -60.73 76.24
v 212.67 -62.04 76.24
v 212.67 -62.04 77.79
v 212.83 -60.73 77.79
v 213.94 -56.98 80.34
v 212.97 -55.76 80.34
v 212.97 -55.76 83.54
v 213.94 -56.98 83.54
v 212.97 -55.76 80.34
v 213.94 -56.98 80.34
v 213.94 -56.98 83.54
v 212.97 -55.76 83.54
v 250.29 -40.00 62.00
v 249.48 -37.53 62.00
v 249.48 -37.53 86.00
v 250.29 -40.00 86.00
v 182.39 70.52 86.00
v 181.59 72.98 86.00
v 179.49 74.51 86.00
v 176.89 74.51 86.00
v 174.79 72.98 86.00
v 173.99 70.52 86.00
v 174.44 66.95 85.96
v 176.89 66.52 86.00
v 179.49 66.52 86.00
v 181.59 68.05 86.00
v 183.86 70.52 86.00
v 182.78 73.85 86.00
v 178.19 70.52 92.00
v 182.78 73.85 86.00
v 179.94 75.91 86.00
v 178.19 70.52 92.00
v 179.94 75.91 86.00
v 176.44 75.91 86.00
v 178.19 70.52 92.00
v 176.44 75.91 86.00
v 173.60 73.85 86.00
v 178.19 70.52 92.00
v 173.60 67.18 86.00
v 176.44 65.12 86.00
v 178.19 70.52 92.00
v 254.89 -53.91 60.47
v 254.89 -52.49 60.47
v 254.89 -52.49 63.35
v 254.89 -53.91 63.35
v 254.89 -52.49 60.47
v 254.89 -53.91 60.47
v 254.89 -53.91 63.35
v 254.89 -52.49 63.35
v 257.23 -53.91 60.47
v 257.23 -52.49 60.47
v 257.72 -52.49 60.47
v 257.72 -53.91 60.47
v 257.72 -53.91 63.35
v 257.72 -52.49 63.35
v 257.23 -52.49 63.35
v 257.23 -53.91 63.35
v 257.72 -53.91 60.47
v 257.72 -52.49 60.47
v 257.72 -52.49 63.35
v 257.72 -53.91 63.35
v 257.72 -52.49 60.47
v 257.23 -52.49 60.47
v 257.23 -52.49 63.35
v 257.72 -52.49 63.35
v 246.18 -48.19 66.74
v 246.18 -49.29 66.74
v 246.18 -49.29 69.94
v 246.18 -48.19 69.94
v 246.18 -49.29 66.74
v 247.28 -49.29 66.74
v 247.28 -49.29 69.94
v 246.18 -49.29 69.94
v 229.38 -53.82 54.80
v 229.38 -46.18 54.80
v 236.63 -46.18 54.80
v 236.63 -53.82 54.80
v 236.63 -53.82 65.47
v 236.63 -46.18 65.47
v 229.38 -46.18 65.47
v 229.38 -53.82 65.47
v 236.63 -53.82 54.80
v 236.63 -46.18 54.80
v 236.63 -46.18 65.47
v 236.63 -53.82 65.47
v 236.63 -46.18 54.80
v 229.38 -46.18 54.80
v 229.38 -46.18 65.47
v 236.63 -46.18 65.47
v 246.43 -30.36 62.35
v 245.94 -30.41 62.35
v 245.94 -30.41 63.93
v 246.43 -30.36 63.93
v 245.94 -30.41 62.35
v 246.09 -31.73 62.35
v 246.09 -31.73 63.93
v 245.94 -30.41 63.93
v 246.09 -31.73 62.35
v 246.58 -31.68 62.35
v 246.58 -31.68 63.93
v 246.09 -31.73 63.93
v 249.24 -31.68 62.35
v 246.43 -30.36 62.35
v 249.08 -30.36 62.35
v 249.24 -31.68 63.93
v 249.08 -30.36 63.93
v 246.43 -30.36 63.93
v 249.24 -31.68 62.35
v 249.08 -30.36 62.35
v 249.08 -30.36 63.93
v 249.24 -31.68 63.93
v 234.45 -32.12 61.61
v 234.64 -33.68 61.61
v 234.64 -33.68 65.61
v 234.45 -32.12 65.61
v 237.29 -33.74 61.61
v 237.59 -32.12 61.61
v 237.78 -33.68 61.61
v 237.78 -33.68 65.61
v 237.59 -32.12 65.61
v 237.29 -33.74 65.61
v 237.78 -33.68 61.61
v 237.59 -32.12 61.61
v 237.59 -32.12 65.61
v 237.78 -33.68 65.61
v 237.59 -32.12 61.61
v 237.29 -33.74 61.61
v 237.29 -33.74 65.61
v 237.59 -32.12 65.61
v 237.29 -33.74 61.61
v 237.78 -33.68 61.61
v 237.78 -33.68 65.61
v 237.29 -33.74 65.61
v 240.84 -1.91 67.46
v 242.53 -8.89 67.46
v 242.27 -9.32 72.61
v 240.41 -1.65 72.61
v 242.53 -8.89 67.46
v 249.28 -7.25 67.46
v 249.71 -7.51 72.61
v 242.27 -9.32 72.61
v 247.85 0.15 72.61
v 249.71 -7.51 72.61
v 249.02 -3.62 77.50
v 241.10 -5.54 77.50
v 249.02 -3.62 77.50
v 242.27 -9.32 72.61
v 240.41 -1.65 72.61
v 241.10 -5.54 77.50
v 249.71 -7.51 72.61
v 242.27 -9.32 72.61
v 249.02 -3.62 77.50
v 247.85 0.15 72.61
v 241.10 -5.54 77.50
v 240.41 -1.65 72.61
v 246.87 18.26 59.36
v 247.41 16.82 59.36
v 247.41 16.82 61.12
v 246.87 18.26 61.12
v 243.87 16.64 62.88
v 243.78 18.26 62.88
v 244.33 16.82 62.88
v 244.33 16.82 64.64
v 243.78 18.26 64.64
v 243.87 16.64 64.64
v 244.33 16.82 62.88
v 243.78 18.26 62.88
v 243.78 18.26 64.64
v 244.33 16.82 64.64
v 243.78 18.26 62.88
v 243.87 16.64 62.88
v 243.87 16.64 64.64
v 243.78 18.26 64.64
v 243.87 16.64 62.88
v 244.33 16.82 62.88
v 244.33 16.82 64.64
v 243.87 16.64 64.64
v 237.18 17.68 64.42
v 236.15 17.29 64.42
v 236.15 17.29 67.62
v 237.18 17.68 67.62
v 236.15 17.29 64.42
v 237.18 17.68 64.42
v 237.18 17.68 67.62
v 236.15 17.29 67.62
v 221.00 7.34 54.80
v 218.22 14.72 54.80
v 226.11 17.71 54.80
v 228.90 10.32 54.80
v 228.90 10.32 67.55
v 226.11 17.71 67.55
v 218.22 14.72 67.55
v 221.00 7.34 67.55
v 228.90 10.32 54.80
v 226.11 17.71 54.80
v 226.11 17.71 67.55
v 228.90 10.32 67.55
v 226.11 17.71 54.80
v 218.22 14.72 54.80
v 218.22 14.72 67.55
v 226.11 17.71 67.55
v 231.56 38.01 54.80
v 228.06 44.60 54.80
v 228.06 44.60 67.28
v 231.56 38.01 67.28
v 228.06 44.60 54.80
v 222.15 41.45 54.80
v 222.15 41.45 67.28
v 228.06 44.60 67.28
v 222.15 41.45 54.80
v 225.65 34.87 54.80
v 225.65 34.87 67.28
v 222.15 41.45 67.28
v 225.65 34.87 54.80
v 231.56 38.01 54.80
v 231.56 38.01 67.28
v 225.65 34.87 67.28
v 228.06 44.60 67.28
v 231.56 38.01 67.28
v 230.34 41.59 72.36
v 223.37 37.88 72.36
v 230.34 41.59 72.36
v 225.65 34.87 67.28
v 222.15 41.45 67.28
v 223.37 37.88 72.36
v 212.59 26.62 69.35
v 206.39 23.33 69.35
v 210.52 31.05 75.51
v 208.01 35.25 69.35
v 203.88 27.52 75.51
v 201.81 31.95 69.35
v 206.21 25.67 59.75
v 205.47 27.06 59.75
v 205.47 27.06 61.90
v 206.21 25.67 61.90
v 205.47 27.06 59.75
v 206.21 25.67 59.75
v 206.21 25.67 61.90
v 205.47 27.06 61.90
v 208.92 25.44 59.75
v 208.62 27.06 59.75
v 209.36 25.67 59.75
v 209.36 25.67 61.90
v 208.62 27.06 61.90
v 208.92 25.44 61.90
v 202.03 47.42 65.81
v 196.56 55.06 65.81
v 190.09 52.53 64.00
v 196.63 43.55 65.81
v 202.03 47.42 54.80
v 196.56 55.06 54.80
v 196.56 55.06 65.81
v 202.03 47.42 65.81
v 196.56 55.06 54.80
v 191.16 51.19 54.80
v 190.09 52.53 64.00
v 196.56 55.06 65.81
v 191.16 51.19 54.80
v 196.63 43.55 54.80
v 196.63 43.55 65.81
v 190.09 52.53 64.00
v 196.63 43.55 54.80
v 202.03 47.42 54.80
v 202.03 47.42 65.81
v 196.63 43.55 65.81
v 196.56 55.06 65.81
v 202.87 47.28 65.81
v 199.78 51.59 72.20
v 193.41 47.02 72.20
v 189.47 39.51 63.49
v 187.33 39.80 63.49
v 189.87 39.80 63.49
v 189.87 39.80 65.45
v 187.33 39.80 65.45
v 189.47 39.51 65.45
v 189.87 39.80 63.49
v 187.33 39.80 63.49
v 187.33 39.80 65.45
v 189.87 39.80 65.45
v 187.33 39.80 63.49
v 189.47 39.51 63.49
v 189.47 39.51 65.45
v 187.33 39.80 65.45
v 189.47 39.51 63.49
v 189.87 39.80 63.49
v 189.87 39.80 65.45
v 189.47 39.51 65.45
v 190.63 46.03 68.80
v 190.12 43.58 68.41
v 190.12 43.58 71.61
v 191.01 44.22 71.61
v 176.47 56.97 68.81
v 181.97 62.22 68.81
v 182.47 62.20 74.57
v 176.46 56.47 74.57
v 175.90 69.09 74.57
v 182.82 62.20 74.57
v 179.36 65.82 80.57
v 172.03 59.78 81.17
v 182.82 62.20 74.57
v 176.46 56.47 74.57
v 179.36 65.82 80.57
v 178.05 58.38 60.79
v 177.35 59.82 60.79
v 178.41 58.72 60.79
v 178.41 58.72 63.99
v 177.35 59.82 63.99
v 178.05 58.38 63.99
v 178.41 58.72 60.79
v 177.35 59.82 60.79
v 177.35 59.82 63.99
v 178.41 58.72 63.99
v 203.66 -158.65 64.33
v 207.71 -153.00 64.33
v 208.20 -152.91 68.08
v 203.74 -159.14 68.08
v 207.71 -153.00 64.33
v 202.09 -148.97 64.33
v 202.01 -148.48 68.08
v 208.20 -152.91 68.08
v 202.09 -148.97 64.33
v 197.56 -154.71 64.33
v 197.56 -154.71 68.08
v 202.01 -148.48 68.08
v 197.56 -154.71 64.33
v 203.66 -158.65 64.33
v 203.74 -159.14 68.08
v 197.56 -154.71 68.08
v 208.20 -152.91 68.08
v 203.74 -159.14 68.08
v 206.17 -156.17 72.80
v 199.58 -151.45 72.80
v 206.17 -156.17 72.80
v 197.56 -154.71 68.08
v 202.01 -148.48 68.08
v 199.58 -151.45 72.80
v 196.53 -150.68 59.09
v 193.61 -150.68 59.09
v 193.61 -150.68 60.57
v 196.53 -150.68 60.57
v 193.61 -150.68 59.09
v 195.68 -151.86 59.09
v 195.68 -151.86 60.57
v 193.61 -150.68 60.57
v 193.21 -150.39 62.05
v 193.61 -150.68 62.05
v 193.27 -153.57 63.68
v 193.27 -153.57 63.68
v 193.61 -150.68 62.05
v 193.21 -150.39 62.05
v 185.43 -144.37 59.45
v 187.63 -144.37 59.45
v 186.99 -145.26 59.45
v 186.99 -145.26 59.45
v 187.63 -144.37 59.45
v 185.43 -144.37 59.45
v 217.28 -138.76 54.80
v 220.69 -132.35 54.80
v 227.04 -135.72 54.80
v 223.63 -142.13 54.80
v 223.63 -142.13 62.66
v 227.04 -135.72 62.66
v 220.69 -132.35 62.66
v 217.28 -138.76 62.66
v 223.63 -142.13 54.80
v 227.04 -135.72 54.80
v 227.04 -135.72 62.66
v 223.63 -142.13 62.66
v 227.04 -135.72 54.80
v 220.69 -132.35 54.80
v 220.69 -132.35 62.66
v 227.04 -135.72 62.66
v 214.26 -138.41 65.89
v 218.71 -130.04 65.89
v 210.34 -127.28 64.00
v 206.51 -134.29 65.89
v 214.12 -137.94 62.82
v 218.23 -130.18 62.82
v 218.71 -130.04 65.89
v 214.26 -138.41 65.89
v 218.23 -130.18 62.82
v 211.10 -126.39 62.82
v 210.34 -127.28 64.00
v 218.71 -130.04 65.89
v 211.10 -126.39 62.82
v 206.51 -134.29 62.82
v 206.51 -134.29 65.89
v 210.34 -127.28 64.00
v 206.51 -134.29 62.82
v 214.12 -137.94 62.82
v 214.26 -138.41 65.89
v 206.51 -134.29 65.89
v 218.71 -130.04 65.89
v 214.36 -138.75 65.89
v 216.71 -134.34 71.86
v 208.51 -129.99 71.86
v 238.70 -121.91 68.19
v 241.13 -115.49 68.19
v 237.56 -113.50 73.69
v 234.71 -121.04 73.69
v 230.37 -119.40 68.19
v 234.71 -121.04 73.69
v 237.56 -113.50 73.69
v 233.22 -111.86 68.19
v 236.75 -121.52 61.82
v 237.70 -120.74 63.36
v 237.70 -120.74 65.28
v 237.30 -121.80 65.28
v 237.70 -120.74 63.36
v 235.43 -120.74 63.36
v 235.43 -120.74 65.28
v 237.70 -120.74 65.28
v 235.43 -120.74 63.36
v 236.75 -121.52 61.82
v 237.30 -121.80 65.28
v 235.43 -120.74 65.28
v 237.49 -116.23 68.19
v 238.91 -115.59 68.19
v 238.52 -116.62 68.19
v 238.52 -116.62 71.39
v 238.91 -115.59 71.39
v 237.49 -116.23 71.39
v 238.52 -116.62 68.19
v 238.91 -115.59 68.19
v 238.91 -115.59 71.39
v 238.52 -116.62 71.39
v 218.85 -110.74 76.02
v 210.78 -111.96 71.06
v 213.60 -104.49 71.06
v 211.95 -108.14 76.02
v 217.35 -114.71 71.06
v 210.78 -111.96 71.06
v 218.85 -110.74 76.02
v 220.03 -106.92 71.06
v 211.95 -108.14 76.02
v 213.60 -104.49 71.06
v 214.20 -113.06 60.09
v 214.63 -111.92 60.09
v 214.63 -111.92 62.59
v 214.20 -113.06 62.59
v 214.63 -111.92 60.09
v 214.20 -113.06 60.09
v 214.20 -113.06 62.59
v 214.63 -111.92 62.59
v 216.63 -113.06 60.09
v 217.06 -111.92 60.09
v 217.06 -111.92 62.59
v 216.63 -113.06 62.59
v 243.96 -97.90 67.08
v 243.67 -99.09 67.08
v 243.67 -99.09 70.24
v 243.96 -97.90 70.24
v 245.94 -97.78 67.08
v 246.41 -97.90 67.08
v 246.12 -99.09 67.08
v 246.12 -99.09 70.24
v 246.41 -97.90 70.24
v 245.94 -97.78 70.24
v 246.12 -99.09 67.08
v 246.41 -97.90 67.08
v 246.41 -97.90 70.24
v 246.12 -99.09 70.24
v 246.41 -97.90 67.08
v 245.94 -97.78 67.08
v 245.94 -97.78 70.24
v 246.41 -97.90 70.24
v 245.94 -97.78 67.08
v 246.12 -99.09 67.08
v 246.12 -99.09 70.24
v 245.94 -97.78 70.24
v 220.43 -85.67 54.80
v 218.70 -92.78 54.80
v 218.70 -92.78 68.31
v 220.43 -85.67 68.31
v 218.70 -92.78 54.80
v 225.69 -94.48 54.80
v 225.69 -94.48 68.31
v 218.70 -92.78 68.31
v 227.41 -87.37 68.31
v 226.13 -95.21 68.31
v 227.13 -91.07 73.29
v 218.98 -89.09 73.29
v 227.13 -91.07 73.29
v 218.70 -92.78 68.31
v 219.99 -84.95 68.31
v 218.98 -89.09 73.29
v 226.13 -95.21 68.31
v 218.70 -92.78 68.31
v 227.13 -91.07 73.29
v 227.41 -87.37 68.31
v 218.98 -89.09 73.29
v 219.99 -84.95 68.31
v 236.39 -67.49 54.80
v 235.52 -74.82 54.80
v 235.52 -74.82 62.92
v 236.39 -67.49 62.92
v 235.52 -74.82 54.80
v 242.72 -75.68 54.80
v 242.72 -75.68 62.92
v 235.52 -74.82 62.92
v 244.26 -67.82 62.92
v 242.72 -75.68 62.92
v 243.75 -72.08 67.94
v 235.36 -71.09 67.94
v 243.75 -72.08 67.94
v 234.85 -75.35 62.92
v 236.39 -67.49 62.92
v 235.36 -71.09 67.94
v 242.72 -75.68 62.92
v 234.85 -75.35 62.92
v 243.75 -72.08 67.94
v 244.26 -67.82 62.92
v 235.36 -71.09 67.94
v 236.39 -67.49 62.92
v 271.79 -50.00 72.00
v 270.99 -47.53 72.00
v 268.89 -46.01 72.00
v 266.29 -46.01 72.00
v 264.19 -47.53 72.00
v 263.39 -50.00 72.00
v 264.19 -52.47 72.00
v 266.29 -53.99 72.00
v 268.89 -53.99 72.00
v 270.99 -52.47 72.00
v 273.26 -50.00 72.00
v 270.99 -47.53 72.00
v 267.59 -50.00 78.00
v 270.99 -47.53 72.00
v 268.89 -46.01 72.00
v 267.59 -50.00 78.00
v 268.89 -46.01 72.00
v 265.84 -44.61 72.00
v 267.59 -50.00 78.00
v 265.84 -44.61 72.00
v 263.00 -46.67 72.00
v 267.59 -50.00 78.00
v 263.00 -46.67 72.00
v 263.39 -50.00 72.00
v 267.59 -50.00 78.00
v 256.97 -101.99 48.00
v 259.07 -100.47 48.00
v 259.07 -100.47 72.00
v 256.97 -101.99 72.00
v 259.07 -100.47 48.00
v 259.87 -98.00 48.00
v 259.87 -98.00 72.00
v 259.07 -100.47 72.00
v 259.87 -98.00 72.00
v 259.07 -95.53 72.00
v 256.97 -94.00 72.00
v 254.38 -94.00 72.00
v 252.28 -95.53 72.00
v 251.47 -98.00 72.00
v 252.28 -100.47 72.00
v 254.38 -101.99 72.00
v 256.97 -101.99 72.00
v 259.07 -100.47 72.00
v 259.87 -98.00 72.00
v 260.26 -94.66 72.00
v 255.67 -98.00 78.00
v 260.26 -94.66 72.00
v 257.43 -92.60 72.00
v 255.67 -98.00 78.00
v 257.43 -92.60 72.00
v 254.38 -94.00 72.00
v 255.67 -98.00 78.00
v 258.51 -48.12 56.08
v 251.02 -52.00 60.88
v 251.27 -48.12 56.08
v 253.97 -55.73 45.90
v 253.97 -54.56 45.90
v 253.97 -54.56 48.19
v 253.97 -55.73 48.19
v 253.97 -54.56 45.90
v 253.97 -55.73 45.90
v 253.97 -55.73 48.19
v 253.97 -54.56 48.19
v 256.31 -55.73 45.90
v 256.31 -54.56 45.90
v 256.31 -54.56 48.19
v 256.31 -55.73 48.19
v 256.31 -54.56 45.90
v 256.31 -55.73 45.90
v 256.31 -55.73 48.19
v 256.31 -54.56 48.19
v 253.97 -55.73 50.48
v 253.97 -54.56 50.48
v 253.97 -54.56 52.78
v 253.97 -55.73 52.78
v 275.39 -19.49 52.26
v 267.37 -25.34 58.39
v 267.04 -20.49 52.26
v 270.57 -29.28 45.13
v 270.38 -27.73 45.13
v 270.38 -27.73 46.67
v 270.57 -29.28 46.67
v 270.38 -27.73 45.13
v 270.57 -29.28 45.13
v 270.57 -29.28 46.67
v 270.38 -27.73 46.67
v 273.69 -29.28 45.13
v 273.50 -27.73 45.13
v 273.50 -27.73 46.67
v 273.69 -29.28 46.67
v 273.50 -27.73 45.13
v 273.69 -29.28 45.13
v 273.69 -29.28 46.67
v 273.50 -27.73 46.67
v 270.57 -29.28 46.67
v 270.38 -27.73 46.67
v 270.38 -27.73 49.73
v 268.50 -29.74 49.08
v 244.69 -32.00 45.14
v 246.95 -32.00 45.14
v 246.95 -32.00 46.67
v 244.69 -32.00 46.67
v 244.69 -32.00 46.67
v 244.06 -30.94 46.67
v 242.32 -31.81 49.09
v 244.69 -32.00 49.75
v 244.06 -30.94 46.67
v 244.69 -32.00 46.67
v 244.69 -32.00 49.75
v 242.32 -31.81 49.09
v 246.95 -32.00 46.67
v 244.69 -32.00 46.67
v 244.69 -32.00 49.75
v 246.95 -32.00 49.75
v 244.69 -32.00 46.67
v 246.95 -32.00 46.67
v 246.95 -32.00 49.75
v 244.69 -32.00 49.75
v 248.18 -27.18 52.29
v 248.05 -26.09 52.29
v 248.05 -26.09 55.49
v 248.18 -27.18 55.49
v 257.55 -3.58 46.05
v 255.35 -3.58 46.05
v 255.35 -3.58 48.51
v 257.55 -3.58 48.51
v 255.35 -3.58 46.05
v 255.62 -4.64 46.05
v 255.62 -4.64 48.51
v 255.35 -3.58 48.51
v 255.62 -4.64 46.05
v 257.81 -4.64 46.05
v 257.81 -4.64 48.51
v 255.62 -4.64 48.51
v 253.23 -4.47 52.26
v 254.88 -3.70 50.96
v 255.35 -3.58 50.96
v 255.62 -4.64 50.96
v 255.62 -4.64 53.42
v 255.35 -3.58 53.42
v 254.88 -3.70 53.42
v 255.14 -4.76 53.42
v 255.62 -4.64 50.96
v 255.35 -3.58 50.96
v 255.35 -3.58 53.42
v 255.62 -4.64 53.42
v 255.10 26.22 46.85
v 256.15 24.86 46.85
v 256.15 24.86 50.11
v 255.10 26.22 50.11
v 256.15 24.86 53.36
v 255.10 26.22 53.36
v 255.10 26.22 56.61
v 256.27 24.88 56.00
v 255.10 26.22 53.36
v 256.15 24.86 53.36
v 256.27 24.88 56.00
v 255.10 26.22 56.61
v 243.17 19.13 40.80
v 240.30 26.62 40.80
v 246.78 29.10 40.80
v 249.65 21.61 40.80
v 249.65 21.61 54.54
v 246.78 29.10 54.54
v 240.30 26.62 54.54
v 243.17 19.13 54.54
v 249.65 21.61 40.80
v 246.78 29.10 40.80
v 246.78 29.10 54.54
v 249.65 21.61 54.54
v 219.40 37.24 40.80
v 215.98 43.60 40.80
v 215.98 43.60 53.94
v 219.40 37.24 53.94
v 215.98 43.60 40.80
v 209.80 40.27 40.80
v 209.80 40.27 53.94
v 215.98 43.60 53.94
v 209.80 40.27 40.80
v 213.22 33.92 40.80
v 213.22 33.92 53.94
v 209.80 40.27 53.94
v 213.22 33.92 40.80
v 219.40 37.24 40.80
v 219.40 37.24 53.94
v 213.22 33.92 53.94
v 213.22 33.92 53.94
v 209.80 40.27 53.94
v 216.12 44.07 53.94
v 219.40 37.24 53.94
v 219.88 37.10 59.32
v 216.12 44.07 59.32
v 209.33 40.41 59.32
v 213.08 33.45 59.32
v 214.34 65.17 46.77
v 211.74 65.17 46.77
v 213.57 66.22 46.77
v 214.34 65.17 46.77
v 213.57 66.22 46.77
v 211.74 65.17 46.77
v 201.84 56.86 40.80
v 197.81 62.42 40.80
v 203.70 66.70 40.80
v 207.74 61.14 40.80
v 207.74 61.14 50.63
v 203.70 66.70 50.63
v 197.81 62.42 50.63
v 201.84 56.86 50.63
v 207.74 61.14 40.80
v 203.70 66.70 40.80
v 203.70 66.70 50.63
v 207.74 61.14 50.63
v 203.70 66.70 40.80
v 197.81 62.42 40.80
v 197.81 62.42 50.63
v 203.70 66.70 50.63
v 194.07 85.07 52.60
v 190.92 82.02 57.75
v 187.77 78.97 52.60
v 188.00 90.49 52.60
v 182.56 85.23 52.60
v 184.86 88.30 57.75
v 186.89 80.87 45.20
v 186.36 82.12 45.20
v 187.24 81.22 45.20
v 187.24 81.22 46.80
v 186.36 82.12 46.80
v 186.89 80.87 46.80
v 187.24 81.22 45.20
v 186.36 82.12 45.20
v 186.36 82.12 46.80
v 187.24 81.22 46.80
v 186.36 82.12 45.20
v 186.89 80.87 45.20
v 186.89 80.87 46.80
v 186.36 82.12 46.80
v 184.31 -191.35 56.73
v 189.96 -185.51 56.73
v 184.81 -180.53 56.73
v 179.16 -186.37 56.73
v 184.30 -190.85 52.16
v 189.46 -185.52 52.16
v 189.96 -185.51 56.73
v 184.31 -191.35 56.73
v 189.46 -185.52 52.16
v 184.81 -181.02 52.16
v 184.81 -180.53 56.73
v 189.96 -185.51 56.73
v 184.81 -181.02 52.16
v 179.66 -186.36 52.16
v 179.16 -186.37 56.73
v 184.81 -180.53 56.73
v 179.66 -186.36 52.16
v 184.30 -190.85 52.16
v 184.31 -191.35 56.73
v 179.16 -186.37 56.73
v 189.96 -185.51 56.73
v 184.32 -191.70 56.73
v 187.31 -188.60 61.78
v 181.81 -183.28 61.78
v 178.91 -180.95 45.30
v 177.75 -182.14 45.30
v 177.75 -182.14 46.99
v 178.91 -180.95 46.99
v 203.48 -170.64 40.80
v 207.61 -164.95 40.80
v 214.10 -169.66 40.80
v 209.97 -175.35 40.80
v 209.97 -175.35 52.04
v 214.10 -169.66 52.04
v 207.61 -164.95 52.04
v 203.48 -170.64 52.04
v 209.97 -175.35 40.80
v 214.10 -169.66 40.80
v 214.10 -169.66 52.04
v 209.97 -175.35 52.04
v 214.10 -169.66 40.80
v 207.61 -164.95 40.80
v 207.61 -164.95 52.04
v 214.10 -169.66 52.04
v 207.61 -164.95 40.80
v 203.48 -170.64 40.80
v 203.48 -170.64 52.04
v 207.61 -164.95 52.04
v 197.86 -167.34 44.44
v 198.61 -166.30 44.44
v 198.61 -166.30 46.95
v 197.86 -167.34 46.95
v 198.61 -166.30 44.44
v 197.46 -167.05 44.44
v 197.46 -167.05 46.95
v 198.61 -166.30 46.95
v 197.46 -167.05 44.44
v 197.86 -167.34 44.44
v 197.86 -167.34 46.95
v 197.46 -167.05 46.95
v 198.61 -166.30 44.44
v 201.16 -166.30 44.44
v 200.41 -167.34 44.44
v 200.41 -167.34 46.95
v 201.16 -166.30 46.95
v 198.61 -166.30 46.95
v 200.41 -167.34 44.44
v 201.16 -166.30 44.44
v 201.16 -166.30 46.95
v 200.41 -167.34 46.95
v 220.41 -149.91 40.80
v 223.78 -143.67 40.80
v 223.78 -143.67 50.41
v 220.41 -149.91 50.41
v 223.78 -143.67 40.80
v 218.47 -140.81 40.80
v 218.47 -140.81 50.41
v 223.78 -143.67 50.41
v 218.47 -140.81 40.80
v 215.11 -147.06 40.80
v 215.11 -147.06 50.41
v 218.47 -140.81 50.41
v 215.11 -147.06 40.80
v 220.41 -149.91 40.80
v 220.41 -149.91 50.41
v 215.11 -147.06 50.41
v 215.11 -147.06 50.41
v 218.33 -140.34 50.41
v 223.78 -143.67 50.41
v 220.41 -149.91 50.41
v 220.56 -150.39 54.19
v 224.25 -143.53 54.19
v 218.33 -140.34 54.19
v 214.64 -147.20 54.19
v 248.01 -133.89 49.02
v 251.09 -125.83 49.02
v 243.26 -122.83 49.02
v 240.18 -130.90 49.02
v 248.01 -133.89 40.80
v 251.09 -125.83 40.80
v 251.09 -125.83 49.02
v 248.01 -133.89 49.02
v 251.09 -125.83 40.80
v 243.26 -122.83 40.80
v 243.26 -122.83 49.02
v 251.09 -125.83 49.02
v 243.26 -122.83 40.80
v 240.18 -130.90 40.80
v 240.18 -130.90 49.02
v 243.26 -122.83 49.02
v 240.18 -130.90 40.80
v 248.01 -133.89 40.80
v 248.01 -133.89 49.02
v 240.18 -130.90 49.02
v 251.09 -125.83 49.02
v 248.35 -134.67 49.02
v 250.11 -130.08 54.89
v 241.16 -126.65 54.89
v 236.04 -126.72 46.23
v 235.04 -127.97 46.23
v 235.04 -127.97 48.85
v 236.04 -126.72 48.85
v 235.04 -127.97 46.23
v 235.49 -128.14 46.23
v 235.49 -128.14 48.85
v 235.04 -127.97 48.85
v 236.82 -123.37 51.17
v 237.21 -122.34 51.17
v 237.21 -122.34 54.37
v 236.82 -123.37 54.37
v 237.21 -122.34 51.17
v 236.82 -123.37 51.17
v 236.82 -123.37 54.37
v 237.21 -122.34 54.37
v 217.65 -122.09 40.80
v 220.60 -114.36 40.80
v 227.15 -116.86 40.80
v 224.19 -124.59 40.80
v 224.19 -124.59 52.62
v 227.15 -116.86 52.62
v 220.60 -114.36 52.62
v 217.65 -122.09 52.62
v 257.96 -102.82 54.72
v 257.16 -101.49 54.72
v 257.16 -101.49 57.92
v 257.96 -102.82 57.92
v 257.16 -101.49 54.72
v 257.96 -102.82 54.72
v 257.96 -102.82 57.92
v 257.16 -101.49 57.92
v 238.90 -104.32 40.80
v 241.16 -95.12 40.80
v 247.13 -96.59 40.80
v 244.87 -105.79 40.80
v 244.87 -105.79 55.17
v 247.13 -96.59 55.17
v 241.16 -95.12 55.17
v 238.90 -104.32 55.17
v 244.87 -105.79 40.80
v 247.13 -96.59 40.80
v 247.13 -96.59 55.17
v 244.87 -105.79 55.17
v 247.13 -96.59 40.80
v 241.16 -95.12 40.80
v 241.16 -95.12 55.17
v 247.13 -96.59 55.17
v 264.51 -82.83 40.80
v 265.58 -73.93 40.80
v 265.58 -73.93 53.60
v 264.51 -82.83 53.60
v 265.58 -73.93 40.80
v 259.06 -73.15 40.80
v 259.06 -73.15 53.60
v 265.58 -73.93 53.60
v 259.06 -73.15 40.80
v 257.99 -82.04 40.80
v 257.99 -82.04 53.60
v 259.06 -73.15 53.60
v 257.99 -82.04 40.80
v 264.51 -82.83 40.80
v 264.51 -82.83 53.60
v 257.99 -82.04 53.60
v 266.25 -73.41 53.60
v 264.51 -82.83 53.60
v 265.64 -78.45 59.69
v 257.93 -77.52 59.69
v 265.64 -78.45 59.69
v 257.32 -82.57 53.60
v 258.54 -72.48 53.60
v 257.93 -77.52 59.69
v 233.96 -70.29 40.80
v 232.93 -78.86 40.80
v 232.93 -78.86 48.68
v 233.96 -70.29 48.68
v 232.93 -78.86 40.80
v 239.38 -79.64 40.80
v 239.38 -79.64 48.68
v 232.93 -78.86 48.68
v 240.41 -71.07 48.68
v 239.90 -80.30 48.68
v 240.49 -75.42 54.55
v 231.25 -74.33 54.80
v 240.49 -75.42 54.55
v 232.26 -79.38 48.68
v 233.96 -70.29 48.68
v 231.25 -74.33 54.80
v 239.90 -80.30 48.68
v 232.26 -79.38 48.68
v 240.49 -75.42 54.55
v 240.41 -71.07 48.68
v 231.25 -74.33 54.80
v 233.96 -70.29 48.68
v 200.35 93.14 58.00
v 200.74 96.47 58.00
v 196.15 93.14 64.00
v 200.74 96.47 58.00
v 197.45 97.14 58.00
v 196.15 93.14 64.00
v 197.45 97.14 58.00
v 194.85 97.14 58.00
v 196.15 93.14 64.00
v 194.85 97.14 58.00
v 192.75 95.61 58.00
v 196.15 93.14 64.00
v 192.75 95.61 58.00
v 190.48 93.14 58.00
v 196.15 93.14 64.00
v 190.48 93.14 58.00
v 191.56 89.81 58.00
v 196.15 93.14 64.00
v 271.54 -41.75 28.80
v 263.90 -41.75 28.80
v 263.90 -41.75 39.08
v 271.54 -41.75 39.08
v 263.90 -41.75 28.80
v 263.90 -50.25 28.80
v 263.90 -50.25 39.08
v 263.90 -41.75 39.08
v 263.90 -50.25 28.80
v 271.54 -50.25 28.80
v 271.54 -50.25 39.08
v 263.90 -50.25 39.08
v 271.54 -41.75 39.08
v 272.14 -50.85 39.08
v 272.14 -46.00 44.86
v 263.30 -46.00 44.86
v 272.14 -46.00 44.86
v 263.30 -50.85 39.08
v 263.90 -41.75 39.08
v 263.30 -46.00 44.86
v 272.14 -50.85 39.08
v 263.30 -50.85 39.08
v 272.14 -46.00 44.86
v 236.22 -49.50 38.76
v 240.05 -50.10 43.96
v 240.05 -41.90 43.96
v 236.22 -42.50 38.76
v 244.47 -50.10 38.76
v 240.05 -50.10 43.96
v 236.22 -49.50 38.76
v 244.47 -41.90 38.76
v 236.22 -42.50 38.76
v 240.05 -41.90 43.96
v 242.69 -45.23 38.76
v 241.59 -44.13 38.76
v 241.59 -44.13 41.96
v 242.69 -45.23 41.96
v 241.59 -44.13 38.76
v 242.69 -45.23 38.76
v 242.69 -45.23 41.96
v 241.59 -44.13 41.96
v 269.22 -20.14 28.80
v 268.42 -13.54 28.80
v 276.07 -12.60 28.80
v 276.88 -19.21 28.80
v 257.08 -22.62 33.83
v 257.57 -22.56 33.83
v 257.57 -22.56 36.05
v 257.08 -22.62 36.05
v 260.12 -22.56 33.83
v 257.42 -21.29 33.83
v 259.97 -21.29 33.83
v 260.12 -22.56 36.05
v 259.97 -21.29 36.05
v 257.42 -21.29 36.05
v 260.12 -22.56 33.83
v 259.97 -21.29 33.83
v 259.97 -21.29 36.05
v 260.12 -22.56 36.05
v 259.97 -21.29 33.83
v 257.42 -21.29 33.83
v 257.42 -21.29 36.05
v 259.97 -21.29 36.05
v 257.42 -21.29 33.83
v 260.12 -22.56 33.83
v 260.12 -22.56 36.05
v 257.42 -21.29 36.05
v 273.97 14.83 44.43
v 267.81 8.77 39.26
v 265.69 17.30 39.26
v 266.75 13.03 44.43
v 275.04 10.57 39.26
v 267.81 8.77 39.26
v 273.97 14.83 44.43
v 272.91 19.10 39.26
v 266.75 13.03 44.43
v 265.69 17.30 39.26
v 269.47 10.38 32.93
v 269.16 11.62 32.93
v 269.16 11.62 34.27
v 269.47 10.38 34.27
v 269.16 11.62 32.93
v 269.47 10.38 32.93
v 269.47 10.38 34.27
v 269.16 11.62 34.27
v 272.03 10.38 32.93
v 271.72 11.62 32.93
v 271.72 11.62 34.27
v 272.03 10.38 34.27
v 245.18 12.54 28.80
v 237.29 10.58 28.80
v 237.29 10.58 40.29
v 245.18 12.54 40.29
v 237.29 10.58 28.80
v 239.59 1.37 28.80
v 238.59 0.08 40.80
v 237.29 10.58 40.29
v 239.59 1.37 28.80
v 247.47 3.34 28.80
v 247.47 3.34 40.29
v 238.59 0.08 40.80
v 245.61 13.27 40.29
v 247.47 3.34 40.29
v 246.91 8.09 46.74
v 237.86 5.83 46.74
v 246.91 8.09 46.74
v 238.59 0.08 40.80
v 236.56 11.01 40.29
v 237.86 5.83 46.74
v 247.47 3.34 40.29
v 238.59 0.08 40.80
v 246.91 8.09 46.74
v 242.13 32.48 28.80
v 249.09 35.18 28.80
v 249.09 35.18 36.97
v 242.13 32.48 36.97
v 249.09 35.18 36.97
v 246.88 42.54 36.97
v 242.84 40.98 42.05
v 245.83 33.27 42.05
v 241.79 31.70 36.97
v 245.83 33.27 42.05
v 242.84 40.98 42.05
v 239.58 39.07 36.97
v 249.09 35.18 36.97
v 245.83 33.27 42.05
v 241.79 31.70 36.97
v 246.88 42.54 36.97
v 239.58 39.07 36.97
v 242.84 40.98 42.05
v 243.60 33.06 32.47
v 243.15 32.88 32.47
v 243.15 32.88 33.35
v 243.60 33.06 33.35
v 241.83 64.33 38.05
v 237.39 72.46 38.05
v 229.99 68.42 38.05
v 234.42 60.29 38.05
v 241.83 64.33 28.80
v 237.39 72.46 28.80
v 237.39 72.46 38.05
v 241.83 64.33 38.05
v 237.39 72.46 28.80
v 229.99 68.42 28.80
v 229.99 68.42 38.05
v 237.39 72.46 38.05
v 229.99 68.42 28.80
v 234.42 60.29 28.80
v 234.42 60.29 38.05
v 229.99 68.42 38.05
v 237.69 61.46 35.23
v 237.35 63.11 35.23
v 238.12 61.69 35.23
v 238.12 61.69 38.86
v 237.35 63.11 38.86
v 237.69 61.46 38.86
v 238.12 61.69 35.23
v 237.35 63.11 35.23
v 237.35 63.11 38.86
v 238.12 61.69 38.86
v 237.35 63.11 35.23
v 237.69 61.46 35.23
v 237.69 61.46 38.86
v 237.35 63.11 38.86
v 237.69 61.46 35.23
v 238.12 61.69 35.23
v 238.12 61.69 38.86
v 237.69 61.46 38.86
v 222.65 54.60 28.80
v 218.83 61.59 28.80
v 225.20 65.07 28.80
v 229.02 58.08 28.80
v 210.99 49.37 32.49
v 210.26 50.71 32.49
v 210.26 50.71 33.38
v 210.99 49.37 33.38
v 210.26 50.71 32.49
v 210.99 49.37 32.49
v 210.99 49.37 33.38
v 210.26 50.71 33.38
v 215.60 85.68 28.80
v 210.93 92.03 28.80
v 210.93 92.03 42.13
v 215.60 85.68 42.13
v 210.93 92.03 28.80
v 204.76 87.49 28.80
v 204.76 87.49 42.13
v 210.93 92.03 42.13
v 204.76 87.49 28.80
v 209.44 81.14 28.80
v 209.44 81.14 42.13
v 204.76 87.49 42.13
v 209.44 81.14 28.80
v 215.60 85.68 28.80
v 215.60 85.68 42.13
v 209.44 81.14 42.13
v 211.05 92.86 42.13
v 216.44 85.55 42.13
v 213.75 89.21 47.49
v 206.62 83.96 47.49
v 213.75 89.21 47.49
v 209.44 81.14 42.13
v 203.93 87.62 42.13
v 206.62 83.96 47.49
v 189.57 75.73 38.56
v 193.68 70.14 38.56
v 192.11 73.29 43.28
v 186.30 69.01 43.28
v 192.11 73.29 43.28
v 188.71 65.74 38.56
v 184.73 72.16 38.56
v 186.30 69.01 43.28
v 193.68 70.14 38.56
v 188.71 65.74 38.56
v 192.11 73.29 43.28
v 189.57 75.73 38.56
v 186.30 69.01 43.28
v 184.73 72.16 38.56
v 188.60 67.95 32.79
v 187.92 68.88 32.79
v 187.92 68.88 33.98
v 188.60 67.95 33.98
v 187.92 68.88 32.79
v 188.60 67.95 32.79
v 188.60 67.95 33.98
v 187.92 68.88 33.98
v 185.66 101.24 34.18
v 183.53 101.24 34.18
v 183.53 101.24 36.76
v 185.66 101.24 36.76
v 183.53 101.24 34.18
v 185.31 100.90 34.18
v 185.31 100.90 36.76
v 183.53 101.24 36.76
v 185.31 100.90 34.18
v 185.66 101.24 34.18
v 185.66 101.24 36.76
v 185.31 100.90 36.76
v 183.18 100.90 39.35
v 182.44 101.66 39.35
v 183.53 101.24 39.35
v 183.53 101.24 41.93
v 182.44 101.66 41.93
v 183.18 100.90 41.93
v 183.53 101.24 39.35
v 182.44 101.66 39.35
v 182.44 101.66 41.93
v 183.53 101.24 41.93
v 176.89 92.10 41.12
v 177.24 92.44 41.12
v 177.24 92.44 44.30
v 176.89 92.10 44.30
v 174.40 -192.74 28.80
v 179.62 -187.41 28.80
v 185.68 -193.34 28.80
v 180.45 -198.68 28.80
v 180.45 -198.68 41.74
v 185.68 -193.34 41.74
v 179.62 -187.41 41.74
v 174.40 -192.74 41.74
v 180.45 -198.68 28.80
v 185.68 -193.34 28.80
v 185.68 -193.34 41.74
v 180.45 -198.68 41.74
v 185.68 -193.34 28.80
v 179.62 -187.41 28.80
v 179.62 -187.41 41.74
v 185.68 -193.34 41.74
v 179.62 -187.41 28.80
v 174.40 -192.74 28.80
v 174.40 -192.74 41.74
v 179.62 -187.41 41.74
v 194.60 -163.07 28.80
v 190.73 -168.32 28.80
v 190.73 -168.32 38.80
v 194.60 -163.07 38.80
v 190.73 -168.32 28.80
v 196.45 -172.53 28.80
v 196.45 -172.53 38.80
v 190.73 -168.32 38.80
v 196.45 -172.53 38.80
v 201.15 -167.15 38.80
v 197.81 -164.69 43.63
v 193.23 -170.91 43.63
v 190.73 -168.32 38.80
v 193.23 -170.91 43.63
v 197.81 -164.69 43.63
v 194.47 -162.23 38.80
v 196.45 -172.53 38.80
v 193.23 -170.91 43.63
v 190.73 -168.32 38.80
v 201.15 -167.15 38.80
v 194.47 -162.23 38.80
v 197.81 -164.69 43.63
v 227.01 -148.58 40.58
v 222.38 -156.33 40.58
v 222.38 -156.33 45.33
v 226.87 -148.10 45.33
v 222.38 -156.33 40.58
v 228.91 -159.89 40.58
v 228.91 -159.89 45.33
v 222.38 -156.33 45.33
v 233.69 -150.86 46.00
v 228.91 -159.89 45.33
v 231.37 -155.90 51.23
v 224.41 -152.10 51.23
v 231.37 -155.90 51.23
v 222.04 -156.43 45.33
v 226.87 -148.10 45.33
v 224.41 -152.10 51.23
v 228.91 -159.89 45.33
v 222.04 -156.43 45.33
v 231.37 -155.90 51.23
v 233.69 -150.86 46.00
v 224.41 -152.10 51.23
v 226.87 -148.10 45.33
v 203.71 -136.32 28.80
v 199.94 -143.22 28.80
v 199.94 -143.22 40.83
v 203.71 -136.32 40.83
v 199.94 -143.22 28.80
v 206.00 -146.54 28.80
v 206.00 -146.54 40.83
v 199.94 -143.22 40.83
v 199.94 -143.22 40.83
v 203.71 -136.32 40.83
v 209.77 -139.63 40.83
v 206.00 -146.54 40.83
v 206.14 -147.01 45.70
v 210.25 -139.49 45.70
v 203.57 -135.84 45.70
v 199.46 -143.37 45.70
v 206.00 -146.54 40.83
v 209.77 -139.63 40.83
v 210.25 -139.49 45.70
v 206.14 -147.01 45.70
v 209.77 -139.63 40.83
v 203.71 -136.32 40.83
v 203.57 -135.84 45.70
v 210.25 -139.49 45.70
v 241.67 -132.58 33.56
v 242.13 -132.75 33.56
v 242.13 -132.75 35.53
v 241.67 -132.58 35.53
v 244.94 -132.75 33.56
v 245.44 -131.44 33.56
v 245.44 -131.44 35.53
v 244.94 -132.75 35.53
v 245.44 -131.44 33.56
v 244.94 -132.75 33.56
v 244.94 -132.75 35.53
v 245.44 -131.44 35.53
v 241.67 -132.58 37.49
v 242.63 -131.44 37.49
v 242.13 -132.75 37.49
v 242.13 -132.75 37.49
v 242.63 -131.44 37.49
v 241.67 -132.58 37.49
v 246.23 -128.32 42.42
v 245.60 -126.90 42.42
v 248.59 -125.99 42.42
v 219.69 -122.86 36.05
v 220.15 -123.03 36.05
v 220.15 -123.03 37.53
v 219.69 -122.86 37.53
v 249.15 -104.01 28.80
v 250.73 -97.67 28.80
v 257.46 -99.35 28.80
v 255.88 -105.69 28.80
v 255.88 -105.69 42.76
v 257.46 -99.35 42.76
v 250.73 -97.67 42.76
v 249.15 -104.01 42.76
v 255.88 -105.69 28.80
v 257.46 -99.35 28.80
v 257.46 -99.35 42.76
v 255.88 -105.69 42.76
v 257.46 -99.35 28.80
v 250.73 -97.67 28.80
v 250.73 -97.67 42.76
v 257.46 -99.35 42.76
v 250.73 -97.67 28.80
v 249.15 -104.01 28.80
v 249.15 -104.01 42.76
v 250.73 -97.67 42.76
v 229.76 -100.35 49.39
v 231.77 -92.42 49.25
v 224.68 -90.66 49.25
v 222.85 -97.97 49.25
v 229.69 -99.32 43.28
v 231.34 -92.68 43.28
v 231.77 -92.42 49.25
v 229.76 -100.35 49.39
v 231.34 -92.68 43.28
v 224.93 -91.08 43.28
v 224.68 -90.66 49.25
v 231.77 -92.42 49.25
v 224.93 -91.08 43.28
v 223.28 -97.72 43.28
v 222.85 -97.97 49.25
v 224.68 -90.66 49.25
v 223.28 -97.72 43.28
v 229.69 -99.32 43.28
v 229.76 -100.35 49.39
v 222.85 -97.97 49.25
v 232.07 -92.24 49.25
v 229.76 -100.35 49.39
v 231.10 -96.14 53.91
v 223.52 -94.25 53.91
v 259.69 -77.60 33.91
v 261.84 -77.60 33.91
v 261.84 -77.60 36.23
v 259.69 -77.60 36.23
v 259.21 -77.54 38.54
v 259.34 -76.48 38.54
v 259.82 -76.54 38.54
v 259.69 -77.60 38.54
v 259.69 -77.60 40.85
v 259.82 -76.54 40.85
v 259.34 -76.48 40.85
v 259.21 -77.54 40.85
v 259.69 -77.60 38.54
v 259.82 -76.54 38.54
v 259.82 -76.54 40.85
v 259.69 -77.60 40.85
v 259.82 -76.54 38.54
v 259.34 -76.48 38.54
v 259.34 -76.48 40.85
v 259.82 -76.54 40.85
v 259.34 -76.48 38.54
v 259.21 -77.54 38.54
v 259.21 -77.54 40.85
v 259.34 -76.48 40.85
v 235.28 -75.49 33.53
v 235.45 -74.13 33.53
v 234.96 -74.07 33.53
v 235.28 -75.49 32.56
v 235.45 -74.13 32.56
v 235.45 -74.13 33.53
v 235.28 -75.49 33.53
v 235.45 -74.13 32.56
v 234.96 -74.07 32.56
v 234.96 -74.07 33.53
v 235.45 -74.13 33.53
v 234.96 -74.07 32.56
v 235.28 -75.49 32.56
v 235.28 -75.49 33.53
v 234.96 -74.07 33.53
v 232.54 -75.49 33.53
v 232.70 -74.13 33.53
v 232.70 -74.13 35.46
v 232.54 -75.49 35.46
v 232.70 -74.13 33.53
v 232.54 -75.49 33.53
v 232.54 -75.49 35.46
v 232.70 -74.13 35.46
v 194.31 117.76 22.00
v 191.72 117.76 22.00
v 191.72 117.76 46.00
v 194.31 117.76 46.00
v 191.72 117.76 22.00
v 189.62 116.23 22.00
v 189.62 116.23 46.00
v 191.72 117.76 46.00
v 189.62 116.23 22.00
v 188.82 113.76 22.00
v 188.82 113.76 46.00
v 189.62 116.23 46.00
v 188.82 113.76 22.00
v 189.62 111.29 22.00
v 189.62 111.29 46.00
v 188.82 113.76 46.00
v 189.62 111.29 22.00
v 191.72 109.77 22.00
v 191.72 109.77 46.00
v 189.62 111.29 46.00
v 191.72 109.77 22.00
v 194.31 109.77 22.00
v 194.31 109.77 46.00
v 191.72 109.77 46.00
v 202.14 -154.94 42.00
v 200.58 -157.93 42.00
v 198.45 -156.82 42.00
v 199.85 -154.14 42.48
v 199.85 -154.14 42.48
v 198.45 -156.82 42.00
v 200.58 -157.93 42.00
v 202.14 -154.94 42.00
v 202.14 -154.94 42.00
v 200.25 -158.55 42.97
v 198.45 -156.82 42.00
v 199.85 -154.14 42.48
v 199.85 -154.14 42.48
v 198.45 -156.82 42.00
v 200.25 -158.55 42.97
v 202.14 -154.94 42.00
v 202.14 -154.94 42.00
v 200.18 -158.70 43.21
v 198.45 -156.82 42.00
v 199.85 -154.14 42.48
v 199.85 -154.14 42.48
v 198.45 -156.82 42.00
v 200.18 -158.70 43.21
v 202.14 -154.94 42.00
v 200.78 -157.56 46.34
v 199.13 -160.70 46.34
v 197.09 -159.43 46.34
v 198.65 -156.44 46.34
v 198.65 -156.44 46.34
v 197.09 -159.43 46.34
v 199.13 -160.70 46.34
v 200.78 -157.56 46.34
v 200.78 -157.56 46.34
v 199.13 -160.70 46.34
v 197.09 -159.43 46.34
v 198.65 -156.44 46.34
v 198.65 -156.44 46.34
v 197.09 -159.43 46.34
v 199.13 -160.70 46.34
v 200.78 -157.56 46.34
v 200.78 -157.56 46.34
v 199.13 -160.70 46.34
v 197.09 -159.43 46.34
v 198.65 -156.44 46.34
v 198.65 -156.44 46.34
v 197.09 -159.43 46.34
v 199.13 -160.70 46.34
v 200.78 -157.56 46.34
v 249.61 -112.79 30.96
v 246.27 -111.71 30.96
v 245.53 -113.99 30.96
v 248.58 -114.98 30.96
v 248.58 -114.98 30.96
v 245.53 -113.99 30.96
v 246.27 -111.71 30.96
v 249.61 -112.79 30.96
v 249.61 -112.79 30.96
v 246.27 -111.71 30.96
v 245.53 -113.99 30.96
v 248.58 -114.98 30.96
v 248.58 -114.98 30.96
v 245.53 -113.99 30.96
v 246.27 -111.71 30.96
v 248.44 -112.41 31.68
v 248.44 -112.41 31.68
v 246.27 -111.71 30.96
v 245.53 -113.99 30.96
v 248.58 -114.98 30.96
v 248.58 -114.98 30.96
v 244.07 -113.52 31.92
v 246.27 -111.71 30.96
v 248.44 -112.41 31.68
v 242.90 -113.14 33.12
v 246.39 -111.75 33.36
v 244.34 -111.08 35.28
v 243.60 -113.37 35.28
v 243.60 -113.37 35.28
v 241.00 -110.01 35.28
v 240.71 -109.91 35.28
v 244.04 -110.99 35.28
v 244.04 -110.99 35.28
v 240.71 -109.91 35.28
v 241.00 -110.01 35.28
v 243.60 -113.37 35.28
v 243.60 -113.37 35.28
v 239.68 -112.10 35.52
v 240.71 -109.91 35.28
v 244.04 -110.99 35.28
v 244.04 -110.99 35.28
v 240.71 -109.91 35.28
v 239.68 -112.10 35.52
v 243.60 -113.37 35.28
v 243.60 -113.37 35.28
v 239.68 -112.10 35.52
v 240.71 -109.91 35.28
v 244.04 -110.99 35.28
v 237.62 -111.44 37.44
v 238.36 -109.16 37.44
v 238.77 -109.29 39.84
v 238.03 -111.57 39.84
v 238.03 -111.57 39.84
v 234.70 -110.49 39.84
v 235.14 -108.12 39.84
v 238.77 -109.29 39.84
v 238.77 -109.29 39.84
v 235.14 -108.12 39.84
v 234.70 -110.49 39.84
v 238.03 -111.57 39.84
v 237.45 -111.38 40.08
v 234.70 -110.49 39.84
v 235.14 -108.12 39.84
v 238.77 -109.29 39.84
v 238.77 -109.29 39.84
v 235.14 -108.12 39.84
v 234.70 -110.49 39.84
v 237.45 -111.38 40.08
v 237.45 -111.38 40.08
v 234.70 -110.49 39.84
v 235.14 -108.12 39.84
v 238.77 -109.29 39.84
v 263.69 -38.61 22.24
v 259.29 -36.52 22.73
v 259.26 -39.17 22.24
v 261.65 -40.30 22.73
v 261.65 -40.30 22.73
v 259.26 -39.17 22.24
v 259.29 -36.52 22.73
v 263.69 -38.61 22.24
v 263.69 -38.61 22.24
v 259.29 -36.52 22.73
v 259.26 -39.17 22.24
v 261.65 -40.30 22.73
v 261.65 -40.30 22.73
v 257.26 -38.22 23.21
v 259.29 -36.52 22.73
v 259.76 -39.41 22.24
v 259.76 -39.41 22.24
v 259.29 -36.52 22.73
v 257.26 -38.22 23.21
v 261.65 -40.30 22.73
v 259.76 -39.41 22.24
v 257.26 -38.22 23.21
v 259.29 -36.52 22.73
v 255.18 -34.57 26.60
v 250.79 -32.48 26.85
v 250.76 -35.12 26.60
v 252.65 -36.02 27.09
v 252.65 -36.02 27.09
v 248.25 -33.93 27.58
v 250.79 -32.48 26.85
v 252.68 -33.38 27.58
v 252.68 -33.38 27.58
v 250.79 -32.48 26.85
v 248.25 -33.93 27.58
v 252.65 -36.02 27.09
v 252.65 -36.02 27.09
v 248.25 -33.93 27.58
v 250.79 -32.48 26.85
v 252.68 -33.38 27.58
v 252.68 -33.38 27.58
v 250.79 -32.48 26.85
v 248.25 -33.93 27.58
v 252.65 -36.02 27.09
v 250.76 -35.12 26.60
v 248.25 -33.93 27.58
v 248.28 -31.29 28.06
v 251.79 -32.96 26.60
v 175.99 -3.88 73.60
v 178.54 -2.83 73.60
v 175.99 -0.28 80.50
v 178.54 -2.83 73.60
v 179.59 -0.28 73.60
v 175.99 -0.28 80.50
v 193.80 -84.36 56.00
v 193.50 -83.84 56.00
v 193.50 -83.84 60.50
v 193.80 -84.36 60.50
v 193.50 -83.84 56.00
v 193.80 -84.36 56.00
v 193.80 -84.36 60.50
v 193.50 -83.84 60.50
v 196.80 -84.36 59.60
v 195.75 -81.81 59.60
v 193.20 -84.36 66.50
v 195.75 -81.81 59.60
v 193.20 -80.75 59.60
v 193.20 -84.36 66.50
v 188.57 -252.00 38.40
v 187.87 -254.01 38.40
v 187.87 -254.01 40.00
v 188.57 -252.00 40.00
v 186.18 -249.55 38.40
v 187.36 -250.49 38.40
v 186.42 -251.66 38.40
v 186.42 -251.66 40.00
v 187.36 -250.49 40.00
v 186.18 -249.55 40.00
v 186.42 -251.66 38.40
v 187.36 -250.49 38.40
v 187.36 -250.49 40.00
v 186.42 -251.66 40.00
v 187.36 -250.49 38.40
v 186.18 -249.55 38.40
v 186.18 -249.55 40.00
v 187.36 -250.49 40.00
v 186.18 -249.55 38.40
v 186.42 -251.66 38.40
v 186.42 -251.66 40.00
v 186.18 -249.55 40.00
v 179.90 -261.83 38.40
v 181.03 -263.62 38.40
v 181.03 -263.62 40.00
v 179.90 -261.83 40.00
v 181.03 -263.62 38.40
v 179.90 -261.83 38.40
v 179.90 -261.83 40.00
v 181.03 -263.62 40.00
v 185.25 -261.28 38.40
v 187.36 -261.51 38.40
v 186.18 -262.45 38.40
v 185.25 -261.28 40.00
v 186.18 -262.45 40.00
v 187.36 -261.51 40.00
v 185.25 -261.28 38.40
v 186.18 -262.45 38.40
v 186.18 -262.45 40.00
v 185.25 -261.28 40.00
v 186.18 -262.45 38.40
v 187.36 -261.51 38.40
v 187.36 -261.51 40.00
v 186.18 -262.45 40.00
v 208.70 -250.70 0.00
v 207.07 -253.13 0.00
v 207.07 -253.13 42.00
v 208.70 -250.70 42.00
v 207.07 -253.13 0.00
v 206.50 -256.00 0.00
v 206.50 -256.00 42.00
v 207.07 -253.13 42.00
v 206.50 -256.00 0.00
v 207.07 -258.87 0.00
v 207.07 -258.87 42.00
v 206.50 -256.00 42.00
v 207.07 -258.87 0.00
v 208.70 -261.30 0.00
v 208.70 -261.30 42.00
v 207.07 -258.87 42.00
v 208.70 -261.30 0.00
v 211.13 -262.93 0.00
v 211.13 -262.93 42.00
v 208.70 -261.30 42.00
v 211.13 -262.93 0.00
v 214.00 -263.50 0.00
v 214.00 -263.50 42.00
v 211.13 -262.93 42.00
v 208.13 -254.01 38.40
v 206.78 -253.36 38.40
v 208.78 -252.66 38.40
v 208.78 -252.66 40.00
v 206.78 -253.36 40.00
v 208.13 -254.01 40.00
v 208.78 -252.66 38.40
v 206.78 -253.36 38.40
v 206.78 -253.36 40.00
v 208.78 -252.66 40.00
v 206.78 -253.36 38.40
v 208.13 -254.01 38.40
v 208.13 -254.01 40.00
v 206.78 -253.36 40.00
v 208.13 -254.01 38.40
v 208.78 -252.66 38.40
v 208.78 -252.66 40.00
v 208.13 -254.01 40.00
v 207.85 -255.25 38.40
v 206.35 -255.25 38.40
v 206.35 -255.25 40.00
v 207.85 -255.25 40.00
v 215.84 -264.04 40.00
v 218.18 -262.45 40.00
v 219.14 -262.45 42.40
v 215.84 -264.04 42.40
v 218.18 -262.45 40.00
v 221.22 -258.64 40.00
v 220.93 -258.87 42.00
v 219.14 -262.45 42.40
v 221.22 -258.64 40.00
v 222.25 -256.00 40.00
v 222.25 -256.00 42.40
v 220.93 -258.87 42.00
v 222.25 -256.00 42.40
v 222.78 -252.37 44.00
v 214.00 -256.00 66.00
v 222.78 -252.37 44.00
v 220.72 -249.28 44.00
v 214.00 -256.00 66.00
v 220.72 -249.28 44.00
v 215.84 -247.96 42.40
v 214.00 -256.00 66.00
v 240.40 -261.75 -2.00
v 240.40 -250.25 -2.00
v 240.40 -250.25 11.60
v 240.40 -261.75 11.60
v 240.40 -250.25 -2.00
v 231.60 -250.25 -2.00
v 231.60 -250.25 11.60
v 240.40 -250.25 11.60
v 231.60 -250.25 -2.00
v 231.60 -261.75 -2.00
v 231.60 -261.75 11.60
v 231.60 -250.25 11.60
v 230.80 -254.60 -2.00
v 241.20 -254.60 -2.00
v 241.20 -257.40 -2.00
v 230.80 -257.40 -2.00
v 230.80 -257.40 12.40
v 241.20 -257.40 12.40
v 241.20 -254.60 12.40
v 230.80 -254.60 12.40
v 230.80 -257.40 -2.00
v 241.20 -257.40 -2.00
v 241.20 -257.40 12.40
v 230.80 -257.40 12.40
v 296.80 -257.40 12.40
v 307.20 -257.40 12.40
v 307.20 -254.60 12.40
v 296.80 -254.60 12.40
v 296.80 -257.40 -2.00
v 307.20 -257.40 -2.00
v 307.20 -257.40 12.40
v 296.80 -257.40 12.40
v 307.20 -257.40 -2.00
v 307.20 -254.60 -2.00
v 307.20 -254.60 12.40
v 307.20 -257.40 12.40
v 307.20 -254.60 -2.00
v 296.80 -254.60 -2.00
v 296.80 -254.60 12.40
v 307.20 -254.60 12.40
v 296.80 -254.60 -2.00
v 296.80 -257.40 -2.00
v 296.80 -257.40 12.40
v 296.80 -254.60 12.40
v 319.60 -250.25 -2.00
v 328.40 -250.25 -2.00
v 328.40 -261.75 -2.00
v 319.60 -261.75 -2.00
v 362.80 -254.60 -2.00
v 362.80 -257.40 -2.00
v 362.80 -257.40 12.40
v 362.80 -254.60 12.40
v 385.60 -250.25 -2.00
v 394.40 -250.25 -2.00
v 394.40 -261.75 -2.00
v 385.60 -261.75 -2.00
v 385.60 -261.75 11.60
v 394.40 -261.75 11.60
v 394.40 -250.25 11.60
v 385.60 -250.25 11.60
v 385.60 -261.75 -2.00
v 394.40 -261.75 -2.00
v 394.40 -261.75 11.60
v 385.60 -261.75 11.60
v 394.40 -261.75 -2.00
v 394.40 -250.25 -2.00
v 394.40 -250.25 11.60
v 394.40 -261.75 11.60
v 394.40 -250.25 -2.00
v 385.60 -250.25 -2.00
v 385.60 -250.25 11.60
v 394.40 -250.25 11.60
v 217.75 -250.25 4.04
v 219.15 -250.25 4.04
v 217.29 -250.25 6.19
v 217.29 -261.75 6.19
v 216.10 -261.75 8.78
v 214.71 -261.75 8.78
v 217.29 -250.25 6.19
v 216.10 -250.25 8.78
v 214.71 -250.25 8.78
v 214.71 -261.75 8.78
v 216.10 -261.75 8.78
v 215.70 -261.75 11.60
v 214.30 -261.75 11.60
v 214.71 -250.25 8.78
v 216.10 -250.25 8.78
v 215.70 -250.25 11.60
v 214.30 -250.25 11.60
v 256.30 -261.75 11.60
v 257.70 -261.75 11.60
v 257.30 -261.75 8.78
v 298.71 -250.25 6.19
v 300.11 -250.25 6.19
v 298.25 -250.25 4.04
v 296.85 -250.25 4.04
v 296.85 -261.75 4.04
v 298.25 -261.75 4.04
v 296.85 -261.75 4.04
v 294.45 -261.75 2.50
v 296.85 -250.25 4.04
v 298.25 -250.25 4.04
v 296.85 -250.25 4.04
v 294.45 -250.25 2.50
v 294.45 -261.75 2.50
v 296.85 -261.75 4.04
v 293.12 -261.75 1.70
v 291.72 -261.75 1.70
v 294.45 -250.25 2.50
v 296.85 -250.25 4.04
v 293.12 -250.25 1.70
v 291.72 -250.25 1.70
v 287.55 -261.75 2.50
v 285.15 -261.75 4.04
v 283.75 -261.75 4.04
v 345.30 -250.25 8.78
v 344.11 -250.25 6.19
v 342.71 -250.25 6.19
v 342.71 -261.75 6.19
v 344.11 -261.75 6.19
v 342.25 -261.75 4.04
v 340.85 -261.75 4.04
v 342.71 -250.25 6.19
v 344.11 -250.25 6.19
v 342.25 -250.25 4.04
v 340.85 -250.25 4.04
v 340.85 -261.75 4.04
v 342.25 -261.75 4.04
v 340.85 -261.75 4.04
v 338.45 -261.75 2.50
v 340.85 -250.25 4.04
v 342.25 -250.25 4.04
v 340.85 -250.25 4.04
v 338.45 -250.25 2.50
v 338.45 -261.75 2.50
v 340.85 -261.75 4.04
v 337.12 -261.75 1.70
v 335.72 -261.75 1.70
v 388.30 -250.25 11.60
v 389.70 -250.25 11.60
v 389.30 -250.25 8.78
v 389.30 -261.75 8.78
v 388.11 -261.75 6.19
v 386.71 -261.75 6.19
v 389.30 -250.25 8.78
v 388.11 -250.25 6.19
v 386.71 -250.25 6.19
v 386.71 -261.75 6.19
v 388.11 -261.75 6.19
v 386.25 -261.75 4.04
v 384.85 -261.75 4.04
v 386.71 -250.25 6.19
v 388.11 -250.25 6.19
v 386.25 -250.25 4.04
v 384.85 -250.25 4.04
v 384.85 -261.75 4.04
v 386.25 -261.75 4.04
v 384.85 -261.75 4.04
v 382.45 -261.75 2.50
v 257.20 -251.35 20.40
v 258.80 -251.35 20.40
v 258.80 -249.75 20.40
v 257.20 -249.75 20.40
v 257.20 -251.35 19.60
v 257.80 -250.90 19.60
v 258.80 -251.35 20.40
v 257.20 -251.35 20.40
v 257.80 -250.90 19.60
v 258.40 -250.55 19.60
v 258.80 -249.75 20.40
v 258.80 -251.35 20.40
v 258.40 -250.55 19.60
v 257.20 -249.75 19.60
v 257.20 -249.75 20.40
v 258.80 -249.75 20.40
v 257.20 -249.75 19.60
v 257.20 -251.35 19.60
v 257.20 -251.35 20.40
v 257.20 -249.75 20.40
v 301.20 -260.65 19.60
v 302.40 -261.45 19.60
v 302.80 -262.25 19.60
v 301.20 -262.25 19.60
v 389.80 -250.90 16.70
v 390.40 -250.55 16.70
v 390.40 -250.55 19.60
v 389.80 -250.90 19.60
v 389.20 -249.75 19.60
v 390.40 -250.55 19.60
v 389.80 -250.90 19.60
v 389.20 -251.35 19.60
v 389.20 -251.35 20.40
v 390.80 -251.35 20.40
v 390.80 -249.75 20.40
v 389.20 -249.75 20.40
v 389.20 -251.35 19.60
v 389.80 -250.90 19.60
v 390.80 -251.35 20.40
v 389.20 -251.35 20.40
v 389.80 -250.90 19.60
v 390.40 -250.55 19.60
v 390.80 -249.75 20.40
v 390.80 -251.35 20.40
v 390.40 -250.55 19.60
v 389.20 -249.75 19.60
v 389.20 -249.75 20.40
v 390.80 -249.75 20.40
v 249.43 -188.30 38.00
v 250.96 -186.39 38.00
v 251.77 -186.78 41.00
v 249.99 -189.00 41.00
v 250.96 -186.39 38.00
v 251.50 -184.00 38.00
v 252.40 -184.00 41.00
v 251.77 -186.78 41.00
v 252.40 -184.00 41.00
v 251.77 -181.22 41.00
v 249.99 -179.00 41.00
v 247.42 -177.76 41.00
v 244.58 -177.76 41.00
v 242.01 -179.00 41.00
v 240.23 -181.22 41.00
v 239.60 -184.00 41.00
v 240.23 -186.78 41.00
v 242.01 -189.00 41.00
v 244.58 -190.24 41.00
v 247.42 -190.24 41.00
v 249.99 -189.00 41.00
v 251.77 -186.78 41.00
v 252.40 -184.00 41.00
v 251.77 -181.22 41.00
v 246.00 -184.00 58.00
v 251.77 -181.22 41.00
v 249.99 -179.00 41.00
v 246.00 -184.00 58.00
v 249.99 -179.00 41.00
v 247.42 -177.76 41.00
v 246.00 -184.00 58.00
v 193.93 -258.91 9.60
v 202.07 -253.09 9.60
v 202.07 -253.09 13.00
v 193.93 -258.91 13.00
v 197.51 -261.95 13.00
v 198.49 -261.25 13.00
v 198.49 -261.25 15.00
v 197.51 -261.95 15.00
v 197.51 -250.75 13.00
v 198.49 -250.05 13.00
v 198.49 -250.05 15.00
v 197.51 -250.75 15.00
v 202.96 -252.74 15.00
v 202.35 -252.40 15.00
v 202.35 -252.40 18.00
v 202.96 -252.74 18.00
v -0.00 -9000.00 -18.00
v 529.41 -9000.00 -18.00
v 529.41 -9000.00 0.00
v -0.00 -9000.00 0.00
v 529.41 -9000.00 -18.00
v 529.41 -8470.59 -18.00
v 529.41 -8470.59 0.00
v 529.41 -9000.00 0.00
v 529.41 -8470.59 -18.00
v -0.00 -8470.59 -18.00
v -0.00 -8470.59 0.00
v 529.41 -8470.59 0.00
v -0.00 -7941.18 -18.00
v 529.41 -7941.18 -18.00
v 529.41 -8470.59 -18.00
v -0.00 -8470.59 -18.00
v -0.00 -8470.59 0.00
v 529.41 -8470.59 0.00
v 529.41 -7941.18 0.00
v -0.00 -7941.18 0.00
v -0.00 -8470.59 -18.00
v 529.41 -8470.59 -18.00
v 529.41 -8470.59 0.00
v -0.00 -8470.59 0.00
v -0.00 -4764.71 -18.00
v 529.41 -4764.71 -18.00
v 529.41 -4764.71 0.00
v -0.00 -4764.71 0.00
v 529.41 -4764.71 -18.00
v 529.41 -4235.29 -18.00
v 529.41 -4235.29 0.00
v 529.41 -4764.71 0.00
v 529.41 -4235.29 -18.00
v -0.00 -4235.29 -18.00
v -0.00 -4235.29 0.00
v 529.41 -4235.29 0.00
v -0.00 -3705.88 -18.00
v 529.41 -3705.88 -18.00
v 529.41 -4235.29 -18.00
v -0.00 -4235.29 -18.00
v -0.00 -4235.29 0.00
v 529.41 -4235.29 0.00
v 529.41 -3705.88 0.00
v -0.00 -3705.88 0.00
v -0.00 -4235.29 -18.00
v 529.41 -4235.29 -18.00
v 529.41 -4235.29 0.00
v -0.00 -4235.29 0.00
v -0.00 -529.41 -18.00
v 529.41 -529.41 -18.00
v 529.41 -529.41 0.00
v -0.00 -529.41 0.00
v 529.41 -529.41 -18.00
v 529.41 -0.00 -18.00
v 529.41 -0.00 0.00
v 529.41 -529.41 0.00
v 529.41 -0.00 -18.00
v -0.00 -0.00 -18.00
v -0.00 -0.00 0.00
v 529.41 -0.00 0.00
v -0.00 529.41 -18.00
v 529.41 529.41 -18.00
v 529.41 -0.00 -18.00
v -0.00 -0.00 -18.00
v -0.00 -0.00 0.00
v 529.41 -0.00 0.00
v 529.41 529.41 0.00
v -0.00 529.41 0.00
v -0.00 -0.00 -18.00
v 529.41 -0.00 -18.00
v 529.41 -0.00 0.00
v -0.00 -0.00 0.00
v -0.00 3705.88 -18.00
v 529.41 3705.88 -18.00
v 529.41 3705.88 0.00
v -0.00 3705.88 0.00
v 529.41 3705.88 -18.00
v 529.41 4235.29 -18.00
v 529.41 4235.29 0.00
v 529.41 3705.88 0.00
v 529.41 4235.29 -18.00
v -0.00 4235.29 -18.00
v -0.00 4235.29 0.00
v 529.41 4235.29 0.00
v -0.00 4764.71 -18.00
v 529.41 4764.71 -18.00
v 529.41 4235.29 -18.00
v -0.00 4235.29 -18.00
v -0.00 4235.29 0.00
v 529.41 4235.29 0.00
v 529.41 4764.71 0.00
v -0.00 4764.71 0.00
v -0.00 4235.29 -18.00
v 529.41 4235.29 -18.00
v 529.41 4235.29 0.00
v -0.00 4235.29 0.00
v 529.41 -5823.53 0.00
v 1058.82 -5823.53 0.00
v 1058.82 -5294.12 0.00
v 529.41 -5294.12 0.00
v 529.41 -5823.53 -18.00
v 1058.82 -5823.53 -18.00
v 1058.82 -5823.53 0.00
v 529.41 -5823.53 0.00
v 1058.82 -5823.53 -18.00
v 1058.82 -5294.12 -18.00
v 1058.82 -5294.12 0.00
v 1058.82 -5823.53 0.00
v 1058.82 -5294.12 -18.00
v 529.41 -5294.12 -18.00
v 529.41 -5294.12 0.00
v 1058.82 -5294.12 0.00
v 529.41 -5294.12 -18.00
v 529.41 -5823.53 -18.00
v 529.41 -5823.53 0.00
v 529.41 -5294.12 0.00
v 529.41 -4764.71 -18.00
v 1058.82 -4764.71 -18.00
v 1058.82 -5294.12 -18.00
v 529.41 -5294.12 -18.00
v 529.41 -2117.65 -18.00
v 529.41 -2647.06 -18.00
v 529.41 -2647.06 0.00
v 529.41 -2117.65 0.00
v 529.41 -1588.23 -18.00
v 1058.82 -1588.23 -18.00
v 1058.82 -2117.65 -18.00
v 529.41 -2117.65 -18.00
v 529.41 -2117.65 0.00
v 1058.82 -2117.65 0.00
v 1058.82 -1588.23 0.00
v 529.41 -1588.23 0.00
v 529.41 -2117.65 -18.00
v 1058.82 -2117.65 -18.00
v 1058.82 -2117.65 0.00
v 529.41 -2117.65 0.00
v 1058.82 -2117.65 -18.00
v 1058.82 -1588.23 -18.00
v 1058.82 -1588.23 0.00
v 1058.82 -2117.65 0.00
v 1058.82 -1588.23 -18.00
v 529.41 -1588.23 -18.00
v 529.41 -1588.23 0.00
v 1058.82 -1588.23 0.00
v 1058.82 1588.23 -18.00
v 1058.82 2117.65 -18.00
v 1058.82 2117.65 0.00
v 1058.82 1588.23 0.00
v 1058.82 2117.65 -18.00
v 529.41 2117.65 -18.00
v 529.41 2117.65 0.00
v 1058.82 2117.65 0.00
v 529.41 2117.65 -18.00
v 529.41 1588.23 -18.00
v 529.41 1588.23 0.00
v 529.41 2117.65 0.00
v 529.41 2647.06 -18.00
v 1058.82 2647.06 -18.00
v 1058.82 2117.65 -18.00
v 529.41 2117.65 -18.00
v 529.41 2117.65 0.00
v 1058.82 2117.65 0.00
v 1058.82 2647.06 0.00
v 529.41 2647.06 0.00
v 529.41 2117.65 -18.00
v 1058.82 2117.65 -18.00
v 1058.82 2117.65 0.00
v 529.41 2117.65 0.00
v 1058.82 -7941.18 -18.00
v 1588.23 -7941.18 -18.00
v 1588.23 -8470.59 -18.00
v 1058.82 -8470.59 -18.00
v 1058.82 -8470.59 0.00
v 1588.23 -8470.59 0.00
v 1588.23 -7941.18 0.00
v 1058.82 -7941.18 0.00
v 1058.82 -8470.59 -18.00
v 1588.23 -8470.59 -18.00
v 1588.23 -8470.59 0.00
v 1058.82 -8470.59 0.00
v 1588.23 -8470.59 -18.00
v 1588.23 -7941.18 -18.00
v 1588.23 -7941.18 0.00
v 1588.23 -8470.59 0.00
v 1588.23 -7941.18 -18.00
v 1058.82 -7941.18 -18.00
v 1058.82 -7941.18 0.00
v 1588.23 -7941.18 0.00
v 1058.82 -7941.18 -18.00
v 1058.82 -8470.59 -18.00
v 1058.82 -8470.59 0.00
v 1058.82 -7941.18 0.00
v 1588.23 -4764.71 -18.00
v 1058.82 -4764.71 -18.00
v 1058.82 -4764.71 0.00
v 1588.23 -4764.71 0.00
v 1058.82 -4764.71 -18.00
v 1058.82 -5294.12 -18.00
v 1058.82 -5294.12 0.00
v 1058.82 -4764.71 0.00
v 1058.82 -4235.29 -18.00
v 1588.23 -4235.29 -18.00
v 1588.23 -4764.71 -18.00
v 1058.82 -4764.71 -18.00
v 1058.82 -4764.71 0.00
v 1588.23 -4764.71 0.00
v 1588.23 -4235.29 0.00
v 1058.82 -4235.29 0.00
v 1058.82 -4764.71 -18.00
v 1588.23 -4764.71 -18.00
v 1588.23 -4764.71 0.00
v 1058.82 -4764.71 0.00
v 1588.23 -4764.71 -18.00
v 1588.23 -4235.29 -18.00
v 1588.23 -4235.29 0.00
v 1588.23 -4764.71 0.00
v 1058.82 -2117.65 -18.00
v 1588.23 -2117.65 -18.00
v 1588.23 -2117.65 0.00
v 1058.82 -2117.65 0.00
v 1588.23 -2117.65 -18.00
v 1588.23 -1588.23 -18.00
v 1588.23 -1588.23 0.00
v 1588.23 -2117.65 0.00
v 1588.23 -1588.23 -18.00
v 1058.82 -1588.23 -18.00
v 1058.82 -1588.23 0.00
v 1588.23 -1588.23 0.00
v 1058.82 -1588.23 -18.00
v 1058.82 -2117.65 -18.00
v 1058.82 -2117.65 0.00
v 1058.82 -1588.23 0.00
v 1058.82 -1058.82 -18.00
v 1588.23 -1058.82 -18.00
v 1588.23 -1588.23 -18.00
v 1058.82 -1588.23 -18.00
v 1058.82 -1588.23 0.00
v 1588.23 -1588.23 0.00
v 1588.23 -1058.82 0.00
v 1058.82 -1058.82 0.00
v 1058.82 2647.06 -18.00
v 1588.23 2647.06 -18.00
v 1588.23 2117.65 -18.00
v 1058.82 2117.65 -18.00
v 1058.82 2117.65 0.00
v 1588.23 2117.65 0.00
v 1588.23 2647.06 0.00
v 1058.82 2647.06 0.00
v 1058.82 2117.65 -18.00
v 1588.23 2117.65 -18.00
v 1588.23 2117.65 0.00
v 1058.82 2117.65 0.00
v 1588.23 2117.65 -18.00
v 1588.23 2647.06 -18.00
v 1588.23 2647.06 0.00
v 1588.23 2117.65 0.00
v 1588.23 2647.06 -18.00
v 1058.82 2647.06 -18.00
v 1058.82 2647.06 0.00
v 1588.23 2647.06 0.00
v 1058.82 2647.06 -18.00
v 1058.82 2117.65 -18.00
v 1058.82 2117.65 0.00
v 1058.82 2647.06 0.00
v 2117.65 -9000.00 -18.00
v 2117.65 -8470.59 -18.00
v 2117.65 -8470.59 0.00
v 2117.65 -9000.00 0.00
v 2117.65 -8470.59 -18.00
v 1588.23 -8470.59 -18.00
v 1588.23 -8470.59 0.00
v 2117.65 -8470.59 0.00
v 1588.23 -8470.59 -18.00
v 1588.23 -9000.00 -18.00
v 1588.23 -9000.00 0.00
v 1588.23 -8470.59 0.00
v 1588.23 -7941.18 -18.00
v 2117.65 -7941.18 -18.00
v 2117.65 -8470.59 -18.00
v 1588.23 -8470.59 -18.00
v 1588.23 -8470.59 0.00
v 2117.65 -8470.59 0.00
v 2117.65 -7941.18 0.00
v 1588.23 -7941.18 0.00
v 1588.23 -8470.59 -18.00
v 2117.65 -8470.59 -18.00
v 2117.65 -8470.59 0.00
v 1588.23 -8470.59 0.00
v 1588.23 -5823.53 0.00
v 2117.65 -5823.53 0.00
v 2117.65 -5294.12 0.00
v 1588.23 -5294.12 0.00
v 1588.23 -5823.53 -18.00
v 2117.65 -5823.53 -18.00
v 2117.65 -5823.53 0.00
v 1588.23 -5823.53 0.00
v 2117.65 -5823.53 -18.00
v 2117.65 -5294.12 -18.00
v 2117.65 -5294.12 0.00
v 2117.65 -5823.53 0.00
v 2117.65 -5294.12 -18.00
v 1588.23 -5294.12 -18.00
v 1588.23 -5294.12 0.00
v 2117.65 -5294.12 0.00
v 1588.23 -5294.12 -18.00
v 1588.23 -5823.53 -18.00
v 1588.23 -5823.53 0.00
v 1588.23 -5294.12 0.00
v 1588.23 -4764.71 -18.00
v 2117.65 -4764.71 -18.00
v 2117.65 -5294.12 -18.00
v 1588.23 -5294.12 -18.00
v 1588.23 -2117.65 -18.00
v 1588.23 -2647.06 -18.00
v 1588.23 -2647.06 0.00
v 1588.23 -2117.65 0.00
v 1588.23 -1588.23 -18.00
v 2117.65 -1588.23 -18.00
v 2117.65 -2117.65 -18.00
v 1588.23 -2117.65 -18.00
v 1588.23 -2117.65 0.00
v 2117.65 -2117.65 0.00
v 2117.65 -1588.23 0.00
v 1588.23 -1588.23 0.00
v 1588.23 -2117.65 -18.00
v 2117.65 -2117.65 -18.00
v 2117.65 -2117.65 0.00
v 1588.23 -2117.65 0.00
v 2117.65 -2117.65 -18.00
v 2117.65 -1588.23 -18.00
v 2117.65 -1588.23 0.00
v 2117.65 -2117.65 0.00
v 2117.65 -1588.23 -18.00
v 1588.23 -1588.23 -18.00
v 1588.23 -1588.23 0.00
v 2117.65 -1588.23 0.00
v 2117.65 1058.82 -18.00
v 2117.65 1588.23 -18.00
v 2117.65 1588.23 0.00
v 2117.65 1058.82 0.00
v 2117.65 1588.23 -18.00
v 1588.23 1588.23 -18.00
v 1588.23 1588.23 0.00
v 2117.65 1588.23 0.00
v 1588.23 1588.23 -18.00
v 1588.23 1058.82 -18.00
v 1588.23 1058.82 0.00
v 1588.23 1588.23 0.00
v 1588.23 2117.65 -18.00
v 2117.65 2117.65 -18.00
v 2117.65 1588.23 -18.00
v 1588.23 1588.23 -18.00
v 1588.23 1588.23 0.00
v 2117.65 1588.23 0.00
v 2117.65 2117.65 0.00
v 1588.23 2117.65 0.00
v 1588.23 1588.23 -18.00
v 2117.65 1588.23 -18.00
v 2117.65 1588.23 0.00
v 1588.23 1588.23 0.00
v 2647.06 -4235.29 -18.00
v 2647.06 -3705.88 -18.00
v 2647.06 -3705.88 0.00
v 2647.06 -4235.29 0.00
v 2647.06 -3705.88 -18.00
v 2117.65 -3705.88 -18.00
v 2117.65 -3705.88 0.00
v 2647.06 -3705.88 0.00
v 2117.65 -3705.88 -18.00
v 2117.65 -4235.29 -18.00
v 2117.65 -4235.29 0.00
v 2117.65 -3705.88 0.00
v 2117.65 -3176.47 -18.00
v 2647.06 -3176.47 -18.00
v 2647.06 -3705.88 -18.00
v 2117.65 -3705.88 -18.00
v 2117.65 -3705.88 0.00
v 2647.06 -3705.88 0.00
v 2647.06 -3176.47 0.00
v 2117.65 -3176.47 0.00
v 2117.65 -3705.88 -18.00
v 2647.06 -3705.88 -18.00
v 2647.06 -3705.88 0.00
v 2117.65 -3705.88 0.00
v 2117.65 -1058.82 0.00
v 2647.06 -1058.82 0.00
v 2647.06 -529.41 0.00
v 2117.65 -529.41 0.00
v 2117.65 -1058.82 -18.00
v 2647.06 -1058.82 -18.00
v 2647.06 -1058.82 0.00
v 2117.65 -1058.82 0.00
v 2647.06 -1058.82 -18.00
v 2647.06 -529.41 -18.00
v 2647.06 -529.41 0.00
v 2647.06 -1058.82 0.00
v 2647.06 -529.41 -18.00
v 2117.65 -529.41 -18.00
v 2117.65 -529.41 0.00
v 2647.06 -529.41 0.00
v 2117.65 -529.41 -18.00
v 2117.65 -1058.82 -18.00
v 2117.65 -1058.82 0.00
v 2117.65 -529.41 0.00
v 2117.65 -0.00 -18.00
v 2647.06 -0.00 -18.00
v 2647.06 -529.41 -18.00
v 2117.65 -529.41 -18.00
v 2117.65 2647.06 -18.00
v 2117.65 2117.65 -18.00
v 2117.65 2117.65 0.00
v 2117.65 2647.06 0.00
v 2117.65 3176.47 -18.00
v 2647.06 3176.47 -18.00
v 2647.06 2647.06 -18.00
v 2117.65 2647.06 -18.00
v 2117.65 2647.06 0.00
v 2647.06 2647.06 0.00
v 2647.06 3176.47 0.00
v 2117.65 3176.47 0.00
v 2117.65 2647.06 -18.00
v 2647.06 2647.06 -18.00
v 2647.06 2647.06 0.00
v 2117.65 2647.06 0.00
v 2647.06 2647.06 -18.00
v 2647.06 3176.47 -18.00
v 2647.06 3176.47 0.00
v 2647.06 2647.06 0.00
v 2647.06 3176.47 -18.00
v 2117.65 3176.47 -18.00
v 2117.65 3176.47 0.00
v 2647.06 3176.47 0.00
v 2647.06 -7941.18 -18.00
v 3176.47 -7941.18 -18.00
v 3176.47 -7941.18 0.00
v 2647.06 -7941.18 0.00
v 3176.47 -7941.18 -18.00
v 3176.47 -7411.77 -18.00
v 3176.47 -7411.77 0.00
v 3176.47 -7941.18 0.00
v 3176.47 -7411.77 -18.00
v 2647.06 -7411.77 -18.00
v 2647.06 -7411.77 0.00
v 3176.47 -7411.77 0.00
v 2647.06 -7411.77 -18.00
v 2647.06 -7941.18 -18.00
v 2647.06 -7941.18 0.00
v 2647.06 -7411.77 0.00
v 2647.06 -6882.35 -18.00
v 3176.47 -6882.35 -18.00
v 3176.47 -7411.77 -18.00
v 2647.06 -7411.77 -18.00
v 2647.06 -7411.77 0.00
v 3176.47 -7411.77 0.00
v 3176.47 -6882.35 0.00
v 2647.06 -6882.35 0.00
v 2647.06 -4235.29 -18.00
v 3176.47 -4235.29 -18.00
v 3176.47 -4764.71 -18.00
v 2647.06 -4764.71 -18.00
v 2647.06 -4764.71 0.00
v 3176.47 -4764.71 0.00
v 3176.47 -4235.29 0.00
v 2647.06 -4235.29 0.00
v 2647.06 -4764.71 -18.00
v 3176.47 -4764.71 -18.00
v 3176.47 -4764.71 0.00
v 2647.06 -4764.71 0.00
v 3176.47 -4764.71 -18.00
v 3176.47 -4235.29 -18.00
v 3176.47 -4235.29 0.00
v 3176.47 -4764.71 0.00
v 3176.47 -4235.29 -18.00
v 2647.06 -4235.29 -18.00
v 2647.06 -4235.29 0.00
v 3176.47 -4235.29 0.00
v 2647.06 -4235.29 -18.00
v 2647.06 -4764.71 -18.00
v 2647.06 -4764.71 0.00
v 2647.06 -4235.29 0.00
v 3176.47 -1058.82 -18.00
v 2647.06 -1058.82 -18.00
v 2647.06 -1058.82 0.00
v 3176.47 -1058.82 0.00
v 2647.06 -1058.82 -18.00
v 2647.06 -1588.23 -18.00
v 2647.06 -1588.23 0.00
v 2647.06 -1058.82 0.00
v 2647.06 -529.41 -18.00
v 3176.47 -529.41 -18.00
v 3176.47 -1058.82 -18.00
v 2647.06 -1058.82 -18.00
v 2647.06 -1058.82 0.00
v 3176.47 -1058.82 0.00
v 3176.47 -529.41 0.00
v 2647.06 -529.41 0.00
v 2647.06 -1058.82 -18.00
v 3176.47 -1058.82 -18.00
v 3176.47 -1058.82 0.00
v 2647.06 -1058.82 0.00
v 3176.47 -1058.82 -18.00
v 3176.47 -529.41 -18.00
v 3176.47 -529.41 0.00
v 3176.47 -1058.82 0.00
v 2647.06 2647.06 -18.00
v 3176.47 2647.06 -18.00
v 3176.47 2647.06 0.00
v 2647.06 2647.06 0.00
v 3176.47 2647.06 -18.00
v 3176.47 3176.47 -18.00
v 3176.47 3176.47 0.00
v 3176.47 2647.06 0.00
v 3176.47 3176.47 -18.00
v 2647.06 3176.47 -18.00
v 2647.06 3176.47 0.00
v 3176.47 3176.47 0.00
v 2647.06 3176.47 -18.00
v 2647.06 2647.06 -18.00
v 2647.06 2647.06 0.00
v 2647.06 3176.47 0.00
v 2647.06 3705.88 -18.00
v 3176.47 3705.88 -18.00
v 3176.47 3176.47 -18.00
v 2647.06 3176.47 -18.00
v 2647.06 3176.47 0.00
v 3176.47 3176.47 0.00
v 3176.47 3705.88 0.00
v 2647.06 3705.88 0.00
v 3176.47 -7941.18 -18.00
v 3176.47 -8470.59 -18.00
v 3176.47 -8470.59 0.00
v 3176.47 -7941.18 0.00
v 3176.47 -7411.77 -18.00
v 3705.88 -7411.77 -18.00
v 3705.88 -7941.18 -18.00
v 3176.47 -7941.18 -18.00
v 3176.47 -7941.18 0.00
v 3705.88 -7941.18 0.00
v 3705.88 -7411.77 0.00
v 3176.47 -7411.77 0.00
v 3176.47 -7941.18 -18.00
v 3705.88 -7941.18 -18.00
v 3705.88 -7941.18 0.00
v 3176.47 -7941.18 0.00
v 3705.88 -7941.18 -18.00
v 3705.88 -7411.77 -18.00
v 3705.88 -7411.77 0.00
v 3705.88 -7941.18 0.00
v 3705.88 -7411.77 -18.00
v 3176.47 -7411.77 -18.00
v 3176.47 -7411.77 0.00
v 3705.88 -7411.77 0.00
v 3705.88 -4764.71 -18.00
v 3705.88 -4235.29 -18.00
v 3705.88 -4235.29 0.00
v 3705.88 -4764.71 0.00
v 3705.88 -4235.29 -18.00
v 3176.47 -4235.29 -18.00
v 3176.47 -4235.29 0.00
v 3705.88 -4235.29 0.00
v 3176.47 -4235.29 -18.00
v 3176.47 -4764.71 -18.00
v 3176.47 -4764.71 0.00
v 3176.47 -4235.29 0.00
v 3176.47 -3705.88 -18.00
v 3705.88 -3705.88 -18.00
v 3705.88 -4235.29 -18.00
v 3176.47 -4235.29 -18.00
v 3176.47 -4235.29 0.00
v 3705.88 -4235.29 0.00
v 3705.88 -3705.88 0.00
v 3176.47 -3705.88 0.00
v 3176.47 -4235.29 -18.00
v 3705.88 -4235.29 -18.00
v 3705.88 -4235.29 0.00
v 3176.47 -4235.29 0.00
v 3176.47 -1058.82 0.00
v 3705.88 -1058.82 0.00
v 3705.88 -529.41 0.00
v 3176.47 -529.41 0.00
v 3176.47 -1058.82 -18.00
v 3705.88 -1058.82 -18.00
v 3705.88 -1058.82 0.00
v 3176.47 -1058.82 0.00
v 3705.88 -1058.82 -18.00
v 3705.88 -529.41 -18.00
v 3705.88 -529.41 0.00
v 3705.88 -1058.82 0.00
v 3705.88 -529.41 -18.00
v 3176.47 -529.41 -18.00
v 3176.47 -529.41 0.00
v 3705.88 -529.41 0.00
v 3176.47 -529.41 -18.00
v 3176.47 -1058.82 -18.00
v 3176.47 -1058.82 0.00
v 3176.47 -529.41 0.00
v 3176.47 -0.00 -18.00
v 3705.88 -0.00 -18.00
v 3705.88 -529.41 -18.00
v 3176.47 -529.41 -18.00
v 3176.47 2647.06 -18.00
v 3176.47 2117.65 -18.00
v 3176.47 2117.65 0.00
v 3176.47 2647.06 0.00
v 3176.47 3176.47 -18.00
v 3705.88 3176.47 -18.00
v 3705.88 2647.06 -18.00
v 3176.47 2647.06 -18.00
v 3176.47 2647.06 0.00
v 3705.88 2647.06 0.00
v 3705.88 3176.47 0.00
v 3176.47 3176.47 0.00
v 3176.47 2647.06 -18.00
v 3705.88 2647.06 -18.00
v 3705.88 2647.06 0.00
v 3176.47 2647.06 0.00
v 3705.88 2647.06 -18.00
v 3705.88 3176.47 -18.00
v 3705.88 3176.47 0.00
v 3705.88 2647.06 0.00
v 3705.88 3176.47 -18.00
v 3176.47 3176.47 -18.00
v 3176.47 3176.47 0.00
v 3705.88 3176.47 0.00
v 3705.88 -8470.59 -18.00
v 4235.29 -8470.59 -18.00
v 4235.29 -8470.59 0.00
v 3705.88 -8470.59 0.00
v 4235.29 -8470.59 -18.00
v 4235.29 -7941.18 -18.00
v 4235.29 -7941.18 0.00
v 4235.29 -8470.59 0.00
v 4235.29 -7941.18 -18.00
v 3705.88 -7941.18 -18.00
v 3705.88 -7941.18 0.00
v 4235.29 -7941.18 0.00
v 3705.88 -7941.18 -18.00
v 3705.88 -8470.59 -18.00
v 3705.88 -8470.59 0.00
v 3705.88 -7941.18 0.00
v 3705.88 -7411.77 -18.00
v 4235.29 -7411.77 -18.00
v 4235.29 -7941.18 -18.00
v 3705.88 -7941.18 -18.00
v 3705.88 -7941.18 0.00
v 4235.29 -7941.18 0.00
v 4235.29 -7411.77 0.00
v 3705.88 -7411.77 0.00
v 3705.88 -3705.88 -18.00
v 4235.29 -3705.88 -18.00
v 4235.29 -4235.29 -18.00
v 3705.88 -4235.29 -18.00
v 3705.88 -4235.29 0.00
v 4235.29 -4235.29 0.00
v 4235.29 -3705.88 0.00
v 3705.88 -3705.88 0.00
v 3705.88 -4235.29 -18.00
v 4235.29 -4235.29 -18.00
v 4235.29 -4235.29 0.00
v 3705.88 -4235.29 0.00
v 4235.29 -4235.29 -18.00
v 4235.29 -3705.88 -18.00
v 4235.29 -3705.88 0.00
v 4235.29 -4235.29 0.00
v 4235.29 -3705.88 -18.00
v 3705.88 -3705.88 -18.00
v 3705.88 -3705.88 0.00
v 4235.29 -3705.88 0.00
v 3705.88 -3705.88 -18.00
v 3705.88 -4235.29 -18.00
v 3705.88 -4235.29 0.00
v 3705.88 -3705.88 0.00
v 4235.29 -529.41 -18.00
v 3705.88 -529.41 -18.00
v 3705.88 -529.41 0.00
v 4235.29 -529.41 0.00
v 3705.88 -529.41 -18.00
v 3705.88 -1058.82 -18.00
v 3705.88 -1058.82 0.00
v 3705.88 -529.41 0.00
v 3705.88 -0.00 -18.00
v 4235.29 -0.00 -18.00
v 4235.29 -529.41 -18.00
v 3705.88 -529.41 -18.00
v 3705.88 -529.41 0.00
v 4235.29 -529.41 0.00
v 4235.29 -0.00 0.00
v 3705.88 -0.00 0.00
v 3705.88 -529.41 -18.00
v 4235.29 -529.41 -18.00
v 4235.29 -529.41 0.00
v 3705.88 -529.41 0.00
v 4235.29 -529.41 -18.00
v 4235.29 -0.00 -18.00
v 4235.29 -0.00 0.00
v 4235.29 -529.41 0.00
v 3705.88 2647.06 -18.00
v 4235.29 2647.06 -18.00
v 4235.29 2647.06 0.00
v 3705.88 2647.06 0.00
v 4235.29 2647.06 -18.00
v 4235.29 3176.47 -18.00
v 4235.29 3176.47 0.00
v 4235.29 2647.06 0.00
v 4235.29 3176.47 -18.00
v 3705.88 3176.47 -18.00
v 3705.88 3176.47 0.00
v 4235.29 3176.47 0.00
v 3705.88 3176.47 -18.00
v 3705.88 2647.06 -18.00
v 3705.88 2647.06 0.00
v 3705.88 3176.47 0.00
v 3705.88 3705.88 -18.00
v 4235.29 3705.88 -18.00
v 4235.29 3176.47 -18.00
v 3705.88 3176.47 -18.00
v 3705.88 3176.47 0.00
v 4235.29 3176.47 0.00
v 4235.29 3705.88 0.00
v 3705.88 3705.88 0.00
v 4235.29 -7411.77 -18.00
v 4235.29 -7941.18 -18.00
v 4235.29 -7941.18 0.00
v 4235.29 -7411.77 0.00
v 4235.29 -6882.35 -18.00
v 4764.71 -6882.35 -18.00
v 4764.71 -7411.77 -18.00
v 4235.29 -7411.77 -18.00
v 4235.29 -7411.77 0.00
v 4764.71 -7411.77 0.00
v 4764.71 -6882.35 0.00
v 4235.29 -6882.35 0.00
v 4235.29 -7411.77 -18.00
v 4764.71 -7411.77 -18.00
v 4764.71 -7411.77 0.00
v 4235.29 -7411.77 0.00
v 4764.71 -7411.77 -18.00
v 4764.71 -6882.35 -18.00
v 4764.71 -6882.35 0.00
v 4764.71 -7411.77 0.00
v 4764.71 -6882.35 -18.00
v 4235.29 -6882.35 -18.00
v 4235.29 -6882.35 0.00
v 4764.71 -6882.35 0.00
v 4764.71 -4764.71 -18.00
v 4764.71 -4235.29 -18.00
v 4764.71 -4235.29 0.00
v 4764.71 -4764.71 0.00
v 4764.71 -4235.29 -18.00
v 4235.29 -4235.29 -18.00
v 4235.29 -4235.29 0.00
v 4764.71 -4235.29 0.00
v 4235.29 -4235.29 -18.00
v 4235.29 -4764.71 -18.00
v 4235.29 -4764.71 0.00
v 4235.29 -4235.29 0.00
v 4235.29 -3705.88 -18.00
v 4764.71 -3705.88 -18.00
v 4764.71 -4235.29 -18.00
v 4235.29 -4235.29 -18.00
v 4235.29 -4235.29 0.00
v 4764.71 -4235.29 0.00
v 4764.71 -3705.88 0.00
v 4235.29 -3705.88 0.00
v 4235.29 -4235.29 -18.00
v 4764.71 -4235.29 -18.00
v 4764.71 -4235.29 0.00
v 4235.29 -4235.29 0.00
v 4235.29 -1588.23 0.00
v 4764.71 -1588.23 0.00
v 4764.71 -1058.82 0.00
v 4235.29 -1058.82 0.00
v 4235.29 -1588.23 -18.00
v 4764.71 -1588.23 -18.00
v 4764.71 -1588.23 0.00
v 4235.29 -1588.23 0.00
v 4764.71 -1588.23 -18.00
v 4764.71 -1058.82 -18.00
v 4764.71 -1058.82 0.00
v 4764.71 -1588.23 0.00
v 4764.71 -1058.82 -18.00
v 4235.29 -1058.82 -18.00
v 4235.29 -1058.82 0.00
v 4764.71 -1058.82 0.00
v 4235.29 -1058.82 -18.00
v 4235.29 -1588.23 -18.00
v 4235.29 -1588.23 0.00
v 4235.29 -1058.82 0.00
v 4235.29 -529.41 -18.00
v 4764.71 -529.41 -18.00
v 4764.71 -1058.82 -18.00
v 4235.29 -1058.82 -18.00
v 4235.29 2117.65 -18.00
v 4235.29 1588.23 -18.00
v 4235.29 1588.23 0.00
v 4235.29 2117.65 0.00
v 4235.29 2647.06 -18.00
v 4764.71 2647.06 -18.00
v 4764.71 2117.65 -18.00
v 4235.29 2117.65 -18.00
v 4235.29 2117.65 0.00
v 4764.71 2117.65 0.00
v 4764.71 2647.06 0.00
v 4235.29 2647.06 0.00
v 4235.29 2117.65 -18.00
v 4764.71 2117.65 -18.00
v 4764.71 2117.65 0.00
v 4235.29 2117.65 0.00
v 4764.71 2117.65 -18.00
v 4764.71 2647.06 -18.00
v 4764.71 2647.06 0.00
v 4764.71 2117.65 0.00
v 4764.71 2647.06 -18.00
v 4235.29 2647.06 -18.00
v 4235.29 2647.06 0.00
v 4764.71 2647.06 0.00
v 4764.71 -7941.18 -18.00
v 5294.12 -7941.18 -18.00
v 5294.12 -7941.18 0.00
v 4764.71 -7941.18 0.00
v 5294.12 -7941.18 -18.00
v 5294.12 -7411.77 -18.00
v 5294.12 -7411.77 0.00
v 5294.12 -7941.18 0.00
v 5294.12 -7411.77 -18.00
v 4764.71 -7411.77 -18.00
v 4764.71 -7411.77 0.00
v 5294.12 -7411.77 0.00
v 4764.71 -7411.77 -18.00
v 4764.71 -7941.18 -18.00
v 4764.71 -7941.18 0.00
v 4764.71 -7411.77 0.00
v 4764.71 -5294.12 -18.00
v 5294.12 -5294.12 -18.00
v 5294.12 -5823.53 -18.00
v 4764.71 -5823.53 -18.00
v 4764.71 -5823.53 0.00
v 5294.12 -5823.53 0.00
v 5294.12 -5294.12 0.00
v 4764.71 -5294.12 0.00
v 4764.71 -5823.53 -18.00
v 5294.12 -5823.53 -18.00
v 5294.12 -5823.53 0.00
v 4764.71 -5823.53 0.00
v 5294.12 -5823.53 -18.00
v 5294.12 -5294.12 -18.00
v 5294.12 -5294.12 0.00
v 5294.12 -5823.53 0.00
v 5294.12 -5294.12 -18.00
v 4764.71 -5294.12 -18.00
v 4764.71 -5294.12 0.00
v 5294.12 -5294.12 0.00
v 4764.71 -5294.12 -18.00
v 4764.71 -5823.53 -18.00
v 4764.71 -5823.53 0.00
v 4764.71 -5294.12 0.00
v 5294.12 -1588.23 -18.00
v 4764.71 -1588.23 -18.00
v 4764.71 -1588.23 0.00
v 5294.12 -1588.23 0.00
v 4764.71 -1588.23 -18.00
v 4764.71 -2117.65 -18.00
v 4764.71 -2117.65 0.00
v 4764.71 -1588.23 0.00
v 4764.71 -1058.82 -18.00
v 5294.12 -1058.82 -18.00
v 5294.12 -1588.23 -18.00
v 4764.71 -1588.23 -18.00
v 4764.71 -1588.23 0.00
v 5294.12 -1588.23 0.00
v 5294.12 -1058.82 0.00
v 4764.71 -1058.82 0.00
v 4764.71 -1588.23 -18.00
v 5294.12 -1588.23 -18.00
v 5294.12 -1588.23 0.00
v 4764.71 -1588.23 0.00
v 5294.12 -1588.23 -18.00
v 5294.12 -1058.82 -18.00
v 5294.12 -1058.82 0.00
v 5294.12 -1588.23 0.00
v 4764.71 1588.23 -18.00
v 5294.12 1588.23 -18.00
v 5294.12 1588.23 0.00
v 4764.71 1588.23 0.00
v 5294.12 1588.23 -18.00
v 5294.12 2117.65 -18.00
v 5294.12 2117.65 0.00
v 5294.12 1588.23 0.00
v 5294.12 2117.65 -18.00
v 4764.71 2117.65 -18.00
v 4764.71 2117.65 0.00
v 5294.12 2117.65 0.00
v 4764.71 2117.65 -18.00
v 4764.71 1588.23 -18.00
v 4764.71 1588.23 0.00
v 4764.71 2117.65 0.00
v 4764.71 2647.06 -18.00
v 5294.12 2647.06 -18.00
v 5294.12 2117.65 -18.00
v 4764.71 2117.65 -18.00
v 4764.71 2117.65 0.00
v 5294.12 2117.65 0.00
v 5294.12 2647.06 0.00
v 4764.71 2647.06 0.00
v 5294.12 -8470.59 -18.00
v 5294.12 -9000.00 -18.00
v 5294.12 -9000.00 0.00
v 5294.12 -8470.59 0.00
v 5294.12 -7941.18 -18.00
v 5823.53 -7941.18 -18.00
v 5823.53 -8470.59 -18.00
v 5294.12 -8470.59 -18.00
v 5294.12 -8470.59 0.00
v 5823.53 -8470.59 0.00
v 5823.53 -7941.18 0.00
v 5294.12 -7941.18 0.00
v 5294.12 -8470.59 -18.00
v 5823.53 -8470.59 -18.00
v 5823.53 -8470.59 0.00
v 5294.12 -8470.59 0.00
v 5823.53 -8470.59 -18.00
v 5823.53 -7941.18 -18.00
v 5823.53 -7941.18 0.00
v 5823.53 -8470.59 0.00
v 5823.53 -7941.18 -18.00
v 5294.12 -7941.18 -18.00
v 5294.12 -7941.18 0.00
v 5823.53 -7941.18 0.00
v 5823.53 -5294.12 -18.00
v 5823.53 -4764.71 -18.00
v 5823.53 -4764.71 0.00
v 5823.53 -5294.12 0.00
v 5823.53 -4764.71 -18.00
v 5294.12 -4764.71 -18.00
v 5294.12 -4764.71 0.00
v 5823.53 -4764.71 0.00
v 5294.12 -4764.71 -18.00
v 5294.12 -5294.12 -18.00
v 5294.12 -5294.12 0.00
v 5294.12 -4764.71 0.00
v 5294.12 -4235.29 -18.00
v 5823.53 -4235.29 -18.00
v 5823.53 -4764.71 -18.00
v 5294.12 -4764.71 -18.00
v 5294.12 -4764.71 0.00
v 5823.53 -4764.71 0.00
v 5823.53 -4235.29 0.00
v 5294.12 -4235.29 0.00
v 5294.12 -4764.71 -18.00
v 5823.53 -4764.71 -18.00
v 5823.53 -4764.71 0.00
v 5294.12 -4764.71 0.00
v 5294.12 -1058.82 0.00
v 5823.53 -1058.82 0.00
v 5823.53 -529.41 0.00
v 5294.12 -529.41 0.00
v 5294.12 -1058.82 -18.00
v 5823.53 -1058.82 -18.00
v 5823.53 -1058.82 0.00
v 5294.12 -1058.82 0.00
v 5823.53 -1058.82 -18.00
v 5823.53 -529.41 -18.00
v 5823.53 -529.41 0.00
v 5823.53 -1058.82 0.00
v 5823.53 -529.41 -18.00
v 5294.12 -529.41 -18.00
v 5294.12 -529.41 0.00
v 5823.53 -529.41 0.00
v 5294.12 -529.41 -18.00
v 5294.12 -1058.82 -18.00
v 5294.12 -1058.82 0.00
v 5294.12 -529.41 0.00
v 5294.12 -0.00 -18.00
v 5823.53 -0.00 -18.00
v 5823.53 -529.41 -18.00
v 5294.12 -529.41 -18.00
v 5294.12 2647.06 -18.00
v 5294.12 2117.65 -18.00
v 5294.12 2117.65 0.00
v 5294.12 2647.06 0.00
v 5294.12 3176.47 -18.00
v 5823.53 3176.47 -18.00
v 5823.53 2647.06 -18.00
v 5294.12 2647.06 -18.00
v 5294.12 2647.06 0.00
v 5823.53 2647.06 0.00
v 5823.53 3176.47 0.00
v 5294.12 3176.47 0.00
v 5294.12 2647.06 -18.00
v 5823.53 2647.06 -18.00
v 5823.53 2647.06 0.00
v 5294.12 2647.06 0.00
v 5823.53 2647.06 -18.00
v 5823.53 3176.47 -18.00
v 5823.53 3176.47 0.00
v 5823.53 2647.06 0.00
v 5823.53 3176.47 -18.00
v 5294.12 3176.47 -18.00
v 5294.12 3176.47 0.00
v 5823.53 3176.47 0.00
v 5823.53 -7941.18 -18.00
v 6352.94 -7941.18 -18.00
v 6352.94 -7941.18 0.00
v 5823.53 -7941.18 0.00
v 6352.94 -7941.18 -18.00
v 6352.94 -7411.77 -18.00
v 6352.94 -7411.77 0.00
v 6352.94 -7941.18 0.00
v 6352.94 -7411.77 -18.00
v 5823.53 -7411.77 -18.00
v 5823.53 -7411.77 0.00
v 6352.94 -7411.77 0.00
v 5823.53 -7411.77 -18.00
v 5823.53 -7941.18 -18.00
v 5823.53 -7941.18 0.00
v 5823.53 -7411.77 0.00
v 5823.53 -6882.35 -18.00
v 6352.94 -6882.35 -18.00
v 6352.94 -7411.77 -18.00
v 5823.53 -7411.77 -18.00
v 5823.53 -7411.77 0.00
v 6352.94 -7411.77 0.00
v 6352.94 -6882.35 0.00
v 5823.53 -6882.35 0.00
v 5823.53 -3176.47 -18.00
v 6352.94 -3176.47 -18.00
v 6352.94 -3705.88 -18.00
v 5823.53 -3705.88 -18.00
v 5823.53 -3705.88 0.00
v 6352.94 -3705.88 0.00
v 6352.94 -3176.47 0.00
v 5823.53 -3176.47 0.00
v 5823.53 -3705.88 -18.00
v 6352.94 -3705.88 -18.00
v 6352.94 -3705.88 0.00
v 5823.53 -3705.88 0.00
v 6352.94 -3705.88 -18.00
v 6352.94 -3176.47 -18.00
v 6352.94 -3176.47 0.00
v 6352.94 -3705.88 0.00
v 6352.94 -3176.47 -18.00
v 5823.53 -3176.47 -18.00
v 5823.53 -3176.47 0.00
v 6352.94 -3176.47 0.00
v 5823.53 -3176.47 -18.00
v 5823.53 -3705.88 -18.00
v 5823.53 -3705.88 0.00
v 5823.53 -3176.47 0.00
v 6352.94 -529.41 -18.00
v 5823.53 -529.41 -18.00
v 5823.53 -529.41 0.00
v 6352.94 -529.41 0.00
v 5823.53 -529.41 -18.00
v 5823.53 -1058.82 -18.00
v 5823.53 -1058.82 0.00
v 5823.53 -529.41 0.00
v 5823.53 -0.00 -18.00
v 6352.94 -0.00 -18.00
v 6352.94 -529.41 -18.00
v 5823.53 -529.41 -18.00
v 5823.53 -529.41 0.00
v 6352.94 -529.41 0.00
v 6352.94 -0.00 0.00
v 5823.53 -0.00 0.00
v 5823.53 -529.41 -18.00
v 6352.94 -529.41 -18.00
v 6352.94 -529.41 0.00
v 5823.53 -529.41 0.00
v 6352.94 -529.41 -18.00
v 6352.94 -0.00 -18.00
v 6352.94 -0.00 0.00
v 6352.94 -529.41 0.00
v 5823.53 2117.65 -18.00
v 6352.94 2117.65 -18.00
v 6352.94 2117.65 0.00
v 5823.53 2117.65 0.00
v 6352.94 2117.65 -18.00
v 6352.94 2647.06 -18.00
v 6352.94 2647.06 0.00
v 6352.94 2117.65 0.00
v 6352.94 2647.06 -18.00
v 5823.53 2647.06 -18.00
v 5823.53 2647.06 0.00
v 6352.94 2647.06 0.00
v 5823.53 2647.06 -18.00
v 5823.53 2117.65 -18.00
v 5823.53 2117.65 0.00
v 5823.53 2647.06 0.00
v 5823.53 3176.47 -18.00
v 6352.94 3176.47 -18.00
v 6352.94 2647.06 -18.00
v 5823.53 2647.06 -18.00
v 5823.53 2647.06 0.00
v 6352.94 2647.06 0.00
v 6352.94 3176.47 0.00
v 5823.53 3176.47 0.00
v 6352.94 -7941.18 -18.00
v 6352.94 -8470.59 -18.00
v 6352.94 -8470.59 0.00
v 6352.94 -7941.18 0.00
v 6352.94 -7411.77 -18.00
v 6882.35 -7411.77 -18.00
v 6882.35 -7941.18 -18.00
v 6352.94 -7941.18 -18.00
v 6352.94 -7941.18 0.00
v 6882.35 -7941.18 0.00
v 6882.35 -7411.77 0.00
v 6352.94 -7411.77 0.00
v 6352.94 -7941.18 -18.00
v 6882.35 -7941.18 -18.00
v 6882.35 -7941.18 0.00
v 6352.94 -7941.18 0.00
v 6882.35 -7941.18 -18.00
v 6882.35 -7411.77 -18.00
v 6882.35 -7411.77 0.00
v 6882.35 -7941.18 0.00
v 6882.35 -7411.77 -18.00
v 6352.94 -7411.77 -18.00
v 6352.94 -7411.77 0.00
v 6882.35 -7411.77 0.00
v 6882.35 -4764.71 -18.00
v 6882.35 -4235.29 -18.00
v 6882.35 -4235.29 0.00
v 6882.35 -4764.71 0.00
v 6882.35 -4235.29 -18.00
v 6352.94 -4235.29 -18.00
v 6352.94 -4235.29 0.00
v 6882.35 -4235.29 0.00
v 6352.94 -4235.29 -18.00
v 6352.94 -4764.71 -18.00
v 6352.94 -4764.71 0.00
v 6352.94 -4235.29 0.00
v 6352.94 -3705.88 -18.00
v 6882.35 -3705.88 -18.00
v 6882.35 -4235.29 -18.00
v 6352.94 -4235.29 -18.00
v 6352.94 -4235.29 0.00
v 6882.35 -4235.29 0.00
v 6882.35 -3705.88 0.00
v 6352.94 -3705.88 0.00
v 6352.94 -4235.29 -18.00
v 6882.35 -4235.29 -18.00
v 6882.35 -4235.29 0.00
v 6352.94 -4235.29 0.00
v 6352.94 -1058.82 0.00
v 6882.35 -1058.82 0.00
v 6882.35 -529.41 0.00
v 6352.94 -529.41 0.00
v 6352.94 -1058.82 -18.00
v 6882.35 -1058.82 -18.00
v 6882.35 -1058.82 0.00
v 6352.94 -1058.82 0.00
v 6882.35 -1058.82 -18.00
v 6882.35 -529.41 -18.00
v 6882.35 -529.41 0.00
v 6882.35 -1058.82 0.00
v 6882.35 -529.41 -18.00
v 6352.94 -529.41 -18.00
v 6352.94 -529.41 0.00
v 6882.35 -529.41 0.00
v 6352.94 -529.41 -18.00
v 6352.94 -1058.82 -18.00
v 6352.94 -1058.82 0.00
v 6352.94 -529.41 0.00
v 6352.94 -0.00 -18.00
v 6882.35 -0.00 -18.00
v 6882.35 -529.41 -18.00
v 6352.94 -529.41 -18.00
v 6352.94 3176.47 -18.00
v 6352.94 2647.06 -18.00
v 6352.94 2647.06 0.00
v 6352.94 3176.47 0.00
v 6352.94 3705.88 -18.00
v 6882.35 3705.88 -18.00
v 6882.35 3176.47 -18.00
v 6352.94 3176.47 -18.00
v 6352.94 3176.47 0.00
v 6882.35 3176.47 0.00
v 6882.35 3705.88 0.00
v 6352.94 3705.88 0.00
v 6352.94 3176.47 -18.00
v 6882.35 3176.47 -18.00
v 6882.35 3176.47 0.00
v 6352.94 3176.47 0.00
v 6882.35 3176.47 -18.00
v 6882.35 3705.88 -18.00
v 6882.35 3705.88 0.00
v 6882.35 3176.47 0.00
v 6882.35 3705.88 -18.00
v 6352.94 3705.88 -18.00
v 6352.94 3705.88 0.00
v 6882.35 3705.88 0.00
v 6882.35 -7941.18 -18.00
v 7411.77 -7941.18 -18.00
v 7411.77 -7941.18 0.00
v 6882.35 -7941.18 0.00
v 7411.77 -7941.18 -18.00
v 7411.77 -7411.77 -18.00
v 7411.77 -7411.77 0.00
v 7411.77 -7941.18 0.00
v 7411.77 -7411.77 -18.00
v 6882.35 -7411.77 -18.00
v 6882.35 -7411.77 0.00
v 7411.77 -7411.77 0.00
v 6882.35 -7411.77 -18.00
v 6882.35 -7941.18 -18.00
v 6882.35 -7941.18 0.00
v 6882.35 -7411.77 0.00
v 6882.35 -6882.35 -18.00
v 7411.77 -6882.35 -18.00
v 7411.77 -7411.77 -18.00
v 6882.35 -7411.77 -18.00
v 6882.35 -7411.77 0.00
v 7411.77 -7411.77 0.00
v 7411.77 -6882.35 0.00
v 6882.35 -6882.35 0.00

usemtl mat_wood
v 207.64 -79.33 73.30
v 207.95 -78.02 73.30
v 207.95 -78.02 75.00
v 207.64 -79.33 75.00
v 207.95 -78.02 73.30
v 207.64 -79.33 73.30
v 207.64 -79.33 75.00
v 207.95 -78.02 75.00
v 208.91 -74.24 76.85
v 209.17 -73.17 76.85
v 209.17 -73.17 80.05
v 208.91 -74.24 80.05
v 209.17 -73.17 76.85
v 208.91 -74.24 76.85
v 208.91 -74.24 80.05
v 209.17 -73.17 80.05
v 226.38 -64.26 68.80
v 227.50 -54.83 68.80
v 235.30 -55.76 68.80
v 234.19 -65.18 68.80
v 234.19 -65.18 80.91
v 235.30 -55.76 80.91
v 227.50 -54.83 80.91
v 226.38 -64.26 80.91
v 217.71 -53.77 76.74
v 217.00 -62.70 76.74
v 216.62 -63.01 79.78
v 217.71 -53.77 79.78
v 217.00 -62.70 76.74
v 224.32 -63.92 76.74
v 224.32 -63.92 79.78
v 216.62 -63.01 79.78
v 225.42 -54.68 79.78
v 226.38 -64.26 80.91
v 225.12 -59.33 85.63
v 216.91 -58.36 85.63
v 225.12 -59.33 85.63
v 216.62 -63.01 79.78
v 217.71 -53.77 79.78
v 216.91 -58.36 85.63
v 226.38 -64.26 80.91
v 216.62 -63.01 79.78
v 225.12 -59.33 85.63
v 225.42 -54.68 79.78
v 216.91 -58.36 85.63
v 217.71 -53.77 79.78
v 176.44 65.12 86.00
v 179.94 65.12 86.00
v 178.19 70.52 92.00
v 179.94 65.12 86.00
v 182.78 67.18 86.00
v 178.19 70.52 92.00
v 182.78 67.18 86.00
v 183.86 70.52 86.00
v 178.19 70.52 92.00
v 238.90 -81.79 62.00
v 238.09 -79.32 62.00
v 238.09 -79.32 86.00
v 238.90 -81.79 86.00
v 238.09 -79.32 62.00
v 236.00 -77.80 62.00
v 236.00 -77.80 86.00
v 238.09 -79.32 86.00
v 236.00 -77.80 62.00
v 233.40 -77.80 62.00
v 233.40 -77.80 86.00
v 236.00 -77.80 86.00
v 257.23 -52.49 60.47
v 257.23 -53.91 60.47
v 257.23 -53.91 63.35
v 257.23 -52.49 63.35
v 257.23 -53.91 60.47
v 257.72 -53.91 60.47
v 257.72 -53.91 63.35
v 257.23 -53.91 63.35
v 254.89 -53.91 66.22
v 254.89 -52.49 66.22
v 254.89 -52.49 69.10
v 254.89 -53.91 69.10
v 254.89 -52.49 66.22
v 254.89 -53.91 66.22
v 254.89 -53.91 69.10
v 254.89 -52.49 69.10
v 257.23 -53.91 66.22
v 257.23 -52.49 66.22
v 257.72 -52.49 66.22
v 259.39 -54.14 67.70
v 257.72 -53.91 69.10
v 257.72 -52.49 69.10
v 257.23 -52.49 69.10
v 257.23 -53.91 69.10
v 229.38 -46.18 54.80
v 229.38 -53.82 54.80
v 229.38 -53.82 65.47
v 229.38 -46.18 65.47
v 229.38 -53.82 54.80
v 236.63 -53.82 54.80
v 236.63 -53.82 65.47
v 229.38 -53.82 65.47
v 236.63 -46.18 65.47
v 236.63 -53.82 65.47
v 237.23 -50.00 70.66
v 228.78 -50.00 70.66
v 237.23 -50.00 70.66
v 228.78 -54.42 65.47
v 228.78 -45.58 65.47
v 228.78 -50.00 70.66
v 236.63 -53.82 65.47
v 228.78 -54.42 65.47
v 237.23 -50.00 70.66
v 236.63 -46.18 65.47
v 228.78 -50.00 70.66
v 228.78 -45.58 65.47
v 244.24 -8.46 60.40
v 243.96 -7.29 60.40
v 243.96 -7.29 63.20
v 244.24 -8.46 63.20
v 243.96 -7.29 60.40
v 244.24 -8.46 60.40
v 244.24 -8.46 63.20
v 243.96 -7.29 63.20
v 246.64 -8.46 60.40
v 244.24 -8.46 60.40
v 244.24 -8.46 63.20
v 246.64 -8.46 63.20
v 244.24 -8.46 60.40
v 246.64 -8.46 60.40
v 246.64 -8.46 63.20
v 244.24 -8.46 63.20
v 244.24 -8.46 66.01
v 243.96 -7.29 66.01
v 243.96 -7.29 68.81
v 244.24 -8.46 68.81
v 243.96 -7.29 66.01
v 244.24 -8.46 66.01
v 244.24 -8.46 68.81
v 243.96 -7.29 68.81
v 247.41 16.82 62.88
v 246.87 18.26 62.88
v 246.87 18.26 64.64
v 247.41 16.82 64.64
v 246.87 18.26 62.88
v 247.41 16.82 62.88
v 247.41 16.82 64.64
v 246.87 18.26 64.64
v 248.59 21.68 67.41
v 248.20 22.70 67.41
v 248.20 22.70 70.61
v 248.59 21.68 70.61
v 248.20 22.70 67.41
v 248.59 21.68 67.41
v 248.59 21.68 70.61
v 248.20 22.70 70.61
v 231.84 12.10 54.80
v 229.49 18.31 54.80
v 237.09 21.18 54.80
v 239.44 14.97 54.80
v 239.44 14.97 64.42
v 237.09 21.18 64.42
v 229.49 18.31 64.42
v 231.84 12.10 64.42
v 231.56 38.01 67.28
v 225.65 34.87 67.28
v 230.34 41.59 72.36
v 228.06 44.60 67.28
v 223.37 37.88 72.36
v 222.15 41.45 67.28
v 215.80 29.93 54.80
v 212.54 36.06 54.80
v 218.25 39.10 54.80
v 221.51 32.96 54.80
v 221.51 32.96 65.62
v 218.25 39.10 65.62
v 212.54 36.06 65.62
v 215.80 29.93 65.62
v 221.51 32.96 54.80
v 218.25 39.10 54.80
v 218.25 39.10 65.62
v 221.51 32.96 65.62
v 218.25 39.10 54.80
v 212.54 36.06 54.80
v 212.54 36.06 65.62
v 218.25 39.10 65.62
v 190.12 43.58 68.41
v 190.63 46.03 68.80
v 191.01 44.22 71.61
v 190.12 43.58 71.61
v 184.11 64.45 54.80
v 178.22 70.63 54.80
v 182.85 75.05 54.80
v 188.75 68.87 54.80
v 188.75 68.87 64.19
v 182.85 75.05 64.19
v 178.22 70.63 64.19
v 184.11 64.45 64.19
v 188.75 68.87 54.80
v 182.85 75.05 54.80
v 182.85 75.05 64.19
v 188.75 68.87 64.19
v 182.85 75.05 54.80
v 178.22 70.63 54.80
v 178.22 70.63 64.19
v 182.85 75.05 64.19
v 178.22 70.63 54.80
v 184.11 64.45 54.80
v 184.11 64.45 64.19
v 178.22 70.63 64.19
v 193.61 -150.68 62.05
v 196.53 -150.68 62.05
v 194.80 -153.25 62.91
v 194.80 -153.25 62.91
v 196.53 -150.68 62.05
v 193.61 -150.68 62.05
v 181.56 -142.66 54.80
v 185.47 -137.21 54.80
v 190.47 -140.79 54.80
v 186.56 -146.24 54.80
v 186.56 -146.24 63.21
v 190.47 -140.79 63.21
v 185.47 -137.21 63.21
v 181.56 -142.66 63.21
v 216.71 -134.34 71.86
v 206.51 -134.29 65.89
v 210.34 -127.28 64.00
v 208.51 -129.99 71.86
v 214.36 -138.75 65.89
v 206.51 -134.29 65.89
v 216.71 -134.34 71.86
v 218.71 -130.04 65.89
v 208.51 -129.99 71.86
v 210.34 -127.28 64.00
v 210.95 -136.86 59.06
v 211.66 -135.52 59.06
v 211.66 -135.52 60.52
v 210.95 -136.86 60.52
v 211.66 -135.52 59.06
v 210.95 -136.86 59.06
v 210.95 -136.86 60.52
v 211.66 -135.52 60.52
v 213.99 -136.86 59.06
v 214.70 -135.52 59.06
v 214.70 -135.52 60.52
v 213.99 -136.86 60.52
v 238.91 -115.59 68.19
v 237.49 -116.23 68.19
v 237.49 -116.23 71.39
v 238.91 -115.59 71.39
v 237.49 -116.23 68.19
v 238.52 -116.62 68.19
v 238.52 -116.62 71.39
v 237.49 -116.23 71.39
v 220.48 -116.43 54.80
v 223.83 -107.55 54.80
v 231.06 -110.28 54.80
v 227.71 -119.16 54.80
v 227.71 -119.16 62.65
v 231.06 -110.28 62.65
v 223.83 -107.55 62.65
v 220.48 -116.43 62.65
v 227.71 -119.16 54.80
v 231.06 -110.28 54.80
v 231.06 -110.28 62.65
v 227.71 -119.16 62.65
v 231.06 -110.28 54.80
v 223.83 -107.55 54.80
v 223.83 -107.55 62.65
v 231.06 -110.28 62.65
v 229.33 -94.95 54.80
v 230.87 -88.62 54.80
v 238.53 -90.48 54.80
v 236.99 -96.81 54.80
v 236.99 -96.81 66.17
v 238.53 -90.48 66.17
v 230.87 -88.62 66.17
v 229.33 -94.95 66.17
v 236.99 -96.81 54.80
v 238.53 -90.48 54.80
v 238.53 -90.48 66.17
v 236.99 -96.81 66.17
v 238.53 -90.48 54.80
v 230.87 -88.62 54.80
v 230.87 -88.62 66.17
v 238.53 -90.48 66.17
v 230.87 -88.62 54.80
v 229.33 -94.95 54.80
v 229.33 -94.95 66.17
v 230.87 -88.62 66.17
v 229.33 -94.95 54.80
v 236.99 -96.81 54.80
v 236.99 -96.81 66.17
v 229.33 -94.95 66.17
v 241.12 -70.79 62.92
v 241.25 -69.70 62.92
v 243.59 -68.35 62.92
v 242.21 -70.92 62.92
v 243.75 -72.08 67.94
v 242.34 -69.83 66.12
v 241.25 -69.70 66.12
v 241.12 -70.79 66.12
v 242.21 -70.92 62.92
v 243.59 -68.35 62.92
v 242.34 -69.83 66.12
v 243.75 -72.08 67.94
v 243.59 -68.35 62.92
v 241.25 -69.70 62.92
v 241.25 -69.70 66.12
v 242.34 -69.83 66.12
v 241.25 -69.70 62.92
v 241.12 -70.79 62.92
v 241.12 -70.79 66.12
v 241.25 -69.70 66.12
v 241.12 -70.79 62.92
v 242.21 -70.92 62.92
v 243.75 -72.08 67.94
v 241.12 -70.79 66.12
v 254.38 -94.00 72.00
v 252.28 -95.53 72.00
v 255.67 -98.00 78.00
v 252.28 -95.53 72.00
v 250.00 -98.00 72.00
v 255.67 -98.00 78.00
v 250.00 -98.00 72.00
v 251.09 -101.33 72.00
v 255.67 -98.00 78.00
v 251.09 -101.33 72.00
v 254.38 -101.99 72.00
v 255.67 -98.00 78.00
v 254.38 -101.99 72.00
v 257.43 -103.39 72.00
v 255.67 -98.00 78.00
v 257.43 -103.39 72.00
v 260.26 -101.33 72.00
v 255.67 -98.00 78.00
v 248.05 -26.09 52.29
v 248.18 -27.18 52.29
v 248.18 -27.18 55.49
v 248.05 -26.09 55.49
v 266.89 -2.52 40.80
v 264.64 6.62 40.80
v 271.79 8.38 40.80
v 274.04 -0.76 40.80
v 274.04 -0.76 49.08
v 271.79 8.38 49.08
v 264.64 6.62 49.08
v 266.89 -2.52 49.08
v 274.04 -0.76 40.80
v 271.79 8.38 40.80
v 271.79 8.38 49.08
v 274.04 -0.76 49.08
v 271.79 8.38 40.80
v 264.64 6.62 40.80
v 264.64 6.62 49.08
v 271.79 8.38 49.08
v 264.64 6.62 40.80
v 266.89 -2.52 40.80
v 266.89 -2.52 49.08
v 264.64 6.62 49.08
v 255.35 -3.58 50.96
v 254.88 -3.70 50.96
v 254.88 -3.70 53.42
v 255.35 -3.58 53.42
v 254.88 -3.70 50.96
v 253.23 -4.47 52.26
v 255.14 -4.76 53.42
v 254.88 -3.70 53.42
v 253.23 -4.47 52.26
v 255.62 -4.64 50.96
v 255.62 -4.64 53.42
v 255.14 -4.76 53.42
v 255.62 -4.64 50.96
v 255.35 -3.58 50.96
v 257.55 -3.58 50.96
v 257.81 -4.64 50.96
v 257.81 -4.64 53.42
v 257.55 -3.58 53.42
v 255.35 -3.58 53.42
v 255.62 -4.64 53.42
v 257.81 -4.64 50.96
v 257.55 -3.58 50.96
v 257.55 -3.58 53.42
v 257.81 -4.64 53.42
v 246.78 29.10 40.80
v 240.30 26.62 40.80
v 240.30 26.62 54.54
v 246.78 29.10 54.54
v 240.30 26.62 40.80
v 243.17 19.13 40.80
v 243.17 19.13 54.54
v 240.30 26.62 54.54
v 243.17 19.13 40.80
v 249.65 21.61 40.80
v 249.65 21.61 54.54
v 243.17 19.13 54.54
v 246.78 29.10 54.54
v 249.65 21.61 54.54
v 248.78 25.57 59.99
v 241.17 22.66 59.99
v 248.78 25.57 59.99
v 243.17 19.13 54.54
v 239.53 26.96 54.54
v 241.17 22.66 59.99
v 249.65 21.61 54.54
v 243.17 19.13 54.54
v 248.78 25.57 59.99
v 219.40 37.24 53.94
v 216.12 44.07 53.94
v 216.12 44.07 59.32
v 219.88 37.10 59.32
v 216.12 44.07 53.94
v 209.80 40.27 53.94
v 209.33 40.41 59.32
v 216.12 44.07 59.32
v 209.80 40.27 53.94
v 213.22 33.92 53.94
v 213.08 33.45 59.32
v 209.33 40.41 59.32
v 213.22 33.92 53.94
v 219.40 37.24 53.94
v 219.88 37.10 59.32
v 213.08 33.45 59.32
v 216.12 44.07 59.32
v 220.21 37.00 59.32
v 218.50 39.91 65.62
v 210.99 36.81 64.22
v 218.50 39.91 65.62
v 213.08 33.45 59.32
v 208.99 40.52 59.32
v 210.99 36.81 64.22
v 201.16 -166.30 44.44
v 198.61 -166.30 44.44
v 198.61 -166.30 46.95
v 201.16 -166.30 46.95
v 198.61 -166.30 44.44
v 200.41 -167.34 44.44
v 200.41 -167.34 46.95
v 198.61 -166.30 46.95
v 184.88 -158.11 40.80
v 189.93 -151.15 40.80
v 194.80 -154.69 40.80
v 189.75 -161.64 40.80
v 189.75 -161.64 51.50
v 194.80 -154.69 51.50
v 189.93 -151.15 51.50
v 184.88 -158.11 51.50
v 189.75 -161.64 40.80
v 194.80 -154.69 40.80
v 194.80 -154.69 51.50
v 189.75 -161.64 51.50
v 194.80 -154.69 40.80
v 189.93 -151.15 40.80
v 189.93 -151.15 51.50
v 194.80 -154.69 51.50
v 250.11 -130.08 54.89
v 239.40 -131.24 49.02
v 243.26 -122.83 49.02
v 241.16 -126.65 54.89
v 248.35 -134.67 49.02
v 239.40 -131.24 49.02
v 250.11 -130.08 54.89
v 251.09 -125.83 49.02
v 241.16 -126.65 54.89
v 243.26 -122.83 49.02
v 244.11 -133.21 44.48
v 244.18 -131.65 44.48
v 244.64 -131.83 44.48
v 244.11 -133.21 44.48
v 244.64 -131.83 44.48
v 244.18 -131.65 44.48
v 244.11 -133.21 46.25
v 244.18 -131.65 46.25
v 244.64 -131.83 46.25
v 235.34 -78.85 44.42
v 235.51 -77.38 44.42
v 235.51 -77.38 46.86
v 235.34 -78.85 46.86
v 235.51 -77.38 44.42
v 235.34 -78.85 44.42
v 235.34 -78.85 46.86
v 235.51 -77.38 46.86
v 284.91 -52.00 34.00
v 284.11 -49.53 34.00
v 284.11 -49.53 58.00
v 284.91 -52.00 58.00
v 284.11 -49.53 34.00
v 282.01 -48.01 34.00
v 282.01 -48.01 58.00
v 284.11 -49.53 58.00
v 282.01 -48.01 34.00
v 279.41 -48.01 34.00
v 279.41 -48.01 58.00
v 282.01 -48.01 58.00
v 279.41 -48.01 34.00
v 277.31 -49.53 34.00
v 279.31 -50.30 58.35
v 279.41 -48.01 58.00
v 276.88 -19.21 40.55
v 276.07 -12.60 40.55
v 268.42 -13.54 40.55
v 269.22 -20.14 40.55
v 276.88 -19.21 28.80
v 276.07 -12.60 28.80
v 276.07 -12.60 40.55
v 276.88 -19.21 40.55
v 276.07 -12.60 28.80
v 268.42 -13.54 28.80
v 268.42 -13.54 40.55
v 276.07 -12.60 40.55
v 268.42 -13.54 28.80
v 269.22 -20.14 28.80
v 269.22 -20.14 40.55
v 268.42 -13.54 40.55
v 269.22 -20.14 28.80
v 276.88 -19.21 28.80
v 276.88 -19.21 40.55
v 269.22 -20.14 40.55
v 277.55 -19.73 40.55
v 276.07 -12.60 40.55
v 272.17 -12.47 45.80
v 273.12 -20.27 45.80
v 257.08 -22.62 38.27
v 256.93 -21.35 38.27
v 257.42 -21.29 38.27
v 257.57 -22.56 38.27
v 257.57 -22.56 40.50
v 257.42 -21.29 40.50
v 256.93 -21.35 40.50
v 257.08 -22.62 40.50
v 257.57 -22.56 38.27
v 257.42 -21.29 38.27
v 257.42 -21.29 40.50
v 257.57 -22.56 40.50
v 257.42 -21.29 38.27
v 256.93 -21.35 38.27
v 256.93 -21.35 40.50
v 257.42 -21.29 40.50
v 256.93 -21.35 38.27
v 257.08 -22.62 38.27
v 257.08 -22.62 40.50
v 256.93 -21.35 40.50
v 257.08 -22.62 38.27
v 257.57 -22.56 38.27
v 257.57 -22.56 40.50
v 257.08 -22.62 40.50
v 245.61 13.27 40.29
v 237.86 5.83 46.74
v 236.56 11.01 40.29
v 244.00 2.16 33.14
v 244.08 3.88 33.14
v 244.48 2.27 33.14
v 244.48 2.27 33.14
v 244.08 3.88 33.14
v 244.00 2.16 33.14
v 241.16 2.27 36.21
v 240.69 2.16 36.21
v 240.69 2.16 37.75
v 241.16 2.27 37.75
v 240.69 2.16 36.21
v 241.16 2.27 36.21
v 241.16 2.27 37.75
v 240.69 2.16 37.75
v 244.00 2.16 36.21
v 244.08 3.88 36.21
v 244.48 2.27 36.21
v 234.42 60.29 28.80
v 241.83 64.33 28.80
v 241.83 64.33 38.05
v 234.42 60.29 38.05
v 234.42 60.29 38.05
v 229.99 68.42 38.05
v 237.53 72.94 38.05
v 242.30 64.19 38.05
v 242.30 64.19 41.68
v 237.53 72.94 41.68
v 229.51 68.56 41.68
v 234.28 59.81 41.68
v 242.30 64.19 38.05
v 237.53 72.94 38.05
v 237.53 72.94 41.68
v 242.30 64.19 41.68
v 214.05 49.37 32.49
v 212.89 50.47 32.49
v 213.32 50.71 32.49
v 214.05 49.37 33.38
v 213.32 50.71 33.38
v 212.89 50.47 33.38
v 216.44 85.55 42.13
v 209.44 81.14 42.13
v 213.75 89.21 47.49
v 211.05 92.86 42.13
v 206.62 83.96 47.49
v 203.93 87.62 42.13
v 209.44 82.49 33.51
v 208.65 83.57 33.51
v 208.65 83.57 35.41
v 209.44 82.49 35.41
v 208.65 83.57 33.51
v 209.44 82.49 33.51
v 209.44 82.49 35.41
v 208.65 83.57 35.41
v 212.11 82.49 33.51
v 209.44 82.49 33.51
v 209.44 82.49 35.41
v 212.11 82.49 35.41
v 209.44 82.49 33.51
v 212.11 82.49 33.51
v 212.11 82.49 35.41
v 209.44 82.49 35.41
v 190.89 67.95 32.79
v 190.21 68.88 32.79
v 190.21 68.88 33.98
v 190.89 67.95 33.98
v 190.21 68.88 32.79
v 190.89 67.95 32.79
v 190.89 67.95 33.98
v 190.21 68.88 33.98
v 188.60 67.95 33.98
v 187.92 68.88 33.98
v 187.92 68.88 36.37
v 188.60 67.95 36.37
v 187.92 68.88 33.98
v 188.60 67.95 33.98
v 188.60 67.95 36.37
v 187.92 68.88 36.37
v 190.89 67.95 33.98
v 190.21 68.88 33.98
v 190.21 68.88 36.37
v 190.89 67.95 36.37
v 190.21 68.88 33.98
v 190.89 67.95 33.98
v 190.89 67.95 36.37
v 190.21 68.88 36.37
v 174.40 -192.74 28.80
v 180.45 -198.68 28.80
v 180.45 -198.68 41.74
v 174.40 -192.74 41.74
v 174.40 -192.74 41.74
v 179.66 -186.36 40.80
v 185.68 -193.34 41.74
v 180.45 -198.68 41.74
v 180.46 -199.17 47.02
v 186.17 -193.34 47.02
v 179.62 -186.91 47.02
v 173.90 -192.75 47.02
v 180.45 -198.68 41.74
v 185.68 -193.34 41.74
v 186.17 -193.34 47.02
v 180.46 -199.17 47.02
v 185.68 -193.34 41.74
v 179.66 -186.36 40.80
v 179.62 -186.91 47.02
v 186.17 -193.34 47.02
v 179.66 -186.36 40.80
v 174.40 -192.74 41.74
v 173.90 -192.75 47.02
v 179.62 -186.91 47.02
v 194.34 -171.80 32.84
v 194.97 -170.94 32.84
v 194.97 -170.94 34.08
v 194.34 -171.80 34.08
v 194.97 -170.94 32.84
v 194.34 -171.80 32.84
v 194.34 -171.80 34.08
v 194.97 -170.94 34.08
v 196.47 -171.80 32.84
v 197.10 -170.94 32.84
v 197.10 -170.94 34.08
v 196.47 -171.80 34.08
v 197.10 -170.94 32.84
v 196.47 -171.80 32.84
v 196.47 -171.80 34.08
v 197.10 -170.94 34.08
v 197.39 -165.77 38.80
v 198.28 -166.42 38.80
v 197.62 -167.31 38.80
v 197.62 -167.31 42.00
v 198.28 -166.42 42.00
v 197.39 -165.77 42.00
v 249.15 -104.01 28.80
v 255.88 -105.69 28.80
v 255.88 -105.69 42.76
v 249.15 -104.01 42.76
v 249.15 -104.01 42.76
v 250.73 -97.67 42.76
v 257.46 -99.35 42.76
v 255.88 -105.69 42.76
v 256.67 -107.79 49.67
v 257.88 -99.09 48.50
v 250.47 -97.25 48.50
v 248.72 -104.27 48.50
v 255.88 -105.69 42.76
v 257.46 -99.35 42.76
v 257.88 -99.09 48.50
v 256.67 -107.79 49.67
v 257.46 -99.35 42.76
v 250.73 -97.67 42.76
v 250.47 -97.25 48.50
v 257.88 -99.09 48.50
v 250.73 -97.67 42.76
v 249.15 -104.01 42.76
v 248.72 -104.27 48.50
v 250.47 -97.25 48.50
v 231.10 -96.14 53.91
v 222.85 -97.97 49.25
v 224.68 -90.66 49.25
v 223.52 -94.25 53.91
v 229.76 -100.35 49.39
v 222.85 -97.97 49.25
v 231.10 -96.14 53.91
v 232.07 -92.24 49.25
v 223.52 -94.25 53.91
v 224.68 -90.66 49.25
v 228.54 -98.98 34.93
v 228.81 -97.89 34.93
v 228.81 -97.89 38.26
v 228.54 -98.98 38.26
v 228.81 -97.89 34.93
v 228.54 -98.98 34.93
v 228.54 -98.98 38.26
v 228.81 -97.89 38.26
v 228.54 -98.98 41.59
v 228.81 -97.89 41.59
v 228.81 -97.89 44.92
v 228.54 -98.98 44.92
v 259.21 -77.54 38.54
v 259.69 -77.60 38.54
v 259.69 -77.60 40.85
v 259.21 -77.54 40.85
v 259.69 -77.60 38.54
v 259.82 -76.54 38.54
v 261.97 -76.54 38.54
v 261.84 -77.60 38.54
v 263.18 -77.78 39.77
v 261.97 -76.54 40.85
v 259.82 -76.54 40.85
v 259.69 -77.60 40.85
v 261.84 -77.60 38.54
v 261.97 -76.54 38.54
v 261.97 -76.54 40.85
v 263.18 -77.78 39.77
v 261.97 -76.54 38.54
v 259.82 -76.54 38.54
v 259.82 -76.54 40.85
v 261.97 -76.54 40.85
v 259.82 -76.54 38.54
v 259.69 -77.60 38.54
v 259.69 -77.60 40.85
v 259.82 -76.54 40.85
v 194.31 109.77 22.00
v 196.41 111.29 22.00
v 196.41 111.29 46.00
v 194.31 109.77 46.00
v 196.41 111.29 22.00
v 197.22 113.76 22.00
v 197.22 113.76 46.00
v 196.41 111.29 46.00
v 197.22 113.76 46.00
v 196.41 116.23 46.00
v 194.31 117.76 46.00
v 191.72 117.76 46.00
v 189.62 116.23 46.00
v 188.82 113.76 46.00
v 189.62 111.29 46.00
v 191.72 109.77 46.00
v 194.31 109.77 46.00
v 196.41 111.29 46.00
v 198.69 113.76 46.00
v 197.60 117.10 46.00
v 193.02 113.76 52.00
v 197.60 117.10 46.00
v 194.77 119.16 46.00
v 193.02 113.76 52.00
v 194.77 119.16 46.00
v 191.26 119.16 46.00
v 193.02 113.76 52.00
v 200.78 -157.56 46.34
v 199.13 -160.70 46.34
v 197.09 -159.43 46.34
v 198.65 -156.44 46.34
v 198.65 -156.44 46.34
v 197.09 -159.43 46.34
v 199.13 -160.70 46.34
v 200.78 -157.56 46.34
v 200.29 -158.48 47.55
v 199.13 -160.70 46.34
v 197.09 -159.43 46.34
v 198.65 -156.44 46.34
v 198.65 -156.44 46.34
v 197.09 -159.43 46.34
v 199.13 -160.70 46.34
v 200.29 -158.48 47.55
v 200.29 -158.48 47.55
v 199.13 -160.70 46.34
v 197.09 -159.43 46.34
v 198.65 -156.44 46.34
v 198.65 -156.44 46.34
v 197.09 -159.43 46.34
v 199.13 -160.70 46.34
v 200.29 -158.48 47.55
v 244.04 -110.99 35.28
v 240.71 -109.91 35.28
v 239.68 -112.10 35.52
v 243.60 -113.37 35.28
v 243.60 -113.37 35.28
v 239.68 -112.10 35.52
v 240.71 -109.91 35.28
v 244.04 -110.99 35.28
v 244.04 -110.99 35.28
v 240.71 -109.91 35.28
v 239.68 -112.10 35.52
v 243.60 -113.37 35.28
v 243.60 -113.37 35.28
v 239.68 -112.10 35.52
v 239.53 -109.53 36.24
v 244.04 -110.99 35.28
v 244.04 -110.99 35.28
v 239.53 -109.53 36.24
v 239.68 -112.10 35.52
v 243.60 -113.37 35.28
v 240.26 -112.29 35.28
v 239.68 -112.10 35.52
v 239.53 -109.53 36.24
v 244.04 -110.99 35.28
v 259.76 -39.41 22.24
v 259.29 -36.52 22.73
v 257.26 -38.22 23.21
v 259.76 -39.41 22.24
v 257.26 -38.22 23.21
v 257.29 -35.57 23.70
v 260.80 -37.24 22.24
v 260.80 -37.24 22.24
v 257.29 -35.57 23.70
v 257.26 -38.22 23.21
v 259.76 -39.41 22.24
v 259.26 -39.17 22.24
v 257.26 -38.22 23.21
v 257.29 -35.57 23.70
v 260.80 -37.24 22.24
v 260.80 -37.24 22.24
v 257.29 -35.57 23.70
v 257.26 -38.22 23.21
v 259.26 -39.17 22.24
v 259.26 -39.17 22.24
v 257.29 -35.57 23.70
v 256.29 -35.10 24.18
v 260.80 -37.24 22.24
v 193.20 -80.75 59.60
v 190.66 -81.81 59.60
v 193.20 -84.36 66.50
v 190.66 -81.81 59.60
v 189.60 -84.36 59.60
v 193.20 -84.36 66.50
v 189.60 -84.36 59.60
v 190.66 -86.90 59.60
v 193.20 -84.36 66.50
v 190.66 -86.90 59.60
v 193.20 -87.95 59.60
v 193.20 -84.36 66.50
v 193.20 -87.95 59.60
v 195.75 -86.90 59.60
v 193.20 -84.36 66.50
v 195.75 -86.90 59.60
v 196.80 -84.36 59.60
v 193.20 -84.36 66.50
v 187.36 -261.51 38.40
v 185.25 -261.28 38.40
v 185.25 -261.28 40.00
v 187.36 -261.51 40.00
v 187.22 -259.34 38.40
v 189.22 -258.64 38.40
v 187.36 -261.51 38.40
v 187.22 -259.34 40.00
v 187.36 -261.51 40.00
v 189.22 -258.64 40.00
v 187.22 -259.34 38.40
v 187.36 -261.51 38.40
v 187.36 -261.51 40.00
v 187.22 -259.34 40.00
v 187.36 -261.51 38.40
v 189.22 -258.64 38.40
v 189.22 -258.64 40.00
v 187.36 -261.51 40.00
v 189.22 -258.64 38.40
v 187.22 -259.34 38.40
v 187.22 -259.34 40.00
v 189.22 -258.64 40.00
v 206.35 -255.25 38.40
v 207.85 -255.25 38.40
v 207.85 -255.25 40.00
v 206.35 -255.25 40.00
v 208.13 -257.99 38.40
v 207.43 -260.00 38.40
v 206.78 -258.64 38.40
v 208.13 -257.99 40.00
v 206.78 -258.64 40.00
v 207.43 -260.00 40.00
v 208.13 -257.99 38.40
v 206.78 -258.64 38.40
v 206.78 -258.64 40.00
v 208.13 -257.99 40.00
v 206.78 -258.64 38.40
v 207.43 -260.00 38.40
v 207.43 -260.00 40.00
v 206.78 -258.64 40.00
v 207.43 -260.00 38.40
v 208.13 -257.99 38.40
v 208.13 -257.99 40.00
v 207.43 -260.00 40.00
v 241.20 -257.40 -2.00
v 241.20 -254.60 -2.00
v 241.20 -254.60 12.40
v 241.20 -257.40 12.40
v 241.20 -254.60 -2.00
v 230.80 -254.60 -2.00
v 230.80 -254.60 12.40
v 241.20 -254.60 12.40
v 230.80 -254.60 -2.00
v 230.80 -257.40 -2.00
v 230.80 -257.40 12.40
v 230.80 -254.60 12.40
v 253.60 -250.25 -2.00
v 262.40 -250.25 -2.00
v 262.40 -261.75 -2.00
v 253.60 -261.75 -2.00
v 253.60 -261.75 11.60
v 262.40 -261.75 11.60
v 262.40 -250.25 11.60
v 253.60 -250.25 11.60
v 253.60 -261.75 -2.00
v 262.40 -261.75 -2.00
v 262.40 -261.75 11.60
v 253.60 -261.75 11.60
v 319.60 -261.75 11.60
v 328.40 -261.75 11.60
v 328.40 -250.25 11.60
v 319.60 -250.25 11.60
v 319.60 -261.75 -2.00
v 328.40 -261.75 -2.00
v 328.40 -261.75 11.60
v 319.60 -261.75 11.60
v 328.40 -261.75 -2.00
v 328.40 -250.25 -2.00
v 328.40 -250.25 11.60
v 328.40 -261.75 11.60
v 328.40 -250.25 -2.00
v 319.60 -250.25 -2.00
v 319.60 -250.25 11.60
v 328.40 -250.25 11.60
v 319.60 -250.25 -2.00
v 319.60 -261.75 -2.00
v 319.60 -261.75 11.60
v 319.60 -250.25 11.60
v 318.80 -254.60 -2.00
v 329.20 -254.60 -2.00
v 329.20 -257.40 -2.00
v 318.80 -257.40 -2.00
v 256.30 -250.25 11.60
v 257.70 -250.25 11.60
v 257.30 -250.25 8.78
v 257.30 -261.75 8.78
v 256.11 -261.75 6.19
v 254.71 -261.75 6.19
v 257.30 -250.25 8.78
v 256.11 -250.25 6.19
v 254.71 -250.25 6.19
v 254.71 -261.75 6.19
v 256.11 -261.75 6.19
v 254.25 -261.75 4.04
v 252.85 -261.75 4.04
v 254.71 -250.25 6.19
v 256.11 -250.25 6.19
v 254.25 -250.25 4.04
v 252.85 -250.25 4.04
v 252.85 -261.75 4.04
v 254.25 -261.75 4.04
v 252.85 -261.75 4.04
v 250.45 -261.75 2.50
v 384.85 -250.25 4.04
v 386.25 -250.25 4.04
v 384.85 -250.25 4.04
v 382.45 -250.25 2.50
v 382.45 -261.75 2.50
v 384.85 -261.75 4.04
v 381.12 -261.75 1.70
v 379.72 -261.75 1.70
v 382.45 -250.25 2.50
v 384.85 -250.25 4.04
v 381.12 -250.25 1.70
v 379.72 -250.25 1.70
v 375.55 -261.75 2.50
v 373.15 -261.75 4.04
v 371.75 -261.75 4.04
v 375.55 -250.25 2.50
v 373.15 -250.25 4.04
v 371.75 -250.25 4.04
v 371.75 -261.75 4.04
v 373.15 -261.75 4.04
v 371.29 -261.75 6.19
v 247.42 -177.76 41.00
v 244.58 -177.76 41.00
v 246.00 -184.00 58.00
v 244.58 -177.76 41.00
v 241.64 -178.53 41.00
v 246.00 -184.00 58.00
v 241.64 -178.53 41.00
v 239.69 -180.96 41.00
v 246.00 -184.00 58.00
v 239.69 -180.96 41.00
v 239.60 -184.00 41.00
v 246.00 -184.00 58.00
v 239.60 -184.00 41.00
v 239.69 -187.04 41.00
v 246.00 -184.00 58.00
v 239.69 -187.04 41.00
v 241.64 -189.47 41.00
v 246.00 -184.00 58.00
v 202.35 -252.40 15.00
v 202.35 -253.09 15.00
v 202.35 -253.09 18.00
v 202.35 -252.40 18.00
v 202.35 -253.09 15.00
v 202.75 -253.09 15.00
v 202.75 -253.09 18.00
v 202.35 -253.09 18.00
v 202.75 -253.09 15.00
v 202.96 -252.74 15.00
v 202.96 -252.74 18.00
v 202.75 -253.09 18.00
v 202.96 -252.74 18.00
v 202.35 -252.40 18.00
v 202.35 -253.09 18.00
v 202.75 -253.09 18.00
v 529.41 4235.29 -18.00
v 529.41 4764.71 -18.00
v 529.41 4764.71 0.00
v 529.41 4235.29 0.00
v 529.41 4764.71 -18.00
v -0.00 4764.71 -18.00
v -0.00 4764.71 0.00
v 529.41 4764.71 0.00
v -0.00 4764.71 -18.00
v 529.41 4764.71 -18.00
v 529.41 4764.71 0.00
v -0.00 4764.71 0.00
v 529.41 -8470.59 -18.00
v 1058.82 -8470.59 -18.00
v 1058.82 -9000.00 -18.00
v 529.41 -9000.00 -18.00
v 529.41 -9000.00 0.00
v 1058.82 -9000.00 0.00
v 1058.82 -8470.59 0.00
v 529.41 -8470.59 0.00
v 529.41 -9000.00 -18.00
v 1058.82 -9000.00 -18.00
v 1058.82 -9000.00 0.00
v 529.41 -9000.00 0.00
v 529.41 -5294.12 0.00
v 1058.82 -5294.12 0.00
v 1058.82 -4764.71 0.00
v 529.41 -4764.71 0.00
v 529.41 -5294.12 -18.00
v 1058.82 -5294.12 -18.00
v 1058.82 -5294.12 0.00
v 529.41 -5294.12 0.00
v 1058.82 -5294.12 -18.00
v 1058.82 -4764.71 -18.00
v 1058.82 -4764.71 0.00
v 1058.82 -5294.12 0.00
v 1058.82 -4764.71 -18.00
v 529.41 -4764.71 -18.00
v 529.41 -4764.71 0.00
v 1058.82 -4764.71 0.00
v 529.41 -4764.71 -18.00
v 529.41 -5294.12 -18.00
v 529.41 -5294.12 0.00
v 529.41 -4764.71 0.00
v 529.41 -4235.29 -18.00
v 1058.82 -4235.29 -18.00
v 1058.82 -4764.71 -18.00
v 529.41 -4764.71 -18.00
v 529.41 -1588.23 -18.00
v 529.41 -2117.65 -18.00
v 529.41 -2117.65 0.00
v 529.41 -1588.23 0.00
v 529.41 -1058.82 -18.00
v 1058.82 -1058.82 -18.00
v 1058.82 -1588.23 -18.00
v 529.41 -1588.23 -18.00
v 529.41 -1588.23 0.00
v 1058.82 -1588.23 0.00
v 1058.82 -1058.82 0.00
v 529.41 -1058.82 0.00
v 529.41 -1588.23 -18.00
v 1058.82 -1588.23 -18.00
v 1058.82 -1588.23 0.00
v 529.41 -1588.23 0.00
v 1058.82 -1588.23 -18.00
v 1058.82 -1058.82 -18.00
v 1058.82 -1058.82 0.00
v 1058.82 -1588.23 0.00
v 1058.82 -1058.82 -18.00
v 529.41 -1058.82 -18.00
v 529.41 -1058.82 0.00
v 1058.82 -1058.82 0.00
v 1058.82 -1588.23 -18.00
v 1588.23 -1588.23 -18.00
v 1588.23 -1588.23 0.00
v 1058.82 -1588.23 0.00
v 1588.23 -1588.23 -18.00
v 1588.23 -1058.82 -18.00
v 1588.23 -1058.82 0.00
v 1588.23 -1588.23 0.00
v 1588.23 -1058.82 -18.00
v 1058.82 -1058.82 -18.00
v 1058.82 -1058.82 0.00
v 1588.23 -1058.82 0.00
v 1058.82 -1058.82 -18.00
v 1058.82 -1588.23 -18.00
v 1058.82 -1588.23 0.00
v 1058.82 -1058.82 0.00
v 1058.82 -529.41 -18.00
v 1588.23 -529.41 -18.00
v 1588.23 -1058.82 -18.00
v 1058.82 -1058.82 -18.00
v 1058.82 -1058.82 0.00
v 1588.23 -1058.82 0.00
v 1588.23 -529.41 0.00
v 1058.82 -529.41 0.00
v 2647.06 -3705.88 -18.00
v 3176.47 -3705.88 -18.00
v 3176.47 -4235.29 -18.00
v 2647.06 -4235.29 -18.00
v 2647.06 -4235.29 0.00
v 3176.47 -4235.29 0.00
v 3176.47 -3705.88 0.00
v 2647.06 -3705.88 0.00
v 2647.06 -4235.29 -18.00
v 3176.47 -4235.29 -18.00
v 3176.47 -4235.29 0.00
v 2647.06 -4235.29 0.00
v 3176.47 -4235.29 -18.00
v 3176.47 -3705.88 -18.00
v 3176.47 -3705.88 0.00
v 3176.47 -4235.29 0.00
v 3176.47 -3705.88 -18.00
v 2647.06 -3705.88 -18.00
v 2647.06 -3705.88 0.00
v 3176.47 -3705.88 0.00
v 2647.06 -3705.88 -18.00
v 2647.06 -4235.29 -18.00
v 2647.06 -4235.29 0.00
v 2647.06 -3705.88 0.00
v 3176.47 -529.41 -18.00
v 2647.06 -529.41 -18.00
v 2647.06 -529.41 0.00
v 3176.47 -529.41 0.00
v 2647.06 -529.41 -18.00
v 2647.06 -1058.82 -18.00
v 2647.06 -1058.82 0.00
v 2647.06 -529.41 0.00
v 2647.06 -0.00 -18.00
v 3176.47 -0.00 -18.00
v 3176.47 -529.41 -18.00
v 2647.06 -529.41 -18.00
v 2647.06 -529.41 0.00
v 3176.47 -529.41 0.00
v 3176.47 -0.00 0.00
v 2647.06 -0.00 0.00
v 2647.06 -529.41 -18.00
v 3176.47 -529.41 -18.00
v 3176.47 -529.41 0.00
v 2647.06 -529.41 0.00
v 3176.47 -529.41 -18.00
v 3176.47 -0.00 -18.00
v 3176.47 -0.00 0.00
v 3176.47 -529.41 0.00
v 3705.88 -7941.18 -18.00
v 4235.29 -7941.18 -18.00
v 4235.29 -7941.18 0.00
v 3705.88 -7941.18 0.00
v 4235.29 -7941.18 -18.00
v 4235.29 -7411.77 -18.00
v 4235.29 -7411.77 0.00
v 4235.29 -7941.18 0.00
v 4235.29 -7411.77 -18.00
v 3705.88 -7411.77 -18.00
v 3705.88 -7411.77 0.00
v 4235.29 -7411.77 0.00
v 3705.88 -7411.77 -18.00
v 3705.88 -7941.18 -18.00
v 3705.88 -7941.18 0.00
v 3705.88 -7411.77 0.00
v 3705.88 -6882.35 -18.00
v 4235.29 -6882.35 -18.00
v 4235.29 -7411.77 -18.00
v 3705.88 -7411.77 -18.00
v 3705.88 -7411.77 0.00
v 4235.29 -7411.77 0.00
v 4235.29 -6882.35 0.00
v 3705.88 -6882.35 0.00
v 3705.88 -3176.47 -18.00
v 4235.29 -3176.47 -18.00
v 4235.29 -3705.88 -18.00
v 3705.88 -3705.88 -18.00
v 3705.88 -3705.88 0.00
v 4235.29 -3705.88 0.00
v 4235.29 -3176.47 0.00
v 3705.88 -3176.47 0.00
v 3705.88 -3705.88 -18.00
v 4235.29 -3705.88 -18.00
v 4235.29 -3705.88 0.00
v 3705.88 -3705.88 0.00
v 4235.29 -3705.88 -18.00
v 4235.29 -3176.47 -18.00
v 4235.29 -3176.47 0.00
v 4235.29 -3705.88 0.00
v 4235.29 -3176.47 -18.00
v 3705.88 -3176.47 -18.00
v 3705.88 -3176.47 0.00
v 4235.29 -3176.47 0.00
v 3705.88 -3176.47 -18.00
v 3705.88 -3705.88 -18.00
v 3705.88 -3705.88 0.00
v 3705.88 -3176.47 0.00
v 4235.29 2647.06 -18.00
v 4235.29 2117.65 -18.00
v 4235.29 2117.65 0.00
v 4235.29 2647.06 0.00
v 4235.29 3176.47 -18.00
v 4764.71 3176.47 -18.00
v 4764.71 2647.06 -18.00
v 4235.29 2647.06 -18.00
v 4235.29 2647.06 0.00
v 4764.71 2647.06 0.00
v 4764.71 3176.47 0.00
v 4235.29 3176.47 0.00
v 4235.29 2647.06 -18.00
v 4764.71 2647.06 -18.00
v 4764.71 2647.06 0.00
v 4235.29 2647.06 0.00
v 4764.71 2647.06 -18.00
v 4764.71 3176.47 -18.00
v 4764.71 3176.47 0.00
v 4764.71 2647.06 0.00
v 4764.71 3176.47 -18.00
v 4235.29 3176.47 -18.00
v 4235.29 3176.47 0.00
v 4764.71 3176.47 0.00
v 4764.71 -6882.35 -18.00
v 5294.12 -6882.35 -18.00
v 5294.12 -7411.77 -18.00
v 4764.71 -7411.77 -18.00
v 4764.71 -7411.77 0.00
v 5294.12 -7411.77 0.00
v 5294.12 -6882.35 0.00
v 4764.71 -6882.35 0.00
v 4764.71 -7411.77 -18.00
v 5294.12 -7411.77 -18.00
v 5294.12 -7411.77 0.00
v 4764.71 -7411.77 0.00
v 5294.12 -7411.77 -18.00
v 5294.12 -6882.35 -18.00
v 5294.12 -6882.35 0.00
v 5294.12 -7411.77 0.00
v 4764.71 -4764.71 -18.00
v 5294.12 -4764.71 -18.00
v 5294.12 -5294.12 -18.00
v 4764.71 -5294.12 -18.00
v 4764.71 -5294.12 0.00
v 5294.12 -5294.12 0.00
v 5294.12 -4764.71 0.00
v 4764.71 -4764.71 0.00
v 4764.71 -5294.12 -18.00
v 5294.12 -5294.12 -18.00
v 5294.12 -5294.12 0.00
v 4764.71 -5294.12 0.00
v 5294.12 -5294.12 -18.00
v 5294.12 -4764.71 -18.00
v 5294.12 -4764.71 0.00
v 5294.12 -5294.12 0.00
v 5294.12 -4764.71 -18.00
v 4764.71 -4764.71 -18.00
v 4764.71 -4764.71 0.00
v 5294.12 -4764.71 0.00
v 4764.71 -4764.71 -18.00
v 4764.71 -5294.12 -18.00
v 4764.71 -5294.12 0.00
v 4764.71 -4764.71 0.00
v 5823.53 -4764.71 -18.00
v 5823.53 -4235.29 -18.00
v 5823.53 -4235.29 0.00
v 5823.53 -4764.71 0.00
v 5823.53 -4235.29 -18.00
v 5294.12 -4235.29 -18.00
v 5294.12 -4235.29 0.00
v 5823.53 -4235.29 0.00
v 5294.12 -4235.29 -18.00
v 5294.12 -4764.71 -18.00
v 5294.12 -4764.71 0.00
v 5294.12 -4235.29 0.00
v 5294.12 -3705.88 -18.00
v 5823.53 -3705.88 -18.00
v 5823.53 -4235.29 -18.00
v 5294.12 -4235.29 -18.00
v 5294.12 -4235.29 0.00
v 5823.53 -4235.29 0.00
v 5823.53 -3705.88 0.00
v 5294.12 -3705.88 0.00
v 5294.12 -4235.29 -18.00
v 5823.53 -4235.29 -18.00
v 5823.53 -4235.29 0.00
v 5294.12 -4235.29 0.00
v 5294.12 3176.47 -18.00
v 5294.12 2647.06 -18.00
v 5294.12 2647.06 0.00
v 5294.12 3176.47 0.00
v 5294.12 3705.88 -18.00
v 5823.53 3705.88 -18.00
v 5823.53 3176.47 -18.00
v 5294.12 3176.47 -18.00
v 5294.12 3176.47 0.00
v 5823.53 3176.47 0.00
v 5823.53 3705.88 0.00
v 5294.12 3705.88 0.00
v 5294.12 3176.47 -18.00
v 5823.53 3176.47 -18.00
v 5823.53 3176.47 0.00
v 5294.12 3176.47 0.00
v 5823.53 3176.47 -18.00
v 5823.53 3705.88 -18.00
v 5823.53 3705.88 0.00
v 5823.53 3176.47 0.00
v 5823.53 3705.88 -18.00
v 5294.12 3705.88 -18.00
v 5294.12 3705.88 0.00
v 5823.53 3705.88 0.00
v 5823.53 -7411.77 -18.00
v 6352.94 -7411.77 -18.00
v 6352.94 -7411.77 0.00
v 5823.53 -7411.77 0.00
v 6352.94 -7411.77 -18.00
v 6352.94 -6882.35 -18.00
v 6352.94 -6882.35 0.00
v 6352.94 -7411.77 0.00
v 6352.94 -6882.35 -18.00
v 5823.53 -6882.35 -18.00
v 5823.53 -6882.35 0.00
v 6352.94 -6882.35 0.00
v 5823.53 -6882.35 -18.00
v 5823.53 -7411.77 -18.00
v 5823.53 -7411.77 0.00
v 5823.53 -6882.35 0.00
v 5823.53 -6352.94 -18.00
v 6352.94 -6352.94 -18.00
v 6352.94 -6882.35 -18.00
v 5823.53 -6882.35 -18.00
v 5823.53 -6882.35 0.00
v 6352.94 -6882.35 0.00
v 6352.94 -6352.94 0.00
v 5823.53 -6352.94 0.00
v 5823.53 2647.06 -18.00
v 6352.94 2647.06 -18.00
v 6352.94 2647.06 0.00
v 5823.53 2647.06 0.00
v 6352.94 2647.06 -18.00
v 6352.94 3176.47 -18.00
v 6352.94 3176.47 0.00
v 6352.94 2647.06 0.00
v 6352.94 3176.47 -18.00
v 5823.53 3176.47 -18.00
v 5823.53 3176.47 0.00
v 6352.94 3176.47 0.00
v 5823.53 3176.47 -18.00
v 5823.53 2647.06 -18.00
v 5823.53 2647.06 0.00
v 5823.53 3176.47 0.00
v 5823.53 3705.88 -18.00
v 6352.94 3705.88 -18.00
v 6352.94 3176.47 -18.00
v 5823.53 3176.47 -18.00
v 5823.53 3176.47 0.00
v 6352.94 3176.47 0.00
v 6352.94 3705.88 0.00
v 5823.53 3705.88 0.00
v 6882.35 -4235.29 -18.00
v 6882.35 -3705.88 -18.00
v 6882.35 -3705.88 0.00
v 6882.35 -4235.29 0.00
v 6882.35 -3705.88 -18.00
v 6352.94 -3705.88 -18.00
v 6352.94 -3705.88 0.00
v 6882.35 -3705.88 0.00
v 6352.94 -3705.88 -18.00
v 6352.94 -4235.29 -18.00
v 6352.94 -4235.29 0.00
v 6352.94 -3705.88 0.00
v 6352.94 -3176.47 -18.00
v 6882.35 -3176.47 -18.00
v 6882.35 -3705.88 -18.00
v 6352.94 -3705.88 -18.00
v 6352.94 -3705.88 0.00
v 6882.35 -3705.88 0.00
v 6882.35 -3176.47 0.00
v 6352.94 -3176.47 0.00
v 6352.94 -3705.88 -18.00
v 6882.35 -3705.88 -18.00
v 6882.35 -3705.88 0.00
v 6352.94 -3705.88 0.00
v 6352.94 -529.41 0.00
v 6882.35 -529.41 0.00
v 6882.35 -0.00 0.00
v 6352.94 -0.00 0.00
v 6352.94 -529.41 -18.00
v 6882.35 -529.41 -18.00
v 6882.35 -529.41 0.00
v 6352.94 -529.41 0.00
v 6882.35 -529.41 -18.00
v 6882.35 -0.00 -18.00
v 6882.35 -0.00 0.00
v 6882.35 -529.41 0.00
v 6882.35 -0.00 -18.00
v 6352.94 -0.00 -18.00
v 6352.94 -0.00 0.00
v 6882.35 -0.00 0.00
v 6352.94 -0.00 -18.00
v 6352.94 -529.41 -18.00
v 6352.94 -529.41 0.00
v 6352.94 -0.00 0.00
v 6352.94 529.41 -18.00
v 6882.35 529.41 -18.00
v 6882.35 -0.00 -18.00
v 6352.94 -0.00 -18.00
v 285.36 -53.72 31.81
v 287.62 -39.90 31.81
v 277.75 -38.28 31.81
v 275.49 -52.10 31.81
v 285.36 -53.72 14.08
v 287.62 -39.90 14.08
v 287.62 -39.90 31.81
v 285.36 -53.72 31.81
v 287.62 -39.90 14.08
v 277.75 -38.28 14.08
v 277.75 -38.28 31.81
v 287.62 -39.90 31.81
v 277.75 -38.28 14.08
v 275.49 -52.10 14.08
v 275.49 -52.10 31.81
v 277.75 -38.28 31.81
v 275.49 -52.10 14.08
v 285.36 -53.72 14.08
v 285.36 -53.72 31.81
v 275.49 -52.10 31.81
v 280.07 5.46 12.34
v 278.64 28.77 12.34
v 288.63 29.38 12.34
v 290.05 6.08 12.34
v 290.05 6.08 31.88
v 288.63 29.38 31.88
v 278.64 28.77 31.88
v 280.07 5.46 31.88
v 255.51 64.74 15.71
v 249.87 83.91 15.71
v 249.87 83.91 32.17
v 255.51 64.74 32.17
v 249.87 83.91 15.71
v 240.28 81.09 15.71
v 240.28 81.09 32.17
v 249.87 83.91 32.17
v 240.28 81.09 15.71
v 245.91 61.92 15.71
v 245.91 61.92 32.17
v 240.28 81.09 32.17
v 245.91 61.92 15.71
v 255.51 64.74 15.71
v 255.51 64.74 32.17
v 245.91 61.92 32.17
v 193.04 103.88 11.52
v 184.38 118.57 11.52
v 193.00 123.65 11.52
v 201.65 108.96 11.52
v 201.65 108.96 33.13
v 193.00 123.65 33.13
v 184.38 118.57 33.13
v 193.04 103.88 33.13
v 201.65 108.96 11.52
v 193.00 123.65 11.52
v 193.00 123.65 33.13
v 201.65 108.96 33.13
v 180.42 -202.57 13.68
v 187.25 -209.87 13.68
v 187.25 -209.87 32.25
v 180.42 -202.57 32.25
v 230.98 -163.89 15.19
v 239.53 -151.12 15.19
v 247.84 -156.68 15.19
v 239.29 -169.45 15.19
v 239.29 -169.45 32.02
v 247.84 -156.68 32.02
v 239.53 -151.12 32.02
v 230.98 -163.89 32.02
v 239.29 -169.45 15.19
v 247.84 -156.68 15.19
v 247.84 -156.68 32.02
v 239.29 -169.45 32.02
v 247.84 -156.68 15.19
v 239.53 -151.12 15.19
v 239.53 -151.12 32.02
v 247.84 -156.68 32.02
v 239.53 -151.12 15.19
v 230.98 -163.89 15.19
v 230.98 -163.89 32.02
v 239.53 -151.12 32.02
v 230.98 -163.89 15.19
v 239.29 -169.45 15.19
v 239.29 -169.45 32.02
v 230.98 -163.89 32.02
v 277.23 -29.08 25.50
v 272.07 -60.66 25.50
v 272.07 -60.66 28.00
v 277.23 -29.08 28.00

usemtl mat_window
v 226.38 -64.26 80.91
v 227.50 -54.83 80.91
v 235.69 -55.45 80.91
v 234.19 -65.18 80.91
v 234.49 -65.57 85.82
v 235.69 -55.45 85.82
v 227.19 -54.44 85.82
v 225.99 -64.57 85.82
v 234.19 -65.18 80.91
v 235.69 -55.45 80.91
v 235.69 -55.45 85.82
v 234.49 -65.57 85.82
v 235.69 -55.45 80.91
v 227.50 -54.83 80.91
v 227.19 -54.44 85.82
v 235.69 -55.45 85.82
v 227.50 -54.83 80.91
v 226.38 -64.26 80.91
v 225.99 -64.57 85.82
v 227.19 -54.44 85.82
v 226.38 -64.26 80.91
v 234.19 -65.18 80.91
v 234.49 -65.57 85.82
v 225.99 -64.57 85.82
v 232.65 -64.66 74.24
v 232.84 -63.02 74.24
v 232.84 -63.02 76.89
v 232.65 -64.66 76.89
v 232.84 -63.02 74.24
v 232.65 -64.66 74.24
v 232.65 -64.66 76.89
v 232.84 -63.02 76.89
v 229.33 -64.66 79.53
v 229.53 -63.02 79.53
v 229.53 -63.02 82.17
v 229.33 -64.66 82.17
v 229.53 -63.02 79.53
v 229.33 -64.66 79.53
v 229.33 -64.66 82.17
v 229.53 -63.02 82.17
v 232.65 -64.66 79.53
v 232.84 -63.02 79.53
v 232.84 -63.02 82.17
v 232.65 -64.66 82.17
v 232.84 -63.02 79.53
v 232.65 -64.66 79.53
v 232.65 -64.66 82.17
v 232.84 -63.02 82.17
v 224.07 -57.11 79.78
v 223.94 -58.20 79.78
v 223.94 -58.20 82.98
v 224.07 -57.11 82.98
v 206.96 -61.10 68.80
v 207.88 -53.36 68.80
v 215.42 -54.25 68.80
v 214.50 -62.00 68.80
v 214.50 -62.00 77.13
v 215.42 -54.25 77.13
v 207.88 -53.36 77.13
v 206.96 -61.10 77.13
v 214.50 -62.00 68.80
v 215.42 -54.25 68.80
v 215.42 -54.25 77.13
v 214.50 -62.00 77.13
v 215.42 -54.25 68.80
v 207.88 -53.36 68.80
v 207.88 -53.36 77.13
v 215.42 -54.25 77.13
v 207.88 -53.36 68.80
v 206.96 -61.10 68.80
v 206.96 -61.10 77.13
v 207.88 -53.36 77.13
v 206.96 -61.10 68.80
v 214.50 -62.00 68.80
v 214.50 -62.00 77.13
v 206.96 -61.10 77.13
v 206.57 -61.41 77.13
v 207.88 -53.36 77.13
v 215.81 -53.95 77.13
v 214.50 -62.00 77.13
v 214.81 -62.39 80.34
v 217.71 -53.77 79.78
v 207.57 -52.97 80.34
v 206.57 -61.41 80.34
v 214.50 -62.00 77.13
v 215.81 -53.95 77.13
v 217.71 -53.77 79.78
v 214.81 -62.39 80.34
v 215.81 -53.95 77.13
v 207.88 -53.36 77.13
v 207.57 -52.97 80.34
v 217.71 -53.77 79.78
v 207.88 -53.36 77.13
v 206.57 -61.41 77.13
v 206.57 -61.41 80.34
v 207.57 -52.97 80.34
v 206.57 -61.41 77.13
v 214.50 -62.00 77.13
v 214.81 -62.39 80.34
v 206.57 -61.41 80.34
v 217.71 -53.77 79.78
v 214.81 -62.39 80.34
v 215.56 -58.20 85.64
v 206.82 -57.16 85.64
v 215.56 -58.20 85.64
v 206.29 -61.63 80.34
v 207.35 -52.69 80.34
v 206.82 -57.16 85.64
v 214.81 -62.39 80.34
v 206.29 -61.63 80.34
v 215.56 -58.20 85.64
v 217.71 -53.77 79.78
v 206.82 -57.16 85.64
v 207.35 -52.69 80.34
v 210.03 -62.04 76.24
v 210.19 -60.73 76.24
v 210.19 -60.73 77.79
v 210.03 -62.04 77.79
v 241.89 -40.00 62.00
v 242.69 -42.47 62.00
v 242.69 -42.47 86.00
v 241.89 -40.00 86.00
v 242.69 -42.47 62.00
v 244.79 -43.99 62.00
v 244.79 -43.99 86.00
v 242.69 -42.47 86.00
v 244.79 -43.99 62.00
v 247.38 -43.99 62.00
v 247.38 -43.99 86.00
v 244.79 -43.99 86.00
v 247.38 -43.99 62.00
v 249.48 -42.47 62.00
v 249.48 -42.47 86.00
v 247.38 -43.99 86.00
v 249.48 -42.47 62.00
v 250.29 -40.00 62.00
v 250.29 -40.00 86.00
v 249.48 -42.47 86.00
v 250.29 -40.00 86.00
v 249.48 -37.53 86.00
v 247.38 -36.01 86.00
v 244.79 -36.01 86.00
v 242.69 -37.53 86.00
v 241.89 -40.00 86.00
v 242.69 -42.47 86.00
v 244.79 -43.99 86.00
v 247.38 -43.99 86.00
v 249.48 -42.47 86.00
v 241.50 -43.33 86.00
v 244.33 -45.39 86.00
v 246.09 -40.00 92.00
v 244.33 -45.39 86.00
v 247.84 -45.39 86.00
v 246.09 -40.00 92.00
v 247.84 -45.39 86.00
v 249.48 -42.47 86.00
v 246.09 -40.00 92.00
v 249.48 -42.47 86.00
v 251.76 -40.00 86.00
v 246.09 -40.00 92.00
v 182.39 70.52 62.00
v 181.59 72.98 62.00
v 181.59 72.98 86.00
v 182.39 70.52 86.00
v 181.59 72.98 62.00
v 179.49 74.51 62.00
v 179.49 74.51 86.00
v 181.59 72.98 86.00
v 233.40 -85.79 62.00
v 236.00 -85.79 62.00
v 236.00 -85.79 86.00
v 233.40 -85.79 86.00
v 236.00 -85.79 62.00
v 238.09 -84.26 62.00
v 238.09 -84.26 86.00
v 236.00 -85.79 86.00
v 238.09 -84.26 62.00
v 238.90 -81.79 62.00
v 238.90 -81.79 86.00
v 238.09 -84.26 86.00
v 238.90 -81.79 86.00
v 238.09 -79.32 86.00
v 236.00 -77.80 86.00
v 233.40 -77.80 86.00
v 231.30 -79.32 86.00
v 230.50 -81.79 86.00
v 231.30 -84.26 86.00
v 233.40 -85.79 86.00
v 236.00 -85.79 86.00
v 238.09 -84.26 86.00
v 240.37 -81.79 86.00
v 239.28 -78.46 86.00
v 234.70 -81.79 92.00
v 239.28 -78.46 86.00
v 236.45 -76.40 86.00
v 234.70 -81.79 92.00
v 236.45 -76.40 86.00
v 232.94 -76.40 86.00
v 234.70 -81.79 92.00
v 232.94 -76.40 86.00
v 230.11 -78.46 86.00
v 234.70 -81.79 92.00
v 230.11 -78.46 86.00
v 230.50 -81.79 86.00
v 234.70 -81.79 92.00
v 230.50 -81.79 86.00
v 230.11 -85.12 86.00
v 234.70 -81.79 92.00
v 230.11 -85.12 86.00
v 232.94 -87.19 86.00
v 234.70 -81.79 92.00
v 232.94 -87.19 86.00
v 236.45 -87.19 86.00
v 234.70 -81.79 92.00
v 236.45 -87.19 86.00
v 238.09 -84.26 86.00
v 234.70 -81.79 92.00
v 238.09 -84.26 86.00
v 240.37 -81.79 86.00
v 234.70 -81.79 92.00
v 252.74 -54.14 54.80
v 252.74 -45.86 54.80
v 259.39 -45.86 54.80
v 259.39 -54.14 54.80
v 259.39 -54.14 67.70
v 259.39 -45.86 67.70
v 252.74 -45.86 67.70
v 252.74 -54.14 67.70
v 259.39 -54.14 54.80
v 259.39 -45.86 54.80
v 259.39 -45.86 67.70
v 259.39 -54.14 67.70
v 259.39 -45.86 54.80
v 252.74 -45.86 54.80
v 252.74 -45.86 67.70
v 259.39 -45.86 67.70
v 258.99 -49.34 72.97
v 258.99 -48.23 72.97
v 258.99 -48.23 76.17
v 258.99 -49.34 76.17
v 258.99 -48.23 72.97
v 258.99 -49.34 72.97
v 258.99 -49.34 76.17
v 258.99 -48.23 76.17
v 240.99 -53.73 54.80
v 240.99 -46.27 54.80
v 248.08 -46.27 54.80
v 248.08 -53.73 54.80
v 248.08 -53.73 66.74
v 248.08 -46.27 66.74
v 240.99 -46.27 66.74
v 240.99 -53.73 66.74
v 248.08 -53.73 54.80
v 248.08 -46.27 54.80
v 248.08 -46.27 66.74
v 248.08 -53.73 66.74
v 248.08 -46.27 54.80
v 240.99 -46.27 54.80
v 240.99 -46.27 66.74
v 248.08 -46.27 66.74
v 240.99 -46.27 54.80
v 240.99 -53.73 54.80
v 240.99 -53.73 66.74
v 240.99 -46.27 66.74
v 240.99 -53.73 54.80
v 248.08 -53.73 54.80
v 248.08 -53.73 66.74
v 240.99 -53.73 66.74
v 248.68 -45.67 66.74
v 248.68 -54.33 66.74
v 248.68 -50.00 71.81
v 240.39 -50.00 71.81
v 248.68 -50.00 71.81
v 240.99 -53.73 66.74
v 240.39 -45.67 66.74
v 240.39 -50.00 71.81
v 248.68 -54.33 66.74
v 240.99 -53.73 66.74
v 248.68 -50.00 71.81
v 248.68 -45.67 66.74
v 240.39 -50.00 71.81
v 240.39 -45.67 66.74
v 243.53 -54.04 59.23
v 243.53 -52.79 59.23
v 243.53 -52.79 60.85
v 243.53 -54.04 60.85
v 243.53 -52.79 59.23
v 243.53 -54.04 59.23
v 243.53 -54.04 60.85
v 243.53 -52.79 60.85
v 246.03 -54.04 59.23
v 246.03 -52.79 59.23
v 246.03 -52.79 60.85
v 246.03 -54.04 60.85
v 246.03 -52.79 59.23
v 246.03 -54.04 59.23
v 246.03 -54.04 60.85
v 246.03 -52.79 60.85
v 243.53 -54.04 62.48
v 243.53 -52.79 62.48
v 243.53 -52.79 64.11
v 243.53 -54.04 64.11
v 243.53 -52.79 62.48
v 243.53 -54.04 62.48
v 243.53 -54.04 64.11
v 243.53 -52.79 64.11
v 246.03 -54.04 62.48
v 246.03 -52.79 62.48
v 246.03 -52.79 64.11
v 246.03 -54.04 64.11
v 246.03 -52.79 62.48
v 246.03 -54.04 62.48
v 246.03 -54.04 64.11
v 246.03 -52.79 64.11
v 246.18 -49.29 66.74
v 246.18 -48.19 66.74
v 248.08 -46.27 66.74
v 247.28 -49.29 66.74
v 247.28 -49.29 69.94
v 247.28 -48.19 69.94
v 246.18 -48.19 69.94
v 246.18 -49.29 69.94
v 247.28 -49.29 66.74
v 248.08 -46.27 66.74
v 247.28 -48.19 69.94
v 247.28 -49.29 69.94
v 248.08 -46.27 66.74
v 246.18 -48.19 66.74
v 246.18 -48.19 69.94
v 247.28 -48.19 69.94
v 244.37 -31.79 54.80
v 243.44 -24.00 54.80
v 250.81 -23.12 54.80
v 251.74 -30.92 54.80
v 251.74 -30.92 66.51
v 250.81 -23.12 66.51
v 243.44 -24.00 66.51
v 244.37 -31.79 66.51
v 251.74 -30.92 54.80
v 250.81 -23.12 54.80
v 250.81 -23.12 66.51
v 251.74 -30.92 66.51
v 250.81 -23.12 54.80
v 243.44 -24.00 54.80
v 243.44 -24.00 66.51
v 250.81 -23.12 66.51
v 243.44 -24.00 54.80
v 244.37 -31.79 54.80
v 244.37 -31.79 66.51
v 243.44 -24.00 66.51
v 244.37 -31.79 54.80
v 251.74 -30.92 54.80
v 251.74 -30.92 66.51
v 244.37 -31.79 66.51
v 246.58 -31.68 59.18
v 246.43 -30.36 59.18
v 246.43 -30.36 60.76
v 246.58 -31.68 60.76
v 246.43 -30.36 59.18
v 245.94 -30.41 59.18
v 245.94 -30.41 60.76
v 246.43 -30.36 60.76
v 245.94 -30.41 59.18
v 246.09 -31.73 59.18
v 246.09 -31.73 60.76
v 245.94 -30.41 60.76
v 246.09 -31.73 59.18
v 246.58 -31.68 59.18
v 246.58 -31.68 60.76
v 246.09 -31.73 60.76
v 249.24 -31.68 59.18
v 246.43 -30.36 59.18
v 249.08 -30.36 59.18
v 249.24 -31.68 60.76
v 249.08 -30.36 60.76
v 246.43 -30.36 60.76
v 232.23 -33.84 54.80
v 231.16 -24.86 54.80
v 239.51 -23.86 54.80
v 240.58 -32.85 54.80
v 240.58 -32.85 64.70
v 239.51 -23.86 64.70
v 231.16 -24.86 64.70
v 232.23 -33.84 64.70
v 240.58 -32.85 54.80
v 239.51 -23.86 54.80
v 239.51 -23.86 64.70
v 240.58 -32.85 64.70
v 239.51 -23.86 54.80
v 231.16 -24.86 54.80
v 231.16 -24.86 64.70
v 239.51 -23.86 64.70
v 231.16 -24.86 54.80
v 232.23 -33.84 54.80
v 232.23 -33.84 64.70
v 231.16 -24.86 64.70
v 232.23 -33.84 54.80
v 240.58 -32.85 54.80
v 240.58 -32.85 64.70
v 232.23 -33.84 64.70
v 232.23 -33.84 64.70
v 230.78 -24.55 64.70
v 239.82 -23.47 64.70
v 240.97 -33.16 64.70
v 240.97 -33.16 68.62
v 239.82 -23.47 68.62
v 230.78 -24.55 68.62
v 231.93 -34.23 68.62
v 240.97 -33.16 64.70
v 239.82 -23.47 64.70
v 239.82 -23.47 68.62
v 240.97 -33.16 68.62
v 239.82 -23.47 64.70
v 230.78 -24.55 64.70
v 230.78 -24.55 68.62
v 239.82 -23.47 68.62
v 230.78 -24.55 64.70
v 232.23 -33.84 64.70
v 231.93 -34.23 68.62
v 230.78 -24.55 68.62
v 232.23 -33.84 64.70
v 240.97 -33.16 64.70
v 240.97 -33.16 68.62
v 231.93 -34.23 68.62
v 239.82 -23.47 68.62
v 240.97 -33.16 68.62
v 240.65 -28.29 74.77
v 231.10 -29.42 74.77
v 240.65 -28.29 74.77
v 231.93 -34.23 68.62
v 230.78 -24.55 68.62
v 231.10 -29.42 74.77
v 240.97 -33.16 68.62
v 231.93 -34.23 68.62
v 240.65 -28.29 74.77
v 239.82 -23.47 68.62
v 231.10 -29.42 74.77
v 230.78 -24.55 68.62
v 234.64 -33.68 59.60
v 234.45 -32.12 59.60
v 234.45 -32.12 61.61
v 234.64 -33.68 61.61
v 234.45 -32.12 59.60
v 234.64 -33.68 59.60
v 234.64 -33.68 61.61
v 234.45 -32.12 61.61
v 258.19 -3.87 59.03
v 258.55 -5.35 59.03
v 258.55 -5.35 60.46
v 258.19 -3.87 60.46
v 255.05 -5.46 61.89
v 255.16 -3.87 61.89
v 255.52 -5.35 61.89
v 255.52 -5.35 61.89
v 255.16 -3.87 61.89
v 255.05 -5.46 61.89
v 258.44 -0.21 65.75
v 259.51 0.04 65.75
v 259.77 -1.02 65.75
v 259.77 -1.02 68.95
v 259.51 0.04 68.95
v 258.44 -0.21 68.95
v 259.77 -1.02 65.75
v 259.51 0.04 65.75
v 259.51 0.04 68.95
v 259.77 -1.02 68.95
v 259.51 0.04 65.75
v 258.44 -0.21 65.75
v 258.44 -0.21 68.95
v 259.51 0.04 68.95
v 258.44 -0.21 65.75
v 259.77 -1.02 65.75
v 259.77 -1.02 68.95
v 258.44 -0.21 68.95
v 242.53 -8.89 54.80
v 240.84 -1.91 54.80
v 247.59 -0.27 54.80
v 249.28 -7.25 54.80
v 249.28 -7.25 67.46
v 247.59 -0.27 67.46
v 240.84 -1.91 67.46
v 242.53 -8.89 67.46
v 249.28 -7.25 54.80
v 247.59 -0.27 54.80
v 247.59 -0.27 67.46
v 249.28 -7.25 67.46
v 247.59 -0.27 54.80
v 240.84 -1.91 54.80
v 240.84 -1.91 67.46
v 247.59 -0.27 67.46
v 238.34 -11.10 62.62
v 230.90 -12.91 62.62
v 237.22 -6.48 68.27
v 236.10 -1.87 62.62
v 229.78 -8.29 68.27
v 228.66 -3.67 62.62
v 243.73 15.38 54.80
v 240.58 23.71 54.80
v 247.01 26.14 54.80
v 250.15 17.80 54.80
v 250.15 17.80 67.41
v 247.01 26.14 67.41
v 240.58 23.71 67.41
v 243.73 15.38 67.41
v 250.15 17.80 54.80
v 247.01 26.14 54.80
v 247.01 26.14 67.41
v 250.15 17.80 67.41
v 247.01 26.14 54.80
v 240.58 23.71 54.80
v 240.58 23.71 67.41
v 247.01 26.14 67.41
v 240.58 23.71 54.80
v 243.73 15.38 54.80
v 243.73 15.38 67.41
v 240.58 23.71 67.41
v 243.73 15.38 54.80
v 250.15 17.80 54.80
v 250.15 17.80 67.41
v 243.73 15.38 67.41
v 247.36 26.91 67.41
v 250.93 17.45 67.41
v 249.14 22.18 73.46
v 241.59 19.33 73.46
v 249.14 22.18 73.46
v 243.73 15.38 67.41
v 240.58 23.71 67.41
v 241.59 19.33 73.46
v 250.93 17.45 67.41
v 243.73 15.38 67.41
v 249.14 22.18 73.46
v 247.36 26.91 67.41
v 241.59 19.33 73.46
v 240.58 23.71 67.41
v 235.59 13.30 58.76
v 233.79 12.28 58.76
v 233.79 12.28 59.93
v 235.59 13.30 59.93
v 233.79 12.28 58.76
v 235.97 12.28 58.76
v 235.97 12.28 59.93
v 233.79 12.28 59.93
v 233.79 12.28 59.93
v 232.95 13.12 59.93
v 233.41 13.30 59.93
v 233.79 12.28 62.26
v 233.41 13.30 62.26
v 232.95 13.12 62.26
v 233.79 12.28 59.93
v 233.41 13.30 59.93
v 233.41 13.30 62.26
v 233.79 12.28 62.26
v 233.41 13.30 59.93
v 232.95 13.12 59.93
v 232.95 13.12 62.26
v 233.41 13.30 62.26
v 229.35 10.12 72.75
v 225.16 8.27 78.48
v 220.66 6.56 72.75
v 226.31 18.16 72.75
v 217.49 14.04 72.87
v 220.51 16.06 78.96
v 222.68 7.89 60.43
v 221.75 8.97 60.43
v 222.21 9.14 60.43
v 222.68 7.89 63.26
v 222.21 9.14 63.26
v 221.75 8.97 63.26
v 222.68 7.89 60.43
v 222.21 9.14 60.43
v 222.21 9.14 63.26
v 222.68 7.89 63.26
v 222.21 9.14 60.43
v 221.75 8.97 60.43
v 221.75 8.97 63.26
v 222.21 9.14 63.26
v 221.75 8.97 60.43
v 222.68 7.89 60.43
v 222.68 7.89 63.26
v 221.75 8.97 63.26
v 225.36 7.89 60.43
v 224.89 9.14 60.43
v 224.89 9.14 63.26
v 225.36 7.89 63.26
v 224.89 9.14 60.43
v 225.36 7.89 60.43
v 225.36 7.89 63.26
v 224.89 9.14 63.26
v 222.68 7.89 66.09
v 221.75 8.97 66.09
v 222.21 9.14 66.09
v 222.68 7.89 68.92
v 222.21 9.14 68.92
v 221.75 8.97 68.92
v 222.68 7.89 66.09
v 222.21 9.14 66.09
v 222.21 9.14 68.92
v 222.68 7.89 68.92
v 215.93 30.78 59.00
v 216.36 31.01 59.00
v 216.36 31.01 60.41
v 215.93 30.78 60.41
v 218.23 30.78 59.00
v 216.36 31.01 59.00
v 218.66 31.01 59.00
v 218.66 31.01 60.41
v 216.36 31.01 60.41
v 218.23 30.78 60.41
v 218.66 31.01 59.00
v 216.36 31.01 59.00
v 216.36 31.01 60.41
v 218.66 31.01 60.41
v 216.36 31.01 59.00
v 218.23 30.78 59.00
v 218.23 30.78 60.41
v 216.36 31.01 60.41
v 218.23 30.78 59.00
v 218.66 31.01 59.00
v 218.66 31.01 60.41
v 218.23 30.78 60.41
v 215.93 30.78 61.81
v 215.39 31.80 61.81
v 216.36 31.01 61.81
v 216.36 31.01 61.81
v 215.39 31.80 61.81
v 215.93 30.78 61.81
v 218.23 30.78 61.81
v 216.36 31.01 61.81
v 218.66 31.01 61.81
v 218.66 31.01 61.81
v 216.36 31.01 61.81
v 218.23 30.78 61.81
v 206.53 23.80 54.80
v 202.28 31.81 54.80
v 207.86 34.77 54.80
v 212.12 26.77 54.80
v 212.12 26.77 65.21
v 207.86 34.77 65.21
v 202.28 31.81 65.21
v 206.53 23.80 65.21
v 212.12 26.77 54.80
v 207.86 34.77 54.80
v 207.86 34.77 65.21
v 212.12 26.77 65.21
v 207.86 34.77 54.80
v 202.28 31.81 54.80
v 202.28 31.81 65.21
v 207.86 34.77 65.21
v 202.28 31.81 54.80
v 206.53 23.80 54.80
v 206.53 23.80 65.21
v 202.28 31.81 65.21
v 206.53 23.80 54.80
v 212.12 26.77 54.80
v 212.12 26.77 65.21
v 206.53 23.80 65.21
v 206.53 23.80 65.21
v 202.28 31.81 65.21
v 208.01 35.25 65.21
v 212.12 26.77 65.21
v 212.59 26.62 69.35
v 208.01 35.25 69.35
v 201.81 31.95 69.35
v 206.39 23.33 69.35
v 205.47 27.06 64.05
v 206.21 25.67 64.05
v 206.21 25.67 66.20
v 205.47 27.06 66.20
v 208.92 25.44 64.05
v 208.62 27.06 64.05
v 209.36 25.67 64.05
v 209.36 25.67 66.20
v 208.62 27.06 66.20
v 208.92 25.44 66.20
v 209.36 25.67 64.05
v 208.62 27.06 64.05
v 208.62 27.06 66.20
v 209.36 25.67 66.20
v 208.62 27.06 64.05
v 208.92 25.44 64.05
v 208.92 25.44 66.20
v 208.62 27.06 66.20
v 208.92 25.44 64.05
v 209.36 25.67 64.05
v 209.36 25.67 66.20
v 208.92 25.44 66.20
v 204.22 49.63 54.80
v 199.35 56.42 54.80
v 206.10 61.26 54.80
v 210.96 54.47 54.80
v 210.96 54.47 64.26
v 205.50 61.43 64.00
v 199.35 56.42 64.26
v 204.22 49.63 64.26
v 210.96 54.47 54.80
v 206.10 61.26 54.80
v 205.50 61.43 64.00
v 210.96 54.47 64.26
v 206.10 61.26 54.80
v 199.35 56.42 54.80
v 199.35 56.42 64.26
v 205.50 61.43 64.00
v 199.35 56.42 54.80
v 204.22 49.63 54.80
v 204.22 49.63 64.26
v 199.35 56.42 64.26
v 204.22 49.63 54.80
v 210.96 54.47 54.80
v 210.96 54.47 64.26
v 204.22 49.63 64.26
v 204.22 49.63 64.26
v 199.35 56.42 64.26
v 206.18 61.74 64.26
v 211.45 54.38 64.26
v 211.45 54.38 67.98
v 206.18 61.74 67.98
v 198.87 56.50 67.98
v 204.14 49.14 67.98
v 211.45 54.38 64.26
v 206.18 61.74 64.26
v 206.18 61.74 67.98
v 211.45 54.38 67.98
v 206.18 61.74 64.26
v 199.35 56.42 64.26
v 198.87 56.50 67.98
v 206.18 61.74 67.98
v 199.35 56.42 64.26
v 204.22 49.63 64.26
v 204.14 49.14 67.98
v 198.87 56.50 67.98
v 204.22 49.63 64.26
v 211.45 54.38 64.26
v 211.45 54.38 67.98
v 204.14 49.14 67.98
v 206.18 61.74 67.98
v 211.45 54.38 67.98
v 209.02 58.21 73.66
v 201.30 52.68 73.66
v 209.02 58.21 73.66
v 204.14 49.14 67.98
v 198.87 56.50 67.98
v 201.30 52.68 73.66
v 211.45 54.38 67.98
v 204.14 49.14 67.98
v 209.02 58.21 73.66
v 206.18 61.74 67.98
v 201.30 52.68 73.66
v 198.87 56.50 67.98
v 207.21 50.98 63.23
v 206.37 52.15 63.23
v 205.50 52.53 64.00
v 207.21 50.98 65.11
v 206.37 52.15 63.23
v 207.21 50.98 63.23
v 207.21 50.98 65.11
v 205.50 52.53 64.00
v 194.68 46.92 59.04
v 195.63 45.59 59.04
v 195.63 45.59 60.48
v 194.68 46.92 60.48
v 198.91 45.59 59.04
v 197.96 46.92 59.04
v 197.96 46.92 60.48
v 198.91 45.59 60.48
v 197.96 46.92 59.04
v 198.91 45.59 59.04
v 198.91 45.59 60.48
v 197.96 46.92 60.48
v 199.98 50.39 65.81
v 199.34 51.29 65.81
v 199.34 51.29 69.01
v 199.98 50.39 69.01
v 199.34 51.29 65.81
v 199.98 50.39 65.81
v 199.98 50.39 69.01
v 199.34 51.29 69.01
v 187.69 38.28 54.80
v 183.29 44.42 54.80
v 188.37 48.06 54.80
v 192.77 41.92 54.80
v 192.77 41.92 64.56
v 188.37 48.06 64.56
v 183.29 44.42 64.56
v 187.69 38.28 64.56
v 192.77 41.92 54.80
v 188.37 48.06 54.80
v 188.37 48.06 64.56
v 192.77 41.92 64.56
v 188.37 48.06 54.80
v 183.29 44.42 54.80
v 183.29 44.42 64.56
v 188.37 48.06 64.56
v 183.29 44.42 54.80
v 187.69 38.28 54.80
v 187.69 38.28 64.56
v 183.29 44.42 64.56
v 187.69 38.28 54.80
v 192.77 41.92 54.80
v 192.77 41.92 64.56
v 187.69 38.28 64.56
v 187.69 38.28 64.56
v 183.29 44.42 64.56
v 188.45 48.55 64.56
v 192.77 41.92 64.56
v 191.06 45.34 73.55
v 187.61 37.79 68.41
v 182.45 44.56 68.41
v 185.00 41.00 73.55
v 193.61 41.78 68.41
v 187.61 37.79 68.41
v 191.06 45.34 73.55
v 188.45 48.55 68.41
v 185.00 41.00 73.55
v 182.45 44.56 68.41
v 186.93 39.51 59.56
v 186.59 40.83 59.56
v 187.33 39.80 59.56
v 187.33 39.80 59.56
v 186.59 40.83 59.56
v 186.93 39.51 59.56
v 189.47 39.51 59.56
v 187.33 39.80 59.56
v 189.87 39.80 59.56
v 185.28 65.97 58.72
v 182.70 66.31 58.72
v 185.63 66.31 58.72
v 185.63 66.31 59.84
v 182.70 66.31 59.84
v 185.28 65.97 59.84
v 185.63 66.31 58.72
v 182.70 66.31 58.72
v 182.70 66.31 59.84
v 185.63 66.31 59.84
v 182.70 66.31 58.72
v 185.28 65.97 58.72
v 185.28 65.97 59.84
v 182.70 66.31 59.84
v 185.28 65.97 58.72
v 185.63 66.31 58.72
v 185.63 66.31 59.84
v 185.28 65.97 59.84
v 182.34 65.97 59.84
v 181.68 67.37 59.84
v 182.70 66.31 59.84
v 185.63 66.31 59.84
v 182.70 66.31 59.84
v 182.70 66.31 62.07
v 185.63 66.31 62.07
v 182.70 66.31 59.84
v 185.28 65.97 59.84
v 185.28 65.97 62.07
v 182.70 66.31 62.07
v 185.28 65.97 59.84
v 185.63 66.31 59.84
v 185.63 66.31 62.07
v 185.28 65.97 62.07
v 186.69 70.92 64.19
v 185.89 70.16 64.19
v 185.89 70.16 67.39
v 186.69 70.92 67.39
v 185.89 70.16 64.19
v 186.69 70.92 64.19
v 186.69 70.92 67.39
v 185.89 70.16 67.39
v 176.47 56.97 54.80
v 170.38 63.35 54.80
v 175.88 68.60 54.80
v 181.97 62.22 54.80
v 178.41 58.72 67.18
v 177.35 59.82 67.18
v 177.35 59.82 70.38
v 178.41 58.72 70.38
v 177.35 59.82 67.18
v 178.05 58.38 67.18
v 178.05 58.38 70.38
v 177.35 59.82 70.38
v 178.05 58.38 67.18
v 178.41 58.72 67.18
v 178.41 58.72 70.38
v 178.05 58.38 70.38
v 175.44 -168.30 54.80
v 181.66 -161.78 54.80
v 186.61 -166.51 54.80
v 180.39 -173.02 54.80
v 180.39 -173.02 64.01
v 186.61 -166.51 64.01
v 181.66 -161.78 64.01
v 175.44 -168.30 64.01
v 180.39 -173.02 54.80
v 186.61 -166.51 54.80
v 186.61 -166.51 64.01
v 180.39 -173.02 64.01
v 186.61 -166.51 54.80
v 181.66 -161.78 54.80
v 181.66 -161.78 64.01
v 186.61 -166.51 64.01
v 181.66 -161.78 54.80
v 175.44 -168.30 54.80
v 175.44 -168.30 64.01
v 181.66 -161.78 64.01
v 175.44 -168.30 54.80
v 180.39 -173.02 54.80
v 180.39 -173.02 64.01
v 175.44 -168.30 64.01
v 187.46 -166.49 64.01
v 180.41 -173.87 64.01
v 183.93 -170.18 70.13
v 178.11 -164.63 70.13
v 183.93 -170.18 70.13
v 175.44 -168.30 64.01
v 181.66 -161.78 64.01
v 178.11 -164.63 70.13
v 180.41 -173.87 64.01
v 175.44 -168.30 64.01
v 183.93 -170.18 70.13
v 178.68 -159.98 54.80
v 174.22 -155.73 54.80
v 174.22 -155.73 65.97
v 178.68 -159.98 65.97
v 173.50 -165.41 65.97
v 178.68 -159.98 65.97
v 179.17 -159.97 70.45
v 173.51 -165.90 70.45
v 178.68 -159.98 65.97
v 174.22 -155.73 65.97
v 174.21 -155.24 70.45
v 179.17 -159.97 70.45
v 179.17 -159.97 70.45
v 173.51 -165.90 70.45
v 176.52 -163.11 75.55
v 171.20 -158.03 75.55
v 198.04 -154.62 54.80
v 202.09 -148.97 54.80
v 207.71 -153.00 54.80
v 203.66 -158.65 54.80
v 203.66 -158.65 64.33
v 207.71 -153.00 64.33
v 202.09 -148.97 64.33
v 198.04 -154.62 64.33
v 189.14 -149.20 62.91
v 194.09 -142.28 62.91
v 200.24 -146.26 62.91
v 194.80 -153.25 62.91
v 194.88 -153.74 66.02
v 200.24 -146.26 66.02
v 194.01 -141.79 66.02
v 188.65 -149.28 66.02
v 194.80 -153.25 62.91
v 200.24 -146.26 62.91
v 200.24 -146.26 66.02
v 194.88 -153.74 66.02
v 200.24 -146.26 62.91
v 194.09 -142.28 62.91
v 194.01 -141.79 66.02
v 200.24 -146.26 66.02
v 194.09 -142.28 62.91
v 189.14 -149.20 62.91
v 188.65 -149.28 66.02
v 194.01 -141.79 66.02
v 189.14 -149.20 62.91
v 194.80 -153.25 62.91
v 194.88 -153.74 66.02
v 188.65 -149.28 66.02
v 192.76 -151.86 59.09
v 193.61 -150.68 59.09
v 193.61 -150.68 60.57
v 192.76 -151.86 60.57
v 193.61 -150.68 59.09
v 193.21 -150.39 59.09
v 193.21 -150.39 60.57
v 193.61 -150.68 60.57
v 193.21 -150.39 59.09
v 192.76 -151.86 59.09
v 192.76 -151.86 60.57
v 193.21 -150.39 60.57
v 193.61 -150.68 59.09
v 196.53 -150.68 59.09
v 195.68 -151.86 59.09
v 195.68 -151.86 60.57
v 196.53 -150.68 60.57
v 193.61 -150.68 60.57
v 195.68 -151.86 59.09
v 196.53 -150.68 59.09
v 196.53 -150.68 60.57
v 195.68 -151.86 60.57
v 185.47 -137.21 54.80
v 181.56 -142.66 54.80
v 181.56 -142.66 63.21
v 185.47 -137.21 63.21
v 181.56 -142.66 54.80
v 186.56 -146.24 54.80
v 186.56 -146.24 63.21
v 181.56 -142.66 63.21
v 190.47 -140.79 63.21
v 186.56 -146.24 63.21
v 189.00 -143.87 67.77
v 183.03 -139.59 67.77
v 189.00 -143.87 67.77
v 181.56 -142.66 63.21
v 185.33 -136.37 63.21
v 183.03 -139.59 67.77
v 186.56 -146.24 63.21
v 181.56 -142.66 63.21
v 189.00 -143.87 67.77
v 190.47 -140.79 63.21
v 183.03 -139.59 67.77
v 185.33 -136.37 63.21
v 184.39 -144.98 58.52
v 185.43 -144.37 58.52
v 184.79 -145.26 58.52
v 184.79 -145.26 59.45
v 185.43 -144.37 59.45
v 184.39 -144.98 59.45
v 184.79 -145.26 58.52
v 185.43 -144.37 58.52
v 185.43 -144.37 59.45
v 184.79 -145.26 59.45
v 185.43 -144.37 58.52
v 184.39 -144.98 58.52
v 184.39 -144.98 59.45
v 185.43 -144.37 59.45
v 184.39 -144.98 58.52
v 184.79 -145.26 58.52
v 184.79 -145.26 59.45
v 184.39 -144.98 59.45
v 185.43 -144.37 58.52
v 187.63 -144.37 58.52
v 186.99 -145.26 58.52
v 223.78 -142.61 65.65
v 216.81 -138.91 65.65
v 225.87 -139.21 70.59
v 227.51 -135.58 65.65
v 218.46 -135.27 70.59
v 220.55 -131.87 65.65
v 220.88 -141.36 59.01
v 221.45 -140.29 59.01
v 221.45 -140.29 60.42
v 220.88 -141.36 60.42
v 221.45 -140.29 59.01
v 220.88 -141.36 59.01
v 220.88 -141.36 60.42
v 221.45 -140.29 60.42
v 223.31 -141.36 59.01
v 223.88 -140.29 59.01
v 223.88 -140.29 60.42
v 223.31 -141.36 60.42
v 223.88 -140.29 59.01
v 223.31 -141.36 59.01
v 223.31 -141.36 60.42
v 223.88 -140.29 60.42
v 204.70 -132.11 64.62
v 208.14 -125.64 64.62
v 201.41 -122.06 64.62
v 197.97 -128.54 64.62
v 204.70 -132.11 54.80
v 208.14 -125.64 54.80
v 208.14 -125.64 64.62
v 204.70 -132.11 64.62
v 208.14 -125.64 54.80
v 201.41 -122.06 54.80
v 201.41 -122.06 64.62
v 208.14 -125.64 64.62
v 201.41 -122.06 54.80
v 197.97 -128.54 54.80
v 197.97 -128.54 64.62
v 201.41 -122.06 64.62
v 197.97 -128.54 54.80
v 204.70 -132.11 54.80
v 204.70 -132.11 64.62
v 197.97 -128.54 64.62
v 204.70 -132.11 64.62
v 207.52 -124.46 64.00
v 205.06 -123.32 69.80
v 201.05 -130.86 69.80
v 231.14 -119.06 54.80
v 233.57 -112.63 54.80
v 241.13 -115.49 54.80
v 238.70 -121.91 54.80
v 238.70 -121.91 68.19
v 241.13 -115.49 68.19
v 233.57 -112.63 68.19
v 231.14 -119.06 68.19
v 238.70 -121.91 54.80
v 241.13 -115.49 54.80
v 241.13 -115.49 68.19
v 238.70 -121.91 68.19
v 241.13 -115.49 54.80
v 233.57 -112.63 54.80
v 233.57 -112.63 68.19
v 241.13 -115.49 68.19
v 233.57 -112.63 54.80
v 231.14 -119.06 54.80
v 231.14 -119.06 68.19
v 233.57 -112.63 68.19
v 231.14 -119.06 54.80
v 238.70 -121.91 54.80
v 238.70 -121.91 68.19
v 231.14 -119.06 68.19
v 235.03 -121.80 65.28
v 235.43 -120.74 65.28
v 234.97 -120.57 65.28
v 235.03 -121.80 63.36
v 235.43 -120.74 63.36
v 235.43 -120.74 65.28
v 235.03 -121.80 65.28
v 235.43 -120.74 63.36
v 234.97 -120.57 63.36
v 234.97 -120.57 65.28
v 235.43 -120.74 65.28
v 234.97 -120.57 63.36
v 235.03 -121.80 63.36
v 235.03 -121.80 65.28
v 234.97 -120.57 65.28
v 236.75 -121.52 61.82
v 235.43 -120.74 63.36
v 237.70 -120.74 63.36
v 237.30 -121.80 65.28
v 237.70 -120.74 65.28
v 235.43 -120.74 65.28
v 227.71 -119.16 62.65
v 219.71 -116.78 62.65
v 229.94 -114.93 69.10
v 231.83 -109.93 62.65
v 221.59 -111.78 69.10
v 223.83 -107.55 62.65
v 224.05 -117.96 58.41
v 224.17 -116.23 58.41
v 224.63 -116.41 58.41
v 224.05 -117.96 58.41
v 224.63 -116.41 58.41
v 224.17 -116.23 58.41
v 224.05 -117.96 60.03
v 224.17 -116.23 60.03
v 224.63 -116.41 60.03
v 224.05 -117.96 60.03
v 224.63 -116.41 60.03
v 224.17 -116.23 60.03
v 217.00 -113.94 66.39
v 219.57 -107.12 66.39
v 213.80 -104.94 66.39
v 211.23 -111.76 66.39
v 217.00 -113.94 54.80
v 219.57 -107.12 54.80
v 219.57 -107.12 66.39
v 217.00 -113.94 66.39
v 219.57 -107.12 54.80
v 213.80 -104.94 54.80
v 213.80 -104.94 66.39
v 219.57 -107.12 66.39
v 213.80 -104.94 54.80
v 211.23 -111.76 54.80
v 211.23 -111.76 66.39
v 213.80 -104.94 66.39
v 211.23 -111.76 54.80
v 217.00 -113.94 54.80
v 217.00 -113.94 66.39
v 211.23 -111.76 66.39
v 210.78 -111.96 66.39
v 213.80 -104.94 66.39
v 220.03 -106.92 66.39
v 217.00 -113.94 66.39
v 240.82 -98.17 54.80
v 242.55 -91.04 54.80
v 248.78 -92.55 54.80
v 247.05 -99.68 54.80
v 247.05 -99.68 68.69
v 248.78 -92.55 68.69
v 242.55 -91.04 68.69
v 240.82 -98.17 68.69
v 247.05 -99.68 54.80
v 248.78 -92.55 54.80
v 248.78 -92.55 68.69
v 247.05 -99.68 68.69
v 248.78 -92.55 54.80
v 242.55 -91.04 54.80
v 242.55 -91.04 68.69
v 248.78 -92.55 68.69
v 242.55 -91.04 54.80
v 240.82 -98.17 54.80
v 240.82 -98.17 68.69
v 242.55 -91.04 68.69
v 240.82 -98.17 54.80
v 247.05 -99.68 54.80
v 247.05 -99.68 68.69
v 240.82 -98.17 68.69
v 249.21 -92.29 74.39
v 247.31 -100.10 74.39
v 248.50 -96.25 79.38
v 241.10 -94.46 79.38
v 248.50 -96.25 79.38
v 240.40 -98.42 74.39
v 242.29 -90.61 74.39
v 241.10 -94.46 79.38
v 247.31 -100.10 74.39
v 240.40 -98.42 74.39
v 248.50 -96.25 79.38
v 249.21 -92.29 74.39
v 241.10 -94.46 79.38
v 242.29 -90.61 74.39
v 243.67 -99.09 60.76
v 243.96 -97.90 60.76
v 243.96 -97.90 63.92
v 243.67 -99.09 63.92
v 243.96 -97.90 60.76
v 243.67 -99.09 60.76
v 243.67 -99.09 63.92
v 243.96 -97.90 63.92
v 230.87 -88.62 66.17
v 229.33 -94.95 66.17
v 228.91 -95.21 70.74
v 230.61 -88.20 70.74
v 229.33 -94.95 66.17
v 236.99 -96.81 66.17
v 237.25 -97.23 70.74
v 228.91 -95.21 70.74
v 237.25 -97.23 70.74
v 239.25 -90.04 70.74
v 234.84 -88.97 76.10
v 233.02 -96.46 76.10
v 228.61 -95.39 70.74
v 233.02 -96.46 76.10
v 234.84 -88.97 76.10
v 230.43 -87.90 70.74
v 237.25 -97.23 70.74
v 233.02 -96.46 76.10
v 228.61 -95.39 70.74
v 239.25 -90.04 70.74
v 230.43 -87.90 70.74
v 234.84 -88.97 76.10
v 232.98 -97.11 60.03
v 232.75 -95.96 60.03
v 233.23 -96.08 60.03
v 232.98 -97.11 62.46
v 233.23 -96.08 62.46
v 232.75 -95.96 62.46
v 232.98 -97.11 60.03
v 233.23 -96.08 60.03
v 233.23 -96.08 62.46
v 232.98 -97.11 62.46
v 233.23 -96.08 60.03
v 232.75 -95.96 60.03
v 232.75 -95.96 62.46
v 233.23 -96.08 62.46
v 232.75 -95.96 60.03
v 232.98 -97.11 60.03
v 232.98 -97.11 62.46
v 232.75 -95.96 62.46
v 235.10 -97.11 60.03
v 233.23 -96.08 60.03
v 233.23 -96.08 62.46
v 235.10 -97.11 62.46
v 246.33 -77.15 69.21
v 247.44 -67.76 69.21
v 255.22 -68.69 69.21
v 254.10 -78.08 69.21
v 254.41 -78.47 75.15
v 255.61 -68.38 75.15
v 247.14 -67.37 75.15
v 245.94 -77.46 75.15
v 254.10 -78.08 69.21
v 255.22 -68.69 69.21
v 255.61 -68.38 75.15
v 254.41 -78.47 75.15
v 255.22 -68.69 69.21
v 247.44 -67.76 69.21
v 247.14 -67.37 75.15
v 255.61 -68.38 75.15
v 247.44 -67.76 69.21
v 246.33 -77.15 69.21
v 245.94 -77.46 75.15
v 247.14 -67.37 75.15
v 246.33 -77.15 69.21
v 254.10 -78.08 69.21
v 254.41 -78.47 75.15
v 245.94 -77.46 75.15
v 255.88 -68.16 75.15
v 254.41 -78.47 75.15
v 255.25 -73.45 81.58
v 246.29 -72.39 81.58
v 255.25 -73.45 81.58
v 245.94 -77.46 75.15
v 247.14 -67.37 75.15
v 246.29 -72.39 81.58
v 254.41 -78.47 75.15
v 245.94 -77.46 75.15
v 255.25 -73.45 81.58
v 255.88 -68.16 75.15
v 246.29 -72.39 81.58
v 247.14 -67.37 75.15
v 249.27 -77.56 60.91
v 249.34 -75.94 61.20
v 249.46 -75.92 64.22
v 249.27 -77.56 64.22
v 249.34 -75.94 61.20
v 249.27 -77.56 60.91
v 249.27 -77.56 64.22
v 249.46 -75.92 64.22
v 252.57 -77.56 60.91
v 252.76 -75.92 60.91
v 252.76 -75.92 64.22
v 252.57 -77.56 64.22
v 252.76 -75.92 60.91
v 252.57 -77.56 60.91
v 252.57 -77.56 64.22
v 252.76 -75.92 64.22
v 249.27 -77.56 67.53
v 249.46 -75.92 67.53
v 249.46 -75.92 70.84
v 249.27 -77.56 70.84
v 249.46 -75.92 67.53
v 249.27 -77.56 67.53
v 249.27 -77.56 70.84
v 249.46 -75.92 70.84
v 252.57 -77.56 67.53
v 252.76 -75.92 67.53
v 252.76 -75.92 70.84
v 252.57 -77.56 70.84
v 252.76 -75.92 67.53
v 252.57 -77.56 67.53
v 252.57 -77.56 70.84
v 252.76 -75.92 70.84
v 231.00 -69.64 71.21
v 231.12 -68.55 71.21
v 231.12 -68.55 74.41
v 231.00 -69.64 74.41
v 231.12 -68.55 71.21
v 231.00 -69.64 71.21
v 231.00 -69.64 74.41
v 231.12 -68.55 74.41
v 271.79 -50.00 48.00
v 270.99 -47.53 48.00
v 270.99 -47.53 72.00
v 271.79 -50.00 72.00
v 270.99 -47.53 48.00
v 268.89 -46.01 48.00
v 268.89 -46.01 72.00
v 270.99 -47.53 72.00
v 268.89 -46.01 48.00
v 266.29 -46.01 48.00
v 266.29 -46.01 72.00
v 268.89 -46.01 72.00
v 266.29 -46.01 48.00
v 264.19 -47.53 48.00
v 264.19 -47.53 72.00
v 266.29 -46.01 72.00
v 264.19 -47.53 48.00
v 263.39 -50.00 48.00
v 263.39 -50.00 72.00
v 264.19 -47.53 72.00
v 263.39 -50.00 48.00
v 264.19 -52.47 48.00
v 264.19 -52.47 72.00
v 263.39 -50.00 72.00
v 264.19 -52.47 48.00
v 266.29 -53.99 48.00
v 266.29 -53.99 72.00
v 264.19 -52.47 72.00
v 266.29 -53.99 48.00
v 268.89 -53.99 48.00
v 268.89 -53.99 72.00
v 266.29 -53.99 72.00
v 268.89 -53.99 48.00
v 270.99 -52.47 48.00
v 270.99 -52.47 72.00
v 268.89 -53.99 72.00
v 270.99 -52.47 48.00
v 271.79 -50.00 48.00
v 271.79 -50.00 72.00
v 270.99 -52.47 72.00
v 272.18 -53.33 72.00
v 273.26 -50.00 72.00
v 267.59 -50.00 78.00
v 194.99 76.72 48.00
v 194.18 79.19 48.00
v 194.18 79.19 72.00
v 194.99 76.72 72.00
v 194.18 79.19 48.00
v 192.08 80.71 48.00
v 192.08 80.71 72.00
v 194.18 79.19 72.00
v 192.08 80.71 48.00
v 189.49 80.71 48.00
v 189.49 80.71 72.00
v 192.08 80.71 72.00
v 189.49 80.71 48.00
v 187.39 79.19 48.00
v 187.39 79.19 72.00
v 189.49 80.71 72.00
v 187.39 79.19 48.00
v 186.59 76.72 48.00
v 186.59 76.72 72.00
v 187.39 79.19 72.00
v 196.46 76.72 72.00
v 195.37 80.05 72.00
v 190.78 76.72 78.00
v 195.37 80.05 72.00
v 192.54 82.11 72.00
v 190.78 76.72 78.00
v 192.54 82.11 72.00
v 189.03 82.11 72.00
v 190.78 76.72 78.00
v 189.03 82.11 72.00
v 186.20 80.05 72.00
v 190.78 76.72 78.00
v 186.20 80.05 72.00
v 186.59 76.72 72.00
v 190.78 76.72 78.00
v 186.59 76.72 72.00
v 186.20 73.39 72.00
v 190.78 76.72 78.00
v 186.20 73.39 72.00
v 189.03 71.33 72.00
v 190.78 76.72 78.00
v 189.03 71.33 72.00
v 192.54 71.33 72.00
v 190.78 76.72 78.00
v 192.54 71.33 72.00
v 194.18 74.25 72.00
v 190.78 76.72 78.00
v 194.18 74.25 72.00
v 196.46 76.72 72.00
v 190.78 76.72 78.00
v 259.87 -98.00 48.00
v 259.07 -95.53 48.00
v 259.07 -95.53 72.00
v 259.87 -98.00 72.00
v 259.07 -95.53 48.00
v 256.97 -94.00 48.00
v 256.97 -94.00 72.00
v 259.07 -95.53 72.00
v 271.98 -47.26 40.80
v 263.62 -47.26 40.80
v 263.62 -47.26 50.84
v 271.98 -47.26 50.84
v 263.62 -47.26 40.80
v 263.62 -56.74 40.80
v 263.62 -56.74 50.84
v 263.62 -47.26 50.84
v 263.62 -56.74 40.80
v 271.98 -56.74 40.80
v 271.98 -56.74 50.84
v 263.62 -56.74 50.84
v 271.98 -47.26 50.84
v 272.58 -57.34 50.84
v 272.58 -52.00 57.29
v 263.02 -52.00 57.29
v 272.58 -52.00 57.29
v 263.02 -57.34 50.84
v 263.62 -47.26 50.84
v 263.02 -52.00 57.29
v 272.58 -57.34 50.84
v 263.02 -57.34 50.84
v 272.58 -52.00 57.29
v 271.98 -47.26 50.84
v 263.02 -52.00 57.29
v 263.62 -47.26 50.84
v 266.39 -56.88 47.34
v 265.90 -55.22 47.34
v 265.90 -55.22 48.59
v 266.39 -56.88 48.59
v 265.90 -55.22 47.34
v 266.39 -56.88 47.34
v 266.39 -56.88 48.59
v 265.90 -55.22 48.59
v 269.89 -51.16 50.84
v 269.89 -50.06 50.84
v 270.99 -50.06 50.84
v 270.99 -51.16 50.84
v 270.99 -51.16 54.04
v 270.99 -50.06 54.04
v 269.89 -50.06 54.04
v 269.89 -51.16 54.04
v 270.99 -51.16 50.84
v 270.99 -50.06 50.84
v 270.99 -50.06 54.04
v 270.99 -51.16 54.04
v 270.99 -50.06 50.84
v 269.89 -50.06 50.84
v 269.89 -50.06 54.04
v 270.99 -50.06 54.04
v 269.89 -50.06 50.84
v 269.89 -51.16 50.84
v 269.89 -51.16 54.04
v 269.89 -50.06 54.04
v 269.89 -51.16 50.84
v 270.99 -51.16 50.84
v 270.99 -51.16 54.04
v 269.89 -51.16 54.04
v 251.62 -55.53 40.80
v 251.62 -48.47 40.80
v 258.16 -48.47 40.80
v 258.16 -55.53 40.80
v 258.16 -55.53 51.71
v 258.16 -48.47 51.71
v 251.62 -48.47 51.71
v 251.62 -55.53 51.71
v 258.16 -55.53 40.80
v 258.16 -48.47 40.80
v 258.16 -48.47 51.71
v 258.16 -55.53 51.71
v 257.55 -51.35 59.27
v 257.55 -50.25 59.27
v 256.44 -50.25 59.27
v 256.44 -51.35 59.27
v 257.55 -51.35 56.08
v 257.55 -50.25 56.08
v 257.55 -50.25 59.27
v 257.55 -51.35 59.27
v 257.55 -50.25 56.08
v 256.44 -50.25 56.08
v 256.44 -50.25 59.27
v 257.55 -50.25 59.27
v 256.44 -50.25 56.08
v 256.44 -51.35 56.08
v 256.44 -51.35 59.27
v 256.44 -50.25 59.27
v 256.44 -51.35 56.08
v 257.55 -51.35 56.08
v 257.55 -51.35 59.27
v 256.44 -51.35 59.27
v 238.12 -56.27 40.80
v 238.12 -47.73 40.80
v 245.84 -47.73 40.80
v 245.84 -56.27 40.80
v 245.84 -56.27 51.89
v 245.84 -47.73 51.89
v 238.12 -47.73 51.89
v 238.12 -56.27 51.89
v 245.84 -56.27 40.80
v 245.84 -47.73 40.80
v 245.84 -47.73 51.89
v 245.84 -56.27 51.89
v 245.84 -47.73 40.80
v 238.12 -47.73 40.80
v 238.12 -47.73 51.89
v 245.84 -47.73 51.89
v 238.12 -47.73 40.80
v 238.12 -56.27 40.80
v 238.12 -56.27 51.89
v 238.12 -47.73 51.89
v 238.12 -56.27 40.80
v 245.84 -56.27 40.80
v 245.84 -56.27 51.89
v 238.12 -56.27 51.89
v 246.44 -47.13 51.89
v 246.44 -56.87 51.89
v 246.44 -52.00 57.69
v 237.52 -52.00 57.69
v 246.44 -52.00 57.69
v 237.52 -56.87 51.89
v 237.52 -47.13 51.89
v 237.52 -52.00 57.69
v 246.44 -56.87 51.89
v 237.52 -56.87 51.89
v 246.44 -52.00 57.69
v 246.44 -47.13 51.89
v 237.52 -52.00 57.69
v 237.52 -47.13 51.89
v 268.50 -29.74 40.80
v 267.43 -20.80 40.80
v 275.08 -19.88 40.80
v 276.16 -28.82 40.80
v 276.16 -28.82 49.08
v 275.08 -19.88 49.08
v 267.43 -20.80 49.08
v 268.50 -29.74 49.08
v 276.16 -28.82 40.80
v 275.08 -19.88 40.80
v 275.08 -19.88 49.08
v 276.16 -28.82 49.08
v 275.08 -19.88 40.80
v 267.43 -20.80 40.80
v 267.43 -20.80 49.08
v 275.08 -19.88 49.08
v 267.43 -20.80 40.80
v 268.50 -29.74 40.80
v 268.50 -29.74 49.08
v 267.43 -20.80 49.08
v 268.50 -29.74 40.80
v 276.16 -28.82 40.80
v 276.16 -28.82 49.08
v 268.50 -29.74 49.08
v 268.20 -30.13 49.08
v 267.43 -20.80 49.08
v 275.39 -19.49 49.08
v 276.16 -28.82 49.08
v 276.55 -29.12 52.26
v 275.39 -19.49 52.26
v 267.04 -20.49 52.26
v 268.20 -30.13 52.26
v 276.16 -28.82 49.08
v 275.39 -19.49 49.08
v 275.39 -19.49 52.26
v 276.55 -29.12 52.26
v 262.75 -25.90 58.52
v 255.08 -31.34 53.23
v 254.85 -23.26 54.80
v 254.55 -26.89 58.52
v 263.76 -28.87 54.80
v 255.08 -31.34 53.23
v 262.75 -25.90 58.52
v 262.22 -21.44 53.23
v 254.55 -26.89 58.52
v 254.85 -23.26 54.80
v 257.66 -30.42 45.33
v 257.01 -29.18 45.33
v 257.01 -29.18 47.05
v 257.66 -30.42 47.05
v 257.01 -29.18 45.33
v 257.66 -30.42 45.33
v 257.66 -30.42 47.05
v 257.01 -29.18 47.05
v 242.32 -31.81 40.80
v 241.50 -25.00 40.80
v 248.69 -24.13 40.80
v 249.52 -30.95 40.80
v 249.91 -31.25 52.29
v 249.00 -23.74 52.29
v 241.11 -24.69 52.29
v 242.02 -32.20 52.29
v 249.52 -30.95 49.09
v 248.69 -24.13 49.09
v 249.00 -23.74 52.29
v 249.91 -31.25 52.29
v 248.69 -24.13 49.09
v 241.50 -25.00 49.09
v 241.11 -24.69 52.29
v 249.00 -23.74 52.29
v 241.50 -25.00 49.09
v 242.32 -31.81 49.09
v 242.02 -32.20 52.29
v 241.11 -24.69 52.29
v 242.32 -31.81 49.09
v 249.52 -30.95 49.09
v 249.91 -31.25 52.29
v 242.02 -32.20 52.29
v 249.91 -31.25 52.29
v 249.00 -23.74 52.29
v 245.03 -23.97 57.21
v 246.09 -31.73 59.18
v 261.48 -2.80 56.87
v 259.71 4.36 56.87
v 251.21 2.27 56.87
v 252.97 -4.90 56.87
v 261.05 -2.55 52.26
v 259.71 4.36 52.26
v 259.71 4.36 56.87
v 261.48 -2.80 56.87
v 259.71 4.36 52.26
v 251.21 2.27 52.26
v 251.21 2.27 56.87
v 259.71 4.36 56.87
v 251.21 2.27 52.26
v 252.97 -4.90 52.26
v 252.97 -4.90 56.87
v 251.21 2.27 56.87
v 252.97 -4.90 52.26
v 261.05 -2.55 52.26
v 261.48 -2.80 56.87
v 252.97 -4.90 56.87
v 261.48 -2.80 56.87
v 259.90 4.66 56.87
v 255.40 3.56 62.35
v 257.28 -4.09 62.35
v 252.97 -4.90 56.87
v 257.28 -4.09 62.35
v 255.40 3.56 62.35
v 251.21 2.27 56.87
v 261.48 -2.80 56.87
v 257.28 -4.09 62.35
v 252.97 -4.90 56.87
v 259.90 4.66 56.87
v 251.21 2.27 56.87
v 255.40 3.56 62.35
v 255.14 -4.76 46.05
v 254.88 -3.70 46.05
v 255.35 -3.58 46.05
v 255.62 -4.64 46.05
v 255.62 -4.64 48.51
v 255.35 -3.58 48.51
v 254.88 -3.70 48.51
v 255.14 -4.76 48.51
v 255.62 -4.64 46.05
v 255.35 -3.58 46.05
v 255.35 -3.58 48.51
v 255.62 -4.64 48.51
v 248.10 -7.01 49.27
v 245.91 1.88 49.27
v 238.59 0.08 49.27
v 240.78 -8.81 49.27
v 248.10 -7.01 40.80
v 245.91 1.88 40.80
v 245.91 1.88 49.27
v 248.10 -7.01 49.27
v 245.91 1.88 40.80
v 238.59 0.08 40.80
v 238.59 0.08 49.27
v 245.91 1.88 49.27
v 238.59 0.08 40.80
v 240.78 -8.81 40.80
v 240.78 -8.81 49.27
v 238.59 0.08 49.27
v 240.78 -8.81 40.80
v 248.10 -7.01 40.80
v 248.10 -7.01 49.27
v 240.78 -8.81 49.27
v 246.35 2.61 49.27
v 248.83 -7.45 49.27
v 247.59 -2.42 55.50
v 239.10 -4.51 55.50
v 247.59 -2.42 55.50
v 240.78 -8.81 49.27
v 238.59 0.08 49.27
v 239.10 -4.51 55.50
v 248.83 -7.45 49.27
v 240.78 -8.81 49.27
v 247.59 -2.42 55.50
v 246.35 2.61 49.27
v 239.10 -4.51 55.50
v 238.59 0.08 49.27
v 241.70 -7.94 44.53
v 241.80 -6.28 44.53
v 242.18 -7.83 44.53
v 242.18 -7.83 44.53
v 241.80 -6.28 44.53
v 241.70 -7.94 44.53
v 241.70 -7.94 46.41
v 241.80 -6.28 46.41
v 242.18 -7.83 46.41
v 242.18 -7.83 46.41
v 241.80 -6.28 46.41
v 241.70 -7.94 46.41
v 255.78 23.20 40.80
v 252.41 32.00 40.80
v 258.76 34.43 40.80
v 262.13 25.63 40.80
v 262.13 25.63 55.01
v 258.76 34.43 55.01
v 252.41 32.00 55.01
v 255.78 23.20 55.01
v 262.13 25.63 40.80
v 258.76 34.43 40.80
v 258.76 34.43 55.01
v 262.13 25.63 55.01
v 258.76 34.43 40.80
v 252.41 32.00 40.80
v 252.41 32.00 55.01
v 258.76 34.43 55.01
v 252.41 32.00 40.80
v 255.78 23.20 40.80
v 255.78 23.20 55.01
v 252.41 32.00 55.01
v 255.78 23.20 40.80
v 262.13 25.63 40.80
v 262.13 25.63 55.01
v 255.78 23.20 55.01
v 255.78 23.20 55.01
v 252.41 32.00 55.01
v 258.76 34.43 55.01
v 262.13 25.63 55.01
v 262.58 25.43 60.87
v 258.97 34.88 60.87
v 251.96 32.20 60.87
v 255.58 22.75 60.87
v 262.13 25.63 55.01
v 258.76 34.43 55.01
v 258.97 34.88 60.87
v 262.58 25.43 60.87
v 258.76 34.43 55.01
v 252.41 32.00 55.01
v 251.96 32.20 60.87
v 258.97 34.88 60.87
v 252.41 32.00 55.01
v 255.78 23.20 55.01
v 255.58 22.75 60.87
v 251.96 32.20 60.87
v 230.42 14.59 40.80
v 237.58 17.33 40.80
v 237.58 17.33 53.41
v 230.42 14.59 53.41
v 230.42 14.59 53.41
v 227.78 21.49 53.41
v 234.94 24.23 53.41
v 238.03 17.12 53.41
v 238.03 17.12 58.55
v 235.14 24.68 58.55
v 227.32 21.69 58.55
v 230.22 14.13 58.55
v 238.03 17.12 53.41
v 234.94 24.23 53.41
v 235.14 24.68 58.55
v 238.03 17.12 58.55
v 234.94 24.23 53.41
v 227.78 21.49 53.41
v 227.32 21.69 58.55
v 235.14 24.68 58.55
v 227.78 21.49 53.41
v 230.42 14.59 53.41
v 230.22 14.13 58.55
v 227.32 21.69 58.55
v 230.42 14.59 53.41
v 238.03 17.12 53.41
v 238.03 17.12 58.55
v 230.22 14.13 58.55
v 238.03 17.12 58.55
v 235.14 24.68 58.55
v 231.14 23.42 63.77
v 233.41 13.30 62.26
v 230.22 14.13 58.55
v 233.41 13.30 62.26
v 231.14 23.42 63.77
v 227.32 21.69 58.55
v 238.03 17.12 58.55
v 233.41 13.30 62.26
v 230.22 14.13 58.55
v 235.14 24.68 58.55
v 227.32 21.69 58.55
v 231.14 23.42 63.77
v 231.89 15.21 46.39
v 230.99 16.19 46.39
v 231.45 16.36 46.39
v 231.89 15.21 49.18
v 231.45 16.36 49.18
v 230.99 16.19 49.18
v 231.89 15.21 46.39
v 231.45 16.36 46.39
v 231.45 16.36 49.18
v 231.89 15.21 49.18
v 231.45 16.36 46.39
v 230.99 16.19 46.39
v 230.99 16.19 49.18
v 231.45 16.36 49.18
v 230.99 16.19 46.39
v 231.89 15.21 46.39
v 231.89 15.21 49.18
v 230.99 16.19 49.18
v 234.37 15.21 46.39
v 233.93 16.36 46.39
v 233.93 16.36 49.18
v 234.37 15.21 49.18
v 233.93 16.36 46.39
v 234.37 15.21 46.39
v 234.37 15.21 49.18
v 233.93 16.36 49.18
v 216.31 34.96 46.54
v 215.30 35.79 46.54
v 215.74 36.02 46.54
v 216.31 34.96 49.49
v 215.74 36.02 49.49
v 215.30 35.79 49.49
v 216.31 34.96 46.54
v 215.74 36.02 46.54
v 215.74 36.02 49.49
v 216.31 34.96 49.49
v 215.74 36.02 46.54
v 215.30 35.79 46.54
v 215.30 35.79 49.49
v 215.74 36.02 49.49
v 215.30 35.79 46.54
v 216.31 34.96 46.54
v 216.31 34.96 49.49
v 215.30 35.79 49.49
v 213.90 34.96 52.43
v 213.33 36.02 52.43
v 213.33 36.02 55.37
v 213.90 34.96 55.37
v 217.48 39.79 59.32
v 216.51 39.27 59.32
v 216.51 39.27 62.52
v 217.48 39.79 62.52
v 216.51 39.27 59.32
v 217.48 39.79 59.32
v 217.48 39.79 62.52
v 216.51 39.27 62.52
v 211.97 63.71 40.80
v 207.46 69.93 40.80
v 212.95 73.92 40.80
v 217.46 67.70 40.80
v 217.46 67.70 49.89
v 212.95 73.92 49.89
v 207.46 69.93 49.89
v 211.97 63.71 49.89
v 217.46 67.70 40.80
v 212.95 73.92 40.80
v 212.95 73.92 49.89
v 217.46 67.70 49.89
v 212.95 73.92 40.80
v 207.46 69.93 40.80
v 207.46 69.93 49.89
v 212.95 73.92 49.89
v 207.46 69.93 40.80
v 211.97 63.71 40.80
v 211.97 63.71 49.89
v 207.46 69.93 49.89
v 211.97 63.71 40.80
v 217.46 67.70 40.80
v 217.46 67.70 49.89
v 211.97 63.71 49.89
v 212.95 73.92 49.89
v 218.30 67.57 49.89
v 215.69 71.16 55.11
v 209.23 66.47 55.11
v 215.69 71.16 55.11
v 211.97 63.71 49.89
v 206.62 70.06 49.89
v 209.23 66.47 55.11
v 218.30 67.57 49.89
v 211.97 63.71 49.89
v 215.69 71.16 55.11
v 212.95 73.92 49.89
v 209.23 66.47 55.11
v 206.62 70.06 49.89
v 187.78 56.27 40.80
v 192.88 49.24 40.80
v 192.88 49.24 49.14
v 187.78 56.27 49.14
v 192.88 49.24 40.80
v 198.39 53.24 40.80
v 198.39 53.24 49.14
v 192.88 49.24 49.14
v 192.88 49.24 49.14
v 187.78 56.27 49.14
v 193.29 60.27 49.14
v 198.39 53.24 49.14
v 198.88 53.16 52.35
v 193.37 60.76 52.35
v 187.29 56.34 52.35
v 192.80 48.75 52.35
v 198.39 53.24 49.14
v 193.29 60.27 49.14
v 193.37 60.76 52.35
v 198.88 53.16 52.35
v 193.29 60.27 49.14
v 187.78 56.27 49.14
v 187.29 56.34 52.35
v 193.37 60.76 52.35
v 187.78 56.27 49.14
v 192.88 49.24 49.14
v 192.80 48.75 52.35
v 187.29 56.34 52.35
v 192.88 49.24 49.14
v 198.39 53.24 49.14
v 198.88 53.16 52.35
v 192.80 48.75 52.35
v 193.37 60.76 52.35
v 198.88 53.16 52.35
v 196.32 57.10 58.26
v 189.84 52.40 58.26
v 196.32 57.10 58.26
v 192.80 48.75 52.35
v 186.94 56.40 52.35
v 189.84 52.40 58.26
v 198.88 53.16 52.35
v 192.80 48.75 52.35
v 196.32 57.10 58.26
v 193.37 60.76 52.35
v 189.84 52.40 58.26
v 186.94 56.40 52.35
v 192.22 51.01 45.15
v 191.35 52.22 45.15
v 191.35 52.22 46.70
v 192.22 51.01 46.70
v 191.35 52.22 45.15
v 192.22 51.01 45.15
v 192.22 51.01 46.70
v 191.35 52.22 46.70
v 192.22 51.01 46.70
v 191.35 52.22 46.70
v 191.35 52.22 49.80
v 192.22 51.01 49.80
v 191.35 52.22 46.70
v 192.22 51.01 46.70
v 192.22 51.01 49.80
v 191.35 52.22 49.80
v 187.78 79.82 40.80
v 182.56 85.23 40.80
v 188.00 90.49 40.80
v 193.23 85.08 40.80
v 193.23 85.08 52.60
v 188.00 90.49 52.60
v 182.56 85.23 52.60
v 187.78 79.82 52.60
v 187.24 81.22 48.40
v 186.36 82.12 48.40
v 186.89 80.87 48.40
v 190.87 86.45 52.60
v 190.08 85.69 52.60
v 190.08 85.69 55.80
v 190.87 86.45 55.80
v 190.08 85.69 52.60
v 190.87 86.45 52.60
v 190.87 86.45 55.80
v 190.08 85.69 55.80
v 180.58 71.83 40.80
v 174.32 78.31 40.80
v 178.68 82.52 40.80
v 184.95 76.04 40.80
v 184.95 76.04 49.06
v 178.68 82.52 49.06
v 174.32 78.31 49.06
v 180.58 71.83 49.06
v 184.95 76.04 40.80
v 178.68 82.52 40.80
v 178.68 82.52 49.06
v 184.95 76.04 49.06
v 184.30 -190.85 52.16
v 189.46 -185.52 52.16
v 184.81 -181.02 52.16
v 179.66 -186.36 52.16
v 184.30 -190.85 40.80
v 189.46 -185.52 40.80
v 189.46 -185.52 52.16
v 184.30 -190.85 52.16
v 189.46 -185.52 40.80
v 184.81 -181.02 40.80
v 184.81 -181.02 52.16
v 189.46 -185.52 52.16
v 184.81 -181.02 40.80
v 179.66 -186.36 40.80
v 179.66 -186.36 52.16
v 184.81 -181.02 52.16
v 179.66 -186.36 40.80
v 184.30 -190.85 40.80
v 184.30 -190.85 52.16
v 179.66 -186.36 52.16
v 179.66 -186.36 52.16
v 184.81 -181.02 52.16
v 189.46 -185.52 52.16
v 184.30 -190.85 52.16
v 183.92 -188.77 46.03
v 183.06 -189.66 46.03
v 183.06 -189.66 48.45
v 183.92 -188.77 48.45
v 185.55 -189.66 46.03
v 186.41 -188.77 46.03
v 186.41 -188.77 48.45
v 185.55 -189.66 48.45
v 186.41 -188.77 46.03
v 185.55 -189.66 46.03
v 185.55 -189.66 48.45
v 186.41 -188.77 48.45
v 184.30 -190.85 52.16
v 183.92 -188.77 50.88
v 183.92 -188.77 53.31
v 183.06 -189.66 53.31
v 183.92 -188.77 50.88
v 184.30 -190.85 52.16
v 183.06 -189.66 53.31
v 183.92 -188.77 53.31
v 185.55 -189.66 50.88
v 186.41 -188.77 50.88
v 186.41 -188.77 53.31
v 185.55 -189.66 53.31
v 186.41 -188.77 50.88
v 185.55 -189.66 50.88
v 185.55 -189.66 53.31
v 186.41 -188.77 53.31
v 185.78 -184.03 56.00
v 187.52 -184.73 56.73
v 186.75 -185.52 56.73
v 186.75 -185.52 59.93
v 187.52 -184.73 59.93
v 186.73 -183.96 59.93
v 186.75 -185.52 56.73
v 187.52 -184.73 56.73
v 187.52 -184.73 59.93
v 186.75 -185.52 59.93
v 187.52 -184.73 56.73
v 185.78 -184.03 56.00
v 186.73 -183.96 59.93
v 187.52 -184.73 59.93
v 185.78 -184.03 56.00
v 186.75 -185.52 56.73
v 186.75 -185.52 59.93
v 186.73 -183.96 59.93
v 175.61 -183.89 49.64
v 182.70 -177.05 49.64
v 182.70 -177.05 53.08
v 175.62 -184.38 53.08
v 182.70 -177.05 49.64
v 177.38 -172.40 49.64
v 177.38 -171.90 53.08
v 182.70 -177.05 53.08
v 182.70 -177.05 53.08
v 175.62 -184.38 53.08
v 179.34 -180.89 59.54
v 173.65 -175.39 59.54
v 179.34 -180.89 59.54
v 170.29 -179.23 53.08
v 177.37 -171.55 53.08
v 173.65 -175.39 59.54
v 182.70 -177.05 53.08
v 173.65 -175.39 59.54
v 177.37 -171.55 53.08
v 177.75 -182.14 45.30
v 178.91 -180.95 45.30
v 178.91 -180.95 46.99
v 177.75 -182.14 46.99
v 214.10 -169.66 52.04
v 207.61 -164.95 52.04
v 211.20 -166.82 57.49
v 207.47 -174.65 45.09
v 208.16 -173.70 45.09
v 208.16 -173.70 46.58
v 207.47 -174.65 46.58
v 208.16 -173.70 45.09
v 207.47 -174.65 45.09
v 207.47 -174.65 46.58
v 208.16 -173.70 46.58
v 209.81 -174.65 45.09
v 210.49 -173.70 45.09
v 210.49 -173.70 46.58
v 209.81 -174.65 46.58
v 210.49 -173.70 45.09
v 209.81 -174.65 45.09
v 209.81 -174.65 46.58
v 210.49 -173.70 46.58
v 207.47 -174.65 46.58
v 208.16 -173.70 46.58
v 208.16 -173.70 49.55
v 207.47 -174.65 49.55
v 211.65 -168.68 52.04
v 210.76 -168.03 52.04
v 210.76 -168.03 55.24
v 211.65 -168.68 55.24
v 210.76 -168.03 52.04
v 211.00 -169.56 52.04
v 211.00 -169.56 55.24
v 210.76 -168.03 55.24
v 194.23 -164.27 40.80
v 198.69 -158.13 40.80
v 204.40 -162.27 40.80
v 199.94 -168.42 40.80
v 199.94 -168.42 48.79
v 204.40 -162.27 48.79
v 198.69 -158.13 48.79
v 194.23 -164.27 48.79
v 199.94 -168.42 40.80
v 204.40 -162.27 40.80
v 204.40 -162.27 48.79
v 199.94 -168.42 48.79
v 204.40 -162.27 40.80
v 198.69 -158.13 40.80
v 198.69 -158.13 48.79
v 204.40 -162.27 48.79
v 225.14 -152.15 40.80
v 228.24 -146.38 40.80
v 235.18 -150.12 40.80
v 232.08 -155.88 40.80
v 232.08 -155.88 49.80
v 235.18 -150.12 49.80
v 228.24 -146.38 49.80
v 225.14 -152.15 49.80
v 232.08 -155.88 40.80
v 235.18 -150.12 40.80
v 235.18 -150.12 49.80
v 232.08 -155.88 49.80
v 235.18 -150.12 40.80
v 228.24 -146.38 40.80
v 228.24 -146.38 49.80
v 235.18 -150.12 49.80
v 228.24 -146.38 40.80
v 225.14 -152.15 40.80
v 225.14 -152.15 49.80
v 228.24 -146.38 49.80
v 225.14 -152.15 40.80
v 232.08 -155.88 40.80
v 232.08 -155.88 49.80
v 225.14 -152.15 49.80
v 225.14 -152.15 49.80
v 228.24 -146.38 49.80
v 235.66 -149.97 49.80
v 232.22 -156.36 49.80
v 232.22 -156.36 53.32
v 235.66 -149.97 53.32
v 228.10 -145.91 53.32
v 224.66 -152.29 53.32
v 232.22 -156.36 49.80
v 235.66 -149.97 49.80
v 235.66 -149.97 53.32
v 232.22 -156.36 53.32
v 235.66 -149.97 49.80
v 228.24 -146.38 49.80
v 228.10 -145.91 53.32
v 235.66 -149.97 53.32
v 228.24 -146.38 49.80
v 225.14 -152.15 49.80
v 224.66 -152.29 53.32
v 228.10 -145.91 53.32
v 225.14 -152.15 49.80
v 232.22 -156.36 49.80
v 232.22 -156.36 53.32
v 224.66 -152.29 53.32
v 218.20 -148.88 49.36
v 217.77 -148.65 49.36
v 217.77 -148.65 51.27
v 218.20 -148.88 51.27
v 217.77 -148.65 49.36
v 218.20 -148.88 49.36
v 218.20 -148.88 51.27
v 217.77 -148.65 51.27
v 203.40 -140.58 40.80
v 206.62 -134.60 40.80
v 214.05 -138.60 40.80
v 210.83 -144.59 40.80
v 210.83 -144.59 49.41
v 214.05 -138.60 49.41
v 206.62 -134.60 49.41
v 203.40 -140.58 49.41
v 210.83 -144.59 40.80
v 214.05 -138.60 40.80
v 214.05 -138.60 49.41
v 210.83 -144.59 49.41
v 214.05 -138.60 40.80
v 206.62 -134.60 40.80
v 206.62 -134.60 49.41
v 214.05 -138.60 49.41
v 206.62 -134.60 40.80
v 203.40 -140.58 40.80
v 203.40 -140.58 49.41
v 206.62 -134.60 49.41
v 203.40 -140.58 40.80
v 210.83 -144.59 40.80
v 210.83 -144.59 49.41
v 203.40 -140.58 49.41
v 203.40 -140.58 49.41
v 206.47 -134.13 49.41
v 214.53 -138.46 49.41
v 210.83 -144.59 49.41
v 210.97 -145.06 52.74
v 214.53 -138.46 52.74
v 206.47 -134.13 52.74
v 202.92 -140.73 52.74
v 210.83 -144.59 49.41
v 214.53 -138.46 49.41
v 214.53 -138.46 52.74
v 210.97 -145.06 52.74
v 214.53 -138.46 49.41
v 206.47 -134.13 49.41
v 206.47 -134.13 52.74
v 214.53 -138.46 52.74
v 248.79 -126.66 49.02
v 247.77 -126.27 49.02
v 247.77 -126.27 52.22
v 248.79 -126.66 52.22
v 247.77 -126.27 49.02
v 248.40 -127.69 49.02
v 248.40 -127.69 52.22
v 247.77 -126.27 52.22
v 229.13 -126.77 40.80
v 232.28 -118.54 40.80
v 238.90 -121.07 40.80
v 235.75 -129.30 40.80
v 235.75 -129.30 51.17
v 238.90 -121.07 51.17
v 232.28 -118.54 51.17
v 229.13 -126.77 51.17
v 235.75 -129.30 40.80
v 238.90 -121.07 40.80
v 238.90 -121.07 51.17
v 235.75 -129.30 51.17
v 238.90 -121.07 40.80
v 232.28 -118.54 40.80
v 232.28 -118.54 51.17
v 238.90 -121.07 51.17
v 232.28 -118.54 40.80
v 229.13 -126.77 40.80
v 229.13 -126.77 51.17
v 232.28 -118.54 51.17
v 229.13 -126.77 40.80
v 235.75 -129.30 40.80
v 235.75 -129.30 51.17
v 229.13 -126.77 51.17
v 239.68 -120.73 51.17
v 236.10 -130.08 51.17
v 237.89 -125.40 57.16
v 230.14 -122.44 57.16
v 237.89 -125.40 57.16
v 228.35 -127.11 51.17
v 232.28 -118.54 51.17
v 230.14 -122.44 57.16
v 236.10 -130.08 51.17
v 228.35 -127.11 51.17
v 237.89 -125.40 57.16
v 239.68 -120.73 51.17
v 230.14 -122.44 57.16
v 232.28 -118.54 51.17
v 232.45 -128.14 44.91
v 232.99 -126.72 44.91
v 232.99 -126.72 46.23
v 232.45 -128.14 46.23
v 232.99 -126.72 44.91
v 232.45 -128.14 44.91
v 232.45 -128.14 46.23
v 232.99 -126.72 46.23
v 235.04 -127.97 44.91
v 236.04 -126.72 44.91
v 235.49 -128.14 44.91
v 235.49 -128.14 46.23
v 236.04 -126.72 46.23
v 235.04 -127.97 46.23
v 235.49 -128.14 44.91
v 236.04 -126.72 44.91
v 236.04 -126.72 46.23
v 235.49 -128.14 46.23
v 236.04 -126.72 44.91
v 235.04 -127.97 44.91
v 235.04 -127.97 46.23
v 236.04 -126.72 46.23
v 235.04 -127.97 44.91
v 235.49 -128.14 44.91
v 235.49 -128.14 46.23
v 235.04 -127.97 46.23
v 232.45 -128.14 46.23
v 232.99 -126.72 46.23
v 232.99 -126.72 48.85
v 232.45 -128.14 48.85
v 232.99 -126.72 46.23
v 232.45 -128.14 46.23
v 232.45 -128.14 48.85
v 232.99 -126.72 48.85
v 235.04 -127.97 46.23
v 236.04 -126.72 46.23
v 235.49 -128.14 46.23
v 235.49 -128.14 48.85
v 236.04 -126.72 48.85
v 235.04 -127.97 48.85
v 235.49 -128.14 46.23
v 236.04 -126.72 46.23
v 236.04 -126.72 48.85
v 235.49 -128.14 48.85
v 227.92 -116.52 52.62
v 224.54 -125.36 52.62
v 226.23 -120.94 58.25
v 218.56 -118.01 58.25
v 226.23 -120.94 58.25
v 217.65 -122.09 52.62
v 220.60 -114.36 52.62
v 218.56 -118.01 58.25
v 224.54 -125.36 52.62
v 217.65 -122.09 52.62
v 226.23 -120.94 58.25
v 227.92 -116.52 52.62
v 218.56 -118.01 58.25
v 220.60 -114.36 52.62
v 220.96 -123.60 45.20
v 221.46 -122.28 45.20
v 221.46 -122.28 46.81
v 220.96 -123.60 46.81
v 221.46 -122.28 45.20
v 220.96 -123.60 45.20
v 220.96 -123.60 46.81
v 221.46 -122.28 46.81
v 252.56 -98.54 50.77
v 250.58 -106.58 50.77
v 250.16 -106.83 54.72
v 252.30 -98.12 54.72
v 250.58 -106.58 50.77
v 257.82 -108.36 50.77
v 258.07 -108.78 54.72
v 250.16 -106.83 54.72
v 260.22 -100.06 54.72
v 258.07 -108.78 54.72
v 259.39 -104.48 60.34
v 250.99 -102.42 60.34
v 259.39 -104.48 60.34
v 250.16 -106.83 54.72
v 252.30 -98.12 54.72
v 250.99 -102.42 60.34
v 258.07 -108.78 54.72
v 250.16 -106.83 54.72
v 259.39 -104.48 60.34
v 260.22 -100.06 54.72
v 250.99 -102.42 60.34
v 252.30 -98.12 54.72
v 241.40 -104.27 49.94
v 241.79 -102.66 49.94
v 241.79 -102.66 52.05
v 241.40 -104.27 52.05
v 241.79 -102.66 49.94
v 241.40 -104.27 49.94
v 241.40 -104.27 52.05
v 241.79 -102.66 52.05
v 244.71 -104.27 49.94
v 245.10 -102.66 49.94
v 245.10 -102.66 52.05
v 244.71 -104.27 52.05
v 245.10 -102.66 49.94
v 244.71 -104.27 49.94
v 244.71 -104.27 52.05
v 245.10 -102.66 52.05
v 226.23 -100.78 40.80
v 228.30 -92.38 40.80
v 235.44 -94.14 40.80
v 233.38 -102.54 40.80
v 233.38 -102.54 54.26
v 235.44 -94.14 54.26
v 228.30 -92.38 54.26
v 226.23 -100.78 54.26
v 233.38 -102.54 40.80
v 235.44 -94.14 40.80
v 235.44 -94.14 54.26
v 233.38 -102.54 54.26
v 235.44 -94.14 40.80
v 228.30 -92.38 40.80
v 228.30 -92.38 54.26
v 235.44 -94.14 54.26
v 228.30 -92.38 40.80
v 226.23 -100.78 40.80
v 226.23 -100.78 54.26
v 228.30 -92.38 54.26
v 226.23 -100.78 40.80
v 233.38 -102.54 40.80
v 233.38 -102.54 54.26
v 226.23 -100.78 54.26
v 235.44 -94.14 54.26
v 233.38 -102.54 54.26
v 235.10 -97.11 60.03
v 226.68 -96.44 60.14
v 235.10 -97.11 60.03
v 225.51 -101.22 54.26
v 228.30 -92.38 54.26
v 226.68 -96.44 60.14
v 233.38 -102.54 54.26
v 225.51 -101.22 54.26
v 235.10 -97.11 60.03
v 235.44 -94.14 54.26
v 226.68 -96.44 60.14
v 228.30 -92.38 54.26
v 229.41 -101.80 45.53
v 229.76 -100.35 45.53
v 229.76 -100.35 47.46
v 229.41 -101.80 47.46
v 229.76 -100.35 45.53
v 229.41 -101.80 45.53
v 229.41 -101.80 47.46
v 229.76 -100.35 47.46
v 232.39 -101.80 45.53
v 232.74 -100.35 45.53
v 232.74 -100.35 47.46
v 232.39 -101.80 47.46
v 232.74 -100.35 45.53
v 232.39 -101.80 45.53
v 232.39 -101.80 47.46
v 232.74 -100.35 47.46
v 263.70 -77.26 53.60
v 263.83 -76.17 53.60
v 264.92 -76.30 53.60
v 264.79 -77.39 53.60
v 264.79 -77.39 56.80
v 264.92 -76.30 56.80
v 263.83 -76.17 56.80
v 263.70 -77.26 56.80
v 264.79 -77.39 53.60
v 264.92 -76.30 53.60
v 264.92 -76.30 56.80
v 264.79 -77.39 56.80
v 264.92 -76.30 53.60
v 263.83 -76.17 53.60
v 263.83 -76.17 56.80
v 264.92 -76.30 56.80
v 263.83 -76.17 53.60
v 263.70 -77.26 53.60
v 263.70 -77.26 56.80
v 263.83 -76.17 56.80
v 263.70 -77.26 53.60
v 264.79 -77.39 53.60
v 264.79 -77.39 56.80
v 263.70 -77.26 56.80
v 244.97 -79.77 40.80
v 245.88 -72.26 40.80
v 253.48 -73.18 40.80
v 252.58 -80.69 40.80
v 252.58 -80.69 53.20
v 253.48 -73.18 53.20
v 245.88 -72.26 53.20
v 244.97 -79.77 53.20
v 252.58 -80.69 40.80
v 253.48 -73.18 40.80
v 253.48 -73.18 53.20
v 252.58 -80.69 53.20
v 253.48 -73.18 40.80
v 245.88 -72.26 40.80
v 245.88 -72.26 53.20
v 253.48 -73.18 53.20
v 245.88 -72.26 40.80
v 244.97 -79.77 40.80
v 244.97 -79.77 53.20
v 245.88 -72.26 53.20
v 244.97 -79.77 40.80
v 252.58 -80.69 40.80
v 252.58 -80.69 53.20
v 244.97 -79.77 53.20
v 253.10 -81.35 53.20
v 253.48 -73.18 53.20
v 249.75 -72.12 58.41
v 248.70 -80.82 58.41
v 244.97 -79.77 53.20
v 248.70 -80.82 58.41
v 249.75 -72.12 58.41
v 245.88 -72.26 53.20
v 253.10 -81.35 53.20
v 248.70 -80.82 58.41
v 244.97 -79.77 53.20
v 253.48 -73.18 53.20
v 245.88 -72.26 53.20
v 249.75 -72.12 58.41
v 250.67 -80.84 45.32
v 250.82 -79.58 45.32
v 250.82 -79.58 47.04
v 250.67 -80.84 47.04
v 250.82 -79.58 45.32
v 250.67 -80.84 45.32
v 250.67 -80.84 47.04
v 250.82 -79.58 47.04
v 285.30 -55.33 58.00
v 286.38 -52.00 58.00
v 280.71 -52.00 64.00
v 200.35 93.14 34.00
v 199.55 95.61 34.00
v 199.55 95.61 58.00
v 200.35 93.14 58.00
v 199.55 95.61 34.00
v 197.45 97.14 34.00
v 197.45 97.14 58.00
v 199.55 95.61 58.00
v 197.45 97.14 34.00
v 194.85 97.14 34.00
v 194.85 97.14 58.00
v 197.45 97.14 58.00
v 194.85 97.14 34.00
v 192.75 95.61 34.00
v 192.75 95.61 58.00
v 194.85 97.14 58.00
v 192.75 95.61 34.00
v 191.95 93.14 34.00
v 191.95 93.14 58.00
v 192.75 95.61 58.00
v 191.95 93.14 34.00
v 192.75 90.67 34.00
v 192.75 90.67 58.00
v 191.95 93.14 58.00
v 192.75 90.67 34.00
v 194.85 89.15 34.00
v 194.85 89.15 58.00
v 192.75 90.67 58.00
v 194.85 89.15 34.00
v 197.45 89.15 34.00
v 197.45 89.15 58.00
v 194.85 89.15 58.00
v 197.45 89.15 34.00
v 199.55 90.67 34.00
v 199.55 90.67 58.00
v 197.45 89.15 58.00
v 199.55 90.67 34.00
v 200.35 93.14 34.00
v 200.35 93.14 58.00
v 199.55 90.67 58.00
v 200.35 93.14 58.00
v 199.55 95.61 58.00
v 197.45 97.14 58.00
v 194.85 97.14 58.00
v 192.75 95.61 58.00
v 191.95 93.14 58.00
v 192.75 90.67 58.00
v 194.85 89.15 58.00
v 197.45 89.15 58.00
v 199.55 90.67 58.00
v 271.56 -106.44 34.00
v 270.76 -103.97 34.00
v 270.76 -103.97 58.00
v 271.56 -106.44 58.00
v 270.76 -103.97 34.00
v 268.66 -102.45 34.00
v 268.66 -102.45 58.00
v 270.76 -103.97 58.00
v 268.66 -102.45 34.00
v 266.06 -102.45 34.00
v 266.06 -102.45 58.00
v 268.66 -102.45 58.00
v 266.06 -102.45 34.00
v 263.96 -103.97 34.00
v 263.96 -103.97 58.00
v 266.06 -102.45 58.00
v 263.96 -103.97 34.00
v 263.16 -106.44 34.00
v 263.16 -106.44 58.00
v 263.96 -103.97 58.00
v 263.16 -106.44 34.00
v 263.96 -108.91 34.00
v 263.96 -108.91 58.00
v 263.16 -106.44 58.00
v 266.06 -110.44 58.00
v 268.66 -110.44 58.00
v 267.36 -106.44 64.00
v 268.66 -110.44 58.00
v 270.76 -108.91 58.00
v 267.36 -106.44 64.00
v 270.76 -108.91 58.00
v 273.03 -106.44 58.00
v 267.36 -106.44 64.00
v 263.90 -50.25 28.80
v 263.90 -41.75 28.80
v 271.54 -41.75 28.80
v 271.54 -50.25 28.80
v 271.54 -50.25 39.08
v 271.54 -41.75 39.08
v 263.90 -41.75 39.08
v 263.90 -50.25 39.08
v 271.54 -50.25 28.80
v 271.54 -41.75 28.80
v 271.54 -41.75 39.08
v 271.54 -50.25 39.08
v 257.13 -49.35 41.78
v 257.13 -42.65 41.78
v 250.64 -42.65 41.78
v 250.64 -49.35 41.78
v 257.13 -49.35 28.80
v 257.13 -42.65 28.80
v 257.13 -42.65 41.78
v 257.13 -49.35 41.78
v 257.13 -42.65 28.80
v 250.64 -42.65 28.80
v 250.64 -42.65 41.78
v 257.13 -42.65 41.78
v 250.64 -42.65 28.80
v 250.64 -49.35 28.80
v 250.64 -49.35 41.78
v 250.64 -42.65 41.78
v 250.64 -49.35 28.80
v 257.13 -49.35 28.80
v 257.13 -49.35 41.78
v 250.64 -49.35 41.78
v 257.73 -42.05 41.78
v 258.16 -48.47 40.80
v 257.73 -46.00 46.33
v 250.04 -46.00 46.33
v 257.73 -46.00 46.33
v 250.64 -49.35 41.78
v 250.64 -42.65 41.78
v 250.04 -46.00 46.33
v 258.16 -48.47 40.80
v 250.64 -49.35 41.78
v 257.73 -46.00 46.33
v 257.73 -42.05 41.78
v 250.04 -46.00 46.33
v 250.64 -42.65 41.78
v 253.03 -49.67 33.44
v 252.54 -48.57 33.44
v 252.54 -48.57 35.27
v 253.03 -49.67 35.27
v 252.54 -48.57 33.44
v 253.03 -49.67 33.44
v 253.03 -49.67 35.27
v 252.54 -48.57 35.27
v 255.23 -49.67 33.44
v 253.03 -49.67 33.44
v 253.03 -49.67 35.27
v 255.23 -49.67 35.27
v 253.03 -49.67 33.44
v 255.23 -49.67 33.44
v 255.23 -49.67 35.27
v 253.03 -49.67 35.27
v 253.03 -49.67 35.27
v 252.54 -48.57 35.27
v 252.54 -48.57 38.94
v 253.03 -49.67 38.94
v 252.54 -48.57 35.27
v 253.03 -49.67 35.27
v 253.03 -49.67 38.94
v 252.54 -48.57 38.94
v 255.23 -49.67 35.27
v 253.03 -49.67 35.27
v 253.03 -49.67 38.94
v 255.23 -49.67 38.94
v 253.03 -49.67 35.27
v 255.23 -49.67 35.27
v 255.23 -49.67 38.94
v 253.03 -49.67 38.94
v 236.22 -49.50 28.80
v 236.22 -42.50 28.80
v 243.87 -42.50 28.80
v 243.87 -49.50 28.80
v 243.87 -49.50 38.76
v 243.87 -42.50 38.76
v 236.22 -42.50 38.76
v 236.22 -49.50 38.76
v 243.87 -49.50 28.80
v 243.87 -42.50 28.80
v 243.87 -42.50 38.76
v 243.87 -49.50 38.76
v 243.87 -42.50 28.80
v 236.22 -42.50 28.80
v 236.22 -42.50 38.76
v 243.87 -42.50 38.76
v 236.22 -42.50 28.80
v 236.22 -49.50 28.80
v 236.22 -49.50 38.76
v 236.22 -42.50 38.76
v 236.22 -49.50 28.80
v 243.87 -49.50 28.80
v 243.87 -49.50 38.76
v 236.22 -49.50 38.76
v 244.47 -50.10 38.76
v 244.47 -41.90 38.76
v 240.05 -41.90 43.96
v 240.05 -50.10 43.96
v 271.73 -19.53 36.37
v 271.87 -20.62 36.37
v 271.87 -20.62 37.96
v 271.73 -19.53 37.96
v 274.05 -20.62 36.37
v 273.92 -19.53 36.37
v 273.92 -19.53 37.96
v 274.05 -20.62 37.96
v 273.92 -19.53 36.37
v 274.05 -20.62 36.37
v 274.05 -20.62 37.96
v 273.92 -19.53 37.96
v 255.03 -22.34 28.80
v 254.11 -14.82 28.80
v 262.02 -13.86 28.80
v 262.94 -21.37 28.80
v 262.94 -21.37 39.46
v 262.02 -13.86 39.46
v 254.11 -14.82 39.46
v 255.03 -22.34 39.46
v 262.94 -21.37 28.80
v 262.02 -13.86 28.80
v 262.02 -13.86 39.46
v 262.94 -21.37 39.46
v 262.02 -13.86 28.80
v 254.11 -14.82 28.80
v 254.11 -14.82 39.46
v 262.02 -13.86 39.46
v 254.11 -14.82 28.80
v 255.03 -22.34 28.80
v 255.03 -22.34 39.46
v 254.11 -14.82 39.46
v 255.03 -22.34 28.80
v 262.94 -21.37 28.80
v 262.94 -21.37 39.46
v 255.03 -22.34 39.46
v 255.03 -22.34 39.46
v 254.11 -14.82 39.46
v 262.02 -13.86 39.46
v 262.94 -21.37 39.46
v 263.33 -21.68 43.72
v 262.32 -13.47 43.72
v 253.72 -14.52 43.72
v 254.73 -22.73 43.72
v 262.94 -21.37 39.46
v 262.02 -13.86 39.46
v 262.32 -13.47 43.72
v 263.33 -21.68 43.72
v 262.54 -13.19 43.72
v 253.72 -14.52 43.72
v 257.99 -13.74 49.14
v 257.08 -22.62 33.83
v 256.93 -21.35 33.83
v 257.42 -21.29 33.83
v 257.57 -22.56 33.83
v 257.57 -22.56 36.05
v 257.42 -21.29 36.05
v 256.93 -21.35 36.05
v 257.08 -22.62 36.05
v 257.57 -22.56 33.83
v 257.42 -21.29 33.83
v 257.42 -21.29 36.05
v 257.57 -22.56 36.05
v 257.42 -21.29 33.83
v 256.93 -21.35 33.83
v 256.93 -21.35 36.05
v 257.42 -21.29 36.05
v 256.93 -21.35 33.83
v 257.08 -22.62 33.83
v 257.08 -22.62 36.05
v 256.93 -21.35 36.05
v 257.42 -21.29 38.27
v 260.12 -22.56 38.27
v 261.69 -22.11 40.80
v 257.42 -21.29 40.50
v 241.09 -24.32 28.80
v 240.11 -16.25 28.80
v 247.71 -15.32 28.80
v 248.70 -23.39 28.80
v 248.70 -23.39 37.85
v 247.71 -15.32 37.85
v 240.11 -16.25 37.85
v 241.09 -24.32 37.85
v 248.70 -23.39 28.80
v 247.71 -15.32 28.80
v 247.71 -15.32 37.85
v 248.70 -23.39 37.85
v 247.71 -15.32 28.80
v 240.11 -16.25 28.80
v 240.11 -16.25 37.85
v 247.71 -15.32 37.85
v 240.11 -16.25 28.80
v 241.09 -24.32 28.80
v 241.09 -24.32 37.85
v 240.11 -16.25 37.85
v 259.62 16.15 38.35
v 251.97 9.35 44.00
v 251.55 13.52 38.35
v 254.89 5.89 32.75
v 255.02 7.38 32.75
v 255.36 6.01 32.75
v 255.36 6.01 33.90
v 255.02 7.38 33.90
v 254.89 5.89 33.90
v 255.36 6.01 32.75
v 255.02 7.38 32.75
v 255.02 7.38 33.90
v 255.36 6.01 33.90
v 255.02 7.38 32.75
v 254.89 5.89 32.75
v 254.89 5.89 33.90
v 255.02 7.38 33.90
v 254.89 5.89 32.75
v 255.36 6.01 32.75
v 255.36 6.01 33.90
v 254.89 5.89 33.90
v 258.20 6.01 32.75
v 257.38 7.27 32.75
v 257.86 7.38 32.75
v 258.20 6.01 33.90
v 257.86 7.38 33.90
v 257.38 7.27 33.90
v 258.20 6.01 32.75
v 257.86 7.38 32.75
v 257.86 7.38 33.90
v 258.20 6.01 33.90
v 257.86 7.38 32.75
v 257.38 7.27 32.75
v 257.38 7.27 33.90
v 257.86 7.38 33.90
v 257.38 7.27 32.75
v 258.20 6.01 32.75
v 258.20 6.01 33.90
v 257.38 7.27 33.90
v 254.89 5.89 33.90
v 255.02 7.38 33.90
v 255.36 6.01 33.90
v 245.69 7.92 40.29
v 245.42 8.99 40.29
v 245.42 8.99 43.49
v 245.69 7.92 43.49
v 245.42 8.99 40.29
v 245.69 7.92 40.29
v 245.69 7.92 43.49
v 245.42 8.99 43.49
v 256.08 37.55 28.80
v 253.30 44.73 28.80
v 259.08 46.97 28.80
v 261.87 39.79 28.80
v 261.87 39.79 37.39
v 259.08 46.97 37.39
v 253.30 44.73 37.39
v 256.08 37.55 37.39
v 261.87 39.79 28.80
v 259.08 46.97 28.80
v 259.08 46.97 37.39
v 261.87 39.79 37.39
v 259.08 46.97 28.80
v 253.30 44.73 28.80
v 253.30 44.73 37.39
v 259.08 46.97 37.39
v 253.30 44.73 28.80
v 256.08 37.55 28.80
v 256.08 37.55 37.39
v 253.30 44.73 37.39
v 256.08 37.55 28.80
v 261.87 39.79 28.80
v 261.87 39.79 37.39
v 256.08 37.55 37.39
v 259.08 46.97 37.39
v 262.64 39.45 37.39
v 261.03 43.60 42.63
v 254.13 40.92 42.63
v 261.03 43.60 42.63
v 255.74 36.77 37.39
v 252.52 45.07 37.39
v 254.13 40.92 42.63
v 262.64 39.45 37.39
v 255.74 36.77 37.39
v 261.03 43.60 42.63
v 259.08 46.97 37.39
v 254.13 40.92 42.63
v 252.52 45.07 37.39
v 256.75 38.77 32.56
v 256.27 39.98 32.56
v 256.27 39.98 33.52
v 256.75 38.77 33.52
v 256.27 39.98 32.56
v 256.75 38.77 32.56
v 256.75 38.77 33.52
v 256.27 39.98 33.52
v 259.35 38.77 32.56
v 258.88 39.98 32.56
v 258.88 39.98 33.52
v 259.35 38.77 33.52
v 258.88 39.98 32.56
v 259.35 38.77 32.56
v 259.35 38.77 33.52
v 258.88 39.98 33.52
v 256.75 38.77 33.52
v 256.27 39.98 33.52
v 256.27 39.98 35.43
v 256.08 37.55 37.39
v 256.27 39.98 33.52
v 256.75 38.77 33.52
v 256.08 37.55 37.39
v 256.27 39.98 35.43
v 259.35 38.77 33.52
v 258.88 39.98 33.52
v 258.88 39.98 35.43
v 259.35 38.77 35.43
v 258.88 39.98 33.52
v 259.35 38.77 33.52
v 259.35 38.77 35.43
v 258.88 39.98 35.43
v 259.11 43.74 37.39
v 260.14 44.14 37.39
v 260.54 43.12 37.39
v 260.54 43.12 40.59
v 260.14 44.14 40.59
v 259.11 43.74 40.59
v 260.54 43.12 37.39
v 260.14 44.14 37.39
v 260.14 44.14 40.59
v 260.54 43.12 40.59
v 260.14 44.14 37.39
v 259.11 43.74 37.39
v 259.11 43.74 40.59
v 260.14 44.14 40.59
v 235.41 30.16 43.32
v 233.05 36.25 43.32
v 226.77 33.81 43.32
v 229.13 27.72 43.32
v 235.41 30.16 28.80
v 233.05 36.25 28.80
v 233.05 36.25 43.32
v 235.41 30.16 43.32
v 233.05 36.25 28.80
v 226.77 33.81 28.80
v 226.77 33.81 43.32
v 233.05 36.25 43.32
v 226.77 33.81 28.80
v 229.13 27.72 28.80
v 229.13 27.72 43.32
v 226.77 33.81 43.32
v 229.13 27.72 28.80
v 235.41 30.16 28.80
v 235.41 30.16 43.32
v 229.13 27.72 43.32
v 229.13 27.72 43.32
v 226.31 34.01 43.32
v 233.25 36.70 43.32
v 235.41 30.16 43.32
v 235.87 29.96 49.31
v 233.25 36.70 49.31
v 226.31 34.01 49.31
v 228.93 27.27 49.31
v 235.41 30.16 43.32
v 233.25 36.70 43.32
v 233.25 36.70 49.31
v 235.87 29.96 49.31
v 233.25 36.70 43.32
v 226.31 34.01 43.32
v 226.31 34.01 49.31
v 233.25 36.70 49.31
v 226.31 34.01 43.32
v 229.13 27.72 43.32
v 228.93 27.27 49.31
v 226.31 34.01 49.31
v 229.13 27.72 43.32
v 235.41 30.16 43.32
v 235.87 29.96 49.31
v 228.93 27.27 49.31
v 235.87 29.96 49.31
v 233.25 36.70 49.31
v 229.69 35.59 53.90
v 232.49 28.38 53.90
v 228.79 26.95 49.31
v 232.49 28.38 53.90
v 229.69 35.59 53.90
v 226.31 34.01 49.31
v 235.87 29.96 49.31
v 232.49 28.38 53.90
v 228.79 26.95 49.31
v 233.25 36.70 49.31
v 226.31 34.01 49.31
v 229.69 35.59 53.90
v 230.44 28.33 34.94
v 230.06 29.33 34.94
v 230.06 29.33 38.28
v 230.44 28.33 38.28
v 230.06 29.33 34.94
v 230.44 28.33 34.94
v 230.44 28.33 38.28
v 230.06 29.33 38.28
v 232.58 28.33 34.94
v 232.19 29.33 34.94
v 232.19 29.33 38.28
v 232.58 28.33 38.28
v 234.42 60.29 38.05
v 242.30 64.19 38.05
v 242.30 64.19 41.68
v 234.28 59.81 41.68
v 237.63 73.27 41.68
v 242.30 64.19 41.68
v 240.14 68.68 47.97
v 231.68 64.07 47.97
v 240.14 68.68 47.97
v 234.28 59.81 41.68
v 229.51 68.56 41.68
v 231.68 64.07 47.97
v 242.30 64.19 41.68
v 234.28 59.81 41.68
v 240.14 68.68 47.97
v 237.63 73.27 41.68
v 231.68 64.07 47.97
v 229.51 68.56 41.68
v 234.90 61.69 33.41
v 234.47 61.46 33.41
v 234.47 61.46 35.23
v 234.90 61.69 35.23
v 234.47 61.46 33.41
v 234.90 61.69 33.41
v 234.90 61.69 35.23
v 234.47 61.46 35.23
v 237.69 61.46 33.41
v 237.35 63.11 33.41
v 238.12 61.69 33.41
v 238.12 61.69 35.23
v 237.35 63.11 35.23
v 237.69 61.46 35.23
v 238.12 61.69 33.41
v 237.35 63.11 33.41
v 237.35 63.11 35.23
v 238.12 61.69 35.23
v 237.35 63.11 33.41
v 237.69 61.46 33.41
v 237.69 61.46 35.23
v 237.35 63.11 35.23
v 237.69 61.46 33.41
v 238.12 61.69 33.41
v 238.12 61.69 35.23
v 237.69 61.46 35.23
v 234.90 61.69 35.23
v 234.47 61.46 35.23
v 234.42 60.29 38.05
v 234.90 61.69 38.86
v 234.47 61.46 35.23
v 234.90 61.69 35.23
v 234.90 61.69 38.86
v 234.42 60.29 38.05
v 222.03 56.81 33.70
v 223.11 55.85 33.70
v 223.11 55.85 35.80
v 222.03 56.81 35.80
v 223.11 55.85 37.90
v 222.03 56.81 37.90
v 222.03 56.81 40.00
v 223.11 55.85 40.00
v 222.03 56.81 37.90
v 223.11 55.85 37.90
v 223.11 55.85 40.00
v 222.03 56.81 40.00
v 225.48 61.33 43.10
v 226.45 61.86 43.10
v 226.97 60.89 43.10
v 226.97 60.89 46.30
v 226.45 61.86 46.30
v 225.48 61.33 46.30
v 226.97 60.89 43.10
v 226.45 61.86 43.10
v 226.45 61.86 46.30
v 226.97 60.89 46.30
v 226.45 61.86 43.10
v 225.48 61.33 43.10
v 225.48 61.33 46.30
v 226.45 61.86 46.30
v 225.48 61.33 43.10
v 226.97 60.89 43.10
v 226.97 60.89 46.30
v 225.48 61.33 46.30
v 210.99 47.73 28.80
v 206.75 55.50 28.80
v 212.89 58.86 28.80
v 217.13 51.09 28.80
v 217.13 51.09 37.05
v 212.89 58.86 37.05
v 206.75 55.50 37.05
v 210.99 47.73 37.05
v 217.13 51.09 28.80
v 212.89 58.86 28.80
v 212.89 58.86 37.05
v 217.13 51.09 37.05
v 212.89 58.86 28.80
v 206.75 55.50 28.80
v 206.75 55.50 37.05
v 212.89 58.86 37.05
v 206.75 55.50 28.80
v 210.99 47.73 28.80
v 210.99 47.73 37.05
v 206.75 55.50 37.05
v 210.99 47.73 28.80
v 217.13 51.09 28.80
v 217.13 51.09 37.05
v 210.99 47.73 37.05
v 213.13 59.67 37.05
v 217.95 50.85 37.05
v 215.54 55.26 43.07
v 208.34 51.33 43.07
v 215.54 55.26 43.07
v 210.99 47.73 37.05
v 206.75 55.50 37.05
v 208.34 51.33 43.07
v 217.95 50.85 37.05
v 210.99 47.73 37.05
v 215.54 55.26 43.07
v 213.13 59.67 37.05
v 208.34 51.33 43.07
v 206.75 55.50 37.05
v 215.18 54.33 37.05
v 214.66 55.29 37.05
v 214.66 55.29 40.25
v 215.18 54.33 40.25
v 214.66 55.29 37.05
v 215.18 54.33 37.05
v 215.18 54.33 40.25
v 214.66 55.29 40.25
v 209.44 81.14 28.80
v 204.76 87.49 28.80
v 210.93 92.03 28.80
v 215.60 85.68 28.80
v 215.60 85.68 42.13
v 210.93 92.03 42.13
v 204.76 87.49 42.13
v 209.44 81.14 42.13
v 198.73 73.24 28.80
v 194.04 79.62 28.80
v 200.66 84.49 28.80
v 205.35 78.11 28.80
v 205.35 78.11 42.17
v 200.66 84.49 42.17
v 194.04 79.62 42.17
v 198.73 73.24 42.17
v 205.35 78.11 28.80
v 200.66 84.49 28.80
v 200.66 84.49 42.17
v 205.35 78.11 42.17
v 200.66 84.49 28.80
v 194.04 79.62 28.80
v 194.04 79.62 42.17
v 200.66 84.49 42.17
v 194.04 79.62 28.80
v 198.73 73.24 28.80
v 198.73 73.24 42.17
v 194.04 79.62 42.17
v 198.73 73.24 28.80
v 205.35 78.11 28.80
v 205.35 78.11 42.17
v 198.73 73.24 42.17
v 205.35 78.11 42.17
v 200.66 84.49 42.17
v 196.99 82.54 47.76
v 202.40 75.19 47.76
v 198.60 72.40 42.17
v 202.40 75.19 47.76
v 196.99 82.54 47.76
v 193.20 79.75 42.17
v 205.35 78.11 42.17
v 202.40 75.19 47.76
v 198.60 72.40 42.17
v 200.66 84.49 42.17
v 193.20 79.75 42.17
v 196.99 82.54 47.76
v 198.94 74.49 33.51
v 197.75 75.28 33.51
v 198.15 75.57 33.51
v 198.94 74.49 35.43
v 198.15 75.57 35.43
v 197.75 75.28 35.43
v 190.51 72.42 38.56
v 192.05 72.19 38.56
v 192.05 72.19 41.76
v 190.51 72.42 41.76
v 183.73 100.09 28.80
v 179.16 104.75 28.80
v 184.37 109.86 28.80
v 188.94 105.20 28.80
v 188.94 105.20 40.70
v 184.37 109.86 40.70
v 179.16 104.75 40.70
v 183.73 100.09 40.70
v 188.94 105.20 28.80
v 184.37 109.86 28.80
v 184.37 109.86 40.70
v 188.94 105.20 40.70
v 184.37 109.86 28.80
v 179.16 104.75 28.80
v 179.16 104.75 40.70
v 184.37 109.86 40.70
v 179.16 104.75 28.80
v 183.73 100.09 28.80
v 183.73 100.09 40.70
v 179.16 104.75 40.70
v 183.73 100.09 28.80
v 188.94 105.20 28.80
v 188.94 105.20 40.70
v 183.73 100.09 40.70
v 183.73 100.09 40.70
v 179.16 104.75 40.70
v 184.38 110.36 40.70
v 189.44 105.19 40.70
v 189.44 105.19 45.51
v 184.38 110.36 45.51
v 178.67 104.76 45.51
v 183.72 99.60 45.51
v 189.44 105.19 40.70
v 184.38 110.36 40.70
v 184.38 110.36 45.51
v 189.44 105.19 45.51
v 184.38 110.36 40.70
v 179.16 104.75 40.70
v 178.67 104.76 45.51
v 184.38 110.36 45.51
v 179.16 104.75 40.70
v 183.73 100.09 40.70
v 183.72 99.60 45.51
v 178.67 104.76 45.51
v 183.73 100.09 40.70
v 189.44 105.19 40.70
v 189.44 105.19 45.51
v 183.72 99.60 45.51
v 189.44 105.19 45.51
v 184.38 110.36 45.51
v 181.35 107.74 50.47
v 186.76 102.22 50.47
v 183.72 99.60 45.51
v 186.76 102.22 50.47
v 181.35 107.74 50.47
v 178.67 104.76 45.51
v 189.44 105.19 45.51
v 186.76 102.22 50.47
v 183.72 99.60 45.51
v 184.38 110.36 45.51
v 178.67 104.76 45.51
v 181.35 107.74 50.47
v 183.18 100.90 34.18
v 182.44 101.66 34.18
v 183.53 101.24 34.18
v 183.53 101.24 36.76
v 182.44 101.66 36.76
v 183.18 100.90 36.76
v 183.53 101.24 34.18
v 182.44 101.66 34.18
v 182.44 101.66 36.76
v 183.53 101.24 36.76
v 182.44 101.66 34.18
v 183.18 100.90 34.18
v 183.18 100.90 36.76
v 182.44 101.66 36.76
v 183.18 100.90 34.18
v 183.53 101.24 34.18
v 183.53 101.24 36.76
v 183.18 100.90 36.76
v 185.31 100.90 34.18
v 183.53 101.24 34.18
v 185.66 101.24 34.18
v 185.66 101.24 36.76
v 183.53 101.24 36.76
v 185.31 100.90 36.76
v 175.56 90.18 42.74
v 180.59 95.60 42.74
v 181.08 95.60 48.47
v 175.56 90.18 48.47
v 174.62 102.19 48.47
v 181.08 95.60 48.47
v 178.03 99.07 54.28
v 172.15 93.31 54.28
v 181.08 95.60 48.47
v 175.56 90.18 48.47
v 178.03 99.07 54.28
v 176.89 92.10 34.77
v 174.31 92.44 34.77
v 177.24 92.44 34.77
v 177.24 92.44 37.95
v 174.31 92.44 37.95
v 176.89 92.10 37.95
v 177.24 92.44 34.77
v 174.31 92.44 34.77
v 174.31 92.44 37.95
v 177.24 92.44 37.95
v 186.17 -193.34 47.02
v 179.62 -186.91 47.02
v 184.30 -190.85 52.16
v 178.52 -197.78 34.48
v 178.17 -197.43 34.48
v 178.17 -197.43 37.37
v 178.52 -197.78 37.37
v 178.17 -197.43 34.48
v 178.52 -197.78 34.48
v 178.52 -197.78 37.37
v 178.17 -197.43 37.37
v 178.52 -197.78 40.25
v 178.17 -197.43 40.25
v 178.17 -197.43 43.14
v 178.52 -197.78 43.14
v 178.17 -197.43 40.25
v 178.52 -197.78 40.25
v 178.52 -197.78 43.14
v 178.17 -197.43 43.14
v 182.24 -192.42 47.02
v 182.22 -190.87 47.02
v 183.01 -191.63 47.02
v 206.46 -180.69 42.33
v 201.26 -176.12 42.33
v 208.77 -177.55 46.82
v 210.24 -174.53 42.33
v 202.73 -173.10 46.82
v 205.17 -170.80 42.33
v 204.55 -178.93 33.55
v 205.19 -178.06 33.55
v 205.19 -178.06 35.49
v 204.55 -178.93 35.49
v 205.19 -178.06 33.55
v 204.55 -178.93 33.55
v 204.55 -178.93 35.49
v 205.19 -178.06 35.49
v 206.71 -178.93 33.55
v 207.35 -178.06 33.55
v 207.35 -178.06 35.49
v 206.71 -178.93 35.49
v 207.35 -178.06 33.55
v 206.71 -178.93 33.55
v 206.71 -178.93 35.49
v 207.35 -178.06 35.49
v 185.13 -165.86 42.37
v 190.58 -158.45 42.37
v 185.46 -154.68 42.37
v 180.00 -162.09 42.37
v 185.13 -165.86 28.80
v 190.58 -158.45 28.80
v 190.58 -158.45 42.37
v 185.13 -165.86 42.37
v 190.58 -158.45 28.80
v 185.46 -154.68 28.80
v 185.46 -154.68 42.37
v 190.58 -158.45 42.37
v 185.46 -154.68 28.80
v 180.00 -162.09 28.80
v 180.00 -162.09 42.37
v 185.46 -154.68 42.37
v 180.00 -162.09 28.80
v 185.13 -165.86 28.80
v 185.13 -165.86 42.37
v 180.00 -162.09 42.37
v 191.42 -158.32 42.37
v 185.13 -165.86 42.37
v 188.34 -162.51 48.63
v 182.25 -158.03 48.63
v 188.34 -162.51 48.63
v 180.00 -162.09 42.37
v 185.33 -153.84 42.37
v 182.25 -158.03 48.63
v 185.13 -165.86 42.37
v 180.00 -162.09 42.37
v 188.34 -162.51 48.63
v 191.42 -158.32 42.37
v 182.25 -158.03 48.63
v 185.33 -153.84 42.37
v 183.41 -164.12 33.55
v 183.97 -162.54 33.55
v 183.97 -162.54 35.51
v 183.41 -164.12 35.51
v 183.97 -162.54 33.55
v 183.41 -164.12 33.55
v 183.41 -164.12 35.51
v 183.97 -162.54 35.51
v 186.62 -164.12 33.55
v 187.17 -162.54 33.55
v 187.57 -162.83 33.55
v 187.99 -159.85 42.37
v 187.75 -158.32 42.37
v 187.75 -158.32 45.57
v 188.12 -160.02 44.98
v 187.75 -158.32 42.37
v 187.99 -159.85 42.37
v 188.12 -160.02 44.98
v 187.75 -158.32 45.57
v 222.86 -156.19 28.80
v 227.01 -148.58 28.80
v 232.92 -151.80 28.80
v 228.77 -159.42 28.80
v 228.77 -159.42 40.58
v 232.92 -151.80 40.58
v 227.01 -148.58 40.58
v 222.86 -156.19 40.58
v 228.77 -159.42 28.80
v 232.92 -151.80 28.80
v 232.92 -151.80 40.58
v 228.77 -159.42 40.58
v 232.92 -151.80 28.80
v 227.01 -148.58 28.80
v 227.01 -148.58 40.58
v 232.92 -151.80 40.58
v 214.62 -142.51 28.80
v 211.05 -149.05 28.80
v 211.05 -149.05 39.55
v 214.62 -142.51 39.55
v 211.05 -149.05 28.80
v 218.13 -152.91 28.80
v 218.13 -152.91 39.55
v 211.05 -149.05 39.55
v 218.13 -152.91 39.55
v 222.51 -146.14 39.55
v 218.44 -143.92 45.03
v 214.30 -151.51 45.03
v 211.05 -149.05 39.55
v 214.30 -151.51 45.03
v 218.44 -143.92 45.03
v 214.62 -142.51 39.55
v 218.13 -152.91 39.55
v 214.30 -151.51 45.03
v 211.05 -149.05 39.55
v 222.51 -146.14 39.55
v 214.62 -142.51 39.55
v 218.44 -143.92 45.03
v 215.04 -152.29 32.99
v 215.21 -150.96 32.99
v 215.64 -151.19 32.99
v 215.04 -152.29 34.38
v 215.64 -151.19 34.38
v 215.21 -150.96 34.38
v 215.04 -152.29 32.99
v 215.64 -151.19 32.99
v 215.64 -151.19 34.38
v 215.04 -152.29 34.38
v 215.64 -151.19 32.99
v 215.21 -150.96 32.99
v 215.21 -150.96 34.38
v 215.64 -151.19 34.38
v 215.21 -150.96 32.99
v 215.04 -152.29 32.99
v 215.04 -152.29 34.38
v 215.21 -150.96 34.38
v 217.54 -152.29 32.99
v 215.64 -151.19 32.99
v 218.14 -151.19 32.99
v 206.14 -147.01 45.70
v 199.46 -143.37 45.70
v 208.41 -143.37 51.05
v 210.25 -139.49 45.70
v 201.29 -139.48 51.05
v 203.57 -135.84 45.70
v 203.42 -145.46 34.22
v 204.06 -144.29 34.22
v 204.06 -144.29 36.84
v 203.42 -145.46 36.84
v 204.06 -144.29 34.22
v 203.42 -145.46 34.22
v 203.42 -145.46 36.84
v 204.06 -144.29 36.84
v 206.08 -145.46 34.22
v 206.72 -144.29 34.22
v 206.72 -144.29 36.84
v 206.08 -145.46 36.84
v 206.72 -144.29 34.22
v 206.08 -145.46 34.22
v 206.08 -145.46 36.84
v 206.72 -144.29 36.84
v 203.42 -145.46 39.46
v 204.06 -144.29 39.46
v 204.06 -144.29 42.08
v 203.42 -145.46 42.08
v 204.06 -144.29 39.46
v 203.42 -145.46 39.46
v 203.42 -145.46 42.08
v 204.06 -144.29 42.08
v 206.08 -145.46 39.46
v 206.72 -144.29 39.46
v 206.72 -144.29 42.08
v 206.08 -145.46 42.08
v 206.72 -144.29 39.46
v 206.08 -145.46 39.46
v 206.08 -145.46 42.08
v 206.72 -144.29 42.08
v 238.98 -131.46 28.80
v 241.95 -123.79 28.80
v 248.13 -126.19 28.80
v 245.16 -133.85 28.80
v 245.16 -133.85 38.57
v 248.13 -126.19 38.57
v 241.95 -123.79 38.57
v 238.98 -131.46 38.57
v 245.36 -134.31 38.57
v 248.13 -126.19 38.57
v 248.59 -125.99 42.42
v 245.36 -134.31 42.42
v 248.13 -126.19 38.57
v 241.95 -123.79 38.57
v 241.75 -123.34 42.42
v 248.59 -125.99 42.42
v 241.95 -123.79 38.57
v 238.98 -131.46 38.57
v 238.53 -131.66 42.42
v 241.75 -123.34 42.42
v 238.98 -131.46 38.57
v 245.36 -134.31 38.57
v 245.36 -134.31 42.42
v 238.53 -131.66 42.42
v 248.91 -125.84 42.42
v 245.36 -134.31 42.42
v 247.62 -131.83 46.25
v 239.91 -127.41 48.02
v 247.62 -131.83 46.25
v 238.53 -131.66 42.42
v 241.61 -123.01 42.42
v 239.91 -127.41 48.02
v 226.53 -127.22 28.80
v 229.90 -118.52 28.80
v 235.73 -120.78 28.80
v 232.35 -129.48 28.80
v 232.35 -129.48 39.27
v 235.73 -120.78 39.27
v 229.90 -118.52 39.27
v 226.53 -127.22 39.27
v 232.35 -129.48 28.80
v 235.73 -120.78 28.80
v 235.73 -120.78 39.27
v 232.35 -129.48 39.27
v 235.73 -120.78 28.80
v 229.90 -118.52 28.80
v 229.90 -118.52 39.27
v 235.73 -120.78 39.27
v 229.90 -118.52 28.80
v 226.53 -127.22 28.80
v 226.53 -127.22 39.27
v 229.90 -118.52 39.27
v 226.53 -127.22 28.80
v 232.35 -129.48 28.80
v 232.35 -129.48 39.27
v 226.53 -127.22 39.27
v 235.73 -120.78 39.27
v 232.70 -130.25 39.27
v 234.60 -125.35 45.61
v 227.66 -122.66 45.61
v 234.60 -125.35 45.61
v 226.53 -127.22 39.27
v 229.90 -118.52 39.27
v 227.66 -122.66 45.61
v 232.70 -130.25 39.27
v 226.53 -127.22 39.27
v 234.60 -125.35 45.61
v 235.73 -120.78 39.27
v 227.66 -122.66 45.61
v 229.90 -118.52 39.27
v 229.44 -127.85 32.93
v 230.02 -126.33 32.93
v 230.02 -126.33 34.27
v 229.44 -127.85 34.27
v 230.02 -126.33 32.93
v 229.44 -127.85 32.93
v 229.44 -127.85 34.27
v 230.02 -126.33 34.27
v 232.69 -127.85 32.93
v 232.82 -126.15 32.93
v 233.28 -126.33 32.93
v 232.69 -127.85 34.27
v 233.28 -126.33 34.27
v 232.82 -126.15 34.27
v 232.69 -127.85 32.93
v 233.28 -126.33 32.93
v 233.28 -126.33 34.27
v 232.69 -127.85 34.27
v 233.28 -126.33 32.93
v 232.82 -126.15 32.93
v 232.82 -126.15 34.27
v 233.28 -126.33 34.27
v 232.82 -126.15 32.93
v 232.69 -127.85 32.93
v 232.69 -127.85 34.27
v 232.82 -126.15 34.27
v 232.69 -127.85 35.60
v 232.82 -126.15 35.60
v 233.28 -126.33 35.60
v 232.69 -127.85 35.60
v 233.28 -126.33 35.60
v 232.82 -126.15 35.60
v 214.16 -122.05 28.80
v 217.28 -114.00 28.80
v 223.24 -116.31 28.80
v 220.11 -124.36 28.80
v 220.11 -124.36 40.01
v 223.24 -116.31 40.01
v 217.28 -114.00 40.01
v 214.16 -122.05 40.01
v 220.11 -124.36 28.80
v 223.24 -116.31 28.80
v 223.24 -116.31 40.01
v 220.11 -124.36 40.01
v 223.24 -116.31 28.80
v 217.28 -114.00 28.80
v 217.28 -114.00 40.01
v 223.24 -116.31 40.01
v 217.28 -114.00 28.80
v 214.16 -122.05 28.80
v 214.16 -122.05 40.01
v 217.28 -114.00 40.01
v 258.19 -98.91 48.50
v 250.47 -97.25 48.50
v 254.24 -97.93 53.21
v 252.34 -105.60 34.78
v 252.60 -104.57 34.78
v 252.60 -104.57 37.96
v 252.34 -105.60 37.96
v 252.60 -104.57 34.78
v 252.34 -105.60 34.78
v 252.34 -105.60 37.96
v 252.60 -104.57 37.96
v 254.48 -105.60 34.78
v 254.74 -104.57 34.78
v 254.74 -104.57 37.96
v 254.48 -105.60 37.96
v 254.74 -104.57 34.78
v 254.48 -105.60 34.78
v 254.48 -105.60 37.96
v 254.74 -104.57 37.96
v 252.34 -105.60 41.14
v 252.60 -104.57 41.14
v 252.60 -104.57 44.32
v 252.34 -105.60 44.32
v 245.05 -94.84 28.80
v 237.81 -93.03 28.80
v 237.81 -93.03 42.36
v 245.05 -94.84 42.36
v 237.81 -93.03 28.80
v 235.56 -102.04 28.80
v 235.56 -102.04 42.36
v 237.81 -93.03 42.36
v 235.56 -102.04 28.80
v 242.81 -103.85 28.80
v 242.81 -103.85 42.36
v 235.56 -102.04 42.36
v 245.78 -94.40 42.36
v 242.81 -103.85 42.36
v 244.51 -99.49 48.67
v 236.10 -97.39 48.67
v 244.51 -99.49 48.67
v 234.84 -102.48 42.36
v 237.37 -92.31 42.36
v 236.10 -97.39 48.67
v 242.81 -103.85 42.36
v 234.84 -102.48 42.36
v 244.51 -99.49 48.67
v 245.78 -94.40 42.36
v 236.10 -97.39 48.67
v 237.37 -92.31 42.36
v 241.97 -102.89 33.55
v 242.36 -101.32 33.55
v 242.36 -101.32 35.50
v 241.97 -102.89 35.50
v 242.36 -101.32 33.55
v 241.97 -102.89 33.55
v 241.97 -102.89 35.50
v 242.36 -101.32 35.50
v 243.30 -97.81 42.36
v 243.57 -96.74 42.36
v 243.57 -96.74 45.56
v 243.30 -97.81 45.56
v 243.57 -96.74 42.36
v 243.30 -97.81 42.36
v 243.30 -97.81 45.56
v 243.57 -96.74 45.56
v 223.28 -97.72 28.80
v 224.93 -91.08 28.80
v 231.34 -92.68 28.80
v 229.69 -99.32 28.80
v 264.37 -70.95 39.77
v 257.70 -70.14 39.77
v 257.70 -70.14 44.16
v 264.37 -70.95 44.16
v 257.70 -70.14 39.77
v 257.20 -77.05 39.77
v 256.81 -77.36 44.16
v 257.70 -70.14 44.16
v 257.20 -77.05 39.77
v 263.18 -77.78 39.77
v 263.49 -78.17 44.16
v 256.81 -77.36 44.16
v 264.37 -70.95 44.16
v 263.49 -78.17 44.16
v 264.17 -74.59 48.63
v 257.01 -73.72 48.63
v 264.17 -74.59 48.63
v 256.81 -77.36 44.16
v 257.70 -70.14 44.16
v 257.01 -73.72 48.63
v 263.49 -78.17 44.16
v 256.81 -77.36 44.16
v 264.17 -74.59 48.63
v 250.67 -76.63 40.78
v 251.55 -69.37 40.78
v 243.67 -68.41 40.78
v 242.79 -75.66 40.78
v 250.67 -76.63 28.80
v 251.55 -69.37 28.80
v 251.55 -69.37 40.78
v 250.67 -76.63 40.78
v 251.55 -69.37 28.80
v 243.67 -68.41 28.80
v 243.67 -68.41 40.78
v 251.55 -69.37 40.78
v 243.67 -68.41 28.80
v 242.79 -75.66 28.80
v 242.79 -75.66 40.78
v 243.67 -68.41 40.78
v 242.79 -75.66 28.80
v 250.67 -76.63 28.80
v 250.67 -76.63 40.78
v 242.79 -75.66 40.78
v 251.19 -77.29 40.78
v 251.55 -69.37 40.78
v 247.69 -68.29 46.18
v 246.65 -76.74 46.18
v 242.79 -75.66 40.78
v 246.65 -76.74 46.18
v 247.69 -68.29 46.18
v 243.15 -67.74 40.78
v 251.19 -77.29 40.78
v 246.65 -76.74 46.18
v 242.79 -75.66 40.78
v 251.55 -69.37 40.78
v 243.15 -67.74 40.78
v 247.69 -68.29 46.18
v 248.56 -77.00 36.51
v 248.71 -75.78 36.51
v 248.71 -75.78 38.14
v 248.56 -77.00 38.14
v 248.71 -75.78 36.51
v 248.56 -77.00 36.51
v 248.56 -77.00 38.14
v 248.71 -75.78 38.14
v 229.27 -74.39 28.80
v 230.24 -66.39 28.80
v 238.23 -67.37 28.80
v 237.26 -75.36 28.80
v 238.34 -71.44 42.90
v 228.60 -74.91 37.42
v 229.72 -65.72 37.42
v 229.16 -70.32 42.90
v 237.78 -76.03 37.42
v 228.60 -74.91 37.42
v 238.34 -71.44 42.90
v 238.23 -67.37 37.42
v 229.16 -70.32 42.90
v 229.72 -65.72 37.42
v 232.54 -75.49 32.56
v 232.70 -74.13 32.56
v 232.70 -74.13 33.53
v 232.54 -75.49 33.53
v 232.70 -74.13 32.56
v 232.54 -75.49 32.56
v 232.54 -75.49 33.53
v 232.70 -74.13 33.53
v 235.28 -75.49 32.56
v 234.96 -74.07 32.56
v 235.45 -74.13 32.56
v 234.96 -74.07 33.53
v 235.28 -75.49 33.53
v 235.28 -75.49 35.46
v 234.96 -74.07 35.46
v 285.76 -46.00 22.00
v 284.95 -43.53 22.00
v 284.25 -43.63 46.00
v 285.76 -46.00 46.00
v 284.95 -43.53 22.00
v 282.85 -42.01 22.00
v 282.85 -42.01 46.00
v 284.25 -43.63 46.00
v 282.85 -42.01 22.00
v 280.26 -42.01 22.00
v 280.26 -42.01 46.00
v 282.85 -42.01 46.00
v 280.26 -42.01 22.00
v 278.16 -43.53 22.00
v 277.75 -43.63 46.00
v 280.26 -42.01 46.00
v 278.16 -43.53 22.00
v 277.36 -46.00 22.00
v 277.36 -46.00 46.00
v 277.75 -43.63 46.00
v 287.23 -46.00 46.00
v 286.14 -42.67 46.00
v 281.56 -46.00 52.00
v 286.14 -42.67 46.00
v 283.31 -40.61 46.00
v 281.56 -46.00 52.00
v 283.31 -40.61 46.00
v 279.80 -40.61 46.00
v 281.56 -46.00 52.00
v 279.80 -40.61 46.00
v 276.97 -42.67 46.00
v 281.56 -46.00 52.00
v 276.97 -42.67 46.00
v 275.89 -46.00 46.00
v 281.56 -46.00 52.00
v 275.89 -46.00 46.00
v 276.97 -49.33 46.00
v 281.56 -46.00 52.00
v 269.70 -107.39 22.00
v 270.50 -104.92 22.00
v 270.50 -104.92 46.00
v 269.70 -107.39 46.00
v 270.50 -104.92 46.00
v 269.70 -102.45 46.00
v 267.60 -100.93 46.00
v 265.00 -100.93 46.00
v 262.90 -102.45 46.00
v 262.10 -104.92 46.00
v 262.90 -107.39 46.00
v 265.00 -108.92 46.00
v 267.60 -108.92 46.00
v 269.70 -107.39 46.00
v 271.97 -104.92 46.00
v 270.89 -101.59 46.00
v 266.30 -104.92 52.00
v 270.89 -101.59 46.00
v 267.60 -100.93 46.00
v 266.30 -104.92 52.00
v 267.60 -100.93 46.00
v 265.00 -100.93 46.00
v 266.30 -104.92 52.00
v 265.00 -100.93 46.00
v 261.71 -101.59 46.00
v 266.30 -104.92 52.00
v 202.14 -154.94 42.00
v 200.18 -158.70 43.21
v 197.97 -157.74 43.45
v 199.85 -154.14 42.48
v 199.37 -155.06 44.17
v 197.81 -158.05 44.17
v 199.93 -159.16 44.17
v 201.50 -156.17 44.17
v 199.85 -154.14 42.48
v 197.97 -157.74 43.45
v 197.81 -158.05 44.17
v 199.37 -155.06 44.17
v 197.97 -157.74 43.45
v 200.18 -158.70 43.21
v 199.93 -159.16 44.17
v 197.81 -158.05 44.17
v 200.18 -158.70 43.21
v 202.14 -154.94 42.00
v 201.50 -156.17 44.17
v 199.93 -159.16 44.17
v 202.14 -154.94 42.00
v 199.85 -154.14 42.48
v 199.37 -155.06 44.17
v 201.50 -156.17 44.17
v 201.42 -156.33 44.17
v 199.93 -159.16 44.17
v 197.57 -158.51 44.66
v 199.37 -155.06 44.17
v 199.37 -155.06 44.17
v 197.57 -158.51 44.66
v 199.93 -159.16 44.17
v 201.42 -156.33 44.17
v 201.42 -156.33 44.17
v 199.93 -159.16 44.17
v 197.57 -158.51 44.66
v 198.73 -156.29 45.86
v 198.73 -156.29 45.86
v 197.57 -158.51 44.66
v 199.93 -159.16 44.17
v 201.42 -156.33 44.17
v 201.42 -156.33 44.17
v 199.93 -159.16 44.17
v 197.57 -158.51 44.66
v 198.73 -156.29 45.86
v 198.65 -156.44 46.34
v 197.09 -159.43 46.34
v 199.21 -160.54 46.34
v 200.78 -157.56 46.34
v 197.93 -157.82 48.28
v 196.44 -160.66 48.03
v 196.36 -160.81 48.52
v 197.93 -157.82 48.52
v 196.44 -160.66 48.03
v 199.13 -160.70 46.34
v 198.49 -161.93 48.52
v 196.36 -160.81 48.52
v 199.13 -160.70 46.34
v 199.21 -160.54 46.34
v 200.05 -158.94 48.52
v 198.49 -161.93 48.52
v 199.21 -160.54 46.34
v 197.93 -157.82 48.28
v 197.93 -157.82 48.52
v 200.05 -158.94 48.52
v 200.05 -158.94 48.52
v 198.49 -161.93 48.52
v 196.36 -160.81 48.52
v 197.93 -157.82 48.52
v 197.93 -157.82 48.52
v 196.36 -160.81 48.52
v 198.49 -161.93 48.52
v 200.05 -158.94 48.52
v 247.56 -112.12 32.40
v 246.27 -111.71 30.96
v 244.07 -113.52 31.92
v 248.58 -114.98 30.96
v 248.44 -112.41 31.68
v 244.07 -113.52 31.92
v 243.93 -110.95 32.64
v 247.56 -112.12 32.40
v 247.56 -112.12 32.40
v 243.93 -110.95 32.64
v 244.07 -113.52 31.92
v 248.44 -112.41 31.68
v 245.53 -113.99 30.96
v 244.07 -113.52 31.92
v 243.93 -110.95 32.64
v 247.56 -112.12 32.40
v 246.97 -111.94 33.12
v 243.63 -110.86 33.12
v 242.90 -113.14 33.12
v 246.24 -114.22 33.12
v 247.56 -112.12 32.40
v 243.93 -110.95 32.64
v 243.63 -110.86 33.12
v 246.97 -111.94 33.12
v 243.93 -110.95 32.64
v 244.07 -113.52 31.92
v 242.90 -113.14 33.12
v 243.63 -110.86 33.12
v 244.07 -113.52 31.92
v 245.53 -113.99 30.96
v 246.24 -114.22 33.12
v 242.90 -113.14 33.12
v 245.53 -113.99 30.96
v 247.56 -112.12 32.40
v 246.97 -111.94 33.12
v 246.24 -114.22 33.12
v 246.24 -114.22 33.12
v 242.90 -113.14 33.12
v 243.63 -110.86 33.12
v 246.97 -111.94 33.12
v 246.97 -111.94 33.12
v 243.63 -110.86 33.12
v 242.90 -113.14 33.12
v 246.24 -114.22 33.12
v 246.24 -114.22 33.12
v 242.90 -113.14 33.12
v 243.63 -110.86 33.12
v 246.39 -111.75 33.36
v 246.39 -111.75 33.36
v 243.63 -110.86 33.12
v 242.90 -113.14 33.12
v 246.24 -114.22 33.12
v 246.24 -114.22 33.12
v 242.90 -113.14 33.12
v 243.63 -110.86 33.12
v 246.39 -111.75 33.36
v 246.39 -111.75 33.36
v 243.63 -110.86 33.12
v 242.90 -113.14 33.12
v 246.24 -114.22 33.12
v 246.24 -114.22 33.12
v 241.73 -112.76 33.84
v 243.63 -110.86 33.12
v 246.39 -111.75 33.36
v 246.39 -111.75 33.36
v 243.63 -110.86 33.12
v 241.73 -112.76 33.84
v 246.24 -114.22 33.12
v 246.24 -114.22 33.12
v 241.73 -112.76 33.84
v 243.63 -110.86 33.12
v 246.39 -111.75 33.36
v 241.00 -110.01 35.28
v 239.53 -109.53 36.24
v 239.68 -112.10 35.52
v 240.26 -112.29 35.28
v 240.26 -112.29 35.28
v 239.68 -112.10 35.52
v 239.53 -109.53 36.24
v 241.00 -110.01 35.28
v 241.70 -110.23 37.44
v 238.36 -109.16 37.44
v 237.62 -111.44 37.44
v 240.96 -112.52 37.44
v 241.00 -110.01 35.28
v 239.53 -109.53 36.24
v 238.36 -109.16 37.44
v 241.70 -110.23 37.44
v 239.53 -109.53 36.24
v 239.68 -112.10 35.52
v 237.62 -111.44 37.44
v 238.36 -109.16 37.44
v 239.68 -112.10 35.52
v 240.26 -112.29 35.28
v 240.96 -112.52 37.44
v 237.62 -111.44 37.44
v 240.82 -109.95 37.92
v 237.48 -108.87 37.92
v 237.33 -111.34 37.44
v 240.96 -112.52 37.44
v 237.62 -111.44 37.44
v 237.33 -111.34 37.44
v 237.48 -108.87 37.92
v 240.82 -109.95 37.92
v 240.82 -109.95 37.92
v 237.48 -108.87 37.92
v 237.33 -111.34 37.44
v 237.62 -111.44 37.44
v 237.62 -111.44 37.44
v 237.33 -111.34 37.44
v 237.48 -108.87 37.92
v 240.82 -109.95 37.92
v 240.82 -109.95 37.92
v 237.48 -108.87 37.92
v 237.33 -111.34 37.44
v 237.62 -111.44 37.44
v 237.62 -111.44 37.44
v 237.33 -111.34 37.44
v 237.48 -108.87 37.92
v 240.82 -109.95 37.92
v 240.82 -109.95 37.92
v 237.48 -108.87 37.92
v 237.33 -111.34 37.44
v 237.62 -111.44 37.44
v 237.62 -111.44 37.44
v 237.33 -111.34 37.44
v 237.48 -108.87 37.92
v 238.36 -109.16 37.44
v 238.36 -109.16 37.44
v 237.48 -108.87 37.92
v 237.33 -111.34 37.44
v 237.62 -111.44 37.44
v 237.62 -111.44 37.44
v 235.28 -110.68 39.12
v 237.48 -108.87 37.92
v 238.36 -109.16 37.44
v 238.36 -109.16 37.44
v 237.48 -108.87 37.92
v 235.28 -110.68 39.12
v 237.62 -111.44 37.44
v 237.62 -111.44 37.44
v 235.28 -110.68 39.12
v 237.48 -108.87 37.92
v 238.36 -109.16 37.44
v 235.43 -108.21 39.84
v 233.97 -107.74 40.80
v 234.70 -110.49 39.84
v 237.45 -111.38 40.08
v 237.45 -111.38 40.08
v 232.94 -109.93 41.04
v 233.97 -107.74 40.80
v 235.43 -108.21 39.84
v 235.43 -108.21 39.84
v 233.97 -107.74 40.80
v 232.94 -109.93 41.04
v 237.45 -111.38 40.08
v 237.45 -111.38 40.08
v 232.94 -109.93 41.04
v 233.97 -107.74 40.80
v 235.43 -108.21 39.84
v 235.43 -108.21 39.84
v 233.97 -107.74 40.80
v 232.94 -109.93 41.04
v 237.45 -111.38 40.08
v 237.45 -111.38 40.08
v 232.94 -109.93 41.04
v 233.09 -107.45 41.52
v 235.43 -108.21 39.84
v 234.70 -110.49 39.84
v 235.43 -108.21 39.84
v 236.13 -108.44 42.00
v 235.40 -110.72 42.00
v 263.16 -41.02 22.00
v 259.76 -39.41 22.00
v 260.80 -37.24 22.00
v 264.19 -38.85 22.00
v 264.19 -38.85 22.24
v 260.80 -37.24 22.24
v 259.76 -39.41 22.24
v 263.16 -41.02 22.24
v 264.19 -38.85 22.00
v 260.80 -37.24 22.00
v 260.80 -37.24 22.24
v 264.19 -38.85 22.24
v 260.80 -37.24 22.00
v 259.76 -39.41 22.00
v 259.76 -39.41 22.24
v 260.80 -37.24 22.24
v 259.76 -39.41 22.00
v 263.16 -41.02 22.00
v 263.16 -41.02 22.24
v 259.76 -39.41 22.24
v 263.16 -41.02 22.00
v 264.19 -38.85 22.00
v 264.19 -38.85 22.24
v 263.16 -41.02 22.24
v 263.16 -41.02 22.24
v 259.26 -39.17 22.24
v 260.80 -37.24 22.24
v 263.69 -38.61 22.24
v 263.69 -38.61 22.24
v 260.80 -37.24 22.24
v 259.26 -39.17 22.24
v 263.16 -41.02 22.24
v 263.16 -41.02 22.24
v 259.26 -39.17 22.24
v 260.80 -37.24 22.24
v 263.69 -38.61 22.24
v 263.69 -38.61 22.24
v 260.80 -37.24 22.24
v 259.26 -39.17 22.24
v 263.16 -41.02 22.24
v 261.65 -40.30 22.73
v 259.26 -39.17 22.24
v 259.29 -36.52 22.73
v 263.69 -38.61 22.24
v 255.26 -37.27 24.42
v 254.79 -34.38 24.91
v 252.76 -36.08 25.39
v 257.15 -38.16 24.91
v 254.76 -37.03 24.42
v 252.76 -36.08 25.39
v 252.79 -33.43 25.88
v 256.29 -35.10 24.42
v 256.29 -35.10 24.42
v 252.79 -33.43 25.88
v 252.76 -36.08 25.39
v 254.76 -37.03 24.42
v 254.76 -37.03 24.42
v 252.76 -36.08 25.39
v 252.79 -33.43 25.88
v 256.29 -35.10 24.42
v 256.29 -35.10 24.42
v 252.79 -33.43 25.88
v 252.76 -36.08 25.39
v 254.76 -37.03 24.42
v 254.76 -37.03 24.42
v 250.76 -35.12 26.36
v 251.79 -32.96 26.36
v 254.79 -34.38 24.91
v 250.67 -32.43 28.79
v 247.28 -30.82 28.79
v 246.25 -32.98 28.79
v 249.64 -34.59 28.79
v 250.79 -32.48 26.85
v 248.28 -31.29 28.06
v 247.28 -30.82 28.79
v 250.67 -32.43 28.79
v 248.28 -31.29 28.06
v 246.25 -32.98 28.55
v 246.25 -32.98 28.79
v 247.28 -30.82 28.79
v 246.25 -32.98 28.55
v 250.76 -35.12 26.60
v 249.64 -34.59 28.79
v 246.25 -32.98 28.79
v 250.76 -35.12 26.60
v 250.79 -32.48 26.85
v 250.67 -32.43 28.79
v 249.64 -34.59 28.79
v 249.64 -34.59 28.79
v 246.25 -32.98 28.79
v 246.78 -30.58 28.79
v 250.67 -32.43 28.79
v 250.67 -32.43 28.79
v 246.28 -30.34 29.03
v 246.25 -32.98 28.79
v 248.14 -33.88 29.27
v 248.14 -33.88 29.27
v 243.75 -31.79 29.76
v 246.28 -30.34 29.03
v 247.28 -30.82 28.79
v 247.28 -30.82 28.79
v 246.28 -30.34 29.03
v 243.75 -31.79 29.76
v 248.14 -33.88 29.27
v 176.59 -0.28 70.00
v 176.29 0.24 70.00
v 176.29 0.24 74.50
v 176.59 -0.28 74.50
v 176.29 0.24 70.00
v 175.69 0.24 70.00
v 175.69 0.24 74.50
v 176.29 0.24 74.50
v 175.69 0.24 70.00
v 175.39 -0.28 70.00
v 175.39 -0.28 74.50
v 175.69 0.24 74.50
v 204.91 -41.61 45.60
v 202.37 -42.67 45.60
v 204.91 -45.21 52.50
v 202.37 -42.67 45.60
v 201.31 -45.21 45.60
v 204.91 -45.21 52.50
v 201.31 -45.21 45.60
v 202.37 -47.76 45.60
v 204.91 -45.21 52.50
v 202.37 -47.76 45.60
v 204.91 -48.81 45.60
v 204.91 -45.21 52.50
v 204.91 -48.81 45.60
v 207.46 -47.76 45.60
v 204.91 -45.21 52.50
v 207.46 -47.76 45.60
v 208.51 -45.21 45.60
v 204.91 -45.21 52.50
v 196.00 -240.00 -3.00
v 196.00 -192.00 -3.00
v 196.00 -192.00 22.00
v 196.00 -240.00 22.00
v 175.00 -258.00 30.00
v 175.60 -235.40 30.00
v 175.60 -247.00 36.40
v 178.00 -198.00 0.50
v 178.00 -188.00 0.50
v 178.00 -188.00 6.20
v 178.00 -198.00 6.20
v 189.50 -256.00 0.00
v 188.93 -253.13 0.00
v 188.93 -253.13 42.00
v 189.50 -256.00 42.00
v 188.93 -253.13 0.00
v 187.30 -250.70 0.00
v 187.30 -250.70 42.00
v 188.93 -253.13 42.00
v 187.30 -250.70 0.00
v 184.87 -249.07 0.00
v 184.87 -249.07 42.00
v 187.30 -250.70 42.00
v 184.87 -249.07 0.00
v 182.00 -248.50 0.00
v 182.00 -248.50 42.00
v 184.87 -249.07 42.00
v 182.00 -248.50 0.00
v 179.13 -249.07 0.00
v 179.13 -249.07 42.00
v 182.00 -248.50 42.00
v 179.13 -249.07 0.00
v 176.70 -250.70 0.00
v 176.70 -250.70 42.00
v 179.13 -249.07 42.00
v 176.70 -250.70 0.00
v 175.07 -253.13 0.00
v 175.07 -253.13 42.00
v 176.70 -250.70 42.00
v 175.07 -258.87 0.00
v 176.70 -261.30 0.00
v 176.70 -261.30 42.00
v 175.07 -258.87 42.00
v 176.70 -261.30 0.00
v 179.13 -262.93 0.00
v 179.13 -262.93 42.00
v 176.70 -261.30 42.00
v 179.13 -262.93 0.00
v 182.00 -263.50 0.00
v 182.00 -263.50 42.00
v 179.13 -262.93 42.00
v 182.00 -263.50 0.00
v 184.87 -262.93 0.00
v 184.87 -262.93 42.00
v 182.00 -263.50 42.00
v 184.87 -262.93 0.00
v 187.30 -261.30 0.00
v 187.30 -261.30 42.00
v 184.87 -262.93 42.00
v 187.30 -261.30 0.00
v 188.93 -258.87 0.00
v 188.93 -258.87 42.00
v 187.30 -261.30 42.00
v 188.93 -258.87 0.00
v 189.50 -256.00 0.00
v 189.50 -256.00 42.00
v 188.93 -258.87 42.00
v 189.50 -256.00 42.00
v 188.93 -253.13 42.00
v 187.30 -250.70 42.00
v 184.87 -249.07 42.00
v 182.00 -248.50 42.00
v 179.13 -249.07 42.00
v 176.70 -250.70 42.00
v 175.07 -253.13 42.00
v 174.50 -256.00 42.00
v 175.07 -258.87 42.00
v 176.70 -261.30 42.00
v 179.13 -262.93 42.00
v 182.00 -263.50 42.00
v 184.87 -262.93 42.00
v 187.30 -261.30 42.00
v 188.93 -258.87 42.00
v 181.36 -249.84 38.40
v 181.03 -248.38 38.40
v 181.03 -248.38 40.00
v 181.36 -249.84 40.00
v 181.03 -248.38 38.40
v 179.57 -248.71 38.40
v 179.57 -248.71 40.00
v 181.03 -248.38 40.00
v 179.57 -248.71 38.40
v 181.36 -249.84 38.40
v 181.36 -249.84 40.00
v 179.57 -248.71 40.00
v 177.58 -251.66 38.40
v 177.82 -249.55 38.40
v 179.57 -248.71 38.40
v 179.57 -248.71 40.00
v 177.82 -249.55 40.00
v 177.58 -251.66 40.00
v 179.57 -248.71 38.40
v 177.82 -249.55 38.40
v 177.82 -249.55 40.00
v 179.57 -248.71 40.00
v 177.82 -249.55 38.40
v 177.58 -251.66 38.40
v 177.58 -251.66 40.00
v 177.82 -249.55 40.00
v 177.58 -251.66 38.40
v 179.57 -248.71 38.40
v 179.57 -248.71 40.00
v 177.58 -251.66 40.00
v 176.13 -254.01 38.40
v 174.78 -253.36 38.40
v 175.43 -252.00 38.40
v 177.58 -251.66 38.40
v 177.58 -251.66 40.00
v 175.43 -252.00 40.00
v 174.78 -253.36 40.00
v 176.13 -254.01 40.00
v 177.58 -251.66 38.40
v 175.43 -252.00 38.40
v 175.43 -252.00 40.00
v 177.58 -251.66 40.00
v 175.43 -252.00 38.40
v 174.78 -253.36 38.40
v 174.78 -253.36 40.00
v 175.43 -252.00 40.00
v 174.78 -253.36 38.40
v 176.13 -254.01 38.40
v 176.13 -254.01 40.00
v 174.78 -253.36 40.00
v 176.13 -254.01 38.40
v 177.58 -251.66 38.40
v 177.58 -251.66 40.00
v 176.13 -254.01 40.00
v 176.13 -257.99 38.40
v 175.43 -260.00 38.40
v 174.78 -258.64 38.40
v 176.13 -257.99 40.00
v 174.78 -258.64 40.00
v 175.43 -260.00 40.00
v 176.13 -257.99 38.40
v 174.78 -258.64 38.40
v 174.78 -258.64 40.00
v 176.13 -257.99 40.00
v 174.78 -258.64 38.40
v 175.43 -260.00 38.40
v 175.43 -260.00 40.00
v 174.78 -258.64 40.00
v 175.43 -260.00 38.40
v 176.13 -257.99 38.40
v 176.13 -257.99 40.00
v 175.43 -260.00 40.00
v 178.75 -261.28 38.40
v 177.82 -262.45 38.40
v 177.58 -260.34 38.40
v 177.58 -260.34 40.00
v 177.82 -262.45 40.00
v 178.75 -261.28 40.00
v 177.58 -260.34 38.40
v 177.82 -262.45 38.40
v 177.82 -262.45 40.00
v 177.58 -260.34 40.00
v 177.82 -262.45 38.40
v 178.75 -261.28 38.40
v 178.75 -261.28 40.00
v 177.82 -262.45 40.00
v 178.75 -261.28 38.40
v 177.58 -260.34 38.40
v 177.58 -260.34 40.00
v 178.75 -261.28 40.00
v 180.16 -247.96 40.00
v 177.82 -249.55 40.00
v 176.70 -250.70 42.00
v 180.16 -247.96 42.40
v 177.82 -249.55 40.00
v 175.43 -252.00 40.00
v 174.57 -252.42 42.40
v 176.70 -250.70 42.00
v 174.78 -258.64 40.00
v 177.82 -262.45 40.00
v 176.86 -262.45 42.40
v 175.07 -258.87 42.00
v 177.82 -262.45 40.00
v 180.16 -264.04 40.00
v 180.16 -264.04 42.40
v 176.86 -262.45 42.40
v 180.16 -264.04 40.00
v 183.84 -264.04 40.00
v 183.84 -264.04 42.40
v 180.16 -264.04 42.40
v 183.84 -264.04 40.00
v 187.14 -262.45 40.00
v 187.14 -262.45 42.40
v 183.84 -264.04 42.40
v 175.28 -262.72 44.00
v 180.16 -264.04 42.40
v 182.00 -256.00 66.00
v 180.16 -264.04 42.40
v 182.00 -265.50 44.00
v 182.00 -256.00 66.00
v 182.00 -265.50 44.00
v 185.63 -264.78 44.00
v 182.00 -256.00 66.00
v 185.63 -264.78 44.00
v 187.14 -262.45 42.40
v 182.00 -256.00 66.00
v 187.14 -262.45 42.40
v 190.78 -259.63 44.00
v 182.00 -256.00 66.00
v 190.78 -259.63 44.00
v 191.50 -256.00 44.00
v 182.00 -256.00 66.00
v 221.50 -256.00 42.00
v 220.93 -253.13 42.00
v 219.30 -250.70 42.00
v 216.87 -249.07 42.00
v 214.00 -248.50 42.00
v 211.13 -249.07 42.00
v 208.70 -250.70 42.00
v 207.07 -253.13 42.00
v 206.50 -256.00 42.00
v 207.07 -258.87 42.00
v 208.70 -261.30 42.00
v 211.13 -262.93 42.00
v 214.00 -263.50 42.00
v 216.87 -262.93 42.00
v 219.30 -261.30 42.00
v 220.93 -258.87 42.00
v 219.22 -252.66 38.40
v 220.57 -252.00 38.40
v 221.22 -253.36 38.40
v 219.87 -254.01 38.40
v 219.87 -254.01 40.00
v 221.22 -253.36 40.00
v 220.57 -252.00 40.00
v 219.22 -252.66 40.00
v 219.87 -254.01 38.40
v 221.22 -253.36 38.40
v 221.22 -253.36 40.00
v 219.87 -254.01 40.00
v 221.22 -253.36 38.40
v 220.57 -252.00 38.40
v 220.57 -252.00 40.00
v 221.22 -253.36 40.00
v 220.57 -252.00 38.40
v 219.22 -252.66 38.40
v 219.22 -252.66 40.00
v 220.57 -252.00 40.00
v 219.22 -252.66 38.40
v 219.87 -254.01 38.40
v 219.87 -254.01 40.00
v 219.22 -252.66 40.00
v 217.25 -250.72 38.40
v 219.36 -250.49 38.40
v 219.22 -252.66 38.40
v 219.22 -252.66 40.00
v 219.36 -250.49 40.00
v 217.25 -250.72 40.00
v 219.22 -252.66 38.40
v 219.36 -250.49 38.40
v 219.36 -250.49 40.00
v 219.22 -252.66 40.00
v 219.36 -250.49 38.40
v 217.25 -250.72 38.40
v 217.25 -250.72 40.00
v 219.36 -250.49 40.00
v 217.25 -250.72 38.40
v 219.22 -252.66 38.40
v 219.22 -252.66 40.00
v 217.25 -250.72 40.00
v 214.64 -249.84 38.40
v 214.97 -248.38 38.40
v 217.25 -250.72 38.40
v 217.25 -250.72 40.00
v 214.97 -248.38 40.00
v 214.64 -249.84 40.00
v 217.25 -250.72 38.40
v 214.97 -248.38 38.40
v 214.97 -248.38 40.00
v 217.25 -250.72 40.00
v 214.97 -248.38 38.40
v 214.64 -249.84 38.40
v 214.64 -249.84 40.00
v 214.97 -248.38 40.00
v 214.64 -249.84 38.40
v 217.25 -250.72 38.40
v 217.25 -250.72 40.00
v 214.64 -249.84 40.00
v 213.36 -249.84 38.40
v 213.03 -248.38 38.40
v 213.03 -248.38 40.00
v 213.36 -249.84 40.00
v 206.57 -252.42 42.40
v 204.50 -256.00 44.00
v 214.00 -256.00 66.00
v 204.50 -256.00 44.00
v 205.22 -259.63 44.00
v 214.00 -256.00 66.00
v 205.22 -259.63 44.00
v 208.86 -262.45 42.40
v 214.00 -256.00 66.00
v 208.86 -262.45 42.40
v 210.37 -264.78 44.00
v 214.00 -256.00 66.00
v 210.37 -264.78 44.00
v 214.00 -265.50 44.00
v 214.00 -256.00 66.00
v 214.00 -265.50 44.00
v 215.84 -264.04 42.40
v 214.00 -256.00 66.00
v 218.40 -261.75 -2.00
v 218.40 -250.25 -2.00
v 218.40 -250.25 11.60
v 218.40 -261.75 11.60
v 218.40 -250.25 -2.00
v 209.60 -250.25 -2.00
v 209.60 -250.25 11.60
v 218.40 -250.25 11.60
v 209.60 -250.25 -2.00
v 209.60 -261.75 -2.00
v 209.60 -261.75 11.60
v 209.60 -250.25 11.60
v 208.80 -254.60 -2.00
v 219.20 -254.60 -2.00
v 219.20 -257.40 -2.00
v 208.80 -257.40 -2.00
v 208.80 -257.40 12.40
v 219.20 -257.40 12.40
v 219.20 -254.60 12.40
v 208.80 -254.60 12.40
v 208.80 -257.40 -2.00
v 219.20 -257.40 -2.00
v 219.20 -257.40 12.40
v 208.80 -257.40 12.40
v 275.60 -261.75 11.60
v 284.40 -261.75 11.60
v 284.40 -250.25 11.60
v 275.60 -250.25 11.60
v 275.60 -261.75 -2.00
v 284.40 -261.75 -2.00
v 284.40 -261.75 11.60
v 275.60 -261.75 11.60
v 284.40 -261.75 -2.00
v 284.40 -250.25 -2.00
v 284.40 -250.25 11.60
v 284.40 -261.75 11.60
v 284.40 -250.25 -2.00
v 275.60 -250.25 -2.00
v 275.60 -250.25 11.60
v 284.40 -250.25 11.60
v 275.60 -250.25 -2.00
v 275.60 -261.75 -2.00
v 275.60 -261.75 11.60
v 275.60 -250.25 11.60
v 274.80 -254.60 -2.00
v 285.20 -254.60 -2.00
v 285.20 -257.40 -2.00
v 274.80 -257.40 -2.00
v 274.80 -257.40 12.40
v 285.20 -257.40 12.40
v 285.20 -254.60 12.40
v 274.80 -254.60 12.40
v 274.80 -257.40 -2.00
v 285.20 -257.40 -2.00
v 285.20 -257.40 12.40
v 274.80 -257.40 12.40
v 285.20 -257.40 -2.00
v 285.20 -254.60 -2.00
v 285.20 -254.60 12.40
v 285.20 -257.40 12.40
v 285.20 -254.60 -2.00
v 274.80 -254.60 -2.00
v 274.80 -254.60 12.40
v 285.20 -254.60 12.40
v 274.80 -254.60 -2.00
v 274.80 -257.40 -2.00
v 274.80 -257.40 12.40
v 274.80 -254.60 12.40
v 297.60 -250.25 -2.00
v 306.40 -250.25 -2.00
v 306.40 -261.75 -2.00
v 297.60 -261.75 -2.00
v 297.60 -261.75 11.60
v 306.40 -261.75 11.60
v 306.40 -250.25 11.60
v 297.60 -250.25 11.60
v 297.60 -261.75 -2.00
v 306.40 -261.75 -2.00
v 306.40 -261.75 11.60
v 297.60 -261.75 11.60
v 306.40 -261.75 -2.00
v 306.40 -250.25 -2.00
v 306.40 -250.25 11.60
v 306.40 -261.75 11.60
v 306.40 -250.25 -2.00
v 297.60 -250.25 -2.00
v 297.60 -250.25 11.60
v 306.40 -250.25 11.60
v 297.60 -250.25 -2.00
v 297.60 -261.75 -2.00
v 297.60 -261.75 11.60
v 297.60 -250.25 11.60
v 296.80 -254.60 -2.00
v 307.20 -254.60 -2.00
v 307.20 -257.40 -2.00
v 296.80 -257.40 -2.00
v 341.60 -250.25 -2.00
v 341.60 -261.75 -2.00
v 341.60 -261.75 11.60
v 341.60 -250.25 11.60
v 340.80 -254.60 -2.00
v 351.20 -254.60 -2.00
v 351.20 -257.40 -2.00
v 340.80 -257.40 -2.00
v 340.80 -257.40 12.40
v 351.20 -257.40 12.40
v 351.20 -254.60 12.40
v 340.80 -254.60 12.40
v 340.80 -257.40 -2.00
v 351.20 -257.40 -2.00
v 351.20 -257.40 12.40
v 340.80 -257.40 12.40
v 351.20 -257.40 -2.00
v 351.20 -254.60 -2.00
v 351.20 -254.60 12.40
v 351.20 -257.40 12.40
v 351.20 -254.60 -2.00
v 340.80 -254.60 -2.00
v 340.80 -254.60 12.40
v 351.20 -254.60 12.40
v 395.20 -257.40 -2.00
v 395.20 -254.60 -2.00
v 395.20 -254.60 12.40
v 395.20 -257.40 12.40
v 395.20 -254.60 -2.00
v 384.80 -254.60 -2.00
v 384.80 -254.60 12.40
v 395.20 -254.60 12.40
v 384.80 -254.60 -2.00
v 384.80 -257.40 -2.00
v 384.80 -257.40 12.40
v 384.80 -254.60 12.40
v 205.00 -251.25 11.60
v 399.00 -251.25 11.60
v 399.00 -260.75 11.60
v 205.00 -260.75 11.60
v 205.00 -260.75 15.00
v 399.00 -260.75 15.00
v 399.00 -251.25 15.00
v 205.00 -251.25 15.00
v 205.00 -260.75 11.60
v 399.00 -260.75 11.60
v 399.00 -260.75 15.00
v 205.00 -260.75 15.00
v 399.00 -260.75 11.60
v 399.00 -251.25 11.60
v 399.00 -251.25 15.00
v 399.00 -260.75 15.00
v 399.00 -251.25 11.60
v 205.00 -251.25 11.60
v 205.00 -251.25 15.00
v 399.00 -251.25 15.00
v 205.00 -251.25 11.60
v 205.00 -260.75 11.60
v 205.00 -260.75 15.00
v 205.00 -251.25 15.00
v 205.00 -260.75 15.00
v 399.00 -260.75 15.00
v 399.00 -261.35 16.70
v 205.00 -261.35 16.70
v 399.00 -260.75 15.00
v 205.00 -260.75 15.00
v 205.00 -261.35 16.70
v 399.00 -261.35 16.70
v 205.00 -250.65 15.00
v 399.00 -250.65 15.00
v 399.00 -251.25 15.00
v 205.00 -251.25 15.00
v 205.00 -251.85 16.70
v 399.00 -251.85 16.70
v 399.00 -250.65 16.70
v 205.00 -250.65 16.70
v 205.00 -251.25 15.00
v 399.00 -251.25 15.00
v 399.00 -251.85 16.70
v 205.00 -251.85 16.70
v 399.00 -251.25 15.00
v 399.00 -250.65 15.00
v 399.00 -250.65 16.70
v 399.00 -251.85 16.70
v 399.00 -250.65 15.00
v 205.00 -250.65 15.00
v 205.00 -250.65 16.70
v 399.00 -250.65 16.70
v 205.00 -250.65 15.00
v 205.00 -251.25 15.00
v 205.00 -251.85 16.70
v 205.00 -250.65 16.70
v 234.30 -261.75 11.60
v 235.70 -261.75 11.60
v 235.29 -261.75 8.78
v 234.30 -250.25 11.60
v 235.70 -250.25 11.60
v 235.29 -250.25 8.78
v 235.29 -261.75 8.78
v 234.11 -261.75 6.19
v 232.71 -261.75 6.19
v 235.29 -250.25 8.78
v 234.11 -250.25 6.19
v 232.71 -250.25 6.19
v 232.71 -261.75 6.19
v 234.11 -261.75 6.19
v 232.25 -261.75 4.04
v 230.85 -261.75 4.04
v 232.71 -250.25 6.19
v 234.11 -250.25 6.19
v 232.25 -250.25 4.04
v 230.85 -250.25 4.04
v 230.85 -261.75 4.04
v 232.25 -261.75 4.04
v 230.85 -261.75 4.04
v 228.45 -261.75 2.50
v 243.55 -250.25 2.50
v 241.15 -250.25 4.04
v 239.75 -250.25 4.04
v 239.75 -261.75 4.04
v 241.15 -261.75 4.04
v 239.29 -261.75 6.19
v 239.75 -250.25 4.04
v 241.15 -250.25 4.04
v 239.29 -250.25 6.19
v 239.29 -261.75 6.19
v 238.10 -261.75 8.78
v 236.71 -261.75 8.78
v 239.29 -250.25 6.19
v 238.10 -250.25 8.78
v 236.71 -250.25 8.78
v 236.71 -261.75 8.78
v 238.10 -261.75 8.78
v 237.70 -261.75 11.60
v 235.70 -261.75 11.60
v 265.55 -250.25 2.50
v 263.15 -250.25 4.04
v 261.75 -250.25 4.04
v 261.75 -261.75 4.04
v 263.15 -261.75 4.04
v 261.29 -261.75 6.19
v 261.75 -250.25 4.04
v 263.15 -250.25 4.04
v 261.29 -250.25 6.19
v 261.29 -261.75 6.19
v 260.11 -261.75 8.78
v 258.70 -261.75 8.78
v 261.29 -250.25 6.19
v 260.11 -250.25 8.78
v 258.70 -250.25 8.78
v 258.70 -261.75 8.78
v 260.11 -261.75 8.78
v 259.70 -261.75 11.60
v 257.70 -261.75 11.60
v 283.29 -250.25 6.19
v 282.11 -250.25 8.78
v 280.70 -250.25 8.78
v 280.70 -261.75 8.78
v 282.11 -261.75 8.78
v 281.70 -261.75 11.60
v 279.70 -261.75 11.60
v 280.70 -250.25 8.78
v 282.11 -250.25 8.78
v 281.70 -250.25 11.60
v 279.70 -250.25 11.60
v 322.30 -261.75 11.60
v 323.70 -261.75 11.60
v 323.30 -261.75 8.78
v 322.30 -250.25 11.60
v 323.70 -250.25 11.60
v 323.30 -250.25 8.78
v 323.30 -261.75 8.78
v 322.11 -261.75 6.19
v 320.71 -261.75 6.19
v 323.30 -250.25 8.78
v 322.11 -250.25 6.19
v 320.71 -250.25 6.19
v 320.71 -261.75 6.19
v 322.11 -261.75 6.19
v 320.25 -261.75 4.04
v 318.85 -261.75 4.04
v 320.71 -250.25 6.19
v 322.11 -250.25 6.19
v 320.25 -250.25 4.04
v 318.85 -250.25 4.04
v 318.85 -261.75 4.04
v 320.25 -261.75 4.04
v 318.85 -261.75 4.04
v 316.45 -261.75 2.50
v 318.85 -250.25 4.04
v 320.25 -250.25 4.04
v 318.85 -250.25 4.04
v 316.45 -250.25 2.50
v 316.45 -261.75 2.50
v 318.85 -261.75 4.04
v 315.12 -261.75 1.70
v 313.72 -261.75 1.70
v 316.45 -250.25 2.50
v 318.85 -250.25 4.04
v 315.12 -250.25 1.70
v 313.72 -250.25 1.70
v 309.55 -261.75 2.50
v 307.15 -261.75 4.04
v 305.75 -261.75 4.04
v 309.55 -250.25 2.50
v 307.15 -250.25 4.04
v 305.75 -250.25 4.04
v 305.75 -261.75 4.04
v 307.15 -261.75 4.04
v 305.29 -261.75 6.19
v 305.75 -250.25 4.04
v 307.15 -250.25 4.04
v 305.29 -250.25 6.19
v 305.29 -261.75 6.19
v 304.11 -261.75 8.78
v 302.70 -261.75 8.78
v 305.29 -250.25 6.19
v 304.11 -250.25 8.78
v 302.70 -250.25 8.78
v 302.70 -261.75 8.78
v 304.11 -261.75 8.78
v 303.70 -261.75 11.60
v 301.70 -261.75 11.60
v 302.70 -250.25 8.78
v 304.11 -250.25 8.78
v 303.70 -250.25 11.60
v 301.70 -250.25 11.60
v 344.30 -261.75 11.60
v 345.70 -261.75 11.60
v 345.30 -261.75 8.78
v 344.30 -250.25 11.60
v 345.70 -250.25 11.60
v 345.30 -250.25 8.78
v 345.30 -261.75 8.78
v 344.11 -261.75 6.19
v 342.71 -261.75 6.19
v 366.30 -250.25 11.60
v 367.70 -250.25 11.60
v 367.30 -250.25 8.78
v 367.30 -261.75 8.78
v 366.11 -261.75 6.19
v 364.71 -261.75 6.19
v 367.30 -250.25 8.78
v 366.11 -250.25 6.19
v 364.71 -250.25 6.19
v 364.71 -261.75 6.19
v 366.11 -261.75 6.19
v 364.25 -261.75 4.04
v 362.85 -261.75 4.04
v 364.71 -250.25 6.19
v 366.11 -250.25 6.19
v 364.25 -250.25 4.04
v 362.85 -250.25 4.04
v 362.85 -261.75 4.04
v 364.25 -261.75 4.04
v 362.85 -261.75 4.04
v 360.45 -261.75 2.50
v 362.85 -250.25 4.04
v 364.25 -250.25 4.04
v 362.85 -250.25 4.04
v 360.45 -250.25 2.50
v 360.45 -261.75 2.50
v 362.85 -261.75 4.04
v 359.12 -261.75 1.70
v 357.72 -261.75 1.70
v 360.45 -250.25 2.50
v 362.85 -250.25 4.04
v 359.12 -250.25 1.70
v 357.72 -250.25 1.70
v 353.55 -261.75 2.50
v 351.15 -261.75 4.04
v 349.75 -261.75 4.04
v 353.55 -250.25 2.50
v 351.15 -250.25 4.04
v 349.75 -250.25 4.04
v 349.75 -261.75 4.04
v 351.15 -261.75 4.04
v 349.29 -261.75 6.19
v 349.75 -250.25 4.04
v 351.15 -250.25 4.04
v 349.29 -250.25 6.19
v 349.29 -261.75 6.19
v 348.11 -261.75 8.78
v 346.70 -261.75 8.78
v 349.29 -250.25 6.19
v 348.11 -250.25 8.78
v 346.70 -250.25 8.78
v 346.70 -261.75 8.78
v 348.11 -261.75 8.78
v 347.70 -261.75 11.60
v 345.70 -261.75 11.60
v 346.70 -250.25 8.78
v 348.11 -250.25 8.78
v 347.70 -250.25 11.60
v 345.70 -250.25 11.60
v 388.30 -261.75 11.60
v 389.70 -261.75 11.60
v 389.30 -261.75 8.78
v 368.70 -250.25 8.78
v 370.11 -250.25 8.78
v 369.70 -250.25 11.60
v 367.70 -250.25 11.60
v 213.20 -260.65 19.60
v 214.40 -261.45 19.60
v 214.80 -262.25 19.60
v 213.20 -262.25 19.60
v 213.20 -262.25 20.40
v 214.80 -262.25 20.40
v 214.80 -260.65 20.40
v 213.20 -260.65 20.40
v 213.20 -262.25 19.60
v 214.80 -262.25 19.60
v 214.80 -262.25 20.40
v 213.20 -262.25 20.40
v 214.80 -262.25 19.60
v 214.40 -261.45 19.60
v 214.80 -260.65 20.40
v 214.80 -262.25 20.40
v 214.40 -261.45 19.60
v 213.20 -260.65 19.60
v 213.20 -260.65 20.40
v 214.80 -260.65 20.40
v 301.20 -260.65 19.60
v 301.20 -262.25 19.60
v 301.20 -262.25 20.40
v 301.20 -260.65 20.40
v 302.40 -250.55 16.70
v 301.80 -250.90 16.70
v 301.80 -250.90 19.60
v 302.40 -250.55 19.60
v 301.80 -250.90 16.70
v 302.40 -250.55 16.70
v 302.40 -250.55 19.60
v 301.80 -250.90 19.60
v 301.20 -249.75 19.60
v 302.40 -250.55 19.60
v 301.80 -250.90 19.60
v 301.20 -251.35 19.60
v 301.20 -251.35 20.40
v 302.80 -251.35 20.40
v 302.80 -249.75 20.40
v 301.20 -249.75 20.40
v 301.20 -251.35 19.60
v 301.80 -250.90 19.60
v 302.80 -251.35 20.40
v 301.20 -251.35 20.40
v 301.80 -250.90 19.60
v 302.40 -250.55 19.60
v 302.80 -249.75 20.40
v 302.80 -251.35 20.40
v 302.40 -250.55 19.60
v 301.20 -249.75 19.60
v 301.20 -249.75 20.40
v 302.80 -249.75 20.40
v 301.20 -249.75 19.60
v 301.20 -251.35 19.60
v 301.20 -251.35 20.40
v 301.20 -249.75 20.40
v 345.20 -260.65 19.60
v 346.40 -261.45 19.60
v 346.80 -262.25 19.60
v 345.20 -262.25 19.60
v 345.20 -262.25 20.40
v 346.80 -262.25 20.40
v 346.80 -260.65 20.40
v 345.20 -260.65 20.40
v 345.20 -262.25 19.60
v 346.80 -262.25 19.60
v 346.80 -262.25 20.40
v 345.20 -262.25 20.40
v 346.80 -262.25 19.60
v 346.40 -261.45 19.60
v 346.80 -260.65 20.40
v 346.80 -262.25 20.40
v 346.40 -261.45 19.60
v 345.20 -260.65 19.60
v 345.20 -260.65 20.40
v 346.80 -260.65 20.40
v 345.20 -260.65 19.60
v 345.20 -262.25 19.60
v 345.20 -262.25 20.40
v 345.20 -260.65 20.40
v 346.40 -250.55 16.70
v 345.80 -250.90 16.70
v 345.80 -250.90 19.60
v 346.40 -250.55 19.60
v 345.80 -250.90 16.70
v 346.40 -250.55 16.70
v 346.40 -250.55 19.60
v 345.80 -250.90 19.60
v 345.20 -249.75 19.60
v 346.40 -250.55 19.60
v 345.80 -250.90 19.60
v 345.20 -251.35 19.60
v 345.20 -251.35 20.40
v 346.80 -251.35 20.40
v 346.80 -249.75 20.40
v 345.20 -249.75 20.40
v 345.20 -251.35 19.60
v 345.80 -250.90 19.60
v 346.80 -251.35 20.40
v 345.20 -251.35 20.40
v 345.80 -250.90 19.60
v 346.40 -250.55 19.60
v 346.80 -249.75 20.40
v 346.80 -251.35 20.40
v 346.40 -250.55 19.60
v 345.20 -249.75 19.60
v 345.20 -249.75 20.40
v 346.80 -249.75 20.40
v 345.20 -249.75 19.60
v 345.20 -251.35 19.60
v 345.20 -251.35 20.40
v 345.20 -249.75 20.40
v 389.20 -260.65 19.60
v 390.40 -261.45 19.60
v 390.80 -262.25 19.60
v 389.20 -262.25 19.60
v 247.22 -178.64 0.00
v 244.78 -178.64 0.00
v 244.78 -178.64 38.00
v 247.22 -178.64 38.00
v 244.78 -178.64 0.00
v 242.57 -179.70 0.00
v 242.57 -179.70 38.00
v 244.78 -178.64 38.00
v 242.57 -179.70 0.00
v 241.04 -181.61 0.00
v 241.04 -181.61 38.00
v 242.57 -179.70 38.00
v 241.04 -181.61 0.00
v 240.50 -184.00 0.00
v 240.50 -184.00 38.00
v 241.04 -181.61 38.00
v 240.50 -184.00 0.00
v 241.04 -186.39 0.00
v 241.04 -186.39 38.00
v 240.50 -184.00 38.00
v 241.04 -186.39 0.00
v 242.57 -188.30 0.00
v 242.57 -188.30 38.00
v 241.04 -186.39 38.00
v 241.04 -181.61 38.00
v 239.60 -184.00 38.00
v 239.60 -184.00 41.00
v 240.23 -181.22 41.00
v 239.60 -184.00 38.00
v 241.04 -186.39 38.00
v 240.23 -186.78 41.00
v 239.60 -184.00 41.00
v 241.04 -186.39 38.00
v 242.57 -188.30 38.00
v 242.01 -189.00 41.00
v 240.23 -186.78 41.00
v 242.57 -188.30 38.00
v 244.78 -189.36 38.00
v 244.58 -190.24 41.00
v 242.01 -189.00 41.00
v 244.78 -189.36 38.00
v 247.22 -189.36 38.00
v 247.42 -190.24 41.00
v 244.58 -190.24 41.00
v 247.22 -189.36 38.00
v 249.43 -188.30 38.00
v 249.99 -189.00 41.00
v 247.42 -190.24 41.00
v 252.31 -187.04 41.00
v 252.40 -184.00 41.00
v 246.00 -184.00 58.00
v 246.50 -184.00 58.00
v 246.00 -184.00 58.00
v 246.25 -183.57 62.00
v 246.50 -184.00 62.00
v 246.00 -184.00 58.00
v 246.50 -184.00 58.00
v 246.50 -184.00 62.00
v 246.25 -183.57 62.00
v 197.03 -263.58 -3.00
v 190.51 -254.47 -3.00
v 198.97 -248.42 -3.00
v 205.49 -257.53 -3.00
v 205.49 -257.53 9.60
v 198.97 -248.42 9.60
v 190.51 -254.47 9.60
v 197.03 -263.58 9.60
v 205.49 -257.53 -3.00
v 198.97 -248.42 -3.00
v 198.97 -248.42 9.60
v 205.49 -257.53 9.60
v 198.97 -248.42 -3.00
v 190.51 -254.47 -3.00
v 190.51 -254.47 9.60
v 198.97 -248.42 9.60
v 190.51 -254.47 -3.00
v 197.03 -263.58 -3.00
v 197.03 -263.58 9.60
v 190.51 -254.47 9.60
v 197.03 -263.58 -3.00
v 205.49 -257.53 -3.00
v 205.49 -257.53 9.60
v 197.03 -263.58 9.60
v 200.54 -262.30 -3.00
v 192.86 -251.56 -3.00
v 195.46 -249.70 -3.00
v 203.14 -260.44 -3.00
v 203.14 -260.44 7.40
v 195.46 -249.70 7.40
v 192.86 -251.56 7.40
v 200.54 -262.30 7.40
v 203.14 -260.44 -3.00
v 195.46 -249.70 -3.00
v 195.46 -249.70 7.40
v 203.14 -260.44 7.40
v 186.10 -230.42 -3.00
v 177.64 -236.47 -3.00
v 177.64 -236.47 9.60
v 186.10 -230.42 9.60
v 177.64 -236.47 -3.00
v 184.15 -245.58 -3.00
v 184.15 -245.58 9.60
v 177.64 -236.47 9.60
v 184.15 -245.58 -3.00
v 192.61 -239.53 -3.00
v 192.61 -239.53 9.60
v 184.15 -245.58 9.60
v 187.66 -244.30 -3.00
v 179.98 -233.56 -3.00
v 182.59 -231.70 -3.00
v 190.27 -242.44 -3.00
v 190.27 -242.44 7.40
v 182.59 -231.70 7.40
v 179.98 -233.56 7.40
v 187.66 -244.30 7.40
v 190.27 -242.44 -3.00
v 182.59 -231.70 -3.00
v 182.59 -231.70 7.40
v 190.27 -242.44 7.40
v 193.65 -259.60 15.00
v 193.84 -259.26 15.00
v 193.84 -259.26 18.00
v 193.65 -259.60 18.00
v 193.84 -259.26 18.00
v 193.25 -258.91 18.00
v 193.25 -259.60 18.00
v 193.65 -259.60 18.00
v 193.25 -258.91 18.00
v 193.84 -259.26 18.00
v 193.65 -259.60 18.00
v 193.25 -259.60 18.00
v 193.25 -259.60 18.00
v 193.65 -259.60 18.00
v 193.84 -259.26 18.00
v 193.25 -258.91 18.00
v 196.54 -244.67 13.40
v 195.37 -243.04 13.40
v 197.00 -241.88 13.40
v 198.16 -243.51 13.40
v 198.16 -243.51 13.40
v 197.00 -241.88 13.40
v 195.37 -243.04 13.40
v 196.54 -244.67 13.40
v 186.12 -252.12 13.40
v 186.59 -249.33 13.40
v 187.75 -250.96 13.40
v 187.75 -250.96 13.40
v 186.59 -249.33 13.40
v 186.12 -252.12 13.40
v 186.59 -249.33 13.40
v 186.12 -252.12 13.40
v 186.16 -251.07 17.60
v 186.76 -250.72 17.60
v 186.12 -252.12 13.40
v 186.59 -249.33 13.40
v 186.76 -250.72 17.60
v 186.16 -251.07 17.60
v 183.66 -226.67 13.40
v 182.50 -225.04 13.40
v 184.12 -223.88 13.40
v 185.29 -225.51 13.40
v 185.29 -225.51 13.40
v 184.12 -223.88 13.40
v 182.50 -225.04 13.40
v 183.66 -226.67 13.40
v -0.00 -8470.59 -18.00
v 529.41 -8470.59 -18.00
v 529.41 -9000.00 -18.00
v -0.00 -9000.00 -18.00
v -0.00 -9000.00 0.00
v 529.41 -9000.00 0.00
v 529.41 -8470.59 0.00
v -0.00 -8470.59 0.00
v -0.00 -7941.18 -18.00
v 529.41 -7941.18 -18.00
v 529.41 -7941.18 0.00
v -0.00 -7941.18 0.00
v 529.41 -7941.18 -18.00
v 529.41 -7411.77 -18.00
v 529.41 -7411.77 0.00
v 529.41 -7941.18 0.00
v 529.41 -7411.77 -18.00
v -0.00 -7411.77 -18.00
v -0.00 -7411.77 0.00
v 529.41 -7411.77 0.00
v -0.00 -6882.35 -18.00
v 529.41 -6882.35 -18.00
v 529.41 -7411.77 -18.00
v -0.00 -7411.77 -18.00
v -0.00 -7411.77 0.00
v 529.41 -7411.77 0.00
v 529.41 -6882.35 0.00
v -0.00 -6882.35 0.00
v -0.00 -7411.77 -18.00
v 529.41 -7411.77 -18.00
v 529.41 -7411.77 0.00
v -0.00 -7411.77 0.00
v 529.41 -7411.77 -18.00
v 529.41 -6882.35 -18.00
v 529.41 -6882.35 0.00
v 529.41 -7411.77 0.00
v 529.41 -6882.35 -18.00
v -0.00 -6882.35 -18.00
v -0.00 -6882.35 0.00
v 529.41 -6882.35 0.00
v -0.00 -6352.94 -18.00
v 529.41 -6352.94 -18.00
v 529.41 -6882.35 -18.00
v -0.00 -6882.35 -18.00
v -0.00 -6882.35 0.00
v 529.41 -6882.35 0.00
v 529.41 -6352.94 0.00
v -0.00 -6352.94 0.00
v -0.00 -6882.35 -18.00
v 529.41 -6882.35 -18.00
v 529.41 -6882.35 0.00
v -0.00 -6882.35 0.00
v 529.41 -6882.35 -18.00
v 529.41 -6352.94 -18.00
v 529.41 -6352.94 0.00
v 529.41 -6882.35 0.00
v -0.00 -5294.12 -18.00
v 529.41 -5294.12 -18.00
v 529.41 -5823.53 -18.00
v -0.00 -5823.53 -18.00
v -0.00 -5823.53 0.00
v 529.41 -5823.53 0.00
v 529.41 -5294.12 0.00
v -0.00 -5294.12 0.00
v -0.00 -5823.53 -18.00
v 529.41 -5823.53 -18.00
v 529.41 -5823.53 0.00
v -0.00 -5823.53 0.00
v 529.41 -5823.53 -18.00
v 529.41 -5294.12 -18.00
v 529.41 -5294.12 0.00
v 529.41 -5823.53 0.00
v 529.41 -5294.12 -18.00
v -0.00 -5294.12 -18.00
v -0.00 -5294.12 0.00
v 529.41 -5294.12 0.00
v -0.00 -4764.71 -18.00
v 529.41 -4764.71 -18.00
v 529.41 -5294.12 -18.00
v -0.00 -5294.12 -18.00
v 529.41 -3176.47 -18.00
v 529.41 -2647.06 -18.00
v 529.41 -2647.06 0.00
v 529.41 -3176.47 0.00
v 529.41 -2647.06 -18.00
v -0.00 -2647.06 -18.00
v -0.00 -2647.06 0.00
v 529.41 -2647.06 0.00
v -0.00 -2117.65 -18.00
v 529.41 -2117.65 -18.00
v 529.41 -2647.06 -18.00
v -0.00 -2647.06 -18.00
v -0.00 -2647.06 0.00
v 529.41 -2647.06 0.00
v 529.41 -2117.65 0.00
v -0.00 -2117.65 0.00
v -0.00 -2647.06 -18.00
v 529.41 -2647.06 -18.00
v 529.41 -2647.06 0.00
v -0.00 -2647.06 0.00
v 529.41 -2647.06 -18.00
v 529.41 -2117.65 -18.00
v 529.41 -2117.65 0.00
v 529.41 -2647.06 0.00
v 529.41 1058.82 -18.00
v 529.41 1588.23 -18.00
v 529.41 1588.23 0.00
v 529.41 1058.82 0.00
v 529.41 1588.23 -18.00
v -0.00 1588.23 -18.00
v -0.00 1588.23 0.00
v 529.41 1588.23 0.00
v -0.00 2117.65 -18.00
v 529.41 2117.65 -18.00
v 529.41 1588.23 -18.00
v -0.00 1588.23 -18.00
v -0.00 1588.23 0.00
v 529.41 1588.23 0.00
v 529.41 2117.65 0.00
v -0.00 2117.65 0.00
v -0.00 1588.23 -18.00
v 529.41 1588.23 -18.00
v 529.41 1588.23 0.00
v -0.00 1588.23 0.00
v 529.41 1588.23 -18.00
v 529.41 2117.65 -18.00
v 529.41 2117.65 0.00
v 529.41 1588.23 0.00
v 529.41 2117.65 -18.00
v -0.00 2117.65 -18.00
v -0.00 2117.65 0.00
v 529.41 2117.65 0.00
v -0.00 2647.06 -18.00
v 529.41 2647.06 -18.00
v 529.41 2117.65 -18.00
v -0.00 2117.65 -18.00
v -0.00 2117.65 0.00
v 529.41 2117.65 0.00
v 529.41 2647.06 0.00
v -0.00 2647.06 0.00
v -0.00 2117.65 -18.00
v 529.41 2117.65 -18.00
v 529.41 2117.65 0.00
v -0.00 2117.65 0.00
v 529.41 2117.65 -18.00
v 529.41 2647.06 -18.00
v 529.41 2647.06 0.00
v 529.41 2117.65 0.00
v 529.41 2647.06 -18.00
v -0.00 2647.06 -18.00
v -0.00 2647.06 0.00
v 529.41 2647.06 0.00
v 529.41 -8470.59 0.00
v 1058.82 -8470.59 0.00
v 1058.82 -7941.18 0.00
v 529.41 -7941.18 0.00
v 529.41 -8470.59 -18.00
v 1058.82 -8470.59 -18.00
v 1058.82 -8470.59 0.00
v 529.41 -8470.59 0.00
v 1058.82 -8470.59 -18.00
v 1058.82 -7941.18 -18.00
v 1058.82 -7941.18 0.00
v 1058.82 -8470.59 0.00
v 1058.82 -7941.18 -18.00
v 529.41 -7941.18 -18.00
v 529.41 -7941.18 0.00
v 1058.82 -7941.18 0.00
v 529.41 -7941.18 -18.00
v 529.41 -8470.59 -18.00
v 529.41 -8470.59 0.00
v 529.41 -7941.18 0.00
v 529.41 -7411.77 -18.00
v 1058.82 -7411.77 -18.00
v 1058.82 -7941.18 -18.00
v 529.41 -7941.18 -18.00
v 529.41 -3705.88 -18.00
v 529.41 -4235.29 -18.00
v 529.41 -4235.29 0.00
v 529.41 -3705.88 0.00
v 529.41 -3176.47 -18.00
v 1058.82 -3176.47 -18.00
v 1058.82 -3705.88 -18.00
v 529.41 -3705.88 -18.00
v 529.41 -3705.88 0.00
v 1058.82 -3705.88 0.00
v 1058.82 -3176.47 0.00
v 529.41 -3176.47 0.00
v 529.41 -3705.88 -18.00
v 1058.82 -3705.88 -18.00
v 1058.82 -3705.88 0.00
v 529.41 -3705.88 0.00
v 1058.82 -3705.88 -18.00
v 1058.82 -3176.47 -18.00
v 1058.82 -3176.47 0.00
v 1058.82 -3705.88 0.00
v 1058.82 -3176.47 -18.00
v 529.41 -3176.47 -18.00
v 529.41 -3176.47 0.00
v 1058.82 -3176.47 0.00
v 529.41 -3176.47 -18.00
v 529.41 -3705.88 -18.00
v 529.41 -3705.88 0.00
v 529.41 -3176.47 0.00
v 529.41 -2647.06 -18.00
v 1058.82 -2647.06 -18.00
v 1058.82 -3176.47 -18.00
v 529.41 -3176.47 -18.00
v 529.41 -3176.47 0.00
v 1058.82 -3176.47 0.00
v 1058.82 -2647.06 0.00
v 529.41 -2647.06 0.00
v 529.41 -3176.47 -18.00
v 1058.82 -3176.47 -18.00
v 1058.82 -3176.47 0.00
v 529.41 -3176.47 0.00
v 1058.82 -3176.47 -18.00
v 1058.82 -2647.06 -18.00
v 1058.82 -2647.06 0.00
v 1058.82 -3176.47 0.00
v 1058.82 -2647.06 -18.00
v 529.41 -2647.06 -18.00
v 529.41 -2647.06 0.00
v 1058.82 -2647.06 0.00
v 1058.82 -1058.82 -18.00
v 1058.82 -529.41 -18.00
v 1058.82 -529.41 0.00
v 1058.82 -1058.82 0.00
v 1058.82 -529.41 -18.00
v 529.41 -529.41 -18.00
v 529.41 -529.41 0.00
v 1058.82 -529.41 0.00
v 529.41 -529.41 -18.00
v 529.41 -1058.82 -18.00
v 529.41 -1058.82 0.00
v 529.41 -529.41 0.00
v 529.41 -0.00 -18.00
v 1058.82 -0.00 -18.00
v 1058.82 -529.41 -18.00
v 529.41 -529.41 -18.00
v 529.41 -529.41 0.00
v 1058.82 -529.41 0.00
v 1058.82 -0.00 0.00
v 529.41 -0.00 0.00
v 529.41 -529.41 -18.00
v 1058.82 -529.41 -18.00
v 1058.82 -529.41 0.00
v 529.41 -529.41 0.00
v 1058.82 -529.41 -18.00
v 1058.82 -0.00 -18.00
v 1058.82 -0.00 0.00
v 1058.82 -529.41 0.00
v 1058.82 -0.00 -18.00
v 529.41 -0.00 -18.00
v 529.41 -0.00 0.00
v 1058.82 -0.00 0.00
v 529.41 -0.00 -18.00
v 529.41 -529.41 -18.00
v 529.41 -529.41 0.00
v 529.41 -0.00 0.00
v 529.41 529.41 -18.00
v 1058.82 529.41 -18.00
v 1058.82 -0.00 -18.00
v 529.41 -0.00 -18.00
v 529.41 -0.00 0.00
v 1058.82 -0.00 0.00
v 1058.82 529.41 0.00
v 529.41 529.41 0.00
v 529.41 -0.00 -18.00
v 1058.82 -0.00 -18.00
v 1058.82 -0.00 0.00
v 529.41 -0.00 0.00
v 1058.82 -0.00 -18.00
v 1058.82 529.41 -18.00
v 1058.82 529.41 0.00
v 1058.82 -0.00 0.00
v 1058.82 529.41 -18.00
v 529.41 529.41 -18.00
v 529.41 529.41 0.00
v 1058.82 529.41 0.00
v 529.41 529.41 -18.00
v 529.41 -0.00 -18.00
v 529.41 -0.00 0.00
v 529.41 529.41 0.00
v 529.41 1058.82 -18.00
v 1058.82 1058.82 -18.00
v 1058.82 529.41 -18.00
v 529.41 529.41 -18.00
v 529.41 529.41 0.00
v 1058.82 529.41 0.00
v 1058.82 1058.82 0.00
v 529.41 1058.82 0.00
v 529.41 529.41 -18.00
v 1058.82 529.41 -18.00
v 1058.82 529.41 0.00
v 529.41 529.41 0.00
v 529.41 2647.06 0.00
v 1058.82 2647.06 0.00
v 1058.82 3176.47 0.00
v 529.41 3176.47 0.00
v 529.41 2647.06 -18.00
v 1058.82 2647.06 -18.00
v 1058.82 2647.06 0.00
v 529.41 2647.06 0.00
v 1058.82 2647.06 -18.00
v 1058.82 3176.47 -18.00
v 1058.82 3176.47 0.00
v 1058.82 2647.06 0.00
v 1058.82 3176.47 -18.00
v 529.41 3176.47 -18.00
v 529.41 3176.47 0.00
v 1058.82 3176.47 0.00
v 529.41 3176.47 -18.00
v 529.41 2647.06 -18.00
v 529.41 2647.06 0.00
v 529.41 3176.47 0.00
v 529.41 3705.88 -18.00
v 1058.82 3705.88 -18.00
v 1058.82 3176.47 -18.00
v 529.41 3176.47 -18.00
v 529.41 3176.47 0.00
v 1058.82 3176.47 0.00
v 1058.82 3705.88 0.00
v 529.41 3705.88 0.00
v 529.41 3176.47 -18.00
v 1058.82 3176.47 -18.00
v 1058.82 3176.47 0.00
v 529.41 3176.47 0.00
v 1058.82 3176.47 -18.00
v 1058.82 3705.88 -18.00
v 1058.82 3705.88 0.00
v 1058.82 3176.47 0.00
v 1058.82 3705.88 -18.00
v 529.41 3705.88 -18.00
v 529.41 3705.88 0.00
v 1058.82 3705.88 0.00
v 529.41 3705.88 -18.00
v 529.41 3176.47 -18.00
v 529.41 3176.47 0.00
v 529.41 3705.88 0.00
v 529.41 4235.29 -18.00
v 1058.82 4235.29 -18.00
v 1058.82 3705.88 -18.00
v 529.41 3705.88 -18.00
v 529.41 3705.88 0.00
v 1058.82 3705.88 0.00
v 1058.82 4235.29 0.00
v 529.41 4235.29 0.00
v 529.41 3705.88 -18.00
v 1058.82 3705.88 -18.00
v 1058.82 3705.88 0.00
v 529.41 3705.88 0.00
v 1058.82 3705.88 -18.00
v 1058.82 4235.29 -18.00
v 1058.82 4235.29 0.00
v 1058.82 3705.88 0.00
v 1058.82 4235.29 -18.00
v 529.41 4235.29 -18.00
v 529.41 4235.29 0.00
v 1058.82 4235.29 0.00
v 529.41 4235.29 -18.00
v 529.41 3705.88 -18.00
v 529.41 3705.88 0.00
v 529.41 4235.29 0.00
v 529.41 4764.71 -18.00
v 1058.82 4764.71 -18.00
v 1058.82 4235.29 -18.00
v 529.41 4235.29 -18.00
v 529.41 4235.29 0.00
v 1058.82 4235.29 0.00
v 1058.82 4764.71 0.00
v 529.41 4764.71 0.00
v 529.41 4235.29 -18.00
v 1058.82 4235.29 -18.00
v 1058.82 4235.29 0.00
v 529.41 4235.29 0.00
v 1058.82 4235.29 -18.00
v 1058.82 4764.71 -18.00
v 1058.82 4764.71 0.00
v 1058.82 4235.29 0.00
v 1058.82 4764.71 -18.00
v 529.41 4764.71 -18.00
v 529.41 4764.71 0.00
v 1058.82 4764.71 0.00
v 529.41 4764.71 -18.00
v 529.41 4235.29 -18.00
v 529.41 4235.29 0.00
v 529.41 4764.71 0.00
v 529.41 4764.71 -18.00
v 1058.82 4764.71 -18.00
v 1058.82 4764.71 0.00
v 529.41 4764.71 0.00
v 1588.23 -7411.77 -18.00
v 1058.82 -7411.77 -18.00
v 1058.82 -7411.77 0.00
v 1588.23 -7411.77 0.00
v 1058.82 -7411.77 -18.00
v 1058.82 -7941.18 -18.00
v 1058.82 -7941.18 0.00
v 1058.82 -7411.77 0.00
v 1058.82 -6882.35 -18.00
v 1588.23 -6882.35 -18.00
v 1588.23 -7411.77 -18.00
v 1058.82 -7411.77 -18.00
v 1058.82 -7411.77 0.00
v 1588.23 -7411.77 0.00
v 1588.23 -6882.35 0.00
v 1058.82 -6882.35 0.00
v 1058.82 -7411.77 -18.00
v 1588.23 -7411.77 -18.00
v 1588.23 -7411.77 0.00
v 1058.82 -7411.77 0.00
v 1588.23 -7411.77 -18.00
v 1588.23 -6882.35 -18.00
v 1588.23 -6882.35 0.00
v 1588.23 -7411.77 0.00
v 1588.23 -6882.35 -18.00
v 1058.82 -6882.35 -18.00
v 1058.82 -6882.35 0.00
v 1588.23 -6882.35 0.00
v 1058.82 -6882.35 -18.00
v 1058.82 -7411.77 -18.00
v 1058.82 -7411.77 0.00
v 1058.82 -6882.35 0.00
v 1058.82 -6352.94 -18.00
v 1588.23 -6352.94 -18.00
v 1588.23 -6882.35 -18.00
v 1058.82 -6882.35 -18.00
v 1058.82 -6882.35 0.00
v 1588.23 -6882.35 0.00
v 1588.23 -6352.94 0.00
v 1058.82 -6352.94 0.00
v 1058.82 -6882.35 -18.00
v 1588.23 -6882.35 -18.00
v 1588.23 -6882.35 0.00
v 1058.82 -6882.35 0.00
v 1588.23 -6882.35 -18.00
v 1588.23 -6352.94 -18.00
v 1588.23 -6352.94 0.00
v 1588.23 -6882.35 0.00
v 1058.82 -4235.29 -18.00
v 1588.23 -4235.29 -18.00
v 1588.23 -4235.29 0.00
v 1058.82 -4235.29 0.00
v 1588.23 -4235.29 -18.00
v 1588.23 -3705.88 -18.00
v 1588.23 -3705.88 0.00
v 1588.23 -4235.29 0.00
v 1588.23 -3705.88 -18.00
v 1058.82 -3705.88 -18.00
v 1058.82 -3705.88 0.00
v 1588.23 -3705.88 0.00
v 1058.82 -3705.88 -18.00
v 1058.82 -4235.29 -18.00
v 1058.82 -4235.29 0.00
v 1058.82 -3705.88 0.00
v 1058.82 -3176.47 -18.00
v 1588.23 -3176.47 -18.00
v 1588.23 -3705.88 -18.00
v 1058.82 -3705.88 -18.00
v 1058.82 -3705.88 0.00
v 1588.23 -3705.88 0.00
v 1588.23 -3176.47 0.00
v 1058.82 -3176.47 0.00
v 1058.82 -3705.88 -18.00
v 1588.23 -3705.88 -18.00
v 1588.23 -3705.88 0.00
v 1058.82 -3705.88 0.00
v 1588.23 -3705.88 -18.00
v 1588.23 -3176.47 -18.00
v 1588.23 -3176.47 0.00
v 1588.23 -3705.88 0.00
v 1588.23 -3176.47 -18.00
v 1058.82 -3176.47 -18.00
v 1058.82 -3176.47 0.00
v 1588.23 -3176.47 0.00
v 1058.82 -3176.47 -18.00
v 1058.82 -3705.88 -18.00
v 1058.82 -3705.88 0.00
v 1058.82 -3176.47 0.00
v 1058.82 -2647.06 -18.00
v 1588.23 -2647.06 -18.00
v 1588.23 -3176.47 -18.00
v 1058.82 -3176.47 -18.00
v 1058.82 -3176.47 0.00
v 1588.23 -3176.47 0.00
v 1588.23 -2647.06 0.00
v 1058.82 -2647.06 0.00
v 1058.82 -3176.47 -18.00
v 1588.23 -3176.47 -18.00
v 1588.23 -3176.47 0.00
v 1058.82 -3176.47 0.00
v 1588.23 -3176.47 -18.00
v 1588.23 -2647.06 -18.00
v 1588.23 -2647.06 0.00
v 1588.23 -3176.47 0.00
v 1588.23 -2647.06 -18.00
v 1058.82 -2647.06 -18.00
v 1058.82 -2647.06 0.00
v 1588.23 -2647.06 0.00
v 1058.82 -2647.06 -18.00
v 1058.82 -3176.47 -18.00
v 1058.82 -3176.47 0.00
v 1058.82 -2647.06 0.00
v 1058.82 -2117.65 -18.00
v 1588.23 -2117.65 -18.00
v 1588.23 -2647.06 -18.00
v 1058.82 -2647.06 -18.00
v 1058.82 -2647.06 0.00
v 1588.23 -2647.06 0.00
v 1588.23 -2117.65 0.00
v 1058.82 -2117.65 0.00
v 1058.82 -2647.06 -18.00
v 1588.23 -2647.06 -18.00
v 1588.23 -2647.06 0.00
v 1058.82 -2647.06 0.00
v 1588.23 -2647.06 -18.00
v 1588.23 -2117.65 -18.00
v 1588.23 -2117.65 0.00
v 1588.23 -2647.06 0.00
v 1588.23 -2117.65 -18.00
v 1058.82 -2117.65 -18.00
v 1058.82 -2117.65 0.00
v 1588.23 -2117.65 0.00
v 1058.82 -2117.65 -18.00
v 1058.82 -2647.06 -18.00
v 1058.82 -2647.06 0.00
v 1058.82 -2117.65 0.00
v 1058.82 -1588.23 -18.00
v 1588.23 -1588.23 -18.00
v 1588.23 -2117.65 -18.00
v 1058.82 -2117.65 -18.00
v 1058.82 -2117.65 0.00
v 1588.23 -2117.65 0.00
v 1588.23 -1588.23 0.00
v 1058.82 -1588.23 0.00
v 1058.82 -0.00 -18.00
v 1588.23 -0.00 -18.00
v 1588.23 -529.41 -18.00
v 1058.82 -529.41 -18.00
v 1058.82 -529.41 0.00
v 1588.23 -529.41 0.00
v 1588.23 -0.00 0.00
v 1058.82 -0.00 0.00
v 1058.82 -529.41 -18.00
v 1588.23 -529.41 -18.00
v 1588.23 -529.41 0.00
v 1058.82 -529.41 0.00
v 1588.23 -529.41 -18.00
v 1588.23 -0.00 -18.00
v 1588.23 -0.00 0.00
v 1588.23 -529.41 0.00
v 1588.23 -0.00 -18.00
v 1058.82 -0.00 -18.00
v 1058.82 -0.00 0.00
v 1588.23 -0.00 0.00
v 1058.82 -0.00 -18.00
v 1058.82 -529.41 -18.00
v 1058.82 -529.41 0.00
v 1058.82 -0.00 0.00
v 1058.82 1058.82 -18.00
v 1588.23 1058.82 -18.00
v 1588.23 529.41 -18.00
v 1058.82 529.41 -18.00
v 1058.82 529.41 0.00
v 1588.23 529.41 0.00
v 1588.23 1058.82 0.00
v 1058.82 1058.82 0.00
v 1058.82 529.41 -18.00
v 1588.23 529.41 -18.00
v 1588.23 529.41 0.00
v 1058.82 529.41 0.00
v 1588.23 529.41 -18.00
v 1588.23 1058.82 -18.00
v 1588.23 1058.82 0.00
v 1588.23 529.41 0.00
v 1588.23 1058.82 -18.00
v 1058.82 1058.82 -18.00
v 1058.82 1058.82 0.00
v 1588.23 1058.82 0.00
v 1058.82 1058.82 -18.00
v 1058.82 529.41 -18.00
v 1058.82 529.41 0.00
v 1058.82 1058.82 0.00
v 1058.82 1588.23 -18.00
v 1588.23 1588.23 -18.00
v 1588.23 1058.82 -18.00
v 1058.82 1058.82 -18.00
v 1058.82 1058.82 0.00
v 1588.23 1058.82 0.00
v 1588.23 1588.23 0.00
v 1058.82 1588.23 0.00
v 1058.82 1058.82 -18.00
v 1588.23 1058.82 -18.00
v 1588.23 1058.82 0.00
v 1058.82 1058.82 0.00
v 1588.23 1058.82 -18.00
v 1588.23 1588.23 -18.00
v 1588.23 1588.23 0.00
v 1588.23 1058.82 0.00
v 1588.23 1588.23 -18.00
v 1058.82 1588.23 -18.00
v 1058.82 1588.23 0.00
v 1588.23 1588.23 0.00
v 1058.82 1588.23 -18.00
v 1058.82 1058.82 -18.00
v 1058.82 1058.82 0.00
v 1058.82 1588.23 0.00
v 1588.23 3176.47 -18.00
v 1058.82 3176.47 -18.00
v 1058.82 3176.47 0.00
v 1588.23 3176.47 0.00
v 1058.82 3176.47 -18.00
v 1058.82 2647.06 -18.00
v 1058.82 2647.06 0.00
v 1058.82 3176.47 0.00
v 1058.82 3705.88 -18.00
v 1588.23 3705.88 -18.00
v 1588.23 3176.47 -18.00
v 1058.82 3176.47 -18.00
v 1058.82 3176.47 0.00
v 1588.23 3176.47 0.00
v 1588.23 3705.88 0.00
v 1058.82 3705.88 0.00
v 1058.82 3176.47 -18.00
v 1588.23 3176.47 -18.00
v 1588.23 3176.47 0.00
v 1058.82 3176.47 0.00
v 1588.23 3176.47 -18.00
v 1588.23 3705.88 -18.00
v 1588.23 3705.88 0.00
v 1588.23 3176.47 0.00
v 1588.23 4235.29 -18.00
v 1058.82 4235.29 -18.00
v 1058.82 4235.29 0.00
v 1588.23 4235.29 0.00
v 1058.82 4235.29 -18.00
v 1058.82 3705.88 -18.00
v 1058.82 3705.88 0.00
v 1058.82 4235.29 0.00
v 1058.82 4764.71 -18.00
v 1588.23 4764.71 -18.00
v 1588.23 4235.29 -18.00
v 1058.82 4235.29 -18.00
v 1058.82 4235.29 0.00
v 1588.23 4235.29 0.00
v 1588.23 4764.71 0.00
v 1058.82 4764.71 0.00
v 1058.82 4235.29 -18.00
v 1588.23 4235.29 -18.00
v 1588.23 4235.29 0.00
v 1058.82 4235.29 0.00
v 1588.23 4235.29 -18.00
v 1588.23 4764.71 -18.00
v 1588.23 4764.71 0.00
v 1588.23 4235.29 0.00
v 1588.23 -6352.94 0.00
v 2117.65 -6352.94 0.00
v 2117.65 -5823.53 0.00
v 1588.23 -5823.53 0.00
v 1588.23 -6352.94 -18.00
v 2117.65 -6352.94 -18.00
v 2117.65 -6352.94 0.00
v 1588.23 -6352.94 0.00
v 2117.65 -6352.94 -18.00
v 2117.65 -5823.53 -18.00
v 2117.65 -5823.53 0.00
v 2117.65 -6352.94 0.00
v 2117.65 -5823.53 -18.00
v 1588.23 -5823.53 -18.00
v 1588.23 -5823.53 0.00
v 2117.65 -5823.53 0.00
v 1588.23 -5823.53 -18.00
v 1588.23 -6352.94 -18.00
v 1588.23 -6352.94 0.00
v 1588.23 -5823.53 0.00
v 1588.23 -5294.12 -18.00
v 2117.65 -5294.12 -18.00
v 2117.65 -5823.53 -18.00
v 1588.23 -5823.53 -18.00
v 1588.23 -4764.71 -18.00
v 1588.23 -5294.12 -18.00
v 1588.23 -5294.12 0.00
v 1588.23 -4764.71 0.00
v 1588.23 -4235.29 -18.00
v 2117.65 -4235.29 -18.00
v 2117.65 -4764.71 -18.00
v 1588.23 -4764.71 -18.00
v 1588.23 -4764.71 0.00
v 2117.65 -4764.71 0.00
v 2117.65 -4235.29 0.00
v 1588.23 -4235.29 0.00
v 1588.23 -4764.71 -18.00
v 2117.65 -4764.71 -18.00
v 2117.65 -4764.71 0.00
v 1588.23 -4764.71 0.00
v 2117.65 -4764.71 -18.00
v 2117.65 -4235.29 -18.00
v 2117.65 -4235.29 0.00
v 2117.65 -4764.71 0.00
v 2117.65 -4235.29 -18.00
v 1588.23 -4235.29 -18.00
v 1588.23 -4235.29 0.00
v 2117.65 -4235.29 0.00
v 1588.23 -4235.29 -18.00
v 1588.23 -4764.71 -18.00
v 1588.23 -4764.71 0.00
v 1588.23 -4235.29 0.00
v 1588.23 -3705.88 -18.00
v 2117.65 -3705.88 -18.00
v 2117.65 -4235.29 -18.00
v 1588.23 -4235.29 -18.00
v 1588.23 -4235.29 0.00
v 2117.65 -4235.29 0.00
v 2117.65 -3705.88 0.00
v 1588.23 -3705.88 0.00
v 1588.23 -4235.29 -18.00
v 2117.65 -4235.29 -18.00
v 2117.65 -4235.29 0.00
v 1588.23 -4235.29 0.00
v 2117.65 -4235.29 -18.00
v 2117.65 -3705.88 -18.00
v 2117.65 -3705.88 0.00
v 2117.65 -4235.29 0.00
v 2117.65 -3705.88 -18.00
v 1588.23 -3705.88 -18.00
v 1588.23 -3705.88 0.00
v 2117.65 -3705.88 0.00
v 1588.23 -3705.88 -18.00
v 1588.23 -4235.29 -18.00
v 1588.23 -4235.29 0.00
v 1588.23 -3705.88 0.00
v 1588.23 -3176.47 -18.00
v 2117.65 -3176.47 -18.00
v 2117.65 -3705.88 -18.00
v 1588.23 -3705.88 -18.00
v 1588.23 -3705.88 0.00
v 2117.65 -3705.88 0.00
v 2117.65 -3176.47 0.00
v 1588.23 -3176.47 0.00
v 1588.23 -3705.88 -18.00
v 2117.65 -3705.88 -18.00
v 2117.65 -3705.88 0.00
v 1588.23 -3705.88 0.00
v 2117.65 -3705.88 -18.00
v 2117.65 -3176.47 -18.00
v 2117.65 -3176.47 0.00
v 2117.65 -3705.88 0.00
v 2117.65 -3176.47 -18.00
v 1588.23 -3176.47 -18.00
v 1588.23 -3176.47 0.00
v 2117.65 -3176.47 0.00
v 1588.23 -3176.47 -18.00
v 1588.23 -3705.88 -18.00
v 1588.23 -3705.88 0.00
v 1588.23 -3176.47 0.00
v 1588.23 -2647.06 -18.00
v 2117.65 -2647.06 -18.00
v 2117.65 -3176.47 -18.00
v 1588.23 -3176.47 -18.00
v 1588.23 -3176.47 0.00
v 2117.65 -3176.47 0.00
v 2117.65 -2647.06 0.00
v 1588.23 -2647.06 0.00
v 1588.23 -3176.47 -18.00
v 2117.65 -3176.47 -18.00
v 2117.65 -3176.47 0.00
v 1588.23 -3176.47 0.00
v 2117.65 -3176.47 -18.00
v 2117.65 -2647.06 -18.00
v 2117.65 -2647.06 0.00
v 2117.65 -3176.47 0.00
v 2117.65 -2647.06 -18.00
v 1588.23 -2647.06 -18.00
v 1588.23 -2647.06 0.00
v 2117.65 -2647.06 0.00
v 2117.65 -1588.23 -18.00
v 2117.65 -1058.82 -18.00
v 2117.65 -1058.82 0.00
v 2117.65 -1588.23 0.00
v 2117.65 -1058.82 -18.00
v 1588.23 -1058.82 -18.00
v 1588.23 -1058.82 0.00
v 2117.65 -1058.82 0.00
v 1588.23 -1058.82 -18.00
v 1588.23 -1588.23 -18.00
v 1588.23 -1588.23 0.00
v 1588.23 -1058.82 0.00
v 1588.23 -529.41 -18.00
v 2117.65 -529.41 -18.00
v 2117.65 -1058.82 -18.00
v 1588.23 -1058.82 -18.00
v 1588.23 -1058.82 0.00
v 2117.65 -1058.82 0.00
v 2117.65 -529.41 0.00
v 1588.23 -529.41 0.00
v 1588.23 -1058.82 -18.00
v 2117.65 -1058.82 -18.00
v 2117.65 -1058.82 0.00
v 1588.23 -1058.82 0.00
v 2117.65 -529.41 -18.00
v 2117.65 -0.00 -18.00
v 2117.65 -0.00 0.00
v 2117.65 -529.41 0.00
v 2117.65 -0.00 -18.00
v 1588.23 -0.00 -18.00
v 1588.23 -0.00 0.00
v 2117.65 -0.00 0.00
v 1588.23 -0.00 -18.00
v 1588.23 -529.41 -18.00
v 1588.23 -529.41 0.00
v 1588.23 -0.00 0.00
v 1588.23 529.41 -18.00
v 2117.65 529.41 -18.00
v 2117.65 -0.00 -18.00
v 1588.23 -0.00 -18.00
v 1588.23 -0.00 0.00
v 2117.65 -0.00 0.00
v 2117.65 529.41 0.00
v 1588.23 529.41 0.00
v 1588.23 -0.00 -18.00
v 2117.65 -0.00 -18.00
v 2117.65 -0.00 0.00
v 1588.23 -0.00 0.00
v 2117.65 -0.00 -18.00
v 2117.65 529.41 -18.00
v 2117.65 529.41 0.00
v 2117.65 -0.00 0.00
v 2117.65 529.41 -18.00
v 1588.23 529.41 -18.00
v 1588.23 529.41 0.00
v 2117.65 529.41 0.00
v 1588.23 529.41 -18.00
v 1588.23 -0.00 -18.00
v 1588.23 -0.00 0.00
v 1588.23 529.41 0.00
v 1588.23 1058.82 -18.00
v 2117.65 1058.82 -18.00
v 2117.65 529.41 -18.00
v 1588.23 529.41 -18.00
v 1588.23 529.41 0.00
v 2117.65 529.41 0.00
v 2117.65 1058.82 0.00
v 1588.23 1058.82 0.00
v 1588.23 529.41 -18.00
v 2117.65 529.41 -18.00
v 2117.65 529.41 0.00
v 1588.23 529.41 0.00
v 1588.23 2117.65 0.00
v 2117.65 2117.65 0.00
v 2117.65 2647.06 0.00
v 1588.23 2647.06 0.00
v 1588.23 2117.65 -18.00
v 2117.65 2117.65 -18.00
v 2117.65 2117.65 0.00
v 1588.23 2117.65 0.00
v 2117.65 2117.65 -18.00
v 2117.65 2647.06 -18.00
v 2117.65 2647.06 0.00
v 2117.65 2117.65 0.00
v 2117.65 2647.06 -18.00
v 1588.23 2647.06 -18.00
v 1588.23 2647.06 0.00
v 2117.65 2647.06 0.00
v 1588.23 2647.06 -18.00
v 1588.23 2117.65 -18.00
v 1588.23 2117.65 0.00
v 1588.23 2647.06 0.00
v 1588.23 3176.47 -18.00
v 2117.65 3176.47 -18.00
v 2117.65 2647.06 -18.00
v 1588.23 2647.06 -18.00
v 1588.23 3705.88 0.00
v 2117.65 3705.88 0.00
v 2117.65 4235.29 0.00
v 1588.23 4235.29 0.00
v 1588.23 3705.88 -18.00
v 2117.65 3705.88 -18.00
v 2117.65 3705.88 0.00
v 1588.23 3705.88 0.00
v 2117.65 3705.88 -18.00
v 2117.65 4235.29 -18.00
v 2117.65 4235.29 0.00
v 2117.65 3705.88 0.00
v 2117.65 4235.29 -18.00
v 1588.23 4235.29 -18.00
v 1588.23 4235.29 0.00
v 2117.65 4235.29 0.00
v 1588.23 4235.29 -18.00
v 1588.23 3705.88 -18.00
v 1588.23 3705.88 0.00
v 1588.23 4235.29 0.00
v 1588.23 4764.71 -18.00
v 2117.65 4764.71 -18.00
v 2117.65 4235.29 -18.00
v 1588.23 4235.29 -18.00
v 2117.65 -2647.06 0.00
v 2647.06 -2647.06 0.00
v 2647.06 -2117.65 0.00
v 2117.65 -2117.65 0.00
v 2117.65 -2647.06 -18.00
v 2647.06 -2647.06 -18.00
v 2647.06 -2647.06 0.00
v 2117.65 -2647.06 0.00
v 2647.06 -2647.06 -18.00
v 2647.06 -2117.65 -18.00
v 2647.06 -2117.65 0.00
v 2647.06 -2647.06 0.00
v 2647.06 -2117.65 -18.00
v 2117.65 -2117.65 -18.00
v 2117.65 -2117.65 0.00
v 2647.06 -2117.65 0.00
v 2117.65 -2117.65 -18.00
v 2117.65 -2647.06 -18.00
v 2117.65 -2647.06 0.00
v 2117.65 -2117.65 0.00
v 2117.65 -1588.23 -18.00
v 2647.06 -1588.23 -18.00
v 2647.06 -2117.65 -18.00
v 2117.65 -2117.65 -18.00
v 2117.65 -0.00 -18.00
v 2117.65 -529.41 -18.00
v 2117.65 -529.41 0.00
v 2117.65 -0.00 0.00
v 2117.65 529.41 -18.00
v 2647.06 529.41 -18.00
v 2647.06 -0.00 -18.00
v 2117.65 -0.00 -18.00
v 2117.65 -0.00 0.00
v 2647.06 -0.00 0.00
v 2647.06 529.41 0.00
v 2117.65 529.41 0.00
v 2117.65 -0.00 -18.00
v 2647.06 -0.00 -18.00
v 2647.06 -0.00 0.00
v 2117.65 -0.00 0.00
v 2647.06 -0.00 -18.00
v 2647.06 529.41 -18.00
v 2647.06 529.41 0.00
v 2647.06 -0.00 0.00
v 2647.06 529.41 -18.00
v 2117.65 529.41 -18.00
v 2117.65 529.41 0.00
v 2647.06 529.41 0.00
v 2117.65 1058.82 -18.00
v 2117.65 529.41 -18.00
v 2117.65 529.41 0.00
v 2117.65 1058.82 0.00
v 2117.65 1588.23 -18.00
v 2647.06 1588.23 -18.00
v 2647.06 1058.82 -18.00
v 2117.65 1058.82 -18.00
v 2117.65 1058.82 0.00
v 2647.06 1058.82 0.00
v 2647.06 1588.23 0.00
v 2117.65 1588.23 0.00
v 2117.65 1058.82 -18.00
v 2647.06 1058.82 -18.00
v 2647.06 1058.82 0.00
v 2117.65 1058.82 0.00
v 2647.06 1058.82 -18.00
v 2647.06 1588.23 -18.00
v 2647.06 1588.23 0.00
v 2647.06 1058.82 0.00
v 2647.06 1588.23 -18.00
v 2117.65 1588.23 -18.00
v 2117.65 1588.23 0.00
v 2647.06 1588.23 0.00
v 2647.06 3176.47 -18.00
v 2647.06 3705.88 -18.00
v 2647.06 3705.88 0.00
v 2647.06 3176.47 0.00
v 2647.06 3705.88 -18.00
v 2117.65 3705.88 -18.00
v 2117.65 3705.88 0.00
v 2647.06 3705.88 0.00
v 2117.65 3705.88 -18.00
v 2117.65 3176.47 -18.00
v 2117.65 3176.47 0.00
v 2117.65 3705.88 0.00
v 2117.65 4235.29 -18.00
v 2647.06 4235.29 -18.00
v 2647.06 3705.88 -18.00
v 2117.65 3705.88 -18.00
v 2117.65 3705.88 0.00
v 2647.06 3705.88 0.00
v 2647.06 4235.29 0.00
v 2117.65 4235.29 0.00
v 2117.65 3705.88 -18.00
v 2647.06 3705.88 -18.00
v 2647.06 3705.88 0.00
v 2117.65 3705.88 0.00
v 2647.06 3705.88 -18.00
v 2647.06 4235.29 -18.00
v 2647.06 4235.29 0.00
v 2647.06 3705.88 0.00
v 2647.06 4235.29 -18.00
v 2117.65 4235.29 -18.00
v 2117.65 4235.29 0.00
v 2647.06 4235.29 0.00
v 2117.65 4235.29 -18.00
v 2117.65 3705.88 -18.00
v 2117.65 3705.88 0.00
v 2117.65 4235.29 0.00
v 2117.65 4764.71 -18.00
v 2647.06 4764.71 -18.00
v 2647.06 4235.29 -18.00
v 2117.65 4235.29 -18.00
v 2117.65 4235.29 0.00
v 2647.06 4235.29 0.00
v 2647.06 4764.71 0.00
v 2117.65 4764.71 0.00
v 2117.65 4235.29 -18.00
v 2647.06 4235.29 -18.00
v 2647.06 4235.29 0.00
v 2117.65 4235.29 0.00
v 2647.06 -9000.00 -18.00
v 3176.47 -9000.00 -18.00
v 3176.47 -9000.00 0.00
v 2647.06 -9000.00 0.00
v 3176.47 -9000.00 -18.00
v 3176.47 -8470.59 -18.00
v 3176.47 -8470.59 0.00
v 3176.47 -9000.00 0.00
v 3176.47 -8470.59 -18.00
v 2647.06 -8470.59 -18.00
v 2647.06 -8470.59 0.00
v 3176.47 -8470.59 0.00
v 2647.06 -8470.59 -18.00
v 2647.06 -9000.00 -18.00
v 2647.06 -9000.00 0.00
v 2647.06 -8470.59 0.00
v 2647.06 -7941.18 -18.00
v 3176.47 -7941.18 -18.00
v 3176.47 -8470.59 -18.00
v 2647.06 -8470.59 -18.00
v 2647.06 -8470.59 0.00
v 3176.47 -8470.59 0.00
v 3176.47 -7941.18 0.00
v 2647.06 -7941.18 0.00
v 2647.06 -6352.94 -18.00
v 3176.47 -6352.94 -18.00
v 3176.47 -6882.35 -18.00
v 2647.06 -6882.35 -18.00
v 2647.06 -6882.35 0.00
v 3176.47 -6882.35 0.00
v 3176.47 -6352.94 0.00
v 2647.06 -6352.94 0.00
v 2647.06 -6882.35 -18.00
v 3176.47 -6882.35 -18.00
v 3176.47 -6882.35 0.00
v 2647.06 -6882.35 0.00
v 3176.47 -6882.35 -18.00
v 3176.47 -6352.94 -18.00
v 3176.47 -6352.94 0.00
v 3176.47 -6882.35 0.00
v 3176.47 -6352.94 -18.00
v 2647.06 -6352.94 -18.00
v 2647.06 -6352.94 0.00
v 3176.47 -6352.94 0.00
v 2647.06 -6352.94 -18.00
v 2647.06 -6882.35 -18.00
v 2647.06 -6882.35 0.00
v 2647.06 -6352.94 0.00
v 2647.06 -5823.53 -18.00
v 3176.47 -5823.53 -18.00
v 3176.47 -6352.94 -18.00
v 2647.06 -6352.94 -18.00
v 2647.06 -6352.94 0.00
v 3176.47 -6352.94 0.00
v 3176.47 -5823.53 0.00
v 2647.06 -5823.53 0.00
v 2647.06 -6352.94 -18.00
v 3176.47 -6352.94 -18.00
v 3176.47 -6352.94 0.00
v 2647.06 -6352.94 0.00
v 3176.47 -6352.94 -18.00
v 3176.47 -5823.53 -18.00
v 3176.47 -5823.53 0.00
v 3176.47 -6352.94 0.00
v 3176.47 -5823.53 -18.00
v 2647.06 -5823.53 -18.00
v 2647.06 -5823.53 0.00
v 3176.47 -5823.53 0.00
v 2647.06 -5823.53 -18.00
v 2647.06 -6352.94 -18.00
v 2647.06 -6352.94 0.00
v 2647.06 -5823.53 0.00
v 2647.06 -5294.12 -18.00
v 3176.47 -5294.12 -18.00
v 3176.47 -5823.53 -18.00
v 2647.06 -5823.53 -18.00
v 2647.06 -5823.53 0.00
v 3176.47 -5823.53 0.00
v 3176.47 -5294.12 0.00
v 2647.06 -5294.12 0.00
v 2647.06 -5823.53 -18.00
v 3176.47 -5823.53 -18.00
v 3176.47 -5823.53 0.00
v 2647.06 -5823.53 0.00
v 3176.47 -5823.53 -18.00
v 3176.47 -5294.12 -18.00
v 3176.47 -5294.12 0.00
v 3176.47 -5823.53 0.00
v 3176.47 -5294.12 -18.00
v 2647.06 -5294.12 -18.00
v 2647.06 -5294.12 0.00
v 3176.47 -5294.12 0.00
v 2647.06 -5294.12 -18.00
v 2647.06 -5823.53 -18.00
v 2647.06 -5823.53 0.00
v 2647.06 -5294.12 0.00
v 2647.06 -4764.71 -18.00
v 3176.47 -4764.71 -18.00
v 3176.47 -5294.12 -18.00
v 2647.06 -5294.12 -18.00
v 2647.06 -5294.12 0.00
v 3176.47 -5294.12 0.00
v 3176.47 -4764.71 0.00
v 2647.06 -4764.71 0.00
v 2647.06 -5294.12 -18.00
v 3176.47 -5294.12 -18.00
v 3176.47 -5294.12 0.00
v 2647.06 -5294.12 0.00
v 3176.47 -5294.12 -18.00
v 3176.47 -4764.71 -18.00
v 3176.47 -4764.71 0.00
v 3176.47 -5294.12 0.00
v 3176.47 -4764.71 -18.00
v 2647.06 -4764.71 -18.00
v 2647.06 -4764.71 0.00
v 3176.47 -4764.71 0.00
v 2647.06 -4764.71 -18.00
v 2647.06 -5294.12 -18.00
v 2647.06 -5294.12 0.00
v 2647.06 -4764.71 0.00
v 3176.47 -3176.47 -18.00
v 2647.06 -3176.47 -18.00
v 2647.06 -3176.47 0.00
v 3176.47 -3176.47 0.00
v 2647.06 -3176.47 -18.00
v 2647.06 -3705.88 -18.00
v 2647.06 -3705.88 0.00
v 2647.06 -3176.47 0.00
v 2647.06 -2647.06 -18.00
v 3176.47 -2647.06 -18.00
v 3176.47 -3176.47 -18.00
v 2647.06 -3176.47 -18.00
v 2647.06 -3176.47 0.00
v 3176.47 -3176.47 0.00
v 3176.47 -2647.06 0.00
v 2647.06 -2647.06 0.00
v 2647.06 -3176.47 -18.00
v 3176.47 -3176.47 -18.00
v 3176.47 -3176.47 0.00
v 2647.06 -3176.47 0.00
v 3176.47 -3176.47 -18.00
v 3176.47 -2647.06 -18.00
v 3176.47 -2647.06 0.00
v 3176.47 -3176.47 0.00
v 3176.47 -2647.06 -18.00
v 2647.06 -2647.06 -18.00
v 2647.06 -2647.06 0.00
v 3176.47 -2647.06 0.00
v 2647.06 -2647.06 -18.00
v 2647.06 -3176.47 -18.00
v 2647.06 -3176.47 0.00
v 2647.06 -2647.06 0.00
v 2647.06 -2117.65 -18.00
v 3176.47 -2117.65 -18.00
v 3176.47 -2647.06 -18.00
v 2647.06 -2647.06 -18.00
v 2647.06 -2647.06 0.00
v 3176.47 -2647.06 0.00
v 3176.47 -2117.65 0.00
v 2647.06 -2117.65 0.00
v 2647.06 -2647.06 -18.00
v 3176.47 -2647.06 -18.00
v 3176.47 -2647.06 0.00
v 2647.06 -2647.06 0.00
v 3176.47 -2647.06 -18.00
v 3176.47 -2117.65 -18.00
v 3176.47 -2117.65 0.00
v 3176.47 -2647.06 0.00
v 3176.47 -1588.23 -18.00
v 2647.06 -1588.23 -18.00
v 2647.06 -1588.23 0.00
v 3176.47 -1588.23 0.00
v 2647.06 -1588.23 -18.00
v 2647.06 -2117.65 -18.00
v 2647.06 -2117.65 0.00
v 2647.06 -1588.23 0.00
v 2647.06 -1058.82 -18.00
v 3176.47 -1058.82 -18.00
v 3176.47 -1588.23 -18.00
v 2647.06 -1588.23 -18.00
v 2647.06 -1588.23 0.00
v 3176.47 -1588.23 0.00
v 3176.47 -1058.82 0.00
v 2647.06 -1058.82 0.00
v 2647.06 -1588.23 -18.00
v 3176.47 -1588.23 -18.00
v 3176.47 -1588.23 0.00
v 2647.06 -1588.23 0.00
v 3176.47 -1588.23 -18.00
v 3176.47 -1058.82 -18.00
v 3176.47 -1058.82 0.00
v 3176.47 -1588.23 0.00
v 2647.06 -0.00 -18.00
v 3176.47 -0.00 -18.00
v 3176.47 -0.00 0.00
v 2647.06 -0.00 0.00
v 3176.47 -0.00 -18.00
v 3176.47 529.41 -18.00
v 3176.47 529.41 0.00
v 3176.47 -0.00 0.00
v 3176.47 529.41 -18.00
v 2647.06 529.41 -18.00
v 2647.06 529.41 0.00
v 3176.47 529.41 0.00
v 2647.06 529.41 -18.00
v 2647.06 -0.00 -18.00
v 2647.06 -0.00 0.00
v 2647.06 529.41 0.00
v 2647.06 1058.82 -18.00
v 3176.47 1058.82 -18.00
v 3176.47 529.41 -18.00
v 2647.06 529.41 -18.00
v 2647.06 529.41 0.00
v 3176.47 529.41 0.00
v 3176.47 1058.82 0.00
v 2647.06 1058.82 0.00
v 2647.06 529.41 -18.00
v 3176.47 529.41 -18.00
v 3176.47 529.41 0.00
v 2647.06 529.41 0.00
v 3176.47 529.41 -18.00
v 3176.47 1058.82 -18.00
v 3176.47 1058.82 0.00
v 3176.47 529.41 0.00
v 3176.47 1058.82 -18.00
v 2647.06 1058.82 -18.00
v 2647.06 1058.82 0.00
v 3176.47 1058.82 0.00
v 2647.06 1058.82 -18.00
v 2647.06 529.41 -18.00
v 2647.06 529.41 0.00
v 2647.06 1058.82 0.00
v 2647.06 1588.23 -18.00
v 3176.47 1588.23 -18.00
v 3176.47 1058.82 -18.00
v 2647.06 1058.82 -18.00
v 2647.06 1058.82 0.00
v 3176.47 1058.82 0.00
v 3176.47 1588.23 0.00
v 2647.06 1588.23 0.00
v 2647.06 1058.82 -18.00
v 3176.47 1058.82 -18.00
v 3176.47 1058.82 0.00
v 2647.06 1058.82 0.00
v 3176.47 1058.82 -18.00
v 3176.47 1588.23 -18.00
v 3176.47 1588.23 0.00
v 3176.47 1058.82 0.00
v 3176.47 1588.23 -18.00
v 2647.06 1588.23 -18.00
v 2647.06 1588.23 0.00
v 3176.47 1588.23 0.00
v 2647.06 1588.23 -18.00
v 2647.06 1058.82 -18.00
v 2647.06 1058.82 0.00
v 2647.06 1588.23 0.00
v 2647.06 2117.65 -18.00
v 3176.47 2117.65 -18.00
v 3176.47 1588.23 -18.00
v 2647.06 1588.23 -18.00
v 2647.06 1588.23 0.00
v 3176.47 1588.23 0.00
v 3176.47 2117.65 0.00
v 2647.06 2117.65 0.00
v 2647.06 4235.29 -18.00
v 3176.47 4235.29 -18.00
v 3176.47 3705.88 -18.00
v 2647.06 3705.88 -18.00
v 2647.06 3705.88 0.00
v 3176.47 3705.88 0.00
v 3176.47 4235.29 0.00
v 2647.06 4235.29 0.00
v 2647.06 3705.88 -18.00
v 3176.47 3705.88 -18.00
v 3176.47 3705.88 0.00
v 2647.06 3705.88 0.00
v 3176.47 3705.88 -18.00
v 3176.47 4235.29 -18.00
v 3176.47 4235.29 0.00
v 3176.47 3705.88 0.00
v 3176.47 4235.29 -18.00
v 2647.06 4235.29 -18.00
v 2647.06 4235.29 0.00
v 3176.47 4235.29 0.00
v 2647.06 4235.29 -18.00
v 2647.06 3705.88 -18.00
v 2647.06 3705.88 0.00
v 2647.06 4235.29 0.00
v 2647.06 4764.71 -18.00
v 3176.47 4764.71 -18.00
v 3176.47 4764.71 0.00
v 2647.06 4764.71 0.00
v 3176.47 -8470.59 -18.00
v 3705.88 -8470.59 -18.00
v 3705.88 -9000.00 -18.00
v 3176.47 -9000.00 -18.00
v 3176.47 -9000.00 0.00
v 3705.88 -9000.00 0.00
v 3705.88 -8470.59 0.00
v 3176.47 -8470.59 0.00
v 3176.47 -9000.00 -18.00
v 3705.88 -9000.00 -18.00
v 3705.88 -9000.00 0.00
v 3176.47 -9000.00 0.00
v 3705.88 -9000.00 -18.00
v 3705.88 -8470.59 -18.00
v 3705.88 -8470.59 0.00
v 3705.88 -9000.00 0.00
v 3705.88 -8470.59 -18.00
v 3176.47 -8470.59 -18.00
v 3176.47 -8470.59 0.00
v 3705.88 -8470.59 0.00
v 3176.47 -8470.59 -18.00
v 3176.47 -9000.00 -18.00
v 3176.47 -9000.00 0.00
v 3176.47 -8470.59 0.00
v 3176.47 -7941.18 -18.00
v 3705.88 -7941.18 -18.00
v 3705.88 -8470.59 -18.00
v 3176.47 -8470.59 -18.00
v 3176.47 -8470.59 0.00
v 3705.88 -8470.59 0.00
v 3705.88 -7941.18 0.00
v 3176.47 -7941.18 0.00
v 3176.47 -8470.59 -18.00
v 3705.88 -8470.59 -18.00
v 3705.88 -8470.59 0.00
v 3176.47 -8470.59 0.00
v 3705.88 -8470.59 -18.00
v 3705.88 -7941.18 -18.00
v 3705.88 -7941.18 0.00
v 3705.88 -8470.59 0.00
v 3705.88 -7941.18 -18.00
v 3176.47 -7941.18 -18.00
v 3176.47 -7941.18 0.00
v 3705.88 -7941.18 0.00
v 3705.88 -7411.77 -18.00
v 3705.88 -6882.35 -18.00
v 3705.88 -6882.35 0.00
v 3705.88 -7411.77 0.00
v 3705.88 -6882.35 -18.00
v 3176.47 -6882.35 -18.00
v 3176.47 -6882.35 0.00
v 3705.88 -6882.35 0.00
v 3176.47 -6882.35 -18.00
v 3176.47 -7411.77 -18.00
v 3176.47 -7411.77 0.00
v 3176.47 -6882.35 0.00
v 3176.47 -6352.94 -18.00
v 3705.88 -6352.94 -18.00
v 3705.88 -6882.35 -18.00
v 3176.47 -6882.35 -18.00
v 3176.47 -6882.35 0.00
v 3705.88 -6882.35 0.00
v 3705.88 -6352.94 0.00
v 3176.47 -6352.94 0.00
v 3176.47 -6882.35 -18.00
v 3705.88 -6882.35 -18.00
v 3705.88 -6882.35 0.00
v 3176.47 -6882.35 0.00
v 3705.88 -5823.53 -18.00
v 3705.88 -5294.12 -18.00
v 3705.88 -5294.12 0.00
v 3705.88 -5823.53 0.00
v 3705.88 -5294.12 -18.00
v 3176.47 -5294.12 -18.00
v 3176.47 -5294.12 0.00
v 3705.88 -5294.12 0.00
v 3176.47 -5294.12 -18.00
v 3176.47 -5823.53 -18.00
v 3176.47 -5823.53 0.00
v 3176.47 -5294.12 0.00
v 3176.47 -4764.71 -18.00
v 3705.88 -4764.71 -18.00
v 3705.88 -5294.12 -18.00
v 3176.47 -5294.12 -18.00
v 3176.47 -5294.12 0.00
v 3705.88 -5294.12 0.00
v 3705.88 -4764.71 0.00
v 3176.47 -4764.71 0.00
v 3176.47 -5294.12 -18.00
v 3705.88 -5294.12 -18.00
v 3705.88 -5294.12 0.00
v 3176.47 -5294.12 0.00
v 3176.47 -2117.65 0.00
v 3705.88 -2117.65 0.00
v 3705.88 -1588.23 0.00
v 3176.47 -1588.23 0.00
v 3176.47 -2117.65 -18.00
v 3705.88 -2117.65 -18.00
v 3705.88 -2117.65 0.00
v 3176.47 -2117.65 0.00
v 3705.88 -2117.65 -18.00
v 3705.88 -1588.23 -18.00
v 3705.88 -1588.23 0.00
v 3705.88 -2117.65 0.00
v 3705.88 -1588.23 -18.00
v 3176.47 -1588.23 -18.00
v 3176.47 -1588.23 0.00
v 3705.88 -1588.23 0.00
v 3176.47 -1588.23 -18.00
v 3176.47 -2117.65 -18.00
v 3176.47 -2117.65 0.00
v 3176.47 -1588.23 0.00
v 3176.47 -1058.82 -18.00
v 3705.88 -1058.82 -18.00
v 3705.88 -1588.23 -18.00
v 3176.47 -1588.23 -18.00
v 3176.47 529.41 -18.00
v 3176.47 -0.00 -18.00
v 3176.47 -0.00 0.00
v 3176.47 529.41 0.00
v 3176.47 1058.82 -18.00
v 3705.88 1058.82 -18.00
v 3705.88 529.41 -18.00
v 3176.47 529.41 -18.00
v 3176.47 529.41 0.00
v 3705.88 529.41 0.00
v 3705.88 1058.82 0.00
v 3176.47 1058.82 0.00
v 3176.47 529.41 -18.00
v 3705.88 529.41 -18.00
v 3705.88 529.41 0.00
v 3176.47 529.41 0.00
v 3705.88 529.41 -18.00
v 3705.88 1058.82 -18.00
v 3705.88 1058.82 0.00
v 3705.88 529.41 0.00
v 3705.88 1058.82 -18.00
v 3176.47 1058.82 -18.00
v 3176.47 1058.82 0.00
v 3705.88 1058.82 0.00
v 3176.47 1058.82 -18.00
v 3176.47 529.41 -18.00
v 3176.47 529.41 0.00
v 3176.47 1058.82 0.00
v 3176.47 1588.23 -18.00
v 3705.88 1588.23 -18.00
v 3705.88 1058.82 -18.00
v 3176.47 1058.82 -18.00
v 3176.47 1058.82 0.00
v 3705.88 1058.82 0.00
v 3705.88 1588.23 0.00
v 3176.47 1588.23 0.00
v 3176.47 1058.82 -18.00
v 3705.88 1058.82 -18.00
v 3705.88 1058.82 0.00
v 3176.47 1058.82 0.00
v 3705.88 1058.82 -18.00
v 3705.88 1588.23 -18.00
v 3705.88 1588.23 0.00
v 3705.88 1058.82 0.00
v 3705.88 1588.23 -18.00
v 3176.47 1588.23 -18.00
v 3176.47 1588.23 0.00
v 3705.88 1588.23 0.00
v 3705.88 3705.88 -18.00
v 3705.88 4235.29 -18.00
v 3705.88 4235.29 0.00
v 3705.88 3705.88 0.00
v 3705.88 4235.29 -18.00
v 3176.47 4235.29 -18.00
v 3176.47 4235.29 0.00
v 3705.88 4235.29 0.00
v 3176.47 4235.29 -18.00
v 3176.47 3705.88 -18.00
v 3176.47 3705.88 0.00
v 3176.47 4235.29 0.00
v 3176.47 4764.71 -18.00
v 3705.88 4764.71 -18.00
v 3705.88 4235.29 -18.00
v 3176.47 4235.29 -18.00
v 3176.47 4235.29 0.00
v 3705.88 4235.29 0.00
v 3705.88 4764.71 0.00
v 3176.47 4764.71 0.00
v 3176.47 4235.29 -18.00
v 3705.88 4235.29 -18.00
v 3705.88 4235.29 0.00
v 3176.47 4235.29 0.00
v 3705.88 4235.29 -18.00
v 3705.88 4764.71 -18.00
v 3705.88 4764.71 0.00
v 3705.88 4235.29 0.00
v 3705.88 4764.71 -18.00
v 3176.47 4764.71 -18.00
v 3176.47 4764.71 0.00
v 3705.88 4764.71 0.00
v 3176.47 4764.71 -18.00
v 3176.47 4235.29 -18.00
v 3176.47 4235.29 0.00
v 3176.47 4764.71 0.00
v 3176.47 4764.71 -18.00
v 3705.88 4764.71 -18.00
v 3705.88 4764.71 0.00
v 3176.47 4764.71 0.00
v 3705.88 -8470.59 -18.00
v 4235.29 -8470.59 -18.00
v 4235.29 -9000.00 -18.00
v 3705.88 -9000.00 -18.00
v 3705.88 -9000.00 0.00
v 4235.29 -9000.00 0.00
v 4235.29 -8470.59 0.00
v 3705.88 -8470.59 0.00
v 3705.88 -9000.00 -18.00
v 4235.29 -9000.00 -18.00
v 4235.29 -9000.00 0.00
v 3705.88 -9000.00 0.00
v 4235.29 -9000.00 -18.00
v 4235.29 -8470.59 -18.00
v 4235.29 -8470.59 0.00
v 4235.29 -9000.00 0.00
v 4235.29 -8470.59 -18.00
v 3705.88 -8470.59 -18.00
v 3705.88 -8470.59 0.00
v 4235.29 -8470.59 0.00
v 3705.88 -8470.59 -18.00
v 3705.88 -9000.00 -18.00
v 3705.88 -9000.00 0.00
v 3705.88 -8470.59 0.00
v 3705.88 -7941.18 -18.00
v 4235.29 -7941.18 -18.00
v 4235.29 -8470.59 -18.00
v 3705.88 -8470.59 -18.00
v 3705.88 -8470.59 0.00
v 4235.29 -8470.59 0.00
v 4235.29 -7941.18 0.00
v 3705.88 -7941.18 0.00
v 3705.88 -6352.94 -18.00
v 4235.29 -6352.94 -18.00
v 4235.29 -6882.35 -18.00
v 3705.88 -6882.35 -18.00
v 3705.88 -6882.35 0.00
v 4235.29 -6882.35 0.00
v 4235.29 -6352.94 0.00
v 3705.88 -6352.94 0.00
v 3705.88 -6882.35 -18.00
v 4235.29 -6882.35 -18.00
v 4235.29 -6882.35 0.00
v 3705.88 -6882.35 0.00
v 4235.29 -6882.35 -18.00
v 4235.29 -6352.94 -18.00
v 4235.29 -6352.94 0.00
v 4235.29 -6882.35 0.00
v 4235.29 -6352.94 -18.00
v 3705.88 -6352.94 -18.00
v 3705.88 -6352.94 0.00
v 4235.29 -6352.94 0.00
v 3705.88 -6352.94 -18.00
v 3705.88 -6882.35 -18.00
v 3705.88 -6882.35 0.00
v 3705.88 -6352.94 0.00
v 3705.88 -4764.71 -18.00
v 4235.29 -4764.71 -18.00
v 4235.29 -5294.12 -18.00
v 3705.88 -5294.12 -18.00
v 3705.88 -5294.12 0.00
v 4235.29 -5294.12 0.00
v 4235.29 -4764.71 0.00
v 3705.88 -4764.71 0.00
v 3705.88 -5294.12 -18.00
v 4235.29 -5294.12 -18.00
v 4235.29 -5294.12 0.00
v 3705.88 -5294.12 0.00
v 4235.29 -5294.12 -18.00
v 4235.29 -4764.71 -18.00
v 4235.29 -4764.71 0.00
v 4235.29 -5294.12 0.00
v 4235.29 -4764.71 -18.00
v 3705.88 -4764.71 -18.00
v 3705.88 -4764.71 0.00
v 4235.29 -4764.71 0.00
v 3705.88 -4764.71 -18.00
v 3705.88 -5294.12 -18.00
v 3705.88 -5294.12 0.00
v 3705.88 -4764.71 0.00
v 4235.29 -2117.65 -18.00
v 3705.88 -2117.65 -18.00
v 3705.88 -2117.65 0.00
v 4235.29 -2117.65 0.00
v 3705.88 -2117.65 -18.00
v 3705.88 -2647.06 -18.00
v 3705.88 -2647.06 0.00
v 3705.88 -2117.65 0.00
v 3705.88 -1588.23 -18.00
v 4235.29 -1588.23 -18.00
v 4235.29 -2117.65 -18.00
v 3705.88 -2117.65 -18.00
v 3705.88 -2117.65 0.00
v 4235.29 -2117.65 0.00
v 4235.29 -1588.23 0.00
v 3705.88 -1588.23 0.00
v 3705.88 -2117.65 -18.00
v 4235.29 -2117.65 -18.00
v 4235.29 -2117.65 0.00
v 3705.88 -2117.65 0.00
v 4235.29 -2117.65 -18.00
v 4235.29 -1588.23 -18.00
v 4235.29 -1588.23 0.00
v 4235.29 -2117.65 0.00
v 4235.29 -1588.23 -18.00
v 3705.88 -1588.23 -18.00
v 3705.88 -1588.23 0.00
v 4235.29 -1588.23 0.00
v 3705.88 -1588.23 -18.00
v 3705.88 -2117.65 -18.00
v 3705.88 -2117.65 0.00
v 3705.88 -1588.23 0.00
v 3705.88 -1058.82 -18.00
v 4235.29 -1058.82 -18.00
v 4235.29 -1588.23 -18.00
v 3705.88 -1588.23 -18.00
v 3705.88 -1588.23 0.00
v 4235.29 -1588.23 0.00
v 4235.29 -1058.82 0.00
v 3705.88 -1058.82 0.00
v 3705.88 -1588.23 -18.00
v 4235.29 -1588.23 -18.00
v 4235.29 -1588.23 0.00
v 3705.88 -1588.23 0.00
v 4235.29 -1588.23 -18.00
v 4235.29 -1058.82 -18.00
v 4235.29 -1058.82 0.00
v 4235.29 -1588.23 0.00
v 4235.29 -1058.82 -18.00
v 3705.88 -1058.82 -18.00
v 3705.88 -1058.82 0.00
v 4235.29 -1058.82 0.00
v 3705.88 -1058.82 -18.00
v 3705.88 -1588.23 -18.00
v 3705.88 -1588.23 0.00
v 3705.88 -1058.82 0.00
v 3705.88 -529.41 -18.00
v 4235.29 -529.41 -18.00
v 4235.29 -1058.82 -18.00
v 3705.88 -1058.82 -18.00
v 3705.88 -1058.82 0.00
v 4235.29 -1058.82 0.00
v 4235.29 -529.41 0.00
v 3705.88 -529.41 0.00
v 3705.88 -1058.82 -18.00
v 4235.29 -1058.82 -18.00
v 4235.29 -1058.82 0.00
v 3705.88 -1058.82 0.00
v 4235.29 -1058.82 -18.00
v 4235.29 -529.41 -18.00
v 4235.29 -529.41 0.00
v 4235.29 -1058.82 0.00
v 3705.88 1058.82 -18.00
v 4235.29 1058.82 -18.00
v 4235.29 1058.82 0.00
v 3705.88 1058.82 0.00
v 4235.29 1058.82 -18.00
v 4235.29 1588.23 -18.00
v 4235.29 1588.23 0.00
v 4235.29 1058.82 0.00
v 4235.29 1588.23 -18.00
v 3705.88 1588.23 -18.00
v 3705.88 1588.23 0.00
v 4235.29 1588.23 0.00
v 3705.88 1588.23 -18.00
v 3705.88 1058.82 -18.00
v 3705.88 1058.82 0.00
v 3705.88 1588.23 0.00
v 3705.88 2117.65 -18.00
v 4235.29 2117.65 -18.00
v 4235.29 1588.23 -18.00
v 3705.88 1588.23 -18.00
v 3705.88 1588.23 0.00
v 4235.29 1588.23 0.00
v 4235.29 2117.65 0.00
v 3705.88 2117.65 0.00
v 3705.88 4235.29 -18.00
v 4235.29 4235.29 -18.00
v 4235.29 3705.88 -18.00
v 3705.88 3705.88 -18.00
v 3705.88 3705.88 0.00
v 4235.29 3705.88 0.00
v 4235.29 4235.29 0.00
v 3705.88 4235.29 0.00
v 3705.88 3705.88 -18.00
v 4235.29 3705.88 -18.00
v 4235.29 3705.88 0.00
v 3705.88 3705.88 0.00
v 4235.29 3705.88 -18.00
v 4235.29 4235.29 -18.00
v 4235.29 4235.29 0.00
v 4235.29 3705.88 0.00
v 4235.29 4235.29 -18.00
v 3705.88 4235.29 -18.00
v 3705.88 4235.29 0.00
v 4235.29 4235.29 0.00
v 3705.88 4235.29 -18.00
v 3705.88 3705.88 -18.00
v 3705.88 3705.88 0.00
v 3705.88 4235.29 0.00
v 3705.88 4764.71 -18.00
v 4235.29 4764.71 -18.00
v 4235.29 4235.29 -18.00
v 3705.88 4235.29 -18.00
v 3705.88 4235.29 0.00
v 4235.29 4235.29 0.00
v 4235.29 4764.71 0.00
v 3705.88 4764.71 0.00
v 3705.88 4235.29 -18.00
v 4235.29 4235.29 -18.00
v 4235.29 4235.29 0.00
v 3705.88 4235.29 0.00
v 4235.29 4235.29 -18.00
v 4235.29 4764.71 -18.00
v 4235.29 4764.71 0.00
v 4235.29 4235.29 0.00
v 4235.29 4764.71 -18.00
v 3705.88 4764.71 -18.00
v 3705.88 4764.71 0.00
v 4235.29 4764.71 0.00
v 3705.88 4764.71 -18.00
v 3705.88 4235.29 -18.00
v 3705.88 4235.29 0.00
v 3705.88 4764.71 0.00
v 4764.71 -5823.53 -18.00
v 4764.71 -5294.12 -18.00
v 4764.71 -5294.12 0.00
v 4764.71 -5823.53 0.00
v 4764.71 -5294.12 -18.00
v 4235.29 -5294.12 -18.00
v 4235.29 -5294.12 0.00
v 4764.71 -5294.12 0.00
v 4235.29 -5294.12 -18.00
v 4235.29 -5823.53 -18.00
v 4235.29 -5823.53 0.00
v 4235.29 -5294.12 0.00
v 4235.29 -4764.71 -18.00
v 4764.71 -4764.71 -18.00
v 4764.71 -5294.12 -18.00
v 4235.29 -5294.12 -18.00
v 4235.29 -5294.12 0.00
v 4764.71 -5294.12 0.00
v 4764.71 -4764.71 0.00
v 4235.29 -4764.71 0.00
v 4235.29 -5294.12 -18.00
v 4764.71 -5294.12 -18.00
v 4764.71 -5294.12 0.00
v 4235.29 -5294.12 0.00
v 4235.29 -3705.88 0.00
v 4764.71 -3705.88 0.00
v 4764.71 -3176.47 0.00
v 4235.29 -3176.47 0.00
v 4235.29 -3705.88 -18.00
v 4764.71 -3705.88 -18.00
v 4764.71 -3705.88 0.00
v 4235.29 -3705.88 0.00
v 4764.71 -3705.88 -18.00
v 4764.71 -3176.47 -18.00
v 4764.71 -3176.47 0.00
v 4764.71 -3705.88 0.00
v 4764.71 -3176.47 -18.00
v 4235.29 -3176.47 -18.00
v 4235.29 -3176.47 0.00
v 4764.71 -3176.47 0.00
v 4235.29 -3176.47 -18.00
v 4235.29 -3705.88 -18.00
v 4235.29 -3705.88 0.00
v 4235.29 -3176.47 0.00
v 4235.29 -2647.06 -18.00
v 4764.71 -2647.06 -18.00
v 4764.71 -3176.47 -18.00
v 4235.29 -3176.47 -18.00
v 4235.29 -3176.47 0.00
v 4764.71 -3176.47 0.00
v 4764.71 -2647.06 0.00
v 4235.29 -2647.06 0.00
v 4235.29 -3176.47 -18.00
v 4764.71 -3176.47 -18.00
v 4764.71 -3176.47 0.00
v 4235.29 -3176.47 0.00
v 4764.71 -3176.47 -18.00
v 4764.71 -2647.06 -18.00
v 4764.71 -2647.06 0.00
v 4764.71 -3176.47 0.00
v 4764.71 -2647.06 -18.00
v 4235.29 -2647.06 -18.00
v 4235.29 -2647.06 0.00
v 4764.71 -2647.06 0.00
v 4235.29 -2647.06 -18.00
v 4235.29 -3176.47 -18.00
v 4235.29 -3176.47 0.00
v 4235.29 -2647.06 0.00
v 4235.29 -2117.65 -18.00
v 4764.71 -2117.65 -18.00
v 4764.71 -2647.06 -18.00
v 4235.29 -2647.06 -18.00
v 4235.29 -2647.06 0.00
v 4764.71 -2647.06 0.00
v 4764.71 -2117.65 0.00
v 4235.29 -2117.65 0.00
v 4235.29 -2647.06 -18.00
v 4764.71 -2647.06 -18.00
v 4764.71 -2647.06 0.00
v 4235.29 -2647.06 0.00
v 4764.71 -2647.06 -18.00
v 4764.71 -2117.65 -18.00
v 4764.71 -2117.65 0.00
v 4764.71 -2647.06 0.00
v 4764.71 -2117.65 -18.00
v 4235.29 -2117.65 -18.00
v 4235.29 -2117.65 0.00
v 4764.71 -2117.65 0.00
v 4235.29 -2117.65 -18.00
v 4235.29 -2647.06 -18.00
v 4235.29 -2647.06 0.00
v 4235.29 -2117.65 0.00
v 4235.29 -1588.23 -18.00
v 4764.71 -1588.23 -18.00
v 4764.71 -2117.65 -18.00
v 4235.29 -2117.65 -18.00
v 4235.29 -2117.65 0.00
v 4764.71 -2117.65 0.00
v 4764.71 -1588.23 0.00
v 4235.29 -1588.23 0.00
v 4235.29 -2117.65 -18.00
v 4764.71 -2117.65 -18.00
v 4764.71 -2117.65 0.00
v 4235.29 -2117.65 0.00
v 4764.71 -2117.65 -18.00
v 4764.71 -1588.23 -18.00
v 4764.71 -1588.23 0.00
v 4764.71 -2117.65 0.00
v 4764.71 -1588.23 -18.00
v 4235.29 -1588.23 -18.00
v 4235.29 -1588.23 0.00
v 4764.71 -1588.23 0.00
v 4235.29 -1588.23 -18.00
v 4235.29 -2117.65 -18.00
v 4235.29 -2117.65 0.00
v 4235.29 -1588.23 0.00
v 4235.29 -1058.82 -18.00
v 4764.71 -1058.82 -18.00
v 4764.71 -1588.23 -18.00
v 4235.29 -1588.23 -18.00
v 4235.29 -529.41 -18.00
v 4235.29 -1058.82 -18.00
v 4235.29 -1058.82 0.00
v 4235.29 -529.41 0.00
v 4235.29 -0.00 -18.00
v 4764.71 -0.00 -18.00
v 4764.71 -529.41 -18.00
v 4235.29 -529.41 -18.00
v 4235.29 -529.41 0.00
v 4764.71 -529.41 0.00
v 4764.71 -0.00 0.00
v 4235.29 -0.00 0.00
v 4235.29 -529.41 -18.00
v 4764.71 -529.41 -18.00
v 4764.71 -529.41 0.00
v 4235.29 -529.41 0.00
v 4764.71 -529.41 -18.00
v 4764.71 -0.00 -18.00
v 4764.71 -0.00 0.00
v 4764.71 -529.41 0.00
v 4764.71 -0.00 -18.00
v 4235.29 -0.00 -18.00
v 4235.29 -0.00 0.00
v 4764.71 -0.00 0.00
v 4235.29 1058.82 -18.00
v 4235.29 529.41 -18.00
v 4235.29 529.41 0.00
v 4235.29 1058.82 0.00
v 4235.29 1588.23 -18.00
v 4764.71 1588.23 -18.00
v 4764.71 1058.82 -18.00
v 4235.29 1058.82 -18.00
v 4235.29 1058.82 0.00
v 4764.71 1058.82 0.00
v 4764.71 1588.23 0.00
v 4235.29 1588.23 0.00
v 4235.29 1058.82 -18.00
v 4764.71 1058.82 -18.00
v 4764.71 1058.82 0.00
v 4235.29 1058.82 0.00
v 4764.71 1058.82 -18.00
v 4764.71 1588.23 -18.00
v 4764.71 1588.23 0.00
v 4764.71 1058.82 0.00
v 4764.71 1588.23 -18.00
v 4235.29 1588.23 -18.00
v 4235.29 1588.23 0.00
v 4764.71 1588.23 0.00
v 4764.71 3176.47 -18.00
v 4764.71 3705.88 -18.00
v 4764.71 3705.88 0.00
v 4764.71 3176.47 0.00
v 4764.71 3705.88 -18.00
v 4235.29 3705.88 -18.00
v 4235.29 3705.88 0.00
v 4764.71 3705.88 0.00
v 4235.29 3705.88 -18.00
v 4235.29 3176.47 -18.00
v 4235.29 3176.47 0.00
v 4235.29 3705.88 0.00
v 4235.29 4235.29 -18.00
v 4764.71 4235.29 -18.00
v 4764.71 3705.88 -18.00
v 4235.29 3705.88 -18.00
v 4235.29 3705.88 0.00
v 4764.71 3705.88 0.00
v 4764.71 4235.29 0.00
v 4235.29 4235.29 0.00
v 4235.29 3705.88 -18.00
v 4764.71 3705.88 -18.00
v 4764.71 3705.88 0.00
v 4235.29 3705.88 0.00
v 4764.71 3705.88 -18.00
v 4764.71 4235.29 -18.00
v 4764.71 4235.29 0.00
v 4764.71 3705.88 0.00
v 4764.71 4235.29 -18.00
v 4235.29 4235.29 -18.00
v 4235.29 4235.29 0.00
v 4764.71 4235.29 0.00
v 4235.29 4235.29 -18.00
v 4235.29 3705.88 -18.00
v 4235.29 3705.88 0.00
v 4235.29 4235.29 0.00
v 4235.29 4764.71 -18.00
v 4764.71 4764.71 -18.00
v 4764.71 4235.29 -18.00
v 4235.29 4235.29 -18.00
v 4235.29 4235.29 0.00
v 4764.71 4235.29 0.00
v 4764.71 4764.71 0.00
v 4235.29 4764.71 0.00
v 4235.29 4235.29 -18.00
v 4764.71 4235.29 -18.00
v 4764.71 4235.29 0.00
v 4235.29 4235.29 0.00
v 4764.71 -9000.00 -18.00
v 5294.12 -9000.00 -18.00
v 5294.12 -9000.00 0.00
v 4764.71 -9000.00 0.00
v 5294.12 -9000.00 -18.00
v 5294.12 -8470.59 -18.00
v 5294.12 -8470.59 0.00
v 5294.12 -9000.00 0.00
v 5294.12 -8470.59 -18.00
v 4764.71 -8470.59 -18.00
v 4764.71 -8470.59 0.00
v 5294.12 -8470.59 0.00
v 4764.71 -8470.59 -18.00
v 4764.71 -9000.00 -18.00
v 4764.71 -9000.00 0.00
v 4764.71 -8470.59 0.00
v 4764.71 -7941.18 -18.00
v 5294.12 -7941.18 -18.00
v 5294.12 -8470.59 -18.00
v 4764.71 -8470.59 -18.00
v 4764.71 -8470.59 0.00
v 5294.12 -8470.59 0.00
v 5294.12 -7941.18 0.00
v 4764.71 -7941.18 0.00
v 4764.71 -5823.53 -18.00
v 5294.12 -5823.53 -18.00
v 5294.12 -6352.94 -18.00
v 4764.71 -6352.94 -18.00
v 4764.71 -6352.94 0.00
v 5294.12 -6352.94 0.00
v 5294.12 -5823.53 0.00
v 4764.71 -5823.53 0.00
v 4764.71 -6352.94 -18.00
v 5294.12 -6352.94 -18.00
v 5294.12 -6352.94 0.00
v 4764.71 -6352.94 0.00
v 5294.12 -6352.94 -18.00
v 5294.12 -5823.53 -18.00
v 5294.12 -5823.53 0.00
v 5294.12 -6352.94 0.00
v 5294.12 -5823.53 -18.00
v 4764.71 -5823.53 -18.00
v 4764.71 -5823.53 0.00
v 5294.12 -5823.53 0.00
v 4764.71 -5823.53 -18.00
v 4764.71 -6352.94 -18.00
v 4764.71 -6352.94 0.00
v 4764.71 -5823.53 0.00
v 5294.12 -4235.29 -18.00
v 4764.71 -4235.29 -18.00
v 4764.71 -4235.29 0.00
v 5294.12 -4235.29 0.00
v 4764.71 -4235.29 -18.00
v 4764.71 -4764.71 -18.00
v 4764.71 -4764.71 0.00
v 4764.71 -4235.29 0.00
v 4764.71 -3705.88 -18.00
v 5294.12 -3705.88 -18.00
v 5294.12 -4235.29 -18.00
v 4764.71 -4235.29 -18.00
v 4764.71 -4235.29 0.00
v 5294.12 -4235.29 0.00
v 5294.12 -3705.88 0.00
v 4764.71 -3705.88 0.00
v 4764.71 -4235.29 -18.00
v 5294.12 -4235.29 -18.00
v 5294.12 -4235.29 0.00
v 4764.71 -4235.29 0.00
v 5294.12 -4235.29 -18.00
v 5294.12 -3705.88 -18.00
v 5294.12 -3705.88 0.00
v 5294.12 -4235.29 0.00
v 5294.12 -2647.06 -18.00
v 4764.71 -2647.06 -18.00
v 4764.71 -2647.06 0.00
v 5294.12 -2647.06 0.00
v 4764.71 -2647.06 -18.00
v 4764.71 -3176.47 -18.00
v 4764.71 -3176.47 0.00
v 4764.71 -2647.06 0.00
v 4764.71 -2117.65 -18.00
v 5294.12 -2117.65 -18.00
v 5294.12 -2647.06 -18.00
v 4764.71 -2647.06 -18.00
v 4764.71 -2647.06 0.00
v 5294.12 -2647.06 0.00
v 5294.12 -2117.65 0.00
v 4764.71 -2117.65 0.00
v 4764.71 -2647.06 -18.00
v 5294.12 -2647.06 -18.00
v 5294.12 -2647.06 0.00
v 4764.71 -2647.06 0.00
v 5294.12 -2647.06 -18.00
v 5294.12 -2117.65 -18.00
v 5294.12 -2117.65 0.00
v 5294.12 -2647.06 0.00
v 4764.71 -1058.82 -18.00
v 5294.12 -1058.82 -18.00
v 5294.12 -1058.82 0.00
v 4764.71 -1058.82 0.00
v 5294.12 -1058.82 -18.00
v 5294.12 -529.41 -18.00
v 5294.12 -529.41 0.00
v 5294.12 -1058.82 0.00
v 5294.12 -529.41 -18.00
v 4764.71 -529.41 -18.00
v 4764.71 -529.41 0.00
v 5294.12 -529.41 0.00
v 4764.71 -529.41 -18.00
v 4764.71 -1058.82 -18.00
v 4764.71 -1058.82 0.00
v 4764.71 -529.41 0.00
v 4764.71 -0.00 -18.00
v 5294.12 -0.00 -18.00
v 5294.12 -529.41 -18.00
v 4764.71 -529.41 -18.00
v 4764.71 -529.41 0.00
v 5294.12 -529.41 0.00
v 5294.12 -0.00 0.00
v 4764.71 -0.00 0.00
v 4764.71 -0.00 -18.00
v 5294.12 -0.00 -18.00
v 5294.12 -0.00 0.00
v 4764.71 -0.00 0.00
v 5294.12 -0.00 -18.00
v 5294.12 529.41 -18.00
v 5294.12 529.41 0.00
v 5294.12 -0.00 0.00
v 5294.12 529.41 -18.00
v 4764.71 529.41 -18.00
v 4764.71 529.41 0.00
v 5294.12 529.41 0.00
v 4764.71 529.41 -18.00
v 4764.71 -0.00 -18.00
v 4764.71 -0.00 0.00
v 4764.71 529.41 0.00
v 4764.71 1058.82 -18.00
v 5294.12 1058.82 -18.00
v 5294.12 529.41 -18.00
v 4764.71 529.41 -18.00
v 4764.71 529.41 0.00
v 5294.12 529.41 0.00
v 5294.12 1058.82 0.00
v 4764.71 1058.82 0.00
v 4764.71 3176.47 -18.00
v 5294.12 3176.47 -18.00
v 5294.12 2647.06 -18.00
v 4764.71 2647.06 -18.00
v 4764.71 2647.06 0.00
v 5294.12 2647.06 0.00
v 5294.12 3176.47 0.00
v 4764.71 3176.47 0.00
v 4764.71 2647.06 -18.00
v 5294.12 2647.06 -18.00
v 5294.12 2647.06 0.00
v 4764.71 2647.06 0.00
v 5294.12 2647.06 -18.00
v 5294.12 3176.47 -18.00
v 5294.12 3176.47 0.00
v 5294.12 2647.06 0.00
v 5294.12 3176.47 -18.00
v 4764.71 3176.47 -18.00
v 4764.71 3176.47 0.00
v 5294.12 3176.47 0.00
v 4764.71 3176.47 -18.00
v 4764.71 2647.06 -18.00
v 4764.71 2647.06 0.00
v 4764.71 3176.47 0.00
v 4764.71 4235.29 -18.00
v 5294.12 4235.29 -18.00
v 5294.12 3705.88 -18.00
v 4764.71 3705.88 -18.00
v 4764.71 3705.88 0.00
v 5294.12 3705.88 0.00
v 5294.12 4235.29 0.00
v 4764.71 4235.29 0.00
v 4764.71 3705.88 -18.00
v 5294.12 3705.88 -18.00
v 5294.12 3705.88 0.00
v 4764.71 3705.88 0.00
v 5294.12 3705.88 -18.00
v 5294.12 4235.29 -18.00
v 5294.12 4235.29 0.00
v 5294.12 3705.88 0.00
v 5294.12 4235.29 -18.00
v 4764.71 4235.29 -18.00
v 4764.71 4235.29 0.00
v 5294.12 4235.29 0.00
v 4764.71 4235.29 -18.00
v 4764.71 3705.88 -18.00
v 4764.71 3705.88 0.00
v 4764.71 4235.29 0.00
v 4764.71 4764.71 -18.00
v 5294.12 4764.71 -18.00
v 5294.12 4235.29 -18.00
v 4764.71 4235.29 -18.00
v 4764.71 4235.29 0.00
v 5294.12 4235.29 0.00
v 5294.12 4764.71 0.00
v 4764.71 4764.71 0.00
v 4764.71 4235.29 -18.00
v 5294.12 4235.29 -18.00
v 5294.12 4235.29 0.00
v 4764.71 4235.29 0.00
v 5294.12 4235.29 -18.00
v 5294.12 4764.71 -18.00
v 5294.12 4764.71 0.00
v 5294.12 4235.29 0.00
v 5294.12 4764.71 -18.00
v 4764.71 4764.71 -18.00
v 4764.71 4764.71 0.00
v 5294.12 4764.71 0.00
v 4764.71 4764.71 -18.00
v 4764.71 4235.29 -18.00
v 4764.71 4235.29 0.00
v 4764.71 4764.71 0.00
v 5823.53 -7941.18 -18.00
v 5823.53 -7411.77 -18.00
v 5823.53 -7411.77 0.00
v 5823.53 -7941.18 0.00
v 5823.53 -7411.77 -18.00
v 5294.12 -7411.77 -18.00
v 5294.12 -7411.77 0.00
v 5823.53 -7411.77 0.00
v 5294.12 -7411.77 -18.00
v 5294.12 -7941.18 -18.00
v 5294.12 -7941.18 0.00
v 5294.12 -7411.77 0.00
v 5294.12 -6882.35 -18.00
v 5823.53 -6882.35 -18.00
v 5823.53 -7411.77 -18.00
v 5294.12 -7411.77 -18.00
v 5294.12 -7411.77 0.00
v 5823.53 -7411.77 0.00
v 5823.53 -6882.35 0.00
v 5294.12 -6882.35 0.00
v 5294.12 -7411.77 -18.00
v 5823.53 -7411.77 -18.00
v 5823.53 -7411.77 0.00
v 5294.12 -7411.77 0.00
v 5823.53 -7411.77 -18.00
v 5823.53 -6882.35 -18.00
v 5823.53 -6882.35 0.00
v 5823.53 -7411.77 0.00
v 5823.53 -6882.35 -18.00
v 5294.12 -6882.35 -18.00
v 5294.12 -6882.35 0.00
v 5823.53 -6882.35 0.00
v 5294.12 -6882.35 -18.00
v 5294.12 -7411.77 -18.00
v 5294.12 -7411.77 0.00
v 5294.12 -6882.35 0.00
v 5294.12 -6352.94 -18.00
v 5823.53 -6352.94 -18.00
v 5823.53 -6882.35 -18.00
v 5294.12 -6882.35 -18.00
v 5294.12 -6882.35 0.00
v 5823.53 -6882.35 0.00
v 5823.53 -6352.94 0.00
v 5294.12 -6352.94 0.00
v 5294.12 -6882.35 -18.00
v 5823.53 -6882.35 -18.00
v 5823.53 -6882.35 0.00
v 5294.12 -6882.35 0.00
v 5823.53 -6882.35 -18.00
v 5823.53 -6352.94 -18.00
v 5823.53 -6352.94 0.00
v 5823.53 -6882.35 0.00
v 5823.53 -6352.94 -18.00
v 5294.12 -6352.94 -18.00
v 5294.12 -6352.94 0.00
v 5823.53 -6352.94 0.00
v 5294.12 -6352.94 -18.00
v 5294.12 -6882.35 -18.00
v 5294.12 -6882.35 0.00
v 5294.12 -6352.94 0.00
v 5294.12 -5823.53 -18.00
v 5823.53 -5823.53 -18.00
v 5823.53 -6352.94 -18.00
v 5294.12 -6352.94 -18.00
v 5294.12 -6352.94 0.00
v 5823.53 -6352.94 0.00
v 5823.53 -5823.53 0.00
v 5294.12 -5823.53 0.00
v 5294.12 -6352.94 -18.00
v 5823.53 -6352.94 -18.00
v 5823.53 -6352.94 0.00
v 5294.12 -6352.94 0.00
v 5823.53 -6352.94 -18.00
v 5823.53 -5823.53 -18.00
v 5823.53 -5823.53 0.00
v 5823.53 -6352.94 0.00
v 5823.53 -5823.53 -18.00
v 5294.12 -5823.53 -18.00
v 5294.12 -5823.53 0.00
v 5823.53 -5823.53 0.00
v 5294.12 -5823.53 -18.00
v 5294.12 -6352.94 -18.00
v 5294.12 -6352.94 0.00
v 5294.12 -5823.53 0.00
v 5294.12 -5294.12 -18.00
v 5823.53 -5294.12 -18.00
v 5823.53 -5823.53 -18.00
v 5294.12 -5823.53 -18.00
v 5294.12 -5823.53 0.00
v 5823.53 -5823.53 0.00
v 5823.53 -5294.12 0.00
v 5294.12 -5294.12 0.00
v 5294.12 -5823.53 -18.00
v 5823.53 -5823.53 -18.00
v 5823.53 -5823.53 0.00
v 5294.12 -5823.53 0.00
v 5294.12 -3705.88 0.00
v 5823.53 -3705.88 0.00
v 5823.53 -3176.47 0.00
v 5294.12 -3176.47 0.00
v 5294.12 -3705.88 -18.00
v 5823.53 -3705.88 -18.00
v 5823.53 -3705.88 0.00
v 5294.12 -3705.88 0.00
v 5823.53 -3705.88 -18.00
v 5823.53 -3176.47 -18.00
v 5823.53 -3176.47 0.00
v 5823.53 -3705.88 0.00
v 5823.53 -3176.47 -18.00
v 5294.12 -3176.47 -18.00
v 5294.12 -3176.47 0.00
v 5823.53 -3176.47 0.00
v 5294.12 -3176.47 -18.00
v 5294.12 -3705.88 -18.00
v 5294.12 -3705.88 0.00
v 5294.12 -3176.47 0.00
v 5294.12 -2647.06 -18.00
v 5823.53 -2647.06 -18.00
v 5823.53 -3176.47 -18.00
v 5294.12 -3176.47 -18.00
v 5294.12 -3176.47 0.00
v 5823.53 -3176.47 0.00
v 5823.53 -2647.06 0.00
v 5294.12 -2647.06 0.00
v 5294.12 -3176.47 -18.00
v 5823.53 -3176.47 -18.00
v 5823.53 -3176.47 0.00
v 5294.12 -3176.47 0.00
v 5823.53 -3176.47 -18.00
v 5823.53 -2647.06 -18.00
v 5823.53 -2647.06 0.00
v 5823.53 -3176.47 0.00
v 5823.53 -2647.06 -18.00
v 5294.12 -2647.06 -18.00
v 5294.12 -2647.06 0.00
v 5823.53 -2647.06 0.00
v 5294.12 -2647.06 -18.00
v 5294.12 -3176.47 -18.00
v 5294.12 -3176.47 0.00
v 5294.12 -2647.06 0.00
v 5294.12 -2117.65 -18.00
v 5823.53 -2117.65 -18.00
v 5823.53 -2647.06 -18.00
v 5294.12 -2647.06 -18.00
v 5294.12 -2117.65 0.00
v 5823.53 -2117.65 0.00
v 5823.53 -1588.23 0.00
v 5294.12 -1588.23 0.00
v 5294.12 -2117.65 -18.00
v 5823.53 -2117.65 -18.00
v 5823.53 -2117.65 0.00
v 5294.12 -2117.65 0.00
v 5823.53 -2117.65 -18.00
v 5823.53 -1588.23 -18.00
v 5823.53 -1588.23 0.00
v 5823.53 -2117.65 0.00
v 5823.53 -1588.23 -18.00
v 5294.12 -1588.23 -18.00
v 5294.12 -1588.23 0.00
v 5823.53 -1588.23 0.00
v 5294.12 -1588.23 -18.00
v 5294.12 -2117.65 -18.00
v 5294.12 -2117.65 0.00
v 5294.12 -1588.23 0.00
v 5294.12 -1058.82 -18.00
v 5823.53 -1058.82 -18.00
v 5823.53 -1588.23 -18.00
v 5294.12 -1588.23 -18.00
v 5294.12 1058.82 -18.00
v 5294.12 529.41 -18.00
v 5294.12 529.41 0.00
v 5294.12 1058.82 0.00
v 5294.12 1588.23 -18.00
v 5823.53 1588.23 -18.00
v 5823.53 1058.82 -18.00
v 5294.12 1058.82 -18.00
v 5294.12 1058.82 0.00
v 5823.53 1058.82 0.00
v 5823.53 1588.23 0.00
v 5294.12 1588.23 0.00
v 5294.12 1058.82 -18.00
v 5823.53 1058.82 -18.00
v 5823.53 1058.82 0.00
v 5294.12 1058.82 0.00
v 5823.53 1058.82 -18.00
v 5823.53 1588.23 -18.00
v 5823.53 1588.23 0.00
v 5823.53 1058.82 0.00
v 5823.53 1588.23 -18.00
v 5294.12 1588.23 -18.00
v 5294.12 1588.23 0.00
v 5823.53 1588.23 0.00
v 5823.53 3705.88 -18.00
v 5823.53 4235.29 -18.00
v 5823.53 4235.29 0.00
v 5823.53 3705.88 0.00
v 5823.53 4235.29 -18.00
v 5294.12 4235.29 -18.00
v 5294.12 4235.29 0.00
v 5823.53 4235.29 0.00
v 5294.12 4235.29 -18.00
v 5294.12 3705.88 -18.00
v 5294.12 3705.88 0.00
v 5294.12 4235.29 0.00
v 5294.12 4764.71 -18.00
v 5823.53 4764.71 -18.00
v 5823.53 4235.29 -18.00
v 5294.12 4235.29 -18.00
v 5294.12 4235.29 0.00
v 5823.53 4235.29 0.00
v 5823.53 4764.71 0.00
v 5294.12 4764.71 0.00
v 5294.12 4235.29 -18.00
v 5823.53 4235.29 -18.00
v 5823.53 4235.29 0.00
v 5294.12 4235.29 0.00
v 5823.53 4235.29 -18.00
v 5823.53 4764.71 -18.00
v 5823.53 4764.71 0.00
v 5823.53 4235.29 0.00
v 5823.53 4764.71 -18.00
v 5294.12 4764.71 -18.00
v 5294.12 4764.71 0.00
v 5823.53 4764.71 0.00
v 5294.12 4764.71 -18.00
v 5294.12 4235.29 -18.00
v 5294.12 4235.29 0.00
v 5294.12 4764.71 0.00
v 5294.12 4764.71 -18.00
v 5823.53 4764.71 -18.00
v 5823.53 4764.71 0.00
v 5294.12 4764.71 0.00
v 5823.53 -8470.59 -18.00
v 6352.94 -8470.59 -18.00
v 6352.94 -9000.00 -18.00
v 5823.53 -9000.00 -18.00
v 5823.53 -9000.00 0.00
v 6352.94 -9000.00 0.00
v 6352.94 -8470.59 0.00
v 5823.53 -8470.59 0.00
v 5823.53 -9000.00 -18.00
v 6352.94 -9000.00 -18.00
v 6352.94 -9000.00 0.00
v 5823.53 -9000.00 0.00
v 6352.94 -9000.00 -18.00
v 6352.94 -8470.59 -18.00
v 6352.94 -8470.59 0.00
v 6352.94 -9000.00 0.00
v 6352.94 -8470.59 -18.00
v 5823.53 -8470.59 -18.00
v 5823.53 -8470.59 0.00
v 6352.94 -8470.59 0.00
v 5823.53 -8470.59 -18.00
v 5823.53 -9000.00 -18.00
v 5823.53 -9000.00 0.00
v 5823.53 -8470.59 0.00
v 5823.53 -7941.18 -18.00
v 6352.94 -7941.18 -18.00
v 6352.94 -8470.59 -18.00
v 5823.53 -8470.59 -18.00
v 5823.53 -8470.59 0.00
v 6352.94 -8470.59 0.00
v 6352.94 -7941.18 0.00
v 5823.53 -7941.18 0.00
v 6352.94 -2647.06 -18.00
v 5823.53 -2647.06 -18.00
v 5823.53 -2647.06 0.00
v 6352.94 -2647.06 0.00
v 5823.53 -2647.06 -18.00
v 5823.53 -3176.47 -18.00
v 5823.53 -3176.47 0.00
v 5823.53 -2647.06 0.00
v 5823.53 -2117.65 -18.00
v 6352.94 -2117.65 -18.00
v 6352.94 -2647.06 -18.00
v 5823.53 -2647.06 -18.00
v 5823.53 -2647.06 0.00
v 6352.94 -2647.06 0.00
v 6352.94 -2117.65 0.00
v 5823.53 -2117.65 0.00
v 5823.53 -2647.06 -18.00
v 6352.94 -2647.06 -18.00
v 6352.94 -2647.06 0.00
v 5823.53 -2647.06 0.00
v 6352.94 -2647.06 -18.00
v 6352.94 -2117.65 -18.00
v 6352.94 -2117.65 0.00
v 6352.94 -2647.06 0.00
v 6352.94 -2117.65 -18.00
v 5823.53 -2117.65 -18.00
v 5823.53 -2117.65 0.00
v 6352.94 -2117.65 0.00
v 5823.53 -2117.65 -18.00
v 5823.53 -2647.06 -18.00
v 5823.53 -2647.06 0.00
v 5823.53 -2117.65 0.00
v 5823.53 -1588.23 -18.00
v 6352.94 -1588.23 -18.00
v 6352.94 -2117.65 -18.00
v 5823.53 -2117.65 -18.00
v 5823.53 -2117.65 0.00
v 6352.94 -2117.65 0.00
v 6352.94 -1588.23 0.00
v 5823.53 -1588.23 0.00
v 5823.53 -2117.65 -18.00
v 6352.94 -2117.65 -18.00
v 6352.94 -2117.65 0.00
v 5823.53 -2117.65 0.00
v 6352.94 -2117.65 -18.00
v 6352.94 -1588.23 -18.00
v 6352.94 -1588.23 0.00
v 6352.94 -2117.65 0.00
v 6352.94 -1058.82 -18.00
v 5823.53 -1058.82 -18.00
v 5823.53 -1058.82 0.00
v 6352.94 -1058.82 0.00
v 5823.53 -1058.82 -18.00
v 5823.53 -1588.23 -18.00
v 5823.53 -1588.23 0.00
v 5823.53 -1058.82 0.00
v 5823.53 -529.41 -18.00
v 6352.94 -529.41 -18.00
v 6352.94 -1058.82 -18.00
v 5823.53 -1058.82 -18.00
v 5823.53 -1058.82 0.00
v 6352.94 -1058.82 0.00
v 6352.94 -529.41 0.00
v 5823.53 -529.41 0.00
v 5823.53 -1058.82 -18.00
v 6352.94 -1058.82 -18.00
v 6352.94 -1058.82 0.00
v 5823.53 -1058.82 0.00
v 6352.94 -1058.82 -18.00
v 6352.94 -529.41 -18.00
v 6352.94 -529.41 0.00
v 6352.94 -1058.82 0.00
v 5823.53 -0.00 -18.00
v 6352.94 -0.00 -18.00
v 6352.94 -0.00 0.00
v 5823.53 -0.00 0.00
v 6352.94 -0.00 -18.00
v 6352.94 529.41 -18.00
v 6352.94 529.41 0.00
v 6352.94 -0.00 0.00
v 6352.94 529.41 -18.00
v 5823.53 529.41 -18.00
v 5823.53 529.41 0.00
v 6352.94 529.41 0.00
v 5823.53 529.41 -18.00
v 5823.53 -0.00 -18.00
v 5823.53 -0.00 0.00
v 5823.53 529.41 0.00
v 5823.53 1058.82 -18.00
v 6352.94 1058.82 -18.00
v 6352.94 529.41 -18.00
v 5823.53 529.41 -18.00
v 5823.53 529.41 0.00
v 6352.94 529.41 0.00
v 6352.94 1058.82 0.00
v 5823.53 1058.82 0.00
v 5823.53 1058.82 -18.00
v 6352.94 1058.82 -18.00
v 6352.94 1058.82 0.00
v 5823.53 1058.82 0.00
v 6352.94 1058.82 -18.00
v 6352.94 1588.23 -18.00
v 6352.94 1588.23 0.00
v 6352.94 1058.82 0.00
v 6352.94 1588.23 -18.00
v 5823.53 1588.23 -18.00
v 5823.53 1588.23 0.00
v 6352.94 1588.23 0.00
v 5823.53 1588.23 -18.00
v 5823.53 1058.82 -18.00
v 5823.53 1058.82 0.00
v 5823.53 1588.23 0.00
v 5823.53 2117.65 -18.00
v 6352.94 2117.65 -18.00
v 6352.94 1588.23 -18.00
v 5823.53 1588.23 -18.00
v 5823.53 1588.23 0.00
v 6352.94 1588.23 0.00
v 6352.94 2117.65 0.00
v 5823.53 2117.65 0.00
v 5823.53 4235.29 -18.00
v 6352.94 4235.29 -18.00
v 6352.94 3705.88 -18.00
v 5823.53 3705.88 -18.00
v 5823.53 3705.88 0.00
v 6352.94 3705.88 0.00
v 6352.94 4235.29 0.00
v 5823.53 4235.29 0.00
v 5823.53 3705.88 -18.00
v 6352.94 3705.88 -18.00
v 6352.94 3705.88 0.00
v 5823.53 3705.88 0.00
v 6352.94 3705.88 -18.00
v 6352.94 4235.29 -18.00
v 6352.94 4235.29 0.00
v 6352.94 3705.88 0.00
v 6352.94 4235.29 -18.00
v 5823.53 4235.29 -18.00
v 5823.53 4235.29 0.00
v 6352.94 4235.29 0.00
v 5823.53 4235.29 -18.00
v 5823.53 3705.88 -18.00
v 5823.53 3705.88 0.00
v 5823.53 4235.29 0.00
v 5823.53 4764.71 -18.00
v 6352.94 4764.71 -18.00
v 6352.94 4235.29 -18.00
v 5823.53 4235.29 -18.00
v 5823.53 4235.29 0.00
v 6352.94 4235.29 0.00
v 6352.94 4764.71 0.00
v 5823.53 4764.71 0.00
v 5823.53 4235.29 -18.00
v 6352.94 4235.29 -18.00
v 6352.94 4235.29 0.00
v 5823.53 4235.29 0.00
v 6352.94 4235.29 -18.00
v 6352.94 4764.71 -18.00
v 6352.94 4764.71 0.00
v 6352.94 4235.29 0.00
v 6352.94 4764.71 -18.00
v 5823.53 4764.71 -18.00
v 5823.53 4764.71 0.00
v 6352.94 4764.71 0.00
v 5823.53 4764.71 -18.00
v 5823.53 4235.29 -18.00
v 5823.53 4235.29 0.00
v 5823.53 4764.71 0.00
v 5823.53 4764.71 -18.00
v 6352.94 4764.71 -18.00
v 6352.94 4764.71 0.00
v 5823.53 4764.71 0.00
v 6352.94 -8470.59 -18.00
v 6882.35 -8470.59 -18.00
v 6882.35 -9000.00 -18.00
v 6352.94 -9000.00 -18.00
v 6352.94 -9000.00 0.00
v 6882.35 -9000.00 0.00
v 6882.35 -8470.59 0.00
v 6352.94 -8470.59 0.00
v 6352.94 -9000.00 -18.00
v 6882.35 -9000.00 -18.00
v 6882.35 -9000.00 0.00
v 6352.94 -9000.00 0.00
v 6882.35 -9000.00 -18.00
v 6882.35 -8470.59 -18.00
v 6882.35 -8470.59 0.00
v 6882.35 -9000.00 0.00
v 6882.35 -8470.59 -18.00
v 6352.94 -8470.59 -18.00
v 6352.94 -8470.59 0.00
v 6882.35 -8470.59 0.00
v 6352.94 -8470.59 -18.00
v 6352.94 -9000.00 -18.00
v 6352.94 -9000.00 0.00
v 6352.94 -8470.59 0.00
v 6352.94 -7941.18 -18.00
v 6882.35 -7941.18 -18.00
v 6882.35 -8470.59 -18.00
v 6352.94 -8470.59 -18.00
v 6352.94 -8470.59 0.00
v 6882.35 -8470.59 0.00
v 6882.35 -7941.18 0.00
v 6352.94 -7941.18 0.00
v 6352.94 -8470.59 -18.00
v 6882.35 -8470.59 -18.00
v 6882.35 -8470.59 0.00
v 6352.94 -8470.59 0.00
v 6882.35 -8470.59 -18.00
v 6882.35 -7941.18 -18.00
v 6882.35 -7941.18 0.00
v 6882.35 -8470.59 0.00
v 6882.35 -7941.18 -18.00
v 6352.94 -7941.18 -18.00
v 6352.94 -7941.18 0.00
v 6882.35 -7941.18 0.00
v 6882.35 -6352.94 -18.00
v 6882.35 -5823.53 -18.00
v 6882.35 -5823.53 0.00
v 6882.35 -6352.94 0.00
v 6882.35 -5823.53 -18.00
v 6352.94 -5823.53 -18.00
v 6352.94 -5823.53 0.00
v 6882.35 -5823.53 0.00
v 6352.94 -5823.53 -18.00
v 6352.94 -6352.94 -18.00
v 6352.94 -6352.94 0.00
v 6352.94 -5823.53 0.00
v 6352.94 -5294.12 -18.00
v 6882.35 -5294.12 -18.00
v 6882.35 -5823.53 -18.00
v 6352.94 -5823.53 -18.00
v 6352.94 -5823.53 0.00
v 6882.35 -5823.53 0.00
v 6882.35 -5294.12 0.00
v 6352.94 -5294.12 0.00
v 6352.94 -5823.53 -18.00
v 6882.35 -5823.53 -18.00
v 6882.35 -5823.53 0.00
v 6352.94 -5823.53 0.00
v 6882.35 -5823.53 -18.00
v 6882.35 -5294.12 -18.00
v 6882.35 -5294.12 0.00
v 6882.35 -5823.53 0.00
v 6882.35 -5294.12 -18.00
v 6352.94 -5294.12 -18.00
v 6352.94 -5294.12 0.00
v 6882.35 -5294.12 0.00
v 6352.94 -5294.12 -18.00
v 6352.94 -5823.53 -18.00
v 6352.94 -5823.53 0.00
v 6352.94 -5294.12 0.00
v 6352.94 -4764.71 -18.00
v 6882.35 -4764.71 -18.00
v 6882.35 -5294.12 -18.00
v 6352.94 -5294.12 -18.00
v 6352.94 -5294.12 0.00
v 6882.35 -5294.12 0.00
v 6882.35 -4764.71 0.00
v 6352.94 -4764.71 0.00
v 6352.94 -5294.12 -18.00
v 6882.35 -5294.12 -18.00
v 6882.35 -5294.12 0.00
v 6352.94 -5294.12 0.00
v 6352.94 -3176.47 0.00
v 6882.35 -3176.47 0.00
v 6882.35 -2647.06 0.00
v 6352.94 -2647.06 0.00
v 6352.94 -3176.47 -18.00
v 6882.35 -3176.47 -18.00
v 6882.35 -3176.47 0.00
v 6352.94 -3176.47 0.00
v 6882.35 -3176.47 -18.00
v 6882.35 -2647.06 -18.00
v 6882.35 -2647.06 0.00
v 6882.35 -3176.47 0.00
v 6882.35 -2647.06 -18.00
v 6352.94 -2647.06 -18.00
v 6352.94 -2647.06 0.00
v 6882.35 -2647.06 0.00
v 6352.94 -2647.06 -18.00
v 6352.94 -3176.47 -18.00
v 6352.94 -3176.47 0.00
v 6352.94 -2647.06 0.00
v 6352.94 -2117.65 -18.00
v 6882.35 -2117.65 -18.00
v 6882.35 -2647.06 -18.00
v 6352.94 -2647.06 -18.00
v 6352.94 -2647.06 0.00
v 6882.35 -2647.06 0.00
v 6882.35 -2117.65 0.00
v 6352.94 -2117.65 0.00
v 6352.94 -2647.06 -18.00
v 6882.35 -2647.06 -18.00
v 6882.35 -2647.06 0.00
v 6352.94 -2647.06 0.00
v 6882.35 -2647.06 -18.00
v 6882.35 -2117.65 -18.00
v 6882.35 -2117.65 0.00
v 6882.35 -2647.06 0.00
v 6882.35 -2117.65 -18.00
v 6352.94 -2117.65 -18.00
v 6352.94 -2117.65 0.00
v 6882.35 -2117.65 0.00
v 6352.94 -2117.65 -18.00
v 6352.94 -2647.06 -18.00
v 6352.94 -2647.06 0.00
v 6352.94 -2117.65 0.00
v 6352.94 -1588.23 -18.00
v 6882.35 -1588.23 -18.00
v 6882.35 -2117.65 -18.00
v 6352.94 -2117.65 -18.00
v 6352.94 1058.82 -18.00
v 6352.94 529.41 -18.00
v 6352.94 529.41 0.00
v 6352.94 1058.82 0.00
v 6352.94 1588.23 -18.00
v 6882.35 1588.23 -18.00
v 6882.35 1058.82 -18.00
v 6352.94 1058.82 -18.00
v 6352.94 1058.82 0.00
v 6882.35 1058.82 0.00
v 6882.35 1588.23 0.00
v 6352.94 1588.23 0.00
v 6352.94 1058.82 -18.00
v 6882.35 1058.82 -18.00
v 6882.35 1058.82 0.00
v 6352.94 1058.82 0.00
v 6882.35 1058.82 -18.00
v 6882.35 1588.23 -18.00
v 6882.35 1588.23 0.00
v 6882.35 1058.82 0.00
v 6882.35 1588.23 -18.00
v 6352.94 1588.23 -18.00
v 6352.94 1588.23 0.00
v 6882.35 1588.23 0.00
v 6882.35 3705.88 -18.00
v 6882.35 4235.29 -18.00
v 6882.35 4235.29 0.00
v 6882.35 3705.88 0.00
v 6882.35 4235.29 -18.00
v 6352.94 4235.29 -18.00
v 6352.94 4235.29 0.00
v 6882.35 4235.29 0.00
v 6352.94 4235.29 -18.00
v 6352.94 3705.88 -18.00
v 6352.94 3705.88 0.00
v 6352.94 4235.29 0.00
v 6352.94 4764.71 -18.00
v 6882.35 4764.71 -18.00
v 6882.35 4235.29 -18.00
v 6352.94 4235.29 -18.00
v 6352.94 4235.29 0.00
v 6882.35 4235.29 0.00
v 6882.35 4764.71 0.00
v 6352.94 4764.71 0.00
v 6352.94 4235.29 -18.00
v 6882.35 4235.29 -18.00
v 6882.35 4235.29 0.00
v 6352.94 4235.29 0.00
v 6882.35 4235.29 -18.00
v 6882.35 4764.71 -18.00
v 6882.35 4764.71 0.00
v 6882.35 4235.29 0.00
v 6882.35 4764.71 -18.00
v 6352.94 4764.71 -18.00
v 6352.94 4764.71 0.00
v 6882.35 4764.71 0.00
v 6352.94 4764.71 -18.00
v 6352.94 4235.29 -18.00
v 6352.94 4235.29 0.00
v 6352.94 4764.71 0.00
v 6352.94 4764.71 -18.00
v 6882.35 4764.71 -18.00
v 6882.35 4764.71 0.00
v 6352.94 4764.71 0.00
v 6882.35 -8470.59 -18.00
v 7411.77 -8470.59 -18.00
v 7411.77 -9000.00 -18.00
v 6882.35 -9000.00 -18.00
v 6882.35 -9000.00 0.00
v 7411.77 -9000.00 0.00
v 7411.77 -8470.59 0.00
v 6882.35 -8470.59 0.00
v 6882.35 -8470.59 -18.00
v 7411.77 -8470.59 -18.00
v 7411.77 -8470.59 0.00
v 6882.35 -8470.59 0.00
v 7411.77 -8470.59 -18.00
v 7411.77 -7941.18 -18.00
v 7411.77 -7941.18 0.00
v 7411.77 -8470.59 0.00
v 7411.77 -7941.18 -18.00
v 6882.35 -7941.18 -18.00
v 6882.35 -7941.18 0.00
v 7411.77 -7941.18 0.00
v 6882.35 -7941.18 -18.00
v 6882.35 -8470.59 -18.00
v 6882.35 -8470.59 0.00
v 6882.35 -7941.18 0.00
v 6882.35 -7411.77 -18.00
v 7411.77 -7411.77 -18.00
v 7411.77 -7941.18 -18.00
v 6882.35 -7941.18 -18.00
v 6882.35 -7941.18 0.00
v 7411.77 -7941.18 0.00
v 7411.77 -7411.77 0.00
v 6882.35 -7411.77 0.00
v 6882.35 -6352.94 -18.00
v 7411.77 -6352.94 -18.00
v 7411.77 -6882.35 -18.00
v 6882.35 -6882.35 -18.00
v 6882.35 -6882.35 0.00
v 7411.77 -6882.35 0.00
v 7411.77 -6352.94 0.00
v 6882.35 -6352.94 0.00
v 6882.35 -6882.35 -18.00
v 7411.77 -6882.35 -18.00
v 7411.77 -6882.35 0.00
v 6882.35 -6882.35 0.00
v 7411.77 -6882.35 -18.00
v 7411.77 -6352.94 -18.00
v 7411.77 -6352.94 0.00
v 7411.77 -6882.35 0.00
v 7411.77 -6352.94 -18.00
v 6882.35 -6352.94 -18.00
v 6882.35 -6352.94 0.00
v 7411.77 -6352.94 0.00
v 6882.35 -6352.94 -18.00
v 6882.35 -6882.35 -18.00
v 6882.35 -6882.35 0.00
v 6882.35 -6352.94 0.00
v 6882.35 -5823.53 -18.00
v 7411.77 -5823.53 -18.00
v 7411.77 -6352.94 -18.00
v 6882.35 -6352.94 -18.00
v 6882.35 -6352.94 0.00
v 7411.77 -6352.94 0.00
v 7411.77 -5823.53 0.00
v 6882.35 -5823.53 0.00
v 6882.35 -6352.94 -18.00
v 7411.77 -6352.94 -18.00
v 7411.77 -6352.94 0.00
v 6882.35 -6352.94 0.00
v 7411.77 -6352.94 -18.00
v 7411.77 -5823.53 -18.00
v 7411.77 -5823.53 0.00
v 7411.77 -6352.94 0.00
v 7411.77 -5823.53 -18.00
v 6882.35 -5823.53 -18.00
v 6882.35 -5823.53 0.00
v 7411.77 -5823.53 0.00
v 6882.35 -5823.53 -18.00
v 6882.35 -6352.94 -18.00
v 6882.35 -6352.94 0.00
v 6882.35 -5823.53 0.00
v 6882.35 -5294.12 -18.00
v 7411.77 -5294.12 -18.00
v 7411.77 -5823.53 -18.00
v 6882.35 -5823.53 -18.00
v 6882.35 -5823.53 0.00
v 7411.77 -5823.53 0.00
v 7411.77 -5294.12 0.00
v 6882.35 -5294.12 0.00
v 6882.35 -5823.53 -18.00
v 7411.77 -5823.53 -18.00
v 7411.77 -5823.53 0.00
v 6882.35 -5823.53 0.00
v 7411.77 -5823.53 -18.00
v 7411.77 -5294.12 -18.00
v 7411.77 -5294.12 0.00
v 7411.77 -5823.53 0.00
v 7411.77 -5294.12 -18.00
v 6882.35 -5294.12 -18.00
v 6882.35 -5294.12 0.00
v 7411.77 -5294.12 0.00
v 6882.35 -5294.12 -18.00
v 6882.35 -5823.53 -18.00
v 6882.35 -5823.53 0.00
v 6882.35 -5294.12 0.00
v 6882.35 -4764.71 -18.00
v 7411.77 -4764.71 -18.00
v 7411.77 -5294.12 -18.00
v 6882.35 -5294.12 -18.00
v 6882.35 -5294.12 0.00
v 7411.77 -5294.12 0.00
v 7411.77 -4764.71 0.00
v 6882.35 -4764.71 0.00
v 6882.35 -5294.12 -18.00
v 7411.77 -5294.12 -18.00
v 7411.77 -5294.12 0.00
v 6882.35 -5294.12 0.00
v 7411.77 -5294.12 -18.00
v 7411.77 -4764.71 -18.00
v 7411.77 -4764.71 0.00
v 7411.77 -5294.12 0.00
v 7411.77 -4764.71 -18.00
v 6882.35 -4764.71 -18.00
v 6882.35 -4764.71 0.00
v 7411.77 -4764.71 0.00
v 6882.35 -4764.71 -18.00
v 6882.35 -5294.12 -18.00
v 6882.35 -5294.12 0.00
v 6882.35 -4764.71 0.00

usemtl mat_window_lit
v 235.69 -55.45 85.82
v 234.49 -65.57 85.82
v 235.34 -60.54 92.28
v 226.35 -59.48 92.28
v 235.34 -60.54 92.28
v 225.99 -64.57 85.82
v 227.19 -54.44 85.82
v 226.35 -59.48 92.28
v 234.49 -65.57 85.82
v 225.99 -64.57 85.82
v 235.34 -60.54 92.28
v 235.69 -55.45 85.82
v 226.35 -59.48 92.28
v 227.19 -54.44 85.82
v 229.33 -64.66 74.24
v 229.53 -63.02 74.24
v 229.53 -63.02 76.89
v 229.33 -64.66 76.89
v 229.53 -63.02 74.24
v 229.33 -64.66 74.24
v 229.33 -64.66 76.89
v 229.53 -63.02 76.89
v 233.96 -59.28 85.82
v 233.00 -58.06 85.82
v 233.00 -58.06 89.02
v 233.96 -59.28 89.02
v 233.00 -58.06 85.82
v 233.96 -59.28 85.82
v 233.96 -59.28 89.02
v 233.00 -58.06 89.02
v 217.00 -62.70 68.80
v 218.02 -54.16 68.80
v 225.03 -54.99 68.80
v 224.02 -63.53 68.80
v 224.02 -63.53 76.74
v 225.03 -54.99 76.74
v 218.02 -54.16 76.74
v 217.00 -62.70 76.74
v 224.02 -63.53 68.80
v 225.03 -54.99 68.80
v 225.03 -54.99 76.74
v 224.02 -63.53 76.74
v 225.03 -54.99 68.80
v 218.02 -54.16 68.80
v 218.02 -54.16 76.74
v 225.03 -54.99 76.74
v 222.17 -62.95 75.91
v 222.83 -61.54 75.91
v 224.02 -63.53 76.74
v 222.65 -63.01 77.34
v 222.83 -61.54 77.34
v 222.17 -62.95 77.34
v 224.02 -63.53 76.74
v 222.83 -61.54 75.91
v 222.83 -61.54 77.34
v 222.65 -63.01 77.34
v 222.83 -61.54 75.91
v 222.17 -62.95 75.91
v 222.17 -62.95 77.34
v 222.83 -61.54 77.34
v 222.17 -62.95 75.91
v 224.02 -63.53 76.74
v 222.65 -63.01 77.34
v 222.17 -62.95 77.34
v 223.94 -58.20 79.78
v 224.07 -57.11 79.78
v 224.07 -57.11 82.98
v 223.94 -58.20 82.98
v 251.76 -40.00 86.00
v 250.67 -36.67 86.00
v 246.09 -40.00 92.00
v 250.67 -36.67 86.00
v 247.84 -34.61 86.00
v 246.09 -40.00 92.00
v 247.84 -34.61 86.00
v 244.33 -34.61 86.00
v 246.09 -40.00 92.00
v 244.33 -34.61 86.00
v 241.50 -36.67 86.00
v 246.09 -40.00 92.00
v 241.50 -36.67 86.00
v 241.89 -40.00 86.00
v 246.09 -40.00 92.00
v 241.89 -40.00 86.00
v 241.50 -43.33 86.00
v 246.09 -40.00 92.00
v 179.49 74.51 62.00
v 176.89 74.51 62.00
v 176.89 74.51 86.00
v 179.49 74.51 86.00
v 176.89 74.51 62.00
v 174.79 72.98 62.00
v 174.79 72.98 86.00
v 176.89 74.51 86.00
v 174.79 68.05 62.00
v 176.89 66.52 62.00
v 176.89 66.52 86.00
v 174.44 66.95 85.96
v 176.89 66.52 62.00
v 179.49 66.52 62.00
v 179.49 66.52 86.00
v 176.89 66.52 86.00
v 179.49 66.52 62.00
v 181.59 68.05 62.00
v 181.59 68.05 86.00
v 179.49 66.52 86.00
v 181.59 68.05 62.00
v 182.39 70.52 62.00
v 182.39 70.52 86.00
v 181.59 68.05 86.00
v 252.74 -45.86 54.80
v 252.74 -54.14 54.80
v 252.74 -54.14 67.70
v 252.74 -45.86 67.70
v 252.74 -54.14 54.80
v 259.39 -54.14 54.80
v 259.39 -54.14 67.70
v 252.74 -54.14 67.70
v 252.74 -54.14 67.70
v 252.74 -45.86 67.70
v 259.74 -45.51 67.70
v 259.74 -54.49 67.70
v 259.74 -54.49 72.97
v 259.74 -45.51 72.97
v 252.39 -45.51 72.97
v 252.39 -54.49 72.97
v 259.74 -54.49 67.70
v 259.74 -45.51 67.70
v 259.74 -45.51 72.97
v 259.74 -54.49 72.97
v 259.74 -45.51 67.70
v 252.74 -45.86 67.70
v 252.39 -45.51 72.97
v 259.74 -45.51 72.97
v 254.85 -23.26 54.80
v 255.63 -29.84 54.80
v 255.63 -29.84 68.95
v 254.85 -23.26 68.95
v 255.63 -29.84 54.80
v 263.76 -28.87 54.80
v 263.76 -28.87 68.95
v 255.63 -29.84 68.95
v 264.43 -29.39 68.95
v 263.50 -21.63 68.95
v 258.84 -22.18 74.52
v 259.77 -29.95 74.52
v 254.95 -29.93 70.00
v 259.77 -29.95 74.52
v 258.84 -22.18 74.52
v 254.85 -23.26 68.95
v 264.43 -29.39 68.95
v 259.77 -29.95 74.52
v 254.95 -29.93 70.00
v 263.50 -21.63 68.95
v 254.85 -23.26 68.95
v 258.84 -22.18 74.52
v 250.81 -23.12 66.51
v 251.74 -30.92 66.51
v 251.87 -26.95 71.85
v 243.31 -27.97 71.85
v 251.87 -26.95 71.85
v 243.84 -32.46 66.51
v 243.44 -24.00 66.51
v 243.31 -27.97 71.85
v 251.74 -30.92 66.51
v 243.84 -32.46 66.51
v 251.87 -26.95 71.85
v 250.81 -23.12 66.51
v 243.31 -27.97 71.85
v 243.44 -24.00 66.51
v 246.09 -31.73 59.18
v 245.94 -30.41 59.18
v 246.43 -30.36 59.18
v 246.58 -31.68 59.18
v 246.58 -31.68 60.76
v 246.43 -30.36 60.76
v 245.94 -30.41 60.76
v 246.09 -31.73 60.76
v 237.29 -33.74 59.60
v 237.59 -32.12 59.60
v 237.78 -33.68 59.60
v 237.78 -33.68 61.61
v 237.59 -32.12 61.61
v 237.29 -33.74 61.61
v 237.78 -33.68 59.60
v 237.59 -32.12 59.60
v 237.59 -32.12 61.61
v 237.78 -33.68 61.61
v 237.59 -32.12 59.60
v 237.29 -33.74 59.60
v 237.29 -33.74 61.61
v 237.59 -32.12 61.61
v 237.29 -33.74 59.60
v 237.78 -33.68 59.60
v 237.78 -33.68 61.61
v 237.29 -33.74 61.61
v 234.64 -33.68 61.61
v 234.45 -32.12 61.61
v 234.45 -32.12 65.61
v 234.64 -33.68 65.61
v 252.65 1.78 54.80
v 254.72 -6.75 54.80
v 254.72 -6.75 65.75
v 252.65 1.78 65.75
v 254.72 -6.75 54.80
v 260.59 -5.33 54.80
v 260.59 -5.33 65.75
v 254.72 -6.75 65.75
v 258.52 3.20 65.75
v 260.59 -5.33 65.75
v 260.14 -0.92 71.72
v 253.10 -2.63 71.72
v 260.14 -0.92 71.72
v 254.72 -6.75 65.75
v 251.93 2.22 65.75
v 253.10 -2.63 71.72
v 260.59 -5.33 65.75
v 254.72 -6.75 65.75
v 260.14 -0.92 71.72
v 258.52 3.20 65.75
v 253.10 -2.63 71.72
v 251.93 2.22 65.75
v 255.05 -5.46 59.03
v 255.16 -3.87 59.03
v 255.52 -5.35 59.03
v 255.52 -5.35 60.46
v 255.16 -3.87 60.46
v 255.05 -5.46 60.46
v 255.52 -5.35 59.03
v 255.16 -3.87 59.03
v 255.16 -3.87 60.46
v 255.52 -5.35 60.46
v 255.16 -3.87 59.03
v 255.05 -5.46 59.03
v 255.05 -5.46 60.46
v 255.16 -3.87 60.46
v 255.05 -5.46 59.03
v 255.52 -5.35 59.03
v 255.52 -5.35 60.46
v 255.05 -5.46 60.46
v 258.55 -5.35 59.03
v 258.19 -3.87 59.03
v 258.19 -3.87 60.46
v 258.55 -5.35 60.46
v 237.62 -10.66 54.80
v 235.66 -2.59 54.80
v 235.66 -2.59 62.62
v 237.62 -10.66 62.62
v 235.66 -2.59 54.80
v 229.38 -4.12 54.80
v 229.38 -4.12 62.62
v 235.66 -2.59 62.62
v 229.38 -4.12 54.80
v 231.34 -12.18 54.80
v 231.34 -12.18 62.62
v 229.38 -4.12 62.62
v 231.34 -12.18 54.80
v 237.62 -10.66 54.80
v 237.62 -10.66 62.62
v 231.34 -12.18 62.62
v 236.10 -1.87 62.62
v 238.34 -11.10 62.62
v 237.22 -6.48 68.27
v 229.78 -8.29 68.27
v 237.22 -6.48 68.27
v 230.90 -12.91 62.62
v 228.66 -3.67 62.62
v 229.78 -8.29 68.27
v 243.87 16.64 59.36
v 243.78 18.26 59.36
v 244.33 16.82 59.36
v 244.33 16.82 61.12
v 243.78 18.26 61.12
v 243.87 16.64 61.12
v 244.33 16.82 59.36
v 243.78 18.26 59.36
v 243.78 18.26 61.12
v 244.33 16.82 61.12
v 243.78 18.26 59.36
v 243.87 16.64 59.36
v 243.87 16.64 61.12
v 243.78 18.26 61.12
v 243.87 16.64 59.36
v 244.33 16.82 59.36
v 244.33 16.82 61.12
v 243.87 16.64 61.12
v 247.41 16.82 59.36
v 246.87 18.26 59.36
v 246.87 18.26 61.12
v 247.41 16.82 61.12
v 240.21 14.62 64.42
v 237.09 21.18 64.42
v 233.08 20.31 69.95
v 235.85 12.97 69.95
v 231.84 12.10 64.42
v 235.85 12.97 69.95
v 233.08 20.31 69.95
v 228.72 18.66 64.42
v 240.21 14.62 64.42
v 235.85 12.97 69.95
v 231.84 12.10 64.42
v 237.09 21.18 64.42
v 228.72 18.66 64.42
v 233.08 20.31 69.95
v 233.79 12.28 58.76
v 232.95 13.12 58.76
v 233.41 13.30 58.76
v 233.79 12.28 59.93
v 233.41 13.30 59.93
v 232.95 13.12 59.93
v 233.79 12.28 58.76
v 233.41 13.30 58.76
v 233.41 13.30 59.93
v 233.79 12.28 59.93
v 233.41 13.30 58.76
v 232.95 13.12 58.76
v 232.95 13.12 59.93
v 233.41 13.30 59.93
v 232.95 13.12 58.76
v 233.79 12.28 58.76
v 233.79 12.28 59.93
v 232.95 13.12 59.93
v 235.97 12.28 58.76
v 233.79 12.28 58.76
v 235.59 13.30 58.76
v 235.97 12.28 59.93
v 235.59 13.30 59.93
v 233.79 12.28 59.93
v 235.97 12.28 58.76
v 235.59 13.30 58.76
v 235.59 13.30 59.93
v 235.97 12.28 59.93
v 232.95 13.12 59.93
v 233.79 12.28 59.93
v 233.79 12.28 62.26
v 232.95 13.12 62.26
v 235.97 12.28 59.93
v 233.79 12.28 59.93
v 235.59 13.30 59.93
v 235.97 12.28 62.26
v 235.59 13.30 62.26
v 233.79 12.28 62.26
v 235.97 12.28 59.93
v 235.59 13.30 59.93
v 235.59 13.30 62.26
v 235.97 12.28 62.26
v 235.59 13.30 59.93
v 233.79 12.28 59.93
v 233.79 12.28 62.26
v 235.59 13.30 62.26
v 233.79 12.28 59.93
v 235.97 12.28 59.93
v 235.97 12.28 62.26
v 233.79 12.28 62.26
v 228.90 10.32 67.55
v 226.11 17.71 67.55
v 226.31 18.16 72.75
v 229.35 10.12 72.75
v 226.11 17.71 67.55
v 217.76 14.93 67.55
v 217.49 14.04 72.87
v 226.31 18.16 72.75
v 217.76 14.93 67.55
v 221.00 7.34 67.55
v 220.80 6.89 72.75
v 217.49 14.04 72.87
v 221.00 7.34 67.55
v 228.90 10.32 67.55
v 229.35 10.12 72.75
v 220.80 6.89 72.75
v 229.35 10.12 72.75
v 226.31 18.16 72.75
v 220.51 16.06 78.96
v 225.16 8.27 78.48
v 220.66 6.56 72.75
v 225.16 8.27 78.48
v 220.51 16.06 78.96
v 217.49 14.04 72.87
v 222.21 9.14 66.09
v 221.75 8.97 66.09
v 221.75 8.97 68.92
v 222.21 9.14 68.92
v 221.75 8.97 66.09
v 222.68 7.89 66.09
v 222.68 7.89 68.92
v 221.75 8.97 68.92
v 225.36 7.89 66.09
v 224.89 9.14 66.09
v 224.89 9.14 68.92
v 225.36 7.89 68.92
v 224.89 9.14 66.09
v 225.36 7.89 66.09
v 225.36 7.89 68.92
v 224.89 9.14 68.92
v 225.65 34.87 54.80
v 222.15 41.45 54.80
v 228.06 44.60 54.80
v 231.56 38.01 54.80
v 231.56 38.01 67.28
v 228.06 44.60 67.28
v 222.15 41.45 67.28
v 225.65 34.87 67.28
v 222.32 32.71 65.62
v 215.56 29.11 65.62
v 220.41 36.31 70.35
v 218.50 39.91 65.62
v 213.64 32.71 70.35
v 212.54 36.06 65.62
v 215.93 30.78 59.00
v 215.39 31.80 59.00
v 216.36 31.01 59.00
v 216.36 31.01 60.41
v 215.39 31.80 60.41
v 215.93 30.78 60.41
v 216.36 31.01 59.00
v 215.39 31.80 59.00
v 215.39 31.80 60.41
v 216.36 31.01 60.41
v 215.39 31.80 59.00
v 215.93 30.78 59.00
v 215.93 30.78 60.41
v 215.39 31.80 60.41
v 193.26 41.84 68.41
v 188.45 48.55 68.41
v 182.80 44.50 68.41
v 187.61 37.79 68.41
v 192.77 41.92 64.56
v 188.45 48.55 64.56
v 188.45 48.55 68.41
v 193.26 41.84 68.41
v 188.45 48.55 64.56
v 183.29 44.42 64.56
v 182.80 44.50 68.41
v 188.45 48.55 68.41
v 183.29 44.42 64.56
v 187.69 38.28 64.56
v 187.61 37.79 68.41
v 182.80 44.50 68.41
v 187.69 38.28 64.56
v 192.77 41.92 64.56
v 193.26 41.84 68.41
v 187.61 37.79 68.41
v 188.45 48.55 68.41
v 193.61 41.78 68.41
v 191.06 45.34 73.55
v 185.00 41.00 73.55
v 182.85 75.05 64.19
v 180.73 67.12 70.00
v 177.37 70.65 64.19
v 182.34 65.97 58.72
v 181.68 67.37 58.72
v 182.70 66.31 58.72
v 182.70 66.31 59.84
v 181.68 67.37 59.84
v 182.34 65.97 59.84
v 182.70 66.31 58.72
v 181.68 67.37 58.72
v 181.68 67.37 59.84
v 182.70 66.31 59.84
v 181.68 67.37 58.72
v 182.34 65.97 58.72
v 182.34 65.97 59.84
v 181.68 67.37 59.84
v 182.34 65.97 58.72
v 182.70 66.31 58.72
v 182.70 66.31 59.84
v 182.34 65.97 59.84
v 182.70 66.31 62.07
v 181.59 68.05 62.00
v 182.34 65.97 62.07
v 182.70 66.31 59.84
v 181.68 67.37 59.84
v 181.59 68.05 62.00
v 182.70 66.31 62.07
v 181.68 67.37 59.84
v 182.34 65.97 59.84
v 182.34 65.97 62.07
v 181.59 68.05 62.00
v 182.34 65.97 59.84
v 182.70 66.31 59.84
v 182.70 66.31 62.07
v 182.34 65.97 62.07
v 185.28 65.97 59.84
v 182.70 66.31 59.84
v 185.63 66.31 59.84
v 185.63 66.31 62.07
v 182.70 66.31 62.07
v 185.28 65.97 62.07
v 187.46 -166.49 64.01
v 178.11 -164.63 70.13
v 181.66 -161.78 64.01
v 182.22 -171.43 58.68
v 183.30 -170.30 58.68
v 183.30 -170.30 59.76
v 182.22 -171.43 59.76
v 183.30 -170.30 58.68
v 182.22 -171.43 58.68
v 182.22 -171.43 59.76
v 183.30 -170.30 59.76
v 182.22 -171.43 59.76
v 183.30 -170.30 59.76
v 183.30 -170.30 61.92
v 182.22 -171.43 61.92
v 183.30 -170.30 59.76
v 182.22 -171.43 59.76
v 182.22 -171.43 61.92
v 183.30 -170.30 61.92
v 173.50 -165.41 54.80
v 178.68 -159.98 54.80
v 178.68 -159.98 65.97
v 173.50 -165.41 65.97
v 189.14 -149.20 54.80
v 194.09 -142.28 54.80
v 199.75 -146.34 54.80
v 194.80 -153.25 54.80
v 194.80 -153.25 62.91
v 199.75 -146.34 62.91
v 194.09 -142.28 62.91
v 189.14 -149.20 62.91
v 194.80 -153.25 54.80
v 199.75 -146.34 54.80
v 199.75 -146.34 62.91
v 194.80 -153.25 62.91
v 199.75 -146.34 54.80
v 194.09 -142.28 54.80
v 194.09 -142.28 62.91
v 199.75 -146.34 62.91
v 194.09 -142.28 54.80
v 189.14 -149.20 54.80
v 189.14 -149.20 62.91
v 194.09 -142.28 62.91
v 189.14 -149.20 54.80
v 194.80 -153.25 54.80
v 194.80 -153.25 62.91
v 189.14 -149.20 62.91
v 200.24 -146.26 66.02
v 194.94 -154.09 66.02
v 197.76 -150.15 71.81
v 191.13 -145.39 71.81
v 197.76 -150.15 71.81
v 188.65 -149.28 66.02
v 194.01 -141.79 66.02
v 191.13 -145.39 71.81
v 194.94 -154.09 66.02
v 188.65 -149.28 66.02
v 197.76 -150.15 71.81
v 200.24 -146.26 66.02
v 191.13 -145.39 71.81
v 194.01 -141.79 66.02
v 193.21 -150.39 59.09
v 193.61 -150.68 59.09
v 192.76 -151.86 59.09
v 192.76 -151.86 60.57
v 193.61 -150.68 60.57
v 193.21 -150.39 60.57
v 223.63 -142.13 62.66
v 227.04 -135.72 62.66
v 227.51 -135.58 65.65
v 223.78 -142.61 65.65
v 227.04 -135.72 62.66
v 220.55 -131.87 62.66
v 220.55 -131.87 65.65
v 227.51 -135.58 65.65
v 220.55 -131.87 62.66
v 217.28 -138.76 62.66
v 216.81 -138.91 65.65
v 220.55 -131.87 65.65
v 217.28 -138.76 62.66
v 223.63 -142.13 62.66
v 223.78 -142.61 65.65
v 216.81 -138.91 65.65
v 227.51 -135.58 65.65
v 223.78 -142.61 65.65
v 225.87 -139.21 70.59
v 218.46 -135.27 70.59
v 225.87 -139.21 70.59
v 216.81 -138.91 65.65
v 220.55 -131.87 65.65
v 218.46 -135.27 70.59
v 224.08 -135.23 65.65
v 225.06 -135.75 65.65
v 224.54 -136.72 65.65
v 224.54 -136.72 68.85
v 225.06 -135.75 68.85
v 224.08 -135.23 68.85
v 224.54 -136.72 65.65
v 225.06 -135.75 65.65
v 225.06 -135.75 68.85
v 224.54 -136.72 68.85
v 225.06 -135.75 65.65
v 224.08 -135.23 65.65
v 224.08 -135.23 68.85
v 225.06 -135.75 68.85
v 224.08 -135.23 65.65
v 224.54 -136.72 65.65
v 224.54 -136.72 68.85
v 224.08 -135.23 68.85
v 206.98 -134.15 54.80
v 211.10 -126.39 54.80
v 218.23 -130.18 54.80
v 214.12 -137.94 54.80
v 214.12 -137.94 62.82
v 218.23 -130.18 62.82
v 211.10 -126.39 62.82
v 206.98 -134.15 62.82
v 214.12 -137.94 54.80
v 218.23 -130.18 54.80
v 218.23 -130.18 62.82
v 214.12 -137.94 62.82
v 218.23 -130.18 54.80
v 211.10 -126.39 54.80
v 211.10 -126.39 62.82
v 218.23 -130.18 62.82
v 211.10 -126.39 54.80
v 206.98 -134.15 54.80
v 206.98 -134.15 62.82
v 211.10 -126.39 62.82
v 206.98 -134.15 54.80
v 214.12 -137.94 54.80
v 214.12 -137.94 62.82
v 206.98 -134.15 62.82
v 206.51 -134.29 62.82
v 211.10 -126.39 62.82
v 218.23 -130.18 62.82
v 214.12 -137.94 62.82
v 197.97 -128.54 64.62
v 201.05 -130.86 69.80
v 205.06 -123.32 69.80
v 201.41 -122.06 64.62
v 204.70 -132.11 64.62
v 201.05 -130.86 69.80
v 197.97 -128.54 64.62
v 207.52 -124.46 64.00
v 201.41 -122.06 64.62
v 205.06 -123.32 69.80
v 204.21 -131.43 58.80
v 204.79 -130.34 58.80
v 204.79 -130.34 60.01
v 204.21 -131.43 60.01
v 204.79 -130.34 58.80
v 204.21 -131.43 58.80
v 204.21 -131.43 60.01
v 204.79 -130.34 60.01
v 204.21 -131.43 60.01
v 204.79 -130.34 60.01
v 204.79 -130.34 62.41
v 204.21 -131.43 62.41
v 204.79 -130.34 60.01
v 204.21 -131.43 60.01
v 204.21 -131.43 62.41
v 204.79 -130.34 62.41
v 204.47 -126.00 64.62
v 204.99 -125.03 64.62
v 205.45 -126.52 64.62
v 205.45 -126.52 67.82
v 204.99 -125.03 67.82
v 204.47 -126.00 67.82
v 205.45 -126.52 64.62
v 204.99 -125.03 64.62
v 204.99 -125.03 67.82
v 205.45 -126.52 67.82
v 204.99 -125.03 64.62
v 204.47 -126.00 64.62
v 204.47 -126.00 67.82
v 204.99 -125.03 67.82
v 204.47 -126.00 64.62
v 205.45 -126.52 64.62
v 205.45 -126.52 67.82
v 204.47 -126.00 67.82
v 241.13 -115.49 68.19
v 233.22 -111.86 68.19
v 237.56 -113.50 73.69
v 235.03 -121.80 59.52
v 234.97 -120.57 59.52
v 235.43 -120.74 59.52
v 235.03 -121.80 59.52
v 235.43 -120.74 59.52
v 234.97 -120.57 59.52
v 237.30 -121.80 59.52
v 235.43 -120.74 59.52
v 237.70 -120.74 59.52
v 237.30 -121.80 59.52
v 237.70 -120.74 59.52
v 235.43 -120.74 59.52
v 235.03 -121.80 63.36
v 234.97 -120.57 63.36
v 235.43 -120.74 63.36
v 228.73 -112.74 62.65
v 228.09 -111.33 62.65
v 229.12 -111.71 62.65
v 228.73 -112.74 65.85
v 229.12 -111.71 65.85
v 228.09 -111.33 65.85
v 228.73 -112.74 62.65
v 229.12 -111.71 62.65
v 229.12 -111.71 65.85
v 228.73 -112.74 65.85
v 229.12 -111.71 62.65
v 228.09 -111.33 62.65
v 228.09 -111.33 65.85
v 229.12 -111.71 65.85
v 228.09 -111.33 62.65
v 228.73 -112.74 62.65
v 228.73 -112.74 65.85
v 228.09 -111.33 65.85
v 211.23 -111.76 54.80
v 213.80 -104.94 54.80
v 219.57 -107.12 54.80
v 217.00 -113.94 54.80
v 217.21 -114.39 71.06
v 220.03 -106.92 71.06
v 213.60 -104.49 71.06
v 210.78 -111.96 71.06
v 217.00 -113.94 66.39
v 220.03 -106.92 66.39
v 220.03 -106.92 71.06
v 217.21 -114.39 71.06
v 220.03 -106.92 66.39
v 213.80 -104.94 66.39
v 213.60 -104.49 71.06
v 220.03 -106.92 71.06
v 213.80 -104.94 66.39
v 210.78 -111.96 66.39
v 210.78 -111.96 71.06
v 213.60 -104.49 71.06
v 210.78 -111.96 66.39
v 217.00 -113.94 66.39
v 217.21 -114.39 71.06
v 210.78 -111.96 71.06
v 220.03 -106.92 71.06
v 217.35 -114.71 71.06
v 218.85 -110.74 76.02
v 211.95 -108.14 76.02
v 217.06 -111.92 65.08
v 216.63 -113.06 65.08
v 217.00 -113.94 66.39
v 217.06 -111.92 67.57
v 216.84 -108.59 71.06
v 217.23 -107.56 71.06
v 217.87 -108.98 71.06
v 217.87 -108.98 74.27
v 217.23 -107.56 74.27
v 216.84 -108.59 74.27
v 217.87 -108.98 71.06
v 217.23 -107.56 71.06
v 217.23 -107.56 74.27
v 217.87 -108.98 74.27
v 217.23 -107.56 71.06
v 216.84 -108.59 71.06
v 216.84 -108.59 74.27
v 217.23 -107.56 74.27
v 216.84 -108.59 71.06
v 217.87 -108.98 71.06
v 217.87 -108.98 74.27
v 216.84 -108.59 74.27
v 240.82 -98.17 68.69
v 242.55 -91.04 68.69
v 249.21 -92.29 68.69
v 247.05 -99.68 68.69
v 247.31 -100.10 74.39
v 249.21 -92.29 74.39
v 242.29 -90.61 74.39
v 240.40 -98.42 74.39
v 247.05 -99.68 68.69
v 249.21 -92.29 68.69
v 249.21 -92.29 74.39
v 247.31 -100.10 74.39
v 249.21 -92.29 68.69
v 242.55 -91.04 68.69
v 242.29 -90.61 74.39
v 249.21 -92.29 74.39
v 242.55 -91.04 68.69
v 240.82 -98.17 68.69
v 240.40 -98.42 74.39
v 242.29 -90.61 74.39
v 240.82 -98.17 68.69
v 247.05 -99.68 68.69
v 247.31 -100.10 74.39
v 240.40 -98.42 74.39
v 233.23 -96.08 60.03
v 235.10 -97.11 60.03
v 235.10 -97.11 62.46
v 233.23 -96.08 62.46
v 232.98 -97.11 64.89
v 232.75 -95.96 64.89
v 233.23 -96.08 64.89
v 232.98 -97.11 67.31
v 233.23 -96.08 67.31
v 232.75 -95.96 67.31
v 232.98 -97.11 64.89
v 233.23 -96.08 64.89
v 233.23 -96.08 67.31
v 232.98 -97.11 67.31
v 233.23 -96.08 64.89
v 232.75 -95.96 64.89
v 232.75 -95.96 67.31
v 233.23 -96.08 67.31
v 232.75 -95.96 64.89
v 232.98 -97.11 64.89
v 232.98 -97.11 67.31
v 232.75 -95.96 67.31
v 235.10 -97.11 64.89
v 233.23 -96.08 64.89
v 233.23 -96.08 67.31
v 235.10 -97.11 67.31
v 233.23 -96.08 64.89
v 235.10 -97.11 64.89
v 235.10 -97.11 67.31
v 233.23 -96.08 67.31
v 218.70 -92.78 54.80
v 220.43 -85.67 54.80
v 227.41 -87.37 54.80
v 225.69 -94.48 54.80
v 225.69 -94.48 68.31
v 227.41 -87.37 68.31
v 220.43 -85.67 68.31
v 218.70 -92.78 68.31
v 225.69 -94.48 54.80
v 227.41 -87.37 54.80
v 227.41 -87.37 68.31
v 225.69 -94.48 68.31
v 227.41 -87.37 54.80
v 220.43 -85.67 54.80
v 220.43 -85.67 68.31
v 227.41 -87.37 68.31
v 246.33 -77.15 54.80
v 247.44 -67.76 54.80
v 255.22 -68.69 54.80
v 254.10 -78.08 54.80
v 254.10 -78.08 69.21
v 255.22 -68.69 69.21
v 247.44 -67.76 69.21
v 246.33 -77.15 69.21
v 254.10 -78.08 54.80
v 255.22 -68.69 54.80
v 255.22 -68.69 69.21
v 254.10 -78.08 69.21
v 255.22 -68.69 54.80
v 247.44 -67.76 54.80
v 247.44 -67.76 69.21
v 255.22 -68.69 69.21
v 247.44 -67.76 54.80
v 246.33 -77.15 54.80
v 246.33 -77.15 69.21
v 247.44 -67.76 69.21
v 246.33 -77.15 54.80
v 254.10 -78.08 54.80
v 254.10 -78.08 69.21
v 246.33 -77.15 69.21
v 225.42 -66.17 54.80
v 224.54 -73.53 54.80
v 224.54 -73.53 66.49
v 225.42 -66.17 66.49
v 224.54 -73.53 54.80
v 231.25 -74.33 54.80
v 231.25 -74.33 66.49
v 224.54 -73.53 66.49
v 224.15 -73.84 66.49
v 225.11 -65.78 66.49
v 232.13 -66.97 66.49
v 231.25 -74.33 66.49
v 231.56 -74.72 71.21
v 232.51 -66.67 71.21
v 225.11 -65.78 71.21
v 224.15 -73.84 71.21
v 231.25 -74.33 66.49
v 232.13 -66.97 66.49
v 232.51 -66.67 71.21
v 231.56 -74.72 71.21
v 232.13 -66.97 66.49
v 225.11 -65.78 66.49
v 225.11 -65.78 71.21
v 232.51 -66.67 71.21
v 225.11 -65.78 66.49
v 224.15 -73.84 66.49
v 224.15 -73.84 71.21
v 225.11 -65.78 71.21
v 224.15 -73.84 66.49
v 231.25 -74.33 66.49
v 231.56 -74.72 71.21
v 224.15 -73.84 71.21
v 232.51 -66.67 71.21
v 231.78 -75.00 71.21
v 232.28 -70.72 76.25
v 224.38 -69.78 76.25
v 232.28 -70.72 76.25
v 224.15 -73.84 71.21
v 225.11 -65.78 71.21
v 224.38 -69.78 76.25
v 231.78 -75.00 71.21
v 224.15 -73.84 71.21
v 232.28 -70.72 76.25
v 232.51 -66.67 71.21
v 224.38 -69.78 76.25
v 225.11 -65.78 71.21
v 186.59 76.72 48.00
v 187.39 74.25 48.00
v 187.39 74.25 72.00
v 186.59 76.72 72.00
v 187.39 74.25 48.00
v 189.49 72.72 48.00
v 189.49 72.72 72.00
v 187.39 74.25 72.00
v 189.49 72.72 48.00
v 192.08 72.72 48.00
v 192.08 72.72 72.00
v 189.49 72.72 72.00
v 192.08 72.72 48.00
v 194.18 74.25 48.00
v 194.18 74.25 72.00
v 192.08 72.72 72.00
v 194.18 74.25 48.00
v 194.99 76.72 48.00
v 194.99 76.72 72.00
v 194.18 74.25 72.00
v 194.99 76.72 72.00
v 194.18 79.19 72.00
v 192.08 80.71 72.00
v 189.49 80.71 72.00
v 187.39 79.19 72.00
v 186.59 76.72 72.00
v 187.39 74.25 72.00
v 189.49 72.72 72.00
v 192.08 72.72 72.00
v 194.18 74.25 72.00
v 258.16 -48.47 40.80
v 251.62 -48.47 40.80
v 251.62 -48.47 51.71
v 258.16 -48.47 51.71
v 251.62 -48.47 40.80
v 251.62 -55.53 40.80
v 251.62 -55.53 51.71
v 251.62 -48.47 51.71
v 251.62 -55.53 40.80
v 258.16 -55.53 40.80
v 258.16 -55.53 51.71
v 251.62 -55.53 51.71
v 251.62 -55.53 51.71
v 251.27 -48.12 51.71
v 258.51 -48.12 51.71
v 258.16 -55.53 51.71
v 258.51 -55.88 56.08
v 258.51 -48.12 56.08
v 251.27 -48.12 56.08
v 251.27 -55.88 56.08
v 258.16 -55.53 51.71
v 258.51 -48.12 51.71
v 258.51 -48.12 56.08
v 258.51 -55.88 56.08
v 263.76 -28.87 54.80
v 261.69 -22.11 53.23
v 254.85 -23.26 54.80
v 255.63 -29.84 54.80
v 262.62 -29.83 40.80
v 261.69 -22.11 40.80
v 261.69 -22.11 53.23
v 263.76 -28.87 54.80
v 261.69 -22.11 40.80
v 254.68 -22.95 40.80
v 254.85 -23.26 54.80
v 261.69 -22.11 53.23
v 254.68 -22.95 40.80
v 255.61 -30.68 40.80
v 255.63 -29.84 54.80
v 254.85 -23.26 54.80
v 255.61 -30.68 40.80
v 262.62 -29.83 40.80
v 263.76 -28.87 54.80
v 255.63 -29.84 54.80
v 262.22 -21.44 53.23
v 263.76 -28.87 54.80
v 262.75 -25.90 58.52
v 254.55 -26.89 58.52
v 249.52 -30.95 49.09
v 248.69 -24.13 49.09
v 241.50 -25.00 49.09
v 242.32 -31.81 49.09
v 249.52 -30.95 40.80
v 248.69 -24.13 40.80
v 248.69 -24.13 49.09
v 249.52 -30.95 49.09
v 248.69 -24.13 40.80
v 241.50 -25.00 40.80
v 241.50 -25.00 49.09
v 248.69 -24.13 49.09
v 241.50 -25.00 40.80
v 242.32 -31.81 40.80
v 242.32 -31.81 49.09
v 241.50 -25.00 49.09
v 242.32 -31.81 40.80
v 249.52 -30.95 40.80
v 249.52 -30.95 49.09
v 242.32 -31.81 49.09
v 242.32 -31.81 49.09
v 241.50 -25.00 49.09
v 248.69 -24.13 49.09
v 249.52 -30.95 49.09
v 272.23 9.10 49.08
v 265.18 1.91 55.47
v 263.92 7.06 49.08
v 271.42 -1.36 44.50
v 270.55 0.11 44.50
v 271.02 0.23 44.50
v 271.42 -1.36 44.50
v 271.02 0.23 44.50
v 270.55 0.11 44.50
v 271.42 -1.36 46.29
v 270.55 0.11 46.29
v 271.02 0.23 46.29
v 271.42 -1.36 46.29
v 271.02 0.23 46.29
v 270.55 0.11 46.29
v 253.23 -4.47 40.80
v 251.63 2.01 40.80
v 259.46 3.94 40.80
v 261.05 -2.55 40.80
v 261.05 -2.55 52.26
v 259.46 3.94 52.26
v 251.63 2.01 52.26
v 253.23 -4.47 52.26
v 261.05 -2.55 40.80
v 259.46 3.94 40.80
v 259.46 3.94 52.26
v 261.05 -2.55 52.26
v 259.46 3.94 40.80
v 251.63 2.01 40.80
v 251.63 2.01 52.26
v 259.46 3.94 52.26
v 251.63 2.01 40.80
v 253.23 -4.47 40.80
v 253.23 -4.47 52.26
v 251.63 2.01 52.26
v 253.23 -4.47 40.80
v 261.05 -2.55 40.80
v 261.05 -2.55 52.26
v 253.23 -4.47 52.26
v 252.97 -4.90 52.26
v 251.21 2.27 52.26
v 259.71 4.36 52.26
v 261.05 -2.55 52.26
v 246.32 21.49 49.56
v 246.81 20.22 49.56
v 246.81 20.22 51.55
v 246.32 21.49 51.55
v 230.42 14.59 40.80
v 227.78 21.49 40.80
v 234.94 24.23 40.80
v 237.58 17.33 40.80
v 237.58 17.33 53.41
v 234.94 24.23 53.41
v 227.78 21.49 53.41
v 230.42 14.59 53.41
v 237.58 17.33 40.80
v 234.94 24.23 40.80
v 234.94 24.23 53.41
v 237.58 17.33 53.41
v 234.94 24.23 40.80
v 227.78 21.49 40.80
v 227.78 21.49 53.41
v 234.94 24.23 53.41
v 227.78 21.49 40.80
v 230.42 14.59 40.80
v 230.42 14.59 53.41
v 227.78 21.49 53.41
v 213.33 36.02 52.43
v 213.90 34.96 52.43
v 213.90 34.96 55.37
v 213.33 36.02 55.37
v 216.31 34.96 52.43
v 215.30 35.79 52.43
v 215.74 36.02 52.43
v 216.31 34.96 55.37
v 215.74 36.02 55.37
v 215.30 35.79 55.37
v 216.31 34.96 52.43
v 215.74 36.02 52.43
v 215.74 36.02 55.37
v 216.31 34.96 55.37
v 215.74 36.02 52.43
v 215.30 35.79 52.43
v 215.30 35.79 55.37
v 215.74 36.02 55.37
v 215.30 35.79 52.43
v 216.31 34.96 52.43
v 216.31 34.96 55.37
v 215.30 35.79 55.37
v 207.74 61.14 50.63
v 205.14 58.52 55.59
v 201.84 56.86 50.63
v 203.70 66.70 50.63
v 197.81 62.42 50.63
v 200.40 65.05 55.59
v 192.88 49.24 40.80
v 187.78 56.27 40.80
v 193.29 60.27 40.80
v 198.39 53.24 40.80
v 198.39 53.24 49.14
v 193.29 60.27 49.14
v 187.78 56.27 49.14
v 192.88 49.24 49.14
v 198.39 53.24 40.80
v 193.29 60.27 40.80
v 193.29 60.27 49.14
v 198.39 53.24 49.14
v 193.29 60.27 40.80
v 187.78 56.27 40.80
v 187.78 56.27 49.14
v 193.29 60.27 49.14
v 178.68 82.52 40.80
v 174.32 78.31 40.80
v 174.32 78.31 49.06
v 178.68 82.52 49.06
v 174.32 78.31 40.80
v 180.58 71.83 40.80
v 180.58 71.83 49.06
v 174.32 78.31 49.06
v 180.58 71.83 40.80
v 184.95 76.04 40.80
v 184.95 76.04 49.06
v 180.58 71.83 49.06
v 178.68 82.52 49.06
v 184.95 76.04 49.06
v 182.25 79.70 55.19
v 177.02 74.65 55.19
v 182.25 79.70 55.19
v 180.58 71.83 49.06
v 173.47 78.32 49.06
v 177.02 74.65 55.19
v 184.95 76.04 49.06
v 180.58 71.83 49.06
v 182.25 79.70 55.19
v 178.68 82.52 49.06
v 177.02 74.65 55.19
v 173.47 78.32 49.06
v 178.79 73.88 44.49
v 177.35 74.66 44.49
v 177.70 75.00 44.49
v 178.79 73.88 44.49
v 177.70 75.00 44.49
v 177.35 74.66 44.49
v 178.79 73.88 46.27
v 177.35 74.66 46.27
v 177.70 75.00 46.27
v 178.79 73.88 46.27
v 177.70 75.00 46.27
v 177.35 74.66 46.27
v 179.66 -186.36 40.80
v 184.81 -181.02 40.80
v 189.46 -185.52 40.80
v 184.30 -190.85 40.80
v 170.78 -179.23 40.80
v 177.38 -172.40 40.80
v 182.21 -177.06 40.80
v 175.61 -183.89 40.80
v 175.61 -183.89 49.64
v 182.21 -177.06 49.64
v 177.38 -172.40 49.64
v 170.78 -179.23 49.64
v 175.61 -183.89 40.80
v 182.21 -177.06 40.80
v 182.21 -177.06 49.64
v 175.61 -183.89 49.64
v 182.21 -177.06 40.80
v 177.38 -172.40 40.80
v 177.38 -172.40 49.64
v 182.21 -177.06 49.64
v 170.78 -179.23 49.64
v 177.38 -172.40 49.64
v 182.70 -177.05 49.64
v 175.61 -183.89 49.64
v 175.62 -184.38 53.08
v 182.70 -177.05 53.08
v 177.38 -171.90 53.08
v 170.29 -179.23 53.08
v 208.16 -173.70 46.58
v 207.47 -174.65 46.58
v 207.47 -174.65 49.55
v 208.16 -173.70 49.55
v 209.81 -174.65 46.58
v 210.49 -173.70 46.58
v 210.49 -173.70 49.55
v 209.81 -174.65 49.55
v 210.49 -173.70 46.58
v 209.81 -174.65 46.58
v 209.81 -174.65 49.55
v 210.49 -173.70 49.55
v 210.76 -168.03 52.04
v 211.65 -168.68 52.04
v 211.00 -169.56 52.04
v 211.00 -169.56 55.24
v 211.65 -168.68 55.24
v 210.76 -168.03 55.24
v 211.00 -169.56 52.04
v 211.65 -168.68 52.04
v 211.65 -168.68 55.24
v 211.00 -169.56 55.24
v 198.69 -158.13 40.80
v 194.23 -164.27 40.80
v 194.23 -164.27 48.79
v 198.69 -158.13 48.79
v 194.23 -164.27 40.80
v 199.94 -168.42 40.80
v 199.94 -168.42 48.79
v 194.23 -164.27 48.79
v 205.24 -162.14 48.79
v 199.94 -168.42 48.79
v 202.65 -165.70 53.96
v 195.97 -160.85 53.96
v 202.65 -165.70 53.96
v 193.39 -164.41 48.79
v 198.69 -158.13 48.79
v 195.97 -160.85 53.96
v 199.94 -168.42 48.79
v 193.39 -164.41 48.79
v 202.65 -165.70 53.96
v 205.24 -162.14 48.79
v 195.97 -160.85 53.96
v 198.69 -158.13 48.79
v 189.75 -161.64 51.50
v 184.04 -158.24 51.50
v 192.76 -158.52 57.34
v 194.80 -154.69 51.50
v 186.91 -154.28 57.34
v 189.93 -151.15 51.50
v 191.08 -160.02 44.98
v 191.95 -158.83 44.98
v 191.95 -158.83 46.36
v 191.08 -160.02 46.36
v 191.95 -158.83 44.98
v 191.08 -160.02 44.98
v 191.08 -160.02 46.36
v 191.95 -158.83 46.36
v 191.08 -160.02 46.36
v 191.95 -158.83 46.36
v 191.95 -158.83 49.12
v 191.08 -160.02 49.12
v 191.95 -158.83 46.36
v 191.08 -160.02 46.36
v 191.08 -160.02 49.12
v 191.95 -158.83 49.12
v 232.22 -156.36 53.32
v 235.66 -149.97 53.32
v 232.00 -147.72 58.68
v 228.32 -154.54 58.68
v 224.33 -152.39 53.32
v 228.32 -154.54 58.68
v 232.00 -147.72 58.68
v 228.10 -145.91 53.32
v 232.22 -156.36 53.32
v 228.32 -154.54 58.68
v 224.33 -152.39 53.32
v 235.66 -149.97 53.32
v 228.10 -145.91 53.32
v 232.00 -147.72 58.68
v 229.05 -155.54 45.34
v 228.62 -155.30 45.34
v 228.62 -155.30 47.09
v 229.05 -155.54 47.09
v 228.62 -155.30 45.34
v 229.05 -155.54 45.34
v 229.05 -155.54 47.09
v 228.62 -155.30 47.09
v 224.59 -143.43 54.19
v 220.56 -150.39 54.19
v 222.62 -147.07 59.02
v 216.26 -143.65 59.02
v 222.62 -147.07 59.02
v 214.64 -147.20 54.19
v 218.33 -140.34 54.19
v 216.26 -143.65 59.02
v 220.56 -150.39 54.19
v 214.64 -147.20 54.19
v 222.62 -147.07 59.02
v 224.59 -143.43 54.19
v 216.26 -143.65 59.02
v 218.33 -140.34 54.19
v 218.20 -148.88 45.52
v 217.77 -148.65 45.52
v 217.77 -148.65 47.44
v 218.20 -148.88 47.44
v 217.77 -148.65 45.52
v 218.20 -148.88 45.52
v 218.20 -148.88 47.44
v 217.77 -148.65 47.44
v 206.47 -134.13 49.41
v 203.40 -140.58 49.41
v 202.92 -140.73 52.74
v 206.47 -134.13 52.74
v 203.40 -140.58 49.41
v 210.83 -144.59 49.41
v 210.97 -145.06 52.74
v 202.92 -140.73 52.74
v 211.07 -145.40 52.74
v 214.53 -138.46 52.74
v 210.62 -136.07 58.48
v 206.83 -143.11 58.48
v 202.58 -140.83 52.74
v 206.83 -143.11 58.48
v 210.62 -136.07 58.48
v 206.47 -134.13 52.74
v 211.07 -145.40 52.74
v 206.83 -143.11 58.48
v 202.58 -140.83 52.74
v 214.53 -138.46 52.74
v 206.47 -134.13 52.74
v 210.62 -136.07 58.48
v 223.79 -123.60 45.20
v 224.29 -122.28 45.20
v 224.29 -122.28 46.81
v 223.79 -123.60 46.81
v 224.29 -122.28 45.20
v 223.79 -123.60 45.20
v 223.79 -123.60 46.81
v 224.29 -122.28 46.81
v 250.58 -106.58 40.80
v 252.56 -98.54 40.80
v 259.79 -100.32 40.80
v 257.82 -108.36 40.80
v 257.82 -108.36 50.77
v 259.79 -100.32 50.77
v 252.56 -98.54 50.77
v 250.58 -106.58 50.77
v 257.82 -108.36 40.80
v 259.79 -100.32 40.80
v 259.79 -100.32 50.77
v 257.82 -108.36 50.77
v 259.79 -100.32 40.80
v 252.56 -98.54 40.80
v 252.56 -98.54 50.77
v 259.79 -100.32 50.77
v 252.56 -98.54 40.80
v 250.58 -106.58 40.80
v 250.58 -106.58 50.77
v 252.56 -98.54 50.77
v 250.58 -106.58 40.80
v 257.82 -108.36 40.80
v 257.82 -108.36 50.77
v 250.58 -106.58 50.77
v 250.58 -106.58 50.77
v 252.56 -98.54 50.77
v 259.79 -100.32 50.77
v 257.82 -108.36 50.77
v 258.07 -108.78 54.72
v 260.22 -100.06 54.72
v 252.30 -98.12 54.72
v 250.16 -106.83 54.72
v 257.82 -108.36 50.77
v 259.79 -100.32 50.77
v 260.22 -100.06 54.72
v 258.07 -108.78 54.72
v 259.79 -100.32 50.77
v 252.56 -98.54 50.77
v 252.30 -98.12 54.72
v 260.22 -100.06 54.72
v 244.87 -105.79 55.17
v 238.90 -104.32 55.17
v 246.58 -101.33 61.61
v 247.13 -96.59 55.17
v 239.44 -99.58 61.61
v 240.72 -94.39 55.17
v 241.40 -104.27 45.71
v 241.79 -102.66 45.71
v 241.79 -102.66 47.83
v 241.40 -104.27 47.83
v 241.79 -102.66 45.71
v 241.40 -104.27 45.71
v 241.40 -104.27 47.83
v 241.79 -102.66 47.83
v 244.71 -104.27 45.71
v 245.10 -102.66 45.71
v 245.10 -102.66 47.83
v 244.71 -104.27 47.83
v 245.10 -102.66 45.71
v 244.71 -104.27 45.71
v 244.71 -104.27 47.83
v 245.10 -102.66 47.83
v 263.49 -81.95 45.40
v 263.68 -80.41 45.40
v 263.68 -80.41 47.20
v 263.49 -81.95 47.20
v 263.68 -80.41 45.40
v 263.49 -81.95 45.40
v 263.49 -81.95 47.20
v 263.68 -80.41 47.20
v 260.38 -81.95 49.00
v 260.57 -80.41 49.00
v 260.57 -80.41 50.80
v 260.38 -81.95 50.80
v 260.57 -80.41 49.00
v 260.38 -81.95 49.00
v 260.38 -81.95 50.80
v 260.57 -80.41 50.80
v 263.49 -81.95 49.00
v 263.68 -80.41 49.00
v 263.68 -80.41 50.80
v 263.49 -81.95 50.80
v 263.68 -80.41 49.00
v 263.49 -81.95 49.00
v 263.49 -81.95 50.80
v 263.68 -80.41 50.80
v 282.01 -55.99 34.00
v 284.11 -54.47 34.00
v 284.11 -54.47 58.00
v 282.01 -55.99 58.00
v 284.11 -54.47 34.00
v 284.91 -52.00 34.00
v 284.91 -52.00 58.00
v 284.11 -54.47 58.00
v 284.91 -52.00 58.00
v 284.11 -49.53 58.00
v 282.01 -48.01 58.00
v 279.41 -48.01 58.00
v 279.31 -50.30 58.35
v 276.51 -52.00 58.00
v 279.31 -53.70 58.35
v 279.41 -55.99 58.00
v 282.01 -55.99 58.00
v 284.11 -54.47 58.00
v 286.38 -52.00 58.00
v 284.11 -49.53 58.00
v 280.71 -52.00 64.00
v 284.11 -49.53 58.00
v 282.01 -48.01 58.00
v 280.71 -52.00 64.00
v 282.01 -48.01 58.00
v 278.96 -46.61 58.00
v 280.71 -52.00 64.00
v 278.96 -46.61 58.00
v 276.12 -48.67 58.00
v 280.71 -52.00 64.00
v 276.12 -48.67 58.00
v 276.51 -52.00 58.00
v 280.71 -52.00 64.00
v 276.51 -52.00 58.00
v 276.12 -55.33 58.00
v 280.71 -52.00 64.00
v 276.12 -55.33 58.00
v 278.96 -57.39 58.00
v 280.71 -52.00 64.00
v 278.96 -57.39 58.00
v 282.46 -57.39 58.00
v 280.71 -52.00 64.00
v 282.46 -57.39 58.00
v 285.30 -55.33 58.00
v 280.71 -52.00 64.00
v 263.96 -108.91 34.00
v 266.06 -110.44 34.00
v 266.06 -110.44 58.00
v 263.96 -108.91 58.00
v 266.06 -110.44 34.00
v 268.66 -110.44 34.00
v 268.66 -110.44 58.00
v 266.06 -110.44 58.00
v 268.66 -110.44 34.00
v 270.76 -108.91 34.00
v 270.76 -108.91 58.00
v 268.66 -110.44 58.00
v 270.76 -108.91 34.00
v 271.56 -106.44 34.00
v 271.56 -106.44 58.00
v 270.76 -108.91 58.00
v 271.56 -106.44 58.00
v 270.76 -103.97 58.00
v 268.66 -102.45 58.00
v 266.06 -102.45 58.00
v 263.96 -103.97 58.00
v 263.16 -106.44 58.00
v 263.96 -108.91 58.00
v 266.06 -110.44 58.00
v 268.66 -110.44 58.00
v 270.76 -108.91 58.00
v 273.03 -106.44 58.00
v 271.95 -103.11 58.00
v 267.36 -106.44 64.00
v 271.95 -103.11 58.00
v 269.12 -101.05 58.00
v 267.36 -106.44 64.00
v 269.12 -101.05 58.00
v 265.61 -101.05 58.00
v 267.36 -106.44 64.00
v 265.61 -101.05 58.00
v 262.78 -103.11 58.00
v 267.36 -106.44 64.00
v 262.78 -103.11 58.00
v 261.69 -106.44 58.00
v 267.36 -106.44 64.00
v 261.69 -106.44 58.00
v 263.96 -108.91 58.00
v 267.36 -106.44 64.00
v 263.96 -108.91 58.00
v 266.06 -110.44 58.00
v 267.36 -106.44 64.00
v 262.02 -13.86 39.46
v 254.11 -14.82 39.46
v 253.72 -14.52 43.72
v 262.32 -13.47 43.72
v 254.11 -14.82 39.46
v 255.03 -22.34 39.46
v 254.73 -22.73 43.72
v 253.72 -14.52 43.72
v 255.03 -22.34 39.46
v 262.94 -21.37 39.46
v 263.33 -21.68 43.72
v 254.73 -22.73 43.72
v 263.33 -21.68 43.72
v 262.54 -13.19 43.72
v 257.99 -13.74 49.14
v 259.06 -22.45 49.14
v 254.73 -22.73 43.72
v 259.06 -22.45 49.14
v 257.99 -13.74 49.14
v 253.72 -14.52 43.72
v 263.33 -21.68 43.72
v 259.06 -22.45 49.14
v 254.73 -22.73 43.72
v 241.09 -24.32 28.80
v 248.70 -23.39 28.80
v 248.70 -23.39 37.85
v 241.09 -24.32 37.85
v 241.09 -24.32 37.85
v 239.72 -15.95 37.85
v 247.71 -15.32 37.85
v 248.70 -23.39 37.85
v 248.69 -24.13 40.80
v 248.02 -14.93 41.38
v 239.72 -15.95 41.38
v 241.50 -25.00 40.80
v 248.70 -23.39 37.85
v 247.71 -15.32 37.85
v 248.02 -14.93 41.38
v 248.69 -24.13 40.80
v 247.71 -15.32 37.85
v 239.72 -15.95 37.85
v 239.72 -15.95 41.38
v 248.02 -14.93 41.38
v 239.72 -15.95 37.85
v 241.09 -24.32 37.85
v 241.50 -25.00 40.80
v 239.72 -15.95 41.38
v 241.09 -24.32 37.85
v 248.70 -23.39 37.85
v 248.69 -24.13 40.80
v 241.50 -25.00 40.80
v 248.02 -14.93 41.38
v 248.69 -24.13 40.80
v 248.80 -19.29 46.91
v 240.00 -20.36 46.91
v 248.80 -19.29 46.91
v 241.50 -25.00 40.80
v 239.72 -15.95 41.38
v 240.00 -20.36 46.91
v 248.69 -24.13 40.80
v 241.50 -25.00 40.80
v 248.80 -19.29 46.91
v 248.02 -14.93 41.38
v 240.00 -20.36 46.91
v 239.72 -15.95 41.38
v 243.34 -24.19 36.87
v 242.86 -24.25 36.87
v 242.86 -24.25 38.63
v 243.34 -24.19 38.63
v 242.86 -24.25 36.87
v 243.34 -24.19 36.87
v 243.34 -24.19 38.63
v 242.86 -24.25 38.63
v 246.12 -24.19 36.87
v 245.63 -24.25 36.87
v 245.63 -24.25 38.63
v 246.12 -24.19 38.63
v 245.63 -24.25 36.87
v 246.12 -24.19 36.87
v 246.12 -24.19 38.63
v 245.63 -24.25 38.63
v 247.35 -18.98 41.38
v 246.13 -18.03 41.38
v 246.13 -18.03 44.58
v 247.35 -18.98 44.58
v 246.13 -18.03 41.38
v 247.35 -18.98 41.38
v 247.35 -18.98 44.58
v 246.13 -18.03 44.58
v 268.25 9.49 28.80
v 266.41 16.86 28.80
v 272.47 18.37 28.80
v 274.31 11.01 28.80
v 259.18 15.42 28.80
v 251.55 13.52 28.80
v 251.55 13.52 38.35
v 259.18 15.42 38.35
v 251.55 13.52 28.80
v 253.56 5.47 28.80
v 253.56 5.47 38.35
v 251.55 13.52 38.35
v 253.56 5.47 28.80
v 261.19 7.37 28.80
v 261.19 7.37 38.35
v 253.56 5.47 38.35
v 259.62 16.15 38.35
v 261.92 6.93 38.35
v 260.77 11.54 44.00
v 251.97 9.35 44.00
v 260.77 11.54 44.00
v 253.56 5.47 38.35
v 251.55 13.52 38.35
v 251.97 9.35 44.00
v 261.92 6.93 38.35
v 253.56 5.47 38.35
v 260.77 11.54 44.00
v 255.36 6.01 36.20
v 255.02 7.38 36.20
v 254.89 5.89 36.20
v 255.36 6.01 33.90
v 255.02 7.38 33.90
v 255.02 7.38 36.20
v 255.36 6.01 36.20
v 255.02 7.38 33.90
v 254.89 5.89 33.90
v 254.89 5.89 36.20
v 255.02 7.38 36.20
v 254.89 5.89 33.90
v 255.36 6.01 33.90
v 255.36 6.01 36.20
v 254.89 5.89 36.20
v 258.20 6.01 33.90
v 257.38 7.27 33.90
v 257.86 7.38 33.90
v 258.20 6.01 36.20
v 257.86 7.38 36.20
v 257.38 7.27 36.20
v 232.19 29.33 34.94
v 232.58 28.33 34.94
v 232.58 28.33 38.28
v 232.19 29.33 38.28
v 230.44 28.33 41.63
v 230.06 29.33 41.63
v 230.06 29.33 44.97
v 230.44 28.33 44.97
v 230.06 29.33 41.63
v 230.44 28.33 41.63
v 230.44 28.33 44.97
v 230.06 29.33 44.97
v 232.58 28.33 41.63
v 232.19 29.33 41.63
v 232.19 29.33 44.97
v 232.58 28.33 44.97
v 232.19 29.33 41.63
v 232.58 28.33 41.63
v 232.58 28.33 44.97
v 232.19 29.33 44.97
v 232.76 32.50 49.31
v 232.37 33.52 49.31
v 233.39 33.92 49.31
v 233.79 32.90 49.31
v 222.65 54.60 28.80
v 229.02 58.08 28.80
v 229.02 58.08 43.10
v 222.65 54.60 43.10
v 225.20 65.07 43.10
v 229.02 58.08 43.10
v 227.64 61.86 48.52
v 220.21 57.81 48.52
v 227.64 61.86 48.52
v 222.65 54.60 43.10
v 218.01 61.83 43.10
v 220.21 57.81 48.52
v 229.02 58.08 43.10
v 222.65 54.60 43.10
v 227.64 61.86 48.52
v 225.20 65.07 43.10
v 220.21 57.81 48.52
v 218.01 61.83 43.10
v 223.11 55.85 33.70
v 222.03 56.81 33.70
v 222.03 56.81 35.80
v 223.11 55.85 35.80
v 213.32 50.71 32.49
v 212.89 50.47 32.49
v 212.89 50.47 33.38
v 213.32 50.71 33.38
v 212.89 50.47 32.49
v 214.05 49.37 32.49
v 214.05 49.37 33.38
v 212.89 50.47 33.38
v 214.05 49.37 33.38
v 212.89 50.47 33.38
v 213.32 50.71 33.38
v 214.05 49.37 33.38
v 213.32 50.71 33.38
v 212.89 50.47 33.38
v 198.94 74.49 33.51
v 198.15 75.57 33.51
v 198.15 75.57 35.43
v 198.94 74.49 35.43
v 198.15 75.57 33.51
v 197.75 75.28 33.51
v 197.75 75.28 35.43
v 198.15 75.57 35.43
v 197.75 75.28 33.51
v 198.94 74.49 33.51
v 198.94 74.49 35.43
v 197.75 75.28 35.43
v 201.63 74.49 33.51
v 200.84 75.57 33.51
v 200.84 75.57 35.43
v 201.63 74.49 35.43
v 200.84 75.57 33.51
v 201.63 74.49 33.51
v 201.63 74.49 35.43
v 200.84 75.57 35.43
v 198.94 74.49 35.43
v 197.75 75.28 35.43
v 198.15 75.57 35.43
v 198.94 74.49 39.26
v 198.15 75.57 39.26
v 197.75 75.28 39.26
v 198.94 74.49 35.43
v 198.15 75.57 35.43
v 198.15 75.57 39.26
v 198.94 74.49 39.26
v 198.15 75.57 35.43
v 197.75 75.28 35.43
v 197.75 75.28 39.26
v 198.15 75.57 39.26
v 197.75 75.28 35.43
v 198.94 74.49 35.43
v 198.94 74.49 39.26
v 197.75 75.28 39.26
v 201.63 74.49 35.43
v 200.84 75.57 35.43
v 200.84 75.57 39.26
v 201.63 74.49 39.26
v 200.84 75.57 35.43
v 201.63 74.49 35.43
v 201.63 74.49 39.26
v 200.84 75.57 39.26
v 185.66 101.24 39.35
v 183.53 101.24 39.35
v 183.53 101.24 41.93
v 185.66 101.24 41.93
v 183.53 101.24 39.35
v 185.31 100.90 39.35
v 185.31 100.90 41.93
v 183.53 101.24 41.93
v 185.31 100.90 39.35
v 185.66 101.24 39.35
v 185.66 101.24 41.93
v 185.31 100.90 41.93
v 186.81 106.25 45.51
v 186.03 105.48 45.51
v 186.03 105.48 48.71
v 186.81 106.25 48.71
v 186.03 105.48 45.51
v 186.81 106.25 45.51
v 186.81 106.25 48.71
v 186.03 105.48 48.71
v 175.56 90.68 28.80
v 169.59 96.78 28.80
v 174.61 101.70 28.80
v 180.59 95.60 28.80
v 180.59 95.60 42.74
v 174.61 101.70 42.74
v 169.59 96.78 42.74
v 175.56 90.68 42.74
v 180.59 95.60 28.80
v 174.61 101.70 28.80
v 174.61 101.70 42.74
v 180.59 95.60 42.74
v 175.56 90.68 28.80
v 180.59 95.60 28.80
v 180.59 95.60 42.74
v 175.56 90.68 42.74
v 175.56 90.18 42.74
v 169.09 96.78 42.74
v 174.61 101.70 42.74
v 180.59 95.60 42.74
v 181.08 95.60 48.47
v 174.62 102.19 48.47
v 169.09 96.78 48.47
v 175.56 90.18 48.47
v 180.59 95.60 42.74
v 174.61 101.70 42.74
v 174.62 102.19 48.47
v 181.08 95.60 48.47
v 174.31 92.44 34.77
v 176.89 92.10 34.77
v 176.89 92.10 37.95
v 174.31 92.44 37.95
v 176.89 92.10 34.77
v 177.24 92.44 34.77
v 177.24 92.44 37.95
v 176.89 92.10 37.95
v 176.89 92.10 41.12
v 174.31 92.44 41.12
v 177.24 92.44 41.12
v 177.24 92.44 44.30
v 174.31 92.44 44.30
v 176.89 92.10 44.30
v 177.24 92.44 41.12
v 174.31 92.44 41.12
v 174.31 92.44 44.30
v 177.24 92.44 44.30
v 174.31 92.44 41.12
v 176.89 92.10 41.12
v 176.89 92.10 44.30
v 174.31 92.44 44.30
v 182.24 -192.42 50.22
v 183.01 -191.63 50.22
v 182.22 -190.87 50.22
v 182.24 -192.42 47.02
v 183.01 -191.63 47.02
v 183.01 -191.63 50.22
v 182.24 -192.42 50.22
v 183.01 -191.63 47.02
v 182.22 -190.87 47.02
v 182.22 -190.87 50.22
v 183.01 -191.63 50.22
v 182.22 -190.87 47.02
v 182.24 -192.42 47.02
v 182.24 -192.42 50.22
v 182.22 -190.87 50.22
v 201.26 -176.12 28.80
v 205.17 -170.80 28.80
v 210.24 -174.53 28.80
v 206.33 -179.85 28.80
v 206.33 -179.85 42.33
v 210.24 -174.53 42.33
v 205.17 -170.80 42.33
v 201.26 -176.12 42.33
v 206.33 -179.85 28.80
v 210.24 -174.53 28.80
v 210.24 -174.53 42.33
v 206.33 -179.85 42.33
v 210.24 -174.53 28.80
v 205.17 -170.80 28.80
v 205.17 -170.80 42.33
v 210.24 -174.53 42.33
v 205.17 -170.80 28.80
v 201.26 -176.12 28.80
v 201.26 -176.12 42.33
v 205.17 -170.80 42.33
v 201.26 -176.12 28.80
v 206.33 -179.85 28.80
v 206.33 -179.85 42.33
v 201.26 -176.12 42.33
v 210.24 -174.53 42.33
v 206.46 -180.69 42.33
v 208.77 -177.55 46.82
v 202.73 -173.10 46.82
v 208.77 -177.55 46.82
v 201.26 -176.12 42.33
v 205.17 -170.80 42.33
v 202.73 -173.10 46.82
v 186.62 -164.12 35.51
v 187.57 -162.83 35.51
v 187.17 -162.54 35.51
v 186.62 -164.12 33.55
v 187.57 -162.83 33.55
v 187.57 -162.83 35.51
v 186.62 -164.12 35.51
v 187.57 -162.83 33.55
v 187.17 -162.54 33.55
v 187.17 -162.54 35.51
v 187.57 -162.83 35.51
v 187.17 -162.54 33.55
v 186.62 -164.12 33.55
v 186.62 -164.12 35.51
v 187.17 -162.54 35.51
v 186.62 -164.12 37.47
v 187.17 -162.54 37.47
v 187.57 -162.83 37.47
v 186.62 -164.12 37.47
v 187.57 -162.83 37.47
v 187.17 -162.54 37.47
v 230.87 -153.68 46.00
v 231.09 -152.56 45.33
v 231.09 -152.56 48.53
v 230.57 -153.52 48.53
v 231.09 -152.56 45.33
v 230.87 -153.68 46.00
v 230.57 -153.52 48.53
v 231.09 -152.56 48.53
v 211.05 -149.05 28.80
v 214.62 -142.51 28.80
v 221.70 -146.38 28.80
v 218.13 -152.91 28.80
v 218.13 -152.91 39.55
v 221.70 -146.38 39.55
v 214.62 -142.51 39.55
v 211.05 -149.05 39.55
v 218.13 -152.91 28.80
v 221.70 -146.38 28.80
v 221.70 -146.38 39.55
v 218.13 -152.91 39.55
v 221.70 -146.38 28.80
v 214.62 -142.51 28.80
v 214.62 -142.51 39.55
v 221.70 -146.38 39.55
v 217.54 -152.29 34.38
v 218.14 -151.19 34.38
v 215.64 -151.19 34.38
v 217.54 -152.29 32.99
v 218.14 -151.19 32.99
v 218.14 -151.19 34.38
v 217.54 -152.29 34.38
v 218.14 -151.19 32.99
v 215.64 -151.19 32.99
v 215.64 -151.19 34.38
v 218.14 -151.19 34.38
v 215.64 -151.19 32.99
v 217.54 -152.29 32.99
v 217.54 -152.29 34.38
v 215.64 -151.19 34.38
v 215.04 -152.29 35.77
v 215.21 -150.96 35.77
v 215.64 -151.19 35.77
v 215.04 -152.29 35.77
v 215.64 -151.19 35.77
v 215.21 -150.96 35.77
v 245.16 -133.85 28.80
v 248.13 -126.19 28.80
v 248.13 -126.19 38.57
v 245.16 -133.85 38.57
v 248.13 -126.19 28.80
v 241.95 -123.79 28.80
v 241.95 -123.79 38.57
v 248.13 -126.19 38.57
v 241.95 -123.79 28.80
v 238.98 -131.46 28.80
v 238.98 -131.46 38.57
v 241.95 -123.79 38.57
v 238.98 -131.46 28.80
v 245.16 -133.85 28.80
v 245.16 -133.85 38.57
v 238.98 -131.46 38.57
v 238.98 -131.46 38.57
v 241.95 -123.79 38.57
v 248.13 -126.19 38.57
v 245.36 -134.31 38.57
v 245.36 -134.31 42.42
v 248.59 -125.99 42.42
v 241.75 -123.34 42.42
v 238.53 -131.66 42.42
v 252.60 -104.57 41.14
v 252.34 -105.60 41.14
v 252.34 -105.60 44.32
v 252.60 -104.57 44.32
v 254.48 -105.60 41.14
v 254.74 -104.57 41.14
v 254.74 -104.57 44.32
v 253.84 -107.79 45.62
v 254.74 -104.57 41.14
v 254.48 -105.60 41.14
v 253.84 -107.79 45.62
v 254.74 -104.57 44.32
v 235.56 -102.04 28.80
v 237.81 -93.03 28.80
v 245.05 -94.84 28.80
v 242.81 -103.85 28.80
v 242.81 -103.85 42.36
v 245.05 -94.84 42.36
v 237.81 -93.03 42.36
v 235.56 -102.04 42.36
v 242.81 -103.85 28.80
v 245.05 -94.84 28.80
v 245.05 -94.84 42.36
v 242.81 -103.85 42.36
v 263.98 -71.25 28.80
v 258.00 -70.53 28.80
v 258.00 -70.53 39.77
v 263.98 -71.25 39.77
v 258.00 -70.53 28.80
v 257.20 -77.05 28.80
v 257.20 -77.05 39.77
v 258.00 -70.53 39.77
v 257.20 -77.05 28.80
v 263.18 -77.78 28.80
v 263.18 -77.78 39.77
v 257.20 -77.05 39.77
v 257.20 -77.05 39.77
v 257.70 -70.14 39.77
v 264.37 -70.95 39.77
v 263.18 -77.78 39.77
v 263.49 -78.17 44.16
v 264.37 -70.95 44.16
v 257.70 -70.14 44.16
v 256.81 -77.36 44.16
v 263.18 -77.78 39.77
v 264.37 -70.95 39.77
v 264.37 -70.95 44.16
v 263.49 -78.17 44.16
v 264.37 -70.95 44.16
v 257.01 -73.72 48.63
v 257.70 -70.14 44.16
v 259.21 -77.54 33.91
v 259.34 -76.48 33.91
v 259.82 -76.54 33.91
v 259.69 -77.60 33.91
v 259.69 -77.60 36.23
v 259.82 -76.54 36.23
v 259.34 -76.48 36.23
v 259.21 -77.54 36.23
v 259.69 -77.60 33.91
v 259.82 -76.54 33.91
v 259.82 -76.54 36.23
v 259.69 -77.60 36.23
v 259.82 -76.54 33.91
v 259.34 -76.48 33.91
v 259.34 -76.48 36.23
v 259.82 -76.54 36.23
v 259.34 -76.48 33.91
v 259.21 -77.54 33.91
v 259.21 -77.54 36.23
v 259.34 -76.48 36.23
v 259.21 -77.54 33.91
v 259.69 -77.60 33.91
v 259.69 -77.60 36.23
v 259.21 -77.54 36.23
v 259.69 -77.60 33.91
v 259.82 -76.54 33.91
v 261.97 -76.54 33.91
v 261.84 -77.60 33.91
v 261.84 -77.60 36.23
v 261.97 -76.54 36.23
v 259.82 -76.54 36.23
v 259.69 -77.60 36.23
v 261.84 -77.60 33.91
v 261.97 -76.54 33.91
v 261.97 -76.54 36.23
v 261.84 -77.60 36.23
v 261.97 -76.54 33.91
v 259.82 -76.54 33.91
v 259.82 -76.54 36.23
v 261.97 -76.54 36.23
v 259.82 -76.54 33.91
v 259.69 -77.60 33.91
v 259.69 -77.60 36.23
v 259.82 -76.54 36.23
v 237.26 -75.36 37.42
v 238.23 -67.37 37.42
v 230.24 -66.39 37.42
v 229.27 -74.39 37.42
v 237.26 -75.36 28.80
v 238.23 -67.37 28.80
v 238.23 -67.37 37.42
v 237.26 -75.36 37.42
v 238.23 -67.37 28.80
v 230.24 -66.39 28.80
v 230.24 -66.39 37.42
v 238.23 -67.37 37.42
v 230.24 -66.39 28.80
v 229.27 -74.39 28.80
v 229.27 -74.39 37.42
v 230.24 -66.39 37.42
v 229.27 -74.39 28.80
v 237.26 -75.36 28.80
v 237.26 -75.36 37.42
v 229.27 -74.39 37.42
v 238.23 -67.37 37.42
v 237.78 -76.03 37.42
v 238.34 -71.44 42.90
v 229.16 -70.32 42.90
v 277.36 -46.00 22.00
v 278.16 -48.47 22.00
v 278.16 -48.47 46.00
v 277.36 -46.00 46.00
v 278.16 -48.47 22.00
v 280.26 -49.99 22.00
v 280.26 -49.99 46.00
v 278.16 -48.47 46.00
v 280.26 -49.99 22.00
v 282.85 -49.99 22.00
v 282.85 -49.99 46.00
v 280.26 -49.99 46.00
v 282.85 -49.99 22.00
v 284.95 -48.47 22.00
v 284.95 -48.47 46.00
v 282.85 -49.99 46.00
v 284.95 -48.47 22.00
v 285.76 -46.00 22.00
v 285.76 -46.00 46.00
v 284.95 -48.47 46.00
v 285.76 -46.00 46.00
v 284.25 -43.63 46.00
v 282.85 -42.01 46.00
v 280.26 -42.01 46.00
v 277.75 -43.63 46.00
v 277.36 -46.00 46.00
v 278.16 -48.47 46.00
v 280.26 -49.99 46.00
v 282.85 -49.99 46.00
v 284.95 -48.47 46.00
v 276.97 -49.33 46.00
v 279.80 -51.39 46.00
v 281.56 -46.00 52.00
v 279.80 -51.39 46.00
v 283.31 -51.39 46.00
v 281.56 -46.00 52.00
v 283.31 -51.39 46.00
v 286.14 -49.33 46.00
v 281.56 -46.00 52.00
v 286.14 -49.33 46.00
v 287.23 -46.00 46.00
v 281.56 -46.00 52.00
v 197.22 113.76 22.00
v 196.41 116.23 22.00
v 196.41 116.23 46.00
v 197.22 113.76 46.00
v 196.41 116.23 22.00
v 194.31 117.76 22.00
v 194.31 117.76 46.00
v 196.41 116.23 46.00
v 191.26 108.37 46.00
v 194.31 109.77 46.00
v 193.02 113.76 52.00
v 194.31 109.77 46.00
v 196.41 111.29 46.00
v 193.02 113.76 52.00
v 196.41 111.29 46.00
v 198.69 113.76 46.00
v 193.02 113.76 52.00
v 270.50 -104.92 22.00
v 269.70 -102.45 22.00
v 269.70 -102.45 46.00
v 270.50 -104.92 46.00
v 269.70 -102.45 22.00
v 267.60 -100.93 22.00
v 267.60 -100.93 46.00
v 269.70 -102.45 46.00
v 267.60 -100.93 22.00
v 264.07 -99.27 22.00
v 265.00 -100.93 46.00
v 267.60 -100.93 46.00
v 264.07 -99.27 22.00
v 262.90 -102.45 22.00
v 262.90 -102.45 46.00
v 265.00 -100.93 46.00
v 262.90 -102.45 22.00
v 262.10 -104.92 22.00
v 262.10 -104.92 46.00
v 262.90 -102.45 46.00
v 262.10 -104.92 22.00
v 262.90 -107.39 22.00
v 262.90 -107.39 46.00
v 262.10 -104.92 46.00
v 262.90 -107.39 22.00
v 265.00 -108.92 22.00
v 265.00 -108.92 46.00
v 262.90 -107.39 46.00
v 265.00 -108.92 22.00
v 267.60 -108.92 22.00
v 267.60 -108.92 46.00
v 265.00 -108.92 46.00
v 267.60 -108.92 22.00
v 269.70 -107.39 22.00
v 269.70 -107.39 46.00
v 267.60 -108.92 46.00
v 261.71 -101.59 46.00
v 260.63 -104.92 46.00
v 266.30 -104.92 52.00
v 260.63 -104.92 46.00
v 261.71 -108.25 46.00
v 266.30 -104.92 52.00
v 261.71 -108.25 46.00
v 264.55 -110.31 46.00
v 266.30 -104.92 52.00
v 264.55 -110.31 46.00
v 268.05 -110.31 46.00
v 266.30 -104.92 52.00
v 268.05 -110.31 46.00
v 270.89 -108.25 46.00
v 266.30 -104.92 52.00
v 270.89 -108.25 46.00
v 271.97 -104.92 46.00
v 266.30 -104.92 52.00
v 201.42 -156.33 44.17
v 199.93 -159.16 44.17
v 197.81 -158.05 44.17
v 199.37 -155.06 44.17
v 199.37 -155.06 44.17
v 197.81 -158.05 44.17
v 199.93 -159.16 44.17
v 201.42 -156.33 44.17
v 201.42 -156.33 44.17
v 199.93 -159.16 44.17
v 197.81 -158.05 44.17
v 199.37 -155.06 44.17
v 199.37 -155.06 44.17
v 197.81 -158.05 44.17
v 199.93 -159.16 44.17
v 201.42 -156.33 44.17
v 201.42 -156.33 44.17
v 199.93 -159.16 44.17
v 197.57 -158.51 44.66
v 199.37 -155.06 44.17
v 199.37 -155.06 44.17
v 197.57 -158.51 44.66
v 199.93 -159.16 44.17
v 201.42 -156.33 44.17
v 201.42 -156.33 44.17
v 199.93 -159.16 44.17
v 197.57 -158.51 44.66
v 199.37 -155.06 44.17
v 199.37 -155.06 44.17
v 197.57 -158.51 44.66
v 199.93 -159.16 44.17
v 201.42 -156.33 44.17
v 201.42 -156.33 44.17
v 199.93 -159.16 44.17
v 197.57 -158.51 44.66
v 199.37 -155.06 44.17
v 199.37 -155.06 44.17
v 197.57 -158.51 44.66
v 199.93 -159.16 44.17
v 201.42 -156.33 44.17
v 201.42 -156.33 44.17
v 199.93 -159.16 44.17
v 197.57 -158.51 44.66
v 199.37 -155.06 44.17
v 199.37 -155.06 44.17
v 197.57 -158.51 44.66
v 199.93 -159.16 44.17
v 201.42 -156.33 44.17
v 200.05 -158.94 48.52
v 198.49 -161.93 48.52
v 196.36 -160.81 48.52
v 197.93 -157.82 48.52
v 197.93 -157.82 48.52
v 196.36 -160.81 48.52
v 198.49 -161.93 48.52
v 200.05 -158.94 48.52
v 200.05 -158.94 48.52
v 198.49 -161.93 48.52
v 196.36 -160.81 48.52
v 197.93 -157.82 48.52
v 197.93 -157.82 48.52
v 196.36 -160.81 48.52
v 198.49 -161.93 48.52
v 200.05 -158.94 48.52
v 200.05 -158.94 48.52
v 198.49 -161.93 48.52
v 196.36 -160.81 48.52
v 197.60 -158.44 49.24
v 197.60 -158.44 49.24
v 196.36 -160.81 48.52
v 198.49 -161.93 48.52
v 200.05 -158.94 48.52
v 200.05 -158.94 48.52
v 198.49 -161.93 48.52
v 196.36 -160.81 48.52
v 197.60 -158.44 49.24
v 197.60 -158.44 49.24
v 196.36 -160.81 48.52
v 198.49 -161.93 48.52
v 200.05 -158.94 48.52
v 200.05 -158.94 48.52
v 198.01 -162.85 49.72
v 196.36 -160.81 48.52
v 197.60 -158.44 49.24
v 197.60 -158.44 49.24
v 196.36 -160.81 48.52
v 198.01 -162.85 49.72
v 200.05 -158.94 48.52
v 200.05 -158.94 48.52
v 197.93 -163.00 49.97
v 195.80 -161.89 49.97
v 197.60 -158.44 49.24
v 197.60 -158.44 49.24
v 195.80 -161.89 49.97
v 197.93 -163.00 49.97
v 200.05 -158.94 48.52
v 200.05 -158.94 48.52
v 197.93 -163.00 49.97
v 195.80 -161.89 49.97
v 197.60 -158.44 49.24
v 197.60 -158.44 49.24
v 195.80 -161.89 49.97
v 197.93 -163.00 49.97
v 200.05 -158.94 48.52
v 200.05 -158.94 48.52
v 197.93 -163.00 49.97
v 195.80 -161.89 49.97
v 197.60 -158.44 49.24
v 197.20 -159.21 50.69
v 195.64 -162.20 50.69
v 197.77 -163.31 50.69
v 199.33 -160.32 50.69
v 197.60 -158.44 49.24
v 195.80 -161.89 49.97
v 195.64 -162.20 50.69
v 197.20 -159.21 50.69
v 195.80 -161.89 49.97
v 197.93 -163.00 49.97
v 197.77 -163.31 50.69
v 195.64 -162.20 50.69
v 246.39 -111.75 33.36
v 243.63 -110.86 33.12
v 241.73 -112.76 33.84
v 246.24 -114.22 33.12
v 246.24 -114.22 33.12
v 241.73 -112.76 33.84
v 241.88 -110.29 34.32
v 246.39 -111.75 33.36
v 246.39 -111.75 33.36
v 241.88 -110.29 34.32
v 241.73 -112.76 33.84
v 246.24 -114.22 33.12
v 242.90 -113.14 33.12
v 241.73 -112.76 33.84
v 241.88 -110.29 34.32
v 246.39 -111.75 33.36
v 246.39 -111.75 33.36
v 241.88 -110.29 34.32
v 241.73 -112.76 33.84
v 242.90 -113.14 33.12
v 242.90 -113.14 33.12
v 241.73 -112.76 33.84
v 241.88 -110.29 34.32
v 246.39 -111.75 33.36
v 240.26 -112.29 35.28
v 241.00 -110.01 35.28
v 241.70 -110.23 37.44
v 240.96 -112.52 37.44
v 240.96 -112.52 37.44
v 237.33 -111.34 37.44
v 238.36 -109.16 37.44
v 241.70 -110.23 37.44
v 241.70 -110.23 37.44
v 238.36 -109.16 37.44
v 237.33 -111.34 37.44
v 240.96 -112.52 37.44
v 240.96 -112.52 37.44
v 237.33 -111.34 37.44
v 238.36 -109.16 37.44
v 241.70 -110.23 37.44
v 241.70 -110.23 37.44
v 238.36 -109.16 37.44
v 237.33 -111.34 37.44
v 240.96 -112.52 37.44
v 240.96 -112.52 37.44
v 237.33 -111.34 37.44
v 237.48 -108.87 37.92
v 240.82 -109.95 37.92
v 235.43 -108.21 39.84
v 233.09 -107.45 41.52
v 232.94 -109.93 41.04
v 237.45 -111.38 40.08
v 234.70 -110.49 39.84
v 232.94 -109.93 41.04
v 233.09 -107.45 41.52
v 235.43 -108.21 39.84
v 236.13 -108.44 42.00
v 232.80 -107.36 42.00
v 232.06 -109.64 42.00
v 235.40 -110.72 42.00
v 235.43 -108.21 39.84
v 233.09 -107.45 41.52
v 232.80 -107.36 42.00
v 236.13 -108.44 42.00
v 233.09 -107.45 41.52
v 232.94 -109.93 41.04
v 232.06 -109.64 42.00
v 232.80 -107.36 42.00
v 232.94 -109.93 41.04
v 234.70 -110.49 39.84
v 235.40 -110.72 42.00
v 232.06 -109.64 42.00
v 259.26 -39.17 22.24
v 260.80 -37.24 22.24
v 259.68 -36.71 24.42
v 258.65 -38.88 24.42
v 258.65 -38.88 24.42
v 254.76 -37.03 24.42
v 256.29 -35.10 24.42
v 259.18 -36.47 24.42
v 259.18 -36.47 24.42
v 256.29 -35.10 24.42
v 254.76 -37.03 24.42
v 258.65 -38.88 24.42
v 258.65 -38.88 24.42
v 254.76 -37.03 24.42
v 256.29 -35.10 24.42
v 259.18 -36.47 24.42
v 259.18 -36.47 24.42
v 256.29 -35.10 24.42
v 254.76 -37.03 24.42
v 258.65 -38.88 24.42
v 257.15 -38.16 24.91
v 254.76 -37.03 24.42
v 254.79 -34.38 24.91
v 259.18 -36.47 24.42
v 259.18 -36.47 24.42
v 254.79 -34.38 24.91
v 254.76 -37.03 24.42
v 257.15 -38.16 24.91
v 257.15 -38.16 24.91
v 254.76 -37.03 24.42
v 254.79 -34.38 24.91
v 259.18 -36.47 24.42
v 259.18 -36.47 24.42
v 254.79 -34.38 24.91
v 254.76 -37.03 24.42
v 257.15 -38.16 24.91
v 257.15 -38.16 24.91
v 252.76 -36.08 25.39
v 254.79 -34.38 24.91
v 255.26 -37.27 24.42
v 255.26 -37.27 24.42
v 254.79 -34.38 24.91
v 252.76 -36.08 25.39
v 257.15 -38.16 24.91
v 257.15 -38.16 24.91
v 252.76 -36.08 25.39
v 254.79 -34.38 24.91
v 255.26 -37.27 24.42
v 255.18 -34.57 26.60
v 251.79 -32.96 26.60
v 250.76 -35.12 26.60
v 254.15 -36.74 26.60
v 254.79 -34.38 24.91
v 251.79 -32.96 26.36
v 251.79 -32.96 26.60
v 255.18 -34.57 26.60
v 251.79 -32.96 26.36
v 250.76 -35.12 26.36
v 250.76 -35.12 26.60
v 251.79 -32.96 26.60
v 250.76 -35.12 26.36
v 254.76 -37.03 24.42
v 254.15 -36.74 26.60
v 250.76 -35.12 26.60
v 254.76 -37.03 24.42
v 254.79 -34.38 24.91
v 255.18 -34.57 26.60
v 254.15 -36.74 26.60
v 254.15 -36.74 26.60
v 250.76 -35.12 26.60
v 251.79 -32.96 26.60
v 255.18 -34.57 26.60
v 250.67 -32.43 28.79
v 246.78 -30.58 28.79
v 246.25 -32.98 28.79
v 249.64 -34.59 28.79
v 249.64 -34.59 28.79
v 246.25 -32.98 28.79
v 246.28 -30.34 29.03
v 250.67 -32.43 28.79
v 250.67 -32.43 28.79
v 246.28 -30.34 29.03
v 246.25 -32.98 28.79
v 249.64 -34.59 28.79
v 248.14 -33.88 29.27
v 246.25 -32.98 28.79
v 246.28 -30.34 29.03
v 250.67 -32.43 28.79
v 250.67 -32.43 28.79
v 246.28 -30.34 29.03
v 246.25 -32.98 28.79
v 248.14 -33.88 29.27
v 248.14 -33.88 29.27
v 246.25 -32.98 28.79
v 246.28 -30.34 29.03
v 250.67 -32.43 28.79
v 175.39 -0.28 70.00
v 176.59 -0.28 70.00
v 176.59 -0.28 74.50
v 175.39 -0.28 74.50
v 176.59 -0.28 74.50
v 176.29 0.24 74.50
v 175.69 0.24 74.50
v 175.39 -0.28 74.50
v 179.59 -0.28 73.60
v 178.54 2.27 73.60
v 175.99 -0.28 80.50
v 178.54 2.27 73.60
v 175.99 3.32 73.60
v 175.99 -0.28 80.50
v 175.99 3.32 73.60
v 173.44 2.27 73.60
v 175.99 -0.28 80.50
v 173.44 -2.83 73.60
v 175.99 -3.88 73.60
v 175.99 -0.28 80.50
v 187.14 -262.45 40.00
v 189.22 -258.64 40.00
v 189.43 -259.58 42.40
v 187.14 -262.45 42.40
v 189.22 -258.64 40.00
v 189.65 -256.75 40.00
v 189.50 -256.00 42.00
v 189.43 -259.58 42.40
v 191.50 -256.00 44.00
v 189.43 -252.42 42.40
v 182.00 -256.00 66.00
v 189.43 -252.42 42.40
v 187.30 -250.70 42.00
v 182.00 -256.00 66.00
v 187.30 -250.70 42.00
v 185.63 -247.22 44.00
v 182.00 -256.00 66.00
v 185.63 -247.22 44.00
v 182.00 -248.50 42.00
v 182.00 -256.00 66.00
v 182.00 -248.50 42.00
v 180.16 -247.96 42.40
v 182.00 -256.00 66.00
v 180.16 -247.96 42.40
v 175.28 -249.28 44.00
v 182.00 -256.00 66.00
v 175.28 -249.28 44.00
v 173.22 -252.37 44.00
v 182.00 -256.00 66.00
v 173.22 -252.37 44.00
v 173.75 -256.00 42.40
v 182.00 -256.00 66.00
v 173.75 -256.00 42.40
v 173.22 -259.63 44.00
v 182.00 -256.00 66.00
v 173.22 -259.63 44.00
v 175.28 -262.72 44.00
v 182.00 -256.00 66.00
v 213.03 -248.38 38.40
v 213.36 -249.84 38.40
v 213.36 -249.84 40.00
v 213.03 -248.38 40.00
v 209.58 -251.66 38.40
v 208.64 -250.49 38.40
v 210.75 -250.72 38.40
v 210.75 -250.72 40.00
v 208.64 -250.49 40.00
v 209.58 -251.66 40.00
v 210.75 -250.72 38.40
v 208.64 -250.49 38.40
v 208.64 -250.49 40.00
v 210.75 -250.72 40.00
v 208.64 -250.49 38.40
v 209.58 -251.66 38.40
v 209.58 -251.66 40.00
v 208.64 -250.49 40.00
v 209.58 -251.66 38.40
v 210.75 -250.72 38.40
v 210.75 -250.72 40.00
v 209.58 -251.66 40.00
v 209.82 -262.45 38.40
v 209.58 -260.34 38.40
v 209.58 -260.34 40.00
v 209.82 -262.45 40.00
v 214.64 -262.16 38.40
v 216.43 -263.29 38.40
v 216.43 -263.29 40.00
v 214.64 -262.16 40.00
v 216.43 -263.29 38.40
v 214.64 -262.16 38.40
v 214.64 -262.16 40.00
v 216.43 -263.29 40.00
v 219.36 -261.51 38.40
v 218.18 -262.45 38.40
v 217.25 -261.28 38.40
v 217.25 -261.28 40.00
v 218.18 -262.45 40.00
v 219.36 -261.51 40.00
v 217.25 -261.28 38.40
v 218.18 -262.45 38.40
v 218.18 -262.45 40.00
v 217.25 -261.28 40.00
v 218.18 -262.45 38.40
v 219.36 -261.51 38.40
v 219.36 -261.51 40.00
v 218.18 -262.45 40.00
v 219.36 -261.51 38.40
v 217.25 -261.28 38.40
v 217.25 -261.28 40.00
v 219.36 -261.51 40.00
v 219.22 -259.34 38.40
v 221.22 -258.64 38.40
v 220.57 -260.00 38.40
v 219.22 -259.34 40.00
v 220.57 -260.00 40.00
v 221.22 -258.64 40.00
v 219.22 -259.34 38.40
v 220.57 -260.00 38.40
v 220.57 -260.00 40.00
v 219.22 -259.34 40.00
v 220.57 -260.00 38.40
v 221.22 -258.64 38.40
v 221.22 -258.64 40.00
v 220.57 -260.00 40.00
v 221.22 -258.64 38.40
v 219.22 -259.34 38.40
v 219.22 -259.34 40.00
v 221.22 -258.64 40.00
v 222.25 -256.00 40.00
v 220.57 -252.00 40.00
v 221.43 -252.42 42.40
v 222.25 -256.00 42.40
v 220.57 -252.00 40.00
v 219.36 -250.49 40.00
v 219.30 -250.70 42.00
v 221.43 -252.42 42.40
v 219.36 -250.49 40.00
v 215.84 -247.96 40.00
v 215.84 -247.96 42.40
v 219.30 -250.70 42.00
v 215.84 -247.96 40.00
v 213.03 -248.38 40.00
v 212.16 -247.96 42.40
v 215.84 -247.96 42.40
v 213.03 -248.38 40.00
v 208.64 -250.49 40.00
v 208.70 -250.70 42.00
v 212.16 -247.96 42.40
v 208.64 -250.49 40.00
v 206.57 -252.42 40.00
v 206.57 -252.42 42.40
v 208.70 -250.70 42.00
v 206.57 -252.42 40.00
v 206.35 -255.25 40.00
v 206.50 -256.00 42.00
v 206.57 -252.42 42.40
v 206.35 -255.25 40.00
v 206.78 -258.64 40.00
v 206.57 -259.58 42.40
v 206.50 -256.00 42.00
v 206.78 -258.64 40.00
v 208.86 -262.45 40.00
v 208.86 -262.45 42.40
v 206.57 -259.58 42.40
v 208.86 -262.45 40.00
v 212.16 -264.04 40.00
v 212.16 -264.04 42.40
v 208.86 -262.45 42.40
v 212.16 -264.04 40.00
v 215.84 -264.04 40.00
v 215.84 -264.04 42.40
v 212.16 -264.04 42.40
v 215.84 -264.04 42.40
v 220.72 -262.72 44.00
v 214.00 -256.00 66.00
v 220.72 -262.72 44.00
v 222.78 -259.63 44.00
v 214.00 -256.00 66.00
v 222.78 -259.63 44.00
v 222.25 -256.00 42.40
v 214.00 -256.00 66.00
v 188.00 -247.00 0.00
v 208.00 -247.00 0.00
v 208.00 -265.00 0.00
v 188.00 -265.00 0.00
v 188.00 -265.00 34.00
v 208.00 -265.00 34.00
v 208.00 -247.00 34.00
v 188.00 -247.00 34.00
v 188.00 -265.00 0.00
v 208.00 -265.00 0.00
v 208.00 -265.00 34.00
v 188.00 -265.00 34.00
v 208.00 -265.00 0.00
v 208.00 -247.00 0.00
v 208.00 -247.00 34.00
v 208.00 -265.00 34.00
v 208.00 -247.00 0.00
v 188.00 -247.00 0.00
v 188.00 -247.00 34.00
v 208.00 -247.00 34.00
v 188.00 -247.00 0.00
v 188.00 -265.00 0.00
v 188.00 -265.00 34.00
v 188.00 -247.00 34.00
v 209.60 -250.25 -2.00
v 218.40 -250.25 -2.00
v 218.40 -261.75 -2.00
v 209.60 -261.75 -2.00
v 209.60 -261.75 11.60
v 218.40 -261.75 11.60
v 218.40 -250.25 11.60
v 209.60 -250.25 11.60
v 209.60 -261.75 -2.00
v 218.40 -261.75 -2.00
v 218.40 -261.75 11.60
v 209.60 -261.75 11.60
v 252.80 -257.40 12.40
v 263.20 -257.40 12.40
v 263.20 -254.60 12.40
v 252.80 -254.60 12.40
v 252.80 -257.40 -2.00
v 263.20 -257.40 -2.00
v 263.20 -257.40 12.40
v 252.80 -257.40 12.40
v 263.20 -257.40 -2.00
v 263.20 -254.60 -2.00
v 263.20 -254.60 12.40
v 263.20 -257.40 12.40
v 263.20 -254.60 -2.00
v 252.80 -254.60 -2.00
v 252.80 -254.60 12.40
v 263.20 -254.60 12.40
v 252.80 -254.60 -2.00
v 252.80 -257.40 -2.00
v 252.80 -257.40 12.40
v 252.80 -254.60 12.40
v 275.60 -250.25 -2.00
v 284.40 -250.25 -2.00
v 284.40 -261.75 -2.00
v 275.60 -261.75 -2.00
v 318.80 -254.60 -2.00
v 318.80 -257.40 -2.00
v 318.80 -257.40 12.40
v 318.80 -254.60 12.40
v 341.60 -250.25 -2.00
v 350.40 -250.25 -2.00
v 350.40 -261.75 -2.00
v 341.60 -261.75 -2.00
v 341.60 -261.75 11.60
v 350.40 -261.75 11.60
v 350.40 -250.25 11.60
v 341.60 -250.25 11.60
v 341.60 -261.75 -2.00
v 350.40 -261.75 -2.00
v 350.40 -261.75 11.60
v 341.60 -261.75 11.60
v 350.40 -261.75 -2.00
v 350.40 -250.25 -2.00
v 350.40 -250.25 11.60
v 350.40 -261.75 11.60
v 350.40 -250.25 -2.00
v 341.60 -250.25 -2.00
v 341.60 -250.25 11.60
v 350.40 -250.25 11.60
v 340.80 -254.60 -2.00
v 340.80 -257.40 -2.00
v 340.80 -257.40 12.40
v 340.80 -254.60 12.40
v 363.60 -250.25 -2.00
v 372.40 -250.25 -2.00
v 372.40 -261.75 -2.00
v 363.60 -261.75 -2.00
v 363.60 -261.75 11.60
v 372.40 -261.75 11.60
v 372.40 -250.25 11.60
v 363.60 -250.25 11.60
v 363.60 -261.75 -2.00
v 372.40 -261.75 -2.00
v 372.40 -261.75 11.60
v 363.60 -261.75 11.60
v 372.40 -261.75 -2.00
v 372.40 -250.25 -2.00
v 372.40 -250.25 11.60
v 372.40 -261.75 11.60
v 372.40 -250.25 -2.00
v 363.60 -250.25 -2.00
v 363.60 -250.25 11.60
v 372.40 -250.25 11.60
v 363.60 -250.25 -2.00
v 363.60 -261.75 -2.00
v 363.60 -261.75 11.60
v 363.60 -250.25 11.60
v 362.80 -254.60 -2.00
v 373.20 -254.60 -2.00
v 373.20 -257.40 -2.00
v 362.80 -257.40 -2.00
v 362.80 -257.40 12.40
v 373.20 -257.40 12.40
v 373.20 -254.60 12.40
v 362.80 -254.60 12.40
v 362.80 -257.40 -2.00
v 373.20 -257.40 -2.00
v 373.20 -257.40 12.40
v 362.80 -257.40 12.40
v 373.20 -257.40 -2.00
v 373.20 -254.60 -2.00
v 373.20 -254.60 12.40
v 373.20 -257.40 12.40
v 373.20 -254.60 -2.00
v 362.80 -254.60 -2.00
v 362.80 -254.60 12.40
v 373.20 -254.60 12.40
v 236.71 -250.25 8.78
v 238.10 -250.25 8.78
v 237.70 -250.25 11.60
v 235.70 -250.25 11.60
v 278.30 -261.75 11.60
v 279.70 -261.75 11.60
v 279.30 -261.75 8.78
v 278.30 -250.25 11.60
v 279.70 -250.25 11.60
v 279.30 -250.25 8.78
v 279.30 -261.75 8.78
v 278.11 -261.75 6.19
v 276.71 -261.75 6.19
v 279.30 -250.25 8.78
v 278.11 -250.25 6.19
v 276.71 -250.25 6.19
v 276.71 -261.75 6.19
v 278.11 -261.75 6.19
v 276.25 -261.75 4.04
v 274.85 -261.75 4.04
v 276.71 -250.25 6.19
v 278.11 -250.25 6.19
v 276.25 -250.25 4.04
v 274.85 -250.25 4.04
v 274.85 -261.75 4.04
v 276.25 -261.75 4.04
v 274.85 -261.75 4.04
v 272.45 -261.75 2.50
v 274.85 -250.25 4.04
v 276.25 -250.25 4.04
v 274.85 -250.25 4.04
v 272.45 -250.25 2.50
v 272.45 -261.75 2.50
v 274.85 -261.75 4.04
v 271.12 -261.75 1.70
v 269.72 -261.75 1.70
v 272.45 -250.25 2.50
v 274.85 -250.25 4.04
v 271.12 -250.25 1.70
v 269.72 -250.25 1.70
v 265.55 -261.75 2.50
v 263.15 -261.75 4.04
v 261.75 -261.75 4.04
v 327.75 -250.25 4.04
v 329.15 -250.25 4.04
v 327.29 -250.25 6.19
v 327.29 -261.75 6.19
v 326.11 -261.75 8.78
v 324.70 -261.75 8.78
v 327.29 -250.25 6.19
v 326.11 -250.25 8.78
v 324.70 -250.25 8.78
v 324.70 -261.75 8.78
v 326.11 -261.75 8.78
v 325.70 -261.75 11.60
v 323.70 -261.75 11.60
v 324.70 -250.25 8.78
v 326.11 -250.25 8.78
v 325.70 -250.25 11.60
v 323.70 -250.25 11.60
v 366.30 -261.75 11.60
v 367.70 -261.75 11.60
v 367.30 -261.75 8.78
v 213.20 -260.65 19.60
v 213.20 -262.25 19.60
v 213.20 -262.25 20.40
v 213.20 -260.65 20.40
v 214.40 -250.55 16.70
v 213.80 -250.90 16.70
v 213.80 -250.90 19.60
v 214.40 -250.55 19.60
v 213.80 -250.90 16.70
v 214.40 -250.55 16.70
v 214.40 -250.55 19.60
v 213.80 -250.90 19.60
v 213.20 -249.75 19.60
v 214.40 -250.55 19.60
v 213.80 -250.90 19.60
v 213.20 -251.35 19.60
v 213.20 -251.35 20.40
v 214.80 -251.35 20.40
v 214.80 -249.75 20.40
v 213.20 -249.75 20.40
v 213.20 -251.35 19.60
v 213.80 -250.90 19.60
v 214.80 -251.35 20.40
v 213.20 -251.35 20.40
v 213.80 -250.90 19.60
v 214.40 -250.55 19.60
v 214.80 -249.75 20.40
v 214.80 -251.35 20.40
v 214.40 -250.55 19.60
v 213.20 -249.75 19.60
v 213.20 -249.75 20.40
v 214.80 -249.75 20.40
v 213.20 -249.75 19.60
v 213.20 -251.35 19.60
v 213.20 -251.35 20.40
v 213.20 -249.75 20.40
v 257.20 -260.65 19.60
v 258.40 -261.45 19.60
v 258.80 -262.25 19.60
v 257.20 -262.25 19.60
v 257.20 -262.25 20.40
v 258.80 -262.25 20.40
v 258.80 -260.65 20.40
v 257.20 -260.65 20.40
v 257.20 -262.25 19.60
v 258.80 -262.25 19.60
v 258.80 -262.25 20.40
v 257.20 -262.25 20.40
v 258.80 -262.25 19.60
v 258.40 -261.45 19.60
v 258.80 -260.65 20.40
v 258.80 -262.25 20.40
v 258.40 -261.45 19.60
v 257.20 -260.65 19.60
v 257.20 -260.65 20.40
v 258.80 -260.65 20.40
v 257.20 -260.65 19.60
v 257.20 -262.25 19.60
v 257.20 -262.25 20.40
v 257.20 -260.65 20.40
v 258.40 -250.55 16.70
v 257.80 -250.90 16.70
v 257.80 -250.90 19.60
v 258.40 -250.55 19.60
v 257.80 -250.90 16.70
v 258.40 -250.55 16.70
v 258.40 -250.55 19.60
v 257.80 -250.90 19.60
v 257.20 -249.75 19.60
v 258.40 -250.55 19.60
v 257.80 -250.90 19.60
v 257.20 -251.35 19.60
v 242.57 -188.30 0.00
v 244.78 -189.36 0.00
v 244.78 -189.36 38.00
v 242.57 -188.30 38.00
v 244.78 -189.36 0.00
v 247.22 -189.36 0.00
v 247.22 -189.36 38.00
v 244.78 -189.36 38.00
v 247.22 -189.36 0.00
v 249.43 -188.30 0.00
v 249.43 -188.30 38.00
v 247.22 -189.36 38.00
v 249.43 -188.30 0.00
v 250.96 -186.39 0.00
v 250.96 -186.39 38.00
v 249.43 -188.30 38.00
v 250.96 -186.39 0.00
v 251.50 -184.00 0.00
v 251.50 -184.00 38.00
v 250.96 -186.39 38.00
v 251.50 -184.00 38.00
v 250.96 -181.61 38.00
v 249.43 -179.70 38.00
v 247.22 -178.64 38.00
v 244.78 -178.64 38.00
v 242.57 -179.70 38.00
v 241.04 -181.61 38.00
v 240.50 -184.00 38.00
v 241.04 -186.39 38.00
v 242.57 -188.30 38.00
v 244.78 -189.36 38.00
v 247.22 -189.36 38.00
v 249.43 -188.30 38.00
v 250.96 -186.39 38.00
v 251.50 -184.00 38.00
v 250.96 -181.61 38.00
v 251.77 -181.22 41.00
v 252.40 -184.00 41.00
v 250.96 -181.61 38.00
v 249.43 -179.70 38.00
v 249.99 -179.00 41.00
v 251.77 -181.22 41.00
v 249.43 -179.70 38.00
v 247.42 -177.76 38.00
v 247.42 -177.76 41.00
v 249.99 -179.00 41.00
v 247.42 -177.76 38.00
v 244.58 -177.76 38.00
v 244.58 -177.76 41.00
v 247.42 -177.76 41.00
v 244.58 -177.76 38.00
v 242.57 -179.70 38.00
v 242.01 -179.00 41.00
v 244.58 -177.76 41.00
v 242.57 -179.70 38.00
v 241.04 -181.61 38.00
v 240.23 -181.22 41.00
v 242.01 -179.00 41.00
v 195.46 -249.70 -3.00
v 192.86 -251.56 -3.00
v 192.86 -251.56 7.40
v 195.46 -249.70 7.40
v 192.86 -251.56 -3.00
v 200.54 -262.30 -3.00
v 200.54 -262.30 7.40
v 192.86 -251.56 7.40
v 200.54 -262.30 -3.00
v 203.14 -260.44 -3.00
v 203.14 -260.44 7.40
v 200.54 -262.30 7.40
v 184.15 -245.58 -3.00
v 177.64 -236.47 -3.00
v 186.10 -230.42 -3.00
v 192.61 -239.53 -3.00
v 192.61 -239.53 9.60
v 186.10 -230.42 9.60
v 177.64 -236.47 9.60
v 184.15 -245.58 9.60
v 192.61 -239.53 -3.00
v 186.10 -230.42 -3.00
v 186.10 -230.42 9.60
v 192.61 -239.53 9.60
v 193.25 -258.91 15.00
v 193.25 -259.60 15.00
v 193.25 -259.60 18.00
v 193.25 -258.91 18.00
v 193.25 -259.60 15.00
v 193.65 -259.60 15.00
v 193.65 -259.60 18.00
v 193.25 -259.60 18.00
v 529.41 -6352.94 -18.00
v -0.00 -6352.94 -18.00
v -0.00 -6352.94 0.00
v 529.41 -6352.94 0.00
v -0.00 -5823.53 -18.00
v 529.41 -5823.53 -18.00
v 529.41 -6352.94 -18.00
v -0.00 -6352.94 -18.00
v -0.00 -6352.94 0.00
v 529.41 -6352.94 0.00
v 529.41 -5823.53 0.00
v -0.00 -5823.53 0.00
v -0.00 -6352.94 -18.00
v 529.41 -6352.94 -18.00
v 529.41 -6352.94 0.00
v -0.00 -6352.94 0.00
v 529.41 -6352.94 -18.00
v 529.41 -5823.53 -18.00
v 529.41 -5823.53 0.00
v 529.41 -6352.94 0.00
v 529.41 -5823.53 -18.00
v -0.00 -5823.53 -18.00
v -0.00 -5823.53 0.00
v 529.41 -5823.53 0.00
v -0.00 -3705.88 -18.00
v 529.41 -3705.88 -18.00
v 529.41 -3705.88 0.00
v -0.00 -3705.88 0.00
v 529.41 -3705.88 -18.00
v 529.41 -3176.47 -18.00
v 529.41 -3176.47 0.00
v 529.41 -3705.88 0.00
v 529.41 -3176.47 -18.00
v -0.00 -3176.47 -18.00
v -0.00 -3176.47 0.00
v 529.41 -3176.47 0.00
v -0.00 -2647.06 -18.00
v 529.41 -2647.06 -18.00
v 529.41 -3176.47 -18.00
v -0.00 -3176.47 -18.00
v -0.00 -3176.47 0.00
v 529.41 -3176.47 0.00
v 529.41 -2647.06 0.00
v -0.00 -2647.06 0.00
v -0.00 -3176.47 -18.00
v 529.41 -3176.47 -18.00
v 529.41 -3176.47 0.00
v -0.00 -3176.47 0.00
v 529.41 -2117.65 -18.00
v -0.00 -2117.65 -18.00
v -0.00 -2117.65 0.00
v 529.41 -2117.65 0.00
v -0.00 -1588.23 -18.00
v 529.41 -1588.23 -18.00
v 529.41 -2117.65 -18.00
v -0.00 -2117.65 -18.00
v -0.00 -2117.65 0.00
v 529.41 -2117.65 0.00
v 529.41 -1588.23 0.00
v -0.00 -1588.23 0.00
v -0.00 -2117.65 -18.00
v 529.41 -2117.65 -18.00
v 529.41 -2117.65 0.00
v -0.00 -2117.65 0.00
v 529.41 -2117.65 -18.00
v 529.41 -1588.23 -18.00
v 529.41 -1588.23 0.00
v 529.41 -2117.65 0.00
v 529.41 -1588.23 -18.00
v -0.00 -1588.23 -18.00
v -0.00 -1588.23 0.00
v 529.41 -1588.23 0.00
v -0.00 -1058.82 -18.00
v 529.41 -1058.82 -18.00
v 529.41 -1588.23 -18.00
v -0.00 -1588.23 -18.00
v -0.00 -1588.23 0.00
v 529.41 -1588.23 0.00
v 529.41 -1058.82 0.00
v -0.00 -1058.82 0.00
v -0.00 -1588.23 -18.00
v 529.41 -1588.23 -18.00
v 529.41 -1588.23 0.00
v -0.00 -1588.23 0.00
v 529.41 -1588.23 -18.00
v 529.41 -1058.82 -18.00
v 529.41 -1058.82 0.00
v 529.41 -1588.23 0.00
v 529.41 -1058.82 -18.00
v -0.00 -1058.82 -18.00
v -0.00 -1058.82 0.00
v 529.41 -1058.82 0.00
v -0.00 -529.41 -18.00
v 529.41 -529.41 -18.00
v 529.41 -1058.82 -18.00
v -0.00 -1058.82 -18.00
v -0.00 529.41 -18.00
v 529.41 529.41 -18.00
v 529.41 529.41 0.00
v -0.00 529.41 0.00
v 529.41 529.41 -18.00
v 529.41 1058.82 -18.00
v 529.41 1058.82 0.00
v 529.41 529.41 0.00
v 529.41 1058.82 -18.00
v -0.00 1058.82 -18.00
v -0.00 1058.82 0.00
v 529.41 1058.82 0.00
v -0.00 1588.23 -18.00
v 529.41 1588.23 -18.00
v 529.41 1058.82 -18.00
v -0.00 1058.82 -18.00
v -0.00 1058.82 0.00
v 529.41 1058.82 0.00
v 529.41 1588.23 0.00
v -0.00 1588.23 0.00
v -0.00 1058.82 -18.00
v 529.41 1058.82 -18.00
v 529.41 1058.82 0.00
v -0.00 1058.82 0.00
v -0.00 3176.47 -18.00
v 529.41 3176.47 -18.00
v 529.41 2647.06 -18.00
v -0.00 2647.06 -18.00
v -0.00 2647.06 0.00
v 529.41 2647.06 0.00
v 529.41 3176.47 0.00
v -0.00 3176.47 0.00
v -0.00 2647.06 -18.00
v 529.41 2647.06 -18.00
v 529.41 2647.06 0.00
v -0.00 2647.06 0.00
v 529.41 2647.06 -18.00
v 529.41 3176.47 -18.00
v 529.41 3176.47 0.00
v 529.41 2647.06 0.00
v 529.41 3176.47 -18.00
v -0.00 3176.47 -18.00
v -0.00 3176.47 0.00
v 529.41 3176.47 0.00
v -0.00 3705.88 -18.00
v 529.41 3705.88 -18.00
v 529.41 3176.47 -18.00
v -0.00 3176.47 -18.00
v 529.41 -7941.18 0.00
v 1058.82 -7941.18 0.00
v 1058.82 -7411.77 0.00
v 529.41 -7411.77 0.00
v 529.41 -7941.18 -18.00
v 1058.82 -7941.18 -18.00
v 1058.82 -7941.18 0.00
v 529.41 -7941.18 0.00
v 1058.82 -7941.18 -18.00
v 1058.82 -7411.77 -18.00
v 1058.82 -7411.77 0.00
v 1058.82 -7941.18 0.00
v 1058.82 -7411.77 -18.00
v 529.41 -7411.77 -18.00
v 529.41 -7411.77 0.00
v 1058.82 -7411.77 0.00
v 529.41 -7411.77 -18.00
v 529.41 -7941.18 -18.00
v 529.41 -7941.18 0.00
v 529.41 -7411.77 0.00
v 529.41 -6882.35 -18.00
v 1058.82 -6882.35 -18.00
v 1058.82 -7411.77 -18.00
v 529.41 -7411.77 -18.00
v 529.41 -7411.77 0.00
v 1058.82 -7411.77 0.00
v 1058.82 -6882.35 0.00
v 529.41 -6882.35 0.00
v 529.41 -7411.77 -18.00
v 1058.82 -7411.77 -18.00
v 1058.82 -7411.77 0.00
v 529.41 -7411.77 0.00
v 1058.82 -7411.77 -18.00
v 1058.82 -6882.35 -18.00
v 1058.82 -6882.35 0.00
v 1058.82 -7411.77 0.00
v 1058.82 -6882.35 -18.00
v 529.41 -6882.35 -18.00
v 529.41 -6882.35 0.00
v 1058.82 -6882.35 0.00
v 529.41 -6882.35 -18.00
v 529.41 -7411.77 -18.00
v 529.41 -7411.77 0.00
v 529.41 -6882.35 0.00
v 529.41 -6352.94 -18.00
v 1058.82 -6352.94 -18.00
v 1058.82 -6882.35 -18.00
v 529.41 -6882.35 -18.00
v 529.41 -6882.35 0.00
v 1058.82 -6882.35 0.00
v 1058.82 -6352.94 0.00
v 529.41 -6352.94 0.00
v 529.41 -6882.35 -18.00
v 1058.82 -6882.35 -18.00
v 1058.82 -6882.35 0.00
v 529.41 -6882.35 0.00
v 1058.82 -6882.35 -18.00
v 1058.82 -6352.94 -18.00
v 1058.82 -6352.94 0.00
v 1058.82 -6882.35 0.00
v 1058.82 -6352.94 -18.00
v 529.41 -6352.94 -18.00
v 529.41 -6352.94 0.00
v 1058.82 -6352.94 0.00
v 529.41 -6352.94 -18.00
v 529.41 -6882.35 -18.00
v 529.41 -6882.35 0.00
v 529.41 -6352.94 0.00
v 529.41 -5823.53 -18.00
v 1058.82 -5823.53 -18.00
v 1058.82 -6352.94 -18.00
v 529.41 -6352.94 -18.00
v 529.41 -4235.29 -18.00
v 529.41 -4764.71 -18.00
v 529.41 -4764.71 0.00
v 529.41 -4235.29 0.00
v 529.41 -3705.88 -18.00
v 1058.82 -3705.88 -18.00
v 1058.82 -4235.29 -18.00
v 529.41 -4235.29 -18.00
v 529.41 -4235.29 0.00
v 1058.82 -4235.29 0.00
v 1058.82 -3705.88 0.00
v 529.41 -3705.88 0.00
v 529.41 -4235.29 -18.00
v 1058.82 -4235.29 -18.00
v 1058.82 -4235.29 0.00
v 529.41 -4235.29 0.00
v 1058.82 -4235.29 -18.00
v 1058.82 -3705.88 -18.00
v 1058.82 -3705.88 0.00
v 1058.82 -4235.29 0.00
v 1058.82 -3705.88 -18.00
v 529.41 -3705.88 -18.00
v 529.41 -3705.88 0.00
v 1058.82 -3705.88 0.00
v 529.41 -2647.06 -18.00
v 529.41 -3176.47 -18.00
v 529.41 -3176.47 0.00
v 529.41 -2647.06 0.00
v 529.41 -2117.65 -18.00
v 1058.82 -2117.65 -18.00
v 1058.82 -2647.06 -18.00
v 529.41 -2647.06 -18.00
v 529.41 -2647.06 0.00
v 1058.82 -2647.06 0.00
v 1058.82 -2117.65 0.00
v 529.41 -2117.65 0.00
v 529.41 -2647.06 -18.00
v 1058.82 -2647.06 -18.00
v 1058.82 -2647.06 0.00
v 529.41 -2647.06 0.00
v 1058.82 -2647.06 -18.00
v 1058.82 -2117.65 -18.00
v 1058.82 -2117.65 0.00
v 1058.82 -2647.06 0.00
v 1058.82 -2117.65 -18.00
v 529.41 -2117.65 -18.00
v 529.41 -2117.65 0.00
v 1058.82 -2117.65 0.00
v 1058.82 529.41 -18.00
v 1058.82 1058.82 -18.00
v 1058.82 1058.82 0.00
v 1058.82 529.41 0.00
v 1058.82 1058.82 -18.00
v 529.41 1058.82 -18.00
v 529.41 1058.82 0.00
v 1058.82 1058.82 0.00
v 529.41 1058.82 -18.00
v 529.41 529.41 -18.00
v 529.41 529.41 0.00
v 529.41 1058.82 0.00
v 529.41 1588.23 -18.00
v 1058.82 1588.23 -18.00
v 1058.82 1058.82 -18.00
v 529.41 1058.82 -18.00
v 529.41 1058.82 0.00
v 1058.82 1058.82 0.00
v 1058.82 1588.23 0.00
v 529.41 1588.23 0.00
v 529.41 1058.82 -18.00
v 1058.82 1058.82 -18.00
v 1058.82 1058.82 0.00
v 529.41 1058.82 0.00
v 1588.23 -6352.94 -18.00
v 1058.82 -6352.94 -18.00
v 1058.82 -6352.94 0.00
v 1588.23 -6352.94 0.00
v 1058.82 -6352.94 -18.00
v 1058.82 -6882.35 -18.00
v 1058.82 -6882.35 0.00
v 1058.82 -6352.94 0.00
v 1058.82 -5823.53 -18.00
v 1588.23 -5823.53 -18.00
v 1588.23 -6352.94 -18.00
v 1058.82 -6352.94 -18.00
v 1058.82 -6352.94 0.00
v 1588.23 -6352.94 0.00
v 1588.23 -5823.53 0.00
v 1058.82 -5823.53 0.00
v 1058.82 -6352.94 -18.00
v 1588.23 -6352.94 -18.00
v 1588.23 -6352.94 0.00
v 1058.82 -6352.94 0.00
v 1588.23 -6352.94 -18.00
v 1588.23 -5823.53 -18.00
v 1588.23 -5823.53 0.00
v 1588.23 -6352.94 0.00
v 1588.23 -5823.53 -18.00
v 1058.82 -5823.53 -18.00
v 1058.82 -5823.53 0.00
v 1588.23 -5823.53 0.00
v 1058.82 -5823.53 -18.00
v 1058.82 -6352.94 -18.00
v 1058.82 -6352.94 0.00
v 1058.82 -5823.53 0.00
v 1058.82 -5294.12 -18.00
v 1588.23 -5294.12 -18.00
v 1588.23 -5823.53 -18.00
v 1058.82 -5823.53 -18.00
v 1058.82 -5823.53 0.00
v 1588.23 -5823.53 0.00
v 1588.23 -5294.12 0.00
v 1058.82 -5294.12 0.00
v 1058.82 -5823.53 -18.00
v 1588.23 -5823.53 -18.00
v 1588.23 -5823.53 0.00
v 1058.82 -5823.53 0.00
v 1588.23 -5823.53 -18.00
v 1588.23 -5294.12 -18.00
v 1588.23 -5294.12 0.00
v 1588.23 -5823.53 0.00
v 1058.82 529.41 -18.00
v 1588.23 529.41 -18.00
v 1588.23 -0.00 -18.00
v 1058.82 -0.00 -18.00
v 1058.82 -0.00 0.00
v 1588.23 -0.00 0.00
v 1588.23 529.41 0.00
v 1058.82 529.41 0.00
v 1058.82 -0.00 -18.00
v 1588.23 -0.00 -18.00
v 1588.23 -0.00 0.00
v 1058.82 -0.00 0.00
v 1588.23 -0.00 -18.00
v 1588.23 529.41 -18.00
v 1588.23 529.41 0.00
v 1588.23 -0.00 0.00
v 1588.23 529.41 -18.00
v 1058.82 529.41 -18.00
v 1058.82 529.41 0.00
v 1588.23 529.41 0.00
v 1058.82 529.41 -18.00
v 1058.82 -0.00 -18.00
v 1058.82 -0.00 0.00
v 1058.82 529.41 0.00
v 1588.23 3705.88 -18.00
v 1058.82 3705.88 -18.00
v 1058.82 3705.88 0.00
v 1588.23 3705.88 0.00
v 1058.82 3705.88 -18.00
v 1058.82 3176.47 -18.00
v 1058.82 3176.47 0.00
v 1058.82 3705.88 0.00
v 1058.82 4235.29 -18.00
v 1588.23 4235.29 -18.00
v 1588.23 3705.88 -18.00
v 1058.82 3705.88 -18.00
v 1058.82 3705.88 0.00
v 1588.23 3705.88 0.00
v 1588.23 4235.29 0.00
v 1058.82 4235.29 0.00
v 1058.82 3705.88 -18.00
v 1588.23 3705.88 -18.00
v 1588.23 3705.88 0.00
v 1058.82 3705.88 0.00
v 1588.23 3705.88 -18.00
v 1588.23 4235.29 -18.00
v 1588.23 4235.29 0.00
v 1588.23 3705.88 0.00
v 1588.23 4764.71 -18.00
v 1058.82 4764.71 -18.00
v 1058.82 4764.71 0.00
v 1588.23 4764.71 0.00
v 1058.82 4764.71 -18.00
v 1058.82 4235.29 -18.00
v 1058.82 4235.29 0.00
v 1058.82 4764.71 0.00
v 1058.82 4764.71 -18.00
v 1588.23 4764.71 -18.00
v 1588.23 4764.71 0.00
v 1058.82 4764.71 0.00
v 1588.23 -8470.59 -18.00
v 2117.65 -8470.59 -18.00
v 2117.65 -9000.00 -18.00
v 1588.23 -9000.00 -18.00
v 1588.23 -9000.00 0.00
v 2117.65 -9000.00 0.00
v 2117.65 -8470.59 0.00
v 1588.23 -8470.59 0.00
v 1588.23 -9000.00 -18.00
v 2117.65 -9000.00 -18.00
v 2117.65 -9000.00 0.00
v 1588.23 -9000.00 0.00
v 1588.23 -7941.18 0.00
v 2117.65 -7941.18 0.00
v 2117.65 -7411.77 0.00
v 1588.23 -7411.77 0.00
v 1588.23 -7941.18 -18.00
v 2117.65 -7941.18 -18.00
v 2117.65 -7941.18 0.00
v 1588.23 -7941.18 0.00
v 2117.65 -7941.18 -18.00
v 2117.65 -7411.77 -18.00
v 2117.65 -7411.77 0.00
v 2117.65 -7941.18 0.00
v 2117.65 -7411.77 -18.00
v 1588.23 -7411.77 -18.00
v 1588.23 -7411.77 0.00
v 2117.65 -7411.77 0.00
v 1588.23 -7411.77 -18.00
v 1588.23 -7941.18 -18.00
v 1588.23 -7941.18 0.00
v 1588.23 -7411.77 0.00
v 1588.23 -6882.35 -18.00
v 2117.65 -6882.35 -18.00
v 2117.65 -7411.77 -18.00
v 1588.23 -7411.77 -18.00
v 1588.23 -7411.77 0.00
v 2117.65 -7411.77 0.00
v 2117.65 -6882.35 0.00
v 1588.23 -6882.35 0.00
v 1588.23 -7411.77 -18.00
v 2117.65 -7411.77 -18.00
v 2117.65 -7411.77 0.00
v 1588.23 -7411.77 0.00
v 2117.65 -7411.77 -18.00
v 2117.65 -6882.35 -18.00
v 2117.65 -6882.35 0.00
v 2117.65 -7411.77 0.00
v 2117.65 -6882.35 -18.00
v 1588.23 -6882.35 -18.00
v 1588.23 -6882.35 0.00
v 2117.65 -6882.35 0.00
v 1588.23 -6882.35 -18.00
v 1588.23 -7411.77 -18.00
v 1588.23 -7411.77 0.00
v 1588.23 -6882.35 0.00
v 1588.23 -6352.94 -18.00
v 2117.65 -6352.94 -18.00
v 2117.65 -6882.35 -18.00
v 1588.23 -6882.35 -18.00
v 1588.23 -6882.35 0.00
v 2117.65 -6882.35 0.00
v 2117.65 -6352.94 0.00
v 1588.23 -6352.94 0.00
v 1588.23 -6882.35 -18.00
v 2117.65 -6882.35 -18.00
v 2117.65 -6882.35 0.00
v 1588.23 -6882.35 0.00
v 2117.65 -6882.35 -18.00
v 2117.65 -6352.94 -18.00
v 2117.65 -6352.94 0.00
v 2117.65 -6882.35 0.00
v 2117.65 -6352.94 -18.00
v 1588.23 -6352.94 -18.00
v 1588.23 -6352.94 0.00
v 2117.65 -6352.94 0.00
v 1588.23 -6352.94 -18.00
v 1588.23 -6882.35 -18.00
v 1588.23 -6882.35 0.00
v 1588.23 -6352.94 0.00
v 1588.23 -5823.53 -18.00
v 2117.65 -5823.53 -18.00
v 2117.65 -6352.94 -18.00
v 1588.23 -6352.94 -18.00
v 2117.65 -1058.82 -18.00
v 2117.65 -529.41 -18.00
v 2117.65 -529.41 0.00
v 2117.65 -1058.82 0.00
v 2117.65 -529.41 -18.00
v 1588.23 -529.41 -18.00
v 1588.23 -529.41 0.00
v 2117.65 -529.41 0.00
v 1588.23 -529.41 -18.00
v 1588.23 -1058.82 -18.00
v 1588.23 -1058.82 0.00
v 1588.23 -529.41 0.00
v 1588.23 -0.00 -18.00
v 2117.65 -0.00 -18.00
v 2117.65 -529.41 -18.00
v 1588.23 -529.41 -18.00
v 1588.23 -529.41 0.00
v 2117.65 -529.41 0.00
v 2117.65 -0.00 0.00
v 1588.23 -0.00 0.00
v 1588.23 -529.41 -18.00
v 2117.65 -529.41 -18.00
v 2117.65 -529.41 0.00
v 1588.23 -529.41 0.00
v 1588.23 2647.06 0.00
v 2117.65 2647.06 0.00
v 2117.65 3176.47 0.00
v 1588.23 3176.47 0.00
v 1588.23 2647.06 -18.00
v 2117.65 2647.06 -18.00
v 2117.65 2647.06 0.00
v 1588.23 2647.06 0.00
v 2117.65 2647.06 -18.00
v 2117.65 3176.47 -18.00
v 2117.65 3176.47 0.00
v 2117.65 2647.06 0.00
v 2117.65 3176.47 -18.00
v 1588.23 3176.47 -18.00
v 1588.23 3176.47 0.00
v 2117.65 3176.47 0.00
v 1588.23 3176.47 -18.00
v 1588.23 2647.06 -18.00
v 1588.23 2647.06 0.00
v 1588.23 3176.47 0.00
v 1588.23 3705.88 -18.00
v 2117.65 3705.88 -18.00
v 2117.65 3176.47 -18.00
v 1588.23 3176.47 -18.00
v 1588.23 3176.47 0.00
v 2117.65 3176.47 0.00
v 2117.65 3705.88 0.00
v 1588.23 3705.88 0.00
v 1588.23 3176.47 -18.00
v 2117.65 3176.47 -18.00
v 2117.65 3176.47 0.00
v 1588.23 3176.47 0.00
v 2117.65 3176.47 -18.00
v 2117.65 3705.88 -18.00
v 2117.65 3705.88 0.00
v 2117.65 3176.47 0.00
v 2117.65 3705.88 -18.00
v 1588.23 3705.88 -18.00
v 1588.23 3705.88 0.00
v 2117.65 3705.88 0.00
v 1588.23 3705.88 -18.00
v 1588.23 3176.47 -18.00
v 1588.23 3176.47 0.00
v 1588.23 3705.88 0.00
v 1588.23 4235.29 -18.00
v 2117.65 4235.29 -18.00
v 2117.65 3705.88 -18.00
v 1588.23 3705.88 -18.00
v 2117.65 -3176.47 0.00
v 2647.06 -3176.47 0.00
v 2647.06 -2647.06 0.00
v 2117.65 -2647.06 0.00
v 2117.65 -3176.47 -18.00
v 2647.06 -3176.47 -18.00
v 2647.06 -3176.47 0.00
v 2117.65 -3176.47 0.00
v 2647.06 -3176.47 -18.00
v 2647.06 -2647.06 -18.00
v 2647.06 -2647.06 0.00
v 2647.06 -3176.47 0.00
v 2647.06 -2647.06 -18.00
v 2117.65 -2647.06 -18.00
v 2117.65 -2647.06 0.00
v 2647.06 -2647.06 0.00
v 2117.65 -2647.06 -18.00
v 2117.65 -3176.47 -18.00
v 2117.65 -3176.47 0.00
v 2117.65 -2647.06 0.00
v 2117.65 -2117.65 -18.00
v 2647.06 -2117.65 -18.00
v 2647.06 -2647.06 -18.00
v 2117.65 -2647.06 -18.00
v 2117.65 -2117.65 0.00
v 2647.06 -2117.65 0.00
v 2647.06 -1588.23 0.00
v 2117.65 -1588.23 0.00
v 2117.65 -2117.65 -18.00
v 2647.06 -2117.65 -18.00
v 2647.06 -2117.65 0.00
v 2117.65 -2117.65 0.00
v 2647.06 -2117.65 -18.00
v 2647.06 -1588.23 -18.00
v 2647.06 -1588.23 0.00
v 2647.06 -2117.65 0.00
v 2647.06 -1588.23 -18.00
v 2117.65 -1588.23 -18.00
v 2117.65 -1588.23 0.00
v 2647.06 -1588.23 0.00
v 2117.65 -1588.23 -18.00
v 2117.65 -2117.65 -18.00
v 2117.65 -2117.65 0.00
v 2117.65 -1588.23 0.00
v 2117.65 -1058.82 -18.00
v 2647.06 -1058.82 -18.00
v 2647.06 -1588.23 -18.00
v 2117.65 -1588.23 -18.00
v 2117.65 -1588.23 0.00
v 2647.06 -1588.23 0.00
v 2647.06 -1058.82 0.00
v 2117.65 -1058.82 0.00
v 2117.65 -1588.23 -18.00
v 2647.06 -1588.23 -18.00
v 2647.06 -1588.23 0.00
v 2117.65 -1588.23 0.00
v 2647.06 -1588.23 -18.00
v 2647.06 -1058.82 -18.00
v 2647.06 -1058.82 0.00
v 2647.06 -1588.23 0.00
v 2647.06 -1058.82 -18.00
v 2117.65 -1058.82 -18.00
v 2117.65 -1058.82 0.00
v 2647.06 -1058.82 0.00
v 2117.65 -1058.82 -18.00
v 2117.65 -1588.23 -18.00
v 2117.65 -1588.23 0.00
v 2117.65 -1058.82 0.00
v 2117.65 -529.41 -18.00
v 2647.06 -529.41 -18.00
v 2647.06 -1058.82 -18.00
v 2117.65 -1058.82 -18.00
v 2117.65 529.41 -18.00
v 2117.65 -0.00 -18.00
v 2117.65 -0.00 0.00
v 2117.65 529.41 0.00
v 2117.65 1058.82 -18.00
v 2647.06 1058.82 -18.00
v 2647.06 529.41 -18.00
v 2117.65 529.41 -18.00
v 2117.65 529.41 0.00
v 2647.06 529.41 0.00
v 2647.06 1058.82 0.00
v 2117.65 1058.82 0.00
v 2117.65 529.41 -18.00
v 2647.06 529.41 -18.00
v 2647.06 529.41 0.00
v 2117.65 529.41 0.00
v 2647.06 529.41 -18.00
v 2647.06 1058.82 -18.00
v 2647.06 1058.82 0.00
v 2647.06 529.41 0.00
v 2647.06 1058.82 -18.00
v 2117.65 1058.82 -18.00
v 2117.65 1058.82 0.00
v 2647.06 1058.82 0.00
v 2117.65 1588.23 -18.00
v 2117.65 1058.82 -18.00
v 2117.65 1058.82 0.00
v 2117.65 1588.23 0.00
v 2117.65 2117.65 -18.00
v 2647.06 2117.65 -18.00
v 2647.06 1588.23 -18.00
v 2117.65 1588.23 -18.00
v 2117.65 1588.23 0.00
v 2647.06 1588.23 0.00
v 2647.06 2117.65 0.00
v 2117.65 2117.65 0.00
v 2117.65 1588.23 -18.00
v 2647.06 1588.23 -18.00
v 2647.06 1588.23 0.00
v 2117.65 1588.23 0.00
v 2647.06 1588.23 -18.00
v 2647.06 2117.65 -18.00
v 2647.06 2117.65 0.00
v 2647.06 1588.23 0.00
v 2647.06 2117.65 -18.00
v 2117.65 2117.65 -18.00
v 2117.65 2117.65 0.00
v 2647.06 2117.65 0.00
v 2647.06 4235.29 -18.00
v 2647.06 4764.71 -18.00
v 2647.06 4764.71 0.00
v 2647.06 4235.29 0.00
v 2647.06 4764.71 -18.00
v 2117.65 4764.71 -18.00
v 2117.65 4764.71 0.00
v 2647.06 4764.71 0.00
v 2117.65 4764.71 -18.00
v 2117.65 4235.29 -18.00
v 2117.65 4235.29 0.00
v 2117.65 4764.71 0.00
v 2117.65 4764.71 -18.00
v 2647.06 4764.71 -18.00
v 2647.06 4764.71 0.00
v 2117.65 4764.71 0.00
v 2647.06 -8470.59 -18.00
v 3176.47 -8470.59 -18.00
v 3176.47 -9000.00 -18.00
v 2647.06 -9000.00 -18.00
v 2647.06 -9000.00 0.00
v 3176.47 -9000.00 0.00
v 3176.47 -8470.59 0.00
v 2647.06 -8470.59 0.00
v 3176.47 -2117.65 -18.00
v 2647.06 -2117.65 -18.00
v 2647.06 -2117.65 0.00
v 3176.47 -2117.65 0.00
v 2647.06 -2117.65 -18.00
v 2647.06 -2647.06 -18.00
v 2647.06 -2647.06 0.00
v 2647.06 -2117.65 0.00
v 2647.06 -1588.23 -18.00
v 3176.47 -1588.23 -18.00
v 3176.47 -2117.65 -18.00
v 2647.06 -2117.65 -18.00
v 2647.06 -2117.65 0.00
v 3176.47 -2117.65 0.00
v 3176.47 -1588.23 0.00
v 2647.06 -1588.23 0.00
v 2647.06 -2117.65 -18.00
v 3176.47 -2117.65 -18.00
v 3176.47 -2117.65 0.00
v 2647.06 -2117.65 0.00
v 3176.47 -2117.65 -18.00
v 3176.47 -1588.23 -18.00
v 3176.47 -1588.23 0.00
v 3176.47 -2117.65 0.00
v 2647.06 1588.23 -18.00
v 3176.47 1588.23 -18.00
v 3176.47 1588.23 0.00
v 2647.06 1588.23 0.00
v 3176.47 1588.23 -18.00
v 3176.47 2117.65 -18.00
v 3176.47 2117.65 0.00
v 3176.47 1588.23 0.00
v 3176.47 2117.65 -18.00
v 2647.06 2117.65 -18.00
v 2647.06 2117.65 0.00
v 3176.47 2117.65 0.00
v 2647.06 2117.65 -18.00
v 2647.06 1588.23 -18.00
v 2647.06 1588.23 0.00
v 2647.06 2117.65 0.00
v 2647.06 2647.06 -18.00
v 3176.47 2647.06 -18.00
v 3176.47 2117.65 -18.00
v 2647.06 2117.65 -18.00
v 2647.06 2117.65 0.00
v 3176.47 2117.65 0.00
v 3176.47 2647.06 0.00
v 2647.06 2647.06 0.00
v 2647.06 4764.71 -18.00
v 3176.47 4764.71 -18.00
v 3176.47 4235.29 -18.00
v 2647.06 4235.29 -18.00
v 2647.06 4235.29 0.00
v 3176.47 4235.29 0.00
v 3176.47 4764.71 0.00
v 2647.06 4764.71 0.00
v 2647.06 4235.29 -18.00
v 3176.47 4235.29 -18.00
v 3176.47 4235.29 0.00
v 2647.06 4235.29 0.00
v 3176.47 4235.29 -18.00
v 3176.47 4764.71 -18.00
v 3176.47 4764.71 0.00
v 3176.47 4235.29 0.00
v 3176.47 4764.71 -18.00
v 2647.06 4764.71 -18.00
v 2647.06 4764.71 0.00
v 3176.47 4764.71 0.00
v 2647.06 4764.71 -18.00
v 2647.06 4235.29 -18.00
v 2647.06 4235.29 0.00
v 2647.06 4764.71 0.00
v 3705.88 -6882.35 -18.00
v 3705.88 -6352.94 -18.00
v 3705.88 -6352.94 0.00
v 3705.88 -6882.35 0.00
v 3705.88 -6352.94 -18.00
v 3176.47 -6352.94 -18.00
v 3176.47 -6352.94 0.00
v 3705.88 -6352.94 0.00
v 3176.47 -6352.94 -18.00
v 3176.47 -6882.35 -18.00
v 3176.47 -6882.35 0.00
v 3176.47 -6352.94 0.00
v 3176.47 -5823.53 -18.00
v 3705.88 -5823.53 -18.00
v 3705.88 -6352.94 -18.00
v 3176.47 -6352.94 -18.00
v 3176.47 -6352.94 0.00
v 3705.88 -6352.94 0.00
v 3705.88 -5823.53 0.00
v 3176.47 -5823.53 0.00
v 3176.47 -6352.94 -18.00
v 3705.88 -6352.94 -18.00
v 3705.88 -6352.94 0.00
v 3176.47 -6352.94 0.00
v 3705.88 -6352.94 -18.00
v 3705.88 -5823.53 -18.00
v 3705.88 -5823.53 0.00
v 3705.88 -6352.94 0.00
v 3705.88 -5823.53 -18.00
v 3176.47 -5823.53 -18.00
v 3176.47 -5823.53 0.00
v 3705.88 -5823.53 0.00
v 3176.47 -5823.53 -18.00
v 3176.47 -6352.94 -18.00
v 3176.47 -6352.94 0.00
v 3176.47 -5823.53 0.00
v 3176.47 -5294.12 -18.00
v 3705.88 -5294.12 -18.00
v 3705.88 -5823.53 -18.00
v 3176.47 -5823.53 -18.00
v 3176.47 -5823.53 0.00
v 3705.88 -5823.53 0.00
v 3705.88 -5294.12 0.00
v 3176.47 -5294.12 0.00
v 3176.47 -5823.53 -18.00
v 3705.88 -5823.53 -18.00
v 3705.88 -5823.53 0.00
v 3176.47 -5823.53 0.00
v 3176.47 -3705.88 0.00
v 3705.88 -3705.88 0.00
v 3705.88 -3176.47 0.00
v 3176.47 -3176.47 0.00
v 3176.47 -3705.88 -18.00
v 3705.88 -3705.88 -18.00
v 3705.88 -3705.88 0.00
v 3176.47 -3705.88 0.00
v 3705.88 -3705.88 -18.00
v 3705.88 -3176.47 -18.00
v 3705.88 -3176.47 0.00
v 3705.88 -3705.88 0.00
v 3705.88 -3176.47 -18.00
v 3176.47 -3176.47 -18.00
v 3176.47 -3176.47 0.00
v 3705.88 -3176.47 0.00
v 3176.47 -3176.47 -18.00
v 3176.47 -3705.88 -18.00
v 3176.47 -3705.88 0.00
v 3176.47 -3176.47 0.00
v 3176.47 -2647.06 -18.00
v 3705.88 -2647.06 -18.00
v 3705.88 -3176.47 -18.00
v 3176.47 -3176.47 -18.00
v 3176.47 -3176.47 0.00
v 3705.88 -3176.47 0.00
v 3705.88 -2647.06 0.00
v 3176.47 -2647.06 0.00
v 3176.47 -3176.47 -18.00
v 3705.88 -3176.47 -18.00
v 3705.88 -3176.47 0.00
v 3176.47 -3176.47 0.00
v 3705.88 -3176.47 -18.00
v 3705.88 -2647.06 -18.00
v 3705.88 -2647.06 0.00
v 3705.88 -3176.47 0.00
v 3705.88 -2647.06 -18.00
v 3176.47 -2647.06 -18.00
v 3176.47 -2647.06 0.00
v 3705.88 -2647.06 0.00
v 3176.47 -2647.06 -18.00
v 3176.47 -3176.47 -18.00
v 3176.47 -3176.47 0.00
v 3176.47 -2647.06 0.00
v 3176.47 -2117.65 -18.00
v 3705.88 -2117.65 -18.00
v 3705.88 -2647.06 -18.00
v 3176.47 -2647.06 -18.00
v 3176.47 -2647.06 0.00
v 3705.88 -2647.06 0.00
v 3705.88 -2117.65 0.00
v 3176.47 -2117.65 0.00
v 3176.47 -2647.06 -18.00
v 3705.88 -2647.06 -18.00
v 3705.88 -2647.06 0.00
v 3176.47 -2647.06 0.00
v 3705.88 -2647.06 -18.00
v 3705.88 -2117.65 -18.00
v 3705.88 -2117.65 0.00
v 3705.88 -2647.06 0.00
v 3705.88 -2117.65 -18.00
v 3176.47 -2117.65 -18.00
v 3176.47 -2117.65 0.00
v 3705.88 -2117.65 0.00
v 3176.47 -2117.65 -18.00
v 3176.47 -2647.06 -18.00
v 3176.47 -2647.06 0.00
v 3176.47 -2117.65 0.00
v 3176.47 -1588.23 -18.00
v 3705.88 -1588.23 -18.00
v 3705.88 -2117.65 -18.00
v 3176.47 -2117.65 -18.00
v 3176.47 -0.00 -18.00
v 3176.47 -529.41 -18.00
v 3176.47 -529.41 0.00
v 3176.47 -0.00 0.00
v 3176.47 529.41 -18.00
v 3705.88 529.41 -18.00
v 3705.88 -0.00 -18.00
v 3176.47 -0.00 -18.00
v 3176.47 -0.00 0.00
v 3705.88 -0.00 0.00
v 3705.88 529.41 0.00
v 3176.47 529.41 0.00
v 3176.47 -0.00 -18.00
v 3705.88 -0.00 -18.00
v 3705.88 -0.00 0.00
v 3176.47 -0.00 0.00
v 3705.88 -0.00 -18.00
v 3705.88 529.41 -18.00
v 3705.88 529.41 0.00
v 3705.88 -0.00 0.00
v 3705.88 529.41 -18.00
v 3176.47 529.41 -18.00
v 3176.47 529.41 0.00
v 3705.88 529.41 0.00
v 3176.47 1588.23 -18.00
v 3176.47 1058.82 -18.00
v 3176.47 1058.82 0.00
v 3176.47 1588.23 0.00
v 3176.47 2117.65 -18.00
v 3705.88 2117.65 -18.00
v 3705.88 1588.23 -18.00
v 3176.47 1588.23 -18.00
v 3176.47 1588.23 0.00
v 3705.88 1588.23 0.00
v 3705.88 2117.65 0.00
v 3176.47 2117.65 0.00
v 3176.47 1588.23 -18.00
v 3705.88 1588.23 -18.00
v 3705.88 1588.23 0.00
v 3176.47 1588.23 0.00
v 3705.88 1588.23 -18.00
v 3705.88 2117.65 -18.00
v 3705.88 2117.65 0.00
v 3705.88 1588.23 0.00
v 3705.88 2117.65 -18.00
v 3176.47 2117.65 -18.00
v 3176.47 2117.65 0.00
v 3705.88 2117.65 0.00
v 3705.88 3176.47 -18.00
v 3705.88 3705.88 -18.00
v 3705.88 3705.88 0.00
v 3705.88 3176.47 0.00
v 3705.88 3705.88 -18.00
v 3176.47 3705.88 -18.00
v 3176.47 3705.88 0.00
v 3705.88 3705.88 0.00
v 3176.47 3705.88 -18.00
v 3176.47 3176.47 -18.00
v 3176.47 3176.47 0.00
v 3176.47 3705.88 0.00
v 3176.47 4235.29 -18.00
v 3705.88 4235.29 -18.00
v 3705.88 3705.88 -18.00
v 3176.47 3705.88 -18.00
v 3176.47 3705.88 0.00
v 3705.88 3705.88 0.00
v 3705.88 4235.29 0.00
v 3176.47 4235.29 0.00
v 3176.47 3705.88 -18.00
v 3705.88 3705.88 -18.00
v 3705.88 3705.88 0.00
v 3176.47 3705.88 0.00
v 3705.88 -5823.53 -18.00
v 4235.29 -5823.53 -18.00
v 4235.29 -6352.94 -18.00
v 3705.88 -6352.94 -18.00
v 3705.88 -6352.94 0.00
v 4235.29 -6352.94 0.00
v 4235.29 -5823.53 0.00
v 3705.88 -5823.53 0.00
v 3705.88 -6352.94 -18.00
v 4235.29 -6352.94 -18.00
v 4235.29 -6352.94 0.00
v 3705.88 -6352.94 0.00
v 4235.29 -6352.94 -18.00
v 4235.29 -5823.53 -18.00
v 4235.29 -5823.53 0.00
v 4235.29 -6352.94 0.00
v 4235.29 -5823.53 -18.00
v 3705.88 -5823.53 -18.00
v 3705.88 -5823.53 0.00
v 4235.29 -5823.53 0.00
v 3705.88 -5823.53 -18.00
v 3705.88 -6352.94 -18.00
v 3705.88 -6352.94 0.00
v 3705.88 -5823.53 0.00
v 3705.88 -5294.12 -18.00
v 4235.29 -5294.12 -18.00
v 4235.29 -5823.53 -18.00
v 3705.88 -5823.53 -18.00
v 3705.88 -5823.53 0.00
v 4235.29 -5823.53 0.00
v 4235.29 -5294.12 0.00
v 3705.88 -5294.12 0.00
v 3705.88 -5823.53 -18.00
v 4235.29 -5823.53 -18.00
v 4235.29 -5823.53 0.00
v 3705.88 -5823.53 0.00
v 4235.29 -5823.53 -18.00
v 4235.29 -5294.12 -18.00
v 4235.29 -5294.12 0.00
v 4235.29 -5823.53 0.00
v 4235.29 -5294.12 -18.00
v 3705.88 -5294.12 -18.00
v 3705.88 -5294.12 0.00
v 4235.29 -5294.12 0.00
v 3705.88 -5294.12 -18.00
v 3705.88 -5823.53 -18.00
v 3705.88 -5823.53 0.00
v 3705.88 -5294.12 0.00
v 4235.29 -2647.06 -18.00
v 3705.88 -2647.06 -18.00
v 3705.88 -2647.06 0.00
v 4235.29 -2647.06 0.00
v 3705.88 -2647.06 -18.00
v 3705.88 -3176.47 -18.00
v 3705.88 -3176.47 0.00
v 3705.88 -2647.06 0.00
v 3705.88 -2117.65 -18.00
v 4235.29 -2117.65 -18.00
v 4235.29 -2647.06 -18.00
v 3705.88 -2647.06 -18.00
v 3705.88 -2647.06 0.00
v 4235.29 -2647.06 0.00
v 4235.29 -2117.65 0.00
v 3705.88 -2117.65 0.00
v 3705.88 -2647.06 -18.00
v 4235.29 -2647.06 -18.00
v 4235.29 -2647.06 0.00
v 3705.88 -2647.06 0.00
v 4235.29 -2647.06 -18.00
v 4235.29 -2117.65 -18.00
v 4235.29 -2117.65 0.00
v 4235.29 -2647.06 0.00
v 3705.88 -0.00 -18.00
v 4235.29 -0.00 -18.00
v 4235.29 -0.00 0.00
v 3705.88 -0.00 0.00
v 4235.29 -0.00 -18.00
v 4235.29 529.41 -18.00
v 4235.29 529.41 0.00
v 4235.29 -0.00 0.00
v 4235.29 529.41 -18.00
v 3705.88 529.41 -18.00
v 3705.88 529.41 0.00
v 4235.29 529.41 0.00
v 3705.88 529.41 -18.00
v 3705.88 -0.00 -18.00
v 3705.88 -0.00 0.00
v 3705.88 529.41 0.00
v 3705.88 1058.82 -18.00
v 4235.29 1058.82 -18.00
v 4235.29 529.41 -18.00
v 3705.88 529.41 -18.00
v 3705.88 529.41 0.00
v 4235.29 529.41 0.00
v 4235.29 1058.82 0.00
v 3705.88 1058.82 0.00
v 3705.88 529.41 -18.00
v 4235.29 529.41 -18.00
v 4235.29 529.41 0.00
v 3705.88 529.41 0.00
v 4235.29 529.41 -18.00
v 4235.29 1058.82 -18.00
v 4235.29 1058.82 0.00
v 4235.29 529.41 0.00
v 4235.29 1058.82 -18.00
v 3705.88 1058.82 -18.00
v 3705.88 1058.82 0.00
v 4235.29 1058.82 0.00
v 3705.88 1058.82 -18.00
v 3705.88 529.41 -18.00
v 3705.88 529.41 0.00
v 3705.88 1058.82 0.00
v 3705.88 1588.23 -18.00
v 4235.29 1588.23 -18.00
v 4235.29 1058.82 -18.00
v 3705.88 1058.82 -18.00
v 3705.88 1058.82 0.00
v 4235.29 1058.82 0.00
v 4235.29 1588.23 0.00
v 3705.88 1588.23 0.00
v 3705.88 1588.23 -18.00
v 4235.29 1588.23 -18.00
v 4235.29 1588.23 0.00
v 3705.88 1588.23 0.00
v 4235.29 1588.23 -18.00
v 4235.29 2117.65 -18.00
v 4235.29 2117.65 0.00
v 4235.29 1588.23 0.00
v 4235.29 2117.65 -18.00
v 3705.88 2117.65 -18.00
v 3705.88 2117.65 0.00
v 4235.29 2117.65 0.00
v 3705.88 2117.65 -18.00
v 3705.88 1588.23 -18.00
v 3705.88 1588.23 0.00
v 3705.88 2117.65 0.00
v 3705.88 2647.06 -18.00
v 4235.29 2647.06 -18.00
v 4235.29 2117.65 -18.00
v 3705.88 2117.65 -18.00
v 3705.88 2117.65 0.00
v 4235.29 2117.65 0.00
v 4235.29 2647.06 0.00
v 3705.88 2647.06 0.00
v 3705.88 4764.71 -18.00
v 4235.29 4764.71 -18.00
v 4235.29 4764.71 0.00
v 3705.88 4764.71 0.00
v 4235.29 -8470.59 -18.00
v 4764.71 -8470.59 -18.00
v 4764.71 -9000.00 -18.00
v 4235.29 -9000.00 -18.00
v 4235.29 -9000.00 0.00
v 4764.71 -9000.00 0.00
v 4764.71 -8470.59 0.00
v 4235.29 -8470.59 0.00
v 4235.29 -9000.00 -18.00
v 4764.71 -9000.00 -18.00
v 4764.71 -9000.00 0.00
v 4235.29 -9000.00 0.00
v 4764.71 -9000.00 -18.00
v 4764.71 -8470.59 -18.00
v 4764.71 -8470.59 0.00
v 4764.71 -9000.00 0.00
v 4764.71 -8470.59 -18.00
v 4235.29 -8470.59 -18.00
v 4235.29 -8470.59 0.00
v 4764.71 -8470.59 0.00
v 4235.29 -8470.59 -18.00
v 4235.29 -9000.00 -18.00
v 4235.29 -9000.00 0.00
v 4235.29 -8470.59 0.00
v 4235.29 -7941.18 -18.00
v 4764.71 -7941.18 -18.00
v 4764.71 -8470.59 -18.00
v 4235.29 -8470.59 -18.00
v 4235.29 -8470.59 0.00
v 4764.71 -8470.59 0.00
v 4764.71 -7941.18 0.00
v 4235.29 -7941.18 0.00
v 4235.29 -8470.59 -18.00
v 4764.71 -8470.59 -18.00
v 4764.71 -8470.59 0.00
v 4235.29 -8470.59 0.00
v 4764.71 -8470.59 -18.00
v 4764.71 -7941.18 -18.00
v 4764.71 -7941.18 0.00
v 4764.71 -8470.59 0.00
v 4764.71 -7941.18 -18.00
v 4235.29 -7941.18 -18.00
v 4235.29 -7941.18 0.00
v 4764.71 -7941.18 0.00
v 4764.71 -6882.35 -18.00
v 4764.71 -6352.94 -18.00
v 4764.71 -6352.94 0.00
v 4764.71 -6882.35 0.00
v 4764.71 -6352.94 -18.00
v 4235.29 -6352.94 -18.00
v 4235.29 -6352.94 0.00
v 4764.71 -6352.94 0.00
v 4235.29 -6352.94 -18.00
v 4235.29 -6882.35 -18.00
v 4235.29 -6882.35 0.00
v 4235.29 -6352.94 0.00
v 4235.29 -5823.53 -18.00
v 4764.71 -5823.53 -18.00
v 4764.71 -6352.94 -18.00
v 4235.29 -6352.94 -18.00
v 4235.29 -6352.94 0.00
v 4764.71 -6352.94 0.00
v 4764.71 -5823.53 0.00
v 4235.29 -5823.53 0.00
v 4235.29 -6352.94 -18.00
v 4764.71 -6352.94 -18.00
v 4764.71 -6352.94 0.00
v 4235.29 -6352.94 0.00
v 4764.71 -6352.94 -18.00
v 4764.71 -5823.53 -18.00
v 4764.71 -5823.53 0.00
v 4764.71 -6352.94 0.00
v 4764.71 -5823.53 -18.00
v 4235.29 -5823.53 -18.00
v 4235.29 -5823.53 0.00
v 4764.71 -5823.53 0.00
v 4235.29 -5823.53 -18.00
v 4235.29 -6352.94 -18.00
v 4235.29 -6352.94 0.00
v 4235.29 -5823.53 0.00
v 4235.29 -5294.12 -18.00
v 4764.71 -5294.12 -18.00
v 4764.71 -5823.53 -18.00
v 4235.29 -5823.53 -18.00
v 4235.29 -5823.53 0.00
v 4764.71 -5823.53 0.00
v 4764.71 -5294.12 0.00
v 4235.29 -5294.12 0.00
v 4235.29 -5823.53 -18.00
v 4764.71 -5823.53 -18.00
v 4764.71 -5823.53 0.00
v 4235.29 -5823.53 0.00
v 4764.71 -5294.12 -18.00
v 4764.71 -4764.71 -18.00
v 4764.71 -4764.71 0.00
v 4764.71 -5294.12 0.00
v 4764.71 -4764.71 -18.00
v 4235.29 -4764.71 -18.00
v 4235.29 -4764.71 0.00
v 4764.71 -4764.71 0.00
v 4235.29 -4764.71 -18.00
v 4235.29 -5294.12 -18.00
v 4235.29 -5294.12 0.00
v 4235.29 -4764.71 0.00
v 4235.29 -4235.29 -18.00
v 4764.71 -4235.29 -18.00
v 4764.71 -4764.71 -18.00
v 4235.29 -4764.71 -18.00
v 4235.29 -4764.71 0.00
v 4764.71 -4764.71 0.00
v 4764.71 -4235.29 0.00
v 4235.29 -4235.29 0.00
v 4235.29 -4764.71 -18.00
v 4764.71 -4764.71 -18.00
v 4764.71 -4764.71 0.00
v 4235.29 -4764.71 0.00
v 4235.29 -0.00 -18.00
v 4235.29 -529.41 -18.00
v 4235.29 -529.41 0.00
v 4235.29 -0.00 0.00
v 4235.29 529.41 -18.00
v 4764.71 529.41 -18.00
v 4764.71 -0.00 -18.00
v 4235.29 -0.00 -18.00
v 4235.29 -0.00 0.00
v 4764.71 -0.00 0.00
v 4764.71 529.41 0.00
v 4235.29 529.41 0.00
v 4235.29 -0.00 -18.00
v 4764.71 -0.00 -18.00
v 4764.71 -0.00 0.00
v 4235.29 -0.00 0.00
v 4764.71 -0.00 -18.00
v 4764.71 529.41 -18.00
v 4764.71 529.41 0.00
v 4764.71 -0.00 0.00
v 4764.71 529.41 -18.00
v 4235.29 529.41 -18.00
v 4235.29 529.41 0.00
v 4764.71 529.41 0.00
v 4235.29 529.41 -18.00
v 4235.29 -0.00 -18.00
v 4235.29 -0.00 0.00
v 4235.29 529.41 0.00
v 4235.29 1058.82 -18.00
v 4764.71 1058.82 -18.00
v 4764.71 529.41 -18.00
v 4235.29 529.41 -18.00
v 4235.29 529.41 0.00
v 4764.71 529.41 0.00
v 4764.71 1058.82 0.00
v 4235.29 1058.82 0.00
v 4235.29 529.41 -18.00
v 4764.71 529.41 -18.00
v 4764.71 529.41 0.00
v 4235.29 529.41 0.00
v 4764.71 529.41 -18.00
v 4764.71 1058.82 -18.00
v 4764.71 1058.82 0.00
v 4764.71 529.41 0.00
v 4764.71 1058.82 -18.00
v 4235.29 1058.82 -18.00
v 4235.29 1058.82 0.00
v 4764.71 1058.82 0.00
v 4764.71 4235.29 -18.00
v 4764.71 4764.71 -18.00
v 4764.71 4764.71 0.00
v 4764.71 4235.29 0.00
v 4764.71 4764.71 -18.00
v 4235.29 4764.71 -18.00
v 4235.29 4764.71 0.00
v 4764.71 4764.71 0.00
v 4235.29 4764.71 -18.00
v 4235.29 4235.29 -18.00
v 4235.29 4235.29 0.00
v 4235.29 4764.71 0.00
v 4235.29 4764.71 -18.00
v 4764.71 4764.71 -18.00
v 4764.71 4764.71 0.00
v 4235.29 4764.71 0.00
v 4764.71 -8470.59 -18.00
v 5294.12 -8470.59 -18.00
v 5294.12 -9000.00 -18.00
v 4764.71 -9000.00 -18.00
v 4764.71 -9000.00 0.00
v 5294.12 -9000.00 0.00
v 5294.12 -8470.59 0.00
v 4764.71 -8470.59 0.00
v 4764.71 -6352.94 -18.00
v 5294.12 -6352.94 -18.00
v 5294.12 -6882.35 -18.00
v 4764.71 -6882.35 -18.00
v 4764.71 -6882.35 0.00
v 5294.12 -6882.35 0.00
v 5294.12 -6352.94 0.00
v 4764.71 -6352.94 0.00
v 4764.71 -6882.35 -18.00
v 5294.12 -6882.35 -18.00
v 5294.12 -6882.35 0.00
v 4764.71 -6882.35 0.00
v 5294.12 -6882.35 -18.00
v 5294.12 -6352.94 -18.00
v 5294.12 -6352.94 0.00
v 5294.12 -6882.35 0.00
v 5294.12 -6352.94 -18.00
v 4764.71 -6352.94 -18.00
v 4764.71 -6352.94 0.00
v 5294.12 -6352.94 0.00
v 4764.71 -6352.94 -18.00
v 4764.71 -6882.35 -18.00
v 4764.71 -6882.35 0.00
v 4764.71 -6352.94 0.00
v 5294.12 -3705.88 -18.00
v 4764.71 -3705.88 -18.00
v 4764.71 -3705.88 0.00
v 5294.12 -3705.88 0.00
v 4764.71 -3705.88 -18.00
v 4764.71 -4235.29 -18.00
v 4764.71 -4235.29 0.00
v 4764.71 -3705.88 0.00
v 4764.71 -3176.47 -18.00
v 5294.12 -3176.47 -18.00
v 5294.12 -3705.88 -18.00
v 4764.71 -3705.88 -18.00
v 4764.71 -3705.88 0.00
v 5294.12 -3705.88 0.00
v 5294.12 -3176.47 0.00
v 4764.71 -3176.47 0.00
v 4764.71 -3705.88 -18.00
v 5294.12 -3705.88 -18.00
v 5294.12 -3705.88 0.00
v 4764.71 -3705.88 0.00
v 5294.12 -3705.88 -18.00
v 5294.12 -3176.47 -18.00
v 5294.12 -3176.47 0.00
v 5294.12 -3705.88 0.00
v 5294.12 -3176.47 -18.00
v 4764.71 -3176.47 -18.00
v 4764.71 -3176.47 0.00
v 5294.12 -3176.47 0.00
v 4764.71 -3176.47 -18.00
v 4764.71 -3705.88 -18.00
v 4764.71 -3705.88 0.00
v 4764.71 -3176.47 0.00
v 4764.71 -2647.06 -18.00
v 5294.12 -2647.06 -18.00
v 5294.12 -3176.47 -18.00
v 4764.71 -3176.47 -18.00
v 4764.71 -3176.47 0.00
v 5294.12 -3176.47 0.00
v 5294.12 -2647.06 0.00
v 4764.71 -2647.06 0.00
v 4764.71 -3176.47 -18.00
v 5294.12 -3176.47 -18.00
v 5294.12 -3176.47 0.00
v 4764.71 -3176.47 0.00
v 5294.12 -3176.47 -18.00
v 5294.12 -2647.06 -18.00
v 5294.12 -2647.06 0.00
v 5294.12 -3176.47 0.00
v 4764.71 -529.41 -18.00
v 5294.12 -529.41 -18.00
v 5294.12 -529.41 0.00
v 4764.71 -529.41 0.00
v 5294.12 -529.41 -18.00
v 5294.12 -0.00 -18.00
v 5294.12 -0.00 0.00
v 5294.12 -529.41 0.00
v 5294.12 -0.00 -18.00
v 4764.71 -0.00 -18.00
v 4764.71 -0.00 0.00
v 5294.12 -0.00 0.00
v 4764.71 -0.00 -18.00
v 4764.71 -529.41 -18.00
v 4764.71 -529.41 0.00
v 4764.71 -0.00 0.00
v 4764.71 529.41 -18.00
v 5294.12 529.41 -18.00
v 5294.12 -0.00 -18.00
v 4764.71 -0.00 -18.00
v 4764.71 -0.00 0.00
v 5294.12 -0.00 0.00
v 5294.12 529.41 0.00
v 4764.71 529.41 0.00
v 4764.71 529.41 -18.00
v 5294.12 529.41 -18.00
v 5294.12 529.41 0.00
v 4764.71 529.41 0.00
v 5294.12 529.41 -18.00
v 5294.12 1058.82 -18.00
v 5294.12 1058.82 0.00
v 5294.12 529.41 0.00
v 5294.12 1058.82 -18.00
v 4764.71 1058.82 -18.00
v 4764.71 1058.82 0.00
v 5294.12 1058.82 0.00
v 4764.71 1058.82 -18.00
v 4764.71 529.41 -18.00
v 4764.71 529.41 0.00
v 4764.71 1058.82 0.00
v 4764.71 1588.23 -18.00
v 5294.12 1588.23 -18.00
v 5294.12 1058.82 -18.00
v 4764.71 1058.82 -18.00
v 4764.71 1058.82 0.00
v 5294.12 1058.82 0.00
v 5294.12 1588.23 0.00
v 4764.71 1588.23 0.00
v 4764.71 3705.88 -18.00
v 5294.12 3705.88 -18.00
v 5294.12 3176.47 -18.00
v 4764.71 3176.47 -18.00
v 4764.71 3176.47 0.00
v 5294.12 3176.47 0.00
v 5294.12 3705.88 0.00
v 4764.71 3705.88 0.00
v 4764.71 3176.47 -18.00
v 5294.12 3176.47 -18.00
v 5294.12 3176.47 0.00
v 4764.71 3176.47 0.00
v 5294.12 3176.47 -18.00
v 5294.12 3705.88 -18.00
v 5294.12 3705.88 0.00
v 5294.12 3176.47 0.00
v 5294.12 3705.88 -18.00
v 4764.71 3705.88 -18.00
v 4764.71 3705.88 0.00
v 5294.12 3705.88 0.00
v 4764.71 3705.88 -18.00
v 4764.71 3176.47 -18.00
v 4764.71 3176.47 0.00
v 4764.71 3705.88 0.00
v 5294.12 -2647.06 0.00
v 5823.53 -2647.06 0.00
v 5823.53 -2117.65 0.00
v 5294.12 -2117.65 0.00
v 5294.12 -2647.06 -18.00
v 5823.53 -2647.06 -18.00
v 5823.53 -2647.06 0.00
v 5294.12 -2647.06 0.00
v 5823.53 -2647.06 -18.00
v 5823.53 -2117.65 -18.00
v 5823.53 -2117.65 0.00
v 5823.53 -2647.06 0.00
v 5823.53 -2117.65 -18.00
v 5294.12 -2117.65 -18.00
v 5294.12 -2117.65 0.00
v 5823.53 -2117.65 0.00
v 5294.12 -2117.65 -18.00
v 5294.12 -2647.06 -18.00
v 5294.12 -2647.06 0.00
v 5294.12 -2117.65 0.00
v 5294.12 -1588.23 -18.00
v 5823.53 -1588.23 -18.00
v 5823.53 -2117.65 -18.00
v 5294.12 -2117.65 -18.00
v 5294.12 -0.00 -18.00
v 5294.12 -529.41 -18.00
v 5294.12 -529.41 0.00
v 5294.12 -0.00 0.00
v 5294.12 529.41 -18.00
v 5823.53 529.41 -18.00
v 5823.53 -0.00 -18.00
v 5294.12 -0.00 -18.00
v 5294.12 -0.00 0.00
v 5823.53 -0.00 0.00
v 5823.53 529.41 0.00
v 5294.12 529.41 0.00
v 5294.12 -0.00 -18.00
v 5823.53 -0.00 -18.00
v 5823.53 -0.00 0.00
v 5294.12 -0.00 0.00
v 5823.53 -0.00 -18.00
v 5823.53 529.41 -18.00
v 5823.53 529.41 0.00
v 5823.53 -0.00 0.00
v 5823.53 529.41 -18.00
v 5294.12 529.41 -18.00
v 5294.12 529.41 0.00
v 5823.53 529.41 0.00
v 5294.12 529.41 -18.00
v 5294.12 -0.00 -18.00
v 5294.12 -0.00 0.00
v 5294.12 529.41 0.00
v 5294.12 1058.82 -18.00
v 5823.53 1058.82 -18.00
v 5823.53 529.41 -18.00
v 5294.12 529.41 -18.00
v 5294.12 529.41 0.00
v 5823.53 529.41 0.00
v 5823.53 1058.82 0.00
v 5294.12 1058.82 0.00
v 5294.12 529.41 -18.00
v 5823.53 529.41 -18.00
v 5823.53 529.41 0.00
v 5294.12 529.41 0.00
v 5823.53 529.41 -18.00
v 5823.53 1058.82 -18.00
v 5823.53 1058.82 0.00
v 5823.53 529.41 0.00
v 5823.53 1058.82 -18.00
v 5294.12 1058.82 -18.00
v 5294.12 1058.82 0.00
v 5823.53 1058.82 0.00
v 5294.12 1588.23 -18.00
v 5294.12 1058.82 -18.00
v 5294.12 1058.82 0.00
v 5294.12 1588.23 0.00
v 5294.12 2117.65 -18.00
v 5823.53 2117.65 -18.00
v 5823.53 1588.23 -18.00
v 5294.12 1588.23 -18.00
v 5294.12 1588.23 0.00
v 5823.53 1588.23 0.00
v 5823.53 2117.65 0.00
v 5294.12 2117.65 0.00
v 5294.12 1588.23 -18.00
v 5823.53 1588.23 -18.00
v 5823.53 1588.23 0.00
v 5294.12 1588.23 0.00
v 5823.53 1588.23 -18.00
v 5823.53 2117.65 -18.00
v 5823.53 2117.65 0.00
v 5823.53 1588.23 0.00
v 5823.53 2117.65 -18.00
v 5294.12 2117.65 -18.00
v 5294.12 2117.65 0.00
v 5823.53 2117.65 0.00
v 5823.53 -8470.59 -18.00
v 6352.94 -8470.59 -18.00
v 6352.94 -8470.59 0.00
v 5823.53 -8470.59 0.00
v 6352.94 -8470.59 -18.00
v 6352.94 -7941.18 -18.00
v 6352.94 -7941.18 0.00
v 6352.94 -8470.59 0.00
v 6352.94 -7941.18 -18.00
v 5823.53 -7941.18 -18.00
v 5823.53 -7941.18 0.00
v 6352.94 -7941.18 0.00
v 5823.53 -7941.18 -18.00
v 5823.53 -8470.59 -18.00
v 5823.53 -8470.59 0.00
v 5823.53 -7941.18 0.00
v 5823.53 -7411.77 -18.00
v 6352.94 -7411.77 -18.00
v 6352.94 -7941.18 -18.00
v 5823.53 -7941.18 -18.00
v 5823.53 -7941.18 0.00
v 6352.94 -7941.18 0.00
v 6352.94 -7411.77 0.00
v 5823.53 -7411.77 0.00
v 5823.53 -5823.53 -18.00
v 6352.94 -5823.53 -18.00
v 6352.94 -6352.94 -18.00
v 5823.53 -6352.94 -18.00
v 5823.53 -6352.94 0.00
v 6352.94 -6352.94 0.00
v 6352.94 -5823.53 0.00
v 5823.53 -5823.53 0.00
v 5823.53 -6352.94 -18.00
v 6352.94 -6352.94 -18.00
v 6352.94 -6352.94 0.00
v 5823.53 -6352.94 0.00
v 6352.94 -6352.94 -18.00
v 6352.94 -5823.53 -18.00
v 6352.94 -5823.53 0.00
v 6352.94 -6352.94 0.00
v 6352.94 -5823.53 -18.00
v 5823.53 -5823.53 -18.00
v 5823.53 -5823.53 0.00
v 6352.94 -5823.53 0.00
v 5823.53 -5823.53 -18.00
v 5823.53 -6352.94 -18.00
v 5823.53 -6352.94 0.00
v 5823.53 -5823.53 0.00
v 5823.53 -5294.12 -18.00
v 6352.94 -5294.12 -18.00
v 6352.94 -5823.53 -18.00
v 5823.53 -5823.53 -18.00
v 5823.53 -5823.53 0.00
v 6352.94 -5823.53 0.00
v 6352.94 -5294.12 0.00
v 5823.53 -5294.12 0.00
v 5823.53 -5823.53 -18.00
v 6352.94 -5823.53 -18.00
v 6352.94 -5823.53 0.00
v 5823.53 -5823.53 0.00
v 6352.94 -5823.53 -18.00
v 6352.94 -5294.12 -18.00
v 6352.94 -5294.12 0.00
v 6352.94 -5823.53 0.00
v 6352.94 -5294.12 -18.00
v 5823.53 -5294.12 -18.00
v 5823.53 -5294.12 0.00
v 6352.94 -5294.12 0.00
v 5823.53 -5294.12 -18.00
v 5823.53 -5823.53 -18.00
v 5823.53 -5823.53 0.00
v 5823.53 -5294.12 0.00
v 5823.53 -4764.71 -18.00
v 6352.94 -4764.71 -18.00
v 6352.94 -5294.12 -18.00
v 5823.53 -5294.12 -18.00
v 5823.53 -5294.12 0.00
v 6352.94 -5294.12 0.00
v 6352.94 -4764.71 0.00
v 5823.53 -4764.71 0.00
v 5823.53 -5294.12 -18.00
v 6352.94 -5294.12 -18.00
v 6352.94 -5294.12 0.00
v 5823.53 -5294.12 0.00
v 6352.94 -5294.12 -18.00
v 6352.94 -4764.71 -18.00
v 6352.94 -4764.71 0.00
v 6352.94 -5294.12 0.00
v 6352.94 -4764.71 -18.00
v 5823.53 -4764.71 -18.00
v 5823.53 -4764.71 0.00
v 6352.94 -4764.71 0.00
v 5823.53 -4764.71 -18.00
v 5823.53 -5294.12 -18.00
v 5823.53 -5294.12 0.00
v 5823.53 -4764.71 0.00
v 5823.53 -4235.29 -18.00
v 6352.94 -4235.29 -18.00
v 6352.94 -4764.71 -18.00
v 5823.53 -4764.71 -18.00
v 5823.53 -4764.71 0.00
v 6352.94 -4764.71 0.00
v 6352.94 -4235.29 0.00
v 5823.53 -4235.29 0.00
v 5823.53 -4764.71 -18.00
v 6352.94 -4764.71 -18.00
v 6352.94 -4764.71 0.00
v 5823.53 -4764.71 0.00
v 6352.94 -4764.71 -18.00
v 6352.94 -4235.29 -18.00
v 6352.94 -4235.29 0.00
v 6352.94 -4764.71 0.00
v 6352.94 -4235.29 -18.00
v 5823.53 -4235.29 -18.00
v 5823.53 -4235.29 0.00
v 6352.94 -4235.29 0.00
v 5823.53 -4235.29 -18.00
v 5823.53 -4764.71 -18.00
v 5823.53 -4764.71 0.00
v 5823.53 -4235.29 0.00
v 6352.94 -1588.23 -18.00
v 5823.53 -1588.23 -18.00
v 5823.53 -1588.23 0.00
v 6352.94 -1588.23 0.00
v 5823.53 -1588.23 -18.00
v 5823.53 -2117.65 -18.00
v 5823.53 -2117.65 0.00
v 5823.53 -1588.23 0.00
v 5823.53 -1058.82 -18.00
v 6352.94 -1058.82 -18.00
v 6352.94 -1588.23 -18.00
v 5823.53 -1588.23 -18.00
v 5823.53 -1588.23 0.00
v 6352.94 -1588.23 0.00
v 6352.94 -1058.82 0.00
v 5823.53 -1058.82 0.00
v 5823.53 -1588.23 -18.00
v 6352.94 -1588.23 -18.00
v 6352.94 -1588.23 0.00
v 5823.53 -1588.23 0.00
v 6352.94 -1588.23 -18.00
v 6352.94 -1058.82 -18.00
v 6352.94 -1058.82 0.00
v 6352.94 -1588.23 0.00
v 5823.53 529.41 -18.00
v 6352.94 529.41 -18.00
v 6352.94 529.41 0.00
v 5823.53 529.41 0.00
v 6352.94 529.41 -18.00
v 6352.94 1058.82 -18.00
v 6352.94 1058.82 0.00
v 6352.94 529.41 0.00
v 6352.94 1058.82 -18.00
v 5823.53 1058.82 -18.00
v 5823.53 1058.82 0.00
v 6352.94 1058.82 0.00
v 5823.53 1058.82 -18.00
v 5823.53 529.41 -18.00
v 5823.53 529.41 0.00
v 5823.53 1058.82 0.00
v 5823.53 1588.23 -18.00
v 6352.94 1588.23 -18.00
v 6352.94 1058.82 -18.00
v 5823.53 1058.82 -18.00
v 5823.53 1058.82 0.00
v 6352.94 1058.82 0.00
v 6352.94 1588.23 0.00
v 5823.53 1588.23 0.00
v 5823.53 1588.23 -18.00
v 6352.94 1588.23 -18.00
v 6352.94 1588.23 0.00
v 5823.53 1588.23 0.00
v 6352.94 1588.23 -18.00
v 6352.94 2117.65 -18.00
v 6352.94 2117.65 0.00
v 6352.94 1588.23 0.00
v 6352.94 2117.65 -18.00
v 5823.53 2117.65 -18.00
v 5823.53 2117.65 0.00
v 6352.94 2117.65 0.00
v 5823.53 2117.65 -18.00
v 5823.53 1588.23 -18.00
v 5823.53 1588.23 0.00
v 5823.53 2117.65 0.00
v 5823.53 2647.06 -18.00
v 6352.94 2647.06 -18.00
v 6352.94 2117.65 -18.00
v 5823.53 2117.65 -18.00
v 5823.53 2117.65 0.00
v 6352.94 2117.65 0.00
v 6352.94 2647.06 0.00
v 5823.53 2647.06 0.00
v 6882.35 -7411.77 -18.00
v 6882.35 -6882.35 -18.00
v 6882.35 -6882.35 0.00
v 6882.35 -7411.77 0.00
v 6882.35 -6882.35 -18.00
v 6352.94 -6882.35 -18.00
v 6352.94 -6882.35 0.00
v 6882.35 -6882.35 0.00
v 6352.94 -6882.35 -18.00
v 6352.94 -7411.77 -18.00
v 6352.94 -7411.77 0.00
v 6352.94 -6882.35 0.00
v 6352.94 -6352.94 -18.00
v 6882.35 -6352.94 -18.00
v 6882.35 -6882.35 -18.00
v 6352.94 -6882.35 -18.00
v 6352.94 -6882.35 0.00
v 6882.35 -6882.35 0.00
v 6882.35 -6352.94 0.00
v 6352.94 -6352.94 0.00
v 6352.94 -6882.35 -18.00
v 6882.35 -6882.35 -18.00
v 6882.35 -6882.35 0.00
v 6352.94 -6882.35 0.00
v 6882.35 -6882.35 -18.00
v 6882.35 -6352.94 -18.00
v 6882.35 -6352.94 0.00
v 6882.35 -6882.35 0.00
v 6882.35 -6352.94 -18.00
v 6352.94 -6352.94 -18.00
v 6352.94 -6352.94 0.00
v 6882.35 -6352.94 0.00
v 6352.94 -6352.94 -18.00
v 6352.94 -6882.35 -18.00
v 6352.94 -6882.35 0.00
v 6352.94 -6352.94 0.00
v 6352.94 -5823.53 -18.00
v 6882.35 -5823.53 -18.00
v 6882.35 -6352.94 -18.00
v 6352.94 -6352.94 -18.00
v 6352.94 -6352.94 0.00
v 6882.35 -6352.94 0.00
v 6882.35 -5823.53 0.00
v 6352.94 -5823.53 0.00
v 6352.94 -6352.94 -18.00
v 6882.35 -6352.94 -18.00
v 6882.35 -6352.94 0.00
v 6352.94 -6352.94 0.00
v 6352.94 -2117.65 0.00
v 6882.35 -2117.65 0.00
v 6882.35 -1588.23 0.00
v 6352.94 -1588.23 0.00
v 6352.94 -2117.65 -18.00
v 6882.35 -2117.65 -18.00
v 6882.35 -2117.65 0.00
v 6352.94 -2117.65 0.00
v 6882.35 -2117.65 -18.00
v 6882.35 -1588.23 -18.00
v 6882.35 -1588.23 0.00
v 6882.35 -2117.65 0.00
v 6882.35 -1588.23 -18.00
v 6352.94 -1588.23 -18.00
v 6352.94 -1588.23 0.00
v 6882.35 -1588.23 0.00
v 6352.94 -1588.23 -18.00
v 6352.94 -2117.65 -18.00
v 6352.94 -2117.65 0.00
v 6352.94 -1588.23 0.00
v 6352.94 -1058.82 -18.00
v 6882.35 -1058.82 -18.00
v 6882.35 -1588.23 -18.00
v 6352.94 -1588.23 -18.00
v 6352.94 -1588.23 0.00
v 6882.35 -1588.23 0.00
v 6882.35 -1058.82 0.00
v 6352.94 -1058.82 0.00
v 6352.94 -1588.23 -18.00
v 6882.35 -1588.23 -18.00
v 6882.35 -1588.23 0.00
v 6352.94 -1588.23 0.00
v 6882.35 -1588.23 -18.00
v 6882.35 -1058.82 -18.00
v 6882.35 -1058.82 0.00
v 6882.35 -1588.23 0.00
v 6882.35 -1058.82 -18.00
v 6352.94 -1058.82 -18.00
v 6352.94 -1058.82 0.00
v 6882.35 -1058.82 0.00
v 6352.94 -1058.82 -18.00
v 6352.94 -1588.23 -18.00
v 6352.94 -1588.23 0.00
v 6352.94 -1058.82 0.00
v 6352.94 -529.41 -18.00
v 6882.35 -529.41 -18.00
v 6882.35 -1058.82 -18.00
v 6352.94 -1058.82 -18.00
v 6352.94 529.41 -18.00
v 6352.94 -0.00 -18.00
v 6352.94 -0.00 0.00
v 6352.94 529.41 0.00
v 6352.94 1058.82 -18.00
v 6882.35 1058.82 -18.00
v 6882.35 529.41 -18.00
v 6352.94 529.41 -18.00
v 6352.94 529.41 0.00
v 6882.35 529.41 0.00
v 6882.35 1058.82 0.00
v 6352.94 1058.82 0.00
v 6352.94 529.41 -18.00
v 6882.35 529.41 -18.00
v 6882.35 529.41 0.00
v 6352.94 529.41 0.00
v 6882.35 529.41 -18.00
v 6882.35 1058.82 -18.00
v 6882.35 1058.82 0.00
v 6882.35 529.41 0.00
v 6882.35 1058.82 -18.00
v 6352.94 1058.82 -18.00
v 6352.94 1058.82 0.00
v 6882.35 1058.82 0.00
v 6352.94 1588.23 -18.00
v 6352.94 1058.82 -18.00
v 6352.94 1058.82 0.00
v 6352.94 1588.23 0.00
v 6352.94 2117.65 -18.00
v 6882.35 2117.65 -18.00
v 6882.35 1588.23 -18.00
v 6352.94 1588.23 -18.00
v 6352.94 1588.23 0.00
v 6882.35 1588.23 0.00
v 6882.35 2117.65 0.00
v 6352.94 2117.65 0.00
v 6352.94 1588.23 -18.00
v 6882.35 1588.23 -18.00
v 6882.35 1588.23 0.00
v 6352.94 1588.23 0.00
v 6882.35 1588.23 -18.00
v 6882.35 2117.65 -18.00
v 6882.35 2117.65 0.00
v 6882.35 1588.23 0.00
v 6882.35 2117.65 -18.00
v 6352.94 2117.65 -18.00
v 6352.94 2117.65 0.00
v 6882.35 2117.65 0.00
v 6352.94 2117.65 -18.00
v 6352.94 1588.23 -18.00
v 6352.94 1588.23 0.00
v 6352.94 2117.65 0.00
v 6352.94 2647.06 -18.00
v 6882.35 2647.06 -18.00
v 6882.35 2117.65 -18.00
v 6352.94 2117.65 -18.00
v 6352.94 2117.65 0.00
v 6882.35 2117.65 0.00
v 6882.35 2647.06 0.00
v 6352.94 2647.06 0.00
v 6352.94 2117.65 -18.00
v 6882.35 2117.65 -18.00
v 6882.35 2117.65 0.00
v 6352.94 2117.65 0.00
v 6882.35 2117.65 -18.00
v 6882.35 2647.06 -18.00
v 6882.35 2647.06 0.00
v 6882.35 2117.65 0.00
v 6882.35 2647.06 -18.00
v 6352.94 2647.06 -18.00
v 6352.94 2647.06 0.00
v 6882.35 2647.06 0.00
v 6882.35 -9000.00 -18.00
v 7411.77 -9000.00 -18.00
v 7411.77 -9000.00 0.00
v 6882.35 -9000.00 0.00
v 7411.77 -9000.00 -18.00
v 7411.77 -8470.59 -18.00
v 7411.77 -8470.59 0.00
v 7411.77 -9000.00 0.00
v 7411.77 -8470.59 -18.00
v 6882.35 -8470.59 -18.00
v 6882.35 -8470.59 0.00
v 7411.77 -8470.59 0.00
v 6882.35 -8470.59 -18.00
v 6882.35 -9000.00 -18.00
v 6882.35 -9000.00 0.00
v 6882.35 -8470.59 0.00
v 6882.35 -7941.18 -18.00
v 7411.77 -7941.18 -18.00
v 7411.77 -8470.59 -18.00
v 6882.35 -8470.59 -18.00
v 6882.35 -8470.59 0.00
v 7411.77 -8470.59 0.00
v 7411.77 -7941.18 0.00
v 6882.35 -7941.18 0.00

usemtl mat_terracotta
v 222.17 -62.95 73.04
v 222.83 -61.54 73.04
v 222.65 -63.01 73.04
v 222.65 -63.01 73.04
v 222.83 -61.54 73.04
v 222.17 -62.95 73.04
v 219.69 -63.01 75.91
v 219.87 -61.54 75.91
v 219.87 -61.54 77.34
v 219.69 -63.01 77.34
v 219.87 -61.54 75.91
v 219.69 -63.01 75.91
v 219.69 -63.01 77.34
v 219.87 -61.54 77.34
v 233.40 -77.80 62.00
v 231.30 -79.32 62.00
v 231.30 -79.32 86.00
v 233.40 -77.80 86.00
v 231.30 -79.32 62.00
v 230.50 -81.79 62.00
v 230.50 -81.79 86.00
v 231.30 -79.32 86.00
v 230.50 -81.79 62.00
v 231.30 -84.26 62.00
v 231.30 -84.26 86.00
v 230.50 -81.79 86.00
v 231.30 -84.26 62.00
v 233.40 -85.79 62.00
v 233.40 -85.79 86.00
v 231.30 -84.26 86.00
v 259.39 -54.14 67.70
v 257.72 -52.49 66.22
v 257.72 -52.49 69.10
v 257.72 -53.91 69.10
v 257.72 -52.49 66.22
v 257.23 -52.49 66.22
v 257.23 -52.49 69.10
v 257.72 -52.49 69.10
v 257.23 -52.49 66.22
v 257.23 -53.91 66.22
v 257.23 -53.91 69.10
v 257.23 -52.49 69.10
v 257.23 -53.91 66.22
v 259.39 -54.14 67.70
v 257.72 -53.91 69.10
v 257.23 -53.91 69.10
v 255.63 -29.84 54.80
v 254.85 -23.26 54.80
v 262.98 -22.30 54.80
v 263.76 -28.87 54.80
v 263.76 -28.87 68.95
v 262.98 -22.30 68.95
v 254.85 -23.26 68.95
v 255.63 -29.84 68.95
v 263.76 -28.87 54.80
v 262.98 -22.30 54.80
v 262.98 -22.30 68.95
v 263.76 -28.87 68.95
v 262.98 -22.30 54.80
v 254.85 -23.26 54.80
v 254.85 -23.26 68.95
v 262.98 -22.30 68.95
v 254.72 -6.75 54.80
v 252.65 1.78 54.80
v 258.52 3.20 54.80
v 260.59 -5.33 54.80
v 260.59 -5.33 65.75
v 258.52 3.20 65.75
v 252.65 1.78 65.75
v 254.72 -6.75 65.75
v 260.59 -5.33 54.80
v 258.52 3.20 54.80
v 258.52 3.20 65.75
v 260.59 -5.33 65.75
v 258.52 3.20 54.80
v 252.65 1.78 54.80
v 252.65 1.78 65.75
v 258.52 3.20 65.75
v 212.54 36.06 54.80
v 215.80 29.93 54.80
v 215.80 29.93 65.62
v 212.54 36.06 65.62
v 215.80 29.93 54.80
v 221.51 32.96 54.80
v 221.51 32.96 65.62
v 215.80 29.93 65.62
v 218.50 39.91 65.62
v 222.32 32.71 65.62
v 220.41 36.31 70.35
v 213.64 32.71 70.35
v 220.41 36.31 70.35
v 215.56 29.11 65.62
v 212.54 36.06 65.62
v 213.64 32.71 70.35
v 199.78 51.59 72.20
v 196.63 43.55 65.81
v 190.09 52.53 64.00
v 193.41 47.02 72.20
v 202.87 47.28 65.81
v 196.63 43.55 65.81
v 199.78 51.59 72.20
v 196.56 55.06 65.81
v 193.41 47.02 72.20
v 190.09 52.53 64.00
v 195.63 45.59 59.04
v 194.68 46.92 59.04
v 194.68 46.92 60.48
v 195.63 45.59 60.48
v 177.35 59.82 60.79
v 178.05 58.38 60.79
v 178.05 58.38 63.99
v 177.35 59.82 63.99
v 178.05 58.38 60.79
v 178.41 58.72 60.79
v 178.41 58.72 63.99
v 178.05 58.38 63.99
v 178.05 58.38 67.18
v 177.35 59.82 67.18
v 178.41 58.72 67.18
v 178.41 58.72 70.38
v 177.35 59.82 70.38
v 178.05 58.38 70.38
v 203.74 -159.14 68.08
v 197.56 -154.71 68.08
v 206.17 -156.17 72.80
v 208.20 -152.91 68.08
v 199.58 -151.45 72.80
v 202.01 -148.48 68.08
v 205.09 -153.34 68.08
v 204.19 -152.70 68.08
v 204.19 -152.70 71.28
v 205.09 -153.34 71.28
v 204.19 -152.70 68.08
v 205.09 -153.34 68.08
v 205.09 -153.34 71.28
v 204.19 -152.70 71.28
v 186.56 -146.24 54.80
v 190.47 -140.79 54.80
v 190.47 -140.79 63.21
v 186.56 -146.24 63.21
v 190.47 -140.79 54.80
v 185.47 -137.21 54.80
v 185.47 -137.21 63.21
v 190.47 -140.79 63.21
v 220.69 -132.35 54.80
v 217.28 -138.76 54.80
v 217.28 -138.76 62.66
v 220.69 -132.35 62.66
v 217.28 -138.76 54.80
v 223.63 -142.13 54.80
v 223.63 -142.13 62.66
v 217.28 -138.76 62.66
v 217.28 -138.76 62.66
v 220.55 -131.87 62.66
v 227.04 -135.72 62.66
v 223.63 -142.13 62.66
v 223.78 -142.61 65.65
v 227.51 -135.58 65.65
v 220.55 -131.87 65.65
v 216.81 -138.91 65.65
v 238.70 -121.91 68.19
v 234.71 -121.04 73.69
v 230.37 -119.40 68.19
v 217.06 -111.92 60.09
v 216.63 -113.06 60.09
v 216.63 -113.06 62.59
v 217.06 -111.92 62.59
v 214.19 -112.91 64.00
v 214.63 -111.92 65.08
v 214.63 -111.92 67.57
v 214.20 -113.06 67.57
v 214.63 -111.92 65.08
v 214.19 -112.91 64.00
v 214.20 -113.06 67.57
v 214.63 -111.92 67.57
v 216.63 -113.06 65.08
v 217.06 -111.92 65.08
v 217.06 -111.92 67.57
v 217.00 -113.94 66.39
v 224.54 -73.53 54.80
v 225.42 -66.17 54.80
v 232.13 -66.97 54.80
v 231.25 -74.33 54.80
v 231.25 -74.33 66.49
v 232.13 -66.97 66.49
v 225.42 -66.17 66.49
v 224.54 -73.53 66.49
v 231.25 -74.33 54.80
v 232.13 -66.97 54.80
v 232.13 -66.97 66.49
v 231.25 -74.33 66.49
v 232.13 -66.97 54.80
v 225.42 -66.17 54.80
v 225.42 -66.17 66.49
v 232.13 -66.97 66.49
v 263.39 -50.00 72.00
v 263.00 -53.33 72.00
v 267.59 -50.00 78.00
v 263.00 -53.33 72.00
v 265.84 -55.39 72.00
v 267.59 -50.00 78.00
v 265.84 -55.39 72.00
v 269.34 -55.39 72.00
v 267.59 -50.00 78.00
v 269.34 -55.39 72.00
v 272.18 -53.33 72.00
v 267.59 -50.00 78.00
v 253.97 -54.56 50.48
v 253.97 -55.73 50.48
v 253.97 -55.73 52.78
v 253.97 -54.56 52.78
v 256.31 -55.73 50.48
v 256.31 -54.56 50.48
v 256.31 -54.56 52.78
v 256.31 -55.73 52.78
v 256.31 -54.56 50.48
v 256.31 -55.73 50.48
v 256.31 -55.73 52.78
v 256.31 -54.56 52.78
v 256.44 -51.35 56.08
v 256.44 -50.25 56.08
v 257.55 -50.25 56.08
v 257.55 -51.35 56.08
v 266.89 -2.52 40.80
v 274.04 -0.76 40.80
v 274.04 -0.76 49.08
v 266.89 -2.52 49.08
v 272.23 9.10 49.08
v 274.04 -0.76 49.08
v 273.50 3.95 55.47
v 265.18 1.91 55.47
v 273.50 3.95 55.47
v 266.89 -2.52 49.08
v 263.92 7.06 49.08
v 265.18 1.91 55.47
v 274.04 -0.76 49.08
v 266.89 -2.52 49.08
v 273.50 3.95 55.47
v 257.55 -3.58 50.96
v 255.35 -3.58 50.96
v 255.35 -3.58 53.42
v 257.55 -3.58 53.42
v 255.35 -3.58 50.96
v 255.62 -4.64 50.96
v 255.62 -4.64 53.42
v 255.35 -3.58 53.42
v 255.62 -4.64 50.96
v 257.81 -4.64 50.96
v 257.81 -4.64 53.42
v 255.62 -4.64 53.42
v 240.78 -8.81 40.80
v 238.59 0.08 40.80
v 245.91 1.88 40.80
v 248.10 -7.01 40.80
v 220.21 37.00 59.32
v 213.08 33.45 59.32
v 218.50 39.91 65.62
v 216.12 44.07 59.32
v 210.99 36.81 64.22
v 208.99 40.52 59.32
v 213.90 34.96 46.54
v 213.33 36.02 46.54
v 213.33 36.02 49.49
v 213.90 34.96 49.49
v 213.33 36.02 46.54
v 213.90 34.96 46.54
v 213.90 34.96 49.49
v 213.33 36.02 49.49
v 197.81 62.42 40.80
v 201.84 56.86 40.80
v 201.84 56.86 50.63
v 197.81 62.42 50.63
v 201.84 56.86 40.80
v 207.74 61.14 40.80
v 207.74 61.14 50.63
v 201.84 56.86 50.63
v 207.74 61.14 50.63
v 203.70 66.70 50.63
v 200.40 65.05 55.59
v 205.14 58.52 55.59
v 201.84 56.86 50.63
v 205.14 58.52 55.59
v 200.40 65.05 55.59
v 197.81 62.42 50.63
v 186.89 80.87 45.20
v 187.24 81.22 45.20
v 187.24 81.22 46.80
v 186.89 80.87 46.80
v 189.77 81.22 45.20
v 188.89 82.12 45.20
v 188.89 82.12 46.80
v 189.49 80.71 48.00
v 188.89 82.12 45.20
v 189.77 81.22 45.20
v 189.49 80.71 48.00
v 188.89 82.12 46.80
v 186.89 80.87 48.40
v 186.36 82.12 48.40
v 187.24 81.22 48.40
v 187.31 -188.60 61.78
v 179.16 -186.37 56.73
v 184.80 -180.18 56.73
v 181.81 -183.28 61.78
v 184.32 -191.70 56.73
v 179.16 -186.37 56.73
v 187.31 -188.60 61.78
v 189.96 -185.51 56.73
v 181.81 -183.28 61.78
v 184.80 -180.18 56.73
v 183.06 -189.66 46.03
v 183.92 -188.77 46.03
v 183.92 -188.77 48.45
v 183.06 -189.66 48.45
v 189.93 -151.15 40.80
v 184.88 -158.11 40.80
v 184.88 -158.11 51.50
v 189.93 -151.15 51.50
v 184.88 -158.11 40.80
v 189.75 -161.64 40.80
v 189.75 -161.64 51.50
v 184.88 -158.11 51.50
v 194.80 -154.69 51.50
v 189.75 -161.64 51.50
v 192.76 -158.52 57.34
v 186.91 -154.28 57.34
v 192.76 -158.52 57.34
v 184.04 -158.24 51.50
v 189.93 -151.15 51.50
v 186.91 -154.28 57.34
v 220.41 -149.91 50.41
v 223.78 -143.67 50.41
v 224.25 -143.53 54.19
v 220.56 -150.39 54.19
v 223.78 -143.67 50.41
v 218.33 -140.34 50.41
v 218.33 -140.34 54.19
v 224.25 -143.53 54.19
v 218.33 -140.34 50.41
v 215.11 -147.06 50.41
v 214.64 -147.20 54.19
v 218.33 -140.34 54.19
v 215.11 -147.06 50.41
v 220.41 -149.91 50.41
v 220.56 -150.39 54.19
v 214.64 -147.20 54.19
v 277.31 -49.53 34.00
v 276.51 -52.00 34.00
v 276.51 -52.00 58.00
v 279.31 -50.30 58.35
v 276.51 -52.00 34.00
v 277.31 -54.47 34.00
v 279.31 -53.70 58.35
v 276.51 -52.00 58.00
v 277.31 -54.47 34.00
v 279.41 -55.99 34.00
v 279.41 -55.99 58.00
v 279.31 -53.70 58.35
v 279.41 -55.99 34.00
v 282.01 -55.99 34.00
v 282.01 -55.99 58.00
v 279.41 -55.99 58.00
v 191.56 89.81 58.00
v 194.40 87.75 58.00
v 196.15 93.14 64.00
v 194.40 87.75 58.00
v 197.90 87.75 58.00
v 196.15 93.14 64.00
v 197.90 87.75 58.00
v 200.74 89.81 58.00
v 196.15 93.14 64.00
v 200.74 89.81 58.00
v 200.35 93.14 58.00
v 196.15 93.14 64.00
v 269.22 -20.14 40.55
v 273.12 -20.27 45.80
v 272.17 -12.47 45.80
v 267.75 -13.02 40.55
v 277.55 -19.73 40.55
v 273.12 -20.27 45.80
v 269.22 -20.14 40.55
v 276.07 -12.60 40.55
v 267.75 -13.02 40.55
v 272.17 -12.47 45.80
v 271.87 -20.62 36.37
v 271.73 -19.53 36.37
v 271.73 -19.53 37.96
v 271.87 -20.62 37.96
v 260.12 -22.56 38.27
v 257.42 -21.29 38.27
v 259.97 -21.29 38.27
v 261.69 -22.11 40.80
v 259.97 -21.29 40.50
v 257.42 -21.29 40.50
v 260.12 -22.56 38.27
v 259.97 -21.29 38.27
v 259.97 -21.29 40.50
v 261.69 -22.11 40.80
v 259.97 -21.29 38.27
v 257.42 -21.29 38.27
v 257.42 -21.29 40.50
v 259.97 -21.29 40.50
v 271.72 11.62 32.93
v 272.03 10.38 32.93
v 272.03 10.38 34.27
v 271.72 11.62 34.27
v 253.56 5.47 28.80
v 251.55 13.52 28.80
v 259.18 15.42 28.80
v 261.19 7.37 28.80
v 261.19 7.37 38.35
v 259.18 15.42 38.35
v 251.55 13.52 38.35
v 253.56 5.47 38.35
v 261.19 7.37 28.80
v 259.18 15.42 28.80
v 259.18 15.42 38.35
v 261.19 7.37 38.35
v 244.48 2.27 37.75
v 244.08 3.88 37.75
v 244.00 2.16 37.75
v 244.48 2.27 36.21
v 244.08 3.88 36.21
v 244.08 3.88 37.75
v 244.48 2.27 37.75
v 244.08 3.88 36.21
v 244.00 2.16 36.21
v 244.00 2.16 37.75
v 244.08 3.88 37.75
v 244.00 2.16 36.21
v 244.48 2.27 36.21
v 244.48 2.27 37.75
v 244.00 2.16 37.75
v 243.15 32.88 32.47
v 243.60 33.06 32.47
v 243.60 33.06 33.35
v 243.15 32.88 33.35
v 245.95 33.06 32.47
v 245.49 32.88 32.47
v 245.49 32.88 33.35
v 245.95 33.06 33.35
v 245.49 32.88 32.47
v 245.95 33.06 32.47
v 245.95 33.06 33.35
v 245.49 32.88 33.35
v 229.13 27.72 28.80
v 226.77 33.81 28.80
v 233.05 36.25 28.80
v 235.41 30.16 28.80
v 237.53 72.94 38.05
v 229.99 68.42 38.05
v 229.51 68.56 41.68
v 237.53 72.94 41.68
v 229.99 68.42 38.05
v 234.42 60.29 38.05
v 234.28 59.81 41.68
v 229.51 68.56 41.68
v 229.02 58.08 43.10
v 225.20 65.07 43.10
v 218.83 61.59 43.10
v 222.65 54.60 43.10
v 229.02 58.08 28.80
v 225.20 65.07 28.80
v 225.20 65.07 43.10
v 229.02 58.08 43.10
v 225.20 65.07 28.80
v 218.83 61.59 28.80
v 218.83 61.59 43.10
v 225.20 65.07 43.10
v 218.83 61.59 28.80
v 222.65 54.60 28.80
v 222.65 54.60 43.10
v 218.83 61.59 43.10
v 209.44 82.49 35.41
v 208.65 83.57 35.41
v 208.65 83.57 39.23
v 209.44 82.49 39.23
v 208.65 83.57 35.41
v 209.44 82.49 35.41
v 209.44 82.49 39.23
v 208.65 83.57 39.23
v 212.11 82.49 35.41
v 209.44 82.49 35.41
v 209.44 82.49 39.23
v 212.11 82.49 39.23
v 209.44 82.49 35.41
v 212.11 82.49 35.41
v 212.11 82.49 39.23
v 209.44 82.49 39.23
v 190.51 72.42 38.56
v 191.40 73.07 38.56
v 192.05 72.19 38.56
v 192.05 72.19 41.76
v 191.40 73.07 41.76
v 190.51 72.42 41.76
v 192.05 72.19 38.56
v 191.40 73.07 38.56
v 191.40 73.07 41.76
v 192.05 72.19 41.76
v 191.40 73.07 38.56
v 190.51 72.42 38.56
v 190.51 72.42 41.76
v 191.40 73.07 41.76
v 182.44 101.66 39.35
v 183.18 100.90 39.35
v 183.18 100.90 41.93
v 182.44 101.66 41.93
v 183.18 100.90 39.35
v 183.53 101.24 39.35
v 183.53 101.24 41.93
v 183.18 100.90 41.93
v 185.31 100.90 39.35
v 183.53 101.24 39.35
v 185.66 101.24 39.35
v 185.66 101.24 41.93
v 183.53 101.24 41.93
v 185.31 100.90 41.93
v 197.62 -167.31 38.80
v 198.28 -166.42 38.80
v 198.28 -166.42 42.00
v 197.62 -167.31 42.00
v 198.28 -166.42 38.80
v 197.39 -165.77 38.80
v 197.39 -165.77 42.00
v 198.28 -166.42 42.00
v 197.39 -165.77 38.80
v 197.62 -167.31 38.80
v 197.62 -167.31 42.00
v 197.39 -165.77 42.00
v 180.00 -162.09 28.80
v 185.46 -154.68 28.80
v 190.58 -158.45 28.80
v 185.13 -165.86 28.80
v 226.25 -158.01 34.15
v 226.97 -156.70 34.15
v 226.97 -156.70 36.69
v 226.25 -158.01 36.69
v 226.97 -156.70 34.15
v 226.25 -158.01 34.15
v 226.25 -158.01 36.69
v 226.97 -156.70 36.69
v 226.25 -158.01 39.24
v 226.97 -156.70 39.24
v 226.97 -156.70 41.79
v 226.25 -158.01 41.79
v 226.97 -156.70 39.24
v 226.25 -158.01 39.24
v 226.25 -158.01 41.79
v 226.97 -156.70 41.79
v 203.71 -136.32 40.83
v 199.94 -143.22 40.83
v 199.46 -143.37 45.70
v 203.57 -135.84 45.70
v 199.94 -143.22 40.83
v 206.00 -146.54 40.83
v 206.14 -147.01 45.70
v 199.46 -143.37 45.70
v 210.25 -139.49 45.70
v 206.14 -147.01 45.70
v 208.41 -143.37 51.05
v 201.29 -139.48 51.05
v 208.41 -143.37 51.05
v 199.46 -143.37 45.70
v 203.57 -135.84 45.70
v 201.29 -139.48 51.05
v 246.23 -128.32 45.62
v 246.63 -127.30 45.62
v 245.60 -126.90 45.62
v 246.23 -128.32 42.42
v 248.59 -125.99 42.42
v 246.63 -127.30 45.62
v 246.23 -128.32 45.62
v 248.59 -125.99 42.42
v 245.60 -126.90 42.42
v 245.60 -126.90 45.62
v 246.63 -127.30 45.62
v 245.60 -126.90 42.42
v 246.23 -128.32 42.42
v 246.23 -128.32 45.62
v 245.60 -126.90 45.62
v 228.81 -97.89 41.59
v 228.54 -98.98 41.59
v 228.54 -98.98 44.92
v 228.81 -97.89 44.92
v 257.20 -77.05 28.80
v 258.00 -70.53 28.80
v 263.98 -71.25 28.80
v 263.18 -77.78 28.80
v 263.18 -77.78 39.77
v 263.98 -71.25 39.77
v 258.00 -70.53 39.77
v 257.20 -77.05 39.77
v 263.18 -77.78 28.80
v 263.98 -71.25 28.80
v 263.98 -71.25 39.77
v 263.18 -77.78 39.77
v 259.69 -77.60 38.54
v 261.84 -77.60 38.54
v 263.18 -77.78 39.77
v 259.69 -77.60 40.85
v 263.07 -73.61 44.16
v 263.20 -72.52 44.16
v 263.20 -72.52 47.36
v 263.07 -73.61 47.36
v 263.20 -72.52 44.16
v 263.07 -73.61 44.16
v 263.07 -73.61 47.36
v 263.20 -72.52 47.36
v 242.79 -75.66 28.80
v 243.67 -68.41 28.80
v 251.55 -69.37 28.80
v 250.67 -76.63 28.80
v 235.28 -75.49 33.53
v 234.96 -74.07 33.53
v 235.45 -74.13 33.53
v 235.28 -75.49 35.46
v 235.45 -74.13 35.46
v 234.96 -74.07 35.46
v 235.28 -75.49 33.53
v 235.45 -74.13 33.53
v 235.45 -74.13 35.46
v 235.28 -75.49 35.46
v 235.45 -74.13 33.53
v 234.96 -74.07 33.53
v 234.96 -74.07 35.46
v 235.45 -74.13 35.46
v 191.26 119.16 46.00
v 188.43 117.10 46.00
v 193.02 113.76 52.00
v 188.43 117.10 46.00
v 188.82 113.76 46.00
v 193.02 113.76 52.00
v 188.82 113.76 46.00
v 188.43 110.43 46.00
v 193.02 113.76 52.00
v 188.43 110.43 46.00
v 191.26 108.37 46.00
v 193.02 113.76 52.00
v 202.14 -154.94 42.00
v 200.18 -158.70 43.21
v 197.97 -157.74 43.45
v 199.85 -154.14 42.48
v 199.85 -154.14 42.48
v 197.97 -157.74 43.45
v 200.18 -158.70 43.21
v 202.14 -154.94 42.00
v 202.14 -154.94 42.00
v 200.18 -158.70 43.21
v 197.97 -157.74 43.45
v 199.85 -154.14 42.48
v 199.85 -154.14 42.48
v 197.97 -157.74 43.45
v 200.18 -158.70 43.21
v 202.14 -154.94 42.00
v 248.44 -112.41 31.68
v 246.27 -111.71 30.96
v 244.07 -113.52 31.92
v 248.58 -114.98 30.96
v 248.58 -114.98 30.96
v 244.07 -113.52 31.92
v 246.27 -111.71 30.96
v 248.44 -112.41 31.68
v 248.44 -112.41 31.68
v 246.27 -111.71 30.96
v 244.07 -113.52 31.92
v 248.58 -114.98 30.96
v 248.58 -114.98 30.96
v 244.07 -113.52 31.92
v 246.27 -111.71 30.96
v 247.56 -112.12 32.40
v 238.77 -109.29 39.84
v 235.14 -108.12 39.84
v 234.70 -110.49 39.84
v 237.45 -111.38 40.08
v 237.45 -111.38 40.08
v 234.70 -110.49 39.84
v 235.14 -108.12 39.84
v 235.43 -108.21 39.84
v 235.43 -108.21 39.84
v 235.14 -108.12 39.84
v 234.70 -110.49 39.84
v 237.45 -111.38 40.08
v 237.45 -111.38 40.08
v 234.70 -110.49 39.84
v 233.97 -107.74 40.80
v 235.43 -108.21 39.84
v 251.79 -32.96 26.60
v 248.28 -31.29 28.06
v 248.25 -33.93 27.58
v 250.76 -35.12 26.60
v 250.76 -35.12 26.60
v 248.25 -33.93 27.58
v 248.28 -31.29 28.06
v 251.79 -32.96 26.60
v 251.79 -32.96 26.60
v 248.28 -31.29 28.06
v 248.25 -33.93 27.58
v 250.76 -35.12 26.60
v 250.76 -35.12 26.60
v 246.25 -32.98 28.55
v 248.28 -31.29 28.06
v 250.79 -32.48 26.85
v 205.51 -45.21 42.00
v 204.31 -45.21 42.00
v 204.31 -45.21 46.50
v 205.51 -45.21 46.50
v 204.31 -45.21 42.00
v 205.51 -45.21 42.00
v 205.51 -45.21 46.50
v 204.31 -45.21 46.50
v 208.51 -45.21 45.60
v 207.46 -42.67 45.60
v 204.91 -45.21 52.50
v 207.46 -42.67 45.60
v 204.91 -41.61 45.60
v 204.91 -45.21 52.50
v 184.10 -250.17 38.40
v 182.97 -248.38 38.40
v 182.97 -248.38 40.00
v 184.10 -250.17 40.00
v 182.97 -248.38 38.40
v 184.10 -250.17 38.40
v 184.10 -250.17 40.00
v 182.97 -248.38 40.00
v 179.57 -248.71 38.40
v 181.03 -248.38 38.40
v 181.36 -249.84 38.40
v 181.36 -249.84 40.00
v 181.03 -248.38 40.00
v 179.57 -248.71 40.00
v 214.00 -263.50 0.00
v 216.87 -262.93 0.00
v 216.87 -262.93 42.00
v 214.00 -263.50 42.00
v 216.87 -262.93 0.00
v 219.30 -261.30 0.00
v 219.30 -261.30 42.00
v 216.87 -262.93 42.00
v 219.30 -261.30 0.00
v 220.93 -258.87 0.00
v 220.93 -258.87 42.00
v 219.30 -261.30 42.00
v 220.93 -258.87 0.00
v 221.50 -256.00 0.00
v 221.50 -256.00 42.00
v 220.93 -258.87 42.00
v 215.84 -247.96 42.40
v 214.00 -248.50 42.00
v 214.00 -256.00 66.00
v 214.00 -248.50 42.00
v 210.37 -247.22 44.00
v 214.00 -256.00 66.00
v 210.37 -247.22 44.00
v 208.70 -250.70 42.00
v 214.00 -256.00 66.00
v 208.70 -250.70 42.00
v 206.57 -252.42 42.40
v 214.00 -256.00 66.00
v 262.40 -261.75 -2.00
v 262.40 -250.25 -2.00
v 262.40 -250.25 11.60
v 262.40 -261.75 11.60
v 262.40 -250.25 -2.00
v 253.60 -250.25 -2.00
v 253.60 -250.25 11.60
v 262.40 -250.25 11.60
v 253.60 -250.25 -2.00
v 253.60 -261.75 -2.00
v 253.60 -261.75 11.60
v 253.60 -250.25 11.60
v 252.80 -254.60 -2.00
v 263.20 -254.60 -2.00
v 263.20 -257.40 -2.00
v 252.80 -257.40 -2.00
v 318.80 -257.40 12.40
v 329.20 -257.40 12.40
v 329.20 -254.60 12.40
v 318.80 -254.60 12.40
v 318.80 -257.40 -2.00
v 329.20 -257.40 -2.00
v 329.20 -257.40 12.40
v 318.80 -257.40 12.40
v 329.20 -257.40 -2.00
v 329.20 -254.60 -2.00
v 329.20 -254.60 12.40
v 329.20 -257.40 12.40
v 329.20 -254.60 -2.00
v 318.80 -254.60 -2.00
v 318.80 -254.60 12.40
v 329.20 -254.60 12.40
v 385.60 -250.25 -2.00
v 385.60 -261.75 -2.00
v 385.60 -261.75 11.60
v 385.60 -250.25 11.60
v 384.80 -254.60 -2.00
v 395.20 -254.60 -2.00
v 395.20 -257.40 -2.00
v 384.80 -257.40 -2.00
v 384.80 -257.40 12.40
v 395.20 -257.40 12.40
v 395.20 -254.60 12.40
v 384.80 -254.60 12.40
v 384.80 -257.40 -2.00
v 395.20 -257.40 -2.00
v 395.20 -257.40 12.40
v 384.80 -257.40 12.40
v 252.85 -250.25 4.04
v 254.25 -250.25 4.04
v 252.85 -250.25 4.04
v 250.45 -250.25 2.50
v 250.45 -261.75 2.50
v 252.85 -261.75 4.04
v 249.12 -261.75 1.70
v 247.72 -261.75 1.70
v 250.45 -250.25 2.50
v 252.85 -250.25 4.04
v 249.12 -250.25 1.70
v 247.72 -250.25 1.70
v 243.55 -261.75 2.50
v 241.15 -261.75 4.04
v 239.75 -261.75 4.04
v 338.45 -250.25 2.50
v 340.85 -250.25 4.04
v 337.12 -250.25 1.70
v 335.72 -250.25 1.70
v 331.55 -261.75 2.50
v 329.15 -261.75 4.04
v 327.75 -261.75 4.04
v 331.55 -250.25 2.50
v 329.15 -250.25 4.04
v 327.75 -250.25 4.04
v 327.75 -261.75 4.04
v 329.15 -261.75 4.04
v 327.29 -261.75 6.19
v 371.75 -250.25 4.04
v 373.15 -250.25 4.04
v 371.29 -250.25 6.19
v 371.29 -261.75 6.19
v 370.11 -261.75 8.78
v 368.70 -261.75 8.78
v 371.29 -250.25 6.19
v 370.11 -250.25 8.78
v 368.70 -250.25 8.78
v 368.70 -261.75 8.78
v 370.11 -261.75 8.78
v 369.70 -261.75 11.60
v 367.70 -261.75 11.60
v 241.64 -189.47 41.00
v 244.58 -190.24 41.00
v 246.00 -184.00 58.00
v 244.58 -190.24 41.00
v 247.42 -190.24 41.00
v 246.00 -184.00 58.00
v 247.42 -190.24 41.00
v 250.36 -189.47 41.00
v 246.00 -184.00 58.00
v 250.36 -189.47 41.00
v 252.31 -187.04 41.00
v 246.00 -184.00 58.00
v 529.41 -8470.59 -18.00
v 529.41 -7941.18 -18.00
v 529.41 -7941.18 0.00
v 529.41 -8470.59 0.00
v 529.41 -7941.18 -18.00
v -0.00 -7941.18 -18.00
v -0.00 -7941.18 0.00
v 529.41 -7941.18 0.00
v -0.00 -7411.77 -18.00
v 529.41 -7411.77 -18.00
v 529.41 -7941.18 -18.00
v -0.00 -7941.18 -18.00
v -0.00 -7941.18 0.00
v 529.41 -7941.18 0.00
v 529.41 -7411.77 0.00
v -0.00 -7411.77 0.00
v 529.41 -4235.29 -18.00
v 529.41 -3705.88 -18.00
v 529.41 -3705.88 0.00
v 529.41 -4235.29 0.00
v 529.41 -3705.88 -18.00
v -0.00 -3705.88 -18.00
v -0.00 -3705.88 0.00
v 529.41 -3705.88 0.00
v -0.00 -3176.47 -18.00
v 529.41 -3176.47 -18.00
v 529.41 -3705.88 -18.00
v -0.00 -3705.88 -18.00
v -0.00 -3705.88 0.00
v 529.41 -3705.88 0.00
v 529.41 -3176.47 0.00
v -0.00 -3176.47 0.00
v 529.41 -0.00 -18.00
v 529.41 529.41 -18.00
v 529.41 529.41 0.00
v 529.41 -0.00 0.00
v 529.41 529.41 -18.00
v -0.00 529.41 -18.00
v -0.00 529.41 0.00
v 529.41 529.41 0.00
v -0.00 1058.82 -18.00
v 529.41 1058.82 -18.00
v 529.41 529.41 -18.00
v -0.00 529.41 -18.00
v -0.00 529.41 0.00
v 529.41 529.41 0.00
v 529.41 1058.82 0.00
v -0.00 1058.82 0.00
v 1058.82 -9000.00 -18.00
v 1058.82 -8470.59 -18.00
v 1058.82 -8470.59 0.00
v 1058.82 -9000.00 0.00
v 1058.82 -8470.59 -18.00
v 529.41 -8470.59 -18.00
v 529.41 -8470.59 0.00
v 1058.82 -8470.59 0.00
v 529.41 -8470.59 -18.00
v 529.41 -9000.00 -18.00
v 529.41 -9000.00 0.00
v 529.41 -8470.59 0.00
v 529.41 -7941.18 -18.00
v 1058.82 -7941.18 -18.00
v 1058.82 -8470.59 -18.00
v 529.41 -8470.59 -18.00
v 529.41 -1058.82 -18.00
v 529.41 -1588.23 -18.00
v 529.41 -1588.23 0.00
v 529.41 -1058.82 0.00
v 529.41 -529.41 -18.00
v 1058.82 -529.41 -18.00
v 1058.82 -1058.82 -18.00
v 529.41 -1058.82 -18.00
v 529.41 -1058.82 0.00
v 1058.82 -1058.82 0.00
v 1058.82 -529.41 0.00
v 529.41 -529.41 0.00
v 529.41 -1058.82 -18.00
v 1058.82 -1058.82 -18.00
v 1058.82 -1058.82 0.00
v 529.41 -1058.82 0.00
v 1058.82 2117.65 -18.00
v 1058.82 2647.06 -18.00
v 1058.82 2647.06 0.00
v 1058.82 2117.65 0.00
v 1058.82 2647.06 -18.00
v 529.41 2647.06 -18.00
v 529.41 2647.06 0.00
v 1058.82 2647.06 0.00
v 529.41 2647.06 -18.00
v 529.41 2117.65 -18.00
v 529.41 2117.65 0.00
v 529.41 2647.06 0.00
v 529.41 3176.47 -18.00
v 1058.82 3176.47 -18.00
v 1058.82 2647.06 -18.00
v 529.41 2647.06 -18.00
v 1588.23 -4235.29 -18.00
v 1058.82 -4235.29 -18.00
v 1058.82 -4235.29 0.00
v 1588.23 -4235.29 0.00
v 1058.82 -4235.29 -18.00
v 1058.82 -4764.71 -18.00
v 1058.82 -4764.71 0.00
v 1058.82 -4235.29 0.00
v 1058.82 -3705.88 -18.00
v 1588.23 -3705.88 -18.00
v 1588.23 -4235.29 -18.00
v 1058.82 -4235.29 -18.00
v 1058.82 -4235.29 0.00
v 1588.23 -4235.29 0.00
v 1588.23 -3705.88 0.00
v 1058.82 -3705.88 0.00
v 1058.82 -1058.82 -18.00
v 1588.23 -1058.82 -18.00
v 1588.23 -1058.82 0.00
v 1058.82 -1058.82 0.00
v 1588.23 -1058.82 -18.00
v 1588.23 -529.41 -18.00
v 1588.23 -529.41 0.00
v 1588.23 -1058.82 0.00
v 1588.23 -529.41 -18.00
v 1058.82 -529.41 -18.00
v 1058.82 -529.41 0.00
v 1588.23 -529.41 0.00
v 1058.82 -529.41 -18.00
v 1058.82 -1058.82 -18.00
v 1058.82 -1058.82 0.00
v 1058.82 -529.41 0.00
v 1588.23 -5294.12 0.00
v 2117.65 -5294.12 0.00
v 2117.65 -4764.71 0.00
v 1588.23 -4764.71 0.00
v 1588.23 -5294.12 -18.00
v 2117.65 -5294.12 -18.00
v 2117.65 -5294.12 0.00
v 1588.23 -5294.12 0.00
v 2117.65 -5294.12 -18.00
v 2117.65 -4764.71 -18.00
v 2117.65 -4764.71 0.00
v 2117.65 -5294.12 0.00
v 2117.65 -4764.71 -18.00
v 1588.23 -4764.71 -18.00
v 1588.23 -4764.71 0.00
v 2117.65 -4764.71 0.00
v 1588.23 -1588.23 -18.00
v 1588.23 -2117.65 -18.00
v 1588.23 -2117.65 0.00
v 1588.23 -1588.23 0.00
v 1588.23 -1058.82 -18.00
v 2117.65 -1058.82 -18.00
v 2117.65 -1588.23 -18.00
v 1588.23 -1588.23 -18.00
v 1588.23 -1588.23 0.00
v 2117.65 -1588.23 0.00
v 2117.65 -1058.82 0.00
v 1588.23 -1058.82 0.00
v 1588.23 -1588.23 -18.00
v 2117.65 -1588.23 -18.00
v 2117.65 -1588.23 0.00
v 1588.23 -1588.23 0.00
v 2647.06 -3705.88 -18.00
v 2647.06 -3176.47 -18.00
v 2647.06 -3176.47 0.00
v 2647.06 -3705.88 0.00
v 2647.06 -3176.47 -18.00
v 2117.65 -3176.47 -18.00
v 2117.65 -3176.47 0.00
v 2647.06 -3176.47 0.00
v 2117.65 -3176.47 -18.00
v 2117.65 -3705.88 -18.00
v 2117.65 -3705.88 0.00
v 2117.65 -3176.47 0.00
v 2117.65 -2647.06 -18.00
v 2647.06 -2647.06 -18.00
v 2647.06 -3176.47 -18.00
v 2117.65 -3176.47 -18.00
v 2117.65 -529.41 0.00
v 2647.06 -529.41 0.00
v 2647.06 -0.00 0.00
v 2117.65 -0.00 0.00
v 2117.65 -529.41 -18.00
v 2647.06 -529.41 -18.00
v 2647.06 -529.41 0.00
v 2117.65 -529.41 0.00
v 2647.06 -529.41 -18.00
v 2647.06 -0.00 -18.00
v 2647.06 -0.00 0.00
v 2647.06 -529.41 0.00
v 2647.06 -0.00 -18.00
v 2117.65 -0.00 -18.00
v 2117.65 -0.00 0.00
v 2647.06 -0.00 0.00
v 2117.65 3176.47 -18.00
v 2117.65 2647.06 -18.00
v 2117.65 2647.06 0.00
v 2117.65 3176.47 0.00
v 2117.65 3705.88 -18.00
v 2647.06 3705.88 -18.00
v 2647.06 3176.47 -18.00
v 2117.65 3176.47 -18.00
v 2117.65 3176.47 0.00
v 2647.06 3176.47 0.00
v 2647.06 3705.88 0.00
v 2117.65 3705.88 0.00
v 2117.65 3176.47 -18.00
v 2647.06 3176.47 -18.00
v 2647.06 3176.47 0.00
v 2117.65 3176.47 0.00
v 2647.06 -7411.77 -18.00
v 3176.47 -7411.77 -18.00
v 3176.47 -7411.77 0.00
v 2647.06 -7411.77 0.00
v 3176.47 -7411.77 -18.00
v 3176.47 -6882.35 -18.00
v 3176.47 -6882.35 0.00
v 3176.47 -7411.77 0.00
v 3176.47 -6882.35 -18.00
v 2647.06 -6882.35 -18.00
v 2647.06 -6882.35 0.00
v 3176.47 -6882.35 0.00
v 2647.06 -6882.35 -18.00
v 2647.06 -7411.77 -18.00
v 2647.06 -7411.77 0.00
v 2647.06 -6882.35 0.00
v 2647.06 -3176.47 -18.00
v 3176.47 -3176.47 -18.00
v 3176.47 -3705.88 -18.00
v 2647.06 -3705.88 -18.00
v 2647.06 -3705.88 0.00
v 3176.47 -3705.88 0.00
v 3176.47 -3176.47 0.00
v 2647.06 -3176.47 0.00
v 2647.06 -3705.88 -18.00
v 3176.47 -3705.88 -18.00
v 3176.47 -3705.88 0.00
v 2647.06 -3705.88 0.00
v 3176.47 -3705.88 -18.00
v 3176.47 -3176.47 -18.00
v 3176.47 -3176.47 0.00
v 3176.47 -3705.88 0.00
v 3176.47 -0.00 -18.00
v 2647.06 -0.00 -18.00
v 2647.06 -0.00 0.00
v 3176.47 -0.00 0.00
v 2647.06 -0.00 -18.00
v 2647.06 -529.41 -18.00
v 2647.06 -529.41 0.00
v 2647.06 -0.00 0.00
v 2647.06 529.41 -18.00
v 3176.47 529.41 -18.00
v 3176.47 -0.00 -18.00
v 2647.06 -0.00 -18.00
v 2647.06 -0.00 0.00
v 3176.47 -0.00 0.00
v 3176.47 529.41 0.00
v 2647.06 529.41 0.00
v 3176.47 -7411.77 -18.00
v 3176.47 -7941.18 -18.00
v 3176.47 -7941.18 0.00
v 3176.47 -7411.77 0.00
v 3176.47 -6882.35 -18.00
v 3705.88 -6882.35 -18.00
v 3705.88 -7411.77 -18.00
v 3176.47 -7411.77 -18.00
v 3176.47 -7411.77 0.00
v 3705.88 -7411.77 0.00
v 3705.88 -6882.35 0.00
v 3176.47 -6882.35 0.00
v 3176.47 -7411.77 -18.00
v 3705.88 -7411.77 -18.00
v 3705.88 -7411.77 0.00
v 3176.47 -7411.77 0.00
v 3705.88 -4235.29 -18.00
v 3705.88 -3705.88 -18.00
v 3705.88 -3705.88 0.00
v 3705.88 -4235.29 0.00
v 3705.88 -3705.88 -18.00
v 3176.47 -3705.88 -18.00
v 3176.47 -3705.88 0.00
v 3705.88 -3705.88 0.00
v 3176.47 -3705.88 -18.00
v 3176.47 -4235.29 -18.00
v 3176.47 -4235.29 0.00
v 3176.47 -3705.88 0.00
v 3176.47 -3176.47 -18.00
v 3705.88 -3176.47 -18.00
v 3705.88 -3705.88 -18.00
v 3176.47 -3705.88 -18.00
v 3705.88 -2647.06 -18.00
v 4235.29 -2647.06 -18.00
v 4235.29 -3176.47 -18.00
v 3705.88 -3176.47 -18.00
v 3705.88 -3176.47 0.00
v 4235.29 -3176.47 0.00
v 4235.29 -2647.06 0.00
v 3705.88 -2647.06 0.00
v 3705.88 -3176.47 -18.00
v 4235.29 -3176.47 -18.00
v 4235.29 -3176.47 0.00
v 3705.88 -3176.47 0.00
v 4235.29 -3176.47 -18.00
v 4235.29 -2647.06 -18.00
v 4235.29 -2647.06 0.00
v 4235.29 -3176.47 0.00
v 3705.88 3176.47 -18.00
v 4235.29 3176.47 -18.00
v 4235.29 3176.47 0.00
v 3705.88 3176.47 0.00
v 4235.29 3176.47 -18.00
v 4235.29 3705.88 -18.00
v 4235.29 3705.88 0.00
v 4235.29 3176.47 0.00
v 4235.29 3705.88 -18.00
v 3705.88 3705.88 -18.00
v 3705.88 3705.88 0.00
v 4235.29 3705.88 0.00
v 3705.88 3705.88 -18.00
v 3705.88 3176.47 -18.00
v 3705.88 3176.47 0.00
v 3705.88 3705.88 0.00
v 5294.12 -7941.18 -18.00
v 5294.12 -8470.59 -18.00
v 5294.12 -8470.59 0.00
v 5294.12 -7941.18 0.00
v 5294.12 -7411.77 -18.00
v 5823.53 -7411.77 -18.00
v 5823.53 -7941.18 -18.00
v 5294.12 -7941.18 -18.00
v 5294.12 -7941.18 0.00
v 5823.53 -7941.18 0.00
v 5823.53 -7411.77 0.00
v 5294.12 -7411.77 0.00
v 5294.12 -7941.18 -18.00
v 5823.53 -7941.18 -18.00
v 5823.53 -7941.18 0.00
v 5294.12 -7941.18 0.00
v 5823.53 -4235.29 -18.00
v 5823.53 -3705.88 -18.00
v 5823.53 -3705.88 0.00
v 5823.53 -4235.29 0.00
v 5823.53 -3705.88 -18.00
v 5294.12 -3705.88 -18.00
v 5294.12 -3705.88 0.00
v 5823.53 -3705.88 0.00
v 5294.12 -3705.88 -18.00
v 5294.12 -4235.29 -18.00
v 5294.12 -4235.29 0.00
v 5294.12 -3705.88 0.00
v 5294.12 -3176.47 -18.00
v 5823.53 -3176.47 -18.00
v 5823.53 -3705.88 -18.00
v 5294.12 -3705.88 -18.00
v 5294.12 -529.41 0.00
v 5823.53 -529.41 0.00
v 5823.53 -0.00 0.00
v 5294.12 -0.00 0.00
v 5294.12 -529.41 -18.00
v 5823.53 -529.41 -18.00
v 5823.53 -529.41 0.00
v 5294.12 -529.41 0.00
v 5823.53 -529.41 -18.00
v 5823.53 -0.00 -18.00
v 5823.53 -0.00 0.00
v 5823.53 -529.41 0.00
v 5823.53 -0.00 -18.00
v 5294.12 -0.00 -18.00
v 5294.12 -0.00 0.00
v 5823.53 -0.00 0.00
v 5823.53 -2647.06 -18.00
v 6352.94 -2647.06 -18.00
v 6352.94 -3176.47 -18.00
v 5823.53 -3176.47 -18.00
v 5823.53 -3176.47 0.00
v 6352.94 -3176.47 0.00
v 6352.94 -2647.06 0.00
v 5823.53 -2647.06 0.00
v 5823.53 -3176.47 -18.00
v 6352.94 -3176.47 -18.00
v 6352.94 -3176.47 0.00
v 5823.53 -3176.47 0.00
v 6352.94 -3176.47 -18.00
v 6352.94 -2647.06 -18.00
v 6352.94 -2647.06 0.00
v 6352.94 -3176.47 0.00
v 6352.94 -0.00 -18.00
v 5823.53 -0.00 -18.00
v 5823.53 -0.00 0.00
v 6352.94 -0.00 0.00
v 5823.53 -0.00 -18.00
v 5823.53 -529.41 -18.00
v 5823.53 -529.41 0.00
v 5823.53 -0.00 0.00
v 5823.53 529.41 -18.00
v 6352.94 529.41 -18.00
v 6352.94 -0.00 -18.00
v 5823.53 -0.00 -18.00
v 5823.53 -0.00 0.00
v 6352.94 -0.00 0.00
v 6352.94 529.41 0.00
v 5823.53 529.41 0.00
v 5823.53 3176.47 -18.00
v 6352.94 3176.47 -18.00
v 6352.94 3176.47 0.00
v 5823.53 3176.47 0.00
v 6352.94 3176.47 -18.00
v 6352.94 3705.88 -18.00
v 6352.94 3705.88 0.00
v 6352.94 3176.47 0.00
v 6352.94 3705.88 -18.00
v 5823.53 3705.88 -18.00
v 5823.53 3705.88 0.00
v 6352.94 3705.88 0.00
v 5823.53 3705.88 -18.00
v 5823.53 3176.47 -18.00
v 5823.53 3176.47 0.00
v 5823.53 3705.88 0.00
v 6882.35 -3705.88 -18.00
v 6882.35 -3176.47 -18.00
v 6882.35 -3176.47 0.00
v 6882.35 -3705.88 0.00
v 6882.35 -3176.47 -18.00
v 6352.94 -3176.47 -18.00
v 6352.94 -3176.47 0.00
v 6882.35 -3176.47 0.00
v 6352.94 -3176.47 -18.00
v 6352.94 -3705.88 -18.00
v 6352.94 -3705.88 0.00
v 6352.94 -3176.47 0.00
v 6352.94 -2647.06 -18.00
v 6882.35 -2647.06 -18.00
v 6882.35 -3176.47 -18.00
v 6352.94 -3176.47 -18.00
v 6352.94 -0.00 0.00
v 6882.35 -0.00 0.00
v 6882.35 529.41 0.00
v 6352.94 529.41 0.00
v 6352.94 -0.00 -18.00
v 6882.35 -0.00 -18.00
v 6882.35 -0.00 0.00
v 6352.94 -0.00 0.00
v 6882.35 -0.00 -18.00
v 6882.35 529.41 -18.00
v 6882.35 529.41 0.00
v 6882.35 -0.00 0.00
v 6882.35 529.41 -18.00
v 6352.94 529.41 -18.00
v 6352.94 529.41 0.00
v 6882.35 529.41 0.00

usemtl mat_grass
v 290.05 6.08 12.34
v 288.63 29.38 12.34
v 288.63 29.38 31.88
v 290.05 6.08 31.88
v 288.63 29.38 12.34
v 278.64 28.77 12.34
v 278.64 28.77 31.88
v 288.63 29.38 31.88
v 278.64 28.77 12.34
v 280.07 5.46 12.34
v 280.07 5.46 31.88
v 278.64 28.77 31.88
v 280.07 5.46 12.34
v 290.05 6.08 12.34
v 290.05 6.08 31.88
v 280.07 5.46 31.88
v 245.91 61.92 15.71
v 240.28 81.09 15.71
v 249.87 83.91 15.71
v 255.51 64.74 15.71
v 255.51 64.74 32.17
v 249.87 83.91 32.17
v 240.28 81.09 32.17
v 245.91 61.92 32.17
v 193.00 123.65 11.52
v 184.38 118.57 11.52
v 184.38 118.57 33.13
v 193.00 123.65 33.13
v 184.38 118.57 11.52
v 193.04 103.88 11.52
v 193.04 103.88 33.13
v 184.38 118.57 33.13
v 193.04 103.88 11.52
v 201.65 108.96 11.52
v 201.65 108.96 33.13
v 193.04 103.88 33.13
v 180.42 -202.57 13.68
v 190.29 -193.33 13.68
v 197.12 -200.63 13.68
v 187.25 -209.87 13.68
v 187.25 -209.87 32.25
v 197.12 -200.63 32.25
v 190.29 -193.33 32.25
v 180.42 -202.57 32.25
v 187.25 -209.87 13.68
v 197.12 -200.63 13.68
v 197.12 -200.63 32.25
v 187.25 -209.87 32.25
v 197.12 -200.63 13.68
v 190.29 -193.33 13.68
v 190.29 -193.33 32.25
v 197.12 -200.63 32.25
v 190.29 -193.33 13.68
v 180.42 -202.57 13.68
v 180.42 -202.57 32.25
v 190.29 -193.33 32.25
v 259.40 -108.80 16.83
v 263.90 -97.37 16.83
v 273.20 -101.04 16.83
v 268.70 -112.47 16.83
v 268.70 -112.47 33.65
v 273.20 -101.04 33.65
v 263.90 -97.37 33.65
v 259.40 -108.80 33.65
v 268.70 -112.47 16.83
v 273.20 -101.04 16.83
v 273.20 -101.04 33.65
v 268.70 -112.47 33.65
v 273.20 -101.04 16.83
v 263.90 -97.37 16.83
v 263.90 -97.37 33.65
v 273.20 -101.04 33.65
v 263.90 -97.37 16.83
v 259.40 -108.80 16.83
v 259.40 -108.80 33.65
v 263.90 -97.37 33.65
v 259.40 -108.80 16.83
v 268.70 -112.47 16.83
v 268.70 -112.47 33.65
v 259.40 -108.80 33.65
v 272.07 -60.66 25.50
v 277.23 -29.08 25.50
v 291.04 -31.34 25.50
v 285.88 -62.92 25.50
v 285.88 -62.92 28.00
v 291.04 -31.34 28.00
v 277.23 -29.08 28.00
v 272.07 -60.66 28.00

usemtl mat_quay
v 285.88 -62.92 25.50
v 291.04 -31.34 25.50
v 291.04 -31.34 28.00
v 285.88 -62.92 28.00
