# Castle & Palace — interiors LOD
mtllib interiors_distant.mtl

usemtl mat_water
v -9000.00 5294.12 -18.00
v -8470.59 5294.12 -18.00
v -8470.59 4764.71 -18.00
v -9000.00 4764.71 -18.00
v -9000.00 4764.71 0.00
v -8470.59 4764.71 0.00
v -8470.59 5294.12 0.00
v -9000.00 5294.12 0.00
v -8470.59 4764.71 -18.00
v -8470.59 5294.12 -18.00
v -8470.59 5294.12 0.00
v -8470.59 4764.71 0.00
v -8470.59 5294.12 -18.00
v -9000.00 5294.12 -18.00
v -9000.00 5294.12 0.00
v -8470.59 5294.12 0.00
v -9000.00 5294.12 -18.00
v -9000.00 4764.71 -18.00
v -9000.00 4764.71 0.00
v -9000.00 5294.12 0.00
v -9000.00 5823.53 -18.00
v -8470.59 5823.53 -18.00
v -8470.59 5294.12 -18.00
v -9000.00 5294.12 -18.00
v -9000.00 5294.12 0.00
v -8470.59 5294.12 0.00
v -8470.59 5823.53 0.00
v -9000.00 5823.53 0.00
v -9000.00 5294.12 -18.00
v -8470.59 5294.12 -18.00
v -8470.59 5294.12 0.00
v -9000.00 5294.12 0.00
v -8470.59 5294.12 -18.00
v -8470.59 5823.53 -18.00
v -8470.59 5823.53 0.00
v -8470.59 5294.12 0.00
v -8470.59 5823.53 -18.00
v -9000.00 5823.53 -18.00
v -9000.00 5823.53 0.00
v -8470.59 5823.53 0.00
v -9000.00 5823.53 -18.00
v -9000.00 5294.12 -18.00
v -9000.00 5294.12 0.00
v -9000.00 5823.53 0.00
v -9000.00 6352.94 -18.00
v -8470.59 6352.94 -18.00
v -8470.59 5823.53 -18.00
v -9000.00 5823.53 -18.00
v -9000.00 5823.53 0.00
v -8470.59 5823.53 0.00
v -8470.59 6352.94 0.00
v -9000.00 6352.94 0.00
v -9000.00 5823.53 -18.00
v -8470.59 5823.53 -18.00
v -8470.59 5823.53 0.00
v -9000.00 5823.53 0.00
v -8470.59 5823.53 -18.00
v -8470.59 6352.94 -18.00
v -8470.59 6352.94 0.00
v -8470.59 5823.53 0.00
v -8470.59 6352.94 -18.00
v -9000.00 6352.94 -18.00
v -9000.00 6352.94 0.00
v -8470.59 6352.94 0.00
v -9000.00 6352.94 -18.00
v -9000.00 5823.53 -18.00
v -9000.00 5823.53 0.00
v -9000.00 6352.94 0.00
v -9000.00 6882.35 -18.00
v -8470.59 6882.35 -18.00
v -8470.59 6352.94 -18.00
v -9000.00 6352.94 -18.00
v -9000.00 6352.94 0.00
v -8470.59 6352.94 0.00
v -8470.59 6882.35 0.00
v -9000.00 6882.35 0.00
v -9000.00 6352.94 -18.00
v -8470.59 6352.94 -18.00
v -8470.59 6352.94 0.00
v -9000.00 6352.94 0.00
v -8470.59 6352.94 -18.00
v -8470.59 6882.35 -18.00
v -8470.59 6882.35 0.00
v -8470.59 6352.94 0.00
v -8470.59 6882.35 -18.00
v -9000.00 6882.35 -18.00
v -9000.00 6882.35 0.00
v -8470.59 6882.35 0.00
v -9000.00 6882.35 -18.00
v -9000.00 6352.94 -18.00
v -9000.00 6352.94 0.00
v -9000.00 6882.35 0.00
v -9000.00 7411.77 -18.00
v -8470.59 7411.77 -18.00
v -8470.59 6882.35 -18.00
v -9000.00 6882.35 -18.00
v -9000.00 6882.35 0.00
v -8470.59 6882.35 0.00
v -8470.59 7411.77 0.00
v -9000.00 7411.77 0.00
v -9000.00 6882.35 -18.00
v -8470.59 6882.35 -18.00
v -8470.59 6882.35 0.00
v -9000.00 6882.35 0.00
v -8470.59 6882.35 -18.00
v -8470.59 7411.77 -18.00
v -8470.59 7411.77 0.00
v -8470.59 6882.35 0.00
v -8470.59 7411.77 -18.00
v -9000.00 7411.77 -18.00
v -9000.00 7411.77 0.00
v -8470.59 7411.77 0.00
v -9000.00 7411.77 -18.00
v -9000.00 6882.35 -18.00
v -9000.00 6882.35 0.00
v -9000.00 7411.77 0.00
v -9000.00 7941.18 -18.00
v -8470.59 7941.18 -18.00
v -8470.59 7411.77 -18.00
v -9000.00 7411.77 -18.00
v -9000.00 7411.77 0.00
v -8470.59 7411.77 0.00
v -8470.59 7941.18 0.00
v -9000.00 7941.18 0.00
v -9000.00 7411.77 -18.00
v -8470.59 7411.77 -18.00
v -8470.59 7411.77 0.00
v -9000.00 7411.77 0.00
v -8470.59 7411.77 -18.00
v -8470.59 7941.18 -18.00
v -8470.59 7941.18 0.00
v -8470.59 7411.77 0.00
v -8470.59 7941.18 -18.00
v -9000.00 7941.18 -18.00
v -9000.00 7941.18 0.00
v -8470.59 7941.18 0.00
v -9000.00 7941.18 -18.00
v -9000.00 7411.77 -18.00
v -9000.00 7411.77 0.00
v -9000.00 7941.18 0.00
v -9000.00 8470.59 -18.00
v -8470.59 8470.59 -18.00
v -8470.59 7941.18 -18.00
v -9000.00 7941.18 -18.00
v -9000.00 7941.18 0.00
v -8470.59 7941.18 0.00
v -8470.59 8470.59 0.00
v -9000.00 8470.59 0.00
v -9000.00 7941.18 -18.00
v -8470.59 7941.18 -18.00
v -8470.59 7941.18 0.00
v -9000.00 7941.18 0.00
v -8470.59 7941.18 -18.00
v -8470.59 8470.59 -18.00
v -8470.59 8470.59 0.00
v -8470.59 7941.18 0.00
v -8470.59 8470.59 -18.00
v -9000.00 8470.59 -18.00
v -9000.00 8470.59 0.00
v -8470.59 8470.59 0.00
v -9000.00 8470.59 -18.00
v -9000.00 7941.18 -18.00
v -9000.00 7941.18 0.00
v -9000.00 8470.59 0.00
v -9000.00 9000.00 -18.00
v -8470.59 9000.00 -18.00
v -8470.59 8470.59 -18.00
v -9000.00 8470.59 -18.00
v -9000.00 8470.59 0.00
v -8470.59 8470.59 0.00
v -8470.59 9000.00 0.00
v -9000.00 9000.00 0.00
v -9000.00 8470.59 -18.00
v -8470.59 8470.59 -18.00
v -8470.59 8470.59 0.00
v -9000.00 8470.59 0.00
v -8470.59 8470.59 -18.00
v -8470.59 9000.00 -18.00
v -8470.59 9000.00 0.00
v -8470.59 8470.59 0.00
v -8470.59 9000.00 -18.00
v -9000.00 9000.00 -18.00
v -9000.00 9000.00 0.00
v -8470.59 9000.00 0.00
v -9000.00 9000.00 -18.00
v -9000.00 8470.59 -18.00
v -9000.00 8470.59 0.00
v -9000.00 9000.00 0.00
v -8470.59 5294.12 -18.00
v -7941.18 5294.12 -18.00
v -7941.18 4764.71 -18.00
v -8470.59 4764.71 -18.00
v -8470.59 4764.71 0.00
v -7941.18 4764.71 0.00
v -7941.18 5294.12 0.00
v -8470.59 5294.12 0.00
v -7941.18 4764.71 -18.00
v -7941.18 5294.12 -18.00
v -7941.18 5294.12 0.00
v -7941.18 4764.71 0.00
v -7941.18 5294.12 -18.00
v -8470.59 5294.12 -18.00
v -8470.59 5294.12 0.00
v -7941.18 5294.12 0.00
v -8470.59 5294.12 -18.00
v -8470.59 4764.71 -18.00
v -8470.59 4764.71 0.00
v -8470.59 5294.12 0.00
v -8470.59 5823.53 -18.00
v -7941.18 5823.53 -18.00
v -7941.18 5294.12 -18.00
v -8470.59 5294.12 -18.00
v -8470.59 5294.12 0.00
v -7941.18 5294.12 0.00
v -7941.18 5823.53 0.00
v -8470.59 5823.53 0.00
v -8470.59 5294.12 -18.00
v -7941.18 5294.12 -18.00
v -7941.18 5294.12 0.00
v -8470.59 5294.12 0.00
v -7941.18 5294.12 -18.00
v -7941.18 5823.53 -18.00
v -7941.18 5823.53 0.00
v -7941.18 5294.12 0.00
v -7941.18 5823.53 -18.00
v -8470.59 5823.53 -18.00
v -8470.59 5823.53 0.00
v -7941.18 5823.53 0.00
v -8470.59 5823.53 -18.00
v -8470.59 5294.12 -18.00
v -8470.59 5294.12 0.00
v -8470.59 5823.53 0.00
v -8470.59 6352.94 -18.00
v -7941.18 6352.94 -18.00
v -7941.18 5823.53 -18.00
v -8470.59 5823.53 -18.00
v -8470.59 5823.53 0.00
v -7941.18 5823.53 0.00
v -7941.18 6352.94 0.00
v -8470.59 6352.94 0.00
v -8470.59 5823.53 -18.00
v -7941.18 5823.53 -18.00
v -7941.18 5823.53 0.00
v -8470.59 5823.53 0.00
v -7941.18 5823.53 -18.00
v -7941.18 6352.94 -18.00
v -7941.18 6352.94 0.00
v -7941.18 5823.53 0.00
v -7941.18 6352.94 -18.00
v -8470.59 6352.94 -18.00
v -8470.59 6352.94 0.00
v -7941.18 6352.94 0.00
v -8470.59 6352.94 -18.00
v -8470.59 5823.53 -18.00
v -8470.59 5823.53 0.00
v -8470.59 6352.94 0.00
v -8470.59 6882.35 -18.00
v -7941.18 6882.35 -18.00
v -7941.18 6352.94 -18.00
v -8470.59 6352.94 -18.00
v -8470.59 6352.94 0.00
v -7941.18 6352.94 0.00
v -7941.18 6882.35 0.00
v -8470.59 6882.35 0.00
v -8470.59 6352.94 -18.00
v -7941.18 6352.94 -18.00
v -7941.18 6352.94 0.00
v -8470.59 6352.94 0.00
v -7941.18 6352.94 -18.00
v -7941.18 6882.35 -18.00
v -7941.18 6882.35 0.00
v -7941.18 6352.94 0.00
v -7941.18 6882.35 -18.00
v -8470.59 6882.35 -18.00
v -8470.59 6882.35 0.00
v -7941.18 6882.35 0.00
v -8470.59 6882.35 -18.00
v -8470.59 6352.94 -18.00
v -8470.59 6352.94 0.00
v -8470.59 6882.35 0.00
v -8470.59 7411.77 -18.00
v -7941.18 7411.77 -18.00
v -7941.18 6882.35 -18.00
v -8470.59 6882.35 -18.00
v -8470.59 6882.35 0.00
v -7941.18 6882.35 0.00
v -7941.18 7411.77 0.00
v -8470.59 7411.77 0.00
v -8470.59 6882.35 -18.00
v -7941.18 6882.35 -18.00
v -7941.18 6882.35 0.00
v -8470.59 6882.35 0.00
v -7941.18 6882.35 -18.00
v -7941.18 7411.77 -18.00
v -7941.18 7411.77 0.00
v -7941.18 6882.35 0.00
v -7941.18 7411.77 -18.00
v -8470.59 7411.77 -18.00
v -8470.59 7411.77 0.00
v -7941.18 7411.77 0.00
v -8470.59 7411.77 -18.00
v -8470.59 6882.35 -18.00
v -8470.59 6882.35 0.00
v -8470.59 7411.77 0.00
v -8470.59 7941.18 -18.00
v -7941.18 7941.18 -18.00
v -7941.18 7411.77 -18.00
v -8470.59 7411.77 -18.00
v -8470.59 7411.77 0.00
v -7941.18 7411.77 0.00
v -7941.18 7941.18 0.00
v -8470.59 7941.18 0.00
v -8470.59 7411.77 -18.00
v -7941.18 7411.77 -18.00
v -7941.18 7411.77 0.00
v -8470.59 7411.77 0.00
v -7941.18 7411.77 -18.00
v -7941.18 7941.18 -18.00
v -7941.18 7941.18 0.00
v -7941.18 7411.77 0.00
v -7941.18 7941.18 -18.00
v -8470.59 7941.18 -18.00
v -8470.59 7941.18 0.00
v -7941.18 7941.18 0.00
v -8470.59 7941.18 -18.00
v -8470.59 7411.77 -18.00
v -8470.59 7411.77 0.00
v -8470.59 7941.18 0.00
v -8470.59 8470.59 -18.00
v -7941.18 8470.59 -18.00
v -7941.18 7941.18 -18.00
v -8470.59 7941.18 -18.00
v -8470.59 7941.18 0.00
v -7941.18 7941.18 0.00
v -7941.18 8470.59 0.00
v -8470.59 8470.59 0.00
v -8470.59 7941.18 -18.00
v -7941.18 7941.18 -18.00
v -7941.18 7941.18 0.00
v -8470.59 7941.18 0.00
v -7941.18 7941.18 -18.00
v -7941.18 8470.59 -18.00
v -7941.18 8470.59 0.00
v -7941.18 7941.18 0.00
v -7941.18 8470.59 -18.00
v -8470.59 8470.59 -18.00
v -8470.59 8470.59 0.00
v -7941.18 8470.59 0.00
v -8470.59 8470.59 -18.00
v -8470.59 7941.18 -18.00
v -8470.59 7941.18 0.00
v -8470.59 8470.59 0.00
v -8470.59 9000.00 -18.00
v -7941.18 9000.00 -18.00
v -7941.18 8470.59 -18.00
v -8470.59 8470.59 -18.00
v -8470.59 8470.59 0.00
v -7941.18 8470.59 0.00
v -7941.18 9000.00 0.00
v -8470.59 9000.00 0.00
v -8470.59 8470.59 -18.00
v -7941.18 8470.59 -18.00
v -7941.18 8470.59 0.00
v -8470.59 8470.59 0.00
v -7941.18 8470.59 -18.00
v -7941.18 9000.00 -18.00
v -7941.18 9000.00 0.00
v -7941.18 8470.59 0.00
v -7941.18 9000.00 -18.00
v -8470.59 9000.00 -18.00
v -8470.59 9000.00 0.00
v -7941.18 9000.00 0.00
v -8470.59 9000.00 -18.00
v -8470.59 8470.59 -18.00
v -8470.59 8470.59 0.00
v -8470.59 9000.00 0.00
v -7941.18 5294.12 -18.00
v -7411.77 5294.12 -18.00
v -7411.77 4764.71 -18.00
v -7941.18 4764.71 -18.00
v -7941.18 4764.71 0.00
v -7411.77 4764.71 0.00
v -7411.77 5294.12 0.00
v -7941.18 5294.12 0.00
v -7411.77 4764.71 -18.00
v -7411.77 5294.12 -18.00
v -7411.77 5294.12 0.00
v -7411.77 4764.71 0.00
v -7411.77 5294.12 -18.00
v -7941.18 5294.12 -18.00
v -7941.18 5294.12 0.00
v -7411.77 5294.12 0.00
v -7941.18 5294.12 -18.00
v -7941.18 4764.71 -18.00
v -7941.18 4764.71 0.00
v -7941.18 5294.12 0.00
v -7941.18 5823.53 -18.00
v -7411.77 5823.53 -18.00
v -7411.77 5294.12 -18.00
v -7941.18 5294.12 -18.00
v -7941.18 5294.12 0.00
v -7411.77 5294.12 0.00
v -7411.77 5823.53 0.00
v -7941.18 5823.53 0.00
v -7941.18 5294.12 -18.00
v -7411.77 5294.12 -18.00
v -7411.77 5294.12 0.00
v -7941.18 5294.12 0.00
v -7411.77 5294.12 -18.00
v -7411.77 5823.53 -18.00
v -7411.77 5823.53 0.00
v -7411.77 5294.12 0.00
v -7411.77 5823.53 -18.00
v -7941.18 5823.53 -18.00
v -7941.18 5823.53 0.00
v -7411.77 5823.53 0.00
v -7941.18 5823.53 -18.00
v -7941.18 5294.12 -18.00
v -7941.18 5294.12 0.00
v -7941.18 5823.53 0.00
v -7941.18 6352.94 -18.00
v -7411.77 6352.94 -18.00
v -7411.77 5823.53 -18.00
v -7941.18 5823.53 -18.00
v -7941.18 5823.53 0.00
v -7411.77 5823.53 0.00
v -7411.77 6352.94 0.00
v -7941.18 6352.94 0.00
v -7941.18 5823.53 -18.00
v -7411.77 5823.53 -18.00
v -7411.77 5823.53 0.00
v -7941.18 5823.53 0.00
v -7411.77 5823.53 -18.00
v -7411.77 6352.94 -18.00
v -7411.77 6352.94 0.00
v -7411.77 5823.53 0.00
v -7411.77 6352.94 -18.00
v -7941.18 6352.94 -18.00
v -7941.18 6352.94 0.00
v -7411.77 6352.94 0.00
v -7941.18 6352.94 -18.00
v -7941.18 5823.53 -18.00
v -7941.18 5823.53 0.00
v -7941.18 6352.94 0.00
v -7941.18 6882.35 -18.00
v -7411.77 6882.35 -18.00
v -7411.77 6352.94 -18.00
v -7941.18 6352.94 -18.00
v -7941.18 6352.94 0.00
v -7411.77 6352.94 0.00
v -7411.77 6882.35 0.00
v -7941.18 6882.35 0.00
v -7941.18 6352.94 -18.00
v -7411.77 6352.94 -18.00
v -7411.77 6352.94 0.00
v -7941.18 6352.94 0.00
v -7411.77 6352.94 -18.00
v -7411.77 6882.35 -18.00
v -7411.77 6882.35 0.00
v -7411.77 6352.94 0.00
v -7411.77 6882.35 -18.00
v -7941.18 6882.35 -18.00
v -7941.18 6882.35 0.00
v -7411.77 6882.35 0.00
v -7941.18 6882.35 -18.00
v -7941.18 6352.94 -18.00
v -7941.18 6352.94 0.00
v -7941.18 6882.35 0.00
v -7941.18 7411.77 -18.00
v -7411.77 7411.77 -18.00
v -7411.77 6882.35 -18.00
v -7941.18 6882.35 -18.00
v -7941.18 6882.35 0.00
v -7411.77 6882.35 0.00
v -7411.77 7411.77 0.00
v -7941.18 7411.77 0.00
v -7941.18 6882.35 -18.00
v -7411.77 6882.35 -18.00
v -7411.77 6882.35 0.00
v -7941.18 6882.35 0.00
v -7411.77 6882.35 -18.00
v -7411.77 7411.77 -18.00
v -7411.77 7411.77 0.00
v -7411.77 6882.35 0.00
v -7411.77 7411.77 -18.00
v -7941.18 7411.77 -18.00
v -7941.18 7411.77 0.00
v -7411.77 7411.77 0.00
v -7941.18 7411.77 -18.00
v -7941.18 6882.35 -18.00
v -7941.18 6882.35 0.00
v -7941.18 7411.77 0.00
v -7941.18 7941.18 -18.00
v -7411.77 7941.18 -18.00
v -7411.77 7411.77 -18.00
v -7941.18 7411.77 -18.00
v -7941.18 7411.77 0.00
v -7411.77 7411.77 0.00
v -7411.77 7941.18 0.00
v -7941.18 7941.18 0.00
v -7941.18 7411.77 -18.00
v -7411.77 7411.77 -18.00
v -7411.77 7411.77 0.00
v -7941.18 7411.77 0.00
v -7411.77 7411.77 -18.00
v -7411.77 7941.18 -18.00
v -7411.77 7941.18 0.00
v -7411.77 7411.77 0.00
v -7411.77 7941.18 -18.00
v -7941.18 7941.18 -18.00
v -7941.18 7941.18 0.00
v -7411.77 7941.18 0.00
v -7941.18 7941.18 -18.00
v -7941.18 7411.77 -18.00
v -7941.18 7411.77 0.00
v -7941.18 7941.18 0.00
v -7941.18 8470.59 -18.00
v -7411.77 8470.59 -18.00
v -7411.77 7941.18 -18.00
v -7941.18 7941.18 -18.00
v -7941.18 7941.18 0.00
v -7411.77 7941.18 0.00
v -7411.77 8470.59 0.00
v -7941.18 8470.59 0.00
v -7941.18 7941.18 -18.00
v -7411.77 7941.18 -18.00
v -7411.77 7941.18 0.00
v -7941.18 7941.18 0.00
v -7411.77 7941.18 -18.00
v -7411.77 8470.59 -18.00
v -7411.77 8470.59 0.00
v -7411.77 7941.18 0.00
v -7411.77 8470.59 -18.00
v -7941.18 8470.59 -18.00
v -7941.18 8470.59 0.00
v -7411.77 8470.59 0.00
v -7941.18 8470.59 -18.00
v -7941.18 7941.18 -18.00
v -7941.18 7941.18 0.00
v -7941.18 8470.59 0.00
v -7941.18 9000.00 -18.00
v -7411.77 9000.00 -18.00
v -7411.77 8470.59 -18.00
v -7941.18 8470.59 -18.00
v -7941.18 8470.59 0.00
v -7411.77 8470.59 0.00
v -7411.77 9000.00 0.00
v -7941.18 9000.00 0.00
v -7941.18 8470.59 -18.00
v -7411.77 8470.59 -18.00
v -7411.77 8470.59 0.00
v -7941.18 8470.59 0.00
v -7411.77 8470.59 -18.00
v -7411.77 9000.00 -18.00
v -7411.77 9000.00 0.00
v -7411.77 8470.59 0.00
v -7411.77 9000.00 -18.00
v -7941.18 9000.00 -18.00
v -7941.18 9000.00 0.00
v -7411.77 9000.00 0.00
v -7941.18 9000.00 -18.00
v -7941.18 8470.59 -18.00
v -7941.18 8470.59 0.00
v -7941.18 9000.00 0.00
v -7411.77 5294.12 -18.00
v -6882.35 5294.12 -18.00
v -6882.35 4764.71 -18.00
v -7411.77 4764.71 -18.00
v -7411.77 4764.71 0.00
v -6882.35 4764.71 0.00
v -6882.35 5294.12 0.00
v -7411.77 5294.12 0.00
v -6882.35 4764.71 -18.00
v -6882.35 5294.12 -18.00
v -6882.35 5294.12 0.00
v -6882.35 4764.71 0.00
v -6882.35 5294.12 -18.00
v -7411.77 5294.12 -18.00
v -7411.77 5294.12 0.00
v -6882.35 5294.12 0.00
v -7411.77 5294.12 -18.00
v -7411.77 4764.71 -18.00
v -7411.77 4764.71 0.00
v -7411.77 5294.12 0.00
v -7411.77 5823.53 -18.00
v -6882.35 5823.53 -18.00
v -6882.35 5294.12 -18.00
v -7411.77 5294.12 -18.00
v -7411.77 5294.12 0.00
v -6882.35 5294.12 0.00
v -6882.35 5823.53 0.00
v -7411.77 5823.53 0.00
v -7411.77 5294.12 -18.00
v -6882.35 5294.12 -18.00
v -6882.35 5294.12 0.00
v -7411.77 5294.12 0.00
v -6882.35 5294.12 -18.00
v -6882.35 5823.53 -18.00
v -6882.35 5823.53 0.00
v -6882.35 5294.12 0.00
v -6882.35 5823.53 -18.00
v -7411.77 5823.53 -18.00
v -7411.77 5823.53 0.00
v -6882.35 5823.53 0.00
v -7411.77 5823.53 -18.00
v -7411.77 5294.12 -18.00
v -7411.77 5294.12 0.00
v -7411.77 5823.53 0.00
v -7411.77 6352.94 -18.00
v -6882.35 6352.94 -18.00
v -6882.35 5823.53 -18.00
v -7411.77 5823.53 -18.00
v -7411.77 5823.53 0.00
v -6882.35 5823.53 0.00
v -6882.35 6352.94 0.00
v -7411.77 6352.94 0.00
v -7411.77 5823.53 -18.00
v -6882.35 5823.53 -18.00
v -6882.35 5823.53 0.00
v -7411.77 5823.53 0.00
v -6882.35 5823.53 -18.00
v -6882.35 6352.94 -18.00
v -6882.35 6352.94 0.00
v -6882.35 5823.53 0.00
v -6882.35 6352.94 -18.00
v -7411.77 6352.94 -18.00
v -7411.77 6352.94 0.00
v -6882.35 6352.94 0.00
v -7411.77 6352.94 -18.00
v -7411.77 5823.53 -18.00
v -7411.77 5823.53 0.00
v -7411.77 6352.94 0.00
v -7411.77 6882.35 -18.00
v -6882.35 6882.35 -18.00
v -6882.35 6352.94 -18.00
v -7411.77 6352.94 -18.00
v -7411.77 6352.94 0.00
v -6882.35 6352.94 0.00
v -6882.35 6882.35 0.00
v -7411.77 6882.35 0.00
v -7411.77 6352.94 -18.00
v -6882.35 6352.94 -18.00
v -6882.35 6352.94 0.00
v -7411.77 6352.94 0.00
v -6882.35 6352.94 -18.00
v -6882.35 6882.35 -18.00
v -6882.35 6882.35 0.00
v -6882.35 6352.94 0.00
v -6882.35 6882.35 -18.00
v -7411.77 6882.35 -18.00
v -7411.77 6882.35 0.00
v -6882.35 6882.35 0.00
v -7411.77 6882.35 -18.00
v -7411.77 6352.94 -18.00
v -7411.77 6352.94 0.00
v -7411.77 6882.35 0.00
v -7411.77 7411.77 -18.00
v -6882.35 7411.77 -18.00
v -6882.35 6882.35 -18.00
v -7411.77 6882.35 -18.00
v -7411.77 6882.35 0.00
v -6882.35 6882.35 0.00
v -6882.35 7411.77 0.00
v -7411.77 7411.77 0.00
v -7411.77 6882.35 -18.00
v -6882.35 6882.35 -18.00
v -6882.35 6882.35 0.00
v -7411.77 6882.35 0.00
v -6882.35 6882.35 -18.00
v -6882.35 7411.77 -18.00
v -6882.35 7411.77 0.00
v -6882.35 6882.35 0.00
v -6882.35 7411.77 -18.00
v -7411.77 7411.77 -18.00
v -7411.77 7411.77 0.00
v -6882.35 7411.77 0.00
v -7411.77 7411.77 -18.00
v -7411.77 6882.35 -18.00
v -7411.77 6882.35 0.00
v -7411.77 7411.77 0.00
v -7411.77 7941.18 -18.00
v -6882.35 7941.18 -18.00
v -6882.35 7411.77 -18.00
v -7411.77 7411.77 -18.00
v -7411.77 7411.77 0.00
v -6882.35 7411.77 0.00
v -6882.35 7941.18 0.00
v -7411.77 7941.18 0.00
v -7411.77 7411.77 -18.00
v -6882.35 7411.77 -18.00
v -6882.35 7411.77 0.00
v -7411.77 7411.77 0.00
v -6882.35 7411.77 -18.00
v -6882.35 7941.18 -18.00
v -6882.35 7941.18 0.00
v -6882.35 7411.77 0.00
v -6882.35 7941.18 -18.00
v -7411.77 7941.18 -18.00
v -7411.77 7941.18 0.00
v -6882.35 7941.18 0.00
v -7411.77 7941.18 -18.00
v -7411.77 7411.77 -18.00
v -7411.77 7411.77 0.00
v -7411.77 7941.18 0.00
v -7411.77 8470.59 -18.00
v -6882.35 8470.59 -18.00
v -6882.35 7941.18 -18.00
v -7411.77 7941.18 -18.00
v -7411.77 7941.18 0.00
v -6882.35 7941.18 0.00
v -6882.35 8470.59 0.00
v -7411.77 8470.59 0.00
v -7411.77 7941.18 -18.00
v -6882.35 7941.18 -18.00
v -6882.35 7941.18 0.00
v -7411.77 7941.18 0.00
v -6882.35 7941.18 -18.00
v -6882.35 8470.59 -18.00
v -6882.35 8470.59 0.00
v -6882.35 7941.18 0.00
v -6882.35 8470.59 -18.00
v -7411.77 8470.59 -18.00
v -7411.77 8470.59 0.00
v -6882.35 8470.59 0.00
v -7411.77 8470.59 -18.00
v -7411.77 7941.18 -18.00
v -7411.77 7941.18 0.00
v -7411.77 8470.59 0.00
v -7411.77 9000.00 -18.00
v -6882.35 9000.00 -18.00
v -6882.35 8470.59 -18.00
v -7411.77 8470.59 -18.00
v -7411.77 8470.59 0.00
v -6882.35 8470.59 0.00
v -6882.35 9000.00 0.00
v -7411.77 9000.00 0.00
v -7411.77 8470.59 -18.00
v -6882.35 8470.59 -18.00
v -6882.35 8470.59 0.00
v -7411.77 8470.59 0.00
v -6882.35 8470.59 -18.00
v -6882.35 9000.00 -18.00
v -6882.35 9000.00 0.00
v -6882.35 8470.59 0.00
v -6882.35 9000.00 -18.00
v -7411.77 9000.00 -18.00
v -7411.77 9000.00 0.00
v -6882.35 9000.00 0.00
v -7411.77 9000.00 -18.00
v -7411.77 8470.59 -18.00
v -7411.77 8470.59 0.00
v -7411.77 9000.00 0.00
v -6882.35 5294.12 -18.00
v -6352.94 5294.12 -18.00
v -6352.94 4764.71 -18.00
v -6882.35 4764.71 -18.00
v -6882.35 4764.71 0.00
v -6352.94 4764.71 0.00
v -6352.94 5294.12 0.00
v -6882.35 5294.12 0.00
v -6352.94 4764.71 -18.00
v -6352.94 5294.12 -18.00
v -6352.94 5294.12 0.00
v -6352.94 4764.71 0.00
v -6352.94 5294.12 -18.00
v -6882.35 5294.12 -18.00
v -6882.35 5294.12 0.00
v -6352.94 5294.12 0.00
v -6882.35 5294.12 -18.00
v -6882.35 4764.71 -18.00
v -6882.35 4764.71 0.00
v -6882.35 5294.12 0.00
v -6882.35 5823.53 -18.00
v -6352.94 5823.53 -18.00
v -6352.94 5294.12 -18.00
v -6882.35 5294.12 -18.00
v -6882.35 5294.12 0.00
v -6352.94 5294.12 0.00
v -6352.94 5823.53 0.00
v -6882.35 5823.53 0.00
v -6882.35 5294.12 -18.00
v -6352.94 5294.12 -18.00
v -6352.94 5294.12 0.00
v -6882.35 5294.12 0.00
v -6352.94 5294.12 -18.00
v -6352.94 5823.53 -18.00
v -6352.94 5823.53 0.00
v -6352.94 5294.12 0.00
v -6352.94 5823.53 -18.00
v -6882.35 5823.53 -18.00
v -6882.35 5823.53 0.00
v -6352.94 5823.53 0.00
v -6882.35 5823.53 -18.00
v -6882.35 5294.12 -18.00
v -6882.35 5294.12 0.00
v -6882.35 5823.53 0.00
v -6882.35 6352.94 -18.00
v -6352.94 6352.94 -18.00
v -6352.94 5823.53 -18.00
v -6882.35 5823.53 -18.00
v -6882.35 5823.53 0.00
v -6352.94 5823.53 0.00
v -6352.94 6352.94 0.00
v -6882.35 6352.94 0.00
v -6882.35 5823.53 -18.00
v -6352.94 5823.53 -18.00
v -6352.94 5823.53 0.00
v -6882.35 5823.53 0.00
v -6352.94 5823.53 -18.00
v -6352.94 6352.94 -18.00
v -6352.94 6352.94 0.00
v -6352.94 5823.53 0.00
v -6352.94 6352.94 -18.00
v -6882.35 6352.94 -18.00
v -6882.35 6352.94 0.00
v -6352.94 6352.94 0.00
v -6882.35 6352.94 -18.00
v -6882.35 5823.53 -18.00
v -6882.35 5823.53 0.00
v -6882.35 6352.94 0.00
v -6882.35 6882.35 -18.00
v -6352.94 6882.35 -18.00
v -6352.94 6352.94 -18.00
v -6882.35 6352.94 -18.00
v -6882.35 6352.94 0.00
v -6352.94 6352.94 0.00
v -6352.94 6882.35 0.00
v -6882.35 6882.35 0.00
v -6882.35 6352.94 -18.00
v -6352.94 6352.94 -18.00
v -6352.94 6352.94 0.00
v -6882.35 6352.94 0.00
v -6352.94 6352.94 -18.00
v -6352.94 6882.35 -18.00
v -6352.94 6882.35 0.00
v -6352.94 6352.94 0.00
v -6352.94 6882.35 -18.00
v -6882.35 6882.35 -18.00
v -6882.35 6882.35 0.00
v -6352.94 6882.35 0.00
v -6882.35 6882.35 -18.00
v -6882.35 6352.94 -18.00
v -6882.35 6352.94 0.00
v -6882.35 6882.35 0.00
v -6882.35 7411.77 -18.00
v -6352.94 7411.77 -18.00
v -6352.94 6882.35 -18.00
v -6882.35 6882.35 -18.00
v -6882.35 6882.35 0.00
v -6352.94 6882.35 0.00
v -6352.94 7411.77 0.00
v -6882.35 7411.77 0.00
v -6882.35 6882.35 -18.00
v -6352.94 6882.35 -18.00
v -6352.94 6882.35 0.00
v -6882.35 6882.35 0.00
v -6352.94 6882.35 -18.00
v -6352.94 7411.77 -18.00
v -6352.94 7411.77 0.00
v -6352.94 6882.35 0.00
v -6352.94 7411.77 -18.00
v -6882.35 7411.77 -18.00
v -6882.35 7411.77 0.00
v -6352.94 7411.77 0.00
v -6882.35 7411.77 -18.00
v -6882.35 6882.35 -18.00
v -6882.35 6882.35 0.00
v -6882.35 7411.77 0.00
v -6882.35 7941.18 -18.00
v -6352.94 7941.18 -18.00
v -6352.94 7411.77 -18.00
v -6882.35 7411.77 -18.00
v -6882.35 7411.77 0.00
v -6352.94 7411.77 0.00
v -6352.94 7941.18 0.00
v -6882.35 7941.18 0.00
v -6882.35 7411.77 -18.00
v -6352.94 7411.77 -18.00
v -6352.94 7411.77 0.00
v -6882.35 7411.77 0.00
v -6352.94 7411.77 -18.00
v -6352.94 7941.18 -18.00
v -6352.94 7941.18 0.00
v -6352.94 7411.77 0.00
v -6352.94 7941.18 -18.00
v -6882.35 7941.18 -18.00
v -6882.35 7941.18 0.00
v -6352.94 7941.18 0.00
v -6882.35 7941.18 -18.00
v -6882.35 7411.77 -18.00
v -6882.35 7411.77 0.00
v -6882.35 7941.18 0.00
v -6882.35 8470.59 -18.00
v -6352.94 8470.59 -18.00
v -6352.94 7941.18 -18.00
v -6882.35 7941.18 -18.00
v -6882.35 7941.18 0.00
v -6352.94 7941.18 0.00
v -6352.94 8470.59 0.00
v -6882.35 8470.59 0.00
v -6882.35 7941.18 -18.00
v -6352.94 7941.18 -18.00
v -6352.94 7941.18 0.00
v -6882.35 7941.18 0.00
v -6352.94 7941.18 -18.00
v -6352.94 8470.59 -18.00
v -6352.94 8470.59 0.00
v -6352.94 7941.18 0.00
v -6352.94 8470.59 -18.00
v -6882.35 8470.59 -18.00
v -6882.35 8470.59 0.00
v -6352.94 8470.59 0.00
v -6882.35 8470.59 -18.00
v -6882.35 7941.18 -18.00
v -6882.35 7941.18 0.00
v -6882.35 8470.59 0.00
v -6882.35 9000.00 -18.00
v -6352.94 9000.00 -18.00
v -6352.94 8470.59 -18.00
v -6882.35 8470.59 -18.00
v -6882.35 8470.59 0.00
v -6352.94 8470.59 0.00
v -6352.94 9000.00 0.00
v -6882.35 9000.00 0.00
v -6882.35 8470.59 -18.00
v -6352.94 8470.59 -18.00
v -6352.94 8470.59 0.00
v -6882.35 8470.59 0.00
v -6352.94 8470.59 -18.00
v -6352.94 9000.00 -18.00
v -6352.94 9000.00 0.00
v -6352.94 8470.59 0.00
v -6352.94 9000.00 -18.00
v -6882.35 9000.00 -18.00
v -6882.35 9000.00 0.00
v -6352.94 9000.00 0.00
v -6882.35 9000.00 -18.00
v -6882.35 8470.59 -18.00
v -6882.35 8470.59 0.00
v -6882.35 9000.00 0.00
v -6352.94 5294.12 -18.00
v -5823.53 5294.12 -18.00
v -5823.53 4764.71 -18.00
v -6352.94 4764.71 -18.00
v -6352.94 4764.71 0.00
v -5823.53 4764.71 0.00
v -5823.53 5294.12 0.00
v -6352.94 5294.12 0.00
v -5823.53 4764.71 -18.00
v -5823.53 5294.12 -18.00
v -5823.53 5294.12 0.00
v -5823.53 4764.71 0.00
v -5823.53 5294.12 -18.00
v -6352.94 5294.12 -18.00
v -6352.94 5294.12 0.00
v -5823.53 5294.12 0.00
v -6352.94 5294.12 -18.00
v -6352.94 4764.71 -18.00
v -6352.94 4764.71 0.00
v -6352.94 5294.12 0.00
v -6352.94 5823.53 -18.00
v -5823.53 5823.53 -18.00
v -5823.53 5294.12 -18.00
v -6352.94 5294.12 -18.00
v -6352.94 5294.12 0.00
v -5823.53 5294.12 0.00
v -5823.53 5823.53 0.00
v -6352.94 5823.53 0.00
v -6352.94 5294.12 -18.00
v -5823.53 5294.12 -18.00
v -5823.53 5294.12 0.00
v -6352.94 5294.12 0.00
v -5823.53 5294.12 -18.00
v -5823.53 5823.53 -18.00
v -5823.53 5823.53 0.00
v -5823.53 5294.12 0.00
v -5823.53 5823.53 -18.00
v -6352.94 5823.53 -18.00
v -6352.94 5823.53 0.00
v -5823.53 5823.53 0.00
v -6352.94 5823.53 -18.00
v -6352.94 5294.12 -18.00
v -6352.94 5294.12 0.00
v -6352.94 5823.53 0.00
v -6352.94 6352.94 -18.00
v -5823.53 6352.94 -18.00
v -5823.53 5823.53 -18.00
v -6352.94 5823.53 -18.00
v -6352.94 5823.53 0.00
v -5823.53 5823.53 0.00
v -5823.53 6352.94 0.00
v -6352.94 6352.94 0.00
v -6352.94 5823.53 -18.00
v -5823.53 5823.53 -18.00
v -5823.53 5823.53 0.00
v -6352.94 5823.53 0.00
v -5823.53 5823.53 -18.00
v -5823.53 6352.94 -18.00
v -5823.53 6352.94 0.00
v -5823.53 5823.53 0.00
v -5823.53 6352.94 -18.00
v -6352.94 6352.94 -18.00
v -6352.94 6352.94 0.00
v -5823.53 6352.94 0.00
v -6352.94 6352.94 -18.00
v -6352.94 5823.53 -18.00
v -6352.94 5823.53 0.00
v -6352.94 6352.94 0.00
v -6352.94 6882.35 -18.00
v -5823.53 6882.35 -18.00
v -5823.53 6352.94 -18.00
v -6352.94 6352.94 -18.00
v -6352.94 6352.94 0.00
v -5823.53 6352.94 0.00
v -5823.53 6882.35 0.00
v -6352.94 6882.35 0.00
v -6352.94 6352.94 -18.00
v -5823.53 6352.94 -18.00
v -5823.53 6352.94 0.00
v -6352.94 6352.94 0.00
v -5823.53 6352.94 -18.00
v -5823.53 6882.35 -18.00
v -5823.53 6882.35 0.00
v -5823.53 6352.94 0.00
v -5823.53 6882.35 -18.00
v -6352.94 6882.35 -18.00
v -6352.94 6882.35 0.00
v -5823.53 6882.35 0.00
v -6352.94 6882.35 -18.00
v -6352.94 6352.94 -18.00
v -6352.94 6352.94 0.00
v -6352.94 6882.35 0.00
v -6352.94 7411.77 -18.00
v -5823.53 7411.77 -18.00
v -5823.53 6882.35 -18.00
v -6352.94 6882.35 -18.00
v -6352.94 6882.35 0.00
v -5823.53 6882.35 0.00
v -5823.53 7411.77 0.00
v -6352.94 7411.77 0.00
v -6352.94 6882.35 -18.00
v -5823.53 6882.35 -18.00
v -5823.53 6882.35 0.00
v -6352.94 6882.35 0.00
v -5823.53 6882.35 -18.00
v -5823.53 7411.77 -18.00
v -5823.53 7411.77 0.00
v -5823.53 6882.35 0.00
v -5823.53 7411.77 -18.00
v -6352.94 7411.77 -18.00
v -6352.94 7411.77 0.00
v -5823.53 7411.77 0.00
v -6352.94 7411.77 -18.00
v -6352.94 6882.35 -18.00
v -6352.94 6882.35 0.00
v -6352.94 7411.77 0.00
v -6352.94 7941.18 -18.00
v -5823.53 7941.18 -18.00
v -5823.53 7411.77 -18.00
v -6352.94 7411.77 -18.00
v -6352.94 7411.77 0.00
v -5823.53 7411.77 0.00
v -5823.53 7941.18 0.00
v -6352.94 7941.18 0.00
v -6352.94 7411.77 -18.00
v -5823.53 7411.77 -18.00
v -5823.53 7411.77 0.00
v -6352.94 7411.77 0.00
v -5823.53 7411.77 -18.00
v -5823.53 7941.18 -18.00
v -5823.53 7941.18 0.00
v -5823.53 7411.77 0.00
v -5823.53 7941.18 -18.00
v -6352.94 7941.18 -18.00
v -6352.94 7941.18 0.00
v -5823.53 7941.18 0.00
v -6352.94 7941.18 -18.00
v -6352.94 7411.77 -18.00
v -6352.94 7411.77 0.00
v -6352.94 7941.18 0.00
v -6352.94 8470.59 -18.00
v -5823.53 8470.59 -18.00
v -5823.53 7941.18 -18.00
v -6352.94 7941.18 -18.00
v -6352.94 7941.18 0.00
v -5823.53 7941.18 0.00
v -5823.53 8470.59 0.00
v -6352.94 8470.59 0.00
v -6352.94 7941.18 -18.00
v -5823.53 7941.18 -18.00
v -5823.53 7941.18 0.00
v -6352.94 7941.18 0.00
v -5823.53 7941.18 -18.00
v -5823.53 8470.59 -18.00
v -5823.53 8470.59 0.00
v -5823.53 7941.18 0.00
v -5823.53 8470.59 -18.00
v -6352.94 8470.59 -18.00
v -6352.94 8470.59 0.00
v -5823.53 8470.59 0.00
v -6352.94 8470.59 -18.00
v -6352.94 7941.18 -18.00
v -6352.94 7941.18 0.00
v -6352.94 8470.59 0.00
v -6352.94 9000.00 -18.00
v -5823.53 9000.00 -18.00
v -5823.53 8470.59 -18.00
v -6352.94 8470.59 -18.00
v -6352.94 8470.59 0.00
v -5823.53 8470.59 0.00
v -5823.53 9000.00 0.00
v -6352.94 9000.00 0.00
v -6352.94 8470.59 -18.00
v -5823.53 8470.59 -18.00
v -5823.53 8470.59 0.00
v -6352.94 8470.59 0.00
v -5823.53 8470.59 -18.00
v -5823.53 9000.00 -18.00
v -5823.53 9000.00 0.00
v -5823.53 8470.59 0.00
v -5823.53 9000.00 -18.00
v -6352.94 9000.00 -18.00
v -6352.94 9000.00 0.00
v -5823.53 9000.00 0.00
v -6352.94 9000.00 -18.00
v -6352.94 8470.59 -18.00
v -6352.94 8470.59 0.00
v -6352.94 9000.00 0.00
v -5823.53 5294.12 -18.00
v -5294.12 5294.12 -18.00
v -5294.12 4764.71 -18.00
v -5823.53 4764.71 -18.00
v -5823.53 4764.71 0.00
v -5294.12 4764.71 0.00
v -5294.12 5294.12 0.00
v -5823.53 5294.12 0.00
v -5294.12 4764.71 -18.00
v -5294.12 5294.12 -18.00
v -5294.12 5294.12 0.00
v -5294.12 4764.71 0.00
v -5294.12 5294.12 -18.00
v -5823.53 5294.12 -18.00
v -5823.53 5294.12 0.00
v -5294.12 5294.12 0.00
v -5823.53 5294.12 -18.00
v -5823.53 4764.71 -18.00
v -5823.53 4764.71 0.00
v -5823.53 5294.12 0.00
v -5823.53 5823.53 -18.00
v -5294.12 5823.53 -18.00
v -5294.12 5294.12 -18.00
v -5823.53 5294.12 -18.00
v -5823.53 5294.12 0.00
v -5294.12 5294.12 0.00
v -5294.12 5823.53 0.00
v -5823.53 5823.53 0.00
v -5823.53 5294.12 -18.00
v -5294.12 5294.12 -18.00
v -5294.12 5294.12 0.00
v -5823.53 5294.12 0.00
v -5294.12 5294.12 -18.00
v -5294.12 5823.53 -18.00
v -5294.12 5823.53 0.00
v -5294.12 5294.12 0.00
v -5294.12 5823.53 -18.00
v -5823.53 5823.53 -18.00
v -5823.53 5823.53 0.00
v -5294.12 5823.53 0.00
v -5823.53 5823.53 -18.00
v -5823.53 5294.12 -18.00
v -5823.53 5294.12 0.00
v -5823.53 5823.53 0.00
v -5823.53 6352.94 -18.00
v -5294.12 6352.94 -18.00
v -5294.12 5823.53 -18.00
v -5823.53 5823.53 -18.00
v -5823.53 5823.53 0.00
v -5294.12 5823.53 0.00
v -5294.12 6352.94 0.00
v -5823.53 6352.94 0.00
v -5823.53 5823.53 -18.00
v -5294.12 5823.53 -18.00
v -5294.12 5823.53 0.00
v -5823.53 5823.53 0.00
v -5294.12 5823.53 -18.00
v -5294.12 6352.94 -18.00
v -5294.12 6352.94 0.00
v -5294.12 5823.53 0.00
v -5294.12 6352.94 -18.00
v -5823.53 6352.94 -18.00
v -5823.53 6352.94 0.00
v -5294.12 6352.94 0.00
v -5823.53 6352.94 -18.00
v -5823.53 5823.53 -18.00
v -5823.53 5823.53 0.00
v -5823.53 6352.94 0.00
v -5823.53 6882.35 -18.00
v -5294.12 6882.35 -18.00
v -5294.12 6352.94 -18.00
v -5823.53 6352.94 -18.00
v -5823.53 6352.94 0.00
v -5294.12 6352.94 0.00
v -5294.12 6882.35 0.00
v -5823.53 6882.35 0.00
v -5823.53 6352.94 -18.00
v -5294.12 6352.94 -18.00
v -5294.12 6352.94 0.00
v -5823.53 6352.94 0.00
v -5294.12 6352.94 -18.00
v -5294.12 6882.35 -18.00
v -5294.12 6882.35 0.00
v -5294.12 6352.94 0.00
v -5294.12 6882.35 -18.00
v -5823.53 6882.35 -18.00
v -5823.53 6882.35 0.00
v -5294.12 6882.35 0.00
v -5823.53 6882.35 -18.00
v -5823.53 6352.94 -18.00
v -5823.53 6352.94 0.00
v -5823.53 6882.35 0.00
v -5823.53 7411.77 -18.00
v -5294.12 7411.77 -18.00
v -5294.12 6882.35 -18.00
v -5823.53 6882.35 -18.00
v -5823.53 6882.35 0.00
v -5294.12 6882.35 0.00
v -5294.12 7411.77 0.00
v -5823.53 7411.77 0.00
v -5823.53 6882.35 -18.00
v -5294.12 6882.35 -18.00
v -5294.12 6882.35 0.00
v -5823.53 6882.35 0.00
v -5294.12 6882.35 -18.00
v -5294.12 7411.77 -18.00
v -5294.12 7411.77 0.00
v -5294.12 6882.35 0.00
v -5294.12 7411.77 -18.00
v -5823.53 7411.77 -18.00
v -5823.53 7411.77 0.00
v -5294.12 7411.77 0.00
v -5823.53 7411.77 -18.00
v -5823.53 6882.35 -18.00
v -5823.53 6882.35 0.00
v -5823.53 7411.77 0.00
v -5823.53 7941.18 -18.00
v -5294.12 7941.18 -18.00
v -5294.12 7411.77 -18.00
v -5823.53 7411.77 -18.00
v -5823.53 7411.77 0.00
v -5294.12 7411.77 0.00
v -5294.12 7941.18 0.00
v -5823.53 7941.18 0.00
v -5823.53 7411.77 -18.00
v -5294.12 7411.77 -18.00
v -5294.12 7411.77 0.00
v -5823.53 7411.77 0.00
v -5294.12 7411.77 -18.00
v -5294.12 7941.18 -18.00
v -5294.12 7941.18 0.00
v -5294.12 7411.77 0.00
v -5294.12 7941.18 -18.00
v -5823.53 7941.18 -18.00
v -5823.53 7941.18 0.00
v -5294.12 7941.18 0.00
v -5823.53 7941.18 -18.00
v -5823.53 7411.77 -18.00
v -5823.53 7411.77 0.00
v -5823.53 7941.18 0.00
v -5823.53 8470.59 -18.00
v -5294.12 8470.59 -18.00
v -5294.12 7941.18 -18.00
v -5823.53 7941.18 -18.00
v -5823.53 7941.18 0.00
v -5294.12 7941.18 0.00
v -5294.12 8470.59 0.00
v -5823.53 8470.59 0.00
v -5823.53 7941.18 -18.00
v -5294.12 7941.18 -18.00
v -5294.12 7941.18 0.00
v -5823.53 7941.18 0.00
v -5294.12 7941.18 -18.00
v -5294.12 8470.59 -18.00
v -5294.12 8470.59 0.00
v -5294.12 7941.18 0.00
v -5294.12 8470.59 -18.00
v -5823.53 8470.59 -18.00
v -5823.53 8470.59 0.00
v -5294.12 8470.59 0.00
v -5823.53 8470.59 -18.00
v -5823.53 7941.18 -18.00
v -5823.53 7941.18 0.00
v -5823.53 8470.59 0.00
v -5823.53 9000.00 -18.00
v -5294.12 9000.00 -18.00
v -5294.12 8470.59 -18.00
v -5823.53 8470.59 -18.00
v -5823.53 8470.59 0.00
v -5294.12 8470.59 0.00
v -5294.12 9000.00 0.00
v -5823.53 9000.00 0.00
v -5823.53 8470.59 -18.00
v -5294.12 8470.59 -18.00
v -5294.12 8470.59 0.00
v -5823.53 8470.59 0.00
v -5294.12 8470.59 -18.00
v -5294.12 9000.00 -18.00
v -5294.12 9000.00 0.00
v -5294.12 8470.59 0.00
v -5294.12 9000.00 -18.00
v -5823.53 9000.00 -18.00
v -5823.53 9000.00 0.00
v -5294.12 9000.00 0.00
v -5823.53 9000.00 -18.00
v -5823.53 8470.59 -18.00
v -5823.53 8470.59 0.00
v -5823.53 9000.00 0.00
v -5294.12 5294.12 -18.00
v -4764.71 5294.12 -18.00
v -4764.71 4764.71 -18.00
v -5294.12 4764.71 -18.00
v -5294.12 4764.71 0.00
v -4764.71 4764.71 0.00
v -4764.71 5294.12 0.00
v -5294.12 5294.12 0.00
v -4764.71 4764.71 -18.00
v -4764.71 5294.12 -18.00
v -4764.71 5294.12 0.00
v -4764.71 4764.71 0.00
v -4764.71 5294.12 -18.00
v -5294.12 5294.12 -18.00
v -5294.12 5294.12 0.00
v -4764.71 5294.12 0.00
v -5294.12 5294.12 -18.00
v -5294.12 4764.71 -18.00
v -5294.12 4764.71 0.00
v -5294.12 5294.12 0.00
v -5294.12 5823.53 -18.00
v -4764.71 5823.53 -18.00
v -4764.71 5294.12 -18.00
v -5294.12 5294.12 -18.00
v -5294.12 5294.12 0.00
v -4764.71 5294.12 0.00
v -4764.71 5823.53 0.00
v -5294.12 5823.53 0.00
v -5294.12 5294.12 -18.00
v -4764.71 5294.12 -18.00
v -4764.71 5294.12 0.00
v -5294.12 5294.12 0.00
v -4764.71 5294.12 -18.00
v -4764.71 5823.53 -18.00
v -4764.71 5823.53 0.00
v -4764.71 5294.12 0.00
v -4764.71 5823.53 -18.00
v -5294.12 5823.53 -18.00
v -5294.12 5823.53 0.00
v -4764.71 5823.53 0.00
v -5294.12 5823.53 -18.00
v -5294.12 5294.12 -18.00
v -5294.12 5294.12 0.00
v -5294.12 5823.53 0.00
v -5294.12 6352.94 -18.00
v -4764.71 6352.94 -18.00
v -4764.71 5823.53 -18.00
v -5294.12 5823.53 -18.00
v -5294.12 5823.53 0.00
v -4764.71 5823.53 0.00
v -4764.71 6352.94 0.00
v -5294.12 6352.94 0.00
v -5294.12 5823.53 -18.00
v -4764.71 5823.53 -18.00
v -4764.71 5823.53 0.00
v -5294.12 5823.53 0.00
v -4764.71 5823.53 -18.00
v -4764.71 6352.94 -18.00
v -4764.71 6352.94 0.00
v -4764.71 5823.53 0.00
v -4764.71 6352.94 -18.00
v -5294.12 6352.94 -18.00
v -5294.12 6352.94 0.00
v -4764.71 6352.94 0.00
v -5294.12 6352.94 -18.00
v -5294.12 5823.53 -18.00
v -5294.12 5823.53 0.00
v -5294.12 6352.94 0.00
v -5294.12 6882.35 -18.00
v -4764.71 6882.35 -18.00
v -4764.71 6352.94 -18.00
v -5294.12 6352.94 -18.00
v -5294.12 6352.94 0.00
v -4764.71 6352.94 0.00
v -4764.71 6882.35 0.00
v -5294.12 6882.35 0.00
v -5294.12 6352.94 -18.00
v -4764.71 6352.94 -18.00
v -4764.71 6352.94 0.00
v -5294.12 6352.94 0.00
v -4764.71 6352.94 -18.00
v -4764.71 6882.35 -18.00
v -4764.71 6882.35 0.00
v -4764.71 6352.94 0.00
v -4764.71 6882.35 -18.00
v -5294.12 6882.35 -18.00
v -5294.12 6882.35 0.00
v -4764.71 6882.35 0.00
v -5294.12 6882.35 -18.00
v -5294.12 6352.94 -18.00
v -5294.12 6352.94 0.00
v -5294.12 6882.35 0.00
v -5294.12 7411.77 -18.00
v -4764.71 7411.77 -18.00
v -4764.71 6882.35 -18.00
v -5294.12 6882.35 -18.00
v -5294.12 6882.35 0.00
v -4764.71 6882.35 0.00
v -4764.71 7411.77 0.00
v -5294.12 7411.77 0.00
v -5294.12 6882.35 -18.00
v -4764.71 6882.35 -18.00
v -4764.71 6882.35 0.00
v -5294.12 6882.35 0.00
v -4764.71 6882.35 -18.00
v -4764.71 7411.77 -18.00
v -4764.71 7411.77 0.00
v -4764.71 6882.35 0.00
v -4764.71 7411.77 -18.00
v -5294.12 7411.77 -18.00
v -5294.12 7411.77 0.00
v -4764.71 7411.77 0.00
v -5294.12 7411.77 -18.00
v -5294.12 6882.35 -18.00
v -5294.12 6882.35 0.00
v -5294.12 7411.77 0.00
v -5294.12 7941.18 -18.00
v -4764.71 7941.18 -18.00
v -4764.71 7411.77 -18.00
v -5294.12 7411.77 -18.00
v -5294.12 7411.77 0.00
v -4764.71 7411.77 0.00
v -4764.71 7941.18 0.00
v -5294.12 7941.18 0.00
v -5294.12 7411.77 -18.00
v -4764.71 7411.77 -18.00
v -4764.71 7411.77 0.00
v -5294.12 7411.77 0.00
v -4764.71 7411.77 -18.00
v -4764.71 7941.18 -18.00
v -4764.71 7941.18 0.00
v -4764.71 7411.77 0.00
v -4764.71 7941.18 -18.00
v -5294.12 7941.18 -18.00
v -5294.12 7941.18 0.00
v -4764.71 7941.18 0.00
v -5294.12 7941.18 -18.00
v -5294.12 7411.77 -18.00
v -5294.12 7411.77 0.00
v -5294.12 7941.18 0.00
v -5294.12 8470.59 -18.00
v -4764.71 8470.59 -18.00
v -4764.71 7941.18 -18.00
v -5294.12 7941.18 -18.00
v -5294.12 7941.18 0.00
v -4764.71 7941.18 0.00
v -4764.71 8470.59 0.00
v -5294.12 8470.59 0.00
v -5294.12 7941.18 -18.00
v -4764.71 7941.18 -18.00
v -4764.71 7941.18 0.00
v -5294.12 7941.18 0.00
v -4764.71 7941.18 -18.00
v -4764.71 8470.59 -18.00
v -4764.71 8470.59 0.00
v -4764.71 7941.18 0.00
v -4764.71 8470.59 -18.00
v -5294.12 8470.59 -18.00
v -5294.12 8470.59 0.00
v -4764.71 8470.59 0.00
v -5294.12 8470.59 -18.00
v -5294.12 7941.18 -18.00
v -5294.12 7941.18 0.00
v -5294.12 8470.59 0.00
v -5294.12 9000.00 -18.00
v -4764.71 9000.00 -18.00
v -4764.71 8470.59 -18.00
v -5294.12 8470.59 -18.00
v -5294.12 8470.59 0.00
v -4764.71 8470.59 0.00
v -4764.71 9000.00 0.00
v -5294.12 9000.00 0.00
v -5294.12 8470.59 -18.00
v -4764.71 8470.59 -18.00
v -4764.71 8470.59 0.00
v -5294.12 8470.59 0.00
v -4764.71 8470.59 -18.00
v -4764.71 9000.00 -18.00
v -4764.71 9000.00 0.00
v -4764.71 8470.59 0.00
v -4764.71 9000.00 -18.00
v -5294.12 9000.00 -18.00
v -5294.12 9000.00 0.00
v -4764.71 9000.00 0.00
v -5294.12 9000.00 -18.00
v -5294.12 8470.59 -18.00
v -5294.12 8470.59 0.00
v -5294.12 9000.00 0.00
v -4764.71 5294.12 -18.00
v -4235.29 5294.12 -18.00
v -4235.29 4764.71 -18.00
v -4764.71 4764.71 -18.00
v -4764.71 4764.71 0.00
v -4235.29 4764.71 0.00
v -4235.29 5294.12 0.00
v -4764.71 5294.12 0.00
v -4235.29 4764.71 -18.00
v -4235.29 5294.12 -18.00
v -4235.29 5294.12 0.00
v -4235.29 4764.71 0.00
v -4235.29 5294.12 -18.00
v -4764.71 5294.12 -18.00
v -4764.71 5294.12 0.00
v -4235.29 5294.12 0.00
v -4764.71 5294.12 -18.00
v -4764.71 4764.71 -18.00
v -4764.71 4764.71 0.00
v -4764.71 5294.12 0.00
v -4764.71 5823.53 -18.00
v -4235.29 5823.53 -18.00
v -4235.29 5294.12 -18.00
v -4764.71 5294.12 -18.00
v -4764.71 5294.12 0.00
v -4235.29 5294.12 0.00
v -4235.29 5823.53 0.00
v -4764.71 5823.53 0.00
v -4764.71 5294.12 -18.00
v -4235.29 5294.12 -18.00
v -4235.29 5294.12 0.00
v -4764.71 5294.12 0.00
v -4235.29 5294.12 -18.00
v -4235.29 5823.53 -18.00
v -4235.29 5823.53 0.00
v -4235.29 5294.12 0.00
v -4235.29 5823.53 -18.00
v -4764.71 5823.53 -18.00
v -4764.71 5823.53 0.00
v -4235.29 5823.53 0.00
v -4764.71 5823.53 -18.00
v -4764.71 5294.12 -18.00
v -4764.71 5294.12 0.00
v -4764.71 5823.53 0.00
v -4764.71 6352.94 -18.00
v -4235.29 6352.94 -18.00
v -4235.29 5823.53 -18.00
v -4764.71 5823.53 -18.00
v -4764.71 5823.53 0.00
v -4235.29 5823.53 0.00
v -4235.29 6352.94 0.00
v -4764.71 6352.94 0.00
v -4764.71 5823.53 -18.00
v -4235.29 5823.53 -18.00
v -4235.29 5823.53 0.00
v -4764.71 5823.53 0.00
v -4235.29 5823.53 -18.00
v -4235.29 6352.94 -18.00
v -4235.29 6352.94 0.00
v -4235.29 5823.53 0.00
v -4235.29 6352.94 -18.00
v -4764.71 6352.94 -18.00
v -4764.71 6352.94 0.00
v -4235.29 6352.94 0.00
v -4764.71 6352.94 -18.00
v -4764.71 5823.53 -18.00
v -4764.71 5823.53 0.00
v -4764.71 6352.94 0.00
v -4764.71 6882.35 -18.00
v -4235.29 6882.35 -18.00
v -4235.29 6352.94 -18.00
v -4764.71 6352.94 -18.00
v -4764.71 6352.94 0.00
v -4235.29 6352.94 0.00
v -4235.29 6882.35 0.00
v -4764.71 6882.35 0.00
v -4764.71 6352.94 -18.00
v -4235.29 6352.94 -18.00
v -4235.29 6352.94 0.00
v -4764.71 6352.94 0.00
v -4235.29 6352.94 -18.00
v -4235.29 6882.35 -18.00
v -4235.29 6882.35 0.00
v -4235.29 6352.94 0.00
v -4235.29 6882.35 -18.00
v -4764.71 6882.35 -18.00
v -4764.71 6882.35 0.00
v -4235.29 6882.35 0.00
v -4764.71 6882.35 -18.00
v -4764.71 6352.94 -18.00
v -4764.71 6352.94 0.00
v -4764.71 6882.35 0.00
v -4764.71 7411.77 -18.00
v -4235.29 7411.77 -18.00
v -4235.29 6882.35 -18.00
v -4764.71 6882.35 -18.00
v -4764.71 6882.35 0.00
v -4235.29 6882.35 0.00
v -4235.29 7411.77 0.00
v -4764.71 7411.77 0.00
v -4764.71 6882.35 -18.00
v -4235.29 6882.35 -18.00
v -4235.29 6882.35 0.00
v -4764.71 6882.35 0.00
v -4235.29 6882.35 -18.00
v -4235.29 7411.77 -18.00
v -4235.29 7411.77 0.00
v -4235.29 6882.35 0.00
v -4235.29 7411.77 -18.00
v -4764.71 7411.77 -18.00
v -4764.71 7411.77 0.00
v -4235.29 7411.77 0.00
v -4764.71 7411.77 -18.00
v -4764.71 6882.35 -18.00
v -4764.71 6882.35 0.00
v -4764.71 7411.77 0.00
v -4764.71 7941.18 -18.00
v -4235.29 7941.18 -18.00
v -4235.29 7411.77 -18.00
v -4764.71 7411.77 -18.00
v -4764.71 7411.77 0.00
v -4235.29 7411.77 0.00
v -4235.29 7941.18 0.00
v -4764.71 7941.18 0.00
v -4764.71 7411.77 -18.00
v -4235.29 7411.77 -18.00
v -4235.29 7411.77 0.00
v -4764.71 7411.77 0.00
v -4235.29 7411.77 -18.00
v -4235.29 7941.18 -18.00
v -4235.29 7941.18 0.00
v -4235.29 7411.77 0.00
v -4235.29 7941.18 -18.00
v -4764.71 7941.18 -18.00
v -4764.71 7941.18 0.00
v -4235.29 7941.18 0.00
v -4764.71 7941.18 -18.00
v -4764.71 7411.77 -18.00
v -4764.71 7411.77 0.00
v -4764.71 7941.18 0.00
v -4764.71 8470.59 -18.00
v -4235.29 8470.59 -18.00
v -4235.29 7941.18 -18.00
v -4764.71 7941.18 -18.00
v -4764.71 7941.18 0.00
v -4235.29 7941.18 0.00
v -4235.29 8470.59 0.00
v -4764.71 8470.59 0.00
v -4764.71 7941.18 -18.00
v -4235.29 7941.18 -18.00
v -4235.29 7941.18 0.00
v -4764.71 7941.18 0.00
v -4235.29 7941.18 -18.00
v -4235.29 8470.59 -18.00
v -4235.29 8470.59 0.00
v -4235.29 7941.18 0.00
v -4235.29 8470.59 -18.00
v -4764.71 8470.59 -18.00
v -4764.71 8470.59 0.00
v -4235.29 8470.59 0.00
v -4764.71 8470.59 -18.00
v -4764.71 7941.18 -18.00
v -4764.71 7941.18 0.00
v -4764.71 8470.59 0.00
v -4764.71 9000.00 -18.00
v -4235.29 9000.00 -18.00
v -4235.29 8470.59 -18.00
v -4764.71 8470.59 -18.00
v -4764.71 8470.59 0.00
v -4235.29 8470.59 0.00
v -4235.29 9000.00 0.00
v -4764.71 9000.00 0.00
v -4764.71 8470.59 -18.00
v -4235.29 8470.59 -18.00
v -4235.29 8470.59 0.00
v -4764.71 8470.59 0.00
v -4235.29 8470.59 -18.00
v -4235.29 9000.00 -18.00
v -4235.29 9000.00 0.00
v -4235.29 8470.59 0.00
v -4235.29 9000.00 -18.00
v -4764.71 9000.00 -18.00
v -4764.71 9000.00 0.00
v -4235.29 9000.00 0.00
v -4764.71 9000.00 -18.00
v -4764.71 8470.59 -18.00
v -4764.71 8470.59 0.00
v -4764.71 9000.00 0.00
v -4235.29 5294.12 -18.00
v -3705.88 5294.12 -18.00
v -3705.88 4764.71 -18.00
v -4235.29 4764.71 -18.00
v -4235.29 4764.71 0.00
v -3705.88 4764.71 0.00
v -3705.88 5294.12 0.00
v -4235.29 5294.12 0.00
v -3705.88 4764.71 -18.00
v -3705.88 5294.12 -18.00
v -3705.88 5294.12 0.00
v -3705.88 4764.71 0.00
v -3705.88 5294.12 -18.00
v -4235.29 5294.12 -18.00
v -4235.29 5294.12 0.00
v -3705.88 5294.12 0.00
v -4235.29 5294.12 -18.00
v -4235.29 4764.71 -18.00
v -4235.29 4764.71 0.00
v -4235.29 5294.12 0.00
v -4235.29 5823.53 -18.00
v -3705.88 5823.53 -18.00
v -3705.88 5294.12 -18.00
v -4235.29 5294.12 -18.00
v -4235.29 5294.12 0.00
v -3705.88 5294.12 0.00
v -3705.88 5823.53 0.00
v -4235.29 5823.53 0.00
v -4235.29 5294.12 -18.00
v -3705.88 5294.12 -18.00
v -3705.88 5294.12 0.00
v -4235.29 5294.12 0.00
v -3705.88 5294.12 -18.00
v -3705.88 5823.53 -18.00
v -3705.88 5823.53 0.00
v -3705.88 5294.12 0.00
v -3705.88 5823.53 -18.00
v -4235.29 5823.53 -18.00
v -4235.29 5823.53 0.00
v -3705.88 5823.53 0.00
v -4235.29 5823.53 -18.00
v -4235.29 5294.12 -18.00
v -4235.29 5294.12 0.00
v -4235.29 5823.53 0.00
v -4235.29 6352.94 -18.00
v -3705.88 6352.94 -18.00
v -3705.88 5823.53 -18.00
v -4235.29 5823.53 -18.00
v -4235.29 5823.53 0.00
v -3705.88 5823.53 0.00
v -3705.88 6352.94 0.00
v -4235.29 6352.94 0.00
v -4235.29 5823.53 -18.00
v -3705.88 5823.53 -18.00
v -3705.88 5823.53 0.00
v -4235.29 5823.53 0.00
v -3705.88 5823.53 -18.00
v -3705.88 6352.94 -18.00
v -3705.88 6352.94 0.00
v -3705.88 5823.53 0.00
v -3705.88 6352.94 -18.00
v -4235.29 6352.94 -18.00
v -4235.29 6352.94 0.00
v -3705.88 6352.94 0.00
v -4235.29 6352.94 -18.00
v -4235.29 5823.53 -18.00
v -4235.29 5823.53 0.00
v -4235.29 6352.94 0.00
v -4235.29 6882.35 -18.00
v -3705.88 6882.35 -18.00
v -3705.88 6352.94 -18.00
v -4235.29 6352.94 -18.00
v -4235.29 6352.94 0.00
v -3705.88 6352.94 0.00
v -3705.88 6882.35 0.00
v -4235.29 6882.35 0.00
v -4235.29 6352.94 -18.00
v -3705.88 6352.94 -18.00
v -3705.88 6352.94 0.00
v -4235.29 6352.94 0.00
v -3705.88 6352.94 -18.00
v -3705.88 6882.35 -18.00
v -3705.88 6882.35 0.00
v -3705.88 6352.94 0.00
v -3705.88 6882.35 -18.00
v -4235.29 6882.35 -18.00
v -4235.29 6882.35 0.00
v -3705.88 6882.35 0.00
v -4235.29 6882.35 -18.00
v -4235.29 6352.94 -18.00
v -4235.29 6352.94 0.00
v -4235.29 6882.35 0.00
v -4235.29 7411.77 -18.00
v -3705.88 7411.77 -18.00
v -3705.88 6882.35 -18.00
v -4235.29 6882.35 -18.00
v -4235.29 6882.35 0.00
v -3705.88 6882.35 0.00
v -3705.88 7411.77 0.00
v -4235.29 7411.77 0.00
v -4235.29 6882.35 -18.00
v -3705.88 6882.35 -18.00
v -3705.88 6882.35 0.00
v -4235.29 6882.35 0.00
v -3705.88 6882.35 -18.00
v -3705.88 7411.77 -18.00
v -3705.88 7411.77 0.00
v -3705.88 6882.35 0.00
v -3705.88 7411.77 -18.00
v -4235.29 7411.77 -18.00
v -4235.29 7411.77 0.00
v -3705.88 7411.77 0.00
v -4235.29 7411.77 -18.00
v -4235.29 6882.35 -18.00
v -4235.29 6882.35 0.00
v -4235.29 7411.77 0.00
v -4235.29 7941.18 -18.00
v -3705.88 7941.18 -18.00
v -3705.88 7411.77 -18.00
v -4235.29 7411.77 -18.00
v -4235.29 7411.77 0.00
v -3705.88 7411.77 0.00
v -3705.88 7941.18 0.00
v -4235.29 7941.18 0.00
v -4235.29 7411.77 -18.00
v -3705.88 7411.77 -18.00
v -3705.88 7411.77 0.00
v -4235.29 7411.77 0.00
v -3705.88 7411.77 -18.00
v -3705.88 7941.18 -18.00
v -3705.88 7941.18 0.00
v -3705.88 7411.77 0.00
v -3705.88 7941.18 -18.00
v -4235.29 7941.18 -18.00
v -4235.29 7941.18 0.00
v -3705.88 7941.18 0.00
v -4235.29 7941.18 -18.00
v -4235.29 7411.77 -18.00
v -4235.29 7411.77 0.00
v -4235.29 7941.18 0.00
v -4235.29 8470.59 -18.00
v -3705.88 8470.59 -18.00
v -3705.88 7941.18 -18.00
v -4235.29 7941.18 -18.00
v -4235.29 7941.18 0.00
v -3705.88 7941.18 0.00
v -3705.88 8470.59 0.00
v -4235.29 8470.59 0.00
v -4235.29 7941.18 -18.00
v -3705.88 7941.18 -18.00
v -3705.88 7941.18 0.00
v -4235.29 7941.18 0.00
v -3705.88 7941.18 -18.00
v -3705.88 8470.59 -18.00
v -3705.88 8470.59 0.00
v -3705.88 7941.18 0.00
v -3705.88 8470.59 -18.00
v -4235.29 8470.59 -18.00
v -4235.29 8470.59 0.00
v -3705.88 8470.59 0.00
v -4235.29 8470.59 -18.00
v -4235.29 7941.18 -18.00
v -4235.29 7941.18 0.00
v -4235.29 8470.59 0.00
v -4235.29 9000.00 -18.00
v -3705.88 9000.00 -18.00
v -3705.88 8470.59 -18.00
v -4235.29 8470.59 -18.00
v -4235.29 8470.59 0.00
v -3705.88 8470.59 0.00
v -3705.88 9000.00 0.00
v -4235.29 9000.00 0.00
v -4235.29 8470.59 -18.00
v -3705.88 8470.59 -18.00
v -3705.88 8470.59 0.00
v -4235.29 8470.59 0.00
v -3705.88 8470.59 -18.00
v -3705.88 9000.00 -18.00
v -3705.88 9000.00 0.00
v -3705.88 8470.59 0.00
v -3705.88 9000.00 -18.00
v -4235.29 9000.00 -18.00
v -4235.29 9000.00 0.00
v -3705.88 9000.00 0.00
v -4235.29 9000.00 -18.00
v -4235.29 8470.59 -18.00
v -4235.29 8470.59 0.00
v -4235.29 9000.00 0.00
v -3705.88 5294.12 -18.00
v -3176.47 5294.12 -18.00
v -3176.47 4764.71 -18.00
v -3705.88 4764.71 -18.00
v -3705.88 4764.71 0.00
v -3176.47 4764.71 0.00
v -3176.47 5294.12 0.00
v -3705.88 5294.12 0.00
v -3176.47 4764.71 -18.00
v -3176.47 5294.12 -18.00
v -3176.47 5294.12 0.00
v -3176.47 4764.71 0.00
v -3176.47 5294.12 -18.00
v -3705.88 5294.12 -18.00
v -3705.88 5294.12 0.00
v -3176.47 5294.12 0.00
v -3705.88 5294.12 -18.00
v -3705.88 4764.71 -18.00
v -3705.88 4764.71 0.00
v -3705.88 5294.12 0.00
v -3705.88 5823.53 -18.00
v -3176.47 5823.53 -18.00
v -3176.47 5294.12 -18.00
v -3705.88 5294.12 -18.00
v -3705.88 5294.12 0.00
v -3176.47 5294.12 0.00
v -3176.47 5823.53 0.00
v -3705.88 5823.53 0.00
v -3705.88 5294.12 -18.00
v -3176.47 5294.12 -18.00
v -3176.47 5294.12 0.00
v -3705.88 5294.12 0.00
v -3176.47 5294.12 -18.00
v -3176.47 5823.53 -18.00
v -3176.47 5823.53 0.00
v -3176.47 5294.12 0.00
v -3176.47 5823.53 -18.00
v -3705.88 5823.53 -18.00
v -3705.88 5823.53 0.00
v -3176.47 5823.53 0.00
v -3705.88 5823.53 -18.00
v -3705.88 5294.12 -18.00
v -3705.88 5294.12 0.00
v -3705.88 5823.53 0.00
v -3705.88 6352.94 -18.00
v -3176.47 6352.94 -18.00
v -3176.47 5823.53 -18.00
v -3705.88 5823.53 -18.00
v -3705.88 5823.53 0.00
v -3176.47 5823.53 0.00
v -3176.47 6352.94 0.00
v -3705.88 6352.94 0.00
v -3705.88 5823.53 -18.00
v -3176.47 5823.53 -18.00
v -3176.47 5823.53 0.00
v -3705.88 5823.53 0.00
v -3176.47 5823.53 -18.00
v -3176.47 6352.94 -18.00
v -3176.47 6352.94 0.00
v -3176.47 5823.53 0.00
v -3176.47 6352.94 -18.00
v -3705.88 6352.94 -18.00
v -3705.88 6352.94 0.00
v -3176.47 6352.94 0.00
v -3705.88 6352.94 -18.00
v -3705.88 5823.53 -18.00
v -3705.88 5823.53 0.00
v -3705.88 6352.94 0.00
v -3705.88 6882.35 -18.00
v -3176.47 6882.35 -18.00
v -3176.47 6352.94 -18.00
v -3705.88 6352.94 -18.00
v -3705.88 6352.94 0.00
v -3176.47 6352.94 0.00
v -3176.47 6882.35 0.00
v -3705.88 6882.35 0.00
v -3705.88 6352.94 -18.00
v -3176.47 6352.94 -18.00
v -3176.47 6352.94 0.00
v -3705.88 6352.94 0.00
v -3176.47 6352.94 -18.00
v -3176.47 6882.35 -18.00
v -3176.47 6882.35 0.00
v -3176.47 6352.94 0.00
v -3176.47 6882.35 -18.00
v -3705.88 6882.35 -18.00
v -3705.88 6882.35 0.00
v -3176.47 6882.35 0.00
v -3705.88 6882.35 -18.00
v -3705.88 6352.94 -18.00
v -3705.88 6352.94 0.00
v -3705.88 6882.35 0.00
v -3705.88 7411.77 -18.00
v -3176.47 7411.77 -18.00
v -3176.47 6882.35 -18.00
v -3705.88 6882.35 -18.00
v -3705.88 6882.35 0.00
v -3176.47 6882.35 0.00
v -3176.47 7411.77 0.00
v -3705.88 7411.77 0.00
v -3705.88 6882.35 -18.00
v -3176.47 6882.35 -18.00
v -3176.47 6882.35 0.00
v -3705.88 6882.35 0.00
v -3176.47 6882.35 -18.00
v -3176.47 7411.77 -18.00
v -3176.47 7411.77 0.00
v -3176.47 6882.35 0.00
v -3176.47 7411.77 -18.00
v -3705.88 7411.77 -18.00
v -3705.88 7411.77 0.00
v -3176.47 7411.77 0.00
v -3705.88 7411.77 -18.00
v -3705.88 6882.35 -18.00
v -3705.88 6882.35 0.00
v -3705.88 7411.77 0.00
v -3705.88 7941.18 -18.00
v -3176.47 7941.18 -18.00
v -3176.47 7411.77 -18.00
v -3705.88 7411.77 -18.00
v -3705.88 7411.77 0.00
v -3176.47 7411.77 0.00
v -3176.47 7941.18 0.00
v -3705.88 7941.18 0.00
v -3705.88 7411.77 -18.00
v -3176.47 7411.77 -18.00
v -3176.47 7411.77 0.00
v -3705.88 7411.77 0.00
v -3176.47 7411.77 -18.00
v -3176.47 7941.18 -18.00
v -3176.47 7941.18 0.00
v -3176.47 7411.77 0.00
v -3176.47 7941.18 -18.00
v -3705.88 7941.18 -18.00
v -3705.88 7941.18 0.00
v -3176.47 7941.18 0.00
v -3705.88 7941.18 -18.00
v -3705.88 7411.77 -18.00
v -3705.88 7411.77 0.00
v -3705.88 7941.18 0.00
v -3705.88 8470.59 -18.00
v -3176.47 8470.59 -18.00
v -3176.47 7941.18 -18.00
v -3705.88 7941.18 -18.00
v -3705.88 7941.18 0.00
v -3176.47 7941.18 0.00
v -3176.47 8470.59 0.00
v -3705.88 8470.59 0.00
v -3705.88 7941.18 -18.00
v -3176.47 7941.18 -18.00
v -3176.47 7941.18 0.00
v -3705.88 7941.18 0.00
v -3176.47 7941.18 -18.00
v -3176.47 8470.59 -18.00
v -3176.47 8470.59 0.00
v -3176.47 7941.18 0.00
v -3176.47 8470.59 -18.00
v -3705.88 8470.59 -18.00
v -3705.88 8470.59 0.00
v -3176.47 8470.59 0.00
v -3705.88 8470.59 -18.00
v -3705.88 7941.18 -18.00
v -3705.88 7941.18 0.00
v -3705.88 8470.59 0.00
v -3705.88 9000.00 -18.00
v -3176.47 9000.00 -18.00
v -3176.47 8470.59 -18.00
v -3705.88 8470.59 -18.00
v -3705.88 8470.59 0.00
v -3176.47 8470.59 0.00
v -3176.47 9000.00 0.00
v -3705.88 9000.00 0.00
v -3705.88 8470.59 -18.00
v -3176.47 8470.59 -18.00
v -3176.47 8470.59 0.00
v -3705.88 8470.59 0.00
v -3176.47 8470.59 -18.00
v -3176.47 9000.00 -18.00
v -3176.47 9000.00 0.00
v -3176.47 8470.59 0.00
v -3176.47 9000.00 -18.00
v -3705.88 9000.00 -18.00
v -3705.88 9000.00 0.00
v -3176.47 9000.00 0.00
v -3705.88 9000.00 -18.00
v -3705.88 8470.59 -18.00
v -3705.88 8470.59 0.00
v -3705.88 9000.00 0.00
v -3176.47 5294.12 -18.00
v -2647.06 5294.12 -18.00
v -2647.06 4764.71 -18.00
v -3176.47 4764.71 -18.00
v -3176.47 4764.71 0.00
v -2647.06 4764.71 0.00
v -2647.06 5294.12 0.00
v -3176.47 5294.12 0.00
v -2647.06 4764.71 -18.00
v -2647.06 5294.12 -18.00
v -2647.06 5294.12 0.00
v -2647.06 4764.71 0.00
v -2647.06 5294.12 -18.00
v -3176.47 5294.12 -18.00
v -3176.47 5294.12 0.00
v -2647.06 5294.12 0.00
v -3176.47 5294.12 -18.00
v -3176.47 4764.71 -18.00
v -3176.47 4764.71 0.00
v -3176.47 5294.12 0.00
v -3176.47 5823.53 -18.00
v -2647.06 5823.53 -18.00
v -2647.06 5294.12 -18.00
v -3176.47 5294.12 -18.00
v -3176.47 5294.12 0.00
v -2647.06 5294.12 0.00
v -2647.06 5823.53 0.00
v -3176.47 5823.53 0.00
v -3176.47 5294.12 -18.00
v -2647.06 5294.12 -18.00
v -2647.06 5294.12 0.00
v -3176.47 5294.12 0.00
v -2647.06 5294.12 -18.00
v -2647.06 5823.53 -18.00
v -2647.06 5823.53 0.00
v -2647.06 5294.12 0.00
v -2647.06 5823.53 -18.00
v -3176.47 5823.53 -18.00
v -3176.47 5823.53 0.00
v -2647.06 5823.53 0.00
v -3176.47 5823.53 -18.00
v -3176.47 5294.12 -18.00
v -3176.47 5294.12 0.00
v -3176.47 5823.53 0.00
v -3176.47 6352.94 -18.00
v -2647.06 6352.94 -18.00
v -2647.06 5823.53 -18.00
v -3176.47 5823.53 -18.00
v -3176.47 5823.53 0.00
v -2647.06 5823.53 0.00
v -2647.06 6352.94 0.00
v -3176.47 6352.94 0.00
v -3176.47 5823.53 -18.00
v -2647.06 5823.53 -18.00
v -2647.06 5823.53 0.00
v -3176.47 5823.53 0.00
v -2647.06 5823.53 -18.00
v -2647.06 6352.94 -18.00
v -2647.06 6352.94 0.00
v -2647.06 5823.53 0.00
v -2647.06 6352.94 -18.00
v -3176.47 6352.94 -18.00
v -3176.47 6352.94 0.00
v -2647.06 6352.94 0.00
v -3176.47 6352.94 -18.00
v -3176.47 5823.53 -18.00
v -3176.47 5823.53 0.00
v -3176.47 6352.94 0.00
v -3176.47 6882.35 -18.00
v -2647.06 6882.35 -18.00
v -2647.06 6352.94 -18.00
v -3176.47 6352.94 -18.00
v -3176.47 6352.94 0.00
v -2647.06 6352.94 0.00
v -2647.06 6882.35 0.00
v -3176.47 6882.35 0.00
v -3176.47 6352.94 -18.00
v -2647.06 6352.94 -18.00
v -2647.06 6352.94 0.00
v -3176.47 6352.94 0.00
v -2647.06 6352.94 -18.00
v -2647.06 6882.35 -18.00
v -2647.06 6882.35 0.00
v -2647.06 6352.94 0.00
v -2647.06 6882.35 -18.00
v -3176.47 6882.35 -18.00
v -3176.47 6882.35 0.00
v -2647.06 6882.35 0.00
v -3176.47 6882.35 -18.00
v -3176.47 6352.94 -18.00
v -3176.47 6352.94 0.00
v -3176.47 6882.35 0.00
v -3176.47 7411.77 -18.00
v -2647.06 7411.77 -18.00
v -2647.06 6882.35 -18.00
v -3176.47 6882.35 -18.00
v -3176.47 6882.35 0.00
v -2647.06 6882.35 0.00
v -2647.06 7411.77 0.00
v -3176.47 7411.77 0.00
v -3176.47 6882.35 -18.00
v -2647.06 6882.35 -18.00
v -2647.06 6882.35 0.00
v -3176.47 6882.35 0.00
v -2647.06 6882.35 -18.00
v -2647.06 7411.77 -18.00
v -2647.06 7411.77 0.00
v -2647.06 6882.35 0.00
v -2647.06 7411.77 -18.00
v -3176.47 7411.77 -18.00
v -3176.47 7411.77 0.00
v -2647.06 7411.77 0.00
v -3176.47 7411.77 -18.00
v -3176.47 6882.35 -18.00
v -3176.47 6882.35 0.00
v -3176.47 7411.77 0.00
v -3176.47 7941.18 -18.00
v -2647.06 7941.18 -18.00
v -2647.06 7411.77 -18.00
v -3176.47 7411.77 -18.00
v -3176.47 7411.77 0.00
v -2647.06 7411.77 0.00
v -2647.06 7941.18 0.00
v -3176.47 7941.18 0.00
v -3176.47 7411.77 -18.00
v -2647.06 7411.77 -18.00
v -2647.06 7411.77 0.00
v -3176.47 7411.77 0.00
v -2647.06 7411.77 -18.00
v -2647.06 7941.18 -18.00
v -2647.06 7941.18 0.00
v -2647.06 7411.77 0.00
v -2647.06 7941.18 -18.00
v -3176.47 7941.18 -18.00
v -3176.47 7941.18 0.00
v -2647.06 7941.18 0.00
v -3176.47 7941.18 -18.00
v -3176.47 7411.77 -18.00
v -3176.47 7411.77 0.00
v -3176.47 7941.18 0.00
v -3176.47 8470.59 -18.00
v -2647.06 8470.59 -18.00
v -2647.06 7941.18 -18.00
v -3176.47 7941.18 -18.00
v -3176.47 7941.18 0.00
v -2647.06 7941.18 0.00
v -2647.06 8470.59 0.00
v -3176.47 8470.59 0.00
v -3176.47 7941.18 -18.00
v -2647.06 7941.18 -18.00
v -2647.06 7941.18 0.00
v -3176.47 7941.18 0.00
v -2647.06 7941.18 -18.00
v -2647.06 8470.59 -18.00
v -2647.06 8470.59 0.00
v -2647.06 7941.18 0.00
v -2647.06 8470.59 -18.00
v -3176.47 8470.59 -18.00
v -3176.47 8470.59 0.00
v -2647.06 8470.59 0.00
v -3176.47 8470.59 -18.00
v -3176.47 7941.18 -18.00
v -3176.47 7941.18 0.00
v -3176.47 8470.59 0.00
v -3176.47 9000.00 -18.00
v -2647.06 9000.00 -18.00
v -2647.06 8470.59 -18.00
v -3176.47 8470.59 -18.00
v -3176.47 8470.59 0.00
v -2647.06 8470.59 0.00
v -2647.06 9000.00 0.00
v -3176.47 9000.00 0.00
v -3176.47 8470.59 -18.00
v -2647.06 8470.59 -18.00
v -2647.06 8470.59 0.00
v -3176.47 8470.59 0.00
v -2647.06 8470.59 -18.00
v -2647.06 9000.00 -18.00
v -2647.06 9000.00 0.00
v -2647.06 8470.59 0.00
v -2647.06 9000.00 -18.00
v -3176.47 9000.00 -18.00
v -3176.47 9000.00 0.00
v -2647.06 9000.00 0.00
v -3176.47 9000.00 -18.00
v -3176.47 8470.59 -18.00
v -3176.47 8470.59 0.00
v -3176.47 9000.00 0.00
v -2647.06 5294.12 -18.00
v -2117.65 5294.12 -18.00
v -2117.65 4764.71 -18.00
v -2647.06 4764.71 -18.00
v -2647.06 4764.71 0.00
v -2117.65 4764.71 0.00
v -2117.65 5294.12 0.00
v -2647.06 5294.12 0.00
v -2117.65 4764.71 -18.00
v -2117.65 5294.12 -18.00
v -2117.65 5294.12 0.00
v -2117.65 4764.71 0.00
v -2117.65 5294.12 -18.00
v -2647.06 5294.12 -18.00
v -2647.06 5294.12 0.00
v -2117.65 5294.12 0.00
v -2647.06 5294.12 -18.00
v -2647.06 4764.71 -18.00
v -2647.06 4764.71 0.00
v -2647.06 5294.12 0.00
v -2647.06 5823.53 -18.00
v -2117.65 5823.53 -18.00
v -2117.65 5294.12 -18.00
v -2647.06 5294.12 -18.00
v -2647.06 5294.12 0.00
v -2117.65 5294.12 0.00
v -2117.65 5823.53 0.00
v -2647.06 5823.53 0.00
v -2647.06 5294.12 -18.00
v -2117.65 5294.12 -18.00
v -2117.65 5294.12 0.00
v -2647.06 5294.12 0.00
v -2117.65 5294.12 -18.00
v -2117.65 5823.53 -18.00
v -2117.65 5823.53 0.00
v -2117.65 5294.12 0.00
v -2117.65 5823.53 -18.00
v -2647.06 5823.53 -18.00
v -2647.06 5823.53 0.00
v -2117.65 5823.53 0.00
v -2647.06 5823.53 -18.00
v -2647.06 5294.12 -18.00
v -2647.06 5294.12 0.00
v -2647.06 5823.53 0.00
v -2647.06 6352.94 -18.00
v -2117.65 6352.94 -18.00
v -2117.65 5823.53 -18.00
v -2647.06 5823.53 -18.00
v -2647.06 5823.53 0.00
v -2117.65 5823.53 0.00
v -2117.65 6352.94 0.00
v -2647.06 6352.94 0.00
v -2647.06 5823.53 -18.00
v -2117.65 5823.53 -18.00
v -2117.65 5823.53 0.00
v -2647.06 5823.53 0.00
v -2117.65 5823.53 -18.00
v -2117.65 6352.94 -18.00
v -2117.65 6352.94 0.00
v -2117.65 5823.53 0.00
v -2117.65 6352.94 -18.00
v -2647.06 6352.94 -18.00
v -2647.06 6352.94 0.00
v -2117.65 6352.94 0.00
v -2647.06 6352.94 -18.00
v -2647.06 5823.53 -18.00
v -2647.06 5823.53 0.00
v -2647.06 6352.94 0.00
v -2647.06 6882.35 -18.00
v -2117.65 6882.35 -18.00
v -2117.65 6352.94 -18.00
v -2647.06 6352.94 -18.00
v -2647.06 6352.94 0.00
v -2117.65 6352.94 0.00
v -2117.65 6882.35 0.00
v -2647.06 6882.35 0.00
v -2647.06 6352.94 -18.00
v -2117.65 6352.94 -18.00
v -2117.65 6352.94 0.00
v -2647.06 6352.94 0.00
v -2117.65 6352.94 -18.00
v -2117.65 6882.35 -18.00
v -2117.65 6882.35 0.00
v -2117.65 6352.94 0.00
v -2117.65 6882.35 -18.00
v -2647.06 6882.35 -18.00
v -2647.06 6882.35 0.00
v -2117.65 6882.35 0.00
v -2647.06 6882.35 -18.00
v -2647.06 6352.94 -18.00
v -2647.06 6352.94 0.00
v -2647.06 6882.35 0.00
v -2647.06 7411.77 -18.00
v -2117.65 7411.77 -18.00
v -2117.65 6882.35 -18.00
v -2647.06 6882.35 -18.00
v -2647.06 6882.35 0.00
v -2117.65 6882.35 0.00
v -2117.65 7411.77 0.00
v -2647.06 7411.77 0.00
v -2647.06 6882.35 -18.00
v -2117.65 6882.35 -18.00
v -2117.65 6882.35 0.00
v -2647.06 6882.35 0.00
v -2117.65 6882.35 -18.00
v -2117.65 7411.77 -18.00
v -2117.65 7411.77 0.00
v -2117.65 6882.35 0.00
v -2117.65 7411.77 -18.00
v -2647.06 7411.77 -18.00
v -2647.06 7411.77 0.00
v -2117.65 7411.77 0.00
v -2647.06 7411.77 -18.00
v -2647.06 6882.35 -18.00
v -2647.06 6882.35 0.00
v -2647.06 7411.77 0.00
v -2647.06 7941.18 -18.00
v -2117.65 7941.18 -18.00
v -2117.65 7411.77 -18.00
v -2647.06 7411.77 -18.00
v -2647.06 7411.77 0.00
v -2117.65 7411.77 0.00
v -2117.65 7941.18 0.00
v -2647.06 7941.18 0.00
v -2647.06 7411.77 -18.00
v -2117.65 7411.77 -18.00
v -2117.65 7411.77 0.00
v -2647.06 7411.77 0.00
v -2117.65 7411.77 -18.00
v -2117.65 7941.18 -18.00
v -2117.65 7941.18 0.00
v -2117.65 7411.77 0.00
v -2117.65 7941.18 -18.00
v -2647.06 7941.18 -18.00
v -2647.06 7941.18 0.00
v -2117.65 7941.18 0.00
v -2647.06 7941.18 -18.00
v -2647.06 7411.77 -18.00
v -2647.06 7411.77 0.00
v -2647.06 7941.18 0.00
v -2647.06 8470.59 -18.00
v -2117.65 8470.59 -18.00
v -2117.65 7941.18 -18.00
v -2647.06 7941.18 -18.00
v -2647.06 7941.18 0.00
v -2117.65 7941.18 0.00
v -2117.65 8470.59 0.00
v -2647.06 8470.59 0.00
v -2647.06 7941.18 -18.00
v -2117.65 7941.18 -18.00
v -2117.65 7941.18 0.00
v -2647.06 7941.18 0.00
v -2117.65 7941.18 -18.00
v -2117.65 8470.59 -18.00
v -2117.65 8470.59 0.00
v -2117.65 7941.18 0.00
v -2117.65 8470.59 -18.00
v -2647.06 8470.59 -18.00
v -2647.06 8470.59 0.00
v -2117.65 8470.59 0.00
v -2647.06 8470.59 -18.00
v -2647.06 7941.18 -18.00
v -2647.06 7941.18 0.00
v -2647.06 8470.59 0.00
v -2647.06 9000.00 -18.00
v -2117.65 9000.00 -18.00
v -2117.65 8470.59 -18.00
v -2647.06 8470.59 -18.00
v -2647.06 8470.59 0.00
v -2117.65 8470.59 0.00
v -2117.65 9000.00 0.00
v -2647.06 9000.00 0.00
v -2647.06 8470.59 -18.00
v -2117.65 8470.59 -18.00
v -2117.65 8470.59 0.00
v -2647.06 8470.59 0.00
v -2117.65 8470.59 -18.00
v -2117.65 9000.00 -18.00
v -2117.65 9000.00 0.00
v -2117.65 8470.59 0.00
v -2117.65 9000.00 -18.00
v -2647.06 9000.00 -18.00
v -2647.06 9000.00 0.00
v -2117.65 9000.00 0.00
v -2647.06 9000.00 -18.00
v -2647.06 8470.59 -18.00
v -2647.06 8470.59 0.00
v -2647.06 9000.00 0.00
v -2117.65 5294.12 -18.00
v -1588.23 5294.12 -18.00
v -1588.23 4764.71 -18.00
v -2117.65 4764.71 -18.00
v -2117.65 4764.71 0.00
v -1588.23 4764.71 0.00
v -1588.23 5294.12 0.00
v -2117.65 5294.12 0.00
v -1588.23 4764.71 -18.00
v -1588.23 5294.12 -18.00
v -1588.23 5294.12 0.00
v -1588.23 4764.71 0.00
v -1588.23 5294.12 -18.00
v -2117.65 5294.12 -18.00
v -2117.65 5294.12 0.00
v -1588.23 5294.12 0.00
v -2117.65 5294.12 -18.00
v -2117.65 4764.71 -18.00
v -2117.65 4764.71 0.00
v -2117.65 5294.12 0.00
v -2117.65 5823.53 -18.00
v -1588.23 5823.53 -18.00
v -1588.23 5294.12 -18.00
v -2117.65 5294.12 -18.00
v -2117.65 5294.12 0.00
v -1588.23 5294.12 0.00
v -1588.23 5823.53 0.00
v -2117.65 5823.53 0.00
v -2117.65 5294.12 -18.00
v -1588.23 5294.12 -18.00
v -1588.23 5294.12 0.00
v -2117.65 5294.12 0.00
v -1588.23 5294.12 -18.00
v -1588.23 5823.53 -18.00
v -1588.23 5823.53 0.00
v -1588.23 5294.12 0.00
v -1588.23 5823.53 -18.00
v -2117.65 5823.53 -18.00
v -2117.65 5823.53 0.00
v -1588.23 5823.53 0.00
v -2117.65 5823.53 -18.00
v -2117.65 5294.12 -18.00
v -2117.65 5294.12 0.00
v -2117.65 5823.53 0.00
v -2117.65 6352.94 -18.00
v -1588.23 6352.94 -18.00
v -1588.23 5823.53 -18.00
v -2117.65 5823.53 -18.00
v -2117.65 5823.53 0.00
v -1588.23 5823.53 0.00
v -1588.23 6352.94 0.00
v -2117.65 6352.94 0.00
v -2117.65 5823.53 -18.00
v -1588.23 5823.53 -18.00
v -1588.23 5823.53 0.00
v -2117.65 5823.53 0.00
v -1588.23 5823.53 -18.00
v -1588.23 6352.94 -18.00
v -1588.23 6352.94 0.00
v -1588.23 5823.53 0.00
v -1588.23 6352.94 -18.00
v -2117.65 6352.94 -18.00
v -2117.65 6352.94 0.00
v -1588.23 6352.94 0.00
v -2117.65 6352.94 -18.00
v -2117.65 5823.53 -18.00
v -2117.65 5823.53 0.00
v -2117.65 6352.94 0.00
v -2117.65 6882.35 -18.00
v -1588.23 6882.35 -18.00
v -1588.23 6352.94 -18.00
v -2117.65 6352.94 -18.00
v -2117.65 6352.94 0.00
v -1588.23 6352.94 0.00
v -1588.23 6882.35 0.00
v -2117.65 6882.35 0.00
v -2117.65 6352.94 -18.00
v -1588.23 6352.94 -18.00
v -1588.23 6352.94 0.00
v -2117.65 6352.94 0.00
v -1588.23 6352.94 -18.00
v -1588.23 6882.35 -18.00
v -1588.23 6882.35 0.00
v -1588.23 6352.94 0.00
v -1588.23 6882.35 -18.00
v -2117.65 6882.35 -18.00
v -2117.65 6882.35 0.00
v -1588.23 6882.35 0.00
v -2117.65 6882.35 -18.00
v -2117.65 6352.94 -18.00
v -2117.65 6352.94 0.00
v -2117.65 6882.35 0.00
v -2117.65 7411.77 -18.00
v -1588.23 7411.77 -18.00
v -1588.23 6882.35 -18.00
v -2117.65 6882.35 -18.00
v -2117.65 6882.35 0.00
v -1588.23 6882.35 0.00
v -1588.23 7411.77 0.00
v -2117.65 7411.77 0.00
v -2117.65 6882.35 -18.00
v -1588.23 6882.35 -18.00
v -1588.23 6882.35 0.00
v -2117.65 6882.35 0.00
v -1588.23 6882.35 -18.00
v -1588.23 7411.77 -18.00
v -1588.23 7411.77 0.00
v -1588.23 6882.35 0.00
v -1588.23 7411.77 -18.00
v -2117.65 7411.77 -18.00
v -2117.65 7411.77 0.00
v -1588.23 7411.77 0.00
v -2117.65 7411.77 -18.00
v -2117.65 6882.35 -18.00
v -2117.65 6882.35 0.00
v -2117.65 7411.77 0.00
v -2117.65 7941.18 -18.00
v -1588.23 7941.18 -18.00
v -1588.23 7411.77 -18.00
v -2117.65 7411.77 -18.00
v -2117.65 7411.77 0.00
v -1588.23 7411.77 0.00
v -1588.23 7941.18 0.00
v -2117.65 7941.18 0.00
v -2117.65 7411.77 -18.00
v -1588.23 7411.77 -18.00
v -1588.23 7411.77 0.00
v -2117.65 7411.77 0.00
v -1588.23 7411.77 -18.00
v -1588.23 7941.18 -18.00
v -1588.23 7941.18 0.00
v -1588.23 7411.77 0.00
v -1588.23 7941.18 -18.00
v -2117.65 7941.18 -18.00
v -2117.65 7941.18 0.00
v -1588.23 7941.18 0.00
v -2117.65 7941.18 -18.00
v -2117.65 7411.77 -18.00
v -2117.65 7411.77 0.00
v -2117.65 7941.18 0.00
v -2117.65 8470.59 -18.00
v -1588.23 8470.59 -18.00
v -1588.23 7941.18 -18.00
v -2117.65 7941.18 -18.00
v -2117.65 7941.18 0.00
v -1588.23 7941.18 0.00
v -1588.23 8470.59 0.00
v -2117.65 8470.59 0.00
v -2117.65 7941.18 -18.00
v -1588.23 7941.18 -18.00
v -1588.23 7941.18 0.00
v -2117.65 7941.18 0.00
v -1588.23 7941.18 -18.00
v -1588.23 8470.59 -18.00
v -1588.23 8470.59 0.00
v -1588.23 7941.18 0.00
v -1588.23 8470.59 -18.00
v -2117.65 8470.59 -18.00
v -2117.65 8470.59 0.00
v -1588.23 8470.59 0.00
v -2117.65 8470.59 -18.00
v -2117.65 7941.18 -18.00
v -2117.65 7941.18 0.00
v -2117.65 8470.59 0.00
v -2117.65 9000.00 -18.00
v -1588.23 9000.00 -18.00
v -1588.23 8470.59 -18.00
v -2117.65 8470.59 -18.00
v -2117.65 8470.59 0.00
v -1588.23 8470.59 0.00
v -1588.23 9000.00 0.00
v -2117.65 9000.00 0.00
v -2117.65 8470.59 -18.00
v -1588.23 8470.59 -18.00
v -1588.23 8470.59 0.00
v -2117.65 8470.59 0.00
v -1588.23 8470.59 -18.00
v -1588.23 9000.00 -18.00
v -1588.23 9000.00 0.00
v -1588.23 8470.59 0.00
v -1588.23 9000.00 -18.00
v -2117.65 9000.00 -18.00
v -2117.65 9000.00 0.00
v -1588.23 9000.00 0.00
v -2117.65 9000.00 -18.00
v -2117.65 8470.59 -18.00
v -2117.65 8470.59 0.00
v -2117.65 9000.00 0.00
v -1588.23 5294.12 -18.00
v -1058.82 5294.12 -18.00
v -1058.82 4764.71 -18.00
v -1588.23 4764.71 -18.00
v -1588.23 4764.71 0.00
v -1058.82 4764.71 0.00
v -1058.82 5294.12 0.00
v -1588.23 5294.12 0.00
v -1058.82 4764.71 -18.00
v -1058.82 5294.12 -18.00
v -1058.82 5294.12 0.00
v -1058.82 4764.71 0.00
v -1058.82 5294.12 -18.00
v -1588.23 5294.12 -18.00
v -1588.23 5294.12 0.00
v -1058.82 5294.12 0.00
v -1588.23 5294.12 -18.00
v -1588.23 4764.71 -18.00
v -1588.23 4764.71 0.00
v -1588.23 5294.12 0.00
v -1588.23 5823.53 -18.00
v -1058.82 5823.53 -18.00
v -1058.82 5294.12 -18.00
v -1588.23 5294.12 -18.00
v -1588.23 5294.12 0.00
v -1058.82 5294.12 0.00
v -1058.82 5823.53 0.00
v -1588.23 5823.53 0.00
v -1588.23 5294.12 -18.00
v -1058.82 5294.12 -18.00
v -1058.82 5294.12 0.00
v -1588.23 5294.12 0.00
v -1058.82 5294.12 -18.00
v -1058.82 5823.53 -18.00
v -1058.82 5823.53 0.00
v -1058.82 5294.12 0.00
v -1058.82 5823.53 -18.00
v -1588.23 5823.53 -18.00
v -1588.23 5823.53 0.00
v -1058.82 5823.53 0.00
v -1588.23 5823.53 -18.00
v -1588.23 5294.12 -18.00
v -1588.23 5294.12 0.00
v -1588.23 5823.53 0.00
v -1588.23 6352.94 -18.00
v -1058.82 6352.94 -18.00
v -1058.82 5823.53 -18.00
v -1588.23 5823.53 -18.00
v -1588.23 5823.53 0.00
v -1058.82 5823.53 0.00
v -1058.82 6352.94 0.00
v -1588.23 6352.94 0.00
v -1588.23 5823.53 -18.00
v -1058.82 5823.53 -18.00
v -1058.82 5823.53 0.00
v -1588.23 5823.53 0.00
v -1058.82 5823.53 -18.00
v -1058.82 6352.94 -18.00
v -1058.82 6352.94 0.00
v -1058.82 5823.53 0.00
v -1058.82 6352.94 -18.00
v -1588.23 6352.94 -18.00
v -1588.23 6352.94 0.00
v -1058.82 6352.94 0.00
v -1588.23 6352.94 -18.00
v -1588.23 5823.53 -18.00
v -1588.23 5823.53 0.00
v -1588.23 6352.94 0.00
v -1588.23 6882.35 -18.00
v -1058.82 6882.35 -18.00
v -1058.82 6352.94 -18.00
v -1588.23 6352.94 -18.00
v -1588.23 6352.94 0.00
v -1058.82 6352.94 0.00
v -1058.82 6882.35 0.00
v -1588.23 6882.35 0.00
v -1588.23 6352.94 -18.00
v -1058.82 6352.94 -18.00
v -1058.82 6352.94 0.00
v -1588.23 6352.94 0.00
v -1058.82 6352.94 -18.00
v -1058.82 6882.35 -18.00
v -1058.82 6882.35 0.00
v -1058.82 6352.94 0.00
v -1058.82 6882.35 -18.00
v -1588.23 6882.35 -18.00
v -1588.23 6882.35 0.00
v -1058.82 6882.35 0.00
v -1588.23 6882.35 -18.00
v -1588.23 6352.94 -18.00
v -1588.23 6352.94 0.00
v -1588.23 6882.35 0.00
v -1588.23 7411.77 -18.00
v -1058.82 7411.77 -18.00
v -1058.82 6882.35 -18.00
v -1588.23 6882.35 -18.00
v -1588.23 6882.35 0.00
v -1058.82 6882.35 0.00
v -1058.82 7411.77 0.00
v -1588.23 7411.77 0.00
v -1588.23 6882.35 -18.00
v -1058.82 6882.35 -18.00
v -1058.82 6882.35 0.00
v -1588.23 6882.35 0.00
v -1058.82 6882.35 -18.00
v -1058.82 7411.77 -18.00
v -1058.82 7411.77 0.00
v -1058.82 6882.35 0.00
v -1058.82 7411.77 -18.00
v -1588.23 7411.77 -18.00
v -1588.23 7411.77 0.00
v -1058.82 7411.77 0.00
v -1588.23 7411.77 -18.00
v -1588.23 6882.35 -18.00
v -1588.23 6882.35 0.00
v -1588.23 7411.77 0.00
v -1588.23 7941.18 -18.00
v -1058.82 7941.18 -18.00
v -1058.82 7411.77 -18.00
v -1588.23 7411.77 -18.00
v -1588.23 7411.77 0.00
v -1058.82 7411.77 0.00
v -1058.82 7941.18 0.00
v -1588.23 7941.18 0.00
v -1588.23 7411.77 -18.00
v -1058.82 7411.77 -18.00
v -1058.82 7411.77 0.00
v -1588.23 7411.77 0.00
v -1058.82 7411.77 -18.00
v -1058.82 7941.18 -18.00
v -1058.82 7941.18 0.00
v -1058.82 7411.77 0.00
v -1058.82 7941.18 -18.00
v -1588.23 7941.18 -18.00
v -1588.23 7941.18 0.00
v -1058.82 7941.18 0.00
v -1588.23 7941.18 -18.00
v -1588.23 7411.77 -18.00
v -1588.23 7411.77 0.00
v -1588.23 7941.18 0.00
v -1588.23 8470.59 -18.00
v -1058.82 8470.59 -18.00
v -1058.82 7941.18 -18.00
v -1588.23 7941.18 -18.00
v -1588.23 7941.18 0.00
v -1058.82 7941.18 0.00
v -1058.82 8470.59 0.00
v -1588.23 8470.59 0.00
v -1588.23 7941.18 -18.00
v -1058.82 7941.18 -18.00
v -1058.82 7941.18 0.00
v -1588.23 7941.18 0.00
v -1058.82 7941.18 -18.00
v -1058.82 8470.59 -18.00
v -1058.82 8470.59 0.00
v -1058.82 7941.18 0.00
v -1058.82 8470.59 -18.00
v -1588.23 8470.59 -18.00
v -1588.23 8470.59 0.00
v -1058.82 8470.59 0.00
v -1588.23 8470.59 -18.00
v -1588.23 7941.18 -18.00
v -1588.23 7941.18 0.00
v -1588.23 8470.59 0.00
v -1588.23 9000.00 -18.00
v -1058.82 9000.00 -18.00
v -1058.82 8470.59 -18.00
v -1588.23 8470.59 -18.00
v -1588.23 8470.59 0.00
v -1058.82 8470.59 0.00
v -1058.82 9000.00 0.00
v -1588.23 9000.00 0.00
v -1588.23 8470.59 -18.00
v -1058.82 8470.59 -18.00
v -1058.82 8470.59 0.00
v -1588.23 8470.59 0.00
v -1058.82 8470.59 -18.00
v -1058.82 9000.00 -18.00
v -1058.82 9000.00 0.00
v -1058.82 8470.59 0.00
v -1058.82 9000.00 -18.00
v -1588.23 9000.00 -18.00
v -1588.23 9000.00 0.00
v -1058.82 9000.00 0.00
v -1588.23 9000.00 -18.00
v -1588.23 8470.59 -18.00
v -1588.23 8470.59 0.00
v -1588.23 9000.00 0.00
v -1058.82 5294.12 -18.00
v -529.41 5294.12 -18.00
v -529.41 4764.71 -18.00
v -1058.82 4764.71 -18.00
v -1058.82 4764.71 0.00
v -529.41 4764.71 0.00
v -529.41 5294.12 0.00
v -1058.82 5294.12 0.00
v -529.41 4764.71 -18.00
v -529.41 5294.12 -18.00
v -529.41 5294.12 0.00
v -529.41 4764.71 0.00
v -529.41 5294.12 -18.00
v -1058.82 5294.12 -18.00
v -1058.82 5294.12 0.00
v -529.41 5294.12 0.00
v -1058.82 5294.12 -18.00
v -1058.82 4764.71 -18.00
v -1058.82 4764.71 0.00
v -1058.82 5294.12 0.00
v -1058.82 5823.53 -18.00
v -529.41 5823.53 -18.00
v -529.41 5294.12 -18.00
v -1058.82 5294.12 -18.00
v -1058.82 5294.12 0.00
v -529.41 5294.12 0.00
v -529.41 5823.53 0.00
v -1058.82 5823.53 0.00
v -1058.82 5294.12 -18.00
v -529.41 5294.12 -18.00
v -529.41 5294.12 0.00
v -1058.82 5294.12 0.00
v -529.41 5294.12 -18.00
v -529.41 5823.53 -18.00
v -529.41 5823.53 0.00
v -529.41 5294.12 0.00
v -529.41 5823.53 -18.00
v -1058.82 5823.53 -18.00
v -1058.82 5823.53 0.00
v -529.41 5823.53 0.00
v -1058.82 5823.53 -18.00
v -1058.82 5294.12 -18.00
v -1058.82 5294.12 0.00
v -1058.82 5823.53 0.00
v -1058.82 6352.94 -18.00
v -529.41 6352.94 -18.00
v -529.41 5823.53 -18.00
v -1058.82 5823.53 -18.00
v -1058.82 5823.53 0.00
v -529.41 5823.53 0.00
v -529.41 6352.94 0.00
v -1058.82 6352.94 0.00
v -1058.82 5823.53 -18.00
v -529.41 5823.53 -18.00
v -529.41 5823.53 0.00
v -1058.82 5823.53 0.00
v -529.41 5823.53 -18.00
v -529.41 6352.94 -18.00
v -529.41 6352.94 0.00
v -529.41 5823.53 0.00
v -529.41 6352.94 -18.00
v -1058.82 6352.94 -18.00
v -1058.82 6352.94 0.00
v -529.41 6352.94 0.00
v -1058.82 6352.94 -18.00
v -1058.82 5823.53 -18.00
v -1058.82 5823.53 0.00
v -1058.82 6352.94 0.00
v -1058.82 6882.35 -18.00
v -529.41 6882.35 -18.00
v -529.41 6352.94 -18.00
v -1058.82 6352.94 -18.00
v -1058.82 6352.94 0.00
v -529.41 6352.94 0.00
v -529.41 6882.35 0.00
v -1058.82 6882.35 0.00
v -1058.82 6352.94 -18.00
v -529.41 6352.94 -18.00
v -529.41 6352.94 0.00
v -1058.82 6352.94 0.00
v -529.41 6352.94 -18.00
v -529.41 6882.35 -18.00
v -529.41 6882.35 0.00
v -529.41 6352.94 0.00
v -529.41 6882.35 -18.00
v -1058.82 6882.35 -18.00
v -1058.82 6882.35 0.00
v -529.41 6882.35 0.00
v -1058.82 6882.35 -18.00
v -1058.82 6352.94 -18.00
v -1058.82 6352.94 0.00
v -1058.82 6882.35 0.00
v -1058.82 7411.77 -18.00
v -529.41 7411.77 -18.00
v -529.41 6882.35 -18.00
v -1058.82 6882.35 -18.00
v -1058.82 6882.35 0.00
v -529.41 6882.35 0.00
v -529.41 7411.77 0.00
v -1058.82 7411.77 0.00
v -1058.82 6882.35 -18.00
v -529.41 6882.35 -18.00
v -529.41 6882.35 0.00
v -1058.82 6882.35 0.00
v -529.41 6882.35 -18.00
v -529.41 7411.77 -18.00
v -529.41 7411.77 0.00
v -529.41 6882.35 0.00
v -529.41 7411.77 -18.00
v -1058.82 7411.77 -18.00
v -1058.82 7411.77 0.00
v -529.41 7411.77 0.00
v -1058.82 7411.77 -18.00
v -1058.82 6882.35 -18.00
v -1058.82 6882.35 0.00
v -1058.82 7411.77 0.00
v -1058.82 7941.18 -18.00
v -529.41 7941.18 -18.00
v -529.41 7411.77 -18.00
v -1058.82 7411.77 -18.00
v -1058.82 7411.77 0.00
v -529.41 7411.77 0.00
v -529.41 7941.18 0.00
v -1058.82 7941.18 0.00
v -1058.82 7411.77 -18.00
v -529.41 7411.77 -18.00
v -529.41 7411.77 0.00
v -1058.82 7411.77 0.00
v -529.41 7411.77 -18.00
v -529.41 7941.18 -18.00
v -529.41 7941.18 0.00
v -529.41 7411.77 0.00
v -529.41 7941.18 -18.00
v -1058.82 7941.18 -18.00
v -1058.82 7941.18 0.00
v -529.41 7941.18 0.00
v -1058.82 7941.18 -18.00
v -1058.82 7411.77 -18.00
v -1058.82 7411.77 0.00
v -1058.82 7941.18 0.00
v -1058.82 8470.59 -18.00
v -529.41 8470.59 -18.00
v -529.41 7941.18 -18.00
v -1058.82 7941.18 -18.00
v -1058.82 7941.18 0.00
v -529.41 7941.18 0.00
v -529.41 8470.59 0.00
v -1058.82 8470.59 0.00
v -1058.82 7941.18 -18.00
v -529.41 7941.18 -18.00
v -529.41 7941.18 0.00
v -1058.82 7941.18 0.00
v -529.41 7941.18 -18.00
v -529.41 8470.59 -18.00
v -529.41 8470.59 0.00
v -529.41 7941.18 0.00
v -529.41 8470.59 -18.00
v -1058.82 8470.59 -18.00
v -1058.82 8470.59 0.00
v -529.41 8470.59 0.00
v -1058.82 8470.59 -18.00
v -1058.82 7941.18 -18.00
v -1058.82 7941.18 0.00
v -1058.82 8470.59 0.00
v -1058.82 9000.00 -18.00
v -529.41 9000.00 -18.00
v -529.41 8470.59 -18.00
v -1058.82 8470.59 -18.00
v -1058.82 8470.59 0.00
v -529.41 8470.59 0.00
v -529.41 9000.00 0.00
v -1058.82 9000.00 0.00
v -1058.82 8470.59 -18.00
v -529.41 8470.59 -18.00
v -529.41 8470.59 0.00
v -1058.82 8470.59 0.00
v -529.41 8470.59 -18.00
v -529.41 9000.00 -18.00
v -529.41 9000.00 0.00
v -529.41 8470.59 0.00
v -529.41 9000.00 -18.00
v -1058.82 9000.00 -18.00
v -1058.82 9000.00 0.00
v -529.41 9000.00 0.00
v -1058.82 9000.00 -18.00
v -1058.82 8470.59 -18.00
v -1058.82 8470.59 0.00
v -1058.82 9000.00 0.00
v -529.41 5294.12 -18.00
v -0.00 5294.12 -18.00
v -0.00 4764.71 -18.00
v -529.41 4764.71 -18.00
v -529.41 4764.71 0.00
v -0.00 4764.71 0.00
v -0.00 5294.12 0.00
v -529.41 5294.12 0.00
v -0.00 4764.71 -18.00
v -0.00 5294.12 -18.00
v -0.00 5294.12 0.00
v -0.00 4764.71 0.00
v -0.00 5294.12 -18.00
v -529.41 5294.12 -18.00
v -529.41 5294.12 0.00
v -0.00 5294.12 0.00
v -529.41 5294.12 -18.00
v -529.41 4764.71 -18.00
v -529.41 4764.71 0.00
v -529.41 5294.12 0.00
v -529.41 5823.53 -18.00
v -0.00 5823.53 -18.00
v -0.00 5294.12 -18.00
v -529.41 5294.12 -18.00
v -529.41 5294.12 0.00
v -0.00 5294.12 0.00
v -0.00 5823.53 0.00
v -529.41 5823.53 0.00
v -529.41 5294.12 -18.00
v -0.00 5294.12 -18.00
v -0.00 5294.12 0.00
v -529.41 5294.12 0.00
v -0.00 5294.12 -18.00
v -0.00 5823.53 -18.00
v -0.00 5823.53 0.00
v -0.00 5294.12 0.00
v -0.00 5823.53 -18.00
v -529.41 5823.53 -18.00
v -529.41 5823.53 0.00
v -0.00 5823.53 0.00
v -529.41 5823.53 -18.00
v -529.41 5294.12 -18.00
v -529.41 5294.12 0.00
v -529.41 5823.53 0.00
v -529.41 6352.94 -18.00
v -0.00 6352.94 -18.00
v -0.00 5823.53 -18.00
v -529.41 5823.53 -18.00
v -529.41 5823.53 0.00
v -0.00 5823.53 0.00
v -0.00 6352.94 0.00
v -529.41 6352.94 0.00
v -529.41 5823.53 -18.00
v -0.00 5823.53 -18.00
v -0.00 5823.53 0.00
v -529.41 5823.53 0.00
v -0.00 5823.53 -18.00
v -0.00 6352.94 -18.00
v -0.00 6352.94 0.00
v -0.00 5823.53 0.00
v -0.00 6352.94 -18.00
v -529.41 6352.94 -18.00
v -529.41 6352.94 0.00
v -0.00 6352.94 0.00
v -529.41 6352.94 -18.00
v -529.41 5823.53 -18.00
v -529.41 5823.53 0.00
v -529.41 6352.94 0.00
v -529.41 6882.35 -18.00
v -0.00 6882.35 -18.00
v -0.00 6352.94 -18.00
v -529.41 6352.94 -18.00
v -529.41 6352.94 0.00
v -0.00 6352.94 0.00
v -0.00 6882.35 0.00
v -529.41 6882.35 0.00
v -529.41 6352.94 -18.00
v -0.00 6352.94 -18.00
v -0.00 6352.94 0.00
v -529.41 6352.94 0.00
v -0.00 6352.94 -18.00
v -0.00 6882.35 -18.00
v -0.00 6882.35 0.00
v -0.00 6352.94 0.00
v -0.00 6882.35 -18.00
v -529.41 6882.35 -18.00
v -529.41 6882.35 0.00
v -0.00 6882.35 0.00
v -529.41 6882.35 -18.00
v -529.41 6352.94 -18.00
v -529.41 6352.94 0.00
v -529.41 6882.35 0.00
v -529.41 7411.77 -18.00
v -0.00 7411.77 -18.00
v -0.00 6882.35 -18.00
v -529.41 6882.35 -18.00
v -529.41 6882.35 0.00
v -0.00 6882.35 0.00
v -0.00 7411.77 0.00
v -529.41 7411.77 0.00
v -529.41 6882.35 -18.00
v -0.00 6882.35 -18.00
v -0.00 6882.35 0.00
v -529.41 6882.35 0.00
v -0.00 6882.35 -18.00
v -0.00 7411.77 -18.00
v -0.00 7411.77 0.00
v -0.00 6882.35 0.00
v -0.00 7411.77 -18.00
v -529.41 7411.77 -18.00
v -529.41 7411.77 0.00
v -0.00 7411.77 0.00
v -529.41 7411.77 -18.00
v -529.41 6882.35 -18.00
v -529.41 6882.35 0.00
v -529.41 7411.77 0.00
v -529.41 7941.18 -18.00
v -0.00 7941.18 -18.00
v -0.00 7411.77 -18.00
v -529.41 7411.77 -18.00
v -529.41 7411.77 0.00
v -0.00 7411.77 0.00
v -0.00 7941.18 0.00
v -529.41 7941.18 0.00
v -529.41 7411.77 -18.00
v -0.00 7411.77 -18.00
v -0.00 7411.77 0.00
v -529.41 7411.77 0.00
v -0.00 7411.77 -18.00
v -0.00 7941.18 -18.00
v -0.00 7941.18 0.00
v -0.00 7411.77 0.00
v -0.00 7941.18 -18.00
v -529.41 7941.18 -18.00
v -529.41 7941.18 0.00
v -0.00 7941.18 0.00
v -529.41 7941.18 -18.00
v -529.41 7411.77 -18.00
v -529.41 7411.77 0.00
v -529.41 7941.18 0.00
v -529.41 8470.59 -18.00
v -0.00 8470.59 -18.00
v -0.00 7941.18 -18.00
v -529.41 7941.18 -18.00
v -529.41 7941.18 0.00
v -0.00 7941.18 0.00
v -0.00 8470.59 0.00
v -529.41 8470.59 0.00
v -529.41 7941.18 -18.00
v -0.00 7941.18 -18.00
v -0.00 7941.18 0.00
v -529.41 7941.18 0.00
v -0.00 7941.18 -18.00
v -0.00 8470.59 -18.00
v -0.00 8470.59 0.00
v -0.00 7941.18 0.00
v -0.00 8470.59 -18.00
v -529.41 8470.59 -18.00
v -529.41 8470.59 0.00
v -0.00 8470.59 0.00
v -529.41 8470.59 -18.00
v -529.41 7941.18 -18.00
v -529.41 7941.18 0.00
v -529.41 8470.59 0.00
v -529.41 9000.00 -18.00
v -0.00 9000.00 -18.00
v -0.00 8470.59 -18.00
v -529.41 8470.59 -18.00
v -529.41 8470.59 0.00
v -0.00 8470.59 0.00
v -0.00 9000.00 0.00
v -529.41 9000.00 0.00
v -529.41 8470.59 -18.00
v -0.00 8470.59 -18.00
v -0.00 8470.59 0.00
v -529.41 8470.59 0.00
v -0.00 8470.59 -18.00
v -0.00 9000.00 -18.00
v -0.00 9000.00 0.00
v -0.00 8470.59 0.00
v -0.00 9000.00 -18.00
v -529.41 9000.00 -18.00
v -529.41 9000.00 0.00
v -0.00 9000.00 0.00
v -529.41 9000.00 -18.00
v -529.41 8470.59 -18.00
v -529.41 8470.59 0.00
v -529.41 9000.00 0.00
v -0.00 5294.12 -18.00
v 529.41 5294.12 -18.00
v 529.41 4764.71 -18.00
v -0.00 4764.71 -18.00
v -0.00 4764.71 0.00
v 529.41 4764.71 0.00
v 529.41 5294.12 0.00
v -0.00 5294.12 0.00
v 529.41 4764.71 -18.00
v 529.41 5294.12 -18.00
v 529.41 5294.12 0.00
v 529.41 4764.71 0.00
v 529.41 5294.12 -18.00
v -0.00 5294.12 -18.00
v -0.00 5294.12 0.00
v 529.41 5294.12 0.00
v -0.00 5294.12 -18.00
v -0.00 4764.71 -18.00
v -0.00 4764.71 0.00
v -0.00 5294.12 0.00
v -0.00 5823.53 -18.00
v 529.41 5823.53 -18.00
v 529.41 5294.12 -18.00
v -0.00 5294.12 -18.00
v -0.00 5294.12 0.00
v 529.41 5294.12 0.00
v 529.41 5823.53 0.00
v -0.00 5823.53 0.00
v -0.00 5294.12 -18.00
v 529.41 5294.12 -18.00
v 529.41 5294.12 0.00
v -0.00 5294.12 0.00
v 529.41 5294.12 -18.00
v 529.41 5823.53 -18.00
v 529.41 5823.53 0.00
v 529.41 5294.12 0.00
v 529.41 5823.53 -18.00
v -0.00 5823.53 -18.00
v -0.00 5823.53 0.00
v 529.41 5823.53 0.00
v -0.00 5823.53 -18.00
v -0.00 5294.12 -18.00
v -0.00 5294.12 0.00
v -0.00 5823.53 0.00
v -0.00 6352.94 -18.00
v 529.41 6352.94 -18.00
v 529.41 5823.53 -18.00
v -0.00 5823.53 -18.00
v -0.00 5823.53 0.00
v 529.41 5823.53 0.00
v 529.41 6352.94 0.00
v -0.00 6352.94 0.00
v -0.00 5823.53 -18.00
v 529.41 5823.53 -18.00
v 529.41 5823.53 0.00
v -0.00 5823.53 0.00
v 529.41 5823.53 -18.00
v 529.41 6352.94 -18.00
v 529.41 6352.94 0.00
v 529.41 5823.53 0.00
v 529.41 6352.94 -18.00
v -0.00 6352.94 -18.00
v -0.00 6352.94 0.00
v 529.41 6352.94 0.00
v -0.00 6352.94 -18.00
v -0.00 5823.53 -18.00
v -0.00 5823.53 0.00
v -0.00 6352.94 0.00
v -0.00 6882.35 -18.00
v 529.41 6882.35 -18.00
v 529.41 6352.94 -18.00
v -0.00 6352.94 -18.00
v -0.00 6352.94 0.00
v 529.41 6352.94 0.00
v 529.41 6882.35 0.00
v -0.00 6882.35 0.00
v -0.00 6352.94 -18.00
v 529.41 6352.94 -18.00
v 529.41 6352.94 0.00
v -0.00 6352.94 0.00
v 529.41 6352.94 -18.00
v 529.41 6882.35 -18.00
v 529.41 6882.35 0.00
v 529.41 6352.94 0.00
v 529.41 6882.35 -18.00
v -0.00 6882.35 -18.00
v -0.00 6882.35 0.00
v 529.41 6882.35 0.00
v -0.00 6882.35 -18.00
v -0.00 6352.94 -18.00
v -0.00 6352.94 0.00
v -0.00 6882.35 0.00
v -0.00 7411.77 -18.00
v 529.41 7411.77 -18.00
v 529.41 6882.35 -18.00
v -0.00 6882.35 -18.00
v -0.00 6882.35 0.00
v 529.41 6882.35 0.00
v 529.41 7411.77 0.00
v -0.00 7411.77 0.00
v -0.00 6882.35 -18.00
v 529.41 6882.35 -18.00
v 529.41 6882.35 0.00
v -0.00 6882.35 0.00
v 529.41 6882.35 -18.00
v 529.41 7411.77 -18.00
v 529.41 7411.77 0.00
v 529.41 6882.35 0.00
v 529.41 7411.77 -18.00
v -0.00 7411.77 -18.00
v -0.00 7411.77 0.00
v 529.41 7411.77 0.00
v -0.00 7411.77 -18.00
v -0.00 6882.35 -18.00
v -0.00 6882.35 0.00
v -0.00 7411.77 0.00
v -0.00 7941.18 -18.00
v 529.41 7941.18 -18.00
v 529.41 7411.77 -18.00
v -0.00 7411.77 -18.00
v -0.00 7411.77 0.00
v 529.41 7411.77 0.00
v 529.41 7941.18 0.00
v -0.00 7941.18 0.00
v -0.00 7411.77 -18.00
v 529.41 7411.77 -18.00
v 529.41 7411.77 0.00
v -0.00 7411.77 0.00
v 529.41 7411.77 -18.00
v 529.41 7941.18 -18.00
v 529.41 7941.18 0.00
v 529.41 7411.77 0.00
v 529.41 7941.18 -18.00
v -0.00 7941.18 -18.00
v -0.00 7941.18 0.00
v 529.41 7941.18 0.00
v -0.00 7941.18 -18.00
v -0.00 7411.77 -18.00
v -0.00 7411.77 0.00
v -0.00 7941.18 0.00
v -0.00 8470.59 -18.00
v 529.41 8470.59 -18.00
v 529.41 7941.18 -18.00
v -0.00 7941.18 -18.00
v -0.00 7941.18 0.00
v 529.41 7941.18 0.00
v 529.41 8470.59 0.00
v -0.00 8470.59 0.00
v -0.00 7941.18 -18.00
v 529.41 7941.18 -18.00
v 529.41 7941.18 0.00
v -0.00 7941.18 0.00
v 529.41 7941.18 -18.00
v 529.41 8470.59 -18.00
v 529.41 8470.59 0.00
v 529.41 7941.18 0.00
v 529.41 8470.59 -18.00
v -0.00 8470.59 -18.00
v -0.00 8470.59 0.00
v 529.41 8470.59 0.00
v -0.00 8470.59 -18.00
v -0.00 7941.18 -18.00
v -0.00 7941.18 0.00
v -0.00 8470.59 0.00
v -0.00 9000.00 -18.00
v 529.41 9000.00 -18.00
v 529.41 8470.59 -18.00
v -0.00 8470.59 -18.00
v -0.00 8470.59 0.00
v 529.41 8470.59 0.00
v 529.41 9000.00 0.00
v -0.00 9000.00 0.00
v -0.00 8470.59 -18.00
v 529.41 8470.59 -18.00
v 529.41 8470.59 0.00
v -0.00 8470.59 0.00
v 529.41 8470.59 -18.00
v 529.41 9000.00 -18.00
v 529.41 9000.00 0.00
v 529.41 8470.59 0.00
v 529.41 9000.00 -18.00
v -0.00 9000.00 -18.00
v -0.00 9000.00 0.00
v 529.41 9000.00 0.00
v -0.00 9000.00 -18.00
v -0.00 8470.59 -18.00
v -0.00 8470.59 0.00
v -0.00 9000.00 0.00
v 529.41 5294.12 -18.00
v 1058.82 5294.12 -18.00
v 1058.82 4764.71 -18.00
v 529.41 4764.71 -18.00
v 529.41 4764.71 0.00
v 1058.82 4764.71 0.00
v 1058.82 5294.12 0.00
v 529.41 5294.12 0.00
v 1058.82 4764.71 -18.00
v 1058.82 5294.12 -18.00
v 1058.82 5294.12 0.00
v 1058.82 4764.71 0.00
v 1058.82 5294.12 -18.00
v 529.41 5294.12 -18.00
v 529.41 5294.12 0.00
v 1058.82 5294.12 0.00
v 529.41 5294.12 -18.00
v 529.41 4764.71 -18.00
v 529.41 4764.71 0.00
v 529.41 5294.12 0.00
v 529.41 5823.53 -18.00
v 1058.82 5823.53 -18.00
v 1058.82 5294.12 -18.00
v 529.41 5294.12 -18.00
v 529.41 5294.12 0.00
v 1058.82 5294.12 0.00
v 1058.82 5823.53 0.00
v 529.41 5823.53 0.00
v 529.41 5294.12 -18.00
v 1058.82 5294.12 -18.00
v 1058.82 5294.12 0.00
v 529.41 5294.12 0.00
v 1058.82 5294.12 -18.00
v 1058.82 5823.53 -18.00
v 1058.82 5823.53 0.00
v 1058.82 5294.12 0.00
v 1058.82 5823.53 -18.00
v 529.41 5823.53 -18.00
v 529.41 5823.53 0.00
v 1058.82 5823.53 0.00
v 529.41 5823.53 -18.00
v 529.41 5294.12 -18.00
v 529.41 5294.12 0.00
v 529.41 5823.53 0.00
v 529.41 6352.94 -18.00
v 1058.82 6352.94 -18.00
v 1058.82 5823.53 -18.00
v 529.41 5823.53 -18.00
v 529.41 5823.53 0.00
v 1058.82 5823.53 0.00
v 1058.82 6352.94 0.00
v 529.41 6352.94 0.00
v 529.41 5823.53 -18.00
v 1058.82 5823.53 -18.00
v 1058.82 5823.53 0.00
v 529.41 5823.53 0.00
v 1058.82 5823.53 -18.00
v 1058.82 6352.94 -18.00
v 1058.82 6352.94 0.00
v 1058.82 5823.53 0.00
v 1058.82 6352.94 -18.00
v 529.41 6352.94 -18.00
v 529.41 6352.94 0.00
v 1058.82 6352.94 0.00
v 529.41 6352.94 -18.00
v 529.41 5823.53 -18.00
v 529.41 5823.53 0.00
v 529.41 6352.94 0.00
v 529.41 6882.35 -18.00
v 1058.82 6882.35 -18.00
v 1058.82 6352.94 -18.00
v 529.41 6352.94 -18.00
v 529.41 6352.94 0.00
v 1058.82 6352.94 0.00
v 1058.82 6882.35 0.00
v 529.41 6882.35 0.00
v 529.41 6352.94 -18.00
v 1058.82 6352.94 -18.00
v 1058.82 6352.94 0.00
v 529.41 6352.94 0.00
v 1058.82 6352.94 -18.00
v 1058.82 6882.35 -18.00
v 1058.82 6882.35 0.00
v 1058.82 6352.94 0.00
v 1058.82 6882.35 -18.00
v 529.41 6882.35 -18.00
v 529.41 6882.35 0.00
v 1058.82 6882.35 0.00
v 529.41 6882.35 -18.00
v 529.41 6352.94 -18.00
v 529.41 6352.94 0.00
v 529.41 6882.35 0.00
v 529.41 7411.77 -18.00
v 1058.82 7411.77 -18.00
v 1058.82 6882.35 -18.00
v 529.41 6882.35 -18.00
v 529.41 6882.35 0.00
v 1058.82 6882.35 0.00
v 1058.82 7411.77 0.00
v 529.41 7411.77 0.00
v 529.41 6882.35 -18.00
v 1058.82 6882.35 -18.00
v 1058.82 6882.35 0.00
v 529.41 6882.35 0.00
v 1058.82 6882.35 -18.00
v 1058.82 7411.77 -18.00
v 1058.82 7411.77 0.00
v 1058.82 6882.35 0.00
v 1058.82 7411.77 -18.00
v 529.41 7411.77 -18.00
v 529.41 7411.77 0.00
v 1058.82 7411.77 0.00
v 529.41 7411.77 -18.00
v 529.41 6882.35 -18.00
v 529.41 6882.35 0.00
v 529.41 7411.77 0.00
v 529.41 7941.18 -18.00
v 1058.82 7941.18 -18.00
v 1058.82 7411.77 -18.00
v 529.41 7411.77 -18.00
v 529.41 7411.77 0.00
v 1058.82 7411.77 0.00
v 1058.82 7941.18 0.00
v 529.41 7941.18 0.00
v 529.41 7411.77 -18.00
v 1058.82 7411.77 -18.00
v 1058.82 7411.77 0.00
v 529.41 7411.77 0.00
v 1058.82 7411.77 -18.00
v 1058.82 7941.18 -18.00
v 1058.82 7941.18 0.00
v 1058.82 7411.77 0.00
v 1058.82 7941.18 -18.00
v 529.41 7941.18 -18.00
v 529.41 7941.18 0.00
v 1058.82 7941.18 0.00
v 529.41 7941.18 -18.00
v 529.41 7411.77 -18.00
v 529.41 7411.77 0.00
v 529.41 7941.18 0.00
v 529.41 8470.59 -18.00
v 1058.82 8470.59 -18.00
v 1058.82 7941.18 -18.00
v 529.41 7941.18 -18.00
v 529.41 7941.18 0.00
v 1058.82 7941.18 0.00
v 1058.82 8470.59 0.00
v 529.41 8470.59 0.00
v 529.41 7941.18 -18.00
v 1058.82 7941.18 -18.00
v 1058.82 7941.18 0.00
v 529.41 7941.18 0.00
v 1058.82 7941.18 -18.00
v 1058.82 8470.59 -18.00
v 1058.82 8470.59 0.00
v 1058.82 7941.18 0.00
v 1058.82 8470.59 -18.00
v 529.41 8470.59 -18.00
v 529.41 8470.59 0.00
v 1058.82 8470.59 0.00
v 529.41 8470.59 -18.00
v 529.41 7941.18 -18.00
v 529.41 7941.18 0.00
v 529.41 8470.59 0.00
v 529.41 9000.00 -18.00
v 1058.82 9000.00 -18.00
v 1058.82 8470.59 -18.00
v 529.41 8470.59 -18.00
v 529.41 8470.59 0.00
v 1058.82 8470.59 0.00
v 1058.82 9000.00 0.00
v 529.41 9000.00 0.00
v 529.41 8470.59 -18.00
v 1058.82 8470.59 -18.00
v 1058.82 8470.59 0.00
v 529.41 8470.59 0.00
v 1058.82 8470.59 -18.00
v 1058.82 9000.00 -18.00
v 1058.82 9000.00 0.00
v 1058.82 8470.59 0.00
v 1058.82 9000.00 -18.00
v 529.41 9000.00 -18.00
v 529.41 9000.00 0.00
v 1058.82 9000.00 0.00
v 529.41 9000.00 -18.00
v 529.41 8470.59 -18.00
v 529.41 8470.59 0.00
v 529.41 9000.00 0.00
v 1058.82 5294.12 -18.00
v 1588.23 5294.12 -18.00
v 1588.23 4764.71 -18.00
v 1058.82 4764.71 -18.00
v 1058.82 4764.71 0.00
v 1588.23 4764.71 0.00
v 1588.23 5294.12 0.00
v 1058.82 5294.12 0.00
v 1588.23 4764.71 -18.00
v 1588.23 5294.12 -18.00
v 1588.23 5294.12 0.00
v 1588.23 4764.71 0.00
v 1588.23 5294.12 -18.00
v 1058.82 5294.12 -18.00
v 1058.82 5294.12 0.00
v 1588.23 5294.12 0.00
v 1058.82 5294.12 -18.00
v 1058.82 4764.71 -18.00
v 1058.82 4764.71 0.00
v 1058.82 5294.12 0.00
v 1058.82 5823.53 -18.00
v 1588.23 5823.53 -18.00
v 1588.23 5294.12 -18.00
v 1058.82 5294.12 -18.00
v 1058.82 5294.12 0.00
v 1588.23 5294.12 0.00
v 1588.23 5823.53 0.00
v 1058.82 5823.53 0.00
v 1058.82 5294.12 -18.00
v 1588.23 5294.12 -18.00
v 1588.23 5294.12 0.00
v 1058.82 5294.12 0.00
v 1588.23 5294.12 -18.00
v 1588.23 5823.53 -18.00
v 1588.23 5823.53 0.00
v 1588.23 5294.12 0.00
v 1588.23 5823.53 -18.00
v 1058.82 5823.53 -18.00
v 1058.82 5823.53 0.00
v 1588.23 5823.53 0.00
v 1058.82 5823.53 -18.00
v 1058.82 5294.12 -18.00
v 1058.82 5294.12 0.00
v 1058.82 5823.53 0.00
v 1058.82 6352.94 -18.00
v 1588.23 6352.94 -18.00
v 1588.23 5823.53 -18.00
v 1058.82 5823.53 -18.00
v 1058.82 5823.53 0.00
v 1588.23 5823.53 0.00
v 1588.23 6352.94 0.00
v 1058.82 6352.94 0.00
v 1058.82 5823.53 -18.00
v 1588.23 5823.53 -18.00
v 1588.23 5823.53 0.00
v 1058.82 5823.53 0.00
v 1588.23 5823.53 -18.00
v 1588.23 6352.94 -18.00
v 1588.23 6352.94 0.00
v 1588.23 5823.53 0.00
v 1588.23 6352.94 -18.00
v 1058.82 6352.94 -18.00
v 1058.82 6352.94 0.00
v 1588.23 6352.94 0.00
v 1058.82 6352.94 -18.00
v 1058.82 5823.53 -18.00
v 1058.82 5823.53 0.00
v 1058.82 6352.94 0.00
v 1058.82 6882.35 -18.00
v 1588.23 6882.35 -18.00
v 1588.23 6352.94 -18.00
v 1058.82 6352.94 -18.00
v 1058.82 6352.94 0.00
v 1588.23 6352.94 0.00
v 1588.23 6882.35 0.00
v 1058.82 6882.35 0.00
v 1058.82 6352.94 -18.00
v 1588.23 6352.94 -18.00
v 1588.23 6352.94 0.00
v 1058.82 6352.94 0.00
v 1588.23 6352.94 -18.00
v 1588.23 6882.35 -18.00
v 1588.23 6882.35 0.00
v 1588.23 6352.94 0.00
v 1588.23 6882.35 -18.00
v 1058.82 6882.35 -18.00
v 1058.82 6882.35 0.00
v 1588.23 6882.35 0.00
v 1058.82 6882.35 -18.00
v 1058.82 6352.94 -18.00
v 1058.82 6352.94 0.00
v 1058.82 6882.35 0.00
v 1058.82 7411.77 -18.00
v 1588.23 7411.77 -18.00
v 1588.23 6882.35 -18.00
v 1058.82 6882.35 -18.00
v 1058.82 6882.35 0.00
v 1588.23 6882.35 0.00
v 1588.23 7411.77 0.00
v 1058.82 7411.77 0.00
v 1058.82 6882.35 -18.00
v 1588.23 6882.35 -18.00
v 1588.23 6882.35 0.00
v 1058.82 6882.35 0.00
v 1588.23 6882.35 -18.00
v 1588.23 7411.77 -18.00
v 1588.23 7411.77 0.00
v 1588.23 6882.35 0.00
v 1588.23 7411.77 -18.00
v 1058.82 7411.77 -18.00
v 1058.82 7411.77 0.00
v 1588.23 7411.77 0.00
v 1058.82 7411.77 -18.00
v 1058.82 6882.35 -18.00
v 1058.82 6882.35 0.00
v 1058.82 7411.77 0.00
v 1058.82 7941.18 -18.00
v 1588.23 7941.18 -18.00
v 1588.23 7411.77 -18.00
v 1058.82 7411.77 -18.00
v 1058.82 7411.77 0.00
v 1588.23 7411.77 0.00
v 1588.23 7941.18 0.00
v 1058.82 7941.18 0.00
v 1058.82 7411.77 -18.00
v 1588.23 7411.77 -18.00
v 1588.23 7411.77 0.00
v 1058.82 7411.77 0.00
v 1588.23 7411.77 -18.00
v 1588.23 7941.18 -18.00
v 1588.23 7941.18 0.00
v 1588.23 7411.77 0.00
v 1588.23 7941.18 -18.00
v 1058.82 7941.18 -18.00
v 1058.82 7941.18 0.00
v 1588.23 7941.18 0.00
v 1058.82 7941.18 -18.00
v 1058.82 7411.77 -18.00
v 1058.82 7411.77 0.00
v 1058.82 7941.18 0.00
v 1058.82 8470.59 -18.00
v 1588.23 8470.59 -18.00
v 1588.23 7941.18 -18.00
v 1058.82 7941.18 -18.00
v 1058.82 7941.18 0.00
v 1588.23 7941.18 0.00
v 1588.23 8470.59 0.00
v 1058.82 8470.59 0.00
v 1058.82 7941.18 -18.00
v 1588.23 7941.18 -18.00
v 1588.23 7941.18 0.00
v 1058.82 7941.18 0.00
v 1588.23 7941.18 -18.00
v 1588.23 8470.59 -18.00
v 1588.23 8470.59 0.00
v 1588.23 7941.18 0.00
v 1588.23 8470.59 -18.00
v 1058.82 8470.59 -18.00
v 1058.82 8470.59 0.00
v 1588.23 8470.59 0.00
v 1058.82 8470.59 -18.00
v 1058.82 7941.18 -18.00
v 1058.82 7941.18 0.00
v 1058.82 8470.59 0.00
v 1058.82 9000.00 -18.00
v 1588.23 9000.00 -18.00
v 1588.23 8470.59 -18.00
v 1058.82 8470.59 -18.00
v 1058.82 8470.59 0.00
v 1588.23 8470.59 0.00
v 1588.23 9000.00 0.00
v 1058.82 9000.00 0.00
v 1058.82 8470.59 -18.00
v 1588.23 8470.59 -18.00
v 1588.23 8470.59 0.00
v 1058.82 8470.59 0.00
v 1588.23 8470.59 -18.00
v 1588.23 9000.00 -18.00
v 1588.23 9000.00 0.00
v 1588.23 8470.59 0.00
v 1588.23 9000.00 -18.00
v 1058.82 9000.00 -18.00
v 1058.82 9000.00 0.00
v 1588.23 9000.00 0.00
v 1058.82 9000.00 -18.00
v 1058.82 8470.59 -18.00
v 1058.82 8470.59 0.00
v 1058.82 9000.00 0.00
v 1588.23 5294.12 -18.00
v 2117.65 5294.12 -18.00
v 2117.65 4764.71 -18.00
v 1588.23 4764.71 -18.00
v 1588.23 4764.71 0.00
v 2117.65 4764.71 0.00
v 2117.65 5294.12 0.00
v 1588.23 5294.12 0.00
v 2117.65 4764.71 -18.00
v 2117.65 5294.12 -18.00
v 2117.65 5294.12 0.00
v 2117.65 4764.71 0.00
v 2117.65 5294.12 -18.00
v 1588.23 5294.12 -18.00
v 1588.23 5294.12 0.00
v 2117.65 5294.12 0.00
v 1588.23 5294.12 -18.00
v 1588.23 4764.71 -18.00
v 1588.23 4764.71 0.00
v 1588.23 5294.12 0.00
v 1588.23 5823.53 -18.00
v 2117.65 5823.53 -18.00
v 2117.65 5294.12 -18.00
v 1588.23 5294.12 -18.00
v 1588.23 5294.12 0.00
v 2117.65 5294.12 0.00
v 2117.65 5823.53 0.00
v 1588.23 5823.53 0.00
v 1588.23 5294.12 -18.00
v 2117.65 5294.12 -18.00
v 2117.65 5294.12 0.00
v 1588.23 5294.12 0.00
v 2117.65 5294.12 -18.00
v 2117.65 5823.53 -18.00
v 2117.65 5823.53 0.00
v 2117.65 5294.12 0.00
v 2117.65 5823.53 -18.00
v 1588.23 5823.53 -18.00
v 1588.23 5823.53 0.00
v 2117.65 5823.53 0.00
v 1588.23 5823.53 -18.00
v 1588.23 5294.12 -18.00
v 1588.23 5294.12 0.00
v 1588.23 5823.53 0.00
v 1588.23 6352.94 -18.00
v 2117.65 6352.94 -18.00
v 2117.65 5823.53 -18.00
v 1588.23 5823.53 -18.00
v 1588.23 5823.53 0.00
v 2117.65 5823.53 0.00
v 2117.65 6352.94 0.00
v 1588.23 6352.94 0.00
v 1588.23 5823.53 -18.00
v 2117.65 5823.53 -18.00
v 2117.65 5823.53 0.00
v 1588.23 5823.53 0.00
v 2117.65 5823.53 -18.00
v 2117.65 6352.94 -18.00
v 2117.65 6352.94 0.00
v 2117.65 5823.53 0.00
v 2117.65 6352.94 -18.00
v 1588.23 6352.94 -18.00
v 1588.23 6352.94 0.00
v 2117.65 6352.94 0.00
v 1588.23 6352.94 -18.00
v 1588.23 5823.53 -18.00
v 1588.23 5823.53 0.00
v 1588.23 6352.94 0.00
v 1588.23 6882.35 -18.00
v 2117.65 6882.35 -18.00
v 2117.65 6352.94 -18.00
v 1588.23 6352.94 -18.00
v 1588.23 6352.94 0.00
v 2117.65 6352.94 0.00
v 2117.65 6882.35 0.00
v 1588.23 6882.35 0.00
v 1588.23 6352.94 -18.00
v 2117.65 6352.94 -18.00
v 2117.65 6352.94 0.00
v 1588.23 6352.94 0.00
v 2117.65 6352.94 -18.00
v 2117.65 6882.35 -18.00
v 2117.65 6882.35 0.00
v 2117.65 6352.94 0.00
v 2117.65 6882.35 -18.00
v 1588.23 6882.35 -18.00
v 1588.23 6882.35 0.00
v 2117.65 6882.35 0.00
v 1588.23 6882.35 -18.00
v 1588.23 6352.94 -18.00
v 1588.23 6352.94 0.00
v 1588.23 6882.35 0.00
v 1588.23 7411.77 -18.00
v 2117.65 7411.77 -18.00
v 2117.65 6882.35 -18.00
v 1588.23 6882.35 -18.00
v 1588.23 6882.35 0.00
v 2117.65 6882.35 0.00
v 2117.65 7411.77 0.00
v 1588.23 7411.77 0.00
v 1588.23 6882.35 -18.00
v 2117.65 6882.35 -18.00
v 2117.65 6882.35 0.00
v 1588.23 6882.35 0.00
v 2117.65 6882.35 -18.00
v 2117.65 7411.77 -18.00
v 2117.65 7411.77 0.00
v 2117.65 6882.35 0.00
v 2117.65 7411.77 -18.00
v 1588.23 7411.77 -18.00
v 1588.23 7411.77 0.00
v 2117.65 7411.77 0.00
v 1588.23 7411.77 -18.00
v 1588.23 6882.35 -18.00
v 1588.23 6882.35 0.00
v 1588.23 7411.77 0.00
v 1588.23 7941.18 -18.00
v 2117.65 7941.18 -18.00
v 2117.65 7411.77 -18.00
v 1588.23 7411.77 -18.00
v 1588.23 7411.77 0.00
v 2117.65 7411.77 0.00
v 2117.65 7941.18 0.00
v 1588.23 7941.18 0.00
v 1588.23 7411.77 -18.00
v 2117.65 7411.77 -18.00
v 2117.65 7411.77 0.00
v 1588.23 7411.77 0.00
v 2117.65 7411.77 -18.00
v 2117.65 7941.18 -18.00
v 2117.65 7941.18 0.00
v 2117.65 7411.77 0.00
v 2117.65 7941.18 -18.00
v 1588.23 7941.18 -18.00
v 1588.23 7941.18 0.00
v 2117.65 7941.18 0.00
v 1588.23 7941.18 -18.00
v 1588.23 7411.77 -18.00
v 1588.23 7411.77 0.00
v 1588.23 7941.18 0.00
v 1588.23 8470.59 -18.00
v 2117.65 8470.59 -18.00
v 2117.65 7941.18 -18.00
v 1588.23 7941.18 -18.00
v 1588.23 7941.18 0.00
v 2117.65 7941.18 0.00
v 2117.65 8470.59 0.00
v 1588.23 8470.59 0.00
v 1588.23 7941.18 -18.00
v 2117.65 7941.18 -18.00
v 2117.65 7941.18 0.00
v 1588.23 7941.18 0.00
v 2117.65 7941.18 -18.00
v 2117.65 8470.59 -18.00
v 2117.65 8470.59 0.00
v 2117.65 7941.18 0.00
v 2117.65 8470.59 -18.00
v 1588.23 8470.59 -18.00
v 1588.23 8470.59 0.00
v 2117.65 8470.59 0.00
v 1588.23 8470.59 -18.00
v 1588.23 7941.18 -18.00
v 1588.23 7941.18 0.00
v 1588.23 8470.59 0.00
v 1588.23 9000.00 -18.00
v 2117.65 9000.00 -18.00
v 2117.65 8470.59 -18.00
v 1588.23 8470.59 -18.00
v 1588.23 8470.59 0.00
v 2117.65 8470.59 0.00
v 2117.65 9000.00 0.00
v 1588.23 9000.00 0.00
v 1588.23 8470.59 -18.00
v 2117.65 8470.59 -18.00
v 2117.65 8470.59 0.00
v 1588.23 8470.59 0.00
v 2117.65 8470.59 -18.00
v 2117.65 9000.00 -18.00
v 2117.65 9000.00 0.00
v 2117.65 8470.59 0.00
v 2117.65 9000.00 -18.00
v 1588.23 9000.00 -18.00
v 1588.23 9000.00 0.00
v 2117.65 9000.00 0.00
v 1588.23 9000.00 -18.00
v 1588.23 8470.59 -18.00
v 1588.23 8470.59 0.00
v 1588.23 9000.00 0.00
v 2117.65 5294.12 -18.00
v 2647.06 5294.12 -18.00
v 2647.06 4764.71 -18.00
v 2117.65 4764.71 -18.00
v 2117.65 4764.71 0.00
v 2647.06 4764.71 0.00
v 2647.06 5294.12 0.00
v 2117.65 5294.12 0.00
v 2647.06 4764.71 -18.00
v 2647.06 5294.12 -18.00
v 2647.06 5294.12 0.00
v 2647.06 4764.71 0.00
v 2647.06 5294.12 -18.00
v 2117.65 5294.12 -18.00
v 2117.65 5294.12 0.00
v 2647.06 5294.12 0.00
v 2117.65 5294.12 -18.00
v 2117.65 4764.71 -18.00
v 2117.65 4764.71 0.00
v 2117.65 5294.12 0.00
v 2117.65 5823.53 -18.00
v 2647.06 5823.53 -18.00
v 2647.06 5294.12 -18.00
v 2117.65 5294.12 -18.00
v 2117.65 5294.12 0.00
v 2647.06 5294.12 0.00
v 2647.06 5823.53 0.00
v 2117.65 5823.53 0.00
v 2117.65 5294.12 -18.00
v 2647.06 5294.12 -18.00
v 2647.06 5294.12 0.00
v 2117.65 5294.12 0.00
v 2647.06 5294.12 -18.00
v 2647.06 5823.53 -18.00
v 2647.06 5823.53 0.00
v 2647.06 5294.12 0.00
v 2647.06 5823.53 -18.00
v 2117.65 5823.53 -18.00
v 2117.65 5823.53 0.00
v 2647.06 5823.53 0.00
v 2117.65 5823.53 -18.00
v 2117.65 5294.12 -18.00
v 2117.65 5294.12 0.00
v 2117.65 5823.53 0.00
v 2117.65 6352.94 -18.00
v 2647.06 6352.94 -18.00
v 2647.06 5823.53 -18.00
v 2117.65 5823.53 -18.00
v 2117.65 5823.53 0.00
v 2647.06 5823.53 0.00
v 2647.06 6352.94 0.00
v 2117.65 6352.94 0.00
v 2117.65 5823.53 -18.00
v 2647.06 5823.53 -18.00
v 2647.06 5823.53 0.00
v 2117.65 5823.53 0.00
v 2647.06 5823.53 -18.00
v 2647.06 6352.94 -18.00
v 2647.06 6352.94 0.00
v 2647.06 5823.53 0.00
v 2647.06 6352.94 -18.00
v 2117.65 6352.94 -18.00
v 2117.65 6352.94 0.00
v 2647.06 6352.94 0.00
v 2117.65 6352.94 -18.00
v 2117.65 5823.53 -18.00
v 2117.65 5823.53 0.00
v 2117.65 6352.94 0.00
v 2117.65 6882.35 -18.00
v 2647.06 6882.35 -18.00
v 2647.06 6352.94 -18.00
v 2117.65 6352.94 -18.00
v 2117.65 6352.94 0.00
v 2647.06 6352.94 0.00
v 2647.06 6882.35 0.00
v 2117.65 6882.35 0.00
v 2117.65 6352.94 -18.00
v 2647.06 6352.94 -18.00
v 2647.06 6352.94 0.00
v 2117.65 6352.94 0.00
v 2647.06 6352.94 -18.00
v 2647.06 6882.35 -18.00
v 2647.06 6882.35 0.00
v 2647.06 6352.94 0.00
v 2647.06 6882.35 -18.00
v 2117.65 6882.35 -18.00
v 2117.65 6882.35 0.00
v 2647.06 6882.35 0.00
v 2117.65 6882.35 -18.00
v 2117.65 6352.94 -18.00
v 2117.65 6352.94 0.00
v 2117.65 6882.35 0.00
v 2117.65 7411.77 -18.00
v 2647.06 7411.77 -18.00
v 2647.06 6882.35 -18.00
v 2117.65 6882.35 -18.00
v 2117.65 6882.35 0.00
v 2647.06 6882.35 0.00
v 2647.06 7411.77 0.00
v 2117.65 7411.77 0.00
v 2117.65 6882.35 -18.00
v 2647.06 6882.35 -18.00
v 2647.06 6882.35 0.00
v 2117.65 6882.35 0.00
v 2647.06 6882.35 -18.00
v 2647.06 7411.77 -18.00
v 2647.06 7411.77 0.00
v 2647.06 6882.35 0.00
v 2647.06 7411.77 -18.00
v 2117.65 7411.77 -18.00
v 2117.65 7411.77 0.00
v 2647.06 7411.77 0.00
v 2117.65 7411.77 -18.00
v 2117.65 6882.35 -18.00
v 2117.65 6882.35 0.00
v 2117.65 7411.77 0.00
v 2117.65 7941.18 -18.00
v 2647.06 7941.18 -18.00
v 2647.06 7411.77 -18.00
v 2117.65 7411.77 -18.00
v 2117.65 7411.77 0.00
v 2647.06 7411.77 0.00
v 2647.06 7941.18 0.00
v 2117.65 7941.18 0.00
v 2117.65 7411.77 -18.00
v 2647.06 7411.77 -18.00
v 2647.06 7411.77 0.00
v 2117.65 7411.77 0.00
v 2647.06 7411.77 -18.00
v 2647.06 7941.18 -18.00
v 2647.06 7941.18 0.00
v 2647.06 7411.77 0.00
v 2647.06 7941.18 -18.00
v 2117.65 7941.18 -18.00
v 2117.65 7941.18 0.00
v 2647.06 7941.18 0.00
v 2117.65 7941.18 -18.00
v 2117.65 7411.77 -18.00
v 2117.65 7411.77 0.00
v 2117.65 7941.18 0.00
v 2117.65 8470.59 -18.00
v 2647.06 8470.59 -18.00
v 2647.06 7941.18 -18.00
v 2117.65 7941.18 -18.00
v 2117.65 7941.18 0.00
v 2647.06 7941.18 0.00
v 2647.06 8470.59 0.00
v 2117.65 8470.59 0.00
v 2117.65 7941.18 -18.00
v 2647.06 7941.18 -18.00
v 2647.06 7941.18 0.00
v 2117.65 7941.18 0.00
v 2647.06 7941.18 -18.00
v 2647.06 8470.59 -18.00
v 2647.06 8470.59 0.00
v 2647.06 7941.18 0.00
v 2647.06 8470.59 -18.00
v 2117.65 8470.59 -18.00
v 2117.65 8470.59 0.00
v 2647.06 8470.59 0.00
v 2117.65 8470.59 -18.00
v 2117.65 7941.18 -18.00
v 2117.65 7941.18 0.00
v 2117.65 8470.59 0.00
v 2117.65 9000.00 -18.00
v 2647.06 9000.00 -18.00
v 2647.06 8470.59 -18.00
v 2117.65 8470.59 -18.00
v 2117.65 8470.59 0.00
v 2647.06 8470.59 0.00
v 2647.06 9000.00 0.00
v 2117.65 9000.00 0.00
v 2117.65 8470.59 -18.00
v 2647.06 8470.59 -18.00
v 2647.06 8470.59 0.00
v 2117.65 8470.59 0.00
v 2647.06 8470.59 -18.00
v 2647.06 9000.00 -18.00
v 2647.06 9000.00 0.00
v 2647.06 8470.59 0.00
v 2647.06 9000.00 -18.00
v 2117.65 9000.00 -18.00
v 2117.65 9000.00 0.00
v 2647.06 9000.00 0.00
v 2117.65 9000.00 -18.00
v 2117.65 8470.59 -18.00
v 2117.65 8470.59 0.00
v 2117.65 9000.00 0.00
v 2647.06 5294.12 -18.00
v 3176.47 5294.12 -18.00
v 3176.47 4764.71 -18.00
v 2647.06 4764.71 -18.00
v 2647.06 4764.71 0.00
v 3176.47 4764.71 0.00
v 3176.47 5294.12 0.00
v 2647.06 5294.12 0.00
v 3176.47 4764.71 -18.00
v 3176.47 5294.12 -18.00
v 3176.47 5294.12 0.00
v 3176.47 4764.71 0.00
v 3176.47 5294.12 -18.00
v 2647.06 5294.12 -18.00
v 2647.06 5294.12 0.00
v 3176.47 5294.12 0.00
v 2647.06 5294.12 -18.00
v 2647.06 4764.71 -18.00
v 2647.06 4764.71 0.00
v 2647.06 5294.12 0.00
v 2647.06 5823.53 -18.00
v 3176.47 5823.53 -18.00
v 3176.47 5294.12 -18.00
v 2647.06 5294.12 -18.00
v 2647.06 5294.12 0.00
v 3176.47 5294.12 0.00
v 3176.47 5823.53 0.00
v 2647.06 5823.53 0.00
v 2647.06 5294.12 -18.00
v 3176.47 5294.12 -18.00
v 3176.47 5294.12 0.00
v 2647.06 5294.12 0.00
v 3176.47 5294.12 -18.00
v 3176.47 5823.53 -18.00
v 3176.47 5823.53 0.00
v 3176.47 5294.12 0.00
v 3176.47 5823.53 -18.00
v 2647.06 5823.53 -18.00
v 2647.06 5823.53 0.00
v 3176.47 5823.53 0.00
v 2647.06 5823.53 -18.00
v 2647.06 5294.12 -18.00
v 2647.06 5294.12 0.00
v 2647.06 5823.53 0.00
v 2647.06 6352.94 -18.00
v 3176.47 6352.94 -18.00
v 3176.47 5823.53 -18.00
v 2647.06 5823.53 -18.00
v 2647.06 5823.53 0.00
v 3176.47 5823.53 0.00
v 3176.47 6352.94 0.00
v 2647.06 6352.94 0.00
v 2647.06 5823.53 -18.00
v 3176.47 5823.53 -18.00
v 3176.47 5823.53 0.00
v 2647.06 5823.53 0.00
v 3176.47 5823.53 -18.00
v 3176.47 6352.94 -18.00
v 3176.47 6352.94 0.00
v 3176.47 5823.53 0.00
v 3176.47 6352.94 -18.00
v 2647.06 6352.94 -18.00
v 2647.06 6352.94 0.00
v 3176.47 6352.94 0.00
v 2647.06 6352.94 -18.00
v 2647.06 5823.53 -18.00
v 2647.06 5823.53 0.00
v 2647.06 6352.94 0.00
v 2647.06 6882.35 -18.00
v 3176.47 6882.35 -18.00
v 3176.47 6352.94 -18.00
v 2647.06 6352.94 -18.00
v 2647.06 6352.94 0.00
v 3176.47 6352.94 0.00
v 3176.47 6882.35 0.00
v 2647.06 6882.35 0.00
v 2647.06 6352.94 -18.00
v 3176.47 6352.94 -18.00
v 3176.47 6352.94 0.00
v 2647.06 6352.94 0.00
v 3176.47 6352.94 -18.00
v 3176.47 6882.35 -18.00
v 3176.47 6882.35 0.00
v 3176.47 6352.94 0.00
v 3176.47 6882.35 -18.00
v 2647.06 6882.35 -18.00
v 2647.06 6882.35 0.00
v 3176.47 6882.35 0.00
v 2647.06 6882.35 -18.00
v 2647.06 6352.94 -18.00
v 2647.06 6352.94 0.00
v 2647.06 6882.35 0.00
v 2647.06 7411.77 -18.00
v 3176.47 7411.77 -18.00
v 3176.47 6882.35 -18.00
v 2647.06 6882.35 -18.00
v 2647.06 6882.35 0.00
v 3176.47 6882.35 0.00
v 3176.47 7411.77 0.00
v 2647.06 7411.77 0.00
v 2647.06 6882.35 -18.00
v 3176.47 6882.35 -18.00
v 3176.47 6882.35 0.00
v 2647.06 6882.35 0.00
v 3176.47 6882.35 -18.00
v 3176.47 7411.77 -18.00
v 3176.47 7411.77 0.00
v 3176.47 6882.35 0.00
v 3176.47 7411.77 -18.00
v 2647.06 7411.77 -18.00
v 2647.06 7411.77 0.00
v 3176.47 7411.77 0.00
v 2647.06 7411.77 -18.00
v 2647.06 6882.35 -18.00
v 2647.06 6882.35 0.00
v 2647.06 7411.77 0.00
v 2647.06 7941.18 -18.00
v 3176.47 7941.18 -18.00
v 3176.47 7411.77 -18.00
v 2647.06 7411.77 -18.00
v 2647.06 7411.77 0.00
v 3176.47 7411.77 0.00
v 3176.47 7941.18 0.00
v 2647.06 7941.18 0.00
v 2647.06 7411.77 -18.00
v 3176.47 7411.77 -18.00
v 3176.47 7411.77 0.00
v 2647.06 7411.77 0.00
v 3176.47 7411.77 -18.00
v 3176.47 7941.18 -18.00
v 3176.47 7941.18 0.00
v 3176.47 7411.77 0.00
v 3176.47 7941.18 -18.00
v 2647.06 7941.18 -18.00
v 2647.06 7941.18 0.00
v 3176.47 7941.18 0.00
v 2647.06 7941.18 -18.00
v 2647.06 7411.77 -18.00
v 2647.06 7411.77 0.00
v 2647.06 7941.18 0.00
v 2647.06 8470.59 -18.00
v 3176.47 8470.59 -18.00
v 3176.47 7941.18 -18.00
v 2647.06 7941.18 -18.00
v 2647.06 7941.18 0.00
v 3176.47 7941.18 0.00
v 3176.47 8470.59 0.00
v 2647.06 8470.59 0.00
v 2647.06 7941.18 -18.00
v 3176.47 7941.18 -18.00
v 3176.47 7941.18 0.00
v 2647.06 7941.18 0.00
v 3176.47 7941.18 -18.00
v 3176.47 8470.59 -18.00
v 3176.47 8470.59 0.00
v 3176.47 7941.18 0.00
v 3176.47 8470.59 -18.00
v 2647.06 8470.59 -18.00
v 2647.06 8470.59 0.00
v 3176.47 8470.59 0.00
v 2647.06 8470.59 -18.00
v 2647.06 7941.18 -18.00
v 2647.06 7941.18 0.00
v 2647.06 8470.59 0.00
v 2647.06 9000.00 -18.00
v 3176.47 9000.00 -18.00
v 3176.47 8470.59 -18.00
v 2647.06 8470.59 -18.00
v 2647.06 8470.59 0.00
v 3176.47 8470.59 0.00
v 3176.47 9000.00 0.00
v 2647.06 9000.00 0.00
v 2647.06 8470.59 -18.00
v 3176.47 8470.59 -18.00
v 3176.47 8470.59 0.00
v 2647.06 8470.59 0.00
v 3176.47 8470.59 -18.00
v 3176.47 9000.00 -18.00
v 3176.47 9000.00 0.00
v 3176.47 8470.59 0.00
v 3176.47 9000.00 -18.00
v 2647.06 9000.00 -18.00
v 2647.06 9000.00 0.00
v 3176.47 9000.00 0.00
v 2647.06 9000.00 -18.00
v 2647.06 8470.59 -18.00
v 2647.06 8470.59 0.00
v 2647.06 9000.00 0.00
v 3176.47 5294.12 -18.00
v 3705.88 5294.12 -18.00
v 3705.88 4764.71 -18.00
v 3176.47 4764.71 -18.00
v 3176.47 4764.71 0.00
v 3705.88 4764.71 0.00
v 3705.88 5294.12 0.00
v 3176.47 5294.12 0.00
v 3705.88 4764.71 -18.00
v 3705.88 5294.12 -18.00
v 3705.88 5294.12 0.00
v 3705.88 4764.71 0.00
v 3705.88 5294.12 -18.00
v 3176.47 5294.12 -18.00
v 3176.47 5294.12 0.00
v 3705.88 5294.12 0.00
v 3176.47 5294.12 -18.00
v 3176.47 4764.71 -18.00
v 3176.47 4764.71 0.00
v 3176.47 5294.12 0.00
v 3176.47 5823.53 -18.00
v 3705.88 5823.53 -18.00
v 3705.88 5294.12 -18.00
v 3176.47 5294.12 -18.00
v 3176.47 5294.12 0.00
v 3705.88 5294.12 0.00
v 3705.88 5823.53 0.00
v 3176.47 5823.53 0.00
v 3176.47 5294.12 -18.00
v 3705.88 5294.12 -18.00
v 3705.88 5294.12 0.00
v 3176.47 5294.12 0.00
v 3705.88 5294.12 -18.00
v 3705.88 5823.53 -18.00
v 3705.88 5823.53 0.00
v 3705.88 5294.12 0.00
v 3705.88 5823.53 -18.00
v 3176.47 5823.53 -18.00
v 3176.47 5823.53 0.00
v 3705.88 5823.53 0.00
v 3176.47 5823.53 -18.00
v 3176.47 5294.12 -18.00
v 3176.47 5294.12 0.00
v 3176.47 5823.53 0.00
v 3176.47 6352.94 -18.00
v 3705.88 6352.94 -18.00
v 3705.88 5823.53 -18.00
v 3176.47 5823.53 -18.00
v 3176.47 5823.53 0.00
v 3705.88 5823.53 0.00
v 3705.88 6352.94 0.00
v 3176.47 6352.94 0.00
v 3176.47 5823.53 -18.00
v 3705.88 5823.53 -18.00
v 3705.88 5823.53 0.00
v 3176.47 5823.53 0.00
v 3705.88 5823.53 -18.00
v 3705.88 6352.94 -18.00
v 3705.88 6352.94 0.00
v 3705.88 5823.53 0.00
v 3705.88 6352.94 -18.00
v 3176.47 6352.94 -18.00
v 3176.47 6352.94 0.00
v 3705.88 6352.94 0.00
v 3176.47 6352.94 -18.00
v 3176.47 5823.53 -18.00
v 3176.47 5823.53 0.00
v 3176.47 6352.94 0.00
v 3176.47 6882.35 -18.00
v 3705.88 6882.35 -18.00
v 3705.88 6352.94 -18.00
v 3176.47 6352.94 -18.00
v 3176.47 6352.94 0.00
v 3705.88 6352.94 0.00
v 3705.88 6882.35 0.00
v 3176.47 6882.35 0.00
v 3176.47 6352.94 -18.00
v 3705.88 6352.94 -18.00
v 3705.88 6352.94 0.00
v 3176.47 6352.94 0.00
v 3705.88 6352.94 -18.00
v 3705.88 6882.35 -18.00
v 3705.88 6882.35 0.00
v 3705.88 6352.94 0.00
v 3705.88 6882.35 -18.00
v 3176.47 6882.35 -18.00
v 3176.47 6882.35 0.00
v 3705.88 6882.35 0.00
v 3176.47 6882.35 -18.00
v 3176.47 6352.94 -18.00
v 3176.47 6352.94 0.00
v 3176.47 6882.35 0.00
v 3176.47 7411.77 -18.00
v 3705.88 7411.77 -18.00
v 3705.88 6882.35 -18.00
v 3176.47 6882.35 -18.00
v 3176.47 6882.35 0.00
v 3705.88 6882.35 0.00
v 3705.88 7411.77 0.00
v 3176.47 7411.77 0.00
v 3176.47 6882.35 -18.00
v 3705.88 6882.35 -18.00
v 3705.88 6882.35 0.00
v 3176.47 6882.35 0.00
v 3705.88 6882.35 -18.00
v 3705.88 7411.77 -18.00
v 3705.88 7411.77 0.00
v 3705.88 6882.35 0.00
v 3705.88 7411.77 -18.00
v 3176.47 7411.77 -18.00
v 3176.47 7411.77 0.00
v 3705.88 7411.77 0.00
v 3176.47 7411.77 -18.00
v 3176.47 6882.35 -18.00
v 3176.47 6882.35 0.00
v 3176.47 7411.77 0.00
v 3176.47 7941.18 -18.00
v 3705.88 7941.18 -18.00
v 3705.88 7411.77 -18.00
v 3176.47 7411.77 -18.00
v 3176.47 7411.77 0.00
v 3705.88 7411.77 0.00
v 3705.88 7941.18 0.00
v 3176.47 7941.18 0.00
v 3176.47 7411.77 -18.00
v 3705.88 7411.77 -18.00
v 3705.88 7411.77 0.00
v 3176.47 7411.77 0.00
v 3705.88 7411.77 -18.00
v 3705.88 7941.18 -18.00
v 3705.88 7941.18 0.00
v 3705.88 7411.77 0.00
v 3705.88 7941.18 -18.00
v 3176.47 7941.18 -18.00
v 3176.47 7941.18 0.00
v 3705.88 7941.18 0.00
v 3176.47 7941.18 -18.00
v 3176.47 7411.77 -18.00
v 3176.47 7411.77 0.00
v 3176.47 7941.18 0.00
v 3176.47 8470.59 -18.00
v 3705.88 8470.59 -18.00
v 3705.88 7941.18 -18.00
v 3176.47 7941.18 -18.00
v 3176.47 7941.18 0.00
v 3705.88 7941.18 0.00
v 3705.88 8470.59 0.00
v 3176.47 8470.59 0.00
v 3176.47 7941.18 -18.00
v 3705.88 7941.18 -18.00
v 3705.88 7941.18 0.00
v 3176.47 7941.18 0.00
v 3705.88 7941.18 -18.00
v 3705.88 8470.59 -18.00
v 3705.88 8470.59 0.00
v 3705.88 7941.18 0.00
v 3705.88 8470.59 -18.00
v 3176.47 8470.59 -18.00
v 3176.47 8470.59 0.00
v 3705.88 8470.59 0.00
v 3176.47 8470.59 -18.00
v 3176.47 7941.18 -18.00
v 3176.47 7941.18 0.00
v 3176.47 8470.59 0.00
v 3176.47 9000.00 -18.00
v 3705.88 9000.00 -18.00
v 3705.88 8470.59 -18.00
v 3176.47 8470.59 -18.00
v 3176.47 8470.59 0.00
v 3705.88 8470.59 0.00
v 3705.88 9000.00 0.00
v 3176.47 9000.00 0.00
v 3176.47 8470.59 -18.00
v 3705.88 8470.59 -18.00
v 3705.88 8470.59 0.00
v 3176.47 8470.59 0.00
v 3705.88 8470.59 -18.00
v 3705.88 9000.00 -18.00
v 3705.88 9000.00 0.00
v 3705.88 8470.59 0.00
v 3705.88 9000.00 -18.00
v 3176.47 9000.00 -18.00
v 3176.47 9000.00 0.00
v 3705.88 9000.00 0.00
v 3176.47 9000.00 -18.00
v 3176.47 8470.59 -18.00
v 3176.47 8470.59 0.00
v 3176.47 9000.00 0.00
v 3705.88 5294.12 -18.00
v 4235.29 5294.12 -18.00
v 4235.29 4764.71 -18.00
v 3705.88 4764.71 -18.00
v 3705.88 4764.71 0.00
v 4235.29 4764.71 0.00
v 4235.29 5294.12 0.00
v 3705.88 5294.12 0.00
v 4235.29 4764.71 -18.00
v 4235.29 5294.12 -18.00
v 4235.29 5294.12 0.00
v 4235.29 4764.71 0.00
v 4235.29 5294.12 -18.00
v 3705.88 5294.12 -18.00
v 3705.88 5294.12 0.00
v 4235.29 5294.12 0.00
v 3705.88 5294.12 -18.00
v 3705.88 4764.71 -18.00
v 3705.88 4764.71 0.00
v 3705.88 5294.12 0.00
v 3705.88 5823.53 -18.00
v 4235.29 5823.53 -18.00
v 4235.29 5294.12 -18.00
v 3705.88 5294.12 -18.00
v 3705.88 5294.12 0.00
v 4235.29 5294.12 0.00
v 4235.29 5823.53 0.00
v 3705.88 5823.53 0.00
v 3705.88 5294.12 -18.00
v 4235.29 5294.12 -18.00
v 4235.29 5294.12 0.00
v 3705.88 5294.12 0.00
v 4235.29 5294.12 -18.00
v 4235.29 5823.53 -18.00
v 4235.29 5823.53 0.00
v 4235.29 5294.12 0.00
v 4235.29 5823.53 -18.00
v 3705.88 5823.53 -18.00
v 3705.88 5823.53 0.00
v 4235.29 5823.53 0.00
v 3705.88 5823.53 -18.00
v 3705.88 5294.12 -18.00
v 3705.88 5294.12 0.00
v 3705.88 5823.53 0.00
v 3705.88 6352.94 -18.00
v 4235.29 6352.94 -18.00
v 4235.29 5823.53 -18.00
v 3705.88 5823.53 -18.00
v 3705.88 5823.53 0.00
v 4235.29 5823.53 0.00
v 4235.29 6352.94 0.00
v 3705.88 6352.94 0.00
v 3705.88 5823.53 -18.00
v 4235.29 5823.53 -18.00
v 4235.29 5823.53 0.00
v 3705.88 5823.53 0.00
v 4235.29 5823.53 -18.00
v 4235.29 6352.94 -18.00
v 4235.29 6352.94 0.00
v 4235.29 5823.53 0.00
v 4235.29 6352.94 -18.00
v 3705.88 6352.94 -18.00
v 3705.88 6352.94 0.00
v 4235.29 6352.94 0.00
v 3705.88 6352.94 -18.00
v 3705.88 5823.53 -18.00
v 3705.88 5823.53 0.00
v 3705.88 6352.94 0.00
v 3705.88 6882.35 -18.00
v 4235.29 6882.35 -18.00
v 4235.29 6352.94 -18.00
v 3705.88 6352.94 -18.00
v 3705.88 6352.94 0.00
v 4235.29 6352.94 0.00
v 4235.29 6882.35 0.00
v 3705.88 6882.35 0.00
v 3705.88 6352.94 -18.00
v 4235.29 6352.94 -18.00
v 4235.29 6352.94 0.00
v 3705.88 6352.94 0.00
v 4235.29 6352.94 -18.00
v 4235.29 6882.35 -18.00
v 4235.29 6882.35 0.00
v 4235.29 6352.94 0.00
v 4235.29 6882.35 -18.00
v 3705.88 6882.35 -18.00
v 3705.88 6882.35 0.00
v 4235.29 6882.35 0.00
v 3705.88 6882.35 -18.00
v 3705.88 6352.94 -18.00
v 3705.88 6352.94 0.00
v 3705.88 6882.35 0.00
v 3705.88 7411.77 -18.00
v 4235.29 7411.77 -18.00
v 4235.29 6882.35 -18.00
v 3705.88 6882.35 -18.00
v 3705.88 6882.35 0.00
v 4235.29 6882.35 0.00
v 4235.29 7411.77 0.00
v 3705.88 7411.77 0.00
v 3705.88 6882.35 -18.00
v 4235.29 6882.35 -18.00
v 4235.29 6882.35 0.00
v 3705.88 6882.35 0.00
v 4235.29 6882.35 -18.00
v 4235.29 7411.77 -18.00
v 4235.29 7411.77 0.00
v 4235.29 6882.35 0.00
v 4235.29 7411.77 -18.00
v 3705.88 7411.77 -18.00
v 3705.88 7411.77 0.00
v 4235.29 7411.77 0.00
v 3705.88 7411.77 -18.00
v 3705.88 6882.35 -18.00
v 3705.88 6882.35 0.00
v 3705.88 7411.77 0.00
v 3705.88 7941.18 -18.00
v 4235.29 7941.18 -18.00
v 4235.29 7411.77 -18.00
v 3705.88 7411.77 -18.00
v 3705.88 7411.77 0.00
v 4235.29 7411.77 0.00
v 4235.29 7941.18 0.00
v 3705.88 7941.18 0.00
v 3705.88 7411.77 -18.00
v 4235.29 7411.77 -18.00
v 4235.29 7411.77 0.00
v 3705.88 7411.77 0.00
v 4235.29 7411.77 -18.00
v 4235.29 7941.18 -18.00
v 4235.29 7941.18 0.00
v 4235.29 7411.77 0.00
v 4235.29 7941.18 -18.00
v 3705.88 7941.18 -18.00
v 3705.88 7941.18 0.00
v 4235.29 7941.18 0.00
v 3705.88 7941.18 -18.00
v 3705.88 7411.77 -18.00
v 3705.88 7411.77 0.00
v 3705.88 7941.18 0.00
v 3705.88 8470.59 -18.00
v 4235.29 8470.59 -18.00
v 4235.29 7941.18 -18.00
v 3705.88 7941.18 -18.00
v 3705.88 7941.18 0.00
v 4235.29 7941.18 0.00
v 4235.29 8470.59 0.00
v 3705.88 8470.59 0.00
v 3705.88 7941.18 -18.00
v 4235.29 7941.18 -18.00
v 4235.29 7941.18 0.00
v 3705.88 7941.18 0.00
v 4235.29 7941.18 -18.00
v 4235.29 8470.59 -18.00
v 4235.29 8470.59 0.00
v 4235.29 7941.18 0.00
v 4235.29 8470.59 -18.00
v 3705.88 8470.59 -18.00
v 3705.88 8470.59 0.00
v 4235.29 8470.59 0.00
v 3705.88 8470.59 -18.00
v 3705.88 7941.18 -18.00
v 3705.88 7941.18 0.00
v 3705.88 8470.59 0.00
v 3705.88 9000.00 -18.00
v 4235.29 9000.00 -18.00
v 4235.29 8470.59 -18.00
v 3705.88 8470.59 -18.00
v 3705.88 8470.59 0.00
v 4235.29 8470.59 0.00
v 4235.29 9000.00 0.00
v 3705.88 9000.00 0.00
v 3705.88 8470.59 -18.00
v 4235.29 8470.59 -18.00
v 4235.29 8470.59 0.00
v 3705.88 8470.59 0.00
v 4235.29 8470.59 -18.00
v 4235.29 9000.00 -18.00
v 4235.29 9000.00 0.00
v 4235.29 8470.59 0.00
v 4235.29 9000.00 -18.00
v 3705.88 9000.00 -18.00
v 3705.88 9000.00 0.00
v 4235.29 9000.00 0.00
v 3705.88 9000.00 -18.00
v 3705.88 8470.59 -18.00
v 3705.88 8470.59 0.00
v 3705.88 9000.00 0.00
v 4235.29 5294.12 -18.00
v 4764.71 5294.12 -18.00
v 4764.71 4764.71 -18.00
v 4235.29 4764.71 -18.00
v 4235.29 4764.71 0.00
v 4764.71 4764.71 0.00
v 4764.71 5294.12 0.00
v 4235.29 5294.12 0.00
v 4764.71 4764.71 -18.00
v 4764.71 5294.12 -18.00
v 4764.71 5294.12 0.00
v 4764.71 4764.71 0.00
v 4764.71 5294.12 -18.00
v 4235.29 5294.12 -18.00
v 4235.29 5294.12 0.00
v 4764.71 5294.12 0.00
v 4235.29 5294.12 -18.00
v 4235.29 4764.71 -18.00
v 4235.29 4764.71 0.00
v 4235.29 5294.12 0.00
v 4235.29 5823.53 -18.00
v 4764.71 5823.53 -18.00
v 4764.71 5294.12 -18.00
v 4235.29 5294.12 -18.00
v 4235.29 5294.12 0.00
v 4764.71 5294.12 0.00
v 4764.71 5823.53 0.00
v 4235.29 5823.53 0.00
v 4235.29 5294.12 -18.00
v 4764.71 5294.12 -18.00
v 4764.71 5294.12 0.00
v 4235.29 5294.12 0.00
v 4764.71 5294.12 -18.00
v 4764.71 5823.53 -18.00
v 4764.71 5823.53 0.00
v 4764.71 5294.12 0.00
v 4764.71 5823.53 -18.00
v 4235.29 5823.53 -18.00
v 4235.29 5823.53 0.00
v 4764.71 5823.53 0.00
v 4235.29 5823.53 -18.00
v 4235.29 5294.12 -18.00
v 4235.29 5294.12 0.00
v 4235.29 5823.53 0.00
v 4235.29 6352.94 -18.00
v 4764.71 6352.94 -18.00
v 4764.71 5823.53 -18.00
v 4235.29 5823.53 -18.00
v 4235.29 5823.53 0.00
v 4764.71 5823.53 0.00
v 4764.71 6352.94 0.00
v 4235.29 6352.94 0.00
v 4235.29 5823.53 -18.00
v 4764.71 5823.53 -18.00
v 4764.71 5823.53 0.00
v 4235.29 5823.53 0.00
v 4764.71 5823.53 -18.00
v 4764.71 6352.94 -18.00
v 4764.71 6352.94 0.00
v 4764.71 5823.53 0.00
v 4764.71 6352.94 -18.00
v 4235.29 6352.94 -18.00
v 4235.29 6352.94 0.00
v 4764.71 6352.94 0.00
v 4235.29 6352.94 -18.00
v 4235.29 5823.53 -18.00
v 4235.29 5823.53 0.00
v 4235.29 6352.94 0.00
v 4235.29 6882.35 -18.00
v 4764.71 6882.35 -18.00
v 4764.71 6352.94 -18.00
v 4235.29 6352.94 -18.00
v 4235.29 6352.94 0.00
v 4764.71 6352.94 0.00
v 4764.71 6882.35 0.00
v 4235.29 6882.35 0.00
v 4235.29 6352.94 -18.00
v 4764.71 6352.94 -18.00
v 4764.71 6352.94 0.00
v 4235.29 6352.94 0.00
v 4764.71 6352.94 -18.00
v 4764.71 6882.35 -18.00
v 4764.71 6882.35 0.00
v 4764.71 6352.94 0.00
v 4764.71 6882.35 -18.00
v 4235.29 6882.35 -18.00
v 4235.29 6882.35 0.00
v 4764.71 6882.35 0.00
v 4235.29 6882.35 -18.00
v 4235.29 6352.94 -18.00
v 4235.29 6352.94 0.00
v 4235.29 6882.35 0.00
v 4235.29 7411.77 -18.00
v 4764.71 7411.77 -18.00
v 4764.71 6882.35 -18.00
v 4235.29 6882.35 -18.00
v 4235.29 6882.35 0.00
v 4764.71 6882.35 0.00
v 4764.71 7411.77 0.00
v 4235.29 7411.77 0.00
v 4235.29 6882.35 -18.00
v 4764.71 6882.35 -18.00
v 4764.71 6882.35 0.00
v 4235.29 6882.35 0.00
v 4764.71 6882.35 -18.00
v 4764.71 7411.77 -18.00
v 4764.71 7411.77 0.00
v 4764.71 6882.35 0.00
v 4764.71 7411.77 -18.00
v 4235.29 7411.77 -18.00
v 4235.29 7411.77 0.00
v 4764.71 7411.77 0.00
v 4235.29 7411.77 -18.00
v 4235.29 6882.35 -18.00
v 4235.29 6882.35 0.00
v 4235.29 7411.77 0.00
v 4235.29 7941.18 -18.00
v 4764.71 7941.18 -18.00
v 4764.71 7411.77 -18.00
v 4235.29 7411.77 -18.00
v 4235.29 7411.77 0.00
v 4764.71 7411.77 0.00
v 4764.71 7941.18 0.00
v 4235.29 7941.18 0.00
v 4235.29 7411.77 -18.00
v 4764.71 7411.77 -18.00
v 4764.71 7411.77 0.00
v 4235.29 7411.77 0.00
v 4764.71 7411.77 -18.00
v 4764.71 7941.18 -18.00
v 4764.71 7941.18 0.00
v 4764.71 7411.77 0.00
v 4764.71 7941.18 -18.00
v 4235.29 7941.18 -18.00
v 4235.29 7941.18 0.00
v 4764.71 7941.18 0.00
v 4235.29 7941.18 -18.00
v 4235.29 7411.77 -18.00
v 4235.29 7411.77 0.00
v 4235.29 7941.18 0.00
v 4235.29 8470.59 -18.00
v 4764.71 8470.59 -18.00
v 4764.71 7941.18 -18.00
v 4235.29 7941.18 -18.00
v 4235.29 7941.18 0.00
v 4764.71 7941.18 0.00
v 4764.71 8470.59 0.00
v 4235.29 8470.59 0.00
v 4235.29 7941.18 -18.00
v 4764.71 7941.18 -18.00
v 4764.71 7941.18 0.00
v 4235.29 7941.18 0.00
v 4764.71 7941.18 -18.00
v 4764.71 8470.59 -18.00
v 4764.71 8470.59 0.00
v 4764.71 7941.18 0.00
v 4764.71 8470.59 -18.00
v 4235.29 8470.59 -18.00
v 4235.29 8470.59 0.00
v 4764.71 8470.59 0.00
v 4235.29 8470.59 -18.00
v 4235.29 7941.18 -18.00
v 4235.29 7941.18 0.00
v 4235.29 8470.59 0.00
v 4235.29 9000.00 -18.00
v 4764.71 9000.00 -18.00
v 4764.71 8470.59 -18.00
v 4235.29 8470.59 -18.00
v 4235.29 8470.59 0.00
v 4764.71 8470.59 0.00
v 4764.71 9000.00 0.00
v 4235.29 9000.00 0.00
v 4235.29 8470.59 -18.00
v 4764.71 8470.59 -18.00
v 4764.71 8470.59 0.00
v 4235.29 8470.59 0.00
v 4764.71 8470.59 -18.00
v 4764.71 9000.00 -18.00
v 4764.71 9000.00 0.00
v 4764.71 8470.59 0.00
v 4764.71 9000.00 -18.00
v 4235.29 9000.00 -18.00
v 4235.29 9000.00 0.00
v 4764.71 9000.00 0.00
v 4235.29 9000.00 -18.00
v 4235.29 8470.59 -18.00
v 4235.29 8470.59 0.00
v 4235.29 9000.00 0.00
v 4764.71 5294.12 -18.00
v 5294.12 5294.12 -18.00
v 5294.12 4764.71 -18.00
v 4764.71 4764.71 -18.00
v 4764.71 4764.71 0.00
v 5294.12 4764.71 0.00
v 5294.12 5294.12 0.00
v 4764.71 5294.12 0.00
v 5294.12 4764.71 -18.00
v 5294.12 5294.12 -18.00
v 5294.12 5294.12 0.00
v 5294.12 4764.71 0.00
v 5294.12 5294.12 -18.00
v 4764.71 5294.12 -18.00
v 4764.71 5294.12 0.00
v 5294.12 5294.12 0.00
v 4764.71 5294.12 -18.00
v 4764.71 4764.71 -18.00
v 4764.71 4764.71 0.00
v 4764.71 5294.12 0.00
v 4764.71 5823.53 -18.00
v 5294.12 5823.53 -18.00
v 5294.12 5294.12 -18.00
v 4764.71 5294.12 -18.00
v 4764.71 5294.12 0.00
v 5294.12 5294.12 0.00
v 5294.12 5823.53 0.00
v 4764.71 5823.53 0.00
v 4764.71 5294.12 -18.00
v 5294.12 5294.12 -18.00
v 5294.12 5294.12 0.00
v 4764.71 5294.12 0.00
v 5294.12 5294.12 -18.00
v 5294.12 5823.53 -18.00
v 5294.12 5823.53 0.00
v 5294.12 5294.12 0.00
v 5294.12 5823.53 -18.00
v 4764.71 5823.53 -18.00
v 4764.71 5823.53 0.00
v 5294.12 5823.53 0.00
v 4764.71 5823.53 -18.00
v 4764.71 5294.12 -18.00
v 4764.71 5294.12 0.00
v 4764.71 5823.53 0.00
v 4764.71 6352.94 -18.00
v 5294.12 6352.94 -18.00
v 5294.12 5823.53 -18.00
v 4764.71 5823.53 -18.00
v 4764.71 5823.53 0.00
v 5294.12 5823.53 0.00
v 5294.12 6352.94 0.00
v 4764.71 6352.94 0.00
v 4764.71 5823.53 -18.00
v 5294.12 5823.53 -18.00
v 5294.12 5823.53 0.00
v 4764.71 5823.53 0.00
v 5294.12 5823.53 -18.00
v 5294.12 6352.94 -18.00
v 5294.12 6352.94 0.00
v 5294.12 5823.53 0.00
v 5294.12 6352.94 -18.00
v 4764.71 6352.94 -18.00
v 4764.71 6352.94 0.00
v 5294.12 6352.94 0.00
v 4764.71 6352.94 -18.00
v 4764.71 5823.53 -18.00
v 4764.71 5823.53 0.00
v 4764.71 6352.94 0.00
v 4764.71 6882.35 -18.00
v 5294.12 6882.35 -18.00
v 5294.12 6352.94 -18.00
v 4764.71 6352.94 -18.00
v 4764.71 6352.94 0.00
v 5294.12 6352.94 0.00
v 5294.12 6882.35 0.00
v 4764.71 6882.35 0.00
v 4764.71 6352.94 -18.00
v 5294.12 6352.94 -18.00
v 5294.12 6352.94 0.00
v 4764.71 6352.94 0.00
v 5294.12 6352.94 -18.00
v 5294.12 6882.35 -18.00
v 5294.12 6882.35 0.00
v 5294.12 6352.94 0.00
v 5294.12 6882.35 -18.00
v 4764.71 6882.35 -18.00
v 4764.71 6882.35 0.00
v 5294.12 6882.35 0.00
v 4764.71 6882.35 -18.00
v 4764.71 6352.94 -18.00
v 4764.71 6352.94 0.00
v 4764.71 6882.35 0.00
v 4764.71 7411.77 -18.00
v 5294.12 7411.77 -18.00
v 5294.12 6882.35 -18.00
v 4764.71 6882.35 -18.00
v 4764.71 6882.35 0.00
v 5294.12 6882.35 0.00
v 5294.12 7411.77 0.00
v 4764.71 7411.77 0.00
v 4764.71 6882.35 -18.00
v 5294.12 6882.35 -18.00
v 5294.12 6882.35 0.00
v 4764.71 6882.35 0.00
v 5294.12 6882.35 -18.00
v 5294.12 7411.77 -18.00
v 5294.12 7411.77 0.00
v 5294.12 6882.35 0.00
v 5294.12 7411.77 -18.00
v 4764.71 7411.77 -18.00
v 4764.71 7411.77 0.00
v 5294.12 7411.77 0.00
v 4764.71 7411.77 -18.00
v 4764.71 6882.35 -18.00
v 4764.71 6882.35 0.00
v 4764.71 7411.77 0.00
v 4764.71 7941.18 -18.00
v 5294.12 7941.18 -18.00
v 5294.12 7411.77 -18.00
v 4764.71 7411.77 -18.00
v 4764.71 7411.77 0.00
v 5294.12 7411.77 0.00
v 5294.12 7941.18 0.00
v 4764.71 7941.18 0.00
v 4764.71 7411.77 -18.00
v 5294.12 7411.77 -18.00
v 5294.12 7411.77 0.00
v 4764.71 7411.77 0.00
v 5294.12 7411.77 -18.00
v 5294.12 7941.18 -18.00
v 5294.12 7941.18 0.00
v 5294.12 7411.77 0.00
v 5294.12 7941.18 -18.00
v 4764.71 7941.18 -18.00
v 4764.71 7941.18 0.00
v 5294.12 7941.18 0.00
v 4764.71 7941.18 -18.00
v 4764.71 7411.77 -18.00
v 4764.71 7411.77 0.00
v 4764.71 7941.18 0.00
v 4764.71 8470.59 -18.00
v 5294.12 8470.59 -18.00
v 5294.12 7941.18 -18.00
v 4764.71 7941.18 -18.00
v 4764.71 7941.18 0.00
v 5294.12 7941.18 0.00
v 5294.12 8470.59 0.00
v 4764.71 8470.59 0.00
v 4764.71 7941.18 -18.00
v 5294.12 7941.18 -18.00
v 5294.12 7941.18 0.00
v 4764.71 7941.18 0.00
v 5294.12 7941.18 -18.00
v 5294.12 8470.59 -18.00
v 5294.12 8470.59 0.00
v 5294.12 7941.18 0.00
v 5294.12 8470.59 -18.00
v 4764.71 8470.59 -18.00
v 4764.71 8470.59 0.00
v 5294.12 8470.59 0.00
v 4764.71 8470.59 -18.00
v 4764.71 7941.18 -18.00
v 4764.71 7941.18 0.00
v 4764.71 8470.59 0.00
v 4764.71 9000.00 -18.00
v 5294.12 9000.00 -18.00
v 5294.12 8470.59 -18.00
v 4764.71 8470.59 -18.00
v 4764.71 8470.59 0.00
v 5294.12 8470.59 0.00
v 5294.12 9000.00 0.00
v 4764.71 9000.00 0.00
v 4764.71 8470.59 -18.00
v 5294.12 8470.59 -18.00
v 5294.12 8470.59 0.00
v 4764.71 8470.59 0.00
v 5294.12 8470.59 -18.00
v 5294.12 9000.00 -18.00
v 5294.12 9000.00 0.00
v 5294.12 8470.59 0.00
v 5294.12 9000.00 -18.00
v 4764.71 9000.00 -18.00
v 4764.71 9000.00 0.00
v 5294.12 9000.00 0.00
v 4764.71 9000.00 -18.00
v 4764.71 8470.59 -18.00
v 4764.71 8470.59 0.00
v 4764.71 9000.00 0.00
v 5294.12 5294.12 -18.00
v 5823.53 5294.12 -18.00
v 5823.53 4764.71 -18.00
v 5294.12 4764.71 -18.00
v 5294.12 4764.71 0.00
v 5823.53 4764.71 0.00
v 5823.53 5294.12 0.00
v 5294.12 5294.12 0.00
v 5823.53 4764.71 -18.00
v 5823.53 5294.12 -18.00
v 5823.53 5294.12 0.00
v 5823.53 4764.71 0.00
v 5823.53 5294.12 -18.00
v 5294.12 5294.12 -18.00
v 5294.12 5294.12 0.00
v 5823.53 5294.12 0.00
v 5294.12 5294.12 -18.00
v 5294.12 4764.71 -18.00
v 5294.12 4764.71 0.00
v 5294.12 5294.12 0.00
v 5294.12 5823.53 -18.00
v 5823.53 5823.53 -18.00
v 5823.53 5294.12 -18.00
v 5294.12 5294.12 -18.00
v 5294.12 5294.12 0.00
v 5823.53 5294.12 0.00
v 5823.53 5823.53 0.00
v 5294.12 5823.53 0.00
v 5294.12 5294.12 -18.00
v 5823.53 5294.12 -18.00
v 5823.53 5294.12 0.00
v 5294.12 5294.12 0.00
v 5823.53 5294.12 -18.00
v 5823.53 5823.53 -18.00
v 5823.53 5823.53 0.00
v 5823.53 5294.12 0.00
v 5823.53 5823.53 -18.00
v 5294.12 5823.53 -18.00
v 5294.12 5823.53 0.00
v 5823.53 5823.53 0.00
v 5294.12 5823.53 -18.00
v 5294.12 5294.12 -18.00
v 5294.12 5294.12 0.00
v 5294.12 5823.53 0.00
v 5294.12 6352.94 -18.00
v 5823.53 6352.94 -18.00
v 5823.53 5823.53 -18.00
v 5294.12 5823.53 -18.00
v 5294.12 5823.53 0.00
v 5823.53 5823.53 0.00
v 5823.53 6352.94 0.00
v 5294.12 6352.94 0.00
v 5294.12 5823.53 -18.00
v 5823.53 5823.53 -18.00
v 5823.53 5823.53 0.00
v 5294.12 5823.53 0.00
v 5823.53 5823.53 -18.00
v 5823.53 6352.94 -18.00
v 5823.53 6352.94 0.00
v 5823.53 5823.53 0.00
v 5823.53 6352.94 -18.00
v 5294.12 6352.94 -18.00
v 5294.12 6352.94 0.00
v 5823.53 6352.94 0.00
v 5294.12 6352.94 -18.00
v 5294.12 5823.53 -18.00
v 5294.12 5823.53 0.00
v 5294.12 6352.94 0.00
v 5294.12 6882.35 -18.00
v 5823.53 6882.35 -18.00
v 5823.53 6352.94 -18.00
v 5294.12 6352.94 -18.00
v 5294.12 6352.94 0.00
v 5823.53 6352.94 0.00
v 5823.53 6882.35 0.00
v 5294.12 6882.35 0.00
v 5294.12 6352.94 -18.00
v 5823.53 6352.94 -18.00
v 5823.53 6352.94 0.00
v 5294.12 6352.94 0.00
v 5823.53 6352.94 -18.00
v 5823.53 6882.35 -18.00
v 5823.53 6882.35 0.00
v 5823.53 6352.94 0.00
v 5823.53 6882.35 -18.00
v 5294.12 6882.35 -18.00
v 5294.12 6882.35 0.00
v 5823.53 6882.35 0.00
v 5294.12 6882.35 -18.00
v 5294.12 6352.94 -18.00
v 5294.12 6352.94 0.00
v 5294.12 6882.35 0.00
v 5294.12 7411.77 -18.00
v 5823.53 7411.77 -18.00
v 5823.53 6882.35 -18.00
v 5294.12 6882.35 -18.00
v 5294.12 6882.35 0.00
v 5823.53 6882.35 0.00
v 5823.53 7411.77 0.00
v 5294.12 7411.77 0.00
v 5294.12 6882.35 -18.00
v 5823.53 6882.35 -18.00
v 5823.53 6882.35 0.00
v 5294.12 6882.35 0.00
v 5823.53 6882.35 -18.00
v 5823.53 7411.77 -18.00
v 5823.53 7411.77 0.00
v 5823.53 6882.35 0.00
v 5823.53 7411.77 -18.00
v 5294.12 7411.77 -18.00
v 5294.12 7411.77 0.00
v 5823.53 7411.77 0.00
v 5294.12 7411.77 -18.00
v 5294.12 6882.35 -18.00
v 5294.12 6882.35 0.00
v 5294.12 7411.77 0.00
v 5294.12 7941.18 -18.00
v 5823.53 7941.18 -18.00
v 5823.53 7411.77 -18.00
v 5294.12 7411.77 -18.00
v 5294.12 7411.77 0.00
v 5823.53 7411.77 0.00
v 5823.53 7941.18 0.00
v 5294.12 7941.18 0.00
v 5294.12 7411.77 -18.00
v 5823.53 7411.77 -18.00
v 5823.53 7411.77 0.00
v 5294.12 7411.77 0.00
v 5823.53 7411.77 -18.00
v 5823.53 7941.18 -18.00
v 5823.53 7941.18 0.00
v 5823.53 7411.77 0.00
v 5823.53 7941.18 -18.00
v 5294.12 7941.18 -18.00
v 5294.12 7941.18 0.00
v 5823.53 7941.18 0.00
v 5294.12 7941.18 -18.00
v 5294.12 7411.77 -18.00
v 5294.12 7411.77 0.00
v 5294.12 7941.18 0.00
v 5294.12 8470.59 -18.00
v 5823.53 8470.59 -18.00
v 5823.53 7941.18 -18.00
v 5294.12 7941.18 -18.00
v 5294.12 7941.18 0.00
v 5823.53 7941.18 0.00
v 5823.53 8470.59 0.00
v 5294.12 8470.59 0.00
v 5294.12 7941.18 -18.00
v 5823.53 7941.18 -18.00
v 5823.53 7941.18 0.00
v 5294.12 7941.18 0.00
v 5823.53 7941.18 -18.00
v 5823.53 8470.59 -18.00
v 5823.53 8470.59 0.00
v 5823.53 7941.18 0.00
v 5823.53 8470.59 -18.00
v 5294.12 8470.59 -18.00
v 5294.12 8470.59 0.00
v 5823.53 8470.59 0.00
v 5294.12 8470.59 -18.00
v 5294.12 7941.18 -18.00
v 5294.12 7941.18 0.00
v 5294.12 8470.59 0.00
v 5294.12 9000.00 -18.00
v 5823.53 9000.00 -18.00
v 5823.53 8470.59 -18.00
v 5294.12 8470.59 -18.00
v 5294.12 8470.59 0.00
v 5823.53 8470.59 0.00
v 5823.53 9000.00 0.00
v 5294.12 9000.00 0.00
v 5294.12 8470.59 -18.00
v 5823.53 8470.59 -18.00
v 5823.53 8470.59 0.00
v 5294.12 8470.59 0.00
v 5823.53 8470.59 -18.00
v 5823.53 9000.00 -18.00
v 5823.53 9000.00 0.00
v 5823.53 8470.59 0.00
v 5823.53 9000.00 -18.00
v 5294.12 9000.00 -18.00
v 5294.12 9000.00 0.00
v 5823.53 9000.00 0.00
v 5294.12 9000.00 -18.00
v 5294.12 8470.59 -18.00
v 5294.12 8470.59 0.00
v 5294.12 9000.00 0.00
v 5823.53 5294.12 -18.00
v 6352.94 5294.12 -18.00
v 6352.94 4764.71 -18.00
v 5823.53 4764.71 -18.00
v 5823.53 4764.71 0.00
v 6352.94 4764.71 0.00
v 6352.94 5294.12 0.00
v 5823.53 5294.12 0.00
v 6352.94 4764.71 -18.00
v 6352.94 5294.12 -18.00
v 6352.94 5294.12 0.00
v 6352.94 4764.71 0.00
v 6352.94 5294.12 -18.00
v 5823.53 5294.12 -18.00
v 5823.53 5294.12 0.00
v 6352.94 5294.12 0.00
v 5823.53 5294.12 -18.00
v 5823.53 4764.71 -18.00
v 5823.53 4764.71 0.00
v 5823.53 5294.12 0.00
v 5823.53 5823.53 -18.00
v 6352.94 5823.53 -18.00
v 6352.94 5294.12 -18.00
v 5823.53 5294.12 -18.00
v 5823.53 5294.12 0.00
v 6352.94 5294.12 0.00
v 6352.94 5823.53 0.00
v 5823.53 5823.53 0.00
v 5823.53 5294.12 -18.00
v 6352.94 5294.12 -18.00
v 6352.94 5294.12 0.00
v 5823.53 5294.12 0.00
v 6352.94 5294.12 -18.00
v 6352.94 5823.53 -18.00
v 6352.94 5823.53 0.00
v 6352.94 5294.12 0.00
v 6352.94 5823.53 -18.00
v 5823.53 5823.53 -18.00
v 5823.53 5823.53 0.00
v 6352.94 5823.53 0.00
v 5823.53 5823.53 -18.00
v 5823.53 5294.12 -18.00
v 5823.53 5294.12 0.00
v 5823.53 5823.53 0.00
v 5823.53 6352.94 -18.00
v 6352.94 6352.94 -18.00
v 6352.94 5823.53 -18.00
v 5823.53 5823.53 -18.00
v 5823.53 5823.53 0.00
v 6352.94 5823.53 0.00
v 6352.94 6352.94 0.00
v 5823.53 6352.94 0.00
v 5823.53 5823.53 -18.00
v 6352.94 5823.53 -18.00
v 6352.94 5823.53 0.00
v 5823.53 5823.53 0.00
v 6352.94 5823.53 -18.00
v 6352.94 6352.94 -18.00
v 6352.94 6352.94 0.00
v 6352.94 5823.53 0.00
v 6352.94 6352.94 -18.00
v 5823.53 6352.94 -18.00
v 5823.53 6352.94 0.00
v 6352.94 6352.94 0.00
v 5823.53 6352.94 -18.00
v 5823.53 5823.53 -18.00
v 5823.53 5823.53 0.00
v 5823.53 6352.94 0.00
v 5823.53 6882.35 -18.00
v 6352.94 6882.35 -18.00
v 6352.94 6352.94 -18.00
v 5823.53 6352.94 -18.00
v 5823.53 6352.94 0.00
v 6352.94 6352.94 0.00
v 6352.94 6882.35 0.00
v 5823.53 6882.35 0.00
v 5823.53 6352.94 -18.00
v 6352.94 6352.94 -18.00
v 6352.94 6352.94 0.00
v 5823.53 6352.94 0.00
v 6352.94 6352.94 -18.00
v 6352.94 6882.35 -18.00
v 6352.94 6882.35 0.00
v 6352.94 6352.94 0.00
v 6352.94 6882.35 -18.00
v 5823.53 6882.35 -18.00
v 5823.53 6882.35 0.00
v 6352.94 6882.35 0.00
v 5823.53 6882.35 -18.00
v 5823.53 6352.94 -18.00
v 5823.53 6352.94 0.00
v 5823.53 6882.35 0.00
v 5823.53 7411.77 -18.00
v 6352.94 7411.77 -18.00
v 6352.94 6882.35 -18.00
v 5823.53 6882.35 -18.00
v 5823.53 6882.35 0.00
v 6352.94 6882.35 0.00
v 6352.94 7411.77 0.00
v 5823.53 7411.77 0.00
v 5823.53 6882.35 -18.00
v 6352.94 6882.35 -18.00
v 6352.94 6882.35 0.00
v 5823.53 6882.35 0.00
v 6352.94 6882.35 -18.00
v 6352.94 7411.77 -18.00
v 6352.94 7411.77 0.00
v 6352.94 6882.35 0.00
v 6352.94 7411.77 -18.00
v 5823.53 7411.77 -18.00
v 5823.53 7411.77 0.00
v 6352.94 7411.77 0.00
v 5823.53 7411.77 -18.00
v 5823.53 6882.35 -18.00
v 5823.53 6882.35 0.00
v 5823.53 7411.77 0.00
v 5823.53 7941.18 -18.00
v 6352.94 7941.18 -18.00
v 6352.94 7411.77 -18.00
v 5823.53 7411.77 -18.00
v 5823.53 7411.77 0.00
v 6352.94 7411.77 0.00
v 6352.94 7941.18 0.00
v 5823.53 7941.18 0.00
v 5823.53 7411.77 -18.00
v 6352.94 7411.77 -18.00
v 6352.94 7411.77 0.00
v 5823.53 7411.77 0.00
v 6352.94 7411.77 -18.00
v 6352.94 7941.18 -18.00
v 6352.94 7941.18 0.00
v 6352.94 7411.77 0.00
v 6352.94 7941.18 -18.00
v 5823.53 7941.18 -18.00
v 5823.53 7941.18 0.00
v 6352.94 7941.18 0.00
v 5823.53 7941.18 -18.00
v 5823.53 7411.77 -18.00
v 5823.53 7411.77 0.00
v 5823.53 7941.18 0.00
v 5823.53 8470.59 -18.00
v 6352.94 8470.59 -18.00
v 6352.94 7941.18 -18.00
v 5823.53 7941.18 -18.00
v 5823.53 7941.18 0.00
v 6352.94 7941.18 0.00
v 6352.94 8470.59 0.00
v 5823.53 8470.59 0.00
v 5823.53 7941.18 -18.00
v 6352.94 7941.18 -18.00
v 6352.94 7941.18 0.00
v 5823.53 7941.18 0.00
v 6352.94 7941.18 -18.00
v 6352.94 8470.59 -18.00
v 6352.94 8470.59 0.00
v 6352.94 7941.18 0.00
v 6352.94 8470.59 -18.00
v 5823.53 8470.59 -18.00
v 5823.53 8470.59 0.00
v 6352.94 8470.59 0.00
v 5823.53 8470.59 -18.00
v 5823.53 7941.18 -18.00
v 5823.53 7941.18 0.00
v 5823.53 8470.59 0.00
v 5823.53 9000.00 -18.00
v 6352.94 9000.00 -18.00
v 6352.94 8470.59 -18.00
v 5823.53 8470.59 -18.00
v 5823.53 8470.59 0.00
v 6352.94 8470.59 0.00
v 6352.94 9000.00 0.00
v 5823.53 9000.00 0.00
v 5823.53 8470.59 -18.00
v 6352.94 8470.59 -18.00
v 6352.94 8470.59 0.00
v 5823.53 8470.59 0.00
v 6352.94 8470.59 -18.00
v 6352.94 9000.00 -18.00
v 6352.94 9000.00 0.00
v 6352.94 8470.59 0.00
v 6352.94 9000.00 -18.00
v 5823.53 9000.00 -18.00
v 5823.53 9000.00 0.00
v 6352.94 9000.00 0.00
v 5823.53 9000.00 -18.00
v 5823.53 8470.59 -18.00
v 5823.53 8470.59 0.00
v 5823.53 9000.00 0.00
v 6352.94 5294.12 -18.00
v 6882.35 5294.12 -18.00
v 6882.35 4764.71 -18.00
v 6352.94 4764.71 -18.00
v 6352.94 4764.71 0.00
v 6882.35 4764.71 0.00
v 6882.35 5294.12 0.00
v 6352.94 5294.12 0.00
v 6882.35 4764.71 -18.00
v 6882.35 5294.12 -18.00
v 6882.35 5294.12 0.00
v 6882.35 4764.71 0.00
v 6882.35 5294.12 -18.00
v 6352.94 5294.12 -18.00
v 6352.94 5294.12 0.00
v 6882.35 5294.12 0.00
v 6352.94 5294.12 -18.00
v 6352.94 4764.71 -18.00
v 6352.94 4764.71 0.00
v 6352.94 5294.12 0.00
v 6352.94 5823.53 -18.00
v 6882.35 5823.53 -18.00
v 6882.35 5294.12 -18.00
v 6352.94 5294.12 -18.00
v 6352.94 5294.12 0.00
v 6882.35 5294.12 0.00
v 6882.35 5823.53 0.00
v 6352.94 5823.53 0.00
v 6352.94 5294.12 -18.00
v 6882.35 5294.12 -18.00
v 6882.35 5294.12 0.00
v 6352.94 5294.12 0.00
v 6882.35 5294.12 -18.00
v 6882.35 5823.53 -18.00
v 6882.35 5823.53 0.00
v 6882.35 5294.12 0.00
v 6882.35 5823.53 -18.00
v 6352.94 5823.53 -18.00
v 6352.94 5823.53 0.00
v 6882.35 5823.53 0.00
v 6352.94 5823.53 -18.00
v 6352.94 5294.12 -18.00
v 6352.94 5294.12 0.00
v 6352.94 5823.53 0.00
v 6352.94 6352.94 -18.00
v 6882.35 6352.94 -18.00
v 6882.35 5823.53 -18.00
v 6352.94 5823.53 -18.00
v 6352.94 5823.53 0.00
v 6882.35 5823.53 0.00
v 6882.35 6352.94 0.00
v 6352.94 6352.94 0.00
v 6352.94 5823.53 -18.00
v 6882.35 5823.53 -18.00
v 6882.35 5823.53 0.00
v 6352.94 5823.53 0.00
v 6882.35 5823.53 -18.00
v 6882.35 6352.94 -18.00
v 6882.35 6352.94 0.00
v 6882.35 5823.53 0.00
v 6882.35 6352.94 -18.00
v 6352.94 6352.94 -18.00
v 6352.94 6352.94 0.00
v 6882.35 6352.94 0.00
v 6352.94 6352.94 -18.00
v 6352.94 5823.53 -18.00
v 6352.94 5823.53 0.00
v 6352.94 6352.94 0.00
v 6352.94 6882.35 -18.00
v 6882.35 6882.35 -18.00
v 6882.35 6352.94 -18.00
v 6352.94 6352.94 -18.00
v 6352.94 6352.94 0.00
v 6882.35 6352.94 0.00
v 6882.35 6882.35 0.00
v 6352.94 6882.35 0.00
v 6352.94 6352.94 -18.00
v 6882.35 6352.94 -18.00
v 6882.35 6352.94 0.00
v 6352.94 6352.94 0.00
v 6882.35 6352.94 -18.00
v 6882.35 6882.35 -18.00
v 6882.35 6882.35 0.00
v 6882.35 6352.94 0.00
v 6882.35 6882.35 -18.00
v 6352.94 6882.35 -18.00
v 6352.94 6882.35 0.00
v 6882.35 6882.35 0.00
v 6352.94 6882.35 -18.00
v 6352.94 6352.94 -18.00
v 6352.94 6352.94 0.00
v 6352.94 6882.35 0.00
v 6352.94 7411.77 -18.00
v 6882.35 7411.77 -18.00
v 6882.35 6882.35 -18.00
v 6352.94 6882.35 -18.00
v 6352.94 6882.35 0.00
v 6882.35 6882.35 0.00
v 6882.35 7411.77 0.00
v 6352.94 7411.77 0.00
v 6352.94 6882.35 -18.00
v 6882.35 6882.35 -18.00
v 6882.35 6882.35 0.00
v 6352.94 6882.35 0.00
v 6882.35 6882.35 -18.00
v 6882.35 7411.77 -18.00
v 6882.35 7411.77 0.00
v 6882.35 6882.35 0.00
v 6882.35 7411.77 -18.00
v 6352.94 7411.77 -18.00
v 6352.94 7411.77 0.00
v 6882.35 7411.77 0.00
v 6352.94 7411.77 -18.00
v 6352.94 6882.35 -18.00
v 6352.94 6882.35 0.00
v 6352.94 7411.77 0.00
v 6352.94 7941.18 -18.00
v 6882.35 7941.18 -18.00
v 6882.35 7411.77 -18.00
v 6352.94 7411.77 -18.00
v 6352.94 7411.77 0.00
v 6882.35 7411.77 0.00
v 6882.35 7941.18 0.00
v 6352.94 7941.18 0.00
v 6352.94 7411.77 -18.00
v 6882.35 7411.77 -18.00
v 6882.35 7411.77 0.00
v 6352.94 7411.77 0.00
v 6882.35 7411.77 -18.00
v 6882.35 7941.18 -18.00
v 6882.35 7941.18 0.00
v 6882.35 7411.77 0.00
v 6882.35 7941.18 -18.00
v 6352.94 7941.18 -18.00
v 6352.94 7941.18 0.00
v 6882.35 7941.18 0.00
v 6352.94 7941.18 -18.00
v 6352.94 7411.77 -18.00
v 6352.94 7411.77 0.00
v 6352.94 7941.18 0.00
v 6352.94 8470.59 -18.00
v 6882.35 8470.59 -18.00
v 6882.35 7941.18 -18.00
v 6352.94 7941.18 -18.00
v 6352.94 7941.18 0.00
v 6882.35 7941.18 0.00
v 6882.35 8470.59 0.00
v 6352.94 8470.59 0.00
v 6352.94 7941.18 -18.00
v 6882.35 7941.18 -18.00
v 6882.35 7941.18 0.00
v 6352.94 7941.18 0.00
v 6882.35 7941.18 -18.00
v 6882.35 8470.59 -18.00
v 6882.35 8470.59 0.00
v 6882.35 7941.18 0.00
v 6882.35 8470.59 -18.00
v 6352.94 8470.59 -18.00
v 6352.94 8470.59 0.00
v 6882.35 8470.59 0.00
v 6352.94 8470.59 -18.00
v 6352.94 7941.18 -18.00
v 6352.94 7941.18 0.00
v 6352.94 8470.59 0.00
v 6352.94 9000.00 -18.00
v 6882.35 9000.00 -18.00
v 6882.35 8470.59 -18.00
v 6352.94 8470.59 -18.00
v 6352.94 8470.59 0.00
v 6882.35 8470.59 0.00
v 6882.35 9000.00 0.00
v 6352.94 9000.00 0.00
v 6352.94 8470.59 -18.00
v 6882.35 8470.59 -18.00
v 6882.35 8470.59 0.00
v 6352.94 8470.59 0.00
v 6882.35 8470.59 -18.00
v 6882.35 9000.00 -18.00
v 6882.35 9000.00 0.00
v 6882.35 8470.59 0.00
v 6882.35 9000.00 -18.00
v 6352.94 9000.00 -18.00
v 6352.94 9000.00 0.00
v 6882.35 9000.00 0.00
v 6352.94 9000.00 -18.00
v 6352.94 8470.59 -18.00
v 6352.94 8470.59 0.00
v 6352.94 9000.00 0.00
v 6882.35 5294.12 -18.00
v 7411.77 5294.12 -18.00
v 7411.77 4764.71 -18.00
v 6882.35 4764.71 -18.00
v 6882.35 4764.71 0.00
v 7411.77 4764.71 0.00
v 7411.77 5294.12 0.00
v 6882.35 5294.12 0.00
v 7411.77 4764.71 -18.00
v 7411.77 5294.12 -18.00
v 7411.77 5294.12 0.00
v 7411.77 4764.71 0.00
v 7411.77 5294.12 -18.00
v 6882.35 5294.12 -18.00
v 6882.35 5294.12 0.00
v 7411.77 5294.12 0.00
v 6882.35 5294.12 -18.00
v 6882.35 4764.71 -18.00
v 6882.35 4764.71 0.00
v 6882.35 5294.12 0.00
v 6882.35 5823.53 -18.00
v 7411.77 5823.53 -18.00
v 7411.77 5294.12 -18.00
v 6882.35 5294.12 -18.00
v 6882.35 5294.12 0.00
v 7411.77 5294.12 0.00
v 7411.77 5823.53 0.00
v 6882.35 5823.53 0.00
v 6882.35 5294.12 -18.00
v 7411.77 5294.12 -18.00
v 7411.77 5294.12 0.00
v 6882.35 5294.12 0.00
v 7411.77 5294.12 -18.00
v 7411.77 5823.53 -18.00
v 7411.77 5823.53 0.00
v 7411.77 5294.12 0.00
v 7411.77 5823.53 -18.00
v 6882.35 5823.53 -18.00
v 6882.35 5823.53 0.00
v 7411.77 5823.53 0.00
v 6882.35 5823.53 -18.00
v 6882.35 5294.12 -18.00
v 6882.35 5294.12 0.00
v 6882.35 5823.53 0.00
v 6882.35 6352.94 -18.00
v 7411.77 6352.94 -18.00
v 7411.77 5823.53 -18.00
v 6882.35 5823.53 -18.00
v 6882.35 5823.53 0.00
v 7411.77 5823.53 0.00
v 7411.77 6352.94 0.00
v 6882.35 6352.94 0.00
v 6882.35 5823.53 -18.00
v 7411.77 5823.53 -18.00
v 7411.77 5823.53 0.00
v 6882.35 5823.53 0.00
v 7411.77 5823.53 -18.00
v 7411.77 6352.94 -18.00
v 7411.77 6352.94 0.00
v 7411.77 5823.53 0.00
v 7411.77 6352.94 -18.00
v 6882.35 6352.94 -18.00
v 6882.35 6352.94 0.00
v 7411.77 6352.94 0.00
v 6882.35 6352.94 -18.00
v 6882.35 5823.53 -18.00
v 6882.35 5823.53 0.00
v 6882.35 6352.94 0.00
v 6882.35 6882.35 -18.00
v 7411.77 6882.35 -18.00
v 7411.77 6352.94 -18.00
v 6882.35 6352.94 -18.00
v 6882.35 6352.94 0.00
v 7411.77 6352.94 0.00
v 7411.77 6882.35 0.00
v 6882.35 6882.35 0.00
v 6882.35 6352.94 -18.00
v 7411.77 6352.94 -18.00
v 7411.77 6352.94 0.00
v 6882.35 6352.94 0.00
v 7411.77 6352.94 -18.00
v 7411.77 6882.35 -18.00
v 7411.77 6882.35 0.00
v 7411.77 6352.94 0.00
v 7411.77 6882.35 -18.00
v 6882.35 6882.35 -18.00
v 6882.35 6882.35 0.00
v 7411.77 6882.35 0.00
v 6882.35 6882.35 -18.00
v 6882.35 6352.94 -18.00
v 6882.35 6352.94 0.00
v 6882.35 6882.35 0.00
v 6882.35 7411.77 -18.00
v 7411.77 7411.77 -18.00
v 7411.77 6882.35 -18.00
v 6882.35 6882.35 -18.00
v 6882.35 6882.35 0.00
v 7411.77 6882.35 0.00
v 7411.77 7411.77 0.00
v 6882.35 7411.77 0.00
v 6882.35 6882.35 -18.00
v 7411.77 6882.35 -18.00
v 7411.77 6882.35 0.00
v 6882.35 6882.35 0.00
v 7411.77 6882.35 -18.00
v 7411.77 7411.77 -18.00
v 7411.77 7411.77 0.00
v 7411.77 6882.35 0.00
v 7411.77 7411.77 -18.00
v 6882.35 7411.77 -18.00
v 6882.35 7411.77 0.00
v 7411.77 7411.77 0.00
v 6882.35 7411.77 -18.00
v 6882.35 6882.35 -18.00
v 6882.35 6882.35 0.00
v 6882.35 7411.77 0.00
v 6882.35 7941.18 -18.00
v 7411.77 7941.18 -18.00
v 7411.77 7411.77 -18.00
v 6882.35 7411.77 -18.00
v 6882.35 7411.77 0.00
v 7411.77 7411.77 0.00
v 7411.77 7941.18 0.00
v 6882.35 7941.18 0.00
v 6882.35 7411.77 -18.00
v 7411.77 7411.77 -18.00
v 7411.77 7411.77 0.00
v 6882.35 7411.77 0.00
v 7411.77 7411.77 -18.00
v 7411.77 7941.18 -18.00
v 7411.77 7941.18 0.00
v 7411.77 7411.77 0.00
v 7411.77 7941.18 -18.00
v 6882.35 7941.18 -18.00
v 6882.35 7941.18 0.00
v 7411.77 7941.18 0.00
v 6882.35 7941.18 -18.00
v 6882.35 7411.77 -18.00
v 6882.35 7411.77 0.00
v 6882.35 7941.18 0.00
v 6882.35 8470.59 -18.00
v 7411.77 8470.59 -18.00
v 7411.77 7941.18 -18.00
v 6882.35 7941.18 -18.00
v 6882.35 7941.18 0.00
v 7411.77 7941.18 0.00
v 7411.77 8470.59 0.00
v 6882.35 8470.59 0.00
v 6882.35 7941.18 -18.00
v 7411.77 7941.18 -18.00
v 7411.77 7941.18 0.00
v 6882.35 7941.18 0.00
v 7411.77 7941.18 -18.00
v 7411.77 8470.59 -18.00
v 7411.77 8470.59 0.00
v 7411.77 7941.18 0.00
v 7411.77 8470.59 -18.00
v 6882.35 8470.59 -18.00
v 6882.35 8470.59 0.00
v 7411.77 8470.59 0.00
v 6882.35 8470.59 -18.00
v 6882.35 7941.18 -18.00
v 6882.35 7941.18 0.00
v 6882.35 8470.59 0.00
v 6882.35 9000.00 -18.00
v 7411.77 9000.00 -18.00
v 7411.77 8470.59 -18.00
v 6882.35 8470.59 -18.00
v 6882.35 8470.59 0.00
v 7411.77 8470.59 0.00
v 7411.77 9000.00 0.00
v 6882.35 9000.00 0.00
v 6882.35 8470.59 -18.00
v 7411.77 8470.59 -18.00
v 7411.77 8470.59 0.00
v 6882.35 8470.59 0.00
v 7411.77 8470.59 -18.00
v 7411.77 9000.00 -18.00
v 7411.77 9000.00 0.00
v 7411.77 8470.59 0.00
v 7411.77 9000.00 -18.00
v 6882.35 9000.00 -18.00
v 6882.35 9000.00 0.00
v 7411.77 9000.00 0.00
v 6882.35 9000.00 -18.00
v 6882.35 8470.59 -18.00
v 6882.35 8470.59 0.00
v 6882.35 9000.00 0.00
v 7411.77 5294.12 -18.00
v 7941.18 5294.12 -18.00
v 7941.18 4764.71 -18.00
v 7411.77 4764.71 -18.00
v 7411.77 4764.71 0.00
v 7941.18 4764.71 0.00
v 7941.18 5294.12 0.00
v 7411.77 5294.12 0.00
v 7941.18 4764.71 -18.00
v 7941.18 5294.12 -18.00
v 7941.18 5294.12 0.00
v 7941.18 4764.71 0.00
v 7941.18 5294.12 -18.00
v 7411.77 5294.12 -18.00
v 7411.77 5294.12 0.00
v 7941.18 5294.12 0.00
v 7411.77 5294.12 -18.00
v 7411.77 4764.71 -18.00
v 7411.77 4764.71 0.00
v 7411.77 5294.12 0.00
v 7411.77 5823.53 -18.00
v 7941.18 5823.53 -18.00
v 7941.18 5294.12 -18.00
v 7411.77 5294.12 -18.00
v 7411.77 5294.12 0.00
v 7941.18 5294.12 0.00
v 7941.18 5823.53 0.00
v 7411.77 5823.53 0.00
v 7411.77 5294.12 -18.00
v 7941.18 5294.12 -18.00
v 7941.18 5294.12 0.00
v 7411.77 5294.12 0.00
v 7941.18 5294.12 -18.00
v 7941.18 5823.53 -18.00
v 7941.18 5823.53 0.00
v 7941.18 5294.12 0.00
v 7941.18 5823.53 -18.00
v 7411.77 5823.53 -18.00
v 7411.77 5823.53 0.00
v 7941.18 5823.53 0.00
v 7411.77 5823.53 -18.00
v 7411.77 5294.12 -18.00
v 7411.77 5294.12 0.00
v 7411.77 5823.53 0.00
v 7411.77 6352.94 -18.00
v 7941.18 6352.94 -18.00
v 7941.18 5823.53 -18.00
v 7411.77 5823.53 -18.00
v 7411.77 5823.53 0.00
v 7941.18 5823.53 0.00
v 7941.18 6352.94 0.00
v 7411.77 6352.94 0.00
v 7411.77 5823.53 -18.00
v 7941.18 5823.53 -18.00
v 7941.18 5823.53 0.00
v 7411.77 5823.53 0.00
v 7941.18 5823.53 -18.00
v 7941.18 6352.94 -18.00
v 7941.18 6352.94 0.00
v 7941.18 5823.53 0.00
v 7941.18 6352.94 -18.00
v 7411.77 6352.94 -18.00
v 7411.77 6352.94 0.00
v 7941.18 6352.94 0.00
v 7411.77 6352.94 -18.00
v 7411.77 5823.53 -18.00
v 7411.77 5823.53 0.00
v 7411.77 6352.94 0.00
v 7411.77 6882.35 -18.00
v 7941.18 6882.35 -18.00
v 7941.18 6352.94 -18.00
v 7411.77 6352.94 -18.00
v 7411.77 6352.94 0.00
v 7941.18 6352.94 0.00
v 7941.18 6882.35 0.00
v 7411.77 6882.35 0.00
v 7411.77 6352.94 -18.00
v 7941.18 6352.94 -18.00
v 7941.18 6352.94 0.00
v 7411.77 6352.94 0.00
v 7941.18 6352.94 -18.00
v 7941.18 6882.35 -18.00
v 7941.18 6882.35 0.00
v 7941.18 6352.94 0.00
v 7941.18 6882.35 -18.00
v 7411.77 6882.35 -18.00
v 7411.77 6882.35 0.00
v 7941.18 6882.35 0.00
v 7411.77 6882.35 -18.00
v 7411.77 6352.94 -18.00
v 7411.77 6352.94 0.00
v 7411.77 6882.35 0.00
v 7411.77 7411.77 -18.00
v 7941.18 7411.77 -18.00
v 7941.18 6882.35 -18.00
v 7411.77 6882.35 -18.00
v 7411.77 6882.35 0.00
v 7941.18 6882.35 0.00
v 7941.18 7411.77 0.00
v 7411.77 7411.77 0.00
v 7411.77 6882.35 -18.00
v 7941.18 6882.35 -18.00
v 7941.18 6882.35 0.00
v 7411.77 6882.35 0.00
v 7941.18 6882.35 -18.00
v 7941.18 7411.77 -18.00
v 7941.18 7411.77 0.00
v 7941.18 6882.35 0.00
v 7941.18 7411.77 -18.00
v 7411.77 7411.77 -18.00
v 7411.77 7411.77 0.00
v 7941.18 7411.77 0.00
v 7411.77 7411.77 -18.00
v 7411.77 6882.35 -18.00
v 7411.77 6882.35 0.00
v 7411.77 7411.77 0.00
v 7411.77 7941.18 -18.00
v 7941.18 7941.18 -18.00
v 7941.18 7411.77 -18.00
v 7411.77 7411.77 -18.00
v 7411.77 7411.77 0.00
v 7941.18 7411.77 0.00
v 7941.18 7941.18 0.00
v 7411.77 7941.18 0.00
v 7411.77 7411.77 -18.00
v 7941.18 7411.77 -18.00
v 7941.18 7411.77 0.00
v 7411.77 7411.77 0.00
v 7941.18 7411.77 -18.00
v 7941.18 7941.18 -18.00
v 7941.18 7941.18 0.00
v 7941.18 7411.77 0.00
v 7941.18 7941.18 -18.00
v 7411.77 7941.18 -18.00
v 7411.77 7941.18 0.00
v 7941.18 7941.18 0.00
v 7411.77 7941.18 -18.00
v 7411.77 7411.77 -18.00
v 7411.77 7411.77 0.00
v 7411.77 7941.18 0.00
v 7411.77 8470.59 -18.00
v 7941.18 8470.59 -18.00
v 7941.18 7941.18 -18.00
v 7411.77 7941.18 -18.00
v 7411.77 7941.18 0.00
v 7941.18 7941.18 0.00
v 7941.18 8470.59 0.00
v 7411.77 8470.59 0.00
v 7411.77 7941.18 -18.00
v 7941.18 7941.18 -18.00
v 7941.18 7941.18 0.00
v 7411.77 7941.18 0.00
v 7941.18 7941.18 -18.00
v 7941.18 8470.59 -18.00
v 7941.18 8470.59 0.00
v 7941.18 7941.18 0.00
v 7941.18 8470.59 -18.00
v 7411.77 8470.59 -18.00
v 7411.77 8470.59 0.00
v 7941.18 8470.59 0.00
v 7411.77 8470.59 -18.00
v 7411.77 7941.18 -18.00
v 7411.77 7941.18 0.00
v 7411.77 8470.59 0.00
v 7411.77 9000.00 -18.00
v 7941.18 9000.00 -18.00
v 7941.18 8470.59 -18.00
v 7411.77 8470.59 -18.00
v 7411.77 8470.59 0.00
v 7941.18 8470.59 0.00
v 7941.18 9000.00 0.00
v 7411.77 9000.00 0.00
v 7411.77 8470.59 -18.00
v 7941.18 8470.59 -18.00
v 7941.18 8470.59 0.00
v 7411.77 8470.59 0.00
v 7941.18 8470.59 -18.00
v 7941.18 9000.00 -18.00
v 7941.18 9000.00 0.00
v 7941.18 8470.59 0.00
v 7941.18 9000.00 -18.00
v 7411.77 9000.00 -18.00
v 7411.77 9000.00 0.00
v 7941.18 9000.00 0.00
v 7411.77 9000.00 -18.00
v 7411.77 8470.59 -18.00
v 7411.77 8470.59 0.00
v 7411.77 9000.00 0.00
v 7941.18 5294.12 -18.00
v 8470.59 5294.12 -18.00
v 8470.59 4764.71 -18.00
v 7941.18 4764.71 -18.00
v 7941.18 4764.71 0.00
v 8470.59 4764.71 0.00
v 8470.59 5294.12 0.00
v 7941.18 5294.12 0.00
v 8470.59 4764.71 -18.00
v 8470.59 5294.12 -18.00
v 8470.59 5294.12 0.00
v 8470.59 4764.71 0.00
v 8470.59 5294.12 -18.00
v 7941.18 5294.12 -18.00
v 7941.18 5294.12 0.00
v 8470.59 5294.12 0.00
v 7941.18 5294.12 -18.00
v 7941.18 4764.71 -18.00
v 7941.18 4764.71 0.00
v 7941.18 5294.12 0.00
v 7941.18 5823.53 -18.00
v 8470.59 5823.53 -18.00
v 8470.59 5294.12 -18.00
v 7941.18 5294.12 -18.00
v 7941.18 5294.12 0.00
v 8470.59 5294.12 0.00
v 8470.59 5823.53 0.00
v 7941.18 5823.53 0.00
v 7941.18 5294.12 -18.00
v 8470.59 5294.12 -18.00
v 8470.59 5294.12 0.00
v 7941.18 5294.12 0.00
v 8470.59 5294.12 -18.00
v 8470.59 5823.53 -18.00
v 8470.59 5823.53 0.00
v 8470.59 5294.12 0.00
v 8470.59 5823.53 -18.00
v 7941.18 5823.53 -18.00
v 7941.18 5823.53 0.00
v 8470.59 5823.53 0.00
v 7941.18 5823.53 -18.00
v 7941.18 5294.12 -18.00
v 7941.18 5294.12 0.00
v 7941.18 5823.53 0.00
v 7941.18 6352.94 -18.00
v 8470.59 6352.94 -18.00
v 8470.59 5823.53 -18.00
v 7941.18 5823.53 -18.00
v 7941.18 5823.53 0.00
v 8470.59 5823.53 0.00
v 8470.59 6352.94 0.00
v 7941.18 6352.94 0.00
v 7941.18 5823.53 -18.00
v 8470.59 5823.53 -18.00
v 8470.59 5823.53 0.00
v 7941.18 5823.53 0.00
v 8470.59 5823.53 -18.00
v 8470.59 6352.94 -18.00
v 8470.59 6352.94 0.00
v 8470.59 5823.53 0.00
v 8470.59 6352.94 -18.00
v 7941.18 6352.94 -18.00
v 7941.18 6352.94 0.00
v 8470.59 6352.94 0.00
v 7941.18 6352.94 -18.00
v 7941.18 5823.53 -18.00
v 7941.18 5823.53 0.00
v 7941.18 6352.94 0.00
v 7941.18 6882.35 -18.00
v 8470.59 6882.35 -18.00
v 8470.59 6352.94 -18.00
v 7941.18 6352.94 -18.00
v 7941.18 6352.94 0.00
v 8470.59 6352.94 0.00
v 8470.59 6882.35 0.00
v 7941.18 6882.35 0.00
v 7941.18 6352.94 -18.00
v 8470.59 6352.94 -18.00
v 8470.59 6352.94 0.00
v 7941.18 6352.94 0.00
v 8470.59 6352.94 -18.00
v 8470.59 6882.35 -18.00
v 8470.59 6882.35 0.00
v 8470.59 6352.94 0.00
v 8470.59 6882.35 -18.00
v 7941.18 6882.35 -18.00
v 7941.18 6882.35 0.00
v 8470.59 6882.35 0.00
v 7941.18 6882.35 -18.00
v 7941.18 6352.94 -18.00
v 7941.18 6352.94 0.00
v 7941.18 6882.35 0.00
v 7941.18 7411.77 -18.00
v 8470.59 7411.77 -18.00
v 8470.59 6882.35 -18.00
v 7941.18 6882.35 -18.00
v 7941.18 6882.35 0.00
v 8470.59 6882.35 0.00
v 8470.59 7411.77 0.00
v 7941.18 7411.77 0.00
v 7941.18 6882.35 -18.00
v 8470.59 6882.35 -18.00
v 8470.59 6882.35 0.00
v 7941.18 6882.35 0.00
v 8470.59 6882.35 -18.00
v 8470.59 7411.77 -18.00
v 8470.59 7411.77 0.00
v 8470.59 6882.35 0.00
v 8470.59 7411.77 -18.00
v 7941.18 7411.77 -18.00
v 7941.18 7411.77 0.00
v 8470.59 7411.77 0.00
v 7941.18 7411.77 -18.00
v 7941.18 6882.35 -18.00
v 7941.18 6882.35 0.00
v 7941.18 7411.77 0.00
v 7941.18 7941.18 -18.00
v 8470.59 7941.18 -18.00
v 8470.59 7411.77 -18.00
v 7941.18 7411.77 -18.00
v 7941.18 7411.77 0.00
v 8470.59 7411.77 0.00
v 8470.59 7941.18 0.00
v 7941.18 7941.18 0.00
v 7941.18 7411.77 -18.00
v 8470.59 7411.77 -18.00
v 8470.59 7411.77 0.00
v 7941.18 7411.77 0.00
v 8470.59 7411.77 -18.00
v 8470.59 7941.18 -18.00
v 8470.59 7941.18 0.00
v 8470.59 7411.77 0.00
v 8470.59 7941.18 -18.00
v 7941.18 7941.18 -18.00
v 7941.18 7941.18 0.00
v 8470.59 7941.18 0.00
v 7941.18 7941.18 -18.00
v 7941.18 7411.77 -18.00
v 7941.18 7411.77 0.00
v 7941.18 7941.18 0.00
v 7941.18 8470.59 -18.00
v 8470.59 8470.59 -18.00
v 8470.59 7941.18 -18.00
v 7941.18 7941.18 -18.00
v 7941.18 7941.18 0.00
v 8470.59 7941.18 0.00
v 8470.59 8470.59 0.00
v 7941.18 8470.59 0.00
v 7941.18 7941.18 -18.00
v 8470.59 7941.18 -18.00
v 8470.59 7941.18 0.00
v 7941.18 7941.18 0.00
v 8470.59 7941.18 -18.00
v 8470.59 8470.59 -18.00
v 8470.59 8470.59 0.00
v 8470.59 7941.18 0.00
v 8470.59 8470.59 -18.00
v 7941.18 8470.59 -18.00
v 7941.18 8470.59 0.00
v 8470.59 8470.59 0.00
v 7941.18 8470.59 -18.00
v 7941.18 7941.18 -18.00
v 7941.18 7941.18 0.00
v 7941.18 8470.59 0.00
v 7941.18 9000.00 -18.00
v 8470.59 9000.00 -18.00
v 8470.59 8470.59 -18.00
v 7941.18 8470.59 -18.00
v 7941.18 8470.59 0.00
v 8470.59 8470.59 0.00
v 8470.59 9000.00 0.00
v 7941.18 9000.00 0.00
v 7941.18 8470.59 -18.00
v 8470.59 8470.59 -18.00
v 8470.59 8470.59 0.00
v 7941.18 8470.59 0.00
v 8470.59 8470.59 -18.00
v 8470.59 9000.00 -18.00
v 8470.59 9000.00 0.00
v 8470.59 8470.59 0.00
v 8470.59 9000.00 -18.00
v 7941.18 9000.00 -18.00
v 7941.18 9000.00 0.00
v 8470.59 9000.00 0.00
v 7941.18 9000.00 -18.00
v 7941.18 8470.59 -18.00
v 7941.18 8470.59 0.00
v 7941.18 9000.00 0.00
v 8470.59 5294.12 -18.00
v 9000.00 5294.12 -18.00
v 9000.00 4764.71 -18.00
v 8470.59 4764.71 -18.00
v 8470.59 4764.71 0.00
v 9000.00 4764.71 0.00
v 9000.00 5294.12 0.00
v 8470.59 5294.12 0.00
v 9000.00 4764.71 -18.00
v 9000.00 5294.12 -18.00
v 9000.00 5294.12 0.00
v 9000.00 4764.71 0.00
v 9000.00 5294.12 -18.00
v 8470.59 5294.12 -18.00
v 8470.59 5294.12 0.00
v 9000.00 5294.12 0.00
v 8470.59 5294.12 -18.00
v 8470.59 4764.71 -18.00
v 8470.59 4764.71 0.00
v 8470.59 5294.12 0.00
v 8470.59 5823.53 -18.00
v 9000.00 5823.53 -18.00
v 9000.00 5294.12 -18.00
v 8470.59 5294.12 -18.00
v 8470.59 5294.12 0.00
v 9000.00 5294.12 0.00
v 9000.00 5823.53 0.00
v 8470.59 5823.53 0.00
v 8470.59 5294.12 -18.00
v 9000.00 5294.12 -18.00
v 9000.00 5294.12 0.00
v 8470.59 5294.12 0.00
v 9000.00 5294.12 -18.00
v 9000.00 5823.53 -18.00
v 9000.00 5823.53 0.00
v 9000.00 5294.12 0.00
v 9000.00 5823.53 -18.00
v 8470.59 5823.53 -18.00
v 8470.59 5823.53 0.00
v 9000.00 5823.53 0.00
v 8470.59 5823.53 -18.00
v 8470.59 5294.12 -18.00
v 8470.59 5294.12 0.00
v 8470.59 5823.53 0.00
v 8470.59 6352.94 -18.00
v 9000.00 6352.94 -18.00
v 9000.00 5823.53 -18.00
v 8470.59 5823.53 -18.00
v 8470.59 5823.53 0.00
v 9000.00 5823.53 0.00
v 9000.00 6352.94 0.00
v 8470.59 6352.94 0.00
v 8470.59 5823.53 -18.00
v 9000.00 5823.53 -18.00
v 9000.00 5823.53 0.00
v 8470.59 5823.53 0.00
v 9000.00 5823.53 -18.00
v 9000.00 6352.94 -18.00
v 9000.00 6352.94 0.00
v 9000.00 5823.53 0.00
v 9000.00 6352.94 -18.00
v 8470.59 6352.94 -18.00
v 8470.59 6352.94 0.00
v 9000.00 6352.94 0.00
v 8470.59 6352.94 -18.00
v 8470.59 5823.53 -18.00
v 8470.59 5823.53 0.00
v 8470.59 6352.94 0.00
v 8470.59 6882.35 -18.00
v 9000.00 6882.35 -18.00
v 9000.00 6352.94 -18.00
v 8470.59 6352.94 -18.00
v 8470.59 6352.94 0.00
v 9000.00 6352.94 0.00
v 9000.00 6882.35 0.00
v 8470.59 6882.35 0.00
v 8470.59 6352.94 -18.00
v 9000.00 6352.94 -18.00
v 9000.00 6352.94 0.00
v 8470.59 6352.94 0.00
v 9000.00 6352.94 -18.00
v 9000.00 6882.35 -18.00
v 9000.00 6882.35 0.00
v 9000.00 6352.94 0.00
v 9000.00 6882.35 -18.00
v 8470.59 6882.35 -18.00
v 8470.59 6882.35 0.00
v 9000.00 6882.35 0.00
v 8470.59 6882.35 -18.00
v 8470.59 6352.94 -18.00
v 8470.59 6352.94 0.00
v 8470.59 6882.35 0.00
v 8470.59 7411.77 -18.00
v 9000.00 7411.77 -18.00
v 9000.00 6882.35 -18.00
v 8470.59 6882.35 -18.00
v 8470.59 6882.35 0.00
v 9000.00 6882.35 0.00
v 9000.00 7411.77 0.00
v 8470.59 7411.77 0.00
v 8470.59 6882.35 -18.00
v 9000.00 6882.35 -18.00
v 9000.00 6882.35 0.00
v 8470.59 6882.35 0.00
v 9000.00 6882.35 -18.00
v 9000.00 7411.77 -18.00
v 9000.00 7411.77 0.00
v 9000.00 6882.35 0.00
v 9000.00 7411.77 -18.00
v 8470.59 7411.77 -18.00
v 8470.59 7411.77 0.00
v 9000.00 7411.77 0.00
v 8470.59 7411.77 -18.00
v 8470.59 6882.35 -18.00
v 8470.59 6882.35 0.00
v 8470.59 7411.77 0.00
v 8470.59 7941.18 -18.00
v 9000.00 7941.18 -18.00
v 9000.00 7411.77 -18.00
v 8470.59 7411.77 -18.00
v 8470.59 7411.77 0.00
v 9000.00 7411.77 0.00
v 9000.00 7941.18 0.00
v 8470.59 7941.18 0.00
v 8470.59 7411.77 -18.00
v 9000.00 7411.77 -18.00
v 9000.00 7411.77 0.00
v 8470.59 7411.77 0.00
v 9000.00 7411.77 -18.00
v 9000.00 7941.18 -18.00
v 9000.00 7941.18 0.00
v 9000.00 7411.77 0.00
v 9000.00 7941.18 -18.00
v 8470.59 7941.18 -18.00
v 8470.59 7941.18 0.00
v 9000.00 7941.18 0.00
v 8470.59 7941.18 -18.00
v 8470.59 7411.77 -18.00
v 8470.59 7411.77 0.00
v 8470.59 7941.18 0.00
v 8470.59 8470.59 -18.00
v 9000.00 8470.59 -18.00
v 9000.00 7941.18 -18.00
v 8470.59 7941.18 -18.00
v 8470.59 7941.18 0.00
v 9000.00 7941.18 0.00
v 9000.00 8470.59 0.00
v 8470.59 8470.59 0.00
v 8470.59 7941.18 -18.00
v 9000.00 7941.18 -18.00
v 9000.00 7941.18 0.00
v 8470.59 7941.18 0.00
v 9000.00 7941.18 -18.00
v 9000.00 8470.59 -18.00
v 9000.00 8470.59 0.00
v 9000.00 7941.18 0.00
v 9000.00 8470.59 -18.00
v 8470.59 8470.59 -18.00
v 8470.59 8470.59 0.00
v 9000.00 8470.59 0.00
v 8470.59 8470.59 -18.00
v 8470.59 7941.18 -18.00
v 8470.59 7941.18 0.00
v 8470.59 8470.59 0.00
v 8470.59 9000.00 -18.00
v 9000.00 9000.00 -18.00
v 9000.00 8470.59 -18.00
v 8470.59 8470.59 -18.00
v 8470.59 8470.59 0.00
v 9000.00 8470.59 0.00
v 9000.00 9000.00 0.00
v 8470.59 9000.00 0.00
v 8470.59 8470.59 -18.00
v 9000.00 8470.59 -18.00
v 9000.00 8470.59 0.00
v 8470.59 8470.59 0.00
v 9000.00 8470.59 -18.00
v 9000.00 9000.00 -18.00
v 9000.00 9000.00 0.00
v 9000.00 8470.59 0.00
v 9000.00 9000.00 -18.00
v 8470.59 9000.00 -18.00
v 8470.59 9000.00 0.00
v 9000.00 9000.00 0.00
v 8470.59 9000.00 -18.00
v 8470.59 8470.59 -18.00
v 8470.59 8470.59 0.00
v 8470.59 9000.00 0.00

usemtl mat_flagstone
v -15.00 5990.00 0.00
v 15.00 5990.00 0.00
v 15.00 6010.00 0.00
v -15.00 6010.00 0.00
v 118.75 6360.00 0.00
v 123.10 6361.00 0.00
v 121.30 6359.10 0.75
v 117.47 6359.47 0.00

usemtl mat_granite
v -15.00 5990.00 9.00
v -15.00 6010.00 9.00
v 15.00 6010.00 9.00
v 15.00 5990.00 9.00
v -15.00 5990.00 0.00
v -15.00 6010.00 0.00
v -15.00 6010.00 9.00
v -15.00 5990.00 9.00
v 15.00 5990.00 0.00
v 15.00 5990.00 9.00
v 15.00 6010.00 9.00
v 15.00 6010.00 0.00
v -15.00 6010.00 0.00
v 15.00 6010.00 0.00
v 15.00 6010.00 9.00
v -15.00 6010.00 9.00
v -2.40 5990.00 0.00
v 2.40 5990.00 0.00
v 2.40 5990.00 9.00
v -2.40 5990.00 9.00
v -15.00 6010.00 9.00
v -10.00 6010.30 5.20
v -10.00 6009.70 5.20
v -12.00 6009.70 5.20
v -12.00 6009.70 5.20
v -10.00 6009.70 5.20
v -10.00 6010.30 5.20
v -15.00 6010.00 9.00
v 117.47 6359.47 0.00
v 121.30 6359.10 0.75
v 123.10 6361.00 0.00
v 118.75 6360.00 0.00
v -14.00 6471.00 0.00
v 14.00 6471.00 0.00
v 14.00 6489.00 0.00
v -14.00 6489.00 0.00
v -14.00 6471.00 9.00
v -14.00 6489.00 9.00
v 14.00 6489.00 9.00
v 14.00 6471.00 9.00
v -14.00 6471.00 0.00
v -14.00 6489.00 0.00
v -14.00 6489.00 9.00
v -14.00 6471.00 9.00
v 14.00 6471.00 0.00
v 14.00 6471.00 9.00
v 14.00 6489.00 9.00
v 14.00 6489.00 0.00
v -14.00 6489.00 0.00
v 14.00 6489.00 0.00
v 14.00 6489.00 9.00
v -14.00 6489.00 9.00
v -2.40 6471.00 0.00
v 2.40 6471.00 0.00
v 2.40 6471.00 9.00
v -2.40 6471.00 9.00

usemtl mat_window
v -2.40 5990.00 0.00
v 2.40 5990.00 0.00
v 2.00 5989.80 0.00
v -2.00 5989.80 0.00
v -2.00 5989.80 0.00
v 2.00 5989.80 0.00
v 2.40 5990.00 0.00
v -2.40 5990.00 0.00
v 98.00 5988.00 0.00
v 142.00 5988.00 0.00
v 142.00 6012.00 0.00
v 98.00 6012.00 0.00
v 98.00 5988.00 9.00
v 98.00 6012.00 9.00
v 142.00 6012.00 9.00
v 142.00 5988.00 9.00
v 98.00 5988.00 0.00
v 98.00 6012.00 0.00
v 98.00 6012.00 9.00
v 98.00 5988.00 9.00
v 142.00 5988.00 0.00
v 142.00 5988.00 9.00
v 142.00 6012.00 9.00
v 142.00 6012.00 0.00
v 98.00 6012.00 0.00
v 142.00 6012.00 0.00
v 142.00 6012.00 9.00
v 98.00 6012.00 9.00
v 117.60 5988.00 0.00
v 122.40 5988.00 0.00
v 122.40 5988.00 9.00
v 117.60 5988.00 9.00
v 116.40 6000.00 3.40
v 113.50 6000.00 0.00
v 113.00 6000.00 10.00
v 113.50 6000.00 0.00
v 109.60 6000.00 3.40
v 113.00 6000.00 10.00
v 109.60 6000.00 3.40
v 112.75 5999.57 0.00
v 113.00 6000.00 10.00
v 112.75 5999.57 0.00
v 115.40 5997.60 3.40
v 113.00 6000.00 10.00
v 115.40 5997.60 3.40
v 116.40 6000.00 3.40
v 113.00 6000.00 10.00
v 130.40 6000.00 3.40
v 127.50 6000.00 0.00
v 127.00 6000.00 10.00
v 127.50 6000.00 0.00
v 124.60 6002.40 3.40
v 127.00 6000.00 10.00
v 124.60 6002.40 3.40
v 124.60 5997.60 3.40
v 127.00 6000.00 10.00
v 124.60 5997.60 3.40
v 126.75 5999.57 0.00
v 127.00 6000.00 10.00
v 126.75 5999.57 0.00
v 130.40 6000.00 3.40
v 127.00 6000.00 10.00
v 124.60 6002.40 3.40
v 116.40 6000.00 3.40
v 115.40 5997.60 3.40
v 124.60 5997.60 3.40
v 124.60 6002.40 3.40
v 116.40 6000.00 3.40
v 115.40 5997.60 3.40
v 124.60 5997.60 3.40
v 139.00 5990.00 0.45
v 141.40 5990.00 0.45
v 142.00 5988.00 0.00
v 139.00 5989.20 0.45
v 139.00 5989.20 0.45
v 142.00 5988.00 0.00
v 141.40 5990.00 0.45
v 139.00 5990.00 0.45
v -26.00 6114.00 0.00
v 26.00 6114.00 0.00
v 26.00 6126.00 0.00
v -26.00 6126.00 0.00
v -26.00 6114.00 9.00
v -26.00 6126.00 9.00
v 26.00 6126.00 9.00
v 26.00 6114.00 9.00
v -1.40 6480.80 0.00
v 1.40 6480.80 0.00
v 1.40 6479.20 0.00
v -1.40 6479.20 0.00
v -1.40 6479.20 0.00
v 1.40 6479.20 0.00
v 1.40 6480.80 0.00
v -1.40 6480.80 0.00
v 108.00 6471.00 0.00
v 132.00 6471.00 0.00
v 132.00 6489.00 0.00
v 108.00 6489.00 0.00
v 108.00 6471.00 9.00
v 108.00 6489.00 9.00
v 132.00 6489.00 9.00
v 132.00 6471.00 9.00
v 108.00 6471.00 0.00
v 108.00 6489.00 0.00
v 108.00 6489.00 9.00
v 108.00 6471.00 9.00
v 132.00 6471.00 0.00
v 132.00 6471.00 9.00
v 132.00 6489.00 9.00
v 132.00 6489.00 0.00
v 108.00 6489.00 0.00
v 132.00 6489.00 0.00
v 132.00 6489.00 9.00
v 108.00 6489.00 9.00
v 117.60 6471.00 0.00
v 122.40 6471.00 0.00
v 122.40 6471.00 9.00
v 117.60 6471.00 9.00
v 119.00 6475.60 0.00
v 121.00 6475.60 0.00
v 122.40 6471.00 0.00
v 117.60 6471.00 0.00
v 117.60 6471.00 0.00
v 122.40 6471.00 0.00
v 121.00 6475.60 0.00
v 119.00 6475.60 0.00
v 119.00 6475.60 0.00
v 121.00 6475.60 0.00
v 122.40 6471.00 0.00
v 117.60 6471.00 0.00
v 117.60 6471.00 0.00
v 122.40 6471.00 0.00
v 121.00 6475.60 0.00
v 119.00 6475.60 0.00
v 118.70 6480.90 0.75
v 121.30 6480.90 0.75
v 121.00 6475.60 0.00
v 119.00 6475.60 0.00
v 119.00 6475.60 0.00
v 121.00 6475.60 0.00
v 121.30 6480.90 0.75
v 118.70 6480.90 0.75
v -24.00 6585.00 0.00
v 24.00 6585.00 0.00
v 24.00 6615.00 0.00
v -24.00 6615.00 0.00
v -24.00 6585.00 9.00
v -24.00 6615.00 9.00
v 24.00 6615.00 9.00
v 24.00 6585.00 9.00
v -24.00 6585.00 0.00
v -24.00 6615.00 0.00
v -24.00 6615.00 9.00
v -24.00 6585.00 9.00
v 24.00 6585.00 0.00
v 24.00 6585.00 9.00
v 24.00 6615.00 9.00
v 24.00 6615.00 0.00
v -24.00 6615.00 0.00
v 24.00 6615.00 0.00
v 24.00 6615.00 9.00
v -24.00 6615.00 9.00
v -2.40 6585.00 0.00
v 2.40 6585.00 0.00
v 2.40 6585.00 9.00
v -2.40 6585.00 9.00
v -24.00 6615.00 9.00
v -19.00 6615.30 5.20
v -19.00 6614.70 5.20
v -21.00 6614.70 5.20
v -21.00 6614.70 5.20
v -19.00 6614.70 5.20
v -19.00 6615.30 5.20
v -24.00 6615.00 9.00
v 3.00 6615.30 5.20
v 5.00 6615.30 5.20
v 5.00 6614.70 5.20
v 3.00 6614.70 5.20
v 3.00 6614.70 5.20
v 5.00 6614.70 5.20
v 5.00 6615.30 5.20
v 3.00 6615.30 5.20
v 19.00 6615.30 5.20
v 24.00 6615.00 9.00
v 21.00 6614.70 5.20
v 19.00 6614.70 5.20
v 19.00 6614.70 5.20
v 21.00 6614.70 5.20
v 24.00 6615.00 9.00
v 19.00 6615.30 5.20
v -3.60 6600.00 3.40
v -6.50 6600.00 0.00
v -7.00 6600.00 10.00
v -6.50 6600.00 0.00
v -10.40 6600.00 3.40
v -7.00 6600.00 10.00
v -10.40 6600.00 3.40
v -7.25 6599.57 0.00
v -7.00 6600.00 10.00
v -7.25 6599.57 0.00
v -4.60 6597.60 3.40
v -7.00 6600.00 10.00
v -4.60 6597.60 3.40
v -3.60 6600.00 3.40
v -7.00 6600.00 10.00
v 10.40 6600.00 3.40
v 7.50 6600.00 0.00
v 7.00 6600.00 10.00
v 7.50 6600.00 0.00
v 4.60 6602.40 3.40
v 7.00 6600.00 10.00
v 4.60 6602.40 3.40
v 4.60 6597.60 3.40
v 7.00 6600.00 10.00
v 4.60 6597.60 3.40
v 6.75 6599.57 0.00
v 7.00 6600.00 10.00
v 6.75 6599.57 0.00
v 10.40 6600.00 3.40
v 7.00 6600.00 10.00

usemtl mat_wood
v -26.00 6114.00 0.00
v -26.00 6126.00 0.00
v -26.00 6126.00 9.00
v -26.00 6114.00 9.00
v 26.00 6114.00 0.00
v 26.00 6114.00 9.00
v 26.00 6126.00 9.00
v 26.00 6126.00 0.00
v -26.00 6126.00 0.00
v 26.00 6126.00 0.00
v 26.00 6126.00 9.00
v -26.00 6126.00 9.00
v -2.40 6114.00 0.00
v 2.40 6114.00 0.00
v 2.40 6114.00 9.00
v -2.40 6114.00 9.00
v -22.00 6114.20 2.00
v -18.00 6114.20 2.00
v -18.00 6114.20 6.00
v -22.00 6114.20 6.00
v -18.00 6114.20 2.00
v -22.00 6114.20 2.00
v -22.00 6114.20 6.00
v -18.00 6114.20 6.00
v 107.00 6110.00 0.00
v 133.00 6110.00 0.00
v 133.00 6130.00 0.00
v 107.00 6130.00 0.00
v 107.00 6110.00 9.00
v 107.00 6130.00 9.00
v 133.00 6130.00 9.00
v 133.00 6110.00 9.00
v 107.00 6110.00 0.00
v 107.00 6130.00 0.00
v 107.00 6130.00 9.00
v 107.00 6110.00 9.00
v 133.00 6110.00 0.00
v 133.00 6110.00 9.00
v 133.00 6130.00 9.00
v 133.00 6130.00 0.00
v 107.00 6130.00 0.00
v 133.00 6130.00 0.00
v 133.00 6130.00 9.00
v 107.00 6130.00 9.00
v 117.60 6110.00 0.00
v 122.40 6110.00 0.00
v 122.40 6110.00 9.00
v 117.60 6110.00 9.00
v 119.00 6130.30 5.20
v 121.00 6130.30 5.20
v 121.00 6129.70 5.20
v 119.00 6129.70 5.20
v 119.00 6129.70 5.20
v 121.00 6129.70 5.20
v 121.00 6130.30 5.20
v 119.00 6130.30 5.20
v 128.00 6130.30 5.20
v 133.00 6130.00 9.00
v 130.00 6129.70 5.20
v 128.00 6129.70 5.20
v 128.00 6129.70 5.20
v 130.00 6129.70 5.20
v 133.00 6130.00 9.00
v 128.00 6130.30 5.20
v -17.00 6229.00 0.00
v 17.00 6229.00 0.00
v 17.00 6251.00 0.00
v -17.00 6251.00 0.00
v -17.00 6229.00 9.00
v -17.00 6251.00 9.00
v 17.00 6251.00 9.00
v 17.00 6229.00 9.00
v -17.00 6229.00 0.00
v -17.00 6251.00 0.00
v -17.00 6251.00 9.00
v -17.00 6229.00 9.00
v 17.00 6229.00 0.00
v 17.00 6229.00 9.00
v 17.00 6251.00 9.00
v 17.00 6251.00 0.00
v -17.00 6251.00 0.00
v 17.00 6251.00 0.00
v 17.00 6251.00 9.00
v -17.00 6251.00 9.00
v -2.40 6229.00 0.00
v 2.40 6229.00 0.00
v 2.40 6229.00 9.00
v -2.40 6229.00 9.00
v -17.00 6251.00 0.00
v -15.00 6250.60 1.00
v -15.00 6229.40 1.00
v -17.00 6229.00 0.00
v -17.00 6229.00 0.00
v -15.00 6229.40 1.00
v -15.00 6250.60 1.00
v -17.00 6251.00 0.00
v 4.60 6602.40 3.40
v -3.60 6600.00 3.40
v -4.60 6597.60 3.40
v 4.60 6597.60 3.40
v 4.60 6602.40 3.40
v -3.60 6600.00 3.40
v -4.60 6597.60 3.40
v 4.60 6597.60 3.40
v 112.00 6592.00 0.00
v 128.00 6592.00 0.00
v 128.00 6608.00 0.00
v 112.00 6608.00 0.00
v 112.00 6592.00 9.00
v 112.00 6608.00 9.00
v 128.00 6608.00 9.00
v 128.00 6592.00 9.00
v 112.00 6592.00 0.00
v 112.00 6608.00 0.00
v 112.00 6608.00 9.00
v 112.00 6592.00 9.00
v 128.00 6592.00 0.00
v 128.00 6592.00 9.00
v 128.00 6608.00 9.00
v 128.00 6608.00 0.00
v 112.00 6608.00 0.00
v 128.00 6608.00 0.00
v 128.00 6608.00 9.00
v 112.00 6608.00 9.00
v 128.00 6608.00 0.00
v 112.00 6608.00 0.00
v 112.00 6608.00 9.00
v 128.00 6608.00 9.00
v -22.00 6716.00 0.00
v 22.00 6716.00 0.00
v 22.00 6724.00 0.00
v -22.00 6724.00 0.00
v -22.00 6716.00 9.00
v -22.00 6724.00 9.00
v 22.00 6724.00 9.00
v 22.00 6716.00 9.00
v -22.00 6716.00 0.00
v -22.00 6724.00 0.00
v -22.00 6724.00 9.00
v -22.00 6716.00 9.00
v 22.00 6716.00 0.00
v 22.00 6716.00 9.00
v 22.00 6724.00 9.00
v 22.00 6724.00 0.00
v -22.00 6724.00 0.00
v 22.00 6724.00 0.00
v 22.00 6724.00 9.00
v -22.00 6724.00 9.00
v -2.40 6716.00 0.00
v 2.40 6716.00 0.00
v 2.40 6716.00 9.00
v -2.40 6716.00 9.00

usemtl mat_iron
v -17.00 6251.00 0.00
v -15.00 6250.60 1.00
v -15.00 6229.40 1.00
v -17.00 6229.00 0.00
v -17.00 6229.00 0.00
v -15.00 6229.40 1.00
v -15.00 6250.60 1.00
v -17.00 6251.00 0.00
v -17.00 6251.00 0.00
v -15.00 6250.60 1.00
v -15.00 6229.40 1.00
v -17.00 6229.00 0.00
v -17.00 6229.00 0.00
v -15.00 6229.40 1.00
v -15.00 6250.60 1.00
v -17.00 6251.00 0.00
v -17.00 6251.00 0.00
v -15.00 6250.60 1.00
v -15.00 6229.40 1.00
v -17.00 6229.00 0.00
v -17.00 6229.00 0.00
v -15.00 6229.40 1.00
v -15.00 6250.60 1.00
v -17.00 6251.00 0.00
v -1.30 6240.90 0.75
v 1.30 6240.90 0.75
v 1.30 6239.10 0.75
v -1.30 6239.10 0.75
v -1.30 6239.10 0.75
v 1.30 6239.10 0.75
v 1.30 6240.90 0.75
v -1.30 6240.90 0.75
v 100.00 6231.00 0.00
v 140.00 6231.00 0.00
v 140.00 6249.00 0.00
v 100.00 6249.00 0.00
v 100.00 6231.00 9.00
v 100.00 6249.00 9.00
v 140.00 6249.00 9.00
v 140.00 6231.00 9.00
v 100.00 6231.00 0.00
v 100.00 6249.00 0.00
v 100.00 6249.00 9.00
v 100.00 6231.00 9.00
v 140.00 6231.00 0.00
v 140.00 6231.00 9.00
v 140.00 6249.00 9.00
v 140.00 6249.00 0.00
v -23.00 6372.00 0.00
v 23.00 6372.00 0.00
v 23.00 6372.00 9.00
v -23.00 6372.00 9.00
v -2.40 6348.00 0.00
v 2.40 6348.00 0.00
v 2.40 6348.00 9.00
v -2.40 6348.00 9.00
v -20.00 6361.60 0.80
v 20.00 6361.60 0.80
v 20.00 6358.40 0.80
v -20.00 6358.40 0.80
v -20.00 6358.40 0.80
v 20.00 6358.40 0.80
v 20.00 6361.60 0.80
v -20.00 6361.60 0.80
v 105.00 6350.00 0.00
v 135.00 6350.00 0.00
v 135.00 6370.00 0.00
v 105.00 6370.00 0.00
v 105.00 6350.00 9.00
v 105.00 6370.00 9.00
v 135.00 6370.00 9.00
v 135.00 6350.00 9.00

usemtl mat_window_lit
v 100.00 6249.00 0.00
v 140.00 6249.00 0.00
v 140.00 6249.00 9.00
v 100.00 6249.00 9.00
v 117.60 6231.00 0.00
v 122.40 6231.00 0.00
v 122.40 6231.00 9.00
v 117.60 6231.00 9.00
v -23.00 6348.00 0.00
v 23.00 6348.00 0.00
v 23.00 6372.00 0.00
v -23.00 6372.00 0.00
v -23.00 6348.00 9.00
v -23.00 6372.00 9.00
v 23.00 6372.00 9.00
v 23.00 6348.00 9.00
v -23.00 6348.00 0.00
v -23.00 6372.00 0.00
v -23.00 6372.00 9.00
v -23.00 6348.00 9.00
v 23.00 6348.00 0.00
v 23.00 6348.00 9.00
v 23.00 6372.00 9.00
v 23.00 6372.00 0.00
v 105.00 6350.00 0.00
v 105.00 6370.00 0.00
v 105.00 6370.00 9.00
v 105.00 6350.00 9.00
v 135.00 6350.00 0.00
v 135.00 6350.00 9.00
v 135.00 6370.00 9.00
v 135.00 6370.00 0.00
v 105.00 6370.00 0.00
v 135.00 6370.00 0.00
v 135.00 6370.00 9.00
v 105.00 6370.00 9.00
v 117.60 6350.00 0.00
v 122.40 6350.00 0.00
v 122.40 6350.00 9.00
v 117.60 6350.00 9.00
v 105.00 6370.00 9.00
v 110.00 6370.30 5.20
v 110.00 6369.70 5.20
v 108.00 6369.70 5.20
v 108.00 6369.70 5.20
v 110.00 6369.70 5.20
v 110.00 6370.30 5.20
v 105.00 6370.00 9.00

usemtl mat_grass
v 117.60 6592.00 0.00
v 122.40 6592.00 0.00
v 122.40 6592.00 9.00
v 117.60 6592.00 9.00
v 114.00 6595.20 0.00
v 126.00 6595.20 0.00
v 128.00 6592.00 0.00
v 112.00 6592.00 0.00
v 112.00 6592.00 0.00
v 128.00 6592.00 0.00
v 126.00 6595.20 0.00
v 114.00 6595.20 0.00
v 114.00 6600.80 2.40
v 126.00 6600.80 2.40
v 126.00 6595.20 0.00
v 114.00 6595.20 0.00
v 114.00 6595.20 0.00
v 126.00 6595.20 0.00
v 126.00 6600.80 2.40
v 114.00 6600.80 2.40
v 112.00 6608.00 0.00
v 128.00 6608.00 0.00
v 126.00 6600.80 2.40
v 114.00 6600.80 2.40
v 114.00 6600.80 2.40
v 126.00 6600.80 2.40
v 128.00 6608.00 0.00
v 112.00 6608.00 0.00
v 112.00 6608.00 0.00
v 128.00 6608.00 0.00
v 128.00 6608.00 9.00
v 112.00 6608.00 9.00
v 104.00 6710.00 0.00
v 136.00 6710.00 0.00
v 136.00 6730.00 0.00
v 104.00 6730.00 0.00
v 104.00 6710.00 9.00
v 104.00 6730.00 9.00
v 136.00 6730.00 9.00
v 136.00 6710.00 9.00
v 104.00 6710.00 0.00
v 104.00 6730.00 0.00
v 104.00 6730.00 9.00
v 104.00 6710.00 9.00
v 136.00 6710.00 0.00
v 136.00 6710.00 9.00
v 136.00 6730.00 9.00
v 136.00 6730.00 0.00
v 104.00 6730.00 0.00
v 136.00 6730.00 0.00
v 136.00 6730.00 9.00
v 104.00 6730.00 9.00
v 117.60 6710.00 0.00
v 122.40 6710.00 0.00
v 122.40 6710.00 9.00
v 117.60 6710.00 9.00
v 123.00 6730.30 5.20
v 125.00 6730.30 5.20
v 125.00 6729.70 5.20
v 123.00 6729.70 5.20
v 123.00 6729.70 5.20
v 125.00 6729.70 5.20
v 125.00 6730.30 5.20
v 123.00 6730.30 5.20

usemtl mat_marble
v 118.00 6720.00 0.00
v 114.38 6721.18 0.00
v 114.38 6721.18 5.50
v 118.00 6720.00 5.50
v 114.38 6721.18 0.00
v 114.38 6718.82 0.00
v 114.38 6718.82 5.50
v 114.38 6721.18 5.50
v 114.38 6718.82 0.00
v 115.38 6718.10 0.00
v 115.38 6718.10 5.50
v 114.38 6718.82 5.50
v 115.38 6718.10 0.00
v 118.00 6720.00 0.00
v 118.00 6720.00 5.50
v 115.38 6718.10 5.50
v 118.00 6720.00 5.50
v 114.38 6721.18 5.50
v 114.38 6718.82 5.50
v 115.38 6718.10 5.50
v 122.00 6720.00 0.00
v 118.00 6720.00 0.00
v 118.00 6720.00 5.50
v 122.00 6720.00 5.50
v 118.00 6720.00 0.00
v 115.38 6718.10 0.00
v 115.38 6718.10 5.50
v 118.00 6720.00 5.50
v 115.38 6718.10 0.00
v 120.62 6718.10 0.00
v 120.62 6718.10 5.50
v 115.38 6718.10 5.50
v 120.62 6718.10 0.00
v 122.00 6720.00 0.00
v 122.00 6720.00 5.50
v 120.62 6718.10 5.50
v 122.00 6720.00 5.50
v 118.00 6720.00 5.50
v 115.38 6718.10 5.50
v 120.62 6718.10 5.50
v 126.00 6720.00 0.00
v 122.00 6720.00 0.00
v 122.00 6720.00 5.50
v 126.00 6720.00 5.50
v 122.00 6720.00 0.00
v 120.62 6718.10 0.00
v 120.62 6718.10 5.50
v 122.00 6720.00 5.50
v 120.62 6718.10 0.00
v 125.62 6718.82 0.00
v 125.62 6718.82 5.50
v 120.62 6718.10 5.50
v 125.62 6718.82 0.00
v 126.00 6720.00 0.00
v 126.00 6720.00 5.50
v 125.62 6718.82 5.50
v 126.00 6720.00 5.50
v 122.00 6720.00 5.50
v 120.62 6718.10 5.50
v 125.62 6718.82 5.50
