# Castle & Palace — interiors LOD
mtllib interiors_low.mtl

usemtl mat_water
v -9000.00 5294.12 -18.00
v -8470.59 5294.12 -18.00
v -8470.59 4764.71 -18.00
v -9000.00 4764.71 -18.00
v -9000.00 4764.71 0.00
v -8470.59 4764.71 0.00
v -8470.59 5294.12 0.00
v -9000.00 5294.12 0.00
v -8470.59 4764.71 -18.00
v -8470.59 5294.12 -18.00
v -8470.59 5294.12 0.00
v -8470.59 4764.71 0.00
v -8470.59 5294.12 -18.00
v -9000.00 5294.12 -18.00
v -9000.00 5294.12 0.00
v -8470.59 5294.12 0.00
v -9000.00 5294.12 -18.00
v -9000.00 4764.71 -18.00
v -9000.00 4764.71 0.00
v -9000.00 5294.12 0.00
v -9000.00 5823.53 -18.00
v -8470.59 5823.53 -18.00
v -8470.59 5294.12 -18.00
v -9000.00 5294.12 -18.00
v -9000.00 5294.12 0.00
v -8470.59 5294.12 0.00
v -8470.59 5823.53 0.00
v -9000.00 5823.53 0.00
v -9000.00 5294.12 -18.00
v -8470.59 5294.12 -18.00
v -8470.59 5294.12 0.00
v -9000.00 5294.12 0.00
v -8470.59 5294.12 -18.00
v -8470.59 5823.53 -18.00
v -8470.59 5823.53 0.00
v -8470.59 5294.12 0.00
v -8470.59 5823.53 -18.00
v -9000.00 5823.53 -18.00
v -9000.00 5823.53 0.00
v -8470.59 5823.53 0.00
v -9000.00 5823.53 -18.00
v -9000.00 5294.12 -18.00
v -9000.00 5294.12 0.00
v -9000.00 5823.53 0.00
v -9000.00 6352.94 -18.00
v -8470.59 6352.94 -18.00
v -8470.59 5823.53 -18.00
v -9000.00 5823.53 -18.00
v -9000.00 5823.53 0.00
v -8470.59 5823.53 0.00
v -8470.59 6352.94 0.00
v -9000.00 6352.94 0.00
v -9000.00 5823.53 -18.00
v -8470.59 5823.53 -18.00
v -8470.59 5823.53 0.00
v -9000.00 5823.53 0.00
v -8470.59 5823.53 -18.00
v -8470.59 6352.94 -18.00
v -8470.59 6352.94 0.00
v -8470.59 5823.53 0.00
v -8470.59 6352.94 -18.00
v -9000.00 6352.94 -18.00
v -9000.00 6352.94 0.00
v -8470.59 6352.94 0.00
v -9000.00 6352.94 -18.00
v -9000.00 5823.53 -18.00
v -9000.00 5823.53 0.00
v -9000.00 6352.94 0.00
v -9000.00 6882.35 -18.00
v -8470.59 6882.35 -18.00
v -8470.59 6352.94 -18.00
v -9000.00 6352.94 -18.00
v -9000.00 6352.94 0.00
v -8470.59 6352.94 0.00
v -8470.59 6882.35 0.00
v -9000.00 6882.35 0.00
v -9000.00 6352.94 -18.00
v -8470.59 6352.94 -18.00
v -8470.59 6352.94 0.00
v -9000.00 6352.94 0.00
v -8470.59 6352.94 -18.00
v -8470.59 6882.35 -18.00
v -8470.59 6882.35 0.00
v -8470.59 6352.94 0.00
v -8470.59 6882.35 -18.00
v -9000.00 6882.35 -18.00
v -9000.00 6882.35 0.00
v -8470.59 6882.35 0.00
v -9000.00 6882.35 -18.00
v -9000.00 6352.94 -18.00
v -9000.00 6352.94 0.00
v -9000.00 6882.35 0.00
v -9000.00 7411.77 -18.00
v -8470.59 7411.77 -18.00
v -8470.59 6882.35 -18.00
v -9000.00 6882.35 -18.00
v -9000.00 6882.35 0.00
v -8470.59 6882.35 0.00
v -8470.59 7411.77 0.00
v -9000.00 7411.77 0.00
v -9000.00 6882.35 -18.00
v -8470.59 6882.35 -18.00
v -8470.59 6882.35 0.00
v -9000.00 6882.35 0.00
v -8470.59 6882.35 -18.00
v -8470.59 7411.77 -18.00
v -8470.59 7411.77 0.00
v -8470.59 6882.35 0.00
v -8470.59 7411.77 -18.00
v -9000.00 7411.77 -18.00
v -9000.00 7411.77 0.00
v -8470.59 7411.77 0.00
v -9000.00 7411.77 -18.00
v -9000.00 6882.35 -18.00
v -9000.00 6882.35 0.00
v -9000.00 7411.77 0.00
v -9000.00 7941.18 -18.00
v -8470.59 7941.18 -18.00
v -8470.59 7411.77 -18.00
v -9000.00 7411.77 -18.00
v -9000.00 7411.77 0.00
v -8470.59 7411.77 0.00
v -8470.59 7941.18 0.00
v -9000.00 7941.18 0.00
v -9000.00 7411.77 -18.00
v -8470.59 7411.77 -18.00
v -8470.59 7411.77 0.00
v -9000.00 7411.77 0.00
v -8470.59 7411.77 -18.00
v -8470.59 7941.18 -18.00
v -8470.59 7941.18 0.00
v -8470.59 7411.77 0.00
v -8470.59 7941.18 -18.00
v -9000.00 7941.18 -18.00
v -9000.00 7941.18 0.00
v -8470.59 7941.18 0.00
v -9000.00 7941.18 -18.00
v -9000.00 7411.77 -18.00
v -9000.00 7411.77 0.00
v -9000.00 7941.18 0.00
v -9000.00 8470.59 -18.00
v -8470.59 8470.59 -18.00
v -8470.59 7941.18 -18.00
v -9000.00 7941.18 -18.00
v -9000.00 7941.18 0.00
v -8470.59 7941.18 0.00
v -8470.59 8470.59 0.00
v -9000.00 8470.59 0.00
v -9000.00 7941.18 -18.00
v -8470.59 7941.18 -18.00
v -8470.59 7941.18 0.00
v -9000.00 7941.18 0.00
v -8470.59 7941.18 -18.00
v -8470.59 8470.59 -18.00
v -8470.59 8470.59 0.00
v -8470.59 7941.18 0.00
v -8470.59 8470.59 -18.00
v -9000.00 8470.59 -18.00
v -9000.00 8470.59 0.00
v -8470.59 8470.59 0.00
v -9000.00 8470.59 -18.00
v -9000.00 7941.18 -18.00
v -9000.00 7941.18 0.00
v -9000.00 8470.59 0.00
v -9000.00 9000.00 -18.00
v -8470.59 9000.00 -18.00
v -8470.59 8470.59 -18.00
v -9000.00 8470.59 -18.00
v -9000.00 8470.59 0.00
v -8470.59 8470.59 0.00
v -8470.59 9000.00 0.00
v -9000.00 9000.00 0.00
v -9000.00 8470.59 -18.00
v -8470.59 8470.59 -18.00
v -8470.59 8470.59 0.00
v -9000.00 8470.59 0.00
v -8470.59 8470.59 -18.00
v -8470.59 9000.00 -18.00
v -8470.59 9000.00 0.00
v -8470.59 8470.59 0.00
v -8470.59 9000.00 -18.00
v -9000.00 9000.00 -18.00
v -9000.00 9000.00 0.00
v -8470.59 9000.00 0.00
v -9000.00 9000.00 -18.00
v -9000.00 8470.59 -18.00
v -9000.00 8470.59 0.00
v -9000.00 9000.00 0.00
v -8470.59 5294.12 -18.00
v -7941.18 5294.12 -18.00
v -7941.18 4764.71 -18.00
v -8470.59 4764.71 -18.00
v -8470.59 4764.71 0.00
v -7941.18 4764.71 0.00
v -7941.18 5294.12 0.00
v -8470.59 5294.12 0.00
v -7941.18 4764.71 -18.00
v -7941.18 5294.12 -18.00
v -7941.18 5294.12 0.00
v -7941.18 4764.71 0.00
v -7941.18 5294.12 -18.00
v -8470.59 5294.12 -18.00
v -8470.59 5294.12 0.00
v -7941.18 5294.12 0.00
v -8470.59 5294.12 -18.00
v -8470.59 4764.71 -18.00
v -8470.59 4764.71 0.00
v -8470.59 5294.12 0.00
v -8470.59 5823.53 -18.00
v -7941.18 5823.53 -18.00
v -7941.18 5294.12 -18.00
v -8470.59 5294.12 -18.00
v -8470.59 5294.12 0.00
v -7941.18 5294.12 0.00
v -7941.18 5823.53 0.00
v -8470.59 5823.53 0.00
v -8470.59 5294.12 -18.00
v -7941.18 5294.12 -18.00
v -7941.18 5294.12 0.00
v -8470.59 5294.12 0.00
v -7941.18 5294.12 -18.00
v -7941.18 5823.53 -18.00
v -7941.18 5823.53 0.00
v -7941.18 5294.12 0.00
v -7941.18 5823.53 -18.00
v -8470.59 5823.53 -18.00
v -8470.59 5823.53 0.00
v -7941.18 5823.53 0.00
v -8470.59 5823.53 -18.00
v -8470.59 5294.12 -18.00
v -8470.59 5294.12 0.00
v -8470.59 5823.53 0.00
v -8470.59 6352.94 -18.00
v -7941.18 6352.94 -18.00
v -7941.18 5823.53 -18.00
v -8470.59 5823.53 -18.00
v -8470.59 5823.53 0.00
v -7941.18 5823.53 0.00
v -7941.18 6352.94 0.00
v -8470.59 6352.94 0.00
v -8470.59 5823.53 -18.00
v -7941.18 5823.53 -18.00
v -7941.18 5823.53 0.00
v -8470.59 5823.53 0.00
v -7941.18 5823.53 -18.00
v -7941.18 6352.94 -18.00
v -7941.18 6352.94 0.00
v -7941.18 5823.53 0.00
v -7941.18 6352.94 -18.00
v -8470.59 6352.94 -18.00
v -8470.59 6352.94 0.00
v -7941.18 6352.94 0.00
v -8470.59 6352.94 -18.00
v -8470.59 5823.53 -18.00
v -8470.59 5823.53 0.00
v -8470.59 6352.94 0.00
v -8470.59 6882.35 -18.00
v -7941.18 6882.35 -18.00
v -7941.18 6352.94 -18.00
v -8470.59 6352.94 -18.00
v -8470.59 6352.94 0.00
v -7941.18 6352.94 0.00
v -7941.18 6882.35 0.00
v -8470.59 6882.35 0.00
v -8470.59 6352.94 -18.00
v -7941.18 6352.94 -18.00
v -7941.18 6352.94 0.00
v -8470.59 6352.94 0.00
v -7941.18 6352.94 -18.00
v -7941.18 6882.35 -18.00
v -7941.18 6882.35 0.00
v -7941.18 6352.94 0.00
v -7941.18 6882.35 -18.00
v -8470.59 6882.35 -18.00
v -8470.59 6882.35 0.00
v -7941.18 6882.35 0.00
v -8470.59 6882.35 -18.00
v -8470.59 6352.94 -18.00
v -8470.59 6352.94 0.00
v -8470.59 6882.35 0.00
v -8470.59 7411.77 -18.00
v -7941.18 7411.77 -18.00
v -7941.18 6882.35 -18.00
v -8470.59 6882.35 -18.00
v -8470.59 6882.35 0.00
v -7941.18 6882.35 0.00
v -7941.18 7411.77 0.00
v -8470.59 7411.77 0.00
v -8470.59 6882.35 -18.00
v -7941.18 6882.35 -18.00
v -7941.18 6882.35 0.00
v -8470.59 6882.35 0.00
v -7941.18 6882.35 -18.00
v -7941.18 7411.77 -18.00
v -7941.18 7411.77 0.00
v -7941.18 6882.35 0.00
v -7941.18 7411.77 -18.00
v -8470.59 7411.77 -18.00
v -8470.59 7411.77 0.00
v -7941.18 7411.77 0.00
v -8470.59 7411.77 -18.00
v -8470.59 6882.35 -18.00
v -8470.59 6882.35 0.00
v -8470.59 7411.77 0.00
v -8470.59 7941.18 -18.00
v -7941.18 7941.18 -18.00
v -7941.18 7411.77 -18.00
v -8470.59 7411.77 -18.00
v -8470.59 7411.77 0.00
v -7941.18 7411.77 0.00
v -7941.18 7941.18 0.00
v -8470.59 7941.18 0.00
v -8470.59 7411.77 -18.00
v -7941.18 7411.77 -18.00
v -7941.18 7411.77 0.00
v -8470.59 7411.77 0.00
v -7941.18 7411.77 -18.00
v -7941.18 7941.18 -18.00
v -7941.18 7941.18 0.00
v -7941.18 7411.77 0.00
v -7941.18 7941.18 -18.00
v -8470.59 7941.18 -18.00
v -8470.59 7941.18 0.00
v -7941.18 7941.18 0.00
v -8470.59 7941.18 -18.00
v -8470.59 7411.77 -18.00
v -8470.59 7411.77 0.00
v -8470.59 7941.18 0.00
v -8470.59 8470.59 -18.00
v -7941.18 8470.59 -18.00
v -7941.18 7941.18 -18.00
v -8470.59 7941.18 -18.00
v -8470.59 7941.18 0.00
v -7941.18 7941.18 0.00
v -7941.18 8470.59 0.00
v -8470.59 8470.59 0.00
v -8470.59 7941.18 -18.00
v -7941.18 7941.18 -18.00
v -7941.18 7941.18 0.00
v -8470.59 7941.18 0.00
v -7941.18 7941.18 -18.00
v -7941.18 8470.59 -18.00
v -7941.18 8470.59 0.00
v -7941.18 7941.18 0.00
v -7941.18 8470.59 -18.00
v -8470.59 8470.59 -18.00
v -8470.59 8470.59 0.00
v -7941.18 8470.59 0.00
v -8470.59 8470.59 -18.00
v -8470.59 7941.18 -18.00
v -8470.59 7941.18 0.00
v -8470.59 8470.59 0.00
v -8470.59 9000.00 -18.00
v -7941.18 9000.00 -18.00
v -7941.18 8470.59 -18.00
v -8470.59 8470.59 -18.00
v -8470.59 8470.59 0.00
v -7941.18 8470.59 0.00
v -7941.18 9000.00 0.00
v -8470.59 9000.00 0.00
v -8470.59 8470.59 -18.00
v -7941.18 8470.59 -18.00
v -7941.18 8470.59 0.00
v -8470.59 8470.59 0.00
v -7941.18 8470.59 -18.00
v -7941.18 9000.00 -18.00
v -7941.18 9000.00 0.00
v -7941.18 8470.59 0.00
v -7941.18 9000.00 -18.00
v -8470.59 9000.00 -18.00
v -8470.59 9000.00 0.00
v -7941.18 9000.00 0.00
v -8470.59 9000.00 -18.00
v -8470.59 8470.59 -18.00
v -8470.59 8470.59 0.00
v -8470.59 9000.00 0.00
v -7941.18 5294.12 -18.00
v -7411.77 5294.12 -18.00
v -7411.77 4764.71 -18.00
v -7941.18 4764.71 -18.00
v -7941.18 4764.71 0.00
v -7411.77 4764.71 0.00
v -7411.77 5294.12 0.00
v -7941.18 5294.12 0.00
v -7411.77 4764.71 -18.00
v -7411.77 5294.12 -18.00
v -7411.77 5294.12 0.00
v -7411.77 4764.71 0.00
v -7411.77 5294.12 -18.00
v -7941.18 5294.12 -18.00
v -7941.18 5294.12 0.00
v -7411.77 5294.12 0.00
v -7941.18 5294.12 -18.00
v -7941.18 4764.71 -18.00
v -7941.18 4764.71 0.00
v -7941.18 5294.12 0.00
v -7941.18 5823.53 -18.00
v -7411.77 5823.53 -18.00
v -7411.77 5294.12 -18.00
v -7941.18 5294.12 -18.00
v -7941.18 5294.12 0.00
v -7411.77 5294.12 0.00
v -7411.77 5823.53 0.00
v -7941.18 5823.53 0.00
v -7941.18 5294.12 -18.00
v -7411.77 5294.12 -18.00
v -7411.77 5294.12 0.00
v -7941.18 5294.12 0.00
v -7411.77 5294.12 -18.00
v -7411.77 5823.53 -18.00
v -7411.77 5823.53 0.00
v -7411.77 5294.12 0.00
v -7411.77 5823.53 -18.00
v -7941.18 5823.53 -18.00
v -7941.18 5823.53 0.00
v -7411.77 5823.53 0.00
v -7941.18 5823.53 -18.00
v -7941.18 5294.12 -18.00
v -7941.18 5294.12 0.00
v -7941.18 5823.53 0.00
v -7941.18 6352.94 -18.00
v -7411.77 6352.94 -18.00
v -7411.77 5823.53 -18.00
v -7941.18 5823.53 -18.00
v -7941.18 5823.53 0.00
v -7411.77 5823.53 0.00
v -7411.77 6352.94 0.00
v -7941.18 6352.94 0.00
v -7941.18 5823.53 -18.00
v -7411.77 5823.53 -18.00
v -7411.77 5823.53 0.00
v -7941.18 5823.53 0.00
v -7411.77 5823.53 -18.00
v -7411.77 6352.94 -18.00
v -7411.77 6352.94 0.00
v -7411.77 5823.53 0.00
v -7411.77 6352.94 -18.00
v -7941.18 6352.94 -18.00
v -7941.18 6352.94 0.00
v -7411.77 6352.94 0.00
v -7941.18 6352.94 -18.00
v -7941.18 5823.53 -18.00
v -7941.18 5823.53 0.00
v -7941.18 6352.94 0.00
v -7941.18 6882.35 -18.00
v -7411.77 6882.35 -18.00
v -7411.77 6352.94 -18.00
v -7941.18 6352.94 -18.00
v -7941.18 6352.94 0.00
v -7411.77 6352.94 0.00
v -7411.77 6882.35 0.00
v -7941.18 6882.35 0.00
v -7941.18 6352.94 -18.00
v -7411.77 6352.94 -18.00
v -7411.77 6352.94 0.00
v -7941.18 6352.94 0.00
v -7411.77 6352.94 -18.00
v -7411.77 6882.35 -18.00
v -7411.77 6882.35 0.00
v -7411.77 6352.94 0.00
v -7411.77 6882.35 -18.00
v -7941.18 6882.35 -18.00
v -7941.18 6882.35 0.00
v -7411.77 6882.35 0.00
v -7941.18 6882.35 -18.00
v -7941.18 6352.94 -18.00
v -7941.18 6352.94 0.00
v -7941.18 6882.35 0.00
v -7941.18 7411.77 -18.00
v -7411.77 7411.77 -18.00
v -7411.77 6882.35 -18.00
v -7941.18 6882.35 -18.00
v -7941.18 6882.35 0.00
v -7411.77 6882.35 0.00
v -7411.77 7411.77 0.00
v -7941.18 7411.77 0.00
v -7941.18 6882.35 -18.00
v -7411.77 6882.35 -18.00
v -7411.77 6882.35 0.00
v -7941.18 6882.35 0.00
v -7411.77 6882.35 -18.00
v -7411.77 7411.77 -18.00
v -7411.77 7411.77 0.00
v -7411.77 6882.35 0.00
v -7411.77 7411.77 -18.00
v -7941.18 7411.77 -18.00
v -7941.18 7411.77 0.00
v -7411.77 7411.77 0.00
v -7941.18 7411.77 -18.00
v -7941.18 6882.35 -18.00
v -7941.18 6882.35 0.00
v -7941.18 7411.77 0.00
v -7941.18 7941.18 -18.00
v -7411.77 7941.18 -18.00
v -7411.77 7411.77 -18.00
v -7941.18 7411.77 -18.00
v -7941.18 7411.77 0.00
v -7411.77 7411.77 0.00
v -7411.77 7941.18 0.00
v -7941.18 7941.18 0.00
v -7941.18 7411.77 -18.00
v -7411.77 7411.77 -18.00
v -7411.77 7411.77 0.00
v -7941.18 7411.77 0.00
v -7411.77 7411.77 -18.00
v -7411.77 7941.18 -18.00
v -7411.77 7941.18 0.00
v -7411.77 7411.77 0.00
v -7411.77 7941.18 -18.00
v -7941.18 7941.18 -18.00
v -7941.18 7941.18 0.00
v -7411.77 7941.18 0.00
v -7941.18 7941.18 -18.00
v -7941.18 7411.77 -18.00
v -7941.18 7411.77 0.00
v -7941.18 7941.18 0.00
v -7941.18 8470.59 -18.00
v -7411.77 8470.59 -18.00
v -7411.77 7941.18 -18.00
v -7941.18 7941.18 -18.00
v -7941.18 7941.18 0.00
v -7411.77 7941.18 0.00
v -7411.77 8470.59 0.00
v -7941.18 8470.59 0.00
v -7941.18 7941.18 -18.00
v -7411.77 7941.18 -18.00
v -7411.77 7941.18 0.00
v -7941.18 7941.18 0.00
v -7411.77 7941.18 -18.00
v -7411.77 8470.59 -18.00
v -7411.77 8470.59 0.00
v -7411.77 7941.18 0.00
v -7411.77 8470.59 -18.00
v -7941.18 8470.59 -18.00
v -7941.18 8470.59 0.00
v -7411.77 8470.59 0.00
v -7941.18 8470.59 -18.00
v -7941.18 7941.18 -18.00
v -7941.18 7941.18 0.00
v -7941.18 8470.59 0.00
v -7941.18 9000.00 -18.00
v -7411.77 9000.00 -18.00
v -7411.77 8470.59 -18.00
v -7941.18 8470.59 -18.00
v -7941.18 8470.59 0.00
v -7411.77 8470.59 0.00
v -7411.77 9000.00 0.00
v -7941.18 9000.00 0.00
v -7941.18 8470.59 -18.00
v -7411.77 8470.59 -18.00
v -7411.77 8470.59 0.00
v -7941.18 8470.59 0.00
v -7411.77 8470.59 -18.00
v -7411.77 9000.00 -18.00
v -7411.77 9000.00 0.00
v -7411.77 8470.59 0.00
v -7411.77 9000.00 -18.00
v -7941.18 9000.00 -18.00
v -7941.18 9000.00 0.00
v -7411.77 9000.00 0.00
v -7941.18 9000.00 -18.00
v -7941.18 8470.59 -18.00
v -7941.18 8470.59 0.00
v -7941.18 9000.00 0.00
v -7411.77 5294.12 -18.00
v -6882.35 5294.12 -18.00
v -6882.35 4764.71 -18.00
v -7411.77 4764.71 -18.00
v -7411.77 4764.71 0.00
v -6882.35 4764.71 0.00
v -6882.35 5294.12 0.00
v -7411.77 5294.12 0.00
v -6882.35 4764.71 -18.00
v -6882.35 5294.12 -18.00
v -6882.35 5294.12 0.00
v -6882.35 4764.71 0.00
v -6882.35 5294.12 -18.00
v -7411.77 5294.12 -18.00
v -7411.77 5294.12 0.00
v -6882.35 5294.12 0.00
v -7411.77 5294.12 -18.00
v -7411.77 4764.71 -18.00
v -7411.77 4764.71 0.00
v -7411.77 5294.12 0.00
v -7411.77 5823.53 -18.00
v -6882.35 5823.53 -18.00
v -6882.35 5294.12 -18.00
v -7411.77 5294.12 -18.00
v -7411.77 5294.12 0.00
v -6882.35 5294.12 0.00
v -6882.35 5823.53 0.00
v -7411.77 5823.53 0.00
v -7411.77 5294.12 -18.00
v -6882.35 5294.12 -18.00
v -6882.35 5294.12 0.00
v -7411.77 5294.12 0.00
v -6882.35 5294.12 -18.00
v -6882.35 5823.53 -18.00
v -6882.35 5823.53 0.00
v -6882.35 5294.12 0.00
v -6882.35 5823.53 -18.00
v -7411.77 5823.53 -18.00
v -7411.77 5823.53 0.00
v -6882.35 5823.53 0.00
v -7411.77 5823.53 -18.00
v -7411.77 5294.12 -18.00
v -7411.77 5294.12 0.00
v -7411.77 5823.53 0.00
v -7411.77 6352.94 -18.00
v -6882.35 6352.94 -18.00
v -6882.35 5823.53 -18.00
v -7411.77 5823.53 -18.00
v -7411.77 5823.53 0.00
v -6882.35 5823.53 0.00
v -6882.35 6352.94 0.00
v -7411.77 6352.94 0.00
v -7411.77 5823.53 -18.00
v -6882.35 5823.53 -18.00
v -6882.35 5823.53 0.00
v -7411.77 5823.53 0.00
v -6882.35 5823.53 -18.00
v -6882.35 6352.94 -18.00
v -6882.35 6352.94 0.00
v -6882.35 5823.53 0.00
v -6882.35 6352.94 -18.00
v -7411.77 6352.94 -18.00
v -7411.77 6352.94 0.00
v -6882.35 6352.94 0.00
v -7411.77 6352.94 -18.00
v -7411.77 5823.53 -18.00
v -7411.77 5823.53 0.00
v -7411.77 6352.94 0.00
v -7411.77 6882.35 -18.00
v -6882.35 6882.35 -18.00
v -6882.35 6352.94 -18.00
v -7411.77 6352.94 -18.00
v -7411.77 6352.94 0.00
v -6882.35 6352.94 0.00
v -6882.35 6882.35 0.00
v -7411.77 6882.35 0.00
v -7411.77 6352.94 -18.00
v -6882.35 6352.94 -18.00
v -6882.35 6352.94 0.00
v -7411.77 6352.94 0.00
v -6882.35 6352.94 -18.00
v -6882.35 6882.35 -18.00
v -6882.35 6882.35 0.00
v -6882.35 6352.94 0.00
v -6882.35 6882.35 -18.00
v -7411.77 6882.35 -18.00
v -7411.77 6882.35 0.00
v -6882.35 6882.35 0.00
v -7411.77 6882.35 -18.00
v -7411.77 6352.94 -18.00
v -7411.77 6352.94 0.00
v -7411.77 6882.35 0.00
v -7411.77 7411.77 -18.00
v -6882.35 7411.77 -18.00
v -6882.35 6882.35 -18.00
v -7411.77 6882.35 -18.00
v -7411.77 6882.35 0.00
v -6882.35 6882.35 0.00
v -6882.35 7411.77 0.00
v -7411.77 7411.77 0.00
v -7411.77 6882.35 -18.00
v -6882.35 6882.35 -18.00
v -6882.35 6882.35 0.00
v -7411.77 6882.35 0.00
v -6882.35 6882.35 -18.00
v -6882.35 7411.77 -18.00
v -6882.35 7411.77 0.00
v -6882.35 6882.35 0.00
v -6882.35 7411.77 -18.00
v -7411.77 7411.77 -18.00
v -7411.77 7411.77 0.00
v -6882.35 7411.77 0.00
v -7411.77 7411.77 -18.00
v -7411.77 6882.35 -18.00
v -7411.77 6882.35 0.00
v -7411.77 7411.77 0.00
v -7411.77 7941.18 -18.00
v -6882.35 7941.18 -18.00
v -6882.35 7411.77 -18.00
v -7411.77 7411.77 -18.00
v -7411.77 7411.77 0.00
v -6882.35 7411.77 0.00
v -6882.35 7941.18 0.00
v -7411.77 7941.18 0.00
v -7411.77 7411.77 -18.00
v -6882.35 7411.77 -18.00
v -6882.35 7411.77 0.00
v -7411.77 7411.77 0.00
v -6882.35 7411.77 -18.00
v -6882.35 7941.18 -18.00
v -6882.35 7941.18 0.00
v -6882.35 7411.77 0.00
v -6882.35 7941.18 -18.00
v -7411.77 7941.18 -18.00
v -7411.77 7941.18 0.00
v -6882.35 7941.18 0.00
v -7411.77 7941.18 -18.00
v -7411.77 7411.77 -18.00
v -7411.77 7411.77 0.00
v -7411.77 7941.18 0.00
v -7411.77 8470.59 -18.00
v -6882.35 8470.59 -18.00
v -6882.35 7941.18 -18.00
v -7411.77 7941.18 -18.00
v -7411.77 7941.18 0.00
v -6882.35 7941.18 0.00
v -6882.35 8470.59 0.00
v -7411.77 8470.59 0.00
v -7411.77 7941.18 -18.00
v -6882.35 7941.18 -18.00
v -6882.35 7941.18 0.00
v -7411.77 7941.18 0.00
v -6882.35 7941.18 -18.00
v -6882.35 8470.59 -18.00
v -6882.35 8470.59 0.00
v -6882.35 7941.18 0.00
v -6882.35 8470.59 -18.00
v -7411.77 8470.59 -18.00
v -7411.77 8470.59 0.00
v -6882.35 8470.59 0.00
v -7411.77 8470.59 -18.00
v -7411.77 7941.18 -18.00
v -7411.77 7941.18 0.00
v -7411.77 8470.59 0.00
v -7411.77 9000.00 -18.00
v -6882.35 9000.00 -18.00
v -6882.35 8470.59 -18.00
v -7411.77 8470.59 -18.00
v -7411.77 8470.59 0.00
v -6882.35 8470.59 0.00
v -6882.35 9000.00 0.00
v -7411.77 9000.00 0.00
v -7411.77 8470.59 -18.00
v -6882.35 8470.59 -18.00
v -6882.35 8470.59 0.00
v -7411.77 8470.59 0.00
v -6882.35 8470.59 -18.00
v -6882.35 9000.00 -18.00
v -6882.35 9000.00 0.00
v -6882.35 8470.59 0.00
v -6882.35 9000.00 -18.00
v -7411.77 9000.00 -18.00
v -7411.77 9000.00 0.00
v -6882.35 9000.00 0.00
v -7411.77 9000.00 -18.00
v -7411.77 8470.59 -18.00
v -7411.77 8470.59 0.00
v -7411.77 9000.00 0.00
v -6882.35 5294.12 -18.00
v -6352.94 5294.12 -18.00
v -6352.94 4764.71 -18.00
v -6882.35 4764.71 -18.00
v -6882.35 4764.71 0.00
v -6352.94 4764.71 0.00
v -6352.94 5294.12 0.00
v -6882.35 5294.12 0.00
v -6352.94 4764.71 -18.00
v -6352.94 5294.12 -18.00
v -6352.94 5294.12 0.00
v -6352.94 4764.71 0.00
v -6352.94 5294.12 -18.00
v -6882.35 5294.12 -18.00
v -6882.35 5294.12 0.00
v -6352.94 5294.12 0.00
v -6882.35 5294.12 -18.00
v -6882.35 4764.71 -18.00
v -6882.35 4764.71 0.00
v -6882.35 5294.12 0.00
v -6882.35 5823.53 -18.00
v -6352.94 5823.53 -18.00
v -6352.94 5294.12 -18.00
v -6882.35 5294.12 -18.00
v -6882.35 5294.12 0.00
v -6352.94 5294.12 0.00
v -6352.94 5823.53 0.00
v -6882.35 5823.53 0.00
v -6882.35 5294.12 -18.00
v -6352.94 5294.12 -18.00
v -6352.94 5294.12 0.00
v -6882.35 5294.12 0.00
v -6352.94 5294.12 -18.00
v -6352.94 5823.53 -18.00
v -6352.94 5823.53 0.00
v -6352.94 5294.12 0.00
v -6352.94 5823.53 -18.00
v -6882.35 5823.53 -18.00
v -6882.35 5823.53 0.00
v -6352.94 5823.53 0.00
v -6882.35 5823.53 -18.00
v -6882.35 5294.12 -18.00
v -6882.35 5294.12 0.00
v -6882.35 5823.53 0.00
v -6882.35 6352.94 -18.00
v -6352.94 6352.94 -18.00
v -6352.94 5823.53 -18.00
v -6882.35 5823.53 -18.00
v -6882.35 5823.53 0.00
v -6352.94 5823.53 0.00
v -6352.94 6352.94 0.00
v -6882.35 6352.94 0.00
v -6882.35 5823.53 -18.00
v -6352.94 5823.53 -18.00
v -6352.94 5823.53 0.00
v -6882.35 5823.53 0.00
v -6352.94 5823.53 -18.00
v -6352.94 6352.94 -18.00
v -6352.94 6352.94 0.00
v -6352.94 5823.53 0.00
v -6352.94 6352.94 -18.00
v -6882.35 6352.94 -18.00
v -6882.35 6352.94 0.00
v -6352.94 6352.94 0.00
v -6882.35 6352.94 -18.00
v -6882.35 5823.53 -18.00
v -6882.35 5823.53 0.00
v -6882.35 6352.94 0.00
v -6882.35 6882.35 -18.00
v -6352.94 6882.35 -18.00
v -6352.94 6352.94 -18.00
v -6882.35 6352.94 -18.00
v -6882.35 6352.94 0.00
v -6352.94 6352.94 0.00
v -6352.94 6882.35 0.00
v -6882.35 6882.35 0.00
v -6882.35 6352.94 -18.00
v -6352.94 6352.94 -18.00
v -6352.94 6352.94 0.00
v -6882.35 6352.94 0.00
v -6352.94 6352.94 -18.00
v -6352.94 6882.35 -18.00
v -6352.94 6882.35 0.00
v -6352.94 6352.94 0.00
v -6352.94 6882.35 -18.00
v -6882.35 6882.35 -18.00
v -6882.35 6882.35 0.00
v -6352.94 6882.35 0.00
v -6882.35 6882.35 -18.00
v -6882.35 6352.94 -18.00
v -6882.35 6352.94 0.00
v -6882.35 6882.35 0.00
v -6882.35 7411.77 -18.00
v -6352.94 7411.77 -18.00
v -6352.94 6882.35 -18.00
v -6882.35 6882.35 -18.00
v -6882.35 6882.35 0.00
v -6352.94 6882.35 0.00
v -6352.94 7411.77 0.00
v -6882.35 7411.77 0.00
v -6882.35 6882.35 -18.00
v -6352.94 6882.35 -18.00
v -6352.94 6882.35 0.00
v -6882.35 6882.35 0.00
v -6352.94 6882.35 -18.00
v -6352.94 7411.77 -18.00
v -6352.94 7411.77 0.00
v -6352.94 6882.35 0.00
v -6352.94 7411.77 -18.00
v -6882.35 7411.77 -18.00
v -6882.35 7411.77 0.00
v -6352.94 7411.77 0.00
v -6882.35 7411.77 -18.00
v -6882.35 6882.35 -18.00
v -6882.35 6882.35 0.00
v -6882.35 7411.77 0.00
v -6882.35 7941.18 -18.00
v -6352.94 7941.18 -18.00
v -6352.94 7411.77 -18.00
v -6882.35 7411.77 -18.00
v -6882.35 7411.77 0.00
v -6352.94 7411.77 0.00
v -6352.94 7941.18 0.00
v -6882.35 7941.18 0.00
v -6882.35 7411.77 -18.00
v -6352.94 7411.77 -18.00
v -6352.94 7411.77 0.00
v -6882.35 7411.77 0.00
v -6352.94 7411.77 -18.00
v -6352.94 7941.18 -18.00
v -6352.94 7941.18 0.00
v -6352.94 7411.77 0.00
v -6352.94 7941.18 -18.00
v -6882.35 7941.18 -18.00
v -6882.35 7941.18 0.00
v -6352.94 7941.18 0.00
v -6882.35 7941.18 -18.00
v -6882.35 7411.77 -18.00
v -6882.35 7411.77 0.00
v -6882.35 7941.18 0.00
v -6882.35 8470.59 -18.00
v -6352.94 8470.59 -18.00
v -6352.94 7941.18 -18.00
v -6882.35 7941.18 -18.00
v -6882.35 7941.18 0.00
v -6352.94 7941.18 0.00
v -6352.94 8470.59 0.00
v -6882.35 8470.59 0.00
v -6882.35 7941.18 -18.00
v -6352.94 7941.18 -18.00
v -6352.94 7941.18 0.00
v -6882.35 7941.18 0.00
v -6352.94 7941.18 -18.00
v -6352.94 8470.59 -18.00
v -6352.94 8470.59 0.00
v -6352.94 7941.18 0.00
v -6352.94 8470.59 -18.00
v -6882.35 8470.59 -18.00
v -6882.35 8470.59 0.00
v -6352.94 8470.59 0.00
v -6882.35 8470.59 -18.00
v -6882.35 7941.18 -18.00
v -6882.35 7941.18 0.00
v -6882.35 8470.59 0.00
v -6882.35 9000.00 -18.00
v -6352.94 9000.00 -18.00
v -6352.94 8470.59 -18.00
v -6882.35 8470.59 -18.00
v -6882.35 8470.59 0.00
v -6352.94 8470.59 0.00
v -6352.94 9000.00 0.00
v -6882.35 9000.00 0.00
v -6882.35 8470.59 -18.00
v -6352.94 8470.59 -18.00
v -6352.94 8470.59 0.00
v -6882.35 8470.59 0.00
v -6352.94 8470.59 -18.00
v -6352.94 9000.00 -18.00
v -6352.94 9000.00 0.00
v -6352.94 8470.59 0.00
v -6352.94 9000.00 -18.00
v -6882.35 9000.00 -18.00
v -6882.35 9000.00 0.00
v -6352.94 9000.00 0.00
v -6882.35 9000.00 -18.00
v -6882.35 8470.59 -18.00
v -6882.35 8470.59 0.00
v -6882.35 9000.00 0.00
v -6352.94 5294.12 -18.00
v -5823.53 5294.12 -18.00
v -5823.53 4764.71 -18.00
v -6352.94 4764.71 -18.00
v -6352.94 4764.71 0.00
v -5823.53 4764.71 0.00
v -5823.53 5294.12 0.00
v -6352.94 5294.12 0.00
v -5823.53 4764.71 -18.00
v -5823.53 5294.12 -18.00
v -5823.53 5294.12 0.00
v -5823.53 4764.71 0.00
v -5823.53 5294.12 -18.00
v -6352.94 5294.12 -18.00
v -6352.94 5294.12 0.00
v -5823.53 5294.12 0.00
v -6352.94 5294.12 -18.00
v -6352.94 4764.71 -18.00
v -6352.94 4764.71 0.00
v -6352.94 5294.12 0.00
v -6352.94 5823.53 -18.00
v -5823.53 5823.53 -18.00
v -5823.53 5294.12 -18.00
v -6352.94 5294.12 -18.00
v -6352.94 5294.12 0.00
v -5823.53 5294.12 0.00
v -5823.53 5823.53 0.00
v -6352.94 5823.53 0.00
v -6352.94 5294.12 -18.00
v -5823.53 5294.12 -18.00
v -5823.53 5294.12 0.00
v -6352.94 5294.12 0.00
v -5823.53 5294.12 -18.00
v -5823.53 5823.53 -18.00
v -5823.53 5823.53 0.00
v -5823.53 5294.12 0.00
v -5823.53 5823.53 -18.00
v -6352.94 5823.53 -18.00
v -6352.94 5823.53 0.00
v -5823.53 5823.53 0.00
v -6352.94 5823.53 -18.00
v -6352.94 5294.12 -18.00
v -6352.94 5294.12 0.00
v -6352.94 5823.53 0.00
v -6352.94 6352.94 -18.00
v -5823.53 6352.94 -18.00
v -5823.53 5823.53 -18.00
v -6352.94 5823.53 -18.00
v -6352.94 5823.53 0.00
v -5823.53 5823.53 0.00
v -5823.53 6352.94 0.00
v -6352.94 6352.94 0.00
v -6352.94 5823.53 -18.00
v -5823.53 5823.53 -18.00
v -5823.53 5823.53 0.00
v -6352.94 5823.53 0.00
v -5823.53 5823.53 -18.00
v -5823.53 6352.94 -18.00
v -5823.53 6352.94 0.00
v -5823.53 5823.53 0.00
v -5823.53 6352.94 -18.00
v -6352.94 6352.94 -18.00
v -6352.94 6352.94 0.00
v -5823.53 6352.94 0.00
v -6352.94 6352.94 -18.00
v -6352.94 5823.53 -18.00
v -6352.94 5823.53 0.00
v -6352.94 6352.94 0.00
v -6352.94 6882.35 -18.00
v -5823.53 6882.35 -18.00
v -5823.53 6352.94 -18.00
v -6352.94 6352.94 -18.00
v -6352.94 6352.94 0.00
v -5823.53 6352.94 0.00
v -5823.53 6882.35 0.00
v -6352.94 6882.35 0.00
v -6352.94 6352.94 -18.00
v -5823.53 6352.94 -18.00
v -5823.53 6352.94 0.00
v -6352.94 6352.94 0.00
v -5823.53 6352.94 -18.00
v -5823.53 6882.35 -18.00
v -5823.53 6882.35 0.00
v -5823.53 6352.94 0.00
v -5823.53 6882.35 -18.00
v -6352.94 6882.35 -18.00
v -6352.94 6882.35 0.00
v -5823.53 6882.35 0.00
v -6352.94 6882.35 -18.00
v -6352.94 6352.94 -18.00
v -6352.94 6352.94 0.00
v -6352.94 6882.35 0.00
v -6352.94 7411.77 -18.00
v -5823.53 7411.77 -18.00
v -5823.53 6882.35 -18.00
v -6352.94 6882.35 -18.00
v -6352.94 6882.35 0.00
v -5823.53 6882.35 0.00
v -5823.53 7411.77 0.00
v -6352.94 7411.77 0.00
v -6352.94 6882.35 -18.00
v -5823.53 6882.35 -18.00
v -5823.53 6882.35 0.00
v -6352.94 6882.35 0.00
v -5823.53 6882.35 -18.00
v -5823.53 7411.77 -18.00
v -5823.53 7411.77 0.00
v -5823.53 6882.35 0.00
v -5823.53 7411.77 -18.00
v -6352.94 7411.77 -18.00
v -6352.94 7411.77 0.00
v -5823.53 7411.77 0.00
v -6352.94 7411.77 -18.00
v -6352.94 6882.35 -18.00
v -6352.94 6882.35 0.00
v -6352.94 7411.77 0.00
v -6352.94 7941.18 -18.00
v -5823.53 7941.18 -18.00
v -5823.53 7411.77 -18.00
v -6352.94 7411.77 -18.00
v -6352.94 7411.77 0.00
v -5823.53 7411.77 0.00
v -5823.53 7941.18 0.00
v -6352.94 7941.18 0.00
v -6352.94 7411.77 -18.00
v -5823.53 7411.77 -18.00
v -5823.53 7411.77 0.00
v -6352.94 7411.77 0.00
v -5823.53 7411.77 -18.00
v -5823.53 7941.18 -18.00
v -5823.53 7941.18 0.00
v -5823.53 7411.77 0.00
v -5823.53 7941.18 -18.00
v -6352.94 7941.18 -18.00
v -6352.94 7941.18 0.00
v -5823.53 7941.18 0.00
v -6352.94 7941.18 -18.00
v -6352.94 7411.77 -18.00
v -6352.94 7411.77 0.00
v -6352.94 7941.18 0.00
v -6352.94 8470.59 -18.00
v -5823.53 8470.59 -18.00
v -5823.53 7941.18 -18.00
v -6352.94 7941.18 -18.00
v -6352.94 7941.18 0.00
v -5823.53 7941.18 0.00
v -5823.53 8470.59 0.00
v -6352.94 8470.59 0.00
v -6352.94 7941.18 -18.00
v -5823.53 7941.18 -18.00
v -5823.53 7941.18 0.00
v -6352.94 7941.18 0.00
v -5823.53 7941.18 -18.00
v -5823.53 8470.59 -18.00
v -5823.53 8470.59 0.00
v -5823.53 7941.18 0.00
v -5823.53 8470.59 -18.00
v -6352.94 8470.59 -18.00
v -6352.94 8470.59 0.00
v -5823.53 8470.59 0.00
v -6352.94 8470.59 -18.00
v -6352.94 7941.18 -18.00
v -6352.94 7941.18 0.00
v -6352.94 8470.59 0.00
v -6352.94 9000.00 -18.00
v -5823.53 9000.00 -18.00
v -5823.53 8470.59 -18.00
v -6352.94 8470.59 -18.00
v -6352.94 8470.59 0.00
v -5823.53 8470.59 0.00
v -5823.53 9000.00 0.00
v -6352.94 9000.00 0.00
v -6352.94 8470.59 -18.00
v -5823.53 8470.59 -18.00
v -5823.53 8470.59 0.00
v -6352.94 8470.59 0.00
v -5823.53 8470.59 -18.00
v -5823.53 9000.00 -18.00
v -5823.53 9000.00 0.00
v -5823.53 8470.59 0.00
v -5823.53 9000.00 -18.00
v -6352.94 9000.00 -18.00
v -6352.94 9000.00 0.00
v -5823.53 9000.00 0.00
v -6352.94 9000.00 -18.00
v -6352.94 8470.59 -18.00
v -6352.94 8470.59 0.00
v -6352.94 9000.00 0.00
v -5823.53 5294.12 -18.00
v -5294.12 5294.12 -18.00
v -5294.12 4764.71 -18.00
v -5823.53 4764.71 -18.00
v -5823.53 4764.71 0.00
v -5294.12 4764.71 0.00
v -5294.12 5294.12 0.00
v -5823.53 5294.12 0.00
v -5294.12 4764.71 -18.00
v -5294.12 5294.12 -18.00
v -5294.12 5294.12 0.00
v -5294.12 4764.71 0.00
v -5294.12 5294.12 -18.00
v -5823.53 5294.12 -18.00
v -5823.53 5294.12 0.00
v -5294.12 5294.12 0.00
v -5823.53 5294.12 -18.00
v -5823.53 4764.71 -18.00
v -5823.53 4764.71 0.00
v -5823.53 5294.12 0.00
v -5823.53 5823.53 -18.00
v -5294.12 5823.53 -18.00
v -5294.12 5294.12 -18.00
v -5823.53 5294.12 -18.00
v -5823.53 5294.12 0.00
v -5294.12 5294.12 0.00
v -5294.12 5823.53 0.00
v -5823.53 5823.53 0.00
v -5823.53 5294.12 -18.00
v -5294.12 5294.12 -18.00
v -5294.12 5294.12 0.00
v -5823.53 5294.12 0.00
v -5294.12 5294.12 -18.00
v -5294.12 5823.53 -18.00
v -5294.12 5823.53 0.00
v -5294.12 5294.12 0.00
v -5294.12 5823.53 -18.00
v -5823.53 5823.53 -18.00
v -5823.53 5823.53 0.00
v -5294.12 5823.53 0.00
v -5823.53 5823.53 -18.00
v -5823.53 5294.12 -18.00
v -5823.53 5294.12 0.00
v -5823.53 5823.53 0.00
v -5823.53 6352.94 -18.00
v -5294.12 6352.94 -18.00
v -5294.12 5823.53 -18.00
v -5823.53 5823.53 -18.00
v -5823.53 5823.53 0.00
v -5294.12 5823.53 0.00
v -5294.12 6352.94 0.00
v -5823.53 6352.94 0.00
v -5823.53 5823.53 -18.00
v -5294.12 5823.53 -18.00
v -5294.12 5823.53 0.00
v -5823.53 5823.53 0.00
v -5294.12 5823.53 -18.00
v -5294.12 6352.94 -18.00
v -5294.12 6352.94 0.00
v -5294.12 5823.53 0.00
v -5294.12 6352.94 -18.00
v -5823.53 6352.94 -18.00
v -5823.53 6352.94 0.00
v -5294.12 6352.94 0.00
v -5823.53 6352.94 -18.00
v -5823.53 5823.53 -18.00
v -5823.53 5823.53 0.00
v -5823.53 6352.94 0.00
v -5823.53 6882.35 -18.00
v -5294.12 6882.35 -18.00
v -5294.12 6352.94 -18.00
v -5823.53 6352.94 -18.00
v -5823.53 6352.94 0.00
v -5294.12 6352.94 0.00
v -5294.12 6882.35 0.00
v -5823.53 6882.35 0.00
v -5823.53 6352.94 -18.00
v -5294.12 6352.94 -18.00
v -5294.12 6352.94 0.00
v -5823.53 6352.94 0.00
v -5294.12 6352.94 -18.00
v -5294.12 6882.35 -18.00
v -5294.12 6882.35 0.00
v -5294.12 6352.94 0.00
v -5294.12 6882.35 -18.00
v -5823.53 6882.35 -18.00
v -5823.53 6882.35 0.00
v -5294.12 6882.35 0.00
v -5823.53 6882.35 -18.00
v -5823.53 6352.94 -18.00
v -5823.53 6352.94 0.00
v -5823.53 6882.35 0.00
v -5823.53 7411.77 -18.00
v -5294.12 7411.77 -18.00
v -5294.12 6882.35 -18.00
v -5823.53 6882.35 -18.00
v -5823.53 6882.35 0.00
v -5294.12 6882.35 0.00
v -5294.12 7411.77 0.00
v -5823.53 7411.77 0.00
v -5823.53 6882.35 -18.00
v -5294.12 6882.35 -18.00
v -5294.12 6882.35 0.00
v -5823.53 6882.35 0.00
v -5294.12 6882.35 -18.00
v -5294.12 7411.77 -18.00
v -5294.12 7411.77 0.00
v -5294.12 6882.35 0.00
v -5294.12 7411.77 -18.00
v -5823.53 7411.77 -18.00
v -5823.53 7411.77 0.00
v -5294.12 7411.77 0.00
v -5823.53 7411.77 -18.00
v -5823.53 6882.35 -18.00
v -5823.53 6882.35 0.00
v -5823.53 7411.77 0.00
v -5823.53 7941.18 -18.00
v -5294.12 7941.18 -18.00
v -5294.12 7411.77 -18.00
v -5823.53 7411.77 -18.00
v -5823.53 7411.77 0.00
v -5294.12 7411.77 0.00
v -5294.12 7941.18 0.00
v -5823.53 7941.18 0.00
v -5823.53 7411.77 -18.00
v -5294.12 7411.77 -18.00
v -5294.12 7411.77 0.00
v -5823.53 7411.77 0.00
v -5294.12 7411.77 -18.00
v -5294.12 7941.18 -18.00
v -5294.12 7941.18 0.00
v -5294.12 7411.77 0.00
v -5294.12 7941.18 -18.00
v -5823.53 7941.18 -18.00
v -5823.53 7941.18 0.00
v -5294.12 7941.18 0.00
v -5823.53 7941.18 -18.00
v -5823.53 7411.77 -18.00
v -5823.53 7411.77 0.00
v -5823.53 7941.18 0.00
v -5823.53 8470.59 -18.00
v -5294.12 8470.59 -18.00
v -5294.12 7941.18 -18.00
v -5823.53 7941.18 -18.00
v -5823.53 7941.18 0.00
v -5294.12 7941.18 0.00
v -5294.12 8470.59 0.00
v -5823.53 8470.59 0.00
v -5823.53 7941.18 -18.00
v -5294.12 7941.18 -18.00
v -5294.12 7941.18 0.00
v -5823.53 7941.18 0.00
v -5294.12 7941.18 -18.00
v -5294.12 8470.59 -18.00
v -5294.12 8470.59 0.00
v -5294.12 7941.18 0.00
v -5294.12 8470.59 -18.00
v -5823.53 8470.59 -18.00
v -5823.53 8470.59 0.00
v -5294.12 8470.59 0.00
v -5823.53 8470.59 -18.00
v -5823.53 7941.18 -18.00
v -5823.53 7941.18 0.00
v -5823.53 8470.59 0.00
v -5823.53 9000.00 -18.00
v -5294.12 9000.00 -18.00
v -5294.12 8470.59 -18.00
v -5823.53 8470.59 -18.00
v -5823.53 8470.59 0.00
v -5294.12 8470.59 0.00
v -5294.12 9000.00 0.00
v -5823.53 9000.00 0.00
v -5823.53 8470.59 -18.00
v -5294.12 8470.59 -18.00
v -5294.12 8470.59 0.00
v -5823.53 8470.59 0.00
v -5294.12 8470.59 -18.00
v -5294.12 9000.00 -18.00
v -5294.12 9000.00 0.00
v -5294.12 8470.59 0.00
v -5294.12 9000.00 -18.00
v -5823.53 9000.00 -18.00
v -5823.53 9000.00 0.00
v -5294.12 9000.00 0.00
v -5823.53 9000.00 -18.00
v -5823.53 8470.59 -18.00
v -5823.53 8470.59 0.00
v -5823.53 9000.00 0.00
v -5294.12 5294.12 -18.00
v -4764.71 5294.12 -18.00
v -4764.71 4764.71 -18.00
v -5294.12 4764.71 -18.00
v -5294.12 4764.71 0.00
v -4764.71 4764.71 0.00
v -4764.71 5294.12 0.00
v -5294.12 5294.12 0.00
v -4764.71 4764.71 -18.00
v -4764.71 5294.12 -18.00
v -4764.71 5294.12 0.00
v -4764.71 4764.71 0.00
v -4764.71 5294.12 -18.00
v -5294.12 5294.12 -18.00
v -5294.12 5294.12 0.00
v -4764.71 5294.12 0.00
v -5294.12 5294.12 -18.00
v -5294.12 4764.71 -18.00
v -5294.12 4764.71 0.00
v -5294.12 5294.12 0.00
v -5294.12 5823.53 -18.00
v -4764.71 5823.53 -18.00
v -4764.71 5294.12 -18.00
v -5294.12 5294.12 -18.00
v -5294.12 5294.12 0.00
v -4764.71 5294.12 0.00
v -4764.71 5823.53 0.00
v -5294.12 5823.53 0.00
v -5294.12 5294.12 -18.00
v -4764.71 5294.12 -18.00
v -4764.71 5294.12 0.00
v -5294.12 5294.12 0.00
v -4764.71 5294.12 -18.00
v -4764.71 5823.53 -18.00
v -4764.71 5823.53 0.00
v -4764.71 5294.12 0.00
v -4764.71 5823.53 -18.00
v -5294.12 5823.53 -18.00
v -5294.12 5823.53 0.00
v -4764.71 5823.53 0.00
v -5294.12 5823.53 -18.00
v -5294.12 5294.12 -18.00
v -5294.12 5294.12 0.00
v -5294.12 5823.53 0.00
v -5294.12 6352.94 -18.00
v -4764.71 6352.94 -18.00
v -4764.71 5823.53 -18.00
v -5294.12 5823.53 -18.00
v -5294.12 5823.53 0.00
v -4764.71 5823.53 0.00
v -4764.71 6352.94 0.00
v -5294.12 6352.94 0.00
v -5294.12 5823.53 -18.00
v -4764.71 5823.53 -18.00
v -4764.71 5823.53 0.00
v -5294.12 5823.53 0.00
v -4764.71 5823.53 -18.00
v -4764.71 6352.94 -18.00
v -4764.71 6352.94 0.00
v -4764.71 5823.53 0.00
v -4764.71 6352.94 -18.00
v -5294.12 6352.94 -18.00
v -5294.12 6352.94 0.00
v -4764.71 6352.94 0.00
v -5294.12 6352.94 -18.00
v -5294.12 5823.53 -18.00
v -5294.12 5823.53 0.00
v -5294.12 6352.94 0.00
v -5294.12 6882.35 -18.00
v -4764.71 6882.35 -18.00
v -4764.71 6352.94 -18.00
v -5294.12 6352.94 -18.00
v -5294.12 6352.94 0.00
v -4764.71 6352.94 0.00
v -4764.71 6882.35 0.00
v -5294.12 6882.35 0.00
v -5294.12 6352.94 -18.00
v -4764.71 6352.94 -18.00
v -4764.71 6352.94 0.00
v -5294.12 6352.94 0.00
v -4764.71 6352.94 -18.00
v -4764.71 6882.35 -18.00
v -4764.71 6882.35 0.00
v -4764.71 6352.94 0.00
v -4764.71 6882.35 -18.00
v -5294.12 6882.35 -18.00
v -5294.12 6882.35 0.00
v -4764.71 6882.35 0.00
v -5294.12 6882.35 -18.00
v -5294.12 6352.94 -18.00
v -5294.12 6352.94 0.00
v -5294.12 6882.35 0.00
v -5294.12 7411.77 -18.00
v -4764.71 7411.77 -18.00
v -4764.71 6882.35 -18.00
v -5294.12 6882.35 -18.00
v -5294.12 6882.35 0.00
v -4764.71 6882.35 0.00
v -4764.71 7411.77 0.00
v -5294.12 7411.77 0.00
v -5294.12 6882.35 -18.00
v -4764.71 6882.35 -18.00
v -4764.71 6882.35 0.00
v -5294.12 6882.35 0.00
v -4764.71 6882.35 -18.00
v -4764.71 7411.77 -18.00
v -4764.71 7411.77 0.00
v -4764.71 6882.35 0.00
v -4764.71 7411.77 -18.00
v -5294.12 7411.77 -18.00
v -5294.12 7411.77 0.00
v -4764.71 7411.77 0.00
v -5294.12 7411.77 -18.00
v -5294.12 6882.35 -18.00
v -5294.12 6882.35 0.00
v -5294.12 7411.77 0.00
v -5294.12 7941.18 -18.00
v -4764.71 7941.18 -18.00
v -4764.71 7411.77 -18.00
v -5294.12 7411.77 -18.00
v -5294.12 7411.77 0.00
v -4764.71 7411.77 0.00
v -4764.71 7941.18 0.00
v -5294.12 7941.18 0.00
v -5294.12 7411.77 -18.00
v -4764.71 7411.77 -18.00
v -4764.71 7411.77 0.00
v -5294.12 7411.77 0.00
v -4764.71 7411.77 -18.00
v -4764.71 7941.18 -18.00
v -4764.71 7941.18 0.00
v -4764.71 7411.77 0.00
v -4764.71 7941.18 -18.00
v -5294.12 7941.18 -18.00
v -5294.12 7941.18 0.00
v -4764.71 7941.18 0.00
v -5294.12 7941.18 -18.00
v -5294.12 7411.77 -18.00
v -5294.12 7411.77 0.00
v -5294.12 7941.18 0.00
v -5294.12 8470.59 -18.00
v -4764.71 8470.59 -18.00
v -4764.71 7941.18 -18.00
v -5294.12 7941.18 -18.00
v -5294.12 7941.18 0.00
v -4764.71 7941.18 0.00
v -4764.71 8470.59 0.00
v -5294.12 8470.59 0.00
v -5294.12 7941.18 -18.00
v -4764.71 7941.18 -18.00
v -4764.71 7941.18 0.00
v -5294.12 7941.18 0.00
v -4764.71 7941.18 -18.00
v -4764.71 8470.59 -18.00
v -4764.71 8470.59 0.00
v -4764.71 7941.18 0.00
v -4764.71 8470.59 -18.00
v -5294.12 8470.59 -18.00
v -5294.12 8470.59 0.00
v -4764.71 8470.59 0.00
v -5294.12 8470.59 -18.00
v -5294.12 7941.18 -18.00
v -5294.12 7941.18 0.00
v -5294.12 8470.59 0.00
v -5294.12 9000.00 -18.00
v -4764.71 9000.00 -18.00
v -4764.71 8470.59 -18.00
v -5294.12 8470.59 -18.00
v -5294.12 8470.59 0.00
v -4764.71 8470.59 0.00
v -4764.71 9000.00 0.00
v -5294.12 9000.00 0.00
v -5294.12 8470.59 -18.00
v -4764.71 8470.59 -18.00
v -4764.71 8470.59 0.00
v -5294.12 8470.59 0.00
v -4764.71 8470.59 -18.00
v -4764.71 9000.00 -18.00
v -4764.71 9000.00 0.00
v -4764.71 8470.59 0.00
v -4764.71 9000.00 -18.00
v -5294.12 9000.00 -18.00
v -5294.12 9000.00 0.00
v -4764.71 9000.00 0.00
v -5294.12 9000.00 -18.00
v -5294.12 8470.59 -18.00
v -5294.12 8470.59 0.00
v -5294.12 9000.00 0.00
v -4764.71 5294.12 -18.00
v -4235.29 5294.12 -18.00
v -4235.29 4764.71 -18.00
v -4764.71 4764.71 -18.00
v -4764.71 4764.71 0.00
v -4235.29 4764.71 0.00
v -4235.29 5294.12 0.00
v -4764.71 5294.12 0.00
v -4235.29 4764.71 -18.00
v -4235.29 5294.12 -18.00
v -4235.29 5294.12 0.00
v -4235.29 4764.71 0.00
v -4235.29 5294.12 -18.00
v -4764.71 5294.12 -18.00
v -4764.71 5294.12 0.00
v -4235.29 5294.12 0.00
v -4764.71 5294.12 -18.00
v -4764.71 4764.71 -18.00
v -4764.71 4764.71 0.00
v -4764.71 5294.12 0.00
v -4764.71 5823.53 -18.00
v -4235.29 5823.53 -18.00
v -4235.29 5294.12 -18.00
v -4764.71 5294.12 -18.00
v -4764.71 5294.12 0.00
v -4235.29 5294.12 0.00
v -4235.29 5823.53 0.00
v -4764.71 5823.53 0.00
v -4764.71 5294.12 -18.00
v -4235.29 5294.12 -18.00
v -4235.29 5294.12 0.00
v -4764.71 5294.12 0.00
v -4235.29 5294.12 -18.00
v -4235.29 5823.53 -18.00
v -4235.29 5823.53 0.00
v -4235.29 5294.12 0.00
v -4235.29 5823.53 -18.00
v -4764.71 5823.53 -18.00
v -4764.71 5823.53 0.00
v -4235.29 5823.53 0.00
v -4764.71 5823.53 -18.00
v -4764.71 5294.12 -18.00
v -4764.71 5294.12 0.00
v -4764.71 5823.53 0.00
v -4764.71 6352.94 -18.00
v -4235.29 6352.94 -18.00
v -4235.29 5823.53 -18.00
v -4764.71 5823.53 -18.00
v -4764.71 5823.53 0.00
v -4235.29 5823.53 0.00
v -4235.29 6352.94 0.00
v -4764.71 6352.94 0.00
v -4764.71 5823.53 -18.00
v -4235.29 5823.53 -18.00
v -4235.29 5823.53 0.00
v -4764.71 5823.53 0.00
v -4235.29 5823.53 -18.00
v -4235.29 6352.94 -18.00
v -4235.29 6352.94 0.00
v -4235.29 5823.53 0.00
v -4235.29 6352.94 -18.00
v -4764.71 6352.94 -18.00
v -4764.71 6352.94 0.00
v -4235.29 6352.94 0.00
v -4764.71 6352.94 -18.00
v -4764.71 5823.53 -18.00
v -4764.71 5823.53 0.00
v -4764.71 6352.94 0.00
v -4764.71 6882.35 -18.00
v -4235.29 6882.35 -18.00
v -4235.29 6352.94 -18.00
v -4764.71 6352.94 -18.00
v -4764.71 6352.94 0.00
v -4235.29 6352.94 0.00
v -4235.29 6882.35 0.00
v -4764.71 6882.35 0.00
v -4764.71 6352.94 -18.00
v -4235.29 6352.94 -18.00
v -4235.29 6352.94 0.00
v -4764.71 6352.94 0.00
v -4235.29 6352.94 -18.00
v -4235.29 6882.35 -18.00
v -4235.29 6882.35 0.00
v -4235.29 6352.94 0.00
v -4235.29 6882.35 -18.00
v -4764.71 6882.35 -18.00
v -4764.71 6882.35 0.00
v -4235.29 6882.35 0.00
v -4764.71 6882.35 -18.00
v -4764.71 6352.94 -18.00
v -4764.71 6352.94 0.00
v -4764.71 6882.35 0.00
v -4764.71 7411.77 -18.00
v -4235.29 7411.77 -18.00
v -4235.29 6882.35 -18.00
v -4764.71 6882.35 -18.00
v -4764.71 6882.35 0.00
v -4235.29 6882.35 0.00
v -4235.29 7411.77 0.00
v -4764.71 7411.77 0.00
v -4764.71 6882.35 -18.00
v -4235.29 6882.35 -18.00
v -4235.29 6882.35 0.00
v -4764.71 6882.35 0.00
v -4235.29 6882.35 -18.00
v -4235.29 7411.77 -18.00
v -4235.29 7411.77 0.00
v -4235.29 6882.35 0.00
v -4235.29 7411.77 -18.00
v -4764.71 7411.77 -18.00
v -4764.71 7411.77 0.00
v -4235.29 7411.77 0.00
v -4764.71 7411.77 -18.00
v -4764.71 6882.35 -18.00
v -4764.71 6882.35 0.00
v -4764.71 7411.77 0.00
v -4764.71 7941.18 -18.00
v -4235.29 7941.18 -18.00
v -4235.29 7411.77 -18.00
v -4764.71 7411.77 -18.00
v -4764.71 7411.77 0.00
v -4235.29 7411.77 0.00
v -4235.29 7941.18 0.00
v -4764.71 7941.18 0.00
v -4764.71 7411.77 -18.00
v -4235.29 7411.77 -18.00
v -4235.29 7411.77 0.00
v -4764.71 7411.77 0.00
v -4235.29 7411.77 -18.00
v -4235.29 7941.18 -18.00
v -4235.29 7941.18 0.00
v -4235.29 7411.77 0.00
v -4235.29 7941.18 -18.00
v -4764.71 7941.18 -18.00
v -4764.71 7941.18 0.00
v -4235.29 7941.18 0.00
v -4764.71 7941.18 -18.00
v -4764.71 7411.77 -18.00
v -4764.71 7411.77 0.00
v -4764.71 7941.18 0.00
v -4764.71 8470.59 -18.00
v -4235.29 8470.59 -18.00
v -4235.29 7941.18 -18.00
v -4764.71 7941.18 -18.00
v -4764.71 7941.18 0.00
v -4235.29 7941.18 0.00
v -4235.29 8470.59 0.00
v -4764.71 8470.59 0.00
v -4764.71 7941.18 -18.00
v -4235.29 7941.18 -18.00
v -4235.29 7941.18 0.00
v -4764.71 7941.18 0.00
v -4235.29 7941.18 -18.00
v -4235.29 8470.59 -18.00
v -4235.29 8470.59 0.00
v -4235.29 7941.18 0.00
v -4235.29 8470.59 -18.00
v -4764.71 8470.59 -18.00
v -4764.71 8470.59 0.00
v -4235.29 8470.59 0.00
v -4764.71 8470.59 -18.00
v -4764.71 7941.18 -18.00
v -4764.71 7941.18 0.00
v -4764.71 8470.59 0.00
v -4764.71 9000.00 -18.00
v -4235.29 9000.00 -18.00
v -4235.29 8470.59 -18.00
v -4764.71 8470.59 -18.00
v -4764.71 8470.59 0.00
v -4235.29 8470.59 0.00
v -4235.29 9000.00 0.00
v -4764.71 9000.00 0.00
v -4764.71 8470.59 -18.00
v -4235.29 8470.59 -18.00
v -4235.29 8470.59 0.00
v -4764.71 8470.59 0.00
v -4235.29 8470.59 -18.00
v -4235.29 9000.00 -18.00
v -4235.29 9000.00 0.00
v -4235.29 8470.59 0.00
v -4235.29 9000.00 -18.00
v -4764.71 9000.00 -18.00
v -4764.71 9000.00 0.00
v -4235.29 9000.00 0.00
v -4764.71 9000.00 -18.00
v -4764.71 8470.59 -18.00
v -4764.71 8470.59 0.00
v -4764.71 9000.00 0.00
v -4235.29 5294.12 -18.00
v -3705.88 5294.12 -18.00
v -3705.88 4764.71 -18.00
v -4235.29 4764.71 -18.00
v -4235.29 4764.71 0.00
v -3705.88 4764.71 0.00
v -3705.88 5294.12 0.00
v -4235.29 5294.12 0.00
v -3705.88 4764.71 -18.00
v -3705.88 5294.12 -18.00
v -3705.88 5294.12 0.00
v -3705.88 4764.71 0.00
v -3705.88 5294.12 -18.00
v -4235.29 5294.12 -18.00
v -4235.29 5294.12 0.00
v -3705.88 5294.12 0.00
v -4235.29 5294.12 -18.00
v -4235.29 4764.71 -18.00
v -4235.29 4764.71 0.00
v -4235.29 5294.12 0.00
v -4235.29 5823.53 -18.00
v -3705.88 5823.53 -18.00
v -3705.88 5294.12 -18.00
v -4235.29 5294.12 -18.00
v -4235.29 5294.12 0.00
v -3705.88 5294.12 0.00
v -3705.88 5823.53 0.00
v -4235.29 5823.53 0.00
v -4235.29 5294.12 -18.00
v -3705.88 5294.12 -18.00
v -3705.88 5294.12 0.00
v -4235.29 5294.12 0.00
v -3705.88 5294.12 -18.00
v -3705.88 5823.53 -18.00
v -3705.88 5823.53 0.00
v -3705.88 5294.12 0.00
v -3705.88 5823.53 -18.00
v -4235.29 5823.53 -18.00
v -4235.29 5823.53 0.00
v -3705.88 5823.53 0.00
v -4235.29 5823.53 -18.00
v -4235.29 5294.12 -18.00
v -4235.29 5294.12 0.00
v -4235.29 5823.53 0.00
v -4235.29 6352.94 -18.00
v -3705.88 6352.94 -18.00
v -3705.88 5823.53 -18.00
v -4235.29 5823.53 -18.00
v -4235.29 5823.53 0.00
v -3705.88 5823.53 0.00
v -3705.88 6352.94 0.00
v -4235.29 6352.94 0.00
v -4235.29 5823.53 -18.00
v -3705.88 5823.53 -18.00
v -3705.88 5823.53 0.00
v -4235.29 5823.53 0.00
v -3705.88 5823.53 -18.00
v -3705.88 6352.94 -18.00
v -3705.88 6352.94 0.00
v -3705.88 5823.53 0.00
v -3705.88 6352.94 -18.00
v -4235.29 6352.94 -18.00
v -4235.29 6352.94 0.00
v -3705.88 6352.94 0.00
v -4235.29 6352.94 -18.00
v -4235.29 5823.53 -18.00
v -4235.29 5823.53 0.00
v -4235.29 6352.94 0.00
v -4235.29 6882.35 -18.00
v -3705.88 6882.35 -18.00
v -3705.88 6352.94 -18.00
v -4235.29 6352.94 -18.00
v -4235.29 6352.94 0.00
v -3705.88 6352.94 0.00
v -3705.88 6882.35 0.00
v -4235.29 6882.35 0.00
v -4235.29 6352.94 -18.00
v -3705.88 6352.94 -18.00
v -3705.88 6352.94 0.00
v -4235.29 6352.94 0.00
v -3705.88 6352.94 -18.00
v -3705.88 6882.35 -18.00
v -3705.88 6882.35 0.00
v -3705.88 6352.94 0.00
v -3705.88 6882.35 -18.00
v -4235.29 6882.35 -18.00
v -4235.29 6882.35 0.00
v -3705.88 6882.35 0.00
v -4235.29 6882.35 -18.00
v -4235.29 6352.94 -18.00
v -4235.29 6352.94 0.00
v -4235.29 6882.35 0.00
v -4235.29 7411.77 -18.00
v -3705.88 7411.77 -18.00
v -3705.88 6882.35 -18.00
v -4235.29 6882.35 -18.00
v -4235.29 6882.35 0.00
v -3705.88 6882.35 0.00
v -3705.88 7411.77 0.00
v -4235.29 7411.77 0.00
v -4235.29 6882.35 -18.00
v -3705.88 6882.35 -18.00
v -3705.88 6882.35 0.00
v -4235.29 6882.35 0.00
v -3705.88 6882.35 -18.00
v -3705.88 7411.77 -18.00
v -3705.88 7411.77 0.00
v -3705.88 6882.35 0.00
v -3705.88 7411.77 -18.00
v -4235.29 7411.77 -18.00
v -4235.29 7411.77 0.00
v -3705.88 7411.77 0.00
v -4235.29 7411.77 -18.00
v -4235.29 6882.35 -18.00
v -4235.29 6882.35 0.00
v -4235.29 7411.77 0.00
v -4235.29 7941.18 -18.00
v -3705.88 7941.18 -18.00
v -3705.88 7411.77 -18.00
v -4235.29 7411.77 -18.00
v -4235.29 7411.77 0.00
v -3705.88 7411.77 0.00
v -3705.88 7941.18 0.00
v -4235.29 7941.18 0.00
v -4235.29 7411.77 -18.00
v -3705.88 7411.77 -18.00
v -3705.88 7411.77 0.00
v -4235.29 7411.77 0.00
v -3705.88 7411.77 -18.00
v -3705.88 7941.18 -18.00
v -3705.88 7941.18 0.00
v -3705.88 7411.77 0.00
v -3705.88 7941.18 -18.00
v -4235.29 7941.18 -18.00
v -4235.29 7941.18 0.00
v -3705.88 7941.18 0.00
v -4235.29 7941.18 -18.00
v -4235.29 7411.77 -18.00
v -4235.29 7411.77 0.00
v -4235.29 7941.18 0.00
v -4235.29 8470.59 -18.00
v -3705.88 8470.59 -18.00
v -3705.88 7941.18 -18.00
v -4235.29 7941.18 -18.00
v -4235.29 7941.18 0.00
v -3705.88 7941.18 0.00
v -3705.88 8470.59 0.00
v -4235.29 8470.59 0.00
v -4235.29 7941.18 -18.00
v -3705.88 7941.18 -18.00
v -3705.88 7941.18 0.00
v -4235.29 7941.18 0.00
v -3705.88 7941.18 -18.00
v -3705.88 8470.59 -18.00
v -3705.88 8470.59 0.00
v -3705.88 7941.18 0.00
v -3705.88 8470.59 -18.00
v -4235.29 8470.59 -18.00
v -4235.29 8470.59 0.00
v -3705.88 8470.59 0.00
v -4235.29 8470.59 -18.00
v -4235.29 7941.18 -18.00
v -4235.29 7941.18 0.00
v -4235.29 8470.59 0.00
v -4235.29 9000.00 -18.00
v -3705.88 9000.00 -18.00
v -3705.88 8470.59 -18.00
v -4235.29 8470.59 -18.00
v -4235.29 8470.59 0.00
v -3705.88 8470.59 0.00
v -3705.88 9000.00 0.00
v -4235.29 9000.00 0.00
v -4235.29 8470.59 -18.00
v -3705.88 8470.59 -18.00
v -3705.88 8470.59 0.00
v -4235.29 8470.59 0.00
v -3705.88 8470.59 -18.00
v -3705.88 9000.00 -18.00
v -3705.88 9000.00 0.00
v -3705.88 8470.59 0.00
v -3705.88 9000.00 -18.00
v -4235.29 9000.00 -18.00
v -4235.29 9000.00 0.00
v -3705.88 9000.00 0.00
v -4235.29 9000.00 -18.00
v -4235.29 8470.59 -18.00
v -4235.29 8470.59 0.00
v -4235.29 9000.00 0.00
v -3705.88 5294.12 -18.00
v -3176.47 5294.12 -18.00
v -3176.47 4764.71 -18.00
v -3705.88 4764.71 -18.00
v -3705.88 4764.71 0.00
v -3176.47 4764.71 0.00
v -3176.47 5294.12 0.00
v -3705.88 5294.12 0.00
v -3176.47 4764.71 -18.00
v -3176.47 5294.12 -18.00
v -3176.47 5294.12 0.00
v -3176.47 4764.71 0.00
v -3176.47 5294.12 -18.00
v -3705.88 5294.12 -18.00
v -3705.88 5294.12 0.00
v -3176.47 5294.12 0.00
v -3705.88 5294.12 -18.00
v -3705.88 4764.71 -18.00
v -3705.88 4764.71 0.00
v -3705.88 5294.12 0.00
v -3705.88 5823.53 -18.00
v -3176.47 5823.53 -18.00
v -3176.47 5294.12 -18.00
v -3705.88 5294.12 -18.00
v -3705.88 5294.12 0.00
v -3176.47 5294.12 0.00
v -3176.47 5823.53 0.00
v -3705.88 5823.53 0.00
v -3705.88 5294.12 -18.00
v -3176.47 5294.12 -18.00
v -3176.47 5294.12 0.00
v -3705.88 5294.12 0.00
v -3176.47 5294.12 -18.00
v -3176.47 5823.53 -18.00
v -3176.47 5823.53 0.00
v -3176.47 5294.12 0.00
v -3176.47 5823.53 -18.00
v -3705.88 5823.53 -18.00
v -3705.88 5823.53 0.00
v -3176.47 5823.53 0.00
v -3705.88 5823.53 -18.00
v -3705.88 5294.12 -18.00
v -3705.88 5294.12 0.00
v -3705.88 5823.53 0.00
v -3705.88 6352.94 -18.00
v -3176.47 6352.94 -18.00
v -3176.47 5823.53 -18.00
v -3705.88 5823.53 -18.00
v -3705.88 5823.53 0.00
v -3176.47 5823.53 0.00
v -3176.47 6352.94 0.00
v -3705.88 6352.94 0.00
v -3705.88 5823.53 -18.00
v -3176.47 5823.53 -18.00
v -3176.47 5823.53 0.00
v -3705.88 5823.53 0.00
v -3176.47 5823.53 -18.00
v -3176.47 6352.94 -18.00
v -3176.47 6352.94 0.00
v -3176.47 5823.53 0.00
v -3176.47 6352.94 -18.00
v -3705.88 6352.94 -18.00
v -3705.88 6352.94 0.00
v -3176.47 6352.94 0.00
v -3705.88 6352.94 -18.00
v -3705.88 5823.53 -18.00
v -3705.88 5823.53 0.00
v -3705.88 6352.94 0.00
v -3705.88 6882.35 -18.00
v -3176.47 6882.35 -18.00
v -3176.47 6352.94 -18.00
v -3705.88 6352.94 -18.00
v -3705.88 6352.94 0.00
v -3176.47 6352.94 0.00
v -3176.47 6882.35 0.00
v -3705.88 6882.35 0.00
v -3705.88 6352.94 -18.00
v -3176.47 6352.94 -18.00
v -3176.47 6352.94 0.00
v -3705.88 6352.94 0.00
v -3176.47 6352.94 -18.00
v -3176.47 6882.35 -18.00
v -3176.47 6882.35 0.00
v -3176.47 6352.94 0.00
v -3176.47 6882.35 -18.00
v -3705.88 6882.35 -18.00
v -3705.88 6882.35 0.00
v -3176.47 6882.35 0.00
v -3705.88 6882.35 -18.00
v -3705.88 6352.94 -18.00
v -3705.88 6352.94 0.00
v -3705.88 6882.35 0.00
v -3705.88 7411.77 -18.00
v -3176.47 7411.77 -18.00
v -3176.47 6882.35 -18.00
v -3705.88 6882.35 -18.00
v -3705.88 6882.35 0.00
v -3176.47 6882.35 0.00
v -3176.47 7411.77 0.00
v -3705.88 7411.77 0.00
v -3705.88 6882.35 -18.00
v -3176.47 6882.35 -18.00
v -3176.47 6882.35 0.00
v -3705.88 6882.35 0.00
v -3176.47 6882.35 -18.00
v -3176.47 7411.77 -18.00
v -3176.47 7411.77 0.00
v -3176.47 6882.35 0.00
v -3176.47 7411.77 -18.00
v -3705.88 7411.77 -18.00
v -3705.88 7411.77 0.00
v -3176.47 7411.77 0.00
v -3705.88 7411.77 -18.00
v -3705.88 6882.35 -18.00
v -3705.88 6882.35 0.00
v -3705.88 7411.77 0.00
v -3705.88 7941.18 -18.00
v -3176.47 7941.18 -18.00
v -3176.47 7411.77 -18.00
v -3705.88 7411.77 -18.00
v -3705.88 7411.77 0.00
v -3176.47 7411.77 0.00
v -3176.47 7941.18 0.00
v -3705.88 7941.18 0.00
v -3705.88 7411.77 -18.00
v -3176.47 7411.77 -18.00
v -3176.47 7411.77 0.00
v -3705.88 7411.77 0.00
v -3176.47 7411.77 -18.00
v -3176.47 7941.18 -18.00
v -3176.47 7941.18 0.00
v -3176.47 7411.77 0.00
v -3176.47 7941.18 -18.00
v -3705.88 7941.18 -18.00
v -3705.88 7941.18 0.00
v -3176.47 7941.18 0.00
v -3705.88 7941.18 -18.00
v -3705.88 7411.77 -18.00
v -3705.88 7411.77 0.00
v -3705.88 7941.18 0.00
v -3705.88 8470.59 -18.00
v -3176.47 8470.59 -18.00
v -3176.47 7941.18 -18.00
v -3705.88 7941.18 -18.00
v -3705.88 7941.18 0.00
v -3176.47 7941.18 0.00
v -3176.47 8470.59 0.00
v -3705.88 8470.59 0.00
v -3705.88 7941.18 -18.00
v -3176.47 7941.18 -18.00
v -3176.47 7941.18 0.00
v -3705.88 7941.18 0.00
v -3176.47 7941.18 -18.00
v -3176.47 8470.59 -18.00
v -3176.47 8470.59 0.00
v -3176.47 7941.18 0.00
v -3176.47 8470.59 -18.00
v -3705.88 8470.59 -18.00
v -3705.88 8470.59 0.00
v -3176.47 8470.59 0.00
v -3705.88 8470.59 -18.00
v -3705.88 7941.18 -18.00
v -3705.88 7941.18 0.00
v -3705.88 8470.59 0.00
v -3705.88 9000.00 -18.00
v -3176.47 9000.00 -18.00
v -3176.47 8470.59 -18.00
v -3705.88 8470.59 -18.00
v -3705.88 8470.59 0.00
v -3176.47 8470.59 0.00
v -3176.47 9000.00 0.00
v -3705.88 9000.00 0.00
v -3705.88 8470.59 -18.00
v -3176.47 8470.59 -18.00
v -3176.47 8470.59 0.00
v -3705.88 8470.59 0.00
v -3176.47 8470.59 -18.00
v -3176.47 9000.00 -18.00
v -3176.47 9000.00 0.00
v -3176.47 8470.59 0.00
v -3176.47 9000.00 -18.00
v -3705.88 9000.00 -18.00
v -3705.88 9000.00 0.00
v -3176.47 9000.00 0.00
v -3705.88 9000.00 -18.00
v -3705.88 8470.59 -18.00
v -3705.88 8470.59 0.00
v -3705.88 9000.00 0.00
v -3176.47 5294.12 -18.00
v -2647.06 5294.12 -18.00
v -2647.06 4764.71 -18.00
v -3176.47 4764.71 -18.00
v -3176.47 4764.71 0.00
v -2647.06 4764.71 0.00
v -2647.06 5294.12 0.00
v -3176.47 5294.12 0.00
v -2647.06 4764.71 -18.00
v -2647.06 5294.12 -18.00
v -2647.06 5294.12 0.00
v -2647.06 4764.71 0.00
v -2647.06 5294.12 -18.00
v -3176.47 5294.12 -18.00
v -3176.47 5294.12 0.00
v -2647.06 5294.12 0.00
v -3176.47 5294.12 -18.00
v -3176.47 4764.71 -18.00
v -3176.47 4764.71 0.00
v -3176.47 5294.12 0.00
v -3176.47 5823.53 -18.00
v -2647.06 5823.53 -18.00
v -2647.06 5294.12 -18.00
v -3176.47 5294.12 -18.00
v -3176.47 5294.12 0.00
v -2647.06 5294.12 0.00
v -2647.06 5823.53 0.00
v -3176.47 5823.53 0.00
v -3176.47 5294.12 -18.00
v -2647.06 5294.12 -18.00
v -2647.06 5294.12 0.00
v -3176.47 5294.12 0.00
v -2647.06 5294.12 -18.00
v -2647.06 5823.53 -18.00
v -2647.06 5823.53 0.00
v -2647.06 5294.12 0.00
v -2647.06 5823.53 -18.00
v -3176.47 5823.53 -18.00
v -3176.47 5823.53 0.00
v -2647.06 5823.53 0.00
v -3176.47 5823.53 -18.00
v -3176.47 5294.12 -18.00
v -3176.47 5294.12 0.00
v -3176.47 5823.53 0.00
v -3176.47 6352.94 -18.00
v -2647.06 6352.94 -18.00
v -2647.06 5823.53 -18.00
v -3176.47 5823.53 -18.00
v -3176.47 5823.53 0.00
v -2647.06 5823.53 0.00
v -2647.06 6352.94 0.00
v -3176.47 6352.94 0.00
v -3176.47 5823.53 -18.00
v -2647.06 5823.53 -18.00
v -2647.06 5823.53 0.00
v -3176.47 5823.53 0.00
v -2647.06 5823.53 -18.00
v -2647.06 6352.94 -18.00
v -2647.06 6352.94 0.00
v -2647.06 5823.53 0.00
v -2647.06 6352.94 -18.00
v -3176.47 6352.94 -18.00
v -3176.47 6352.94 0.00
v -2647.06 6352.94 0.00
v -3176.47 6352.94 -18.00
v -3176.47 5823.53 -18.00
v -3176.47 5823.53 0.00
v -3176.47 6352.94 0.00
v -3176.47 6882.35 -18.00
v -2647.06 6882.35 -18.00
v -2647.06 6352.94 -18.00
v -3176.47 6352.94 -18.00
v -3176.47 6352.94 0.00
v -2647.06 6352.94 0.00
v -2647.06 6882.35 0.00
v -3176.47 6882.35 0.00
v -3176.47 6352.94 -18.00
v -2647.06 6352.94 -18.00
v -2647.06 6352.94 0.00
v -3176.47 6352.94 0.00
v -2647.06 6352.94 -18.00
v -2647.06 6882.35 -18.00
v -2647.06 6882.35 0.00
v -2647.06 6352.94 0.00
v -2647.06 6882.35 -18.00
v -3176.47 6882.35 -18.00
v -3176.47 6882.35 0.00
v -2647.06 6882.35 0.00
v -3176.47 6882.35 -18.00
v -3176.47 6352.94 -18.00
v -3176.47 6352.94 0.00
v -3176.47 6882.35 0.00
v -3176.47 7411.77 -18.00
v -2647.06 7411.77 -18.00
v -2647.06 6882.35 -18.00
v -3176.47 6882.35 -18.00
v -3176.47 6882.35 0.00
v -2647.06 6882.35 0.00
v -2647.06 7411.77 0.00
v -3176.47 7411.77 0.00
v -3176.47 6882.35 -18.00
v -2647.06 6882.35 -18.00
v -2647.06 6882.35 0.00
v -3176.47 6882.35 0.00
v -2647.06 6882.35 -18.00
v -2647.06 7411.77 -18.00
v -2647.06 7411.77 0.00
v -2647.06 6882.35 0.00
v -2647.06 7411.77 -18.00
v -3176.47 7411.77 -18.00
v -3176.47 7411.77 0.00
v -2647.06 7411.77 0.00
v -3176.47 7411.77 -18.00
v -3176.47 6882.35 -18.00
v -3176.47 6882.35 0.00
v -3176.47 7411.77 0.00
v -3176.47 7941.18 -18.00
v -2647.06 7941.18 -18.00
v -2647.06 7411.77 -18.00
v -3176.47 7411.77 -18.00
v -3176.47 7411.77 0.00
v -2647.06 7411.77 0.00
v -2647.06 7941.18 0.00
v -3176.47 7941.18 0.00
v -3176.47 7411.77 -18.00
v -2647.06 7411.77 -18.00
v -2647.06 7411.77 0.00
v -3176.47 7411.77 0.00
v -2647.06 7411.77 -18.00
v -2647.06 7941.18 -18.00
v -2647.06 7941.18 0.00
v -2647.06 7411.77 0.00
v -2647.06 7941.18 -18.00
v -3176.47 7941.18 -18.00
v -3176.47 7941.18 0.00
v -2647.06 7941.18 0.00
v -3176.47 7941.18 -18.00
v -3176.47 7411.77 -18.00
v -3176.47 7411.77 0.00
v -3176.47 7941.18 0.00
v -3176.47 8470.59 -18.00
v -2647.06 8470.59 -18.00
v -2647.06 7941.18 -18.00
v -3176.47 7941.18 -18.00
v -3176.47 7941.18 0.00
v -2647.06 7941.18 0.00
v -2647.06 8470.59 0.00
v -3176.47 8470.59 0.00
v -3176.47 7941.18 -18.00
v -2647.06 7941.18 -18.00
v -2647.06 7941.18 0.00
v -3176.47 7941.18 0.00
v -2647.06 7941.18 -18.00
v -2647.06 8470.59 -18.00
v -2647.06 8470.59 0.00
v -2647.06 7941.18 0.00
v -2647.06 8470.59 -18.00
v -3176.47 8470.59 -18.00
v -3176.47 8470.59 0.00
v -2647.06 8470.59 0.00
v -3176.47 8470.59 -18.00
v -3176.47 7941.18 -18.00
v -3176.47 7941.18 0.00
v -3176.47 8470.59 0.00
v -3176.47 9000.00 -18.00
v -2647.06 9000.00 -18.00
v -2647.06 8470.59 -18.00
v -3176.47 8470.59 -18.00
v -3176.47 8470.59 0.00
v -2647.06 8470.59 0.00
v -2647.06 9000.00 0.00
v -3176.47 9000.00 0.00
v -3176.47 8470.59 -18.00
v -2647.06 8470.59 -18.00
v -2647.06 8470.59 0.00
v -3176.47 8470.59 0.00
v -2647.06 8470.59 -18.00
v -2647.06 9000.00 -18.00
v -2647.06 9000.00 0.00
v -2647.06 8470.59 0.00
v -2647.06 9000.00 -18.00
v -3176.47 9000.00 -18.00
v -3176.47 9000.00 0.00
v -2647.06 9000.00 0.00
v -3176.47 9000.00 -18.00
v -3176.47 8470.59 -18.00
v -3176.47 8470.59 0.00
v -3176.47 9000.00 0.00
v -2647.06 5294.12 -18.00
v -2117.65 5294.12 -18.00
v -2117.65 4764.71 -18.00
v -2647.06 4764.71 -18.00
v -2647.06 4764.71 0.00
v -2117.65 4764.71 0.00
v -2117.65 5294.12 0.00
v -2647.06 5294.12 0.00
v -2117.65 4764.71 -18.00
v -2117.65 5294.12 -18.00
v -2117.65 5294.12 0.00
v -2117.65 4764.71 0.00
v -2117.65 5294.12 -18.00
v -2647.06 5294.12 -18.00
v -2647.06 5294.12 0.00
v -2117.65 5294.12 0.00
v -2647.06 5294.12 -18.00
v -2647.06 4764.71 -18.00
v -2647.06 4764.71 0.00
v -2647.06 5294.12 0.00
v -2647.06 5823.53 -18.00
v -2117.65 5823.53 -18.00
v -2117.65 5294.12 -18.00
v -2647.06 5294.12 -18.00
v -2647.06 5294.12 0.00
v -2117.65 5294.12 0.00
v -2117.65 5823.53 0.00
v -2647.06 5823.53 0.00
v -2647.06 5294.12 -18.00
v -2117.65 5294.12 -18.00
v -2117.65 5294.12 0.00
v -2647.06 5294.12 0.00
v -2117.65 5294.12 -18.00
v -2117.65 5823.53 -18.00
v -2117.65 5823.53 0.00
v -2117.65 5294.12 0.00
v -2117.65 5823.53 -18.00
v -2647.06 5823.53 -18.00
v -2647.06 5823.53 0.00
v -2117.65 5823.53 0.00
v -2647.06 5823.53 -18.00
v -2647.06 5294.12 -18.00
v -2647.06 5294.12 0.00
v -2647.06 5823.53 0.00
v -2647.06 6352.94 -18.00
v -2117.65 6352.94 -18.00
v -2117.65 5823.53 -18.00
v -2647.06 5823.53 -18.00
v -2647.06 5823.53 0.00
v -2117.65 5823.53 0.00
v -2117.65 6352.94 0.00
v -2647.06 6352.94 0.00
v -2647.06 5823.53 -18.00
v -2117.65 5823.53 -18.00
v -2117.65 5823.53 0.00
v -2647.06 5823.53 0.00
v -2117.65 5823.53 -18.00
v -2117.65 6352.94 -18.00
v -2117.65 6352.94 0.00
v -2117.65 5823.53 0.00
v -2117.65 6352.94 -18.00
v -2647.06 6352.94 -18.00
v -2647.06 6352.94 0.00
v -2117.65 6352.94 0.00
v -2647.06 6352.94 -18.00
v -2647.06 5823.53 -18.00
v -2647.06 5823.53 0.00
v -2647.06 6352.94 0.00
v -2647.06 6882.35 -18.00
v -2117.65 6882.35 -18.00
v -2117.65 6352.94 -18.00
v -2647.06 6352.94 -18.00
v -2647.06 6352.94 0.00
v -2117.65 6352.94 0.00
v -2117.65 6882.35 0.00
v -2647.06 6882.35 0.00
v -2647.06 6352.94 -18.00
v -2117.65 6352.94 -18.00
v -2117.65 6352.94 0.00
v -2647.06 6352.94 0.00
v -2117.65 6352.94 -18.00
v -2117.65 6882.35 -18.00
v -2117.65 6882.35 0.00
v -2117.65 6352.94 0.00
v -2117.65 6882.35 -18.00
v -2647.06 6882.35 -18.00
v -2647.06 6882.35 0.00
v -2117.65 6882.35 0.00
v -2647.06 6882.35 -18.00
v -2647.06 6352.94 -18.00
v -2647.06 6352.94 0.00
v -2647.06 6882.35 0.00
v -2647.06 7411.77 -18.00
v -2117.65 7411.77 -18.00
v -2117.65 6882.35 -18.00
v -2647.06 6882.35 -18.00
v -2647.06 6882.35 0.00
v -2117.65 6882.35 0.00
v -2117.65 7411.77 0.00
v -2647.06 7411.77 0.00
v -2647.06 6882.35 -18.00
v -2117.65 6882.35 -18.00
v -2117.65 6882.35 0.00
v -2647.06 6882.35 0.00
v -2117.65 6882.35 -18.00
v -2117.65 7411.77 -18.00
v -2117.65 7411.77 0.00
v -2117.65 6882.35 0.00
v -2117.65 7411.77 -18.00
v -2647.06 7411.77 -18.00
v -2647.06 7411.77 0.00
v -2117.65 7411.77 0.00
v -2647.06 7411.77 -18.00
v -2647.06 6882.35 -18.00
v -2647.06 6882.35 0.00
v -2647.06 7411.77 0.00
v -2647.06 7941.18 -18.00
v -2117.65 7941.18 -18.00
v -2117.65 7411.77 -18.00
v -2647.06 7411.77 -18.00
v -2647.06 7411.77 0.00
v -2117.65 7411.77 0.00
v -2117.65 7941.18 0.00
v -2647.06 7941.18 0.00
v -2647.06 7411.77 -18.00
v -2117.65 7411.77 -18.00
v -2117.65 7411.77 0.00
v -2647.06 7411.77 0.00
v -2117.65 7411.77 -18.00
v -2117.65 7941.18 -18.00
v -2117.65 7941.18 0.00
v -2117.65 7411.77 0.00
v -2117.65 7941.18 -18.00
v -2647.06 7941.18 -18.00
v -2647.06 7941.18 0.00
v -2117.65 7941.18 0.00
v -2647.06 7941.18 -18.00
v -2647.06 7411.77 -18.00
v -2647.06 7411.77 0.00
v -2647.06 7941.18 0.00
v -2647.06 8470.59 -18.00
v -2117.65 8470.59 -18.00
v -2117.65 7941.18 -18.00
v -2647.06 7941.18 -18.00
v -2647.06 7941.18 0.00
v -2117.65 7941.18 0.00
v -2117.65 8470.59 0.00
v -2647.06 8470.59 0.00
v -2647.06 7941.18 -18.00
v -2117.65 7941.18 -18.00
v -2117.65 7941.18 0.00
v -2647.06 7941.18 0.00
v -2117.65 7941.18 -18.00
v -2117.65 8470.59 -18.00
v -2117.65 8470.59 0.00
v -2117.65 7941.18 0.00
v -2117.65 8470.59 -18.00
v -2647.06 8470.59 -18.00
v -2647.06 8470.59 0.00
v -2117.65 8470.59 0.00
v -2647.06 8470.59 -18.00
v -2647.06 7941.18 -18.00
v -2647.06 7941.18 0.00
v -2647.06 8470.59 0.00
v -2647.06 9000.00 -18.00
v -2117.65 9000.00 -18.00
v -2117.65 8470.59 -18.00
v -2647.06 8470.59 -18.00
v -2647.06 8470.59 0.00
v -2117.65 8470.59 0.00
v -2117.65 9000.00 0.00
v -2647.06 9000.00 0.00
v -2647.06 8470.59 -18.00
v -2117.65 8470.59 -18.00
v -2117.65 8470.59 0.00
v -2647.06 8470.59 0.00
v -2117.65 8470.59 -18.00
v -2117.65 9000.00 -18.00
v -2117.65 9000.00 0.00
v -2117.65 8470.59 0.00
v -2117.65 9000.00 -18.00
v -2647.06 9000.00 -18.00
v -2647.06 9000.00 0.00
v -2117.65 9000.00 0.00
v -2647.06 9000.00 -18.00
v -2647.06 8470.59 -18.00
v -2647.06 8470.59 0.00
v -2647.06 9000.00 0.00
v -2117.65 5294.12 -18.00
v -1588.23 5294.12 -18.00
v -1588.23 4764.71 -18.00
v -2117.65 4764.71 -18.00
v -2117.65 4764.71 0.00
v -1588.23 4764.71 0.00
v -1588.23 5294.12 0.00
v -2117.65 5294.12 0.00
v -1588.23 4764.71 -18.00
v -1588.23 5294.12 -18.00
v -1588.23 5294.12 0.00
v -1588.23 4764.71 0.00
v -1588.23 5294.12 -18.00
v -2117.65 5294.12 -18.00
v -2117.65 5294.12 0.00
v -1588.23 5294.12 0.00
v -2117.65 5294.12 -18.00
v -2117.65 4764.71 -18.00
v -2117.65 4764.71 0.00
v -2117.65 5294.12 0.00
v -2117.65 5823.53 -18.00
v -1588.23 5823.53 -18.00
v -1588.23 5294.12 -18.00
v -2117.65 5294.12 -18.00
v -2117.65 5294.12 0.00
v -1588.23 5294.12 0.00
v -1588.23 5823.53 0.00
v -2117.65 5823.53 0.00
v -2117.65 5294.12 -18.00
v -1588.23 5294.12 -18.00
v -1588.23 5294.12 0.00
v -2117.65 5294.12 0.00
v -1588.23 5294.12 -18.00
v -1588.23 5823.53 -18.00
v -1588.23 5823.53 0.00
v -1588.23 5294.12 0.00
v -1588.23 5823.53 -18.00
v -2117.65 5823.53 -18.00
v -2117.65 5823.53 0.00
v -1588.23 5823.53 0.00
v -2117.65 5823.53 -18.00
v -2117.65 5294.12 -18.00
v -2117.65 5294.12 0.00
v -2117.65 5823.53 0.00
v -2117.65 6352.94 -18.00
v -1588.23 6352.94 -18.00
v -1588.23 5823.53 -18.00
v -2117.65 5823.53 -18.00
v -2117.65 5823.53 0.00
v -1588.23 5823.53 0.00
v -1588.23 6352.94 0.00
v -2117.65 6352.94 0.00
v -2117.65 5823.53 -18.00
v -1588.23 5823.53 -18.00
v -1588.23 5823.53 0.00
v -2117.65 5823.53 0.00
v -1588.23 5823.53 -18.00
v -1588.23 6352.94 -18.00
v -1588.23 6352.94 0.00
v -1588.23 5823.53 0.00
v -1588.23 6352.94 -18.00
v -2117.65 6352.94 -18.00
v -2117.65 6352.94 0.00
v -1588.23 6352.94 0.00
v -2117.65 6352.94 -18.00
v -2117.65 5823.53 -18.00
v -2117.65 5823.53 0.00
v -2117.65 6352.94 0.00
v -2117.65 6882.35 -18.00
v -1588.23 6882.35 -18.00
v -1588.23 6352.94 -18.00
v -2117.65 6352.94 -18.00
v -2117.65 6352.94 0.00
v -1588.23 6352.94 0.00
v -1588.23 6882.35 0.00
v -2117.65 6882.35 0.00
v -2117.65 6352.94 -18.00
v -1588.23 6352.94 -18.00
v -1588.23 6352.94 0.00
v -2117.65 6352.94 0.00
v -1588.23 6352.94 -18.00
v -1588.23 6882.35 -18.00
v -1588.23 6882.35 0.00
v -1588.23 6352.94 0.00
v -1588.23 6882.35 -18.00
v -2117.65 6882.35 -18.00
v -2117.65 6882.35 0.00
v -1588.23 6882.35 0.00
v -2117.65 6882.35 -18.00
v -2117.65 6352.94 -18.00
v -2117.65 6352.94 0.00
v -2117.65 6882.35 0.00
v -2117.65 7411.77 -18.00
v -1588.23 7411.77 -18.00
v -1588.23 6882.35 -18.00
v -2117.65 6882.35 -18.00
v -2117.65 6882.35 0.00
v -1588.23 6882.35 0.00
v -1588.23 7411.77 0.00
v -2117.65 7411.77 0.00
v -2117.65 6882.35 -18.00
v -1588.23 6882.35 -18.00
v -1588.23 6882.35 0.00
v -2117.65 6882.35 0.00
v -1588.23 6882.35 -18.00
v -1588.23 7411.77 -18.00
v -1588.23 7411.77 0.00
v -1588.23 6882.35 0.00
v -1588.23 7411.77 -18.00
v -2117.65 7411.77 -18.00
v -2117.65 7411.77 0.00
v -1588.23 7411.77 0.00
v -2117.65 7411.77 -18.00
v -2117.65 6882.35 -18.00
v -2117.65 6882.35 0.00
v -2117.65 7411.77 0.00
v -2117.65 7941.18 -18.00
v -1588.23 7941.18 -18.00
v -1588.23 7411.77 -18.00
v -2117.65 7411.77 -18.00
v -2117.65 7411.77 0.00
v -1588.23 7411.77 0.00
v -1588.23 7941.18 0.00
v -2117.65 7941.18 0.00
v -2117.65 7411.77 -18.00
v -1588.23 7411.77 -18.00
v -1588.23 7411.77 0.00
v -2117.65 7411.77 0.00
v -1588.23 7411.77 -18.00
v -1588.23 7941.18 -18.00
v -1588.23 7941.18 0.00
v -1588.23 7411.77 0.00
v -1588.23 7941.18 -18.00
v -2117.65 7941.18 -18.00
v -2117.65 7941.18 0.00
v -1588.23 7941.18 0.00
v -2117.65 7941.18 -18.00
v -2117.65 7411.77 -18.00
v -2117.65 7411.77 0.00
v -2117.65 7941.18 0.00
v -2117.65 8470.59 -18.00
v -1588.23 8470.59 -18.00
v -1588.23 7941.18 -18.00
v -2117.65 7941.18 -18.00
v -2117.65 7941.18 0.00
v -1588.23 7941.18 0.00
v -1588.23 8470.59 0.00
v -2117.65 8470.59 0.00
v -2117.65 7941.18 -18.00
v -1588.23 7941.18 -18.00
v -1588.23 7941.18 0.00
v -2117.65 7941.18 0.00
v -1588.23 7941.18 -18.00
v -1588.23 8470.59 -18.00
v -1588.23 8470.59 0.00
v -1588.23 7941.18 0.00
v -1588.23 8470.59 -18.00
v -2117.65 8470.59 -18.00
v -2117.65 8470.59 0.00
v -1588.23 8470.59 0.00
v -2117.65 8470.59 -18.00
v -2117.65 7941.18 -18.00
v -2117.65 7941.18 0.00
v -2117.65 8470.59 0.00
v -2117.65 9000.00 -18.00
v -1588.23 9000.00 -18.00
v -1588.23 8470.59 -18.00
v -2117.65 8470.59 -18.00
v -2117.65 8470.59 0.00
v -1588.23 8470.59 0.00
v -1588.23 9000.00 0.00
v -2117.65 9000.00 0.00
v -2117.65 8470.59 -18.00
v -1588.23 8470.59 -18.00
v -1588.23 8470.59 0.00
v -2117.65 8470.59 0.00
v -1588.23 8470.59 -18.00
v -1588.23 9000.00 -18.00
v -1588.23 9000.00 0.00
v -1588.23 8470.59 0.00
v -1588.23 9000.00 -18.00
v -2117.65 9000.00 -18.00
v -2117.65 9000.00 0.00
v -1588.23 9000.00 0.00
v -2117.65 9000.00 -18.00
v -2117.65 8470.59 -18.00
v -2117.65 8470.59 0.00
v -2117.65 9000.00 0.00
v -1588.23 5294.12 -18.00
v -1058.82 5294.12 -18.00
v -1058.82 4764.71 -18.00
v -1588.23 4764.71 -18.00
v -1588.23 4764.71 0.00
v -1058.82 4764.71 0.00
v -1058.82 5294.12 0.00
v -1588.23 5294.12 0.00
v -1058.82 4764.71 -18.00
v -1058.82 5294.12 -18.00
v -1058.82 5294.12 0.00
v -1058.82 4764.71 0.00
v -1058.82 5294.12 -18.00
v -1588.23 5294.12 -18.00
v -1588.23 5294.12 0.00
v -1058.82 5294.12 0.00
v -1588.23 5294.12 -18.00
v -1588.23 4764.71 -18.00
v -1588.23 4764.71 0.00
v -1588.23 5294.12 0.00
v -1588.23 5823.53 -18.00
v -1058.82 5823.53 -18.00
v -1058.82 5294.12 -18.00
v -1588.23 5294.12 -18.00
v -1588.23 5294.12 0.00
v -1058.82 5294.12 0.00
v -1058.82 5823.53 0.00
v -1588.23 5823.53 0.00
v -1588.23 5294.12 -18.00
v -1058.82 5294.12 -18.00
v -1058.82 5294.12 0.00
v -1588.23 5294.12 0.00
v -1058.82 5294.12 -18.00
v -1058.82 5823.53 -18.00
v -1058.82 5823.53 0.00
v -1058.82 5294.12 0.00
v -1058.82 5823.53 -18.00
v -1588.23 5823.53 -18.00
v -1588.23 5823.53 0.00
v -1058.82 5823.53 0.00
v -1588.23 5823.53 -18.00
v -1588.23 5294.12 -18.00
v -1588.23 5294.12 0.00
v -1588.23 5823.53 0.00
v -1588.23 6352.94 -18.00
v -1058.82 6352.94 -18.00
v -1058.82 5823.53 -18.00
v -1588.23 5823.53 -18.00
v -1588.23 5823.53 0.00
v -1058.82 5823.53 0.00
v -1058.82 6352.94 0.00
v -1588.23 6352.94 0.00
v -1588.23 5823.53 -18.00
v -1058.82 5823.53 -18.00
v -1058.82 5823.53 0.00
v -1588.23 5823.53 0.00
v -1058.82 5823.53 -18.00
v -1058.82 6352.94 -18.00
v -1058.82 6352.94 0.00
v -1058.82 5823.53 0.00
v -1058.82 6352.94 -18.00
v -1588.23 6352.94 -18.00
v -1588.23 6352.94 0.00
v -1058.82 6352.94 0.00
v -1588.23 6352.94 -18.00
v -1588.23 5823.53 -18.00
v -1588.23 5823.53 0.00
v -1588.23 6352.94 0.00
v -1588.23 6882.35 -18.00
v -1058.82 6882.35 -18.00
v -1058.82 6352.94 -18.00
v -1588.23 6352.94 -18.00
v -1588.23 6352.94 0.00
v -1058.82 6352.94 0.00
v -1058.82 6882.35 0.00
v -1588.23 6882.35 0.00
v -1588.23 6352.94 -18.00
v -1058.82 6352.94 -18.00
v -1058.82 6352.94 0.00
v -1588.23 6352.94 0.00
v -1058.82 6352.94 -18.00
v -1058.82 6882.35 -18.00
v -1058.82 6882.35 0.00
v -1058.82 6352.94 0.00
v -1058.82 6882.35 -18.00
v -1588.23 6882.35 -18.00
v -1588.23 6882.35 0.00
v -1058.82 6882.35 0.00
v -1588.23 6882.35 -18.00
v -1588.23 6352.94 -18.00
v -1588.23 6352.94 0.00
v -1588.23 6882.35 0.00
v -1588.23 7411.77 -18.00
v -1058.82 7411.77 -18.00
v -1058.82 6882.35 -18.00
v -1588.23 6882.35 -18.00
v -1588.23 6882.35 0.00
v -1058.82 6882.35 0.00
v -1058.82 7411.77 0.00
v -1588.23 7411.77 0.00
v -1588.23 6882.35 -18.00
v -1058.82 6882.35 -18.00
v -1058.82 6882.35 0.00
v -1588.23 6882.35 0.00
v -1058.82 6882.35 -18.00
v -1058.82 7411.77 -18.00
v -1058.82 7411.77 0.00
v -1058.82 6882.35 0.00
v -1058.82 7411.77 -18.00
v -1588.23 7411.77 -18.00
v -1588.23 7411.77 0.00
v -1058.82 7411.77 0.00
v -1588.23 7411.77 -18.00
v -1588.23 6882.35 -18.00
v -1588.23 6882.35 0.00
v -1588.23 7411.77 0.00
v -1588.23 7941.18 -18.00
v -1058.82 7941.18 -18.00
v -1058.82 7411.77 -18.00
v -1588.23 7411.77 -18.00
v -1588.23 7411.77 0.00
v -1058.82 7411.77 0.00
v -1058.82 7941.18 0.00
v -1588.23 7941.18 0.00
v -1588.23 7411.77 -18.00
v -1058.82 7411.77 -18.00
v -1058.82 7411.77 0.00
v -1588.23 7411.77 0.00
v -1058.82 7411.77 -18.00
v -1058.82 7941.18 -18.00
v -1058.82 7941.18 0.00
v -1058.82 7411.77 0.00
v -1058.82 7941.18 -18.00
v -1588.23 7941.18 -18.00
v -1588.23 7941.18 0.00
v -1058.82 7941.18 0.00
v -1588.23 7941.18 -18.00
v -1588.23 7411.77 -18.00
v -1588.23 7411.77 0.00
v -1588.23 7941.18 0.00
v -1588.23 8470.59 -18.00
v -1058.82 8470.59 -18.00
v -1058.82 7941.18 -18.00
v -1588.23 7941.18 -18.00
v -1588.23 7941.18 0.00
v -1058.82 7941.18 0.00
v -1058.82 8470.59 0.00
v -1588.23 8470.59 0.00
v -1588.23 7941.18 -18.00
v -1058.82 7941.18 -18.00
v -1058.82 7941.18 0.00
v -1588.23 7941.18 0.00
v -1058.82 7941.18 -18.00
v -1058.82 8470.59 -18.00
v -1058.82 8470.59 0.00
v -1058.82 7941.18 0.00
v -1058.82 8470.59 -18.00
v -1588.23 8470.59 -18.00
v -1588.23 8470.59 0.00
v -1058.82 8470.59 0.00
v -1588.23 8470.59 -18.00
v -1588.23 7941.18 -18.00
v -1588.23 7941.18 0.00
v -1588.23 8470.59 0.00
v -1588.23 9000.00 -18.00
v -1058.82 9000.00 -18.00
v -1058.82 8470.59 -18.00
v -1588.23 8470.59 -18.00
v -1588.23 8470.59 0.00
v -1058.82 8470.59 0.00
v -1058.82 9000.00 0.00
v -1588.23 9000.00 0.00
v -1588.23 8470.59 -18.00
v -1058.82 8470.59 -18.00
v -1058.82 8470.59 0.00
v -1588.23 8470.59 0.00
v -1058.82 8470.59 -18.00
v -1058.82 9000.00 -18.00
v -1058.82 9000.00 0.00
v -1058.82 8470.59 0.00
v -1058.82 9000.00 -18.00
v -1588.23 9000.00 -18.00
v -1588.23 9000.00 0.00
v -1058.82 9000.00 0.00
v -1588.23 9000.00 -18.00
v -1588.23 8470.59 -18.00
v -1588.23 8470.59 0.00
v -1588.23 9000.00 0.00
v -1058.82 5294.12 -18.00
v -529.41 5294.12 -18.00
v -529.41 4764.71 -18.00
v -1058.82 4764.71 -18.00
v -1058.82 4764.71 0.00
v -529.41 4764.71 0.00
v -529.41 5294.12 0.00
v -1058.82 5294.12 0.00
v -529.41 4764.71 -18.00
v -529.41 5294.12 -18.00
v -529.41 5294.12 0.00
v -529.41 4764.71 0.00
v -529.41 5294.12 -18.00
v -1058.82 5294.12 -18.00
v -1058.82 5294.12 0.00
v -529.41 5294.12 0.00
v -1058.82 5294.12 -18.00
v -1058.82 4764.71 -18.00
v -1058.82 4764.71 0.00
v -1058.82 5294.12 0.00
v -1058.82 5823.53 -18.00
v -529.41 5823.53 -18.00
v -529.41 5294.12 -18.00
v -1058.82 5294.12 -18.00
v -1058.82 5294.12 0.00
v -529.41 5294.12 0.00
v -529.41 5823.53 0.00
v -1058.82 5823.53 0.00
v -1058.82 5294.12 -18.00
v -529.41 5294.12 -18.00
v -529.41 5294.12 0.00
v -1058.82 5294.12 0.00
v -529.41 5294.12 -18.00
v -529.41 5823.53 -18.00
v -529.41 5823.53 0.00
v -529.41 5294.12 0.00
v -529.41 5823.53 -18.00
v -1058.82 5823.53 -18.00
v -1058.82 5823.53 0.00
v -529.41 5823.53 0.00
v -1058.82 5823.53 -18.00
v -1058.82 5294.12 -18.00
v -1058.82 5294.12 0.00
v -1058.82 5823.53 0.00
v -1058.82 6352.94 -18.00
v -529.41 6352.94 -18.00
v -529.41 5823.53 -18.00
v -1058.82 5823.53 -18.00
v -1058.82 5823.53 0.00
v -529.41 5823.53 0.00
v -529.41 6352.94 0.00
v -1058.82 6352.94 0.00
v -1058.82 5823.53 -18.00
v -529.41 5823.53 -18.00
v -529.41 5823.53 0.00
v -1058.82 5823.53 0.00
v -529.41 5823.53 -18.00
v -529.41 6352.94 -18.00
v -529.41 6352.94 0.00
v -529.41 5823.53 0.00
v -529.41 6352.94 -18.00
v -1058.82 6352.94 -18.00
v -1058.82 6352.94 0.00
v -529.41 6352.94 0.00
v -1058.82 6352.94 -18.00
v -1058.82 5823.53 -18.00
v -1058.82 5823.53 0.00
v -1058.82 6352.94 0.00
v -1058.82 6882.35 -18.00
v -529.41 6882.35 -18.00
v -529.41 6352.94 -18.00
v -1058.82 6352.94 -18.00
v -1058.82 6352.94 0.00
v -529.41 6352.94 0.00
v -529.41 6882.35 0.00
v -1058.82 6882.35 0.00
v -1058.82 6352.94 -18.00
v -529.41 6352.94 -18.00
v -529.41 6352.94 0.00
v -1058.82 6352.94 0.00
v -529.41 6352.94 -18.00
v -529.41 6882.35 -18.00
v -529.41 6882.35 0.00
v -529.41 6352.94 0.00
v -529.41 6882.35 -18.00
v -1058.82 6882.35 -18.00
v -1058.82 6882.35 0.00
v -529.41 6882.35 0.00
v -1058.82 6882.35 -18.00
v -1058.82 6352.94 -18.00
v -1058.82 6352.94 0.00
v -1058.82 6882.35 0.00
v -1058.82 7411.77 -18.00
v -529.41 7411.77 -18.00
v -529.41 6882.35 -18.00
v -1058.82 6882.35 -18.00
v -1058.82 6882.35 0.00
v -529.41 6882.35 0.00
v -529.41 7411.77 0.00
v -1058.82 7411.77 0.00
v -1058.82 6882.35 -18.00
v -529.41 6882.35 -18.00
v -529.41 6882.35 0.00
v -1058.82 6882.35 0.00
v -529.41 6882.35 -18.00
v -529.41 7411.77 -18.00
v -529.41 7411.77 0.00
v -529.41 6882.35 0.00
v -529.41 7411.77 -18.00
v -1058.82 7411.77 -18.00
v -1058.82 7411.77 0.00
v -529.41 7411.77 0.00
v -1058.82 7411.77 -18.00
v -1058.82 6882.35 -18.00
v -1058.82 6882.35 0.00
v -1058.82 7411.77 0.00
v -1058.82 7941.18 -18.00
v -529.41 7941.18 -18.00
v -529.41 7411.77 -18.00
v -1058.82 7411.77 -18.00
v -1058.82 7411.77 0.00
v -529.41 7411.77 0.00
v -529.41 7941.18 0.00
v -1058.82 7941.18 0.00
v -1058.82 7411.77 -18.00
v -529.41 7411.77 -18.00
v -529.41 7411.77 0.00
v -1058.82 7411.77 0.00
v -529.41 7411.77 -18.00
v -529.41 7941.18 -18.00
v -529.41 7941.18 0.00
v -529.41 7411.77 0.00
v -529.41 7941.18 -18.00
v -1058.82 7941.18 -18.00
v -1058.82 7941.18 0.00
v -529.41 7941.18 0.00
v -1058.82 7941.18 -18.00
v -1058.82 7411.77 -18.00
v -1058.82 7411.77 0.00
v -1058.82 7941.18 0.00
v -1058.82 8470.59 -18.00
v -529.41 8470.59 -18.00
v -529.41 7941.18 -18.00
v -1058.82 7941.18 -18.00
v -1058.82 7941.18 0.00
v -529.41 7941.18 0.00
v -529.41 8470.59 0.00
v -1058.82 8470.59 0.00
v -1058.82 7941.18 -18.00
v -529.41 7941.18 -18.00
v -529.41 7941.18 0.00
v -1058.82 7941.18 0.00
v -529.41 7941.18 -18.00
v -529.41 8470.59 -18.00
v -529.41 8470.59 0.00
v -529.41 7941.18 0.00
v -529.41 8470.59 -18.00
v -1058.82 8470.59 -18.00
v -1058.82 8470.59 0.00
v -529.41 8470.59 0.00
v -1058.82 8470.59 -18.00
v -1058.82 7941.18 -18.00
v -1058.82 7941.18 0.00
v -1058.82 8470.59 0.00
v -1058.82 9000.00 -18.00
v -529.41 9000.00 -18.00
v -529.41 8470.59 -18.00
v -1058.82 8470.59 -18.00
v -1058.82 8470.59 0.00
v -529.41 8470.59 0.00
v -529.41 9000.00 0.00
v -1058.82 9000.00 0.00
v -1058.82 8470.59 -18.00
v -529.41 8470.59 -18.00
v -529.41 8470.59 0.00
v -1058.82 8470.59 0.00
v -529.41 8470.59 -18.00
v -529.41 9000.00 -18.00
v -529.41 9000.00 0.00
v -529.41 8470.59 0.00
v -529.41 9000.00 -18.00
v -1058.82 9000.00 -18.00
v -1058.82 9000.00 0.00
v -529.41 9000.00 0.00
v -1058.82 9000.00 -18.00
v -1058.82 8470.59 -18.00
v -1058.82 8470.59 0.00
v -1058.82 9000.00 0.00
v -529.41 5294.12 -18.00
v -0.00 5294.12 -18.00
v -0.00 4764.71 -18.00
v -529.41 4764.71 -18.00
v -529.41 4764.71 0.00
v -0.00 4764.71 0.00
v -0.00 5294.12 0.00
v -529.41 5294.12 0.00
v -0.00 4764.71 -18.00
v -0.00 5294.12 -18.00
v -0.00 5294.12 0.00
v -0.00 4764.71 0.00
v -0.00 5294.12 -18.00
v -529.41 5294.12 -18.00
v -529.41 5294.12 0.00
v -0.00 5294.12 0.00
v -529.41 5294.12 -18.00
v -529.41 4764.71 -18.00
v -529.41 4764.71 0.00
v -529.41 5294.12 0.00
v -529.41 5823.53 -18.00
v -0.00 5823.53 -18.00
v -0.00 5294.12 -18.00
v -529.41 5294.12 -18.00
v -529.41 5294.12 0.00
v -0.00 5294.12 0.00
v -0.00 5823.53 0.00
v -529.41 5823.53 0.00
v -529.41 5294.12 -18.00
v -0.00 5294.12 -18.00
v -0.00 5294.12 0.00
v -529.41 5294.12 0.00
v -0.00 5294.12 -18.00
v -0.00 5823.53 -18.00
v -0.00 5823.53 0.00
v -0.00 5294.12 0.00
v -0.00 5823.53 -18.00
v -529.41 5823.53 -18.00
v -529.41 5823.53 0.00
v -0.00 5823.53 0.00
v -529.41 5823.53 -18.00
v -529.41 5294.12 -18.00
v -529.41 5294.12 0.00
v -529.41 5823.53 0.00
v -529.41 6352.94 -18.00
v -0.00 6352.94 -18.00
v -0.00 5823.53 -18.00
v -529.41 5823.53 -18.00
v -529.41 5823.53 0.00
v -0.00 5823.53 0.00
v -0.00 6352.94 0.00
v -529.41 6352.94 0.00
v -529.41 5823.53 -18.00
v -0.00 5823.53 -18.00
v -0.00 5823.53 0.00
v -529.41 5823.53 0.00
v -0.00 5823.53 -18.00
v -0.00 6352.94 -18.00
v -0.00 6352.94 0.00
v -0.00 5823.53 0.00
v -0.00 6352.94 -18.00
v -529.41 6352.94 -18.00
v -529.41 6352.94 0.00
v -0.00 6352.94 0.00
v -529.41 6352.94 -18.00
v -529.41 5823.53 -18.00
v -529.41 5823.53 0.00
v -529.41 6352.94 0.00
v -529.41 6882.35 -18.00
v -0.00 6882.35 -18.00
v -0.00 6352.94 -18.00
v -529.41 6352.94 -18.00
v -529.41 6352.94 0.00
v -0.00 6352.94 0.00
v -0.00 6882.35 0.00
v -529.41 6882.35 0.00
v -529.41 6352.94 -18.00
v -0.00 6352.94 -18.00
v -0.00 6352.94 0.00
v -529.41 6352.94 0.00
v -0.00 6352.94 -18.00
v -0.00 6882.35 -18.00
v -0.00 6882.35 0.00
v -0.00 6352.94 0.00
v -0.00 6882.35 -18.00
v -529.41 6882.35 -18.00
v -529.41 6882.35 0.00
v -0.00 6882.35 0.00
v -529.41 6882.35 -18.00
v -529.41 6352.94 -18.00
v -529.41 6352.94 0.00
v -529.41 6882.35 0.00
v -529.41 7411.77 -18.00
v -0.00 7411.77 -18.00
v -0.00 6882.35 -18.00
v -529.41 6882.35 -18.00
v -529.41 6882.35 0.00
v -0.00 6882.35 0.00
v -0.00 7411.77 0.00
v -529.41 7411.77 0.00
v -529.41 6882.35 -18.00
v -0.00 6882.35 -18.00
v -0.00 6882.35 0.00
v -529.41 6882.35 0.00
v -0.00 6882.35 -18.00
v -0.00 7411.77 -18.00
v -0.00 7411.77 0.00
v -0.00 6882.35 0.00
v -0.00 7411.77 -18.00
v -529.41 7411.77 -18.00
v -529.41 7411.77 0.00
v -0.00 7411.77 0.00
v -529.41 7411.77 -18.00
v -529.41 6882.35 -18.00
v -529.41 6882.35 0.00
v -529.41 7411.77 0.00
v -529.41 7941.18 -18.00
v -0.00 7941.18 -18.00
v -0.00 7411.77 -18.00
v -529.41 7411.77 -18.00
v -529.41 7411.77 0.00
v -0.00 7411.77 0.00
v -0.00 7941.18 0.00
v -529.41 7941.18 0.00
v -529.41 7411.77 -18.00
v -0.00 7411.77 -18.00
v -0.00 7411.77 0.00
v -529.41 7411.77 0.00
v -0.00 7411.77 -18.00
v -0.00 7941.18 -18.00
v -0.00 7941.18 0.00
v -0.00 7411.77 0.00
v -0.00 7941.18 -18.00
v -529.41 7941.18 -18.00
v -529.41 7941.18 0.00
v -0.00 7941.18 0.00
v -529.41 7941.18 -18.00
v -529.41 7411.77 -18.00
v -529.41 7411.77 0.00
v -529.41 7941.18 0.00
v -529.41 8470.59 -18.00
v -0.00 8470.59 -18.00
v -0.00 7941.18 -18.00
v -529.41 7941.18 -18.00
v -529.41 7941.18 0.00
v -0.00 7941.18 0.00
v -0.00 8470.59 0.00
v -529.41 8470.59 0.00
v -529.41 7941.18 -18.00
v -0.00 7941.18 -18.00
v -0.00 7941.18 0.00
v -529.41 7941.18 0.00
v -0.00 7941.18 -18.00
v -0.00 8470.59 -18.00
v -0.00 8470.59 0.00
v -0.00 7941.18 0.00
v -0.00 8470.59 -18.00
v -529.41 8470.59 -18.00
v -529.41 8470.59 0.00
v -0.00 8470.59 0.00
v -529.41 8470.59 -18.00
v -529.41 7941.18 -18.00
v -529.41 7941.18 0.00
v -529.41 8470.59 0.00
v -529.41 9000.00 -18.00
v -0.00 9000.00 -18.00
v -0.00 8470.59 -18.00
v -529.41 8470.59 -18.00
v -529.41 8470.59 0.00
v -0.00 8470.59 0.00
v -0.00 9000.00 0.00
v -529.41 9000.00 0.00
v -529.41 8470.59 -18.00
v -0.00 8470.59 -18.00
v -0.00 8470.59 0.00
v -529.41 8470.59 0.00
v -0.00 8470.59 -18.00
v -0.00 9000.00 -18.00
v -0.00 9000.00 0.00
v -0.00 8470.59 0.00
v -0.00 9000.00 -18.00
v -529.41 9000.00 -18.00
v -529.41 9000.00 0.00
v -0.00 9000.00 0.00
v -529.41 9000.00 -18.00
v -529.41 8470.59 -18.00
v -529.41 8470.59 0.00
v -529.41 9000.00 0.00
v -0.00 5294.12 -18.00
v 529.41 5294.12 -18.00
v 529.41 4764.71 -18.00
v -0.00 4764.71 -18.00
v -0.00 4764.71 0.00
v 529.41 4764.71 0.00
v 529.41 5294.12 0.00
v -0.00 5294.12 0.00
v 529.41 4764.71 -18.00
v 529.41 5294.12 -18.00
v 529.41 5294.12 0.00
v 529.41 4764.71 0.00
v 529.41 5294.12 -18.00
v -0.00 5294.12 -18.00
v -0.00 5294.12 0.00
v 529.41 5294.12 0.00
v -0.00 5294.12 -18.00
v -0.00 4764.71 -18.00
v -0.00 4764.71 0.00
v -0.00 5294.12 0.00
v -0.00 5823.53 -18.00
v 529.41 5823.53 -18.00
v 529.41 5294.12 -18.00
v -0.00 5294.12 -18.00
v -0.00 5294.12 0.00
v 529.41 5294.12 0.00
v 529.41 5823.53 0.00
v -0.00 5823.53 0.00
v -0.00 5294.12 -18.00
v 529.41 5294.12 -18.00
v 529.41 5294.12 0.00
v -0.00 5294.12 0.00
v 529.41 5294.12 -18.00
v 529.41 5823.53 -18.00
v 529.41 5823.53 0.00
v 529.41 5294.12 0.00
v 529.41 5823.53 -18.00
v -0.00 5823.53 -18.00
v -0.00 5823.53 0.00
v 529.41 5823.53 0.00
v -0.00 5823.53 -18.00
v -0.00 5294.12 -18.00
v -0.00 5294.12 0.00
v -0.00 5823.53 0.00
v -0.00 6352.94 -18.00
v 529.41 6352.94 -18.00
v 529.41 5823.53 -18.00
v -0.00 5823.53 -18.00
v -0.00 5823.53 0.00
v 529.41 5823.53 0.00
v 529.41 6352.94 0.00
v -0.00 6352.94 0.00
v -0.00 5823.53 -18.00
v 529.41 5823.53 -18.00
v 529.41 5823.53 0.00
v -0.00 5823.53 0.00
v 529.41 5823.53 -18.00
v 529.41 6352.94 -18.00
v 529.41 6352.94 0.00
v 529.41 5823.53 0.00
v 529.41 6352.94 -18.00
v -0.00 6352.94 -18.00
v -0.00 6352.94 0.00
v 529.41 6352.94 0.00
v -0.00 6352.94 -18.00
v -0.00 5823.53 -18.00
v -0.00 5823.53 0.00
v -0.00 6352.94 0.00
v -0.00 6882.35 -18.00
v 529.41 6882.35 -18.00
v 529.41 6352.94 -18.00
v -0.00 6352.94 -18.00
v -0.00 6352.94 0.00
v 529.41 6352.94 0.00
v 529.41 6882.35 0.00
v -0.00 6882.35 0.00
v -0.00 6352.94 -18.00
v 529.41 6352.94 -18.00
v 529.41 6352.94 0.00
v -0.00 6352.94 0.00
v 529.41 6352.94 -18.00
v 529.41 6882.35 -18.00
v 529.41 6882.35 0.00
v 529.41 6352.94 0.00
v 529.41 6882.35 -18.00
v -0.00 6882.35 -18.00
v -0.00 6882.35 0.00
v 529.41 6882.35 0.00
v -0.00 6882.35 -18.00
v -0.00 6352.94 -18.00
v -0.00 6352.94 0.00
v -0.00 6882.35 0.00
v -0.00 7411.77 -18.00
v 529.41 7411.77 -18.00
v 529.41 6882.35 -18.00
v -0.00 6882.35 -18.00
v -0.00 6882.35 0.00
v 529.41 6882.35 0.00
v 529.41 7411.77 0.00
v -0.00 7411.77 0.00
v -0.00 6882.35 -18.00
v 529.41 6882.35 -18.00
v 529.41 6882.35 0.00
v -0.00 6882.35 0.00
v 529.41 6882.35 -18.00
v 529.41 7411.77 -18.00
v 529.41 7411.77 0.00
v 529.41 6882.35 0.00
v 529.41 7411.77 -18.00
v -0.00 7411.77 -18.00
v -0.00 7411.77 0.00
v 529.41 7411.77 0.00
v -0.00 7411.77 -18.00
v -0.00 6882.35 -18.00
v -0.00 6882.35 0.00
v -0.00 7411.77 0.00
v -0.00 7941.18 -18.00
v 529.41 7941.18 -18.00
v 529.41 7411.77 -18.00
v -0.00 7411.77 -18.00
v -0.00 7411.77 0.00
v 529.41 7411.77 0.00
v 529.41 7941.18 0.00
v -0.00 7941.18 0.00
v -0.00 7411.77 -18.00
v 529.41 7411.77 -18.00
v 529.41 7411.77 0.00
v -0.00 7411.77 0.00
v 529.41 7411.77 -18.00
v 529.41 7941.18 -18.00
v 529.41 7941.18 0.00
v 529.41 7411.77 0.00
v 529.41 7941.18 -18.00
v -0.00 7941.18 -18.00
v -0.00 7941.18 0.00
v 529.41 7941.18 0.00
v -0.00 7941.18 -18.00
v -0.00 7411.77 -18.00
v -0.00 7411.77 0.00
v -0.00 7941.18 0.00
v -0.00 8470.59 -18.00
v 529.41 8470.59 -18.00
v 529.41 7941.18 -18.00
v -0.00 7941.18 -18.00
v -0.00 7941.18 0.00
v 529.41 7941.18 0.00
v 529.41 8470.59 0.00
v -0.00 8470.59 0.00
v -0.00 7941.18 -18.00
v 529.41 7941.18 -18.00
v 529.41 7941.18 0.00
v -0.00 7941.18 0.00
v 529.41 7941.18 -18.00
v 529.41 8470.59 -18.00
v 529.41 8470.59 0.00
v 529.41 7941.18 0.00
v 529.41 8470.59 -18.00
v -0.00 8470.59 -18.00
v -0.00 8470.59 0.00
v 529.41 8470.59 0.00
v -0.00 8470.59 -18.00
v -0.00 7941.18 -18.00
v -0.00 7941.18 0.00
v -0.00 8470.59 0.00
v -0.00 9000.00 -18.00
v 529.41 9000.00 -18.00
v 529.41 8470.59 -18.00
v -0.00 8470.59 -18.00
v -0.00 8470.59 0.00
v 529.41 8470.59 0.00
v 529.41 9000.00 0.00
v -0.00 9000.00 0.00
v -0.00 8470.59 -18.00
v 529.41 8470.59 -18.00
v 529.41 8470.59 0.00
v -0.00 8470.59 0.00
v 529.41 8470.59 -18.00
v 529.41 9000.00 -18.00
v 529.41 9000.00 0.00
v 529.41 8470.59 0.00
v 529.41 9000.00 -18.00
v -0.00 9000.00 -18.00
v -0.00 9000.00 0.00
v 529.41 9000.00 0.00
v -0.00 9000.00 -18.00
v -0.00 8470.59 -18.00
v -0.00 8470.59 0.00
v -0.00 9000.00 0.00
v 529.41 5294.12 -18.00
v 1058.82 5294.12 -18.00
v 1058.82 4764.71 -18.00
v 529.41 4764.71 -18.00
v 529.41 4764.71 0.00
v 1058.82 4764.71 0.00
v 1058.82 5294.12 0.00
v 529.41 5294.12 0.00
v 1058.82 4764.71 -18.00
v 1058.82 5294.12 -18.00
v 1058.82 5294.12 0.00
v 1058.82 4764.71 0.00
v 1058.82 5294.12 -18.00
v 529.41 5294.12 -18.00
v 529.41 5294.12 0.00
v 1058.82 5294.12 0.00
v 529.41 5294.12 -18.00
v 529.41 4764.71 -18.00
v 529.41 4764.71 0.00
v 529.41 5294.12 0.00
v 529.41 5823.53 -18.00
v 1058.82 5823.53 -18.00
v 1058.82 5294.12 -18.00
v 529.41 5294.12 -18.00
v 529.41 5294.12 0.00
v 1058.82 5294.12 0.00
v 1058.82 5823.53 0.00
v 529.41 5823.53 0.00
v 529.41 5294.12 -18.00
v 1058.82 5294.12 -18.00
v 1058.82 5294.12 0.00
v 529.41 5294.12 0.00
v 1058.82 5294.12 -18.00
v 1058.82 5823.53 -18.00
v 1058.82 5823.53 0.00
v 1058.82 5294.12 0.00
v 1058.82 5823.53 -18.00
v 529.41 5823.53 -18.00
v 529.41 5823.53 0.00
v 1058.82 5823.53 0.00
v 529.41 5823.53 -18.00
v 529.41 5294.12 -18.00
v 529.41 5294.12 0.00
v 529.41 5823.53 0.00
v 529.41 6352.94 -18.00
v 1058.82 6352.94 -18.00
v 1058.82 5823.53 -18.00
v 529.41 5823.53 -18.00
v 529.41 5823.53 0.00
v 1058.82 5823.53 0.00
v 1058.82 6352.94 0.00
v 529.41 6352.94 0.00
v 529.41 5823.53 -18.00
v 1058.82 5823.53 -18.00
v 1058.82 5823.53 0.00
v 529.41 5823.53 0.00
v 1058.82 5823.53 -18.00
v 1058.82 6352.94 -18.00
v 1058.82 6352.94 0.00
v 1058.82 5823.53 0.00
v 1058.82 6352.94 -18.00
v 529.41 6352.94 -18.00
v 529.41 6352.94 0.00
v 1058.82 6352.94 0.00
v 529.41 6352.94 -18.00
v 529.41 5823.53 -18.00
v 529.41 5823.53 0.00
v 529.41 6352.94 0.00
v 529.41 6882.35 -18.00
v 1058.82 6882.35 -18.00
v 1058.82 6352.94 -18.00
v 529.41 6352.94 -18.00
v 529.41 6352.94 0.00
v 1058.82 6352.94 0.00
v 1058.82 6882.35 0.00
v 529.41 6882.35 0.00
v 529.41 6352.94 -18.00
v 1058.82 6352.94 -18.00
v 1058.82 6352.94 0.00
v 529.41 6352.94 0.00
v 1058.82 6352.94 -18.00
v 1058.82 6882.35 -18.00
v 1058.82 6882.35 0.00
v 1058.82 6352.94 0.00
v 1058.82 6882.35 -18.00
v 529.41 6882.35 -18.00
v 529.41 6882.35 0.00
v 1058.82 6882.35 0.00
v 529.41 6882.35 -18.00
v 529.41 6352.94 -18.00
v 529.41 6352.94 0.00
v 529.41 6882.35 0.00
v 529.41 7411.77 -18.00
v 1058.82 7411.77 -18.00
v 1058.82 6882.35 -18.00
v 529.41 6882.35 -18.00
v 529.41 6882.35 0.00
v 1058.82 6882.35 0.00
v 1058.82 7411.77 0.00
v 529.41 7411.77 0.00
v 529.41 6882.35 -18.00
v 1058.82 6882.35 -18.00
v 1058.82 6882.35 0.00
v 529.41 6882.35 0.00
v 1058.82 6882.35 -18.00
v 1058.82 7411.77 -18.00
v 1058.82 7411.77 0.00
v 1058.82 6882.35 0.00
v 1058.82 7411.77 -18.00
v 529.41 7411.77 -18.00
v 529.41 7411.77 0.00
v 1058.82 7411.77 0.00
v 529.41 7411.77 -18.00
v 529.41 6882.35 -18.00
v 529.41 6882.35 0.00
v 529.41 7411.77 0.00
v 529.41 7941.18 -18.00
v 1058.82 7941.18 -18.00
v 1058.82 7411.77 -18.00
v 529.41 7411.77 -18.00
v 529.41 7411.77 0.00
v 1058.82 7411.77 0.00
v 1058.82 7941.18 0.00
v 529.41 7941.18 0.00
v 529.41 7411.77 -18.00
v 1058.82 7411.77 -18.00
v 1058.82 7411.77 0.00
v 529.41 7411.77 0.00
v 1058.82 7411.77 -18.00
v 1058.82 7941.18 -18.00
v 1058.82 7941.18 0.00
v 1058.82 7411.77 0.00
v 1058.82 7941.18 -18.00
v 529.41 7941.18 -18.00
v 529.41 7941.18 0.00
v 1058.82 7941.18 0.00
v 529.41 7941.18 -18.00
v 529.41 7411.77 -18.00
v 529.41 7411.77 0.00
v 529.41 7941.18 0.00
v 529.41 8470.59 -18.00
v 1058.82 8470.59 -18.00
v 1058.82 7941.18 -18.00
v 529.41 7941.18 -18.00
v 529.41 7941.18 0.00
v 1058.82 7941.18 0.00
v 1058.82 8470.59 0.00
v 529.41 8470.59 0.00
v 529.41 7941.18 -18.00
v 1058.82 7941.18 -18.00
v 1058.82 7941.18 0.00
v 529.41 7941.18 0.00
v 1058.82 7941.18 -18.00
v 1058.82 8470.59 -18.00
v 1058.82 8470.59 0.00
v 1058.82 7941.18 0.00
v 1058.82 8470.59 -18.00
v 529.41 8470.59 -18.00
v 529.41 8470.59 0.00
v 1058.82 8470.59 0.00
v 529.41 8470.59 -18.00
v 529.41 7941.18 -18.00
v 529.41 7941.18 0.00
v 529.41 8470.59 0.00
v 529.41 9000.00 -18.00
v 1058.82 9000.00 -18.00
v 1058.82 8470.59 -18.00
v 529.41 8470.59 -18.00
v 529.41 8470.59 0.00
v 1058.82 8470.59 0.00
v 1058.82 9000.00 0.00
v 529.41 9000.00 0.00
v 529.41 8470.59 -18.00
v 1058.82 8470.59 -18.00
v 1058.82 8470.59 0.00
v 529.41 8470.59 0.00
v 1058.82 8470.59 -18.00
v 1058.82 9000.00 -18.00
v 1058.82 9000.00 0.00
v 1058.82 8470.59 0.00
v 1058.82 9000.00 -18.00
v 529.41 9000.00 -18.00
v 529.41 9000.00 0.00
v 1058.82 9000.00 0.00
v 529.41 9000.00 -18.00
v 529.41 8470.59 -18.00
v 529.41 8470.59 0.00
v 529.41 9000.00 0.00
v 1058.82 5294.12 -18.00
v 1588.23 5294.12 -18.00
v 1588.23 4764.71 -18.00
v 1058.82 4764.71 -18.00
v 1058.82 4764.71 0.00
v 1588.23 4764.71 0.00
v 1588.23 5294.12 0.00
v 1058.82 5294.12 0.00
v 1588.23 4764.71 -18.00
v 1588.23 5294.12 -18.00
v 1588.23 5294.12 0.00
v 1588.23 4764.71 0.00
v 1588.23 5294.12 -18.00
v 1058.82 5294.12 -18.00
v 1058.82 5294.12 0.00
v 1588.23 5294.12 0.00
v 1058.82 5294.12 -18.00
v 1058.82 4764.71 -18.00
v 1058.82 4764.71 0.00
v 1058.82 5294.12 0.00
v 1058.82 5823.53 -18.00
v 1588.23 5823.53 -18.00
v 1588.23 5294.12 -18.00
v 1058.82 5294.12 -18.00
v 1058.82 5294.12 0.00
v 1588.23 5294.12 0.00
v 1588.23 5823.53 0.00
v 1058.82 5823.53 0.00
v 1058.82 5294.12 -18.00
v 1588.23 5294.12 -18.00
v 1588.23 5294.12 0.00
v 1058.82 5294.12 0.00
v 1588.23 5294.12 -18.00
v 1588.23 5823.53 -18.00
v 1588.23 5823.53 0.00
v 1588.23 5294.12 0.00
v 1588.23 5823.53 -18.00
v 1058.82 5823.53 -18.00
v 1058.82 5823.53 0.00
v 1588.23 5823.53 0.00
v 1058.82 5823.53 -18.00
v 1058.82 5294.12 -18.00
v 1058.82 5294.12 0.00
v 1058.82 5823.53 0.00
v 1058.82 6352.94 -18.00
v 1588.23 6352.94 -18.00
v 1588.23 5823.53 -18.00
v 1058.82 5823.53 -18.00
v 1058.82 5823.53 0.00
v 1588.23 5823.53 0.00
v 1588.23 6352.94 0.00
v 1058.82 6352.94 0.00
v 1058.82 5823.53 -18.00
v 1588.23 5823.53 -18.00
v 1588.23 5823.53 0.00
v 1058.82 5823.53 0.00
v 1588.23 5823.53 -18.00
v 1588.23 6352.94 -18.00
v 1588.23 6352.94 0.00
v 1588.23 5823.53 0.00
v 1588.23 6352.94 -18.00
v 1058.82 6352.94 -18.00
v 1058.82 6352.94 0.00
v 1588.23 6352.94 0.00
v 1058.82 6352.94 -18.00
v 1058.82 5823.53 -18.00
v 1058.82 5823.53 0.00
v 1058.82 6352.94 0.00
v 1058.82 6882.35 -18.00
v 1588.23 6882.35 -18.00
v 1588.23 6352.94 -18.00
v 1058.82 6352.94 -18.00
v 1058.82 6352.94 0.00
v 1588.23 6352.94 0.00
v 1588.23 6882.35 0.00
v 1058.82 6882.35 0.00
v 1058.82 6352.94 -18.00
v 1588.23 6352.94 -18.00
v 1588.23 6352.94 0.00
v 1058.82 6352.94 0.00
v 1588.23 6352.94 -18.00
v 1588.23 6882.35 -18.00
v 1588.23 6882.35 0.00
v 1588.23 6352.94 0.00
v 1588.23 6882.35 -18.00
v 1058.82 6882.35 -18.00
v 1058.82 6882.35 0.00
v 1588.23 6882.35 0.00
v 1058.82 6882.35 -18.00
v 1058.82 6352.94 -18.00
v 1058.82 6352.94 0.00
v 1058.82 6882.35 0.00
v 1058.82 7411.77 -18.00
v 1588.23 7411.77 -18.00
v 1588.23 6882.35 -18.00
v 1058.82 6882.35 -18.00
v 1058.82 6882.35 0.00
v 1588.23 6882.35 0.00
v 1588.23 7411.77 0.00
v 1058.82 7411.77 0.00
v 1058.82 6882.35 -18.00
v 1588.23 6882.35 -18.00
v 1588.23 6882.35 0.00
v 1058.82 6882.35 0.00
v 1588.23 6882.35 -18.00
v 1588.23 7411.77 -18.00
v 1588.23 7411.77 0.00
v 1588.23 6882.35 0.00
v 1588.23 7411.77 -18.00
v 1058.82 7411.77 -18.00
v 1058.82 7411.77 0.00
v 1588.23 7411.77 0.00
v 1058.82 7411.77 -18.00
v 1058.82 6882.35 -18.00
v 1058.82 6882.35 0.00
v 1058.82 7411.77 0.00
v 1058.82 7941.18 -18.00
v 1588.23 7941.18 -18.00
v 1588.23 7411.77 -18.00
v 1058.82 7411.77 -18.00
v 1058.82 7411.77 0.00
v 1588.23 7411.77 0.00
v 1588.23 7941.18 0.00
v 1058.82 7941.18 0.00
v 1058.82 7411.77 -18.00
v 1588.23 7411.77 -18.00
v 1588.23 7411.77 0.00
v 1058.82 7411.77 0.00
v 1588.23 7411.77 -18.00
v 1588.23 7941.18 -18.00
v 1588.23 7941.18 0.00
v 1588.23 7411.77 0.00
v 1588.23 7941.18 -18.00
v 1058.82 7941.18 -18.00
v 1058.82 7941.18 0.00
v 1588.23 7941.18 0.00
v 1058.82 7941.18 -18.00
v 1058.82 7411.77 -18.00
v 1058.82 7411.77 0.00
v 1058.82 7941.18 0.00
v 1058.82 8470.59 -18.00
v 1588.23 8470.59 -18.00
v 1588.23 7941.18 -18.00
v 1058.82 7941.18 -18.00
v 1058.82 7941.18 0.00
v 1588.23 7941.18 0.00
v 1588.23 8470.59 0.00
v 1058.82 8470.59 0.00
v 1058.82 7941.18 -18.00
v 1588.23 7941.18 -18.00
v 1588.23 7941.18 0.00
v 1058.82 7941.18 0.00
v 1588.23 7941.18 -18.00
v 1588.23 8470.59 -18.00
v 1588.23 8470.59 0.00
v 1588.23 7941.18 0.00
v 1588.23 8470.59 -18.00
v 1058.82 8470.59 -18.00
v 1058.82 8470.59 0.00
v 1588.23 8470.59 0.00
v 1058.82 8470.59 -18.00
v 1058.82 7941.18 -18.00
v 1058.82 7941.18 0.00
v 1058.82 8470.59 0.00
v 1058.82 9000.00 -18.00
v 1588.23 9000.00 -18.00
v 1588.23 8470.59 -18.00
v 1058.82 8470.59 -18.00
v 1058.82 8470.59 0.00
v 1588.23 8470.59 0.00
v 1588.23 9000.00 0.00
v 1058.82 9000.00 0.00
v 1058.82 8470.59 -18.00
v 1588.23 8470.59 -18.00
v 1588.23 8470.59 0.00
v 1058.82 8470.59 0.00
v 1588.23 8470.59 -18.00
v 1588.23 9000.00 -18.00
v 1588.23 9000.00 0.00
v 1588.23 8470.59 0.00
v 1588.23 9000.00 -18.00
v 1058.82 9000.00 -18.00
v 1058.82 9000.00 0.00
v 1588.23 9000.00 0.00
v 1058.82 9000.00 -18.00
v 1058.82 8470.59 -18.00
v 1058.82 8470.59 0.00
v 1058.82 9000.00 0.00
v 1588.23 5294.12 -18.00
v 2117.65 5294.12 -18.00
v 2117.65 4764.71 -18.00
v 1588.23 4764.71 -18.00
v 1588.23 4764.71 0.00
v 2117.65 4764.71 0.00
v 2117.65 5294.12 0.00
v 1588.23 5294.12 0.00
v 2117.65 4764.71 -18.00
v 2117.65 5294.12 -18.00
v 2117.65 5294.12 0.00
v 2117.65 4764.71 0.00
v 2117.65 5294.12 -18.00
v 1588.23 5294.12 -18.00
v 1588.23 5294.12 0.00
v 2117.65 5294.12 0.00
v 1588.23 5294.12 -18.00
v 1588.23 4764.71 -18.00
v 1588.23 4764.71 0.00
v 1588.23 5294.12 0.00
v 1588.23 5823.53 -18.00
v 2117.65 5823.53 -18.00
v 2117.65 5294.12 -18.00
v 1588.23 5294.12 -18.00
v 1588.23 5294.12 0.00
v 2117.65 5294.12 0.00
v 2117.65 5823.53 0.00
v 1588.23 5823.53 0.00
v 1588.23 5294.12 -18.00
v 2117.65 5294.12 -18.00
v 2117.65 5294.12 0.00
v 1588.23 5294.12 0.00
v 2117.65 5294.12 -18.00
v 2117.65 5823.53 -18.00
v 2117.65 5823.53 0.00
v 2117.65 5294.12 0.00
v 2117.65 5823.53 -18.00
v 1588.23 5823.53 -18.00
v 1588.23 5823.53 0.00
v 2117.65 5823.53 0.00
v 1588.23 5823.53 -18.00
v 1588.23 5294.12 -18.00
v 1588.23 5294.12 0.00
v 1588.23 5823.53 0.00
v 1588.23 6352.94 -18.00
v 2117.65 6352.94 -18.00
v 2117.65 5823.53 -18.00
v 1588.23 5823.53 -18.00
v 1588.23 5823.53 0.00
v 2117.65 5823.53 0.00
v 2117.65 6352.94 0.00
v 1588.23 6352.94 0.00
v 1588.23 5823.53 -18.00
v 2117.65 5823.53 -18.00
v 2117.65 5823.53 0.00
v 1588.23 5823.53 0.00
v 2117.65 5823.53 -18.00
v 2117.65 6352.94 -18.00
v 2117.65 6352.94 0.00
v 2117.65 5823.53 0.00
v 2117.65 6352.94 -18.00
v 1588.23 6352.94 -18.00
v 1588.23 6352.94 0.00
v 2117.65 6352.94 0.00
v 1588.23 6352.94 -18.00
v 1588.23 5823.53 -18.00
v 1588.23 5823.53 0.00
v 1588.23 6352.94 0.00
v 1588.23 6882.35 -18.00
v 2117.65 6882.35 -18.00
v 2117.65 6352.94 -18.00
v 1588.23 6352.94 -18.00
v 1588.23 6352.94 0.00
v 2117.65 6352.94 0.00
v 2117.65 6882.35 0.00
v 1588.23 6882.35 0.00
v 1588.23 6352.94 -18.00
v 2117.65 6352.94 -18.00
v 2117.65 6352.94 0.00
v 1588.23 6352.94 0.00
v 2117.65 6352.94 -18.00
v 2117.65 6882.35 -18.00
v 2117.65 6882.35 0.00
v 2117.65 6352.94 0.00
v 2117.65 6882.35 -18.00
v 1588.23 6882.35 -18.00
v 1588.23 6882.35 0.00
v 2117.65 6882.35 0.00
v 1588.23 6882.35 -18.00
v 1588.23 6352.94 -18.00
v 1588.23 6352.94 0.00
v 1588.23 6882.35 0.00
v 1588.23 7411.77 -18.00
v 2117.65 7411.77 -18.00
v 2117.65 6882.35 -18.00
v 1588.23 6882.35 -18.00
v 1588.23 6882.35 0.00
v 2117.65 6882.35 0.00
v 2117.65 7411.77 0.00
v 1588.23 7411.77 0.00
v 1588.23 6882.35 -18.00
v 2117.65 6882.35 -18.00
v 2117.65 6882.35 0.00
v 1588.23 6882.35 0.00
v 2117.65 6882.35 -18.00
v 2117.65 7411.77 -18.00
v 2117.65 7411.77 0.00
v 2117.65 6882.35 0.00
v 2117.65 7411.77 -18.00
v 1588.23 7411.77 -18.00
v 1588.23 7411.77 0.00
v 2117.65 7411.77 0.00
v 1588.23 7411.77 -18.00
v 1588.23 6882.35 -18.00
v 1588.23 6882.35 0.00
v 1588.23 7411.77 0.00
v 1588.23 7941.18 -18.00
v 2117.65 7941.18 -18.00
v 2117.65 7411.77 -18.00
v 1588.23 7411.77 -18.00
v 1588.23 7411.77 0.00
v 2117.65 7411.77 0.00
v 2117.65 7941.18 0.00
v 1588.23 7941.18 0.00
v 1588.23 7411.77 -18.00
v 2117.65 7411.77 -18.00
v 2117.65 7411.77 0.00
v 1588.23 7411.77 0.00
v 2117.65 7411.77 -18.00
v 2117.65 7941.18 -18.00
v 2117.65 7941.18 0.00
v 2117.65 7411.77 0.00
v 2117.65 7941.18 -18.00
v 1588.23 7941.18 -18.00
v 1588.23 7941.18 0.00
v 2117.65 7941.18 0.00
v 1588.23 7941.18 -18.00
v 1588.23 7411.77 -18.00
v 1588.23 7411.77 0.00
v 1588.23 7941.18 0.00
v 1588.23 8470.59 -18.00
v 2117.65 8470.59 -18.00
v 2117.65 7941.18 -18.00
v 1588.23 7941.18 -18.00
v 1588.23 7941.18 0.00
v 2117.65 7941.18 0.00
v 2117.65 8470.59 0.00
v 1588.23 8470.59 0.00
v 1588.23 7941.18 -18.00
v 2117.65 7941.18 -18.00
v 2117.65 7941.18 0.00
v 1588.23 7941.18 0.00
v 2117.65 7941.18 -18.00
v 2117.65 8470.59 -18.00
v 2117.65 8470.59 0.00
v 2117.65 7941.18 0.00
v 2117.65 8470.59 -18.00
v 1588.23 8470.59 -18.00
v 1588.23 8470.59 0.00
v 2117.65 8470.59 0.00
v 1588.23 8470.59 -18.00
v 1588.23 7941.18 -18.00
v 1588.23 7941.18 0.00
v 1588.23 8470.59 0.00
v 1588.23 9000.00 -18.00
v 2117.65 9000.00 -18.00
v 2117.65 8470.59 -18.00
v 1588.23 8470.59 -18.00
v 1588.23 8470.59 0.00
v 2117.65 8470.59 0.00
v 2117.65 9000.00 0.00
v 1588.23 9000.00 0.00
v 1588.23 8470.59 -18.00
v 2117.65 8470.59 -18.00
v 2117.65 8470.59 0.00
v 1588.23 8470.59 0.00
v 2117.65 8470.59 -18.00
v 2117.65 9000.00 -18.00
v 2117.65 9000.00 0.00
v 2117.65 8470.59 0.00
v 2117.65 9000.00 -18.00
v 1588.23 9000.00 -18.00
v 1588.23 9000.00 0.00
v 2117.65 9000.00 0.00
v 1588.23 9000.00 -18.00
v 1588.23 8470.59 -18.00
v 1588.23 8470.59 0.00
v 1588.23 9000.00 0.00
v 2117.65 5294.12 -18.00
v 2647.06 5294.12 -18.00
v 2647.06 4764.71 -18.00
v 2117.65 4764.71 -18.00
v 2117.65 4764.71 0.00
v 2647.06 4764.71 0.00
v 2647.06 5294.12 0.00
v 2117.65 5294.12 0.00
v 2647.06 4764.71 -18.00
v 2647.06 5294.12 -18.00
v 2647.06 5294.12 0.00
v 2647.06 4764.71 0.00
v 2647.06 5294.12 -18.00
v 2117.65 5294.12 -18.00
v 2117.65 5294.12 0.00
v 2647.06 5294.12 0.00
v 2117.65 5294.12 -18.00
v 2117.65 4764.71 -18.00
v 2117.65 4764.71 0.00
v 2117.65 5294.12 0.00
v 2117.65 5823.53 -18.00
v 2647.06 5823.53 -18.00
v 2647.06 5294.12 -18.00
v 2117.65 5294.12 -18.00
v 2117.65 5294.12 0.00
v 2647.06 5294.12 0.00
v 2647.06 5823.53 0.00
v 2117.65 5823.53 0.00
v 2117.65 5294.12 -18.00
v 2647.06 5294.12 -18.00
v 2647.06 5294.12 0.00
v 2117.65 5294.12 0.00
v 2647.06 5294.12 -18.00
v 2647.06 5823.53 -18.00
v 2647.06 5823.53 0.00
v 2647.06 5294.12 0.00
v 2647.06 5823.53 -18.00
v 2117.65 5823.53 -18.00
v 2117.65 5823.53 0.00
v 2647.06 5823.53 0.00
v 2117.65 5823.53 -18.00
v 2117.65 5294.12 -18.00
v 2117.65 5294.12 0.00
v 2117.65 5823.53 0.00
v 2117.65 6352.94 -18.00
v 2647.06 6352.94 -18.00
v 2647.06 5823.53 -18.00
v 2117.65 5823.53 -18.00
v 2117.65 5823.53 0.00
v 2647.06 5823.53 0.00
v 2647.06 6352.94 0.00
v 2117.65 6352.94 0.00
v 2117.65 5823.53 -18.00
v 2647.06 5823.53 -18.00
v 2647.06 5823.53 0.00
v 2117.65 5823.53 0.00
v 2647.06 5823.53 -18.00
v 2647.06 6352.94 -18.00
v 2647.06 6352.94 0.00
v 2647.06 5823.53 0.00
v 2647.06 6352.94 -18.00
v 2117.65 6352.94 -18.00
v 2117.65 6352.94 0.00
v 2647.06 6352.94 0.00
v 2117.65 6352.94 -18.00
v 2117.65 5823.53 -18.00
v 2117.65 5823.53 0.00
v 2117.65 6352.94 0.00
v 2117.65 6882.35 -18.00
v 2647.06 6882.35 -18.00
v 2647.06 6352.94 -18.00
v 2117.65 6352.94 -18.00
v 2117.65 6352.94 0.00
v 2647.06 6352.94 0.00
v 2647.06 6882.35 0.00
v 2117.65 6882.35 0.00
v 2117.65 6352.94 -18.00
v 2647.06 6352.94 -18.00
v 2647.06 6352.94 0.00
v 2117.65 6352.94 0.00
v 2647.06 6352.94 -18.00
v 2647.06 6882.35 -18.00
v 2647.06 6882.35 0.00
v 2647.06 6352.94 0.00
v 2647.06 6882.35 -18.00
v 2117.65 6882.35 -18.00
v 2117.65 6882.35 0.00
v 2647.06 6882.35 0.00
v 2117.65 6882.35 -18.00
v 2117.65 6352.94 -18.00
v 2117.65 6352.94 0.00
v 2117.65 6882.35 0.00
v 2117.65 7411.77 -18.00
v 2647.06 7411.77 -18.00
v 2647.06 6882.35 -18.00
v 2117.65 6882.35 -18.00
v 2117.65 6882.35 0.00
v 2647.06 6882.35 0.00
v 2647.06 7411.77 0.00
v 2117.65 7411.77 0.00
v 2117.65 6882.35 -18.00
v 2647.06 6882.35 -18.00
v 2647.06 6882.35 0.00
v 2117.65 6882.35 0.00
v 2647.06 6882.35 -18.00
v 2647.06 7411.77 -18.00
v 2647.06 7411.77 0.00
v 2647.06 6882.35 0.00
v 2647.06 7411.77 -18.00
v 2117.65 7411.77 -18.00
v 2117.65 7411.77 0.00
v 2647.06 7411.77 0.00
v 2117.65 7411.77 -18.00
v 2117.65 6882.35 -18.00
v 2117.65 6882.35 0.00
v 2117.65 7411.77 0.00
v 2117.65 7941.18 -18.00
v 2647.06 7941.18 -18.00
v 2647.06 7411.77 -18.00
v 2117.65 7411.77 -18.00
v 2117.65 7411.77 0.00
v 2647.06 7411.77 0.00
v 2647.06 7941.18 0.00
v 2117.65 7941.18 0.00
v 2117.65 7411.77 -18.00
v 2647.06 7411.77 -18.00
v 2647.06 7411.77 0.00
v 2117.65 7411.77 0.00
v 2647.06 7411.77 -18.00
v 2647.06 7941.18 -18.00
v 2647.06 7941.18 0.00
v 2647.06 7411.77 0.00
v 2647.06 7941.18 -18.00
v 2117.65 7941.18 -18.00
v 2117.65 7941.18 0.00
v 2647.06 7941.18 0.00
v 2117.65 7941.18 -18.00
v 2117.65 7411.77 -18.00
v 2117.65 7411.77 0.00
v 2117.65 7941.18 0.00
v 2117.65 8470.59 -18.00
v 2647.06 8470.59 -18.00
v 2647.06 7941.18 -18.00
v 2117.65 7941.18 -18.00
v 2117.65 7941.18 0.00
v 2647.06 7941.18 0.00
v 2647.06 8470.59 0.00
v 2117.65 8470.59 0.00
v 2117.65 7941.18 -18.00
v 2647.06 7941.18 -18.00
v 2647.06 7941.18 0.00
v 2117.65 7941.18 0.00
v 2647.06 7941.18 -18.00
v 2647.06 8470.59 -18.00
v 2647.06 8470.59 0.00
v 2647.06 7941.18 0.00
v 2647.06 8470.59 -18.00
v 2117.65 8470.59 -18.00
v 2117.65 8470.59 0.00
v 2647.06 8470.59 0.00
v 2117.65 8470.59 -18.00
v 2117.65 7941.18 -18.00
v 2117.65 7941.18 0.00
v 2117.65 8470.59 0.00
v 2117.65 9000.00 -18.00
v 2647.06 9000.00 -18.00
v 2647.06 8470.59 -18.00
v 2117.65 8470.59 -18.00
v 2117.65 8470.59 0.00
v 2647.06 8470.59 0.00
v 2647.06 9000.00 0.00
v 2117.65 9000.00 0.00
v 2117.65 8470.59 -18.00
v 2647.06 8470.59 -18.00
v 2647.06 8470.59 0.00
v 2117.65 8470.59 0.00
v 2647.06 8470.59 -18.00
v 2647.06 9000.00 -18.00
v 2647.06 9000.00 0.00
v 2647.06 8470.59 0.00
v 2647.06 9000.00 -18.00
v 2117.65 9000.00 -18.00
v 2117.65 9000.00 0.00
v 2647.06 9000.00 0.00
v 2117.65 9000.00 -18.00
v 2117.65 8470.59 -18.00
v 2117.65 8470.59 0.00
v 2117.65 9000.00 0.00
v 2647.06 5294.12 -18.00
v 3176.47 5294.12 -18.00
v 3176.47 4764.71 -18.00
v 2647.06 4764.71 -18.00
v 2647.06 4764.71 0.00
v 3176.47 4764.71 0.00
v 3176.47 5294.12 0.00
v 2647.06 5294.12 0.00
v 3176.47 4764.71 -18.00
v 3176.47 5294.12 -18.00
v 3176.47 5294.12 0.00
v 3176.47 4764.71 0.00
v 3176.47 5294.12 -18.00
v 2647.06 5294.12 -18.00
v 2647.06 5294.12 0.00
v 3176.47 5294.12 0.00
v 2647.06 5294.12 -18.00
v 2647.06 4764.71 -18.00
v 2647.06 4764.71 0.00
v 2647.06 5294.12 0.00
v 2647.06 5823.53 -18.00
v 3176.47 5823.53 -18.00
v 3176.47 5294.12 -18.00
v 2647.06 5294.12 -18.00
v 2647.06 5294.12 0.00
v 3176.47 5294.12 0.00
v 3176.47 5823.53 0.00
v 2647.06 5823.53 0.00
v 2647.06 5294.12 -18.00
v 3176.47 5294.12 -18.00
v 3176.47 5294.12 0.00
v 2647.06 5294.12 0.00
v 3176.47 5294.12 -18.00
v 3176.47 5823.53 -18.00
v 3176.47 5823.53 0.00
v 3176.47 5294.12 0.00
v 3176.47 5823.53 -18.00
v 2647.06 5823.53 -18.00
v 2647.06 5823.53 0.00
v 3176.47 5823.53 0.00
v 2647.06 5823.53 -18.00
v 2647.06 5294.12 -18.00
v 2647.06 5294.12 0.00
v 2647.06 5823.53 0.00
v 2647.06 6352.94 -18.00
v 3176.47 6352.94 -18.00
v 3176.47 5823.53 -18.00
v 2647.06 5823.53 -18.00
v 2647.06 5823.53 0.00
v 3176.47 5823.53 0.00
v 3176.47 6352.94 0.00
v 2647.06 6352.94 0.00
v 2647.06 5823.53 -18.00
v 3176.47 5823.53 -18.00
v 3176.47 5823.53 0.00
v 2647.06 5823.53 0.00
v 3176.47 5823.53 -18.00
v 3176.47 6352.94 -18.00
v 3176.47 6352.94 0.00
v 3176.47 5823.53 0.00
v 3176.47 6352.94 -18.00
v 2647.06 6352.94 -18.00
v 2647.06 6352.94 0.00
v 3176.47 6352.94 0.00
v 2647.06 6352.94 -18.00
v 2647.06 5823.53 -18.00
v 2647.06 5823.53 0.00
v 2647.06 6352.94 0.00
v 2647.06 6882.35 -18.00
v 3176.47 6882.35 -18.00
v 3176.47 6352.94 -18.00
v 2647.06 6352.94 -18.00
v 2647.06 6352.94 0.00
v 3176.47 6352.94 0.00
v 3176.47 6882.35 0.00
v 2647.06 6882.35 0.00
v 2647.06 6352.94 -18.00
v 3176.47 6352.94 -18.00
v 3176.47 6352.94 0.00
v 2647.06 6352.94 0.00
v 3176.47 6352.94 -18.00
v 3176.47 6882.35 -18.00
v 3176.47 6882.35 0.00
v 3176.47 6352.94 0.00
v 3176.47 6882.35 -18.00
v 2647.06 6882.35 -18.00
v 2647.06 6882.35 0.00
v 3176.47 6882.35 0.00
v 2647.06 6882.35 -18.00
v 2647.06 6352.94 -18.00
v 2647.06 6352.94 0.00
v 2647.06 6882.35 0.00
v 2647.06 7411.77 -18.00
v 3176.47 7411.77 -18.00
v 3176.47 6882.35 -18.00
v 2647.06 6882.35 -18.00
v 2647.06 6882.35 0.00
v 3176.47 6882.35 0.00
v 3176.47 7411.77 0.00
v 2647.06 7411.77 0.00
v 2647.06 6882.35 -18.00
v 3176.47 6882.35 -18.00
v 3176.47 6882.35 0.00
v 2647.06 6882.35 0.00
v 3176.47 6882.35 -18.00
v 3176.47 7411.77 -18.00
v 3176.47 7411.77 0.00
v 3176.47 6882.35 0.00
v 3176.47 7411.77 -18.00
v 2647.06 7411.77 -18.00
v 2647.06 7411.77 0.00
v 3176.47 7411.77 0.00
v 2647.06 7411.77 -18.00
v 2647.06 6882.35 -18.00
v 2647.06 6882.35 0.00
v 2647.06 7411.77 0.00
v 2647.06 7941.18 -18.00
v 3176.47 7941.18 -18.00
v 3176.47 7411.77 -18.00
v 2647.06 7411.77 -18.00
v 2647.06 7411.77 0.00
v 3176.47 7411.77 0.00
v 3176.47 7941.18 0.00
v 2647.06 7941.18 0.00
v 2647.06 7411.77 -18.00
v 3176.47 7411.77 -18.00
v 3176.47 7411.77 0.00
v 2647.06 7411.77 0.00
v 3176.47 7411.77 -18.00
v 3176.47 7941.18 -18.00
v 3176.47 7941.18 0.00
v 3176.47 7411.77 0.00
v 3176.47 7941.18 -18.00
v 2647.06 7941.18 -18.00
v 2647.06 7941.18 0.00
v 3176.47 7941.18 0.00
v 2647.06 7941.18 -18.00
v 2647.06 7411.77 -18.00
v 2647.06 7411.77 0.00
v 2647.06 7941.18 0.00
v 2647.06 8470.59 -18.00
v 3176.47 8470.59 -18.00
v 3176.47 7941.18 -18.00
v 2647.06 7941.18 -18.00
v 2647.06 7941.18 0.00
v 3176.47 7941.18 0.00
v 3176.47 8470.59 0.00
v 2647.06 8470.59 0.00
v 2647.06 7941.18 -18.00
v 3176.47 7941.18 -18.00
v 3176.47 7941.18 0.00
v 2647.06 7941.18 0.00
v 3176.47 7941.18 -18.00
v 3176.47 8470.59 -18.00
v 3176.47 8470.59 0.00
v 3176.47 7941.18 0.00
v 3176.47 8470.59 -18.00
v 2647.06 8470.59 -18.00
v 2647.06 8470.59 0.00
v 3176.47 8470.59 0.00
v 2647.06 8470.59 -18.00
v 2647.06 7941.18 -18.00
v 2647.06 7941.18 0.00
v 2647.06 8470.59 0.00
v 2647.06 9000.00 -18.00
v 3176.47 9000.00 -18.00
v 3176.47 8470.59 -18.00
v 2647.06 8470.59 -18.00
v 2647.06 8470.59 0.00
v 3176.47 8470.59 0.00
v 3176.47 9000.00 0.00
v 2647.06 9000.00 0.00
v 2647.06 8470.59 -18.00
v 3176.47 8470.59 -18.00
v 3176.47 8470.59 0.00
v 2647.06 8470.59 0.00
v 3176.47 8470.59 -18.00
v 3176.47 9000.00 -18.00
v 3176.47 9000.00 0.00
v 3176.47 8470.59 0.00
v 3176.47 9000.00 -18.00
v 2647.06 9000.00 -18.00
v 2647.06 9000.00 0.00
v 3176.47 9000.00 0.00
v 2647.06 9000.00 -18.00
v 2647.06 8470.59 -18.00
v 2647.06 8470.59 0.00
v 2647.06 9000.00 0.00
v 3176.47 5294.12 -18.00
v 3705.88 5294.12 -18.00
v 3705.88 4764.71 -18.00
v 3176.47 4764.71 -18.00
v 3176.47 4764.71 0.00
v 3705.88 4764.71 0.00
v 3705.88 5294.12 0.00
v 3176.47 5294.12 0.00
v 3705.88 4764.71 -18.00
v 3705.88 5294.12 -18.00
v 3705.88 5294.12 0.00
v 3705.88 4764.71 0.00
v 3705.88 5294.12 -18.00
v 3176.47 5294.12 -18.00
v 3176.47 5294.12 0.00
v 3705.88 5294.12 0.00
v 3176.47 5294.12 -18.00
v 3176.47 4764.71 -18.00
v 3176.47 4764.71 0.00
v 3176.47 5294.12 0.00
v 3176.47 5823.53 -18.00
v 3705.88 5823.53 -18.00
v 3705.88 5294.12 -18.00
v 3176.47 5294.12 -18.00
v 3176.47 5294.12 0.00
v 3705.88 5294.12 0.00
v 3705.88 5823.53 0.00
v 3176.47 5823.53 0.00
v 3176.47 5294.12 -18.00
v 3705.88 5294.12 -18.00
v 3705.88 5294.12 0.00
v 3176.47 5294.12 0.00
v 3705.88 5294.12 -18.00
v 3705.88 5823.53 -18.00
v 3705.88 5823.53 0.00
v 3705.88 5294.12 0.00
v 3705.88 5823.53 -18.00
v 3176.47 5823.53 -18.00
v 3176.47 5823.53 0.00
v 3705.88 5823.53 0.00
v 3176.47 5823.53 -18.00
v 3176.47 5294.12 -18.00
v 3176.47 5294.12 0.00
v 3176.47 5823.53 0.00
v 3176.47 6352.94 -18.00
v 3705.88 6352.94 -18.00
v 3705.88 5823.53 -18.00
v 3176.47 5823.53 -18.00
v 3176.47 5823.53 0.00
v 3705.88 5823.53 0.00
v 3705.88 6352.94 0.00
v 3176.47 6352.94 0.00
v 3176.47 5823.53 -18.00
v 3705.88 5823.53 -18.00
v 3705.88 5823.53 0.00
v 3176.47 5823.53 0.00
v 3705.88 5823.53 -18.00
v 3705.88 6352.94 -18.00
v 3705.88 6352.94 0.00
v 3705.88 5823.53 0.00
v 3705.88 6352.94 -18.00
v 3176.47 6352.94 -18.00
v 3176.47 6352.94 0.00
v 3705.88 6352.94 0.00
v 3176.47 6352.94 -18.00
v 3176.47 5823.53 -18.00
v 3176.47 5823.53 0.00
v 3176.47 6352.94 0.00
v 3176.47 6882.35 -18.00
v 3705.88 6882.35 -18.00
v 3705.88 6352.94 -18.00
v 3176.47 6352.94 -18.00
v 3176.47 6352.94 0.00
v 3705.88 6352.94 0.00
v 3705.88 6882.35 0.00
v 3176.47 6882.35 0.00
v 3176.47 6352.94 -18.00
v 3705.88 6352.94 -18.00
v 3705.88 6352.94 0.00
v 3176.47 6352.94 0.00
v 3705.88 6352.94 -18.00
v 3705.88 6882.35 -18.00
v 3705.88 6882.35 0.00
v 3705.88 6352.94 0.00
v 3705.88 6882.35 -18.00
v 3176.47 6882.35 -18.00
v 3176.47 6882.35 0.00
v 3705.88 6882.35 0.00
v 3176.47 6882.35 -18.00
v 3176.47 6352.94 -18.00
v 3176.47 6352.94 0.00
v 3176.47 6882.35 0.00
v 3176.47 7411.77 -18.00
v 3705.88 7411.77 -18.00
v 3705.88 6882.35 -18.00
v 3176.47 6882.35 -18.00
v 3176.47 6882.35 0.00
v 3705.88 6882.35 0.00
v 3705.88 7411.77 0.00
v 3176.47 7411.77 0.00
v 3176.47 6882.35 -18.00
v 3705.88 6882.35 -18.00
v 3705.88 6882.35 0.00
v 3176.47 6882.35 0.00
v 3705.88 6882.35 -18.00
v 3705.88 7411.77 -18.00
v 3705.88 7411.77 0.00
v 3705.88 6882.35 0.00
v 3705.88 7411.77 -18.00
v 3176.47 7411.77 -18.00
v 3176.47 7411.77 0.00
v 3705.88 7411.77 0.00
v 3176.47 7411.77 -18.00
v 3176.47 6882.35 -18.00
v 3176.47 6882.35 0.00
v 3176.47 7411.77 0.00
v 3176.47 7941.18 -18.00
v 3705.88 7941.18 -18.00
v 3705.88 7411.77 -18.00
v 3176.47 7411.77 -18.00
v 3176.47 7411.77 0.00
v 3705.88 7411.77 0.00
v 3705.88 7941.18 0.00
v 3176.47 7941.18 0.00
v 3176.47 7411.77 -18.00
v 3705.88 7411.77 -18.00
v 3705.88 7411.77 0.00
v 3176.47 7411.77 0.00
v 3705.88 7411.77 -18.00
v 3705.88 7941.18 -18.00
v 3705.88 7941.18 0.00
v 3705.88 7411.77 0.00
v 3705.88 7941.18 -18.00
v 3176.47 7941.18 -18.00
v 3176.47 7941.18 0.00
v 3705.88 7941.18 0.00
v 3176.47 7941.18 -18.00
v 3176.47 7411.77 -18.00
v 3176.47 7411.77 0.00
v 3176.47 7941.18 0.00
v 3176.47 8470.59 -18.00
v 3705.88 8470.59 -18.00
v 3705.88 7941.18 -18.00
v 3176.47 7941.18 -18.00
v 3176.47 7941.18 0.00
v 3705.88 7941.18 0.00
v 3705.88 8470.59 0.00
v 3176.47 8470.59 0.00
v 3176.47 7941.18 -18.00
v 3705.88 7941.18 -18.00
v 3705.88 7941.18 0.00
v 3176.47 7941.18 0.00
v 3705.88 7941.18 -18.00
v 3705.88 8470.59 -18.00
v 3705.88 8470.59 0.00
v 3705.88 7941.18 0.00
v 3705.88 8470.59 -18.00
v 3176.47 8470.59 -18.00
v 3176.47 8470.59 0.00
v 3705.88 8470.59 0.00
v 3176.47 8470.59 -18.00
v 3176.47 7941.18 -18.00
v 3176.47 7941.18 0.00
v 3176.47 8470.59 0.00
v 3176.47 9000.00 -18.00
v 3705.88 9000.00 -18.00
v 3705.88 8470.59 -18.00
v 3176.47 8470.59 -18.00
v 3176.47 8470.59 0.00
v 3705.88 8470.59 0.00
v 3705.88 9000.00 0.00
v 3176.47 9000.00 0.00
v 3176.47 8470.59 -18.00
v 3705.88 8470.59 -18.00
v 3705.88 8470.59 0.00
v 3176.47 8470.59 0.00
v 3705.88 8470.59 -18.00
v 3705.88 9000.00 -18.00
v 3705.88 9000.00 0.00
v 3705.88 8470.59 0.00
v 3705.88 9000.00 -18.00
v 3176.47 9000.00 -18.00
v 3176.47 9000.00 0.00
v 3705.88 9000.00 0.00
v 3176.47 9000.00 -18.00
v 3176.47 8470.59 -18.00
v 3176.47 8470.59 0.00
v 3176.47 9000.00 0.00
v 3705.88 5294.12 -18.00
v 4235.29 5294.12 -18.00
v 4235.29 4764.71 -18.00
v 3705.88 4764.71 -18.00
v 3705.88 4764.71 0.00
v 4235.29 4764.71 0.00
v 4235.29 5294.12 0.00
v 3705.88 5294.12 0.00
v 4235.29 4764.71 -18.00
v 4235.29 5294.12 -18.00
v 4235.29 5294.12 0.00
v 4235.29 4764.71 0.00
v 4235.29 5294.12 -18.00
v 3705.88 5294.12 -18.00
v 3705.88 5294.12 0.00
v 4235.29 5294.12 0.00
v 3705.88 5294.12 -18.00
v 3705.88 4764.71 -18.00
v 3705.88 4764.71 0.00
v 3705.88 5294.12 0.00
v 3705.88 5823.53 -18.00
v 4235.29 5823.53 -18.00
v 4235.29 5294.12 -18.00
v 3705.88 5294.12 -18.00
v 3705.88 5294.12 0.00
v 4235.29 5294.12 0.00
v 4235.29 5823.53 0.00
v 3705.88 5823.53 0.00
v 3705.88 5294.12 -18.00
v 4235.29 5294.12 -18.00
v 4235.29 5294.12 0.00
v 3705.88 5294.12 0.00
v 4235.29 5294.12 -18.00
v 4235.29 5823.53 -18.00
v 4235.29 5823.53 0.00
v 4235.29 5294.12 0.00
v 4235.29 5823.53 -18.00
v 3705.88 5823.53 -18.00
v 3705.88 5823.53 0.00
v 4235.29 5823.53 0.00
v 3705.88 5823.53 -18.00
v 3705.88 5294.12 -18.00
v 3705.88 5294.12 0.00
v 3705.88 5823.53 0.00
v 3705.88 6352.94 -18.00
v 4235.29 6352.94 -18.00
v 4235.29 5823.53 -18.00
v 3705.88 5823.53 -18.00
v 3705.88 5823.53 0.00
v 4235.29 5823.53 0.00
v 4235.29 6352.94 0.00
v 3705.88 6352.94 0.00
v 3705.88 5823.53 -18.00
v 4235.29 5823.53 -18.00
v 4235.29 5823.53 0.00
v 3705.88 5823.53 0.00
v 4235.29 5823.53 -18.00
v 4235.29 6352.94 -18.00
v 4235.29 6352.94 0.00
v 4235.29 5823.53 0.00
v 4235.29 6352.94 -18.00
v 3705.88 6352.94 -18.00
v 3705.88 6352.94 0.00
v 4235.29 6352.94 0.00
v 3705.88 6352.94 -18.00
v 3705.88 5823.53 -18.00
v 3705.88 5823.53 0.00
v 3705.88 6352.94 0.00
v 3705.88 6882.35 -18.00
v 4235.29 6882.35 -18.00
v 4235.29 6352.94 -18.00
v 3705.88 6352.94 -18.00
v 3705.88 6352.94 0.00
v 4235.29 6352.94 0.00
v 4235.29 6882.35 0.00
v 3705.88 6882.35 0.00
v 3705.88 6352.94 -18.00
v 4235.29 6352.94 -18.00
v 4235.29 6352.94 0.00
v 3705.88 6352.94 0.00
v 4235.29 6352.94 -18.00
v 4235.29 6882.35 -18.00
v 4235.29 6882.35 0.00
v 4235.29 6352.94 0.00
v 4235.29 6882.35 -18.00
v 3705.88 6882.35 -18.00
v 3705.88 6882.35 0.00
v 4235.29 6882.35 0.00
v 3705.88 6882.35 -18.00
v 3705.88 6352.94 -18.00
v 3705.88 6352.94 0.00
v 3705.88 6882.35 0.00
v 3705.88 7411.77 -18.00
v 4235.29 7411.77 -18.00
v 4235.29 6882.35 -18.00
v 3705.88 6882.35 -18.00
v 3705.88 6882.35 0.00
v 4235.29 6882.35 0.00
v 4235.29 7411.77 0.00
v 3705.88 7411.77 0.00
v 3705.88 6882.35 -18.00
v 4235.29 6882.35 -18.00
v 4235.29 6882.35 0.00
v 3705.88 6882.35 0.00
v 4235.29 6882.35 -18.00
v 4235.29 7411.77 -18.00
v 4235.29 7411.77 0.00
v 4235.29 6882.35 0.00
v 4235.29 7411.77 -18.00
v 3705.88 7411.77 -18.00
v 3705.88 7411.77 0.00
v 4235.29 7411.77 0.00
v 3705.88 7411.77 -18.00
v 3705.88 6882.35 -18.00
v 3705.88 6882.35 0.00
v 3705.88 7411.77 0.00
v 3705.88 7941.18 -18.00
v 4235.29 7941.18 -18.00
v 4235.29 7411.77 -18.00
v 3705.88 7411.77 -18.00
v 3705.88 7411.77 0.00
v 4235.29 7411.77 0.00
v 4235.29 7941.18 0.00
v 3705.88 7941.18 0.00
v 3705.88 7411.77 -18.00
v 4235.29 7411.77 -18.00
v 4235.29 7411.77 0.00
v 3705.88 7411.77 0.00
v 4235.29 7411.77 -18.00
v 4235.29 7941.18 -18.00
v 4235.29 7941.18 0.00
v 4235.29 7411.77 0.00
v 4235.29 7941.18 -18.00
v 3705.88 7941.18 -18.00
v 3705.88 7941.18 0.00
v 4235.29 7941.18 0.00
v 3705.88 7941.18 -18.00
v 3705.88 7411.77 -18.00
v 3705.88 7411.77 0.00
v 3705.88 7941.18 0.00
v 3705.88 8470.59 -18.00
v 4235.29 8470.59 -18.00
v 4235.29 7941.18 -18.00
v 3705.88 7941.18 -18.00
v 3705.88 7941.18 0.00
v 4235.29 7941.18 0.00
v 4235.29 8470.59 0.00
v 3705.88 8470.59 0.00
v 3705.88 7941.18 -18.00
v 4235.29 7941.18 -18.00
v 4235.29 7941.18 0.00
v 3705.88 7941.18 0.00
v 4235.29 7941.18 -18.00
v 4235.29 8470.59 -18.00
v 4235.29 8470.59 0.00
v 4235.29 7941.18 0.00
v 4235.29 8470.59 -18.00
v 3705.88 8470.59 -18.00
v 3705.88 8470.59 0.00
v 4235.29 8470.59 0.00
v 3705.88 8470.59 -18.00
v 3705.88 7941.18 -18.00
v 3705.88 7941.18 0.00
v 3705.88 8470.59 0.00
v 3705.88 9000.00 -18.00
v 4235.29 9000.00 -18.00
v 4235.29 8470.59 -18.00
v 3705.88 8470.59 -18.00
v 3705.88 8470.59 0.00
v 4235.29 8470.59 0.00
v 4235.29 9000.00 0.00
v 3705.88 9000.00 0.00
v 3705.88 8470.59 -18.00
v 4235.29 8470.59 -18.00
v 4235.29 8470.59 0.00
v 3705.88 8470.59 0.00
v 4235.29 8470.59 -18.00
v 4235.29 9000.00 -18.00
v 4235.29 9000.00 0.00
v 4235.29 8470.59 0.00
v 4235.29 9000.00 -18.00
v 3705.88 9000.00 -18.00
v 3705.88 9000.00 0.00
v 4235.29 9000.00 0.00
v 3705.88 9000.00 -18.00
v 3705.88 8470.59 -18.00
v 3705.88 8470.59 0.00
v 3705.88 9000.00 0.00
v 4235.29 5294.12 -18.00
v 4764.71 5294.12 -18.00
v 4764.71 4764.71 -18.00
v 4235.29 4764.71 -18.00
v 4235.29 4764.71 0.00
v 4764.71 4764.71 0.00
v 4764.71 5294.12 0.00
v 4235.29 5294.12 0.00
v 4764.71 4764.71 -18.00
v 4764.71 5294.12 -18.00
v 4764.71 5294.12 0.00
v 4764.71 4764.71 0.00
v 4764.71 5294.12 -18.00
v 4235.29 5294.12 -18.00
v 4235.29 5294.12 0.00
v 4764.71 5294.12 0.00
v 4235.29 5294.12 -18.00
v 4235.29 4764.71 -18.00
v 4235.29 4764.71 0.00
v 4235.29 5294.12 0.00
v 4235.29 5823.53 -18.00
v 4764.71 5823.53 -18.00
v 4764.71 5294.12 -18.00
v 4235.29 5294.12 -18.00
v 4235.29 5294.12 0.00
v 4764.71 5294.12 0.00
v 4764.71 5823.53 0.00
v 4235.29 5823.53 0.00
v 4235.29 5294.12 -18.00
v 4764.71 5294.12 -18.00
v 4764.71 5294.12 0.00
v 4235.29 5294.12 0.00
v 4764.71 5294.12 -18.00
v 4764.71 5823.53 -18.00
v 4764.71 5823.53 0.00
v 4764.71 5294.12 0.00
v 4764.71 5823.53 -18.00
v 4235.29 5823.53 -18.00
v 4235.29 5823.53 0.00
v 4764.71 5823.53 0.00
v 4235.29 5823.53 -18.00
v 4235.29 5294.12 -18.00
v 4235.29 5294.12 0.00
v 4235.29 5823.53 0.00
v 4235.29 6352.94 -18.00
v 4764.71 6352.94 -18.00
v 4764.71 5823.53 -18.00
v 4235.29 5823.53 -18.00
v 4235.29 5823.53 0.00
v 4764.71 5823.53 0.00
v 4764.71 6352.94 0.00
v 4235.29 6352.94 0.00
v 4235.29 5823.53 -18.00
v 4764.71 5823.53 -18.00
v 4764.71 5823.53 0.00
v 4235.29 5823.53 0.00
v 4764.71 5823.53 -18.00
v 4764.71 6352.94 -18.00
v 4764.71 6352.94 0.00
v 4764.71 5823.53 0.00
v 4764.71 6352.94 -18.00
v 4235.29 6352.94 -18.00
v 4235.29 6352.94 0.00
v 4764.71 6352.94 0.00
v 4235.29 6352.94 -18.00
v 4235.29 5823.53 -18.00
v 4235.29 5823.53 0.00
v 4235.29 6352.94 0.00
v 4235.29 6882.35 -18.00
v 4764.71 6882.35 -18.00
v 4764.71 6352.94 -18.00
v 4235.29 6352.94 -18.00
v 4235.29 6352.94 0.00
v 4764.71 6352.94 0.00
v 4764.71 6882.35 0.00
v 4235.29 6882.35 0.00
v 4235.29 6352.94 -18.00
v 4764.71 6352.94 -18.00
v 4764.71 6352.94 0.00
v 4235.29 6352.94 0.00
v 4764.71 6352.94 -18.00
v 4764.71 6882.35 -18.00
v 4764.71 6882.35 0.00
v 4764.71 6352.94 0.00
v 4764.71 6882.35 -18.00
v 4235.29 6882.35 -18.00
v 4235.29 6882.35 0.00
v 4764.71 6882.35 0.00
v 4235.29 6882.35 -18.00
v 4235.29 6352.94 -18.00
v 4235.29 6352.94 0.00
v 4235.29 6882.35 0.00
v 4235.29 7411.77 -18.00
v 4764.71 7411.77 -18.00
v 4764.71 6882.35 -18.00
v 4235.29 6882.35 -18.00
v 4235.29 6882.35 0.00
v 4764.71 6882.35 0.00
v 4764.71 7411.77 0.00
v 4235.29 7411.77 0.00
v 4235.29 6882.35 -18.00
v 4764.71 6882.35 -18.00
v 4764.71 6882.35 0.00
v 4235.29 6882.35 0.00
v 4764.71 6882.35 -18.00
v 4764.71 7411.77 -18.00
v 4764.71 7411.77 0.00
v 4764.71 6882.35 0.00
v 4764.71 7411.77 -18.00
v 4235.29 7411.77 -18.00
v 4235.29 7411.77 0.00
v 4764.71 7411.77 0.00
v 4235.29 7411.77 -18.00
v 4235.29 6882.35 -18.00
v 4235.29 6882.35 0.00
v 4235.29 7411.77 0.00
v 4235.29 7941.18 -18.00
v 4764.71 7941.18 -18.00
v 4764.71 7411.77 -18.00
v 4235.29 7411.77 -18.00
v 4235.29 7411.77 0.00
v 4764.71 7411.77 0.00
v 4764.71 7941.18 0.00
v 4235.29 7941.18 0.00
v 4235.29 7411.77 -18.00
v 4764.71 7411.77 -18.00
v 4764.71 7411.77 0.00
v 4235.29 7411.77 0.00
v 4764.71 7411.77 -18.00
v 4764.71 7941.18 -18.00
v 4764.71 7941.18 0.00
v 4764.71 7411.77 0.00
v 4764.71 7941.18 -18.00
v 4235.29 7941.18 -18.00
v 4235.29 7941.18 0.00
v 4764.71 7941.18 0.00
v 4235.29 7941.18 -18.00
v 4235.29 7411.77 -18.00
v 4235.29 7411.77 0.00
v 4235.29 7941.18 0.00
v 4235.29 8470.59 -18.00
v 4764.71 8470.59 -18.00
v 4764.71 7941.18 -18.00
v 4235.29 7941.18 -18.00
v 4235.29 7941.18 0.00
v 4764.71 7941.18 0.00
v 4764.71 8470.59 0.00
v 4235.29 8470.59 0.00
v 4235.29 7941.18 -18.00
v 4764.71 7941.18 -18.00
v 4764.71 7941.18 0.00
v 4235.29 7941.18 0.00
v 4764.71 7941.18 -18.00
v 4764.71 8470.59 -18.00
v 4764.71 8470.59 0.00
v 4764.71 7941.18 0.00
v 4764.71 8470.59 -18.00
v 4235.29 8470.59 -18.00
v 4235.29 8470.59 0.00
v 4764.71 8470.59 0.00
v 4235.29 8470.59 -18.00
v 4235.29 7941.18 -18.00
v 4235.29 7941.18 0.00
v 4235.29 8470.59 0.00
v 4235.29 9000.00 -18.00
v 4764.71 9000.00 -18.00
v 4764.71 8470.59 -18.00
v 4235.29 8470.59 -18.00
v 4235.29 8470.59 0.00
v 4764.71 8470.59 0.00
v 4764.71 9000.00 0.00
v 4235.29 9000.00 0.00
v 4235.29 8470.59 -18.00
v 4764.71 8470.59 -18.00
v 4764.71 8470.59 0.00
v 4235.29 8470.59 0.00
v 4764.71 8470.59 -18.00
v 4764.71 9000.00 -18.00
v 4764.71 9000.00 0.00
v 4764.71 8470.59 0.00
v 4764.71 9000.00 -18.00
v 4235.29 9000.00 -18.00
v 4235.29 9000.00 0.00
v 4764.71 9000.00 0.00
v 4235.29 9000.00 -18.00
v 4235.29 8470.59 -18.00
v 4235.29 8470.59 0.00
v 4235.29 9000.00 0.00
v 4764.71 5294.12 -18.00
v 5294.12 5294.12 -18.00
v 5294.12 4764.71 -18.00
v 4764.71 4764.71 -18.00
v 4764.71 4764.71 0.00
v 5294.12 4764.71 0.00
v 5294.12 5294.12 0.00
v 4764.71 5294.12 0.00
v 5294.12 4764.71 -18.00
v 5294.12 5294.12 -18.00
v 5294.12 5294.12 0.00
v 5294.12 4764.71 0.00
v 5294.12 5294.12 -18.00
v 4764.71 5294.12 -18.00
v 4764.71 5294.12 0.00
v 5294.12 5294.12 0.00
v 4764.71 5294.12 -18.00
v 4764.71 4764.71 -18.00
v 4764.71 4764.71 0.00
v 4764.71 5294.12 0.00
v 4764.71 5823.53 -18.00
v 5294.12 5823.53 -18.00
v 5294.12 5294.12 -18.00
v 4764.71 5294.12 -18.00
v 4764.71 5294.12 0.00
v 5294.12 5294.12 0.00
v 5294.12 5823.53 0.00
v 4764.71 5823.53 0.00
v 4764.71 5294.12 -18.00
v 5294.12 5294.12 -18.00
v 5294.12 5294.12 0.00
v 4764.71 5294.12 0.00
v 5294.12 5294.12 -18.00
v 5294.12 5823.53 -18.00
v 5294.12 5823.53 0.00
v 5294.12 5294.12 0.00
v 5294.12 5823.53 -18.00
v 4764.71 5823.53 -18.00
v 4764.71 5823.53 0.00
v 5294.12 5823.53 0.00
v 4764.71 5823.53 -18.00
v 4764.71 5294.12 -18.00
v 4764.71 5294.12 0.00
v 4764.71 5823.53 0.00
v 4764.71 6352.94 -18.00
v 5294.12 6352.94 -18.00
v 5294.12 5823.53 -18.00
v 4764.71 5823.53 -18.00
v 4764.71 5823.53 0.00
v 5294.12 5823.53 0.00
v 5294.12 6352.94 0.00
v 4764.71 6352.94 0.00
v 4764.71 5823.53 -18.00
v 5294.12 5823.53 -18.00
v 5294.12 5823.53 0.00
v 4764.71 5823.53 0.00
v 5294.12 5823.53 -18.00
v 5294.12 6352.94 -18.00
v 5294.12 6352.94 0.00
v 5294.12 5823.53 0.00
v 5294.12 6352.94 -18.00
v 4764.71 6352.94 -18.00
v 4764.71 6352.94 0.00
v 5294.12 6352.94 0.00
v 4764.71 6352.94 -18.00
v 4764.71 5823.53 -18.00
v 4764.71 5823.53 0.00
v 4764.71 6352.94 0.00
v 4764.71 6882.35 -18.00
v 5294.12 6882.35 -18.00
v 5294.12 6352.94 -18.00
v 4764.71 6352.94 -18.00
v 4764.71 6352.94 0.00
v 5294.12 6352.94 0.00
v 5294.12 6882.35 0.00
v 4764.71 6882.35 0.00
v 4764.71 6352.94 -18.00
v 5294.12 6352.94 -18.00
v 5294.12 6352.94 0.00
v 4764.71 6352.94 0.00
v 5294.12 6352.94 -18.00
v 5294.12 6882.35 -18.00
v 5294.12 6882.35 0.00
v 5294.12 6352.94 0.00
v 5294.12 6882.35 -18.00
v 4764.71 6882.35 -18.00
v 4764.71 6882.35 0.00
v 5294.12 6882.35 0.00
v 4764.71 6882.35 -18.00
v 4764.71 6352.94 -18.00
v 4764.71 6352.94 0.00
v 4764.71 6882.35 0.00
v 4764.71 7411.77 -18.00
v 5294.12 7411.77 -18.00
v 5294.12 6882.35 -18.00
v 4764.71 6882.35 -18.00
v 4764.71 6882.35 0.00
v 5294.12 6882.35 0.00
v 5294.12 7411.77 0.00
v 4764.71 7411.77 0.00
v 4764.71 6882.35 -18.00
v 5294.12 6882.35 -18.00
v 5294.12 6882.35 0.00
v 4764.71 6882.35 0.00
v 5294.12 6882.35 -18.00
v 5294.12 7411.77 -18.00
v 5294.12 7411.77 0.00
v 5294.12 6882.35 0.00
v 5294.12 7411.77 -18.00
v 4764.71 7411.77 -18.00
v 4764.71 7411.77 0.00
v 5294.12 7411.77 0.00
v 4764.71 7411.77 -18.00
v 4764.71 6882.35 -18.00
v 4764.71 6882.35 0.00
v 4764.71 7411.77 0.00
v 4764.71 7941.18 -18.00
v 5294.12 7941.18 -18.00
v 5294.12 7411.77 -18.00
v 4764.71 7411.77 -18.00
v 4764.71 7411.77 0.00
v 5294.12 7411.77 0.00
v 5294.12 7941.18 0.00
v 4764.71 7941.18 0.00
v 4764.71 7411.77 -18.00
v 5294.12 7411.77 -18.00
v 5294.12 7411.77 0.00
v 4764.71 7411.77 0.00
v 5294.12 7411.77 -18.00
v 5294.12 7941.18 -18.00
v 5294.12 7941.18 0.00
v 5294.12 7411.77 0.00
v 5294.12 7941.18 -18.00
v 4764.71 7941.18 -18.00
v 4764.71 7941.18 0.00
v 5294.12 7941.18 0.00
v 4764.71 7941.18 -18.00
v 4764.71 7411.77 -18.00
v 4764.71 7411.77 0.00
v 4764.71 7941.18 0.00
v 4764.71 8470.59 -18.00
v 5294.12 8470.59 -18.00
v 5294.12 7941.18 -18.00
v 4764.71 7941.18 -18.00
v 4764.71 7941.18 0.00
v 5294.12 7941.18 0.00
v 5294.12 8470.59 0.00
v 4764.71 8470.59 0.00
v 4764.71 7941.18 -18.00
v 5294.12 7941.18 -18.00
v 5294.12 7941.18 0.00
v 4764.71 7941.18 0.00
v 5294.12 7941.18 -18.00
v 5294.12 8470.59 -18.00
v 5294.12 8470.59 0.00
v 5294.12 7941.18 0.00
v 5294.12 8470.59 -18.00
v 4764.71 8470.59 -18.00
v 4764.71 8470.59 0.00
v 5294.12 8470.59 0.00
v 4764.71 8470.59 -18.00
v 4764.71 7941.18 -18.00
v 4764.71 7941.18 0.00
v 4764.71 8470.59 0.00
v 4764.71 9000.00 -18.00
v 5294.12 9000.00 -18.00
v 5294.12 8470.59 -18.00
v 4764.71 8470.59 -18.00
v 4764.71 8470.59 0.00
v 5294.12 8470.59 0.00
v 5294.12 9000.00 0.00
v 4764.71 9000.00 0.00
v 4764.71 8470.59 -18.00
v 5294.12 8470.59 -18.00
v 5294.12 8470.59 0.00
v 4764.71 8470.59 0.00
v 5294.12 8470.59 -18.00
v 5294.12 9000.00 -18.00
v 5294.12 9000.00 0.00
v 5294.12 8470.59 0.00
v 5294.12 9000.00 -18.00
v 4764.71 9000.00 -18.00
v 4764.71 9000.00 0.00
v 5294.12 9000.00 0.00
v 4764.71 9000.00 -18.00
v 4764.71 8470.59 -18.00
v 4764.71 8470.59 0.00
v 4764.71 9000.00 0.00
v 5294.12 5294.12 -18.00
v 5823.53 5294.12 -18.00
v 5823.53 4764.71 -18.00
v 5294.12 4764.71 -18.00
v 5294.12 4764.71 0.00
v 5823.53 4764.71 0.00
v 5823.53 5294.12 0.00
v 5294.12 5294.12 0.00
v 5823.53 4764.71 -18.00
v 5823.53 5294.12 -18.00
v 5823.53 5294.12 0.00
v 5823.53 4764.71 0.00
v 5823.53 5294.12 -18.00
v 5294.12 5294.12 -18.00
v 5294.12 5294.12 0.00
v 5823.53 5294.12 0.00
v 5294.12 5294.12 -18.00
v 5294.12 4764.71 -18.00
v 5294.12 4764.71 0.00
v 5294.12 5294.12 0.00
v 5294.12 5823.53 -18.00
v 5823.53 5823.53 -18.00
v 5823.53 5294.12 -18.00
v 5294.12 5294.12 -18.00
v 5294.12 5294.12 0.00
v 5823.53 5294.12 0.00
v 5823.53 5823.53 0.00
v 5294.12 5823.53 0.00
v 5294.12 5294.12 -18.00
v 5823.53 5294.12 -18.00
v 5823.53 5294.12 0.00
v 5294.12 5294.12 0.00
v 5823.53 5294.12 -18.00
v 5823.53 5823.53 -18.00
v 5823.53 5823.53 0.00
v 5823.53 5294.12 0.00
v 5823.53 5823.53 -18.00
v 5294.12 5823.53 -18.00
v 5294.12 5823.53 0.00
v 5823.53 5823.53 0.00
v 5294.12 5823.53 -18.00
v 5294.12 5294.12 -18.00
v 5294.12 5294.12 0.00
v 5294.12 5823.53 0.00
v 5294.12 6352.94 -18.00
v 5823.53 6352.94 -18.00
v 5823.53 5823.53 -18.00
v 5294.12 5823.53 -18.00
v 5294.12 5823.53 0.00
v 5823.53 5823.53 0.00
v 5823.53 6352.94 0.00
v 5294.12 6352.94 0.00
v 5294.12 5823.53 -18.00
v 5823.53 5823.53 -18.00
v 5823.53 5823.53 0.00
v 5294.12 5823.53 0.00
v 5823.53 5823.53 -18.00
v 5823.53 6352.94 -18.00
v 5823.53 6352.94 0.00
v 5823.53 5823.53 0.00
v 5823.53 6352.94 -18.00
v 5294.12 6352.94 -18.00
v 5294.12 6352.94 0.00
v 5823.53 6352.94 0.00
v 5294.12 6352.94 -18.00
v 5294.12 5823.53 -18.00
v 5294.12 5823.53 0.00
v 5294.12 6352.94 0.00
v 5294.12 6882.35 -18.00
v 5823.53 6882.35 -18.00
v 5823.53 6352.94 -18.00
v 5294.12 6352.94 -18.00
v 5294.12 6352.94 0.00
v 5823.53 6352.94 0.00
v 5823.53 6882.35 0.00
v 5294.12 6882.35 0.00
v 5294.12 6352.94 -18.00
v 5823.53 6352.94 -18.00
v 5823.53 6352.94 0.00
v 5294.12 6352.94 0.00
v 5823.53 6352.94 -18.00
v 5823.53 6882.35 -18.00
v 5823.53 6882.35 0.00
v 5823.53 6352.94 0.00
v 5823.53 6882.35 -18.00
v 5294.12 6882.35 -18.00
v 5294.12 6882.35 0.00
v 5823.53 6882.35 0.00
v 5294.12 6882.35 -18.00
v 5294.12 6352.94 -18.00
v 5294.12 6352.94 0.00
v 5294.12 6882.35 0.00
v 5294.12 7411.77 -18.00
v 5823.53 7411.77 -18.00
v 5823.53 6882.35 -18.00
v 5294.12 6882.35 -18.00
v 5294.12 6882.35 0.00
v 5823.53 6882.35 0.00
v 5823.53 7411.77 0.00
v 5294.12 7411.77 0.00
v 5294.12 6882.35 -18.00
v 5823.53 6882.35 -18.00
v 5823.53 6882.35 0.00
v 5294.12 6882.35 0.00
v 5823.53 6882.35 -18.00
v 5823.53 7411.77 -18.00
v 5823.53 7411.77 0.00
v 5823.53 6882.35 0.00
v 5823.53 7411.77 -18.00
v 5294.12 7411.77 -18.00
v 5294.12 7411.77 0.00
v 5823.53 7411.77 0.00
v 5294.12 7411.77 -18.00
v 5294.12 6882.35 -18.00
v 5294.12 6882.35 0.00
v 5294.12 7411.77 0.00
v 5294.12 7941.18 -18.00
v 5823.53 7941.18 -18.00
v 5823.53 7411.77 -18.00
v 5294.12 7411.77 -18.00
v 5294.12 7411.77 0.00
v 5823.53 7411.77 0.00
v 5823.53 7941.18 0.00
v 5294.12 7941.18 0.00
v 5294.12 7411.77 -18.00
v 5823.53 7411.77 -18.00
v 5823.53 7411.77 0.00
v 5294.12 7411.77 0.00
v 5823.53 7411.77 -18.00
v 5823.53 7941.18 -18.00
v 5823.53 7941.18 0.00
v 5823.53 7411.77 0.00
v 5823.53 7941.18 -18.00
v 5294.12 7941.18 -18.00
v 5294.12 7941.18 0.00
v 5823.53 7941.18 0.00
v 5294.12 7941.18 -18.00
v 5294.12 7411.77 -18.00
v 5294.12 7411.77 0.00
v 5294.12 7941.18 0.00
v 5294.12 8470.59 -18.00
v 5823.53 8470.59 -18.00
v 5823.53 7941.18 -18.00
v 5294.12 7941.18 -18.00
v 5294.12 7941.18 0.00
v 5823.53 7941.18 0.00
v 5823.53 8470.59 0.00
v 5294.12 8470.59 0.00
v 5294.12 7941.18 -18.00
v 5823.53 7941.18 -18.00
v 5823.53 7941.18 0.00
v 5294.12 7941.18 0.00
v 5823.53 7941.18 -18.00
v 5823.53 8470.59 -18.00
v 5823.53 8470.59 0.00
v 5823.53 7941.18 0.00
v 5823.53 8470.59 -18.00
v 5294.12 8470.59 -18.00
v 5294.12 8470.59 0.00
v 5823.53 8470.59 0.00
v 5294.12 8470.59 -18.00
v 5294.12 7941.18 -18.00
v 5294.12 7941.18 0.00
v 5294.12 8470.59 0.00
v 5294.12 9000.00 -18.00
v 5823.53 9000.00 -18.00
v 5823.53 8470.59 -18.00
v 5294.12 8470.59 -18.00
v 5294.12 8470.59 0.00
v 5823.53 8470.59 0.00
v 5823.53 9000.00 0.00
v 5294.12 9000.00 0.00
v 5294.12 8470.59 -18.00
v 5823.53 8470.59 -18.00
v 5823.53 8470.59 0.00
v 5294.12 8470.59 0.00
v 5823.53 8470.59 -18.00
v 5823.53 9000.00 -18.00
v 5823.53 9000.00 0.00
v 5823.53 8470.59 0.00
v 5823.53 9000.00 -18.00
v 5294.12 9000.00 -18.00
v 5294.12 9000.00 0.00
v 5823.53 9000.00 0.00
v 5294.12 9000.00 -18.00
v 5294.12 8470.59 -18.00
v 5294.12 8470.59 0.00
v 5294.12 9000.00 0.00
v 5823.53 5294.12 -18.00
v 6352.94 5294.12 -18.00
v 6352.94 4764.71 -18.00
v 5823.53 4764.71 -18.00
v 5823.53 4764.71 0.00
v 6352.94 4764.71 0.00
v 6352.94 5294.12 0.00
v 5823.53 5294.12 0.00
v 6352.94 4764.71 -18.00
v 6352.94 5294.12 -18.00
v 6352.94 5294.12 0.00
v 6352.94 4764.71 0.00
v 6352.94 5294.12 -18.00
v 5823.53 5294.12 -18.00
v 5823.53 5294.12 0.00
v 6352.94 5294.12 0.00
v 5823.53 5294.12 -18.00
v 5823.53 4764.71 -18.00
v 5823.53 4764.71 0.00
v 5823.53 5294.12 0.00
v 5823.53 5823.53 -18.00
v 6352.94 5823.53 -18.00
v 6352.94 5294.12 -18.00
v 5823.53 5294.12 -18.00
v 5823.53 5294.12 0.00
v 6352.94 5294.12 0.00
v 6352.94 5823.53 0.00
v 5823.53 5823.53 0.00
v 5823.53 5294.12 -18.00
v 6352.94 5294.12 -18.00
v 6352.94 5294.12 0.00
v 5823.53 5294.12 0.00
v 6352.94 5294.12 -18.00
v 6352.94 5823.53 -18.00
v 6352.94 5823.53 0.00
v 6352.94 5294.12 0.00
v 6352.94 5823.53 -18.00
v 5823.53 5823.53 -18.00
v 5823.53 5823.53 0.00
v 6352.94 5823.53 0.00
v 5823.53 5823.53 -18.00
v 5823.53 5294.12 -18.00
v 5823.53 5294.12 0.00
v 5823.53 5823.53 0.00
v 5823.53 6352.94 -18.00
v 6352.94 6352.94 -18.00
v 6352.94 5823.53 -18.00
v 5823.53 5823.53 -18.00
v 5823.53 5823.53 0.00
v 6352.94 5823.53 0.00
v 6352.94 6352.94 0.00
v 5823.53 6352.94 0.00
v 5823.53 5823.53 -18.00
v 6352.94 5823.53 -18.00
v 6352.94 5823.53 0.00
v 5823.53 5823.53 0.00
v 6352.94 5823.53 -18.00
v 6352.94 6352.94 -18.00
v 6352.94 6352.94 0.00
v 6352.94 5823.53 0.00
v 6352.94 6352.94 -18.00
v 5823.53 6352.94 -18.00
v 5823.53 6352.94 0.00
v 6352.94 6352.94 0.00
v 5823.53 6352.94 -18.00
v 5823.53 5823.53 -18.00
v 5823.53 5823.53 0.00
v 5823.53 6352.94 0.00
v 5823.53 6882.35 -18.00
v 6352.94 6882.35 -18.00
v 6352.94 6352.94 -18.00
v 5823.53 6352.94 -18.00
v 5823.53 6352.94 0.00
v 6352.94 6352.94 0.00
v 6352.94 6882.35 0.00
v 5823.53 6882.35 0.00
v 5823.53 6352.94 -18.00
v 6352.94 6352.94 -18.00
v 6352.94 6352.94 0.00
v 5823.53 6352.94 0.00
v 6352.94 6352.94 -18.00
v 6352.94 6882.35 -18.00
v 6352.94 6882.35 0.00
v 6352.94 6352.94 0.00
v 6352.94 6882.35 -18.00
v 5823.53 6882.35 -18.00
v 5823.53 6882.35 0.00
v 6352.94 6882.35 0.00
v 5823.53 6882.35 -18.00
v 5823.53 6352.94 -18.00
v 5823.53 6352.94 0.00
v 5823.53 6882.35 0.00
v 5823.53 7411.77 -18.00
v 6352.94 7411.77 -18.00
v 6352.94 6882.35 -18.00
v 5823.53 6882.35 -18.00
v 5823.53 6882.35 0.00
v 6352.94 6882.35 0.00
v 6352.94 7411.77 0.00
v 5823.53 7411.77 0.00
v 5823.53 6882.35 -18.00
v 6352.94 6882.35 -18.00
v 6352.94 6882.35 0.00
v 5823.53 6882.35 0.00
v 6352.94 6882.35 -18.00
v 6352.94 7411.77 -18.00
v 6352.94 7411.77 0.00
v 6352.94 6882.35 0.00
v 6352.94 7411.77 -18.00
v 5823.53 7411.77 -18.00
v 5823.53 7411.77 0.00
v 6352.94 7411.77 0.00
v 5823.53 7411.77 -18.00
v 5823.53 6882.35 -18.00
v 5823.53 6882.35 0.00
v 5823.53 7411.77 0.00
v 5823.53 7941.18 -18.00
v 6352.94 7941.18 -18.00
v 6352.94 7411.77 -18.00
v 5823.53 7411.77 -18.00
v 5823.53 7411.77 0.00
v 6352.94 7411.77 0.00
v 6352.94 7941.18 0.00
v 5823.53 7941.18 0.00
v 5823.53 7411.77 -18.00
v 6352.94 7411.77 -18.00
v 6352.94 7411.77 0.00
v 5823.53 7411.77 0.00
v 6352.94 7411.77 -18.00
v 6352.94 7941.18 -18.00
v 6352.94 7941.18 0.00
v 6352.94 7411.77 0.00
v 6352.94 7941.18 -18.00
v 5823.53 7941.18 -18.00
v 5823.53 7941.18 0.00
v 6352.94 7941.18 0.00
v 5823.53 7941.18 -18.00
v 5823.53 7411.77 -18.00
v 5823.53 7411.77 0.00
v 5823.53 7941.18 0.00
v 5823.53 8470.59 -18.00
v 6352.94 8470.59 -18.00
v 6352.94 7941.18 -18.00
v 5823.53 7941.18 -18.00
v 5823.53 7941.18 0.00
v 6352.94 7941.18 0.00
v 6352.94 8470.59 0.00
v 5823.53 8470.59 0.00
v 5823.53 7941.18 -18.00
v 6352.94 7941.18 -18.00
v 6352.94 7941.18 0.00
v 5823.53 7941.18 0.00
v 6352.94 7941.18 -18.00
v 6352.94 8470.59 -18.00
v 6352.94 8470.59 0.00
v 6352.94 7941.18 0.00
v 6352.94 8470.59 -18.00
v 5823.53 8470.59 -18.00
v 5823.53 8470.59 0.00
v 6352.94 8470.59 0.00
v 5823.53 8470.59 -18.00
v 5823.53 7941.18 -18.00
v 5823.53 7941.18 0.00
v 5823.53 8470.59 0.00
v 5823.53 9000.00 -18.00
v 6352.94 9000.00 -18.00
v 6352.94 8470.59 -18.00
v 5823.53 8470.59 -18.00
v 5823.53 8470.59 0.00
v 6352.94 8470.59 0.00
v 6352.94 9000.00 0.00
v 5823.53 9000.00 0.00
v 5823.53 8470.59 -18.00
v 6352.94 8470.59 -18.00
v 6352.94 8470.59 0.00
v 5823.53 8470.59 0.00
v 6352.94 8470.59 -18.00
v 6352.94 9000.00 -18.00
v 6352.94 9000.00 0.00
v 6352.94 8470.59 0.00
v 6352.94 9000.00 -18.00
v 5823.53 9000.00 -18.00
v 5823.53 9000.00 0.00
v 6352.94 9000.00 0.00
v 5823.53 9000.00 -18.00
v 5823.53 8470.59 -18.00
v 5823.53 8470.59 0.00
v 5823.53 9000.00 0.00
v 6352.94 5294.12 -18.00
v 6882.35 5294.12 -18.00
v 6882.35 4764.71 -18.00
v 6352.94 4764.71 -18.00
v 6352.94 4764.71 0.00
v 6882.35 4764.71 0.00
v 6882.35 5294.12 0.00
v 6352.94 5294.12 0.00
v 6882.35 4764.71 -18.00
v 6882.35 5294.12 -18.00
v 6882.35 5294.12 0.00
v 6882.35 4764.71 0.00
v 6882.35 5294.12 -18.00
v 6352.94 5294.12 -18.00
v 6352.94 5294.12 0.00
v 6882.35 5294.12 0.00
v 6352.94 5294.12 -18.00
v 6352.94 4764.71 -18.00
v 6352.94 4764.71 0.00
v 6352.94 5294.12 0.00
v 6352.94 5823.53 -18.00
v 6882.35 5823.53 -18.00
v 6882.35 5294.12 -18.00
v 6352.94 5294.12 -18.00
v 6352.94 5294.12 0.00
v 6882.35 5294.12 0.00
v 6882.35 5823.53 0.00
v 6352.94 5823.53 0.00
v 6352.94 5294.12 -18.00
v 6882.35 5294.12 -18.00
v 6882.35 5294.12 0.00
v 6352.94 5294.12 0.00
v 6882.35 5294.12 -18.00
v 6882.35 5823.53 -18.00
v 6882.35 5823.53 0.00
v 6882.35 5294.12 0.00
v 6882.35 5823.53 -18.00
v 6352.94 5823.53 -18.00
v 6352.94 5823.53 0.00
v 6882.35 5823.53 0.00
v 6352.94 5823.53 -18.00
v 6352.94 5294.12 -18.00
v 6352.94 5294.12 0.00
v 6352.94 5823.53 0.00
v 6352.94 6352.94 -18.00
v 6882.35 6352.94 -18.00
v 6882.35 5823.53 -18.00
v 6352.94 5823.53 -18.00
v 6352.94 5823.53 0.00
v 6882.35 5823.53 0.00
v 6882.35 6352.94 0.00
v 6352.94 6352.94 0.00
v 6352.94 5823.53 -18.00
v 6882.35 5823.53 -18.00
v 6882.35 5823.53 0.00
v 6352.94 5823.53 0.00
v 6882.35 5823.53 -18.00
v 6882.35 6352.94 -18.00
v 6882.35 6352.94 0.00
v 6882.35 5823.53 0.00
v 6882.35 6352.94 -18.00
v 6352.94 6352.94 -18.00
v 6352.94 6352.94 0.00
v 6882.35 6352.94 0.00
v 6352.94 6352.94 -18.00
v 6352.94 5823.53 -18.00
v 6352.94 5823.53 0.00
v 6352.94 6352.94 0.00
v 6352.94 6882.35 -18.00
v 6882.35 6882.35 -18.00
v 6882.35 6352.94 -18.00
v 6352.94 6352.94 -18.00
v 6352.94 6352.94 0.00
v 6882.35 6352.94 0.00
v 6882.35 6882.35 0.00
v 6352.94 6882.35 0.00
v 6352.94 6352.94 -18.00
v 6882.35 6352.94 -18.00
v 6882.35 6352.94 0.00
v 6352.94 6352.94 0.00
v 6882.35 6352.94 -18.00
v 6882.35 6882.35 -18.00
v 6882.35 6882.35 0.00
v 6882.35 6352.94 0.00
v 6882.35 6882.35 -18.00
v 6352.94 6882.35 -18.00
v 6352.94 6882.35 0.00
v 6882.35 6882.35 0.00
v 6352.94 6882.35 -18.00
v 6352.94 6352.94 -18.00
v 6352.94 6352.94 0.00
v 6352.94 6882.35 0.00
v 6352.94 7411.77 -18.00
v 6882.35 7411.77 -18.00
v 6882.35 6882.35 -18.00
v 6352.94 6882.35 -18.00
v 6352.94 6882.35 0.00
v 6882.35 6882.35 0.00
v 6882.35 7411.77 0.00
v 6352.94 7411.77 0.00
v 6352.94 6882.35 -18.00
v 6882.35 6882.35 -18.00
v 6882.35 6882.35 0.00
v 6352.94 6882.35 0.00
v 6882.35 6882.35 -18.00
v 6882.35 7411.77 -18.00
v 6882.35 7411.77 0.00
v 6882.35 6882.35 0.00
v 6882.35 7411.77 -18.00
v 6352.94 7411.77 -18.00
v 6352.94 7411.77 0.00
v 6882.35 7411.77 0.00
v 6352.94 7411.77 -18.00
v 6352.94 6882.35 -18.00
v 6352.94 6882.35 0.00
v 6352.94 7411.77 0.00
v 6352.94 7941.18 -18.00
v 6882.35 7941.18 -18.00
v 6882.35 7411.77 -18.00
v 6352.94 7411.77 -18.00
v 6352.94 7411.77 0.00
v 6882.35 7411.77 0.00
v 6882.35 7941.18 0.00
v 6352.94 7941.18 0.00
v 6352.94 7411.77 -18.00
v 6882.35 7411.77 -18.00
v 6882.35 7411.77 0.00
v 6352.94 7411.77 0.00
v 6882.35 7411.77 -18.00
v 6882.35 7941.18 -18.00
v 6882.35 7941.18 0.00
v 6882.35 7411.77 0.00
v 6882.35 7941.18 -18.00
v 6352.94 7941.18 -18.00
v 6352.94 7941.18 0.00
v 6882.35 7941.18 0.00
v 6352.94 7941.18 -18.00
v 6352.94 7411.77 -18.00
v 6352.94 7411.77 0.00
v 6352.94 7941.18 0.00
v 6352.94 8470.59 -18.00
v 6882.35 8470.59 -18.00
v 6882.35 7941.18 -18.00
v 6352.94 7941.18 -18.00
v 6352.94 7941.18 0.00
v 6882.35 7941.18 0.00
v 6882.35 8470.59 0.00
v 6352.94 8470.59 0.00
v 6352.94 7941.18 -18.00
v 6882.35 7941.18 -18.00
v 6882.35 7941.18 0.00
v 6352.94 7941.18 0.00
v 6882.35 7941.18 -18.00
v 6882.35 8470.59 -18.00
v 6882.35 8470.59 0.00
v 6882.35 7941.18 0.00
v 6882.35 8470.59 -18.00
v 6352.94 8470.59 -18.00
v 6352.94 8470.59 0.00
v 6882.35 8470.59 0.00
v 6352.94 8470.59 -18.00
v 6352.94 7941.18 -18.00
v 6352.94 7941.18 0.00
v 6352.94 8470.59 0.00
v 6352.94 9000.00 -18.00
v 6882.35 9000.00 -18.00
v 6882.35 8470.59 -18.00
v 6352.94 8470.59 -18.00
v 6352.94 8470.59 0.00
v 6882.35 8470.59 0.00
v 6882.35 9000.00 0.00
v 6352.94 9000.00 0.00
v 6352.94 8470.59 -18.00
v 6882.35 8470.59 -18.00
v 6882.35 8470.59 0.00
v 6352.94 8470.59 0.00
v 6882.35 8470.59 -18.00
v 6882.35 9000.00 -18.00
v 6882.35 9000.00 0.00
v 6882.35 8470.59 0.00
v 6882.35 9000.00 -18.00
v 6352.94 9000.00 -18.00
v 6352.94 9000.00 0.00
v 6882.35 9000.00 0.00
v 6352.94 9000.00 -18.00
v 6352.94 8470.59 -18.00
v 6352.94 8470.59 0.00
v 6352.94 9000.00 0.00
v 6882.35 5294.12 -18.00
v 7411.77 5294.12 -18.00
v 7411.77 4764.71 -18.00
v 6882.35 4764.71 -18.00
v 6882.35 4764.71 0.00
v 7411.77 4764.71 0.00
v 7411.77 5294.12 0.00
v 6882.35 5294.12 0.00
v 7411.77 4764.71 -18.00
v 7411.77 5294.12 -18.00
v 7411.77 5294.12 0.00
v 7411.77 4764.71 0.00
v 7411.77 5294.12 -18.00
v 6882.35 5294.12 -18.00
v 6882.35 5294.12 0.00
v 7411.77 5294.12 0.00
v 6882.35 5294.12 -18.00
v 6882.35 4764.71 -18.00
v 6882.35 4764.71 0.00
v 6882.35 5294.12 0.00
v 6882.35 5823.53 -18.00
v 7411.77 5823.53 -18.00
v 7411.77 5294.12 -18.00
v 6882.35 5294.12 -18.00
v 6882.35 5294.12 0.00
v 7411.77 5294.12 0.00
v 7411.77 5823.53 0.00
v 6882.35 5823.53 0.00
v 6882.35 5294.12 -18.00
v 7411.77 5294.12 -18.00
v 7411.77 5294.12 0.00
v 6882.35 5294.12 0.00
v 7411.77 5294.12 -18.00
v 7411.77 5823.53 -18.00
v 7411.77 5823.53 0.00
v 7411.77 5294.12 0.00
v 7411.77 5823.53 -18.00
v 6882.35 5823.53 -18.00
v 6882.35 5823.53 0.00
v 7411.77 5823.53 0.00
v 6882.35 5823.53 -18.00
v 6882.35 5294.12 -18.00
v 6882.35 5294.12 0.00
v 6882.35 5823.53 0.00
v 6882.35 6352.94 -18.00
v 7411.77 6352.94 -18.00
v 7411.77 5823.53 -18.00
v 6882.35 5823.53 -18.00
v 6882.35 5823.53 0.00
v 7411.77 5823.53 0.00
v 7411.77 6352.94 0.00
v 6882.35 6352.94 0.00
v 6882.35 5823.53 -18.00
v 7411.77 5823.53 -18.00
v 7411.77 5823.53 0.00
v 6882.35 5823.53 0.00
v 7411.77 5823.53 -18.00
v 7411.77 6352.94 -18.00
v 7411.77 6352.94 0.00
v 7411.77 5823.53 0.00
v 7411.77 6352.94 -18.00
v 6882.35 6352.94 -18.00
v 6882.35 6352.94 0.00
v 7411.77 6352.94 0.00
v 6882.35 6352.94 -18.00
v 6882.35 5823.53 -18.00
v 6882.35 5823.53 0.00
v 6882.35 6352.94 0.00
v 6882.35 6882.35 -18.00
v 7411.77 6882.35 -18.00
v 7411.77 6352.94 -18.00
v 6882.35 6352.94 -18.00
v 6882.35 6352.94 0.00
v 7411.77 6352.94 0.00
v 7411.77 6882.35 0.00
v 6882.35 6882.35 0.00
v 6882.35 6352.94 -18.00
v 7411.77 6352.94 -18.00
v 7411.77 6352.94 0.00
v 6882.35 6352.94 0.00
v 7411.77 6352.94 -18.00
v 7411.77 6882.35 -18.00
v 7411.77 6882.35 0.00
v 7411.77 6352.94 0.00
v 7411.77 6882.35 -18.00
v 6882.35 6882.35 -18.00
v 6882.35 6882.35 0.00
v 7411.77 6882.35 0.00
v 6882.35 6882.35 -18.00
v 6882.35 6352.94 -18.00
v 6882.35 6352.94 0.00
v 6882.35 6882.35 0.00
v 6882.35 7411.77 -18.00
v 7411.77 7411.77 -18.00
v 7411.77 6882.35 -18.00
v 6882.35 6882.35 -18.00
v 6882.35 6882.35 0.00
v 7411.77 6882.35 0.00
v 7411.77 7411.77 0.00
v 6882.35 7411.77 0.00
v 6882.35 6882.35 -18.00
v 7411.77 6882.35 -18.00
v 7411.77 6882.35 0.00
v 6882.35 6882.35 0.00
v 7411.77 6882.35 -18.00
v 7411.77 7411.77 -18.00
v 7411.77 7411.77 0.00
v 7411.77 6882.35 0.00
v 7411.77 7411.77 -18.00
v 6882.35 7411.77 -18.00
v 6882.35 7411.77 0.00
v 7411.77 7411.77 0.00
v 6882.35 7411.77 -18.00
v 6882.35 6882.35 -18.00
v 6882.35 6882.35 0.00
v 6882.35 7411.77 0.00
v 6882.35 7941.18 -18.00
v 7411.77 7941.18 -18.00
v 7411.77 7411.77 -18.00
v 6882.35 7411.77 -18.00
v 6882.35 7411.77 0.00
v 7411.77 7411.77 0.00
v 7411.77 7941.18 0.00
v 6882.35 7941.18 0.00
v 6882.35 7411.77 -18.00
v 7411.77 7411.77 -18.00
v 7411.77 7411.77 0.00
v 6882.35 7411.77 0.00
v 7411.77 7411.77 -18.00
v 7411.77 7941.18 -18.00
v 7411.77 7941.18 0.00
v 7411.77 7411.77 0.00
v 7411.77 7941.18 -18.00
v 6882.35 7941.18 -18.00
v 6882.35 7941.18 0.00
v 7411.77 7941.18 0.00
v 6882.35 7941.18 -18.00
v 6882.35 7411.77 -18.00
v 6882.35 7411.77 0.00
v 6882.35 7941.18 0.00
v 6882.35 8470.59 -18.00
v 7411.77 8470.59 -18.00
v 7411.77 7941.18 -18.00
v 6882.35 7941.18 -18.00
v 6882.35 7941.18 0.00
v 7411.77 7941.18 0.00
v 7411.77 8470.59 0.00
v 6882.35 8470.59 0.00
v 6882.35 7941.18 -18.00
v 7411.77 7941.18 -18.00
v 7411.77 7941.18 0.00
v 6882.35 7941.18 0.00
v 7411.77 7941.18 -18.00
v 7411.77 8470.59 -18.00
v 7411.77 8470.59 0.00
v 7411.77 7941.18 0.00
v 7411.77 8470.59 -18.00
v 6882.35 8470.59 -18.00
v 6882.35 8470.59 0.00
v 7411.77 8470.59 0.00
v 6882.35 8470.59 -18.00
v 6882.35 7941.18 -18.00
v 6882.35 7941.18 0.00
v 6882.35 8470.59 0.00
v 6882.35 9000.00 -18.00
v 7411.77 9000.00 -18.00
v 7411.77 8470.59 -18.00
v 6882.35 8470.59 -18.00
v 6882.35 8470.59 0.00
v 7411.77 8470.59 0.00
v 7411.77 9000.00 0.00
v 6882.35 9000.00 0.00
v 6882.35 8470.59 -18.00
v 7411.77 8470.59 -18.00
v 7411.77 8470.59 0.00
v 6882.35 8470.59 0.00
v 7411.77 8470.59 -18.00
v 7411.77 9000.00 -18.00
v 7411.77 9000.00 0.00
v 7411.77 8470.59 0.00
v 7411.77 9000.00 -18.00
v 6882.35 9000.00 -18.00
v 6882.35 9000.00 0.00
v 7411.77 9000.00 0.00
v 6882.35 9000.00 -18.00
v 6882.35 8470.59 -18.00
v 6882.35 8470.59 0.00
v 6882.35 9000.00 0.00
v 7411.77 5294.12 -18.00
v 7941.18 5294.12 -18.00
v 7941.18 4764.71 -18.00
v 7411.77 4764.71 -18.00
v 7411.77 4764.71 0.00
v 7941.18 4764.71 0.00
v 7941.18 5294.12 0.00
v 7411.77 5294.12 0.00
v 7941.18 4764.71 -18.00
v 7941.18 5294.12 -18.00
v 7941.18 5294.12 0.00
v 7941.18 4764.71 0.00
v 7941.18 5294.12 -18.00
v 7411.77 5294.12 -18.00
v 7411.77 5294.12 0.00
v 7941.18 5294.12 0.00
v 7411.77 5294.12 -18.00
v 7411.77 4764.71 -18.00
v 7411.77 4764.71 0.00
v 7411.77 5294.12 0.00
v 7411.77 5823.53 -18.00
v 7941.18 5823.53 -18.00
v 7941.18 5294.12 -18.00
v 7411.77 5294.12 -18.00
v 7411.77 5294.12 0.00
v 7941.18 5294.12 0.00
v 7941.18 5823.53 0.00
v 7411.77 5823.53 0.00
v 7411.77 5294.12 -18.00
v 7941.18 5294.12 -18.00
v 7941.18 5294.12 0.00
v 7411.77 5294.12 0.00
v 7941.18 5294.12 -18.00
v 7941.18 5823.53 -18.00
v 7941.18 5823.53 0.00
v 7941.18 5294.12 0.00
v 7941.18 5823.53 -18.00
v 7411.77 5823.53 -18.00
v 7411.77 5823.53 0.00
v 7941.18 5823.53 0.00
v 7411.77 5823.53 -18.00
v 7411.77 5294.12 -18.00
v 7411.77 5294.12 0.00
v 7411.77 5823.53 0.00
v 7411.77 6352.94 -18.00
v 7941.18 6352.94 -18.00
v 7941.18 5823.53 -18.00
v 7411.77 5823.53 -18.00
v 7411.77 5823.53 0.00
v 7941.18 5823.53 0.00
v 7941.18 6352.94 0.00
v 7411.77 6352.94 0.00
v 7411.77 5823.53 -18.00
v 7941.18 5823.53 -18.00
v 7941.18 5823.53 0.00
v 7411.77 5823.53 0.00
v 7941.18 5823.53 -18.00
v 7941.18 6352.94 -18.00
v 7941.18 6352.94 0.00
v 7941.18 5823.53 0.00
v 7941.18 6352.94 -18.00
v 7411.77 6352.94 -18.00
v 7411.77 6352.94 0.00
v 7941.18 6352.94 0.00
v 7411.77 6352.94 -18.00
v 7411.77 5823.53 -18.00
v 7411.77 5823.53 0.00
v 7411.77 6352.94 0.00
v 7411.77 6882.35 -18.00
v 7941.18 6882.35 -18.00
v 7941.18 6352.94 -18.00
v 7411.77 6352.94 -18.00
v 7411.77 6352.94 0.00
v 7941.18 6352.94 0.00
v 7941.18 6882.35 0.00
v 7411.77 6882.35 0.00
v 7411.77 6352.94 -18.00
v 7941.18 6352.94 -18.00
v 7941.18 6352.94 0.00
v 7411.77 6352.94 0.00
v 7941.18 6352.94 -18.00
v 7941.18 6882.35 -18.00
v 7941.18 6882.35 0.00
v 7941.18 6352.94 0.00
v 7941.18 6882.35 -18.00
v 7411.77 6882.35 -18.00
v 7411.77 6882.35 0.00
v 7941.18 6882.35 0.00
v 7411.77 6882.35 -18.00
v 7411.77 6352.94 -18.00
v 7411.77 6352.94 0.00
v 7411.77 6882.35 0.00
v 7411.77 7411.77 -18.00
v 7941.18 7411.77 -18.00
v 7941.18 6882.35 -18.00
v 7411.77 6882.35 -18.00
v 7411.77 6882.35 0.00
v 7941.18 6882.35 0.00
v 7941.18 7411.77 0.00
v 7411.77 7411.77 0.00
v 7411.77 6882.35 -18.00
v 7941.18 6882.35 -18.00
v 7941.18 6882.35 0.00
v 7411.77 6882.35 0.00
v 7941.18 6882.35 -18.00
v 7941.18 7411.77 -18.00
v 7941.18 7411.77 0.00
v 7941.18 6882.35 0.00
v 7941.18 7411.77 -18.00
v 7411.77 7411.77 -18.00
v 7411.77 7411.77 0.00
v 7941.18 7411.77 0.00
v 7411.77 7411.77 -18.00
v 7411.77 6882.35 -18.00
v 7411.77 6882.35 0.00
v 7411.77 7411.77 0.00
v 7411.77 7941.18 -18.00
v 7941.18 7941.18 -18.00
v 7941.18 7411.77 -18.00
v 7411.77 7411.77 -18.00
v 7411.77 7411.77 0.00
v 7941.18 7411.77 0.00
v 7941.18 7941.18 0.00
v 7411.77 7941.18 0.00
v 7411.77 7411.77 -18.00
v 7941.18 7411.77 -18.00
v 7941.18 7411.77 0.00
v 7411.77 7411.77 0.00
v 7941.18 7411.77 -18.00
v 7941.18 7941.18 -18.00
v 7941.18 7941.18 0.00
v 7941.18 7411.77 0.00
v 7941.18 7941.18 -18.00
v 7411.77 7941.18 -18.00
v 7411.77 7941.18 0.00
v 7941.18 7941.18 0.00
v 7411.77 7941.18 -18.00
v 7411.77 7411.77 -18.00
v 7411.77 7411.77 0.00
v 7411.77 7941.18 0.00
v 7411.77 8470.59 -18.00
v 7941.18 8470.59 -18.00
v 7941.18 7941.18 -18.00
v 7411.77 7941.18 -18.00
v 7411.77 7941.18 0.00
v 7941.18 7941.18 0.00
v 7941.18 8470.59 0.00
v 7411.77 8470.59 0.00
v 7411.77 7941.18 -18.00
v 7941.18 7941.18 -18.00
v 7941.18 7941.18 0.00
v 7411.77 7941.18 0.00
v 7941.18 7941.18 -18.00
v 7941.18 8470.59 -18.00
v 7941.18 8470.59 0.00
v 7941.18 7941.18 0.00
v 7941.18 8470.59 -18.00
v 7411.77 8470.59 -18.00
v 7411.77 8470.59 0.00
v 7941.18 8470.59 0.00
v 7411.77 8470.59 -18.00
v 7411.77 7941.18 -18.00
v 7411.77 7941.18 0.00
v 7411.77 8470.59 0.00
v 7411.77 9000.00 -18.00
v 7941.18 9000.00 -18.00
v 7941.18 8470.59 -18.00
v 7411.77 8470.59 -18.00
v 7411.77 8470.59 0.00
v 7941.18 8470.59 0.00
v 7941.18 9000.00 0.00
v 7411.77 9000.00 0.00
v 7411.77 8470.59 -18.00
v 7941.18 8470.59 -18.00
v 7941.18 8470.59 0.00
v 7411.77 8470.59 0.00
v 7941.18 8470.59 -18.00
v 7941.18 9000.00 -18.00
v 7941.18 9000.00 0.00
v 7941.18 8470.59 0.00
v 7941.18 9000.00 -18.00
v 7411.77 9000.00 -18.00
v 7411.77 9000.00 0.00
v 7941.18 9000.00 0.00
v 7411.77 9000.00 -18.00
v 7411.77 8470.59 -18.00
v 7411.77 8470.59 0.00
v 7411.77 9000.00 0.00
v 7941.18 5294.12 -18.00
v 8470.59 5294.12 -18.00
v 8470.59 4764.71 -18.00
v 7941.18 4764.71 -18.00
v 7941.18 4764.71 0.00
v 8470.59 4764.71 0.00
v 8470.59 5294.12 0.00
v 7941.18 5294.12 0.00
v 8470.59 4764.71 -18.00
v 8470.59 5294.12 -18.00
v 8470.59 5294.12 0.00
v 8470.59 4764.71 0.00
v 8470.59 5294.12 -18.00
v 7941.18 5294.12 -18.00
v 7941.18 5294.12 0.00
v 8470.59 5294.12 0.00
v 7941.18 5294.12 -18.00
v 7941.18 4764.71 -18.00
v 7941.18 4764.71 0.00
v 7941.18 5294.12 0.00
v 7941.18 5823.53 -18.00
v 8470.59 5823.53 -18.00
v 8470.59 5294.12 -18.00
v 7941.18 5294.12 -18.00
v 7941.18 5294.12 0.00
v 8470.59 5294.12 0.00
v 8470.59 5823.53 0.00
v 7941.18 5823.53 0.00
v 7941.18 5294.12 -18.00
v 8470.59 5294.12 -18.00
v 8470.59 5294.12 0.00
v 7941.18 5294.12 0.00
v 8470.59 5294.12 -18.00
v 8470.59 5823.53 -18.00
v 8470.59 5823.53 0.00
v 8470.59 5294.12 0.00
v 8470.59 5823.53 -18.00
v 7941.18 5823.53 -18.00
v 7941.18 5823.53 0.00
v 8470.59 5823.53 0.00
v 7941.18 5823.53 -18.00
v 7941.18 5294.12 -18.00
v 7941.18 5294.12 0.00
v 7941.18 5823.53 0.00
v 7941.18 6352.94 -18.00
v 8470.59 6352.94 -18.00
v 8470.59 5823.53 -18.00
v 7941.18 5823.53 -18.00
v 7941.18 5823.53 0.00
v 8470.59 5823.53 0.00
v 8470.59 6352.94 0.00
v 7941.18 6352.94 0.00
v 7941.18 5823.53 -18.00
v 8470.59 5823.53 -18.00
v 8470.59 5823.53 0.00
v 7941.18 5823.53 0.00
v 8470.59 5823.53 -18.00
v 8470.59 6352.94 -18.00
v 8470.59 6352.94 0.00
v 8470.59 5823.53 0.00
v 8470.59 6352.94 -18.00
v 7941.18 6352.94 -18.00
v 7941.18 6352.94 0.00
v 8470.59 6352.94 0.00
v 7941.18 6352.94 -18.00
v 7941.18 5823.53 -18.00
v 7941.18 5823.53 0.00
v 7941.18 6352.94 0.00
v 7941.18 6882.35 -18.00
v 8470.59 6882.35 -18.00
v 8470.59 6352.94 -18.00
v 7941.18 6352.94 -18.00
v 7941.18 6352.94 0.00
v 8470.59 6352.94 0.00
v 8470.59 6882.35 0.00
v 7941.18 6882.35 0.00
v 7941.18 6352.94 -18.00
v 8470.59 6352.94 -18.00
v 8470.59 6352.94 0.00
v 7941.18 6352.94 0.00
v 8470.59 6352.94 -18.00
v 8470.59 6882.35 -18.00
v 8470.59 6882.35 0.00
v 8470.59 6352.94 0.00
v 8470.59 6882.35 -18.00
v 7941.18 6882.35 -18.00
v 7941.18 6882.35 0.00
v 8470.59 6882.35 0.00
v 7941.18 6882.35 -18.00
v 7941.18 6352.94 -18.00
v 7941.18 6352.94 0.00
v 7941.18 6882.35 0.00
v 7941.18 7411.77 -18.00
v 8470.59 7411.77 -18.00
v 8470.59 6882.35 -18.00
v 7941.18 6882.35 -18.00
v 7941.18 6882.35 0.00
v 8470.59 6882.35 0.00
v 8470.59 7411.77 0.00
v 7941.18 7411.77 0.00
v 7941.18 6882.35 -18.00
v 8470.59 6882.35 -18.00
v 8470.59 6882.35 0.00
v 7941.18 6882.35 0.00
v 8470.59 6882.35 -18.00
v 8470.59 7411.77 -18.00
v 8470.59 7411.77 0.00
v 8470.59 6882.35 0.00
v 8470.59 7411.77 -18.00
v 7941.18 7411.77 -18.00
v 7941.18 7411.77 0.00
v 8470.59 7411.77 0.00
v 7941.18 7411.77 -18.00
v 7941.18 6882.35 -18.00
v 7941.18 6882.35 0.00
v 7941.18 7411.77 0.00
v 7941.18 7941.18 -18.00
v 8470.59 7941.18 -18.00
v 8470.59 7411.77 -18.00
v 7941.18 7411.77 -18.00
v 7941.18 7411.77 0.00
v 8470.59 7411.77 0.00
v 8470.59 7941.18 0.00
v 7941.18 7941.18 0.00
v 7941.18 7411.77 -18.00
v 8470.59 7411.77 -18.00
v 8470.59 7411.77 0.00
v 7941.18 7411.77 0.00
v 8470.59 7411.77 -18.00
v 8470.59 7941.18 -18.00
v 8470.59 7941.18 0.00
v 8470.59 7411.77 0.00
v 8470.59 7941.18 -18.00
v 7941.18 7941.18 -18.00
v 7941.18 7941.18 0.00
v 8470.59 7941.18 0.00
v 7941.18 7941.18 -18.00
v 7941.18 7411.77 -18.00
v 7941.18 7411.77 0.00
v 7941.18 7941.18 0.00
v 7941.18 8470.59 -18.00
v 8470.59 8470.59 -18.00
v 8470.59 7941.18 -18.00
v 7941.18 7941.18 -18.00
v 7941.18 7941.18 0.00
v 8470.59 7941.18 0.00
v 8470.59 8470.59 0.00
v 7941.18 8470.59 0.00
v 7941.18 7941.18 -18.00
v 8470.59 7941.18 -18.00
v 8470.59 7941.18 0.00
v 7941.18 7941.18 0.00
v 8470.59 7941.18 -18.00
v 8470.59 8470.59 -18.00
v 8470.59 8470.59 0.00
v 8470.59 7941.18 0.00
v 8470.59 8470.59 -18.00
v 7941.18 8470.59 -18.00
v 7941.18 8470.59 0.00
v 8470.59 8470.59 0.00
v 7941.18 8470.59 -18.00
v 7941.18 7941.18 -18.00
v 7941.18 7941.18 0.00
v 7941.18 8470.59 0.00
v 7941.18 9000.00 -18.00
v 8470.59 9000.00 -18.00
v 8470.59 8470.59 -18.00
v 7941.18 8470.59 -18.00
v 7941.18 8470.59 0.00
v 8470.59 8470.59 0.00
v 8470.59 9000.00 0.00
v 7941.18 9000.00 0.00
v 7941.18 8470.59 -18.00
v 8470.59 8470.59 -18.00
v 8470.59 8470.59 0.00
v 7941.18 8470.59 0.00
v 8470.59 8470.59 -18.00
v 8470.59 9000.00 -18.00
v 8470.59 9000.00 0.00
v 8470.59 8470.59 0.00
v 8470.59 9000.00 -18.00
v 7941.18 9000.00 -18.00
v 7941.18 9000.00 0.00
v 8470.59 9000.00 0.00
v 7941.18 9000.00 -18.00
v 7941.18 8470.59 -18.00
v 7941.18 8470.59 0.00
v 7941.18 9000.00 0.00
v 8470.59 5294.12 -18.00
v 9000.00 5294.12 -18.00
v 9000.00 4764.71 -18.00
v 8470.59 4764.71 -18.00
v 8470.59 4764.71 0.00
v 9000.00 4764.71 0.00
v 9000.00 5294.12 0.00
v 8470.59 5294.12 0.00
v 9000.00 4764.71 -18.00
v 9000.00 5294.12 -18.00
v 9000.00 5294.12 0.00
v 9000.00 4764.71 0.00
v 9000.00 5294.12 -18.00
v 8470.59 5294.12 -18.00
v 8470.59 5294.12 0.00
v 9000.00 5294.12 0.00
v 8470.59 5294.12 -18.00
v 8470.59 4764.71 -18.00
v 8470.59 4764.71 0.00
v 8470.59 5294.12 0.00
v 8470.59 5823.53 -18.00
v 9000.00 5823.53 -18.00
v 9000.00 5294.12 -18.00
v 8470.59 5294.12 -18.00
v 8470.59 5294.12 0.00
v 9000.00 5294.12 0.00
v 9000.00 5823.53 0.00
v 8470.59 5823.53 0.00
v 8470.59 5294.12 -18.00
v 9000.00 5294.12 -18.00
v 9000.00 5294.12 0.00
v 8470.59 5294.12 0.00
v 9000.00 5294.12 -18.00
v 9000.00 5823.53 -18.00
v 9000.00 5823.53 0.00
v 9000.00 5294.12 0.00
v 9000.00 5823.53 -18.00
v 8470.59 5823.53 -18.00
v 8470.59 5823.53 0.00
v 9000.00 5823.53 0.00
v 8470.59 5823.53 -18.00
v 8470.59 5294.12 -18.00
v 8470.59 5294.12 0.00
v 8470.59 5823.53 0.00
v 8470.59 6352.94 -18.00
v 9000.00 6352.94 -18.00
v 9000.00 5823.53 -18.00
v 8470.59 5823.53 -18.00
v 8470.59 5823.53 0.00
v 9000.00 5823.53 0.00
v 9000.00 6352.94 0.00
v 8470.59 6352.94 0.00
v 8470.59 5823.53 -18.00
v 9000.00 5823.53 -18.00
v 9000.00 5823.53 0.00
v 8470.59 5823.53 0.00
v 9000.00 5823.53 -18.00
v 9000.00 6352.94 -18.00
v 9000.00 6352.94 0.00
v 9000.00 5823.53 0.00
v 9000.00 6352.94 -18.00
v 8470.59 6352.94 -18.00
v 8470.59 6352.94 0.00
v 9000.00 6352.94 0.00
v 8470.59 6352.94 -18.00
v 8470.59 5823.53 -18.00
v 8470.59 5823.53 0.00
v 8470.59 6352.94 0.00
v 8470.59 6882.35 -18.00
v 9000.00 6882.35 -18.00
v 9000.00 6352.94 -18.00
v 8470.59 6352.94 -18.00
v 8470.59 6352.94 0.00
v 9000.00 6352.94 0.00
v 9000.00 6882.35 0.00
v 8470.59 6882.35 0.00
v 8470.59 6352.94 -18.00
v 9000.00 6352.94 -18.00
v 9000.00 6352.94 0.00
v 8470.59 6352.94 0.00
v 9000.00 6352.94 -18.00
v 9000.00 6882.35 -18.00
v 9000.00 6882.35 0.00
v 9000.00 6352.94 0.00
v 9000.00 6882.35 -18.00
v 8470.59 6882.35 -18.00
v 8470.59 6882.35 0.00
v 9000.00 6882.35 0.00
v 8470.59 6882.35 -18.00
v 8470.59 6352.94 -18.00
v 8470.59 6352.94 0.00
v 8470.59 6882.35 0.00
v 8470.59 7411.77 -18.00
v 9000.00 7411.77 -18.00
v 9000.00 6882.35 -18.00
v 8470.59 6882.35 -18.00
v 8470.59 6882.35 0.00
v 9000.00 6882.35 0.00
v 9000.00 7411.77 0.00
v 8470.59 7411.77 0.00
v 8470.59 6882.35 -18.00
v 9000.00 6882.35 -18.00
v 9000.00 6882.35 0.00
v 8470.59 6882.35 0.00
v 9000.00 6882.35 -18.00
v 9000.00 7411.77 -18.00
v 9000.00 7411.77 0.00
v 9000.00 6882.35 0.00
v 9000.00 7411.77 -18.00
v 8470.59 7411.77 -18.00
v 8470.59 7411.77 0.00
v 9000.00 7411.77 0.00
v 8470.59 7411.77 -18.00
v 8470.59 6882.35 -18.00
v 8470.59 6882.35 0.00
v 8470.59 7411.77 0.00
v 8470.59 7941.18 -18.00
v 9000.00 7941.18 -18.00
v 9000.00 7411.77 -18.00
v 8470.59 7411.77 -18.00
v 8470.59 7411.77 0.00
v 9000.00 7411.77 0.00
v 9000.00 7941.18 0.00
v 8470.59 7941.18 0.00
v 8470.59 7411.77 -18.00
v 9000.00 7411.77 -18.00
v 9000.00 7411.77 0.00
v 8470.59 7411.77 0.00
v 9000.00 7411.77 -18.00
v 9000.00 7941.18 -18.00
v 9000.00 7941.18 0.00
v 9000.00 7411.77 0.00
v 9000.00 7941.18 -18.00
v 8470.59 7941.18 -18.00
v 8470.59 7941.18 0.00
v 9000.00 7941.18 0.00
v 8470.59 7941.18 -18.00
v 8470.59 7411.77 -18.00
v 8470.59 7411.77 0.00
v 8470.59 7941.18 0.00
v 8470.59 8470.59 -18.00
v 9000.00 8470.59 -18.00
v 9000.00 7941.18 -18.00
v 8470.59 7941.18 -18.00
v 8470.59 7941.18 0.00
v 9000.00 7941.18 0.00
v 9000.00 8470.59 0.00
v 8470.59 8470.59 0.00
v 8470.59 7941.18 -18.00
v 9000.00 7941.18 -18.00
v 9000.00 7941.18 0.00
v 8470.59 7941.18 0.00
v 9000.00 7941.18 -18.00
v 9000.00 8470.59 -18.00
v 9000.00 8470.59 0.00
v 9000.00 7941.18 0.00
v 9000.00 8470.59 -18.00
v 8470.59 8470.59 -18.00
v 8470.59 8470.59 0.00
v 9000.00 8470.59 0.00
v 8470.59 8470.59 -18.00
v 8470.59 7941.18 -18.00
v 8470.59 7941.18 0.00
v 8470.59 8470.59 0.00
v 8470.59 9000.00 -18.00
v 9000.00 9000.00 -18.00
v 9000.00 8470.59 -18.00
v 8470.59 8470.59 -18.00
v 8470.59 8470.59 0.00
v 9000.00 8470.59 0.00
v 9000.00 9000.00 0.00
v 8470.59 9000.00 0.00
v 8470.59 8470.59 -18.00
v 9000.00 8470.59 -18.00
v 9000.00 8470.59 0.00
v 8470.59 8470.59 0.00
v 9000.00 8470.59 -18.00
v 9000.00 9000.00 -18.00
v 9000.00 9000.00 0.00
v 9000.00 8470.59 0.00
v 9000.00 9000.00 -18.00
v 8470.59 9000.00 -18.00
v 8470.59 9000.00 0.00
v 9000.00 9000.00 0.00
v 8470.59 9000.00 -18.00
v 8470.59 8470.59 -18.00
v 8470.59 8470.59 0.00
v 8470.59 9000.00 0.00

usemtl mat_flagstone
v -15.00 5990.00 0.00
v 15.00 5990.00 0.00
v 15.00 6010.00 0.00
v -15.00 6010.00 0.00
v 13.67 6125.70 5.20
v 15.67 6125.70 5.20
v 15.67 6125.70 7.80
v 13.67 6125.70 7.80

usemtl mat_granite
v -15.00 5990.00 9.00
v -15.00 6010.00 9.00
v 15.00 6010.00 9.00
v 15.00 5990.00 9.00
v -15.00 5990.00 0.00
v -15.00 6010.00 0.00
v -15.00 6010.00 9.00
v -15.00 5990.00 9.00
v 15.00 5990.00 0.00
v 15.00 5990.00 9.00
v 15.00 6010.00 9.00
v 15.00 6010.00 0.00
v -15.00 6010.00 0.00
v 15.00 6010.00 0.00
v 15.00 6010.00 9.00
v -15.00 6010.00 9.00
v -15.00 5990.00 0.00
v -2.40 5990.00 0.00
v -2.40 5990.00 4.40
v -15.00 5990.00 4.40
v 2.40 5990.00 0.00
v 15.00 5990.00 0.00
v 15.00 5990.00 4.40
v 2.40 5990.00 4.40
v -2.40 5990.00 4.40
v 2.40 5990.00 4.40
v 2.40 5990.00 9.00
v -2.40 5990.00 9.00
v 15.67 6125.70 5.20
v 13.67 6125.70 5.20
v 13.67 6125.70 7.80
v 15.67 6125.70 7.80
v 21.00 6125.70 5.20
v 23.00 6125.70 5.20
v 23.00 6125.70 7.80
v 21.00 6125.70 7.80
v 23.00 6125.70 5.20
v 21.00 6125.70 5.20
v 21.00 6125.70 7.80
v 23.00 6125.70 7.80
v -22.00 6114.20 2.00
v -18.00 6114.20 2.00
v -18.00 6114.20 6.00
v -22.00 6114.20 6.00
v -18.00 6114.20 2.00
v -22.00 6114.20 2.00
v -22.00 6114.20 6.00
v -18.00 6114.20 6.00
v 107.00 6110.00 0.00
v 133.00 6110.00 0.00
v 133.00 6130.00 0.00
v 107.00 6130.00 0.00
v 107.00 6110.00 9.00
v 107.00 6130.00 9.00
v 133.00 6130.00 9.00
v 133.00 6110.00 9.00

usemtl mat_window
v -12.00 6009.70 5.20
v -10.00 6009.70 5.20
v -10.00 6009.70 7.80
v -12.00 6009.70 7.80
v -10.00 6009.70 5.20
v -12.00 6009.70 5.20
v -12.00 6009.70 7.80
v -10.00 6009.70 7.80
v -4.67 6009.70 5.20
v -2.67 6009.70 5.20
v -2.67 6009.70 7.80
v -4.67 6009.70 7.80
v -2.67 6009.70 5.20
v -4.67 6009.70 5.20
v -4.67 6009.70 7.80
v -2.67 6009.70 7.80
v 2.67 6009.70 5.20
v 4.67 6009.70 5.20
v 4.67 6009.70 7.80
v 2.67 6009.70 7.80
v 4.67 6009.70 5.20
v 2.67 6009.70 5.20
v 2.67 6009.70 7.80
v 4.67 6009.70 7.80
v 10.00 6009.70 5.20
v 12.00 6009.70 5.20
v 12.00 6009.70 7.80
v 10.00 6009.70 7.80
v 12.00 6009.70 5.20
v 10.00 6009.70 5.20
v 10.00 6009.70 7.80
v 12.00 6009.70 7.80
v -2.00 5989.80 0.00
v 2.00 5989.80 0.00
v 2.00 5989.80 4.20
v -2.00 5989.80 4.20
v 2.00 5989.80 0.00
v -2.00 5989.80 0.00
v -2.00 5989.80 4.20
v 2.00 5989.80 4.20
v 2.00 5989.80 4.20
v 0.04 5990.61 2.60
v -2.00 5989.80 4.20
v -3.28 5990.60 3.00
v -3.36 5990.71 3.00
v -2.40 5990.00 4.40
v -3.36 5990.71 3.00
v -3.28 5990.60 3.00
v -2.40 5990.00 4.40
v 3.52 5990.60 3.00
v 3.44 5990.71 3.00
v 2.40 5990.00 4.40
v 3.44 5990.71 3.00
v 3.52 5990.60 3.00
v 2.40 5990.00 4.40
v 98.00 5988.00 0.00
v 142.00 5988.00 0.00
v 142.00 6012.00 0.00
v 98.00 6012.00 0.00
v 98.00 5988.00 9.00
v 98.00 6012.00 9.00
v 142.00 6012.00 9.00
v 142.00 5988.00 9.00
v 98.00 5988.00 0.00
v 98.00 6012.00 0.00
v 98.00 6012.00 9.00
v 98.00 5988.00 9.00
v 142.00 5988.00 0.00
v 142.00 5988.00 9.00
v 142.00 6012.00 9.00
v 142.00 6012.00 0.00
v 98.00 6012.00 0.00
v 142.00 6012.00 0.00
v 142.00 6012.00 9.00
v 98.00 6012.00 9.00
v 98.00 5988.00 0.00
v 117.60 5988.00 0.00
v 117.60 5988.00 4.40
v 98.00 5988.00 4.40
v 122.40 5988.00 0.00
v 142.00 5988.00 0.00
v 142.00 5988.00 4.40
v 122.40 5988.00 4.40
v 117.60 5988.00 4.40
v 122.40 5988.00 4.40
v 122.40 5988.00 9.00
v 117.60 5988.00 9.00
v 101.00 6011.70 5.20
v 103.00 6011.70 5.20
v 103.00 6011.70 7.80
v 101.00 6011.70 7.80
v 107.00 6110.00 0.00
v 107.00 6130.00 0.00
v 107.00 6130.00 9.00
v 107.00 6110.00 9.00
v 133.00 6110.00 0.00
v 133.00 6110.00 9.00
v 133.00 6130.00 9.00
v 133.00 6130.00 0.00
v 107.00 6130.00 0.00
v 133.00 6130.00 0.00
v 133.00 6130.00 9.00
v 107.00 6130.00 9.00
v 107.00 6110.00 0.00
v 117.60 6110.00 0.00
v 117.60 6110.00 4.40
v 107.00 6110.00 4.40
v 122.40 6110.00 0.00
v 133.00 6110.00 0.00
v 133.00 6110.00 4.40
v 122.40 6110.00 4.40
v 117.60 6110.00 4.40
v 122.40 6110.00 4.40
v 122.40 6110.00 9.00
v 117.60 6110.00 9.00
v 110.00 6129.70 5.20
v 112.00 6129.70 5.20
v 112.00 6129.70 7.80
v 110.00 6129.70 7.80
v 112.00 6129.70 5.20
v 110.00 6129.70 5.20
v 110.00 6129.70 7.80
v 112.00 6129.70 7.80
v 128.00 6129.70 5.20
v 130.00 6129.70 5.20
v 130.00 6129.70 7.80
v 128.00 6129.70 7.80
v 130.00 6129.70 5.20
v 128.00 6129.70 5.20
v 128.00 6129.70 7.80
v 130.00 6129.70 7.80
v 116.72 6110.60 3.00
v 116.50 6110.67 3.00
v 116.60 6110.60 4.60
v 116.50 6110.67 3.00
v 116.72 6110.60 3.00
v 116.60 6110.60 4.60
v 123.52 6110.60 3.00
v 123.15 6111.03 3.80
v 123.40 6110.60 4.60
v 123.15 6111.03 3.80
v 123.52 6110.60 3.00
v 123.40 6110.60 4.60
v -17.00 6229.00 0.00
v 17.00 6229.00 0.00
v 17.00 6251.00 0.00
v -17.00 6251.00 0.00
v -17.00 6229.00 9.00
v -17.00 6251.00 9.00
v 17.00 6251.00 9.00
v 17.00 6229.00 9.00
v -17.00 6229.00 0.00
v -17.00 6251.00 0.00
v -17.00 6251.00 9.00
v -17.00 6229.00 9.00
v 17.00 6229.00 0.00
v 17.00 6229.00 9.00
v 17.00 6251.00 9.00
v 17.00 6251.00 0.00
v -17.00 6251.00 0.00
v 17.00 6251.00 0.00
v 17.00 6251.00 9.00
v -17.00 6251.00 9.00
v -17.00 6229.00 0.00
v -2.40 6229.00 0.00
v -2.40 6229.00 4.40
v -17.00 6229.00 4.40
v 2.40 6229.00 0.00
v 17.00 6229.00 0.00
v 17.00 6229.00 4.40
v 2.40 6229.00 4.40
v -2.40 6229.00 4.40
v 2.40 6229.00 4.40
v 2.40 6229.00 9.00
v -2.40 6229.00 9.00
v -14.00 6250.70 5.20
v -12.00 6250.70 5.20
v -12.00 6250.70 7.80
v -14.00 6250.70 7.80
v -12.00 6250.70 5.20
v -14.00 6250.70 5.20
v -14.00 6250.70 7.80
v -12.00 6250.70 7.80
v -5.33 6250.70 5.20
v -3.33 6250.70 5.20
v -3.33 6250.70 7.80
v -5.33 6250.70 7.80
v -3.33 6250.70 5.20
v -5.33 6250.70 5.20
v -5.33 6250.70 7.80
v -3.33 6250.70 7.80
v 3.33 6250.70 5.20
v 5.33 6250.70 5.20
v 5.33 6250.70 7.80
v 3.33 6250.70 7.80
v 5.33 6250.70 5.20
v 3.33 6250.70 5.20
v 3.33 6250.70 7.80
v 5.33 6250.70 7.80
v 12.00 6250.70 5.20
v 14.00 6250.70 5.20
v 14.00 6250.70 7.80
v 12.00 6250.70 7.80
v 14.00 6250.70 5.20
v 12.00 6250.70 5.20
v 12.00 6250.70 7.80
v 14.00 6250.70 7.80
v -17.00 6251.00 0.00
v -15.00 6250.60 1.00
v -15.00 6229.40 1.00
v -17.00 6229.00 0.00
v -17.00 6229.00 0.00
v -15.00 6229.40 1.00
v -15.00 6250.60 1.00
v -17.00 6251.00 0.00
v -17.00 6251.00 0.00
v -15.00 6250.60 1.00
v -15.00 6229.40 1.00
v -17.00 6229.00 0.00
v -16.00 6229.40 2.25
v -15.00 6229.40 2.25
v -15.00 6250.60 2.25
v -16.00 6250.60 2.25
v -17.00 6229.00 0.00
v -15.00 6229.40 1.00
v -15.00 6229.40 2.25
v -16.00 6229.40 2.25
v -15.00 6229.40 1.00
v -15.00 6250.60 1.00
v -15.00 6250.60 2.25
v -15.00 6229.40 2.25
v 117.60 6350.20 3.60
v 116.50 6350.67 3.00
v 116.60 6350.60 4.60
v 116.50 6350.67 3.00
v 117.60 6350.20 3.60
v 116.60 6350.60 4.60
v 123.52 6350.60 3.00
v 122.40 6350.20 3.60
v 123.40 6350.60 4.60
v 122.40 6350.20 3.60
v 123.52 6350.60 3.00
v 123.40 6350.60 4.60
v -14.00 6471.00 0.00
v 14.00 6471.00 0.00
v 14.00 6489.00 0.00
v -14.00 6489.00 0.00
v -14.00 6471.00 9.00
v -14.00 6489.00 9.00
v 14.00 6489.00 9.00
v 14.00 6471.00 9.00
v -14.00 6471.00 0.00
v -14.00 6489.00 0.00
v -14.00 6489.00 9.00
v -14.00 6471.00 9.00
v 14.00 6471.00 0.00
v 14.00 6471.00 9.00
v 14.00 6489.00 9.00
v 14.00 6489.00 0.00
v -14.00 6489.00 0.00
v 14.00 6489.00 0.00
v 14.00 6489.00 9.00
v -14.00 6489.00 9.00
v -14.00 6471.00 0.00
v -2.40 6471.00 0.00
v -2.40 6471.00 4.40
v -14.00 6471.00 4.40
v 2.40 6471.00 0.00
v 14.00 6471.00 0.00
v 14.00 6471.00 4.40
v 2.40 6471.00 4.40
v -2.40 6471.00 4.40
v 2.40 6471.00 4.40
v 2.40 6471.00 9.00
v -2.40 6471.00 9.00
v -10.88 6472.60 0.00
v -11.10 6472.67 0.00
v -11.10 6472.67 3.40
v -10.88 6472.60 3.40
v -11.10 6472.67 0.00
v -10.88 6472.60 0.00
v -10.88 6472.60 3.40
v -11.10 6472.67 3.40
v 3.10 6481.00 0.00
v 2.90 6481.49 0.00
v 1.91 6481.49 0.00
v 1.40 6479.20 0.00
v 108.00 6471.00 0.00
v 132.00 6471.00 0.00
v 132.00 6489.00 0.00
v 108.00 6489.00 0.00
v 108.00 6471.00 9.00
v 108.00 6489.00 9.00
v 132.00 6489.00 9.00
v 132.00 6471.00 9.00
v 108.00 6471.00 0.00
v 108.00 6489.00 0.00
v 108.00 6489.00 9.00
v 108.00 6471.00 9.00
v 132.00 6471.00 0.00
v 132.00 6471.00 9.00
v 132.00 6489.00 9.00
v 132.00 6489.00 0.00
v 108.00 6489.00 0.00
v 132.00 6489.00 0.00
v 132.00 6489.00 9.00
v 108.00 6489.00 9.00
v 108.00 6471.00 0.00
v 117.60 6471.00 0.00
v 117.60 6471.00 4.40
v 108.00 6471.00 4.40
v 122.40 6471.00 0.00
v 132.00 6471.00 0.00
v 132.00 6471.00 4.40
v 122.40 6471.00 4.40
v 117.60 6471.00 4.40
v 122.40 6471.00 4.40
v 122.40 6471.00 9.00
v 117.60 6471.00 9.00
v 111.00 6488.70 5.20
v 113.00 6488.70 5.20
v 113.00 6488.70 7.80
v 111.00 6488.70 7.80
v 113.00 6488.70 5.20
v 111.00 6488.70 5.20
v 111.00 6488.70 7.80
v 113.00 6488.70 7.80
v 127.00 6488.70 5.20
v 129.00 6488.70 5.20
v 129.00 6488.70 7.80
v 127.00 6488.70 7.80
v 129.00 6488.70 5.20
v 127.00 6488.70 5.20
v 127.00 6488.70 7.80
v 129.00 6488.70 7.80
v 116.72 6471.60 3.00
v 116.50 6471.67 3.00
v 116.60 6471.60 4.60
v 116.50 6471.67 3.00
v 116.72 6471.60 3.00
v 116.60 6471.60 4.60
v 123.52 6471.60 3.00
v 123.15 6472.03 3.80
v 123.40 6471.60 4.60
v 123.15 6472.03 3.80
v 123.52 6471.60 3.00
v 123.40 6471.60 4.60
v -24.00 6585.00 0.00
v 24.00 6585.00 0.00
v 24.00 6615.00 0.00
v -24.00 6615.00 0.00
v -24.00 6585.00 9.00
v -24.00 6615.00 9.00
v 24.00 6615.00 9.00
v 24.00 6585.00 9.00
v -24.00 6585.00 0.00
v -24.00 6615.00 0.00
v -24.00 6615.00 9.00
v -24.00 6585.00 9.00
v 24.00 6585.00 0.00
v 24.00 6585.00 9.00
v 24.00 6615.00 9.00
v 24.00 6615.00 0.00
v -24.00 6615.00 0.00
v 24.00 6615.00 0.00
v 24.00 6615.00 9.00
v -24.00 6615.00 9.00
v -24.00 6585.00 0.00
v -2.40 6585.00 0.00
v -2.40 6585.00 4.40
v -24.00 6585.00 4.40
v 2.40 6585.00 0.00
v 24.00 6585.00 0.00
v 24.00 6585.00 4.40
v 2.40 6585.00 4.40
v -2.40 6585.00 4.40
v 2.40 6585.00 4.40
v 2.40 6585.00 9.00
v -2.40 6585.00 9.00
v -21.00 6614.70 5.20
v -19.00 6614.70 5.20
v -19.00 6614.70 7.80
v -21.00 6614.70 7.80
v -19.00 6614.70 5.20
v -21.00 6614.70 5.20
v -21.00 6614.70 7.80
v -19.00 6614.70 7.80
v -13.00 6614.70 5.20
v -11.00 6614.70 5.20
v -11.00 6614.70 7.80
v -13.00 6614.70 7.80
v 126.00 6598.00 1.20
v 114.00 6598.00 1.20
v 114.00 6598.20 2.30
v 126.00 6598.20 2.30
v 114.00 6600.80 2.40
v 126.00 6600.80 2.40
v 126.00 6598.20 2.30
v 114.00 6598.20 2.30
v 114.00 6598.20 2.30
v 126.00 6598.20 2.30
v 126.00 6600.80 2.40
v 114.00 6600.80 2.40
v 114.00 6605.00 4.20
v 126.00 6605.00 4.20
v 126.00 6602.40 3.60
v 114.00 6602.40 3.60
v 114.00 6603.80 4.70
v 126.00 6603.80 4.70
v 126.00 6605.00 4.70
v 114.00 6605.00 4.70
v 114.00 6602.40 3.60
v 126.00 6602.40 3.60
v 126.00 6603.80 4.70
v 114.00 6603.80 4.70
v 126.00 6602.40 3.60
v 126.00 6605.00 4.20
v 126.00 6605.00 4.70
v 126.00 6603.80 4.70
v 126.00 6605.00 4.20
v 114.00 6605.00 4.20
v 114.00 6605.00 4.70
v 126.00 6605.00 4.70
v 114.00 6605.00 4.20
v 114.00 6602.40 3.60
v 114.00 6603.80 4.70
v 114.00 6605.00 4.70
v 114.00 6607.80 5.40
v 126.00 6607.80 5.40
v 126.00 6605.00 4.70
v 114.00 6605.00 4.70
v 114.00 6605.00 4.70
v 126.00 6605.00 4.70
v 126.00 6607.80 5.40
v 114.00 6607.80 5.40
v 115.00 6594.00 0.45
v 117.40 6594.00 0.45
v 117.60 6592.00 0.00
v 115.00 6593.20 0.45
v 115.00 6593.20 0.45
v 117.60 6592.00 0.00
v 117.40 6594.00 0.45
v 115.00 6594.00 0.45
v 120.00 6594.00 0.45
v 122.40 6594.00 0.45
v 122.40 6592.00 0.00
v 120.00 6593.20 0.45
v 120.00 6593.20 0.45
v 122.40 6592.00 0.00
v 122.40 6594.00 0.45
v 120.00 6594.00 0.45
v 125.00 6594.00 0.45
v 126.00 6594.00 0.00
v 127.40 6593.20 0.45
v 125.00 6593.20 0.45
v 125.00 6593.20 0.45
v 127.40 6593.20 0.45
v 126.00 6594.00 0.00
v 125.00 6594.00 0.45
v 116.72 6592.60 3.00
v 116.50 6592.67 3.00
v 116.60 6592.60 4.60
v 131.00 6730.30 5.20
v 133.00 6730.30 5.20
v 133.00 6729.70 5.20
v 131.00 6729.70 5.20
v 131.00 6729.70 7.80
v 133.00 6729.70 7.80
v 133.00 6730.30 7.80
v 131.00 6730.30 7.80
v 131.00 6729.70 5.20
v 133.00 6729.70 5.20
v 133.00 6729.70 7.80
v 131.00 6729.70 7.80
v 133.00 6729.70 5.20
v 133.00 6730.30 5.20
v 133.00 6730.30 7.80
v 133.00 6729.70 7.80
v 133.00 6730.30 5.20
v 131.00 6730.30 5.20
v 131.00 6730.30 7.80
v 133.00 6730.30 7.80
v 131.00 6730.30 5.20
v 131.00 6729.70 5.20
v 131.00 6729.70 7.80
v 131.00 6730.30 7.80
v 118.00 6720.00 0.00
v 117.62 6721.18 0.00
v 117.62 6721.18 5.50
v 118.00 6720.00 5.50
v 117.62 6721.18 0.00
v 115.38 6721.90 0.00
v 115.38 6721.90 5.50
v 117.62 6721.18 5.50
v 115.38 6721.90 0.00
v 114.38 6721.18 0.00
v 114.38 6721.18 5.50
v 115.38 6721.90 5.50
v 114.38 6721.18 0.00
v 114.00 6720.00 0.00
v 114.00 6720.00 5.50
v 114.38 6721.18 5.50
v 114.00 6720.00 0.00
v 115.38 6718.10 0.00
v 115.38 6718.10 5.50
v 114.00 6720.00 5.50
v 115.38 6718.10 0.00
v 116.62 6718.10 0.00
v 116.62 6718.10 5.50
v 115.38 6718.10 5.50
v 116.62 6718.10 0.00
v 118.00 6720.00 0.00
v 118.00 6720.00 5.50
v 116.62 6718.10 5.50
v 118.00 6720.00 5.50
v 117.62 6721.18 5.50
v 115.38 6721.90 5.50
v 114.38 6721.18 5.50
v 114.00 6720.00 5.50
v 115.38 6718.10 5.50
v 116.62 6718.10 5.50
v 122.00 6720.00 0.00
v 121.62 6721.18 0.00
v 121.62 6721.18 5.50
v 122.00 6720.00 5.50
v 121.62 6721.18 0.00
v 120.62 6721.90 0.00
v 120.62 6721.90 5.50
v 121.62 6721.18 5.50
v 120.62 6721.90 0.00
v 117.62 6721.18 0.00
v 117.62 6721.18 5.50
v 120.62 6721.90 5.50
v 117.62 6721.18 0.00
v 118.00 6720.00 0.00
v 118.00 6720.00 5.50
v 117.62 6721.18 5.50
v 118.00 6720.00 0.00
v 119.38 6718.10 0.00
v 119.38 6718.10 5.50
v 118.00 6720.00 5.50
v 119.38 6718.10 0.00
v 122.00 6720.00 0.00
v 122.00 6720.00 5.50
v 119.38 6718.10 5.50
v 122.00 6720.00 5.50
v 121.62 6721.18 5.50
v 120.62 6721.90 5.50
v 117.62 6721.18 5.50
v 118.00 6720.00 5.50
v 119.38 6718.10 5.50
v 126.00 6720.00 0.00
v 125.62 6721.18 0.00
v 125.62 6721.18 5.50
v 126.00 6720.00 5.50
v 125.62 6721.18 0.00
v 124.62 6721.90 0.00
v 124.62 6721.90 5.50
v 125.62 6721.18 5.50
v 124.62 6721.90 0.00
v 121.62 6721.18 0.00
v 121.62 6721.18 5.50
v 124.62 6721.90 5.50

usemtl mat_wood
v 103.00 6011.70 5.20
v 101.00 6011.70 5.20
v 101.00 6011.70 7.80
v 103.00 6011.70 7.80
v 108.20 6011.70 5.20
v 110.20 6011.70 5.20
v 110.20 6011.70 7.80
v 108.20 6011.70 7.80
v 110.20 6011.70 5.20
v 108.20 6011.70 5.20
v 108.20 6011.70 7.80
v 110.20 6011.70 7.80
v 115.40 6011.70 5.20
v 117.40 6011.70 5.20
v 117.40 6011.70 7.80
v 115.40 6011.70 7.80
v 117.40 6011.70 5.20
v 115.40 6011.70 5.20
v 115.40 6011.70 7.80
v 117.40 6011.70 7.80
v 122.60 6011.70 5.20
v 124.60 6011.70 5.20
v 124.60 6011.70 7.80
v 122.60 6011.70 7.80
v 124.60 6011.70 5.20
v 122.60 6011.70 5.20
v 122.60 6011.70 7.80
v 124.60 6011.70 7.80
v 137.00 6011.70 5.20
v 139.00 6011.70 5.20
v 139.00 6011.70 7.80
v 137.00 6011.70 7.80
v 139.00 6011.70 5.20
v 137.00 6011.70 5.20
v 137.00 6011.70 7.80
v 139.00 6011.70 7.80
v 116.40 6000.00 3.40
v 115.40 6002.40 3.40
v 113.00 6000.00 10.00
v 115.40 6002.40 3.40
v 113.00 6003.40 3.40
v 113.00 6000.00 10.00
v 113.00 6003.40 3.40
v 110.60 6002.40 3.40
v 113.00 6000.00 10.00
v 110.60 6002.40 3.40
v 109.60 6000.00 3.40
v 113.00 6000.00 10.00
v 109.60 6000.00 3.40
v 110.60 5997.60 3.40
v 113.00 6000.00 10.00
v 110.60 5997.60 3.40
v 113.00 5996.60 3.40
v 113.00 6000.00 10.00
v 113.00 5996.60 3.40
v 115.40 5997.60 3.40
v 113.00 6000.00 10.00
v 115.40 5997.60 3.40
v 116.40 6000.00 3.40
v 113.00 6000.00 10.00
v 130.40 6000.00 3.40
v 129.40 6002.40 3.40
v 127.00 6000.00 10.00
v 129.40 6002.40 3.40
v 127.00 6003.40 3.40
v 127.00 6000.00 10.00
v 127.00 6003.40 3.40
v 124.60 6002.40 3.40
v 127.00 6000.00 10.00
v 124.60 6002.40 3.40
v 123.60 6000.00 3.40
v 127.00 6000.00 10.00
v 123.60 6000.00 3.40
v 124.60 5997.60 3.40
v 127.00 6000.00 10.00
v 124.60 5997.60 3.40
v 127.00 5996.60 3.40
v 127.00 6000.00 10.00
v 127.00 5996.60 3.40
v 129.40 5997.60 3.40
v 127.00 6000.00 10.00
v -15.00 6250.60 1.00
v -17.00 6251.00 0.00
v -16.00 6250.60 2.25
v -15.00 6250.60 2.25
v -17.00 6251.00 0.00
v -17.00 6229.00 0.00
v -16.00 6229.40 2.25
v -16.00 6250.60 2.25
v -16.00 6250.60 2.25
v -15.00 6250.60 2.25
v -15.00 6229.40 2.25
v -16.00 6229.40 2.25
v -16.00 6229.40 2.25
v -15.00 6229.40 2.25
v -15.00 6250.60 2.25
v -16.00 6250.60 2.25
v -16.00 6250.60 2.25
v -15.00 6250.60 2.25
v -15.00 6229.40 2.25
v -16.00 6229.40 2.25
v -17.00 6229.00 4.40
v -15.00 6229.40 4.45
v -14.00 6250.70 5.20
v -16.00 6250.60 4.45
v -16.00 6229.40 2.25
v -15.00 6229.40 2.25
v -15.00 6229.40 4.45
v -17.00 6229.00 4.40
v 140.00 6231.00 0.00
v 140.00 6231.00 9.00
v 140.00 6249.00 9.00
v 140.00 6249.00 0.00
v 100.00 6249.00 0.00
v 140.00 6249.00 0.00
v 140.00 6249.00 9.00
v 100.00 6249.00 9.00
v 100.00 6231.00 0.00
v 117.60 6231.00 0.00
v 117.60 6231.00 4.40
v 100.00 6231.00 4.40
v 122.40 6231.00 0.00
v 140.00 6231.00 0.00
v 140.00 6231.00 4.40
v 122.40 6231.00 4.40
v 117.60 6231.00 4.40
v 122.40 6231.00 4.40
v 122.40 6231.00 9.00
v 117.60 6231.00 9.00
v 103.00 6248.70 5.20
v 105.00 6248.70 5.20
v 105.00 6248.70 7.80
v 103.00 6248.70 7.80
v 105.00 6248.70 5.20
v 103.00 6248.70 5.20
v 103.00 6248.70 7.80
v 105.00 6248.70 7.80
v 10.40 6371.70 5.20
v 12.40 6371.70 5.20
v 12.40 6371.70 7.80
v 10.40 6371.70 7.80
v 12.40 6371.70 5.20
v 10.40 6371.70 5.20
v 10.40 6371.70 7.80
v 12.40 6371.70 7.80
v 18.00 6371.70 5.20
v 20.00 6371.70 5.20
v 20.00 6371.70 7.80
v 18.00 6371.70 7.80
v 20.00 6371.70 5.20
v 18.00 6371.70 5.20
v 18.00 6371.70 7.80
v 20.00 6371.70 7.80
v -20.00 6361.60 0.80
v 20.00 6361.60 0.80
v 20.00 6358.40 0.80
v -20.00 6358.40 0.80
v -20.00 6358.40 0.80
v 20.00 6358.40 0.80
v 20.00 6361.60 0.80
v -20.00 6361.60 0.80
v -18.00 6358.20 0.00
v -16.80 6358.20 0.00
v -16.80 6357.40 0.00
v -18.00 6357.40 0.00
v -18.00 6357.40 0.00
v -16.80 6357.40 0.00
v -16.80 6358.20 0.00
v -18.00 6358.20 0.00
v -18.00 6362.60 0.00
v -16.80 6362.60 0.00
v -16.80 6361.80 0.00
v -18.00 6361.80 0.00
v -18.00 6361.80 0.00
v -16.80 6361.80 0.00
v -16.80 6362.60 0.00
v -18.00 6362.60 0.00
v -14.40 6358.20 0.00
v -13.20 6358.20 0.00
v -13.20 6357.40 0.00
v -14.40 6357.40 0.00
v -14.40 6357.40 0.00
v -13.20 6357.40 0.00
v -13.20 6358.20 0.00
v -14.40 6358.20 0.00
v -14.40 6362.60 0.00
v -13.20 6362.60 0.00
v -13.20 6361.80 0.00
v -14.40 6361.80 0.00
v -14.40 6361.80 0.00
v -13.20 6361.80 0.00
v -13.20 6362.60 0.00
v -14.40 6362.60 0.00
v -7.20 6358.20 0.00
v -6.00 6358.20 0.00
v -6.00 6357.40 0.00
v -7.20 6357.40 0.00
v -7.20 6357.40 0.00
v -6.00 6357.40 0.00
v -6.00 6358.20 0.00
v -7.20 6358.20 0.00
v -7.20 6362.60 0.00
v -6.00 6362.60 0.00
v -6.00 6361.80 0.00
v -7.20 6361.80 0.00
v -7.20 6361.80 0.00
v -6.00 6361.80 0.00
v -6.00 6362.60 0.00
v -7.20 6362.60 0.00
v -6.50 6600.00 4.00
v -6.75 6600.43 4.00
v -7.50 6600.00 4.00
v -3.60 6600.00 3.40
v -4.60 6602.40 3.40
v -7.00 6600.00 10.00
v -4.60 6602.40 3.40
v -7.00 6603.40 3.40
v -7.00 6600.00 10.00
v -7.00 6603.40 3.40
v -9.40 6602.40 3.40
v -7.00 6600.00 10.00
v -9.40 6602.40 3.40
v -10.40 6600.00 3.40
v -7.00 6600.00 10.00
v -10.40 6600.00 3.40
v -9.40 6597.60 3.40
v -7.00 6600.00 10.00
v -9.40 6597.60 3.40
v -7.00 6596.60 3.40
v -7.00 6600.00 10.00
v -7.00 6596.60 3.40
v -4.60 6597.60 3.40
v -7.00 6600.00 10.00
v -4.60 6597.60 3.40
v -3.60 6600.00 3.40
v -7.00 6600.00 10.00
v 7.50 6600.00 0.00
v 7.25 6600.43 0.00
v 7.25 6600.43 4.00
v 7.50 6600.00 4.00
v 7.25 6600.43 0.00
v 6.50 6600.00 0.00
v 6.50 6600.00 4.00
v 7.25 6600.43 4.00
v 6.50 6600.00 0.00
v 7.50 6600.00 0.00
v 7.50 6600.00 4.00
v 6.50 6600.00 4.00
v 7.50 6600.00 4.00
v 7.25 6600.43 4.00
v 6.50 6600.00 4.00
v 10.40 6600.00 3.40
v 9.40 6602.40 3.40
v 7.00 6600.00 10.00
v 9.40 6602.40 3.40
v 7.00 6603.40 3.40
v 7.00 6600.00 10.00
v 7.00 6603.40 3.40
v 4.60 6602.40 3.40
v 7.00 6600.00 10.00
v 4.60 6602.40 3.40
v 3.60 6600.00 3.40
v 7.00 6600.00 10.00
v 3.60 6600.00 3.40
v 4.60 6597.60 3.40
v 7.00 6600.00 10.00
v 116.50 6592.67 3.00
v 116.72 6592.60 3.00
v 116.60 6592.60 4.60
v 123.52 6592.60 3.00
v 123.15 6593.03 3.80
v 123.40 6592.60 4.60
v 123.15 6593.03 3.80
v 123.52 6592.60 3.00
v 123.40 6592.60 4.60
v -22.00 6716.00 0.00
v 22.00 6716.00 0.00
v 22.00 6724.00 0.00
v -22.00 6724.00 0.00
v -22.00 6716.00 9.00
v -22.00 6724.00 9.00
v 22.00 6724.00 9.00
v 22.00 6716.00 9.00
v -22.00 6716.00 0.00
v -22.00 6724.00 0.00
v -22.00 6724.00 9.00
v -22.00 6716.00 9.00
v -17.00 6723.70 5.20
v -19.00 6723.70 5.20
v -19.00 6723.70 7.80
v -17.00 6723.70 7.80
v -11.80 6723.70 5.20
v -9.80 6723.70 5.20
v -9.80 6723.70 7.80
v -11.80 6723.70 7.80
v -9.80 6723.70 5.20
v -11.80 6723.70 5.20
v -11.80 6723.70 7.80
v -9.80 6723.70 7.80
v -4.60 6723.70 5.20
v -2.60 6723.70 5.20
v -2.60 6723.70 7.80
v -4.60 6723.70 7.80
v -2.60 6723.70 5.20
v -4.60 6723.70 5.20
v -4.60 6723.70 7.80
v -2.60 6723.70 7.80
v 2.60 6723.70 5.20
v 4.60 6723.70 5.20
v 4.60 6723.70 7.80
v 2.60 6723.70 7.80
v 121.62 6721.18 0.00
v 122.00 6720.00 0.00
v 122.00 6720.00 5.50
v 121.62 6721.18 5.50
v 122.00 6720.00 0.00
v 123.38 6718.10 0.00
v 123.38 6718.10 5.50
v 122.00 6720.00 5.50
v 123.38 6718.10 0.00
v 126.00 6720.00 0.00
v 126.00 6720.00 5.50
v 123.38 6718.10 5.50
v 126.00 6720.00 5.50
v 125.62 6721.18 5.50
v 124.62 6721.90 5.50
v 121.62 6721.18 5.50
v 122.00 6720.00 5.50
v 123.38 6718.10 5.50
v 116.72 6710.60 3.00
v 116.50 6710.67 3.00
v 116.60 6710.60 4.60
v 116.50 6710.67 3.00
v 116.72 6710.60 3.00
v 116.60 6710.60 4.60
v 123.52 6710.60 3.00
v 123.15 6711.03 3.80
v 123.40 6710.60 4.60
v 123.15 6711.03 3.80
v 123.52 6710.60 3.00
v 123.40 6710.60 4.60

usemtl mat_iron
v 129.40 5997.60 3.40
v 130.40 6000.00 3.40
v 127.00 6000.00 10.00
v 123.20 6000.00 0.00
v 122.00 6002.50 0.00
v 120.71 6003.12 0.00
v 118.00 6002.50 0.00
v 117.12 6001.39 0.00
v 117.12 5998.61 0.00
v 119.29 5996.88 0.00
v 122.00 5997.50 0.00
v 120.60 6000.00 1.20
v 120.00 5999.40 1.20
v 120.00 5999.40 3.40
v 120.60 6000.00 3.40
v 120.00 5999.40 1.20
v 120.60 6000.00 1.20
v 120.60 6000.00 3.40
v 120.00 5999.40 3.40
v 116.72 5988.60 3.00
v 116.50 5988.67 3.00
v 116.60 5988.60 4.60
v 116.50 5988.67 3.00
v 116.35 5988.17 3.80
v 116.60 5988.60 4.60
v 116.35 5988.17 3.80
v 116.85 5988.17 3.80
v 116.60 5988.60 4.60
v 116.85 5988.17 3.80
v 116.72 5988.60 3.00
v 116.60 5988.60 4.60
v 123.52 5988.60 3.00
v 123.15 5989.03 3.80
v 123.40 5988.60 4.60
v 123.15 5989.03 3.80
v 123.15 5988.17 3.80
v 123.40 5988.60 4.60
v 123.15 5988.17 3.80
v 123.65 5988.17 3.80
v 123.40 5988.60 4.60
v 123.65 5988.17 3.80
v 123.52 5988.60 3.00
v 123.40 5988.60 4.60
v 2.40 6114.00 0.00
v 26.00 6114.00 0.00
v 26.00 6114.00 4.40
v 2.40 6114.00 4.40
v -2.40 6114.00 4.40
v 2.40 6114.00 4.40
v 2.40 6114.00 9.00
v -2.40 6114.00 9.00
v -23.00 6125.70 5.20
v -21.00 6125.70 5.20
v -21.00 6125.70 7.80
v -23.00 6125.70 7.80
v -21.00 6125.70 5.20
v -23.00 6125.70 5.20
v -23.00 6125.70 7.80
v -21.00 6125.70 7.80
v -15.67 6125.70 5.20
v -13.67 6125.70 5.20
v -13.67 6125.70 7.80
v -15.67 6125.70 7.80
v -13.67 6125.70 5.20
v -15.67 6125.70 5.20
v -15.67 6125.70 7.80
v -13.67 6125.70 7.80
v -20.00 6350.00 0.45
v -17.60 6350.00 0.45
v -17.60 6349.20 0.45
v -20.00 6349.20 0.45
v -20.00 6349.20 0.45
v -17.60 6349.20 0.45
v -17.60 6350.00 0.45
v -20.00 6350.00 0.45
v 0.00 6350.00 0.45
v 2.40 6350.00 0.45
v 2.40 6348.00 0.00
v 0.00 6349.20 0.45
v 0.00 6349.20 0.45
v 2.40 6348.00 0.00
v 2.40 6350.00 0.45
v 0.00 6350.00 0.45
v 20.00 6350.00 0.45
v 22.40 6350.00 0.45
v 23.00 6348.00 0.00
v 20.00 6349.20 0.45
v 20.00 6349.20 0.45
v 23.00 6348.00 0.00
v 22.40 6350.00 0.45
v 20.00 6350.00 0.45
v 105.00 6350.00 0.00
v 135.00 6350.00 0.00
v 135.00 6370.00 0.00
v 105.00 6370.00 0.00
v 105.00 6350.00 9.00
v 105.00 6370.00 9.00
v 135.00 6370.00 9.00
v 135.00 6350.00 9.00
v 105.00 6350.00 0.00
v 105.00 6370.00 0.00
v 105.00 6370.00 9.00
v 105.00 6350.00 9.00
v 135.00 6350.00 0.00
v 135.00 6350.00 9.00
v 135.00 6370.00 9.00
v 135.00 6370.00 0.00
v 105.00 6370.00 0.00
v 135.00 6370.00 0.00
v 135.00 6370.00 9.00
v 105.00 6370.00 9.00
v 105.00 6350.00 0.00
v 117.60 6350.00 0.00
v 117.60 6350.00 4.40
v 105.00 6350.00 4.40
v 13.00 6614.70 5.20
v 11.00 6614.70 5.20
v 11.00 6614.70 7.80
v 13.00 6614.70 7.80
v 19.00 6614.70 5.20
v 21.00 6614.70 5.20
v 21.00 6614.70 7.80
v 19.00 6614.70 7.80
v 21.00 6614.70 5.20
v 19.00 6614.70 5.20
v 19.00 6614.70 7.80
v 21.00 6614.70 7.80
v -6.50 6600.00 0.00
v -6.75 6600.43 0.00
v -6.75 6600.43 4.00
v -6.50 6600.00 4.00
v -6.75 6600.43 0.00
v -7.50 6600.00 0.00
v -7.50 6600.00 4.00
v -6.75 6600.43 4.00
v -7.50 6600.00 0.00
v -6.50 6600.00 0.00
v -6.50 6600.00 4.00
v -7.50 6600.00 4.00
v 4.60 6597.60 3.40
v 7.00 6596.60 3.40
v 7.00 6600.00 10.00
v 7.00 6596.60 3.40
v 9.40 6597.60 3.40
v 7.00 6600.00 10.00
v 9.40 6597.60 3.40
v 10.40 6600.00 3.40
v 7.00 6600.00 10.00
v 3.20 6600.00 0.00
v 2.88 6601.39 0.00
v 2.00 6602.50 0.00
v -0.71 6603.12 0.00
v -2.88 6601.39 0.00
v -3.20 6600.00 0.00
v -2.00 6597.50 0.00
v 0.71 6596.88 0.00
v 0.60 6600.00 1.20
v 0.42 6600.42 1.20
v 0.42 6600.42 3.40
v 0.60 6600.00 3.40
v 0.42 6600.42 1.20
v -0.42 6600.42 1.20
v -0.42 6600.42 3.40
v 0.42 6600.42 3.40
v 0.00 6586.20 0.45
v 2.40 6585.00 0.00
v 2.40 6587.00 0.45
v 0.00 6587.00 0.45
v 21.00 6587.00 0.45
v 23.40 6587.00 0.45
v 24.00 6585.00 0.00
v 21.00 6586.20 0.45
v 21.00 6586.20 0.45
v 24.00 6585.00 0.00
v 23.40 6587.00 0.45
v 21.00 6587.00 0.45
v 112.00 6592.00 0.00
v 128.00 6592.00 0.00
v 128.00 6608.00 0.00
v 112.00 6608.00 0.00
v 112.00 6592.00 9.00
v 112.00 6608.00 9.00
v 128.00 6608.00 9.00
v 128.00 6592.00 9.00
v 112.00 6592.00 0.00
v 112.00 6608.00 0.00
v 112.00 6608.00 9.00
v 112.00 6592.00 9.00
v 4.60 6723.70 5.20
v 2.60 6723.70 5.20
v 2.60 6723.70 7.80
v 4.60 6723.70 7.80
v 9.80 6723.70 5.20
v 11.80 6723.70 5.20
v 11.80 6723.70 7.80
v 9.80 6723.70 7.80
v 11.80 6723.70 5.20
v 9.80 6723.70 5.20
v 9.80 6723.70 7.80
v 11.80 6723.70 7.80
v 17.00 6723.70 5.20
v 19.00 6723.70 5.20
v 19.00 6723.70 7.80
v 17.00 6723.70 7.80
v 19.00 6723.70 5.20
v 17.00 6723.70 5.20
v 17.00 6723.70 7.80
v 19.00 6723.70 7.80
v 0.12 6716.50 2.60
v 0.04 6716.61 2.60
v -0.10 6716.57 2.60
v -2.00 6715.80 0.00
v 2.00 6715.80 0.00
v 0.12 6716.50 2.60
v -0.10 6716.57 2.60
v 2.00 6715.80 0.00
v -2.00 6715.80 0.00
v -0.10 6716.57 2.60
v 0.12 6716.50 2.60
v -3.28 6716.60 3.00
v -3.36 6716.71 3.00
v -2.40 6716.00 4.40
v -3.36 6716.71 3.00
v -3.28 6716.60 3.00
v -2.40 6716.00 4.40
v 3.52 6716.60 3.00
v 3.44 6716.71 3.00
v 2.40 6716.00 4.40
v 3.44 6716.71 3.00
v 3.52 6716.60 3.00
v 2.40 6716.00 4.40
v 122.40 6710.00 0.00
v 136.00 6710.00 0.00
v 136.00 6710.00 4.40
v 122.40 6710.00 4.40
v 117.60 6710.00 4.40
v 122.40 6710.00 4.40
v 122.40 6710.00 9.00
v 117.60 6710.00 9.00
v 107.00 6730.30 5.20
v 109.00 6730.30 5.20
v 109.00 6729.70 5.20
v 107.00 6729.70 5.20
v 107.00 6729.70 7.80
v 109.00 6729.70 7.80
v 109.00 6730.30 7.80
v 107.00 6730.30 7.80
v 107.00 6729.70 5.20
v 109.00 6729.70 5.20
v 109.00 6729.70 7.80
v 107.00 6729.70 7.80
v 109.00 6729.70 5.20
v 109.00 6730.30 5.20
v 109.00 6730.30 7.80
v 109.00 6729.70 7.80

usemtl mat_window_lit
v -26.00 6114.00 0.00
v 26.00 6114.00 0.00
v 26.00 6126.00 0.00
v -26.00 6126.00 0.00
v -26.00 6114.00 9.00
v -26.00 6126.00 9.00
v 26.00 6126.00 9.00
v 26.00 6114.00 9.00
v -26.00 6114.00 0.00
v -26.00 6126.00 0.00
v -26.00 6126.00 9.00
v -26.00 6114.00 9.00
v 26.00 6114.00 0.00
v 26.00 6114.00 9.00
v 26.00 6126.00 9.00
v 26.00 6126.00 0.00
v -26.00 6126.00 0.00
v 26.00 6126.00 0.00
v 26.00 6126.00 9.00
v -26.00 6126.00 9.00
v -26.00 6114.00 0.00
v -2.40 6114.00 0.00
v -2.40 6114.00 4.40
v -26.00 6114.00 4.40
v -8.33 6125.70 5.20
v -6.33 6125.70 5.20
v -6.33 6125.70 7.80
v -8.33 6125.70 7.80
v -6.33 6125.70 5.20
v -8.33 6125.70 5.20
v -8.33 6125.70 7.80
v -6.33 6125.70 7.80
v -1.00 6125.70 5.20
v 1.00 6125.70 5.20
v 1.00 6125.70 7.80
v -1.00 6125.70 7.80
v 1.00 6125.70 5.20
v -1.00 6125.70 5.20
v -1.00 6125.70 7.80
v 1.00 6125.70 7.80
v 6.33 6125.70 5.20
v 8.33 6125.70 5.20
v 8.33 6125.70 7.80
v 6.33 6125.70 7.80
v 8.33 6125.70 5.20
v 6.33 6125.70 5.20
v 6.33 6125.70 7.80
v 8.33 6125.70 7.80
v -2.40 6349.60 0.00
v 2.40 6350.00 0.45
v 2.40 6348.00 0.00
v -2.40 6348.00 0.00
v -2.40 6348.20 3.60
v 2.40 6348.20 3.60
v 2.40 6349.60 3.60
v -2.40 6349.60 3.60
v -2.40 6348.00 0.00
v 2.40 6348.00 0.00
v 2.40 6348.20 3.60
v -2.40 6348.20 3.60
v 2.40 6348.00 0.00
v 2.40 6350.00 0.45
v 2.40 6349.60 3.60
v 2.40 6348.20 3.60
v 2.40 6350.00 0.45
v -2.40 6349.60 0.00
v -2.40 6349.60 3.60
v 2.40 6349.60 3.60
v -2.40 6349.60 0.00
v -2.40 6348.00 0.00
v -2.40 6348.20 3.60
v -2.40 6349.60 3.60
v 122.40 6350.00 0.00
v 135.00 6350.00 0.00
v 135.00 6350.00 4.40
v 122.40 6350.00 4.40
v 117.60 6350.00 4.40
v 122.40 6350.00 4.40
v 122.40 6350.00 9.00
v 117.60 6350.00 9.00
v 115.33 6369.70 5.20
v 117.33 6369.70 5.20
v 117.33 6369.70 7.80
v 115.33 6369.70 7.80
v 117.33 6369.70 5.20
v 115.33 6369.70 5.20
v 115.33 6369.70 7.80
v 117.33 6369.70 7.80
v 122.67 6369.70 5.20
v 124.67 6369.70 5.20
v 124.67 6369.70 7.80
v 122.67 6369.70 7.80
v 124.67 6369.70 5.20
v 122.67 6369.70 5.20
v 122.67 6369.70 7.80
v 124.67 6369.70 7.80
v -0.42 6600.42 1.20
v -0.60 6600.00 1.20
v -0.60 6600.00 3.40
v -0.42 6600.42 3.40
v -0.60 6600.00 1.20
v 0.60 6600.00 1.20
v 0.60 6600.00 3.40
v -0.60 6600.00 3.40
v 0.60 6600.00 3.40
v 0.42 6600.42 3.40
v -0.42 6600.42 3.40
v -0.60 6600.00 3.40
v -21.00 6587.00 0.45
v -18.60 6587.00 0.45
v -18.60 6586.20 0.45
v -21.00 6586.20 0.45
v -21.00 6586.20 0.45
v -18.60 6586.20 0.45
v -18.60 6587.00 0.45
v -21.00 6587.00 0.45
v 0.00 6587.00 0.45
v 2.40 6587.00 0.45
v 2.40 6585.00 0.00
v 0.00 6586.20 0.45
v 128.00 6592.00 0.00
v 128.00 6592.00 9.00
v 128.00 6608.00 9.00
v 128.00 6608.00 0.00
v 112.00 6608.00 0.00
v 128.00 6608.00 0.00
v 128.00 6608.00 9.00
v 112.00 6608.00 9.00
v 112.00 6592.00 0.00
v 117.60 6592.00 0.00
v 117.60 6592.00 4.40
v 112.00 6592.00 4.40
v 122.40 6592.00 0.00
v 128.00 6592.00 0.00
v 128.00 6592.00 4.40
v 122.40 6592.00 4.40
v 117.60 6592.00 4.40
v 122.40 6592.00 4.40
v 122.40 6592.00 9.00
v 117.60 6592.00 9.00
v 115.00 6607.70 5.20
v 117.00 6607.70 5.20
v 117.00 6607.70 7.80
v 115.00 6607.70 7.80
v 104.00 6710.00 0.00
v 136.00 6710.00 0.00
v 136.00 6730.00 0.00
v 104.00 6730.00 0.00
v 104.00 6710.00 9.00
v 104.00 6730.00 9.00
v 136.00 6730.00 9.00
v 136.00 6710.00 9.00
v 104.00 6710.00 0.00
v 104.00 6730.00 0.00
v 104.00 6730.00 9.00
v 104.00 6710.00 9.00
v 136.00 6710.00 0.00
v 136.00 6710.00 9.00
v 136.00 6730.00 9.00
v 136.00 6730.00 0.00
v 104.00 6730.00 0.00
v 136.00 6730.00 0.00
v 136.00 6730.00 9.00
v 104.00 6730.00 9.00
v 104.00 6710.00 0.00
v 117.60 6710.00 0.00
v 117.60 6710.00 4.40
v 104.00 6710.00 4.40
v 109.00 6730.30 5.20
v 107.00 6730.30 5.20
v 107.00 6730.30 7.80
v 109.00 6730.30 7.80
v 107.00 6730.30 5.20
v 107.00 6729.70 5.20
v 107.00 6729.70 7.80
v 107.00 6730.30 7.80
v 115.00 6730.30 5.20
v 117.00 6730.30 5.20
v 117.00 6729.70 5.20
v 115.00 6729.70 5.20
v 115.00 6729.70 7.80
v 117.00 6729.70 7.80
v 117.00 6730.30 7.80
v 115.00 6730.30 7.80
v 115.00 6729.70 5.20
v 117.00 6729.70 5.20
v 117.00 6729.70 7.80
v 115.00 6729.70 7.80
v 117.00 6729.70 5.20
v 117.00 6730.30 5.20
v 117.00 6730.30 7.80
v 117.00 6729.70 7.80

usemtl mat_grass
v -15.00 6229.40 2.25
v -15.00 6250.60 2.25
v -14.00 6250.70 5.20
v -15.00 6229.40 4.45
v -15.00 6250.60 2.25
v -16.00 6250.60 2.25
v -16.00 6250.60 4.45
v -14.00 6250.70 5.20
v -16.00 6250.60 2.25
v -16.00 6229.40 2.25
v -17.00 6229.00 4.40
v -16.00 6250.60 4.45
v -1.30 6240.90 0.75
v 1.30 6240.90 0.75
v 1.30 6239.10 0.75
v -1.30 6239.10 0.75
v -1.30 6239.10 0.75
v 1.30 6239.10 0.75
v 1.30 6240.90 0.75
v -1.30 6240.90 0.75
v 100.00 6231.00 0.00
v 140.00 6231.00 0.00
v 140.00 6249.00 0.00
v 100.00 6249.00 0.00
v 100.00 6231.00 9.00
v 100.00 6249.00 9.00
v 140.00 6249.00 9.00
v 140.00 6231.00 9.00
v 100.00 6231.00 0.00
v 100.00 6249.00 0.00
v 100.00 6249.00 9.00
v 100.00 6231.00 9.00
v 111.00 6248.70 5.20
v 113.00 6248.70 5.20
v 113.00 6248.70 7.80
v 111.00 6248.70 7.80
v 113.00 6248.70 5.20
v 111.00 6248.70 5.20
v 111.00 6248.70 7.80
v 113.00 6248.70 7.80
v 127.00 6248.70 5.20
v 129.00 6248.70 5.20
v 129.00 6248.70 7.80
v 127.00 6248.70 7.80
v 129.00 6248.70 5.20
v 127.00 6248.70 5.20
v 127.00 6248.70 7.80
v 129.00 6248.70 7.80
v 135.00 6248.70 5.20
v 137.00 6248.70 5.20
v 137.00 6248.70 7.80
v 135.00 6248.70 7.80
v 137.00 6248.70 5.20
v 135.00 6248.70 5.20
v 135.00 6248.70 7.80
v 137.00 6248.70 7.80
v 102.00 6231.60 0.00
v 105.40 6231.60 0.00
v 105.40 6231.60 4.00
v 102.00 6231.60 4.00
v 105.40 6231.60 0.00
v 102.00 6231.60 0.00
v 102.00 6231.60 4.00
v 105.40 6231.60 4.00

usemtl mat_marble
v 108.00 6231.60 0.00
v 111.40 6231.60 0.00
v 111.40 6231.60 4.00
v 108.00 6231.60 4.00
v 111.40 6231.60 0.00
v 108.00 6231.60 0.00
v 108.00 6231.60 4.00
v 111.40 6231.60 4.00
v 114.00 6231.60 0.00
v 117.60 6231.00 0.00
v 117.40 6231.60 4.00
v 114.00 6231.60 4.00
v 117.60 6231.00 0.00
v 114.00 6231.60 0.00
v 114.00 6231.60 4.00
v 117.40 6231.60 4.00
v 117.40 6231.60 4.00
v 116.50 6231.67 3.00
v 116.60 6231.60 4.60
v 116.50 6231.67 3.00
v 117.40 6231.60 4.00
v 116.60 6231.60 4.60
v 123.52 6231.60 3.00
v 123.15 6232.03 3.80
v 123.40 6231.60 4.60
v 123.15 6232.03 3.80
v 123.52 6231.60 3.00
v 123.40 6231.60 4.60
v -23.00 6348.00 0.00
v 23.00 6348.00 0.00
v 23.00 6372.00 0.00
v -23.00 6372.00 0.00
v -23.00 6348.00 9.00
v -23.00 6372.00 9.00
v 23.00 6372.00 9.00
v 23.00 6348.00 9.00
v -23.00 6348.00 0.00
v -23.00 6372.00 0.00
v -23.00 6372.00 9.00
v -23.00 6348.00 9.00
v 23.00 6348.00 0.00
v 23.00 6348.00 9.00
v 23.00 6372.00 9.00
v 23.00 6372.00 0.00
v -23.00 6372.00 0.00
v 23.00 6372.00 0.00
v 23.00 6372.00 9.00
v -23.00 6372.00 9.00
v -23.00 6348.00 0.00
v -2.40 6348.00 0.00
v -2.40 6348.00 4.40
v -23.00 6348.00 4.40
v 2.40 6348.00 0.00
v 23.00 6348.00 0.00
v 23.00 6348.00 4.40
v 2.40 6348.00 4.40
v -2.40 6348.00 4.40
v 2.40 6348.00 4.40
v 2.40 6348.00 9.00
v -2.40 6348.00 9.00
v -20.00 6371.70 5.20
v -18.00 6371.70 5.20
v -18.00 6371.70 7.80
v -20.00 6371.70 7.80
v -18.00 6371.70 5.20
v -20.00 6371.70 5.20
v -20.00 6371.70 7.80
v -18.00 6371.70 7.80
v -12.40 6371.70 5.20
v -10.40 6371.70 5.20
v -10.40 6371.70 7.80
v -12.40 6371.70 7.80
v -10.40 6371.70 5.20
v -12.40 6371.70 5.20
v -12.40 6371.70 7.80
v -10.40 6371.70 7.80
v -4.80 6371.70 5.20
v -2.80 6371.70 5.20
v -2.80 6371.70 7.80
v -4.80 6371.70 7.80
v -2.80 6371.70 5.20
v -4.80 6371.70 5.20
v -4.80 6371.70 7.80
v -2.80 6371.70 7.80
v 2.80 6371.70 5.20
v 4.80 6371.70 5.20
v 4.80 6371.70 7.80
v 2.80 6371.70 7.80
v 4.80 6371.70 5.20
v 2.80 6371.70 5.20
v 2.80 6371.70 7.80
v 4.80 6371.70 7.80
v 117.60 6351.60 0.00
v 122.40 6351.60 0.00
v 122.40 6350.00 0.00
v 117.60 6350.00 0.00

usemtl mat_plaster
v 117.60 6350.20 3.60
v 122.40 6350.20 3.60
v 122.40 6351.60 3.60
v 117.60 6351.60 3.60
v 117.60 6350.00 0.00
v 122.40 6350.00 0.00
v 122.40 6350.20 3.60
v 117.60 6350.20 3.60
v 122.40 6350.00 0.00
v 122.40 6351.60 0.00
v 122.40 6351.60 3.60
v 122.40 6350.20 3.60
v 122.40 6351.60 0.00
v 117.60 6351.60 0.00
v 117.60 6351.60 3.60
v 122.40 6351.60 3.60
v 117.60 6351.60 0.00
v 117.60 6350.00 0.00
v 117.60 6350.20 3.60
v 117.60 6351.60 3.60
v 118.53 6360.53 0.00
v 123.10 6361.00 0.00
v 121.30 6359.10 0.75
v 118.75 6360.00 0.00
v 118.75 6360.00 0.00
v 121.30 6359.10 0.75
v 123.10 6361.00 0.00
v 118.53 6360.53 0.00
v 123.00 6607.70 5.20
v 125.00 6607.70 5.20
v 125.00 6607.70 7.80
v 123.00 6607.70 7.80
v 125.00 6607.70 5.20
v 123.00 6607.70 5.20
v 123.00 6607.70 7.80
v 125.00 6607.70 7.80
v 114.00 6596.60 0.60
v 126.00 6596.60 0.60
v 126.00 6594.00 0.00
v 114.00 6594.00 0.00
v 114.00 6594.00 0.00
v 126.00 6594.00 0.00
v 126.00 6596.60 0.60
v 114.00 6596.60 0.60
v 114.00 6598.00 1.20
v 126.00 6598.00 1.20
v 126.00 6596.60 0.60
v 114.00 6596.60 0.60
v 114.00 6596.60 0.60
v 126.00 6596.60 0.60
v 126.00 6598.00 1.20
v 114.00 6598.00 1.20
v 114.00 6598.00 1.20
v 126.00 6598.00 1.20
v 126.00 6598.20 2.30
v 114.00 6598.20 2.30

usemtl mat_tapestry
v -11.00 6614.70 5.20
v -13.00 6614.70 5.20
v -13.00 6614.70 7.80
v -11.00 6614.70 7.80
v -5.00 6614.70 5.20
v -3.00 6614.70 5.20
v -3.00 6614.70 7.80
v -5.00 6614.70 7.80
v -3.00 6614.70 5.20
v -5.00 6614.70 5.20
v -5.00 6614.70 7.80
v -3.00 6614.70 7.80
v 3.00 6614.70 5.20
v 5.00 6614.70 5.20
v 5.00 6614.70 7.80
v 3.00 6614.70 7.80
v 5.00 6614.70 5.20
v 3.00 6614.70 5.20
v 3.00 6614.70 7.80
v 5.00 6614.70 7.80
v 11.00 6614.70 5.20
v 13.00 6614.70 5.20
v 13.00 6614.70 7.80
v 11.00 6614.70 7.80

usemtl mat_carpet
v 117.00 6607.70 5.20
v 115.00 6607.70 5.20
v 115.00 6607.70 7.80
v 117.00 6607.70 7.80

usemtl mat_leather
v 22.00 6716.00 0.00
v 22.00 6716.00 9.00
v 22.00 6724.00 9.00
v 22.00 6724.00 0.00
v -22.00 6724.00 0.00
v 22.00 6724.00 0.00
v 22.00 6724.00 9.00
v -22.00 6724.00 9.00
v -22.00 6716.00 0.00
v -2.40 6716.00 0.00
v -2.40 6716.00 4.40
v -22.00 6716.00 4.40
v 2.40 6716.00 0.00
v 22.00 6716.00 0.00
v 22.00 6716.00 4.40
v 2.40 6716.00 4.40
v -2.40 6716.00 4.40
v 2.40 6716.00 4.40
v 2.40 6716.00 9.00
v -2.40 6716.00 9.00
v -19.00 6723.70 5.20
v -17.00 6723.70 5.20
v -17.00 6723.70 7.80
v -19.00 6723.70 7.80

usemtl mat_plank
v 117.00 6730.30 5.20
v 115.00 6730.30 5.20
v 115.00 6730.30 7.80
v 117.00 6730.30 7.80

usemtl mat_walnut
v 115.00 6730.30 5.20
v 115.00 6729.70 5.20
v 115.00 6729.70 7.80
v 115.00 6730.30 7.80
v 123.00 6730.30 5.20
v 125.00 6730.30 5.20
v 125.00 6729.70 5.20
v 123.00 6729.70 5.20
v 123.00 6729.70 7.80
v 125.00 6729.70 7.80
v 125.00 6730.30 7.80
v 123.00 6730.30 7.80
v 123.00 6729.70 5.20
v 125.00 6729.70 5.20
v 125.00 6729.70 7.80
v 123.00 6729.70 7.80
v 125.00 6729.70 5.20
v 125.00 6730.30 5.20
v 125.00 6730.30 7.80
v 125.00 6729.70 7.80
v 125.00 6730.30 5.20
v 123.00 6730.30 5.20
v 123.00 6730.30 7.80
v 125.00 6730.30 7.80
v 123.00 6730.30 5.20
v 123.00 6729.70 5.20
v 123.00 6729.70 7.80
v 123.00 6730.30 7.80
