# Castle & Palace — palace LOD
mtllib palace_medium.mtl

usemtl mat_rock
v 96.00 0.00 98.00
v 98.04 10.87 98.00
v 98.04 10.87 112.00
v 96.00 0.00 112.00
v 98.04 10.87 98.00
v 96.24 21.78 98.00
v 96.24 21.78 112.00
v 98.04 10.87 112.00
v 96.24 21.78 98.00
v 90.44 31.84 98.00
v 90.44 31.84 112.00
v 96.24 21.78 112.00
v 90.44 31.84 98.00
v 82.21 40.73 98.00
v 82.21 40.73 112.00
v 90.44 31.84 112.00
v 82.21 40.73 98.00
v 73.18 48.88 98.00
v 73.18 48.88 112.00
v 82.21 40.73 112.00
v 73.18 48.88 98.00
v 63.66 56.63 98.00
v 63.66 56.63 112.00
v 73.18 48.88 112.00
v 63.66 56.63 98.00
v 52.86 63.41 98.00
v 52.86 63.41 112.00
v 63.66 56.63 112.00
v 52.86 63.41 98.00
v 40.32 68.06 98.00
v 40.32 68.06 112.00
v 52.86 63.41 112.00
v 40.32 68.06 98.00
v 26.68 70.03 98.00
v 26.68 70.03 112.00
v 40.32 68.06 112.00
v 26.68 70.03 98.00
v 13.08 70.15 98.00
v 13.08 70.15 112.00
v 26.68 70.03 112.00
v 13.08 70.15 98.00
v 0.00 69.93 98.00
v 0.00 69.93 112.00
v 13.08 70.15 112.00
v 0.00 69.93 98.00
v -13.08 70.15 98.00
v -13.08 70.15 112.00
v 0.00 69.93 112.00
v -13.08 70.15 98.00
v -26.68 70.03 98.00
v -26.68 70.03 112.00
v -13.08 70.15 112.00
v -26.68 70.03 98.00
v -40.32 68.06 98.00
v -40.32 68.06 112.00
v -26.68 70.03 112.00
v -40.32 68.06 98.00
v -52.86 63.41 98.00
v -52.86 63.41 112.00
v -40.32 68.06 112.00
v -52.86 63.41 98.00
v -63.66 56.63 98.00
v -63.66 56.63 112.00
v -52.86 63.41 112.00
v -63.66 56.63 98.00
v -73.18 48.88 98.00
v -73.18 48.88 112.00
v -63.66 56.63 112.00
v -73.18 48.88 98.00
v -82.21 40.73 98.00
v -82.21 40.73 112.00
v -73.18 48.88 112.00
v -82.21 40.73 98.00
v -90.44 31.84 98.00
v -90.44 31.84 112.00
v -82.21 40.73 112.00
v -90.44 31.84 98.00
v -96.24 21.78 98.00
v -96.24 21.78 112.00
v -90.44 31.84 112.00
v -96.24 21.78 98.00
v -98.04 10.87 98.00
v -98.04 10.87 112.00
v -96.24 21.78 112.00
v -98.04 10.87 98.00
v -96.00 0.00 98.00
v -96.00 0.00 112.00
v -98.04 10.87 112.00
v -96.00 0.00 98.00
v -92.01 -10.20 98.00
v -92.01 -10.20 112.00
v -96.00 0.00 112.00
v -92.01 -10.20 98.00
v -87.99 -19.91 98.00
v -87.99 -19.91 112.00
v -92.01 -10.20 112.00
v -87.99 -19.91 98.00
v -84.21 -29.64 98.00
v -84.21 -29.64 112.00
v -87.99 -19.91 112.00
v -84.21 -29.64 98.00
v -79.31 -39.29 98.00
v -79.31 -39.29 112.00
v -84.21 -29.64 112.00
v -79.31 -39.29 98.00
v -71.93 -48.04 98.00
v -71.93 -48.04 112.00
v -79.31 -39.29 112.00
v -71.93 -48.04 98.00
v -62.08 -55.22 98.00
v -62.08 -55.22 112.00
v -71.93 -48.04 112.00
v -62.08 -55.22 98.00
v -50.94 -61.10 98.00
v -50.94 -61.10 112.00
v -62.08 -55.22 112.00
v -50.94 -61.10 98.00
v -39.44 -66.57 98.00
v -39.44 -66.57 112.00
v -50.94 -61.10 112.00
v -39.44 -66.57 98.00
v -27.41 -71.97 98.00
v -27.41 -71.97 112.00
v -39.44 -66.57 112.00
v -27.41 -71.97 98.00
v -14.24 -76.35 98.00
v -14.24 -76.35 112.00
v -27.41 -71.97 112.00
v -14.24 -76.35 98.00
v -0.00 -78.07 98.00
v -0.00 -78.07 112.00
v -14.24 -76.35 112.00
v -0.00 -78.07 98.00
v 14.24 -76.35 98.00
v 14.24 -76.35 112.00
v -0.00 -78.07 112.00
v 14.24 -76.35 98.00
v 27.41 -71.97 98.00
v 27.41 -71.97 112.00
v 14.24 -76.35 112.00
v 27.41 -71.97 98.00
v 39.44 -66.57 98.00
v 39.44 -66.57 112.00
v 27.41 -71.97 112.00
v 39.44 -66.57 98.00
v 50.94 -61.10 98.00
v 50.94 -61.10 112.00
v 39.44 -66.57 112.00
v 50.94 -61.10 98.00
v 62.08 -55.22 98.00
v 62.08 -55.22 112.00
v 50.94 -61.10 112.00
v 62.08 -55.22 98.00
v 71.93 -48.04 98.00
v 71.93 -48.04 112.00
v 62.08 -55.22 112.00
v 71.93 -48.04 98.00
v 79.31 -39.29 98.00
v 79.31 -39.29 112.00
v 71.93 -48.04 112.00
v 79.31 -39.29 98.00
v 84.21 -29.64 98.00
v 84.21 -29.64 112.00
v 79.31 -39.29 112.00
v 84.21 -29.64 98.00
v 87.99 -19.91 98.00
v 87.99 -19.91 112.00
v 84.21 -29.64 112.00
v 87.99 -19.91 98.00
v 92.01 -10.20 98.00
v 92.01 -10.20 112.00
v 87.99 -19.91 112.00
v 92.01 -10.20 98.00
v 96.00 0.00 98.00
v 96.00 0.00 112.00
v 92.01 -10.20 112.00

usemtl mat_cobble
v 96.00 0.00 112.00
v 98.04 10.87 112.00
v 96.24 21.78 112.00
v 90.44 31.84 112.00
v 82.21 40.73 112.00
v 73.18 48.88 112.00
v 63.66 56.63 112.00
v 52.86 63.41 112.00
v 40.32 68.06 112.00
v 26.68 70.03 112.00
v 13.08 70.15 112.00
v 0.00 69.93 112.00
v -13.08 70.15 112.00
v -26.68 70.03 112.00
v -40.32 68.06 112.00
v -52.86 63.41 112.00
v -63.66 56.63 112.00
v -73.18 48.88 112.00
v -82.21 40.73 112.00
v -90.44 31.84 112.00
v -96.24 21.78 112.00
v -98.04 10.87 112.00
v -96.00 0.00 112.00
v -92.01 -10.20 112.00
v -87.99 -19.91 112.00
v -84.21 -29.64 112.00
v -79.31 -39.29 112.00
v -71.93 -48.04 112.00
v -62.08 -55.22 112.00
v -50.94 -61.10 112.00
v -39.44 -66.57 112.00
v -27.41 -71.97 112.00
v -14.24 -76.35 112.00
v -0.00 -78.07 112.00
v 14.24 -76.35 112.00
v 27.41 -71.97 112.00
v 39.44 -66.57 112.00
v 50.94 -61.10 112.00
v 62.08 -55.22 112.00
v 71.93 -48.04 112.00
v 79.31 -39.29 112.00
v 84.21 -29.64 112.00
v 87.99 -19.91 112.00
v 92.01 -10.20 112.00

usemtl mat_slate
v 254.54 -40.00 96.00
v 253.40 -35.77 96.00
v 246.09 -40.00 108.03
v 253.40 -35.77 96.00
v 250.31 -32.68 96.00
v 246.09 -40.00 108.03
v 250.31 -32.68 96.00
v 246.09 -31.55 96.00
v 246.09 -40.00 108.03
v 246.09 -31.55 96.00
v 241.86 -32.68 96.00
v 246.09 -40.00 108.03
v 241.86 -32.68 96.00
v 238.77 -35.77 96.00
v 246.09 -40.00 108.03
v 238.77 -35.77 96.00
v 237.64 -40.00 96.00
v 246.09 -40.00 108.03
v 237.64 -40.00 96.00
v 238.77 -44.23 96.00
v 246.09 -40.00 108.03
v 238.77 -44.23 96.00
v 241.86 -47.32 96.00
v 246.09 -40.00 108.03
v 241.86 -47.32 96.00
v 246.09 -48.45 96.00
v 246.09 -40.00 108.03
v 246.09 -48.45 96.00
v 250.31 -47.32 96.00
v 246.09 -40.00 108.03
v 250.31 -47.32 96.00
v 253.40 -44.23 96.00
v 246.09 -40.00 108.03
v 253.40 -44.23 96.00
v 254.54 -40.00 96.00
v 246.09 -40.00 108.03
v 187.78 62.76 96.00
v 186.22 56.98 96.00
v 197.79 56.98 112.47
v 186.22 56.98 96.00
v 187.78 51.19 96.00
v 197.79 56.98 112.47
v 187.78 51.19 96.00
v 192.01 46.96 96.00
v 197.79 56.98 112.47
v 192.01 46.96 96.00
v 197.79 45.41 96.00
v 197.79 56.98 112.47
v 197.79 45.41 96.00
v 203.58 46.96 96.00
v 197.79 56.98 112.47
v 203.58 46.96 96.00
v 207.81 51.19 96.00
v 197.79 56.98 112.47
v 207.81 51.19 96.00
v 209.37 56.98 96.00
v 197.79 56.98 112.47
v 198.19 56.98 112.47
v 197.79 56.98 112.47
v 198.00 57.33 116.47
v 198.19 56.98 116.47
v 197.79 56.98 112.47
v 197.59 56.63 112.47
v 197.59 56.63 116.47
v 198.00 57.33 116.47
v 197.59 56.63 112.47
v 198.19 56.98 112.47
v 198.19 56.98 116.47
v 197.59 56.63 116.47
v 198.19 56.98 116.47
v 198.00 57.33 116.47
v 197.59 56.63 116.47
v 97.15 104.10 96.00
v 95.81 109.11 96.00
v 87.14 104.10 110.25
v 82.13 95.44 96.00
v 87.14 94.09 96.00
v 87.14 104.10 110.25
v 87.14 94.09 96.00
v 92.14 95.44 96.00
v 87.14 104.10 110.25
v 92.14 95.44 96.00
v 95.81 99.10 96.00
v 87.14 104.10 110.25
v 95.81 99.10 96.00
v 97.15 104.10 96.00
v 87.14 104.10 110.25
v 87.54 104.10 110.25
v 87.34 104.45 110.25
v 87.34 104.45 114.25
v 87.54 104.10 114.25
v 87.34 104.45 110.25
v 86.94 104.45 110.25
v 86.94 104.45 114.25
v 87.34 104.45 114.25
v 86.94 104.45 110.25
v 87.14 104.10 110.25
v 86.74 104.10 114.25
v 86.94 104.45 114.25
v 87.14 104.10 110.25
v 87.54 104.10 110.25
v 87.54 104.10 114.25
v 86.74 104.10 114.25
v 87.54 104.10 114.25
v 87.34 104.45 114.25
v 86.94 104.45 114.25
v 86.74 104.10 114.25
v -32.70 92.28 96.00
v -33.83 96.51 96.00
v -41.15 92.28 108.03
v -33.83 96.51 96.00
v -36.92 99.60 96.00
v -41.15 92.28 108.03
v -36.92 99.60 96.00
v -41.15 100.73 96.00
v -41.15 92.28 108.03
v -36.92 84.96 96.00
v -33.83 88.06 96.00
v -41.15 92.28 108.03
v -33.83 88.06 96.00
v -32.70 92.28 96.00
v -41.15 92.28 108.03
v -41.15 92.28 108.03
v -41.55 92.28 108.03
v -41.55 92.28 112.03
v -40.75 92.28 112.03
v -41.55 92.28 108.03
v -41.15 92.28 108.03
v -40.75 92.28 112.03
v -41.55 92.28 112.03
v -102.99 2.73 96.00
v -104.54 8.51 96.00
v -114.56 2.73 112.47
v -104.54 8.51 96.00
v -108.77 12.75 96.00
v -114.56 2.73 112.47
v -108.77 12.75 96.00
v -114.56 14.30 96.00
v -114.56 2.73 112.47
v -114.56 14.30 96.00
v -120.34 12.75 96.00
v -114.56 2.73 112.47
v -120.34 12.75 96.00
v -124.58 8.51 96.00
v -114.56 2.73 112.47
v -124.58 8.51 96.00
v -126.13 2.73 96.00
v -114.56 2.73 112.47
v -126.13 2.73 96.00
v -124.58 -3.06 96.00
v -114.56 2.73 112.47
v -124.58 -3.06 96.00
v -120.34 -7.29 96.00
v -114.56 2.73 112.47
v -114.16 2.73 116.47
v -114.36 3.07 116.47
v -114.76 2.38 116.47
v -86.11 -99.51 96.00
v -87.45 -94.51 96.00
v -96.12 -99.51 110.25
v -87.45 -94.51 96.00
v -91.11 -90.84 96.00
v -96.12 -99.51 110.25
v -91.11 -90.84 96.00
v -96.12 -89.50 96.00
v -96.12 -99.51 110.25
v -96.12 -89.50 96.00
v -101.12 -90.84 96.00
v -96.12 -99.51 110.25
v -101.12 -90.84 96.00
v -104.79 -94.51 96.00
v -96.12 -99.51 110.25
v -104.79 -94.51 96.00
v -106.13 -99.51 96.00
v -96.12 -99.51 110.25
v -106.13 -99.51 96.00
v -104.79 -104.52 96.00
v -96.12 -99.51 110.25
v -104.79 -104.52 96.00
v -101.12 -108.18 96.00
v -96.12 -99.51 110.25
v -101.12 -108.18 96.00
v -96.12 -109.52 96.00
v -96.12 -99.51 110.25
v -96.12 -109.52 96.00
v -91.11 -108.18 96.00
v -96.12 -99.51 110.25
v -91.11 -108.18 96.00
v -87.45 -104.52 96.00
v -96.12 -99.51 110.25
v -18.76 -170.81 96.00
v -21.85 -173.90 96.00
v -14.54 -178.12 108.03
v -21.85 -173.90 96.00
v -22.99 -178.12 96.00
v -14.54 -178.12 108.03
v -22.99 -178.12 96.00
v -21.85 -182.35 96.00
v -14.54 -178.12 108.03
v -21.85 -182.35 96.00
v -18.76 -185.44 96.00
v -14.54 -178.12 108.03
v -18.76 -185.44 96.00
v -14.54 -186.57 96.00
v -14.54 -178.12 108.03
v -14.54 -186.57 96.00
v -10.31 -185.44 96.00
v -14.54 -178.12 108.03
v -10.31 -185.44 96.00
v -7.22 -182.35 96.00
v -14.54 -178.12 108.03
v -7.22 -182.35 96.00
v -6.09 -178.12 96.00
v -14.54 -178.12 108.03
v -14.14 -178.12 108.03
v -14.54 -178.12 108.03
v -14.74 -177.78 112.03
v -14.14 -178.12 112.03
v -14.54 -178.12 108.03
v -14.74 -178.47 108.03
v -14.74 -178.47 112.03
v -14.74 -177.78 112.03
v -14.74 -178.47 108.03
v -14.34 -178.47 108.03
v -14.34 -178.47 112.03
v -14.74 -178.47 112.03
v -14.34 -178.47 108.03
v -14.14 -178.12 108.03
v -14.14 -178.12 112.03
v -14.34 -178.47 112.03
v 101.81 -184.22 96.00
v 103.36 -190.01 96.00
v 113.38 -184.22 112.47
v 103.36 -190.01 96.00
v 107.60 -194.24 96.00
v 113.38 -184.22 112.47
v 107.60 -194.24 96.00
v 113.38 -195.79 96.00
v 113.38 -184.22 112.47
v 113.38 -195.79 96.00
v 119.17 -194.24 96.00
v 113.38 -184.22 112.47
v 119.17 -194.24 96.00
v 123.40 -190.01 96.00
v 113.38 -184.22 112.47
v 123.40 -190.01 96.00
v 124.95 -184.22 96.00
v 113.38 -184.22 112.47
v 113.78 -184.22 112.47
v 113.38 -184.22 112.47
v 113.18 -183.88 116.47
v 113.78 -184.22 116.47
v 113.38 -184.22 112.47
v 113.18 -184.57 112.47
v 113.18 -184.57 116.47
v 113.18 -183.88 116.47
v 113.18 -184.57 112.47
v 113.58 -184.57 112.47
v 113.58 -184.57 116.47
v 113.18 -184.57 116.47
v 113.58 -184.57 112.47
v 113.78 -184.22 112.47
v 113.78 -184.22 116.47
v 113.58 -184.57 116.47
v 113.78 -184.22 116.47
v 113.18 -183.88 116.47
v 113.18 -184.57 116.47
v 113.58 -184.57 116.47
v 224.20 -120.61 96.00
v 222.86 -115.61 96.00
v 214.19 -120.61 110.25
v 209.19 -129.28 96.00
v 214.19 -130.62 96.00
v 214.19 -120.61 110.25
v 214.19 -130.62 96.00
v 219.20 -129.28 96.00
v 214.19 -120.61 110.25
v 219.20 -129.28 96.00
v 222.86 -125.62 96.00
v 214.19 -120.61 110.25
v 222.86 -125.62 96.00
v 224.20 -120.61 96.00
v 214.19 -120.61 110.25
v 214.59 -120.61 110.25
v 214.39 -120.26 110.25
v 214.39 -120.26 114.25
v 214.59 -120.61 114.25
v 214.39 -120.26 110.25
v 213.99 -120.26 110.25
v 213.99 -120.26 114.25
v 214.39 -120.26 114.25
v 213.99 -120.26 110.25
v 214.19 -120.61 110.25
v 213.79 -120.61 114.25
v 213.99 -120.26 114.25
v 214.19 -120.61 110.25
v 214.59 -120.61 110.25
v 214.59 -120.61 114.25
v 213.79 -120.61 114.25
v 214.59 -120.61 114.25
v 214.39 -120.26 114.25
v 213.99 -120.26 114.25
v 213.79 -120.61 114.25
v -64.00 42.00 104.00
v 64.00 42.00 104.00
v 64.00 -42.00 104.00
v -64.00 -42.00 104.00
v -64.00 -42.00 144.00
v 64.00 -42.00 144.00
v 64.00 42.00 144.00
v -64.00 42.00 144.00
v -64.00 -42.00 104.00
v 64.00 -42.00 104.00
v 64.00 -42.00 144.00
v -64.00 -42.00 144.00
v -64.00 1.60 186.40
v 64.00 1.60 186.40
v 64.00 -1.60 186.40
v -64.00 -1.60 186.40
v -64.00 -1.60 188.40
v 64.00 -1.60 188.40
v 64.00 1.60 188.40
v -64.00 1.60 188.40
v -64.00 -1.60 186.40
v 64.00 -1.60 186.40
v 64.00 -1.60 188.40
v -64.00 -1.60 188.40
v 64.00 -1.60 186.40
v 64.00 1.60 186.40
v 64.00 1.60 188.40
v 64.00 -1.60 188.40
v 64.00 1.60 186.40
v -64.00 1.60 186.40
v -64.00 1.60 188.40
v 64.00 1.60 188.40
v -64.00 1.60 186.40
v -64.00 -1.60 186.40
v -64.00 -1.60 188.40
v -64.00 1.60 188.40
v -57.60 -24.00 156.00
v -54.40 -24.00 156.00
v -54.40 -27.00 156.00
v -57.60 -27.00 156.00
v -57.60 -27.00 162.50
v -54.40 -27.00 162.50
v -54.40 -24.00 162.50
v -57.60 -24.00 162.50
v -57.60 -27.00 156.00
v -54.40 -27.00 156.00
v -54.40 -27.00 162.50
v -57.60 -27.00 162.50
v -54.40 -27.00 156.00
v -54.40 -24.00 156.00
v -54.40 -24.00 162.50
v -54.40 -27.00 162.50
v -54.40 -24.00 156.00
v -57.60 -24.00 156.00
v -57.60 -24.00 162.50
v -54.40 -24.00 162.50
v -57.60 -24.00 156.00
v -57.60 -27.00 156.00
v -57.60 -27.00 162.50
v -57.60 -24.00 162.50
v -33.60 -27.00 162.50
v -30.40 -27.00 162.50
v -30.40 -24.00 162.50
v -33.60 -24.00 162.50
v -33.60 -27.00 156.00
v -30.40 -27.00 156.00
v -30.40 -27.00 162.50
v -33.60 -27.00 162.50
v -30.40 -27.00 156.00
v -30.40 -24.00 156.00
v -30.40 -24.00 162.50
v -30.40 -27.00 162.50
v -30.40 -24.00 156.00
v -33.60 -24.00 156.00
v -33.60 -24.00 162.50
v -30.40 -24.00 162.50
v 11.60 -42.52 126.40
v 19.33 -42.52 126.40
v 19.33 -41.88 126.40
v 11.60 -41.88 126.40
v 11.60 -42.52 121.20
v 19.33 -42.52 121.20
v 19.33 -42.52 126.40
v 11.60 -42.52 126.40
v 19.33 -42.52 121.20
v 19.33 -41.88 121.20
v 19.33 -41.88 126.40
v 19.33 -42.52 126.40
v 19.33 -41.88 121.20
v 11.60 -41.88 121.20
v 11.60 -41.88 126.40
v 19.33 -41.88 126.40
v -41.20 -26.00 174.00
v -40.10 -27.91 174.00
v -39.00 -26.00 182.00
v -40.10 -27.91 174.00
v -37.90 -27.91 174.00
v -39.00 -26.00 182.00
v -37.90 -27.91 174.00
v -36.80 -26.00 174.00
v -39.00 -26.00 182.00
v -37.50 26.00 158.00
v -38.25 27.30 158.00
v -38.25 27.30 174.00
v -37.50 26.00 174.00
v -38.25 27.30 158.00
v -39.75 27.30 158.00
v -39.75 27.30 174.00
v -38.25 27.30 174.00
v -39.75 27.30 158.00
v -40.50 26.00 158.00
v -40.50 26.00 174.00
v -39.75 27.30 174.00
v -41.20 26.00 174.00
v -40.10 24.09 174.00
v -39.00 26.00 182.00
v -40.10 24.09 174.00
v -37.90 24.09 174.00
v -39.00 26.00 182.00
v -37.90 24.09 174.00
v -36.80 26.00 174.00
v -39.00 26.00 182.00
v -24.50 -26.00 158.00
v -25.25 -24.70 158.00
v -25.25 -24.70 174.00
v -24.50 -26.00 174.00
v -25.25 -24.70 158.00
v -26.75 -24.70 158.00
v -26.75 -24.70 174.00
v -25.25 -24.70 174.00
v -26.75 -24.70 158.00
v -27.50 -26.00 158.00
v -27.50 -26.00 174.00
v -26.75 -24.70 174.00
v -28.20 -26.00 174.00
v -27.10 -27.91 174.00
v -26.00 -26.00 182.00
v -27.10 -27.91 174.00
v -24.90 -27.91 174.00
v -26.00 -26.00 182.00
v -24.90 -27.91 174.00
v -23.80 -26.00 174.00
v -26.00 -26.00 182.00
v -24.50 26.00 158.00
v -25.25 27.30 158.00
v -25.25 27.30 174.00
v -24.50 26.00 174.00
v -25.25 27.30 158.00
v -26.75 27.30 158.00
v -26.75 27.30 174.00
v -25.25 27.30 174.00
v -26.75 27.30 158.00
v -27.50 26.00 158.00
v -27.50 26.00 174.00
v -26.75 27.30 174.00
v -28.20 26.00 174.00
v -27.10 24.09 174.00
v -26.00 26.00 182.00
v -27.10 24.09 174.00
v -24.90 24.09 174.00
v -26.00 26.00 182.00
v -24.90 24.09 174.00
v -23.80 26.00 174.00
v -26.00 26.00 182.00
v -11.50 -26.00 158.00
v -12.25 -24.70 158.00
v -12.25 -24.70 174.00
v -11.50 -26.00 174.00
v -12.25 -24.70 158.00
v -13.75 -24.70 158.00
v -13.75 -24.70 174.00
v -12.25 -24.70 174.00
v -13.75 -24.70 158.00
v -14.50 -26.00 158.00
v -14.50 -26.00 174.00
v -13.75 -24.70 174.00
v -14.50 -26.00 174.00
v -14.10 -27.91 174.00
v -13.00 -26.00 182.00
v -14.10 -27.91 174.00
v -11.90 -27.91 174.00
v -13.00 -26.00 182.00
v -11.90 -27.91 174.00
v -11.50 -26.00 174.00
v -13.00 -26.00 182.00
v -11.50 26.00 158.00
v -12.25 27.30 158.00
v -12.25 27.30 174.00
v -11.50 26.00 174.00
v -12.25 27.30 158.00
v -13.75 27.30 158.00
v -13.75 27.30 174.00
v -12.25 27.30 174.00
v -13.75 27.30 158.00
v -14.50 26.00 158.00
v -14.50 26.00 174.00
v -13.75 27.30 174.00
v -14.50 26.00 174.00
v -14.10 24.09 174.00
v -13.00 26.00 182.00
v -14.10 24.09 174.00
v -11.90 24.09 174.00
v -13.00 26.00 182.00
v -11.90 24.09 174.00
v -11.50 26.00 174.00
v -13.00 26.00 182.00
v 1.50 -26.00 158.00
v 0.75 -24.70 158.00
v 0.75 -24.70 174.00
v 1.50 -26.00 174.00
v 0.75 -24.70 158.00
v -0.75 -24.70 158.00
v -0.75 -24.70 174.00
v 0.75 -24.70 174.00
v -0.75 -24.70 158.00
v -1.50 -26.00 158.00
v -1.50 -26.00 174.00
v -0.75 -24.70 174.00
v -2.20 -26.00 174.00
v -1.10 -27.91 174.00
v 0.00 -26.00 182.00
v -1.10 -27.91 174.00
v 1.10 -27.91 174.00
v 0.00 -26.00 182.00
v 1.10 -27.91 174.00
v 2.20 -26.00 174.00
v 0.00 -26.00 182.00
v 1.50 26.00 158.00
v 0.75 27.30 158.00
v 0.75 27.30 174.00
v 1.50 26.00 174.00
v 0.75 27.30 158.00
v -0.75 27.30 158.00
v -0.75 27.30 174.00
v 0.75 27.30 174.00
v -0.75 27.30 158.00
v -1.50 26.00 158.00
v -1.50 26.00 174.00
v -0.75 27.30 174.00
v -2.20 26.00 174.00
v -1.10 24.09 174.00
v 0.00 26.00 182.00
v -1.10 24.09 174.00
v 1.10 24.09 174.00
v 0.00 26.00 182.00
v 1.10 24.09 174.00
v 2.20 26.00 174.00
v 0.00 26.00 182.00
v 14.50 -26.00 158.00
v 13.75 -24.70 158.00
v 13.75 -24.70 174.00
v 14.50 -26.00 174.00
v 13.75 -24.70 158.00
v 12.25 -24.70 158.00
v 12.25 -24.70 174.00
v 13.75 -24.70 174.00
v 12.25 -24.70 158.00
v 11.50 -26.00 158.00
v 11.50 -26.00 174.00
v 12.25 -24.70 174.00
v 11.50 -26.00 174.00
v 11.90 -27.91 174.00
v 13.00 -26.00 182.00
v 11.90 -27.91 174.00
v 14.10 -27.91 174.00
v 13.00 -26.00 182.00
v 14.10 -27.91 174.00
v 14.50 -26.00 174.00
v 13.00 -26.00 182.00
v 14.50 26.00 158.00
v 13.75 27.30 158.00
v 13.75 27.30 174.00
v 14.50 26.00 174.00
v 13.75 27.30 158.00
v 12.25 27.30 158.00
v 12.25 27.30 174.00
v 13.75 27.30 174.00
v 12.25 27.30 158.00
v 11.50 26.00 158.00
v 11.50 26.00 174.00
v 12.25 27.30 174.00
v 11.50 26.00 174.00
v 11.90 24.09 174.00
v 13.00 26.00 182.00
v 11.90 24.09 174.00
v 14.10 24.09 174.00
v 13.00 26.00 182.00
v 14.10 24.09 174.00
v 14.50 26.00 174.00
v 13.00 26.00 182.00
v 27.50 -26.00 158.00
v 26.75 -24.70 158.00
v 26.75 -24.70 174.00
v 27.50 -26.00 174.00
v 26.75 -24.70 158.00
v 25.25 -24.70 158.00
v 25.25 -24.70 174.00
v 26.75 -24.70 174.00
v 25.25 -24.70 158.00
v 24.50 -26.00 158.00
v 24.50 -26.00 174.00
v 25.25 -24.70 174.00
v 23.80 -26.00 174.00
v 24.90 -27.91 174.00
v 26.00 -26.00 182.00
v 24.90 -27.91 174.00
v 27.10 -27.91 174.00
v 26.00 -26.00 182.00
v 27.10 -27.91 174.00
v 28.20 -26.00 174.00
v 26.00 -26.00 182.00
v 27.50 26.00 158.00
v 26.75 27.30 158.00
v 26.75 27.30 174.00
v 27.50 26.00 174.00
v 26.75 27.30 158.00
v 25.25 27.30 158.00
v 25.25 27.30 174.00
v 26.75 27.30 174.00
v 25.25 27.30 158.00
v 24.50 26.00 158.00
v 24.50 26.00 174.00
v 25.25 27.30 174.00
v 23.80 26.00 174.00
v 24.90 24.09 174.00
v 26.00 26.00 182.00
v 24.90 24.09 174.00
v 27.10 24.09 174.00
v 26.00 26.00 182.00
v 27.10 24.09 174.00
v 28.20 26.00 174.00
v 26.00 26.00 182.00
v 40.50 -26.00 158.00
v 39.75 -24.70 158.00
v 39.75 -24.70 174.00
v 40.50 -26.00 174.00
v 39.75 -24.70 158.00
v 38.25 -24.70 158.00
v 38.25 -24.70 174.00
v 39.75 -24.70 174.00
v 38.25 -24.70 158.00
v 37.50 -26.00 158.00
v 37.50 -26.00 174.00
v 38.25 -24.70 174.00
v 36.80 -26.00 174.00
v 37.90 -27.91 174.00
v 39.00 -26.00 182.00
v 37.90 -27.91 174.00
v 40.10 -27.91 174.00
v 39.00 -26.00 182.00
v 40.10 -27.91 174.00
v 41.20 -26.00 174.00
v 39.00 -26.00 182.00
v 40.50 26.00 158.00
v 39.75 27.30 158.00
v 39.75 27.30 174.00
v 40.50 26.00 174.00
v 39.75 27.30 158.00
v 38.25 27.30 158.00
v 38.25 27.30 174.00
v 39.75 27.30 174.00
v 38.25 27.30 158.00
v 37.50 26.00 158.00
v 37.50 26.00 174.00
v 38.25 27.30 174.00
v 36.80 26.00 174.00
v 37.90 24.09 174.00
v 39.00 26.00 182.00
v 37.90 24.09 174.00
v 40.10 24.09 174.00
v 39.00 26.00 182.00
v 40.10 24.09 174.00
v 41.20 26.00 174.00
v 39.00 26.00 182.00
v 53.50 -26.00 158.00
v 52.75 -24.70 158.00
v 52.75 -24.70 174.00
v 53.50 -26.00 174.00
v 52.75 -24.70 158.00
v 51.25 -24.70 158.00
v 51.25 -24.70 174.00
v 52.75 -24.70 174.00
v 51.25 -24.70 158.00
v 50.50 -26.00 158.00
v 50.50 -26.00 174.00
v 51.25 -24.70 174.00
v 49.80 -26.00 174.00
v 50.90 -27.91 174.00
v 52.00 -26.00 182.00
v 50.90 -27.91 174.00
v 53.10 -27.91 174.00
v 52.00 -26.00 182.00
v 53.10 -27.91 174.00
v 54.20 -26.00 174.00
v 52.00 -26.00 182.00
v 53.50 26.00 158.00
v 52.75 27.30 158.00
v 52.75 27.30 174.00
v 53.50 26.00 174.00
v 52.75 27.30 158.00
v 51.25 27.30 158.00
v 51.25 27.30 174.00
v 52.75 27.30 174.00
v 51.25 27.30 158.00
v 50.50 26.00 158.00
v 50.50 26.00 174.00
v 51.25 27.30 174.00
v 49.80 26.00 174.00
v 50.90 24.09 174.00
v 52.00 26.00 182.00
v 50.90 24.09 174.00
v 53.10 24.09 174.00
v 52.00 26.00 182.00
v 53.10 24.09 174.00
v 54.20 26.00 174.00
v 52.00 26.00 182.00
v -61.50 -6.00 102.00
v -62.15 -2.75 102.00
v -62.15 -2.75 168.00
v -61.50 -6.00 168.00
v -62.15 -2.75 102.00
v -63.99 0.01 102.00
v -63.99 0.01 168.00
v -62.15 -2.75 168.00
v -63.99 0.01 102.00
v -66.75 1.85 102.00
v -66.75 1.85 168.00
v -63.99 0.01 168.00
v -76.01 -12.01 102.00
v -73.25 -13.85 102.00
v -73.25 -13.85 168.00
v -76.01 -12.01 168.00
v -73.25 -13.85 102.00
v -70.00 -14.50 102.00
v -70.00 -14.50 168.00
v -73.25 -13.85 168.00
v -70.00 -14.50 102.00
v -66.75 -13.85 102.00
v -66.75 -13.85 168.00
v -70.00 -14.50 168.00
v -66.75 -13.85 102.00
v -63.99 -12.01 102.00
v -63.99 -12.01 168.00
v -66.75 -13.85 168.00
v -63.99 -12.01 102.00
v -62.15 -9.25 102.00
v -62.15 -9.25 168.00
v -63.99 -12.01 168.00
v -62.15 -9.25 102.00
v -61.50 -6.00 102.00
v -61.50 -6.00 168.00
v -62.15 -9.25 168.00
v -63.96 -2.26 164.40
v -62.60 -1.61 164.40
v -61.95 -2.96 164.40
v -63.30 -3.61 164.40
v -63.30 -3.61 166.00
v -61.95 -2.96 166.00
v -62.60 -1.61 166.00
v -63.96 -2.26 166.00
v -63.30 -3.61 164.40
v -61.95 -2.96 164.40
v -61.95 -2.96 166.00
v -63.30 -3.61 166.00
v -61.95 -2.96 164.40
v -62.60 -1.61 164.40
v -62.60 -1.61 166.00
v -61.95 -2.96 166.00
v -62.60 -1.61 164.40
v -63.96 -2.26 164.40
v -63.96 -2.26 166.00
v -62.60 -1.61 166.00
v -63.96 -2.26 164.40
v -63.30 -3.61 164.40
v -63.30 -3.61 166.00
v -63.96 -2.26 166.00
v 61.50 -6.00 102.00
v 62.15 -9.25 102.00
v 62.15 -9.25 168.00
v 61.50 -6.00 168.00
v 62.15 -9.25 102.00
v 63.99 -12.01 102.00
v 63.99 -12.01 168.00
v 62.15 -9.25 168.00
v 63.99 -12.01 102.00
v 66.75 -13.85 102.00
v 66.75 -13.85 168.00
v 63.99 -12.01 168.00
v 66.75 -13.85 102.00
v 70.00 -14.50 102.00
v 70.00 -14.50 168.00
v 66.75 -13.85 168.00
v 70.00 -14.50 102.00
v 73.25 -13.85 102.00
v 73.25 -13.85 168.00
v 70.00 -14.50 168.00
v 73.25 -13.85 102.00
v 76.01 -12.01 102.00
v 76.01 -12.01 168.00
v 73.25 -13.85 168.00
v 76.01 -12.01 102.00
v 77.85 -9.25 102.00
v 77.85 -9.25 168.00
v 76.01 -12.01 168.00
v 77.85 -9.25 102.00
v 78.50 -6.00 102.00
v 78.50 -6.00 168.00
v 77.85 -9.25 168.00
v 78.50 -6.00 168.00
v 77.85 -2.75 168.00
v 76.01 0.01 168.00
v 73.25 1.85 168.00
v 70.00 2.50 168.00
v 66.75 1.85 168.00
v 63.99 0.01 168.00
v 62.15 -2.75 168.00
v 61.50 -6.00 168.00
v 62.15 -9.25 168.00
v 63.99 -12.01 168.00
v 66.75 -13.85 168.00
v 70.00 -14.50 168.00
v 73.25 -13.85 168.00
v 76.01 -12.01 168.00
v 77.85 -9.25 168.00
v 77.07 -5.25 164.40
v 78.57 -5.25 164.40
v 78.57 -6.75 164.40
v 77.07 -6.75 164.40
v 77.07 -6.75 166.00
v 78.57 -6.75 166.00
v 78.57 -5.25 166.00
v 77.07 -5.25 166.00
v 77.07 -6.75 164.40
v 78.57 -6.75 164.40
v 78.57 -6.75 166.00
v 77.07 -6.75 166.00
v 78.57 -6.75 164.40
v 78.57 -5.25 164.40
v 78.57 -5.25 166.00
v 78.57 -6.75 166.00
v 78.57 -5.25 164.40
v 77.07 -5.25 164.40
v 77.07 -5.25 166.00
v 78.57 -5.25 166.00
v 77.07 -5.25 164.40
v 77.07 -6.75 164.40
v 77.07 -6.75 166.00
v 77.07 -5.25 166.00
v 76.04 -2.26 164.40
v 77.40 -1.61 164.40
v 78.05 -2.96 164.40
v 76.69 -3.61 164.40
v -14.00 42.00 124.00
v 14.00 42.00 124.00
v 14.00 18.00 124.00
v -14.00 18.00 124.00
v -14.00 18.00 152.00
v 14.00 18.00 152.00
v 14.00 42.00 152.00
v -14.00 42.00 152.00
v -14.00 18.00 124.00
v 14.00 18.00 124.00
v 14.00 18.00 152.00
v -14.00 18.00 152.00
v 14.00 18.00 124.00
v 14.00 42.00 124.00
v 14.00 42.00 152.00
v 14.00 18.00 152.00
v 14.00 42.00 124.00
v -14.00 42.00 124.00
v -14.00 42.00 152.00
v 14.00 42.00 152.00
v -14.00 42.00 124.00
v -14.00 18.00 124.00
v -14.00 18.00 152.00
v -14.00 42.00 152.00
v 15.00 17.00 152.00
v -15.00 17.00 152.00
v 0.00 17.00 172.00
v 0.00 43.00 172.00
v 0.00 17.00 172.00
v -15.00 43.00 152.00
v 15.00 43.00 152.00
v 0.00 43.00 172.00
v -15.00 17.00 152.00
v -15.00 43.00 152.00
v 0.00 17.00 172.00
v 15.00 17.00 152.00
v 0.00 43.00 172.00
v 15.00 43.00 152.00
v -16.00 16.00 142.00
v 16.00 16.00 142.00
v 16.00 -16.00 142.00
v -16.00 -16.00 142.00
v -16.00 -16.00 200.00
v 16.00 -16.00 200.00
v 16.00 16.00 200.00
v -16.00 16.00 200.00
v -16.00 -16.00 142.00
v 16.00 -16.00 142.00
v 16.00 -16.00 200.00
v -16.00 -16.00 200.00
v 16.00 -16.00 142.00
v 16.00 16.00 142.00
v 16.00 16.00 200.00
v 16.00 -16.00 200.00
v 16.00 16.00 142.00
v -16.00 16.00 142.00
v -16.00 16.00 200.00
v 16.00 16.00 200.00
v -16.00 16.00 142.00
v -16.00 -16.00 142.00
v -16.00 -16.00 200.00
v -16.00 16.00 200.00
v 6.43 -16.52 163.43
v 10.71 -16.52 163.43
v 10.71 -15.88 163.43
v 6.43 -15.88 163.43
v 6.43 -16.52 157.71
v 10.71 -16.52 157.71
v 10.71 -16.52 163.43
v 6.43 -16.52 163.43
v 10.71 -16.52 157.71
v 10.71 -15.88 157.71
v 10.71 -15.88 163.43
v 10.71 -16.52 163.43
v 10.71 -15.88 157.71
v 6.43 -15.88 157.71
v 6.43 -15.88 163.43
v 10.71 -15.88 163.43
v -10.71 -15.88 169.14
v -10.71 -16.52 169.14
v -10.71 -16.52 174.86
v -10.71 -15.88 174.86
v -2.14 -15.88 169.14
v 2.14 -15.88 169.14
v 2.14 -16.52 169.14
v -2.14 -16.52 169.14
v -2.14 -16.52 174.86
v 2.14 -16.52 174.86
v 2.14 -15.88 174.86
v -2.14 -15.88 174.86
v -2.14 -16.52 169.14
v 2.14 -16.52 169.14
v 2.14 -16.52 174.86
v -2.14 -16.52 174.86
v -49.40 32.00 176.00
v -50.28 34.70 176.00
v -52.58 36.38 176.00
v -55.42 36.38 176.00
v -57.72 34.70 176.00
v -58.60 32.00 176.00
v -57.72 29.30 176.00
v -55.42 27.62 176.00
v -52.58 27.62 176.00
v -50.28 29.30 176.00
v -47.47 32.00 176.00
v -48.72 35.84 176.00
v -54.00 32.00 191.18
v -48.72 35.84 176.00
v -51.98 38.21 176.00
v -54.00 32.00 191.18
v -51.98 38.21 176.00
v -56.02 38.21 176.00
v -54.00 32.00 191.18
v -56.02 38.21 176.00
v -59.28 35.84 176.00
v -54.00 32.00 191.18
v -59.28 35.84 176.00
v -60.53 32.00 176.00
v -54.00 32.00 191.18
v -60.53 32.00 176.00
v -59.28 28.16 176.00
v -54.00 32.00 191.18
v -59.28 28.16 176.00
v -56.02 25.79 176.00
v -54.00 32.00 191.18
v -56.02 25.79 176.00
v -51.98 25.79 176.00
v -54.00 32.00 191.18
v -51.98 25.79 176.00
v -48.72 28.16 176.00
v -54.00 32.00 191.18
v -48.72 28.16 176.00
v -47.47 32.00 176.00
v -54.00 32.00 191.18
v 58.60 32.00 128.00
v 57.72 34.70 128.00
v 57.72 34.70 176.00
v 58.60 32.00 176.00
v 57.72 34.70 128.00
v 55.42 36.38 128.00
v 55.42 36.38 176.00
v 57.72 34.70 176.00
v 55.42 36.38 128.00
v 52.58 36.38 128.00
v 52.58 36.38 176.00
v 55.42 36.38 176.00
v 52.58 36.38 128.00
v 50.28 34.70 128.00
v 50.28 34.70 176.00
v 52.58 36.38 176.00
v 50.28 34.70 128.00
v 49.40 32.00 128.00
v 49.40 32.00 176.00
v 50.28 34.70 176.00
v 49.40 32.00 128.00
v 50.28 29.30 128.00
v 50.28 29.30 176.00
v 49.40 32.00 176.00
v 50.28 29.30 128.00
v 52.58 27.62 128.00
v 52.58 27.62 176.00
v 50.28 29.30 176.00
v -57.72 -31.30 128.00
v -58.60 -34.00 128.00
v -58.60 -34.00 176.00
v -57.72 -31.30 176.00
v -58.60 -34.00 128.00
v -57.72 -36.70 128.00
v -57.72 -36.70 176.00
v -58.60 -34.00 176.00
v -57.72 -36.70 128.00
v -55.42 -38.38 128.00
v -55.42 -38.38 176.00
v -57.72 -36.70 176.00
v -55.42 -38.38 128.00
v -52.58 -38.38 128.00
v -52.58 -38.38 176.00
v -55.42 -38.38 176.00
v -52.58 -38.38 128.00
v -50.28 -36.70 128.00
v -50.28 -36.70 176.00
v -52.58 -38.38 176.00
v -50.28 -36.70 128.00
v -49.40 -34.00 128.00
v -49.40 -34.00 176.00
v -50.28 -36.70 176.00
v -49.40 -34.00 176.00
v -50.28 -31.30 176.00
v -52.58 -29.62 176.00
v -55.42 -29.62 176.00
v -57.72 -31.30 176.00
v -58.60 -34.00 176.00
v -57.72 -36.70 176.00
v -55.42 -38.38 176.00
v -52.58 -38.38 176.00
v -50.28 -36.70 176.00
v -47.47 -34.00 176.00
v -48.72 -30.16 176.00
v -54.00 -34.00 191.18
v -48.72 -30.16 176.00
v -51.98 -27.79 176.00
v -54.00 -34.00 191.18
v -51.98 -27.79 176.00
v -56.02 -27.79 176.00
v -54.00 -34.00 191.18
v 50.28 -31.30 128.00
v 49.40 -34.00 128.00
v 49.40 -34.00 176.00
v 50.28 -31.30 176.00
v 49.40 -34.00 128.00
v 50.28 -36.70 128.00
v 50.28 -36.70 176.00
v 49.40 -34.00 176.00
v 50.28 -36.70 128.00
v 52.58 -38.38 128.00
v 52.58 -38.38 176.00
v 50.28 -36.70 176.00
v 52.58 -38.38 128.00
v 55.42 -38.38 128.00
v 55.42 -38.38 176.00
v 52.58 -38.38 176.00
v 55.42 -38.38 128.00
v 57.72 -36.70 128.00
v 57.72 -36.70 176.00
v 55.42 -38.38 176.00
v 57.72 -36.70 128.00
v 58.60 -34.00 128.00
v 58.60 -34.00 176.00
v 57.72 -36.70 176.00
v 58.60 -34.00 176.00
v 57.72 -31.30 176.00
v 55.42 -29.62 176.00
v 52.58 -29.62 176.00
v 50.28 -31.30 176.00
v 49.40 -34.00 176.00
v 50.28 -36.70 176.00
v 52.58 -38.38 176.00
v 55.42 -38.38 176.00
v 57.72 -36.70 176.00
v 60.53 -34.00 176.00
v 59.28 -30.16 176.00
v 54.00 -34.00 191.18
v 59.28 -30.16 176.00
v 56.02 -27.79 176.00
v 54.00 -34.00 191.18
v 56.02 -27.79 176.00
v 51.98 -27.79 176.00
v 54.00 -34.00 191.18
v -30.59 37.88 128.00
v -31.20 36.00 128.00
v -31.20 36.00 164.00
v -30.59 37.88 164.00
v -31.20 36.00 128.00
v -30.59 34.12 128.00
v -30.59 34.12 164.00
v -31.20 36.00 164.00
v -30.59 34.12 128.00
v -28.99 32.96 128.00
v -28.99 32.96 164.00
v -30.59 34.12 164.00
v -28.99 32.96 128.00
v -27.01 32.96 128.00
v -27.01 32.96 164.00
v -28.99 32.96 164.00
v -27.01 32.96 128.00
v -25.41 34.12 128.00
v -25.41 34.12 164.00
v -27.01 32.96 164.00
v -25.41 34.12 128.00
v -24.80 36.00 128.00
v -24.80 36.00 164.00
v -25.41 34.12 164.00
v -24.80 36.00 164.00
v -25.41 37.88 164.00
v -27.01 39.04 164.00
v -28.99 39.04 164.00
v -30.59 37.88 164.00
v -31.20 36.00 164.00
v -30.59 34.12 164.00
v -28.99 32.96 164.00
v -27.01 32.96 164.00
v -25.41 34.12 164.00
v -23.46 36.00 164.00
v -24.32 38.67 164.00
v -28.00 36.00 174.56
v -24.32 38.67 164.00
v -26.60 40.32 164.00
v -28.00 36.00 174.56
v -26.60 40.32 164.00
v -29.40 40.32 164.00
v -28.00 36.00 174.56
v 25.41 37.88 128.00
v 24.80 36.00 128.00
v 24.80 36.00 164.00
v 25.41 37.88 164.00
v 24.80 36.00 128.00
v 25.41 34.12 128.00
v 25.41 34.12 164.00
v 24.80 36.00 164.00
v 25.41 34.12 128.00
v 27.01 32.96 128.00
v 27.01 32.96 164.00
v 25.41 34.12 164.00
v 27.01 32.96 128.00
v 28.99 32.96 128.00
v 28.99 32.96 164.00
v 27.01 32.96 164.00
v 28.99 32.96 128.00
v 30.59 34.12 128.00
v 30.59 34.12 164.00
v 28.99 32.96 164.00
v 30.59 34.12 128.00
v 31.20 36.00 128.00
v 31.20 36.00 164.00
v 30.59 34.12 164.00
v 31.20 36.00 164.00
v 30.59 37.88 164.00
v 28.99 39.04 164.00
v 27.01 39.04 164.00
v 25.41 37.88 164.00
v 24.80 36.00 164.00
v 25.41 34.12 164.00
v 27.01 32.96 164.00
v 28.99 32.96 164.00
v 30.59 34.12 164.00
v 32.54 36.00 164.00
v 31.68 38.67 164.00
v 28.00 36.00 174.56
v 31.68 38.67 164.00
v 29.40 40.32 164.00
v 28.00 36.00 174.56
v 29.40 40.32 164.00
v 26.60 40.32 164.00
v 28.00 36.00 174.56
v -30.59 -36.12 128.00
v -31.20 -38.00 128.00
v -31.20 -38.00 164.00
v -30.59 -36.12 164.00
v -31.20 -38.00 128.00
v -30.59 -39.88 128.00
v -30.59 -39.88 164.00
v -31.20 -38.00 164.00
v -30.59 -39.88 128.00
v -28.99 -41.04 128.00
v -28.99 -41.04 164.00
v -30.59 -39.88 164.00
v -28.99 -41.04 128.00
v -27.01 -41.04 128.00
v -27.01 -41.04 164.00
v -28.99 -41.04 164.00
v -27.01 -41.04 128.00
v -25.41 -39.88 128.00
v -25.41 -39.88 164.00
v -27.01 -41.04 164.00
v -25.41 -39.88 128.00
v -24.80 -38.00 128.00
v -24.80 -38.00 164.00
v -25.41 -39.88 164.00
v -24.80 -38.00 164.00
v -25.41 -36.12 164.00
v -27.01 -34.96 164.00
v -28.99 -34.96 164.00
v -30.59 -36.12 164.00
v -31.20 -38.00 164.00
v -30.59 -39.88 164.00
v -28.99 -41.04 164.00
v -27.01 -41.04 164.00
v -25.41 -39.88 164.00
v -23.46 -38.00 164.00
v -24.32 -35.33 164.00
v -28.00 -38.00 174.56
v -24.32 -35.33 164.00
v -26.60 -33.68 164.00
v -28.00 -38.00 174.56
v -26.60 -33.68 164.00
v -29.40 -33.68 164.00
v -28.00 -38.00 174.56
v 25.41 -36.12 128.00
v 24.80 -38.00 128.00
v 24.80 -38.00 164.00
v 25.41 -36.12 164.00
v 24.80 -38.00 128.00
v 25.41 -39.88 128.00
v 25.41 -39.88 164.00
v 24.80 -38.00 164.00
v 25.41 -39.88 128.00
v 27.01 -41.04 128.00
v 27.01 -41.04 164.00
v 25.41 -39.88 164.00
v 27.01 -41.04 128.00
v 28.99 -41.04 128.00
v 28.99 -41.04 164.00
v 27.01 -41.04 164.00
v 28.99 -41.04 128.00
v 30.59 -39.88 128.00
v 30.59 -39.88 164.00
v 28.99 -41.04 164.00
v 30.59 -39.88 128.00
v 31.20 -38.00 128.00
v 31.20 -38.00 164.00
v 30.59 -39.88 164.00
v 31.20 -38.00 164.00
v 30.59 -36.12 164.00
v 28.99 -34.96 164.00
v 27.01 -34.96 164.00
v 25.41 -36.12 164.00
v 24.80 -38.00 164.00
v 25.41 -39.88 164.00
v 27.01 -41.04 164.00
v 28.99 -41.04 164.00
v 30.59 -39.88 164.00
v 32.54 -38.00 164.00
v 31.68 -35.33 164.00
v 28.00 -38.00 174.56
v 31.68 -35.33 164.00
v 29.40 -33.68 164.00
v 28.00 -38.00 174.56
v 29.40 -33.68 164.00
v 26.60 -33.68 164.00
v 28.00 -38.00 174.56
v -41.60 -42.00 124.00
v -37.40 -42.00 124.00
v -37.40 -54.00 140.00
v -41.60 -54.00 140.00
v -41.60 42.00 124.00
v -37.40 42.00 124.00
v -37.40 54.00 140.00
v -41.60 54.00 140.00
v -32.40 -42.00 124.00
v -28.20 -42.00 124.00
v -28.20 -54.00 140.00
v -32.40 -54.00 140.00
v -32.40 42.00 124.00
v -28.20 42.00 124.00
v -28.20 54.00 140.00
v -32.40 54.00 140.00
v -23.20 -42.00 124.00
v -19.00 -42.00 124.00
v -19.00 -54.00 140.00
v -23.20 -54.00 140.00
v -23.20 42.00 124.00
v -19.00 42.00 124.00
v -19.00 54.00 140.00
v -23.20 54.00 140.00
v -14.00 -42.00 124.00
v -9.80 -42.00 124.00
v -9.80 -54.00 140.00
v -14.00 -54.00 140.00
v -14.00 42.00 124.00
v -9.80 42.00 124.00
v -9.80 54.00 140.00
v -14.00 54.00 140.00
v -4.80 -42.00 124.00
v -0.60 -42.00 124.00
v -0.60 -54.00 140.00
v -4.80 -54.00 140.00
v -4.80 42.00 124.00
v -0.60 42.00 124.00
v -0.60 54.00 140.00
v -4.80 54.00 140.00
v 50.40 42.00 124.00
v 54.60 42.00 124.00
v 54.60 54.00 140.00
v 50.40 54.00 140.00
v 59.60 -42.00 124.00
v 63.80 -42.00 124.00
v 63.80 -54.00 140.00
v 59.60 -54.00 140.00
v 59.60 42.00 124.00
v 63.80 42.00 124.00
v 63.80 54.00 140.00
v 59.60 54.00 140.00
v -69.65 -6.00 186.00
v -70.28 -5.79 186.00
v -70.28 -5.79 208.00
v -69.65 -6.00 208.00
v -70.28 -5.79 186.00
v -69.89 -6.33 186.00
v -69.89 -6.33 208.00
v -70.28 -5.79 208.00
v -69.89 -6.33 186.00
v -69.65 -6.00 186.00
v -69.65 -6.00 208.00
v -69.89 -6.33 208.00
v -69.65 -6.00 208.00
v -70.28 -5.79 208.00
v -69.89 -6.33 208.00
v -70.00 -6.00 206.00
v -77.00 -6.00 206.00
v -77.00 -6.00 192.00
v -70.00 -6.00 192.00
v 70.35 -6.00 186.00
v 70.11 -5.67 186.00
v 70.11 -5.67 208.00
v 70.35 -6.00 208.00
v 70.11 -5.67 186.00
v 70.11 -6.33 186.00
v 70.11 -6.33 208.00
v 70.11 -5.67 208.00

usemtl mat_gilded
v 246.09 -40.00 108.03
v 245.69 -40.00 108.03
v 245.69 -40.00 112.03
v 246.49 -40.00 112.03
v 245.69 -40.00 108.03
v 246.09 -40.00 108.03
v 246.49 -40.00 112.03
v 245.69 -40.00 112.03
v 209.37 56.98 96.00
v 207.81 62.76 96.00
v 197.79 56.98 112.47
v 207.81 62.76 96.00
v 203.58 67.00 96.00
v 197.79 56.98 112.47
v 203.58 67.00 96.00
v 197.79 68.55 96.00
v 197.79 56.98 112.47
v 197.79 68.55 96.00
v 192.01 67.00 96.00
v 197.79 56.98 112.47
v 192.01 67.00 96.00
v 187.78 62.76 96.00
v 197.79 56.98 112.47
v 95.81 109.11 96.00
v 92.14 112.77 96.00
v 87.14 104.10 110.25
v 92.14 112.77 96.00
v 87.14 114.11 96.00
v 87.14 104.10 110.25
v 87.14 114.11 96.00
v 82.13 112.77 96.00
v 87.14 104.10 110.25
v 82.13 112.77 96.00
v 78.47 109.11 96.00
v 87.14 104.10 110.25
v 78.47 109.11 96.00
v 77.13 104.10 96.00
v 87.14 104.10 110.25
v 77.13 104.10 96.00
v 78.47 99.10 96.00
v 87.14 104.10 110.25
v 78.47 99.10 96.00
v 82.13 95.44 96.00
v 87.14 104.10 110.25
v -41.15 100.73 96.00
v -45.37 99.60 96.00
v -41.15 92.28 108.03
v -45.37 99.60 96.00
v -48.47 96.51 96.00
v -41.15 92.28 108.03
v -48.47 96.51 96.00
v -49.60 92.28 96.00
v -41.15 92.28 108.03
v -49.60 92.28 96.00
v -48.47 88.06 96.00
v -41.15 92.28 108.03
v -48.47 88.06 96.00
v -45.37 84.96 96.00
v -41.15 92.28 108.03
v -45.37 84.96 96.00
v -41.15 83.83 96.00
v -41.15 92.28 108.03
v -41.15 83.83 96.00
v -36.92 84.96 96.00
v -41.15 92.28 108.03
v -120.34 -7.29 96.00
v -114.56 -8.84 96.00
v -114.56 2.73 112.47
v -114.56 -8.84 96.00
v -108.77 -7.29 96.00
v -114.56 2.73 112.47
v -108.77 -7.29 96.00
v -104.54 -3.06 96.00
v -114.56 2.73 112.47
v -104.54 -3.06 96.00
v -102.99 2.73 96.00
v -114.56 2.73 112.47
v -114.16 2.73 112.47
v -114.56 2.73 112.47
v -114.36 3.07 116.47
v -114.16 2.73 116.47
v -114.56 2.73 112.47
v -114.76 2.38 112.47
v -114.76 2.38 116.47
v -114.36 3.07 116.47
v -114.76 2.38 112.47
v -114.16 2.73 112.47
v -114.16 2.73 116.47
v -114.76 2.38 116.47
v -87.45 -104.52 96.00
v -86.11 -99.51 96.00
v -96.12 -99.51 110.25
v -96.12 -99.51 110.25
v -96.32 -99.17 110.25
v -96.32 -99.17 114.25
v -95.72 -99.51 114.25
v -96.32 -99.17 110.25
v -96.12 -99.51 110.25
v -95.72 -99.51 114.25
v -96.32 -99.17 114.25
v -6.09 -178.12 96.00
v -7.22 -173.90 96.00
v -14.54 -178.12 108.03
v -7.22 -173.90 96.00
v -10.31 -170.81 96.00
v -14.54 -178.12 108.03
v -10.31 -170.81 96.00
v -14.54 -169.67 96.00
v -14.54 -178.12 108.03
v -14.54 -169.67 96.00
v -18.76 -170.81 96.00
v -14.54 -178.12 108.03
v -14.14 -178.12 112.03
v -14.74 -177.78 112.03
v -14.74 -178.47 112.03
v -14.34 -178.47 112.03
v 124.95 -184.22 96.00
v 123.40 -178.44 96.00
v 113.38 -184.22 112.47
v 123.40 -178.44 96.00
v 119.17 -174.20 96.00
v 113.38 -184.22 112.47
v 119.17 -174.20 96.00
v 113.38 -172.65 96.00
v 113.38 -184.22 112.47
v 113.38 -172.65 96.00
v 107.60 -174.20 96.00
v 113.38 -184.22 112.47
v 107.60 -174.20 96.00
v 103.36 -178.44 96.00
v 113.38 -184.22 112.47
v 103.36 -178.44 96.00
v 101.81 -184.22 96.00
v 113.38 -184.22 112.47
v 222.86 -115.61 96.00
v 219.20 -111.94 96.00
v 214.19 -120.61 110.25
v 219.20 -111.94 96.00
v 214.19 -110.60 96.00
v 214.19 -120.61 110.25
v 214.19 -110.60 96.00
v 209.19 -111.94 96.00
v 214.19 -120.61 110.25
v 209.19 -111.94 96.00
v 205.52 -115.61 96.00
v 214.19 -120.61 110.25
v 205.52 -115.61 96.00
v 204.18 -120.61 96.00
v 214.19 -120.61 110.25
v 204.18 -120.61 96.00
v 205.52 -125.62 96.00
v 214.19 -120.61 110.25
v 205.52 -125.62 96.00
v 209.19 -129.28 96.00
v 214.19 -120.61 110.25
v 64.00 -42.00 104.00
v 64.00 42.00 104.00
v 64.00 42.00 144.00
v 64.00 -42.00 144.00
v 64.00 42.00 104.00
v -64.00 42.00 104.00
v -64.00 42.00 144.00
v 64.00 42.00 144.00
v -64.00 42.00 104.00
v -64.00 -42.00 104.00
v -64.00 -42.00 144.00
v -64.00 42.00 144.00
v 65.80 -43.80 144.00
v -65.80 -43.80 144.00
v 0.00 -43.80 188.00
v 0.00 43.80 188.00
v 0.00 -43.80 188.00
v -65.80 43.80 144.00
v 65.80 43.80 144.00
v 0.00 43.80 188.00
v -65.80 -43.80 144.00
v -65.80 43.80 144.00
v 0.00 -43.80 188.00
v 65.80 -43.80 144.00
v 0.00 43.80 188.00
v 65.80 43.80 144.00
v -49.60 -24.00 156.00
v -46.40 -24.00 156.00
v -46.40 -27.00 156.00
v -49.60 -27.00 156.00
v -49.60 -27.00 162.50
v -46.40 -27.00 162.50
v -46.40 -24.00 162.50
v -49.60 -24.00 162.50
v -49.60 -27.00 156.00
v -46.40 -27.00 156.00
v -46.40 -27.00 162.50
v -49.60 -27.00 162.50
v -46.40 -27.00 156.00
v -46.40 -24.00 156.00
v -46.40 -24.00 162.50
v -46.40 -27.00 162.50
v -46.40 -24.00 156.00
v -49.60 -24.00 156.00
v -49.60 -24.00 162.50
v -46.40 -24.00 162.50
v -49.60 -24.00 156.00
v -49.60 -27.00 156.00
v -49.60 -27.00 162.50
v -49.60 -24.00 162.50
v -41.60 -24.00 156.00
v -38.40 -24.00 156.00
v -38.40 -27.00 156.00
v -41.60 -27.00 156.00
v -33.60 -24.00 156.00
v -33.60 -27.00 156.00
v -33.60 -27.00 162.50
v -33.60 -24.00 162.50
v -25.60 -24.00 156.00
v -22.40 -24.00 156.00
v -22.40 -27.00 156.00
v -25.60 -27.00 156.00
v -25.60 -27.00 162.50
v -22.40 -27.00 162.50
v -22.40 -24.00 162.50
v -25.60 -24.00 162.50
v -25.60 -27.00 156.00
v -22.40 -27.00 156.00
v -22.40 -27.00 162.50
v -25.60 -27.00 162.50
v -22.40 -27.00 156.00
v -22.40 -24.00 156.00
v -22.40 -24.00 162.50
v -22.40 -27.00 162.50
v -22.40 -24.00 156.00
v -25.60 -24.00 156.00
v -25.60 -24.00 162.50
v -22.40 -24.00 162.50
v 76.69 -3.61 166.00
v 78.05 -2.96 166.00
v 77.40 -1.61 166.00
v 76.04 -2.26 166.00
v 76.69 -3.61 164.40
v 78.05 -2.96 164.40
v 78.05 -2.96 166.00
v 76.69 -3.61 166.00
v 78.05 -2.96 164.40
v 77.40 -1.61 164.40
v 77.40 -1.61 166.00
v 78.05 -2.96 166.00
v 77.40 -1.61 164.40
v 76.04 -2.26 164.40
v 76.04 -2.26 166.00
v 77.40 -1.61 166.00
v 76.04 -2.26 164.40
v 76.69 -3.61 164.40
v 76.69 -3.61 166.00
v 76.04 -2.26 166.00
v 73.82 -0.01 164.40
v 74.76 1.17 164.40
v 75.93 0.23 164.40
v 74.99 -0.94 164.40
v 74.99 -0.94 166.00
v 75.93 0.23 166.00
v 74.76 1.17 166.00
v 73.82 -0.01 166.00
v -10.71 -15.88 157.71
v -6.43 -15.88 157.71
v -6.43 -16.52 157.71
v -10.71 -16.52 157.71
v -10.71 -16.52 163.43
v -6.43 -16.52 163.43
v -6.43 -15.88 163.43
v -10.71 -15.88 163.43
v -10.71 -16.52 157.71
v -6.43 -16.52 157.71
v -6.43 -16.52 163.43
v -10.71 -16.52 163.43
v -6.43 -16.52 157.71
v -6.43 -15.88 157.71
v -6.43 -15.88 163.43
v -6.43 -16.52 163.43
v -6.43 -15.88 157.71
v -10.71 -15.88 157.71
v -10.71 -15.88 163.43
v -6.43 -15.88 163.43
v -10.71 -15.88 157.71
v -10.71 -16.52 157.71
v -10.71 -16.52 163.43
v -10.71 -15.88 163.43
v -2.14 -15.88 157.71
v 2.14 -15.88 157.71
v 2.14 -16.52 157.71
v -2.14 -16.52 157.71
v 52.58 27.62 128.00
v 55.42 27.62 128.00
v 55.42 27.62 176.00
v 52.58 27.62 176.00
v 55.42 27.62 128.00
v 57.72 29.30 128.00
v 57.72 29.30 176.00
v 55.42 27.62 176.00
v 57.72 29.30 128.00
v 58.60 32.00 128.00
v 58.60 32.00 176.00
v 57.72 29.30 176.00
v 58.60 32.00 176.00
v 57.72 34.70 176.00
v 55.42 36.38 176.00
v 52.58 36.38 176.00
v 50.28 34.70 176.00
v 49.40 32.00 176.00
v 50.28 29.30 176.00
v 52.58 27.62 176.00
v 55.42 27.62 176.00
v 57.72 29.30 176.00
v 60.53 32.00 176.00
v 59.28 35.84 176.00
v 54.00 32.00 191.18
v 59.28 35.84 176.00
v 56.02 38.21 176.00
v 54.00 32.00 191.18
v 56.02 38.21 176.00
v 51.98 38.21 176.00
v 54.00 32.00 191.18

usemtl mat_sandstone
v -41.60 -27.00 162.50
v -38.40 -27.00 162.50
v -38.40 -24.00 162.50
v -41.60 -24.00 162.50
v -41.60 -27.00 156.00
v -38.40 -27.00 156.00
v -38.40 -27.00 162.50
v -41.60 -27.00 162.50
v -38.40 -27.00 156.00
v -38.40 -24.00 156.00
v -38.40 -24.00 162.50
v -38.40 -27.00 162.50
v -38.40 -24.00 156.00
v -41.60 -24.00 156.00
v -41.60 -24.00 162.50
v -38.40 -24.00 162.50
v -41.60 -24.00 156.00
v -41.60 -27.00 156.00
v -41.60 -27.00 162.50
v -41.60 -24.00 162.50
v -33.60 -24.00 156.00
v -30.40 -24.00 156.00
v -30.40 -27.00 156.00
v -33.60 -27.00 156.00
v -3.87 -42.52 126.40
v 3.87 -42.52 126.40
v 3.87 -41.88 126.40
v -3.87 -41.88 126.40
v -3.87 -42.52 121.20
v 3.87 -42.52 121.20
v 3.87 -42.52 126.40
v -3.87 -42.52 126.40
v 3.87 -42.52 121.20
v 3.87 -41.88 121.20
v 3.87 -41.88 126.40
v 3.87 -42.52 126.40
v 3.87 -41.88 121.20
v -3.87 -41.88 121.20
v -3.87 -41.88 126.40
v 3.87 -41.88 126.40
v -3.87 -41.88 121.20
v -3.87 -42.52 121.20
v -3.87 -42.52 126.40
v -3.87 -41.88 126.40
v 11.60 -41.88 121.20
v 19.33 -41.88 121.20
v 19.33 -42.52 121.20
v 11.60 -42.52 121.20
v -53.10 -24.09 174.00
v -54.20 -26.00 174.00
v -52.00 -26.00 182.00
v -54.20 -26.00 174.00
v -53.10 -27.91 174.00
v -52.00 -26.00 182.00
v -53.10 -27.91 174.00
v -50.90 -27.91 174.00
v -52.00 -26.00 182.00
v -50.90 -27.91 174.00
v -49.80 -26.00 174.00
v -52.00 -26.00 182.00
v -50.50 26.00 158.00
v -51.25 27.30 158.00
v -51.25 27.30 174.00
v -50.50 26.00 174.00
v -51.25 27.30 158.00
v -52.75 27.30 158.00
v -52.75 27.30 174.00
v -51.25 27.30 174.00
v -52.75 27.30 158.00
v -53.50 26.00 158.00
v -53.50 26.00 174.00
v -52.75 27.30 174.00
v -53.50 26.00 158.00
v -52.75 24.70 158.00
v -52.75 24.70 174.00
v -53.50 26.00 174.00
v -52.75 24.70 158.00
v -51.25 24.70 158.00
v -51.25 24.70 174.00
v -52.75 24.70 174.00
v -51.25 24.70 158.00
v -50.50 26.00 158.00
v -50.50 26.00 174.00
v -51.25 24.70 174.00
v -50.50 26.00 174.00
v -51.25 27.30 174.00
v -52.75 27.30 174.00
v -53.50 26.00 174.00
v -52.75 24.70 174.00
v -51.25 24.70 174.00
v -49.80 26.00 174.00
v -50.90 27.91 174.00
v -52.00 26.00 182.00
v -50.90 27.91 174.00
v -53.10 27.91 174.00
v -52.00 26.00 182.00
v -53.10 27.91 174.00
v -54.20 26.00 174.00
v -52.00 26.00 182.00
v -54.20 26.00 174.00
v -53.10 24.09 174.00
v -52.00 26.00 182.00
v -53.10 24.09 174.00
v -50.90 24.09 174.00
v -52.00 26.00 182.00
v -50.90 24.09 174.00
v -49.80 26.00 174.00
v -52.00 26.00 182.00
v -37.50 -26.00 158.00
v -38.25 -24.70 158.00
v -38.25 -24.70 174.00
v -37.50 -26.00 174.00
v -38.25 -24.70 158.00
v -39.75 -24.70 158.00
v -39.75 -24.70 174.00
v -38.25 -24.70 174.00
v -39.75 -24.70 158.00
v -40.50 -26.00 158.00
v -40.50 -26.00 174.00
v -39.75 -24.70 174.00
v -40.50 -26.00 158.00
v -39.75 -27.30 158.00
v -39.75 -27.30 174.00
v -40.50 -26.00 174.00
v -39.75 -27.30 158.00
v -38.25 -27.30 158.00
v -38.25 -27.30 174.00
v -39.75 -27.30 174.00
v -38.25 -27.30 158.00
v -37.50 -26.00 158.00
v -37.50 -26.00 174.00
v -38.25 -27.30 174.00
v -37.50 -26.00 174.00
v -38.25 -24.70 174.00
v -39.75 -24.70 174.00
v -40.50 -26.00 174.00
v -39.75 -27.30 174.00
v -38.25 -27.30 174.00
v -36.80 -26.00 174.00
v -37.90 -24.09 174.00
v -39.00 -26.00 182.00
v -37.90 -24.09 174.00
v -40.10 -24.09 174.00
v -39.00 -26.00 182.00
v -40.10 -24.09 174.00
v -41.20 -26.00 174.00
v -39.00 -26.00 182.00
v -40.50 26.00 158.00
v -39.75 24.70 158.00
v -39.75 24.70 174.00
v -40.50 26.00 174.00
v -39.75 24.70 158.00
v -38.25 24.70 158.00
v -38.25 24.70 174.00
v -39.75 24.70 174.00
v -38.25 24.70 158.00
v -37.50 26.00 158.00
v -37.50 26.00 174.00
v -38.25 24.70 174.00
v -37.50 26.00 174.00
v -38.25 27.30 174.00
v -39.75 27.30 174.00
v -40.50 26.00 174.00
v -39.75 24.70 174.00
v -38.25 24.70 174.00
v -36.80 26.00 174.00
v -37.90 27.91 174.00
v -39.00 26.00 182.00
v -37.90 27.91 174.00
v -40.10 27.91 174.00
v -39.00 26.00 182.00
v -40.10 27.91 174.00
v -41.20 26.00 174.00
v -39.00 26.00 182.00
v -27.50 -26.00 158.00
v -26.75 -27.30 158.00
v -26.75 -27.30 174.00
v -27.50 -26.00 174.00
v -26.75 -27.30 158.00
v -25.25 -27.30 158.00
v -25.25 -27.30 174.00
v -26.75 -27.30 174.00
v -25.25 -27.30 158.00
v -24.50 -26.00 158.00
v -24.50 -26.00 174.00
v -25.25 -27.30 174.00
v -24.50 -26.00 174.00
v -25.25 -24.70 174.00
v -26.75 -24.70 174.00
v -27.50 -26.00 174.00
v -26.75 -27.30 174.00
v -25.25 -27.30 174.00
v -23.80 -26.00 174.00
v -24.90 -24.09 174.00
v -26.00 -26.00 182.00
v -24.90 -24.09 174.00
v -27.10 -24.09 174.00
v -26.00 -26.00 182.00
v -27.10 -24.09 174.00
v -28.20 -26.00 174.00
v -26.00 -26.00 182.00
v -27.50 26.00 158.00
v -26.75 24.70 158.00
v -26.75 24.70 174.00
v -27.50 26.00 174.00
v -26.75 24.70 158.00
v -25.25 24.70 158.00
v -25.25 24.70 174.00
v -26.75 24.70 174.00
v -25.25 24.70 158.00
v -24.50 26.00 158.00
v -24.50 26.00 174.00
v -25.25 24.70 174.00
v -24.50 26.00 174.00
v -25.25 27.30 174.00
v -26.75 27.30 174.00
v -27.50 26.00 174.00
v -26.75 24.70 174.00
v -25.25 24.70 174.00
v -23.80 26.00 174.00
v -24.90 27.91 174.00
v -26.00 26.00 182.00
v -24.90 27.91 174.00
v -27.10 27.91 174.00
v -26.00 26.00 182.00
v -27.10 27.91 174.00
v -28.20 26.00 174.00
v -26.00 26.00 182.00
v -14.50 -26.00 158.00
v -13.75 -27.30 158.00
v -13.75 -27.30 174.00
v -14.50 -26.00 174.00
v -13.75 -27.30 158.00
v -12.25 -27.30 158.00
v -12.25 -27.30 174.00
v -13.75 -27.30 174.00
v -12.25 -27.30 158.00
v -11.50 -26.00 158.00
v -11.50 -26.00 174.00
v -12.25 -27.30 174.00
v -11.50 -26.00 174.00
v -12.25 -24.70 174.00
v -13.75 -24.70 174.00
v -14.50 -26.00 174.00
v -13.75 -27.30 174.00
v -12.25 -27.30 174.00
v -11.50 -26.00 174.00
v -11.90 -24.09 174.00
v -13.00 -26.00 182.00
v -11.90 -24.09 174.00
v -14.10 -24.09 174.00
v -13.00 -26.00 182.00
v -14.10 -24.09 174.00
v -14.50 -26.00 174.00
v -13.00 -26.00 182.00
v -14.50 26.00 158.00
v -13.75 24.70 158.00
v -13.75 24.70 174.00
v -14.50 26.00 174.00
v -13.75 24.70 158.00
v -12.25 24.70 158.00
v -12.25 24.70 174.00
v -13.75 24.70 174.00
v -12.25 24.70 158.00
v -11.50 26.00 158.00
v -11.50 26.00 174.00
v -12.25 24.70 174.00
v -11.50 26.00 174.00
v -12.25 27.30 174.00
v -13.75 27.30 174.00
v -14.50 26.00 174.00
v -13.75 24.70 174.00
v -12.25 24.70 174.00
v -11.50 26.00 174.00
v -11.90 27.91 174.00
v -13.00 26.00 182.00
v -11.90 27.91 174.00
v -14.10 27.91 174.00
v -13.00 26.00 182.00
v -14.10 27.91 174.00
v -14.50 26.00 174.00
v -13.00 26.00 182.00
v -1.50 -26.00 158.00
v -0.75 -27.30 158.00
v -0.75 -27.30 174.00
v -1.50 -26.00 174.00
v -0.75 -27.30 158.00
v 0.75 -27.30 158.00
v 0.75 -27.30 174.00
v -0.75 -27.30 174.00
v 0.75 -27.30 158.00
v 1.50 -26.00 158.00
v 1.50 -26.00 174.00
v 0.75 -27.30 174.00
v 1.50 -26.00 174.00
v 0.75 -24.70 174.00
v -0.75 -24.70 174.00
v -1.50 -26.00 174.00
v -0.75 -27.30 174.00
v 0.75 -27.30 174.00
v 2.20 -26.00 174.00
v 1.10 -24.09 174.00
v 0.00 -26.00 182.00
v 1.10 -24.09 174.00
v -1.10 -24.09 174.00
v 0.00 -26.00 182.00
v -1.10 -24.09 174.00
v -2.20 -26.00 174.00
v 0.00 -26.00 182.00
v -1.50 26.00 158.00
v -0.75 24.70 158.00
v -0.75 24.70 174.00
v -1.50 26.00 174.00
v -0.75 24.70 158.00
v 0.75 24.70 158.00
v 0.75 24.70 174.00
v -0.75 24.70 174.00
v 0.75 24.70 158.00
v 1.50 26.00 158.00
v 1.50 26.00 174.00
v 0.75 24.70 174.00
v 1.50 26.00 174.00
v 0.75 27.30 174.00
v -0.75 27.30 174.00
v -1.50 26.00 174.00
v -0.75 24.70 174.00
v 0.75 24.70 174.00
v 2.20 26.00 174.00
v 1.10 27.91 174.00
v 0.00 26.00 182.00
v 1.10 27.91 174.00
v -1.10 27.91 174.00
v 0.00 26.00 182.00
v -1.10 27.91 174.00
v -2.20 26.00 174.00
v 0.00 26.00 182.00
v 11.50 -26.00 158.00
v 12.25 -27.30 158.00
v 12.25 -27.30 174.00
v 11.50 -26.00 174.00
v 12.25 -27.30 158.00
v 13.75 -27.30 158.00
v 13.75 -27.30 174.00
v 12.25 -27.30 174.00
v 13.75 -27.30 158.00
v 14.50 -26.00 158.00
v 14.50 -26.00 174.00
v 13.75 -27.30 174.00
v 14.50 -26.00 174.00
v 13.75 -24.70 174.00
v 12.25 -24.70 174.00
v 11.50 -26.00 174.00
v 12.25 -27.30 174.00
v 13.75 -27.30 174.00
v 14.50 -26.00 174.00
v 14.10 -24.09 174.00
v 13.00 -26.00 182.00
v 14.10 -24.09 174.00
v 11.90 -24.09 174.00
v 13.00 -26.00 182.00
v 11.90 -24.09 174.00
v 11.50 -26.00 174.00
v 13.00 -26.00 182.00
v 11.50 26.00 158.00
v 12.25 24.70 158.00
v 12.25 24.70 174.00
v 11.50 26.00 174.00
v 12.25 24.70 158.00
v 13.75 24.70 158.00
v 13.75 24.70 174.00
v 12.25 24.70 174.00
v 13.75 24.70 158.00
v 14.50 26.00 158.00
v 14.50 26.00 174.00
v 13.75 24.70 174.00
v 14.50 26.00 174.00
v 13.75 27.30 174.00
v 12.25 27.30 174.00
v 11.50 26.00 174.00
v 12.25 24.70 174.00
v 13.75 24.70 174.00
v 14.50 26.00 174.00
v 14.10 27.91 174.00
v 13.00 26.00 182.00
v 14.10 27.91 174.00
v 11.90 27.91 174.00
v 13.00 26.00 182.00
v 11.90 27.91 174.00
v 11.50 26.00 174.00
v 13.00 26.00 182.00
v 24.50 -26.00 158.00
v 25.25 -27.30 158.00
v 25.25 -27.30 174.00
v 24.50 -26.00 174.00
v 25.25 -27.30 158.00
v 26.75 -27.30 158.00
v 26.75 -27.30 174.00
v 25.25 -27.30 174.00
v 26.75 -27.30 158.00
v 27.50 -26.00 158.00
v 27.50 -26.00 174.00
v 26.75 -27.30 174.00
v 27.50 -26.00 174.00
v 26.75 -24.70 174.00
v 25.25 -24.70 174.00
v 24.50 -26.00 174.00
v 25.25 -27.30 174.00
v 26.75 -27.30 174.00
v 28.20 -26.00 174.00
v 27.10 -24.09 174.00
v 26.00 -26.00 182.00
v 27.10 -24.09 174.00
v 24.90 -24.09 174.00
v 26.00 -26.00 182.00
v 24.90 -24.09 174.00
v 23.80 -26.00 174.00
v 26.00 -26.00 182.00
v 24.50 26.00 158.00
v 25.25 24.70 158.00
v 25.25 24.70 174.00
v 24.50 26.00 174.00
v 25.25 24.70 158.00
v 26.75 24.70 158.00
v 26.75 24.70 174.00
v 25.25 24.70 174.00
v 26.75 24.70 158.00
v 27.50 26.00 158.00
v 27.50 26.00 174.00
v 26.75 24.70 174.00
v 27.50 26.00 174.00
v 26.75 27.30 174.00
v 25.25 27.30 174.00
v 24.50 26.00 174.00
v 25.25 24.70 174.00
v 26.75 24.70 174.00
v 28.20 26.00 174.00
v 27.10 27.91 174.00
v 26.00 26.00 182.00
v 27.10 27.91 174.00
v 24.90 27.91 174.00
v 26.00 26.00 182.00
v 24.90 27.91 174.00
v 23.80 26.00 174.00
v 26.00 26.00 182.00
v 37.50 -26.00 158.00
v 38.25 -27.30 158.00
v 38.25 -27.30 174.00
v 37.50 -26.00 174.00
v 38.25 -27.30 158.00
v 39.75 -27.30 158.00
v 39.75 -27.30 174.00
v 38.25 -27.30 174.00
v 39.75 -27.30 158.00
v 40.50 -26.00 158.00
v 40.50 -26.00 174.00
v 39.75 -27.30 174.00
v 40.50 -26.00 174.00
v 39.75 -24.70 174.00
v 38.25 -24.70 174.00
v 37.50 -26.00 174.00
v 38.25 -27.30 174.00
v 39.75 -27.30 174.00
v 41.20 -26.00 174.00
v 40.10 -24.09 174.00
v 39.00 -26.00 182.00
v 40.10 -24.09 174.00
v 37.90 -24.09 174.00
v 39.00 -26.00 182.00
v 37.90 -24.09 174.00
v 36.80 -26.00 174.00
v 39.00 -26.00 182.00
v 37.50 26.00 158.00
v 38.25 24.70 158.00
v 38.25 24.70 174.00
v 37.50 26.00 174.00
v 38.25 24.70 158.00
v 39.75 24.70 158.00
v 39.75 24.70 174.00
v 38.25 24.70 174.00
v 39.75 24.70 158.00
v 40.50 26.00 158.00
v 40.50 26.00 174.00
v 39.75 24.70 174.00
v 40.50 26.00 174.00
v 39.75 27.30 174.00
v 38.25 27.30 174.00
v 37.50 26.00 174.00
v 38.25 24.70 174.00
v 39.75 24.70 174.00
v 41.20 26.00 174.00
v 40.10 27.91 174.00
v 39.00 26.00 182.00
v 40.10 27.91 174.00
v 37.90 27.91 174.00
v 39.00 26.00 182.00
v 37.90 27.91 174.00
v 36.80 26.00 174.00
v 39.00 26.00 182.00
v 50.50 -26.00 158.00
v 51.25 -27.30 158.00
v 51.25 -27.30 174.00
v 50.50 -26.00 174.00
v 51.25 -27.30 158.00
v 52.75 -27.30 158.00
v 52.75 -27.30 174.00
v 51.25 -27.30 174.00
v 52.75 -27.30 158.00
v 53.50 -26.00 158.00
v 53.50 -26.00 174.00
v 52.75 -27.30 174.00
v 53.50 -26.00 174.00
v 52.75 -24.70 174.00
v 51.25 -24.70 174.00
v 50.50 -26.00 174.00
v 51.25 -27.30 174.00
v 52.75 -27.30 174.00
v 54.20 -26.00 174.00
v 53.10 -24.09 174.00
v 52.00 -26.00 182.00
v 53.10 -24.09 174.00
v 50.90 -24.09 174.00
v 52.00 -26.00 182.00
v 50.90 -24.09 174.00
v 49.80 -26.00 174.00
v 52.00 -26.00 182.00
v 50.50 26.00 158.00
v 51.25 24.70 158.00
v 51.25 24.70 174.00
v 50.50 26.00 174.00
v 51.25 24.70 158.00
v 52.75 24.70 158.00
v 52.75 24.70 174.00
v 51.25 24.70 174.00
v 52.75 24.70 158.00
v 53.50 26.00 158.00
v 53.50 26.00 174.00
v 52.75 24.70 174.00
v 53.50 26.00 174.00
v 52.75 27.30 174.00
v 51.25 27.30 174.00
v 50.50 26.00 174.00
v 51.25 24.70 174.00
v 52.75 24.70 174.00
v 54.20 26.00 174.00
v 53.10 27.91 174.00
v 52.00 26.00 182.00
v 53.10 27.91 174.00
v 50.90 27.91 174.00
v 52.00 26.00 182.00
v 50.90 27.91 174.00
v 49.80 26.00 174.00
v 52.00 26.00 182.00
v -66.75 1.85 102.00
v -70.00 2.50 102.00
v -70.00 2.50 168.00
v -66.75 1.85 168.00
v -70.00 2.50 102.00
v -73.25 1.85 102.00
v -73.25 1.85 168.00
v -70.00 2.50 168.00
v -73.25 1.85 102.00
v -76.01 0.01 102.00
v -76.01 0.01 168.00
v -73.25 1.85 168.00
v -76.01 0.01 102.00
v -77.85 -2.75 102.00
v -77.85 -2.75 168.00
v -76.01 0.01 168.00
v -77.85 -2.75 102.00
v -78.50 -6.00 102.00
v -78.50 -6.00 168.00
v -77.85 -2.75 168.00
v -78.50 -6.00 102.00
v -77.85 -9.25 102.00
v -77.85 -9.25 168.00
v -78.50 -6.00 168.00
v -77.85 -9.25 102.00
v -76.01 -12.01 102.00
v -76.01 -12.01 168.00
v -77.85 -9.25 168.00
v -61.50 -6.00 168.00
v -62.15 -2.75 168.00
v -63.99 0.01 168.00
v -66.75 1.85 168.00
v -70.00 2.50 168.00
v -73.25 1.85 168.00
v -76.01 0.01 168.00
v -77.85 -2.75 168.00
v -78.50 -6.00 168.00
v -77.85 -9.25 168.00
v -76.01 -12.01 168.00
v -73.25 -13.85 168.00
v -70.00 -14.50 168.00
v -66.75 -13.85 168.00
v -63.99 -12.01 168.00
v -62.15 -9.25 168.00
v -62.93 -5.25 164.40
v -61.43 -5.25 164.40
v -61.43 -6.75 164.40
v -62.93 -6.75 164.40
v -62.93 -6.75 166.00
v -61.43 -6.75 166.00
v -61.43 -5.25 166.00
v -62.93 -5.25 166.00
v -62.93 -6.75 164.40
v -61.43 -6.75 164.40
v -61.43 -6.75 166.00
v -62.93 -6.75 166.00
v -61.43 -6.75 164.40
v -61.43 -5.25 164.40
v -61.43 -5.25 166.00
v -61.43 -6.75 166.00
v -61.43 -5.25 164.40
v -62.93 -5.25 164.40
v -62.93 -5.25 166.00
v -61.43 -5.25 166.00
v -62.93 -5.25 164.40
v -62.93 -6.75 164.40
v -62.93 -6.75 166.00
v -62.93 -5.25 166.00
v -66.18 -0.01 164.40
v -65.24 1.17 164.40
v -64.07 0.23 164.40
v -65.01 -0.94 164.40
v -65.01 -0.94 166.00
v -64.07 0.23 166.00
v -65.24 1.17 166.00
v -66.18 -0.01 166.00
v -65.01 -0.94 164.40
v -64.07 0.23 164.40
v -64.07 0.23 166.00
v -65.01 -0.94 166.00
v -64.07 0.23 164.40
v -65.24 1.17 164.40
v -65.24 1.17 166.00
v -64.07 0.23 166.00
v -65.24 1.17 164.40
v -66.18 -0.01 164.40
v -66.18 -0.01 166.00
v -65.24 1.17 166.00
v -66.18 -0.01 164.40
v -65.01 -0.94 164.40
v -65.01 -0.94 166.00
v -66.18 -0.01 166.00
v -69.16 1.06 164.40
v -68.82 2.52 164.40
v -67.36 2.19 164.40
v -67.70 0.73 164.40
v -67.70 0.73 166.00
v -67.36 2.19 166.00
v -68.82 2.52 166.00
v -69.16 1.06 166.00
v -67.70 0.73 164.40
v -67.36 2.19 164.40
v -67.36 2.19 166.00
v -67.70 0.73 166.00
v -67.36 2.19 164.40
v -68.82 2.52 164.40
v -68.82 2.52 166.00
v -67.36 2.19 166.00
v -68.82 2.52 164.40
v -69.16 1.06 164.40
v -69.16 1.06 166.00
v -68.82 2.52 166.00
v -69.16 1.06 164.40
v -67.70 0.73 164.40
v -67.70 0.73 166.00
v -69.16 1.06 166.00
v -72.30 0.73 164.40
v -72.64 2.19 164.40
v -71.18 2.52 164.40
v -70.84 1.06 164.40
v -70.84 1.06 166.00
v -71.18 2.52 166.00
v -72.64 2.19 166.00
v -72.30 0.73 166.00
v -70.84 1.06 164.40
v -71.18 2.52 164.40
v -71.18 2.52 166.00
v -70.84 1.06 166.00
v -71.18 2.52 164.40
v -72.64 2.19 164.40
v -72.64 2.19 166.00
v -71.18 2.52 166.00
v -72.64 2.19 164.40
v -72.30 0.73 164.40
v -72.30 0.73 166.00
v -72.64 2.19 166.00
v -72.30 0.73 164.40
v -70.84 1.06 164.40
v -70.84 1.06 166.00
v -72.30 0.73 166.00
v -74.99 -0.94 164.40
v -75.93 0.23 164.40
v -74.76 1.17 164.40
v -73.82 -0.01 164.40
v -73.82 -0.01 166.00
v -74.76 1.17 166.00
v -75.93 0.23 166.00
v -74.99 -0.94 166.00
v -73.82 -0.01 164.40
v -74.76 1.17 164.40
v -74.76 1.17 166.00
v -73.82 -0.01 166.00
v -74.76 1.17 164.40
v -75.93 0.23 164.40
v -75.93 0.23 166.00
v -74.76 1.17 166.00
v -75.93 0.23 164.40
v -74.99 -0.94 164.40
v -74.99 -0.94 166.00
v -75.93 0.23 166.00
v -74.99 -0.94 164.40
v -73.82 -0.01 164.40
v -73.82 -0.01 166.00
v -74.99 -0.94 166.00
v -76.69 -3.61 164.40
v -78.05 -2.96 164.40
v -77.40 -1.61 164.40
v -76.04 -2.26 164.40
v -76.04 -2.26 166.00
v -77.40 -1.61 166.00
v -78.05 -2.96 166.00
v -76.69 -3.61 166.00
v -76.04 -2.26 164.40
v -77.40 -1.61 164.40
v -77.40 -1.61 166.00
v -76.04 -2.26 166.00
v -77.40 -1.61 164.40
v -78.05 -2.96 164.40
v -78.05 -2.96 166.00
v -77.40 -1.61 166.00
v -78.05 -2.96 164.40
v -76.69 -3.61 164.40
v -76.69 -3.61 166.00
v -78.05 -2.96 166.00
v -76.69 -3.61 164.40
v -76.04 -2.26 164.40
v -76.04 -2.26 166.00
v -76.69 -3.61 166.00
v -77.07 -6.75 164.40
v -78.57 -6.75 164.40
v -78.57 -5.25 164.40
v -77.07 -5.25 164.40
v -77.07 -5.25 166.00
v -78.57 -5.25 166.00
v -78.57 -6.75 166.00
v -77.07 -6.75 166.00
v -77.07 -5.25 164.40
v -78.57 -5.25 164.40
v -78.57 -5.25 166.00
v -77.07 -5.25 166.00
v -78.57 -5.25 164.40
v -78.57 -6.75 164.40
v -78.57 -6.75 166.00
v -78.57 -5.25 166.00
v -78.57 -6.75 164.40
v -77.07 -6.75 164.40
v -77.07 -6.75 166.00
v -78.57 -6.75 166.00
v -77.07 -6.75 164.40
v -77.07 -5.25 164.40
v -77.07 -5.25 166.00
v -77.07 -6.75 166.00
v -76.04 -9.74 164.40
v -77.40 -10.39 164.40
v -78.05 -9.04 164.40
v -76.69 -8.39 164.40
v -76.69 -8.39 166.00
v -78.05 -9.04 166.00
v -77.40 -10.39 166.00
v -76.04 -9.74 166.00
v -76.69 -8.39 164.40
v -78.05 -9.04 164.40
v -78.05 -9.04 166.00
v -76.69 -8.39 166.00
v -78.05 -9.04 164.40
v -77.40 -10.39 164.40
v -77.40 -10.39 166.00
v -78.05 -9.04 166.00
v -77.40 -10.39 164.40
v -76.04 -9.74 164.40
v -76.04 -9.74 166.00
v -77.40 -10.39 166.00
v -76.04 -9.74 164.40
v -76.69 -8.39 164.40
v -76.69 -8.39 166.00
v -76.04 -9.74 166.00
v -73.82 -11.99 164.40
v -74.76 -13.17 164.40
v -75.93 -12.23 164.40
v -74.99 -11.06 164.40
v -74.99 -11.06 166.00
v -75.93 -12.23 166.00
v -74.76 -13.17 166.00
v -73.82 -11.99 166.00
v -74.99 -11.06 164.40
v -75.93 -12.23 164.40
v -75.93 -12.23 166.00
v -74.99 -11.06 166.00
v -75.93 -12.23 164.40
v -74.76 -13.17 164.40
v -74.76 -13.17 166.00
v -75.93 -12.23 166.00
v -74.76 -13.17 164.40
v -73.82 -11.99 164.40
v -73.82 -11.99 166.00
v -74.76 -13.17 166.00
v -73.82 -11.99 164.40
v -74.99 -11.06 164.40
v -74.99 -11.06 166.00
v -73.82 -11.99 166.00
v -70.84 -13.06 164.40
v -71.18 -14.52 164.40
v -72.64 -14.19 164.40
v -72.30 -12.73 164.40
v -72.30 -12.73 166.00
v -72.64 -14.19 166.00
v -71.18 -14.52 166.00
v -70.84 -13.06 166.00
v -72.30 -12.73 164.40
v -72.64 -14.19 164.40
v -72.64 -14.19 166.00
v -72.30 -12.73 166.00
v -72.64 -14.19 164.40
v -71.18 -14.52 164.40
v -71.18 -14.52 166.00
v -72.64 -14.19 166.00
v -71.18 -14.52 164.40
v -70.84 -13.06 164.40
v -70.84 -13.06 166.00
v -71.18 -14.52 166.00
v -70.84 -13.06 164.40
v -72.30 -12.73 164.40
v -72.30 -12.73 166.00
v -70.84 -13.06 166.00
v -67.70 -12.73 164.40
v -67.36 -14.19 164.40
v -68.82 -14.52 164.40
v -69.16 -13.06 164.40
v -69.16 -13.06 166.00
v -68.82 -14.52 166.00
v -67.36 -14.19 166.00
v -67.70 -12.73 166.00
v -69.16 -13.06 164.40
v -68.82 -14.52 164.40
v -68.82 -14.52 166.00
v -69.16 -13.06 166.00
v -68.82 -14.52 164.40
v -67.36 -14.19 164.40
v -67.36 -14.19 166.00
v -68.82 -14.52 166.00
v -67.36 -14.19 164.40
v -67.70 -12.73 164.40
v -67.70 -12.73 166.00
v -67.36 -14.19 166.00
v -67.70 -12.73 164.40
v -69.16 -13.06 164.40
v -69.16 -13.06 166.00
v -67.70 -12.73 166.00
v -65.01 -11.06 164.40
v -64.07 -12.23 164.40
v -65.24 -13.17 164.40
v -66.18 -11.99 164.40
v -66.18 -11.99 166.00
v -65.24 -13.17 166.00
v -64.07 -12.23 166.00
v -65.01 -11.06 166.00
v -66.18 -11.99 164.40
v -65.24 -13.17 164.40
v -65.24 -13.17 166.00
v -66.18 -11.99 166.00
v -65.24 -13.17 164.40
v -64.07 -12.23 164.40
v -64.07 -12.23 166.00
v -65.24 -13.17 166.00
v -64.07 -12.23 164.40
v -65.01 -11.06 164.40
v -65.01 -11.06 166.00
v -64.07 -12.23 166.00
v -65.01 -11.06 164.40
v -66.18 -11.99 164.40
v -66.18 -11.99 166.00
v -65.01 -11.06 166.00
v -63.30 -8.39 164.40
v -61.95 -9.04 164.40
v -62.60 -10.39 164.40
v -63.96 -9.74 164.40
v -63.96 -9.74 166.00
v -62.60 -10.39 166.00
v -61.95 -9.04 166.00
v -63.30 -8.39 166.00
v -63.96 -9.74 164.40
v -62.60 -10.39 164.40
v -62.60 -10.39 166.00
v -63.96 -9.74 166.00
v -62.60 -10.39 164.40
v -61.95 -9.04 164.40
v -61.95 -9.04 166.00
v -62.60 -10.39 166.00
v -61.95 -9.04 164.40
v -63.30 -8.39 164.40
v -63.30 -8.39 166.00
v -61.95 -9.04 166.00
v -63.30 -8.39 164.40
v -63.96 -9.74 164.40
v -63.96 -9.74 166.00
v -63.30 -8.39 166.00
v -60.65 -6.00 166.00
v -61.58 -1.94 166.00
v -61.58 -1.94 168.40
v -60.65 -6.00 168.40
v -61.58 -1.94 166.00
v -64.17 1.31 166.00
v -64.17 1.31 168.40
v -61.58 -1.94 168.40
v -64.17 1.31 166.00
v -67.92 3.12 166.00
v -67.92 3.12 168.40
v -64.17 1.31 168.40
v -67.92 3.12 166.00
v -72.08 3.12 166.00
v -72.08 3.12 168.40
v -67.92 3.12 168.40
v -72.08 3.12 166.00
v -75.83 1.31 166.00
v -75.83 1.31 168.40
v -72.08 3.12 168.40
v -75.83 1.31 166.00
v -78.42 -1.94 166.00
v -78.42 -1.94 168.40
v -75.83 1.31 168.40
v -78.42 -1.94 166.00
v -79.35 -6.00 166.00
v -79.35 -6.00 168.40
v -78.42 -1.94 168.40
v -79.35 -6.00 166.00
v -78.42 -10.06 166.00
v -78.42 -10.06 168.40
v -79.35 -6.00 168.40
v -78.42 -10.06 166.00
v -75.83 -13.31 166.00
v -75.83 -13.31 168.40
v -78.42 -10.06 168.40
v -75.83 -13.31 166.00
v -72.08 -15.12 166.00
v -72.08 -15.12 168.40
v -75.83 -13.31 168.40
v -72.08 -15.12 166.00
v -67.92 -15.12 166.00
v -67.92 -15.12 168.40
v -72.08 -15.12 168.40
v -67.92 -15.12 166.00
v -64.17 -13.31 166.00
v -64.17 -13.31 168.40
v -67.92 -15.12 168.40
v -64.17 -13.31 166.00
v -61.58 -10.06 166.00
v -61.58 -10.06 168.40
v -64.17 -13.31 168.40
v -61.58 -10.06 166.00
v -60.65 -6.00 166.00
v -60.65 -6.00 168.40
v -61.58 -10.06 168.40
v -59.50 -6.00 170.00
v -60.30 -1.98 170.00
v -70.00 -6.00 192.00
v -60.30 -1.98 170.00
v -62.58 1.43 170.00
v -70.00 -6.00 192.00
v -62.58 1.43 170.00
v -65.98 3.70 170.00
v -70.00 -6.00 192.00
v -65.98 3.70 170.00
v -70.00 4.50 170.00
v -70.00 -6.00 192.00
v -70.00 4.50 170.00
v -74.02 3.70 170.00
v -70.00 -6.00 192.00
v -74.02 3.70 170.00
v -77.42 1.43 170.00
v -70.00 -6.00 192.00
v -77.42 1.43 170.00
v -79.70 -1.98 170.00
v -70.00 -6.00 192.00
v -79.70 -1.98 170.00
v -80.50 -6.00 170.00
v -70.00 -6.00 192.00
v -80.50 -6.00 170.00
v -79.70 -10.02 170.00
v -70.00 -6.00 192.00
v -79.70 -10.02 170.00
v -77.42 -13.43 170.00
v -70.00 -6.00 192.00
v -77.42 -13.43 170.00
v -74.02 -15.70 170.00
v -70.00 -6.00 192.00
v -74.02 -15.70 170.00
v -70.00 -16.50 170.00
v -70.00 -6.00 192.00
v -70.00 -16.50 170.00
v -65.98 -15.70 170.00
v -70.00 -6.00 192.00
v -65.98 -15.70 170.00
v -62.58 -13.43 170.00
v -70.00 -6.00 192.00
v -62.58 -13.43 170.00
v -60.30 -10.02 170.00
v -70.00 -6.00 192.00
v -60.30 -10.02 170.00
v -59.50 -6.00 170.00
v -70.00 -6.00 192.00
v -70.00 -6.00 192.00
v -70.22 -5.61 192.00
v -70.22 -5.61 198.00
v -69.55 -6.00 198.00
v -70.22 -5.61 192.00
v -70.22 -6.39 192.00
v -70.22 -6.39 198.00
v -70.22 -5.61 198.00
v -70.22 -6.39 192.00
v -69.78 -6.39 192.00
v -69.78 -6.39 198.00
v -70.22 -6.39 198.00
v -69.78 -6.39 192.00
v -70.00 -6.00 192.00
v -69.55 -6.00 198.00
v -69.78 -6.39 198.00
v -69.55 -6.00 198.00
v -70.22 -5.61 198.00
v -70.22 -6.39 198.00
v -69.78 -6.39 198.00
v 78.50 -6.00 102.00
v 77.85 -2.75 102.00
v 77.85 -2.75 168.00
v 78.50 -6.00 168.00
v 77.85 -2.75 102.00
v 76.01 0.01 102.00
v 76.01 0.01 168.00
v 77.85 -2.75 168.00
v 76.01 0.01 102.00
v 73.25 1.85 102.00
v 73.25 1.85 168.00
v 76.01 0.01 168.00
v 73.25 1.85 102.00
v 70.00 2.50 102.00
v 70.00 2.50 168.00
v 73.25 1.85 168.00
v 70.00 2.50 102.00
v 66.75 1.85 102.00
v 66.75 1.85 168.00
v 70.00 2.50 168.00
v 66.75 1.85 102.00
v 63.99 0.01 102.00
v 63.99 0.01 168.00
v 66.75 1.85 168.00
v 63.99 0.01 102.00
v 62.15 -2.75 102.00
v 62.15 -2.75 168.00
v 63.99 0.01 168.00
v 62.15 -2.75 102.00
v 61.50 -6.00 102.00
v 61.50 -6.00 168.00
v 62.15 -2.75 168.00
v 74.99 -0.94 164.40
v 75.93 0.23 164.40
v 75.93 0.23 166.00
v 74.99 -0.94 166.00
v 75.93 0.23 164.40
v 74.76 1.17 164.40
v 74.76 1.17 166.00
v 75.93 0.23 166.00
v 74.76 1.17 164.40
v 73.82 -0.01 164.40
v 73.82 -0.01 166.00
v 74.76 1.17 166.00
v 73.82 -0.01 164.40
v 74.99 -0.94 164.40
v 74.99 -0.94 166.00
v 73.82 -0.01 166.00
v 70.84 1.06 164.40
v 71.18 2.52 164.40
v 72.64 2.19 164.40
v 72.30 0.73 164.40
v 72.30 0.73 166.00
v 72.64 2.19 166.00
v 71.18 2.52 166.00
v 70.84 1.06 166.00
v 72.30 0.73 164.40
v 72.64 2.19 164.40
v 72.64 2.19 166.00
v 72.30 0.73 166.00
v 72.64 2.19 164.40
v 71.18 2.52 164.40
v 71.18 2.52 166.00
v 72.64 2.19 166.00
v 71.18 2.52 164.40
v 70.84 1.06 164.40
v 70.84 1.06 166.00
v 71.18 2.52 166.00
v 70.84 1.06 164.40
v 72.30 0.73 164.40
v 72.30 0.73 166.00
v 70.84 1.06 166.00
v 67.70 0.73 164.40
v 67.36 2.19 164.40
v 68.82 2.52 164.40
v 69.16 1.06 164.40
v 69.16 1.06 166.00
v 68.82 2.52 166.00
v 67.36 2.19 166.00
v 67.70 0.73 166.00
v 69.16 1.06 164.40
v 68.82 2.52 164.40
v 68.82 2.52 166.00
v 69.16 1.06 166.00
v 68.82 2.52 164.40
v 67.36 2.19 164.40
v 67.36 2.19 166.00
v 68.82 2.52 166.00
v 67.36 2.19 164.40
v 67.70 0.73 164.40
v 67.70 0.73 166.00
v 67.36 2.19 166.00
v 67.70 0.73 164.40
v 69.16 1.06 164.40
v 69.16 1.06 166.00
v 67.70 0.73 166.00
v 65.01 -0.94 164.40
v 64.07 0.23 164.40
v 65.24 1.17 164.40
v 66.18 -0.01 164.40
v 66.18 -0.01 166.00
v 65.24 1.17 166.00
v 64.07 0.23 166.00
v 65.01 -0.94 166.00
v 66.18 -0.01 164.40
v 65.24 1.17 164.40
v 65.24 1.17 166.00
v 66.18 -0.01 166.00
v 65.24 1.17 164.40
v 64.07 0.23 164.40
v 64.07 0.23 166.00
v 65.24 1.17 166.00
v 64.07 0.23 164.40
v 65.01 -0.94 164.40
v 65.01 -0.94 166.00
v 64.07 0.23 166.00
v 65.01 -0.94 164.40
v 66.18 -0.01 164.40
v 66.18 -0.01 166.00
v 65.01 -0.94 166.00
v 63.30 -3.61 164.40
v 61.95 -2.96 164.40
v 62.60 -1.61 164.40
v 63.96 -2.26 164.40
v 63.96 -2.26 166.00
v 62.60 -1.61 166.00
v 61.95 -2.96 166.00
v 63.30 -3.61 166.00
v 63.96 -2.26 164.40
v 62.60 -1.61 164.40
v 62.60 -1.61 166.00
v 63.96 -2.26 166.00
v 62.60 -1.61 164.40
v 61.95 -2.96 164.40
v 61.95 -2.96 166.00
v 62.60 -1.61 166.00
v 61.95 -2.96 164.40
v 63.30 -3.61 164.40
v 63.30 -3.61 166.00
v 61.95 -2.96 166.00
v 63.30 -3.61 164.40
v 63.96 -2.26 164.40
v 63.96 -2.26 166.00
v 63.30 -3.61 166.00
v 62.93 -6.75 164.40
v 61.43 -6.75 164.40
v 61.43 -5.25 164.40
v 62.93 -5.25 164.40
v 62.93 -5.25 166.00
v 61.43 -5.25 166.00
v 61.43 -6.75 166.00
v 62.93 -6.75 166.00
v 62.93 -5.25 164.40
v 61.43 -5.25 164.40
v 61.43 -5.25 166.00
v 62.93 -5.25 166.00
v 61.43 -5.25 164.40
v 61.43 -6.75 164.40
v 61.43 -6.75 166.00
v 61.43 -5.25 166.00
v 61.43 -6.75 164.40
v 62.93 -6.75 164.40
v 62.93 -6.75 166.00
v 61.43 -6.75 166.00
v 62.93 -6.75 164.40
v 62.93 -5.25 164.40
v 62.93 -5.25 166.00
v 62.93 -6.75 166.00
v 63.96 -9.74 164.40
v 62.60 -10.39 164.40
v 61.95 -9.04 164.40
v 63.30 -8.39 164.40
v 63.30 -8.39 166.00
v 61.95 -9.04 166.00
v 62.60 -10.39 166.00
v 63.96 -9.74 166.00
v 63.30 -8.39 164.40
v 61.95 -9.04 164.40
v 61.95 -9.04 166.00
v 63.30 -8.39 166.00
v 61.95 -9.04 164.40
v 62.60 -10.39 164.40
v 62.60 -10.39 166.00
v 61.95 -9.04 166.00
v 62.60 -10.39 164.40
v 63.96 -9.74 164.40
v 63.96 -9.74 166.00
v 62.60 -10.39 166.00
v 63.96 -9.74 164.40
v 63.30 -8.39 164.40
v 63.30 -8.39 166.00
v 63.96 -9.74 166.00
v 66.18 -11.99 164.40
v 65.24 -13.17 164.40
v 64.07 -12.23 164.40
v 65.01 -11.06 164.40
v 65.01 -11.06 166.00
v 64.07 -12.23 166.00
v 65.24 -13.17 166.00
v 66.18 -11.99 166.00
v 65.01 -11.06 164.40
v 64.07 -12.23 164.40
v 64.07 -12.23 166.00
v 65.01 -11.06 166.00
v 64.07 -12.23 164.40
v 65.24 -13.17 164.40
v 65.24 -13.17 166.00
v 64.07 -12.23 166.00
v 65.24 -13.17 164.40
v 66.18 -11.99 164.40
v 66.18 -11.99 166.00
v 65.24 -13.17 166.00
v 66.18 -11.99 164.40
v 65.01 -11.06 164.40
v 65.01 -11.06 166.00
v 66.18 -11.99 166.00
v 69.16 -13.06 164.40
v 68.82 -14.52 164.40
v 67.36 -14.19 164.40
v 67.70 -12.73 164.40
v 67.70 -12.73 166.00
v 67.36 -14.19 166.00
v 68.82 -14.52 166.00
v 69.16 -13.06 166.00
v 67.70 -12.73 164.40
v 67.36 -14.19 164.40
v 67.36 -14.19 166.00
v 67.70 -12.73 166.00
v 67.36 -14.19 164.40
v 68.82 -14.52 164.40
v 68.82 -14.52 166.00
v 67.36 -14.19 166.00
v 68.82 -14.52 164.40
v 69.16 -13.06 164.40
v 69.16 -13.06 166.00
v 68.82 -14.52 166.00
v 69.16 -13.06 164.40
v 67.70 -12.73 164.40
v 67.70 -12.73 166.00
v 69.16 -13.06 166.00
v 72.30 -12.73 164.40
v 72.64 -14.19 164.40
v 71.18 -14.52 164.40
v 70.84 -13.06 164.40
v 70.84 -13.06 166.00
v 71.18 -14.52 166.00
v 72.64 -14.19 166.00
v 72.30 -12.73 166.00
v 70.84 -13.06 164.40
v 71.18 -14.52 164.40
v 71.18 -14.52 166.00
v 70.84 -13.06 166.00
v 71.18 -14.52 164.40
v 72.64 -14.19 164.40
v 72.64 -14.19 166.00
v 71.18 -14.52 166.00
v 72.64 -14.19 164.40
v 72.30 -12.73 164.40
v 72.30 -12.73 166.00
v 72.64 -14.19 166.00
v 72.30 -12.73 164.40
v 70.84 -13.06 164.40
v 70.84 -13.06 166.00
v 72.30 -12.73 166.00
v 74.99 -11.06 164.40
v 75.93 -12.23 164.40
v 74.76 -13.17 164.40
v 73.82 -11.99 164.40
v 73.82 -11.99 166.00
v 74.76 -13.17 166.00
v 75.93 -12.23 166.00
v 74.99 -11.06 166.00
v 73.82 -11.99 164.40
v 74.76 -13.17 164.40
v 74.76 -13.17 166.00
v 73.82 -11.99 166.00
v 74.76 -13.17 164.40
v 75.93 -12.23 164.40
v 75.93 -12.23 166.00
v 74.76 -13.17 166.00
v 75.93 -12.23 164.40
v 74.99 -11.06 164.40
v 74.99 -11.06 166.00
v 75.93 -12.23 166.00
v 74.99 -11.06 164.40
v 73.82 -11.99 164.40
v 73.82 -11.99 166.00
v 74.99 -11.06 166.00
v 76.69 -8.39 164.40
v 78.05 -9.04 164.40
v 77.40 -10.39 164.40
v 76.04 -9.74 164.40
v 76.04 -9.74 166.00
v 77.40 -10.39 166.00
v 78.05 -9.04 166.00
v 76.69 -8.39 166.00
v 76.04 -9.74 164.40
v 77.40 -10.39 164.40
v 77.40 -10.39 166.00
v 76.04 -9.74 166.00
v 77.40 -10.39 164.40
v 78.05 -9.04 164.40
v 78.05 -9.04 166.00
v 77.40 -10.39 166.00
v 78.05 -9.04 164.40
v 76.69 -8.39 164.40
v 76.69 -8.39 166.00
v 78.05 -9.04 166.00
v 76.69 -8.39 164.40
v 76.04 -9.74 164.40
v 76.04 -9.74 166.00
v 76.69 -8.39 166.00
v 79.35 -6.00 166.00
v 78.42 -1.94 166.00
v 78.42 -1.94 168.40
v 79.35 -6.00 168.40
v 78.42 -1.94 166.00
v 75.83 1.31 166.00
v 75.83 1.31 168.40
v 78.42 -1.94 168.40
v 75.83 1.31 166.00
v 72.08 3.12 166.00
v 72.08 3.12 168.40
v 75.83 1.31 168.40
v 72.08 3.12 166.00
v 67.92 3.12 166.00
v 67.92 3.12 168.40
v 72.08 3.12 168.40
v 67.92 3.12 166.00
v 64.17 1.31 166.00
v 64.17 1.31 168.40
v 67.92 3.12 168.40
v 64.17 1.31 166.00
v 61.58 -1.94 166.00
v 61.58 -1.94 168.40
v 64.17 1.31 168.40
v 61.58 -1.94 166.00
v 60.65 -6.00 166.00
v 60.65 -6.00 168.40
v 61.58 -1.94 168.40
v 60.65 -6.00 166.00
v 61.58 -10.06 166.00
v 61.58 -10.06 168.40
v 60.65 -6.00 168.40
v 61.58 -10.06 166.00
v 64.17 -13.31 166.00
v 64.17 -13.31 168.40
v 61.58 -10.06 168.40
v 64.17 -13.31 166.00
v 67.92 -15.12 166.00
v 67.92 -15.12 168.40
v 64.17 -13.31 168.40
v 67.92 -15.12 166.00
v 72.08 -15.12 166.00
v 72.08 -15.12 168.40
v 67.92 -15.12 168.40
v 72.08 -15.12 166.00
v 75.83 -13.31 166.00
v 75.83 -13.31 168.40
v 72.08 -15.12 168.40
v 75.83 -13.31 166.00
v 78.42 -10.06 166.00
v 78.42 -10.06 168.40
v 75.83 -13.31 168.40
v 78.42 -10.06 166.00
v 79.35 -6.00 166.00
v 79.35 -6.00 168.40
v 78.42 -10.06 168.40
v 80.50 -6.00 170.00
v 79.70 -1.98 170.00
v 70.00 -6.00 192.00
v 79.70 -1.98 170.00
v 77.42 1.43 170.00
v 70.00 -6.00 192.00
v 77.42 1.43 170.00
v 74.02 3.70 170.00
v 70.00 -6.00 192.00
v 74.02 3.70 170.00
v 70.00 4.50 170.00
v 70.00 -6.00 192.00
v 70.00 4.50 170.00
v 65.98 3.70 170.00
v 70.00 -6.00 192.00
v 65.98 3.70 170.00
v 62.58 1.43 170.00
v 70.00 -6.00 192.00
v 62.58 1.43 170.00
v 60.30 -1.98 170.00
v 70.00 -6.00 192.00
v 60.30 -1.98 170.00
v 59.50 -6.00 170.00
v 70.00 -6.00 192.00
v 59.50 -6.00 170.00
v 60.30 -10.02 170.00
v 70.00 -6.00 192.00
v 60.30 -10.02 170.00
v 62.58 -13.43 170.00
v 70.00 -6.00 192.00
v 62.58 -13.43 170.00
v 65.98 -15.70 170.00
v 70.00 -6.00 192.00
v 65.98 -15.70 170.00
v 70.00 -16.50 170.00
v 70.00 -6.00 192.00
v 70.00 -16.50 170.00
v 74.02 -15.70 170.00
v 70.00 -6.00 192.00
v 74.02 -15.70 170.00
v 77.42 -13.43 170.00
v 70.00 -6.00 192.00
v 77.42 -13.43 170.00
v 79.70 -10.02 170.00
v 70.00 -6.00 192.00
v 79.70 -10.02 170.00
v 80.50 -6.00 170.00
v 70.00 -6.00 192.00
v 70.45 -6.00 192.00
v 70.00 -6.00 192.00
v 69.78 -5.61 198.00
v 70.45 -6.00 198.00
v 70.00 -6.00 192.00
v 69.78 -6.39 192.00
v 69.78 -6.39 198.00
v 69.78 -5.61 198.00
v 69.78 -6.39 192.00
v 70.22 -6.39 192.00
v 70.22 -6.39 198.00
v 69.78 -6.39 198.00
v 70.22 -6.39 192.00
v 70.45 -6.00 192.00
v 70.45 -6.00 198.00
v 70.22 -6.39 198.00
v 70.45 -6.00 198.00
v 69.78 -5.61 198.00
v 69.78 -6.39 198.00
v 70.22 -6.39 198.00
v -14.00 -18.00 124.00
v 14.00 -18.00 124.00
v 14.00 -42.00 124.00
v -14.00 -42.00 124.00
v -14.00 -42.00 152.00
v 14.00 -42.00 152.00
v 14.00 -18.00 152.00
v -14.00 -18.00 152.00
v -14.00 -42.00 124.00
v 14.00 -42.00 124.00
v 14.00 -42.00 152.00
v -14.00 -42.00 152.00
v 14.00 -42.00 124.00
v 14.00 -18.00 124.00
v 14.00 -18.00 152.00
v 14.00 -42.00 152.00
v 14.00 -18.00 124.00
v -14.00 -18.00 124.00
v -14.00 -18.00 152.00
v 14.00 -18.00 152.00
v -14.00 -18.00 124.00
v -14.00 -42.00 124.00
v -14.00 -42.00 152.00
v -14.00 -18.00 152.00
v 15.00 -43.00 152.00
v -15.00 -43.00 152.00
v 0.00 -43.00 172.00
v 0.00 -17.00 172.00
v 0.00 -43.00 172.00
v -15.00 -17.00 152.00
v 15.00 -17.00 152.00
v 0.00 -17.00 172.00
v -15.00 -43.00 152.00
v -15.00 -17.00 152.00
v 0.00 -43.00 172.00
v 15.00 -43.00 152.00
v 0.00 -17.00 172.00
v 15.00 -17.00 152.00
v -2.14 -16.52 163.43
v 2.14 -16.52 163.43
v 2.14 -15.88 163.43
v -2.14 -15.88 163.43
v -2.14 -16.52 157.71
v 2.14 -16.52 157.71
v 2.14 -16.52 163.43
v -2.14 -16.52 163.43
v 2.14 -16.52 157.71
v 2.14 -15.88 157.71
v 2.14 -15.88 163.43
v 2.14 -16.52 163.43
v 2.14 -15.88 157.71
v -2.14 -15.88 157.71
v -2.14 -15.88 163.43
v 2.14 -15.88 163.43
v -2.14 -15.88 157.71
v -2.14 -16.52 157.71
v -2.14 -16.52 163.43
v -2.14 -15.88 163.43
v 6.43 -15.88 157.71
v 10.71 -15.88 157.71
v 10.71 -16.52 157.71
v 6.43 -16.52 157.71
v 6.43 -15.88 157.71
v 6.43 -16.52 157.71
v 6.43 -16.52 163.43
v 6.43 -15.88 163.43
v -10.71 -15.88 169.14
v -6.43 -15.88 169.14
v -6.43 -16.52 169.14
v -10.71 -16.52 169.14
v -10.71 -16.52 174.86
v -6.43 -16.52 174.86
v -6.43 -15.88 174.86
v -10.71 -15.88 174.86
v -10.71 -16.52 169.14
v -6.43 -16.52 169.14
v -6.43 -16.52 174.86
v -10.71 -16.52 174.86
v -6.43 -16.52 169.14
v -6.43 -15.88 169.14
v -6.43 -15.88 174.86
v -6.43 -16.52 174.86
v -6.43 -15.88 169.14
v -10.71 -15.88 169.14
v -10.71 -15.88 174.86
v -6.43 -15.88 174.86
v 2.14 -16.52 169.14
v 2.14 -15.88 169.14
v 2.14 -15.88 174.86
v 2.14 -16.52 174.86
v 2.14 -15.88 169.14
v -2.14 -15.88 169.14
v -2.14 -15.88 174.86
v 2.14 -15.88 174.86
v -2.14 -15.88 169.14
v -2.14 -16.52 169.14
v -2.14 -16.52 174.86
v -2.14 -15.88 174.86
v 6.43 -15.88 169.14
v 10.71 -15.88 169.14
v 10.71 -16.52 169.14
v 6.43 -16.52 169.14
v 6.43 -16.52 174.86
v 10.71 -16.52 174.86
v 10.71 -15.88 174.86
v 6.43 -15.88 174.86
v 6.43 -16.52 169.14
v 10.71 -16.52 169.14
v 10.71 -16.52 174.86
v 6.43 -16.52 174.86
v 51.98 38.21 176.00
v 48.72 35.84 176.00
v 54.00 32.00 191.18
v 48.72 35.84 176.00
v 47.47 32.00 176.00
v 54.00 32.00 191.18
v 47.47 32.00 176.00
v 48.72 28.16 176.00
v 54.00 32.00 191.18
v 48.72 28.16 176.00
v 51.98 25.79 176.00
v 54.00 32.00 191.18
v 51.98 25.79 176.00
v 56.02 25.79 176.00
v 54.00 32.00 191.18
v 56.02 25.79 176.00
v 59.28 28.16 176.00
v 54.00 32.00 191.18
v 59.28 28.16 176.00
v 60.53 32.00 176.00
v 54.00 32.00 191.18
v -49.40 -34.00 128.00
v -50.28 -31.30 128.00
v -50.28 -31.30 176.00
v -49.40 -34.00 176.00
v -50.28 -31.30 128.00
v -52.58 -29.62 128.00
v -52.58 -29.62 176.00
v -50.28 -31.30 176.00
v -52.58 -29.62 128.00
v -55.42 -29.62 128.00
v -55.42 -29.62 176.00
v -52.58 -29.62 176.00
v -55.42 -29.62 128.00
v -57.72 -31.30 128.00
v -57.72 -31.30 176.00
v -55.42 -29.62 176.00
v -56.02 -27.79 176.00
v -59.28 -30.16 176.00
v -54.00 -34.00 191.18
v -59.28 -30.16 176.00
v -60.53 -34.00 176.00
v -54.00 -34.00 191.18
v -60.53 -34.00 176.00
v -59.28 -37.84 176.00
v -54.00 -34.00 191.18
v -59.28 -37.84 176.00
v -56.02 -40.21 176.00
v -54.00 -34.00 191.18
v -56.02 -40.21 176.00
v -51.98 -40.21 176.00
v -54.00 -34.00 191.18
v -51.98 -40.21 176.00
v -48.72 -37.84 176.00
v -54.00 -34.00 191.18
v -48.72 -37.84 176.00
v -47.47 -34.00 176.00
v -54.00 -34.00 191.18
v 58.60 -34.00 128.00
v 57.72 -31.30 128.00
v 57.72 -31.30 176.00
v 58.60 -34.00 176.00
v 57.72 -31.30 128.00
v 55.42 -29.62 128.00
v 55.42 -29.62 176.00
v 57.72 -31.30 176.00
v 55.42 -29.62 128.00
v 52.58 -29.62 128.00
v 52.58 -29.62 176.00
v 55.42 -29.62 176.00
v 52.58 -29.62 128.00
v 50.28 -31.30 128.00
v 50.28 -31.30 176.00
v 52.58 -29.62 176.00
v 51.98 -27.79 176.00
v 48.72 -30.16 176.00
v 54.00 -34.00 191.18
v 48.72 -30.16 176.00
v 47.47 -34.00 176.00
v 54.00 -34.00 191.18
v 47.47 -34.00 176.00
v 48.72 -37.84 176.00
v 54.00 -34.00 191.18
v 48.72 -37.84 176.00
v 51.98 -40.21 176.00
v 54.00 -34.00 191.18
v 51.98 -40.21 176.00
v 56.02 -40.21 176.00
v 54.00 -34.00 191.18
v 56.02 -40.21 176.00
v 59.28 -37.84 176.00
v 54.00 -34.00 191.18
v 59.28 -37.84 176.00
v 60.53 -34.00 176.00
v 54.00 -34.00 191.18
v -24.80 36.00 128.00
v -25.41 37.88 128.00
v -25.41 37.88 164.00
v -24.80 36.00 164.00
v -25.41 37.88 128.00
v -27.01 39.04 128.00
v -27.01 39.04 164.00
v -25.41 37.88 164.00
v -27.01 39.04 128.00
v -28.99 39.04 128.00
v -28.99 39.04 164.00
v -27.01 39.04 164.00
v -28.99 39.04 128.00
v -30.59 37.88 128.00
v -30.59 37.88 164.00
v -28.99 39.04 164.00
v -29.40 40.32 164.00
v -31.68 38.67 164.00
v -28.00 36.00 174.56
v -31.68 38.67 164.00
v -32.54 36.00 164.00
v -28.00 36.00 174.56
v -32.54 36.00 164.00
v -31.68 33.33 164.00
v -28.00 36.00 174.56
v -31.68 33.33 164.00
v -29.40 31.68 164.00
v -28.00 36.00 174.56
v -29.40 31.68 164.00
v -26.60 31.68 164.00
v -28.00 36.00 174.56
v -26.60 31.68 164.00
v -24.32 33.33 164.00
v -28.00 36.00 174.56
v -24.32 33.33 164.00
v -23.46 36.00 164.00
v -28.00 36.00 174.56
v 31.20 36.00 128.00
v 30.59 37.88 128.00
v 30.59 37.88 164.00
v 31.20 36.00 164.00
v 30.59 37.88 128.00
v 28.99 39.04 128.00
v 28.99 39.04 164.00
v 30.59 37.88 164.00
v 28.99 39.04 128.00
v 27.01 39.04 128.00
v 27.01 39.04 164.00
v 28.99 39.04 164.00
v 27.01 39.04 128.00
v 25.41 37.88 128.00
v 25.41 37.88 164.00
v 27.01 39.04 164.00
v 26.60 40.32 164.00
v 24.32 38.67 164.00
v 28.00 36.00 174.56
v 24.32 38.67 164.00
v 23.46 36.00 164.00
v 28.00 36.00 174.56
v 23.46 36.00 164.00
v 24.32 33.33 164.00
v 28.00 36.00 174.56
v 24.32 33.33 164.00
v 26.60 31.68 164.00
v 28.00 36.00 174.56
v 26.60 31.68 164.00
v 29.40 31.68 164.00
v 28.00 36.00 174.56
v 29.40 31.68 164.00
v 31.68 33.33 164.00
v 28.00 36.00 174.56
v 31.68 33.33 164.00
v 32.54 36.00 164.00
v 28.00 36.00 174.56
v -24.80 -38.00 128.00
v -25.41 -36.12 128.00
v -25.41 -36.12 164.00
v -24.80 -38.00 164.00
v -25.41 -36.12 128.00
v -27.01 -34.96 128.00
v -27.01 -34.96 164.00
v -25.41 -36.12 164.00
v -27.01 -34.96 128.00
v -28.99 -34.96 128.00
v -28.99 -34.96 164.00
v -27.01 -34.96 164.00
v -28.99 -34.96 128.00
v -30.59 -36.12 128.00
v -30.59 -36.12 164.00
v -28.99 -34.96 164.00
v -29.40 -33.68 164.00
v -31.68 -35.33 164.00
v -28.00 -38.00 174.56
v -31.68 -35.33 164.00
v -32.54 -38.00 164.00
v -28.00 -38.00 174.56
v -32.54 -38.00 164.00
v -31.68 -40.67 164.00
v -28.00 -38.00 174.56
v -31.68 -40.67 164.00
v -29.40 -42.32 164.00
v -28.00 -38.00 174.56
v -29.40 -42.32 164.00
v -26.60 -42.32 164.00
v -28.00 -38.00 174.56
v -26.60 -42.32 164.00
v -24.32 -40.67 164.00
v -28.00 -38.00 174.56
v -24.32 -40.67 164.00
v -23.46 -38.00 164.00
v -28.00 -38.00 174.56
v 31.20 -38.00 128.00
v 30.59 -36.12 128.00
v 30.59 -36.12 164.00
v 31.20 -38.00 164.00
v 30.59 -36.12 128.00
v 28.99 -34.96 128.00
v 28.99 -34.96 164.00
v 30.59 -36.12 164.00
v 28.99 -34.96 128.00
v 27.01 -34.96 128.00
v 27.01 -34.96 164.00
v 28.99 -34.96 164.00
v 27.01 -34.96 128.00
v 25.41 -36.12 128.00
v 25.41 -36.12 164.00
v 27.01 -34.96 164.00
v 26.60 -33.68 164.00
v 24.32 -35.33 164.00
v 28.00 -38.00 174.56
v 24.32 -35.33 164.00
v 23.46 -38.00 164.00
v 28.00 -38.00 174.56
v 23.46 -38.00 164.00
v 24.32 -40.67 164.00
v 28.00 -38.00 174.56
v 24.32 -40.67 164.00
v 26.60 -42.32 164.00
v 28.00 -38.00 174.56
v 26.60 -42.32 164.00
v 29.40 -42.32 164.00
v 28.00 -38.00 174.56
v 29.40 -42.32 164.00
v 31.68 -40.67 164.00
v 28.00 -38.00 174.56
v 31.68 -40.67 164.00
v 32.54 -38.00 164.00
v 28.00 -38.00 174.56
v -60.00 -42.00 124.00
v -55.80 -42.00 124.00
v -55.80 -54.00 140.00
v -60.00 -54.00 140.00
v -60.00 42.00 124.00
v -55.80 42.00 124.00
v -55.80 54.00 140.00
v -60.00 54.00 140.00
v -50.80 -42.00 124.00
v -46.60 -42.00 124.00
v -46.60 -54.00 140.00
v -50.80 -54.00 140.00
v -50.80 42.00 124.00
v -46.60 42.00 124.00
v -46.60 54.00 140.00
v -50.80 54.00 140.00
v 4.40 -42.00 124.00
v 8.60 -42.00 124.00
v 8.60 -54.00 140.00
v 4.40 -54.00 140.00
v 4.40 42.00 124.00
v 8.60 42.00 124.00
v 8.60 54.00 140.00
v 4.40 54.00 140.00
v 14.00 -42.00 124.00
v 17.80 -42.00 124.00
v 17.80 -54.00 140.00
v 13.60 -54.00 140.00
v 14.00 42.00 124.00
v 17.80 42.00 124.00
v 17.80 54.00 140.00
v 13.60 54.00 140.00
v 22.80 -42.00 124.00
v 27.00 -42.00 124.00
v 27.00 -54.00 140.00
v 22.80 -54.00 140.00
v 22.80 42.00 124.00
v 27.00 42.00 124.00
v 27.00 54.00 140.00
v 22.80 54.00 140.00
v 32.00 -42.00 124.00
v 36.20 -42.00 124.00
v 36.20 -54.00 140.00
v 32.00 -54.00 140.00
v 32.00 42.00 124.00
v 36.20 42.00 124.00
v 36.20 54.00 140.00
v 32.00 54.00 140.00
v 41.20 -42.00 124.00
v 45.40 -42.00 124.00
v 45.40 -54.00 140.00
v 41.20 -54.00 140.00
v 41.20 42.00 124.00
v 45.40 42.00 124.00
v 45.40 54.00 140.00
v 41.20 54.00 140.00
v 50.40 -42.00 124.00
v 54.60 -42.00 124.00
v 54.60 -54.00 140.00
v 50.40 -54.00 140.00
v 70.11 -6.33 186.00
v 70.35 -6.00 186.00
v 70.35 -6.00 208.00
v 70.11 -6.33 208.00
v 70.35 -6.00 208.00
v 70.11 -5.67 208.00
v 70.11 -6.33 208.00
v 70.00 -6.00 206.00
v 77.00 -6.00 206.00
v 77.00 -6.00 192.00
v 70.00 -6.00 192.00
v -22.00 -2.00 112.20
v 22.00 -2.00 112.20
v 22.00 -14.00 112.20
v -22.00 -14.00 112.20
v -22.00 -14.00 113.20
v 22.00 -14.00 113.20
v 22.00 -2.00 113.20
v -22.00 -2.00 113.20
v -22.00 -14.00 112.20
v 22.00 -14.00 112.20
v 22.00 -14.00 113.20
v -22.00 -14.00 113.20
v 22.00 -14.00 112.20
v 22.00 -2.00 112.20
v 22.00 -2.00 113.20
v 22.00 -14.00 113.20
v 22.00 -2.00 112.20
v -22.00 -2.00 112.20
v -22.00 -2.00 113.20
v 22.00 -2.00 113.20
v -22.00 -2.00 112.20
v -22.00 -14.00 112.20
v -22.00 -14.00 113.20
v -22.00 -2.00 113.20
v 82.70 -6.00 98.00
v 82.35 -5.39 98.00
v 82.35 -5.39 103.00
v 82.70 -6.00 103.00
v 82.35 -5.39 98.00
v 81.65 -5.39 98.00
v 81.65 -5.39 103.00
v 82.35 -5.39 103.00
v 81.65 -5.39 98.00
v 81.30 -6.00 98.00
v 81.30 -6.00 103.00
v 81.65 -5.39 103.00
v 81.30 -6.00 98.00
v 81.65 -6.61 98.00
v 81.65 -6.61 103.00
v 81.30 -6.00 103.00
v 81.65 -6.61 98.00
v 82.35 -6.61 98.00
v 82.35 -6.61 103.00
v 81.65 -6.61 103.00
v 82.35 -6.61 98.00
v 82.70 -6.00 98.00
v 82.70 -6.00 103.00
v 82.35 -6.61 103.00
v 82.70 -6.00 103.00
v 82.35 -5.39 103.00
v 81.65 -5.39 103.00
v 81.30 -6.00 103.00
v 81.65 -6.61 103.00
v 82.35 -6.61 103.00
v 86.20 -6.00 102.00
v 84.97 -3.03 102.00
v 82.00 -6.00 111.50
v 84.97 -3.03 102.00
v 82.00 -1.80 102.00
v 82.00 -6.00 111.50
v 82.00 -1.80 102.00
v 79.03 -3.03 102.00
v 82.00 -6.00 111.50
v 79.03 -3.03 102.00
v 77.80 -6.00 102.00
v 82.00 -6.00 111.50
v 77.80 -6.00 102.00
v 79.03 -8.97 102.00
v 82.00 -6.00 111.50
v 79.03 -8.97 102.00
v 82.00 -10.20 102.00
v 82.00 -6.00 111.50
v 82.00 -10.20 102.00
v 84.97 -8.97 102.00
v 82.00 -6.00 111.50
v 84.97 -8.97 102.00
v 86.20 -6.00 102.00
v 82.00 -6.00 111.50
v 82.43 -1.95 98.00
v 82.08 -1.35 98.00
v 82.08 -1.35 103.00
v 82.43 -1.95 103.00
v 82.08 -1.35 98.00
v 81.38 -1.35 98.00
v 81.38 -1.35 103.00
v 82.08 -1.35 103.00
v 81.38 -1.35 98.00
v 81.03 -1.95 98.00
v 81.03 -1.95 103.00
v 81.38 -1.35 103.00
v 81.03 -1.95 98.00
v 82.43 -1.95 98.00
v 82.43 -1.95 103.00
v 81.03 -1.95 103.00

usemtl mat_window
v -25.60 -24.00 156.00
v -25.60 -27.00 156.00
v -25.60 -27.00 162.50
v -25.60 -24.00 162.50
v -17.60 -24.00 156.00
v -14.40 -24.00 156.00
v -14.40 -27.00 156.00
v -17.60 -27.00 156.00
v -17.60 -27.00 162.50
v -14.40 -27.00 162.50
v -14.40 -24.00 162.50
v -17.60 -24.00 162.50
v -17.60 -27.00 156.00
v -14.40 -27.00 156.00
v -14.40 -27.00 162.50
v -17.60 -27.00 162.50
v -14.40 -27.00 156.00
v -14.40 -24.00 156.00
v -14.40 -24.00 162.50
v -14.40 -27.00 162.50
v -14.40 -24.00 156.00
v -17.60 -24.00 156.00
v -17.60 -24.00 162.50
v -14.40 -24.00 162.50
v -17.60 -24.00 156.00
v -17.60 -27.00 156.00
v -17.60 -27.00 162.50
v -17.60 -24.00 162.50
v -9.60 -24.00 156.00
v -6.40 -24.00 156.00
v -6.40 -27.00 156.00
v -9.60 -27.00 156.00
v -9.60 -27.00 162.50
v -6.40 -27.00 162.50
v -6.40 -24.00 162.50
v -9.60 -24.00 162.50
v -9.60 -27.00 156.00
v -6.40 -27.00 156.00
v -6.40 -27.00 162.50
v -9.60 -27.00 162.50
v -6.40 -27.00 156.00
v -6.40 -24.00 156.00
v -6.40 -24.00 162.50
v -6.40 -27.00 162.50
v -6.40 -24.00 156.00
v -9.60 -24.00 156.00
v -9.60 -24.00 162.50
v -6.40 -24.00 162.50
v -9.60 -24.00 156.00
v -9.60 -27.00 156.00
v -9.60 -27.00 162.50
v -9.60 -24.00 162.50
v -1.60 -24.00 156.00
v 1.60 -24.00 156.00
v 1.60 -27.00 156.00
v -1.60 -27.00 156.00
v -1.60 -27.00 162.50
v 1.60 -27.00 162.50
v 1.60 -24.00 162.50
v -1.60 -24.00 162.50
v -1.60 -27.00 156.00
v 1.60 -27.00 156.00
v 1.60 -27.00 162.50
v -1.60 -27.00 162.50
v 1.60 -27.00 156.00
v 1.60 -24.00 156.00
v 1.60 -24.00 162.50
v 1.60 -27.00 162.50
v 1.60 -24.00 156.00
v -1.60 -24.00 156.00
v -1.60 -24.00 162.50
v 1.60 -24.00 162.50
v -1.60 -24.00 156.00
v -1.60 -27.00 156.00
v -1.60 -27.00 162.50
v -1.60 -24.00 162.50
v 6.40 -24.00 156.00
v 9.60 -24.00 156.00
v 9.60 -27.00 156.00
v 6.40 -27.00 156.00
v 6.40 -27.00 162.50
v 9.60 -27.00 162.50
v 9.60 -24.00 162.50
v 6.40 -24.00 162.50
v 6.40 -27.00 156.00
v 9.60 -27.00 156.00
v 9.60 -27.00 162.50
v 6.40 -27.00 162.50
v 9.60 -27.00 156.00
v 9.60 -24.00 156.00
v 9.60 -24.00 162.50
v 9.60 -27.00 162.50
v 9.60 -24.00 156.00
v 6.40 -24.00 156.00
v 6.40 -24.00 162.50
v 9.60 -24.00 162.50
v 6.40 -24.00 156.00
v 6.40 -27.00 156.00
v 6.40 -27.00 162.50
v 6.40 -24.00 162.50
v 14.40 -24.00 156.00
v 17.60 -24.00 156.00
v 17.60 -27.00 156.00
v 14.40 -27.00 156.00
v 14.40 -27.00 162.50
v 17.60 -27.00 162.50
v 17.60 -24.00 162.50
v 14.40 -24.00 162.50
v 14.40 -27.00 156.00
v 17.60 -27.00 156.00
v 17.60 -27.00 162.50
v 14.40 -27.00 162.50
v 17.60 -27.00 156.00
v 17.60 -24.00 156.00
v 17.60 -24.00 162.50
v 17.60 -27.00 162.50
v 17.60 -24.00 156.00
v 14.40 -24.00 156.00
v 14.40 -24.00 162.50
v 17.60 -24.00 162.50
v 14.40 -24.00 156.00
v 14.40 -27.00 156.00
v 14.40 -27.00 162.50
v 14.40 -24.00 162.50
v 22.40 -24.00 156.00
v 25.60 -24.00 156.00
v 25.60 -27.00 156.00
v 22.40 -27.00 156.00
v 22.40 -27.00 162.50
v 25.60 -27.00 162.50
v 25.60 -24.00 162.50
v 22.40 -24.00 162.50
v 22.40 -27.00 156.00
v 25.60 -27.00 156.00
v 25.60 -27.00 162.50
v 22.40 -27.00 162.50
v 25.60 -27.00 156.00
v 25.60 -24.00 156.00
v 25.60 -24.00 162.50
v 25.60 -27.00 162.50
v 25.60 -24.00 156.00
v 22.40 -24.00 156.00
v 22.40 -24.00 162.50
v 25.60 -24.00 162.50
v 22.40 -24.00 156.00
v 22.40 -27.00 156.00
v 22.40 -27.00 162.50
v 22.40 -24.00 162.50
v 30.40 -24.00 156.00
v 33.60 -24.00 156.00
v 33.60 -27.00 156.00
v 30.40 -27.00 156.00
v 30.40 -27.00 162.50
v 33.60 -27.00 162.50
v 33.60 -24.00 162.50
v 30.40 -24.00 162.50
v 30.40 -27.00 156.00
v 33.60 -27.00 156.00
v 33.60 -27.00 162.50
v 30.40 -27.00 162.50
v 33.60 -27.00 156.00
v 33.60 -24.00 156.00
v 33.60 -24.00 162.50
v 33.60 -27.00 162.50
v 33.60 -24.00 156.00
v 30.40 -24.00 156.00
v 30.40 -24.00 162.50
v 33.60 -24.00 162.50
v 30.40 -24.00 156.00
v 30.40 -27.00 156.00
v 30.40 -27.00 162.50
v 30.40 -24.00 162.50
v 38.40 -24.00 156.00
v 41.60 -24.00 156.00
v 41.60 -27.00 156.00
v 38.40 -27.00 156.00
v 38.40 -27.00 162.50
v 41.60 -27.00 162.50
v 41.60 -24.00 162.50
v 38.40 -24.00 162.50
v 38.40 -27.00 156.00
v 41.60 -27.00 156.00
v 41.60 -27.00 162.50
v 38.40 -27.00 162.50
v 41.60 -27.00 156.00
v 41.60 -24.00 156.00
v 41.60 -24.00 162.50
v 41.60 -27.00 162.50
v 41.60 -24.00 156.00
v 38.40 -24.00 156.00
v 38.40 -24.00 162.50
v 41.60 -24.00 162.50
v 38.40 -24.00 156.00
v 38.40 -27.00 156.00
v 38.40 -27.00 162.50
v 38.40 -24.00 162.50
v 46.40 -24.00 156.00
v 49.60 -24.00 156.00
v 49.60 -27.00 156.00
v 46.40 -27.00 156.00
v 46.40 -27.00 162.50
v 49.60 -27.00 162.50
v 49.60 -24.00 162.50
v 46.40 -24.00 162.50
v 46.40 -27.00 156.00
v 49.60 -27.00 156.00
v 49.60 -27.00 162.50
v 46.40 -27.00 162.50
v 49.60 -27.00 156.00
v 49.60 -24.00 156.00
v 49.60 -24.00 162.50
v 49.60 -27.00 162.50
v 49.60 -24.00 156.00
v 46.40 -24.00 156.00
v 46.40 -24.00 162.50
v 49.60 -24.00 162.50
v 46.40 -24.00 156.00
v 46.40 -27.00 156.00
v 46.40 -27.00 162.50
v 46.40 -24.00 162.50
v 54.40 -24.00 156.00
v 57.60 -24.00 156.00
v 57.60 -27.00 156.00
v 54.40 -27.00 156.00
v 54.40 -27.00 162.50
v 57.60 -27.00 162.50
v 57.60 -24.00 162.50
v 54.40 -24.00 162.50
v 54.40 -27.00 156.00
v 57.60 -27.00 156.00
v 57.60 -27.00 162.50
v 54.40 -27.00 162.50
v 57.60 -27.00 156.00
v 57.60 -24.00 156.00
v 57.60 -24.00 162.50
v 57.60 -27.00 162.50
v 57.60 -24.00 156.00
v 54.40 -24.00 156.00
v 54.40 -24.00 162.50
v 57.60 -24.00 162.50
v 54.40 -24.00 156.00
v 54.40 -27.00 156.00
v 54.40 -27.00 162.50
v 54.40 -24.00 162.50
v -36.00 28.00 144.00
v 36.00 28.00 144.00
v 36.00 -28.00 144.00
v -36.00 -28.00 144.00
v -36.00 -28.00 160.00
v 36.00 -28.00 160.00
v 36.00 28.00 160.00
v -36.00 28.00 160.00
v -36.00 -28.00 144.00
v 36.00 -28.00 144.00
v 36.00 -28.00 160.00
v -36.00 -28.00 160.00
v 36.00 -28.00 144.00
v 36.00 28.00 144.00
v 36.00 28.00 160.00
v 36.00 -28.00 160.00
v 36.00 28.00 144.00
v -36.00 28.00 144.00
v -36.00 28.00 160.00
v 36.00 28.00 160.00
v -36.00 28.00 144.00
v -36.00 -28.00 144.00
v -36.00 -28.00 160.00
v -36.00 28.00 160.00
v 37.30 -29.30 160.00
v -37.30 -29.30 160.00
v 0.00 -29.30 177.00
v 0.00 29.30 177.00
v 0.00 -29.30 177.00
v -37.30 29.30 160.00
v 37.30 29.30 160.00
v 0.00 29.30 177.00
v -37.30 -29.30 160.00
v -37.30 29.30 160.00
v 0.00 -29.30 177.00
v 37.30 -29.30 160.00
v 0.00 29.30 177.00
v 37.30 29.30 160.00
v -50.27 -41.88 121.20
v -42.53 -41.88 121.20
v -42.53 -42.52 121.20
v -50.27 -42.52 121.20
v -50.27 -42.52 126.40
v -42.53 -42.52 126.40
v -42.53 -41.88 126.40
v -50.27 -41.88 126.40
v -50.27 -42.52 121.20
v -42.53 -42.52 121.20
v -42.53 -42.52 126.40
v -50.27 -42.52 126.40
v -42.53 -42.52 121.20
v -42.53 -41.88 121.20
v -42.53 -41.88 126.40
v -42.53 -42.52 126.40
v -42.53 -41.88 121.20
v -50.27 -41.88 121.20
v -50.27 -41.88 126.40
v -42.53 -41.88 126.40
v -50.27 -41.88 121.20
v -50.27 -42.52 121.20
v -50.27 -42.52 126.40
v -50.27 -41.88 126.40
v -34.80 -41.88 121.20
v -27.07 -41.88 121.20
v -27.07 -42.52 121.20
v -34.80 -42.52 121.20
v -34.80 -42.52 126.40
v -27.07 -42.52 126.40
v -27.07 -41.88 126.40
v -34.80 -41.88 126.40
v -34.80 -42.52 121.20
v -27.07 -42.52 121.20
v -27.07 -42.52 126.40
v -34.80 -42.52 126.40
v -27.07 -42.52 121.20
v -27.07 -41.88 121.20
v -27.07 -41.88 126.40
v -27.07 -42.52 126.40
v -27.07 -41.88 121.20
v -34.80 -41.88 121.20
v -34.80 -41.88 126.40
v -27.07 -41.88 126.40
v -34.80 -41.88 121.20
v -34.80 -42.52 121.20
v -34.80 -42.52 126.40
v -34.80 -41.88 126.40
v -19.33 -41.88 121.20
v -11.60 -41.88 121.20
v -11.60 -42.52 121.20
v -19.33 -42.52 121.20
v -19.33 -42.52 126.40
v -11.60 -42.52 126.40
v -11.60 -41.88 126.40
v -19.33 -41.88 126.40
v -19.33 -42.52 121.20
v -11.60 -42.52 121.20
v -11.60 -42.52 126.40
v -19.33 -42.52 126.40
v -11.60 -42.52 121.20
v -11.60 -41.88 121.20
v -11.60 -41.88 126.40
v -11.60 -42.52 126.40
v -11.60 -41.88 121.20
v -19.33 -41.88 121.20
v -19.33 -41.88 126.40
v -11.60 -41.88 126.40
v -19.33 -41.88 121.20
v -19.33 -42.52 121.20
v -19.33 -42.52 126.40
v -19.33 -41.88 126.40
v -3.87 -41.88 121.20
v 3.87 -41.88 121.20
v 3.87 -42.52 121.20
v -3.87 -42.52 121.20
v 11.60 -41.88 121.20
v 11.60 -42.52 121.20
v 11.60 -42.52 126.40
v 11.60 -41.88 126.40
v 27.07 -41.88 121.20
v 34.80 -41.88 121.20
v 34.80 -42.52 121.20
v 27.07 -42.52 121.20
v 27.07 -42.52 126.40
v 34.80 -42.52 126.40
v 34.80 -41.88 126.40
v 27.07 -41.88 126.40
v 27.07 -42.52 121.20
v 34.80 -42.52 121.20
v 34.80 -42.52 126.40
v 27.07 -42.52 126.40
v 34.80 -42.52 121.20
v 34.80 -41.88 121.20
v 34.80 -41.88 126.40
v 34.80 -42.52 126.40
v 34.80 -41.88 121.20
v 27.07 -41.88 121.20
v 27.07 -41.88 126.40
v 34.80 -41.88 126.40
v 27.07 -41.88 121.20
v 27.07 -42.52 121.20
v 27.07 -42.52 126.40
v 27.07 -41.88 126.40
v 42.53 -41.88 121.20
v 50.27 -41.88 121.20
v 50.27 -42.52 121.20
v 42.53 -42.52 121.20
v 42.53 -42.52 126.40
v 50.27 -42.52 126.40
v 50.27 -41.88 126.40
v 42.53 -41.88 126.40
v 42.53 -42.52 121.20
v 50.27 -42.52 121.20
v 50.27 -42.52 126.40
v 42.53 -42.52 126.40
v 50.27 -42.52 121.20
v 50.27 -41.88 121.20
v 50.27 -41.88 126.40
v 50.27 -42.52 126.40
v 50.27 -41.88 121.20
v 42.53 -41.88 121.20
v 42.53 -41.88 126.40
v 50.27 -41.88 126.40
v 42.53 -41.88 121.20
v 42.53 -42.52 121.20
v 42.53 -42.52 126.40
v 42.53 -41.88 126.40
v -50.27 -41.88 131.60
v -42.53 -41.88 131.60
v -42.53 -42.52 131.60
v -50.27 -42.52 131.60
v -50.27 -42.52 136.80
v -42.53 -42.52 136.80
v -42.53 -41.88 136.80
v -50.27 -41.88 136.80
v -50.27 -42.52 131.60
v -42.53 -42.52 131.60
v -42.53 -42.52 136.80
v -50.27 -42.52 136.80
v -42.53 -42.52 131.60
v -42.53 -41.88 131.60
v -42.53 -41.88 136.80
v -42.53 -42.52 136.80
v -42.53 -41.88 131.60
v -50.27 -41.88 131.60
v -50.27 -41.88 136.80
v -42.53 -41.88 136.80
v -50.27 -41.88 131.60
v -50.27 -42.52 131.60
v -50.27 -42.52 136.80
v -50.27 -41.88 136.80
v -34.80 -41.88 131.60
v -27.07 -41.88 131.60
v -27.07 -42.52 131.60
v -34.80 -42.52 131.60
v -34.80 -42.52 136.80
v -27.07 -42.52 136.80
v -27.07 -41.88 136.80
v -34.80 -41.88 136.80
v -34.80 -42.52 131.60
v -27.07 -42.52 131.60
v -27.07 -42.52 136.80
v -34.80 -42.52 136.80
v -27.07 -42.52 131.60
v -27.07 -41.88 131.60
v -27.07 -41.88 136.80
v -27.07 -42.52 136.80
v -27.07 -41.88 131.60
v -34.80 -41.88 131.60
v -34.80 -41.88 136.80
v -27.07 -41.88 136.80
v -34.80 -41.88 131.60
v -34.80 -42.52 131.60
v -34.80 -42.52 136.80
v -34.80 -41.88 136.80
v -19.33 -41.88 131.60
v -11.60 -41.88 131.60
v -11.60 -42.52 131.60
v -19.33 -42.52 131.60
v -19.33 -42.52 136.80
v -11.60 -42.52 136.80
v -11.60 -41.88 136.80
v -19.33 -41.88 136.80
v -19.33 -42.52 131.60
v -11.60 -42.52 131.60
v -11.60 -42.52 136.80
v -19.33 -42.52 136.80
v -11.60 -42.52 131.60
v -11.60 -41.88 131.60
v -11.60 -41.88 136.80
v -11.60 -42.52 136.80
v -11.60 -41.88 131.60
v -19.33 -41.88 131.60
v -19.33 -41.88 136.80
v -11.60 -41.88 136.80
v -19.33 -41.88 131.60
v -19.33 -42.52 131.60
v -19.33 -42.52 136.80
v -19.33 -41.88 136.80
v -3.87 -41.88 131.60
v 3.87 -41.88 131.60
v 3.87 -42.52 131.60
v -3.87 -42.52 131.60
v -3.87 -42.52 136.80
v 3.87 -42.52 136.80
v 3.87 -41.88 136.80
v -3.87 -41.88 136.80
v -3.87 -42.52 131.60
v 3.87 -42.52 131.60
v 3.87 -42.52 136.80
v -3.87 -42.52 136.80
v 3.87 -42.52 131.60
v 3.87 -41.88 131.60
v 3.87 -41.88 136.80
v 3.87 -42.52 136.80
v 3.87 -41.88 131.60
v -3.87 -41.88 131.60
v -3.87 -41.88 136.80
v 3.87 -41.88 136.80
v -3.87 -41.88 131.60
v -3.87 -42.52 131.60
v -3.87 -42.52 136.80
v -3.87 -41.88 136.80
v 11.60 -41.88 131.60
v 19.33 -41.88 131.60
v 19.33 -42.52 131.60
v 11.60 -42.52 131.60
v 11.60 -42.52 136.80
v 19.33 -42.52 136.80
v 19.33 -41.88 136.80
v 11.60 -41.88 136.80
v 11.60 -42.52 131.60
v 19.33 -42.52 131.60
v 19.33 -42.52 136.80
v 11.60 -42.52 136.80
v 19.33 -42.52 131.60
v 19.33 -41.88 131.60
v 19.33 -41.88 136.80
v 19.33 -42.52 136.80
v 19.33 -41.88 131.60
v 11.60 -41.88 131.60
v 11.60 -41.88 136.80
v 19.33 -41.88 136.80
v 27.07 -41.88 131.60
v 27.07 -42.52 131.60
v 27.07 -42.52 136.80
v 27.07 -41.88 136.80
v 42.53 -41.88 131.60
v 50.27 -41.88 131.60
v 50.27 -42.52 131.60
v 42.53 -42.52 131.60
v 42.53 -42.52 136.80
v 50.27 -42.52 136.80
v 50.27 -41.88 136.80
v 42.53 -41.88 136.80
v 42.53 -42.52 131.60
v 50.27 -42.52 131.60
v 50.27 -42.52 136.80
v 42.53 -42.52 136.80
v 50.27 -42.52 131.60
v 50.27 -41.88 131.60
v 50.27 -41.88 136.80
v 50.27 -42.52 136.80
v 50.27 -41.88 131.60
v 42.53 -41.88 131.60
v 42.53 -41.88 136.80
v 50.27 -41.88 136.80
v 42.53 -41.88 131.60
v 42.53 -42.52 131.60
v 42.53 -42.52 136.80
v 42.53 -41.88 136.80
v 7.20 -42.60 132.00
v 6.85 -42.60 134.22
v 5.83 -42.60 136.23
v 4.23 -42.60 137.82
v 2.23 -42.60 138.85
v 0.00 -42.60 139.20
v -2.23 -42.60 138.85
v -4.23 -42.60 137.82
v -5.83 -42.60 136.23
v -6.85 -42.60 134.22
v -7.20 -42.60 132.00
v -6.85 -42.60 129.78
v -5.83 -42.60 127.77
v -3.87 -42.52 126.40
v -2.23 -42.60 125.15
v -0.00 -42.60 124.80
v 2.23 -42.60 125.15
v 3.87 -42.52 126.40
v 5.83 -42.60 127.77
v 6.85 -42.60 129.78
v 8.35 -42.95 132.00
v 7.94 -42.95 134.58
v 6.85 -42.60 134.22
v 6.91 -42.95 132.00
v 7.94 -42.95 134.58
v 6.76 -42.95 136.91
v 5.83 -42.60 136.23
v 6.85 -42.60 134.22
v 6.76 -42.95 136.91
v 4.91 -42.95 138.76
v 3.87 -42.52 136.80
v 5.83 -42.60 136.23
v 4.91 -42.95 138.76
v 2.58 -42.95 139.94
v 2.14 -42.95 138.57
v 3.87 -42.52 136.80
v 2.58 -42.95 139.94
v 0.00 -42.95 140.35
v 0.00 -42.60 139.20
v 2.14 -42.95 138.57
v 0.00 -42.95 140.35
v -2.58 -42.95 139.94
v -2.14 -42.95 138.57
v 0.00 -42.60 139.20
v -2.58 -42.95 139.94
v -4.91 -42.95 138.76
v -3.87 -42.52 136.80
v -2.14 -42.95 138.57
v -4.91 -42.95 138.76
v -6.76 -42.95 136.91
v -5.83 -42.60 136.23
v -3.87 -42.52 136.80
v -6.76 -42.95 136.91
v -7.94 -42.95 134.58
v -6.85 -42.60 134.22
v -5.83 -42.60 136.23
v -7.94 -42.95 134.58
v -8.35 -42.95 132.00
v -7.20 -42.60 132.00
v -6.85 -42.60 134.22
v -8.35 -42.95 132.00
v -7.94 -42.95 129.42
v -6.85 -42.60 129.78
v -7.20 -42.60 132.00
v -7.94 -42.95 129.42
v -6.76 -42.95 127.09
v -5.59 -42.95 127.94
v -6.85 -42.60 129.78
v -6.76 -42.95 127.09
v -4.91 -42.95 125.24
v -3.87 -42.52 126.40
v -5.59 -42.95 127.94
v -4.91 -42.95 125.24
v -2.58 -42.95 124.06
v -2.23 -42.60 125.15
v -3.87 -42.52 126.40
v -2.58 -42.95 124.06
v -0.00 -42.95 123.65
v -0.00 -42.60 124.80
v -2.23 -42.60 125.15
v -0.00 -42.95 123.65
v 2.58 -42.95 124.06
v 2.23 -42.60 125.15
v -0.00 -42.60 124.80
v 2.58 -42.95 124.06
v 4.91 -42.95 125.24
v 3.87 -42.52 126.40
v 2.23 -42.60 125.15
v 4.91 -42.95 125.24
v 6.76 -42.95 127.09
v 5.59 -42.95 127.94
v 3.87 -42.52 126.40
v 6.76 -42.95 127.09
v 7.94 -42.95 129.42
v 6.85 -42.60 129.78
v 5.59 -42.95 127.94
v 7.94 -42.95 129.42
v 8.35 -42.95 132.00
v 6.91 -42.95 132.00
v 6.85 -42.60 129.78
v -50.50 -26.00 158.00
v -51.25 -24.70 158.00
v -51.25 -24.70 174.00
v -50.50 -26.00 174.00
v -51.25 -24.70 158.00
v -52.75 -24.70 158.00
v -52.75 -24.70 174.00
v -51.25 -24.70 174.00
v -52.75 -24.70 158.00
v -53.50 -26.00 158.00
v -53.50 -26.00 174.00
v -52.75 -24.70 174.00
v -53.50 -26.00 158.00
v -52.75 -27.30 158.00
v -52.75 -27.30 174.00
v -53.50 -26.00 174.00
v -52.75 -27.30 158.00
v -51.25 -27.30 158.00
v -51.25 -27.30 174.00
v -52.75 -27.30 174.00
v -51.25 -27.30 158.00
v -50.50 -26.00 158.00
v -50.50 -26.00 174.00
v -51.25 -27.30 174.00
v -50.50 -26.00 174.00
v -51.25 -24.70 174.00
v -52.75 -24.70 174.00
v -53.50 -26.00 174.00
v -52.75 -27.30 174.00
v -51.25 -27.30 174.00
v -49.80 -26.00 174.00
v -50.90 -24.09 174.00
v -52.00 -26.00 182.00
v 10.71 -16.52 169.14
v 10.71 -15.88 169.14
v 10.71 -15.88 174.86
v 10.71 -16.52 174.86
v 10.71 -15.88 169.14
v 6.43 -15.88 169.14
v 6.43 -15.88 174.86
v 10.71 -15.88 174.86
v 6.43 -15.88 169.14
v 6.43 -16.52 169.14
v 6.43 -16.52 174.86
v 6.43 -15.88 174.86
v -10.71 -15.88 180.57
v -6.43 -15.88 180.57
v -6.43 -16.52 180.57
v -10.71 -16.52 180.57
v -10.71 -16.52 186.29
v -6.43 -16.52 186.29
v -6.43 -15.88 186.29
v -10.71 -15.88 186.29
v -10.71 -16.52 180.57
v -6.43 -16.52 180.57
v -6.43 -16.52 186.29
v -10.71 -16.52 186.29
v 2.14 -16.52 180.57
v 2.14 -15.88 180.57
v 2.14 -15.88 186.29
v 2.14 -16.52 186.29
v 2.14 -15.88 180.57
v -2.14 -15.88 180.57
v -2.14 -15.88 186.29
v 2.14 -15.88 186.29
v -2.14 -15.88 180.57
v -2.14 -16.52 180.57
v -2.14 -16.52 186.29
v -2.14 -15.88 186.29
v 6.43 -15.88 180.57
v 10.71 -15.88 180.57
v 10.71 -16.52 180.57
v 6.43 -16.52 180.57
v 6.43 -16.52 186.29
v 10.71 -16.52 186.29
v 10.71 -15.88 186.29
v 6.43 -15.88 186.29
v 6.43 -16.52 180.57
v 10.71 -16.52 180.57
v 10.71 -16.52 186.29
v 6.43 -16.52 186.29
v 10.71 -16.52 180.57
v 10.71 -15.88 180.57
v 10.71 -15.88 186.29
v 10.71 -16.52 186.29
v 10.71 -15.88 180.57
v 6.43 -15.88 180.57
v 6.43 -15.88 186.29
v 10.71 -15.88 186.29
v 6.43 -15.88 180.57
v 6.43 -16.52 180.57
v 6.43 -16.52 186.29
v 6.43 -15.88 186.29
v 17.50 0.00 200.00
v 16.45 5.99 200.00
v 0.00 0.00 238.00
v 16.45 5.99 200.00
v 13.41 11.25 200.00
v 0.00 0.00 238.00
v 13.41 11.25 200.00
v 8.75 15.15 200.00
v 0.00 0.00 238.00
v 8.75 15.15 200.00
v 3.04 17.23 200.00
v 0.00 0.00 238.00
v 3.04 17.23 200.00
v -3.04 17.23 200.00
v 0.00 0.00 238.00
v -3.04 17.23 200.00
v -8.75 15.15 200.00
v 0.00 0.00 238.00
v -8.75 15.15 200.00
v -13.41 11.25 200.00
v 0.00 0.00 238.00
v -13.41 11.25 200.00
v -16.45 5.99 200.00
v 0.00 0.00 238.00
v -16.45 5.99 200.00
v -17.50 0.00 200.00
v 0.00 0.00 238.00
v -17.50 0.00 200.00
v -16.45 -5.99 200.00
v 0.00 0.00 238.00
v -16.45 -5.99 200.00
v -13.41 -11.25 200.00
v 0.00 0.00 238.00
v -13.41 -11.25 200.00
v -8.75 -15.15 200.00
v 0.00 0.00 238.00
v -8.75 -15.15 200.00
v -3.04 -17.23 200.00
v 0.00 0.00 238.00
v -3.04 -17.23 200.00
v 3.04 -17.23 200.00
v 0.00 0.00 238.00
v 3.04 -17.23 200.00
v 8.75 -15.15 200.00
v 0.00 0.00 238.00
v 8.75 -15.15 200.00
v 13.41 -11.25 200.00
v 0.00 0.00 238.00
v 13.41 -11.25 200.00
v 16.45 -5.99 200.00
v 0.00 0.00 238.00
v 16.45 -5.99 200.00
v 17.50 0.00 200.00
v 0.00 0.00 238.00
v 0.00 0.00 238.00
v -0.30 0.52 238.00
v -0.30 0.52 246.00
v 0.60 0.00 246.00
v -0.30 0.52 238.00
v -0.30 -0.52 238.00
v -0.30 -0.52 246.00
v -0.30 0.52 246.00
v -0.30 -0.52 238.00
v 0.30 -0.52 238.00
v 0.30 -0.52 246.00
v -0.30 -0.52 246.00
v 0.30 -0.52 238.00
v 0.00 0.00 238.00
v 0.60 0.00 246.00
v 0.30 -0.52 246.00
v 0.60 0.00 246.00
v -0.30 0.52 246.00
v -0.30 -0.52 246.00
v 0.30 -0.52 246.00
v -49.40 32.00 128.00
v -50.28 34.70 128.00
v -50.28 34.70 176.00
v -49.40 32.00 176.00
v -50.28 34.70 128.00
v -52.58 36.38 128.00
v -52.58 36.38 176.00
v -50.28 34.70 176.00
v -52.58 36.38 128.00
v -55.42 36.38 128.00
v -55.42 36.38 176.00
v -52.58 36.38 176.00
v -55.42 36.38 128.00
v -57.72 34.70 128.00
v -57.72 34.70 176.00
v -55.42 36.38 176.00

usemtl mat_window_lit
v 11.60 -41.88 131.60
v 11.60 -42.52 131.60
v 11.60 -42.52 136.80
v 11.60 -41.88 136.80
v 27.07 -41.88 131.60
v 34.80 -41.88 131.60
v 34.80 -42.52 131.60
v 27.07 -42.52 131.60
v 27.07 -42.52 136.80
v 34.80 -42.52 136.80
v 34.80 -41.88 136.80
v 27.07 -41.88 136.80
v 27.07 -42.52 131.60
v 34.80 -42.52 131.60
v 34.80 -42.52 136.80
v 27.07 -42.52 136.80
v 34.80 -42.52 131.60
v 34.80 -41.88 131.60
v 34.80 -41.88 136.80
v 34.80 -42.52 136.80
v 34.80 -41.88 131.60
v 27.07 -41.88 131.60
v 27.07 -41.88 136.80
v 34.80 -41.88 136.80
v -6.43 -16.52 180.57
v -6.43 -15.88 180.57
v -6.43 -15.88 186.29
v -6.43 -16.52 186.29
v -6.43 -15.88 180.57
v -10.71 -15.88 180.57
v -10.71 -15.88 186.29
v -6.43 -15.88 186.29
v -10.71 -15.88 180.57
v -10.71 -16.52 180.57
v -10.71 -16.52 186.29
v -10.71 -15.88 186.29
v -2.14 -15.88 180.57
v 2.14 -15.88 180.57
v 2.14 -16.52 180.57
v -2.14 -16.52 180.57
v -2.14 -16.52 186.29
v 2.14 -16.52 186.29
v 2.14 -15.88 186.29
v -2.14 -15.88 186.29
v -2.14 -16.52 180.57
v 2.14 -16.52 180.57
v 2.14 -16.52 186.29
v -2.14 -16.52 186.29
v -57.72 34.70 128.00
v -58.60 32.00 128.00
v -58.60 32.00 176.00
v -57.72 34.70 176.00
v -58.60 32.00 128.00
v -57.72 29.30 128.00
v -57.72 29.30 176.00
v -58.60 32.00 176.00
v -57.72 29.30 128.00
v -55.42 27.62 128.00
v -55.42 27.62 176.00
v -57.72 29.30 176.00
v -55.42 27.62 128.00
v -52.58 27.62 128.00
v -52.58 27.62 176.00
v -55.42 27.62 176.00
v -52.58 27.62 128.00
v -50.28 29.30 128.00
v -50.28 29.30 176.00
v -52.58 27.62 176.00
v -50.28 29.30 128.00
v -49.40 32.00 128.00
v -49.40 32.00 176.00
v -50.28 29.30 176.00

usemtl mat_rose
v -50.90 -24.09 174.00
v -53.10 -24.09 174.00
v -52.00 -26.00 182.00

usemtl mat_wood
v 82.43 -1.95 103.00
v 82.08 -1.35 103.00
v 81.38 -1.35 103.00
v 81.03 -1.95 103.00
v 85.93 -1.95 102.00
v 84.70 1.02 102.00
v 81.73 -1.95 111.50
v 84.70 1.02 102.00
v 81.73 2.25 102.00
v 81.73 -1.95 111.50
v 81.73 2.25 102.00
v 78.76 1.02 102.00
v 81.73 -1.95 111.50
v 78.76 1.02 102.00
v 77.53 -1.95 102.00
v 81.73 -1.95 111.50
v 77.53 -1.95 102.00
v 78.76 -4.92 102.00
v 81.73 -1.95 111.50
v 81.73 -6.15 102.00
v 84.70 -4.92 102.00
v 81.73 -1.95 111.50
v 84.70 -4.92 102.00
v 85.93 -1.95 102.00
v 81.73 -1.95 111.50
v 81.64 2.05 98.00
v 80.59 2.66 98.00
v 80.59 2.66 103.00
v 81.64 2.05 103.00
v 80.59 2.66 98.00
v 80.59 1.45 98.00
v 80.59 1.45 103.00
v 80.59 2.66 103.00
v 80.59 1.45 98.00
v 81.29 1.45 98.00
v 81.29 1.45 103.00
v 80.59 1.45 103.00
v 81.29 1.45 98.00
v 81.64 2.05 98.00
v 81.64 2.05 103.00
v 81.29 1.45 103.00
v 80.94 -2.15 102.00
v 83.91 -0.92 102.00
v 80.94 2.05 111.50
v 83.91 -0.92 102.00
v 85.14 2.05 102.00
v 80.94 2.05 111.50
v 80.31 5.97 98.00
v 79.97 6.58 98.00
v 79.97 6.58 103.00
v 80.31 5.97 103.00
v 79.97 6.58 98.00
v 78.92 5.97 98.00
v 78.92 5.97 103.00
v 79.97 6.58 103.00
v 78.92 5.97 98.00
v 79.27 5.37 98.00
v 79.27 5.37 103.00
v 78.92 5.97 103.00
v 79.27 5.37 98.00
v 80.31 5.97 98.00
v 80.31 5.97 103.00
v 79.27 5.37 103.00
v 80.31 5.97 103.00
v 79.97 6.58 103.00
v 78.92 5.97 103.00
v 79.27 5.37 103.00
v 78.49 9.77 98.00
v 78.14 10.38 98.00
v 78.14 10.38 103.00
v 78.49 9.77 103.00
v 78.14 10.38 98.00
v 77.09 9.77 98.00
v 77.09 9.77 103.00
v 78.14 10.38 103.00
v 77.09 9.77 98.00
v 77.44 9.17 98.00
v 77.44 9.17 103.00
v 77.09 9.77 103.00
v 77.44 9.17 98.00
v 78.49 9.77 98.00
v 78.49 9.77 103.00
v 77.44 9.17 103.00
v 78.49 9.77 103.00
v 78.14 10.38 103.00
v 77.09 9.77 103.00
v 77.44 9.17 103.00
v 81.99 9.77 102.00
v 80.76 12.74 102.00
v 77.79 9.77 111.50
v 80.76 12.74 102.00
v 77.79 13.97 102.00
v 77.79 9.77 111.50
v 75.12 14.02 98.00
v 74.77 13.41 98.00
v 74.77 13.41 103.00
v 75.12 14.02 103.00
v 74.77 13.41 98.00
v 76.17 13.41 98.00
v 76.17 13.41 103.00
v 74.77 13.41 103.00
v 76.17 13.41 103.00
v 75.82 14.02 103.00
v 75.12 14.02 103.00
v 74.77 13.41 103.00
v 79.67 13.41 102.00
v 78.44 16.38 102.00
v 75.47 13.41 111.50
v 78.44 16.38 102.00
v 75.47 17.61 102.00
v 75.47 13.41 111.50
v 75.47 17.61 102.00
v 72.50 16.38 102.00
v 75.47 13.41 111.50
v 72.50 16.38 102.00
v 71.27 13.41 102.00
v 75.47 13.41 111.50
v 72.33 16.25 98.00
v 73.38 16.85 98.00
v 73.38 16.85 103.00
v 72.33 16.25 103.00
v 73.38 16.85 103.00
v 73.03 17.46 103.00
v 72.33 17.46 103.00
v 71.98 16.85 103.00
v 72.33 16.25 103.00
v 76.88 16.85 102.00
v 75.65 19.82 102.00
v 72.68 16.85 111.50
v 75.65 19.82 102.00
v 72.68 21.05 102.00
v 72.68 16.85 111.50
v 72.68 21.05 102.00
v 69.71 19.82 102.00
v 72.68 16.85 111.50
v 69.71 19.82 102.00
v 68.48 16.85 102.00
v 72.68 16.85 111.50
v 68.48 16.85 102.00
v 69.71 13.88 102.00
v 72.68 16.85 111.50
v 73.66 20.05 102.00
v 72.42 23.02 102.00
v 69.45 20.05 111.50
v 72.42 23.02 102.00
v 69.45 24.25 102.00
v 69.45 20.05 111.50
v 69.45 24.25 102.00
v 66.49 23.02 102.00
v 69.45 20.05 111.50
v 66.49 23.02 102.00
v 65.25 20.05 102.00
v 69.45 20.05 111.50
v 65.25 20.05 102.00
v 66.49 17.09 102.00
v 69.45 20.05 111.50
v 66.49 17.09 102.00
v 69.45 15.86 102.00
v 69.45 20.05 111.50
v 69.45 15.86 102.00
v 72.50 16.38 102.00
v 69.45 20.05 111.50
v 70.03 22.99 102.00
v 68.80 25.96 102.00
v 65.83 22.99 111.50
v 68.80 25.96 102.00
v 65.83 27.19 102.00
v 65.83 22.99 111.50
v 65.83 27.19 102.00
v 62.86 25.96 102.00
v 65.83 22.99 111.50
v 62.86 25.96 102.00
v 61.63 22.99 102.00
v 65.83 22.99 111.50
v 61.63 22.99 102.00
v 62.86 20.02 102.00
v 65.83 22.99 111.50
v 62.86 20.02 102.00
v 65.83 18.79 102.00
v 65.83 22.99 111.50
v 65.83 18.79 102.00
v 68.80 20.02 102.00
v 65.83 22.99 111.50
v 66.03 25.63 102.00
v 64.80 28.60 102.00
v 61.83 25.63 111.50
v 64.80 28.60 102.00
v 61.83 29.83 102.00
v 61.83 25.63 111.50
v 61.83 29.83 102.00
v 58.86 28.60 102.00
v 61.83 25.63 111.50
v 58.86 28.60 102.00
v 57.63 25.63 102.00
v 61.83 25.63 111.50
v 57.63 25.63 102.00
v 58.86 22.66 102.00
v 61.83 25.63 111.50
v 58.86 22.66 102.00
v 61.83 21.43 102.00
v 61.83 25.63 111.50
v 61.83 21.43 102.00
v 64.80 22.66 102.00
v 61.83 25.63 111.50
v 57.51 32.15 102.00
v 54.54 30.92 102.00
v 57.51 27.95 111.50
v 54.54 30.92 102.00
v 53.31 27.95 102.00
v 57.51 27.95 111.50
v 53.31 27.95 102.00
v 54.54 24.98 102.00
v 57.51 27.95 111.50
v 54.54 24.98 102.00
v 57.51 23.75 102.00
v 57.51 27.95 111.50
v 57.51 23.75 102.00
v 60.48 24.98 102.00
v 57.51 27.95 111.50
v 60.48 24.98 102.00
v 61.71 27.95 102.00
v 57.51 27.95 111.50
v 53.60 29.91 98.00
v 52.55 30.52 98.00
v 52.55 30.52 103.00
v 53.60 29.91 103.00
v 48.70 29.91 102.00
v 49.93 26.94 102.00
v 52.90 29.91 111.50
v 49.93 26.94 102.00
v 52.90 25.71 102.00
v 52.90 29.91 111.50
v 52.90 25.71 102.00
v 55.87 26.94 102.00
v 52.90 29.91 111.50
v 55.87 26.94 102.00
v 57.10 29.91 102.00
v 52.90 29.91 111.50
v 48.76 31.51 98.00
v 48.41 32.12 98.00
v 48.41 32.12 103.00
v 48.76 31.51 103.00
v 48.41 32.12 98.00
v 47.36 31.51 98.00
v 47.36 31.51 103.00
v 48.41 32.12 103.00
v 47.36 31.51 98.00
v 47.71 30.90 98.00
v 47.71 30.90 103.00
v 47.36 31.51 103.00
v 48.06 27.31 102.00
v 51.03 28.54 102.00
v 48.06 31.51 111.50
v 51.03 28.54 102.00
v 52.26 31.51 102.00
v 48.06 31.51 111.50
v 43.73 32.72 98.00
v 43.38 33.33 98.00
v 43.38 33.33 103.00
v 43.73 32.72 103.00
v 43.38 33.33 98.00
v 42.68 33.33 98.00
v 42.68 33.33 103.00
v 43.38 33.33 103.00
v 42.68 33.33 98.00
v 42.33 32.72 98.00
v 42.33 32.72 103.00
v 42.68 33.33 103.00
v 42.33 32.72 98.00
v 42.68 32.12 98.00
v 42.68 32.12 103.00
v 42.33 32.72 103.00
v 42.68 32.12 98.00
v 43.38 32.12 98.00
v 43.38 32.12 103.00
v 42.68 32.12 103.00
v 43.03 28.52 102.00
v 46.00 29.75 102.00
v 43.03 32.72 111.50
v 46.00 29.75 102.00
v 47.23 32.72 102.00
v 43.03 32.72 111.50
v 38.57 33.54 98.00
v 37.52 34.15 98.00
v 37.52 34.15 103.00
v 38.57 33.54 103.00
v 37.52 34.15 98.00
v 37.52 32.93 98.00
v 37.52 32.93 103.00
v 37.52 34.15 103.00
v 37.52 32.93 98.00
v 38.22 32.93 98.00
v 38.22 32.93 103.00
v 37.52 32.93 103.00
v 38.22 32.93 98.00
v 38.57 33.54 98.00
v 38.57 33.54 103.00
v 38.22 32.93 103.00
v 38.57 33.54 103.00
v 37.52 34.15 103.00
v 37.52 32.93 103.00
v 38.22 32.93 103.00
v 33.33 33.95 98.00
v 32.98 34.55 98.00
v 32.98 34.55 103.00
v 33.33 33.95 103.00
v 32.98 34.55 98.00
v 32.28 34.55 98.00
v 32.28 34.55 103.00
v 32.98 34.55 103.00
v 32.28 34.55 98.00
v 31.93 33.95 98.00
v 31.93 33.95 103.00
v 32.28 34.55 103.00
v 31.93 33.95 98.00
v 32.98 33.34 98.00
v 32.98 33.34 103.00
v 31.93 33.95 103.00
v 32.98 33.34 98.00
v 33.33 33.95 98.00
v 33.33 33.95 103.00
v 32.98 33.34 103.00
v 33.33 33.95 103.00
v 32.98 34.55 103.00
v 32.28 34.55 103.00
v 31.93 33.95 103.00
v 32.98 33.34 103.00
v 36.83 33.95 102.00
v 35.60 36.92 102.00
v 32.63 33.95 111.50
v 27.72 34.55 98.00
v 26.67 33.95 98.00
v 26.67 33.95 103.00
v 27.72 34.55 103.00
v 26.67 33.95 98.00
v 27.02 33.34 98.00
v 27.02 33.34 103.00
v 26.67 33.95 103.00
v 27.02 33.34 98.00
v 28.07 33.95 98.00
v 28.07 33.95 103.00
v 27.02 33.34 103.00
v 28.07 33.95 103.00
v 27.72 34.55 103.00
v 26.67 33.95 103.00
v 27.02 33.34 103.00
v 31.57 33.95 102.00
v 30.34 36.92 102.00
v 27.37 33.95 111.50
v 30.34 36.92 102.00
v 27.37 38.15 102.00
v 27.37 33.95 111.50
v 27.37 38.15 102.00
v 24.40 36.92 102.00
v 27.37 33.95 111.50
v 21.78 32.93 98.00
v 22.83 33.54 98.00
v 22.83 33.54 103.00
v 21.78 32.93 103.00
v 22.83 33.54 103.00
v 22.48 34.15 103.00
v 21.43 33.54 103.00
v 21.78 32.93 103.00
v 26.33 33.54 102.00
v 25.10 36.51 102.00
v 22.13 33.54 111.50
v 25.10 36.51 102.00
v 22.13 37.74 102.00
v 22.13 33.54 111.50
v 22.13 37.74 102.00
v 19.16 36.51 102.00
v 22.13 33.54 111.50
v 19.16 36.51 102.00
v 17.93 33.54 102.00
v 22.13 33.54 111.50
v 17.93 33.54 102.00
v 19.16 30.57 102.00
v 22.13 33.54 111.50
v 17.32 32.12 98.00
v 17.67 32.72 98.00
v 17.67 32.72 103.00
v 17.32 32.12 103.00
v 17.67 32.72 103.00
v 17.32 33.33 103.00
v 16.62 33.33 103.00
v 16.27 32.72 103.00
v 16.62 32.12 103.00
v 17.32 32.12 103.00
v 21.17 32.72 102.00
v 19.94 35.69 102.00
v 16.97 32.72 111.50
v 19.94 35.69 102.00
v 16.97 36.92 102.00
v 16.97 32.72 111.50
v 16.97 36.92 102.00
v 14.00 35.69 102.00
v 16.97 32.72 111.50
v 14.00 35.69 102.00
v 12.77 32.72 102.00
v 16.97 32.72 111.50
v 12.77 32.72 102.00
v 14.00 29.75 102.00
v 16.97 32.72 111.50
v 12.64 31.51 103.00
v 12.29 32.12 103.00
v 11.59 32.12 103.00
v 11.59 30.90 103.00
v 12.29 30.90 103.00
v 16.14 31.51 102.00
v 14.91 34.48 102.00
v 11.94 31.51 111.50
v 14.91 34.48 102.00
v 11.94 35.71 102.00
v 11.94 31.51 111.50
v 11.94 35.71 102.00
v 8.97 34.48 102.00
v 11.94 31.51 111.50
v 8.97 34.48 102.00
v 7.74 31.51 102.00
v 11.94 31.51 111.50
v 7.74 31.51 102.00
v 8.97 28.54 102.00
v 11.94 31.51 111.50
v 8.97 28.54 102.00
v 11.94 27.31 102.00
v 11.94 31.51 111.50
v 10.07 32.88 102.00
v 7.10 34.11 102.00
v 7.10 29.91 111.50
v 7.10 34.11 102.00
v 4.13 32.88 102.00
v 7.10 29.91 111.50
v 4.13 32.88 102.00
v 2.90 29.91 102.00
v 7.10 29.91 111.50
v 2.90 29.91 102.00
v 4.13 26.94 102.00
v 7.10 29.91 111.50
v 4.13 26.94 102.00
v 7.10 25.71 102.00
v 7.10 29.91 111.50
v 7.10 25.71 102.00
v 10.07 26.94 102.00
v 7.10 29.91 111.50
v 10.07 26.94 102.00
v 11.30 29.91 102.00
v 7.10 29.91 111.50
v 2.49 32.15 102.00
v -0.48 30.92 102.00
v 2.49 27.95 111.50
v -0.48 30.92 102.00
v -1.71 27.95 102.00
v 2.49 27.95 111.50
v -1.71 27.95 102.00
v -0.48 24.98 102.00
v 2.49 27.95 111.50
v -0.48 24.98 102.00
v 2.49 23.75 102.00
v 2.49 27.95 111.50
v 2.49 23.75 102.00
v 5.46 24.98 102.00
v 2.49 27.95 111.50
v 5.46 24.98 102.00
v 6.69 27.95 102.00
v 2.49 27.95 111.50
v -1.13 25.63 98.00
v -1.48 26.24 98.00
v -1.48 26.24 103.00
v -1.13 25.63 103.00
v -1.83 29.83 102.00
v -4.80 28.60 102.00
v -1.83 25.63 111.50
v -4.80 28.60 102.00
v -6.03 25.63 102.00
v -1.83 25.63 111.50
v -6.03 25.63 102.00
v -4.80 22.66 102.00
v -1.83 25.63 111.50
v -4.80 22.66 102.00
v -1.83 21.43 102.00
v -1.83 25.63 111.50
v -1.83 21.43 102.00
v 1.14 22.66 102.00
v -1.83 25.63 111.50
v 1.14 22.66 102.00
v 2.37 25.63 102.00
v -1.83 25.63 111.50
v -5.13 22.99 98.00
v -5.48 23.60 98.00
v -5.48 23.60 103.00
v -5.13 22.99 103.00
v -10.03 22.99 102.00
v -8.80 20.02 102.00
v -5.83 22.99 111.50
v -8.80 20.02 102.00
v -5.83 18.79 102.00
v -5.83 22.99 111.50
v -5.83 18.79 102.00
v -2.86 20.02 102.00
v -5.83 22.99 111.50
v -2.86 20.02 102.00
v -1.63 22.99 102.00
v -5.83 22.99 111.50
v -8.76 20.05 98.00
v -9.11 20.66 98.00
v -9.11 20.66 103.00
v -8.76 20.05 103.00
v -9.11 20.66 98.00
v -10.15 20.05 98.00
v -10.15 20.05 103.00
v -9.11 20.66 103.00
v -10.15 20.05 98.00
v -9.80 19.45 98.00
v -9.80 19.45 103.00
v -10.15 20.05 103.00
v -9.46 15.86 102.00
v -6.49 17.09 102.00
v -9.46 20.05 111.50
v -6.49 17.09 102.00
v -5.25 20.05 102.00
v -9.46 20.05 111.50
v -11.98 16.85 98.00
v -12.33 17.46 98.00
v -12.33 17.46 103.00
v -11.98 16.85 103.00
v -12.33 17.46 98.00
v -13.03 17.46 98.00
v -13.03 17.46 103.00
v -12.33 17.46 103.00
v -13.03 17.46 98.00
v -13.38 16.85 98.00
v -13.38 16.85 103.00
v -13.03 17.46 103.00
v -13.38 16.85 98.00
v -11.98 16.85 98.00
v -11.98 16.85 103.00
v -13.38 16.85 103.00
v -11.98 16.85 103.00
v -12.33 17.46 103.00
v -13.03 17.46 103.00
v -13.38 16.85 103.00
v -14.77 13.41 98.00
v -15.12 14.02 98.00
v -15.12 14.02 103.00
v -14.77 13.41 103.00
v -15.12 14.02 98.00
v -15.82 14.02 98.00
v -15.82 14.02 103.00
v -15.12 14.02 103.00
v -15.82 14.02 98.00
v -16.17 13.41 98.00
v -16.17 13.41 103.00
v -15.82 14.02 103.00
v -16.17 13.41 98.00
v -14.77 13.41 98.00
v -14.77 13.41 103.00
v -16.17 13.41 103.00
v -14.77 13.41 103.00
v -15.12 14.02 103.00
v -15.82 14.02 103.00
v -16.17 13.41 103.00
v -11.27 13.41 102.00
v -12.43 17.09 102.00
v -15.47 13.41 111.50
v -12.43 17.09 102.00
v -15.47 17.61 102.00
v -15.47 13.41 111.50
v -18.14 10.38 98.00
v -18.49 9.77 98.00
v -18.49 9.77 103.00
v -18.14 10.38 103.00
v -18.49 9.77 98.00
v -17.44 9.17 98.00
v -17.44 9.17 103.00
v -18.49 9.77 103.00
v -17.44 9.17 98.00
v -17.09 9.77 98.00
v -17.09 9.77 103.00
v -17.44 9.17 103.00
v -17.09 9.77 103.00
v -17.44 10.38 103.00
v -18.14 10.38 103.00
v -18.49 9.77 103.00
v -17.44 9.17 103.00
v -13.59 9.77 102.00
v -14.82 12.74 102.00
v -17.79 9.77 111.50
v -14.82 12.74 102.00
v -17.79 13.97 102.00
v -17.79 9.77 111.50
v -17.79 13.97 102.00
v -20.76 12.74 102.00
v -17.79 9.77 111.50
v -20.32 5.97 98.00
v -19.96 5.37 98.00
v -19.96 5.37 103.00
v -20.32 5.97 103.00
v -19.96 5.37 98.00
v -19.27 5.37 98.00
v -19.27 5.37 103.00
v -19.96 5.37 103.00
v -19.27 5.37 98.00
v -18.91 5.97 98.00
v -18.91 5.97 103.00
v -19.27 5.37 103.00
v -18.91 5.97 103.00
v -19.27 6.58 103.00
v -19.96 6.58 103.00
v -20.32 5.97 103.00
v -19.96 5.37 103.00
v -19.27 5.37 103.00
v -15.41 5.97 102.00
v -16.64 8.94 102.00
v -19.61 5.97 111.50
v -16.64 8.94 102.00
v -19.61 10.18 102.00
v -19.61 5.97 111.50
v -19.61 10.18 102.00
v -22.59 8.94 102.00
v -19.61 5.97 111.50
v -21.29 1.45 98.00
v -20.59 1.45 98.00
v -20.59 1.45 103.00
v -21.29 1.45 103.00
v -20.59 1.45 98.00
v -20.24 2.05 98.00
v -20.24 2.05 103.00
v -20.59 1.45 103.00
v -20.24 2.05 103.00
v -21.29 2.66 103.00
v -21.64 2.05 103.00
v -21.29 1.45 103.00
v -20.59 1.45 103.00
v -16.74 2.05 102.00
v -17.97 5.02 102.00
v -20.94 2.05 111.50
v -17.97 5.02 102.00
v -20.94 6.25 102.00
v -20.94 2.05 111.50
v -20.94 6.25 102.00
v -23.91 5.02 102.00
v -20.94 2.05 111.50
v -23.91 5.02 102.00
v -25.14 2.05 102.00
v -20.94 2.05 111.50
v -21.03 -1.95 103.00
v -21.38 -1.35 103.00
v -22.08 -1.35 103.00
v -22.43 -1.95 103.00
v -17.53 -1.95 102.00
v -18.76 1.02 102.00
v -21.73 -1.95 111.50
v -18.76 1.02 102.00
v -21.73 2.25 102.00
v -21.73 -1.95 111.50
v -21.73 2.25 102.00
v -24.70 1.02 102.00
v -21.73 -1.95 111.50
v -24.70 1.02 102.00
v -25.93 -1.95 102.00
v -21.73 -1.95 111.50
v -25.93 -1.95 102.00
v -24.70 -4.92 102.00
v -21.73 -1.95 111.50
v -24.70 -4.92 102.00
v -21.73 -6.15 102.00
v -21.73 -1.95 111.50
v -19.03 -3.03 102.00
v -22.00 -1.80 102.00
v -22.00 -6.00 111.50
v -22.00 -1.80 102.00
v -24.97 -3.03 102.00
v -22.00 -6.00 111.50
v -24.97 -3.03 102.00
v -26.20 -6.00 102.00
v -22.00 -6.00 111.50
v -26.20 -6.00 102.00
v -24.97 -8.97 102.00
v -22.00 -6.00 111.50
v -24.97 -8.97 102.00
v -22.00 -10.20 102.00
v -22.00 -6.00 111.50
v -22.00 -10.20 102.00
v -19.03 -8.97 102.00
v -22.00 -6.00 111.50
v -19.03 -8.97 102.00
v -17.80 -6.00 102.00
v -22.00 -6.00 111.50
v -24.70 -7.08 102.00
v -25.93 -10.05 102.00
v -21.73 -10.05 111.50
v -25.93 -10.05 102.00
v -24.70 -13.02 102.00
v -21.73 -10.05 111.50
v -24.70 -13.02 102.00
v -21.73 -14.25 102.00
v -21.73 -10.05 111.50
v -21.73 -14.25 102.00
v -18.76 -13.02 102.00
v -21.73 -10.05 111.50
v -18.76 -13.02 102.00
v -17.53 -10.05 102.00
v -21.73 -10.05 111.50
v -20.24 -14.05 98.00
v -20.59 -13.45 98.00
v -20.59 -13.45 103.00
v -20.24 -14.05 103.00
v -20.59 -13.45 98.00
v -21.29 -13.45 98.00
v -21.29 -13.45 103.00
v -20.59 -13.45 103.00
v -23.91 -11.08 102.00
v -25.14 -14.05 102.00
v -20.94 -14.05 111.50
v -25.14 -14.05 102.00
v -23.91 -17.02 102.00
v -20.94 -14.05 111.50
v -23.91 -17.02 102.00
v -20.94 -18.25 102.00
v -20.94 -14.05 111.50
v -20.94 -18.25 102.00
v -17.97 -17.02 102.00
v -20.94 -14.05 111.50
v -17.97 -17.02 102.00
v -16.74 -14.05 102.00
v -20.94 -14.05 111.50
v -18.91 -17.98 98.00
v -19.96 -17.37 98.00
v -19.96 -17.37 103.00
v -18.91 -17.98 103.00
v -19.96 -17.37 98.00
v -19.96 -18.58 98.00
v -19.96 -18.58 103.00
v -19.96 -17.37 103.00
v -22.59 -20.94 102.00
v -19.61 -22.18 102.00
v -19.61 -17.98 111.50
v -19.61 -22.18 102.00
v -16.64 -20.94 102.00
v -19.61 -17.98 111.50
v -16.64 -20.94 102.00
v -15.41 -17.98 102.00
v -19.61 -17.98 111.50
v -17.09 -21.77 98.00
v -17.44 -21.17 98.00
v -17.44 -21.17 103.00
v -17.09 -21.77 103.00
v -17.44 -21.17 98.00
v -18.14 -21.17 98.00
v -18.14 -21.17 103.00
v -17.44 -21.17 103.00
v -18.14 -21.17 98.00
v -18.49 -21.77 98.00
v -18.49 -21.77 103.00
v -18.14 -21.17 103.00
v -18.49 -21.77 98.00
v -17.44 -22.38 98.00
v -17.44 -22.38 103.00
v -18.49 -21.77 103.00
v -17.79 -25.97 102.00
v -14.82 -24.74 102.00
v -17.79 -21.77 111.50
v -14.82 -24.74 102.00
v -13.59 -21.77 102.00
v -17.79 -21.77 111.50
v -14.77 -25.41 98.00
v -15.12 -24.81 98.00
v -15.12 -24.81 103.00
v -14.77 -25.41 103.00
v -15.12 -24.81 98.00
v -15.82 -24.81 98.00
v -15.82 -24.81 103.00
v -15.12 -24.81 103.00
v -15.82 -24.81 98.00
v -16.17 -25.41 98.00
v -16.17 -25.41 103.00
v -15.82 -24.81 103.00
v -16.17 -25.41 98.00
v -14.77 -25.41 98.00
v -14.77 -25.41 103.00
v -16.17 -25.41 103.00
v -14.77 -25.41 103.00
v -15.12 -24.81 103.00
v -15.82 -24.81 103.00
v -16.17 -25.41 103.00
v -11.98 -28.85 98.00
v -12.33 -28.25 98.00
v -12.33 -28.25 103.00
v -11.98 -28.85 103.00
v -12.33 -28.25 98.00
v -13.03 -28.25 98.00
v -13.03 -28.25 103.00
v -12.33 -28.25 103.00
v -13.03 -28.25 98.00
v -13.38 -28.85 98.00
v -13.38 -28.85 103.00
v -13.03 -28.25 103.00
v -13.38 -28.85 98.00
v -11.98 -28.85 98.00
v -11.98 -28.85 103.00
v -13.38 -28.85 103.00
v -11.98 -28.85 103.00
v -12.33 -28.25 103.00
v -13.03 -28.25 103.00
v -13.38 -28.85 103.00
v -8.48 -28.85 102.00
v -9.71 -25.88 102.00
v -12.68 -28.85 111.50
v -9.71 -25.88 102.00
v -12.68 -24.65 102.00
v -12.68 -28.85 111.50
v -10.15 -32.05 98.00
v -9.80 -32.66 98.00
v -9.80 -32.66 103.00
v -10.15 -32.05 103.00
v -9.80 -32.66 98.00
v -8.76 -32.05 98.00
v -8.76 -32.05 103.00
v -9.80 -32.66 103.00
v -8.76 -32.05 103.00
v -9.11 -31.45 103.00
v -10.15 -32.05 103.00
v -9.80 -32.66 103.00
v -5.25 -32.05 102.00
v -6.49 -29.09 102.00
v -9.46 -32.05 111.50
v -6.49 -29.09 102.00
v -9.46 -27.86 102.00
v -9.46 -32.05 111.50
v -9.46 -27.86 102.00
v -12.43 -29.09 102.00
v -9.46 -32.05 111.50
v -12.43 -29.09 102.00
v -13.65 -32.05 102.00
v -9.46 -32.05 111.50
v -5.13 -34.99 103.00
v -5.48 -34.38 103.00
v -6.53 -34.99 103.00
v -6.18 -35.60 103.00
v -1.63 -34.99 102.00
v -2.86 -32.02 102.00
v -5.83 -34.99 111.50
v -2.86 -32.02 102.00
v -5.83 -30.79 102.00
v -5.83 -34.99 111.50
v -5.83 -30.79 102.00
v -8.80 -32.02 102.00
v -5.83 -34.99 111.50
v -8.80 -32.02 102.00
v -10.03 -34.99 102.00
v -5.83 -34.99 111.50
v -10.03 -34.99 102.00
v -8.80 -37.96 102.00
v -5.83 -34.99 111.50
v -8.80 -37.96 102.00
v -5.83 -39.19 102.00
v -5.83 -34.99 111.50
v 1.14 -34.66 102.00
v -1.83 -33.43 102.00
v -1.83 -37.63 111.50
v -1.83 -33.43 102.00
v -4.80 -34.66 102.00
v -1.83 -37.63 111.50
v -4.80 -34.66 102.00
v -6.03 -37.63 102.00
v -1.83 -37.63 111.50
v -6.03 -37.63 102.00
v -4.80 -40.60 102.00
v -1.83 -37.63 111.50
v -4.80 -40.60 102.00
v -1.83 -41.83 102.00
v -1.83 -37.63 111.50
v -1.83 -41.83 102.00
v 1.14 -40.60 102.00
v -1.83 -37.63 111.50
v 1.14 -40.60 102.00
v 2.37 -37.63 102.00
v -1.83 -37.63 111.50
v 5.46 -36.98 102.00
v 2.49 -35.75 102.00
v 2.49 -39.95 111.50
v 2.49 -35.75 102.00
v -0.48 -36.98 102.00
v 2.49 -39.95 111.50
v -0.48 -36.98 102.00
v -1.71 -39.95 102.00
v 2.49 -39.95 111.50
v -1.71 -39.95 102.00
v -0.48 -42.92 102.00
v 2.49 -39.95 111.50
v -0.48 -42.92 102.00
v 2.49 -44.15 102.00
v 2.49 -39.95 111.50
v 2.49 -44.15 102.00
v 5.46 -42.92 102.00
v 2.49 -39.95 111.50
v 5.46 -42.92 102.00
v 6.69 -39.95 102.00
v 2.49 -39.95 111.50
v 10.07 -38.94 102.00
v 7.10 -37.71 102.00
v 7.10 -41.91 111.50
v 7.10 -37.71 102.00
v 4.13 -38.94 102.00
v 7.10 -41.91 111.50
v 4.13 -38.94 102.00
v 2.90 -41.91 102.00
v 7.10 -41.91 111.50
v 2.90 -41.91 102.00
v 4.13 -44.88 102.00
v 7.10 -41.91 111.50
v 4.13 -44.88 102.00
v 7.10 -46.11 102.00
v 7.10 -41.91 111.50
v 7.10 -46.11 102.00
v 10.07 -44.88 102.00
v 7.10 -41.91 111.50
v 10.07 -44.88 102.00
v 11.30 -41.91 102.00
v 7.10 -41.91 111.50
v 14.91 -40.54 102.00
v 11.94 -39.31 102.00
v 11.94 -43.51 111.50
v 11.94 -39.31 102.00
v 8.97 -40.54 102.00
v 11.94 -43.51 111.50
v 8.97 -40.54 102.00
v 7.74 -43.51 102.00
v 11.94 -43.51 111.50
v 7.74 -43.51 102.00
v 8.97 -46.48 102.00
v 11.94 -43.51 111.50
v 8.97 -46.48 102.00
v 11.94 -47.71 102.00
v 11.94 -43.51 111.50
v 11.94 -47.71 102.00
v 14.91 -46.48 102.00
v 11.94 -43.51 111.50
v 14.91 -46.48 102.00
v 16.14 -43.51 102.00
v 11.94 -43.51 111.50
v 14.00 -41.75 102.00
v 12.77 -44.72 102.00
v 16.97 -44.72 111.50
v 12.77 -44.72 102.00
v 14.00 -47.69 102.00
v 16.97 -44.72 111.50
v 14.00 -47.69 102.00
v 16.97 -48.92 102.00
v 16.97 -44.72 111.50
v 16.97 -48.92 102.00
v 19.94 -47.69 102.00
v 16.97 -44.72 111.50
v 19.94 -47.69 102.00
v 21.17 -44.72 102.00
v 16.97 -44.72 111.50
v 22.83 -45.54 98.00
v 22.48 -44.93 98.00
v 22.48 -44.93 103.00
v 22.83 -45.54 103.00
v 22.48 -44.93 98.00
v 21.43 -45.54 98.00
v 21.43 -45.54 103.00
v 22.48 -44.93 103.00
v 19.16 -48.51 102.00
v 22.13 -49.74 102.00
v 22.13 -45.54 111.50
v 22.13 -49.74 102.00
v 25.10 -48.51 102.00
v 22.13 -45.54 111.50
v 25.10 -48.51 102.00
v 26.33 -45.54 102.00
v 22.13 -45.54 111.50
v 28.07 -45.95 98.00
v 27.72 -45.34 98.00
v 27.72 -45.34 103.00
v 28.07 -45.95 103.00
v 27.72 -45.34 98.00
v 26.67 -45.95 98.00
v 26.67 -45.95 103.00
v 27.72 -45.34 103.00
v 26.67 -45.95 98.00
v 27.02 -46.55 98.00
v 27.02 -46.55 103.00
v 26.67 -45.95 103.00
v 27.02 -46.55 98.00
v 28.07 -45.95 98.00
v 28.07 -45.95 103.00
v 27.02 -46.55 103.00
v 30.34 -48.92 102.00
v 31.57 -45.95 102.00
v 27.37 -45.95 111.50
v 33.33 -45.95 98.00
v 32.98 -45.34 98.00
v 32.98 -45.34 103.00
v 33.33 -45.95 103.00
v 32.98 -45.34 98.00
v 32.28 -45.34 98.00
v 32.28 -45.34 103.00
v 32.98 -45.34 103.00
v 32.28 -45.34 98.00
v 31.93 -45.95 98.00
v 31.93 -45.95 103.00
v 32.28 -45.34 103.00
v 31.93 -45.95 98.00
v 32.98 -46.55 98.00
v 32.98 -46.55 103.00
v 31.93 -45.95 103.00
v 32.98 -46.55 98.00
v 33.33 -45.95 98.00
v 33.33 -45.95 103.00
v 32.98 -46.55 103.00
v 33.33 -45.95 103.00
v 32.98 -45.34 103.00
v 32.28 -45.34 103.00
v 31.93 -45.95 103.00
v 32.98 -46.55 103.00
v 38.57 -45.54 98.00
v 38.22 -44.93 98.00
v 38.22 -44.93 103.00
v 38.57 -45.54 103.00
v 38.22 -44.93 98.00
v 37.52 -44.93 98.00
v 37.52 -44.93 103.00
v 38.22 -44.93 103.00
v 37.52 -44.93 98.00
v 37.17 -45.54 98.00
v 37.17 -45.54 103.00
v 37.52 -44.93 103.00
v 37.17 -45.54 98.00
v 37.52 -46.15 98.00
v 37.52 -46.15 103.00
v 37.17 -45.54 103.00
v 37.52 -46.15 98.00
v 38.22 -46.15 98.00
v 38.22 -46.15 103.00
v 37.52 -46.15 103.00
v 38.22 -46.15 98.00
v 38.57 -45.54 98.00
v 38.57 -45.54 103.00
v 38.22 -46.15 103.00
v 38.57 -45.54 103.00
v 38.22 -44.93 103.00
v 37.52 -44.93 103.00
v 37.17 -45.54 103.00
v 37.52 -46.15 103.00
v 38.22 -46.15 103.00
v 43.73 -44.72 98.00
v 42.68 -44.12 98.00
v 42.68 -44.12 103.00
v 43.73 -44.72 103.00
v 42.68 -44.12 98.00
v 42.68 -45.33 98.00
v 42.68 -45.33 103.00
v 42.68 -44.12 103.00
v 42.68 -45.33 98.00
v 43.38 -45.33 98.00
v 43.38 -45.33 103.00
v 42.68 -45.33 103.00
v 43.38 -45.33 98.00
v 43.73 -44.72 98.00
v 43.73 -44.72 103.00
v 43.38 -45.33 103.00
v 43.73 -44.72 103.00
v 42.68 -44.12 103.00
v 42.68 -45.33 103.00
v 43.38 -45.33 103.00
v 47.23 -44.72 102.00
v 46.00 -41.75 102.00
v 43.03 -44.72 111.50
v 46.00 -41.75 102.00
v 43.03 -40.52 102.00
v 43.03 -44.72 111.50
v 47.36 -43.51 98.00
v 47.71 -44.12 98.00
v 47.71 -44.12 103.00
v 47.36 -43.51 103.00
v 47.71 -44.12 98.00
v 48.76 -43.51 98.00
v 48.76 -43.51 103.00
v 47.71 -44.12 103.00
v 48.76 -43.51 103.00
v 48.41 -42.90 103.00
v 47.36 -43.51 103.00
v 47.71 -44.12 103.00
v 52.26 -43.51 102.00
v 51.03 -40.54 102.00
v 48.06 -43.51 111.50
v 51.03 -40.54 102.00
v 48.06 -39.31 102.00
v 48.06 -43.51 111.50
v 48.06 -39.31 102.00
v 45.09 -40.54 102.00
v 48.06 -43.51 111.50
v 45.09 -40.54 102.00
v 43.86 -43.51 102.00
v 48.06 -43.51 111.50
v 52.55 -42.52 98.00
v 53.25 -42.52 98.00
v 53.25 -42.52 103.00
v 52.55 -42.52 103.00
v 53.25 -42.52 98.00
v 53.60 -41.91 98.00
v 53.60 -41.91 103.00
v 53.25 -42.52 103.00
v 53.60 -41.91 103.00
v 53.25 -41.31 103.00
v 52.55 -41.31 103.00
v 52.20 -41.91 103.00
v 52.55 -42.52 103.00
v 53.25 -42.52 103.00
v 57.10 -41.91 102.00
v 55.87 -38.94 102.00
v 52.90 -41.91 111.50
v 55.87 -38.94 102.00
v 52.90 -37.71 102.00
v 52.90 -41.91 111.50
v 52.90 -37.71 102.00
v 49.93 -38.94 102.00
v 52.90 -41.91 111.50
v 49.93 -38.94 102.00
v 48.70 -41.91 102.00
v 52.90 -41.91 111.50
v 57.16 -40.55 98.00
v 57.86 -40.55 98.00
v 57.86 -40.55 103.00
v 57.16 -40.55 103.00
v 57.86 -40.55 98.00
v 58.21 -39.95 98.00
v 58.21 -39.95 103.00
v 57.86 -40.55 103.00
v 58.21 -39.95 103.00
v 57.86 -39.34 103.00
v 57.16 -39.34 103.00
v 56.81 -39.95 103.00
v 57.16 -40.55 103.00
v 57.86 -40.55 103.00
v 61.71 -39.95 102.00
v 60.48 -36.98 102.00
v 57.51 -39.95 111.50
v 60.48 -36.98 102.00
v 57.51 -35.75 102.00
v 57.51 -39.95 111.50
v 57.51 -35.75 102.00
v 54.54 -36.98 102.00
v 57.51 -39.95 111.50
v 54.54 -36.98 102.00
v 53.31 -39.95 102.00
v 57.51 -39.95 111.50
v 62.18 -38.24 98.00
v 62.53 -37.63 98.00
v 62.53 -37.63 103.00
v 62.18 -38.24 103.00
v 62.53 -37.63 103.00
v 61.48 -37.02 103.00
v 61.13 -37.63 103.00
v 61.48 -38.24 103.00
v 62.18 -38.24 103.00
v 66.03 -37.63 102.00
v 64.80 -34.66 102.00
v 61.83 -37.63 111.50
v 64.80 -34.66 102.00
v 61.83 -33.43 102.00
v 61.83 -37.63 111.50
v 61.83 -33.43 102.00
v 58.86 -34.66 102.00
v 61.83 -37.63 111.50
v 58.86 -34.66 102.00
v 57.63 -37.63 102.00
v 61.83 -37.63 111.50
v 57.63 -37.63 102.00
v 58.86 -40.60 102.00
v 61.83 -37.63 111.50
v 70.03 -34.99 102.00
v 68.80 -32.02 102.00
v 65.83 -34.99 111.50
v 68.80 -32.02 102.00
v 65.83 -30.79 102.00
v 65.83 -34.99 111.50
v 65.83 -30.79 102.00
v 62.86 -32.02 102.00
v 65.83 -34.99 111.50
v 62.86 -32.02 102.00
v 61.63 -34.99 102.00
v 65.83 -34.99 111.50
v 61.63 -34.99 102.00
v 62.86 -37.96 102.00
v 65.83 -34.99 111.50
v 62.86 -37.96 102.00
v 65.83 -39.19 102.00
v 65.83 -34.99 111.50
v 65.83 -39.19 102.00
v 68.80 -37.96 102.00
v 65.83 -34.99 111.50
v 73.66 -32.05 102.00
v 72.42 -29.09 102.00
v 69.45 -32.05 111.50
v 72.42 -29.09 102.00
v 69.45 -27.86 102.00
v 69.45 -32.05 111.50
v 69.45 -27.86 102.00
v 66.49 -29.09 102.00
v 69.45 -32.05 111.50
v 66.49 -29.09 102.00
v 65.25 -32.05 102.00
v 69.45 -32.05 111.50
v 65.25 -32.05 102.00
v 66.49 -35.02 102.00
v 69.45 -32.05 111.50
v 66.49 -35.02 102.00
v 69.45 -36.26 102.00
v 69.45 -32.05 111.50
v 69.45 -36.26 102.00
v 72.42 -35.02 102.00
v 69.45 -32.05 111.50
v 75.65 -25.88 102.00
v 72.68 -24.65 102.00
v 72.68 -28.85 111.50
v 72.68 -24.65 102.00
v 69.71 -25.88 102.00
v 72.68 -28.85 111.50
v 69.71 -25.88 102.00
v 68.48 -28.85 102.00
v 72.68 -28.85 111.50
v 68.48 -28.85 102.00
v 69.71 -31.82 102.00
v 72.68 -28.85 111.50
v 69.71 -31.82 102.00
v 72.68 -33.05 102.00
v 72.68 -28.85 111.50
v 72.68 -33.05 102.00
v 75.65 -31.82 102.00
v 72.68 -28.85 111.50
v 75.65 -31.82 102.00
v 76.88 -28.85 102.00
v 72.68 -28.85 111.50
v 72.50 -22.44 102.00
v 71.27 -25.41 102.00
v 75.47 -25.41 111.50
v 71.27 -25.41 102.00
v 72.50 -28.38 102.00
v 75.47 -25.41 111.50
v 72.50 -28.38 102.00
v 75.47 -29.61 102.00
v 75.47 -25.41 111.50
v 75.47 -29.61 102.00
v 78.44 -28.38 102.00
v 75.47 -25.41 111.50
v 78.44 -28.38 102.00
v 79.67 -25.41 102.00
v 75.47 -25.41 111.50
v 78.49 -21.77 98.00
v 78.14 -21.17 98.00
v 78.14 -21.17 103.00
v 78.49 -21.77 103.00
v 78.14 -21.17 98.00
v 77.09 -21.77 98.00
v 77.09 -21.77 103.00
v 78.14 -21.17 103.00
v 74.82 -24.74 102.00
v 77.79 -25.97 102.00
v 77.79 -21.77 111.50
v 77.79 -25.97 102.00
v 80.76 -24.74 102.00
v 77.79 -21.77 111.50
v 80.76 -24.74 102.00
v 81.99 -21.77 102.00
v 77.79 -21.77 111.50
v 80.31 -17.98 98.00
v 79.97 -17.37 98.00
v 79.97 -17.37 103.00
v 80.31 -17.98 103.00
v 79.97 -17.37 98.00
v 78.92 -17.98 98.00
v 78.92 -17.98 103.00
v 79.97 -17.37 103.00
v 78.92 -17.98 98.00
v 79.27 -18.58 98.00
v 79.27 -18.58 103.00
v 78.92 -17.98 103.00
v 79.27 -18.58 98.00
v 80.31 -17.98 98.00
v 80.31 -17.98 103.00
v 79.27 -18.58 103.00
v 82.58 -20.94 102.00
v 83.81 -17.98 102.00
v 79.61 -17.98 111.50
v 81.64 -14.05 98.00
v 81.29 -13.45 98.00
v 81.29 -13.45 103.00
v 81.64 -14.05 103.00
v 81.29 -13.45 98.00
v 80.59 -13.45 98.00
v 80.59 -13.45 103.00
v 81.29 -13.45 103.00
v 80.59 -13.45 98.00
v 80.24 -14.05 98.00
v 80.24 -14.05 103.00
v 80.59 -13.45 103.00
v 80.24 -14.05 98.00
v 80.59 -14.66 98.00
v 80.59 -14.66 103.00
v 80.24 -14.05 103.00
v 80.59 -14.66 98.00
v 81.29 -14.66 98.00
v 81.29 -14.66 103.00
v 80.59 -14.66 103.00
v 81.29 -14.66 98.00
v 81.64 -14.05 98.00
v 81.64 -14.05 103.00
v 81.29 -14.66 103.00
v 83.91 -17.02 102.00
v 85.14 -14.05 102.00
v 80.94 -14.05 111.50
v 82.43 -10.05 98.00
v 82.08 -9.44 98.00
v 82.08 -9.44 103.00
v 82.43 -10.05 103.00
v 82.08 -9.44 98.00
v 81.38 -9.44 98.00
v 81.38 -9.44 103.00
v 82.08 -9.44 103.00
v 81.38 -9.44 98.00
v 81.03 -10.05 98.00
v 81.03 -10.05 103.00
v 81.38 -9.44 103.00
v 81.03 -10.05 98.00
v 82.43 -10.05 98.00
v 82.43 -10.05 103.00
v 81.03 -10.05 103.00
v 82.43 -10.05 103.00
v 82.08 -9.44 103.00
v 81.38 -9.44 103.00
v 81.03 -10.05 103.00
v 85.93 -10.05 102.00
v 84.70 -7.08 102.00
v 81.73 -10.05 111.50
v 3026.97 -417.70 106.55
v 2938.96 -322.51 101.77
v 2823.77 -454.87 215.46
v 2938.96 -322.51 101.77
v 2787.25 -356.63 97.09
v 2823.77 -454.87 215.46
v 2787.25 -356.63 97.09
v 2715.68 -265.93 92.52
v 2823.77 -454.87 215.46
v 2715.68 -265.93 92.52
v 2645.15 -425.85 97.21
v 2823.77 -454.87 215.46
v 2645.15 -425.85 97.21
v 2656.24 -477.69 95.45
v 2823.77 -454.87 215.46
v 2656.24 -477.69 95.45
v 2644.45 -645.16 108.98
v 2823.77 -454.87 215.46
v 2644.45 -645.16 108.98
v 2839.47 -583.40 110.42
v 2823.77 -454.87 215.46
v 2757.17 -432.23 142.20
v 2752.34 -475.86 142.20
v 2823.77 -454.87 215.46
v 2752.34 -475.86 142.20
v 2778.03 -502.57 142.20
v 2823.77 -454.87 215.46
v 2778.03 -502.57 142.20
v 2813.40 -527.77 142.20
v 2823.77 -454.87 215.46
v 2813.40 -527.77 142.20
v 2852.32 -518.44 142.20
v 2823.77 -454.87 215.46
v 2852.32 -518.44 142.20
v 2880.17 -497.15 142.20
v 2823.77 -454.87 215.46
v 2880.17 -497.15 142.20
v 2902.62 -454.87 142.20
v 2823.77 -454.87 215.46
v 3672.34 145.03 131.98
v 3602.50 245.33 131.52
v 3469.26 138.47 249.62
v 3553.22 -158.08 105.10
v 3610.23 -46.61 102.87
v 3469.26 138.47 249.62
v 3610.23 -46.61 102.87
v 3672.34 145.03 131.98
v 3469.26 138.47 249.62
v 3544.31 138.47 164.75
v 3526.59 179.54 164.75
v 3469.26 138.47 249.62
v 3526.59 179.54 164.75
v 3507.24 206.14 164.75
v 3469.26 138.47 249.62
v 3507.24 206.14 164.75
v 3457.60 227.78 164.75
v 3469.26 138.47 249.62
v 3457.60 227.78 164.75
v 3415.89 202.05 164.75
v 3469.26 138.47 249.62
v 3415.89 202.05 164.75
v 3382.95 162.39 164.75
v 3469.26 138.47 249.62
v 3523.51 -564.15 166.41
v 3459.14 -382.90 144.91
v 3526.28 -660.68 348.63
v 3459.14 -382.90 144.91
v 3339.08 -528.17 169.27
v 3526.28 -660.68 348.63
v 3339.08 -528.17 169.27
v 3359.56 -651.85 169.01
v 3526.28 -660.68 348.63
v 3359.56 -651.85 169.01
v 3269.02 -681.67 139.57
v 3526.28 -660.68 348.63
v 3269.02 -681.67 139.57
v 3325.51 -834.92 179.18
v 3526.28 -660.68 348.63
v 3325.51 -834.92 179.18
v 3513.24 -928.95 147.01
v 3526.28 -660.68 348.63
v 3513.24 -928.95 147.01
v 3613.31 -792.77 178.98
v 3526.28 -660.68 348.63
v 3451.01 -690.95 230.09
v 3458.18 -729.71 230.09
v 3526.28 -660.68 348.63
v 3458.18 -729.71 230.09
v 3513.02 -769.56 230.09
v 3526.28 -660.68 348.63
v 3513.02 -769.56 230.09
v 3565.13 -755.88 230.09
v 3526.28 -660.68 348.63
v 3565.13 -755.88 230.09
v 3609.36 -716.81 230.09
v 3526.28 -660.68 348.63
v 3609.36 -716.81 230.09
v 3624.32 -660.68 230.09
v 3526.28 -660.68 348.63
v 3263.39 -474.27 137.10
v 3317.28 -392.51 142.60
v 3171.63 -513.16 276.47
v 3317.28 -392.51 142.60
v 3245.97 -298.62 135.29
v 3171.63 -513.16 276.47
v 3282.05 -612.42 121.33
v 3263.39 -474.27 137.10
v 3171.63 -513.16 276.47
v 3239.91 -513.16 182.47
v 3232.45 -480.18 182.47
v 3171.63 -513.16 276.47
v 3232.45 -480.18 182.47
v 3199.53 -455.19 182.47
v 3171.63 -513.16 276.47
v 3199.53 -455.19 182.47
v 3161.82 -437.16 182.47
v 3171.63 -513.16 276.47
v 3161.82 -437.16 182.47
v 3120.81 -467.42 182.47
v 3171.63 -513.16 276.47
v 3120.81 -467.42 182.47
v 3104.73 -496.18 182.47
v 3171.63 -513.16 276.47
v 3104.73 -496.18 182.47
v 3107.62 -528.82 182.47
v 3171.63 -513.16 276.47
v 3119.09 -303.57 141.23
v 3030.87 -377.77 143.43
v 3094.14 -446.51 361.20
v 3030.87 -377.77 143.43
v 2964.46 -413.69 178.68
v 3094.14 -446.51 361.20
v 2964.46 -413.69 178.68
v 2978.22 -471.18 176.61
v 3094.14 -446.51 361.20
v 2978.22 -471.18 176.61
v 3021.33 -569.78 146.46
v 3094.14 -446.51 361.20
v 3021.33 -569.78 146.46
v 3083.16 -552.28 186.99
v 3094.14 -446.51 361.20
v 3083.16 -552.28 186.99
v 3162.16 -555.19 163.53
v 3094.14 -446.51 361.20
v 3162.16 -555.19 163.53
v 3183.47 -515.20 172.33
v 3094.14 -446.51 361.20
v 3052.51 -487.30 238.39
v 3086.20 -503.95 238.39
v 3094.14 -446.51 361.20
v 3086.20 -503.95 238.39
v 3114.04 -494.72 238.39
v 3094.14 -446.51 361.20
v 3114.04 -494.72 238.39
v 3148.75 -477.59 238.39
v 3094.14 -446.51 361.20
v 3148.75 -477.59 238.39
v 3159.38 -446.51 238.39
v 3094.14 -446.51 361.20
v 3328.22 2560.19 152.97
v 3353.23 2583.66 147.83
v 3214.15 2515.60 287.89
v 3353.23 2583.66 147.83
v 3278.51 2620.62 117.06
v 3214.15 2515.60 287.89
v 3278.51 2620.62 117.06
v 3160.60 2639.33 134.75
v 3214.15 2515.60 287.89

usemtl mat_banner
v 78.76 -4.92 102.00
v 81.73 -6.15 102.00
v 81.73 -1.95 111.50
v 81.64 2.05 103.00
v 80.59 2.66 103.00
v 80.59 1.45 103.00
v 81.29 1.45 103.00

usemtl mat_marble
v 85.14 2.05 102.00
v 83.91 5.02 102.00
v 80.94 2.05 111.50
v 83.91 5.02 102.00
v 80.94 6.25 102.00
v 80.94 2.05 111.50
v 80.94 6.25 102.00
v 77.97 5.02 102.00
v 80.94 2.05 111.50
v 77.97 5.02 102.00
v 76.74 2.05 102.00
v 80.94 2.05 111.50
v 76.74 2.05 102.00
v 77.97 -0.92 102.00
v 80.94 2.05 111.50
v 77.97 -0.92 102.00
v 80.94 -2.15 102.00
v 80.94 2.05 111.50

usemtl mat_grass
v 83.81 5.97 102.00
v 82.58 8.94 102.00
v 79.61 5.97 111.50
v 82.58 8.94 102.00
v 79.61 10.18 102.00
v 79.61 5.97 111.50
v 79.61 10.18 102.00
v 76.64 8.94 102.00
v 79.61 5.97 111.50
v 76.64 8.94 102.00
v 75.42 5.97 102.00
v 79.61 5.97 111.50
v 75.42 5.97 102.00
v 76.64 3.00 102.00
v 79.61 5.97 111.50
v 76.64 3.00 102.00
v 79.61 1.77 102.00
v 79.61 5.97 111.50
v 79.61 1.77 102.00
v 82.58 3.00 102.00
v 79.61 5.97 111.50
v 82.58 3.00 102.00
v 83.81 5.97 102.00
v 79.61 5.97 111.50
v 77.79 13.97 102.00
v 74.82 12.74 102.00
v 77.79 9.77 111.50
v 74.82 12.74 102.00
v 73.59 9.77 102.00
v 77.79 9.77 111.50
v 73.59 9.77 102.00
v 74.82 6.80 102.00
v 77.79 9.77 111.50
v 74.82 6.80 102.00
v 77.79 5.57 102.00
v 77.79 9.77 111.50
v 77.79 5.57 102.00
v 80.76 6.80 102.00
v 77.79 9.77 111.50
v 80.76 6.80 102.00
v 81.99 9.77 102.00
v 77.79 9.77 111.50
v 76.17 13.41 98.00
v 75.82 14.02 98.00
v 75.82 14.02 103.00
v 76.17 13.41 103.00
v 75.82 14.02 98.00
v 75.12 14.02 98.00
v 75.12 14.02 103.00
v 75.82 14.02 103.00
v 71.27 13.41 102.00
v 72.50 10.44 102.00
v 75.47 13.41 111.50
v 72.50 10.44 102.00
v 75.47 9.21 102.00
v 75.47 13.41 111.50
v 75.47 9.21 102.00
v 78.44 10.44 102.00
v 75.47 13.41 111.50
v 78.44 10.44 102.00
v 79.67 13.41 102.00
v 75.47 13.41 111.50
v 73.38 16.85 98.00
v 73.03 17.46 98.00
v 73.03 17.46 103.00
v 73.38 16.85 103.00
v 73.03 17.46 98.00
v 72.33 17.46 98.00
v 72.33 17.46 103.00
v 73.03 17.46 103.00
v 72.33 17.46 98.00
v 71.98 16.85 98.00
v 71.98 16.85 103.00
v 72.33 17.46 103.00
v 71.98 16.85 98.00
v 72.33 16.25 98.00
v 72.33 16.25 103.00
v 71.98 16.85 103.00
v 69.71 13.88 102.00
v 72.68 12.65 102.00
v 72.68 16.85 111.50
v 72.68 12.65 102.00
v 75.65 13.88 102.00
v 72.68 16.85 111.50
v 75.65 13.88 102.00
v 76.88 16.85 102.00
v 72.68 16.85 111.50
v 70.16 20.05 98.00
v 69.11 20.66 98.00
v 69.11 20.66 103.00
v 70.16 20.05 103.00
v 69.11 20.66 98.00
v 69.11 19.45 98.00
v 69.11 19.45 103.00
v 69.11 20.66 103.00
v 69.11 19.45 98.00
v 69.81 19.45 98.00
v 69.81 19.45 103.00
v 69.11 19.45 103.00
v 69.81 19.45 98.00
v 70.16 20.05 98.00
v 70.16 20.05 103.00
v 69.81 19.45 103.00
v 70.16 20.05 103.00
v 69.11 20.66 103.00
v 69.11 19.45 103.00
v 69.81 19.45 103.00
v 72.50 16.38 102.00
v 73.66 20.05 102.00
v 69.45 20.05 111.50
v 66.47 22.68 98.00
v 66.18 23.60 98.00
v 66.18 23.60 103.00
v 66.53 22.99 103.00
v 66.18 23.60 98.00
v 65.48 23.60 98.00
v 65.48 23.60 103.00
v 66.18 23.60 103.00
v 65.48 23.60 98.00
v 65.13 22.99 98.00
v 65.13 22.99 103.00
v 65.48 23.60 103.00
v 65.13 22.99 98.00
v 65.48 22.39 98.00
v 65.48 22.39 103.00
v 65.13 22.99 103.00
v 65.48 22.39 98.00
v 66.18 22.39 98.00
v 66.18 22.39 103.00
v 65.48 22.39 103.00
v 66.18 22.39 98.00
v 66.47 22.68 98.00
v 66.53 22.99 103.00
v 66.18 22.39 103.00
v 66.53 22.99 103.00
v 66.18 23.60 103.00
v 65.48 23.60 103.00
v 65.13 22.99 103.00
v 65.48 22.39 103.00
v 66.18 22.39 103.00
v 68.80 20.02 102.00
v 70.03 22.99 102.00
v 65.83 22.99 111.50
v 62.53 25.63 98.00
v 62.68 26.47 98.00
v 62.18 26.24 103.00
v 62.53 25.63 103.00
v 62.68 26.47 98.00
v 61.48 26.24 98.00
v 61.48 26.24 103.00
v 62.18 26.24 103.00
v 61.48 26.24 98.00
v 61.13 25.63 98.00
v 61.13 25.63 103.00
v 61.48 26.24 103.00
v 61.13 25.63 98.00
v 61.48 25.02 98.00
v 61.48 25.02 103.00
v 61.13 25.63 103.00
v 61.48 25.02 98.00
v 62.18 25.02 98.00
v 62.18 25.02 103.00
v 61.48 25.02 103.00
v 62.18 25.02 98.00
v 62.53 25.63 98.00
v 62.53 25.63 103.00
v 62.18 25.02 103.00
v 62.53 25.63 103.00
v 62.18 26.24 103.00
v 61.48 26.24 103.00
v 61.13 25.63 103.00
v 61.48 25.02 103.00
v 62.18 25.02 103.00
v 64.80 22.66 102.00
v 66.03 25.63 102.00
v 61.83 25.63 111.50
v 58.21 27.95 98.00
v 57.16 28.55 98.00
v 57.16 28.55 103.00
v 58.21 27.95 103.00
v 57.16 28.55 98.00
v 57.16 27.34 98.00
v 57.16 27.34 103.00
v 57.16 28.55 103.00
v 57.16 27.34 98.00
v 57.86 27.34 98.00
v 57.86 27.34 103.00
v 57.16 27.34 103.00
v 57.86 27.34 98.00
v 58.21 27.95 98.00
v 58.21 27.95 103.00
v 57.86 27.34 103.00
v 58.21 27.95 103.00
v 57.16 28.55 103.00
v 57.16 27.34 103.00
v 57.86 27.34 103.00
v 61.71 27.95 102.00
v 60.48 30.92 102.00
v 57.51 27.95 111.50
v 60.48 30.92 102.00
v 57.51 32.15 102.00
v 57.51 27.95 111.50
v 52.55 30.52 98.00
v 52.55 29.31 98.00
v 52.55 29.31 103.00
v 52.55 30.52 103.00
v 52.55 29.31 98.00
v 53.25 29.31 98.00
v 53.25 29.31 103.00
v 52.55 29.31 103.00
v 53.25 29.31 98.00
v 53.60 29.91 98.00
v 53.60 29.91 103.00
v 53.25 29.31 103.00
v 53.60 29.91 103.00
v 52.55 30.52 103.00
v 52.55 29.31 103.00
v 53.25 29.31 103.00
v 57.10 29.91 102.00
v 55.87 32.88 102.00
v 52.90 29.91 111.50
v 55.87 32.88 102.00
v 52.90 34.11 102.00
v 52.90 29.91 111.50
v 52.90 34.11 102.00
v 49.93 32.88 102.00
v 52.90 29.91 111.50
v 49.93 32.88 102.00
v 48.70 29.91 102.00
v 52.90 29.91 111.50
v 47.71 30.90 98.00
v 48.76 31.51 98.00
v 48.76 31.51 103.00
v 47.71 30.90 103.00
v 48.76 31.51 103.00
v 48.41 32.12 103.00
v 47.36 31.51 103.00
v 47.71 30.90 103.00
v 52.26 31.51 102.00
v 51.03 34.48 102.00
v 48.06 31.51 111.50
v 51.03 34.48 102.00
v 48.06 35.71 102.00
v 48.06 31.51 111.50
v 48.06 35.71 102.00
v 45.09 34.48 102.00
v 48.06 31.51 111.50
v 45.09 34.48 102.00
v 43.86 31.51 102.00
v 48.06 31.51 111.50
v 43.86 31.51 102.00
v 45.09 28.54 102.00
v 48.06 31.51 111.50
v 45.09 28.54 102.00
v 48.06 27.31 102.00
v 48.06 31.51 111.50
v 43.38 32.12 98.00
v 43.73 32.72 98.00
v 43.73 32.72 103.00
v 43.38 32.12 103.00
v 43.73 32.72 103.00
v 43.38 33.33 103.00
v 42.68 33.33 103.00
v 42.33 32.72 103.00
v 42.68 32.12 103.00
v 43.38 32.12 103.00
v 47.23 32.72 102.00
v 46.00 35.69 102.00
v 43.03 32.72 111.50
v 46.00 35.69 102.00
v 43.03 36.92 102.00
v 43.03 32.72 111.50
v 43.03 36.92 102.00
v 40.06 35.69 102.00
v 43.03 32.72 111.50
v 40.06 35.69 102.00
v 38.83 32.72 102.00
v 43.03 32.72 111.50
v 38.83 32.72 102.00
v 40.06 29.75 102.00
v 43.03 32.72 111.50
v 40.06 29.75 102.00
v 43.03 28.52 102.00
v 43.03 32.72 111.50
v 42.07 33.54 102.00
v 40.84 36.51 102.00
v 37.87 33.54 111.50
v 40.84 36.51 102.00
v 37.87 37.74 102.00
v 37.87 33.54 111.50
v 37.87 37.74 102.00
v 34.90 36.51 102.00
v 37.87 33.54 111.50
v 34.90 36.51 102.00
v 33.67 33.54 102.00
v 37.87 33.54 111.50
v 33.67 33.54 102.00
v 34.90 30.57 102.00
v 37.87 33.54 111.50
v 34.90 30.57 102.00
v 37.87 29.34 102.00
v 37.87 33.54 111.50
v 37.87 29.34 102.00
v 40.84 30.57 102.00
v 37.87 33.54 111.50
v 40.84 30.57 102.00
v 42.07 33.54 102.00
v 37.87 33.54 111.50
v 35.60 36.92 102.00
v 32.63 38.15 102.00
v 32.63 33.95 111.50
v 32.63 38.15 102.00
v 29.66 36.92 102.00
v 32.63 33.95 111.50
v 29.66 36.92 102.00
v 28.43 33.95 102.00
v 32.63 33.95 111.50
v 28.43 33.95 102.00
v 29.66 30.98 102.00
v 32.63 33.95 111.50
v 29.66 30.98 102.00
v 32.63 29.75 102.00
v 32.63 33.95 111.50
v 32.63 29.75 102.00
v 35.60 30.98 102.00
v 32.63 33.95 111.50
v 35.60 30.98 102.00
v 36.83 33.95 102.00
v 32.63 33.95 111.50
v 28.07 33.95 98.00
v 27.72 34.55 98.00
v 27.72 34.55 103.00
v 28.07 33.95 103.00
v 24.40 36.92 102.00
v 23.17 33.95 102.00
v 27.37 33.95 111.50
v 23.17 33.95 102.00
v 24.40 30.98 102.00
v 27.37 33.95 111.50
v 24.40 30.98 102.00
v 27.37 29.75 102.00
v 27.37 33.95 111.50
v 27.37 29.75 102.00
v 30.34 30.98 102.00
v 27.37 33.95 111.50
v 30.34 30.98 102.00
v 31.57 33.95 102.00
v 27.37 33.95 111.50
v 22.83 33.54 98.00
v 22.48 34.15 98.00
v 22.48 34.15 103.00
v 22.83 33.54 103.00
v 22.48 34.15 98.00
v 21.43 33.54 98.00
v 21.43 33.54 103.00
v 22.48 34.15 103.00
v 21.43 33.54 98.00
v 21.78 32.93 98.00
v 21.78 32.93 103.00
v 21.43 33.54 103.00
v 19.16 30.57 102.00
v 22.13 29.34 102.00
v 22.13 33.54 111.50
v 22.13 29.34 102.00
v 25.10 30.57 102.00
v 22.13 33.54 111.50
v 25.10 30.57 102.00
v 26.33 33.54 102.00
v 22.13 33.54 111.50
v 17.67 32.72 98.00
v 17.32 33.33 98.00
v 17.32 33.33 103.00
v 17.67 32.72 103.00
v 17.32 33.33 98.00
v 16.62 33.33 98.00
v 16.62 33.33 103.00
v 17.32 33.33 103.00
v 16.62 33.33 98.00
v 16.27 32.72 98.00
v 16.27 32.72 103.00
v 16.62 33.33 103.00
v 16.27 32.72 98.00
v 16.62 32.12 98.00
v 16.62 32.12 103.00
v 16.27 32.72 103.00
v 16.62 32.12 98.00
v 17.32 32.12 98.00
v 17.32 32.12 103.00
v 16.62 32.12 103.00
v 14.00 29.75 102.00
v 16.97 28.52 102.00
v 16.97 32.72 111.50
v 16.97 28.52 102.00
v 19.94 29.75 102.00
v 16.97 32.72 111.50
v 19.94 29.75 102.00
v 21.17 32.72 102.00
v 16.97 32.72 111.50
v 12.64 31.51 98.00
v 12.29 32.12 98.00
v 12.29 32.12 103.00
v 12.64 31.51 103.00
v 12.29 32.12 98.00
v 11.59 32.12 98.00
v 11.59 32.12 103.00
v 12.29 32.12 103.00
v 11.59 32.12 98.00
v 11.59 30.90 98.00
v 11.59 30.90 103.00
v 11.59 32.12 103.00
v 11.59 30.90 98.00
v 12.29 30.90 98.00
v 12.29 30.90 103.00
v 11.59 30.90 103.00
v 12.29 30.90 98.00
v 12.64 31.51 98.00
v 12.64 31.51 103.00
v 12.29 30.90 103.00
v 11.94 27.31 102.00
v 14.91 28.54 102.00
v 11.94 31.51 111.50
v 14.91 28.54 102.00
v 16.14 31.51 102.00
v 11.94 31.51 111.50
v 7.80 29.91 98.00
v 6.75 30.52 98.00
v 6.75 30.52 103.00
v 7.80 29.91 103.00
v 6.75 30.52 98.00
v 6.75 29.31 98.00
v 6.75 29.31 103.00
v 6.75 30.52 103.00
v 6.75 29.31 98.00
v 7.45 29.31 98.00
v 7.45 29.31 103.00
v 6.75 29.31 103.00
v 7.45 29.31 98.00
v 7.80 29.91 98.00
v 7.80 29.91 103.00
v 7.45 29.31 103.00
v 7.80 29.91 103.00
v 6.75 30.52 103.00
v 6.75 29.31 103.00
v 7.45 29.31 103.00
v 11.30 29.91 102.00
v 10.07 32.88 102.00
v 7.10 29.91 111.50
v 3.19 27.95 98.00
v 2.14 28.55 98.00
v 2.14 28.55 103.00
v 3.19 27.95 103.00
v 2.14 28.55 98.00
v 1.79 27.95 98.00
v 1.79 27.95 103.00
v 2.14 28.55 103.00
v 1.79 27.95 98.00
v 2.14 27.34 98.00
v 2.14 27.34 103.00
v 1.79 27.95 103.00
v 2.14 27.34 98.00
v 2.84 27.34 98.00
v 2.84 27.34 103.00
v 2.14 27.34 103.00
v 2.84 27.34 98.00
v 3.19 27.95 98.00
v 3.19 27.95 103.00
v 2.84 27.34 103.00
v 3.19 27.95 103.00
v 2.14 28.55 103.00
v 1.79 27.95 103.00
v 2.14 27.34 103.00
v 2.84 27.34 103.00
v 6.69 27.95 102.00
v 5.46 30.92 102.00
v 2.49 27.95 111.50
v 5.46 30.92 102.00
v 2.49 32.15 102.00
v 2.49 27.95 111.50
v -1.48 26.24 98.00
v -2.18 26.24 98.00
v -2.18 26.24 103.00
v -1.48 26.24 103.00
v -2.18 26.24 98.00
v -2.53 25.63 98.00
v -2.53 25.63 103.00
v -2.18 26.24 103.00
v -2.53 25.63 98.00
v -2.18 25.02 98.00
v -2.18 25.02 103.00
v -2.53 25.63 103.00
v -2.18 25.02 98.00
v -1.48 25.02 98.00
v -1.48 25.02 103.00
v -2.18 25.02 103.00
v -1.48 25.02 98.00
v -1.13 25.63 98.00
v -1.13 25.63 103.00
v -1.48 25.02 103.00
v -1.13 25.63 103.00
v -1.48 26.24 103.00
v -2.18 26.24 103.00
v -2.53 25.63 103.00
v -2.18 25.02 103.00
v -1.48 25.02 103.00
v 2.37 25.63 102.00
v 1.14 28.60 102.00
v -1.83 25.63 111.50
v 1.14 28.60 102.00
v -1.83 29.83 102.00
v -1.83 25.63 111.50
v -5.48 23.60 98.00
v -6.53 22.99 98.00
v -6.53 22.99 103.00
v -5.48 23.60 103.00
v -6.53 22.99 98.00
v -6.18 22.39 98.00
v -6.18 22.39 103.00
v -6.53 22.99 103.00
v -6.18 22.39 98.00
v -5.13 22.99 98.00
v -5.13 22.99 103.00
v -6.18 22.39 103.00
v -5.13 22.99 103.00
v -5.48 23.60 103.00
v -6.53 22.99 103.00
v -6.18 22.39 103.00
v -1.63 22.99 102.00
v -2.86 25.96 102.00
v -5.83 22.99 111.50
v -2.86 25.96 102.00
v -5.83 27.19 102.00
v -5.83 22.99 111.50
v -5.83 27.19 102.00
v -8.80 25.96 102.00
v -5.83 22.99 111.50
v -8.80 25.96 102.00
v -10.03 22.99 102.00
v -5.83 22.99 111.50
v -9.80 19.45 98.00
v -8.76 20.05 98.00
v -8.76 20.05 103.00
v -9.80 19.45 103.00
v -8.76 20.05 103.00
v -9.11 20.66 103.00
v -10.15 20.05 103.00
v -9.80 19.45 103.00
v -5.25 20.05 102.00
v -6.49 23.02 102.00
v -9.46 20.05 111.50
v -6.49 23.02 102.00
v -9.46 24.25 102.00
v -9.46 20.05 111.50
v -9.46 24.25 102.00
v -12.43 23.02 102.00
v -9.46 20.05 111.50
v -12.43 23.02 102.00
v -13.65 20.05 102.00
v -9.46 20.05 111.50
v -13.65 20.05 102.00
v -12.43 17.09 102.00
v -9.46 20.05 111.50
v -12.43 17.09 102.00
v -9.46 15.86 102.00
v -9.46 20.05 111.50
v -8.48 16.85 102.00
v -9.71 19.82 102.00
v -12.68 16.85 111.50
v -9.71 19.82 102.00
v -12.68 21.05 102.00
v -12.68 16.85 111.50
v -12.68 21.05 102.00
v -15.65 19.82 102.00
v -12.68 16.85 111.50
v -15.65 19.82 102.00
v -16.88 16.85 102.00
v -12.68 16.85 111.50
v -16.88 16.85 102.00
v -15.65 13.88 102.00
v -12.68 16.85 111.50
v -15.65 13.88 102.00
v -12.68 12.65 102.00
v -12.68 16.85 111.50
v -12.68 12.65 102.00
v -9.71 13.88 102.00
v -12.68 16.85 111.50
v -9.71 13.88 102.00
v -8.48 16.85 102.00
v -12.68 16.85 111.50
v -15.47 17.61 102.00
v -18.44 16.38 102.00
v -15.47 13.41 111.50
v -18.44 16.38 102.00
v -19.67 13.41 102.00
v -15.47 13.41 111.50
v -19.67 13.41 102.00
v -18.44 10.44 102.00
v -15.47 13.41 111.50
v -18.44 10.44 102.00
v -15.47 9.21 102.00
v -15.47 13.41 111.50
v -15.47 9.21 102.00
v -12.50 10.44 102.00
v -15.47 13.41 111.50
v -12.50 10.44 102.00
v -11.27 13.41 102.00
v -15.47 13.41 111.50
v -17.09 9.77 98.00
v -17.44 10.38 98.00
v -17.44 10.38 103.00
v -17.09 9.77 103.00
v -17.44 10.38 98.00
v -18.14 10.38 98.00
v -18.14 10.38 103.00
v -17.44 10.38 103.00
v -20.76 12.74 102.00
v -21.99 9.77 102.00
v -17.79 9.77 111.50
v -21.99 9.77 102.00
v -20.76 6.80 102.00
v -17.79 9.77 111.50
v -20.76 6.80 102.00
v -17.79 5.57 102.00
v -17.79 9.77 111.50
v -17.79 5.57 102.00
v -14.82 6.80 102.00
v -17.79 9.77 111.50
v -14.82 6.80 102.00
v -13.59 9.77 102.00
v -17.79 9.77 111.50
v -18.91 5.97 98.00
v -19.27 6.58 98.00
v -19.27 6.58 103.00
v -18.91 5.97 103.00
v -19.27 6.58 98.00
v -19.96 6.58 98.00
v -19.96 6.58 103.00
v -19.27 6.58 103.00
v -19.96 6.58 98.00
v -20.32 5.97 98.00
v -20.32 5.97 103.00
v -19.96 6.58 103.00
v -22.59 8.94 102.00
v -23.82 5.97 102.00
v -19.61 5.97 111.50
v -23.82 5.97 102.00
v -22.59 3.00 102.00
v -19.61 5.97 111.50
v -22.59 3.00 102.00
v -19.61 1.77 102.00
v -19.61 5.97 111.50
v -19.61 1.77 102.00
v -16.64 3.00 102.00
v -19.61 5.97 111.50
v -16.64 3.00 102.00
v -15.41 5.97 102.00
v -19.61 5.97 111.50
v -20.24 2.05 98.00
v -21.29 2.66 98.00
v -21.29 2.66 103.00
v -20.24 2.05 103.00
v -21.29 2.66 98.00
v -21.64 2.05 98.00
v -21.64 2.05 103.00
v -21.29 2.66 103.00
v -21.64 2.05 98.00
v -21.29 1.45 98.00
v -21.29 1.45 103.00
v -21.64 2.05 103.00
v -25.14 2.05 102.00
v -23.91 -0.92 102.00
v -20.94 2.05 111.50
v -23.91 -0.92 102.00
v -20.94 -2.15 102.00
v -20.94 2.05 111.50
v -20.94 -2.15 102.00
v -17.97 -0.92 102.00
v -20.94 2.05 111.50
v -17.97 -0.92 102.00
v -16.74 2.05 102.00
v -20.94 2.05 111.50
v -21.03 -1.95 98.00
v -21.38 -1.35 98.00
v -21.38 -1.35 103.00
v -21.03 -1.95 103.00
v -21.38 -1.35 98.00
v -22.08 -1.35 98.00
v -22.08 -1.35 103.00
v -21.38 -1.35 103.00
v -22.08 -1.35 98.00
v -22.43 -1.95 98.00
v -22.43 -1.95 103.00
v -22.08 -1.35 103.00
v -22.43 -1.95 98.00
v -21.03 -1.95 98.00
v -21.03 -1.95 103.00
v -22.43 -1.95 103.00
v -21.73 -6.15 102.00
v -18.76 -4.92 102.00
v -21.73 -1.95 111.50
v -18.76 -4.92 102.00
v -17.53 -1.95 102.00
v -21.73 -1.95 111.50
v -21.30 -6.00 98.00
v -21.65 -5.39 98.00
v -21.65 -5.39 103.00
v -21.30 -6.00 103.00
v -21.65 -5.39 98.00
v -22.70 -6.00 98.00
v -22.70 -6.00 103.00
v -21.65 -5.39 103.00
v -22.70 -6.00 98.00
v -22.35 -6.61 98.00
v -22.35 -6.61 103.00
v -22.70 -6.00 103.00
v -22.35 -6.61 98.00
v -21.30 -6.00 98.00
v -21.30 -6.00 103.00
v -22.35 -6.61 103.00
v -21.30 -6.00 103.00
v -21.65 -5.39 103.00
v -22.70 -6.00 103.00
v -22.35 -6.61 103.00
v -17.80 -6.00 102.00
v -19.03 -3.03 102.00
v -22.00 -6.00 111.50
v -21.03 -10.05 98.00
v -21.38 -9.44 98.00
v -21.38 -9.44 103.00
v -21.03 -10.05 103.00
v -21.38 -9.44 98.00
v -22.08 -9.44 98.00
v -22.08 -9.44 103.00
v -21.38 -9.44 103.00
v -22.08 -9.44 98.00
v -22.43 -10.05 98.00
v -22.43 -10.05 103.00
v -22.08 -9.44 103.00
v -22.43 -10.05 98.00
v -21.03 -10.05 98.00
v -21.03 -10.05 103.00
v -22.43 -10.05 103.00
v -21.03 -10.05 103.00
v -21.38 -9.44 103.00
v -22.08 -9.44 103.00
v -22.43 -10.05 103.00
v -17.53 -10.05 102.00
v -18.76 -7.08 102.00
v -21.73 -10.05 111.50
v -18.76 -7.08 102.00
v -21.73 -6.15 102.00
v -21.73 -10.05 111.50
v -21.73 -6.15 102.00
v -24.70 -7.08 102.00
v -21.73 -10.05 111.50
v -21.29 -13.45 98.00
v -21.64 -14.05 98.00
v -21.64 -14.05 103.00
v -21.29 -13.45 103.00
v -21.64 -14.05 98.00
v -21.29 -14.66 98.00
v -21.29 -14.66 103.00
v -21.64 -14.05 103.00
v -21.29 -14.66 98.00
v -20.59 -14.66 98.00
v -20.59 -14.66 103.00
v -21.29 -14.66 103.00
v -20.59 -14.66 98.00
v -20.24 -14.05 98.00
v -20.24 -14.05 103.00
v -20.59 -14.66 103.00
v -20.24 -14.05 103.00
v -20.59 -13.45 103.00
v -21.29 -13.45 103.00
v -21.64 -14.05 103.00
v -21.29 -14.66 103.00
v -20.59 -14.66 103.00
v -16.74 -14.05 102.00
v -17.97 -11.08 102.00
v -20.94 -14.05 111.50
v -17.97 -11.08 102.00
v -20.94 -9.85 102.00
v -20.94 -14.05 111.50
v -20.94 -9.85 102.00
v -23.91 -11.08 102.00
v -20.94 -14.05 111.50
v -19.96 -18.58 98.00
v -19.27 -18.58 98.00
v -19.27 -18.58 103.00
v -19.96 -18.58 103.00
v -19.27 -18.58 98.00
v -18.91 -17.98 98.00
v -18.91 -17.98 103.00
v -19.27 -18.58 103.00
v -18.91 -17.98 103.00
v -19.96 -17.37 103.00
v -19.96 -18.58 103.00
v -19.27 -18.58 103.00
v -15.41 -17.98 102.00
v -16.64 -15.01 102.00
v -19.61 -17.98 111.50
v -16.64 -15.01 102.00
v -19.61 -13.78 102.00
v -19.61 -17.98 111.50
v -19.61 -13.78 102.00
v -22.59 -15.01 102.00
v -19.61 -17.98 111.50
v -22.59 -15.01 102.00
v -23.82 -17.98 102.00
v -19.61 -17.98 111.50
v -23.82 -17.98 102.00
v -22.59 -20.94 102.00
v -19.61 -17.98 111.50
v -17.44 -22.38 98.00
v -17.09 -21.77 98.00
v -17.09 -21.77 103.00
v -17.44 -22.38 103.00
v -17.09 -21.77 103.00
v -17.44 -21.17 103.00
v -18.14 -21.17 103.00
v -18.49 -21.77 103.00
v -17.44 -22.38 103.00
v -13.59 -21.77 102.00
v -14.82 -18.80 102.00
v -17.79 -21.77 111.50
v -14.82 -18.80 102.00
v -17.79 -17.57 102.00
v -17.79 -21.77 111.50
v -17.79 -17.57 102.00
v -20.94 -18.25 102.00
v -17.79 -21.77 111.50
v -20.94 -18.25 102.00
v -21.99 -21.77 102.00
v -17.79 -21.77 111.50
v -21.99 -21.77 102.00
v -20.76 -24.74 102.00
v -17.79 -21.77 111.50
v -20.76 -24.74 102.00
v -17.79 -25.97 102.00
v -17.79 -21.77 111.50
v -11.27 -25.41 102.00
v -12.50 -22.44 102.00
v -15.47 -25.41 111.50
v -12.50 -22.44 102.00
v -15.47 -21.21 102.00
v -15.47 -25.41 111.50
v -15.47 -21.21 102.00
v -18.44 -22.44 102.00
v -15.47 -25.41 111.50
v -18.44 -22.44 102.00
v -19.67 -25.41 102.00
v -15.47 -25.41 111.50
v -19.67 -25.41 102.00
v -18.44 -28.38 102.00
v -15.47 -25.41 111.50
v -18.44 -28.38 102.00
v -15.47 -29.61 102.00
v -15.47 -25.41 111.50
v -15.47 -29.61 102.00
v -12.50 -28.38 102.00
v -15.47 -25.41 111.50
v -12.50 -28.38 102.00
v -11.27 -25.41 102.00
v -15.47 -25.41 111.50
v -12.68 -24.65 102.00
v -15.65 -25.88 102.00
v -12.68 -28.85 111.50
v -15.65 -25.88 102.00
v -16.88 -28.85 102.00
v -12.68 -28.85 111.50
v -16.88 -28.85 102.00
v -15.65 -31.82 102.00
v -12.68 -28.85 111.50
v -15.65 -31.82 102.00
v -12.68 -33.05 102.00
v -12.68 -28.85 111.50
v -12.68 -33.05 102.00
v -9.71 -31.82 102.00
v -12.68 -28.85 111.50
v -9.71 -31.82 102.00
v -8.48 -28.85 102.00
v -12.68 -28.85 111.50
v -8.76 -32.05 98.00
v -9.11 -31.45 98.00
v -9.11 -31.45 103.00
v -8.76 -32.05 103.00
v -9.11 -31.45 98.00
v -10.15 -32.05 98.00
v -10.15 -32.05 103.00
v -9.11 -31.45 103.00
v -13.65 -32.05 102.00
v -12.43 -35.02 102.00
v -9.46 -32.05 111.50
v -12.43 -35.02 102.00
v -9.46 -36.26 102.00
v -9.46 -32.05 111.50
v -9.46 -36.26 102.00
v -6.49 -35.02 102.00
v -9.46 -32.05 111.50
v -6.49 -35.02 102.00
v -5.25 -32.05 102.00
v -9.46 -32.05 111.50
v -5.13 -34.99 98.00
v -5.48 -34.38 98.00
v -5.48 -34.38 103.00
v -5.13 -34.99 103.00
v -5.48 -34.38 98.00
v -6.53 -34.99 98.00
v -6.53 -34.99 103.00
v -5.48 -34.38 103.00
v -6.53 -34.99 98.00
v -6.18 -35.60 98.00
v -6.18 -35.60 103.00
v -6.53 -34.99 103.00
v -6.18 -35.60 98.00
v -5.13 -34.99 98.00
v -5.13 -34.99 103.00
v -6.18 -35.60 103.00
v -5.83 -39.19 102.00
v -2.86 -37.96 102.00
v -5.83 -34.99 111.50
v -2.86 -37.96 102.00
v -1.63 -34.99 102.00
v -5.83 -34.99 111.50
v -1.13 -37.63 98.00
v -2.18 -37.02 98.00
v -2.18 -37.02 103.00
v -1.13 -37.63 103.00
v -2.18 -37.02 98.00
v -2.18 -38.24 98.00
v -2.18 -38.24 103.00
v -2.18 -37.02 103.00
v -2.18 -38.24 98.00
v -1.48 -38.24 98.00
v -1.48 -38.24 103.00
v -2.18 -38.24 103.00
v -1.48 -38.24 98.00
v -1.13 -37.63 98.00
v -1.13 -37.63 103.00
v -1.48 -38.24 103.00
v -1.13 -37.63 103.00
v -2.18 -37.02 103.00
v -2.18 -38.24 103.00
v -1.48 -38.24 103.00
v 2.37 -37.63 102.00
v 1.14 -34.66 102.00
v -1.83 -37.63 111.50
v 3.19 -39.95 98.00
v 2.84 -39.34 98.00
v 2.84 -39.34 103.00
v 3.19 -39.95 103.00
v 2.84 -39.34 98.00
v 2.14 -39.34 98.00
v 2.14 -39.34 103.00
v 2.84 -39.34 103.00
v 2.14 -39.34 98.00
v 1.79 -39.95 98.00
v 1.79 -39.95 103.00
v 2.14 -39.34 103.00
v 1.79 -39.95 98.00
v 2.14 -40.55 98.00
v 2.14 -40.55 103.00
v 1.79 -39.95 103.00
v 2.14 -40.55 98.00
v 2.84 -40.55 98.00
v 2.84 -40.55 103.00
v 2.14 -40.55 103.00
v 2.84 -40.55 98.00
v 3.19 -39.95 98.00
v 3.19 -39.95 103.00
v 2.84 -40.55 103.00
v 3.19 -39.95 103.00
v 2.84 -39.34 103.00
v 2.14 -39.34 103.00
v 1.79 -39.95 103.00
v 2.14 -40.55 103.00
v 2.84 -40.55 103.00
v 6.69 -39.95 102.00
v 5.46 -36.98 102.00
v 2.49 -39.95 111.50
v 7.80 -41.91 98.00
v 7.45 -41.31 98.00
v 7.45 -41.31 103.00
v 7.80 -41.91 103.00
v 7.45 -41.31 98.00
v 6.75 -41.31 98.00
v 6.75 -41.31 103.00
v 7.45 -41.31 103.00
v 6.75 -41.31 98.00
v 6.40 -41.91 98.00
v 6.40 -41.91 103.00
v 6.75 -41.31 103.00
v 6.40 -41.91 98.00
v 6.75 -42.52 98.00
v 6.75 -42.52 103.00
v 6.40 -41.91 103.00
v 6.75 -42.52 98.00
v 7.45 -42.52 98.00
v 7.45 -42.52 103.00
v 6.75 -42.52 103.00
v 7.45 -42.52 98.00
v 7.80 -41.91 98.00
v 7.80 -41.91 103.00
v 7.45 -42.52 103.00
v 7.80 -41.91 103.00
v 7.45 -41.31 103.00
v 6.75 -41.31 103.00
v 6.40 -41.91 103.00
v 6.75 -42.52 103.00
v 7.45 -42.52 103.00
v 11.30 -41.91 102.00
v 10.07 -38.94 102.00
v 7.10 -41.91 111.50
v 12.64 -43.51 98.00
v 12.29 -42.90 98.00
v 12.29 -42.90 103.00
v 12.64 -43.51 103.00
v 12.29 -42.90 98.00
v 11.59 -42.90 98.00
v 11.59 -42.90 103.00
v 12.29 -42.90 103.00
v 11.59 -42.90 98.00
v 11.24 -43.51 98.00
v 11.24 -43.51 103.00
v 11.59 -42.90 103.00
v 11.24 -43.51 98.00
v 11.59 -44.12 98.00
v 11.59 -44.12 103.00
v 11.24 -43.51 103.00
v 11.59 -44.12 98.00
v 12.29 -44.12 98.00
v 12.29 -44.12 103.00
v 11.59 -44.12 103.00
v 12.29 -44.12 98.00
v 12.64 -43.51 98.00
v 12.64 -43.51 103.00
v 12.29 -44.12 103.00
v 12.64 -43.51 103.00
v 12.29 -42.90 103.00
v 11.59 -42.90 103.00
v 11.24 -43.51 103.00
v 11.59 -44.12 103.00
v 12.29 -44.12 103.00
v 16.14 -43.51 102.00
v 14.91 -40.54 102.00
v 11.94 -43.51 111.50
v 17.67 -44.72 98.00
v 16.62 -44.12 98.00
v 16.62 -44.12 103.00
v 17.67 -44.72 103.00
v 16.62 -44.12 98.00
v 16.62 -45.33 98.00
v 16.62 -45.33 103.00
v 16.62 -44.12 103.00
v 16.62 -45.33 98.00
v 17.32 -45.33 98.00
v 17.32 -45.33 103.00
v 16.62 -45.33 103.00
v 17.32 -45.33 98.00
v 17.67 -44.72 98.00
v 17.67 -44.72 103.00
v 17.32 -45.33 103.00
v 17.67 -44.72 103.00
v 16.62 -44.12 103.00
v 16.62 -45.33 103.00
v 17.32 -45.33 103.00
v 21.17 -44.72 102.00
v 19.94 -41.75 102.00
v 16.97 -44.72 111.50
v 19.94 -41.75 102.00
v 16.97 -40.52 102.00
v 16.97 -44.72 111.50
v 16.97 -40.52 102.00
v 14.00 -41.75 102.00
v 16.97 -44.72 111.50
v 21.43 -45.54 98.00
v 21.78 -46.15 98.00
v 21.78 -46.15 103.00
v 21.43 -45.54 103.00
v 21.78 -46.15 98.00
v 22.83 -45.54 98.00
v 22.83 -45.54 103.00
v 21.78 -46.15 103.00
v 22.83 -45.54 103.00
v 22.48 -44.93 103.00
v 21.43 -45.54 103.00
v 21.78 -46.15 103.00
v 26.33 -45.54 102.00
v 25.10 -42.57 102.00
v 22.13 -45.54 111.50
v 25.10 -42.57 102.00
v 22.13 -41.34 102.00
v 22.13 -45.54 111.50
v 22.13 -41.34 102.00
v 19.16 -42.57 102.00
v 22.13 -45.54 111.50
v 19.16 -42.57 102.00
v 17.93 -45.54 102.00
v 22.13 -45.54 111.50
v 17.93 -45.54 102.00
v 19.16 -48.51 102.00
v 22.13 -45.54 111.50
v 28.07 -45.95 103.00
v 27.72 -45.34 103.00
v 26.67 -45.95 103.00
v 27.02 -46.55 103.00
v 31.57 -45.95 102.00
v 30.34 -42.98 102.00
v 27.37 -45.95 111.50
v 30.34 -42.98 102.00
v 27.37 -41.75 102.00
v 27.37 -45.95 111.50
v 27.37 -41.75 102.00
v 25.10 -42.57 102.00
v 27.37 -45.95 111.50
v 25.10 -42.57 102.00
v 23.17 -45.95 102.00
v 27.37 -45.95 111.50
v 23.17 -45.95 102.00
v 24.40 -48.92 102.00
v 27.37 -45.95 111.50
v 24.40 -48.92 102.00
v 27.37 -50.15 102.00
v 27.37 -45.95 111.50
v 27.37 -50.15 102.00
v 30.34 -48.92 102.00
v 27.37 -45.95 111.50
v 36.83 -45.95 102.00
v 35.60 -42.98 102.00
v 32.63 -45.95 111.50
v 35.60 -42.98 102.00
v 32.63 -41.75 102.00
v 32.63 -45.95 111.50
v 32.63 -41.75 102.00
v 29.66 -42.98 102.00
v 32.63 -45.95 111.50
v 29.66 -42.98 102.00
v 28.43 -45.95 102.00
v 32.63 -45.95 111.50
v 28.43 -45.95 102.00
v 29.66 -48.92 102.00
v 32.63 -45.95 111.50
v 29.66 -48.92 102.00
v 32.63 -50.15 102.00
v 32.63 -45.95 111.50
v 32.63 -50.15 102.00
v 35.60 -48.92 102.00
v 32.63 -45.95 111.50
v 35.60 -48.92 102.00
v 36.83 -45.95 102.00
v 32.63 -45.95 111.50
v 42.07 -45.54 102.00
v 40.84 -42.57 102.00
v 37.87 -45.54 111.50
v 40.84 -42.57 102.00
v 37.87 -41.34 102.00
v 37.87 -45.54 111.50
v 37.87 -41.34 102.00
v 34.90 -42.57 102.00
v 37.87 -45.54 111.50
v 34.90 -42.57 102.00
v 33.67 -45.54 102.00
v 37.87 -45.54 111.50
v 33.67 -45.54 102.00
v 34.90 -48.51 102.00
v 37.87 -45.54 111.50
v 34.90 -48.51 102.00
v 37.87 -49.74 102.00
v 37.87 -45.54 111.50
v 37.87 -49.74 102.00
v 40.84 -48.51 102.00
v 37.87 -45.54 111.50
v 40.84 -48.51 102.00
v 42.07 -45.54 102.00
v 37.87 -45.54 111.50
v 43.03 -40.52 102.00
v 40.06 -41.75 102.00
v 43.03 -44.72 111.50
v 40.06 -41.75 102.00
v 38.83 -44.72 102.00
v 43.03 -44.72 111.50
v 38.83 -44.72 102.00
v 40.06 -47.69 102.00
v 43.03 -44.72 111.50
v 40.06 -47.69 102.00
v 43.03 -48.92 102.00
v 43.03 -44.72 111.50
v 43.03 -48.92 102.00
v 46.00 -47.69 102.00
v 43.03 -44.72 111.50
v 46.00 -47.69 102.00
v 47.23 -44.72 102.00
v 43.03 -44.72 111.50
v 48.76 -43.51 98.00
v 48.41 -42.90 98.00
v 48.41 -42.90 103.00
v 48.76 -43.51 103.00
v 48.41 -42.90 98.00
v 47.36 -43.51 98.00
v 47.36 -43.51 103.00
v 48.41 -42.90 103.00
v 43.86 -43.51 102.00
v 45.09 -46.48 102.00
v 48.06 -43.51 111.50
v 45.09 -46.48 102.00
v 48.06 -47.71 102.00
v 48.06 -43.51 111.50
v 48.06 -47.71 102.00
v 51.03 -46.48 102.00
v 48.06 -43.51 111.50
v 51.03 -46.48 102.00
v 52.26 -43.51 102.00
v 48.06 -43.51 111.50
v 53.60 -41.91 98.00
v 53.25 -41.31 98.00
v 53.25 -41.31 103.00
v 53.60 -41.91 103.00
v 53.25 -41.31 98.00
v 52.55 -41.31 98.00
v 52.55 -41.31 103.00
v 53.25 -41.31 103.00
v 52.55 -41.31 98.00
v 52.20 -41.91 98.00
v 52.20 -41.91 103.00
v 52.55 -41.31 103.00
v 52.20 -41.91 98.00
v 52.55 -42.52 98.00
v 52.55 -42.52 103.00
v 52.20 -41.91 103.00
v 48.70 -41.91 102.00
v 49.93 -44.88 102.00
v 52.90 -41.91 111.50
v 49.93 -44.88 102.00
v 52.90 -46.11 102.00
v 52.90 -41.91 111.50
v 52.90 -46.11 102.00
v 55.87 -44.88 102.00
v 52.90 -41.91 111.50
v 55.87 -44.88 102.00
v 57.10 -41.91 102.00
v 52.90 -41.91 111.50
v 58.21 -39.95 98.00
v 57.86 -39.34 98.00
v 57.86 -39.34 103.00
v 58.21 -39.95 103.00
v 57.86 -39.34 98.00
v 57.16 -39.34 98.00
v 57.16 -39.34 103.00
v 57.86 -39.34 103.00
v 57.16 -39.34 98.00
v 56.81 -39.95 98.00
v 56.81 -39.95 103.00
v 57.16 -39.34 103.00
v 56.81 -39.95 98.00
v 57.16 -40.55 98.00
v 57.16 -40.55 103.00
v 56.81 -39.95 103.00
v 53.31 -39.95 102.00
v 54.54 -42.92 102.00
v 57.51 -39.95 111.50
v 54.54 -42.92 102.00
v 57.51 -44.15 102.00
v 57.51 -39.95 111.50
v 57.51 -44.15 102.00
v 60.48 -42.92 102.00
v 57.51 -39.95 111.50
v 60.48 -42.92 102.00
v 61.71 -39.95 102.00
v 57.51 -39.95 111.50
v 62.53 -37.63 98.00
v 61.48 -37.02 98.00
v 61.48 -37.02 103.00
v 62.53 -37.63 103.00
v 61.48 -37.02 98.00
v 61.13 -37.63 98.00
v 61.13 -37.63 103.00
v 61.48 -37.02 103.00
v 61.13 -37.63 98.00
v 61.48 -38.24 98.00
v 61.48 -38.24 103.00
v 61.13 -37.63 103.00
v 61.48 -38.24 98.00
v 62.18 -38.24 98.00
v 62.18 -38.24 103.00
v 61.48 -38.24 103.00
v 58.86 -40.60 102.00
v 61.83 -41.83 102.00
v 61.83 -37.63 111.50
v 61.83 -41.83 102.00
v 64.80 -40.60 102.00
v 61.83 -37.63 111.50
v 64.80 -40.60 102.00
v 66.03 -37.63 102.00
v 61.83 -37.63 111.50
v 66.53 -34.99 98.00
v 65.48 -34.38 98.00
v 65.48 -34.38 103.00
v 66.53 -34.99 103.00
v 65.48 -34.38 98.00
v 65.48 -35.60 98.00
v 65.48 -35.60 103.00
v 65.48 -34.38 103.00
v 65.48 -35.60 98.00
v 66.18 -35.60 98.00
v 66.18 -35.60 103.00
v 65.48 -35.60 103.00
v 66.18 -35.60 98.00
v 66.53 -34.99 98.00
v 66.53 -34.99 103.00
v 66.18 -35.60 103.00
v 66.53 -34.99 103.00
v 65.48 -34.38 103.00
v 65.48 -35.60 103.00
v 66.18 -35.60 103.00
v 68.80 -37.96 102.00
v 70.03 -34.99 102.00
v 65.83 -34.99 111.50
v 70.16 -32.05 98.00
v 69.81 -31.45 98.00
v 69.81 -31.45 103.00
v 70.16 -32.05 103.00
v 69.81 -31.45 98.00
v 69.11 -31.45 98.00
v 69.11 -31.45 103.00
v 69.81 -31.45 103.00
v 69.11 -31.45 98.00
v 68.75 -32.05 98.00
v 68.75 -32.05 103.00
v 69.11 -31.45 103.00
v 68.75 -32.05 98.00
v 69.11 -32.66 98.00
v 69.11 -32.66 103.00
v 68.75 -32.05 103.00
v 69.11 -32.66 98.00
v 69.81 -32.66 98.00
v 69.81 -32.66 103.00
v 69.11 -32.66 103.00
v 69.81 -32.66 98.00
v 70.16 -32.05 98.00
v 70.16 -32.05 103.00
v 69.81 -32.66 103.00
v 70.16 -32.05 103.00
v 69.81 -31.45 103.00
v 69.11 -31.45 103.00
v 68.75 -32.05 103.00
v 69.11 -32.66 103.00
v 69.81 -32.66 103.00
v 72.42 -35.02 102.00
v 73.66 -32.05 102.00
v 69.45 -32.05 111.50
v 73.38 -28.85 98.00
v 73.03 -28.25 98.00
v 73.03 -28.25 103.00
v 73.38 -28.85 103.00
v 73.03 -28.25 98.00
v 72.33 -28.25 98.00
v 72.33 -28.25 103.00
v 73.03 -28.25 103.00
v 72.33 -28.25 98.00
v 71.98 -28.85 98.00
v 71.98 -28.85 103.00
v 72.33 -28.25 103.00
v 71.98 -28.85 98.00
v 72.33 -29.46 98.00
v 72.33 -29.46 103.00
v 71.98 -28.85 103.00
v 72.33 -29.46 98.00
v 73.38 -28.85 98.00
v 73.38 -28.85 103.00
v 72.33 -29.46 103.00
v 73.38 -28.85 103.00
v 73.03 -28.25 103.00
v 72.33 -28.25 103.00
v 71.98 -28.85 103.00
v 72.33 -29.46 103.00
v 76.88 -28.85 102.00
v 75.65 -25.88 102.00
v 72.68 -28.85 111.50
v 76.17 -25.41 98.00
v 75.82 -24.81 98.00
v 75.82 -24.81 103.00
v 76.17 -25.41 103.00
v 75.82 -24.81 98.00
v 75.12 -24.81 98.00
v 75.12 -24.81 103.00
v 75.82 -24.81 103.00
v 75.12 -24.81 98.00
v 74.77 -25.41 98.00
v 74.77 -25.41 103.00
v 75.12 -24.81 103.00
v 74.77 -25.41 98.00
v 76.17 -25.41 98.00
v 76.17 -25.41 103.00
v 74.77 -25.41 103.00
v 76.17 -25.41 103.00
v 75.82 -24.81 103.00
v 75.12 -24.81 103.00
v 74.77 -25.41 103.00
v 79.67 -25.41 102.00
v 78.44 -22.44 102.00
v 75.47 -25.41 111.50
v 78.44 -22.44 102.00
v 75.47 -21.21 102.00
v 75.47 -25.41 111.50
v 75.47 -21.21 102.00
v 72.50 -22.44 102.00
v 75.47 -25.41 111.50
v 77.09 -21.77 98.00
v 77.44 -22.38 98.00
v 77.44 -22.38 103.00
v 77.09 -21.77 103.00
v 77.44 -22.38 98.00
v 78.49 -21.77 98.00
v 78.49 -21.77 103.00
v 77.44 -22.38 103.00
v 78.49 -21.77 103.00
v 78.14 -21.17 103.00
v 77.09 -21.77 103.00
v 77.44 -22.38 103.00
v 81.99 -21.77 102.00
v 80.76 -18.80 102.00
v 77.79 -21.77 111.50
v 80.76 -18.80 102.00
v 77.79 -17.57 102.00
v 77.79 -21.77 111.50
v 77.79 -17.57 102.00
v 74.82 -18.80 102.00
v 77.79 -21.77 111.50
v 74.82 -18.80 102.00
v 73.59 -21.77 102.00
v 77.79 -21.77 111.50
v 73.59 -21.77 102.00
v 74.82 -24.74 102.00
v 77.79 -21.77 111.50
v 80.31 -17.98 103.00
v 79.97 -17.37 103.00
v 78.92 -17.98 103.00
v 79.27 -18.58 103.00
v 83.81 -17.98 102.00
v 82.58 -15.01 102.00
v 79.61 -17.98 111.50
v 82.58 -15.01 102.00
v 79.61 -13.78 102.00
v 79.61 -17.98 111.50
v 79.61 -13.78 102.00
v 76.64 -15.01 102.00
v 79.61 -17.98 111.50
v 76.64 -15.01 102.00
v 75.42 -17.98 102.00
v 79.61 -17.98 111.50
v 75.42 -17.98 102.00
v 76.64 -20.94 102.00
v 79.61 -17.98 111.50
v 76.64 -20.94 102.00
v 79.61 -22.18 102.00
v 79.61 -17.98 111.50
v 79.61 -22.18 102.00
v 82.58 -20.94 102.00
v 79.61 -17.98 111.50
v 81.64 -14.05 103.00
v 81.29 -13.45 103.00
v 80.59 -13.45 103.00
v 80.24 -14.05 103.00
v 80.59 -14.66 103.00
v 81.29 -14.66 103.00
v 85.14 -14.05 102.00
v 83.91 -11.08 102.00
v 80.94 -14.05 111.50
v 83.91 -11.08 102.00
v 80.94 -9.85 102.00
v 80.94 -14.05 111.50
v 80.94 -9.85 102.00
v 77.97 -11.08 102.00
v 80.94 -14.05 111.50
v 77.97 -11.08 102.00
v 76.74 -14.05 102.00
v 80.94 -14.05 111.50
v 76.74 -14.05 102.00
v 77.97 -17.02 102.00
v 80.94 -14.05 111.50
v 77.97 -17.02 102.00
v 80.76 -18.80 102.00
v 80.94 -14.05 111.50
v 80.76 -18.80 102.00
v 83.91 -17.02 102.00
v 80.94 -14.05 111.50
v 84.70 -7.08 102.00
v 81.73 -6.15 102.00
v 81.73 -10.05 111.50
v 81.73 -6.15 102.00
v 78.76 -7.08 102.00
v 81.73 -10.05 111.50
v 78.76 -7.08 102.00
v 77.53 -10.05 102.00
v 81.73 -10.05 111.50
v 77.53 -10.05 102.00
v 78.76 -13.02 102.00
v 81.73 -10.05 111.50
v 78.76 -13.02 102.00
v 81.73 -14.25 102.00
v 81.73 -10.05 111.50
v 81.73 -14.25 102.00
v 84.70 -13.02 102.00
v 81.73 -10.05 111.50
v 84.70 -13.02 102.00
v 85.93 -10.05 102.00
v 81.73 -10.05 111.50
v 2915.83 -504.21 105.69
v 3026.97 -417.70 106.55
v 2823.77 -454.87 215.46
v 2839.47 -583.40 110.42
v 2904.64 -633.78 90.77
v 2823.77 -454.87 215.46
v 2904.64 -633.78 90.77
v 3016.91 -630.43 112.96
v 2823.77 -454.87 215.46
v 3016.91 -630.43 112.96
v 2915.83 -504.21 105.69
v 2823.77 -454.87 215.46
v 2902.62 -454.87 142.20
v 2880.00 -412.77 142.20
v 2823.77 -454.87 215.46
v 2880.00 -412.77 142.20
v 2858.87 -376.78 142.20
v 2823.77 -454.87 215.46
v 2858.87 -376.78 142.20
v 2811.43 -384.70 142.20
v 2823.77 -454.87 215.46
v 2811.43 -384.70 142.20
v 2782.81 -395.38 142.20
v 2823.77 -454.87 215.46
v 2782.81 -395.38 142.20
v 2757.17 -432.23 142.20
v 2823.77 -454.87 215.46
v 3602.50 245.33 131.52
v 3519.40 263.71 129.20
v 3469.26 138.47 249.62
v 3519.40 263.71 129.20
v 3450.55 285.07 106.45
v 3469.26 138.47 249.62
v 3450.55 285.07 106.45
v 3308.56 309.15 102.00
v 3469.26 138.47 249.62
v 3308.56 309.15 102.00
v 3269.85 151.40 133.82
v 3469.26 138.47 249.62
v 3269.85 151.40 133.82
v 3235.58 38.77 105.44
v 3469.26 138.47 249.62
v 3235.58 38.77 105.44
v 3322.84 -50.46 104.97
v 3469.26 138.47 249.62
v 3322.84 -50.46 104.97
v 3406.31 -159.21 106.90
v 3469.26 138.47 249.62
v 3406.31 -159.21 106.90
v 3553.22 -158.08 105.10
v 3469.26 138.47 249.62
v 3382.95 162.39 164.75
v 3378.41 113.54 164.75
v 3469.26 138.47 249.62
v 3378.41 113.54 164.75
v 3413.78 80.11 164.75
v 3469.26 138.47 249.62
v 3413.78 80.11 164.75
v 3457.46 44.24 164.75
v 3469.26 138.47 249.62
v 3457.46 44.24 164.75
v 3509.38 58.90 164.75
v 3469.26 138.47 249.62
v 3509.38 58.90 164.75
v 3530.17 100.58 164.75
v 3469.26 138.47 249.62
v 3530.17 100.58 164.75
v 3544.31 138.47 164.75
v 3469.26 138.47 249.62
v 3658.76 -686.27 173.44
v 3653.01 -609.36 135.84
v 3526.28 -660.68 348.63
v 3653.01 -609.36 135.84
v 3523.51 -564.15 166.41
v 3526.28 -660.68 348.63
v 3613.31 -792.77 178.98
v 3703.46 -791.85 157.82
v 3526.28 -660.68 348.63
v 3703.46 -791.85 157.82
v 3658.76 -686.27 173.44
v 3526.28 -660.68 348.63
v 3624.32 -660.68 230.09
v 3616.96 -603.41 230.09
v 3526.28 -660.68 348.63
v 3616.96 -603.41 230.09
v 3569.63 -564.18 230.09
v 3526.28 -660.68 348.63
v 3569.63 -564.18 230.09
v 3511.02 -568.13 230.09
v 3526.28 -660.68 348.63
v 3511.02 -568.13 230.09
v 3463.15 -578.43 230.09
v 3526.28 -660.68 348.63
v 3463.15 -578.43 230.09
v 3429.53 -632.53 230.09
v 3526.28 -660.68 348.63
v 3429.53 -632.53 230.09
v 3451.01 -690.95 230.09
v 3526.28 -660.68 348.63
v 3245.97 -298.62 135.29
v 3156.69 -412.40 129.06
v 3171.63 -513.16 276.47
v 3156.69 -412.40 129.06
v 3060.84 -390.49 107.68
v 3171.63 -513.16 276.47
v 3060.84 -390.49 107.68
v 2961.22 -422.99 127.84
v 3171.63 -513.16 276.47
v 2961.22 -422.99 127.84
v 3008.74 -533.44 125.08
v 3171.63 -513.16 276.47
v 3008.74 -533.44 125.08
v 3033.68 -676.86 142.23
v 3171.63 -513.16 276.47
v 3033.68 -676.86 142.23
v 3141.16 -575.36 107.63
v 3171.63 -513.16 276.47
v 3141.16 -575.36 107.63
v 3220.37 -642.65 130.21
v 3171.63 -513.16 276.47
v 3220.37 -642.65 130.21
v 3282.05 -612.42 121.33
v 3171.63 -513.16 276.47
v 3107.62 -528.82 182.47
v 3119.72 -573.32 182.47
v 3171.63 -513.16 276.47
v 3119.72 -573.32 182.47
v 3161.04 -585.60 182.47
v 3171.63 -513.16 276.47
v 3161.04 -585.60 182.47
v 3199.96 -579.68 182.47
v 3171.63 -513.16 276.47
v 3199.96 -579.68 182.47
v 3218.29 -550.09 182.47
v 3171.63 -513.16 276.47
v 3218.29 -550.09 182.47
v 3239.91 -513.16 182.47
v 3171.63 -513.16 276.47
v 3291.25 -470.09 177.05
v 3200.17 -369.55 171.59
v 3094.14 -446.51 361.20
v 3200.17 -369.55 171.59
v 3195.61 -309.01 150.24
v 3094.14 -446.51 361.20
v 3195.61 -309.01 150.24
v 3119.09 -303.57 141.23
v 3094.14 -446.51 361.20
v 3183.47 -515.20 172.33
v 3291.25 -470.09 177.05
v 3094.14 -446.51 361.20
v 3159.38 -446.51 238.39
v 3148.05 -414.60 238.39
v 3094.14 -446.51 361.20
v 3148.05 -414.60 238.39
v 3116.59 -404.24 238.39
v 3094.14 -446.51 361.20
v 3116.59 -404.24 238.39
v 3087.34 -389.27 238.39
v 3094.14 -446.51 361.20
v 3087.34 -389.27 238.39
v 3063.69 -404.88 238.39
v 3094.14 -446.51 361.20
v 3063.69 -404.88 238.39
v 3046.19 -428.74 238.39
v 3094.14 -446.51 361.20
v 3046.19 -428.74 238.39
v 3034.40 -462.68 238.39
v 3094.14 -446.51 361.20
v 3034.40 -462.68 238.39
v 3052.51 -487.30 238.39
v 3094.14 -446.51 361.20
v 3160.60 2639.33 134.75
v 3152.68 2601.29 115.01
v 3214.15 2515.60 287.89
v 3152.68 2601.29 115.01
v 2982.77 2575.94 140.38
v 3214.15 2515.60 287.89
v 2982.77 2575.94 140.38
v 3026.69 2461.60 119.74
v 3214.15 2515.60 287.89
v 3026.69 2461.60 119.74
v 3091.45 2416.26 132.28
v 3214.15 2515.60 287.89
v 3091.45 2416.26 132.28
v 3150.01 2364.76 115.23
v 3214.15 2515.60 287.89
v 3150.01 2364.76 115.23
v 3267.35 2356.27 126.24
v 3214.15 2515.60 287.89
v 3267.35 2356.27 126.24
v 3313.21 2459.18 131.48
v 3214.15 2515.60 287.89
v 3313.21 2459.18 131.48
v 3328.22 2560.19 152.97
v 3214.15 2515.60 287.89

usemtl mat_mountain
v 3281.96 2515.60 190.01
v 3261.81 2543.53 190.01
v 3214.15 2515.60 287.89
v 3261.81 2543.53 190.01
v 3236.30 2579.01 190.01
v 3214.15 2515.60 287.89
v 3236.30 2579.01 190.01
v 3205.77 2582.44 190.01
v 3214.15 2515.60 287.89
v 3205.77 2582.44 190.01
v 3178.34 2553.96 190.01
v 3214.15 2515.60 287.89
v 3178.34 2553.96 190.01
v 3147.85 2534.46 190.01
v 3214.15 2515.60 287.89
v 3147.85 2534.46 190.01
v 3161.91 2495.45 190.01
v 3214.15 2515.60 287.89
v 3161.91 2495.45 190.01
v 3168.00 2466.42 190.01
v 3214.15 2515.60 287.89
v 3168.00 2466.42 190.01
v 3206.51 2444.63 190.01
v 3214.15 2515.60 287.89
v 3206.51 2444.63 190.01
v 3239.68 2456.65 190.01
v 3214.15 2515.60 287.89
v 3239.68 2456.65 190.01
v 3259.74 2485.57 190.01
v 3214.15 2515.60 287.89
v 3259.74 2485.57 190.01
v 3281.96 2515.60 190.01
v 3214.15 2515.60 287.89
v 2997.51 2635.69 166.30
v 2979.20 2688.23 166.30
v 2912.16 2635.69 251.97
v 2979.20 2688.23 166.30
v 2954.22 2703.77 166.30
v 2912.16 2635.69 251.97
v 2954.22 2703.77 166.30
v 2900.84 2726.70 166.30
v 2912.16 2635.69 251.97
v 2900.84 2726.70 166.30
v 2855.89 2706.74 166.30
v 2912.16 2635.69 251.97
v 2855.89 2706.74 166.30
v 2814.99 2660.74 166.30
v 2912.16 2635.69 251.97
v 2814.99 2660.74 166.30
v 2825.73 2607.33 166.30
v 2912.16 2635.69 251.97
v 2825.73 2607.33 166.30
v 2847.91 2574.84 166.30
v 2912.16 2635.69 251.97
v 2847.91 2574.84 166.30
v 2901.52 2560.38 166.30
v 2912.16 2635.69 251.97
v 2901.52 2560.38 166.30
v 2943.12 2551.38 166.30
v 2912.16 2635.69 251.97
v 2943.12 2551.38 166.30
v 2990.02 2587.13 166.30
v 2912.16 2635.69 251.97
v 2990.02 2587.13 166.30
v 2997.51 2635.69 166.30
v 2912.16 2635.69 251.97
v 2238.47 3238.14 204.69
v 2220.15 3283.40 204.69
v 2156.36 3238.14 310.14
v 2220.15 3283.40 204.69
v 2187.88 3307.99 204.69
v 2156.36 3238.14 310.14
v 2187.88 3307.99 204.69
v 2145.20 3319.05 204.69
v 2156.36 3238.14 310.14
v 2145.20 3319.05 204.69
v 2102.07 3289.17 204.69
v 2156.36 3238.14 310.14
v 2102.07 3289.17 204.69
v 2076.62 3257.00 204.69
v 2156.36 3238.14 310.14
v 2076.62 3257.00 204.69
v 2094.52 3220.08 204.69
v 2156.36 3238.14 310.14
v 2094.52 3220.08 204.69
v 2107.70 3173.82 204.69
v 2156.36 3238.14 310.14
v 2107.70 3173.82 204.69
v 2144.91 3155.07 204.69
v 2156.36 3238.14 310.14
v 2144.91 3155.07 204.69
v 2182.72 3172.93 204.69
v 2156.36 3238.14 310.14
v 2182.72 3172.93 204.69
v 2226.44 3194.61 204.69
v 2156.36 3238.14 310.14
v 2226.44 3194.61 204.69
v 2238.47 3238.14 204.69
v 2156.36 3238.14 310.14
v 1874.50 3310.94 197.26
v 1868.32 3122.32 217.59
v 2122.13 3079.87 427.79
v 1868.32 3122.32 217.59
v 1927.25 3109.93 199.91
v 2122.13 3079.87 427.79
v 1927.25 3109.93 199.91
v 1954.32 2908.80 171.34
v 2122.13 3079.87 427.79
v 1954.32 2908.80 171.34
v 2089.76 2992.04 164.75
v 2122.13 3079.87 427.79
v 2089.76 2992.04 164.75
v 2137.71 2882.54 163.17
v 2122.13 3079.87 427.79
v 2137.71 2882.54 163.17
v 2241.97 3063.39 225.99
v 2122.13 3079.87 427.79
v 2241.97 3063.39 225.99
v 2244.46 3073.35 204.74
v 2122.13 3079.87 427.79
v 2210.43 3079.87 282.34
v 2187.69 3117.33 282.34
v 2122.13 3079.87 427.79
v 2187.69 3117.33 282.34
v 2154.26 3164.72 282.34
v 2122.13 3079.87 427.79
v 2154.26 3164.72 282.34
v 2108.47 3159.55 282.34
v 2122.13 3079.87 427.79
v 2108.47 3159.55 282.34
v 2059.83 3154.41 282.34
v 2122.13 3079.87 427.79
v -2298.44 1925.38 92.22
v -2337.78 1866.51 92.09
v -2239.98 1840.83 235.45
v -2337.78 1866.51 92.09
v -2330.82 1793.42 101.95
v -2239.98 1840.83 235.45
v -2330.82 1793.42 101.95
v -2312.54 1764.10 123.74
v -2239.98 1840.83 235.45
v -2312.54 1764.10 123.74
v -2277.26 1717.96 100.94
v -2239.98 1840.83 235.45
v -2277.26 1717.96 100.94
v -2188.77 1740.73 113.67
v -2239.98 1840.83 235.45
v -2188.77 1740.73 113.67
v -2117.40 1803.39 118.64
v -2239.98 1840.83 235.45
v -2117.40 1803.39 118.64
v -2094.74 1844.15 116.46
v -2239.98 1840.83 235.45
v -2187.87 1840.83 155.40
v -2206.11 1867.84 155.40
v -2239.98 1840.83 235.45
v -2206.11 1867.84 155.40
v -2220.67 1879.79 155.40
v -2239.98 1840.83 235.45
v -2220.67 1879.79 155.40
v -2245.99 1888.92 155.40
v -2239.98 1840.83 235.45
v -2245.99 1888.92 155.40
v -2277.20 1873.58 155.40
v -2239.98 1840.83 235.45
v -2883.30 1525.23 114.45
v -2922.67 1359.30 130.18
v -2714.16 1354.85 295.01
v -2922.67 1359.30 130.18
v -2967.47 1328.34 146.13
v -2714.16 1354.85 295.01
v -2967.47 1328.34 146.13
v -2938.48 1211.19 147.49
v -2714.16 1354.85 295.01
v -2938.48 1211.19 147.49
v -2773.55 1208.40 153.87
v -2714.16 1354.85 295.01
v -2773.55 1208.40 153.87
v -2620.11 1190.14 146.75
v -2714.16 1354.85 295.01
v -2620.11 1190.14 146.75
v -2547.36 1273.06 146.59
v -2714.16 1354.85 295.01
v -2547.36 1273.06 146.59
v -2581.19 1332.35 126.19
v -2714.16 1354.85 295.01
v -2641.33 1354.85 194.71
v -2635.90 1392.94 194.71
v -2714.16 1354.85 295.01
v -2635.90 1392.94 194.71
v -2674.58 1432.05 194.71
v -2714.16 1354.85 295.01
v -2674.58 1432.05 194.71
v -2725.56 1448.18 194.71
v -2714.16 1354.85 295.01
v -2725.56 1448.18 194.71
v -2763.89 1418.72 194.71
v -2714.16 1354.85 295.01
v -3053.13 1498.73 102.12
v -3146.81 1506.75 118.77
v -2973.84 1450.01 249.15
v -3146.81 1506.75 118.77
v -3097.39 1370.28 107.21
v -2973.84 1450.01 249.15
v -3097.39 1370.28 107.21
v -3098.86 1310.83 105.81
v -2973.84 1450.01 249.15
v -3098.86 1310.83 105.81
v -2994.36 1300.02 110.61
v -2973.84 1450.01 249.15
v -2994.36 1300.02 110.61
v -2917.79 1281.30 104.64
v -2973.84 1450.01 249.15
v -2917.79 1281.30 104.64
v -2880.61 1350.09 127.33
v -2973.84 1450.01 249.15
v -2880.61 1350.09 127.33
v -2886.83 1458.53 119.58
v -2973.84 1450.01 249.15
v -2911.84 1450.01 164.44
v -2933.75 1477.63 164.44
v -2973.84 1450.01 249.15
v -2933.75 1477.63 164.44
v -2948.48 1500.85 164.44
v -2973.84 1450.01 249.15
v -2948.48 1500.85 164.44
v -2981.88 1514.34 164.44
v -2973.84 1450.01 249.15
v -2981.88 1514.34 164.44
v -3010.29 1492.62 164.44
v -2973.84 1450.01 249.15
v -2601.90 2091.73 120.31
v -2688.84 1997.49 130.12
v -2435.59 1852.27 305.74
v -2688.84 1997.49 130.12
v -2687.80 1763.04 157.19
v -2435.59 1852.27 305.74
v -2687.80 1763.04 157.19
v -2528.80 1710.64 133.56
v -2435.59 1852.27 305.74
v -2528.80 1710.64 133.56
v -2491.29 1635.31 126.55
v -2435.59 1852.27 305.74
v -2491.29 1635.31 126.55
v -2386.54 1730.96 119.16
v -2435.59 1852.27 305.74
v -2386.54 1730.96 119.16
v -2241.22 1759.13 160.97
v -2435.59 1852.27 305.74
v -2241.22 1759.13 160.97
v -2270.20 1845.91 131.68
v -2435.59 1852.27 305.74
v -2355.79 1852.27 201.79
v -2364.57 1905.53 201.79
v -2435.59 1852.27 305.74
v -2364.57 1905.53 201.79
v -2394.68 1923.82 201.79
v -2435.59 1852.27 305.74
v -2394.68 1923.82 201.79
v -2447.03 1944.65 201.79
v -2435.59 1852.27 305.74
v -2447.03 1944.65 201.79
v -2486.20 1924.53 201.79
v -2435.59 1852.27 305.74
v -3573.58 281.76 160.78
v -3623.54 246.32 172.51
v -3443.14 178.83 353.78
v -3623.54 246.32 172.51
v -3600.80 31.88 153.55
v -3443.14 178.83 353.78
v -3600.80 31.88 153.55
v -3483.64 -1.82 168.95
v -3443.14 178.83 353.78
v -3483.64 -1.82 168.95
v -3506.46 -30.74 161.61
v -3443.14 178.83 353.78
v -3506.46 -30.74 161.61
v -3314.28 -38.26 181.60
v -3443.14 178.83 353.78
v -3314.28 -38.26 181.60
v -3201.76 62.48 141.59
v -3443.14 178.83 353.78
v -3201.76 62.48 141.59
v -3167.09 187.92 183.90
v -3443.14 178.83 353.78
v -3339.10 178.83 233.49
v -3361.19 225.16 233.49
v -3443.14 178.83 353.78
v -3361.19 225.16 233.49
v -3409.87 265.50 233.49
v -3443.14 178.83 353.78
v -3409.87 265.50 233.49
v -3453.78 255.05 233.49
v -3443.14 178.83 353.78
v -3453.78 255.05 233.49
v -3492.75 253.53 233.49
v -3443.14 178.83 353.78
v -3492.75 253.53 233.49
v -3531.90 207.31 233.49
v -3443.14 178.83 353.78
v -3531.90 207.31 233.49
v -3537.62 155.34 233.49
v -3443.14 178.83 353.78
v -3537.62 155.34 233.49
v -3499.03 112.79 233.49
v -3443.14 178.83 353.78
v -3499.03 112.79 233.49
v -3455.19 97.42 233.49
v -3443.14 178.83 353.78
v -3455.19 97.42 233.49
v -3401.28 110.61 233.49
v -3443.14 178.83 353.78
v -3401.28 110.61 233.49
v -3370.13 130.81 233.49
v -3443.14 178.83 353.78
v -3370.13 130.81 233.49
v -3339.10 178.83 233.49
v -3443.14 178.83 353.78
v -3803.91 -12.51 211.91
v -3804.05 21.58 211.91
v -3856.90 -12.51 321.08
v -3804.05 21.58 211.91
v -3833.65 47.68 211.91
v -3856.90 -12.51 321.08
v -3833.65 47.68 211.91
v -3865.38 60.27 211.91
v -3856.90 -12.51 321.08
v -3865.38 60.27 211.91
v -3891.96 29.83 211.91
v -3856.90 -12.51 321.08
v -3891.96 29.83 211.91
v -3925.84 4.65 211.91
v -3856.90 -12.51 321.08
v -3925.84 4.65 211.91
v -3908.86 -31.64 211.91
v -3856.90 -12.51 321.08
v -3908.86 -31.64 211.91
v -3904.00 -55.21 211.91
v -3856.90 -12.51 321.08
v -3904.00 -55.21 211.91
v -3866.12 -66.94 211.91
v -3856.90 -12.51 321.08
v -3866.12 -66.94 211.91
v -3832.01 -68.88 211.91
v -3856.90 -12.51 321.08
v -3832.01 -68.88 211.91
v -3801.95 -53.38 211.91
v -3856.90 -12.51 321.08
v -3801.95 -53.38 211.91
v -3803.91 -12.51 211.91
v -3856.90 -12.51 321.08
v -3815.31 -302.98 214.16
v -3751.11 -237.92 181.27
v -3942.93 -232.31 410.06
v -3885.90 -232.31 270.64
v -3884.68 -200.34 270.64
v -3942.93 -232.31 410.06
v -3884.68 -200.34 270.64
v -3911.48 -165.02 270.64
v -3942.93 -232.31 410.06
v -3911.48 -165.02 270.64
v -3951.41 -155.65 270.64
v -3942.93 -232.31 410.06
v -3951.41 -155.65 270.64
v -3990.69 -184.87 270.64
v -3942.93 -232.31 410.06
v -3990.69 -184.87 270.64
v -4001.24 -210.58 270.64
v -3942.93 -232.31 410.06
v -4001.24 -210.58 270.64
v -4006.93 -250.45 270.64
v -3942.93 -232.31 410.06
v -4006.93 -250.45 270.64
v -3989.68 -275.39 270.64
v -3942.93 -232.31 410.06
v -3989.68 -275.39 270.64
v -3952.11 -298.52 270.64
v -3942.93 -232.31 410.06
v -3952.11 -298.52 270.64
v -3911.83 -288.12 270.64
v -3942.93 -232.31 410.06
v -3911.83 -288.12 270.64
v -3894.20 -266.14 270.64
v -3942.93 -232.31 410.06
v -1187.52 -4052.37 122.48
v -1112.14 -4002.97 156.55
v -1271.89 -3980.14 321.09
v -1212.31 -3980.14 211.92
v -1229.01 -3951.42 211.92
v -1271.89 -3980.14 321.09
v -1229.01 -3951.42 211.92
v -1248.64 -3933.34 211.92
v -1271.89 -3980.14 321.09
v -1248.64 -3933.34 211.92
v -1280.79 -3927.50 211.92
v -1271.89 -3980.14 321.09
v -1280.79 -3927.50 211.92
v -1307.94 -3944.34 211.92
v -1271.89 -3980.14 321.09
v -1307.94 -3944.34 211.92
v -1333.18 -3964.03 211.92
v -1271.89 -3980.14 321.09
v -1333.18 -3964.03 211.92
v -1326.43 -3997.72 211.92
v -1271.89 -3980.14 321.09
v -1326.43 -3997.72 211.92
v -1312.50 -4015.07 211.92
v -1271.89 -3980.14 321.09
v -1312.50 -4015.07 211.92
v -1280.38 -4033.15 211.92
v -1271.89 -3980.14 321.09
v -1280.38 -4033.15 211.92
v -1246.34 -4035.02 211.92
v -1271.89 -3980.14 321.09
v -1246.34 -4035.02 211.92
v -1221.15 -4012.60 211.92
v -1271.89 -3980.14 321.09
v -1211.58 -4060.93 162.53
v -1140.81 -3988.54 159.56
v -1324.57 -3961.36 303.83
v -1264.95 -3961.36 200.53
v -1259.23 -3930.24 200.53
v -1324.57 -3961.36 303.83
v -1259.23 -3930.24 200.53
v -1293.25 -3898.44 200.53
v -1324.57 -3961.36 303.83
v -1293.25 -3898.44 200.53
v -1336.04 -3896.29 200.53
v -1324.57 -3961.36 303.83
v -1336.04 -3896.29 200.53
v -1375.31 -3902.75 200.53
v -1324.57 -3961.36 303.83
v -1375.31 -3902.75 200.53
v -1384.75 -3940.84 200.53
v -1324.57 -3961.36 303.83
v -1384.75 -3940.84 200.53
v -1401.23 -3983.42 200.53
v -1324.57 -3961.36 303.83
v -1401.23 -3983.42 200.53
v -1366.56 -4022.13 200.53
v -1324.57 -3961.36 303.83
v -1366.56 -4022.13 200.53
v -1335.35 -4017.47 200.53
v -1324.57 -3961.36 303.83
v -1335.35 -4017.47 200.53
v -1296.28 -4025.56 200.53
v -1324.57 -3961.36 303.83
v -1296.28 -4025.56 200.53
v -1271.01 -3992.42 200.53
v -1324.57 -3961.36 303.83
v -1759.91 -3758.09 86.10
v -1825.02 -3614.40 100.71
v -2001.25 -3624.70 192.28
v -1902.83 -3624.70 126.90
v -1932.38 -3579.05 126.90
v -2001.25 -3624.70 192.28
v -1932.38 -3579.05 126.90
v -1970.83 -3554.66 126.90
v -2001.25 -3624.70 192.28
v -1970.83 -3554.66 126.90
v -2014.40 -3530.35 126.90
v -2001.25 -3624.70 192.28
v -2014.40 -3530.35 126.90
v -2067.21 -3566.81 126.90
v -2001.25 -3624.70 192.28
v -2067.21 -3566.81 126.90
v -2095.32 -3602.89 126.90
v -2001.25 -3624.70 192.28
v -2095.32 -3602.89 126.90
v -2072.87 -3648.32 126.90
v -2001.25 -3624.70 192.28
v -2072.87 -3648.32 126.90
v -2058.01 -3682.70 126.90
v -2001.25 -3624.70 192.28
v -2058.01 -3682.70 126.90
v -2012.24 -3724.80 126.90
v -2001.25 -3624.70 192.28
v -2012.24 -3724.80 126.90
v -1966.95 -3691.30 126.90
v -2001.25 -3624.70 192.28
v -1966.95 -3691.30 126.90
v -1932.57 -3669.93 126.90
v -2001.25 -3624.70 192.28
v -1405.74 -3890.69 180.01
v -1474.86 -3685.51 164.94
v -1661.03 -3707.32 336.64
v -1564.63 -3707.32 222.18
v -1595.25 -3664.57 222.18
v -1661.03 -3707.32 336.64
v -1595.25 -3664.57 222.18
v -1622.63 -3636.80 222.18
v -1661.03 -3707.32 336.64
v -1622.63 -3636.80 222.18
v -1673.09 -3626.87 222.18
v -1661.03 -3707.32 336.64
v -1673.09 -3626.87 222.18
v -1725.00 -3653.34 222.18
v -1661.03 -3707.32 336.64
v -1725.00 -3653.34 222.18
v -1735.56 -3685.34 222.18
v -1661.03 -3707.32 336.64
v -1735.56 -3685.34 222.18
v -1749.30 -3734.42 222.18
v -1661.03 -3707.32 336.64
v -1749.30 -3734.42 222.18
v -1712.80 -3779.15 222.18
v -1661.03 -3707.32 336.64
v -1712.80 -3779.15 222.18
v -1674.10 -3786.95 222.18
v -1661.03 -3707.32 336.64
v -1674.10 -3786.95 222.18
v -1622.13 -3773.05 222.18
v -1661.03 -3707.32 336.64
v -1622.13 -3773.05 222.18
v -1586.97 -3745.56 222.18
v -1661.03 -3707.32 336.64
v 1216.99 -3075.94 109.55
v 1216.11 -2987.96 108.25
v 1098.57 -3012.03 256.56
v 1152.72 -3012.03 169.33
v 1136.99 -2982.88 169.33
v 1098.57 -3012.03 256.56
v 1136.99 -2982.88 169.33
v 1117.25 -2966.78 169.33
v 1098.57 -3012.03 256.56
v 1117.25 -2966.78 169.33
v 1092.80 -2962.30 169.33
v 1098.57 -3012.03 256.56
v 1092.80 -2962.30 169.33
v 1063.22 -2969.57 169.33
v 1098.57 -3012.03 256.56
v 1063.22 -2969.57 169.33
v 1047.38 -2999.78 169.33
v 1098.57 -3012.03 256.56
v 1047.38 -2999.78 169.33
v 1060.49 -3027.10 169.33
v 1098.57 -3012.03 256.56
v 1060.49 -3027.10 169.33
v 1065.22 -3052.90 169.33
v 1098.57 -3012.03 256.56
v 1065.22 -3052.90 169.33
v 1092.12 -3052.51 169.33
v 1098.57 -3012.03 256.56
v 1092.12 -3052.51 169.33
v 1118.31 -3055.68 169.33
v 1098.57 -3012.03 256.56
v 1118.31 -3055.68 169.33
v 1131.79 -3039.92 169.33
v 1098.57 -3012.03 256.56
v 1131.79 -3039.92 169.33
v 1152.72 -3012.03 169.33
v 1098.57 -3012.03 256.56
v 1734.07 -3015.06 167.81
v 1668.52 -2927.57 175.19
v 1623.27 -2923.77 385.15
v 1685.64 -2923.77 254.20
v 1675.58 -2897.01 254.20
v 1623.27 -2923.77 385.15
v 1675.58 -2897.01 254.20
v 1647.81 -2869.53 254.20
v 1623.27 -2923.77 385.15
v 1647.81 -2869.53 254.20
v 1615.68 -2864.20 254.20
v 1623.27 -2923.77 385.15
v 1615.68 -2864.20 254.20
v 1584.68 -2882.47 254.20
v 1623.27 -2923.77 385.15
v 1584.68 -2882.47 254.20
v 1571.33 -2906.99 254.20
v 1623.27 -2923.77 385.15
v 1571.33 -2906.99 254.20
v 1574.91 -2940.41 254.20
v 1623.27 -2923.77 385.15
v 1574.91 -2940.41 254.20
v 1593.80 -2962.22 254.20
v 1623.27 -2923.77 385.15
v 1593.80 -2962.22 254.20
v 1616.33 -2985.61 254.20
v 1623.27 -2923.77 385.15
v 1616.33 -2985.61 254.20
v 1643.74 -2976.78 254.20
v 1623.27 -2923.77 385.15
v 1643.74 -2976.78 254.20
v 1670.19 -2947.61 254.20
v 1623.27 -2923.77 385.15
v 1331.76 -3069.84 116.81
v 1288.93 -3067.30 116.78
v 1229.91 -3026.80 220.92
v 1271.91 -3026.80 145.81
v 1269.36 -2998.80 145.81
v 1229.91 -3026.80 220.92
v 1269.36 -2998.80 145.81
v 1251.70 -2975.54 145.81
v 1229.91 -3026.80 220.92
v 1251.70 -2975.54 145.81
v 1222.39 -2975.92 145.81
v 1229.91 -3026.80 220.92
v 1222.39 -2975.92 145.81
v 1195.94 -2988.81 145.81
v 1229.91 -3026.80 220.92
v 1195.94 -2988.81 145.81
v 1175.83 -3014.09 145.81
v 1229.91 -3026.80 220.92
v 1175.83 -3014.09 145.81
v 1185.76 -3038.87 145.81
v 1229.91 -3026.80 220.92
v 1185.76 -3038.87 145.81
v 1195.51 -3067.96 145.81
v 1229.91 -3026.80 220.92
v 1195.51 -3067.96 145.81
v 1223.54 -3073.88 145.81
v 1229.91 -3026.80 220.92
v 1223.54 -3073.88 145.81
v 1251.98 -3079.76 145.81
v 1229.91 -3026.80 220.92
v 1251.98 -3079.76 145.81
v 1269.87 -3055.47 145.81
v 1229.91 -3026.80 220.92
v 1900.68 -3028.08 83.30
v 1942.76 -2882.00 99.43
v 1733.82 -2904.70 215.53
v 1819.17 -2904.70 142.25
v 1815.26 -2853.57 142.25
v 1733.82 -2904.70 215.53
v 1815.26 -2853.57 142.25
v 1770.01 -2819.08 142.25
v 1733.82 -2904.70 215.53
v 1770.01 -2819.08 142.25
v 1723.32 -2815.01 142.25
v 1733.82 -2904.70 215.53
v 1723.32 -2815.01 142.25
v 1672.39 -2845.73 142.25
v 1733.82 -2904.70 215.53
v 1672.39 -2845.73 142.25
v 1643.18 -2880.42 142.25
v 1733.82 -2904.70 215.53
v 1643.18 -2880.42 142.25
v 1643.09 -2926.60 142.25
v 1733.82 -2904.70 215.53
v 1643.09 -2926.60 142.25
v 1679.13 -2957.36 142.25
v 1733.82 -2904.70 215.53
v 1679.13 -2957.36 142.25
v 1722.26 -2974.57 142.25
v 1733.82 -2904.70 215.53
v 1722.26 -2974.57 142.25
v 1764.47 -2988.14 142.25
v 1733.82 -2904.70 215.53
v 1764.47 -2988.14 142.25
v 1791.67 -2953.38 142.25
v 1733.82 -2904.70 215.53
v 1053.87 -3230.91 141.15
v 1045.28 -3083.09 151.30
v 915.01 -3094.45 369.96
v 982.03 -3094.45 244.17
v 971.54 -3052.84 244.17
v 915.01 -3094.45 369.96
v 971.54 -3052.84 244.17
v 950.57 -3011.36 244.17
v 915.01 -3094.45 369.96
v 950.57 -3011.36 244.17
v 902.70 -3023.34 244.17
v 915.01 -3094.45 369.96
v 902.70 -3023.34 244.17
v 872.57 -3035.82 244.17
v 915.01 -3094.45 369.96
v 872.57 -3035.82 244.17
v 837.43 -3072.13 244.17
v 915.01 -3094.45 369.96
v 837.43 -3072.13 244.17
v 840.18 -3119.11 244.17
v 915.01 -3094.45 369.96
v 840.18 -3119.11 244.17
v 866.80 -3159.96 244.17
v 915.01 -3094.45 369.96
v 866.80 -3159.96 244.17
v 905.60 -3185.24 244.17
v 915.01 -3094.45 369.96
v 905.60 -3185.24 244.17
v 943.88 -3158.49 244.17
v 915.01 -3094.45 369.96
v 943.88 -3158.49 244.17
v 980.15 -3142.39 244.17
v 915.01 -3094.45 369.96

usemtl mat_snow
v 3194.54 2627.29 124.44
v 3063.98 2783.39 113.30
v 2912.16 2635.69 251.97
v 3063.98 2783.39 113.30
v 3013.11 2853.03 135.21
v 2912.16 2635.69 251.97
v 3013.11 2853.03 135.21
v 2886.84 2899.98 118.58
v 2912.16 2635.69 251.97
v 2886.84 2899.98 118.58
v 2855.10 2738.78 106.81
v 2912.16 2635.69 251.97
v 2855.10 2738.78 106.81
v 2707.99 2713.11 122.84
v 2912.16 2635.69 251.97
v 2707.99 2713.11 122.84
v 2828.24 2654.74 119.73
v 2912.16 2635.69 251.97
v 2828.24 2654.74 119.73
v 2771.91 2494.50 107.07
v 2912.16 2635.69 251.97
v 2771.91 2494.50 107.07
v 2950.46 2421.71 98.67
v 2912.16 2635.69 251.97
v 2950.46 2421.71 98.67
v 2996.64 2488.74 132.97
v 2912.16 2635.69 251.97
v 2996.64 2488.74 132.97
v 3077.61 2590.91 134.03
v 2912.16 2635.69 251.97
v 3077.61 2590.91 134.03
v 3194.54 2627.29 124.44
v 2912.16 2635.69 251.97
v 2302.38 3260.95 122.09
v 2308.53 3359.72 139.29
v 2156.36 3238.14 310.14
v 2308.53 3359.72 139.29
v 2205.32 3418.46 150.23
v 2156.36 3238.14 310.14
v 2205.32 3418.46 150.23
v 2081.41 3492.76 152.22
v 2156.36 3238.14 310.14
v 2081.41 3492.76 152.22
v 2028.95 3432.70 135.43
v 2156.36 3238.14 310.14
v 2028.95 3432.70 135.43
v 1992.26 3279.91 148.87
v 2156.36 3238.14 310.14
v 1992.26 3279.91 148.87
v 2034.88 3199.84 159.79
v 2156.36 3238.14 310.14
v 2034.88 3199.84 159.79
v 2084.04 3133.82 128.60
v 2156.36 3238.14 310.14
v 2084.04 3133.82 128.60
v 2092.98 3140.69 149.40
v 2156.36 3238.14 310.14
v 2092.98 3140.69 149.40
v 2223.72 3092.03 137.33
v 2156.36 3238.14 310.14
v 2223.72 3092.03 137.33
v 2340.42 3107.59 165.80
v 2156.36 3238.14 310.14
v 2340.42 3107.59 165.80
v 2302.38 3260.95 122.09
v 2156.36 3238.14 310.14
v 2447.07 3110.43 0.00
v 2473.58 3348.36 0.00
v 2252.24 3253.85 206.02
v 2244.46 3073.35 204.74
v 2473.58 3348.36 0.00
v 2267.01 3468.80 0.00
v 2233.40 3359.07 225.78
v 2252.24 3253.85 206.02
v 2267.01 3468.80 0.00
v 2057.47 3429.50 0.00
v 2074.48 3326.85 204.07
v 2233.40 3359.07 225.78
v 2057.47 3429.50 0.00
v 1778.23 3485.64 0.00
v 1874.50 3310.94 197.26
v 2074.48 3326.85 204.07
v 1778.23 3485.64 0.00
v 1705.11 3227.36 0.00
v 1868.32 3122.32 217.59
v 1874.50 3310.94 197.26
v 1705.11 3227.36 0.00
v 1741.09 3004.06 0.00
v 1927.25 3109.93 199.91
v 1868.32 3122.32 217.59
v 2445.82 2890.34 0.00
v 2447.07 3110.43 0.00
v 2244.46 3073.35 204.74
v 2241.97 3063.39 225.99
v 2244.46 3073.35 204.74
v 2252.24 3253.85 206.02
v 2122.13 3079.87 427.79
v 2252.24 3253.85 206.02
v 2233.40 3359.07 225.78
v 2122.13 3079.87 427.79
v 2233.40 3359.07 225.78
v 2074.48 3326.85 204.07
v 2122.13 3079.87 427.79
v 2074.48 3326.85 204.07
v 1874.50 3310.94 197.26
v 2122.13 3079.87 427.79
v 2059.83 3154.41 282.34
v 2047.94 3100.74 282.34
v 2122.13 3079.87 427.79
v 2047.94 3100.74 282.34
v 2039.02 3058.89 282.34
v 2122.13 3079.87 427.79
v 2039.02 3058.89 282.34
v 2068.35 3021.70 282.34
v 2122.13 3079.87 427.79
v 2068.35 3021.70 282.34
v 2111.21 2985.58 282.34
v 2122.13 3079.87 427.79
v 2111.21 2985.58 282.34
v 2155.03 3008.85 282.34
v 2122.13 3079.87 427.79
v 2155.03 3008.85 282.34
v 2182.13 3029.44 282.34
v 2122.13 3079.87 427.79
v 2182.13 3029.44 282.34
v 2210.43 3079.87 282.34
v 2122.13 3079.87 427.79
v -2094.74 1844.15 116.46
v -2098.07 1960.48 124.16
v -2239.98 1840.83 235.45
v -2098.07 1960.48 124.16
v -2173.01 1953.57 108.06
v -2239.98 1840.83 235.45
v -2173.01 1953.57 108.06
v -2228.23 1981.14 90.42
v -2239.98 1840.83 235.45
v -2228.23 1981.14 90.42
v -2298.44 1925.38 92.22
v -2239.98 1840.83 235.45
v -2277.20 1873.58 155.40
v -2279.27 1854.71 155.40
v -2239.98 1840.83 235.45
v -2279.27 1854.71 155.40
v -2282.39 1824.85 155.40
v -2239.98 1840.83 235.45
v -2282.39 1824.85 155.40
v -2267.48 1801.34 155.40
v -2239.98 1840.83 235.45
v -2267.48 1801.34 155.40
v -2246.15 1786.64 155.40
v -2239.98 1840.83 235.45
v -2246.15 1786.64 155.40
v -2217.48 1803.01 155.40
v -2239.98 1840.83 235.45
v -2217.48 1803.01 155.40
v -2200.33 1817.31 155.40
v -2239.98 1840.83 235.45
v -2200.33 1817.31 155.40
v -2187.87 1840.83 155.40
v -2239.98 1840.83 235.45
v -2581.19 1332.35 126.19
v -2627.37 1504.47 124.82
v -2714.16 1354.85 295.01
v -2627.37 1504.47 124.82
v -2710.91 1471.32 121.21
v -2714.16 1354.85 295.01
v -2710.91 1471.32 121.21
v -2773.43 1584.71 152.06
v -2714.16 1354.85 295.01
v -2773.43 1584.71 152.06
v -2883.30 1525.23 114.45
v -2714.16 1354.85 295.01
v -2763.89 1418.72 194.71
v -2781.91 1377.21 194.71
v -2714.16 1354.85 295.01
v -2781.91 1377.21 194.71
v -2798.26 1333.33 194.71
v -2714.16 1354.85 295.01
v -2798.26 1333.33 194.71
v -2772.46 1291.85 194.71
v -2714.16 1354.85 295.01
v -2772.46 1291.85 194.71
v -2726.14 1285.97 194.71
v -2714.16 1354.85 295.01
v -2726.14 1285.97 194.71
v -2677.87 1287.54 194.71
v -2714.16 1354.85 295.01
v -2677.87 1287.54 194.71
v -2638.16 1310.34 194.71
v -2714.16 1354.85 295.01
v -2638.16 1310.34 194.71
v -2641.33 1354.85 194.71
v -2714.16 1354.85 295.01
v -2886.83 1458.53 119.58
v -2909.81 1538.30 100.22
v -2973.84 1450.01 249.15
v -2909.81 1538.30 100.22
v -2918.46 1572.30 124.30
v -2973.84 1450.01 249.15
v -2918.46 1572.30 124.30
v -3008.70 1599.55 96.96
v -2973.84 1450.01 249.15
v -3008.70 1599.55 96.96
v -3053.13 1498.73 102.12
v -2973.84 1450.01 249.15
v -3010.29 1492.62 164.44
v -3032.61 1464.17 164.44
v -2973.84 1450.01 249.15
v -3032.61 1464.17 164.44
v -3023.57 1432.12 164.44
v -2973.84 1450.01 249.15
v -3023.57 1432.12 164.44
v -3013.36 1414.12 164.44
v -2973.84 1450.01 249.15
v -3013.36 1414.12 164.44
v -2982.03 1402.39 164.44
v -2973.84 1450.01 249.15
v -2982.03 1402.39 164.44
v -2954.24 1405.60 164.44
v -2973.84 1450.01 249.15
v -2954.24 1405.60 164.44
v -2919.19 1414.42 164.44
v -2973.84 1450.01 249.15
v -2919.19 1414.42 164.44
v -2911.84 1450.01 164.44
v -2973.84 1450.01 249.15
v -2270.20 1845.91 131.68
v -2351.25 1921.64 156.17
v -2435.59 1852.27 305.74
v -2351.25 1921.64 156.17
v -2402.01 2076.77 150.31
v -2435.59 1852.27 305.74
v -2402.01 2076.77 150.31
v -2437.41 1969.15 140.45
v -2435.59 1852.27 305.74
v -2437.41 1969.15 140.45
v -2601.90 2091.73 120.31
v -2435.59 1852.27 305.74
v -2486.20 1924.53 201.79
v -2509.76 1879.13 201.79
v -2435.59 1852.27 305.74
v -2509.76 1879.13 201.79
v -2527.22 1827.34 201.79
v -2435.59 1852.27 305.74
v -2527.22 1827.34 201.79
v -2488.54 1797.08 201.79
v -2435.59 1852.27 305.74
v -2488.54 1797.08 201.79
v -2446.62 1762.08 201.79
v -2435.59 1852.27 305.74
v -2446.62 1762.08 201.79
v -2395.73 1774.31 201.79
v -2435.59 1852.27 305.74
v -2395.73 1774.31 201.79
v -2368.60 1812.61 201.79
v -2435.59 1852.27 305.74
v -2368.60 1812.61 201.79
v -2355.79 1852.27 201.79
v -2435.59 1852.27 305.74
v -3167.09 187.92 183.90
v -3276.75 250.20 144.23
v -3443.14 178.83 353.78
v -3276.75 250.20 144.23
v -3366.84 268.12 185.54
v -3443.14 178.83 353.78
v -3366.84 268.12 185.54
v -3436.90 257.85 151.25
v -3443.14 178.83 353.78
v -3436.90 257.85 151.25
v -3573.58 281.76 160.78
v -3443.14 178.83 353.78
v -3659.25 23.74 154.18
v -3690.03 90.58 145.21
v -3856.90 -12.51 321.08
v -3690.03 90.58 145.21
v -3750.64 136.37 149.23
v -3856.90 -12.51 321.08
v -3750.64 136.37 149.23
v -3833.23 205.84 127.09
v -3856.90 -12.51 321.08
v -3833.23 205.84 127.09
v -3990.21 136.02 131.36
v -3856.90 -12.51 321.08
v -3990.21 136.02 131.36
v -4007.08 74.57 162.64
v -3856.90 -12.51 321.08
v -4007.08 74.57 162.64
v -3932.19 -42.41 153.65
v -3856.90 -12.51 321.08
v -3932.19 -42.41 153.65
v -3922.32 -115.08 145.95
v -3856.90 -12.51 321.08
v -3922.32 -115.08 145.95
v -3814.88 -165.96 161.19
v -3856.90 -12.51 321.08
v -3814.88 -165.96 161.19
v -3750.86 -119.41 134.58
v -3856.90 -12.51 321.08
v -3750.86 -119.41 134.58
v -3698.20 -78.33 127.59
v -3856.90 -12.51 321.08
v -3698.20 -78.33 127.59
v -3659.25 23.74 154.18
v -3856.90 -12.51 321.08
v -3609.00 -208.28 0.00
v -3608.26 9.89 0.00
v -3786.94 -174.40 219.98
v -3751.11 -237.92 181.27
v -3751.11 -237.92 181.27
v -3786.94 -174.40 219.98
v -3942.93 -232.31 410.06
v -3786.94 -174.40 219.98
v -3918.37 -110.92 164.85
v -3942.93 -232.31 410.06
v -3918.37 -110.92 164.85
v -3974.43 -58.08 197.46
v -3942.93 -232.31 410.06
v -3974.43 -58.08 197.46
v -4088.67 -111.49 200.86
v -3942.93 -232.31 410.06
v -4088.67 -111.49 200.86
v -4178.47 -118.42 171.42
v -3942.93 -232.31 410.06
v -4178.47 -118.42 171.42
v -4066.13 -232.16 180.29
v -3942.93 -232.31 410.06
v -4066.13 -232.16 180.29
v -4033.10 -303.09 211.80
v -3942.93 -232.31 410.06
v -4033.10 -303.09 211.80
v -3960.07 -397.07 159.82
v -3942.93 -232.31 410.06
v -3960.07 -397.07 159.82
v -3845.31 -415.98 159.39
v -3942.93 -232.31 410.06
v -3845.31 -415.98 159.39
v -3815.31 -302.98 214.16
v -3942.93 -232.31 410.06
v -3894.20 -266.14 270.64
v -3885.90 -232.31 270.64
v -3942.93 -232.31 410.06
v -1112.14 -4002.97 156.55
v -1082.95 -3891.21 171.87
v -1271.89 -3980.14 321.09
v -1082.95 -3891.21 171.87
v -1176.22 -3848.82 160.92
v -1271.89 -3980.14 321.09
v -1176.22 -3848.82 160.92
v -1306.21 -3840.55 154.88
v -1271.89 -3980.14 321.09
v -1306.21 -3840.55 154.88
v -1313.54 -3903.01 170.68
v -1271.89 -3980.14 321.09
v -1313.54 -3903.01 170.68
v -1361.28 -3941.17 150.94
v -1271.89 -3980.14 321.09
v -1361.28 -3941.17 150.94
v -1411.29 -3978.50 155.97
v -1271.89 -3980.14 321.09
v -1411.29 -3978.50 155.97
v -1344.59 -4045.79 152.25
v -1271.89 -3980.14 321.09
v -1344.59 -4045.79 152.25
v -1307.59 -4127.08 150.73
v -1271.89 -3980.14 321.09
v -1307.59 -4127.08 150.73
v -1192.60 -4082.41 123.43
v -1271.89 -3980.14 321.09
v -1192.60 -4082.41 123.43
v -1187.52 -4052.37 122.48
v -1271.89 -3980.14 321.09
v -1221.15 -4012.60 211.92
v -1212.31 -3980.14 211.92
v -1271.89 -3980.14 321.09
v -1140.81 -3988.54 159.56
v -1187.33 -3907.80 138.38
v -1324.57 -3961.36 303.83
v -1187.33 -3907.80 138.38
v -1187.52 -3765.56 158.16
v -1324.57 -3961.36 303.83
v -1187.52 -3765.56 158.16
v -1343.41 -3865.02 145.33
v -1324.57 -3961.36 303.83
v -1343.41 -3865.02 145.33
v -1420.80 -3825.91 156.89
v -1324.57 -3961.36 303.83
v -1420.80 -3825.91 156.89
v -1437.30 -3935.71 131.68
v -1324.57 -3961.36 303.83
v -1437.30 -3935.71 131.68
v -1426.03 -3975.53 122.05
v -1324.57 -3961.36 303.83
v -1426.03 -3975.53 122.05
v -1440.07 -4148.36 140.99
v -1324.57 -3961.36 303.83
v -1440.07 -4148.36 140.99
v -1307.17 -4136.31 128.22
v -1324.57 -3961.36 303.83
v -1307.17 -4136.31 128.22
v -1212.44 -4105.15 159.31
v -1324.57 -3961.36 303.83
v -1212.44 -4105.15 159.31
v -1211.58 -4060.93 162.53
v -1324.57 -3961.36 303.83
v -1271.01 -3992.42 200.53
v -1264.95 -3961.36 200.53
v -1324.57 -3961.36 303.83
v -1825.02 -3614.40 100.71
v -1816.49 -3451.41 91.46
v -2001.25 -3624.70 192.28
v -1816.49 -3451.41 91.46
v -1904.95 -3464.54 84.78
v -2001.25 -3624.70 192.28
v -1904.95 -3464.54 84.78
v -1992.64 -3321.43 93.32
v -2001.25 -3624.70 192.28
v -1992.64 -3321.43 93.32
v -2100.70 -3454.16 86.30
v -2001.25 -3624.70 192.28
v -2100.70 -3454.16 86.30
v -2204.41 -3546.33 78.49
v -2001.25 -3624.70 192.28
v -2204.41 -3546.33 78.49
v -2226.05 -3667.95 97.64
v -2001.25 -3624.70 192.28
v -2226.05 -3667.95 97.64
v -2101.21 -3744.76 94.68
v -2001.25 -3624.70 192.28
v -2101.21 -3744.76 94.68
v -1961.56 -3719.90 84.99
v -2001.25 -3624.70 192.28
v -1961.56 -3719.90 84.99
v -1901.13 -3781.09 95.90
v -2001.25 -3624.70 192.28
v -1901.13 -3781.09 95.90
v -1759.91 -3758.09 86.10
v -2001.25 -3624.70 192.28
v -1932.57 -3669.93 126.90
v -1902.83 -3624.70 126.90
v -2001.25 -3624.70 192.28
v -1474.86 -3685.51 164.94
v -1489.64 -3652.38 176.27
v -1661.03 -3707.32 336.64
v -1489.64 -3652.38 176.27
v -1512.44 -3541.10 167.22
v -1661.03 -3707.32 336.64
v -1512.44 -3541.10 167.22
v -1656.94 -3546.61 140.32
v -1661.03 -3707.32 336.64
v -1656.94 -3546.61 140.32
v -1802.89 -3561.92 163.85
v -1661.03 -3707.32 336.64
v -1802.89 -3561.92 163.85
v -1899.77 -3655.38 130.82
v -1661.03 -3707.32 336.64
v -1899.77 -3655.38 130.82
v -1753.05 -3802.44 162.13
v -1661.03 -3707.32 336.64
v -1753.05 -3802.44 162.13
v -1727.66 -3854.53 131.52
v -1661.03 -3707.32 336.64
v -1727.66 -3854.53 131.52
v -1683.79 -3935.61 156.86
v -1661.03 -3707.32 336.64
v -1683.79 -3935.61 156.86
v -1549.56 -3930.44 146.55
v -1661.03 -3707.32 336.64
v -1549.56 -3930.44 146.55
v -1405.74 -3890.69 180.01
v -1661.03 -3707.32 336.64
v -1586.97 -3745.56 222.18
v -1564.63 -3707.32 222.18
v -1661.03 -3707.32 336.64
v 1216.11 -2987.96 108.25
v 1199.97 -2931.93 136.98
v 1098.57 -3012.03 256.56
v 1199.97 -2931.93 136.98
v 1178.92 -2894.71 104.11
v 1098.57 -3012.03 256.56
v 1178.92 -2894.71 104.11
v 1105.91 -2884.94 112.56
v 1098.57 -3012.03 256.56
v 1105.91 -2884.94 112.56
v 1037.08 -2913.73 128.51
v 1098.57 -3012.03 256.56
v 1037.08 -2913.73 128.51
v 986.12 -2964.80 129.55
v 1098.57 -3012.03 256.56
v 986.12 -2964.80 129.55
v 997.58 -3074.32 102.95
v 1098.57 -3012.03 256.56
v 997.58 -3074.32 102.95
v 1013.33 -3116.71 107.69
v 1098.57 -3012.03 256.56
v 1013.33 -3116.71 107.69
v 1097.83 -3118.18 110.63
v 1098.57 -3012.03 256.56
v 1097.83 -3118.18 110.63
v 1147.96 -3051.59 130.27
v 1098.57 -3012.03 256.56
v 1147.96 -3051.59 130.27
v 1216.99 -3075.94 109.55
v 1098.57 -3012.03 256.56
v 1420.91 -2859.30 0.00
v 1387.99 -2979.74 0.00
v 1474.02 -2967.70 200.90
v 1459.25 -2887.77 199.34
v 1668.52 -2927.57 175.19
v 1676.74 -2897.74 156.35
v 1623.27 -2923.77 385.15
v 1676.74 -2897.74 156.35
v 1662.83 -2791.89 169.26
v 1623.27 -2923.77 385.15
v 1662.83 -2791.89 169.26
v 1586.92 -2778.50 183.26
v 1623.27 -2923.77 385.15
v 1586.92 -2778.50 183.26
v 1496.73 -2821.25 175.26
v 1623.27 -2923.77 385.15
v 1496.73 -2821.25 175.26
v 1459.25 -2887.77 199.34
v 1623.27 -2923.77 385.15
v 1459.25 -2887.77 199.34
v 1474.02 -2967.70 200.90
v 1623.27 -2923.77 385.15
v 1474.02 -2967.70 200.90
v 1541.68 -3020.26 199.00
v 1623.27 -2923.77 385.15
v 1541.68 -3020.26 199.00
v 1623.16 -3000.07 168.91
v 1623.27 -2923.77 385.15
v 1623.16 -3000.07 168.91
v 1659.92 -3025.04 203.12
v 1623.27 -2923.77 385.15
v 1659.92 -3025.04 203.12
v 1734.07 -3015.06 167.81
v 1623.27 -2923.77 385.15
v 1670.19 -2947.61 254.20
v 1685.64 -2923.77 254.20
v 1623.27 -2923.77 385.15
v 1288.93 -3067.30 116.78
v 1324.00 -2986.81 86.12
v 1229.91 -3026.80 220.92
v 1324.00 -2986.81 86.12
v 1282.50 -2958.84 89.65
v 1229.91 -3026.80 220.92
v 1282.50 -2958.84 89.65
v 1221.35 -2991.62 94.39
v 1229.91 -3026.80 220.92
v 1221.35 -2991.62 94.39
v 1163.54 -2971.08 96.63
v 1229.91 -3026.80 220.92
v 1163.54 -2971.08 96.63
v 1133.68 -3030.35 91.62
v 1229.91 -3026.80 220.92
v 1133.68 -3030.35 91.62
v 1169.59 -3100.99 99.77
v 1229.91 -3026.80 220.92
v 1169.59 -3100.99 99.77
v 1151.68 -3114.70 90.98
v 1229.91 -3026.80 220.92
v 1151.68 -3114.70 90.98
v 1190.07 -3125.99 87.32
v 1229.91 -3026.80 220.92
v 1190.07 -3125.99 87.32
v 1279.61 -3183.43 84.01
v 1229.91 -3026.80 220.92
v 1279.61 -3183.43 84.01
v 1331.76 -3069.84 116.81
v 1229.91 -3026.80 220.92
v 1269.87 -3055.47 145.81
v 1271.91 -3026.80 145.81
v 1229.91 -3026.80 220.92
v 1942.76 -2882.00 99.43
v 1962.11 -2801.61 85.65
v 1733.82 -2904.70 215.53
v 1962.11 -2801.61 85.65
v 1798.16 -2642.44 93.19
v 1733.82 -2904.70 215.53
v 1798.16 -2642.44 93.19
v 1729.74 -2657.54 107.18
v 1733.82 -2904.70 215.53
v 1729.74 -2657.54 107.18
v 1602.74 -2759.30 104.24
v 1733.82 -2904.70 215.53
v 1602.74 -2759.30 104.24
v 1539.35 -2836.18 100.86
v 1733.82 -2904.70 215.53
v 1539.35 -2836.18 100.86
v 1451.79 -2996.95 109.85
v 1733.82 -2904.70 215.53
v 1451.79 -2996.95 109.85
v 1629.14 -3041.19 84.41
v 1733.82 -2904.70 215.53
v 1629.14 -3041.19 84.41
v 1756.88 -3042.46 101.44
v 1733.82 -2904.70 215.53
v 1756.88 -3042.46 101.44
v 1865.57 -3108.40 85.29
v 1733.82 -2904.70 215.53
v 1865.57 -3108.40 85.29
v 1900.68 -3028.08 83.30
v 1733.82 -2904.70 215.53
v 1791.67 -2953.38 142.25
v 1819.17 -2904.70 142.25
v 1733.82 -2904.70 215.53
v 1045.28 -3083.09 151.30
v 1049.48 -3027.24 163.26
v 915.01 -3094.45 369.96
v 1049.48 -3027.24 163.26
v 1003.42 -3010.93 194.79
v 915.01 -3094.45 369.96
v 1003.42 -3010.93 194.79
v 881.03 -2896.81 169.99
v 915.01 -3094.45 369.96
v 881.03 -2896.81 169.99
v 839.68 -3042.53 157.22
v 915.01 -3094.45 369.96
v 839.68 -3042.53 157.22
v 798.79 -3059.26 188.65
v 915.01 -3094.45 369.96
v 798.79 -3059.26 188.65
v 776.10 -3214.86 179.40
v 915.01 -3094.45 369.96
v 776.10 -3214.86 179.40
v 868.17 -3183.17 195.69
v 915.01 -3094.45 369.96
v 868.17 -3183.17 195.69
v 881.77 -3281.34 187.32
v 915.01 -3094.45 369.96
v 881.77 -3281.34 187.32
v 994.24 -3236.27 192.84
v 915.01 -3094.45 369.96
v 994.24 -3236.27 192.84
v 1053.87 -3230.91 141.15
v 915.01 -3094.45 369.96
v 980.15 -3142.39 244.17
v 982.03 -3094.45 244.17
v 915.01 -3094.45 369.96
