# Castle & Palace — town LOD
mtllib town_distant.mtl

usemtl mat_rock
v 159.39 -6.00 84.00
v 161.92 8.82 84.00
v 161.92 8.82 98.00
v 159.39 -6.00 98.00
v 161.92 8.82 84.00
v 159.22 23.64 84.00
v 159.22 23.64 98.00
v 161.92 8.82 98.00
v 159.22 23.64 84.00
v 150.97 37.16 84.00
v 150.97 37.16 98.00
v 159.22 23.64 98.00
v 150.97 37.16 84.00
v 139.30 48.88 84.00
v 139.30 48.88 98.00
v 150.97 37.16 98.00
v 139.30 48.88 84.00
v 126.64 59.42 84.00
v 126.64 59.42 98.00
v 139.30 48.88 98.00
v 126.64 59.42 84.00
v 113.67 69.44 84.00
v 113.67 69.44 98.00
v 126.64 59.42 98.00
v 113.67 69.44 84.00
v 99.46 78.43 84.00
v 99.46 78.43 98.00
v 113.67 69.44 98.00
v 99.46 78.43 84.00
v 83.15 84.92 84.00
v 83.15 84.92 98.00
v 99.46 78.43 98.00
v 83.15 84.92 84.00
v 65.34 88.04 84.00
v 65.34 88.04 98.00
v 83.15 84.92 98.00
v 65.34 88.04 84.00
v 47.42 88.67 84.00
v 47.42 88.67 98.00
v 65.34 88.04 98.00
v 47.42 88.67 84.00
v 30.00 88.77 84.00
v 30.00 88.77 98.00
v 47.42 88.67 98.00
v 30.00 88.77 84.00
v 12.45 89.39 84.00
v 12.45 89.39 98.00
v 30.00 88.77 98.00
v 12.45 89.39 84.00
v -5.91 89.55 84.00
v -5.91 89.55 98.00
v 12.45 89.39 98.00
v -5.91 89.55 84.00
v -24.44 87.13 84.00
v -24.44 87.13 98.00
v -5.91 89.55 98.00
v -24.44 87.13 84.00
v -41.45 80.86 84.00
v -41.45 80.86 98.00
v -24.44 87.13 98.00
v -41.45 80.86 84.00
v -55.85 71.40 84.00
v -55.85 71.40 98.00
v -41.45 80.86 98.00
v -55.85 71.40 84.00
v -68.11 60.41 84.00
v -68.11 60.41 98.00
v -55.85 71.40 98.00
v -68.11 60.41 84.00
v -79.40 48.93 84.00
v -79.40 48.93 98.00
v -68.11 60.41 98.00
v -79.40 48.93 84.00
v -89.63 36.68 84.00
v -89.63 36.68 98.00
v -79.40 48.93 98.00
v -89.63 36.68 84.00
v -96.91 23.11 84.00
v -96.24 21.78 98.00
v -89.63 36.68 98.00
v -96.91 23.11 84.00
v -99.22 8.52 84.00
v -99.22 8.52 98.00
v -96.24 21.78 98.00
v -99.22 8.52 84.00
v -96.61 -6.00 84.00
v -96.61 -6.00 98.00
v -99.22 8.52 98.00
v -96.61 -6.00 84.00
v -91.47 -19.64 84.00
v -91.47 -19.64 98.00
v -96.61 -6.00 98.00
v -91.47 -19.64 84.00
v -86.41 -32.70 84.00
v -86.41 -32.70 98.00
v -91.47 -19.64 98.00
v -86.41 -32.70 84.00
v -81.89 -45.92 84.00
v -81.89 -45.92 98.00
v -86.41 -32.70 98.00
v -81.89 -45.92 84.00
v -76.06 -59.25 84.00
v -76.06 -59.25 98.00
v -81.89 -45.92 98.00
v -76.06 -59.25 84.00
v -66.83 -71.55 84.00
v -66.83 -71.55 98.00
v -76.06 -59.25 98.00
v -66.83 -71.55 84.00
v -53.97 -81.71 84.00
v -53.97 -81.71 98.00
v -66.83 -71.55 98.00
v -53.97 -81.71 84.00
v -38.95 -89.82 84.00
v -38.95 -89.82 98.00
v -53.97 -81.71 98.00
v -38.95 -89.82 84.00
v -23.20 -97.00 84.00
v -23.20 -97.00 98.00
v -38.95 -89.82 98.00
v -23.20 -97.00 84.00
v -6.78 -103.86 84.00
v -6.78 -103.86 98.00
v -23.20 -97.00 98.00
v -6.78 -103.86 84.00
v 10.99 -109.29 84.00
v 10.99 -109.29 98.00
v -6.78 -103.86 98.00
v 10.99 -109.29 84.00
v 30.00 -111.23 84.00
v 30.00 -111.23 98.00
v 10.99 -109.29 98.00
v 30.00 -111.23 84.00
v 48.88 -108.58 84.00
v 48.88 -108.58 98.00
v 30.00 -111.23 98.00
v 48.88 -108.58 84.00
v 66.21 -102.35 84.00
v 66.21 -102.35 98.00
v 48.88 -108.58 98.00
v 66.21 -102.35 84.00
v 81.91 -94.80 84.00
v 81.91 -94.80 98.00
v 66.21 -102.35 98.00
v 81.91 -94.80 84.00
v 96.95 -87.39 84.00
v 96.95 -87.39 98.00
v 81.91 -94.80 98.00
v 96.95 -87.39 84.00
v 111.80 -79.75 84.00
v 111.80 -79.75 98.00
v 96.95 -87.39 98.00
v 111.80 -79.75 84.00
v 125.36 -70.56 84.00
v 125.36 -70.56 98.00
v 111.80 -79.75 98.00
v 125.36 -70.56 84.00
v 135.96 -59.20 84.00
v 135.96 -59.20 98.00
v 125.36 -70.56 98.00
v 135.96 -59.20 84.00
v 143.24 -46.40 84.00
v 143.24 -46.40 98.00
v 135.96 -59.20 98.00
v 143.24 -46.40 84.00
v 148.72 -33.23 84.00
v 148.72 -33.23 98.00
v 143.24 -46.40 98.00
v 148.72 -33.23 84.00
v 154.17 -19.95 84.00
v 154.17 -19.95 98.00
v 148.72 -33.23 98.00
v 154.17 -19.95 84.00
v 159.39 -6.00 84.00
v 159.39 -6.00 98.00
v 154.17 -19.95 98.00
v 168.72 59.69 70.00
v 152.49 71.67 70.00
v 152.49 71.67 84.00
v 168.72 59.69 84.00
v 152.49 71.67 70.00
v 135.47 82.90 70.00
v 135.47 82.90 84.00
v 152.49 71.67 84.00
v 135.47 82.90 70.00
v 116.31 91.74 70.00
v 116.31 91.74 84.00
v 135.47 82.90 84.00
v 116.31 91.74 70.00
v 95.14 96.66 70.00
v 95.14 96.66 84.00
v 116.31 91.74 84.00
v 95.14 96.66 70.00
v 73.38 98.08 70.00
v 73.38 98.08 84.00
v 95.14 96.66 84.00
v 73.38 98.08 70.00
v 52.00 98.20 70.00
v 52.00 98.20 84.00
v 73.38 98.08 84.00
v 52.00 98.20 70.00
v 30.52 98.69 70.00
v 30.52 98.69 84.00
v 52.00 98.20 84.00
v 30.52 98.69 70.00
v 8.06 98.88 70.00
v 8.06 98.88 84.00
v 30.52 98.69 84.00
v 8.06 98.88 70.00
v -14.82 96.18 70.00
v -14.82 96.18 84.00
v 8.06 98.88 84.00
v -14.82 96.18 70.00
v -36.00 88.60 70.00
v -36.00 88.60 84.00
v -14.82 96.18 84.00
v -36.00 88.60 70.00
v -53.65 76.48 70.00
v -53.65 76.48 84.00
v -36.00 88.60 84.00
v -53.65 76.48 70.00
v -67.95 61.95 70.00
v -68.11 60.41 84.00
v -53.65 76.48 84.00
v -67.95 61.95 70.00
v -80.50 46.78 70.00
v -80.50 46.78 84.00
v -68.11 60.41 84.00
v -80.50 46.78 70.00
v -91.99 31.11 70.00
v -91.99 31.11 84.00
v -80.50 46.78 84.00
v -91.99 31.11 70.00
v -100.77 14.23 70.00
v -100.77 14.23 84.00
v -91.99 31.11 84.00
v -100.77 14.23 70.00
v -104.29 -3.85 70.00
v -104.29 -3.85 84.00
v -100.77 14.23 84.00
v -104.29 -3.85 70.00
v -101.86 -22.00 70.00
v -101.86 -22.00 84.00
v -104.29 -3.85 84.00
v -101.86 -22.00 70.00
v -95.82 -39.17 70.00
v -95.82 -39.17 84.00
v -101.86 -22.00 84.00
v -95.82 -39.17 70.00
v -89.46 -55.55 70.00
v -89.46 -55.55 84.00
v -95.82 -39.17 84.00
v -89.46 -55.55 70.00
v -83.96 -72.15 70.00
v -83.96 -72.15 84.00
v -89.46 -55.55 84.00
v -83.96 -72.15 70.00
v -77.45 -89.19 70.00
v -77.45 -89.19 84.00
v -83.96 -72.15 84.00
v -77.45 -89.19 70.00
v -67.07 -105.34 70.00
v -67.07 -105.34 84.00
v -77.45 -89.19 84.00
v -67.07 -105.34 70.00
v -51.83 -118.78 70.00
v -51.83 -118.78 84.00
v -67.07 -105.34 84.00
v -51.83 -118.78 70.00
v -33.21 -129.10 70.00
v -33.21 -129.10 84.00
v -51.83 -118.78 84.00
v -33.21 -129.10 70.00
v -13.30 -137.49 70.00
v -13.30 -137.49 84.00
v -33.21 -129.10 84.00
v -13.30 -137.49 70.00
v 7.24 -145.13 70.00
v 7.24 -145.13 84.00
v -13.30 -137.49 84.00
v 7.24 -145.13 70.00
v 28.97 -151.35 70.00
v 28.97 -151.35 84.00
v 7.24 -145.13 84.00
v 74.92 -150.74 70.00
v 95.96 -142.91 70.00
v 95.96 -142.91 84.00
v 74.92 -150.74 84.00
v 95.96 -142.91 70.00
v 114.79 -133.04 70.00
v 114.79 -133.04 84.00
v 95.96 -142.91 84.00
v 114.79 -133.04 70.00
v 132.68 -123.40 70.00
v 132.68 -123.40 84.00
v 114.79 -133.04 84.00
v 132.68 -123.40 70.00
v 150.67 -113.97 70.00
v 150.67 -113.97 84.00
v 132.68 -123.40 84.00
v 150.67 -113.97 70.00
v 167.85 -103.08 70.00
v 167.85 -103.08 84.00
v 150.67 -113.97 84.00
v 167.85 -103.08 70.00
v 181.97 -89.46 70.00
v 181.97 -89.46 84.00
v 167.85 -103.08 84.00
v 178.19 70.52 56.00
v 158.40 83.63 56.00
v 158.40 83.63 70.00
v 178.19 70.52 70.00
v 158.40 83.63 56.00
v 136.68 94.77 56.00
v 136.68 94.77 70.00
v 158.40 83.63 70.00
v 136.68 94.77 56.00
v 112.49 101.72 56.00
v 112.49 101.72 70.00
v 136.68 94.77 70.00
v 112.49 101.72 56.00
v 87.14 104.10 56.00
v 87.14 104.10 70.00
v 112.49 101.72 70.00
v 87.14 104.10 56.00
v 62.00 104.02 56.00
v 62.00 104.02 70.00
v 87.14 104.10 70.00
v 62.00 104.02 56.00
v 36.90 103.86 56.00
v 36.90 103.86 70.00
v 62.00 104.02 70.00
v 36.90 103.86 56.00
v 10.83 103.63 56.00
v 10.83 103.63 70.00
v 36.90 103.86 70.00
v 10.83 103.63 56.00
v -15.96 100.70 56.00
v -15.96 100.70 70.00
v 10.83 103.63 70.00
v -15.96 100.70 56.00
v -41.15 92.28 56.00
v -41.15 92.28 70.00
v -15.96 100.70 70.00
v -41.15 92.28 56.00
v -62.13 78.07 56.00
v -62.13 78.07 70.00
v -41.15 92.28 70.00
v -62.13 78.07 56.00
v -78.47 60.32 56.00
v -78.47 60.32 70.00
v -62.13 78.07 70.00
v -78.47 60.32 56.00
v -92.02 41.58 56.00
v -92.02 41.58 70.00
v -78.47 60.32 70.00
v -92.02 41.58 56.00
v -104.39 22.63 56.00
v -104.39 22.63 70.00
v -92.02 41.58 70.00
v -104.39 22.63 56.00
v -114.56 2.73 56.00
v -114.56 2.73 70.00
v -104.39 22.63 70.00
v -114.56 2.73 56.00
v -119.62 -18.48 56.00
v -119.62 -18.48 70.00
v -114.56 2.73 70.00
v -119.62 -18.48 56.00
v -117.91 -40.00 56.00
v -117.91 -40.00 70.00
v -119.62 -18.48 70.00
v -117.91 -40.00 56.00
v -111.17 -60.52 56.00
v -111.17 -60.52 70.00
v -117.91 -40.00 70.00
v -111.17 -60.52 56.00
v -103.16 -79.97 56.00
v -103.16 -79.97 70.00
v -111.17 -60.52 70.00
v -103.16 -79.97 56.00
v -96.12 -99.51 56.00
v -96.12 -99.51 70.00
v -103.16 -79.97 70.00
v -96.12 -99.51 56.00
v -88.63 -119.78 56.00
v -88.63 -119.78 70.00
v -96.12 -99.51 70.00
v -88.63 -119.78 56.00
v -77.30 -139.48 56.00
v -77.30 -139.48 70.00
v -88.63 -119.78 70.00
v -77.30 -139.48 56.00
v -60.18 -156.21 56.00
v -60.18 -156.21 70.00
v -77.30 -139.48 70.00
v 167.93 91.45 42.00
v 143.24 104.34 42.00
v 143.24 104.34 56.00
v 167.93 91.45 56.00
v 143.24 104.34 42.00
v 115.78 112.74 42.00
v 115.78 112.74 56.00
v 143.24 104.34 56.00
v 115.78 112.74 42.00
v 86.81 115.73 42.00
v 86.81 115.73 56.00
v 115.78 112.74 56.00
v 86.81 115.73 42.00
v 58.00 115.35 42.00
v 58.00 115.35 56.00
v 86.81 115.73 56.00
v 58.00 115.35 42.00
v 29.39 114.53 42.00
v 29.39 114.53 56.00
v 58.00 115.35 56.00
v 29.39 114.53 42.00
v -0.18 113.85 42.00
v -0.18 113.85 56.00
v 29.39 114.53 56.00
v -0.18 113.85 42.00
v -30.72 110.65 42.00
v -30.72 110.65 56.00
v -0.18 113.85 56.00
v -30.72 110.65 42.00
v -59.80 101.58 42.00
v -59.80 101.58 56.00
v -30.72 110.65 56.00
v -59.80 101.58 42.00
v -84.24 85.74 42.00
v -84.24 85.74 56.00
v -59.80 101.58 56.00
v -84.24 85.74 42.00
v -103.08 65.42 42.00
v -103.08 65.42 56.00
v -84.24 85.74 56.00
v -103.08 65.42 42.00
v -118.24 43.66 42.00
v -118.24 43.66 56.00
v -103.08 65.42 56.00
v -118.24 43.66 42.00
v -131.90 21.71 42.00
v -131.90 21.71 56.00
v -118.24 43.66 56.00
v -131.90 21.71 42.00
v -143.47 -1.08 42.00
v -143.47 -1.08 56.00
v -131.90 21.71 56.00
v -143.47 -1.08 42.00
v -149.77 -25.30 42.00
v -149.77 -25.30 56.00
v -143.47 -1.08 56.00
v -149.77 -25.30 42.00
v -148.41 -50.00 42.00
v -148.41 -50.00 56.00
v -149.77 -25.30 56.00
v -148.41 -50.00 42.00
v -140.74 -73.63 42.00
v -140.74 -73.63 56.00
v -148.41 -50.00 56.00
v -140.74 -73.63 42.00
v -130.97 -95.88 42.00
v -130.97 -95.88 56.00
v -140.74 -73.63 56.00
v -130.97 -95.88 42.00
v -122.14 -118.03 42.00
v -122.14 -118.03 56.00
v -130.97 -95.88 56.00
v -122.14 -118.03 42.00
v -113.28 -141.02 42.00
v -113.28 -141.02 56.00
v -122.14 -118.03 56.00
v 170.17 109.83 30.00
v 142.14 124.34 30.00
v 142.14 124.34 42.00
v 170.17 109.83 42.00
v 142.14 124.34 30.00
v 111.08 133.66 30.00
v 111.08 133.66 42.00
v 142.14 124.34 42.00
v 111.08 133.66 30.00
v 78.40 136.73 30.00
v 78.40 136.73 42.00
v 111.08 133.66 42.00
v 78.40 136.73 30.00
v 46.00 135.88 30.00
v 46.00 135.88 42.00
v 78.40 136.73 42.00
v 46.00 135.88 30.00
v 13.98 134.55 30.00
v 13.98 134.55 42.00
v 46.00 135.88 42.00
v 13.98 134.55 30.00
v -19.06 133.59 30.00
v -19.06 133.59 42.00
v 13.98 134.55 42.00
v -19.06 133.59 30.00
v -53.28 130.09 30.00
v -53.28 130.09 42.00
v -19.06 133.59 42.00
v -53.28 130.09 30.00
v -86.06 120.12 30.00
v -86.06 120.12 42.00
v -53.28 130.09 42.00
v -86.06 120.12 30.00
v -113.85 102.52 30.00
v -113.85 102.52 42.00
v -86.06 120.12 42.00
v -113.85 102.52 30.00
v -135.43 79.68 30.00
v -135.43 79.68 42.00
v -113.85 102.52 42.00
v -135.43 79.68 30.00
v -152.83 55.03 30.00
v -152.83 55.03 42.00
v -135.43 79.68 42.00
v -152.83 55.03 30.00
v -168.46 30.03 30.00
v -168.46 30.03 42.00
v -152.83 55.03 42.00
v -178.30 -79.01 30.00
v -166.70 -104.31 30.00
v -166.70 -104.31 42.00
v -178.30 -79.01 42.00
v -166.70 -104.31 30.00
v -156.14 -129.32 30.00
v -156.14 -129.32 42.00
v -166.70 -104.31 42.00
v -156.14 -129.32 30.00
v -145.79 -155.24 30.00
v -145.79 -155.24 42.00
v -156.14 -129.32 42.00
v 164.91 132.27 22.00
v 134.21 147.78 22.00
v 134.21 147.78 30.00
v 164.91 132.27 30.00
v 134.21 147.78 22.00
v 100.22 157.09 22.00
v 100.22 157.09 30.00
v 134.21 147.78 30.00
v 100.22 157.09 22.00
v 64.80 159.53 22.00
v 64.80 159.53 30.00
v 100.22 157.09 30.00
v 64.80 159.53 22.00
v 30.00 158.08 22.00
v 30.00 158.08 30.00
v 64.80 159.53 30.00
v 30.00 158.08 22.00
v -4.30 156.56 22.00
v -4.30 156.56 30.00
v 30.00 158.08 30.00
v -4.30 156.56 22.00
v -39.71 155.62 22.00
v -39.71 155.62 30.00
v -4.30 156.56 30.00
v -39.71 155.62 22.00
v -76.37 151.80 22.00
v -76.37 151.80 30.00
v -39.71 155.62 30.00
v -76.37 151.80 22.00
v -111.44 140.90 22.00
v -111.44 140.90 30.00
v -76.37 151.80 30.00
v -111.44 140.90 22.00
v -141.28 121.86 22.00
v -141.28 121.86 30.00
v -111.44 140.90 30.00
v -141.28 121.86 22.00
v -164.92 97.43 22.00
v -164.92 97.43 30.00
v -141.28 121.86 30.00
v -164.92 97.43 22.00
v -184.59 71.11 22.00
v -184.59 71.11 30.00
v -164.92 97.43 30.00
v 281.56 -46.00 30.00
v 286.77 -14.65 30.00
v 284.35 17.42 30.00
v 270.83 47.40 30.00
v 247.89 72.92 30.00
v 220.67 94.30 30.00
v 193.02 113.76 30.00
v 164.91 132.27 30.00
v 134.21 147.78 30.00
v 100.22 157.09 30.00
v 64.80 159.53 30.00
v 30.00 158.08 30.00
v -4.30 156.56 30.00
v -39.71 155.62 30.00
v -76.37 151.80 30.00
v -111.44 140.90 30.00
v -141.28 121.86 30.00
v -164.92 97.43 30.00
v -184.59 71.11 30.00
v -202.47 44.16 30.00
v -217.28 15.66 30.00
v -224.86 -14.88 30.00
v -222.44 -46.00 30.00
v -212.10 -75.56 30.00
v -199.24 -103.16 30.00
v -187.63 -130.40 30.00
v -176.10 -158.48 30.00
v -160.23 -185.98 30.00
v -137.03 -209.70 30.00
v -107.57 -227.79 30.00
v -75.16 -241.55 30.00
v -41.77 -253.57 30.00
v -6.93 -264.11 30.00
v 30.00 -269.92 30.00
v 67.43 -267.08 30.00
v 102.28 -255.05 30.00
v 133.00 -237.52 30.00
v 161.04 -219.16 30.00
v 188.77 -201.60 30.00
v 215.98 -182.85 30.00
v 239.41 -160.28 30.00
v 257.25 -132.81 30.00
v 266.30 -104.92 30.00
v 274.35 -79.50 30.00
v 281.00 -38.00 22.00
v 286.83 -5.20 22.00
v 284.22 28.33 22.00
v 269.98 59.60 22.00
v 246.36 86.37 22.00
v 218.69 109.19 22.00
v 190.49 130.22 22.00
v 161.28 149.96 22.00
v 128.91 165.88 22.00
v 93.09 174.81 22.00
v 56.09 176.61 22.00
v 20.00 174.88 22.00
v -15.57 173.53 22.00
v -52.38 172.74 22.00
v -90.35 168.58 22.00
v -126.44 156.81 22.00
v -157.16 136.80 22.00
v -181.97 111.62 22.00
v -203.28 84.68 22.00
v -222.87 56.83 22.00
v -238.71 26.95 22.00
v -246.22 -5.28 22.00
v -243.00 -38.00 22.00
v -231.84 -68.96 22.00
v -218.55 -97.89 22.00
v -206.66 -126.50 22.00
v -194.46 -155.83 22.00
v -177.33 -184.19 22.00
v -152.66 -208.36 22.00
v -122.01 -226.93 22.00
v -88.77 -241.63 22.00
v -54.54 -255.04 22.00
v -18.48 -266.83 22.00
v 20.00 -273.12 22.00
v 59.00 -269.91 22.00
v 95.25 -257.11 22.00
v 127.33 -238.93 22.00
v 156.86 -220.07 22.00
v 188.77 -201.60 22.00
v 214.05 -181.76 22.00
v 237.54 -157.53 22.00
v 253.78 -129.28 22.00
v 264.07 -99.27 22.00
v 272.45 -69.03 22.00
v 156.18 62.65 73.59
v 147.90 80.27 73.59
v 158.76 85.37 73.59
v 167.04 67.75 73.59
v 167.04 67.75 84.00
v 158.76 85.37 84.00
v 147.90 80.27 84.00
v 156.18 62.65 84.00
v 167.04 67.75 73.59
v 158.76 85.37 73.59
v 158.76 85.37 84.00
v 167.04 67.75 84.00
v 158.76 85.37 73.59
v 147.90 80.27 73.59
v 147.90 80.27 84.00
v 158.76 85.37 84.00
v 147.90 80.27 73.59
v 156.18 62.65 73.59
v 156.18 62.65 84.00
v 147.90 80.27 84.00
v 156.18 62.65 73.59
v 167.04 67.75 73.59
v 167.04 67.75 84.00
v 156.18 62.65 84.00
v 121.19 87.17 78.16
v 113.00 97.54 78.16
v 122.43 104.98 78.16
v 130.61 94.60 78.16
v 130.61 94.60 84.00
v 122.43 104.98 84.00
v 113.00 97.54 84.00
v 121.19 87.17 84.00
v 130.61 94.60 78.16
v 122.43 104.98 78.16
v 122.43 104.98 84.00
v 130.61 94.60 84.00
v 122.43 104.98 78.16
v 113.00 97.54 78.16
v 113.00 97.54 84.00
v 122.43 104.98 84.00
v 113.00 97.54 78.16
v 121.19 87.17 78.16
v 121.19 87.17 84.00
v 113.00 97.54 84.00
v 121.19 87.17 78.16
v 130.61 94.60 78.16
v 130.61 94.60 84.00
v 121.19 87.17 84.00
v 80.05 89.83 72.18
v 62.00 104.02 70.00
v 70.76 111.76 72.18
v 87.23 99.44 72.18
v 87.23 99.44 84.00
v 70.76 111.76 84.00
v 63.57 102.15 84.00
v 80.05 89.83 84.00
v 87.23 99.44 72.18
v 70.76 111.76 72.18
v 70.76 111.76 84.00
v 87.23 99.44 84.00
v 70.76 111.76 72.18
v 62.00 104.02 70.00
v 63.57 102.15 84.00
v 70.76 111.76 84.00
v 62.00 104.02 70.00
v 80.05 89.83 72.18
v 80.05 89.83 84.00
v 63.57 102.15 84.00
v 80.05 89.83 72.18
v 87.23 99.44 72.18
v 87.23 99.44 84.00
v 80.05 89.83 84.00
v 36.61 94.11 76.93
v 22.90 98.35 76.93
v 26.44 109.81 76.93
v 40.16 105.58 76.93
v 40.16 105.58 84.00
v 26.44 109.81 84.00
v 22.90 98.35 84.00
v 36.61 94.11 84.00
v 40.16 105.58 76.93
v 26.44 109.81 76.93
v 26.44 109.81 84.00
v 40.16 105.58 84.00
v 26.44 109.81 76.93
v 22.90 98.35 76.93
v 22.90 98.35 84.00
v 26.44 109.81 84.00
v 22.90 98.35 76.93
v 36.61 94.11 76.93
v 36.61 94.11 84.00
v 22.90 98.35 84.00
v 36.61 94.11 76.93
v 40.16 105.58 76.93
v 40.16 105.58 84.00
v 36.61 94.11 84.00
v -3.99 94.25 75.22
v -24.57 91.08 75.22
v -26.40 102.94 75.22
v -5.82 106.11 75.22
v -5.82 106.11 84.00
v -26.40 102.94 84.00
v -24.57 91.08 84.00
v -3.99 94.25 84.00
v -5.82 106.11 75.22
v -26.40 102.94 75.22
v -26.40 102.94 84.00
v -5.82 106.11 84.00
v -26.40 102.94 75.22
v -24.57 91.08 75.22
v -24.57 91.08 84.00
v -26.40 102.94 84.00
v -24.57 91.08 75.22
v -3.99 94.25 75.22
v -3.99 94.25 84.00
v -24.57 91.08 84.00
v -3.99 94.25 75.22
v -5.82 106.11 75.22
v -5.82 106.11 84.00
v -3.99 94.25 84.00
v -47.00 78.23 76.85
v -57.56 70.83 76.85
v -64.45 80.65 76.85
v -53.89 88.06 76.85
v -53.89 88.06 84.00
v -64.45 80.65 84.00
v -55.85 71.40 84.00
v -47.00 78.23 84.00
v -53.89 88.06 76.85
v -64.45 80.65 76.85
v -64.45 80.65 84.00
v -53.89 88.06 84.00
v -64.45 80.65 76.85
v -57.56 70.83 76.85
v -55.85 71.40 84.00
v -64.45 80.65 84.00
v -57.56 70.83 76.85
v -47.00 78.23 76.85
v -47.00 78.23 84.00
v -55.85 71.40 84.00
v -47.00 78.23 76.85
v -53.89 88.06 76.85
v -53.89 88.06 84.00
v -47.00 78.23 84.00
v -71.38 54.96 75.77
v -83.09 34.80 75.77
v -93.47 40.83 75.77
v -81.76 60.99 75.77
v -81.76 60.99 84.00
v -93.47 40.83 84.00
v -83.09 34.80 84.00
v -71.38 54.96 84.00
v -81.76 60.99 75.77
v -93.47 40.83 75.77
v -93.47 40.83 84.00
v -81.76 60.99 84.00
v -93.47 40.83 75.77
v -83.09 34.80 75.77
v -83.09 34.80 84.00
v -93.47 40.83 84.00
v -83.09 34.80 75.77
v -71.38 54.96 75.77
v -71.38 54.96 84.00
v -83.09 34.80 84.00
v -71.38 54.96 75.77
v -81.76 60.99 75.77
v -81.76 60.99 84.00
v -71.38 54.96 84.00
v -99.15 22.63 74.41
v -101.54 5.71 74.41
v -113.42 7.39 74.41
v -111.03 24.31 74.41
v -111.03 24.31 84.00
v -113.42 7.39 84.00
v -101.54 5.71 84.00
v -96.91 23.11 84.00
v -111.03 24.31 74.41
v -113.42 7.39 74.41
v -113.42 7.39 84.00
v -111.03 24.31 84.00
v -113.42 7.39 74.41
v -101.54 5.71 74.41
v -101.54 5.71 84.00
v -113.42 7.39 84.00
v -101.54 5.71 74.41
v -99.15 22.63 74.41
v -96.91 23.11 84.00
v -101.54 5.71 84.00
v -99.15 22.63 74.41
v -111.03 24.31 74.41
v -111.03 24.31 84.00
v -96.91 23.11 84.00
v -104.94 -13.44 75.41
v -101.13 -31.07 75.41
v -112.86 -33.60 75.41
v -116.67 -15.97 75.41
v -116.67 -15.97 84.00
v -112.86 -33.60 84.00
v -101.13 -31.07 84.00
v -104.94 -13.44 84.00
v -116.67 -15.97 75.41
v -112.86 -33.60 75.41
v -112.86 -33.60 84.00
v -116.67 -15.97 84.00
v -112.86 -33.60 75.41
v -101.13 -31.07 75.41
v -101.13 -31.07 84.00
v -112.86 -33.60 84.00
v -101.13 -31.07 75.41
v -104.94 -13.44 75.41
v -104.94 -13.44 84.00
v -101.13 -31.07 84.00
v -104.94 -13.44 75.41
v -116.67 -15.97 75.41
v -116.67 -15.97 84.00
v -104.94 -13.44 84.00
v -92.56 -46.77 73.89
v -82.97 -62.22 73.89
v -93.17 -68.55 73.89
v -102.76 -53.10 73.89
v -102.76 -53.10 84.00
v -93.17 -68.55 84.00
v -82.97 -62.22 84.00
v -92.56 -46.77 84.00
v -102.76 -53.10 73.89
v -93.17 -68.55 73.89
v -93.17 -68.55 84.00
v -102.76 -53.10 84.00
v -93.17 -68.55 73.89
v -82.97 -62.22 73.89
v -82.97 -62.22 84.00
v -93.17 -68.55 84.00
v -82.97 -62.22 73.89
v -92.56 -46.77 73.89
v -92.56 -46.77 84.00
v -82.97 -62.22 84.00
v -92.56 -46.77 73.89
v -102.76 -53.10 73.89
v -102.76 -53.10 84.00
v -92.56 -46.77 84.00
v -83.90 -86.90 76.40
v -74.28 -95.25 76.40
v -82.14 -104.32 76.40
v -91.77 -95.96 76.40
v -91.77 -95.96 84.00
v -82.14 -104.32 84.00
v -74.28 -95.25 84.00
v -83.90 -86.90 84.00
v -91.77 -95.96 76.40
v -82.14 -104.32 76.40
v -82.14 -104.32 84.00
v -91.77 -95.96 84.00
v -82.14 -104.32 76.40
v -74.28 -95.25 76.40
v -74.28 -95.25 84.00
v -82.14 -104.32 84.00
v -74.28 -95.25 76.40
v -83.90 -86.90 76.40
v -83.90 -86.90 84.00
v -74.28 -95.25 84.00
v -83.90 -86.90 76.40
v -91.77 -95.96 76.40
v -91.77 -95.96 84.00
v -83.90 -86.90 84.00
v -62.00 -115.69 71.65
v -42.64 -124.13 71.65
v -47.44 -135.13 71.65
v -66.80 -126.68 71.65
v -66.80 -126.68 84.00
v -47.44 -135.13 84.00
v -42.64 -124.13 84.00
v -62.00 -115.69 84.00
v -66.80 -126.68 71.65
v -47.44 -135.13 71.65
v -47.44 -135.13 84.00
v -66.80 -126.68 84.00
v -47.44 -135.13 71.65
v -42.64 -124.13 71.65
v -42.64 -124.13 84.00
v -47.44 -135.13 84.00
v -42.64 -124.13 71.65
v -62.00 -115.69 71.65
v -62.00 -115.69 84.00
v -42.64 -124.13 84.00
v -62.00 -115.69 71.65
v -66.80 -126.68 71.65
v -66.80 -126.68 84.00
v -62.00 -115.69 84.00
v -24.73 -138.30 77.69
v -2.23 -140.48 77.69
v -3.39 -152.43 77.69
v -25.89 -150.25 77.69
v -25.89 -150.25 84.00
v -3.39 -152.43 84.00
v -2.23 -140.48 84.00
v -24.73 -138.30 84.00
v -3.39 -152.43 77.69
v -2.23 -140.48 77.69
v -2.23 -140.48 84.00
v -3.39 -152.43 84.00
v -2.23 -140.48 77.69
v -24.73 -138.30 77.69
v -24.73 -138.30 84.00
v -2.23 -140.48 84.00
v -24.73 -138.30 77.69
v -25.89 -150.25 77.69
v -25.89 -150.25 84.00
v -24.73 -138.30 84.00
v 111.80 -141.74 74.48
v 123.82 -131.36 74.48
v 131.66 -140.45 74.48
v 119.64 -150.82 74.48
v 119.64 -150.82 84.00
v 131.66 -140.45 84.00
v 123.82 -131.36 84.00
v 111.80 -141.74 84.00
v 119.64 -150.82 74.48
v 131.66 -140.45 74.48
v 131.66 -140.45 84.00
v 119.64 -150.82 84.00
v 131.66 -140.45 74.48
v 123.82 -131.36 74.48
v 123.82 -131.36 84.00
v 131.66 -140.45 84.00
v 123.82 -131.36 74.48
v 111.80 -141.74 74.48
v 111.80 -141.74 84.00
v 123.82 -131.36 84.00
v 111.80 -141.74 74.48
v 119.64 -150.82 74.48
v 119.64 -150.82 84.00
v 111.80 -141.74 84.00
v 145.85 -124.58 73.22
v 159.57 -106.45 73.22
v 169.14 -113.69 73.22
v 155.42 -131.82 73.22
v 155.42 -131.82 84.00
v 169.14 -113.69 84.00
v 159.57 -106.45 84.00
v 145.85 -124.58 84.00
v 155.42 -131.82 73.22
v 169.14 -113.69 73.22
v 169.14 -113.69 84.00
v 155.42 -131.82 84.00
v 169.14 -113.69 73.22
v 159.57 -106.45 73.22
v 159.57 -106.45 84.00
v 169.14 -113.69 84.00
v 159.57 -106.45 73.22
v 145.85 -124.58 73.22
v 145.85 -124.58 84.00
v 159.57 -106.45 84.00
v 145.85 -124.58 73.22
v 155.42 -131.82 73.22
v 155.42 -131.82 84.00
v 145.85 -124.58 84.00
v 144.09 91.56 59.89
v 136.27 102.83 59.89
v 146.13 109.67 59.89
v 153.95 98.39 59.89
v 153.95 98.39 70.00
v 146.13 109.67 70.00
v 136.27 102.83 70.00
v 144.09 91.56 70.00
v 153.95 98.39 59.89
v 146.13 109.67 59.89
v 146.13 109.67 70.00
v 153.95 98.39 70.00
v 146.13 109.67 59.89
v 136.27 102.83 59.89
v 136.27 102.83 70.00
v 146.13 109.67 70.00
v 136.27 102.83 59.89
v 144.09 91.56 59.89
v 144.09 91.56 70.00
v 136.27 102.83 70.00
v 144.09 91.56 59.89
v 153.95 98.39 59.89
v 153.95 98.39 70.00
v 144.09 91.56 70.00
v 97.00 99.16 59.26
v 80.54 112.94 59.26
v 88.24 122.14 59.26
v 104.70 108.36 59.26
v 104.70 108.36 70.00
v 88.24 122.14 70.00
v 80.54 112.94 70.00
v 95.14 96.66 70.00
v 104.70 108.36 59.26
v 88.24 122.14 59.26
v 88.24 122.14 70.00
v 104.70 108.36 70.00
v 88.24 122.14 59.26
v 80.54 112.94 59.26
v 80.54 112.94 70.00
v 88.24 122.14 70.00
v 80.54 112.94 59.26
v 97.00 99.16 59.26
v 95.14 96.66 70.00
v 80.54 112.94 70.00
v 97.00 99.16 59.26
v 104.70 108.36 59.26
v 104.70 108.36 70.00
v 95.14 96.66 70.00
v 48.29 99.58 60.15
v 25.37 107.73 60.15
v 29.39 119.04 60.15
v 52.31 110.89 60.15
v 52.31 110.89 70.00
v 29.39 119.04 70.00
v 25.37 107.73 70.00
v 48.29 99.58 70.00
v 52.31 110.89 60.15
v 29.39 119.04 60.15
v 29.39 119.04 70.00
v 52.31 110.89 70.00
v 29.39 119.04 60.15
v 25.37 107.73 60.15
v 25.37 107.73 70.00
v 29.39 119.04 70.00
v 25.37 107.73 60.15
v 48.29 99.58 60.15
v 48.29 99.58 70.00
v 25.37 107.73 70.00
v 48.29 99.58 60.15
v 52.31 110.89 60.15
v 52.31 110.89 70.00
v 48.29 99.58 70.00
v -7.10 102.25 59.35
v -24.87 99.43 59.35
v -26.75 111.28 59.35
v -8.97 114.10 59.35
v -8.97 114.10 70.00
v -26.75 111.28 70.00
v -24.87 99.43 70.00
v -7.10 102.25 70.00
v -8.97 114.10 59.35
v -26.75 111.28 59.35
v -26.75 111.28 70.00
v -8.97 114.10 70.00
v -26.75 111.28 59.35
v -24.87 99.43 59.35
v -24.87 99.43 70.00
v -26.75 111.28 70.00
v -24.87 99.43 59.35
v -7.10 102.25 59.35
v -7.10 102.25 70.00
v -24.87 99.43 70.00
v -7.10 102.25 59.35
v -8.97 114.10 59.35
v -8.97 114.10 70.00
v -7.10 102.25 70.00
v -52.88 80.57 58.23
v -66.64 69.61 58.23
v -74.12 79.00 58.23
v -60.35 89.96 58.23
v -60.35 89.96 70.00
v -74.12 79.00 70.00
v -66.64 69.61 70.00
v -52.88 80.57 70.00
v -60.35 89.96 58.23
v -74.12 79.00 58.23
v -74.12 79.00 70.00
v -60.35 89.96 70.00
v -74.12 79.00 58.23
v -66.64 69.61 58.23
v -66.64 69.61 70.00
v -74.12 79.00 70.00
v -66.64 69.61 58.23
v -52.88 80.57 58.23
v -52.88 80.57 70.00
v -66.64 69.61 70.00
v -52.88 80.57 58.23
v -60.35 89.96 58.23
v -60.35 89.96 70.00
v -52.88 80.57 70.00
v -85.51 52.66 63.24
v -96.03 29.37 63.24
v -106.97 34.31 63.24
v -96.44 57.60 63.24
v -96.44 57.60 70.00
v -106.97 34.31 70.00
v -96.03 29.37 70.00
v -85.51 52.66 70.00
v -96.44 57.60 63.24
v -106.97 34.31 63.24
v -106.97 34.31 70.00
v -96.44 57.60 70.00
v -106.97 34.31 63.24
v -96.03 29.37 63.24
v -96.03 29.37 70.00
v -106.97 34.31 70.00
v -96.03 29.37 63.24
v -85.51 52.66 63.24
v -85.51 52.66 70.00
v -96.03 29.37 70.00
v -85.51 52.66 63.24
v -96.44 57.60 63.24
v -96.44 57.60 70.00
v -85.51 52.66 70.00
v -110.97 9.67 63.75
v -111.31 -4.37 63.75
v -123.30 -4.09 63.75
v -122.97 9.95 63.75
v -122.97 9.95 70.00
v -123.30 -4.09 70.00
v -111.31 -4.37 70.00
v -113.42 7.39 74.41
v -122.97 9.95 63.75
v -123.30 -4.09 63.75
v -123.30 -4.09 70.00
v -122.97 9.95 70.00
v -123.30 -4.09 63.75
v -111.31 -4.37 63.75
v -111.31 -4.37 70.00
v -123.30 -4.09 70.00
v -111.31 -4.37 63.75
v -110.97 9.67 63.75
v -113.42 7.39 74.41
v -111.31 -4.37 70.00
v -110.97 9.67 63.75
v -122.97 9.95 63.75
v -122.97 9.95 70.00
v -113.42 7.39 74.41
v -122.72 -30.18 63.00
v -115.75 -50.72 63.00
v -127.11 -54.57 63.00
v -134.08 -34.03 63.00
v -134.08 -34.03 70.00
v -127.11 -54.57 70.00
v -115.75 -50.72 70.00
v -122.72 -30.18 70.00
v -134.08 -34.03 63.00
v -127.11 -54.57 63.00
v -127.11 -54.57 70.00
v -134.08 -34.03 70.00
v -127.11 -54.57 63.00
v -115.75 -50.72 63.00
v -115.75 -50.72 70.00
v -127.11 -54.57 70.00
v -115.75 -50.72 63.00
v -122.72 -30.18 63.00
v -122.72 -30.18 70.00
v -115.75 -50.72 70.00
v -122.72 -30.18 63.00
v -134.08 -34.03 63.00
v -134.08 -34.03 70.00
v -122.72 -30.18 70.00
v -111.60 -71.46 58.68
v -97.03 -90.26 58.68
v -106.51 -97.61 58.68
v -121.08 -78.81 58.68
v -121.08 -78.81 70.00
v -106.51 -97.61 70.00
v -97.03 -90.26 70.00
v -111.60 -71.46 70.00
v -121.08 -78.81 58.68
v -106.51 -97.61 58.68
v -106.51 -97.61 70.00
v -121.08 -78.81 70.00
v -106.51 -97.61 58.68
v -97.03 -90.26 58.68
v -97.03 -90.26 70.00
v -106.51 -97.61 70.00
v -97.03 -90.26 58.68
v -111.60 -71.46 58.68
v -111.60 -71.46 70.00
v -97.03 -90.26 70.00
v -111.60 -71.46 58.68
v -121.08 -78.81 58.68
v -121.08 -78.81 70.00
v -111.60 -71.46 70.00
v -94.14 -112.75 64.39
v -80.29 -122.99 64.39
v -87.43 -132.64 64.39
v -101.28 -122.39 64.39
v -101.28 -122.39 70.00
v -87.43 -132.64 70.00
v -80.29 -122.99 70.00
v -94.14 -112.75 70.00
v -101.28 -122.39 64.39
v -87.43 -132.64 64.39
v -87.43 -132.64 70.00
v -101.28 -122.39 70.00
v -87.43 -132.64 64.39
v -80.29 -122.99 64.39
v -80.29 -122.99 70.00
v -87.43 -132.64 70.00
v -80.29 -122.99 64.39
v -94.14 -112.75 64.39
v -94.14 -112.75 70.00
v -80.29 -122.99 70.00
v -94.14 -112.75 64.39
v -101.28 -122.39 64.39
v -101.28 -122.39 70.00
v -94.14 -112.75 70.00
v 152.84 96.74 43.78
v 138.95 115.81 43.78
v 148.65 122.88 43.78
v 162.54 103.81 43.78
v 162.54 103.81 56.00
v 148.65 122.88 56.00
v 138.95 115.81 56.00
v 153.95 98.39 59.89
v 162.54 103.81 43.78
v 148.65 122.88 43.78
v 148.65 122.88 56.00
v 162.54 103.81 56.00
v 148.65 122.88 43.78
v 138.95 115.81 43.78
v 138.95 115.81 56.00
v 148.65 122.88 56.00
v 138.95 115.81 43.78
v 152.84 96.74 43.78
v 153.95 98.39 59.89
v 138.95 115.81 56.00
v 152.84 96.74 43.78
v 162.54 103.81 43.78
v 162.54 103.81 56.00
v 153.95 98.39 59.89
v 93.61 114.50 43.84
v 83.74 121.91 43.84
v 90.94 131.51 43.84
v 100.81 124.10 43.84
v 100.81 124.10 56.00
v 90.94 131.51 56.00
v 83.74 121.91 56.00
v 93.61 114.50 56.00
v 100.81 124.10 43.84
v 90.94 131.51 43.84
v 90.94 131.51 56.00
v 100.81 124.10 56.00
v 90.94 131.51 43.84
v 83.74 121.91 43.84
v 83.74 121.91 56.00
v 90.94 131.51 56.00
v 83.74 121.91 43.84
v 93.61 114.50 43.84
v 93.61 114.50 56.00
v 83.74 121.91 56.00
v 93.61 114.50 43.84
v 100.81 124.10 43.84
v 100.81 124.10 56.00
v 93.61 114.50 56.00
v 36.28 115.42 45.17
v 23.78 118.63 45.17
v 26.76 130.25 45.17
v 39.27 127.05 45.17
v 39.27 127.05 56.00
v 26.76 130.25 56.00
v 23.78 118.63 56.00
v 36.28 115.42 56.00
v 39.27 127.05 45.17
v 26.76 130.25 45.17
v 26.76 130.25 56.00
v 39.27 127.05 56.00
v 26.76 130.25 45.17
v 23.78 118.63 45.17
v 23.78 118.63 56.00
v 26.76 130.25 56.00
v 23.78 118.63 45.17
v 36.28 115.42 45.17
v 36.28 115.42 56.00
v 23.78 118.63 56.00
v 36.28 115.42 45.17
v 39.27 127.05 45.17
v 39.27 127.05 56.00
v 36.28 115.42 56.00
v -20.18 115.58 45.51
v -42.30 109.44 45.51
v -45.51 121.00 45.51
v -23.39 127.14 45.51
v -23.39 127.14 56.00
v -45.51 121.00 56.00
v -42.30 109.44 56.00
v -20.18 115.58 56.00
v -23.39 127.14 45.51
v -45.51 121.00 45.51
v -45.51 121.00 56.00
v -23.39 127.14 56.00
v -45.51 121.00 45.51
v -42.30 109.44 45.51
v -42.30 109.44 56.00
v -45.51 121.00 56.00
v -42.30 109.44 45.51
v -20.18 115.58 45.51
v -20.18 115.58 56.00
v -42.30 109.44 56.00
v -20.18 115.58 45.51
v -23.39 127.14 45.51
v -23.39 127.14 56.00
v -20.18 115.58 56.00
v -78.71 95.16 45.57
v -93.76 80.38 45.57
v -102.17 88.94 45.57
v -87.12 103.72 45.57
v -87.12 103.72 56.00
v -102.17 88.94 56.00
v -93.76 80.38 56.00
v -78.71 95.16 56.00
v -87.12 103.72 45.57
v -102.17 88.94 45.57
v -102.17 88.94 56.00
v -87.12 103.72 56.00
v -102.17 88.94 45.57
v -93.76 80.38 45.57
v -93.76 80.38 56.00
v -102.17 88.94 56.00
v -93.76 80.38 45.57
v -78.71 95.16 45.57
v -78.71 95.16 56.00
v -93.76 80.38 56.00
v -78.71 95.16 45.57
v -87.12 103.72 45.57
v -87.12 103.72 56.00
v -78.71 95.16 56.00
v -111.63 54.04 45.83
v -119.96 31.47 45.83
v -131.22 35.63 45.83
v -122.88 58.20 45.83
v -122.88 58.20 56.00
v -131.22 35.63 56.00
v -119.96 31.47 56.00
v -111.63 54.04 56.00
v -122.88 58.20 45.83
v -131.22 35.63 45.83
v -131.22 35.63 56.00
v -122.88 58.20 56.00
v -131.22 35.63 45.83
v -119.96 31.47 45.83
v -119.96 31.47 56.00
v -131.22 35.63 56.00
v -119.96 31.47 45.83
v -111.63 54.04 45.83
v -111.63 54.04 56.00
v -119.96 31.47 56.00
v -111.63 54.04 45.83
v -122.88 58.20 45.83
v -122.88 58.20 56.00
v -111.63 54.04 56.00
v -141.22 10.68 48.61
v -141.04 -12.81 48.61
v -153.04 -12.90 48.61
v -153.22 10.59 48.61
v -153.22 10.59 56.00
v -153.04 -12.90 56.00
v -141.04 -12.81 56.00
v -141.22 10.68 56.00
v -153.22 10.59 48.61
v -153.04 -12.90 48.61
v -153.04 -12.90 56.00
v -153.22 10.59 56.00
v -153.04 -12.90 48.61
v -141.04 -12.81 48.61
v -141.04 -12.81 56.00
v -153.04 -12.90 56.00
v -141.04 -12.81 48.61
v -141.22 10.68 48.61
v -141.22 10.68 56.00
v -141.04 -12.81 56.00
v -141.22 10.68 48.61
v -153.22 10.59 48.61
v -153.22 10.59 56.00
v -141.22 10.68 56.00
v -156.72 -39.90 43.01
v -148.92 -63.07 43.01
v -160.29 -66.90 43.01
v -168.10 -43.73 43.01
v -168.10 -43.73 56.00
v -160.29 -66.90 56.00
v -148.92 -63.07 56.00
v -156.72 -39.90 56.00
v -168.10 -43.73 43.01
v -160.29 -66.90 43.01
v -160.29 -66.90 56.00
v -168.10 -43.73 56.00
v -160.29 -66.90 43.01
v -148.92 -63.07 43.01
v -148.92 -63.07 56.00
v -160.29 -66.90 56.00
v -148.92 -63.07 43.01
v -156.72 -39.90 43.01
v -156.72 -39.90 56.00
v -148.92 -63.07 56.00
v -156.72 -39.90 43.01
v -168.10 -43.73 43.01
v -168.10 -43.73 56.00
v -156.72 -39.90 56.00
v -140.78 -90.21 45.87
v -128.53 -106.95 45.87
v -138.21 -114.04 45.87
v -150.47 -97.30 45.87
v -150.47 -97.30 56.00
v -138.21 -114.04 56.00
v -128.53 -106.95 56.00
v -140.78 -90.21 56.00
v -150.47 -97.30 45.87
v -138.21 -114.04 45.87
v -138.21 -114.04 56.00
v -150.47 -97.30 56.00
v -138.21 -114.04 45.87
v -128.53 -106.95 45.87
v -128.53 -106.95 56.00
v -138.21 -114.04 56.00
v -128.53 -106.95 45.87
v -140.78 -90.21 45.87
v -140.78 -90.21 56.00
v -128.53 -106.95 56.00
v -140.78 -90.21 45.87
v -150.47 -97.30 45.87
v -150.47 -97.30 56.00
v -140.78 -90.21 56.00
v -122.68 -136.16 47.64
v -106.50 -149.15 47.64
v -114.02 -158.51 47.64
v -130.19 -145.51 47.64
v -130.19 -145.51 56.00
v -114.02 -158.51 56.00
v -106.50 -149.15 56.00
v -122.68 -136.16 56.00
v -106.50 -149.15 47.64
v -122.68 -136.16 47.64
v -122.68 -136.16 56.00
v -106.50 -149.15 56.00
v -122.68 -136.16 47.64
v -130.19 -145.51 47.64
v -130.19 -145.51 56.00
v -122.68 -136.16 56.00
v 148.27 121.30 31.87
v 139.95 130.82 31.87
v 148.98 138.72 31.87
v 157.31 129.20 31.87
v 157.31 129.20 42.00
v 148.98 138.72 42.00
v 139.95 130.82 42.00
v 148.65 122.88 43.78
v 157.31 129.20 31.87
v 148.98 138.72 31.87
v 148.98 138.72 42.00
v 157.31 129.20 42.00
v 148.98 138.72 31.87
v 139.95 130.82 31.87
v 139.95 130.82 42.00
v 148.98 138.72 42.00
v 139.95 130.82 31.87
v 148.27 121.30 31.87
v 148.65 122.88 43.78
v 139.95 130.82 42.00
v 148.27 121.30 31.87
v 157.31 129.20 31.87
v 157.31 129.20 42.00
v 148.65 122.88 43.78
v 86.28 129.91 29.16
v 68.53 140.09 29.16
v 74.50 150.50 29.16
v 92.25 140.32 29.16
v 92.25 140.32 42.00
v 74.50 150.50 42.00
v 68.53 140.09 42.00
v 86.28 129.91 42.00
v 92.25 140.32 29.16
v 74.50 150.50 29.16
v 74.50 150.50 42.00
v 92.25 140.32 42.00
v 74.50 150.50 29.16
v 68.53 140.09 29.16
v 68.53 140.09 42.00
v 74.50 150.50 42.00
v 68.53 140.09 29.16
v 86.28 129.91 29.16
v 86.28 129.91 42.00
v 68.53 140.09 42.00
v 86.28 129.91 29.16
v 92.25 140.32 29.16
v 92.25 140.32 42.00
v 86.28 129.91 42.00
v 25.15 134.91 30.44
v 3.12 137.20 30.44
v 4.36 149.13 30.44
v 26.39 146.84 30.44
v 26.39 146.84 42.00
v 4.36 149.13 42.00
v 3.12 137.20 42.00
v 25.15 134.91 42.00
v 26.39 146.84 30.44
v 4.36 149.13 30.44
v 4.36 149.13 42.00
v 26.39 146.84 42.00
v 4.36 149.13 30.44
v 3.12 137.20 30.44
v 3.12 137.20 42.00
v 4.36 149.13 42.00
v 3.12 137.20 30.44
v 25.15 134.91 30.44
v 25.15 134.91 42.00
v 3.12 137.20 42.00
v 25.15 134.91 30.44
v 26.39 146.84 30.44
v 26.39 146.84 42.00
v 25.15 134.91 42.00
v -44.30 136.74 31.03
v -64.34 128.53 31.03
v -68.89 139.63 31.03
v -48.85 147.84 31.03
v -48.85 147.84 42.00
v -68.89 139.63 42.00
v -64.34 128.53 42.00
v -44.30 136.74 42.00
v -48.85 147.84 31.03
v -68.89 139.63 31.03
v -68.89 139.63 42.00
v -48.85 147.84 42.00
v -68.89 139.63 31.03
v -64.34 128.53 31.03
v -64.34 128.53 42.00
v -68.89 139.63 42.00
v -64.34 128.53 31.03
v -44.30 136.74 31.03
v -44.30 136.74 42.00
v -64.34 128.53 42.00
v -44.30 136.74 31.03
v -48.85 147.84 31.03
v -48.85 147.84 42.00
v -44.30 136.74 42.00
v -105.93 109.36 36.22
v -119.82 93.93 36.22
v -128.74 101.96 36.22
v -114.85 117.39 36.22
v -114.85 117.39 42.00
v -128.74 101.96 42.00
v -119.82 93.93 42.00
v -105.93 109.36 42.00
v -114.85 117.39 36.22
v -128.74 101.96 36.22
v -128.74 101.96 42.00
v -114.85 117.39 42.00
v -128.74 101.96 36.22
v -119.82 93.93 36.22
v -119.82 93.93 42.00
v -128.74 101.96 42.00
v -119.82 93.93 36.22
v -105.93 109.36 36.22
v -105.93 109.36 42.00
v -119.82 93.93 42.00
v -105.93 109.36 36.22
v -114.85 117.39 36.22
v -114.85 117.39 42.00
v -105.93 109.36 42.00
v -153.73 66.46 35.79
v -160.81 46.79 35.79
v -172.10 50.86 35.79
v -165.02 70.53 35.79
v -165.02 70.53 42.00
v -172.10 50.86 42.00
v -160.81 46.79 42.00
v -153.73 66.46 42.00
v -165.02 70.53 35.79
v -172.10 50.86 35.79
v -172.10 50.86 42.00
v -165.02 70.53 42.00
v -172.10 50.86 35.79
v -160.81 46.79 35.79
v -160.81 46.79 42.00
v -172.10 50.86 42.00
v -160.81 46.79 35.79
v -153.73 66.46 35.79
v -153.73 66.46 42.00
v -160.81 46.79 42.00
v -153.73 66.46 35.79
v -165.02 70.53 35.79
v -165.02 70.53 42.00
v -153.73 66.46 42.00
v -171.28 -96.65 29.88
v -161.81 -111.78 29.88
v -171.99 -118.15 29.88
v -181.46 -103.02 29.88
v -181.46 -103.02 42.00
v -171.99 -118.15 42.00
v -161.81 -111.78 42.00
v -171.28 -96.65 42.00
v -171.99 -118.15 29.88
v -161.81 -111.78 29.88
v -161.81 -111.78 42.00
v -171.99 -118.15 42.00
v -161.81 -111.78 29.88
v -171.28 -96.65 29.88
v -171.28 -96.65 42.00
v -161.81 -111.78 42.00
v 153.24 157.41 30.00
v 141.97 167.64 30.00
v 133.90 158.76 30.00
v 145.17 148.52 30.00
v 153.24 157.41 17.33
v 141.97 167.64 17.33
v 141.97 167.64 30.00
v 153.24 157.41 30.00
v 141.97 167.64 17.33
v 133.90 158.76 17.33
v 133.90 158.76 30.00
v 141.97 167.64 30.00
v 133.90 158.76 17.33
v 145.17 148.52 17.33
v 145.17 148.52 30.00
v 133.90 158.76 30.00
v 145.17 148.52 17.33
v 153.24 157.41 17.33
v 153.24 157.41 30.00
v 145.17 148.52 30.00
v 72.60 154.49 18.25
v 55.69 161.36 18.25
v 60.21 172.48 18.25
v 77.12 165.61 18.25
v 77.12 165.61 30.00
v 60.21 172.48 30.00
v 55.69 161.36 30.00
v 72.60 154.49 30.00
v 77.12 165.61 18.25
v 60.21 172.48 18.25
v 60.21 172.48 30.00
v 77.12 165.61 30.00
v 60.21 172.48 18.25
v 55.69 161.36 18.25
v 55.69 161.36 30.00
v 60.21 172.48 30.00
v 55.69 161.36 18.25
v 72.60 154.49 18.25
v 72.60 154.49 30.00
v 55.69 161.36 30.00
v 72.60 154.49 18.25
v 77.12 165.61 18.25
v 77.12 165.61 30.00
v 72.60 154.49 30.00
v 2.73 161.10 21.24
v -11.56 160.71 21.24
v -11.89 172.70 21.24
v 2.40 173.10 21.24
v 2.40 173.10 30.00
v -11.89 172.70 30.00
v -11.56 160.71 30.00
v 2.73 161.10 30.00
v 2.40 173.10 21.24
v -11.89 172.70 21.24
v -11.89 172.70 30.00
v 2.40 173.10 30.00
v -11.89 172.70 21.24
v -11.56 160.71 21.24
v -11.56 160.71 30.00
v -11.89 172.70 30.00
v -11.56 160.71 21.24
v 2.73 161.10 21.24
v 2.73 161.10 30.00
v -11.56 160.71 30.00
v 2.73 161.10 21.24
v 2.40 173.10 21.24
v 2.40 173.10 30.00
v 2.73 161.10 30.00
v -65.49 155.92 19.07
v -86.17 145.52 19.07
v -91.56 156.24 19.07
v -70.88 166.64 19.07
v -70.88 166.64 30.00
v -91.56 156.24 30.00
v -86.17 145.52 30.00
v -65.49 155.92 30.00
v -70.88 166.64 19.07
v -91.56 156.24 19.07
v -91.56 156.24 30.00
v -70.88 166.64 30.00
v -91.56 156.24 19.07
v -86.17 145.52 19.07
v -86.17 145.52 30.00
v -91.56 156.24 30.00
v -86.17 145.52 19.07
v -65.49 155.92 19.07
v -65.49 155.92 30.00
v -86.17 145.52 30.00
v -65.49 155.92 19.07
v -70.88 166.64 19.07
v -70.88 166.64 30.00
v -65.49 155.92 30.00
v -142.73 131.33 22.77
v -150.86 121.91 22.77
v -159.95 129.74 22.77
v -151.82 139.17 22.77
v -151.82 139.17 30.00
v -159.95 129.74 30.00
v -150.86 121.91 30.00
v -142.73 131.33 30.00
v -151.82 139.17 22.77
v -159.95 129.74 22.77
v -159.95 129.74 30.00
v -151.82 139.17 30.00
v -159.95 129.74 22.77
v -150.86 121.91 22.77
v -150.86 121.91 30.00
v -159.95 129.74 30.00
v -150.86 121.91 22.77
v -142.73 131.33 22.77
v -142.73 131.33 30.00
v -150.86 121.91 30.00
v -142.73 131.33 22.77
v -151.82 139.17 22.77
v -151.82 139.17 30.00
v -142.73 131.33 30.00

usemtl mat_cobble
v 159.39 -6.00 98.00
v 161.92 8.82 98.00
v 159.22 23.64 98.00
v 150.97 37.16 98.00
v 139.30 48.88 98.00
v 126.64 59.42 98.00
v 113.67 69.44 98.00
v 99.46 78.43 98.00
v 83.15 84.92 98.00
v 65.34 88.04 98.00
v 47.42 88.67 98.00
v 30.00 88.77 98.00
v 12.45 89.39 98.00
v -5.91 89.55 98.00
v -24.44 87.13 98.00
v -41.45 80.86 98.00
v -55.85 71.40 98.00
v -68.11 60.41 98.00
v -79.40 48.93 98.00
v -89.63 36.68 98.00
v -96.24 21.78 98.00
v -99.22 8.52 98.00
v -96.61 -6.00 98.00
v -91.47 -19.64 98.00
v -86.41 -32.70 98.00
v -81.89 -45.92 98.00
v -76.06 -59.25 98.00
v -66.83 -71.55 98.00
v -53.97 -81.71 98.00
v -38.95 -89.82 98.00
v -23.20 -97.00 98.00
v -6.78 -103.86 98.00
v 10.99 -109.29 98.00
v 30.00 -111.23 98.00
v 48.88 -108.58 98.00
v 66.21 -102.35 98.00
v 81.91 -94.80 98.00
v 96.95 -87.39 98.00
v 111.80 -79.75 98.00
v 125.36 -70.56 98.00
v 135.96 -59.20 98.00
v 143.24 -46.40 98.00
v 148.72 -33.23 98.00
v 154.17 -19.95 98.00
v 210.14 -22.00 84.00
v 213.00 -3.30 84.00
v 209.91 15.45 84.00
v 199.84 32.53 84.00
v 185.02 47.05 84.00
v 168.72 59.69 84.00
v 152.49 71.67 84.00
v 135.47 82.90 84.00
v 116.31 91.74 84.00
v 95.14 96.66 84.00
v 73.38 98.08 84.00
v 52.00 98.20 84.00
v 30.52 98.69 84.00
v 8.06 98.88 84.00
v -14.82 96.18 84.00
v -36.00 88.60 84.00
v -53.65 76.48 84.00
v -68.11 60.41 84.00
v -80.50 46.78 84.00
v -91.99 31.11 84.00
v -100.77 14.23 84.00
v -104.29 -3.85 84.00
v -101.86 -22.00 84.00
v -95.82 -39.17 84.00
v -89.46 -55.55 84.00
v -83.96 -72.15 84.00
v -77.45 -89.19 84.00
v -67.07 -105.34 84.00
v -51.83 -118.78 84.00
v -33.21 -129.10 84.00
v -13.30 -137.49 84.00
v 7.24 -145.13 84.00
v 28.97 -151.35 84.00
v 52.00 -153.80 84.00
v 74.92 -150.74 84.00
v 95.96 -142.91 84.00
v 114.79 -133.04 84.00
v 132.68 -123.40 84.00
v 150.67 -113.97 84.00
v 167.85 -103.08 84.00
v 181.97 -89.46 84.00
v 191.81 -73.57 84.00
v 198.59 -56.77 84.00
v 204.54 -39.71 84.00
v 246.09 -40.00 70.00
v 249.13 -17.82 70.00
v 246.09 4.55 70.00
v 234.99 25.11 70.00
v 217.59 42.41 70.00
v 197.79 56.98 70.00
v 178.19 70.52 70.00
v 158.40 83.63 70.00
v 136.68 94.77 70.00
v 112.49 101.72 70.00
v 87.14 104.10 70.00
v 62.00 104.02 70.00
v 36.90 103.86 70.00
v 10.83 103.63 70.00
v -15.96 100.70 70.00
v -41.15 92.28 70.00
v -62.13 78.07 70.00
v -78.47 60.32 70.00
v -92.02 41.58 70.00
v -104.39 22.63 70.00
v -114.56 2.73 70.00
v -119.62 -18.48 70.00
v -117.91 -40.00 70.00
v -111.17 -60.52 70.00
v -103.16 -79.97 70.00
v -96.12 -99.51 70.00
v -88.63 -119.78 70.00
v -77.30 -139.48 70.00
v -60.18 -156.21 70.00
v -38.39 -168.75 70.00
v -14.54 -178.12 70.00
v 9.94 -186.13 70.00
v 35.34 -192.84 70.00
v 62.00 -195.98 70.00
v 88.71 -193.09 70.00
v 113.38 -184.22 70.00
v 135.25 -172.19 70.00
v 155.65 -160.09 70.00
v 176.24 -148.66 70.00
v 196.62 -136.14 70.00
v 214.19 -120.61 70.00
v 226.72 -102.00 70.00
v 234.70 -81.79 70.00
v 240.67 -61.17 70.00
v 267.59 -50.00 56.00
v 271.02 -24.67 56.00
v 268.18 1.03 56.00
v 256.27 24.88 56.00
v 236.68 44.96 56.00
v 213.72 61.58 56.00
v 190.78 76.72 56.00
v 167.93 91.45 56.00
v 143.24 104.34 56.00
v 115.78 112.74 56.00
v 86.81 115.73 56.00
v 58.00 115.35 56.00
v 29.39 114.53 56.00
v -0.18 113.85 56.00
v -30.72 110.65 56.00
v -59.80 101.58 56.00
v -84.24 85.74 56.00
v -103.08 65.42 56.00
v -118.24 43.66 56.00
v -131.90 21.71 56.00
v -143.47 -1.08 56.00
v -149.77 -25.30 56.00
v -148.41 -50.00 56.00
v -140.74 -73.63 56.00
v -130.97 -95.88 56.00
v -122.14 -118.03 56.00
v -113.28 -141.02 56.00
v -100.67 -163.69 56.00
v -81.64 -183.26 56.00
v -56.97 -197.94 56.00
v -29.57 -208.57 56.00
v -1.42 -217.33 56.00
v 27.61 -224.77 56.00
v 58.00 -228.65 56.00
v 88.60 -225.97 56.00
v 117.02 -216.22 56.00
v 142.09 -202.26 56.00
v 165.11 -187.82 56.00
v 188.18 -174.24 56.00
v 211.31 -159.85 56.00
v 231.72 -142.32 56.00
v 246.50 -121.19 56.00
v 255.67 -98.00 56.00
v 261.99 -74.25 56.00
v 280.71 -52.00 42.00
v 284.93 -23.23 42.00
v 282.34 6.13 42.00
v 269.57 33.52 42.00
v 247.92 56.69 42.00
v 222.15 75.85 42.00
v 196.15 93.14 42.00
v 170.17 109.83 42.00
v 142.14 124.34 42.00
v 111.08 133.66 42.00
v 78.40 136.73 42.00
v 46.00 135.88 42.00
v 13.98 134.55 42.00
v -19.06 133.59 42.00
v -53.28 130.09 42.00
v -86.06 120.12 42.00
v -113.85 102.52 42.00
v -135.43 79.68 42.00
v -152.83 55.03 42.00
v -168.46 30.03 42.00
v -181.68 4.00 42.00
v -188.89 -23.71 42.00
v -187.29 -52.00 42.00
v -178.30 -79.01 42.00
v -166.70 -104.31 42.00
v -156.14 -129.32 42.00
v -145.79 -155.24 42.00
v -131.54 -180.86 42.00
v -110.33 -203.11 42.00
v -82.85 -219.94 42.00
v -52.27 -232.24 42.00
v -20.77 -242.46 42.00
v 11.79 -251.28 42.00
v 46.00 -256.12 42.00
v 80.58 -253.46 42.00
v 112.79 -242.53 42.00
v 141.14 -226.49 42.00
v 166.96 -209.65 42.00
v 192.62 -193.73 42.00
v 218.26 -177.03 42.00
v 240.88 -156.90 42.00
v 257.25 -132.81 42.00
v 267.36 -106.44 42.00
v 274.35 -79.50 42.00

usemtl mat_granite
v 190.49 130.22 22.00
v 161.28 149.96 22.00
v 158.88 146.76 22.00
v 187.64 127.41 22.00
v 161.28 149.96 37.00
v 190.49 130.22 37.00
v 187.64 127.41 37.00
v 158.88 146.76 37.00
v 187.64 127.41 22.00
v 158.88 146.76 22.00
v 158.88 146.76 37.00
v 187.64 127.41 37.00
v 161.28 149.96 22.00
v 128.91 165.88 22.00
v 127.02 162.35 22.00
v 158.88 146.76 22.00
v 128.91 165.88 37.00
v 161.28 149.96 37.00
v 158.88 146.76 37.00
v 127.02 162.35 37.00
v 158.88 146.76 22.00
v 127.02 162.35 22.00
v 127.02 162.35 37.00
v 158.88 146.76 37.00
v 128.91 165.88 22.00
v 93.09 174.81 22.00
v 127.02 162.35 22.00
v 93.09 174.81 37.00
v 128.91 165.88 37.00
v 127.02 162.35 37.00
v 127.02 162.35 22.00
v 93.09 174.81 22.00
v 93.09 174.81 37.00
v 127.02 162.35 37.00
v 93.09 174.81 22.00
v 56.09 176.61 22.00
v 55.43 172.67 22.00
v 56.09 176.61 37.00
v 93.09 174.81 37.00
v 55.43 172.67 37.00
v 93.09 174.81 22.00
v 55.43 172.67 22.00
v 55.43 172.67 37.00
v 93.09 174.81 37.00
v 56.09 176.61 22.00
v 20.00 174.88 22.00
v 55.43 172.67 22.00
v 20.00 174.88 37.00
v 56.09 176.61 37.00
v 55.43 172.67 37.00
v 55.43 172.67 22.00
v 20.00 174.88 22.00
v 20.00 174.88 37.00
v 55.43 172.67 37.00
v 20.00 174.88 22.00
v -15.57 173.53 22.00
v -14.91 169.59 22.00
v -15.57 173.53 37.00
v 20.00 174.88 37.00
v -14.91 169.59 37.00
v 20.00 174.88 22.00
v -14.91 169.59 22.00
v -14.91 169.59 37.00
v 20.00 174.88 37.00
v -15.57 173.53 22.00
v -52.38 172.74 22.00
v -51.08 168.96 22.00
v -14.91 169.59 22.00
v -52.38 172.74 37.00
v -15.57 173.53 37.00
v -14.91 169.59 37.00
v -51.08 168.96 37.00
v -14.91 169.59 22.00
v -51.08 168.96 22.00
v -51.08 168.96 37.00
v -14.91 169.59 37.00
v -52.38 172.74 22.00
v -90.35 168.58 22.00
v -88.46 165.05 22.00
v -51.08 168.96 22.00
v -90.35 168.58 37.00
v -52.38 172.74 37.00
v -51.08 168.96 37.00
v -88.46 165.05 37.00
v -51.08 168.96 22.00
v -88.46 165.05 22.00
v -88.46 165.05 37.00
v -51.08 168.96 37.00
v -90.35 168.58 22.00
v -126.44 156.81 22.00
v -124.03 153.61 22.00
v -88.46 165.05 22.00
v -126.44 156.81 37.00
v -90.35 168.58 37.00
v -88.46 165.05 37.00
v -124.03 153.61 37.00
v -88.46 165.05 22.00
v -124.03 153.61 22.00
v -124.03 153.61 37.00
v -88.46 165.05 37.00
v -126.44 156.81 22.00
v -157.16 136.80 22.00
v -154.31 133.99 22.00
v -124.03 153.61 22.00
v -157.16 136.80 37.00
v -126.44 156.81 37.00
v -124.03 153.61 37.00
v -154.31 133.99 37.00
v -124.03 153.61 22.00
v -154.31 133.99 22.00
v -154.31 133.99 37.00
v -124.03 153.61 37.00
v -157.16 136.80 22.00
v -181.97 111.62 22.00
v -178.75 109.24 22.00
v -154.31 133.99 22.00
v -181.97 111.62 37.00
v -157.16 136.80 37.00
v -154.31 133.99 37.00
v -178.75 109.24 37.00
v -154.31 133.99 22.00
v -178.75 109.24 22.00
v -178.75 109.24 37.00
v -154.31 133.99 37.00
v 127.02 162.35 37.00
v 128.91 165.88 37.00
v 131.06 166.32 37.00
v 131.06 166.32 37.00
v 128.91 165.88 37.00
v 127.02 162.35 37.00
v 55.43 172.67 37.00
v 54.65 178.28 37.00
v 56.09 176.61 37.00
v 56.09 176.61 37.00
v 54.65 178.28 37.00
v 55.43 172.67 37.00
v -13.66 172.44 37.00
v -15.57 173.53 37.00
v -14.13 175.20 37.00
v -14.13 175.20 37.00
v -15.57 173.53 37.00
v -13.66 172.44 37.00
v -88.46 165.05 37.00
v -90.35 168.58 37.00
v -89.51 170.62 37.00
v -89.51 170.62 37.00
v -90.35 168.58 37.00
v -88.46 165.05 37.00
v -154.97 137.03 37.00
v -157.36 134.61 37.00
v -157.16 136.80 37.00
v -157.16 136.80 37.00
v -157.36 134.61 37.00
v -154.97 137.03 37.00
v 63.79 176.61 16.00
v 62.76 180.46 16.00
v 62.76 180.46 46.00
v 63.79 176.61 46.00
v 62.76 180.46 16.00
v 59.94 183.28 16.00
v 59.94 183.28 46.00
v 62.76 180.46 46.00
v 59.94 183.28 16.00
v 52.24 183.28 16.00
v 52.24 183.28 46.00
v 59.94 183.28 46.00
v 52.24 183.28 16.00
v 49.42 180.46 16.00
v 49.42 180.46 46.00
v 52.24 183.28 46.00
v 49.42 180.46 16.00
v 48.39 176.61 16.00
v 48.39 176.61 46.00
v 49.42 180.46 46.00
v 48.39 176.61 16.00
v 49.42 172.76 16.00
v 49.42 172.76 46.00
v 48.39 176.61 46.00
v 49.42 172.76 16.00
v 52.24 169.94 16.00
v 52.24 169.94 46.00
v 49.42 172.76 46.00
v 52.24 169.94 16.00
v 56.09 168.91 16.00
v 56.09 168.91 46.00
v 52.24 169.94 46.00
v 56.09 168.91 16.00
v 60.21 172.48 18.25
v 62.76 172.76 46.00
v 56.09 168.91 46.00
v 60.21 172.48 18.25
v 63.79 176.61 16.00
v 63.79 176.61 46.00
v 62.76 172.76 46.00
v 63.79 176.61 46.00
v 62.76 180.46 46.00
v 59.94 183.28 46.00
v 52.24 183.28 46.00
v 49.42 180.46 46.00
v 48.39 176.61 46.00
v 49.42 172.76 46.00
v 52.24 169.94 46.00
v 56.09 168.91 46.00
v 62.76 172.76 46.00
v 50.06 178.69 42.40
v 48.71 179.34 42.40
v 49.36 180.69 42.40
v 53.62 184.08 42.40
v 53.62 184.08 42.40
v 49.36 180.69 42.40
v 48.71 179.34 42.40
v 50.06 178.69 42.40
v 55.41 170.27 42.40
v 55.08 168.81 42.40
v 53.62 169.14 42.40
v 50.06 174.54 42.40
v 50.06 174.54 42.40
v 53.62 169.14 42.40
v 55.08 168.81 42.40
v 55.41 170.27 42.40
v 62.42 175.86 42.40
v 62.82 180.69 42.40
v 62.76 180.46 46.00
v 63.79 176.61 46.00
v 62.82 180.69 42.40
v 59.45 182.03 42.40
v 59.94 183.28 46.00
v 62.76 180.46 46.00
v 59.45 182.03 42.40
v 53.62 184.08 42.40
v 52.24 183.28 46.00
v 59.94 183.28 46.00
v 53.62 184.08 42.40
v 49.36 180.69 42.40
v 49.42 180.46 46.00
v 52.24 183.28 46.00
v 49.36 180.69 42.40
v 48.71 179.34 42.40
v 48.39 176.61 46.00
v 49.42 180.46 46.00
v 48.71 179.34 42.40
v 48.71 173.89 42.40
v 49.42 172.76 46.00
v 48.39 176.61 46.00
v 48.71 173.89 42.40
v 53.62 169.14 42.40
v 52.24 169.94 46.00
v 49.42 172.76 46.00
v 53.62 169.14 42.40
v 55.08 168.81 42.40
v 56.09 168.91 46.00
v 52.24 169.94 46.00
v 55.08 168.81 42.40
v 61.37 169.99 44.00
v 61.37 169.99 46.40
v 56.09 168.91 46.00
v 61.37 169.99 44.00
v 60.39 170.02 42.40
v 62.76 172.76 46.00
v 61.37 169.99 46.40
v 60.39 170.02 42.40
v 62.42 175.86 42.40
v 63.79 176.61 46.00
v 62.76 172.76 46.00
v 66.10 176.61 48.00
v 62.76 180.46 46.00
v 56.09 176.61 62.24
v 62.76 180.46 46.00
v 61.10 185.28 48.00
v 56.09 176.61 62.24
v 61.10 185.28 48.00
v 56.09 186.62 48.00
v 56.09 176.61 62.24
v 56.09 186.62 48.00
v 51.09 185.28 48.00
v 56.09 176.61 62.24
v 51.09 185.28 48.00
v 49.42 180.46 46.00
v 56.09 176.61 62.24
v 49.42 180.46 46.00
v 48.39 176.61 46.00
v 56.09 176.61 62.24
v 48.39 176.61 46.00
v 49.42 172.76 46.00
v 56.09 176.61 62.24
v 49.42 172.76 46.00
v 52.24 169.94 46.00
v 56.09 176.61 62.24
v 52.24 169.94 46.00
v 56.09 168.91 46.00
v 56.09 176.61 62.24
v 56.09 168.91 46.00
v 61.37 169.99 46.40
v 56.09 176.61 62.24
v 61.37 169.99 46.40
v 62.76 172.76 46.00
v 56.09 176.61 62.24
v 62.76 172.76 46.00
v 66.10 176.61 48.00
v 56.09 176.61 62.24
v -119.94 156.81 16.00
v -120.81 160.06 16.00
v -120.81 160.06 46.00
v -119.94 156.81 46.00
v -120.81 160.06 16.00
v -126.44 163.31 16.00
v -126.44 163.31 46.00
v -120.81 160.06 46.00
v -126.44 163.31 16.00
v -132.06 160.06 16.00
v -132.06 160.06 46.00
v -126.44 163.31 46.00
v -132.06 160.06 16.00
v -132.94 156.81 16.00
v -132.94 156.81 46.00
v -132.06 160.06 46.00
v -132.94 156.81 16.00
v -132.06 153.56 16.00
v -132.06 153.56 46.00
v -132.94 156.81 46.00
v -132.06 153.56 16.00
v -129.69 151.18 16.00
v -129.69 151.18 46.00
v -132.06 153.56 46.00
v -129.69 151.18 16.00
v -123.19 151.18 16.00
v -123.19 151.18 46.00
v -129.69 151.18 46.00
v -123.19 151.18 16.00
v -119.94 156.81 16.00
v -119.94 156.81 46.00
v -123.19 151.18 46.00
v -119.94 156.81 46.00
v -120.81 160.06 46.00
v -126.44 163.31 46.00
v -132.06 160.06 46.00
v -132.94 156.81 46.00
v -132.06 153.56 46.00
v -129.69 151.18 46.00
v -123.19 151.18 46.00
v -119.71 156.06 42.40
v -120.70 160.41 42.40
v -120.81 160.06 46.00
v -119.94 156.81 46.00
v -120.70 160.41 42.40
v -125.67 163.54 42.40
v -126.44 163.31 46.00
v -120.81 160.06 46.00
v -125.67 163.54 42.40
v -130.05 162.54 42.40
v -132.06 160.06 46.00
v -126.44 163.31 46.00
v -130.05 162.54 42.40
v -130.82 159.76 42.40
v -132.94 156.81 46.00
v -132.06 160.06 46.00
v -130.82 159.76 42.40
v -132.82 154.57 42.40
v -132.06 153.56 46.00
v -132.94 156.81 46.00
v -132.82 154.57 42.40
v -128.03 149.84 44.00
v -128.03 149.84 46.40
v -132.06 153.56 46.00
v -128.03 149.84 44.00
v -124.84 149.84 44.00
v -124.84 149.84 46.40
v -128.03 149.84 46.40
v -124.84 149.84 44.00
v -124.21 150.42 42.40
v -123.19 151.18 46.00
v -124.84 149.84 46.40
v -124.21 150.42 42.40
v -119.99 153.71 44.00
v -119.99 153.71 46.40
v -123.19 151.18 46.00
v -119.99 153.71 44.00
v -119.71 156.06 42.40
v -119.94 156.81 46.00
v -119.99 153.71 46.40
v -119.94 156.81 46.00
v -119.12 161.04 48.00
v -126.44 156.81 60.02
v -119.12 161.04 48.00
v -120.81 160.06 46.00
v -126.44 156.81 60.02
v -120.81 160.06 46.00
v -126.44 165.26 48.00
v -126.44 156.81 60.02
v -126.44 165.26 48.00
v -132.06 160.06 46.00
v -126.44 156.81 60.02
v -132.06 160.06 46.00
v -132.94 156.81 46.00
v -126.44 156.81 60.02
v -132.94 156.81 46.00
v -132.06 153.56 46.00
v -126.44 156.81 60.02
v -132.06 153.56 46.00
v -130.66 149.49 48.00
v -126.44 156.81 60.02
v -130.66 149.49 48.00
v -128.03 149.84 46.40
v -126.44 156.81 60.02
v -128.03 149.84 46.40
v -124.84 149.84 46.40
v -126.44 156.81 60.02
v -124.84 149.84 46.40
v -119.99 153.71 46.40
v -126.44 156.81 60.02
v -119.99 153.71 46.40
v -119.94 156.81 46.00
v -126.44 156.81 60.02
v 170.17 109.83 42.00
v 142.14 124.34 42.00
v 168.10 107.13 44.00
v 142.14 124.34 57.00
v 170.17 109.83 57.00
v 168.10 107.13 57.00
v 168.10 107.13 44.00
v 142.14 124.34 42.00
v 142.14 124.34 57.00
v 168.10 107.13 57.00
v 142.14 124.34 42.00
v 111.08 133.66 42.00
v 109.96 130.45 44.00
v 111.08 133.66 57.00
v 142.14 124.34 57.00
v 109.96 130.45 57.00
v 142.14 124.34 42.00
v 109.96 130.45 44.00
v 109.96 130.45 57.00
v 142.14 124.34 57.00
v 111.08 133.66 42.00
v 78.40 136.73 42.00
v 77.82 133.38 44.00
v 109.96 130.45 44.00
v 78.40 136.73 57.00
v 111.08 133.66 57.00
v 109.96 130.45 57.00
v 77.82 133.38 57.00
v 109.96 130.45 44.00
v 77.82 133.38 44.00
v 77.82 133.38 57.00
v 109.96 130.45 57.00
v 78.40 136.73 42.00
v 46.00 135.88 42.00
v 46.00 132.48 44.00
v 77.82 133.38 44.00
v 46.00 135.88 57.00
v 78.40 136.73 57.00
v 77.82 133.38 57.00
v 46.00 132.48 57.00
v 77.82 133.38 44.00
v 46.00 132.48 44.00
v 46.00 132.48 57.00
v 77.82 133.38 57.00
v 46.00 135.88 42.00
v 13.98 134.55 42.00
v 46.00 132.48 44.00
v 13.98 134.55 57.00
v 46.00 135.88 57.00
v 46.00 132.48 57.00
v 46.00 132.48 44.00
v 13.98 134.55 42.00
v 13.98 134.55 57.00
v 46.00 132.48 57.00
v 13.98 134.55 42.00
v -19.06 133.59 42.00
v -19.06 133.59 57.00
v 13.98 134.55 57.00
v -19.06 133.59 42.00
v -53.28 130.09 42.00
v -51.65 127.10 44.00
v -53.28 130.09 57.00
v -19.06 133.59 57.00
v -51.65 127.10 57.00
v -19.06 133.59 42.00
v -51.65 127.10 44.00
v -51.65 127.10 57.00
v -19.06 133.59 57.00
v -53.28 130.09 42.00
v -86.06 120.12 42.00
v -84.00 117.43 44.00
v -51.65 127.10 44.00
v -86.06 120.12 57.00
v -53.28 130.09 57.00
v -51.65 127.10 57.00
v -84.00 117.43 57.00
v -51.65 127.10 44.00
v -84.00 117.43 44.00
v -84.00 117.43 57.00
v -51.65 127.10 57.00
v -86.06 120.12 42.00
v -113.85 102.52 42.00
v -84.00 117.43 44.00
v -113.85 102.52 57.00
v -86.06 120.12 57.00
v -84.00 117.43 57.00
v -84.00 117.43 44.00
v -113.85 102.52 42.00
v -113.85 102.52 57.00
v -84.00 117.43 57.00
v -113.85 102.52 42.00
v -135.43 79.68 42.00
v -132.68 77.68 44.00
v -135.43 79.68 57.00
v -113.85 102.52 57.00
v -132.68 77.68 57.00
v -113.85 102.52 42.00
v -132.68 77.68 44.00
v -132.68 77.68 57.00
v -113.85 102.52 57.00
v -135.43 79.68 42.00
v -152.83 55.03 42.00
v -149.83 53.42 44.00
v -132.68 77.68 44.00
v -152.83 55.03 57.00
v -135.43 79.68 57.00
v -132.68 77.68 57.00
v -149.83 53.42 57.00
v -132.68 77.68 44.00
v -149.83 53.42 44.00
v -149.83 53.42 57.00
v -132.68 77.68 57.00
v -152.83 55.03 42.00
v -168.46 30.03 42.00
v -165.28 28.82 44.00
v -149.83 53.42 44.00
v -168.46 30.03 57.00
v -152.83 55.03 57.00
v -149.83 53.42 57.00
v -165.28 28.82 57.00
v -149.83 53.42 44.00
v -165.28 28.82 44.00
v -165.28 28.82 57.00
v -149.83 53.42 57.00
v -168.46 30.03 42.00
v -181.68 4.00 42.00
v -178.38 3.18 44.00
v -165.28 28.82 44.00
v -181.68 4.00 57.00
v -168.46 30.03 57.00
v -165.28 28.82 57.00
v -178.38 3.18 57.00
v -165.28 28.82 44.00
v -178.38 3.18 44.00
v -178.38 3.18 57.00
v -165.28 28.82 57.00
v -178.30 -79.01 42.00
v -166.70 -104.31 42.00
v -163.40 -103.50 44.00
v -174.93 -78.61 44.00
v -166.70 -104.31 57.00
v -178.30 -79.01 57.00
v -174.93 -78.61 57.00
v -163.40 -103.50 57.00
v -174.93 -78.61 44.00
v -163.40 -103.50 44.00
v -163.40 -103.50 57.00
v -174.93 -78.61 57.00
v -166.70 -104.31 42.00
v -156.14 -129.32 42.00
v -152.97 -128.11 44.00
v -163.40 -103.50 44.00
v -156.14 -129.32 57.00
v -166.70 -104.31 57.00
v -163.40 -103.50 57.00
v -152.97 -128.11 57.00
v -163.40 -103.50 44.00
v -152.97 -128.11 44.00
v -152.97 -128.11 57.00
v -163.40 -103.50 57.00
v -156.14 -129.32 42.00
v -145.79 -155.24 42.00
v -142.79 -153.63 44.00
v -152.97 -128.11 44.00
v -145.79 -155.24 57.00
v -156.14 -129.32 57.00
v -152.97 -128.11 57.00
v -142.79 -153.63 57.00
v -152.97 -128.11 44.00
v -142.79 -153.63 44.00
v -142.79 -153.63 57.00
v -152.97 -128.11 57.00
v 142.14 124.34 57.00
v 139.98 123.92 57.00
v 141.32 126.38 57.00
v 142.14 124.34 57.00
v 141.32 126.38 57.00
v 139.98 123.92 57.00
v 15.89 133.46 57.00
v 13.98 134.55 57.00
v 12.06 135.64 57.00
v 15.42 136.22 57.00
v 15.42 136.22 57.00
v 12.06 135.64 57.00
v 13.98 134.55 57.00
v 15.89 133.46 57.00
v -51.65 127.10 57.00
v -55.44 130.50 57.00
v -53.28 130.09 57.00
v -53.28 130.09 57.00
v -55.44 130.50 57.00
v -51.65 127.10 57.00
v -166.70 -104.31 57.00
v -164.94 -105.63 57.00
v -167.66 -106.30 57.00
v -166.70 -104.31 57.00
v -167.66 -106.30 57.00
v -164.94 -105.63 57.00
v 86.10 136.73 38.00
v 85.06 140.58 38.00
v 85.06 140.58 68.00
v 86.10 136.73 68.00
v 85.06 140.58 38.00
v 82.25 143.40 38.00
v 82.25 143.40 68.00
v 85.06 140.58 68.00
v 82.25 143.40 38.00
v 78.40 144.43 38.00
v 78.40 144.43 68.00
v 82.25 143.40 68.00
v 78.40 144.43 38.00
v 74.55 143.40 38.00
v 74.55 143.40 68.00
v 78.40 144.43 68.00
v 74.55 143.40 38.00
v 70.70 136.73 38.00
v 70.70 136.73 68.00
v 74.55 143.40 68.00
v 70.70 136.73 38.00
v 71.73 132.88 38.00
v 71.73 132.88 68.00
v 70.70 136.73 68.00
v 71.73 132.88 38.00
v 78.40 129.03 38.00
v 78.40 129.03 68.00
v 71.73 132.88 68.00
v 78.40 129.03 38.00
v 82.25 130.06 38.00
v 82.25 130.06 68.00
v 78.40 129.03 68.00
v 82.25 130.06 38.00
v 85.06 132.88 38.00
v 85.06 132.88 68.00
v 82.25 130.06 68.00
v 75.92 129.26 64.40
v 75.03 131.31 64.40
v 75.03 131.31 66.00
v 78.40 129.03 68.00
v 80.54 130.72 64.40
v 80.87 129.26 64.40
v 75.92 129.26 64.40
v 75.03 131.31 64.40
v 75.03 131.31 66.00
v 78.40 129.03 68.00
v 80.87 129.26 66.00
v 82.25 130.06 68.00
v 75.03 131.31 64.40
v 75.92 129.26 64.40
v 78.40 129.03 68.00
v 75.03 131.31 66.00
v 75.92 129.26 64.40
v 80.87 129.26 64.40
v 80.87 129.26 66.00
v 78.40 129.03 68.00
v 80.87 129.26 64.40
v 80.54 130.72 64.40
v 82.25 130.06 68.00
v 80.87 129.26 66.00
v 80.54 130.72 64.40
v 75.03 131.31 64.40
v 75.03 131.31 66.00
v 82.25 130.06 68.00
v 80.54 130.72 64.40
v 85.13 132.66 64.40
v 85.06 132.88 68.00
v 82.25 130.06 68.00
v 85.13 132.66 64.40
v 80.54 130.72 64.40
v 82.25 130.06 68.00
v 85.06 132.88 68.00
v 88.41 136.73 70.00
v 87.06 141.74 70.00
v 78.40 136.73 84.25
v 87.06 141.74 70.00
v 83.40 145.40 70.00
v 78.40 136.73 84.25
v 83.40 145.40 70.00
v 78.40 146.74 70.00
v 78.40 136.73 84.25
v 78.40 146.74 70.00
v 73.39 145.40 70.00
v 78.40 136.73 84.25
v 73.39 145.40 70.00
v 69.73 141.74 70.00
v 78.40 136.73 84.25
v 69.73 141.74 70.00
v 68.39 136.73 70.00
v 78.40 136.73 84.25
v 68.39 136.73 70.00
v 69.73 131.73 70.00
v 78.40 136.73 84.25
v 69.73 131.73 70.00
v 73.39 128.06 70.00
v 78.40 136.73 84.25
v 73.39 128.06 70.00
v 78.40 126.72 70.00
v 78.40 136.73 84.25
v 78.40 126.72 70.00
v 83.40 128.06 70.00
v 78.40 136.73 84.25
v 83.40 128.06 70.00
v 87.06 131.73 70.00
v 78.40 136.73 84.25
v 87.06 131.73 70.00
v 88.41 136.73 70.00
v 78.40 136.73 84.25
v -79.56 120.12 38.00
v -80.44 123.38 38.00
v -80.44 123.38 68.00
v -79.56 120.12 68.00
v -80.44 123.38 38.00
v -82.81 125.75 38.00
v -82.81 125.75 68.00
v -80.44 123.38 68.00
v -82.81 125.75 38.00
v -86.06 126.62 38.00
v -86.06 126.62 68.00
v -82.81 125.75 68.00
v -86.06 126.62 38.00
v -91.69 123.38 38.00
v -91.69 123.38 68.00
v -86.06 126.62 68.00
v -91.69 123.38 38.00
v -91.69 116.88 38.00
v -91.69 116.88 68.00
v -91.69 123.38 68.00
v -91.69 116.88 38.00
v -89.31 114.50 38.00
v -89.31 114.50 68.00
v -91.69 116.88 68.00
v -89.31 114.50 38.00
v -82.81 114.50 38.00
v -82.81 114.50 68.00
v -89.31 114.50 68.00
v -82.81 114.50 38.00
v -80.44 116.88 38.00
v -80.44 116.88 68.00
v -82.81 114.50 68.00
v -80.44 116.88 38.00
v -79.56 120.12 38.00
v -79.56 120.12 68.00
v -80.44 116.88 68.00
v -79.56 120.12 68.00
v -80.44 123.38 68.00
v -82.81 125.75 68.00
v -86.06 126.62 68.00
v -91.69 123.38 68.00
v -91.69 116.88 68.00
v -89.31 114.50 68.00
v -82.81 114.50 68.00
v -80.44 116.88 68.00
v -80.83 120.88 64.40
v -79.33 120.88 64.40
v -79.33 119.38 64.40
v -80.83 119.38 64.40
v -80.44 116.88 68.00
v -79.33 119.38 66.00
v -79.56 120.12 68.00
v -80.44 123.38 68.00
v -80.83 119.38 64.40
v -79.33 119.38 64.40
v -79.33 119.38 66.00
v -80.44 116.88 68.00
v -79.33 119.38 64.40
v -79.33 120.88 64.40
v -79.56 120.12 68.00
v -79.33 119.38 66.00
v -79.33 120.88 64.40
v -80.83 120.88 64.40
v -80.44 123.38 68.00
v -79.56 120.12 68.00
v -80.83 120.88 64.40
v -80.83 119.38 64.40
v -80.44 116.88 68.00
v -80.44 123.38 68.00
v -80.83 120.88 64.40
v -79.33 120.88 64.40
v -79.56 120.12 68.00
v -80.44 123.38 68.00
v -79.33 120.88 64.40
v -80.83 120.88 64.40
v -80.44 123.38 68.00
v -79.56 120.12 68.00
v -80.83 120.88 64.40
v -82.45 125.85 64.40
v -82.81 125.75 68.00
v -80.44 123.38 68.00
v -82.45 125.85 64.40
v -80.83 120.88 64.40
v -80.44 123.38 68.00
v -82.81 125.75 68.00
v -82.45 125.85 64.40
v -85.30 126.85 64.40
v -86.06 126.62 68.00
v -82.81 125.75 68.00
v -85.30 126.85 64.40
v -82.45 125.85 64.40
v -82.81 125.75 68.00
v -86.06 126.62 68.00
v -88.74 124.68 64.40
v -90.85 124.92 64.40
v -85.30 126.85 64.40
v -88.74 124.68 66.00
v -86.06 126.62 68.00
v -91.69 123.38 68.00
v -88.74 124.68 64.40
v -85.30 126.85 64.40
v -86.06 126.62 68.00
v -88.74 124.68 66.00
v -85.30 126.85 64.40
v -90.85 124.92 64.40
v -91.69 123.38 68.00
v -86.06 126.62 68.00
v -90.85 124.92 64.40
v -88.74 124.68 64.40
v -88.74 124.68 66.00
v -91.69 123.38 68.00
v -90.85 124.92 64.40
v -92.79 119.38 64.40
v -91.69 116.88 68.00
v -91.69 123.38 68.00
v -92.79 119.38 64.40
v -90.85 124.92 64.40
v -91.69 123.38 68.00
v -91.69 116.88 68.00
v -89.91 116.50 64.40
v -89.67 114.40 64.40
v -92.79 119.38 64.40
v -89.91 116.50 66.00
v -91.69 116.88 68.00
v -89.31 114.50 68.00
v -89.91 116.50 64.40
v -92.79 119.38 64.40
v -91.69 116.88 68.00
v -89.91 116.50 66.00
v -92.79 119.38 64.40
v -89.67 114.40 64.40
v -89.31 114.50 68.00
v -91.69 116.88 68.00
v -89.67 114.40 64.40
v -89.91 116.50 64.40
v -89.91 116.50 66.00
v -89.31 114.50 68.00
v -89.91 116.50 64.40
v -89.67 114.40 64.40
v -89.31 114.50 68.00
v -89.91 116.50 66.00
v -89.67 114.40 64.40
v -89.91 116.50 64.40
v -89.91 116.50 66.00
v -89.31 114.50 68.00
v -80.83 119.38 64.40
v -83.84 113.73 64.40
v -89.67 114.40 64.40
v -89.31 114.50 68.00
v -82.81 114.50 68.00
v -80.44 116.88 68.00
v -89.67 114.40 64.40
v -83.84 113.73 64.40
v -82.81 114.50 68.00
v -89.31 114.50 68.00
v -83.84 113.73 64.40
v -80.83 119.38 64.40
v -80.44 116.88 68.00
v -82.81 114.50 68.00
v -80.83 119.38 64.40
v -89.67 114.40 64.40
v -89.31 114.50 68.00
v -80.44 116.88 68.00
v -80.83 119.38 64.40
v -83.84 113.73 64.40
v -82.81 114.50 68.00
v -80.44 116.88 68.00
v -83.84 113.73 64.40
v -80.83 119.38 64.40
v -80.44 116.88 68.00
v -82.81 114.50 68.00
v -80.83 119.38 64.40
v -79.33 119.38 64.40
v -79.33 119.38 66.00
v -80.44 116.88 68.00
v -79.33 119.38 64.40
v -80.83 119.38 64.40
v -80.44 116.88 68.00
v -79.33 119.38 66.00
v -77.61 120.12 70.00
v -81.84 127.44 70.00
v -86.06 120.12 82.03
v -81.84 127.44 70.00
v -86.06 128.57 70.00
v -86.06 120.12 82.03
v -86.06 128.57 70.00
v -90.29 127.44 70.00
v -86.06 120.12 82.03
v -90.29 127.44 70.00
v -93.38 124.35 70.00
v -86.06 120.12 82.03
v -93.38 124.35 70.00
v -93.38 115.90 70.00
v -86.06 120.12 82.03
v -93.38 115.90 70.00
v -90.29 112.81 70.00
v -86.06 120.12 82.03
v -90.29 112.81 70.00
v -86.06 111.67 70.00
v -86.06 120.12 82.03
v -86.06 111.67 70.00
v -81.84 112.81 70.00
v -86.06 120.12 82.03
v -81.84 112.81 70.00
v -78.75 115.90 70.00
v -86.06 120.12 82.03
v -78.75 115.90 70.00
v -77.61 120.12 70.00
v -86.06 120.12 82.03
v -86.06 120.12 82.03
v -86.26 119.78 82.03
v -86.26 119.78 86.03
v -85.66 120.12 86.03
v -86.26 119.78 82.03
v -86.06 120.12 82.03
v -85.66 120.12 86.03
v -86.26 119.78 86.03
v -172.78 4.00 38.00
v -173.97 8.45 38.00
v -173.97 8.45 68.00
v -172.78 4.00 68.00
v -173.97 -0.45 38.00
v -172.78 4.00 38.00
v -172.78 4.00 68.00
v -173.97 -0.45 68.00
v -174.65 6.55 64.40
v -175.30 7.90 64.40
v -175.30 7.90 66.00
v -173.97 8.45 68.00
v -175.30 7.90 64.40
v -174.65 6.55 64.40
v -173.97 8.45 68.00
v -175.30 7.90 66.00
v -174.24 3.25 64.40
v -173.95 -0.56 64.40
v -175.30 0.09 64.40
v -175.30 0.09 66.00
v -173.97 -0.45 68.00
v -172.78 4.00 68.00
v -175.30 0.09 64.40
v -173.95 -0.56 64.40
v -173.97 -0.45 68.00
v -175.30 0.09 66.00
v -173.95 -0.56 64.40
v -174.24 3.25 64.40
v -172.78 4.00 68.00
v -173.97 -0.45 68.00
v -174.24 3.25 64.40
v -175.30 0.09 64.40
v -175.30 0.09 66.00
v -172.78 4.00 68.00
v -170.11 4.00 70.00
v -171.66 9.78 70.00
v -181.68 4.00 86.47
v -171.66 -1.79 70.00
v -170.11 4.00 70.00
v -181.68 4.00 86.47
v -148.44 -129.32 38.00
v -152.29 -122.66 38.00
v -152.29 -122.66 68.00
v -148.44 -129.32 68.00
v -152.29 -122.66 38.00
v -156.14 -121.62 38.00
v -156.14 -121.62 68.00
v -152.29 -122.66 68.00
v -156.14 -121.62 38.00
v -162.81 -125.47 38.00
v -162.81 -125.47 68.00
v -156.14 -121.62 68.00
v -162.81 -125.47 38.00
v -162.81 -133.17 38.00
v -162.81 -133.17 68.00
v -162.81 -125.47 68.00
v -162.81 -133.17 38.00
v -159.99 -135.99 38.00
v -159.99 -135.99 68.00
v -162.81 -133.17 68.00
v -159.99 -135.99 38.00
v -152.29 -135.99 38.00
v -152.29 -135.99 68.00
v -159.99 -135.99 68.00
v -152.29 -135.99 38.00
v -149.47 -133.17 38.00
v -149.47 -133.17 68.00
v -152.29 -135.99 68.00
v -149.47 -133.17 38.00
v -148.44 -129.32 38.00
v -148.44 -129.32 68.00
v -149.47 -133.17 68.00
v -148.44 -129.32 68.00
v -152.29 -122.66 68.00
v -156.14 -121.62 68.00
v -162.81 -125.47 68.00
v -162.81 -133.17 68.00
v -159.99 -135.99 68.00
v -152.29 -135.99 68.00
v -149.47 -133.17 68.00
v -149.81 -130.07 64.40
v -148.31 -128.57 64.40
v -148.44 -129.32 68.00
v -149.47 -133.17 68.00
v -148.31 -128.57 64.40
v -149.81 -130.07 64.40
v -149.47 -133.17 68.00
v -148.44 -129.32 68.00
v -150.11 -127.25 64.40
v -148.31 -128.57 64.40
v -148.44 -129.32 68.00
v -150.11 -127.25 66.00
v -148.31 -128.57 64.40
v -150.11 -127.25 64.40
v -150.11 -127.25 66.00
v -148.44 -129.32 68.00
v -151.60 -124.84 64.40
v -155.13 -121.52 64.40
v -156.14 -121.62 68.00
v -152.29 -122.66 68.00
v -155.13 -121.52 64.40
v -151.60 -124.84 64.40
v -152.29 -122.66 68.00
v -156.14 -121.62 68.00
v -155.13 -121.52 64.40
v -160.44 -122.73 64.40
v -160.44 -122.73 66.00
v -156.14 -121.62 68.00
v -160.44 -122.73 64.40
v -155.13 -121.52 64.40
v -156.14 -121.62 68.00
v -160.44 -122.73 66.00
v -161.52 -125.90 64.40
v -163.97 -130.07 64.40
v -162.81 -133.17 68.00
v -162.81 -125.47 68.00
v -163.97 -130.07 64.40
v -161.52 -125.90 64.40
v -162.81 -125.47 68.00
v -162.81 -133.17 68.00
v -159.50 -134.74 64.40
v -160.44 -135.92 64.40
v -163.97 -130.07 64.40
v -162.81 -133.17 68.00
v -160.44 -135.92 66.00
v -159.50 -134.74 66.00
v -163.97 -130.07 64.40
v -160.44 -135.92 64.40
v -160.44 -135.92 66.00
v -162.81 -133.17 68.00
v 178.19 70.52 70.00
v 158.40 83.63 70.00
v 176.16 68.58 70.00
v 158.40 83.63 81.00
v 178.19 70.52 81.00
v 176.16 68.58 81.00
v 176.16 68.58 70.00
v 158.40 83.63 70.00
v 158.40 83.63 81.00
v 176.16 68.58 81.00
v 158.40 83.63 70.00
v 136.68 94.77 70.00
v 136.68 94.77 81.00
v 158.40 83.63 81.00
v 136.68 94.77 70.00
v 112.49 101.72 70.00
v 111.55 99.08 70.00
v 112.49 101.72 81.00
v 136.68 94.77 81.00
v 113.00 97.54 84.00
v 136.68 94.77 70.00
v 111.55 99.08 70.00
v 113.00 97.54 84.00
v 136.68 94.77 81.00
v 112.49 101.72 70.00
v 87.14 104.10 70.00
v 111.55 99.08 70.00
v 87.14 104.10 81.00
v 112.49 101.72 81.00
v 113.00 97.54 84.00
v 111.55 99.08 70.00
v 87.14 104.10 70.00
v 87.14 104.10 81.00
v 113.00 97.54 84.00
v 87.14 104.10 70.00
v 62.00 104.02 70.00
v 63.57 102.15 84.00
v 87.14 104.10 81.00
v 62.00 104.02 70.00
v 36.90 103.86 70.00
v 36.90 103.86 81.00
v 63.57 102.15 84.00
v 36.90 103.86 70.00
v 10.83 103.63 70.00
v 10.83 103.63 81.00
v 36.90 103.86 81.00
v 10.83 103.63 70.00
v -15.96 100.70 70.00
v -14.82 96.18 70.00
v -15.96 100.70 81.00
v 10.83 103.63 81.00
v -14.82 96.18 84.00
v 10.83 103.63 70.00
v -14.82 96.18 70.00
v -14.82 96.18 84.00
v 10.83 103.63 81.00
v -15.96 100.70 70.00
v -41.15 92.28 70.00
v -39.43 90.07 70.00
v -14.82 96.18 70.00
v -41.15 92.28 81.00
v -15.96 100.70 81.00
v -14.82 96.18 84.00
v -39.43 90.07 81.00
v -14.82 96.18 70.00
v -39.43 90.07 70.00
v -39.43 90.07 81.00
v -14.82 96.18 84.00
v -41.15 92.28 70.00
v -62.13 78.07 70.00
v -39.43 90.07 70.00
v -62.13 78.07 81.00
v -41.15 92.28 81.00
v -39.43 90.07 81.00
v -39.43 90.07 70.00
v -62.13 78.07 70.00
v -62.13 78.07 81.00
v -39.43 90.07 81.00
v -62.13 78.07 70.00
v -78.47 60.32 70.00
v -76.19 58.69 70.00
v -78.47 60.32 81.00
v -62.13 78.07 81.00
v -76.19 58.69 81.00
v -62.13 78.07 70.00
v -76.19 58.69 70.00
v -76.19 58.69 81.00
v -62.13 78.07 81.00
v -78.47 60.32 70.00
v -92.02 41.58 70.00
v -89.55 40.27 70.00
v -76.19 58.69 70.00
v -93.47 40.83 84.00
v -78.47 60.32 81.00
v -76.19 58.69 81.00
v -89.55 40.27 81.00
v -76.19 58.69 70.00
v -89.55 40.27 70.00
v -89.55 40.27 81.00
v -76.19 58.69 81.00
v -92.02 41.58 70.00
v -104.39 22.63 70.00
v -89.55 40.27 70.00
v -104.39 22.63 81.00
v -93.47 40.83 84.00
v -89.55 40.27 81.00
v -89.55 40.27 70.00
v -104.39 22.63 70.00
v -104.39 22.63 81.00
v -89.55 40.27 81.00
v -104.39 22.63 70.00
v -114.56 2.73 70.00
v -114.56 2.73 81.00
v -104.39 22.63 81.00
v -114.56 2.73 70.00
v -119.62 -18.48 70.00
v -116.67 -15.97 84.00
v -114.56 2.73 81.00
v -119.62 -18.48 70.00
v -117.91 -40.00 70.00
v -117.91 -40.00 81.00
v -116.67 -15.97 84.00
v -117.91 -40.00 70.00
v -111.17 -60.52 70.00
v -108.39 -60.19 70.00
v -111.17 -60.52 81.00
v -117.91 -40.00 81.00
v -108.39 -60.19 81.00
v -117.91 -40.00 70.00
v -108.39 -60.19 70.00
v -108.39 -60.19 81.00
v -117.91 -40.00 81.00
v -111.17 -60.52 70.00
v -103.16 -79.97 70.00
v -108.39 -60.19 70.00
v -103.16 -79.97 81.00
v -111.17 -60.52 81.00
v -108.39 -60.19 81.00
v -108.39 -60.19 70.00
v -103.16 -79.97 70.00
v -103.16 -79.97 81.00
v -108.39 -60.19 81.00
v -103.16 -79.97 70.00
v -96.12 -99.51 70.00
v -93.50 -98.53 70.00
v -96.12 -99.51 81.00
v -103.16 -79.97 81.00
v -91.77 -95.96 84.00
v -103.16 -79.97 70.00
v -93.50 -98.53 70.00
v -91.77 -95.96 84.00
v -103.16 -79.97 81.00
v -96.12 -99.51 70.00
v -88.63 -119.78 70.00
v -93.50 -98.53 70.00
v -88.63 -119.78 81.00
v -96.12 -99.51 81.00
v -91.77 -95.96 84.00
v -93.50 -98.53 70.00
v -88.63 -119.78 70.00
v -88.63 -119.78 81.00
v -91.77 -95.96 84.00
v -88.63 -119.78 70.00
v -77.30 -139.48 70.00
v -77.30 -139.48 81.00
v -88.63 -119.78 81.00
v -77.30 -139.48 70.00
v -60.18 -156.21 70.00
v -58.15 -154.28 70.00
v -60.18 -156.21 81.00
v -77.30 -139.48 81.00
v -58.15 -154.28 81.00
v -77.30 -139.48 70.00
v -58.15 -154.28 70.00
v -58.15 -154.28 81.00
v -77.30 -139.48 81.00
v 136.68 94.77 81.00
v 130.61 94.60 84.00
v 138.84 95.17 81.00
v 138.84 95.17 81.00
v 130.61 94.60 84.00
v 136.68 94.77 81.00
v 36.90 103.86 81.00
v 34.99 104.94 81.00
v 38.34 105.53 81.00
v 38.34 105.53 81.00
v 34.99 104.94 81.00
v 36.90 103.86 81.00
v -13.80 100.30 81.00
v -16.77 98.65 81.00
v -15.96 100.70 81.00
v -15.96 100.70 81.00
v -16.77 98.65 81.00
v -13.80 100.30 81.00
v -59.94 78.33 81.00
v -62.13 78.07 81.00
v -64.45 80.65 84.00
v -64.45 80.65 84.00
v -62.13 78.07 81.00
v -59.94 78.33 81.00
v -89.55 40.27 81.00
v -91.58 39.42 81.00
v -93.47 40.83 84.00
v -93.47 40.83 84.00
v -91.58 39.42 81.00
v -89.55 40.27 81.00
v -88.63 -119.78 81.00
v -89.07 -121.94 81.00
v -90.66 -118.94 81.00
v -90.66 -118.94 81.00
v -89.07 -121.94 81.00
v -88.63 -119.78 81.00
v 94.84 104.10 64.00
v 93.81 107.95 64.00
v 93.81 107.95 94.00
v 94.84 104.10 94.00
v 93.81 107.95 64.00
v 90.99 110.77 64.00
v 90.99 110.77 94.00
v 93.81 107.95 94.00
v 90.99 110.77 64.00
v 87.14 111.80 64.00
v 87.14 111.80 94.00
v 90.99 110.77 94.00
v 87.14 111.80 64.00
v 83.29 110.77 64.00
v 83.29 110.77 94.00
v 87.14 111.80 94.00
v 83.29 110.77 64.00
v 80.47 107.95 64.00
v 80.47 107.95 94.00
v 83.29 110.77 94.00
v 80.47 107.95 64.00
v 79.44 104.10 64.00
v 79.44 104.10 94.00
v 80.47 107.95 94.00
v 79.44 104.10 64.00
v 80.47 100.25 64.00
v 80.47 100.25 94.00
v 79.44 104.10 94.00
v 80.47 100.25 64.00
v 83.29 97.44 64.00
v 83.29 97.44 94.00
v 80.47 100.25 94.00
v 83.29 97.44 64.00
v 87.14 96.40 64.00
v 87.14 96.40 94.00
v 83.29 97.44 94.00
v 87.14 96.40 64.00
v 90.99 97.44 64.00
v 90.99 97.44 94.00
v 87.14 96.40 94.00
v 90.99 97.44 64.00
v 94.84 104.10 64.00
v 94.84 104.10 94.00
v 90.99 97.44 94.00
v 94.84 104.10 94.00
v 93.81 107.95 94.00
v 90.99 110.77 94.00
v 87.14 111.80 94.00
v 83.29 110.77 94.00
v 80.47 107.95 94.00
v 79.44 104.10 94.00
v 80.47 100.25 94.00
v 83.29 97.44 94.00
v 87.14 96.40 94.00
v 90.99 97.44 94.00
v -34.65 92.28 64.00
v -35.52 95.53 64.00
v -35.52 95.53 94.00
v -34.65 92.28 94.00
v -35.52 95.53 64.00
v -41.15 98.78 64.00
v -41.15 98.78 94.00
v -35.52 95.53 94.00
v -41.15 98.78 64.00
v -46.78 95.53 64.00
v -46.78 95.53 94.00
v -41.15 98.78 94.00
v -46.78 95.53 64.00
v -47.65 92.28 64.00
v -47.65 92.28 94.00
v -46.78 95.53 94.00
v -47.65 92.28 64.00
v -46.78 89.03 64.00
v -46.78 89.03 94.00
v -47.65 92.28 94.00
v -46.78 89.03 64.00
v -44.40 86.65 64.00
v -44.40 86.65 94.00
v -46.78 89.03 94.00
v -44.40 86.65 64.00
v -37.90 86.65 64.00
v -37.90 86.65 94.00
v -44.40 86.65 94.00
v -37.90 86.65 64.00
v -34.65 92.28 64.00
v -34.65 92.28 94.00
v -37.90 86.65 94.00
v -34.65 92.28 94.00
v -35.52 95.53 94.00
v -41.15 98.78 94.00
v -46.78 95.53 94.00
v -47.65 92.28 94.00
v -46.78 89.03 94.00
v -44.40 86.65 94.00
v -37.90 86.65 94.00
v -35.52 95.53 94.00
v -34.65 92.28 94.00
v -35.92 91.53 90.40
v -35.92 91.53 90.40
v -34.65 92.28 94.00
v -35.52 95.53 94.00
v -35.92 91.53 90.40
v -34.65 92.28 94.00
v -37.90 86.65 94.00
v -37.90 86.65 94.00
v -34.65 92.28 94.00
v -35.92 91.53 90.40
v -105.66 2.73 64.00
v -106.85 7.18 64.00
v -106.85 7.18 94.00
v -105.66 2.73 94.00
v -106.85 7.18 64.00
v -110.11 10.44 64.00
v -110.11 10.44 94.00
v -106.85 7.18 94.00
v -110.11 10.44 64.00
v -119.01 10.44 64.00
v -119.01 10.44 94.00
v -110.11 10.44 94.00
v -119.01 10.44 64.00
v -122.97 9.95 63.75
v -122.27 7.18 94.00
v -119.01 10.44 94.00
v -122.97 9.95 63.75
v -123.46 2.73 64.00
v -123.46 2.73 94.00
v -122.27 7.18 94.00
v -123.46 2.73 64.00
v -123.30 -4.09 63.75
v -122.27 -1.72 94.00
v -123.46 2.73 94.00
v -123.30 -4.09 63.75
v -119.01 -4.98 64.00
v -119.01 -4.98 94.00
v -122.27 -1.72 94.00
v -119.01 -4.98 64.00
v -114.56 -6.17 64.00
v -114.56 -6.17 94.00
v -119.01 -4.98 94.00
v -114.56 -6.17 64.00
v -111.31 -4.37 63.75
v -110.11 -4.98 94.00
v -114.56 -6.17 94.00
v -111.31 -4.37 63.75
v -106.85 -1.72 64.00
v -106.85 -1.72 94.00
v -110.11 -4.98 94.00
v -106.85 -1.72 64.00
v -105.66 2.73 64.00
v -105.66 2.73 94.00
v -106.85 -1.72 94.00
v -105.66 2.73 94.00
v -106.85 7.18 94.00
v -110.11 10.44 94.00
v -119.01 10.44 94.00
v -122.27 7.18 94.00
v -123.46 2.73 94.00
v -122.27 -1.72 94.00
v -119.01 -4.98 94.00
v -114.56 -6.17 94.00
v -110.11 -4.98 94.00
v -106.85 -1.72 94.00
v -110.51 9.01 90.40
v -109.57 10.18 90.40
v -106.85 7.18 94.00
v -106.85 7.18 94.00
v -109.57 10.18 90.40
v -110.51 9.01 90.40
v -116.94 9.81 90.40
v -122.27 7.18 94.00
v -119.01 10.44 94.00
v -116.94 9.81 90.40
v -119.01 10.44 94.00
v -122.27 7.18 94.00
v -88.42 -99.51 64.00
v -92.27 -92.85 64.00
v -92.27 -92.85 94.00
v -88.42 -99.51 94.00
v -92.27 -92.85 64.00
v -96.12 -91.81 64.00
v -96.12 -91.81 94.00
v -92.27 -92.85 94.00
v -96.12 -91.81 64.00
v -102.79 -95.66 64.00
v -102.79 -95.66 94.00
v -96.12 -91.81 94.00
v -102.79 -95.66 64.00
v -102.79 -103.36 64.00
v -102.79 -103.36 94.00
v -102.79 -95.66 94.00
v -102.79 -103.36 64.00
v -99.97 -106.18 64.00
v -99.97 -106.18 94.00
v -102.79 -103.36 94.00
v -99.97 -106.18 64.00
v -92.27 -106.18 64.00
v -92.27 -106.18 94.00
v -99.97 -106.18 94.00
v -92.27 -106.18 64.00
v -89.45 -103.36 64.00
v -89.45 -103.36 94.00
v -92.27 -106.18 94.00
v -89.45 -103.36 64.00
v -88.42 -99.51 64.00
v -88.42 -99.51 94.00
v -89.45 -103.36 94.00
v -88.42 -99.51 94.00
v -92.27 -92.85 94.00
v -96.12 -91.81 94.00
v -102.79 -95.66 94.00
v -102.79 -103.36 94.00
v -99.97 -106.18 94.00
v -92.27 -106.18 94.00
v -89.45 -103.36 94.00
v -102.79 -95.66 94.00
v -100.42 -92.92 90.40
v -96.12 -91.81 94.00
v -96.12 -91.81 94.00
v -100.42 -92.92 90.40
v -102.79 -95.66 94.00
v -99.48 -104.93 90.40
v -101.59 -105.17 90.40
v -102.79 -103.36 94.00
v -102.79 -103.36 94.00
v -101.59 -105.17 90.40
v -99.48 -104.93 90.40
v 178.19 47.16 68.80
v 169.72 42.69 68.80
v 169.72 42.69 77.15
v 178.19 47.16 79.14
v 169.72 42.69 68.80
v 175.16 35.05 68.80
v 175.16 35.05 77.15
v 169.72 42.69 77.15
v 178.19 47.16 79.14
v 169.72 42.69 77.15
v 169.23 42.77 80.37
v 175.69 47.39 80.37
v 169.72 42.69 77.15
v 175.08 34.57 77.15
v 175.08 34.57 80.37
v 169.23 42.77 80.37
v 178.83 43.43 86.75
v 175.08 34.57 80.37
v 169.23 42.77 80.37
v 171.95 38.52 86.75
v 175.69 47.39 80.37
v 171.95 38.52 86.75
v 169.23 42.77 80.37
v 172.03 59.78 68.80
v 167.16 64.89 68.80
v 171.57 69.09 68.80
v 176.44 63.98 68.80
v 176.44 63.98 81.17
v 171.57 69.09 81.17
v 167.16 64.89 81.17
v 172.03 59.78 81.17
v 176.44 63.98 68.80
v 171.57 69.09 68.80
v 171.57 69.09 81.17
v 176.44 63.98 81.17
v 171.57 69.09 68.80
v 167.16 64.89 68.80
v 167.16 64.89 81.17
v 171.57 69.09 81.17
v 167.16 64.89 68.80
v 172.03 59.78 68.80
v 172.03 59.78 81.17
v 167.16 64.89 81.17
v 172.03 59.78 68.80
v 176.44 63.98 68.80
v 176.44 63.98 81.17
v 172.03 59.78 81.17
v 171.57 69.09 81.17
v 176.44 63.98 81.17
v 174.44 66.95 85.96
v 169.16 61.92 85.96
v 174.44 66.95 85.96
v 172.03 59.78 81.17
v 167.16 64.89 81.17
v 169.16 61.92 85.96
v 176.44 63.98 81.17
v 172.03 59.78 81.17
v 174.44 66.95 85.96
v 171.57 69.09 81.17
v 169.16 61.92 85.96
v 167.16 64.89 81.17
v 165.44 53.09 68.80
v 160.15 58.65 68.80
v 167.16 64.89 68.80
v 172.03 59.78 68.80
v 172.03 59.78 81.17
v 167.16 64.89 81.17
v 160.15 58.65 81.17
v 165.44 53.09 81.17
v 172.03 59.78 68.80
v 167.16 64.89 68.80
v 167.16 64.89 81.17
v 172.03 59.78 81.17
v 167.16 64.89 68.80
v 160.15 58.65 68.80
v 160.15 58.65 81.17
v 167.16 64.89 81.17
v 160.15 58.65 68.80
v 165.44 53.09 68.80
v 165.44 53.09 81.17
v 160.15 58.65 81.17
v 165.44 53.09 68.80
v 172.03 59.78 68.80
v 172.03 59.78 81.17
v 165.44 53.09 81.17
v 167.16 64.89 81.17
v 172.03 59.78 81.17
v 169.16 61.92 85.96
v 162.36 55.45 86.40
v 169.16 61.92 85.96
v 165.44 53.09 81.17
v 159.30 58.67 81.17
v 162.36 55.45 86.40
v 172.03 59.78 81.17
v 165.44 53.09 81.17
v 169.16 61.92 85.96
v 167.16 64.89 81.17
v 162.36 55.45 86.40
v 159.30 58.67 81.17
v 164.74 54.57 73.31
v 163.84 55.51 73.31
v 163.84 55.51 75.03
v 164.74 54.57 75.03
v 163.84 55.51 73.31
v 164.74 54.57 73.31
v 164.74 54.57 75.03
v 163.84 55.51 75.03
v 167.33 54.57 73.31
v 168.72 59.69 70.00
v 166.44 55.51 75.03
v 167.33 54.57 75.03
v 168.72 59.69 70.00
v 167.33 54.57 73.31
v 167.33 54.57 75.03
v 166.44 55.51 75.03
v 158.81 46.42 68.80
v 153.16 52.37 68.80
v 159.22 58.14 68.80
v 164.88 52.19 68.80
v 164.88 52.19 83.01
v 159.30 58.67 81.17
v 153.16 52.37 83.01
v 158.81 46.42 83.01
v 164.88 52.19 68.80
v 159.22 58.14 68.80
v 159.30 58.67 81.17
v 164.88 52.19 83.01
v 159.22 58.14 68.80
v 153.16 52.37 68.80
v 153.16 52.37 83.01
v 159.30 58.67 81.17
v 153.16 52.37 68.80
v 158.81 46.42 68.80
v 158.81 46.42 83.01
v 153.16 52.37 83.01
v 158.81 46.42 68.80
v 164.88 52.19 68.80
v 164.88 52.19 83.01
v 158.81 46.42 83.01
v 158.81 46.42 83.01
v 153.16 52.37 83.01
v 159.30 58.67 81.17
v 165.44 53.09 81.17
v 165.37 52.18 88.87
v 159.24 58.63 88.87
v 152.66 52.38 88.87
v 158.80 45.93 88.87
v 165.44 53.09 81.17
v 159.30 58.67 81.17
v 159.24 58.63 88.87
v 165.37 52.18 88.87
v 159.30 58.67 81.17
v 153.16 52.37 83.01
v 152.66 52.38 88.87
v 159.24 58.63 88.87
v 153.16 52.37 83.01
v 158.81 46.42 83.01
v 158.80 45.93 88.87
v 152.66 52.38 88.87
v 158.81 46.42 83.01
v 165.44 53.09 81.17
v 165.37 52.18 88.87
v 158.80 45.93 88.87
v 165.37 52.18 88.87
v 159.24 58.63 88.87
v 155.78 55.69 94.56
v 162.26 48.87 94.56
v 158.80 45.93 88.87
v 162.26 48.87 94.56
v 155.78 55.69 94.56
v 152.66 52.38 88.87
v 165.37 52.18 88.87
v 162.26 48.87 94.56
v 158.80 45.93 88.87
v 159.24 58.63 88.87
v 152.66 52.38 88.87
v 155.78 55.69 94.56
v 161.08 47.88 74.85
v 158.28 47.88 74.85
v 158.28 47.88 78.11
v 161.08 47.88 78.11
v 158.28 47.88 74.85
v 161.08 47.88 74.85
v 161.08 47.88 78.11
v 158.28 47.88 78.11
v 153.88 71.18 68.80
v 147.43 76.21 68.80
v 152.32 82.48 68.80
v 158.77 77.45 68.80
v 158.77 77.45 77.17
v 152.32 82.48 77.17
v 147.43 76.21 77.17
v 153.88 71.18 77.17
v 158.77 77.45 68.80
v 152.32 82.48 68.80
v 152.32 82.48 77.17
v 158.77 77.45 77.17
v 152.32 82.48 68.80
v 147.43 76.21 68.80
v 147.43 76.21 77.17
v 152.32 82.48 77.17
v 147.43 76.21 68.80
v 153.88 71.18 68.80
v 153.88 71.18 77.17
v 147.43 76.21 77.17
v 153.88 71.18 68.80
v 158.77 77.45 68.80
v 158.77 77.45 77.17
v 153.88 71.18 77.17
v 152.32 82.48 77.17
v 158.77 77.45 77.17
v 158.40 83.63 81.00
v 152.49 71.67 84.00
v 158.40 83.63 81.00
v 153.88 71.18 77.17
v 147.43 76.21 77.17
v 152.49 71.67 84.00
v 158.77 77.45 77.17
v 153.88 71.18 77.17
v 158.40 83.63 81.00
v 152.32 82.48 77.17
v 152.49 71.67 84.00
v 147.43 76.21 77.17
v 155.20 72.74 72.52
v 152.49 71.67 70.00
v 153.88 71.18 77.17
v 155.20 72.74 75.26
v 152.49 71.67 70.00
v 155.20 72.74 72.52
v 155.20 72.74 75.26
v 153.88 71.18 77.17
v 158.77 77.45 77.17
v 154.68 78.08 77.17
v 154.68 78.08 80.38
v 156.22 78.27 80.38
v 154.68 78.08 77.17
v 158.77 77.45 77.17
v 156.22 78.27 80.38
v 154.68 78.08 80.38
v 148.91 64.96 68.80
v 142.60 69.88 68.80
v 147.43 76.21 68.80
v 153.88 71.18 68.80
v 153.88 71.18 77.17
v 147.43 76.21 77.17
v 142.60 69.88 76.78
v 148.91 64.96 76.78
v 153.88 71.18 68.80
v 147.43 76.21 68.80
v 147.43 76.21 77.17
v 153.88 71.18 77.17
v 147.43 76.21 68.80
v 142.60 69.88 68.80
v 142.60 69.88 76.78
v 147.43 76.21 77.17
v 142.60 69.88 68.80
v 148.91 64.96 68.80
v 148.91 64.96 76.78
v 142.60 69.88 76.78
v 148.91 64.96 68.80
v 153.88 71.18 68.80
v 153.88 71.18 77.17
v 148.91 64.96 76.78
v 148.91 64.96 76.78
v 142.60 69.88 76.78
v 147.43 76.21 77.17
v 153.88 71.18 77.17
v 153.88 71.18 77.17
v 147.43 76.21 77.17
v 142.60 69.88 76.78
v 148.91 64.96 76.78
v 147.43 76.21 77.17
v 153.88 71.18 77.17
v 150.20 73.11 85.27
v 145.39 66.94 85.27
v 150.20 73.11 85.27
v 148.91 64.96 76.78
v 142.60 69.88 76.78
v 145.39 66.94 85.27
v 153.88 71.18 77.17
v 148.91 64.96 76.78
v 150.20 73.11 85.27
v 147.43 76.21 77.17
v 145.39 66.94 85.27
v 142.60 69.88 76.78
v 142.98 58.28 68.80
v 137.58 62.49 68.80
v 142.60 69.88 68.80
v 148.91 64.96 68.80
v 147.41 63.97 83.33
v 142.01 68.18 83.33
v 137.58 62.49 83.33
v 142.98 58.28 83.33
v 148.91 64.96 68.80
v 142.60 69.88 68.80
v 142.01 68.18 83.33
v 147.41 63.97 83.33
v 142.60 69.88 68.80
v 137.58 62.49 68.80
v 137.58 62.49 83.33
v 142.01 68.18 83.33
v 137.58 62.49 68.80
v 142.98 58.28 68.80
v 142.98 58.28 83.33
v 137.58 62.49 83.33
v 142.98 58.28 68.80
v 148.91 64.96 68.80
v 147.41 63.97 83.33
v 142.98 58.28 83.33
v 147.41 63.97 83.33
v 142.01 68.18 83.33
v 139.32 65.71 88.23
v 145.67 60.75 88.23
v 142.98 58.28 83.33
v 145.67 60.75 88.23
v 139.32 65.71 88.23
v 137.58 62.49 83.33
v 147.41 63.97 83.33
v 145.67 60.75 88.23
v 142.98 58.28 83.33
v 142.01 68.18 83.33
v 137.58 62.49 83.33
v 139.32 65.71 88.23
v 141.96 59.60 73.75
v 141.07 60.29 73.75
v 141.07 60.29 75.89
v 141.96 59.60 75.89
v 133.59 82.12 68.80
v 127.59 85.45 68.80
v 127.59 85.45 81.21
v 133.59 82.12 81.21
v 127.59 85.45 68.80
v 123.26 78.61 68.80
v 123.26 78.61 82.28
v 127.59 85.45 81.21
v 123.26 78.61 68.80
v 130.09 74.82 68.80
v 130.09 74.82 82.28
v 123.26 78.61 82.28
v 130.09 74.82 68.80
v 133.59 82.12 68.80
v 133.59 82.12 81.21
v 130.09 74.82 82.28
v 127.59 85.45 81.21
v 133.59 82.12 81.21
v 130.54 83.69 87.59
v 126.38 76.19 87.59
v 130.54 83.69 87.59
v 130.09 74.82 82.28
v 123.26 78.61 82.28
v 126.38 76.19 87.59
v 133.59 82.12 81.21
v 130.09 74.82 82.28
v 130.54 83.69 87.59
v 127.59 85.45 81.21
v 126.38 76.19 87.59
v 123.26 78.61 82.28
v 130.48 76.27 73.53
v 127.83 76.27 73.53
v 127.83 76.27 75.47
v 130.48 76.27 75.47
v 127.83 76.27 73.53
v 130.48 76.27 73.53
v 130.48 76.27 75.47
v 127.83 76.27 75.47
v 133.59 82.12 81.21
v 129.98 81.02 82.28
v 129.98 81.02 85.47
v 130.54 83.69 87.59
v 129.98 81.02 82.28
v 133.59 82.12 81.21
v 130.54 83.69 87.59
v 129.98 81.02 85.47
v 126.21 67.20 68.80
v 118.85 71.28 68.80
v 123.26 78.61 68.80
v 129.86 73.78 68.80
v 129.86 73.78 78.60
v 122.50 77.86 78.60
v 118.85 71.28 78.60
v 126.21 67.20 78.60
v 129.86 73.78 68.80
v 123.26 78.61 68.80
v 122.50 77.86 78.60
v 129.86 73.78 78.60
v 123.26 78.61 68.80
v 118.85 71.28 68.80
v 118.85 71.28 78.60
v 122.50 77.86 78.60
v 118.85 71.28 68.80
v 126.21 67.20 68.80
v 126.21 67.20 78.60
v 118.85 71.28 78.60
v 126.21 67.20 68.80
v 129.86 73.78 68.80
v 129.86 73.78 78.60
v 126.21 67.20 78.60
v 122.50 77.86 78.60
v 130.68 74.01 78.60
v 126.47 76.34 84.32
v 122.24 68.71 84.32
v 126.47 76.34 84.32
v 126.21 67.20 78.60
v 118.85 71.28 78.60
v 122.24 68.71 84.32
v 130.68 74.01 78.60
v 126.21 67.20 78.60
v 126.47 76.34 84.32
v 122.50 77.86 78.60
v 122.24 68.71 84.32
v 118.85 71.28 78.60
v 112.97 89.39 68.80
v 104.32 92.47 68.80
v 106.45 98.45 68.80
v 115.10 95.37 68.80
v 115.10 95.37 80.17
v 106.45 98.45 80.17
v 104.32 92.47 80.17
v 112.97 89.39 80.17
v 115.10 95.37 68.80
v 106.45 98.45 68.80
v 106.45 98.45 80.17
v 115.10 95.37 80.17
v 106.45 98.45 68.80
v 104.32 92.47 68.80
v 104.32 92.47 80.17
v 106.45 98.45 80.17
v 104.32 92.47 68.80
v 112.97 89.39 68.80
v 112.97 89.39 80.17
v 104.32 92.47 80.17
v 112.97 89.39 68.80
v 115.10 95.37 68.80
v 115.10 95.37 80.17
v 112.97 89.39 80.17
v 106.45 98.45 80.17
v 115.10 95.37 80.17
v 110.98 97.48 86.41
v 108.44 90.36 86.41
v 110.98 97.48 86.41
v 112.97 89.39 80.17
v 104.32 92.47 80.17
v 108.44 90.36 86.41
v 115.10 95.37 80.17
v 112.97 89.39 80.17
v 110.98 97.48 86.41
v 106.45 98.45 80.17
v 108.44 90.36 86.41
v 104.32 92.47 80.17
v 109.12 81.44 68.80
v 102.28 83.88 68.80
v 104.32 92.47 68.80
v 112.97 89.39 68.80
v 111.59 88.38 77.06
v 104.75 90.81 77.06
v 102.28 83.88 77.06
v 109.12 81.44 77.06
v 112.97 89.39 68.80
v 104.32 92.47 68.80
v 104.75 90.81 77.06
v 111.59 88.38 77.06
v 104.32 92.47 68.80
v 102.28 83.88 68.80
v 102.28 83.88 77.06
v 104.75 90.81 77.06
v 102.28 83.88 68.80
v 109.12 81.44 68.80
v 109.12 81.44 77.06
v 102.28 83.88 77.06
v 109.12 81.44 68.80
v 112.97 89.39 68.80
v 111.59 88.38 77.06
v 109.12 81.44 77.06
v 109.12 81.44 77.06
v 102.28 83.88 77.06
v 104.75 90.81 77.06
v 111.59 88.38 77.06
v 112.97 89.39 80.17
v 104.32 92.47 80.17
v 101.83 83.66 80.24
v 109.33 80.99 80.24
v 111.59 88.38 77.06
v 104.75 90.81 77.06
v 104.32 92.47 80.17
v 112.97 89.39 80.17
v 104.75 90.81 77.06
v 102.28 83.88 77.06
v 101.83 83.66 80.24
v 104.32 92.47 80.17
v 102.28 83.88 77.06
v 109.12 81.44 77.06
v 109.33 80.99 80.24
v 101.83 83.66 80.24
v 109.12 81.44 77.06
v 111.59 88.38 77.06
v 112.97 89.39 80.17
v 109.33 80.99 80.24
v 112.97 89.39 80.17
v 104.32 92.47 80.17
v 102.95 87.55 85.25
v 110.92 84.71 85.25
v 109.33 80.99 80.24
v 110.92 84.71 85.25
v 102.95 87.55 85.25
v 101.83 83.66 80.24
v 112.97 89.39 80.17
v 110.92 84.71 85.25
v 109.33 80.99 80.24
v 104.32 92.47 80.17
v 101.83 83.66 80.24
v 102.95 87.55 85.25
v 106.69 73.93 68.80
v 99.41 76.53 68.80
v 102.28 83.88 68.80
v 109.12 81.44 68.80
v 109.12 81.44 77.06
v 102.28 83.88 77.06
v 99.41 76.53 77.87
v 106.69 73.93 77.87
v 109.12 81.44 68.80
v 102.28 83.88 68.80
v 102.28 83.88 77.06
v 109.12 81.44 77.06
v 102.28 83.88 68.80
v 99.41 76.53 68.80
v 99.41 76.53 77.87
v 102.28 83.88 77.06
v 99.41 76.53 68.80
v 106.69 73.93 68.80
v 106.69 73.93 77.87
v 99.41 76.53 77.87
v 106.69 73.93 68.80
v 109.12 81.44 68.80
v 109.12 81.44 77.06
v 106.69 73.93 77.87
v 106.69 73.93 77.87
v 99.41 76.53 77.87
v 102.28 83.88 77.06
v 109.12 81.44 77.06
v 109.33 80.99 80.24
v 101.83 83.66 80.24
v 99.46 78.43 84.00
v 106.91 73.49 81.41
v 109.12 81.44 77.06
v 102.28 83.88 77.06
v 101.83 83.66 80.24
v 109.33 80.99 80.24
v 102.28 83.88 77.06
v 99.41 76.53 77.87
v 99.46 78.43 84.00
v 101.83 83.66 80.24
v 99.41 76.53 77.87
v 106.69 73.93 77.87
v 106.91 73.49 81.41
v 99.46 78.43 84.00
v 106.69 73.93 77.87
v 109.12 81.44 77.06
v 109.33 80.99 80.24
v 106.91 73.49 81.41
v 101.83 83.66 80.24
v 109.33 80.99 80.24
v 105.46 82.00 86.67
v 102.85 74.67 86.67
v 105.46 82.00 86.67
v 106.91 73.49 81.41
v 99.46 78.43 84.00
v 102.85 74.67 86.67
v 109.33 80.99 80.24
v 106.91 73.49 81.41
v 105.46 82.00 86.67
v 101.83 83.66 80.24
v 102.85 74.67 86.67
v 99.46 78.43 84.00
v 103.55 75.18 73.36
v 103.38 74.72 73.36
v 103.38 74.72 75.12
v 103.55 75.18 75.12
v 103.38 74.72 73.36
v 103.55 75.18 73.36
v 103.55 75.18 75.12
v 103.38 74.72 75.12
v 106.00 74.72 73.36
v 103.55 75.18 73.36
v 106.16 75.18 73.36
v 106.16 75.18 75.12
v 103.55 75.18 75.12
v 106.69 73.93 77.87
v 106.16 75.18 73.36
v 103.55 75.18 73.36
v 103.55 75.18 75.12
v 106.16 75.18 75.12
v 103.55 75.18 73.36
v 106.00 74.72 73.36
v 106.69 73.93 77.87
v 103.55 75.18 75.12
v 106.00 74.72 73.36
v 106.16 75.18 73.36
v 106.16 75.18 75.12
v 106.69 73.93 77.87
v 106.69 73.93 77.87
v 103.55 75.18 75.12
v 106.16 75.18 75.12
v 106.16 75.18 75.12
v 103.55 75.18 75.12
v 106.69 73.93 77.87
v 88.83 92.17 68.80
v 81.50 93.44 68.80
v 82.68 100.19 68.80
v 90.01 98.91 68.80
v 90.01 98.91 79.99
v 82.68 100.19 79.99
v 81.50 93.44 79.99
v 88.83 92.17 79.99
v 90.01 98.91 68.80
v 82.68 100.19 68.80
v 82.68 100.19 79.99
v 90.01 98.91 79.99
v 82.68 100.19 68.80
v 81.50 93.44 68.80
v 81.50 93.44 79.99
v 82.68 100.19 79.99
v 81.50 93.44 68.80
v 88.83 92.17 68.80
v 88.83 92.17 79.99
v 81.50 93.44 79.99
v 88.83 92.17 68.80
v 90.01 98.91 68.80
v 90.01 98.91 79.99
v 88.83 92.17 79.99
v 82.68 100.19 79.99
v 90.01 98.91 79.99
v 86.45 100.14 85.05
v 85.06 92.21 85.05
v 86.45 100.14 85.05
v 88.83 92.17 79.99
v 81.50 93.44 79.99
v 85.06 92.21 85.05
v 90.01 98.91 79.99
v 88.83 92.17 79.99
v 86.45 100.14 85.05
v 82.68 100.19 79.99
v 85.06 92.21 85.05
v 81.50 93.44 79.99
v 87.06 83.77 68.80
v 80.33 84.94 68.80
v 81.50 93.44 68.80
v 88.83 92.17 68.80
v 88.42 91.56 81.07
v 81.69 92.74 81.07
v 83.15 84.92 84.00
v 87.06 83.77 81.07
v 88.83 92.17 68.80
v 81.50 93.44 68.80
v 81.69 92.74 81.07
v 88.42 91.56 81.07
v 81.50 93.44 68.80
v 80.33 84.94 68.80
v 83.15 84.92 84.00
v 81.69 92.74 81.07
v 80.33 84.94 68.80
v 87.06 83.77 68.80
v 87.06 83.77 81.07
v 83.15 84.92 84.00
v 87.06 83.77 68.80
v 88.83 92.17 68.80
v 88.42 91.56 81.07
v 87.06 83.77 81.07
v 88.42 91.56 81.07
v 81.69 92.74 81.07
v 80.42 88.94 86.45
v 88.33 87.56 86.45
v 87.06 83.77 81.07
v 88.33 87.56 86.45
v 80.42 88.94 86.45
v 79.63 84.45 81.07
v 88.42 91.56 81.07
v 88.33 87.56 86.45
v 87.06 83.77 81.07
v 81.69 92.74 81.07
v 79.63 84.45 81.07
v 80.42 88.94 86.45
v 85.89 76.58 68.80
v 79.00 77.79 68.80
v 80.33 84.94 68.80
v 87.06 83.77 68.80
v 87.06 83.77 81.07
v 83.15 84.92 84.00
v 79.00 77.79 81.23
v 85.89 76.58 81.23
v 87.06 83.77 68.80
v 80.33 84.94 68.80
v 83.15 84.92 84.00
v 87.06 83.77 81.07
v 80.33 84.94 68.80
v 79.00 77.79 68.80
v 79.00 77.79 81.23
v 83.15 84.92 84.00
v 79.00 77.79 68.80
v 85.89 76.58 68.80
v 85.89 76.58 81.23
v 79.00 77.79 81.23
v 85.89 76.58 68.80
v 87.06 83.77 68.80
v 87.06 83.77 81.07
v 85.89 76.58 81.23
v 85.89 76.58 81.23
v 79.00 77.79 81.23
v 79.63 84.45 81.07
v 87.06 83.77 81.07
v 87.39 83.15 86.28
v 79.81 84.47 86.28
v 78.59 77.50 86.28
v 86.18 76.18 86.28
v 87.06 83.77 81.07
v 79.63 84.45 81.07
v 79.81 84.47 86.28
v 87.39 83.15 86.28
v 79.63 84.45 81.07
v 79.00 77.79 81.23
v 78.59 77.50 86.28
v 79.81 84.47 86.28
v 79.00 77.79 81.23
v 85.89 76.58 81.23
v 86.18 76.18 86.28
v 78.59 77.50 86.28
v 85.89 76.58 81.23
v 87.06 83.77 81.07
v 87.39 83.15 86.28
v 86.18 76.18 86.28
v 79.81 84.47 86.28
v 87.39 83.15 86.28
v 83.64 84.06 91.04
v 82.34 76.59 91.04
v 83.64 84.06 91.04
v 86.18 76.18 86.28
v 78.59 77.50 86.28
v 82.34 76.59 91.04
v 87.39 83.15 86.28
v 86.18 76.18 86.28
v 83.64 84.06 91.04
v 79.81 84.47 86.28
v 82.34 76.59 91.04
v 78.59 77.50 86.28
v 65.88 91.87 68.80
v 58.12 91.87 68.80
v 58.12 100.33 68.80
v 65.88 100.33 68.80
v 65.88 100.33 77.00
v 58.12 100.33 77.00
v 58.12 91.87 77.00
v 65.88 91.87 77.00
v 65.46 84.16 78.59
v 65.88 91.87 77.00
v 65.81 92.55 82.45
v 65.81 83.81 82.45
v 65.81 92.55 82.45
v 58.19 92.55 82.45
v 57.94 88.18 87.92
v 66.06 88.18 87.92
v 65.81 83.81 82.45
v 66.06 88.18 87.92
v 57.94 88.18 87.92
v 58.19 83.81 82.45
v 65.81 92.55 82.45
v 66.06 88.18 87.92
v 65.81 83.81 82.45
v 58.19 92.55 82.45
v 58.19 83.81 82.45
v 57.94 88.18 87.92
v 66.45 76.29 68.80
v 57.55 76.29 68.80
v 58.54 84.16 68.80
v 65.46 84.16 68.80
v 65.46 84.16 78.59
v 58.54 84.16 78.59
v 57.55 76.29 79.17
v 66.45 76.29 79.17
v 65.46 84.16 68.80
v 58.54 84.16 68.80
v 58.54 84.16 78.59
v 65.46 84.16 78.59
v 58.54 84.16 68.80
v 57.55 76.29 68.80
v 57.55 76.29 79.17
v 58.54 84.16 78.59
v 57.55 76.29 68.80
v 66.45 76.29 68.80
v 66.45 76.29 79.17
v 57.55 76.29 79.17
v 66.45 76.29 68.80
v 65.46 84.16 68.80
v 65.46 84.16 78.59
v 66.45 76.29 79.17
v 66.45 76.29 79.17
v 57.55 76.29 79.17
v 58.54 84.16 78.59
v 65.46 84.16 78.59
v 65.81 83.81 82.45
v 58.19 83.81 82.45
v 57.20 75.94 83.30
v 66.80 75.94 83.30
v 65.46 84.16 78.59
v 58.54 84.16 78.59
v 58.19 83.81 82.45
v 65.81 83.81 82.45
v 58.54 84.16 78.59
v 57.55 76.29 79.17
v 57.20 75.94 83.30
v 58.19 83.81 82.45
v 57.55 76.29 79.17
v 66.45 76.29 79.17
v 66.80 75.94 83.30
v 57.20 75.94 83.30
v 66.45 76.29 79.17
v 65.46 84.16 78.59
v 65.81 83.81 82.45
v 66.80 75.94 83.30
v 58.19 83.81 82.45
v 65.81 83.81 82.45
v 62.00 84.82 89.34
v 62.00 75.69 89.34
v 62.00 84.82 89.34
v 66.80 75.94 83.30
v 57.20 75.94 83.30
v 62.00 75.69 89.34
v 65.81 83.81 82.45
v 66.80 75.94 83.30
v 62.00 84.82 89.34
v 58.19 83.81 82.45
v 62.00 75.69 89.34
v 57.20 75.94 83.30
v 61.23 76.66 73.74
v 59.69 76.66 73.74
v 57.55 76.29 79.17
v 61.23 76.66 75.88
v 59.69 76.66 73.74
v 61.23 76.66 73.74
v 61.23 76.66 75.88
v 57.55 76.29 79.17
v 61.23 76.66 75.88
v 57.55 76.29 79.17
v 57.20 75.94 83.30
v 61.23 76.66 80.16
v 63.96 82.15 83.30
v 65.81 83.81 82.45
v 65.06 82.15 86.50
v 62.00 84.82 89.34
v 43.15 93.42 68.80
v 34.56 91.92 68.80
v 33.41 98.46 68.80
v 42.01 99.96 68.80
v 42.01 99.96 79.41
v 33.41 98.46 79.41
v 34.56 91.92 79.41
v 43.15 93.42 79.41
v 42.01 99.96 68.80
v 33.41 98.46 68.80
v 33.41 98.46 79.41
v 42.01 99.96 79.41
v 33.41 98.46 68.80
v 34.56 91.92 68.80
v 34.56 91.92 79.41
v 33.41 98.46 79.41
v 34.56 91.92 68.80
v 43.15 93.42 68.80
v 43.15 93.42 79.41
v 34.56 91.92 79.41
v 43.15 93.42 68.80
v 42.01 99.96 68.80
v 42.01 99.96 79.41
v 43.15 93.42 79.41
v 33.41 98.46 79.41
v 42.50 100.66 79.41
v 37.61 99.80 85.34
v 38.96 92.08 85.34
v 37.61 99.80 85.34
v 43.15 93.42 79.41
v 34.56 91.92 79.41
v 38.96 92.08 85.34
v 42.50 100.66 79.41
v 43.15 93.42 79.41
v 37.61 99.80 85.34
v 33.41 98.46 79.41
v 38.96 92.08 85.34
v 34.56 91.92 79.41
v 43.76 85.07 68.80
v 36.81 83.86 68.80
v 35.57 90.99 68.80
v 43.15 93.42 68.80
v 42.52 92.21 83.04
v 36.61 94.11 84.00
v 36.81 83.86 83.04
v 43.76 85.07 83.04
v 43.15 93.42 68.80
v 35.57 90.99 68.80
v 36.61 94.11 84.00
v 42.52 92.21 83.04
v 35.57 90.99 68.80
v 36.81 83.86 68.80
v 36.81 83.86 83.04
v 36.61 94.11 84.00
v 36.81 83.86 68.80
v 43.76 85.07 68.80
v 43.76 85.07 83.04
v 36.81 83.86 83.04
v 43.76 85.07 68.80
v 43.15 93.42 68.80
v 42.52 92.21 83.04
v 43.76 85.07 83.04
v 44.16 84.78 83.04
v 36.81 83.86 83.04
v 36.61 94.11 84.00
v 42.52 92.21 83.04
v 42.80 92.61 88.90
v 38.96 92.08 85.34
v 36.53 83.45 88.90
v 44.16 84.78 88.90
v 42.52 92.21 83.04
v 36.61 94.11 84.00
v 38.96 92.08 85.34
v 42.80 92.61 88.90
v 36.61 94.11 84.00
v 36.81 83.86 83.04
v 36.53 83.45 88.90
v 38.96 92.08 85.34
v 36.81 83.86 83.04
v 44.16 84.78 83.04
v 44.16 84.78 88.90
v 36.53 83.45 88.90
v 44.16 84.78 83.04
v 42.52 92.21 83.04
v 42.80 92.61 88.90
v 44.16 84.78 88.90
v 42.80 92.61 88.90
v 34.88 91.48 88.90
v 35.60 87.32 93.83
v 43.73 88.74 93.83
v 44.16 84.78 88.90
v 43.73 88.74 93.83
v 35.60 87.32 93.83
v 36.53 83.45 88.90
v 42.80 92.61 88.90
v 43.73 88.74 93.83
v 44.16 84.78 88.90
v 34.88 91.48 88.90
v 36.53 83.45 88.90
v 35.60 87.32 93.83
v 45.18 76.74 68.80
v 38.30 75.54 68.80
v 36.81 83.86 68.80
v 43.79 84.70 68.80
v 41.37 84.88 78.12
v 39.03 84.88 78.12
v 38.30 75.54 79.91
v 45.18 76.74 79.91
v 43.79 84.70 68.80
v 36.81 83.86 68.80
v 39.03 84.88 78.12
v 41.37 84.88 78.12
v 36.81 83.86 68.80
v 38.30 75.54 68.80
v 38.30 75.54 79.91
v 39.03 84.88 78.12
v 38.30 75.54 68.80
v 45.18 76.74 68.80
v 45.18 76.74 79.91
v 38.30 75.54 79.91
v 45.18 76.74 68.80
v 43.79 84.70 68.80
v 41.37 84.88 78.12
v 45.18 76.74 79.91
v 44.28 85.40 79.91
v 39.03 84.88 78.12
v 37.01 79.42 85.41
v 45.08 80.82 85.41
v 45.18 76.74 79.91
v 45.08 80.82 85.41
v 37.01 79.42 85.41
v 37.81 74.84 79.91
v 44.28 85.40 79.91
v 45.08 80.82 85.41
v 45.18 76.74 79.91
v 39.03 84.88 78.12
v 37.81 74.84 79.91
v 37.01 79.42 85.41
v 18.39 93.95 68.80
v 11.09 91.35 68.80
v 8.90 97.50 68.80
v 16.20 100.10 68.80
v 16.20 100.10 81.35
v 8.06 98.88 84.00
v 11.09 91.35 81.35
v 18.39 93.95 81.35
v 16.20 100.10 68.80
v 8.90 97.50 68.80
v 8.06 98.88 84.00
v 16.20 100.10 81.35
v 8.90 97.50 68.80
v 11.09 91.35 68.80
v 11.09 91.35 81.35
v 8.06 98.88 84.00
v 11.09 91.35 68.80
v 18.39 93.95 68.80
v 18.39 93.95 81.35
v 11.09 91.35 81.35
v 18.39 93.95 68.80
v 16.20 100.10 68.80
v 16.20 100.10 81.35
v 18.39 93.95 81.35
v 8.06 98.88 84.00
v 16.20 100.10 81.35
v 12.35 99.37 86.62
v 14.94 92.09 86.62
v 12.35 99.37 86.62
v 18.39 93.95 81.35
v 11.09 91.35 81.35
v 14.94 92.09 86.62
v 16.20 100.10 81.35
v 18.39 93.95 81.35
v 12.35 99.37 86.62
v 8.06 98.88 84.00
v 14.94 92.09 86.62
v 11.09 91.35 81.35
v 15.49 93.04 73.35
v 12.87 93.04 73.35
v 12.87 93.04 75.10
v 15.49 93.04 75.10
v 12.87 93.04 73.35
v 15.49 93.04 73.35
v 15.49 93.04 75.10
v 12.87 93.04 75.10
v 21.50 85.47 68.80
v 14.05 82.82 68.80
v 11.09 91.35 68.80
v 18.39 93.95 68.80
v 15.49 93.04 75.10
v 12.87 93.04 75.10
v 14.05 82.82 79.83
v 21.50 85.47 79.83
v 18.39 93.95 68.80
v 11.09 91.35 68.80
v 12.87 93.04 75.10
v 15.49 93.04 75.10
v 11.09 91.35 68.80
v 14.05 82.82 68.80
v 14.05 82.82 79.83
v 12.87 93.04 75.10
v 14.05 82.82 68.80
v 21.50 85.47 68.80
v 21.50 85.47 79.83
v 14.05 82.82 79.83
v 21.50 85.47 68.80
v 18.39 93.95 68.80
v 15.49 93.04 75.10
v 21.50 85.47 79.83
v 21.50 85.47 79.83
v 14.05 82.82 79.83
v 12.87 93.04 75.10
v 15.49 93.04 75.10
v 18.39 93.95 81.35
v 11.09 91.35 81.35
v 13.84 82.37 84.25
v 21.94 85.26 84.25
v 15.49 93.04 75.10
v 12.87 93.04 75.10
v 11.09 91.35 81.35
v 18.39 93.95 81.35
v 12.87 93.04 75.10
v 14.05 82.82 79.83
v 13.84 82.37 84.25
v 11.09 91.35 81.35
v 14.05 82.82 79.83
v 21.50 85.47 79.83
v 21.94 85.26 84.25
v 13.84 82.37 84.25
v 21.50 85.47 79.83
v 15.49 93.04 75.10
v 18.39 93.95 81.35
v 21.94 85.26 84.25
v 11.09 91.35 81.35
v 18.39 93.95 81.35
v 14.94 92.09 86.62
v 17.97 83.58 89.62
v 14.94 92.09 86.62
v 21.94 85.26 84.25
v 13.84 82.37 84.25
v 17.97 83.58 89.62
v 18.39 93.95 81.35
v 21.94 85.26 84.25
v 14.94 92.09 86.62
v 11.09 91.35 81.35
v 17.97 83.58 89.62
v 13.84 82.37 84.25
v 15.67 84.50 73.93
v 14.40 84.05 73.93
v 14.05 82.82 79.83
v 15.67 84.50 76.26
v 14.40 84.05 73.93
v 15.67 84.50 73.93
v 15.67 84.50 76.26
v 14.05 82.82 79.83
v 15.67 84.50 76.26
v 14.05 82.82 79.83
v 13.84 82.37 84.25
v 15.67 84.50 80.92
v 14.05 82.82 79.83
v 15.67 84.50 76.26
v 15.67 84.50 80.92
v 13.84 82.37 84.25
v 24.36 77.42 68.80
v 16.92 74.77 68.80
v 14.05 82.82 68.80
v 21.50 85.47 68.80
v 21.94 85.26 84.25
v 13.84 82.37 84.25
v 16.92 74.77 82.62
v 24.36 77.42 82.62
v 21.50 85.47 68.80
v 14.05 82.82 68.80
v 13.84 82.37 84.25
v 21.94 85.26 84.25
v 14.05 82.82 68.80
v 16.92 74.77 68.80
v 16.92 74.77 82.62
v 13.84 82.37 84.25
v 16.92 74.77 68.80
v 24.36 77.42 68.80
v 24.36 77.42 82.62
v 16.92 74.77 82.62
v 24.36 77.42 68.80
v 21.50 85.47 68.80
v 21.94 85.26 84.25
v 24.36 77.42 82.62
v 21.94 85.26 84.25
v 13.84 82.37 84.25
v 14.99 78.40 88.16
v 23.56 81.45 88.16
v 25.13 77.06 82.62
v 23.56 81.45 88.16
v 14.99 78.40 88.16
v 16.92 74.77 82.62
v 21.94 85.26 84.25
v 23.56 81.45 88.16
v 25.13 77.06 82.62
v 13.84 82.37 84.25
v 16.92 74.77 82.62
v 14.99 78.40 88.16
v 21.16 76.44 73.60
v 18.48 76.44 73.60
v 18.48 76.44 75.61
v 21.16 76.44 75.61
v 18.48 76.44 73.60
v 21.16 76.44 73.60
v 21.16 76.44 75.61
v 18.48 76.44 75.61
v -6.80 90.96 68.80
v -12.56 87.76 68.80
v -16.55 94.96 68.80
v -10.79 98.16 68.80
v -14.82 96.18 84.00
v -16.55 94.96 81.45
v -12.56 87.76 81.45
v -6.80 90.96 81.45
v -10.79 98.16 68.80
v -16.55 94.96 68.80
v -16.55 94.96 81.45
v -14.82 96.18 84.00
v -16.55 94.96 68.80
v -12.56 87.76 68.80
v -12.56 87.76 81.45
v -16.55 94.96 81.45
v -12.56 87.76 68.80
v -6.80 90.96 68.80
v -6.80 90.96 81.45
v -12.56 87.76 81.45
v -6.80 90.96 68.80
v -10.79 98.16 68.80
v -14.82 96.18 84.00
v -6.80 90.96 81.45
v -14.82 96.18 84.00
v -16.77 98.65 81.00
v -15.08 91.07 87.04
v -8.27 94.85 87.04
v -6.80 90.96 81.45
v -8.27 94.85 87.04
v -15.08 91.07 87.04
v -12.56 87.76 81.45
v -14.82 96.18 84.00
v -8.27 94.85 87.04
v -6.80 90.96 81.45
v -16.77 98.65 81.00
v -12.56 87.76 81.45
v -15.08 91.07 87.04
v -2.19 83.53 68.80
v -8.71 79.92 68.80
v -12.56 87.76 68.80
v -6.80 90.96 68.80
v -6.80 90.96 81.45
v -12.56 87.76 81.45
v -8.71 79.92 82.59
v -2.19 83.53 82.59
v -6.80 90.96 68.80
v -12.56 87.76 68.80
v -12.56 87.76 81.45
v -6.80 90.96 81.45
v -12.56 87.76 68.80
v -8.71 79.92 68.80
v -8.71 79.92 82.59
v -12.56 87.76 81.45
v -8.71 79.92 68.80
v -2.19 83.53 68.80
v -2.19 83.53 82.59
v -8.71 79.92 82.59
v -2.19 83.53 68.80
v -6.80 90.96 68.80
v -6.80 90.96 81.45
v -2.19 83.53 82.59
v -6.80 90.96 81.45
v -12.56 87.76 81.45
v -11.18 83.12 88.02
v -3.60 87.32 88.02
v -2.19 83.53 82.59
v -3.60 87.32 88.02
v -11.18 83.12 88.02
v -8.71 79.92 82.59
v -6.80 90.96 81.45
v -3.60 87.32 88.02
v -2.19 83.53 82.59
v -12.56 87.76 81.45
v -8.71 79.92 82.59
v -11.18 83.12 88.02
v -4.98 87.32 82.59
v -5.91 89.55 84.00
v -5.94 86.78 85.79
v -3.60 87.32 88.02
v -5.91 89.55 84.00
v -4.98 87.32 82.59
v -3.60 87.32 88.02
v -5.94 86.78 85.79
v 2.50 75.98 68.80
v -4.79 71.94 68.80
v -8.71 79.92 68.80
v -2.19 83.53 68.80
v -1.40 83.03 78.09
v -8.70 78.98 78.09
v -4.79 71.94 78.09
v 2.50 75.98 78.09
v -2.19 83.53 68.80
v -8.71 79.92 68.80
v -8.70 78.98 78.09
v -1.40 83.03 78.09
v -8.71 79.92 68.80
v -4.79 71.94 68.80
v -4.79 71.94 78.09
v -8.70 78.98 78.09
v -4.79 71.94 68.80
v 2.50 75.98 68.80
v 2.50 75.98 78.09
v -4.79 71.94 78.09
v 2.50 75.98 68.80
v -2.19 83.53 68.80
v -1.40 83.03 78.09
v 2.50 75.98 78.09
v -8.70 78.98 78.09
v -1.40 83.03 78.09
v -5.34 81.53 83.76
v -0.85 73.43 83.76
v -5.34 81.53 83.76
v 2.50 75.98 78.09
v -5.03 71.12 78.09
v -0.85 73.43 83.76
v -24.20 77.44 68.80
v -29.58 84.98 68.80
v -28.72 83.24 81.23
v -24.20 77.44 81.23
v -24.20 77.44 81.23
v -30.89 72.22 81.23
v -35.41 78.02 81.23
v -28.72 83.24 81.23
v -28.66 83.73 86.29
v -35.90 78.08 86.29
v -30.95 71.73 86.29
v -23.71 77.38 86.29
v -28.72 83.24 81.23
v -35.41 78.02 81.23
v -35.90 78.08 86.29
v -28.66 83.73 86.29
v -35.41 78.02 81.23
v -30.89 72.22 81.23
v -30.95 71.73 86.29
v -35.90 78.08 86.29
v -30.89 72.22 81.23
v -24.20 77.44 81.23
v -23.71 77.38 86.29
v -30.95 71.73 86.29
v -24.20 77.44 81.23
v -28.72 83.24 81.23
v -28.66 83.73 86.29
v -23.71 77.38 86.29
v -35.90 78.08 86.29
v -28.66 83.73 86.29
v -32.43 81.10 92.05
v -27.17 74.36 92.05
v -32.43 81.10 92.05
v -23.71 77.38 86.29
v -30.95 71.73 86.29
v -27.17 74.36 92.05
v -28.66 83.73 86.29
v -23.71 77.38 86.29
v -32.43 81.10 92.05
v -35.90 78.08 86.29
v -27.17 74.36 92.05
v -30.95 71.73 86.29
v -18.93 70.07 68.80
v -25.02 65.32 68.80
v -29.32 70.84 68.80
v -24.20 77.44 68.80
v -23.23 75.59 77.02
v -27.92 74.82 77.08
v -25.02 65.32 77.02
v -18.93 70.07 77.02
v -24.20 77.44 68.80
v -29.32 70.84 68.80
v -27.92 74.82 77.08
v -23.23 75.59 77.02
v -29.32 70.84 68.80
v -25.02 65.32 68.80
v -25.02 65.32 77.02
v -27.92 74.82 77.08
v -25.02 65.32 68.80
v -18.93 70.07 68.80
v -18.93 70.07 77.02
v -25.02 65.32 77.02
v -18.93 70.07 68.80
v -24.20 77.44 68.80
v -23.23 75.59 77.02
v -18.93 70.07 77.02
v -18.93 70.07 77.02
v -25.09 64.83 77.02
v -27.92 74.82 77.08
v -23.23 75.59 77.02
v -24.20 77.44 81.23
v -27.92 74.82 82.55
v -25.09 64.83 80.18
v -18.44 70.01 80.18
v -23.23 75.59 77.02
v -27.92 74.82 77.08
v -27.92 74.82 82.55
v -24.20 77.44 81.23
v -27.92 74.82 77.08
v -25.09 64.83 77.02
v -25.09 64.83 80.18
v -27.92 74.82 82.55
v -25.09 64.83 77.02
v -18.93 70.07 77.02
v -18.44 70.01 80.18
v -25.09 64.83 80.18
v -18.93 70.07 77.02
v -23.23 75.59 77.02
v -24.20 77.44 81.23
v -18.44 70.01 80.18
v -30.89 72.22 81.23
v -24.20 77.44 81.23
v -26.65 73.69 85.43
v -21.61 67.22 85.43
v -26.65 73.69 85.43
v -18.09 69.97 80.18
v -25.09 64.83 80.18
v -21.61 67.22 85.43
v -24.20 77.44 81.23
v -18.09 69.97 80.18
v -26.65 73.69 85.43
v -30.89 72.22 81.23
v -21.61 67.22 85.43
v -25.09 64.83 80.18
v -49.77 71.61 68.80
v -55.06 66.04 68.80
v -60.84 71.53 68.80
v -55.54 77.10 68.80
v -59.94 78.33 81.00
v -60.84 71.53 81.80
v -55.06 66.04 81.80
v -49.77 71.61 81.80
v -55.54 77.10 68.80
v -60.84 71.53 68.80
v -60.84 71.53 81.80
v -59.94 78.33 81.00
v -60.84 71.53 68.80
v -55.06 66.04 68.80
v -55.06 66.04 81.80
v -60.84 71.53 81.80
v -55.06 66.04 68.80
v -49.77 71.61 68.80
v -49.77 71.61 81.80
v -55.06 66.04 81.80
v -49.77 71.61 68.80
v -55.54 77.10 68.80
v -59.94 78.33 81.00
v -49.77 71.61 81.80
v -59.94 78.33 81.00
v -60.84 71.53 81.80
v -58.37 68.35 87.22
v -52.24 74.79 87.22
v -49.77 71.61 81.80
v -52.24 74.79 87.22
v -58.37 68.35 87.22
v -55.06 66.04 81.80
v -59.94 78.33 81.00
v -52.24 74.79 87.22
v -49.77 71.61 81.80
v -60.84 71.53 81.80
v -55.06 66.04 81.80
v -58.37 68.35 87.22
v -43.56 65.67 68.80
v -48.82 60.14 68.80
v -53.39 64.48 68.80
v -49.77 71.61 68.80
v -49.77 71.61 81.80
v -53.39 64.48 81.38
v -48.82 60.14 81.38
v -43.56 65.67 81.38
v -49.77 71.61 68.80
v -53.39 64.48 68.80
v -53.39 64.48 81.38
v -49.77 71.61 81.80
v -53.39 64.48 68.80
v -48.82 60.14 68.80
v -48.82 60.14 81.38
v -53.39 64.48 81.38
v -48.82 60.14 68.80
v -43.56 65.67 68.80
v -43.56 65.67 81.38
v -48.82 60.14 81.38
v -43.56 65.67 68.80
v -49.77 71.61 68.80
v -49.77 71.61 81.80
v -43.56 65.67 81.38
v -43.56 65.67 81.38
v -48.81 59.64 81.38
v -53.39 64.48 81.38
v -49.77 71.61 81.80
v -48.14 70.52 86.50
v -53.89 64.47 86.50
v -48.81 59.64 86.50
v -43.06 65.69 86.50
v -49.77 71.61 81.80
v -53.39 64.48 81.38
v -53.89 64.47 86.50
v -48.14 70.52 86.50
v -53.39 64.48 81.38
v -48.81 59.64 81.38
v -48.81 59.64 86.50
v -53.89 64.47 86.50
v -48.81 59.64 81.38
v -43.56 65.67 81.38
v -43.06 65.69 86.50
v -48.81 59.64 86.50
v -43.56 65.67 81.38
v -49.77 71.61 81.80
v -48.14 70.52 86.50
v -43.06 65.69 86.50
v -53.89 64.47 86.50
v -48.14 70.52 86.50
v -51.20 67.67 91.69
v -45.76 62.49 91.69
v -51.20 67.67 91.69
v -43.06 65.69 86.50
v -48.81 59.64 86.50
v -45.76 62.49 91.69
v -48.14 70.52 86.50
v -43.06 65.69 86.50
v -51.20 67.67 91.69
v -53.89 64.47 86.50
v -45.76 62.49 91.69
v -48.81 59.64 86.50
v -49.50 62.69 74.38
v -50.38 61.75 74.38
v -50.38 61.75 77.16
v -49.50 62.69 77.16
v -50.38 61.75 74.38
v -49.50 62.69 74.38
v -49.50 62.69 77.16
v -50.38 61.75 77.16
v -49.50 62.69 77.16
v -50.38 61.75 77.16
v -53.39 64.48 81.38
v -48.82 60.14 81.38
v -50.38 61.75 77.16
v -49.50 62.69 77.16
v -48.82 60.14 81.38
v -53.39 64.48 81.38
v -35.73 58.92 68.80
v -41.69 52.65 68.80
v -47.57 58.25 68.80
v -41.61 64.52 68.80
v -41.61 64.52 82.35
v -48.81 59.64 81.38
v -41.69 52.65 82.35
v -35.73 58.92 82.35
v -41.61 64.52 68.80
v -47.57 58.25 68.80
v -48.81 59.64 81.38
v -41.61 64.52 82.35
v -47.57 58.25 68.80
v -41.69 52.65 68.80
v -41.69 52.65 82.35
v -48.81 59.64 81.38
v -41.69 52.65 68.80
v -35.73 58.92 68.80
v -35.73 58.92 82.35
v -41.69 52.65 82.35
v -35.73 58.92 68.80
v -41.61 64.52 68.80
v -41.61 64.52 82.35
v -35.73 58.92 82.35
v -48.81 59.64 81.38
v -43.56 65.67 81.38
v -45.02 61.80 88.24
v -38.27 55.37 88.24
v -45.02 61.80 88.24
v -34.88 58.94 82.35
v -41.69 52.65 82.35
v -38.27 55.37 88.24
v -43.56 65.67 81.38
v -34.88 58.94 82.35
v -45.02 61.80 88.24
v -48.81 59.64 81.38
v -38.27 55.37 88.24
v -41.69 52.65 82.35
v -42.80 55.36 73.55
v -43.83 54.28 73.55
v -43.83 54.28 75.50
v -42.80 55.36 75.50
v -43.83 54.28 73.55
v -42.80 55.36 73.55
v -42.80 55.36 75.50
v -43.83 54.28 75.50
v -39.82 55.36 73.55
v -43.83 54.28 73.55
v -43.83 54.28 75.50
v -39.82 55.36 75.50
v -43.83 54.28 73.55
v -39.82 55.36 73.55
v -39.82 55.36 75.50
v -43.83 54.28 75.50
v -39.21 60.73 82.35
v -35.73 58.92 82.35
v -38.27 55.37 88.24
v -39.21 60.73 85.55
v -35.73 58.92 82.35
v -39.21 60.73 82.35
v -39.21 60.73 85.55
v -38.27 55.37 88.24
v -65.45 56.35 68.80
v -70.50 49.29 68.80
v -76.04 53.25 68.80
v -70.99 60.31 68.80
v -70.99 60.31 79.90
v -76.04 53.25 79.90
v -70.50 49.29 79.90
v -65.45 56.35 79.90
v -70.99 60.31 68.80
v -76.04 53.25 68.80
v -76.04 53.25 79.90
v -70.99 60.31 79.90
v -76.04 53.25 68.80
v -70.50 49.29 68.80
v -70.50 49.29 79.90
v -76.04 53.25 79.90
v -70.50 49.29 68.80
v -65.45 56.35 68.80
v -65.45 56.35 79.90
v -70.50 49.29 79.90
v -65.45 56.35 68.80
v -70.99 60.31 68.80
v -70.99 60.31 79.90
v -65.45 56.35 79.90
v -64.97 56.44 79.90
v -70.50 49.29 79.90
v -76.04 53.25 79.90
v -70.99 60.31 79.90
v -71.08 60.80 84.35
v -76.53 53.17 84.35
v -70.42 48.80 84.35
v -64.97 56.44 84.35
v -70.99 60.31 79.90
v -76.04 53.25 79.90
v -76.53 53.17 84.35
v -71.08 60.80 84.35
v -76.04 53.25 79.90
v -70.50 49.29 79.90
v -70.42 48.80 84.35
v -76.53 53.17 84.35
v -70.50 49.29 79.90
v -64.97 56.44 79.90
v -64.97 56.44 84.35
v -70.42 48.80 84.35
v -64.97 56.44 79.90
v -70.99 60.31 79.90
v -71.08 60.80 84.35
v -64.97 56.44 84.35
v -76.53 53.17 84.35
v -71.08 60.80 84.35
v -74.00 57.13 90.25
v -67.49 52.47 90.25
v -74.00 57.13 90.25
v -64.97 56.44 84.35
v -70.42 48.80 84.35
v -67.49 52.47 90.25
v -71.08 60.80 84.35
v -64.97 56.44 84.35
v -74.00 57.13 90.25
v -76.53 53.17 84.35
v -67.49 52.47 90.25
v -70.42 48.80 84.35
v -57.97 50.77 68.80
v -62.78 44.02 68.80
v -68.07 47.80 68.80
v -63.26 54.54 68.80
v -63.26 54.54 81.20
v -68.07 47.80 81.20
v -62.78 44.02 81.20
v -57.97 50.77 81.20
v -63.26 54.54 68.80
v -68.07 47.80 68.80
v -68.07 47.80 81.20
v -63.26 54.54 81.20
v -68.07 47.80 68.80
v -62.78 44.02 68.80
v -62.78 44.02 81.20
v -68.07 47.80 81.20
v -62.78 44.02 68.80
v -57.97 50.77 68.80
v -57.97 50.77 81.20
v -62.78 44.02 81.20
v -57.97 50.77 68.80
v -63.26 54.54 68.80
v -63.26 54.54 81.20
v -57.97 50.77 81.20
v -57.97 50.77 81.20
v -62.78 44.02 81.20
v -68.07 47.80 81.20
v -64.97 56.44 84.35
v -63.34 55.03 86.24
v -68.56 47.72 86.24
v -62.70 43.54 86.24
v -57.48 50.85 86.24
v -64.97 56.44 84.35
v -68.07 47.80 81.20
v -68.56 47.72 86.24
v -63.34 55.03 86.24
v -68.07 47.80 81.20
v -62.78 44.02 81.20
v -62.70 43.54 86.24
v -68.56 47.72 86.24
v -62.78 44.02 81.20
v -57.97 50.77 81.20
v -57.48 50.85 86.24
v -62.70 43.54 86.24
v -57.97 50.77 81.20
v -64.97 56.44 84.35
v -63.34 55.03 86.24
v -57.48 50.85 86.24
v -68.56 47.72 86.24
v -63.34 55.03 86.24
v -67.49 52.47 90.25
v -59.89 47.05 91.87
v -67.49 52.47 90.25
v -57.48 50.85 86.24
v -62.70 43.54 86.24
v -59.89 47.05 91.87
v -63.34 55.03 86.24
v -57.48 50.85 86.24
v -67.49 52.47 90.25
v -68.56 47.72 86.24
v -59.89 47.05 91.87
v -62.70 43.54 86.24
v -64.22 46.88 74.33
v -65.05 45.72 74.33
v -65.05 45.72 77.06
v -64.22 46.88 77.06
v -65.05 45.72 74.33
v -64.22 46.88 74.33
v -64.22 46.88 77.06
v -65.05 45.72 77.06
v -64.22 46.88 77.06
v -65.05 45.72 77.06
v -68.07 47.80 81.20
v -64.22 46.88 82.51
v -65.05 45.72 77.06
v -64.22 46.88 77.06
v -64.22 46.88 82.51
v -68.07 47.80 81.20
v -49.94 45.15 68.80
v -54.87 38.25 68.80
v -62.78 44.02 68.80
v -55.72 49.28 68.80
v -55.72 49.28 82.14
v -62.78 44.02 81.20
v -54.87 38.25 82.14
v -49.94 45.15 82.14
v -55.72 49.28 68.80
v -62.78 44.02 68.80
v -62.78 44.02 81.20
v -55.72 49.28 82.14
v -62.78 44.02 68.80
v -54.87 38.25 68.80
v -54.87 38.25 82.14
v -62.78 44.02 81.20
v -54.87 38.25 68.80
v -49.94 45.15 68.80
v -49.94 45.15 82.14
v -54.87 38.25 82.14
v -49.94 45.15 68.80
v -55.72 49.28 68.80
v -55.72 49.28 82.14
v -49.94 45.15 82.14
v -62.78 44.02 81.20
v -57.97 50.77 81.20
v -58.67 46.18 87.91
v -51.91 41.35 87.91
v -58.67 46.18 87.91
v -49.94 45.15 82.14
v -54.87 38.25 82.14
v -51.91 41.35 87.91
v -57.97 50.77 81.20
v -49.94 45.15 82.14
v -58.67 46.18 87.91
v -62.78 44.02 81.20
v -51.91 41.35 87.91
v -54.87 38.25 82.14
v -56.53 41.07 73.51
v -57.37 39.89 73.51
v -57.37 39.89 75.42
v -56.53 41.07 75.42
v -57.37 39.89 73.51
v -56.53 41.07 73.51
v -56.53 41.07 75.42
v -57.37 39.89 75.42
v -53.62 41.07 73.51
v -54.46 39.89 73.51
v -54.46 39.89 75.42
v -53.62 41.07 75.42
v -54.46 39.89 73.51
v -53.62 41.07 73.51
v -53.62 41.07 75.42
v -54.46 39.89 75.42
v -78.37 38.04 68.80
v -81.42 32.28 68.80
v -88.73 36.15 68.80
v -85.68 41.91 68.80
v -89.55 40.27 81.00
v -89.63 36.68 84.00
v -83.09 34.80 84.00
v -78.37 38.04 83.00
v -85.68 41.91 68.80
v -88.73 36.15 68.80
v -89.63 36.68 84.00
v -89.55 40.27 81.00
v -88.73 36.15 68.80
v -81.42 32.28 68.80
v -83.09 34.80 84.00
v -89.63 36.68 84.00
v -81.42 32.28 68.80
v -78.37 38.04 68.80
v -78.37 38.04 83.00
v -83.09 34.80 84.00
v -78.37 38.04 68.80
v -85.68 41.91 68.80
v -89.55 40.27 81.00
v -78.37 38.04 83.00
v -89.55 40.27 81.00
v -89.63 36.68 84.00
v -85.36 33.69 88.63
v -81.75 40.50 88.63
v -78.37 38.04 83.00
v -81.75 40.50 88.63
v -85.36 33.69 88.63
v -83.09 34.80 84.00
v -89.55 40.27 81.00
v -81.75 40.50 88.63
v -78.37 38.04 83.00
v -89.63 36.68 84.00
v -83.09 34.80 84.00
v -85.36 33.69 88.63
v -84.58 33.67 73.68
v -85.08 32.73 73.68
v -85.08 32.73 75.76
v -83.09 34.80 75.77
v -85.08 32.73 73.68
v -84.58 33.67 73.68
v -83.09 34.80 75.77
v -85.08 32.73 75.76
v -70.27 35.06 68.80
v -74.41 27.25 68.80
v -79.89 30.16 68.80
v -78.37 38.04 68.80
v -75.76 37.96 77.79
v -79.89 30.16 77.79
v -74.41 27.25 77.79
v -70.27 35.06 77.79
v -78.37 38.04 68.80
v -79.89 30.16 68.80
v -79.89 30.16 77.79
v -75.76 37.96 77.79
v -79.89 30.16 68.80
v -74.41 27.25 68.80
v -74.41 27.25 77.79
v -79.89 30.16 77.79
v -74.41 27.25 68.80
v -70.27 35.06 68.80
v -70.27 35.06 77.79
v -74.41 27.25 77.79
v -70.27 35.06 68.80
v -78.37 38.04 68.80
v -75.76 37.96 77.79
v -70.27 35.06 77.79
v -69.80 35.20 77.79
v -74.41 27.25 77.79
v -83.09 34.80 75.77
v -75.76 37.96 77.79
v -78.37 38.04 83.00
v -83.09 34.80 84.00
v -74.26 26.78 81.29
v -69.80 35.20 81.29
v -75.76 37.96 77.79
v -83.09 34.80 75.77
v -83.09 34.80 84.00
v -78.37 38.04 83.00
v -83.09 34.80 75.77
v -74.41 27.25 77.79
v -74.26 26.78 81.29
v -83.09 34.80 84.00
v -74.41 27.25 77.79
v -69.80 35.20 77.79
v -69.80 35.20 81.29
v -74.26 26.78 81.29
v -69.80 35.20 77.79
v -75.76 37.96 77.79
v -78.37 38.04 83.00
v -69.80 35.20 81.29
v -80.70 29.91 81.29
v -78.37 38.04 83.00
v -78.35 34.34 87.30
v -71.81 30.87 87.30
v -78.35 34.34 87.30
v -69.80 35.20 81.29
v -74.26 26.78 81.29
v -71.81 30.87 87.30
v -78.37 38.04 83.00
v -69.80 35.20 81.29
v -78.35 34.34 87.30
v -80.70 29.91 81.29
v -71.81 30.87 87.30
v -74.26 26.78 81.29
v -76.47 30.42 73.34
v -77.18 29.07 73.34
v -77.18 29.07 75.08
v -79.89 30.16 77.79
v -77.18 29.07 73.34
v -76.47 30.42 73.34
v -79.89 30.16 77.79
v -77.18 29.07 75.08
v -73.42 30.42 73.34
v -74.13 29.07 73.34
v -74.41 27.25 77.79
v -73.42 30.42 75.08
v -74.13 29.07 73.34
v -73.42 30.42 73.34
v -73.42 30.42 75.08
v -74.41 27.25 77.79
v -61.62 30.76 68.80
v -66.00 22.51 68.80
v -74.41 27.25 68.80
v -67.22 33.73 68.80
v -67.22 33.73 81.05
v -74.26 26.78 81.29
v -66.00 22.51 81.05
v -61.62 30.76 81.05
v -67.22 33.73 68.80
v -74.41 27.25 68.80
v -74.26 26.78 81.29
v -67.22 33.73 81.05
v -74.41 27.25 68.80
v -66.00 22.51 68.80
v -66.00 22.51 81.05
v -74.26 26.78 81.29
v -66.00 22.51 68.80
v -61.62 30.76 68.80
v -61.62 30.76 81.05
v -66.00 22.51 81.05
v -61.62 30.76 68.80
v -67.22 33.73 68.80
v -67.22 33.73 81.05
v -61.62 30.76 81.05
v -74.26 26.78 81.29
v -67.22 33.73 81.05
v -69.94 29.88 87.40
v -63.28 26.36 87.40
v -69.94 29.88 87.40
v -61.62 30.76 81.05
v -66.00 22.51 81.05
v -63.28 26.36 87.40
v -67.22 33.73 81.05
v -61.62 30.76 81.05
v -69.94 29.88 87.40
v -74.26 26.78 81.29
v -63.28 26.36 87.40
v -66.00 22.51 81.05
v -90.32 22.31 68.80
v -93.60 13.59 68.80
v -100.15 16.05 68.80
v -96.86 24.77 68.80
v -96.91 23.11 84.00
v -100.15 16.05 82.75
v -93.60 13.59 82.75
v -90.32 22.31 82.75
v -96.86 24.77 68.80
v -100.15 16.05 68.80
v -100.15 16.05 82.75
v -96.91 23.11 84.00
v -100.15 16.05 68.80
v -93.60 13.59 68.80
v -93.60 13.59 82.75
v -100.15 16.05 82.75
v -93.60 13.59 68.80
v -90.32 22.31 68.80
v -90.32 22.31 82.75
v -93.60 13.59 82.75
v -90.32 22.31 68.80
v -96.86 24.77 68.80
v -96.91 23.11 84.00
v -90.32 22.31 82.75
v -100.15 16.05 82.75
v -97.21 25.55 82.75
v -99.07 20.62 89.08
v -91.40 17.74 89.08
v -99.07 20.62 89.08
v -89.55 22.66 82.75
v -93.60 13.59 82.75
v -91.40 17.74 89.08
v -97.21 25.55 82.75
v -89.55 22.66 82.75
v -99.07 20.62 89.08
v -100.15 16.05 82.75
v -91.40 17.74 89.08
v -93.60 13.59 82.75
v -96.80 16.66 73.63
v -96.91 14.96 73.63
v -96.91 14.96 75.66
v -96.80 16.66 75.66
v -96.91 14.96 73.63
v -96.80 16.66 73.63
v -96.80 16.66 75.66
v -96.91 14.96 75.66
v -93.55 16.66 73.63
v -93.67 14.96 73.63
v -93.67 14.96 75.66
v -93.55 16.66 75.66
v -93.67 14.96 73.63
v -93.55 16.66 73.63
v -93.55 16.66 75.66
v -93.67 14.96 75.66
v -90.32 22.31 82.75
v -92.31 19.72 82.75
v -91.40 17.74 89.08
v -92.95 21.14 85.95
v -92.31 19.72 82.75
v -90.32 22.31 82.75
v -92.95 21.14 85.95
v -91.40 17.74 89.08
v -80.90 17.55 68.80
v -83.38 10.96 68.80
v -93.60 13.59 68.80
v -88.78 20.51 68.80
v -88.78 20.51 76.89
v -93.67 14.96 75.66
v -83.38 10.96 76.89
v -80.90 17.55 76.89
v -88.78 20.51 68.80
v -93.60 13.59 68.80
v -93.67 14.96 75.66
v -88.78 20.51 76.89
v -93.60 13.59 68.80
v -83.38 10.96 68.80
v -83.38 10.96 76.89
v -93.67 14.96 75.66
v -83.38 10.96 68.80
v -80.90 17.55 68.80
v -80.90 17.55 76.89
v -83.38 10.96 76.89
v -80.90 17.55 68.80
v -88.78 20.51 68.80
v -88.78 20.51 76.89
v -80.90 17.55 76.89
v -88.78 20.51 76.89
v -93.67 14.96 75.66
v -87.53 11.88 82.61
v -84.63 19.59 82.61
v -80.90 17.55 76.89
v -84.63 19.59 82.61
v -87.53 11.88 82.61
v -83.38 10.96 76.89
v -88.78 20.51 76.89
v -84.63 19.59 82.61
v -80.90 17.55 76.89
v -93.67 14.96 75.66
v -83.38 10.96 76.89
v -87.53 11.88 82.61
v -84.94 12.28 72.46
v -87.27 12.28 72.46
v -87.27 12.28 75.03
v -83.38 10.96 76.89
v -87.27 12.28 72.46
v -84.94 12.28 72.46
v -83.38 10.96 76.89
v -87.27 12.28 75.03
v -72.19 14.62 68.80
v -74.90 7.42 68.80
v -81.67 9.96 68.80
v -78.96 17.17 68.80
v -78.96 17.17 79.47
v -81.67 9.96 79.47
v -74.90 7.42 79.47
v -72.19 14.62 79.47
v -78.96 17.17 68.80
v -81.67 9.96 68.80
v -81.67 9.96 79.47
v -78.96 17.17 79.47
v -81.67 9.96 68.80
v -74.90 7.42 68.80
v -74.90 7.42 79.47
v -81.67 9.96 79.47
v -74.90 7.42 68.80
v -72.19 14.62 68.80
v -72.19 14.62 79.47
v -74.90 7.42 79.47
v -72.19 14.62 68.80
v -78.96 17.17 68.80
v -78.96 17.17 79.47
v -72.19 14.62 79.47
v -81.67 9.96 79.47
v -78.96 17.17 79.47
v -80.88 13.78 84.71
v -72.99 10.81 84.71
v -80.88 13.78 84.71
v -72.19 14.62 79.47
v -74.90 7.42 79.47
v -72.99 10.81 84.71
v -78.96 17.17 79.47
v -72.19 14.62 79.47
v -80.88 13.78 84.71
v -81.67 9.96 79.47
v -72.99 10.81 84.71
v -74.90 7.42 79.47
v -99.88 3.23 68.80
v -101.73 -4.43 68.80
v -109.82 -2.48 68.80
v -107.96 5.18 68.80
v -107.96 5.18 78.46
v -109.82 -2.48 78.46
v -101.73 -4.43 78.46
v -99.88 3.23 78.46
v -107.96 5.18 68.80
v -109.82 -2.48 68.80
v -109.82 -2.48 78.46
v -107.96 5.18 78.46
v -109.82 -2.48 68.80
v -101.73 -4.43 68.80
v -101.73 -4.43 78.46
v -109.82 -2.48 78.46
v -101.73 -4.43 68.80
v -99.88 3.23 68.80
v -99.88 3.23 78.46
v -101.73 -4.43 78.46
v -99.88 3.23 68.80
v -107.96 5.18 68.80
v -107.96 5.18 78.46
v -99.88 3.23 78.46
v -107.96 5.18 78.46
v -110.54 -2.92 78.46
v -105.92 -4.04 84.11
v -103.78 4.79 84.11
v -99.88 3.23 78.46
v -103.78 4.79 84.11
v -105.92 -4.04 84.11
v -101.29 -5.16 78.46
v -107.96 5.18 78.46
v -103.78 4.79 84.11
v -99.88 3.23 78.46
v -110.54 -2.92 78.46
v -101.29 -5.16 78.46
v -105.92 -4.04 84.11
v -91.15 1.28 68.80
v -93.08 -6.69 68.80
v -99.12 -5.23 68.80
v -99.88 3.23 68.80
v -97.19 2.74 82.33
v -96.61 -6.00 84.00
v -93.08 -6.69 82.33
v -91.15 1.28 82.33
v -99.88 3.23 68.80
v -99.12 -5.23 68.80
v -96.61 -6.00 84.00
v -97.19 2.74 82.33
v -99.12 -5.23 68.80
v -93.08 -6.69 68.80
v -93.08 -6.69 82.33
v -96.61 -6.00 84.00
v -93.08 -6.69 68.80
v -91.15 1.28 68.80
v -91.15 1.28 82.33
v -93.08 -6.69 82.33
v -91.15 1.28 68.80
v -99.88 3.23 68.80
v -97.19 2.74 82.33
v -91.15 1.28 82.33
v -96.61 -6.00 84.00
v -97.19 2.74 82.33
v -98.74 -1.10 87.91
v -91.54 -2.84 87.91
v -98.74 -1.10 87.91
v -91.15 1.28 82.33
v -93.08 -6.69 82.33
v -91.54 -2.84 87.91
v -97.19 2.74 82.33
v -91.15 1.28 82.33
v -98.74 -1.10 87.91
v -96.61 -6.00 84.00
v -91.54 -2.84 87.91
v -93.08 -6.69 82.33
v -96.61 -4.21 73.55
v -96.94 -5.58 73.55
v -96.94 -5.58 75.49
v -96.61 -4.21 75.49
v -96.94 -5.58 73.55
v -96.61 -4.21 73.55
v -96.61 -4.21 75.49
v -96.94 -5.58 75.49
v -93.81 -4.21 73.55
v -94.14 -5.58 73.55
v -94.14 -5.58 75.49
v -93.81 -4.21 75.49
v -94.14 -5.58 73.55
v -93.81 -4.21 73.55
v -93.81 -4.21 75.49
v -94.14 -5.58 75.49
v -81.27 -0.48 68.80
v -83.48 -9.64 68.80
v -89.58 -8.17 68.80
v -87.37 1.00 68.80
v -87.37 1.00 80.73
v -89.58 -8.17 80.73
v -83.48 -9.64 80.73
v -81.27 -0.48 80.73
v -87.37 1.00 68.80
v -89.58 -8.17 68.80
v -89.58 -8.17 80.73
v -87.37 1.00 80.73
v -89.58 -8.17 68.80
v -83.48 -9.64 68.80
v -83.48 -9.64 80.73
v -89.58 -8.17 80.73
v -83.48 -9.64 68.80
v -81.27 -0.48 68.80
v -81.27 -0.48 80.73
v -83.48 -9.64 80.73
v -81.27 -0.48 68.80
v -87.37 1.00 68.80
v -87.37 1.00 80.73
v -81.27 -0.48 80.73
v -93.08 -6.69 82.33
v -87.37 1.00 80.73
v -89.06 -3.44 87.14
v -81.79 -5.20 87.14
v -89.06 -3.44 87.14
v -81.27 -0.48 80.73
v -83.04 -10.37 80.73
v -81.79 -5.20 87.14
v -87.37 1.00 80.73
v -81.27 -0.48 80.73
v -89.06 -3.44 87.14
v -93.08 -6.69 82.33
v -81.79 -5.20 87.14
v -83.04 -10.37 80.73
v -105.39 -15.80 68.80
v -106.41 -24.40 68.80
v -113.88 -23.52 68.80
v -112.86 -14.92 68.80
v -112.86 -14.92 82.53
v -113.88 -23.52 82.53
v -106.41 -24.40 82.53
v -105.39 -15.80 82.53
v -112.86 -14.92 68.80
v -113.88 -23.52 68.80
v -113.88 -23.52 82.53
v -112.86 -14.92 82.53
v -113.88 -23.52 68.80
v -106.41 -24.40 68.80
v -106.41 -24.40 82.53
v -113.88 -23.52 82.53
v -106.41 -24.40 68.80
v -105.39 -15.80 68.80
v -105.39 -15.80 82.53
v -106.41 -24.40 82.53
v -105.39 -15.80 68.80
v -112.86 -14.92 68.80
v -112.86 -14.92 82.53
v -105.39 -15.80 82.53
v -113.88 -23.52 82.53
v -112.86 -14.92 82.53
v -113.97 -19.15 88.42
v -105.31 -20.17 88.42
v -113.97 -19.15 88.42
v -104.73 -15.28 82.53
v -105.89 -25.07 82.53
v -105.31 -20.17 88.42
v -112.86 -14.92 82.53
v -104.73 -15.28 82.53
v -113.97 -19.15 88.42
v -113.88 -23.52 82.53
v -105.31 -20.17 88.42
v -105.89 -25.07 82.53
v -95.05 -18.04 68.80
v -95.83 -24.65 68.80
v -104.25 -23.66 68.80
v -103.46 -17.04 68.80
v -104.73 -15.28 82.53
v -101.86 -22.00 84.00
v -95.83 -24.65 81.44
v -95.05 -18.04 81.44
v -103.46 -17.04 68.80
v -104.25 -23.66 68.80
v -101.86 -22.00 84.00
v -104.73 -15.28 82.53
v -104.25 -23.66 68.80
v -95.83 -24.65 68.80
v -95.83 -24.65 81.44
v -101.86 -22.00 84.00
v -95.83 -24.65 68.80
v -95.05 -18.04 68.80
v -95.05 -18.04 81.44
v -95.83 -24.65 81.44
v -95.05 -18.04 68.80
v -103.46 -17.04 68.80
v -104.73 -15.28 82.53
v -95.05 -18.04 81.44
v -104.73 -15.28 82.53
v -101.86 -22.00 84.00
v -100.11 -24.75 87.20
v -99.18 -16.94 87.20
v -91.47 -19.64 84.00
v -99.18 -16.94 87.20
v -100.11 -24.75 87.20
v -95.31 -25.32 81.44
v -104.73 -15.28 82.53
v -99.18 -16.94 87.20
v -91.47 -19.64 84.00
v -101.86 -22.00 84.00
v -95.31 -25.32 81.44
v -100.11 -24.75 87.20
v -101.86 -22.00 70.00
v -101.05 -25.47 73.37
v -101.05 -25.47 75.14
v -100.92 -24.39 75.14
v -101.05 -25.47 73.37
v -101.86 -22.00 70.00
v -100.92 -24.39 75.14
v -101.05 -25.47 75.14
v -98.73 -24.39 73.37
v -98.86 -25.47 73.37
v -98.86 -25.47 75.14
v -98.73 -24.39 75.14
v -98.86 -25.47 73.37
v -98.73 -24.39 73.37
v -98.73 -24.39 75.14
v -98.86 -25.47 75.14
v -85.78 -18.12 68.80
v -86.80 -26.73 68.80
v -93.53 -25.93 68.80
v -92.51 -17.32 68.80
v -91.47 -19.64 84.00
v -93.53 -25.93 82.24
v -86.80 -26.73 82.24
v -85.78 -18.12 82.24
v -92.51 -17.32 68.80
v -93.53 -25.93 68.80
v -93.53 -25.93 82.24
v -91.47 -19.64 84.00
v -93.53 -25.93 68.80
v -86.80 -26.73 68.80
v -86.80 -26.73 82.24
v -93.53 -25.93 82.24
v -86.80 -26.73 68.80
v -85.78 -18.12 68.80
v -85.78 -18.12 82.24
v -86.80 -26.73 82.24
v -85.78 -18.12 68.80
v -92.51 -17.32 68.80
v -91.47 -19.64 84.00
v -85.78 -18.12 82.24
v -93.53 -25.93 82.24
v -91.47 -19.64 84.00
v -93.62 -21.56 88.14
v -85.69 -22.50 88.14
v -93.62 -21.56 88.14
v -85.78 -18.12 82.24
v -86.80 -26.73 82.24
v -85.69 -22.50 88.14
v -91.47 -19.64 84.00
v -85.78 -18.12 82.24
v -93.62 -21.56 88.14
v -93.53 -25.93 82.24
v -85.69 -22.50 88.14
v -86.80 -26.73 82.24
v -91.31 -24.52 73.53
v -91.48 -26.01 73.53
v -91.48 -26.01 75.46
v -91.31 -24.52 75.46
v -91.48 -26.01 73.53
v -91.31 -24.52 73.53
v -91.31 -24.52 75.46
v -91.48 -26.01 75.46
v -88.32 -24.52 73.53
v -88.49 -26.01 73.53
v -88.49 -26.01 75.46
v -88.32 -24.52 75.46
v -88.49 -26.01 73.53
v -88.32 -24.52 73.53
v -88.32 -24.52 75.46
v -88.49 -26.01 75.46
v -104.52 -35.95 68.80
v -104.52 -44.05 68.80
v -111.52 -44.05 68.80
v -111.52 -35.95 68.80
v -111.52 -35.95 82.42
v -111.52 -44.05 82.42
v -104.52 -44.05 82.42
v -104.52 -35.95 82.42
v -111.52 -35.95 68.80
v -111.52 -44.05 68.80
v -111.52 -44.05 82.42
v -111.52 -35.95 82.42
v -111.52 -44.05 68.80
v -104.52 -44.05 68.80
v -104.52 -44.05 82.42
v -111.52 -44.05 82.42
v -104.52 -44.05 68.80
v -104.52 -35.95 68.80
v -104.52 -35.95 82.42
v -104.52 -44.05 82.42
v -104.52 -35.95 68.80
v -111.52 -35.95 68.80
v -111.52 -35.95 82.42
v -104.52 -35.95 82.42
v -111.52 -44.05 82.42
v -111.52 -35.95 82.42
v -112.12 -40.00 87.92
v -103.92 -40.00 87.92
v -112.12 -40.00 87.92
v -104.52 -35.95 82.42
v -104.52 -44.05 82.42
v -103.92 -40.00 87.92
v -111.52 -35.95 82.42
v -104.52 -35.95 82.42
v -112.12 -40.00 87.92
v -111.52 -44.05 82.42
v -103.92 -40.00 87.92
v -104.52 -44.05 82.42
v -95.07 -35.44 68.80
v -95.07 -44.56 68.80
v -104.52 -44.05 68.80
v -104.52 -35.95 68.80
v -104.52 -35.95 82.42
v -104.52 -44.05 82.42
v -95.07 -44.56 81.33
v -95.82 -39.17 84.00
v -104.52 -35.95 68.80
v -104.52 -44.05 68.80
v -104.52 -44.05 82.42
v -104.52 -35.95 82.42
v -104.52 -44.05 68.80
v -95.07 -44.56 68.80
v -95.07 -44.56 81.33
v -104.52 -44.05 82.42
v -95.07 -44.56 68.80
v -95.07 -35.44 68.80
v -95.82 -39.17 84.00
v -95.07 -44.56 81.33
v -95.07 -35.44 68.80
v -104.52 -35.95 68.80
v -104.52 -35.95 82.42
v -95.82 -39.17 84.00
v -101.78 -45.16 81.33
v -101.13 -31.07 84.00
v -103.92 -40.00 87.92
v -94.47 -40.00 87.53
v -103.92 -40.00 87.92
v -94.47 -34.84 81.33
v -92.56 -46.77 84.00
v -94.47 -40.00 87.53
v -101.13 -31.07 84.00
v -94.47 -34.84 81.33
v -103.92 -40.00 87.92
v -101.78 -45.16 81.33
v -94.47 -40.00 87.53
v -92.56 -46.77 84.00
v -84.22 -36.46 68.80
v -84.22 -43.54 68.80
v -92.23 -43.54 68.80
v -92.23 -36.46 68.80
v -92.23 -36.46 81.82
v -92.23 -43.54 81.82
v -84.22 -43.54 81.82
v -84.22 -36.46 81.82
v -92.23 -36.46 68.80
v -92.23 -43.54 68.80
v -92.23 -43.54 81.82
v -92.23 -36.46 81.82
v -92.23 -43.54 68.80
v -84.22 -43.54 68.80
v -84.22 -43.54 81.82
v -92.23 -43.54 81.82
v -84.22 -43.54 68.80
v -84.22 -36.46 68.80
v -84.22 -36.46 81.82
v -84.22 -43.54 81.82
v -84.22 -36.46 68.80
v -92.23 -36.46 68.80
v -92.23 -36.46 81.82
v -84.22 -36.46 81.82
v -92.23 -36.46 81.82
v -92.23 -43.54 81.82
v -88.23 -44.14 87.27
v -88.23 -35.86 87.27
v -84.22 -36.46 81.82
v -88.23 -35.86 87.27
v -88.23 -44.14 87.27
v -84.22 -43.54 81.82
v -92.23 -36.46 81.82
v -88.23 -35.86 87.27
v -84.22 -36.46 81.82
v -92.23 -43.54 81.82
v -84.22 -43.54 81.82
v -88.23 -44.14 87.27
v -98.42 -55.15 68.80
v -97.52 -62.76 68.80
v -104.86 -63.63 68.80
v -105.77 -56.02 68.80
v -105.77 -56.02 81.98
v -104.86 -63.63 81.98
v -97.52 -62.76 81.98
v -98.42 -55.15 81.98
v -105.77 -56.02 68.80
v -104.86 -63.63 68.80
v -104.86 -63.63 81.98
v -105.77 -56.02 81.98
v -104.86 -63.63 68.80
v -97.52 -62.76 68.80
v -97.52 -62.76 81.98
v -104.86 -63.63 81.98
v -97.52 -62.76 68.80
v -98.42 -55.15 68.80
v -98.42 -55.15 81.98
v -97.52 -62.76 81.98
v -98.42 -55.15 68.80
v -105.77 -56.02 68.80
v -105.77 -56.02 81.98
v -98.42 -55.15 81.98
v -108.39 -60.19 81.00
v -105.77 -56.02 81.98
v -105.91 -59.90 87.19
v -97.37 -58.88 87.19
v -105.91 -59.90 87.19
v -97.89 -54.48 81.98
v -97.52 -62.76 81.98
v -97.37 -58.88 87.19
v -105.77 -56.02 81.98
v -97.89 -54.48 81.98
v -105.91 -59.90 87.19
v -108.39 -60.19 81.00
v -97.37 -58.88 87.19
v -97.52 -62.76 81.98
v -88.97 -54.50 68.80
v -88.18 -61.19 68.80
v -97.52 -62.76 68.80
v -98.42 -55.15 68.80
v -96.06 -55.34 78.88
v -95.27 -62.03 78.88
v -88.18 -61.19 78.88
v -88.97 -54.50 78.88
v -98.42 -55.15 68.80
v -97.52 -62.76 68.80
v -95.27 -62.03 78.88
v -96.06 -55.34 78.88
v -97.52 -62.76 68.80
v -88.18 -61.19 68.80
v -88.18 -61.19 78.88
v -95.27 -62.03 78.88
v -88.18 -61.19 68.80
v -88.97 -54.50 68.80
v -88.97 -54.50 78.88
v -88.18 -61.19 78.88
v -88.97 -54.50 68.80
v -98.42 -55.15 68.80
v -96.06 -55.34 78.88
v -88.97 -54.50 78.88
v -96.72 -54.81 78.88
v -95.27 -62.03 78.88
v -91.65 -62.20 83.73
v -92.58 -54.32 83.73
v -88.97 -54.50 78.88
v -92.58 -54.32 83.73
v -91.65 -62.20 83.73
v -88.18 -61.19 78.88
v -96.72 -54.81 78.88
v -92.58 -54.32 83.73
v -88.97 -54.50 78.88
v -95.27 -62.03 78.88
v -88.18 -61.19 78.88
v -91.65 -62.20 83.73
v -79.94 -52.29 68.80
v -78.88 -61.22 68.80
v -88.18 -61.19 68.80
v -88.97 -54.50 68.80
v -86.31 -53.05 80.11
v -85.25 -61.97 80.11
v -78.88 -61.22 80.11
v -79.94 -52.29 80.11
v -88.97 -54.50 68.80
v -88.18 -61.19 68.80
v -85.25 -61.97 80.11
v -86.31 -53.05 80.11
v -88.18 -61.19 68.80
v -78.88 -61.22 68.80
v -78.88 -61.22 80.11
v -85.25 -61.97 80.11
v -78.88 -61.22 68.80
v -79.94 -52.29 68.80
v -79.94 -52.29 80.11
v -78.88 -61.22 80.11
v -79.94 -52.29 68.80
v -88.97 -54.50 68.80
v -86.31 -53.05 80.11
v -79.94 -52.29 80.11
v -79.94 -52.29 80.11
v -78.88 -61.22 80.11
v -85.25 -61.97 80.11
v -86.31 -53.05 80.11
v -86.31 -53.05 80.11
v -85.25 -61.97 80.11
v -78.88 -61.22 80.11
v -79.94 -52.29 80.11
v -85.25 -61.97 80.11
v -86.31 -53.05 80.11
v -86.37 -57.58 90.77
v -78.81 -56.69 90.77
v -86.37 -57.58 90.77
v -79.94 -52.29 80.11
v -78.88 -61.22 80.11
v -78.81 -56.69 90.77
v -86.31 -53.05 80.11
v -79.94 -52.29 80.11
v -86.37 -57.58 90.77
v -85.25 -61.97 80.11
v -78.81 -56.69 90.77
v -78.88 -61.22 80.11
v -84.49 -59.47 74.01
v -82.97 -62.22 73.89
v -84.30 -61.02 76.42
v -84.49 -59.47 76.42
v -82.97 -62.22 73.89
v -84.49 -59.47 74.01
v -84.49 -59.47 76.42
v -84.30 -61.02 76.42
v -84.49 -59.47 74.01
v -82.97 -62.22 73.89
v -84.30 -61.02 76.42
v -84.49 -59.47 76.42
v -82.97 -62.22 73.89
v -84.49 -59.47 74.01
v -84.49 -59.47 76.42
v -84.30 -61.02 76.42
v -84.49 -59.47 76.42
v -84.30 -61.02 76.42
v -82.97 -62.22 84.00
v -84.49 -59.47 81.25
v -84.30 -61.02 76.42
v -84.49 -59.47 76.42
v -84.49 -59.47 81.25
v -82.97 -62.22 84.00
v -84.49 -59.47 76.42
v -84.30 -61.02 76.42
v -82.97 -62.22 84.00
v -84.49 -59.47 81.25
v -84.30 -61.02 76.42
v -84.49 -59.47 76.42
v -84.49 -59.47 81.25
v -82.97 -62.22 84.00
v -91.01 -73.59 68.80
v -89.44 -80.08 68.80
v -97.15 -81.95 68.80
v -98.72 -75.46 68.80
v -98.72 -75.46 77.77
v -97.15 -81.95 77.77
v -89.44 -80.08 77.77
v -91.01 -73.59 77.77
v -98.72 -75.46 68.80
v -97.15 -81.95 68.80
v -97.15 -81.95 77.77
v -98.72 -75.46 77.77
v -97.15 -81.95 68.80
v -89.44 -80.08 68.80
v -89.44 -80.08 77.77
v -97.15 -81.95 77.77
v -89.44 -80.08 68.80
v -91.01 -73.59 68.80
v -91.01 -73.59 77.77
v -89.44 -80.08 77.77
v -91.01 -73.59 68.80
v -98.72 -75.46 68.80
v -98.72 -75.46 77.77
v -91.01 -73.59 77.77
v -98.72 -75.46 77.77
v -97.15 -81.95 77.77
v -93.15 -81.60 83.17
v -95.00 -73.94 83.17
v -91.01 -73.59 77.77
v -95.00 -73.94 83.17
v -93.15 -81.60 83.17
v -89.44 -80.08 77.77
v -98.72 -75.46 77.77
v -95.00 -73.94 83.17
v -91.01 -73.59 77.77
v -97.15 -81.95 77.77
v -89.44 -80.08 77.77
v -93.15 -81.60 83.17
v -95.54 -81.14 72.64
v -94.81 -82.09 72.64
v -94.81 -82.09 75.74
v -97.15 -81.95 77.77
v -94.81 -82.09 72.64
v -95.54 -81.14 72.64
v -97.15 -81.95 77.77
v -94.81 -82.09 75.74
v -82.83 -70.45 68.80
v -80.72 -79.14 68.80
v -89.44 -80.08 68.80
v -89.27 -72.01 68.80
v -89.27 -72.01 81.41
v -87.17 -80.69 81.41
v -80.72 -79.14 81.41
v -83.96 -72.15 84.00
v -89.27 -72.01 68.80
v -89.44 -80.08 68.80
v -87.17 -80.69 81.41
v -89.27 -72.01 81.41
v -89.44 -80.08 68.80
v -80.72 -79.14 68.80
v -80.72 -79.14 81.41
v -87.17 -80.69 81.41
v -80.72 -79.14 68.80
v -82.83 -70.45 68.80
v -83.96 -72.15 84.00
v -80.72 -79.14 81.41
v -82.83 -70.45 68.80
v -89.27 -72.01 68.80
v -89.27 -72.01 81.41
v -83.96 -72.15 84.00
v -87.17 -80.69 81.41
v -89.27 -72.01 81.41
v -88.80 -76.49 87.49
v -81.19 -74.65 87.49
v -88.80 -76.49 87.49
v -82.38 -69.73 81.41
v -80.00 -79.58 81.41
v -81.19 -74.65 87.49
v -89.27 -72.01 81.41
v -82.38 -69.73 81.41
v -88.80 -76.49 87.49
v -87.17 -80.69 81.41
v -81.19 -74.65 87.49
v -80.00 -79.58 81.41
v -73.26 -68.41 68.80
v -71.28 -76.57 68.80
v -78.57 -78.34 68.80
v -82.83 -70.45 68.80
v -83.96 -72.15 84.00
v -80.00 -79.58 81.41
v -71.28 -76.57 82.52
v -73.26 -68.41 82.52
v -82.83 -70.45 68.80
v -78.57 -78.34 68.80
v -80.00 -79.58 81.41
v -83.96 -72.15 84.00
v -78.57 -78.34 68.80
v -71.28 -76.57 68.80
v -71.28 -76.57 82.52
v -80.00 -79.58 81.41
v -71.28 -76.57 68.80
v -73.26 -68.41 68.80
v -73.26 -68.41 82.52
v -71.28 -76.57 82.52
v -73.26 -68.41 68.80
v -82.83 -70.45 68.80
v -83.96 -72.15 84.00
v -73.26 -68.41 82.52
v -73.26 -68.41 82.52
v -71.28 -76.57 82.52
v -80.00 -79.58 81.41
v -82.38 -69.73 81.41
v -80.96 -69.92 88.15
v -78.82 -78.76 88.15
v -70.86 -76.83 88.15
v -73.00 -67.99 88.15
v -82.38 -69.73 81.41
v -80.00 -79.58 81.41
v -78.82 -78.76 88.15
v -80.96 -69.92 88.15
v -80.00 -79.58 81.41
v -71.28 -76.57 82.52
v -70.86 -76.83 88.15
v -78.82 -78.76 88.15
v -71.28 -76.57 82.52
v -73.26 -68.41 82.52
v -73.00 -67.99 88.15
v -70.86 -76.83 88.15
v -73.26 -68.41 82.52
v -82.38 -69.73 81.41
v -80.96 -69.92 88.15
v -73.00 -67.99 88.15
v -78.82 -78.76 88.15
v -80.96 -69.92 88.15
v -80.14 -74.40 93.86
v -71.69 -72.35 93.86
v -80.14 -74.40 93.86
v -73.00 -67.99 88.15
v -70.86 -76.83 88.15
v -71.69 -72.35 93.86
v -80.96 -69.92 88.15
v -73.00 -67.99 88.15
v -80.14 -74.40 93.86
v -78.82 -78.76 88.15
v -71.69 -72.35 93.86
v -70.86 -76.83 88.15
v -86.22 -90.91 68.80
v -83.00 -99.45 68.80
v -88.63 -101.57 68.80
v -91.84 -93.03 68.80
v -91.84 -93.03 78.46
v -88.63 -101.57 78.46
v -83.00 -99.45 78.46
v -86.22 -90.91 78.46
v -91.84 -93.03 68.80
v -88.63 -101.57 68.80
v -88.63 -101.57 78.46
v -91.84 -93.03 78.46
v -88.63 -101.57 68.80
v -83.00 -99.45 68.80
v -83.00 -99.45 78.46
v -88.63 -101.57 78.46
v -83.00 -99.45 68.80
v -86.22 -90.91 68.80
v -86.22 -90.91 78.46
v -83.00 -99.45 78.46
v -86.22 -90.91 68.80
v -91.84 -93.03 68.80
v -91.84 -93.03 78.46
v -86.22 -90.91 78.46
v -88.63 -101.57 78.46
v -91.84 -93.03 78.46
v -91.77 -95.96 84.00
v -84.05 -94.97 84.67
v -91.77 -95.96 84.00
v -86.22 -90.91 78.46
v -83.00 -99.45 78.46
v -84.05 -94.97 84.67
v -91.84 -93.03 78.46
v -86.22 -90.91 78.46
v -91.77 -95.96 84.00
v -88.63 -101.57 78.46
v -84.05 -94.97 84.67
v -83.00 -99.45 78.46
v -84.54 -94.38 78.46
v -83.00 -99.45 78.46
v -89.52 -98.47 75.12
v -86.22 -90.91 78.46
v -85.57 -94.77 81.66
v -85.19 -95.80 81.66
v -84.16 -95.41 81.66
v -84.05 -94.97 84.67
v -86.22 -90.91 78.46
v -89.52 -98.47 75.12
v -85.19 -95.80 81.66
v -85.57 -94.77 81.66
v -89.52 -98.47 75.12
v -83.00 -99.45 78.46
v -84.16 -95.41 81.66
v -85.19 -95.80 81.66
v -83.00 -99.45 78.46
v -84.54 -94.38 78.46
v -84.05 -94.97 84.67
v -84.16 -95.41 81.66
v -84.54 -94.38 78.46
v -86.22 -90.91 78.46
v -85.57 -94.77 81.66
v -84.05 -94.97 84.67
v -77.14 -88.11 68.80
v -74.33 -95.57 68.80
v -83.00 -99.45 68.80
v -83.12 -90.36 68.80
v -84.05 -94.97 84.67
v -84.16 -95.41 81.66
v -74.28 -95.25 84.00
v -77.45 -89.19 84.00
v -83.12 -90.36 68.80
v -83.00 -99.45 68.80
v -84.16 -95.41 81.66
v -84.05 -94.97 84.67
v -83.00 -99.45 68.80
v -74.33 -95.57 68.80
v -74.28 -95.25 84.00
v -84.16 -95.41 81.66
v -74.33 -95.57 68.80
v -77.14 -88.11 68.80
v -77.45 -89.19 84.00
v -74.28 -95.25 84.00
v -77.14 -88.11 68.80
v -83.12 -90.36 68.80
v -84.05 -94.97 84.67
v -77.45 -89.19 84.00
v -84.16 -95.41 81.66
v -84.05 -94.97 84.67
v -82.28 -94.30 87.44
v -75.18 -91.63 87.44
v -82.28 -94.30 87.44
v -77.45 -89.19 84.00
v -74.28 -95.25 84.00
v -75.18 -91.63 87.44
v -84.05 -94.97 84.67
v -77.45 -89.19 84.00
v -82.28 -94.30 87.44
v -84.16 -95.41 81.66
v -75.18 -91.63 87.44
v -74.28 -95.25 84.00
v -80.55 -95.49 73.48
v -79.61 -96.58 73.48
v -79.61 -96.58 75.37
v -83.00 -99.45 78.46
v -79.61 -96.58 73.48
v -80.55 -95.49 73.48
v -83.00 -99.45 78.46
v -79.61 -96.58 75.37
v -67.95 -84.68 68.80
v -65.16 -92.09 68.80
v -72.11 -94.71 68.80
v -74.90 -87.30 68.80
v -74.90 -87.30 77.97
v -72.11 -94.71 77.97
v -65.16 -92.09 77.97
v -67.95 -84.68 77.97
v -74.90 -87.30 68.80
v -72.11 -94.71 68.80
v -72.11 -94.71 77.97
v -74.90 -87.30 77.97
v -72.11 -94.71 68.80
v -65.16 -92.09 68.80
v -65.16 -92.09 77.97
v -72.11 -94.71 77.97
v -65.16 -92.09 68.80
v -67.95 -84.68 68.80
v -67.95 -84.68 77.97
v -65.16 -92.09 77.97
v -67.95 -84.68 68.80
v -74.90 -87.30 68.80
v -74.90 -87.30 77.97
v -67.95 -84.68 77.97
v -74.28 -95.25 76.40
v -75.67 -86.94 77.97
v -74.06 -91.21 83.36
v -65.99 -88.17 83.36
v -74.06 -91.21 83.36
v -67.95 -84.68 77.97
v -64.39 -92.44 77.97
v -65.99 -88.17 83.36
v -75.67 -86.94 77.97
v -67.95 -84.68 77.97
v -74.06 -91.21 83.36
v -74.28 -95.25 76.40
v -65.99 -88.17 83.36
v -64.39 -92.44 77.97
v -78.34 -110.56 68.80
v -75.22 -116.45 68.80
v -82.35 -120.23 68.80
v -85.47 -114.34 68.80
v -85.47 -114.34 77.23
v -82.35 -120.23 77.23
v -75.22 -116.45 77.23
v -78.34 -110.56 77.23
v -85.47 -114.34 68.80
v -82.35 -120.23 68.80
v -82.35 -120.23 77.23
v -85.47 -114.34 77.23
v -82.35 -120.23 68.80
v -75.22 -116.45 68.80
v -75.22 -116.45 77.23
v -82.35 -120.23 77.23
v -75.22 -116.45 68.80
v -78.34 -110.56 68.80
v -78.34 -110.56 77.23
v -75.22 -116.45 77.23
v -78.34 -110.56 68.80
v -85.47 -114.34 68.80
v -85.47 -114.34 77.23
v -78.34 -110.56 77.23
v -85.47 -114.34 77.23
v -82.35 -120.23 77.23
v -78.50 -118.87 82.72
v -82.18 -111.92 82.72
v -78.09 -109.75 77.23
v -82.18 -111.92 82.72
v -78.50 -118.87 82.72
v -74.41 -116.70 77.23
v -85.47 -114.34 77.23
v -82.18 -111.92 82.72
v -78.09 -109.75 77.23
v -82.35 -120.23 77.23
v -74.41 -116.70 77.23
v -78.50 -118.87 82.72
v -70.79 -104.97 68.80
v -66.35 -113.35 68.80
v -73.33 -117.05 68.80
v -77.77 -108.66 68.80
v -78.09 -109.75 77.23
v -74.41 -116.70 77.23
v -66.35 -113.35 78.50
v -70.79 -104.97 78.50
v -77.77 -108.66 68.80
v -73.33 -117.05 68.80
v -74.41 -116.70 77.23
v -78.09 -109.75 77.23
v -73.33 -117.05 68.80
v -66.35 -113.35 68.80
v -66.35 -113.35 78.50
v -74.41 -116.70 77.23
v -66.35 -113.35 68.80
v -70.79 -104.97 68.80
v -70.79 -104.97 78.50
v -66.35 -113.35 78.50
v -70.79 -104.97 68.80
v -77.77 -108.66 68.80
v -78.09 -109.75 77.23
v -70.79 -104.97 78.50
v -74.41 -116.70 77.23
v -78.09 -109.75 77.23
v -79.07 -113.81 80.43
v -67.07 -105.34 84.00
v -79.07 -113.81 80.43
v -70.79 -104.97 78.50
v -66.35 -113.35 78.50
v -67.07 -105.34 84.00
v -78.09 -109.75 77.23
v -70.79 -104.97 78.50
v -79.07 -113.81 80.43
v -74.41 -116.70 77.23
v -67.07 -105.34 84.00
v -66.35 -113.35 78.50
v -74.32 -114.21 72.78
v -69.80 -115.45 72.78
v -73.55 -115.68 72.78
v -74.32 -114.21 72.78
v -73.55 -115.68 72.78
v -69.80 -115.45 72.78
v -74.32 -114.21 75.14
v -69.80 -115.45 75.14
v -74.41 -116.70 77.23
v -74.32 -114.21 75.14
v -74.41 -116.70 77.23
v -69.80 -115.45 75.14
v -68.68 -109.90 78.50
v -66.35 -113.35 78.50
v -70.17 -109.44 78.50
v -70.17 -109.44 81.69
v -69.65 -110.41 81.69
v -67.07 -105.34 84.00
v -70.17 -109.44 78.50
v -66.35 -113.35 78.50
v -69.65 -110.41 81.69
v -70.17 -109.44 81.69
v -66.35 -113.35 78.50
v -68.68 -109.90 78.50
v -67.07 -105.34 84.00
v -69.65 -110.41 81.69
v -68.68 -109.90 78.50
v -70.17 -109.44 78.50
v -70.17 -109.44 81.69
v -67.07 -105.34 84.00
v -61.91 -101.18 68.80
v -58.23 -108.13 68.80
v -66.35 -113.35 68.80
v -69.32 -105.11 68.80
v -68.68 -109.90 78.50
v -66.35 -113.35 78.50
v -58.23 -108.13 76.95
v -61.91 -101.18 76.95
v -69.32 -105.11 68.80
v -66.35 -113.35 68.80
v -66.35 -113.35 78.50
v -68.68 -109.90 78.50
v -66.35 -113.35 68.80
v -58.23 -108.13 68.80
v -58.23 -108.13 76.95
v -66.35 -113.35 78.50
v -58.23 -108.13 68.80
v -61.91 -101.18 68.80
v -61.91 -101.18 76.95
v -58.23 -108.13 76.95
v -61.91 -101.18 68.80
v -69.32 -105.11 68.80
v -68.68 -109.90 78.50
v -61.91 -101.18 76.95
v -70.79 -104.97 78.50
v -66.35 -113.35 78.50
v -61.65 -110.62 82.65
v -65.90 -102.61 82.65
v -61.91 -101.18 76.95
v -65.90 -102.61 82.65
v -61.65 -110.62 82.65
v -58.23 -108.13 76.95
v -70.79 -104.97 78.50
v -65.90 -102.61 82.65
v -61.91 -101.18 76.95
v -66.35 -113.35 78.50
v -58.23 -108.13 76.95
v -61.65 -110.62 82.65
v -67.07 -105.34 70.00
v -64.58 -111.16 72.47
v -65.64 -110.21 72.47
v -65.64 -110.21 72.47
v -64.58 -111.16 72.47
v -67.07 -105.34 70.00
v -67.07 -105.34 70.00
v -64.58 -111.16 72.47
v -65.64 -110.21 72.47
v -66.35 -113.35 78.50
v -64.58 -111.16 75.08
v -68.68 -109.90 78.50
v -65.64 -110.21 72.47
v -64.58 -111.16 72.47
v -64.58 -111.16 75.08
v -66.35 -113.35 78.50
v -64.58 -111.16 72.47
v -67.07 -105.34 70.00
v -68.68 -109.90 78.50
v -64.58 -111.16 75.08
v -67.07 -105.34 70.00
v -65.64 -110.21 72.47
v -66.35 -113.35 78.50
v -68.68 -109.90 78.50
v -64.58 -111.16 72.47
v -62.54 -109.98 72.47
v -62.54 -109.98 75.08
v -64.58 -111.16 75.08
v -62.54 -109.98 72.47
v -64.58 -111.16 72.47
v -64.58 -111.16 75.08
v -62.54 -109.98 75.08
v -62.54 -109.98 75.08
v -61.91 -101.18 76.95
v -61.27 -104.49 80.15
v -62.24 -105.00 80.15
v -61.91 -101.18 76.95
v -62.54 -109.98 75.08
v -62.24 -105.00 80.15
v -61.27 -104.49 80.15
v -69.66 -128.58 68.80
v -64.50 -135.79 68.80
v -69.61 -139.44 68.80
v -74.77 -132.22 68.80
v -74.77 -132.22 79.00
v -69.61 -139.44 79.00
v -64.50 -135.79 79.00
v -69.66 -128.58 79.00
v -74.77 -132.22 68.80
v -69.61 -139.44 68.80
v -69.61 -139.44 79.00
v -74.77 -132.22 79.00
v -69.61 -139.44 68.80
v -64.50 -135.79 68.80
v -64.50 -135.79 79.00
v -69.61 -139.44 79.00
v -64.50 -135.79 68.80
v -69.66 -128.58 68.80
v -69.66 -128.58 79.00
v -64.50 -135.79 79.00
v -69.66 -128.58 68.80
v -74.77 -132.22 68.80
v -74.77 -132.22 79.00
v -69.66 -128.58 79.00
v -69.66 -128.58 79.00
v -64.50 -135.79 79.00
v -69.61 -139.44 79.00
v -75.26 -132.14 79.00
v -75.26 -132.14 83.06
v -69.70 -139.93 83.06
v -64.02 -135.87 83.06
v -66.80 -126.68 84.00
v -75.26 -132.14 79.00
v -69.61 -139.44 79.00
v -69.70 -139.93 83.06
v -75.26 -132.14 83.06
v -69.61 -139.44 79.00
v -64.50 -135.79 79.00
v -64.02 -135.87 83.06
v -69.70 -139.93 83.06
v -64.50 -135.79 79.00
v -69.66 -128.58 79.00
v -66.80 -126.68 84.00
v -64.02 -135.87 83.06
v -69.66 -128.58 79.00
v -75.26 -132.14 79.00
v -75.26 -132.14 83.06
v -66.80 -126.68 84.00
v -69.75 -140.28 83.06
v -75.26 -132.14 83.06
v -72.68 -136.18 89.08
v -66.59 -131.84 89.08
v -72.68 -136.18 89.08
v -66.80 -126.68 84.00
v -64.02 -135.87 83.06
v -66.59 -131.84 89.08
v -75.26 -132.14 83.06
v -66.80 -126.68 84.00
v -72.68 -136.18 89.08
v -69.75 -140.28 83.06
v -66.59 -131.84 89.08
v -64.02 -135.87 83.06
v -60.98 -122.79 68.80
v -56.22 -129.46 68.80
v -62.98 -134.28 68.80
v -69.66 -128.58 68.80
v -69.66 -128.58 79.00
v -62.98 -134.28 77.97
v -56.22 -129.46 77.97
v -60.98 -122.79 77.97
v -69.66 -128.58 68.80
v -62.98 -134.28 68.80
v -62.98 -134.28 77.97
v -69.66 -128.58 79.00
v -62.98 -134.28 68.80
v -56.22 -129.46 68.80
v -56.22 -129.46 77.97
v -62.98 -134.28 77.97
v -56.22 -129.46 68.80
v -60.98 -122.79 68.80
v -60.98 -122.79 77.97
v -56.22 -129.46 77.97
v -60.98 -122.79 68.80
v -69.66 -128.58 68.80
v -69.66 -128.58 79.00
v -60.98 -122.79 77.97
v -60.98 -122.79 77.97
v -56.22 -129.46 77.97
v -62.98 -134.28 77.97
v -69.66 -128.58 79.00
v -66.80 -126.68 84.00
v -63.06 -134.77 81.55
v -55.73 -129.54 81.55
v -60.89 -122.31 81.55
v -69.66 -128.58 79.00
v -62.98 -134.28 77.97
v -63.06 -134.77 81.55
v -66.80 -126.68 84.00
v -62.98 -134.28 77.97
v -56.22 -129.46 77.97
v -55.73 -129.54 81.55
v -63.06 -134.77 81.55
v -56.22 -129.46 77.97
v -60.98 -122.79 77.97
v -60.89 -122.31 81.55
v -55.73 -129.54 81.55
v -60.98 -122.79 77.97
v -69.66 -128.58 79.00
v -66.80 -126.68 84.00
v -60.89 -122.31 81.55
v -66.80 -126.68 84.00
v -64.02 -135.87 83.06
v -59.25 -132.36 87.20
v -64.70 -124.72 87.20
v -60.89 -122.31 81.55
v -64.70 -124.72 87.20
v -59.25 -132.36 87.20
v -55.73 -129.54 81.55
v -66.80 -126.68 84.00
v -64.70 -124.72 87.20
v -60.89 -122.31 81.55
v -64.02 -135.87 83.06
v -55.73 -129.54 81.55
v -59.25 -132.36 87.20
v -63.98 -132.14 73.39
v -59.97 -132.99 73.39
v -59.97 -132.99 75.18
v -62.98 -134.28 77.97
v -59.97 -132.99 73.39
v -63.98 -132.14 73.39
v -62.98 -134.28 77.97
v -59.97 -132.99 75.18
v -54.45 -117.36 68.80
v -48.96 -125.05 68.80
v -54.18 -128.77 68.80
v -59.66 -121.09 68.80
v -59.66 -121.09 80.00
v -54.18 -128.77 80.00
v -48.96 -125.05 80.00
v -54.45 -117.36 80.00
v -59.66 -121.09 68.80
v -54.18 -128.77 68.80
v -54.18 -128.77 80.00
v -59.66 -121.09 80.00
v -54.18 -128.77 68.80
v -48.96 -125.05 68.80
v -48.96 -125.05 80.00
v -54.18 -128.77 80.00
v -48.96 -125.05 68.80
v -54.45 -117.36 68.80
v -54.45 -117.36 80.00
v -48.96 -125.05 80.00
v -54.45 -117.36 68.80
v -59.66 -121.09 68.80
v -59.66 -121.09 80.00
v -54.45 -117.36 80.00
v -54.45 -117.36 80.00
v -48.96 -125.05 80.00
v -54.18 -128.77 80.00
v -60.98 -122.79 77.97
v -60.89 -122.31 81.55
v -54.26 -129.26 84.50
v -48.47 -125.13 84.50
v -51.83 -118.78 84.00
v -60.98 -122.79 77.97
v -54.18 -128.77 80.00
v -54.26 -129.26 84.50
v -60.89 -122.31 81.55
v -54.18 -128.77 80.00
v -48.96 -125.05 80.00
v -48.47 -125.13 84.50
v -54.26 -129.26 84.50
v -48.96 -125.05 80.00
v -54.45 -117.36 80.00
v -51.83 -118.78 84.00
v -48.47 -125.13 84.50
v -54.45 -117.36 80.00
v -60.98 -122.79 77.97
v -60.89 -122.31 81.55
v -51.83 -118.78 84.00
v -54.26 -129.26 84.50
v -60.89 -122.31 81.55
v -57.41 -125.28 90.92
v -51.22 -120.86 90.92
v -57.41 -125.28 90.92
v -51.83 -118.78 84.00
v -48.47 -125.13 84.50
v -51.22 -120.86 90.92
v -60.89 -122.31 81.55
v -51.83 -118.78 84.00
v -57.41 -125.28 90.92
v -54.26 -129.26 84.50
v -51.22 -120.86 90.92
v -48.47 -125.13 84.50
v -54.15 -144.32 68.80
v -48.00 -150.79 68.80
v -52.77 -155.32 68.80
v -58.91 -148.85 68.80
v -58.91 -148.85 79.78
v -52.77 -155.32 79.78
v -48.00 -150.79 79.78
v -54.15 -144.32 79.78
v -48.00 -150.79 68.80
v -54.15 -144.32 68.80
v -54.15 -144.32 79.78
v -48.00 -150.79 79.78
v -54.15 -144.32 68.80
v -58.91 -148.85 68.80
v -58.91 -148.85 79.78
v -54.15 -144.32 79.78
v -54.15 -144.32 79.78
v -48.00 -150.79 79.78
v -52.77 -155.32 79.78
v -58.91 -148.85 79.78
v -59.41 -148.84 84.18
v -52.78 -155.81 84.18
v -47.51 -150.80 84.18
v -54.14 -143.83 84.18
v -48.00 -150.79 79.78
v -54.15 -144.32 79.78
v -54.14 -143.83 84.18
v -47.51 -150.80 84.18
v -54.15 -144.32 79.78
v -58.91 -148.85 79.78
v -59.41 -148.84 84.18
v -54.14 -143.83 84.18
v -56.27 -152.50 90.25
v -54.14 -143.83 84.18
v -47.51 -150.80 84.18
v -50.64 -147.14 90.25
v -59.41 -148.84 84.18
v -54.14 -143.83 84.18
v -56.27 -152.50 90.25
v -46.64 -138.13 68.80
v -41.45 -143.59 68.80
v -46.84 -148.72 68.80
v -54.15 -144.32 68.80
v -54.15 -144.32 79.78
v -46.84 -148.72 77.13
v -41.45 -143.59 77.13
v -46.64 -138.13 77.13
v -54.15 -144.32 68.80
v -46.84 -148.72 68.80
v -46.84 -148.72 77.13
v -54.15 -144.32 79.78
v -46.84 -148.72 68.80
v -41.45 -143.59 68.80
v -41.45 -143.59 77.13
v -46.84 -148.72 77.13
v -41.45 -143.59 68.80
v -46.64 -138.13 68.80
v -46.64 -138.13 77.13
v -41.45 -143.59 77.13
v -46.64 -138.13 68.80
v -54.15 -144.32 68.80
v -54.15 -144.32 79.78
v -46.64 -138.13 77.13
v -46.64 -138.13 77.13
v -41.45 -143.59 77.13
v -46.84 -148.72 77.13
v -54.15 -144.32 79.78
v -54.14 -143.83 84.18
v -46.85 -149.22 80.34
v -40.95 -143.60 80.34
v -47.44 -135.13 84.00
v -54.15 -144.32 79.78
v -46.84 -148.72 77.13
v -46.85 -149.22 80.34
v -54.14 -143.83 84.18
v -46.84 -148.72 77.13
v -41.45 -143.59 77.13
v -40.95 -143.60 80.34
v -46.85 -149.22 80.34
v -41.45 -143.59 77.13
v -46.64 -138.13 77.13
v -47.44 -135.13 84.00
v -40.95 -143.60 80.34
v -46.64 -138.13 77.13
v -54.15 -144.32 79.78
v -54.14 -143.83 84.18
v -47.44 -135.13 84.00
v -46.85 -149.22 80.34
v -54.14 -143.83 84.18
v -49.87 -146.41 85.47
v -43.61 -140.45 85.47
v -49.87 -146.41 85.47
v -47.44 -135.13 84.00
v -40.95 -143.60 80.34
v -43.61 -140.45 85.47
v -54.14 -143.83 84.18
v -47.44 -135.13 84.00
v -49.87 -146.41 85.47
v -46.85 -149.22 80.34
v -43.61 -140.45 85.47
v -40.95 -143.60 80.34
v -40.25 -131.59 68.80
v -34.59 -137.54 68.80
v -39.78 -142.48 68.80
v -46.64 -138.13 68.80
v -46.64 -138.13 77.13
v -39.78 -142.48 78.72
v -34.59 -137.54 78.72
v -40.25 -131.59 78.72
v -46.64 -138.13 68.80
v -39.78 -142.48 68.80
v -39.78 -142.48 78.72
v -46.64 -138.13 77.13
v -39.78 -142.48 68.80
v -34.59 -137.54 68.80
v -34.59 -137.54 78.72
v -39.78 -142.48 78.72
v -34.59 -137.54 68.80
v -40.25 -131.59 68.80
v -40.25 -131.59 78.72
v -34.59 -137.54 78.72
v -40.25 -131.59 68.80
v -46.64 -138.13 68.80
v -46.64 -138.13 77.13
v -40.25 -131.59 78.72
v -39.78 -142.48 78.72
v -46.64 -138.13 77.13
v -43.05 -139.92 84.31
v -36.99 -134.15 84.31
v -43.05 -139.92 84.31
v -40.25 -131.59 78.72
v -34.59 -137.54 78.72
v -36.99 -134.15 84.31
v -46.64 -138.13 77.13
v -40.25 -131.59 78.72
v -43.05 -139.92 84.31
v -39.78 -142.48 78.72
v -36.99 -134.15 84.31
v -34.59 -137.54 78.72
v -38.92 -139.82 75.27
v -37.64 -134.99 78.72
v -36.99 -134.15 84.31
v -38.44 -135.75 81.92
v -37.64 -134.99 78.72
v -38.92 -139.82 75.27
v -38.44 -135.75 81.92
v -36.99 -134.15 84.31
v -22.75 -141.41 68.80
v -15.69 -146.91 68.80
v -21.89 -153.98 68.80
v -28.10 -149.15 68.80
v -28.10 -149.15 79.08
v -21.89 -153.98 79.08
v -15.69 -146.91 79.48
v -22.75 -141.41 79.48
v -15.69 -146.91 68.80
v -22.75 -141.41 68.80
v -22.75 -141.41 79.48
v -15.69 -146.91 79.48
v -22.75 -141.41 68.80
v -28.10 -149.15 68.80
v -28.10 -149.15 79.08
v -22.75 -141.41 79.48
v -21.89 -153.98 79.08
v -28.10 -149.15 79.08
v -24.63 -151.09 88.52
v -18.85 -143.69 85.57
v -24.63 -151.09 88.52
v -22.75 -141.41 79.48
v -14.85 -146.81 79.48
v -18.85 -143.69 85.57
v -28.10 -149.15 79.08
v -22.75 -141.41 79.48
v -24.63 -151.09 88.52
v -21.89 -153.98 79.08
v -18.85 -143.69 85.57
v -14.85 -146.81 79.48
v 128.52 -152.99 68.80
v 124.36 -145.56 68.80
v 124.36 -145.56 81.01
v 128.52 -152.99 80.69
v 124.36 -145.56 68.80
v 118.44 -148.85 68.80
v 118.44 -148.85 81.01
v 124.36 -145.56 81.01
v 118.44 -148.85 81.01
v 119.68 -152.31 85.94
v 126.65 -148.45 85.94
v 124.60 -144.75 81.01
v 161.24 80.25 62.11
v 160.94 79.86 62.11
v 162.91 78.65 65.56
v 161.24 80.25 66.61
v 160.94 79.86 62.11
v 161.24 80.25 62.11
v 161.24 80.25 66.61
v 162.91 78.65 65.56
v 161.24 80.25 66.61
v 160.86 88.70 65.56
v 164.05 85.66 73.07
v 164.92 84.99 73.07
v 160.86 88.70 65.56
v 161.24 80.25 66.61
v 164.92 84.99 73.07
v 164.05 85.66 73.07
v 156.85 70.42 54.80
v 150.28 75.52 54.80
v 154.83 81.37 54.80
v 162.91 78.65 54.80
v 162.91 78.65 65.56
v 152.32 82.48 68.80
v 150.28 75.52 67.15
v 156.85 70.42 67.15
v 111.45 87.38 54.80
v 104.04 93.06 54.80
v 103.16 90.32 64.50
v 111.45 87.38 64.50
v 104.04 93.06 54.80
v 101.05 84.40 54.80
v 101.05 84.40 64.50
v 103.16 90.32 64.50
v 101.05 84.40 54.80
v 109.35 81.45 54.80
v 109.35 81.45 64.50
v 101.05 84.40 64.50
v 109.35 81.45 54.80
v 111.45 87.38 54.80
v 111.45 87.38 64.50
v 109.35 81.45 64.50
v 103.16 90.32 64.50
v 111.45 87.38 64.50
v 107.50 89.41 70.48
v 105.00 82.36 70.48
v 107.50 89.41 70.48
v 109.35 81.45 64.50
v 101.05 84.40 64.50
v 105.00 82.36 70.48
v 85.20 84.44 64.94
v 77.78 85.73 64.94
v 78.58 94.62 63.34
v 86.96 93.77 63.34
v 88.83 92.17 68.80
v 78.64 92.73 68.97
v 77.37 85.45 68.97
v 87.06 83.77 68.80
v 86.96 93.77 63.34
v 78.58 94.62 63.34
v 78.64 92.73 68.97
v 88.83 92.17 68.80
v 78.58 94.62 63.34
v 77.78 85.73 64.94
v 77.37 85.45 68.97
v 78.64 92.73 68.97
v 77.78 85.73 64.94
v 85.20 84.44 64.94
v 87.06 83.77 68.80
v 77.37 85.45 68.97
v 85.20 84.44 64.94
v 86.96 93.77 63.34
v 88.83 92.17 68.80
v 87.06 83.77 68.80
v -24.87 99.43 59.35
v -26.60 99.26 59.78
v -26.60 99.26 61.95
v -24.33 99.26 61.95
v -26.60 99.26 59.78
v -24.87 99.43 59.35
v -24.33 99.26 61.95
v -26.60 99.26 61.95
v -24.33 99.26 61.95
v -26.60 99.26 61.95
v -27.32 97.38 69.48
v -24.33 99.26 66.30
v -26.60 99.26 61.95
v -24.33 99.26 61.95
v -24.33 99.26 66.30
v -27.32 97.38 69.48
v -15.91 91.37 54.80
v -22.29 87.85 54.80
v -26.01 94.59 54.80
v -19.64 98.11 54.80
v -19.64 98.11 68.40
v -26.01 94.59 68.40
v -22.29 87.85 68.40
v -16.55 94.96 68.80
v -39.58 81.28 67.45
v -47.97 79.84 65.63
v -41.15 71.86 67.45
v -36.89 79.28 68.80
v -39.58 81.28 54.80
v -47.97 79.84 54.80
v -47.97 79.84 65.63
v -39.58 81.28 67.45
v -47.97 79.84 54.80
v -41.15 71.86 54.80
v -41.15 71.86 67.45
v -47.97 79.84 65.63
v -41.15 71.86 54.80
v -35.60 76.16 54.80
v -36.89 79.28 68.80
v -41.15 71.86 67.45
v -35.60 76.16 54.80
v -39.58 81.28 54.80
v -39.58 81.28 67.45
v -36.89 79.28 68.80
v -36.89 79.28 68.80
v -41.15 71.86 67.45
v -47.97 79.84 65.63
v -39.58 81.28 67.45
v -55.06 66.04 68.80
v -66.31 62.22 66.91
v -61.63 57.76 66.91
v -55.23 64.47 66.91
v -59.91 68.93 54.80
v -66.31 62.22 54.80
v -66.31 62.22 66.91
v -55.06 66.04 68.80
v -66.31 62.22 54.80
v -61.63 57.76 54.80
v -61.63 57.76 66.91
v -66.31 62.22 66.91
v -61.63 57.76 54.80
v -55.23 64.47 54.80
v -55.23 64.47 66.91
v -61.63 57.76 66.91
v -55.23 64.47 54.80
v -59.91 68.93 54.80
v -55.06 66.04 68.80
v -55.23 64.47 66.91
v -53.39 64.48 68.80
v -61.63 57.76 66.91
v -66.31 62.22 66.91
v -55.06 66.04 68.80
v -88.64 55.07 72.63
v -76.04 53.25 68.80
v -85.26 46.38 66.17
v -82.09 50.38 72.63
v -85.46 59.07 66.17
v -76.04 53.25 68.80
v -88.64 55.07 72.63
v -91.40 50.78 66.17
v -82.09 50.38 72.63
v -85.26 46.38 66.17
v -86.74 50.24 59.11
v -87.70 48.89 59.11
v -85.34 46.87 63.02
v -85.51 52.66 63.24
v -87.70 48.89 59.11
v -86.74 50.24 59.11
v -85.51 52.66 63.24
v -85.34 46.87 63.02
v -83.42 50.24 59.11
v -84.39 48.89 59.11
v -84.39 48.89 60.63
v -83.42 50.24 60.63
v -125.17 19.17 68.37
v -116.94 20.22 63.08
v -119.01 10.44 64.00
v -117.75 16.37 68.37
v -123.23 22.60 63.08
v -116.94 20.22 63.08
v -125.17 19.17 68.37
v -126.75 14.97 63.08
v -117.75 16.37 68.37
v -119.01 10.44 64.00
v -119.68 15.06 58.49
v -123.24 14.00 58.49
v -122.77 15.23 58.49
v -122.77 15.23 58.49
v -123.24 14.00 58.49
v -119.68 15.06 58.49
v -119.68 15.06 60.29
v -123.24 14.00 60.29
v -122.77 15.23 60.29
v -122.72 -30.18 63.00
v -119.12 -24.62 64.68
v -120.22 -28.81 70.51
v -110.76 -29.93 70.51
v -120.22 -28.81 70.51
v -110.85 -25.61 64.68
v -111.87 -34.12 64.68
v -110.76 -29.93 70.51
v -119.12 -24.62 64.68
v -110.85 -25.61 64.68
v -120.22 -28.81 70.51
v -122.72 -30.18 63.00
v -110.76 -29.93 70.51
v -111.87 -34.12 64.68
v -133.19 -45.92 54.80
v -133.19 -54.08 54.80
v -140.93 -54.08 54.80
v -140.93 -45.92 54.80
v -140.93 -45.92 68.31
v -140.93 -54.08 68.31
v -133.19 -54.08 68.31
v -133.19 -45.92 68.31
v -119.82 -74.46 59.22
v -119.69 -75.57 59.22
v -119.69 -75.57 60.83
v -119.82 -74.46 60.83
v -119.69 -75.57 59.22
v -119.82 -74.46 59.22
v -119.82 -74.46 60.83
v -119.69 -75.57 60.83
v -119.82 -74.46 60.83
v -119.69 -75.57 60.83
v -120.17 -75.62 60.83
v -120.31 -74.52 60.83
v -120.31 -74.52 60.83
v -120.17 -75.62 60.83
v -119.69 -75.57 60.83
v -119.82 -74.46 60.83
v -104.37 -65.58 54.80
v -103.50 -72.93 54.80
v -114.37 -73.91 54.80
v -112.41 -66.53 54.80
v -114.65 -66.51 66.67
v -114.37 -73.91 66.67
v -103.50 -72.93 68.00
v -104.37 -65.58 68.00
v -96.97 -84.20 54.80
v -95.40 -90.67 54.80
v -102.61 -92.42 54.80
v -104.18 -85.95 54.80
v -104.18 -85.95 65.26
v -104.95 -93.30 67.62
v -95.40 -90.67 65.26
v -97.15 -81.95 68.80
v -104.18 -85.95 54.80
v -102.61 -92.42 54.80
v -104.95 -93.30 67.62
v -104.18 -85.95 65.26
v -102.61 -92.42 54.80
v -95.40 -90.67 54.80
v -95.40 -90.67 65.26
v -104.95 -93.30 67.62
v -95.40 -90.67 54.80
v -96.97 -84.20 54.80
v -97.15 -81.95 68.80
v -95.40 -90.67 65.26
v -96.97 -84.20 54.80
v -104.18 -85.95 54.80
v -104.18 -85.95 65.26
v -97.15 -81.95 68.80
v -104.90 -139.77 59.42
v -105.40 -138.82 59.42
v -105.40 -138.82 61.25
v -104.90 -139.77 61.25
v -92.89 -126.09 54.80
v -89.50 -132.48 54.80
v -99.42 -137.37 54.80
v -99.39 -129.54 54.80
v -99.39 -129.54 68.05
v -99.42 -137.37 67.72
v -89.50 -132.48 68.05
v -92.89 -126.09 68.05
v -99.39 -129.54 54.80
v -99.42 -137.37 54.80
v -99.42 -137.37 67.72
v -99.39 -129.54 68.05
v -99.42 -137.37 54.80
v -89.50 -132.48 54.80
v -89.50 -132.48 68.05
v -99.42 -137.37 67.72
v -89.50 -132.48 54.80
v -92.89 -126.09 54.80
v -92.89 -126.09 68.05
v -89.50 -132.48 68.05
v -114.04 43.66 72.00
v -114.85 46.13 72.00
v -116.95 47.66 72.00
v -121.64 46.13 72.00
v -122.44 43.66 72.00
v -119.54 39.67 72.00
v -114.04 43.66 72.00
v -114.85 46.13 72.00
v -118.24 43.66 78.00
v -114.85 46.13 72.00
v -116.95 47.66 72.00
v -118.24 43.66 78.00
v -116.95 47.66 72.00
v -121.64 46.13 72.00
v -118.24 43.66 78.00
v -121.64 46.13 72.00
v -122.44 43.66 72.00
v -118.24 43.66 78.00
v -122.44 43.66 72.00
v -119.54 39.67 72.00
v -118.24 43.66 78.00
v 138.66 108.94 40.80
v 131.09 113.07 40.80
v 135.05 120.34 40.80
v 142.62 116.21 40.80
v 142.62 116.21 50.13
v 135.05 120.34 50.13
v 131.09 113.07 50.13
v 138.66 108.94 50.13
v 142.62 116.21 40.80
v 135.05 120.34 40.80
v 135.05 120.34 50.13
v 142.62 116.21 50.13
v 135.05 120.34 40.80
v 131.09 113.07 40.80
v 131.09 113.07 50.13
v 135.05 120.34 50.13
v 131.09 113.07 40.80
v 138.66 108.94 40.80
v 138.66 108.94 50.13
v 131.09 113.07 50.13
v 138.66 108.94 40.80
v 142.62 116.21 40.80
v 142.62 116.21 50.13
v 138.66 108.94 50.13
v 97.16 107.61 40.80
v 94.99 101.44 40.80
v 94.99 101.44 48.85
v 97.16 107.61 48.85
v 94.99 101.44 40.80
v 103.53 98.44 40.80
v 103.53 98.44 48.85
v 94.99 101.44 48.85
v 103.53 98.44 40.80
v 105.70 104.62 40.80
v 105.70 104.62 48.85
v 103.53 98.44 48.85
v 97.16 107.61 48.85
v 105.70 104.62 48.85
v 104.70 108.36 59.26
v 97.00 99.16 59.26
v 104.70 108.36 59.26
v 103.53 98.44 48.85
v 94.99 101.44 48.85
v 97.00 99.16 59.26
v 105.70 104.62 48.85
v 103.53 98.44 48.85
v 104.70 108.36 59.26
v 69.99 110.08 40.80
v 68.67 102.38 40.80
v 68.67 102.38 48.77
v 69.99 110.08 48.77
v 68.67 102.38 40.80
v 76.11 101.10 40.80
v 76.11 101.10 48.77
v 68.67 102.38 48.77
v 76.11 101.10 40.80
v 77.44 108.81 40.80
v 77.44 108.81 48.77
v 76.11 101.10 48.77
v 76.11 101.10 48.77
v 68.67 102.38 48.77
v 69.99 110.08 48.77
v 77.44 108.81 48.77
v 77.84 109.09 51.82
v 69.70 110.49 51.82
v 68.26 102.09 51.82
v 79.95 103.94 54.80
v 77.44 108.81 48.77
v 69.99 110.08 48.77
v 69.70 110.49 51.82
v 77.84 109.09 51.82
v 49.63 108.42 59.93
v 42.37 108.42 59.93
v 42.37 101.34 59.93
v 49.63 101.34 59.93
v 49.28 108.07 54.36
v 42.72 108.07 54.36
v 42.37 108.42 59.93
v 49.63 108.42 59.93
v 42.72 108.07 54.36
v 42.72 101.69 54.36
v 42.37 101.34 59.93
v 42.37 108.42 59.93
v 42.72 101.69 54.36
v 49.28 101.69 54.36
v 49.63 101.34 59.93
v 42.37 101.34 59.93
v 49.28 101.69 54.36
v 49.28 108.07 54.36
v 49.63 108.42 59.93
v 49.63 101.34 59.93
v 42.37 108.42 59.93
v 49.63 108.42 59.93
v 46.00 108.67 64.39
v 46.00 101.09 64.39
v -130.91 71.68 50.36
v -124.48 67.01 50.36
v -128.05 68.86 55.76
v -110.69 66.28 40.80
v -115.02 60.31 40.80
v -120.25 64.11 40.80
v -119.99 73.19 40.80
v -115.92 70.08 48.81
v -120.25 64.11 48.81
v -115.02 60.31 48.81
v -110.69 66.28 48.81
v -119.99 73.19 40.80
v -120.25 64.11 40.80
v -120.25 64.11 48.81
v -115.92 70.08 48.81
v -120.25 64.11 40.80
v -115.02 60.31 40.80
v -115.02 60.31 48.81
v -120.25 64.11 48.81
v -115.02 60.31 40.80
v -110.69 66.28 40.80
v -110.69 66.28 48.81
v -115.02 60.31 48.81
v -173.36 1.95 55.45
v -164.60 3.85 50.09
v -166.48 -3.80 50.09
v -164.96 -0.12 55.45
v -171.84 5.63 50.09
v -164.60 3.85 50.09
v -173.36 1.95 55.45
v -173.72 -2.02 50.09
v -164.96 -0.12 55.45
v -166.48 -3.80 50.09
v -152.48 0.82 40.80
v -154.34 -6.73 40.80
v -160.79 -5.15 40.80
v -158.93 2.41 40.80
v -158.93 2.41 55.49
v -160.79 -5.15 55.49
v -154.34 -6.73 55.49
v -152.48 0.82 55.49
v -158.93 2.41 40.80
v -160.79 -5.15 40.80
v -160.79 -5.15 55.49
v -158.93 2.41 55.49
v -167.67 -30.57 40.80
v -159.45 -31.56 40.80
v -159.45 -31.56 50.40
v -167.67 -30.57 50.40
v -159.45 -31.56 40.80
v -158.43 -23.08 40.80
v -158.43 -23.08 50.40
v -159.45 -31.56 50.40
v -158.43 -23.08 40.80
v -166.65 -22.09 40.80
v -166.65 -22.09 50.40
v -158.43 -23.08 50.40
v -158.43 -23.08 50.40
v -159.45 -31.56 50.40
v -167.67 -30.57 50.40
v -166.65 -22.09 50.40
v -166.65 -22.09 50.40
v -167.67 -30.57 50.40
v -159.45 -31.56 50.40
v -158.43 -23.08 50.40
v -167.67 -30.57 50.40
v -166.65 -22.09 50.40
v -167.76 -26.26 59.98
v -158.35 -27.39 59.98
v -158.03 -47.76 40.80
v -165.23 -47.76 40.80
v -169.71 -47.74 51.10
v -158.03 -47.76 53.69
v -169.71 -56.26 51.10
v -169.71 -47.74 51.10
v -165.83 -52.00 59.46
v -157.43 -52.00 59.46
v -165.83 -52.00 59.46
v -158.03 -47.76 53.69
v -158.03 -56.24 53.69
v -157.43 -52.00 59.46
v -169.71 -47.74 51.10
v -158.03 -47.76 53.69
v -165.83 -52.00 59.46
v -169.71 -56.26 51.10
v -157.43 -52.00 59.46
v -158.03 -56.24 53.69
v -159.93 -54.75 45.42
v -159.93 -56.20 45.42
v -163.33 -56.20 45.42
v -163.33 -54.75 45.42
v -140.64 -93.16 40.80
v -148.17 -95.01 40.80
v -148.17 -95.01 54.88
v -140.64 -93.16 54.88
v -145.97 -103.96 54.88
v -148.90 -94.57 54.88
v -147.65 -99.63 61.14
v -138.96 -97.49 61.14
v -147.65 -99.63 61.14
v -140.64 -93.16 54.88
v -138.44 -102.11 54.88
v -138.96 -97.49 61.14
v -148.90 -94.57 54.88
v -140.64 -93.16 54.88
v -147.65 -99.63 61.14
v -145.97 -103.96 54.88
v -138.96 -97.49 61.14
v -138.44 -102.11 54.88
v -145.34 -101.59 45.66
v -144.95 -103.15 45.66
v -144.95 -103.15 51.82
v -145.97 -103.96 54.88
v -137.37 -122.14 59.99
v -132.30 -116.30 55.03
v -129.69 -123.11 55.03
v -132.30 -116.30 55.03
v -138.12 -118.52 55.03
v -132.30 -116.30 55.03
v -137.37 -122.14 59.99
v -139.59 -127.63 56.86
v -132.30 -116.30 55.03
v -129.69 -123.11 55.03
v -135.57 -123.33 45.69
v -134.68 -124.29 45.69
v -134.68 -124.29 51.95
v -135.57 -123.33 51.95
v -134.68 -124.29 45.69
v -135.57 -123.33 45.69
v -135.57 -123.33 51.95
v -134.68 -124.29 51.95
v -120.50 -111.27 40.80
v -117.56 -118.98 40.80
v -129.69 -123.11 40.80
v -128.02 -114.15 40.80
v 91.20 119.35 28.80
v 93.27 125.33 28.80
v 93.27 125.33 41.49
v 91.20 119.35 41.49
v 86.28 129.91 42.00
v 93.27 125.33 41.49
v 89.87 127.14 46.67
v 87.41 120.03 46.67
v 89.87 127.14 46.67
v 91.20 119.35 41.49
v 83.74 121.91 43.84
v 87.41 120.03 46.67
v 93.27 125.33 41.49
v 91.20 119.35 41.49
v 89.87 127.14 46.67
v 86.28 129.91 42.00
v 87.41 120.03 46.67
v 83.74 121.91 43.84
v 90.60 120.57 33.38
v 88.04 120.57 33.38
v 88.04 120.57 35.16
v 90.60 120.57 35.16
v -40.10 146.57 28.80
v -37.93 140.31 28.80
v -37.93 140.31 42.42
v -40.10 146.57 42.42
v -37.93 140.31 28.80
v -31.66 142.48 28.80
v -31.66 142.48 42.42
v -37.93 140.31 42.42
v -31.66 142.48 28.80
v -33.82 148.74 28.80
v -33.82 148.74 42.42
v -31.66 142.48 42.42
v -40.10 146.57 42.42
v -33.82 148.74 42.42
v -37.16 148.22 46.93
v -34.60 140.83 46.93
v -37.16 148.22 46.93
v -31.66 142.48 42.42
v -38.30 139.55 42.42
v -34.60 140.83 46.93
v -33.82 148.74 42.42
v -31.66 142.48 42.42
v -37.16 148.22 46.93
v -32.89 124.06 42.03
v -25.58 126.58 42.03
v -29.43 125.89 47.29
v -26.99 118.81 47.29
v -29.43 125.89 47.29
v -23.53 120.64 42.03
v -30.84 118.11 42.03
v -26.99 118.81 47.29
v -25.58 126.58 42.03
v -23.53 120.64 42.03
v -29.43 125.89 47.29
v -32.89 124.06 42.03
v -26.99 118.81 47.29
v -30.84 118.11 42.03
v -28.98 119.78 33.49
v -30.21 119.35 33.49
v -30.21 119.35 35.37
v -28.98 119.78 35.37
v -30.21 119.35 33.49
v -28.98 119.78 33.49
v -28.98 119.78 35.37
v -30.21 119.35 35.37
v -96.98 115.25 28.80
v -90.68 120.01 28.80
v -90.68 120.01 41.81
v -96.98 115.25 41.81
v -90.68 120.01 28.80
v -94.78 125.44 28.80
v -94.78 125.44 41.81
v -90.68 120.01 41.81
v -90.19 119.94 41.81
v -97.05 114.75 41.81
v -101.08 120.67 41.81
v -94.78 125.44 41.81
v -94.72 125.92 47.12
v -101.57 120.74 47.12
v -97.05 114.75 47.12
v -90.19 119.94 47.12
v -94.78 125.44 41.81
v -101.08 120.67 41.81
v -101.57 120.74 47.12
v -94.72 125.92 47.12
v -101.08 120.67 41.81
v -97.05 114.75 41.81
v -97.05 114.75 47.12
v -101.57 120.74 47.12
v -137.27 111.98 43.21
v -131.32 118.05 43.21
v -134.72 115.44 48.98
v -129.00 109.82 48.98
v -134.72 115.44 48.98
v -126.45 113.27 43.21
v -132.40 107.21 43.21
v -129.00 109.82 48.98
v -131.32 118.05 43.21
v -126.45 113.27 43.21
v -134.72 115.44 48.98
v -137.27 111.98 43.21
v -129.00 109.82 48.98
v -132.40 107.21 43.21
v -132.98 110.04 33.72
v -134.00 108.99 33.72
v -134.00 108.99 35.84
v -132.98 110.04 35.84
v -134.00 108.99 33.72
v -132.98 110.04 33.72
v -132.98 110.04 35.84
v -134.00 108.99 35.84
v -107.21 94.30 28.80
v -113.00 99.97 28.80
v -113.00 99.97 37.31
v -107.21 94.30 37.31
v -107.21 94.30 37.31
v -113.04 88.36 37.31
v -119.82 93.93 36.22
v -113.01 100.47 37.31
v -113.85 102.52 42.00
v -119.82 93.93 42.00
v -113.03 87.86 40.60
v -109.81 93.83 40.80
v -113.01 100.47 37.31
v -119.82 93.93 36.22
v -119.82 93.93 42.00
v -113.85 102.52 42.00
v -119.82 93.93 36.22
v -113.04 88.36 37.31
v -113.03 87.86 40.60
v -119.82 93.93 42.00
v -113.04 88.36 37.31
v -107.21 94.30 37.31
v -109.81 93.83 40.80
v -113.03 87.86 40.60
v -169.37 -66.09 28.80
v -175.96 -66.89 28.80
v -175.96 -66.89 36.64
v -169.37 -66.09 36.64
v -169.37 -66.09 36.64
v -168.35 -74.47 36.64
v -175.24 -75.66 36.64
v -175.96 -66.89 36.64
v -175.96 -66.89 36.64
v -175.24 -75.66 36.64
v -168.35 -74.47 36.64
v -169.37 -66.09 36.64
v -175.24 -75.66 36.64
v -175.96 -66.89 36.64
v -176.04 -71.16 45.37
v -168.26 -70.21 45.37
v -176.04 -71.16 45.37
v -169.37 -66.09 36.64
v -168.35 -74.47 36.64
v -168.26 -70.21 45.37
v -175.96 -66.89 36.64
v -169.37 -66.09 36.64
v -176.04 -71.16 45.37
v -171.44 -92.38 28.80
v -178.41 -94.11 28.80
v -178.41 -94.11 42.41
v -171.44 -92.38 42.41
v -171.44 -92.38 42.41
v -169.63 -99.63 42.41
v -176.60 -101.37 42.41
v -178.41 -94.11 42.41
v -178.83 -93.86 47.99
v -176.85 -101.79 47.99
v -169.21 -99.89 47.99
v -171.19 -91.95 47.99
v -176.60 -101.37 42.41
v -169.63 -99.63 42.41
v -169.21 -99.89 47.99
v -176.85 -101.79 47.99
v -169.63 -99.63 42.41
v -171.44 -92.38 42.41
v -171.19 -91.95 47.99
v -169.21 -99.89 47.99
v -178.08 -97.89 53.07
v -171.19 -91.95 47.99
v -168.91 -100.07 47.99
v -169.96 -95.86 53.07
v -150.48 -110.96 28.80
v -147.09 -119.71 28.80
v -152.96 -121.99 28.80
v -156.35 -113.24 28.80
v -156.35 -113.24 42.24
v -150.01 -122.72 40.80
v -147.09 -119.71 42.24
v -150.48 -110.96 42.24
v -156.35 -113.24 28.80
v -152.96 -121.99 28.80
v -150.01 -122.72 40.80
v -156.35 -113.24 42.24
v -152.96 -121.99 28.80
v -147.09 -119.71 28.80
v -147.09 -119.71 42.24
v -150.01 -122.72 40.80
v -147.09 -119.71 28.80
v -150.48 -110.96 28.80
v -150.48 -110.96 42.24
v -147.09 -119.71 42.24
v -150.48 -110.96 28.80
v -156.35 -113.24 28.80
v -156.35 -113.24 42.24
v -150.48 -110.96 42.24
v -143.76 -145.26 28.80
v -136.70 -141.41 28.80
v -136.70 -141.41 41.61
v -140.12 -147.55 40.80
v -136.70 -141.41 28.80
v -140.43 -134.58 28.80
v -140.43 -134.58 41.61
v -136.70 -141.41 41.61
v -140.43 -134.58 28.80
v -147.49 -138.43 28.80
v -147.49 -138.43 41.61
v -140.43 -134.58 41.61
v -147.49 -138.43 41.61
v -140.12 -147.55 40.80
v -139.94 -143.86 47.08
v -144.25 -135.98 47.08
v -140.43 -134.58 41.61
v -144.25 -135.98 47.08
v -139.94 -143.86 47.08
v -136.70 -141.41 41.61
v -147.49 -138.43 41.61
v -144.25 -135.98 47.08
v -140.43 -134.58 41.61
v -7.69 154.09 46.00
v -3.00 152.57 46.00
v -4.30 156.56 52.00
v -3.00 152.57 46.00
v 0.29 153.23 46.00
v -4.30 156.56 52.00
v 0.29 153.23 46.00
v 1.37 156.56 46.00
v -4.30 156.56 52.00
v -8.04 -92.38 84.00
v -4.12 -94.61 84.00
v -6.24 -95.75 84.00
v -8.04 -92.38 84.00
v -6.24 -95.75 84.00
v -4.12 -94.61 84.00
v -8.04 -92.38 84.00
v -3.83 -95.16 84.24
v -6.24 -95.75 84.00
v -2.95 -96.79 85.21
v -3.90 -100.10 85.93
v -5.07 -97.92 85.21
v -5.07 -97.92 85.21
v -3.90 -100.10 85.93
v -2.95 -96.79 85.21
v -2.95 -96.79 85.21
v -3.90 -100.10 85.93
v -5.07 -97.92 85.21
v -5.07 -97.92 85.21
v -3.90 -100.10 85.93
v -2.95 -96.79 85.21
v -2.95 -96.79 85.21
v -3.90 -100.10 85.93
v -5.07 -97.92 85.21
v -5.07 -97.92 85.21
v -3.90 -100.10 85.93
v -2.95 -96.79 85.21
v 1.65 -110.44 90.52
v 4.27 -115.33 92.69
v 5.22 -112.02 91.72
v 5.22 -112.02 91.72
v 6.97 -115.29 93.17
v 4.27 -115.33 92.69
v 1.65 -110.44 90.52
v 1.65 -110.44 90.52
v 4.27 -115.33 92.69
v 6.97 -115.29 93.17
v 5.22 -112.02 91.72
v 5.22 -112.02 91.72
v 6.97 -115.29 93.17
v 1.65 -110.44 90.52
v 1.65 -110.44 90.52
v 6.97 -115.29 93.17
v 5.22 -112.02 91.72
v 5.22 -112.02 91.72
v 6.97 -115.29 93.17
v 1.65 -110.44 90.52
v -115.72 -123.96 41.40
v -116.25 -127.04 41.40
v -114.52 -126.04 41.40
v -115.72 -123.96 32.00
v -116.25 -127.04 32.00
v -116.25 -127.04 41.40
v -115.72 -123.96 41.40
v -116.25 -127.04 32.00
v -114.52 -126.04 32.00
v -114.52 -126.04 41.40
v -116.25 -127.04 41.40
v -114.52 -126.04 32.00
v -115.72 -123.96 32.00
v -115.72 -123.96 41.40
v -114.52 -126.04 41.40
v -109.65 -127.04 32.00
v -110.85 -124.96 32.00
v -109.12 -123.96 32.00
v -109.12 -123.96 41.40
v -110.85 -124.96 41.40
v -109.65 -127.04 41.40
v -109.31 -58.79 45.60
v -112.31 -58.79 46.50
v -112.91 -58.79 52.50
v -112.31 -58.79 46.50
v -115.46 -56.24 45.60
v -112.91 -58.79 52.50
v -112.91 -62.39 45.60
v -109.31 -58.79 45.60
v -112.91 -58.79 52.50
v -48.39 -79.72 73.60
v -51.39 -79.72 70.00
v -51.99 -79.72 80.50
v -51.39 -79.72 70.00
v -55.59 -79.72 73.60
v -51.99 -79.72 80.50
v -55.59 -79.72 73.60
v -52.29 -80.24 70.00
v -51.99 -79.72 80.50
v -52.29 -80.24 70.00
v -49.45 -82.27 73.60
v -51.99 -79.72 80.50
v -49.45 -82.27 73.60
v -48.39 -79.72 73.60
v -51.99 -79.72 80.50
v -44.98 -129.64 56.00
v -45.28 -129.12 56.00
v -45.28 -129.12 60.50
v -44.98 -129.64 60.50
v -45.28 -129.12 56.00
v -45.88 -130.16 56.00
v -45.88 -130.16 60.50
v -45.28 -129.12 60.50
v -45.88 -130.16 56.00
v -44.98 -129.64 56.00
v -44.98 -129.64 60.50
v -45.88 -130.16 60.50
v -44.98 -129.64 60.50
v -45.28 -129.12 60.50
v -45.88 -130.16 60.50
v -44.98 -129.64 56.00
v -45.28 -129.12 56.00
v -48.96 -125.05 68.80
v 158.19 -98.96 73.60
v 157.13 -101.50 73.60
v 160.73 -101.50 80.50
v 157.13 -101.50 73.60
v 160.73 -105.10 73.60
v 160.73 -101.50 80.50
v 160.73 -105.10 73.60
v 161.33 -101.50 70.00
v 160.73 -101.50 80.50
v -98.35 -110.37 72.00
v -100.15 -111.25 72.00
v -108.24 -115.19 10.00
v -106.44 -114.32 10.00
v -100.15 -111.25 72.00
v -104.97 -101.36 72.00
v -113.06 -105.31 10.00
v -108.24 -115.19 10.00
v -104.97 -101.36 72.00
v -111.26 -104.43 10.00
v -113.06 -105.31 10.00
v -104.97 -101.36 72.00
v -98.35 -110.37 72.00
v -106.44 -114.32 10.00
v -111.26 -104.43 10.00
v 153.05 58.70 59.76
v 144.22 82.39 58.90
v 150.53 80.25 55.04
v 162.10 62.96 59.76
v 162.10 62.96 86.36
v 151.92 84.63 86.36
v 142.87 80.37 86.36
v 153.05 58.70 86.36
v 162.10 62.96 59.76
v 150.53 80.25 55.04
v 151.92 84.63 86.36
v 162.10 62.96 86.36
v 150.53 80.25 55.04
v 144.22 82.39 58.90
v 142.87 80.37 86.36
v 151.92 84.63 86.36
v 80.53 98.97 58.92
v 72.21 105.20 58.92
v 72.21 105.20 87.58
v 80.53 98.97 87.58
v 72.21 105.20 58.92
v 66.22 97.19 58.92
v 66.22 97.19 87.58
v 72.21 105.20 87.58
v 66.22 97.19 58.92
v 74.54 90.97 58.92
v 74.54 90.97 87.58
v 66.22 97.19 87.58
v 74.54 90.97 58.92
v 80.53 98.97 58.92
v 80.53 98.97 87.58
v 74.54 90.97 87.58
v 36.72 91.54 63.51
v 21.36 96.29 63.51
v 24.31 105.84 63.51
v 39.67 101.09 63.51
v 39.67 101.09 87.58
v 24.31 105.84 87.58
v 21.36 96.29 87.58
v 38.96 92.08 85.34
v 39.67 101.09 63.51
v 24.31 105.84 63.51
v 24.31 105.84 87.58
v 39.67 101.09 87.58
v 24.31 105.84 63.51
v 21.36 96.29 63.51
v 21.36 96.29 87.58
v 24.31 105.84 87.58
v 21.36 96.29 63.51
v 36.72 91.54 63.51
v 38.96 92.08 85.34
v 21.36 96.29 87.58
v 36.72 91.54 63.51
v 39.67 101.09 63.51
v 39.67 101.09 87.58
v 38.96 92.08 85.34
v -7.21 92.30 57.55
v -20.91 90.19 57.55
v -22.44 100.07 57.55
v -7.10 102.25 59.35
v -69.80 -115.45 75.14
v -37.64 -134.99 78.72
v -36.99 -134.15 84.31
v -69.30 -118.80 82.00
v -37.64 -134.99 78.72
v -34.37 -118.77 79.50
v -34.37 -118.77 82.00
v -36.99 -134.15 84.31
v -34.37 -118.77 79.50
v -62.54 -109.98 75.08
v -62.24 -105.00 80.15
v -34.37 -118.77 82.00
v -62.54 -109.98 75.08
v -69.80 -115.45 75.14
v -69.30 -118.80 82.00
v -62.24 -105.00 80.15
v 46.01 -155.22 79.50
v 43.37 -141.47 79.50
v 43.37 -141.47 82.00
v 46.01 -155.22 82.00
v 43.37 -141.47 79.50
v 11.94 -147.49 79.50
v 11.94 -147.49 82.00
v 43.37 -141.47 82.00
v 61.47 166.28 11.61
v 57.71 157.01 11.61
v 57.71 157.01 33.39
v 61.47 166.28 33.39
v 57.71 157.01 11.61
v 68.13 152.78 11.61
v 68.13 152.78 33.39
v 57.71 157.01 33.39
v 68.13 152.78 11.61
v 71.89 162.05 11.61
v 71.89 162.05 33.39
v 68.13 152.78 33.39
v 6.17 161.85 31.41
v -15.04 161.27 31.41
v -14.77 151.27 31.41
v 6.45 151.86 31.41
v 6.17 161.85 14.38
v -15.04 161.27 14.38
v -15.04 161.27 31.41
v 6.17 161.85 31.41
v -15.04 161.27 14.38
v -14.77 151.27 14.38
v -14.77 151.27 31.41
v -15.04 161.27 31.41

usemtl mat_slate
v 85.06 132.88 38.00
v 86.10 136.73 38.00
v 86.10 136.73 68.00
v 85.06 132.88 68.00
v 86.10 136.73 68.00
v 85.06 140.58 68.00
v 82.25 143.40 68.00
v 78.40 144.43 68.00
v 74.55 143.40 68.00
v 70.70 136.73 68.00
v 71.73 132.88 68.00
v 78.40 129.03 68.00
v 82.25 130.06 68.00
v 85.06 132.88 68.00
v 84.73 135.98 64.40
v 86.23 135.98 64.40
v 86.10 136.73 68.00
v 84.73 135.98 66.00
v 86.23 135.98 64.40
v 84.73 135.98 64.40
v 84.73 135.98 66.00
v 86.10 136.73 68.00
v 83.78 140.16 64.40
v 85.13 140.81 64.40
v 86.23 135.98 64.40
v 84.73 135.98 64.40
v 84.73 135.98 66.00
v 86.10 136.73 68.00
v 85.06 140.58 68.00
v 82.25 143.40 68.00
v 84.73 135.98 64.40
v 86.23 135.98 64.40
v 86.10 136.73 68.00
v 84.73 135.98 66.00
v 86.23 135.98 64.40
v 85.13 140.81 64.40
v 85.06 140.58 68.00
v 86.10 136.73 68.00
v 85.13 140.81 64.40
v 83.78 140.16 64.40
v 82.25 143.40 68.00
v 85.06 140.58 68.00
v 83.78 140.16 64.40
v 84.73 135.98 64.40
v 84.73 135.98 66.00
v 82.25 143.40 68.00
v 83.78 140.16 64.40
v 79.41 144.54 64.40
v 78.40 144.43 68.00
v 82.25 143.40 68.00
v 79.41 144.54 64.40
v 83.78 140.16 64.40
v 82.25 143.40 68.00
v 78.40 144.43 68.00
v -160.44 -135.92 64.40
v -159.50 -134.74 64.40
v -159.50 -134.74 66.00
v -160.44 -135.92 66.00
v -159.50 -134.74 64.40
v -163.97 -130.07 64.40
v -162.81 -133.17 68.00
v -159.50 -134.74 66.00
v -158.28 -135.33 64.40
v -153.67 -136.79 64.40
v -152.29 -135.99 68.00
v -159.99 -135.99 68.00
v -153.67 -136.79 64.40
v -158.28 -135.33 64.40
v -159.99 -135.99 68.00
v -152.29 -135.99 68.00
v -152.78 -134.74 64.40
v -153.67 -136.79 64.40
v -152.29 -135.99 68.00
v -152.78 -134.74 66.00
v -153.67 -136.79 64.40
v -152.78 -134.74 64.40
v -152.78 -134.74 66.00
v -152.29 -135.99 68.00
v -152.78 -134.74 64.40
v -149.81 -130.07 64.40
v -149.47 -133.17 68.00
v -152.78 -134.74 66.00
v -149.81 -130.07 64.40
v -152.78 -134.74 64.40
v -152.78 -134.74 66.00
v -149.47 -133.17 68.00
v -146.13 -129.32 70.00
v -147.47 -124.32 70.00
v -156.14 -129.32 84.25
v -147.47 -124.32 70.00
v -151.13 -120.65 70.00
v -156.14 -129.32 84.25
v -151.13 -120.65 70.00
v -156.14 -119.31 70.00
v -156.14 -129.32 84.25
v -156.14 -119.31 70.00
v -161.15 -120.65 70.00
v -156.14 -129.32 84.25
v 141.07 60.29 73.75
v 141.96 59.60 73.75
v 141.96 59.60 75.89
v 141.07 60.29 75.89
v 141.96 59.60 73.75
v 141.07 60.29 73.75
v 141.07 60.29 75.89
v 141.96 59.60 75.89
v 141.07 60.29 73.75
v 141.96 59.60 73.75
v 141.96 59.60 75.89
v 141.07 60.29 75.89
v 141.96 59.60 75.89
v 141.07 60.29 75.89
v 141.07 60.29 80.18
v 142.98 58.28 83.33
v 141.07 60.29 75.89
v 141.96 59.60 75.89
v 142.98 58.28 83.33
v 141.07 60.29 80.18
v 141.96 59.60 75.89
v 141.07 60.29 75.89
v 141.07 60.29 80.18
v 142.98 58.28 83.33
v 141.07 60.29 75.89
v 141.96 59.60 75.89
v 142.98 58.28 83.33
v 141.07 60.29 80.18
v 133.59 82.12 68.80
v 127.59 85.45 68.80
v 131.54 92.59 68.80
v 137.55 89.26 68.80
v 137.55 89.26 81.21
v 130.61 94.60 84.00
v 127.59 85.45 81.21
v 133.59 82.12 81.21
v 137.55 89.26 68.80
v 131.54 92.59 68.80
v 130.61 94.60 84.00
v 137.55 89.26 81.21
v 131.54 92.59 68.80
v 127.59 85.45 68.80
v 127.59 85.45 81.21
v 130.61 94.60 84.00
v 127.59 85.45 68.80
v 133.59 82.12 68.80
v 133.59 82.12 81.21
v 127.59 85.45 81.21
v 65.88 100.33 68.80
v 58.12 100.33 68.80
v 58.12 100.33 77.00
v 65.88 100.33 77.00
v 58.12 100.33 68.80
v 58.12 91.87 68.80
v 58.12 91.87 77.00
v 58.12 100.33 77.00
v 58.12 91.87 68.80
v 65.88 91.87 68.80
v 65.88 91.87 77.00
v 58.12 91.87 77.00
v 65.88 91.87 68.80
v 65.88 100.33 68.80
v 65.88 100.33 77.00
v 65.88 91.87 77.00
v 65.88 100.33 77.00
v 58.12 100.33 77.00
v 57.52 96.10 82.76
v 66.47 96.10 82.76
v 65.88 91.87 77.00
v 66.47 96.10 82.76
v 57.52 96.10 82.76
v 58.12 91.87 77.00
v 65.88 100.33 77.00
v 66.47 96.10 82.76
v 65.88 91.87 77.00
v 58.12 100.33 77.00
v 58.12 91.87 77.00
v 57.52 96.10 82.76
v 65.46 84.16 68.80
v 58.54 84.16 68.80
v 58.12 91.87 68.80
v 65.88 91.87 68.80
v 65.88 91.87 77.00
v 58.12 91.87 77.00
v 58.54 84.16 78.59
v 65.46 84.16 78.59
v 65.88 91.87 68.80
v 58.12 91.87 68.80
v 58.12 91.87 77.00
v 65.88 91.87 77.00
v 58.12 91.87 68.80
v 58.54 84.16 68.80
v 58.54 84.16 78.59
v 58.12 91.87 77.00
v 57.55 76.29 79.17
v 61.23 76.66 75.88
v 61.23 76.66 80.16
v 57.20 75.94 83.30
v 65.81 83.81 82.45
v 63.96 82.15 83.30
v 62.00 84.82 89.34
v 65.06 82.15 86.50
v -1.40 83.03 78.09
v 2.50 75.98 78.09
v -5.34 81.53 83.76
v -8.70 78.98 78.09
v -0.85 73.43 83.76
v -5.03 71.12 78.09
v -4.02 74.14 72.70
v -5.27 73.45 72.70
v -5.03 71.12 78.09
v -4.79 71.94 78.09
v -5.27 73.45 72.70
v -4.02 74.14 72.70
v -4.79 71.94 78.09
v -5.03 71.12 78.09
v -29.58 84.98 68.80
v -36.89 79.28 68.80
v -41.37 85.03 68.80
v -34.06 90.73 68.80
v -34.06 90.73 78.63
v -41.37 85.03 78.63
v -36.89 79.28 78.63
v -29.58 84.98 78.63
v -34.06 90.73 68.80
v -41.37 85.03 68.80
v -41.37 85.03 78.63
v -34.06 90.73 78.63
v -41.37 85.03 68.80
v -36.89 79.28 68.80
v -36.89 79.28 78.63
v -41.37 85.03 78.63
v -36.89 79.28 68.80
v -29.58 84.98 68.80
v -29.58 84.98 78.63
v -36.89 79.28 78.63
v -29.58 84.98 68.80
v -34.06 90.73 68.80
v -34.06 90.73 78.63
v -29.58 84.98 78.63
v -41.37 85.03 78.63
v -34.06 90.73 78.63
v -36.00 88.60 84.00
v -32.86 81.66 84.93
v -36.00 88.60 84.00
v -29.58 84.98 78.63
v -36.89 79.28 78.63
v -32.86 81.66 84.93
v -87.82 41.58 86.00
v -90.73 45.58 86.00
v -95.42 44.05 86.00
v -95.42 39.11 86.00
v -93.32 37.59 86.00
v -88.63 39.11 86.00
v -87.82 41.58 86.00
v -90.73 45.58 86.00
v -92.02 41.58 92.00
v -90.73 45.58 86.00
v -95.42 44.05 86.00
v -92.02 41.58 92.00
v -95.42 44.05 86.00
v -95.42 39.11 86.00
v -92.02 41.58 92.00
v 168.63 61.45 63.01
v 175.36 58.72 60.79
v 172.03 59.78 68.80
v 165.44 53.09 68.80
v 172.03 59.78 68.80
v 169.10 49.33 63.01
v 163.26 56.32 63.01
v 165.44 53.09 68.80
v 175.36 58.72 60.79
v 169.10 49.33 63.01
v 172.03 59.78 68.80
v 168.63 61.45 63.01
v 165.44 53.09 68.80
v 163.26 56.32 63.01
v 138.31 88.49 63.59
v 132.44 91.73 63.59
v 131.54 92.59 68.80
v 137.55 89.26 68.80
v 132.44 91.73 63.59
v 129.41 86.24 63.59
v 127.59 85.45 68.80
v 131.54 92.59 68.80
v 129.41 86.24 63.59
v 135.28 83.00 63.59
v 135.42 82.52 67.00
v 127.59 85.45 68.80
v 135.28 83.00 63.59
v 138.31 88.49 63.59
v 137.55 89.26 68.80
v 135.42 82.52 67.00
v 107.95 101.47 54.80
v 114.76 99.05 54.80
v 114.76 99.05 67.64
v 107.95 101.47 67.64
v 114.76 99.05 54.80
v 117.27 106.10 54.80
v 117.27 106.10 67.64
v 114.76 99.05 67.64
v 117.27 106.10 67.64
v 110.45 108.52 67.64
v 108.64 105.20 72.73
v 116.58 102.38 72.73
v 115.10 95.37 68.80
v 116.58 102.38 72.73
v 108.64 105.20 72.73
v 107.95 101.47 67.64
v 81.46 85.30 59.67
v 81.38 84.82 59.67
v 81.38 84.82 61.75
v 81.46 85.30 61.75
v 81.38 84.82 59.67
v 81.46 85.30 59.67
v 81.46 85.30 61.75
v 81.38 84.82 61.75
v 81.46 85.30 61.75
v 81.38 84.82 61.75
v 80.33 84.94 68.80
v 81.46 85.30 65.90
v 81.38 84.82 61.75
v 81.46 85.30 61.75
v 81.46 85.30 65.90
v 80.33 84.94 68.80
v 31.09 82.55 54.80
v 38.59 83.85 54.80
v 36.81 83.86 68.80
v 31.09 82.55 67.86
v 38.59 83.85 54.80
v 36.56 92.84 54.80
v 35.57 90.99 68.80
v 36.81 83.86 68.80
v 36.81 83.86 68.80
v 31.09 82.55 67.86
v 29.96 91.70 66.94
v 35.57 90.99 68.80
v 37.48 93.12 72.96
v 29.68 91.29 71.86
v 30.81 82.14 73.19
v 39.03 84.88 74.86
v -19.64 98.11 68.40
v -17.25 95.03 73.64
v -16.55 94.96 68.80
v -26.01 94.59 68.40
v -22.29 87.85 68.40
v -24.68 90.93 73.64
v -19.33 89.76 59.56
v -21.77 89.76 59.56
v -21.77 89.76 61.52
v -19.33 89.76 61.52
v -21.77 89.76 59.56
v -19.33 89.76 59.56
v -19.33 89.76 61.52
v -21.77 89.76 61.52
v -70.50 49.29 68.80
v -76.04 53.25 68.80
v -77.55 52.17 70.36
v -70.68 47.25 70.36
v -77.55 52.17 70.36
v -80.50 46.78 70.00
v -79.04 42.84 75.64
v -70.50 49.29 79.90
v -70.68 47.25 70.36
v -70.50 49.29 79.90
v -79.04 42.84 75.64
v -75.45 40.58 70.36
v -77.55 52.17 70.36
v -70.50 49.29 79.90
v -70.68 47.25 70.36
v -137.06 -6.88 65.74
v -128.12 -4.81 71.35
v -129.67 -8.68 65.74
v -116.58 -3.18 54.80
v -118.61 -11.55 54.80
v -129.67 -8.68 54.80
v -124.02 -1.37 54.80
v -123.30 -4.09 63.75
v -126.05 -9.74 62.84
v -118.61 -11.55 62.84
v -119.01 -4.98 64.00
v -124.02 -1.37 54.80
v -129.67 -8.68 54.80
v -126.05 -9.74 62.84
v -123.30 -4.09 63.75
v 80.82 129.54 53.43
v 73.71 130.76 53.43
v 72.41 123.16 53.43
v 79.52 121.94 53.43
v 80.82 129.54 40.80
v 73.71 130.76 40.80
v 73.71 130.76 53.43
v 80.82 129.54 53.43
v 73.71 130.76 40.80
v 72.41 123.16 40.80
v 72.41 123.16 53.43
v 73.71 130.76 53.43
v 72.41 123.16 40.80
v 79.52 121.94 40.80
v 79.52 121.94 53.43
v 72.41 123.16 53.43
v -132.14 49.46 53.59
v -136.79 40.83 53.59
v -129.77 37.05 53.59
v -125.13 45.68 53.59
v -132.00 48.99 50.00
v -136.31 40.97 50.00
v -136.79 40.83 53.59
v -132.14 49.46 53.59
v -136.31 40.97 50.00
v -129.91 37.52 50.00
v -129.77 37.05 53.59
v -136.79 40.83 53.59
v -129.91 37.52 50.00
v -125.60 45.54 50.00
v -125.13 45.68 53.59
v -129.77 37.05 53.59
v -160.79 -5.15 55.49
v -152.82 -3.10 60.78
v -154.34 -6.73 55.49
v -154.92 -4.78 45.78
v -158.35 -5.94 45.78
v -158.03 -4.66 45.78
v -158.03 -4.66 45.78
v -158.35 -5.94 45.78
v -154.92 -4.78 45.78
v -154.92 -4.78 50.13
v -158.35 -5.94 50.13
v -158.03 -4.66 50.13
v -153.08 -24.36 53.92
v -153.94 -31.58 53.92
v -147.19 -32.40 53.92
v -146.32 -25.18 53.92
v -153.08 -24.36 40.80
v -153.94 -31.58 40.80
v -153.94 -31.58 53.92
v -153.08 -24.36 53.92
v -153.94 -31.58 40.80
v -147.19 -32.40 40.80
v -147.19 -32.40 53.92
v -153.94 -31.58 53.92
v -147.19 -32.40 40.80
v -149.77 -25.30 42.00
v -146.32 -25.18 53.92
v -147.19 -32.40 53.92
v -163.33 -56.20 45.42
v -159.93 -56.20 45.42
v -158.03 -56.24 53.69
v -163.33 -56.20 50.87
v -159.93 -56.20 45.42
v -159.93 -54.75 45.42
v -159.93 -54.75 50.87
v -158.03 -56.24 53.69
v -159.93 -54.75 45.42
v -163.33 -54.75 45.42
v -163.33 -54.75 50.87
v -159.93 -54.75 50.87
v -148.41 -50.00 42.00
v -145.56 -55.34 40.80
v -152.04 -55.34 40.80
v -152.04 -48.66 40.80
v -138.23 -69.89 40.80
v -145.37 -70.75 40.80
v -145.37 -70.75 49.45
v -138.23 -69.89 49.45
v -144.35 -79.22 49.45
v -145.37 -70.75 49.45
v -145.46 -75.06 55.25
v -137.13 -74.05 55.25
v -145.46 -75.06 55.25
v -138.23 -69.89 49.45
v -137.21 -78.36 49.45
v -137.13 -74.05 55.25
v -145.37 -70.75 49.45
v -138.23 -69.89 49.45
v -145.46 -75.06 55.25
v -129.40 -91.43 40.80
v -135.53 -92.94 40.80
v -135.53 -92.94 51.81
v -129.40 -91.43 51.81
v -134.25 -100.65 51.81
v -135.53 -92.94 51.81
v -135.25 -96.58 56.70
v -127.96 -94.78 56.70
v -135.25 -96.58 56.70
v -129.40 -91.43 51.81
v -127.68 -98.42 51.81
v -127.96 -94.78 56.70
v -135.53 -92.94 51.81
v -129.40 -91.43 51.81
v -135.25 -96.58 56.70
v 130.51 140.90 48.37
v 130.45 131.86 42.62
v 123.00 135.87 42.62
v 126.44 133.33 48.37
v 133.95 138.37 42.62
v 130.45 131.86 42.62
v 130.51 140.90 48.37
v 126.50 142.38 42.62
v 126.44 133.33 48.37
v 123.00 135.87 42.62
v 130.68 133.42 33.60
v 127.78 133.42 33.60
v 127.78 133.42 35.61
v 130.68 133.42 35.61
v 68.53 140.09 29.16
v 68.11 151.13 28.80
v 68.11 151.13 39.58
v 66.86 143.77 39.58
v 58.91 152.69 39.58
v 68.11 151.13 39.58
v 63.61 152.50 45.92
v 62.16 143.95 45.92
v 63.61 152.50 45.92
v 66.86 143.77 39.58
v 56.97 144.83 39.58
v 62.16 143.95 45.92
v 68.11 151.13 39.58
v 66.86 143.77 39.58
v 63.61 152.50 45.92
v -7.38 147.85 41.70
v -1.77 141.66 47.82
v -6.31 141.50 41.70
v 3.75 131.71 28.80
v -3.71 130.44 28.80
v -4.79 136.85 28.80
v 2.66 138.12 28.80
v 3.12 137.20 42.00
v -4.79 136.85 41.68
v -3.71 130.44 41.68
v 3.75 131.71 41.68
v 2.66 138.12 28.80
v -4.79 136.85 28.80
v -4.79 136.85 41.68
v 3.12 137.20 42.00
v -56.53 124.54 49.53
v -53.07 118.11 49.53
v -60.67 122.60 55.26
v -64.57 120.22 49.53
v -56.98 115.73 55.26
v -61.11 113.79 49.53
v -59.75 116.55 34.99
v -61.02 115.86 34.99
v -61.02 115.86 38.37
v -59.75 116.55 38.37
v -61.02 115.86 34.99
v -59.75 116.55 34.99
v -59.75 116.55 38.37
v -61.02 115.86 38.37
v -94.16 117.66 34.50
v -96.84 117.66 34.50
v -96.84 117.66 37.41
v -91.69 116.88 38.00
v -96.84 117.66 34.50
v -94.16 117.66 34.50
v -91.69 116.88 38.00
v -96.84 117.66 37.41
v -82.80 110.26 28.80
v -89.73 105.01 28.80
v -93.41 109.86 28.80
v -86.47 115.11 28.80
v -86.47 115.11 41.04
v -93.41 109.86 41.04
v -89.73 105.01 41.04
v -83.74 111.59 40.80
v -134.00 108.99 35.84
v -132.98 110.04 35.84
v -132.98 110.04 40.09
v -132.40 107.21 43.21
v -129.72 109.69 35.84
v -134.00 108.99 35.84
v -132.98 110.04 35.84
v -132.98 110.04 40.09
v -132.40 107.21 43.21
v -129.72 109.69 40.09
v -132.98 110.04 35.84
v -134.00 108.99 35.84
v -132.40 107.21 43.21
v -132.98 110.04 40.09
v -158.80 88.47 28.80
v -153.85 84.82 28.80
v -153.85 84.82 38.42
v -158.80 88.47 38.42
v -153.85 84.82 28.80
v -149.59 90.61 28.80
v -149.59 90.61 38.42
v -153.85 84.82 38.42
v -149.59 90.61 28.80
v -154.55 94.26 28.80
v -154.55 94.26 38.42
v -149.59 90.61 38.42
v -158.80 88.47 38.42
v -154.67 95.10 38.42
v -157.16 91.72 43.31
v -151.24 87.36 43.31
v -158.65 -89.24 37.38
v -162.45 -89.57 42.50
v -160.37 -97.89 42.50
v -156.87 -96.39 37.38
v -165.96 -91.06 37.38
v -162.45 -89.57 42.50
v -158.65 -89.24 37.38
v -164.17 -98.22 37.38
v -156.87 -96.39 37.38
v -160.37 -97.89 42.50
v -163.03 -96.83 32.56
v -159.79 -97.91 32.56
v -156.87 -96.39 37.38
v -164.17 -98.22 37.38
v -7.69 159.03 22.00
v -7.69 154.09 22.00
v -7.69 154.09 46.00
v -7.69 159.03 46.00
v -7.69 154.09 22.00
v -3.00 152.57 22.00
v -3.00 152.57 46.00
v -7.69 154.09 46.00
v -3.00 152.57 22.00
v -4.30 156.56 22.00
v -0.10 156.56 46.00
v -3.00 152.57 46.00
v -0.10 156.56 46.00
v -3.00 160.56 46.00
v -5.59 160.56 46.00
v -7.69 159.03 46.00
v -7.69 154.09 46.00
v -3.00 152.57 46.00
v -5.59 160.56 46.00
v -7.69 159.03 46.00
v -4.30 156.56 52.00
v -7.69 159.03 46.00
v -7.69 154.09 46.00
v -4.30 156.56 52.00
v -4.76 -93.42 85.21
v -2.95 -96.79 85.21
v -5.07 -97.92 85.21
v -5.07 -97.92 85.21
v -2.95 -96.79 85.21
v -4.76 -93.42 85.21
v -4.76 -93.42 85.21
v -2.95 -96.79 85.21
v -5.07 -97.92 85.21
v -5.07 -97.92 85.21
v -2.95 -96.79 85.21
v -4.76 -93.42 85.21
v 63.67 -145.17 72.41
v 66.31 -145.44 72.90
v 65.18 -142.23 71.45
v 66.31 -145.44 72.90
v 65.55 -150.52 74.83
v 63.67 -145.17 72.41
v 64.30 -146.96 75.07
v 65.55 -150.52 75.07
v 67.81 -149.72 75.07
v 63.67 -145.17 72.41
v 65.55 -150.52 74.83
v 65.55 -150.52 75.07
v 64.30 -146.96 75.07
v -95.92 -123.96 41.40
v -96.45 -127.04 41.40
v -94.72 -126.04 41.40
v -95.92 -123.96 32.00
v -96.45 -127.04 32.00
v -96.45 -127.04 41.40
v -95.92 -123.96 41.40
v -96.45 -127.04 32.00
v -94.72 -126.04 32.00
v -94.72 -126.04 41.40
v -96.45 -127.04 41.40
v -94.72 -126.04 32.00
v -95.92 -123.96 32.00
v -95.92 -123.96 41.40
v -94.72 -126.04 41.40
v -115.46 -56.24 45.60
v -115.46 -61.33 45.60
v -112.91 -58.79 52.50
v -115.46 -61.33 45.60
v -112.91 -62.39 45.60
v -112.91 -58.79 52.50
v -45.28 -129.12 56.00
v -45.88 -130.16 56.00
v -48.96 -125.05 68.80
v -45.88 -130.16 56.00
v -43.03 -132.19 59.60
v -48.96 -125.05 68.80
v -43.03 -132.19 59.60
v -44.98 -129.64 56.00
v -48.96 -125.05 68.80
v 50.34 -141.22 73.60
v 49.29 -138.68 73.60
v 46.74 -141.22 80.50
v 49.29 -138.68 73.60
v 44.20 -138.68 73.60
v 46.74 -141.22 80.50
v 44.20 -138.68 73.60
v 43.14 -141.22 73.60
v 46.74 -141.22 80.50
v 43.14 -141.22 73.60
v 47.34 -141.22 70.00
v 46.74 -141.22 80.50
v 47.34 -141.22 70.00
v 50.34 -141.22 73.60
v 46.74 -141.22 80.50
v 161.33 -101.50 70.00
v 163.28 -98.96 73.60
v 160.73 -101.50 80.50
v 163.28 -98.96 73.60
v 158.19 -98.96 73.60
v 160.73 -101.50 80.50
v 144.22 82.39 58.90
v 153.05 58.70 59.76
v 153.05 58.70 86.36
v 142.87 80.37 86.36
v 153.05 58.70 59.76
v 162.10 62.96 59.76
v 162.10 62.96 86.36
v 153.05 58.70 86.36
v 116.48 83.46 61.75
v 108.69 91.45 60.58
v 116.14 100.02 61.75
v 124.33 89.65 61.75
v 124.33 89.65 87.37
v 116.14 100.02 87.37
v 108.44 90.36 86.41
v 116.48 83.46 87.37
v 124.33 89.65 61.75
v 116.14 100.02 61.75
v 116.14 100.02 87.37
v 124.33 89.65 87.37
v 116.14 100.02 61.75
v 108.69 91.45 60.58
v 108.44 90.36 86.41
v 116.14 100.02 87.37
v 108.69 91.45 60.58
v 116.48 83.46 61.75
v 116.48 83.46 87.37
v 108.44 90.36 86.41
v 116.48 83.46 61.75
v 124.33 89.65 61.75
v 124.33 89.65 87.37
v 116.48 83.46 87.37
v 74.54 90.97 58.92
v 66.22 97.19 58.92
v 72.21 105.20 58.92
v 80.53 98.97 58.92
v 80.53 98.97 87.58
v 72.21 105.20 87.58
v 66.22 97.19 87.58
v 74.54 90.97 87.58
v -8.73 102.18 88.00
v -22.44 100.07 88.00
v -20.91 90.19 88.00
v -8.27 94.85 87.04
v -7.10 102.25 59.35
v -22.44 100.07 57.55
v -22.44 100.07 88.00
v -8.73 102.18 88.00
v -22.44 100.07 57.55
v -20.91 90.19 57.55
v -20.91 90.19 88.00
v -22.44 100.07 88.00
v -20.91 90.19 57.55
v -7.21 92.30 57.55
v -8.27 94.85 87.04
v -20.91 90.19 88.00
v -7.21 92.30 57.55
v -7.10 102.25 59.35
v -8.73 102.18 88.00
v -8.27 94.85 87.04
v -43.01 77.84 61.74
v -58.55 66.94 61.74
v -64.29 75.12 61.74
v -46.78 89.03 64.00
v -48.75 86.02 86.47
v -64.29 75.12 86.47
v -58.37 68.35 87.22
v -43.01 77.84 86.47
v -46.78 89.03 64.00
v -64.29 75.12 61.74
v -64.29 75.12 86.47
v -48.75 86.02 86.47
v -64.29 75.12 61.74
v -58.55 66.94 61.74
v -58.37 68.35 87.22
v -64.29 75.12 86.47
v -58.55 66.94 61.74
v -43.01 77.84 61.74
v -43.01 77.84 86.47
v -58.37 68.35 87.22
v 90.74 106.54 29.41
v 96.74 114.53 29.41
v 99.00 110.99 58.34
v 90.74 106.54 57.39
v 36.20 107.62 33.90
v 20.10 111.75 33.90
v 22.59 121.44 33.90
v 38.69 117.31 33.90
v 36.28 115.42 56.00
v 22.59 121.44 58.59
v 20.10 111.75 58.59
v 36.20 107.62 58.59
v 38.69 117.31 33.90
v 22.59 121.44 33.90
v 22.59 121.44 58.59
v 36.28 115.42 56.00

usemtl mat_gilded
v 79.41 144.54 64.40
v 74.10 143.32 64.40
v 74.55 143.40 68.00
v 78.40 144.43 68.00
v 74.10 143.32 64.40
v 79.41 144.54 64.40
v 78.40 144.43 68.00
v 74.55 143.40 68.00
v 74.10 143.32 64.40
v 71.01 139.46 64.40
v 70.70 136.73 68.00
v 74.55 143.40 68.00
v 71.01 139.46 64.40
v 74.10 143.32 64.40
v 74.55 143.40 68.00
v 70.70 136.73 68.00
v 72.36 134.66 64.40
v 75.03 131.31 64.40
v 75.03 131.31 66.00
v 71.73 132.88 68.00
v 75.03 131.31 64.40
v 72.36 134.66 64.40
v 71.73 132.88 68.00
v 75.03 131.31 66.00
v 75.03 131.31 64.40
v 75.92 129.26 64.40
v 78.40 129.03 68.00
v 75.03 131.31 66.00
v -161.15 -120.65 70.00
v -166.15 -129.32 70.00
v -156.14 -129.32 84.25
v -166.15 -129.32 70.00
v -164.81 -134.33 70.00
v -156.14 -129.32 84.25
v -164.81 -134.33 70.00
v -161.15 -137.99 70.00
v -156.14 -129.32 84.25
v -161.15 -137.99 70.00
v -156.14 -139.33 70.00
v -156.14 -129.32 84.25
v -156.14 -139.33 70.00
v -151.13 -137.99 70.00
v -156.14 -129.32 84.25
v -151.13 -137.99 70.00
v -147.47 -134.33 70.00
v -156.14 -129.32 84.25
v -147.47 -134.33 70.00
v -146.13 -129.32 70.00
v -156.14 -129.32 84.25
v 133.59 82.12 68.80
v 137.55 89.26 68.80
v 137.55 89.26 81.21
v 133.59 82.12 81.21
v 137.55 89.26 81.21
v 130.61 94.60 84.00
v 129.04 89.31 86.76
v 136.09 85.40 86.76
v 133.59 82.12 81.21
v 136.09 85.40 86.76
v 129.04 89.31 86.76
v 127.59 85.45 81.21
v 137.55 89.26 81.21
v 136.09 85.40 86.76
v 133.59 82.12 81.21
v 130.61 94.60 84.00
v 127.59 85.45 81.21
v 129.04 89.31 86.76
v 130.09 74.82 68.80
v 123.26 78.61 68.80
v 127.59 85.45 68.80
v 133.59 82.12 68.80
v 133.59 82.12 81.21
v 127.59 85.45 81.21
v 123.26 78.61 82.28
v 130.09 74.82 82.28
v 58.54 84.16 68.80
v 65.46 84.16 68.80
v 65.46 84.16 78.59
v 58.54 84.16 78.59
v 65.46 84.16 68.80
v 65.88 91.87 68.80
v 65.88 91.87 77.00
v 65.46 84.16 78.59
v 65.46 84.16 78.59
v 58.54 84.16 78.59
v 58.12 91.87 77.00
v 65.88 91.87 77.00
v 65.81 92.55 82.45
v 58.19 92.55 82.45
v 58.19 83.81 82.45
v 65.81 83.81 82.45
v 65.88 91.87 77.00
v 58.12 91.87 77.00
v 58.19 92.55 82.45
v 65.81 92.55 82.45
v 58.12 91.87 77.00
v 58.54 84.16 78.59
v 58.19 83.81 82.45
v 58.19 92.55 82.45
v 58.54 84.16 78.59
v 65.46 84.16 78.59
v 65.81 83.81 82.45
v 58.19 83.81 82.45
v -34.06 90.73 78.63
v -29.58 84.98 78.63
v -36.00 88.60 84.00
v -41.37 85.03 78.63
v -32.86 81.66 84.93
v -36.89 79.28 78.63
v -24.20 77.44 68.80
v -30.89 72.22 68.80
v -36.89 79.28 68.80
v -29.58 84.98 68.80
v -28.72 83.24 81.23
v -35.41 78.02 81.23
v -30.89 72.22 81.23
v -24.20 77.44 81.23
v -29.58 84.98 68.80
v -36.89 79.28 68.80
v -35.41 78.02 81.23
v -28.72 83.24 81.23
v -36.89 79.28 68.80
v -30.89 72.22 68.80
v -30.89 72.22 81.23
v -35.41 78.02 81.23
v -30.89 72.22 68.80
v -24.20 77.44 68.80
v -24.20 77.44 81.23
v -30.89 72.22 81.23

usemtl mat_plaster
v 128.52 -152.99 80.69
v 124.60 -144.75 81.01
v 126.65 -148.45 85.94
v 140.19 -146.21 68.80
v 145.94 -141.72 68.80
v 152.06 -148.19 68.80
v 144.98 -153.71 68.80
v 135.00 -140.44 68.80
v 141.62 -135.28 68.80
v 145.94 -141.72 68.80
v 138.77 -145.28 68.80
v 139.70 -146.14 82.55
v 145.94 -141.72 82.55
v 141.62 -135.28 80.47
v 135.00 -140.44 80.47
v 138.77 -145.28 68.80
v 145.94 -141.72 68.80
v 145.94 -141.72 82.55
v 139.70 -146.14 82.55
v 145.94 -141.72 68.80
v 141.62 -135.28 68.80
v 141.62 -135.28 80.47
v 145.94 -141.72 82.55
v 141.62 -135.28 68.80
v 135.00 -140.44 68.80
v 135.00 -140.44 80.47
v 141.62 -135.28 80.47
v 135.00 -140.44 68.80
v 138.77 -145.28 68.80
v 139.70 -146.14 82.55
v 135.00 -140.44 80.47
v 161.66 -140.93 74.04
v 166.04 -139.74 74.04
v 166.04 -139.74 76.48
v 161.66 -140.93 76.48
v 166.04 -139.74 74.04
v 161.66 -140.93 74.04
v 161.66 -140.93 76.48
v 166.04 -139.74 76.48
v 161.66 -140.93 76.48
v 162.78 -139.74 76.48
v 162.78 -139.74 81.36
v 164.58 -142.88 80.20
v 162.78 -139.74 76.48
v 161.66 -140.93 76.48
v 164.58 -142.88 80.20
v 162.78 -139.74 81.36
v 161.66 -140.93 76.48
v 166.04 -139.74 76.48
v 169.89 -137.31 80.20
v 164.58 -142.88 80.20
v 166.04 -139.74 76.48
v 161.66 -140.93 76.48
v 164.58 -142.88 80.20
v 169.89 -137.31 80.20
v 41.10 103.86 86.00
v 40.30 106.33 86.00
v 36.90 103.86 92.00
v 40.30 106.33 86.00
v 38.20 107.85 86.00
v 36.90 103.86 92.00
v 38.20 107.85 86.00
v 33.51 106.33 86.00
v 36.90 103.86 92.00
v 33.51 106.33 86.00
v 32.70 103.86 86.00
v 36.90 103.86 92.00
v 32.70 103.86 86.00
v 37.61 99.80 85.34
v 36.90 103.86 92.00
v 37.61 99.80 85.34
v 41.10 103.86 86.00
v 36.90 103.86 92.00
v 169.12 50.17 54.80
v 163.26 56.32 54.80
v 168.63 61.45 54.80
v 174.50 55.30 54.80
v 174.31 59.82 60.79
v 168.63 61.45 63.01
v 163.26 56.32 63.01
v 169.12 50.17 63.01
v 174.50 55.30 54.80
v 168.63 61.45 54.80
v 168.63 61.45 63.01
v 174.31 59.82 60.79
v 168.63 61.45 54.80
v 163.26 56.32 54.80
v 163.26 56.32 63.01
v 168.63 61.45 63.01
v 163.26 56.32 54.80
v 169.12 50.17 54.80
v 169.12 50.17 63.01
v 163.26 56.32 63.01
v 169.12 50.17 54.80
v 174.50 55.30 54.80
v 174.31 59.82 60.79
v 169.12 50.17 63.01
v 162.91 78.65 54.80
v 154.83 81.37 54.80
v 152.32 82.48 68.80
v 162.91 78.65 65.56
v 154.83 81.37 54.80
v 150.28 75.52 54.80
v 150.28 75.52 67.15
v 152.32 82.48 68.80
v 150.28 75.52 54.80
v 156.85 70.42 54.80
v 156.85 70.42 67.15
v 150.28 75.52 67.15
v 156.85 70.42 54.80
v 162.91 78.65 54.80
v 162.91 78.65 65.56
v 156.85 70.42 67.15
v 152.32 82.48 68.80
v 162.91 78.65 65.56
v 158.48 79.30 72.81
v 152.49 71.67 70.00
v 158.48 79.30 72.81
v 156.96 69.57 67.15
v 147.43 76.21 68.80
v 152.49 71.67 70.00
v 138.31 88.49 54.80
v 133.87 94.72 54.80
v 132.44 91.73 63.59
v 138.31 88.49 63.59
v 133.87 94.72 54.80
v 129.41 86.24 54.80
v 129.41 86.24 63.59
v 132.44 91.73 63.59
v 129.41 86.24 54.80
v 135.28 83.00 54.80
v 135.28 83.00 63.59
v 129.41 86.24 63.59
v 135.28 83.00 54.80
v 138.31 88.49 54.80
v 138.31 88.49 63.59
v 135.28 83.00 63.59
v 135.28 83.00 63.59
v 129.41 86.24 63.59
v 132.44 91.73 63.59
v 138.31 88.49 63.59
v 137.55 89.26 68.80
v 131.54 92.59 68.80
v 127.59 85.45 68.80
v 135.42 82.52 67.00
v 133.59 82.12 68.80
v 130.95 79.81 66.92
v 130.48 76.27 73.53
v 132.05 83.34 73.32
v 130.95 79.81 66.92
v 133.59 82.12 68.80
v 132.05 83.34 73.32
v 130.48 76.27 73.53
v 114.76 99.05 54.80
v 107.95 101.47 54.80
v 110.45 108.52 54.80
v 117.27 106.10 54.80
v 117.27 106.10 67.64
v 110.45 108.52 67.64
v 107.95 101.47 67.64
v 114.76 99.05 67.64
v 117.27 106.10 54.80
v 110.45 108.52 54.80
v 110.45 108.52 67.64
v 117.27 106.10 67.64
v 110.45 108.52 54.80
v 107.95 101.47 54.80
v 107.95 101.47 67.64
v 110.45 108.52 67.64
v 111.45 87.38 64.50
v 109.35 81.45 64.50
v 107.50 89.41 70.48
v 103.16 90.32 64.50
v 105.00 82.36 70.48
v 101.05 84.40 64.50
v 89.30 102.32 54.80
v 79.95 103.94 54.80
v 81.16 110.91 54.80
v 90.51 109.28 54.80
v 93.81 107.95 64.00
v 83.29 110.77 64.00
v 79.44 104.10 64.00
v 89.30 102.32 63.84
v 90.51 109.28 54.80
v 81.16 110.91 54.80
v 83.29 110.77 64.00
v 93.81 107.95 64.00
v 81.16 110.91 54.80
v 79.95 103.94 54.80
v 79.44 104.10 64.00
v 83.29 110.77 64.00
v 78.64 92.73 68.97
v 88.83 92.17 68.80
v 83.94 93.23 73.08
v 83.84 84.57 73.29
v 83.94 93.23 73.08
v 87.06 83.77 68.80
v 77.37 85.45 68.97
v 83.84 84.57 73.29
v 88.83 92.17 68.80
v 87.06 83.77 68.80
v 83.94 93.23 73.08
v 78.64 92.73 68.97
v 83.84 84.57 73.29
v 77.37 85.45 68.97
v 81.46 85.30 59.67
v 81.38 84.82 59.67
v 81.38 84.82 61.75
v 81.46 85.30 61.75
v 81.38 84.82 59.67
v 81.46 85.30 59.67
v 81.46 85.30 61.75
v 81.38 84.82 61.75
v 61.33 84.61 54.80
v 54.67 84.61 54.80
v 53.69 93.26 54.80
v 62.31 93.26 54.80
v 61.33 91.53 67.37
v 54.67 91.53 67.37
v 54.67 84.61 67.37
v 61.33 84.61 67.37
v 62.31 93.26 54.80
v 53.69 93.26 54.80
v 54.67 91.53 67.37
v 61.33 91.53 67.37
v 53.69 93.26 54.80
v 54.67 84.61 54.80
v 54.67 84.61 67.37
v 54.67 91.53 67.37
v 54.67 84.61 54.80
v 61.33 84.61 54.80
v 61.33 84.61 67.37
v 54.67 84.61 67.37
v 61.33 84.61 54.80
v 62.31 93.26 54.80
v 61.33 91.53 67.37
v 61.33 84.61 67.37
v 29.96 91.70 66.94
v 35.57 90.99 68.80
v 37.48 93.12 72.96
v 29.68 91.29 71.86
v 35.57 90.99 68.80
v 35.64 102.52 66.23
v 36.90 103.86 70.00
v 37.48 93.12 72.96
v 36.90 103.86 70.00
v 28.11 100.31 71.86
v 28.65 95.76 77.61
v 36.43 97.11 77.61
v 37.48 93.12 72.96
v 36.43 97.11 77.61
v 28.65 95.76 77.61
v 29.68 91.29 71.86
v 36.90 103.86 70.00
v 36.43 97.11 77.61
v 37.48 93.12 72.96
v 28.11 100.31 71.86
v 29.68 91.29 71.86
v 28.65 95.76 77.61
v 11.44 93.66 54.80
v 3.54 90.85 54.80
v 1.00 97.99 54.80
v 8.04 102.92 54.80
v 8.04 102.92 69.19
v 1.00 97.99 66.89
v 3.54 90.85 66.89
v 11.09 91.35 68.80
v 8.04 102.92 54.80
v 1.00 97.99 54.80
v 1.00 97.99 66.89
v 8.04 102.92 69.19
v 1.00 97.99 54.80
v 3.54 90.85 54.80
v 3.54 90.85 66.89
v 1.00 97.99 66.89
v 3.54 90.85 54.80
v 11.44 93.66 54.80
v 11.09 91.35 68.80
v 3.54 90.85 66.89
v 11.44 93.66 54.80
v 8.04 102.92 54.80
v 8.04 102.92 69.19
v 11.09 91.35 68.80
v -19.64 98.11 54.80
v -26.01 94.59 54.80
v -26.01 94.59 68.40
v -19.64 98.11 68.40
v -26.01 94.59 54.80
v -22.29 87.85 54.80
v -22.29 87.85 68.40
v -26.01 94.59 68.40
v -22.29 87.85 54.80
v -15.91 91.37 54.80
v -16.55 94.96 68.80
v -22.29 87.85 68.40
v -15.91 91.37 54.80
v -19.64 98.11 54.80
v -19.64 98.11 68.40
v -16.55 94.96 68.80
v -19.64 98.11 68.40
v -26.01 94.59 68.40
v -24.68 90.93 73.64
v -17.25 95.03 73.64
v -16.55 94.96 68.80
v -17.25 95.03 73.64
v -24.68 90.93 73.64
v -22.29 87.85 68.40
v -52.37 97.88 54.80
v -58.05 93.46 54.80
v -58.05 93.46 66.18
v -52.37 97.88 66.18
v -58.05 93.46 54.80
v -54.27 88.60 54.80
v -54.27 88.60 66.18
v -58.05 93.46 66.18
v -54.27 88.60 54.80
v -48.59 93.01 54.80
v -48.59 93.01 66.18
v -54.27 88.60 66.18
v -48.59 93.01 54.80
v -52.37 97.88 54.80
v -52.37 97.88 66.18
v -48.59 93.01 66.18
v -58.05 93.46 66.18
v -52.37 97.88 66.18
v -55.58 96.14 71.07
v -51.06 90.33 71.07
v -55.58 96.14 71.07
v -48.59 93.01 66.18
v -54.27 88.60 66.18
v -51.06 90.33 71.07
v -36.60 82.17 72.81
v -45.61 77.03 72.60
v -41.21 71.36 72.60
v -35.11 76.10 72.60
v -39.58 81.28 67.45
v -47.97 79.84 65.63
v -45.61 77.03 72.60
v -36.60 82.17 72.81
v -47.97 79.84 65.63
v -41.15 71.86 67.45
v -41.21 71.36 72.60
v -45.61 77.03 72.60
v -41.15 71.86 67.45
v -36.89 79.28 68.80
v -35.11 76.10 72.60
v -41.21 71.36 72.60
v -36.89 79.28 68.80
v -39.58 81.28 67.45
v -36.60 82.17 72.81
v -35.11 76.10 72.60
v -45.61 77.03 72.60
v -36.60 82.17 72.81
v -42.72 79.60 77.37
v -38.01 73.53 77.37
v -56.33 68.35 73.44
v -67.95 61.95 70.00
v -61.62 57.27 71.83
v -50.38 61.75 74.38
v -55.06 66.04 68.80
v -66.31 62.22 66.91
v -67.95 61.95 70.00
v -56.33 68.35 73.44
v -66.31 62.22 66.91
v -61.63 57.76 66.91
v -61.62 57.27 71.83
v -67.95 61.95 70.00
v -61.63 57.76 66.91
v -53.39 64.48 68.80
v -50.38 61.75 74.38
v -61.62 57.27 71.83
v -53.39 64.48 68.80
v -55.06 66.04 68.80
v -56.33 68.35 73.44
v -50.38 61.75 74.38
v -67.95 61.95 70.00
v -56.33 68.35 73.44
v -63.54 65.99 78.13
v -58.00 60.70 78.13
v -84.39 48.89 59.11
v -83.42 50.24 59.11
v -83.42 50.24 60.63
v -84.39 48.89 60.63
v -71.17 47.16 54.80
v -75.53 41.07 54.80
v -81.84 45.59 54.80
v -79.81 54.59 54.80
v -76.04 53.25 68.80
v -81.84 45.59 65.91
v -75.53 41.07 65.91
v -70.50 49.29 68.80
v -79.81 54.59 54.80
v -81.84 45.59 54.80
v -81.84 45.59 65.91
v -76.04 53.25 68.80
v -81.84 45.59 54.80
v -75.53 41.07 54.80
v -75.53 41.07 65.91
v -81.84 45.59 65.91
v -75.53 41.07 54.80
v -71.17 47.16 54.80
v -70.50 49.29 68.80
v -75.53 41.07 65.91
v -107.15 33.15 69.24
v -109.83 35.61 67.56
v -109.83 35.61 70.87
v -106.97 34.31 70.00
v -93.62 35.16 54.80
v -97.42 28.01 54.80
v -104.10 31.55 54.80
v -100.30 38.71 54.80
v -100.30 38.71 68.09
v -104.10 31.55 68.09
v -97.42 28.01 68.09
v -93.62 35.16 68.09
v -100.30 38.71 54.80
v -104.10 31.55 54.80
v -104.10 31.55 68.09
v -100.30 38.71 68.09
v -104.10 31.55 54.80
v -97.42 28.01 54.80
v -97.42 28.01 68.09
v -104.10 31.55 68.09
v -97.42 28.01 54.80
v -93.62 35.16 54.80
v -93.62 35.16 68.09
v -97.42 28.01 68.09
v -122.77 15.23 60.29
v -123.24 14.00 60.29
v -119.68 15.06 60.29
v -106.41 16.43 54.80
v -109.28 8.83 54.80
v -119.69 12.94 54.80
v -112.75 18.82 54.80
v -112.75 18.82 68.81
v -115.61 11.22 68.81
v -107.96 5.18 68.80
v -106.41 16.43 68.81
v -112.75 18.82 54.80
v -119.69 12.94 54.80
v -115.61 11.22 68.81
v -112.75 18.82 68.81
v -119.69 12.94 54.80
v -109.28 8.83 54.80
v -107.96 5.18 68.80
v -115.61 11.22 68.81
v -109.28 8.83 54.80
v -106.41 16.43 54.80
v -106.41 16.43 68.81
v -107.96 5.18 68.80
v -100.77 14.23 70.00
v -95.79 12.12 65.83
v -99.88 3.23 68.80
v -96.57 8.37 70.97
v -100.15 16.05 68.80
v -95.79 12.12 65.83
v -100.77 14.23 70.00
v -107.96 5.18 68.80
v -96.57 8.37 70.97
v -99.88 3.23 68.80
v -127.73 -0.66 54.80
v -129.67 -8.68 54.80
v -137.06 -6.88 54.80
v -135.12 1.14 54.80
v -135.12 1.14 65.74
v -137.06 -6.88 65.74
v -129.67 -8.68 65.74
v -127.73 -0.66 65.74
v -135.12 1.14 54.80
v -137.06 -6.88 54.80
v -137.06 -6.88 65.74
v -135.12 1.14 65.74
v -112.80 -4.82 54.80
v -114.50 -11.82 54.80
v -114.50 -11.82 64.40
v -111.31 -4.37 63.75
v -114.50 -11.82 54.80
v -107.66 -13.48 54.80
v -107.66 -13.48 64.40
v -114.50 -11.82 64.40
v -107.66 -13.48 54.80
v -105.96 -6.48 54.80
v -105.96 -6.48 64.40
v -107.66 -13.48 64.40
v -105.96 -6.48 54.80
v -112.80 -4.82 54.80
v -111.31 -4.37 63.75
v -105.96 -6.48 64.40
v -118.61 -11.55 62.84
v -111.31 -4.37 63.75
v -114.23 -8.18 69.30
v -106.23 -10.12 69.30
v -114.23 -8.18 69.30
v -105.96 -6.48 64.40
v -107.66 -13.48 64.40
v -106.23 -10.12 69.30
v -140.93 -45.92 54.80
v -140.93 -54.08 54.80
v -140.93 -54.08 68.31
v -140.93 -45.92 68.31
v -140.93 -54.08 54.80
v -133.19 -54.08 54.80
v -133.19 -54.08 68.31
v -140.93 -54.08 68.31
v -133.19 -54.08 54.80
v -133.19 -45.92 54.80
v -133.19 -45.92 68.31
v -133.19 -54.08 68.31
v -133.19 -45.92 54.80
v -140.93 -45.92 54.80
v -140.93 -45.92 68.31
v -133.19 -45.92 68.31
v -133.19 -45.92 68.31
v -133.19 -54.08 68.31
v -140.93 -54.08 68.31
v -140.93 -45.92 68.31
v -141.28 -45.57 73.86
v -141.28 -54.43 73.86
v -132.84 -54.43 73.86
v -132.84 -45.57 73.86
v -118.47 -46.48 54.80
v -118.47 -53.52 54.80
v -118.47 -53.52 65.96
v -118.47 -46.48 65.96
v -118.47 -53.52 54.80
v -110.24 -53.52 54.80
v -110.24 -53.52 65.96
v -118.47 -53.52 65.96
v -110.24 -53.52 54.80
v -110.24 -46.48 54.80
v -110.24 -46.48 65.96
v -110.24 -53.52 65.96
v -110.24 -46.48 54.80
v -118.47 -46.48 54.80
v -118.47 -46.48 65.96
v -110.24 -46.48 65.96
v -118.47 -46.48 65.96
v -118.47 -53.52 65.96
v -114.35 -54.12 71.56
v -114.35 -45.88 71.56
v -109.64 -45.88 65.96
v -114.35 -45.88 71.56
v -114.35 -54.12 71.56
v -109.64 -54.12 65.96
v -112.41 -66.53 54.80
v -114.37 -73.91 54.80
v -114.37 -73.91 66.67
v -114.65 -66.51 66.67
v -114.37 -73.91 54.80
v -103.50 -72.93 54.80
v -103.50 -72.93 68.00
v -114.37 -73.91 66.67
v -103.50 -72.93 54.80
v -104.37 -65.58 54.80
v -104.37 -65.58 68.00
v -103.50 -72.93 68.00
v -104.37 -65.58 54.80
v -112.41 -66.53 54.80
v -114.65 -66.51 66.67
v -104.37 -65.58 68.00
v -114.65 -66.51 66.67
v -114.37 -73.91 66.67
v -107.44 -74.00 73.50
v -108.46 -65.46 73.50
v -104.86 -63.63 68.80
v -108.46 -65.46 73.50
v -107.44 -74.00 73.50
v -103.50 -72.93 68.00
v -97.15 -81.95 68.80
v -91.84 -93.03 68.80
v -104.95 -93.30 67.62
v -104.18 -85.95 65.26
v -104.18 -85.95 65.26
v -104.95 -93.30 67.62
v -91.84 -93.03 68.80
v -97.15 -81.95 68.80
v -104.18 -85.95 65.26
v -104.95 -93.30 67.62
v -97.03 -90.26 70.00
v -100.72 -84.49 74.47
v -97.15 -81.95 68.80
v -100.72 -84.49 74.47
v -97.03 -90.26 70.00
v -91.84 -93.03 68.80
v -104.18 -85.95 65.26
v -100.72 -84.49 74.47
v -97.15 -81.95 68.80
v -104.95 -93.30 67.62
v -91.84 -93.03 68.80
v -97.03 -90.26 70.00
v -104.41 -113.89 59.32
v -103.85 -115.37 59.32
v -103.85 -115.37 61.04
v -104.41 -113.89 61.04
v -103.85 -115.37 59.32
v -104.41 -113.89 59.32
v -104.41 -113.89 61.04
v -103.85 -115.37 61.04
v -90.37 -101.58 54.80
v -87.42 -109.37 54.80
v -94.45 -112.03 54.80
v -97.40 -104.23 54.80
v -99.72 -104.06 67.20
v -94.45 -112.03 67.17
v -87.42 -109.37 67.17
v -90.37 -101.58 67.17
v -97.40 -104.23 54.80
v -94.45 -112.03 54.80
v -94.45 -112.03 67.17
v -99.72 -104.06 67.20
v -94.45 -112.03 54.80
v -87.42 -109.37 54.80
v -87.42 -109.37 67.17
v -94.45 -112.03 67.17
v -92.89 -126.09 54.80
v -99.39 -129.54 54.80
v -99.39 -129.54 68.05
v -92.89 -126.09 68.05
v -100.20 -129.30 68.05
v -99.42 -137.37 67.72
v -92.46 -134.73 73.05
v -96.42 -127.29 73.05
v -92.89 -126.09 68.05
v -96.42 -127.29 73.05
v -92.46 -134.73 73.05
v -89.50 -132.48 68.05
v -100.20 -129.30 68.05
v -96.42 -127.29 73.05
v -92.89 -126.09 68.05
v -99.42 -137.37 67.72
v -89.50 -132.48 68.05
v -92.46 -134.73 73.05
v -96.15 -134.15 59.49
v -95.58 -135.21 59.49
v -95.58 -135.21 61.38
v -96.15 -134.15 61.38
v -82.36 -145.53 54.80
v -88.85 -150.17 54.80
v -88.85 -150.17 63.13
v -82.36 -145.53 63.13
v -77.58 -152.20 63.13
v -82.36 -145.53 63.13
v -82.28 -145.04 66.33
v -77.09 -152.28 66.33
v -82.36 -145.53 63.13
v -88.85 -150.17 63.13
v -89.34 -150.09 66.33
v -82.28 -145.04 66.33
v -88.31 -154.83 72.23
v -82.22 -144.69 66.33
v -77.09 -152.28 66.33
v -79.48 -148.51 71.91
v -89.34 -150.09 66.33
v -82.22 -144.69 66.33
v -88.31 -154.83 72.23
v -73.82 -140.20 54.80
v -69.80 -145.82 54.80
v -75.16 -149.66 54.80
v -79.18 -144.05 54.80
v -119.54 39.67 72.00
v -114.04 43.66 72.00
v -118.24 43.66 78.00
v -126.77 -95.88 48.00
v -127.57 -93.41 48.00
v -127.57 -93.41 72.00
v -126.77 -95.88 72.00
v -127.57 -93.41 48.00
v -132.27 -91.89 48.00
v -132.27 -91.89 72.00
v -127.57 -93.41 72.00
v -132.27 -91.89 48.00
v -135.17 -95.88 48.00
v -135.17 -95.88 72.00
v -132.27 -91.89 72.00
v -135.17 -95.88 48.00
v -134.37 -98.35 48.00
v -134.37 -98.35 72.00
v -135.17 -95.88 72.00
v -134.37 -98.35 48.00
v -126.77 -95.88 48.00
v -126.77 -95.88 72.00
v -134.37 -98.35 72.00
v 162.29 106.96 54.91
v 170.27 101.59 54.91
v 166.22 104.69 61.03
v 160.45 97.17 61.03
v 166.22 104.69 61.03
v 164.39 94.90 54.91
v 157.24 100.38 54.91
v 160.45 97.17 61.03
v 170.27 101.59 54.91
v 164.39 94.90 54.91
v 166.22 104.69 61.03
v 162.29 106.96 54.91
v 160.45 97.17 61.03
v 157.24 100.38 54.91
v 165.67 96.63 45.66
v 162.54 96.63 45.66
v 162.54 96.63 51.85
v 165.67 96.63 51.85
v 162.54 96.63 45.66
v 165.67 96.63 45.66
v 165.67 96.63 51.85
v 162.54 96.63 51.85
v 134.81 121.15 50.13
v 142.62 116.21 50.13
v 138.95 115.81 56.00
v 134.59 110.48 55.99
v 138.95 115.81 56.00
v 138.66 108.94 50.13
v 131.09 113.07 50.13
v 134.59 110.48 55.99
v 142.62 116.21 50.13
v 138.66 108.94 50.13
v 138.95 115.81 56.00
v 134.81 121.15 50.13
v 134.59 110.48 55.99
v 131.09 113.07 50.13
v 136.14 110.48 44.70
v 131.09 113.07 40.80
v 134.84 111.19 45.81
v 136.14 110.48 45.81
v 131.09 113.07 40.80
v 136.14 110.48 44.70
v 136.14 110.48 45.81
v 134.84 111.19 45.81
v 128.76 90.03 40.80
v 120.56 94.50 40.80
v 120.56 94.50 48.57
v 128.76 90.03 48.57
v 120.56 94.50 40.80
v 128.76 90.03 40.80
v 128.76 90.03 48.57
v 120.56 94.50 48.57
v 109.60 118.44 40.80
v 100.81 124.10 43.84
v 105.41 128.46 40.80
v 112.27 126.06 40.80
v 112.27 126.06 48.73
v 105.41 128.46 48.73
v 102.74 120.84 48.73
v 109.60 118.44 48.73
v 112.27 126.06 40.80
v 105.41 128.46 40.80
v 105.41 128.46 48.73
v 112.27 126.06 48.73
v 105.41 128.46 40.80
v 100.81 124.10 43.84
v 102.74 120.84 48.73
v 105.41 128.46 48.73
v 97.16 107.61 48.85
v 97.00 99.16 59.26
v 94.99 101.44 48.85
v 99.60 99.85 44.45
v 98.12 100.37 44.45
v 98.12 100.37 45.30
v 99.60 99.85 45.30
v 98.12 100.37 44.45
v 99.60 99.85 44.45
v 99.60 99.85 45.30
v 98.12 100.37 45.30
v 103.53 98.44 40.80
v 101.26 100.37 44.45
v 101.26 100.37 45.30
v 103.53 98.44 48.85
v 101.26 100.37 44.45
v 103.53 98.44 40.80
v 103.53 98.44 48.85
v 101.26 100.37 45.30
v 79.52 121.94 40.80
v 72.41 123.16 40.80
v 73.71 130.76 40.80
v 80.82 129.54 40.80
v 69.99 110.08 48.77
v 68.67 102.38 48.77
v 68.26 102.09 51.82
v 69.70 110.49 51.82
v 68.67 102.38 48.77
v 76.11 101.10 48.77
v 79.95 103.94 54.80
v 68.26 102.09 51.82
v 76.11 101.10 48.77
v 77.44 108.81 48.77
v 77.84 109.09 51.82
v 79.95 103.94 54.80
v 77.84 109.09 51.82
v 69.70 110.49 51.82
v 68.74 106.33 57.14
v 77.36 104.85 57.14
v 79.95 103.94 54.80
v 77.36 104.85 57.14
v 68.74 106.33 57.14
v 68.26 102.09 51.82
v 77.84 109.09 51.82
v 77.36 104.85 57.14
v 79.95 103.94 54.80
v 46.00 108.67 64.39
v 49.63 101.34 59.93
v 42.37 101.34 59.93
v 46.00 101.09 64.39
v 49.63 108.42 59.93
v 49.63 101.34 59.93
v 46.00 108.67 64.39
v 42.37 108.42 59.93
v 46.00 101.09 64.39
v 42.37 101.34 59.93
v 49.28 101.69 54.36
v 42.72 101.69 54.36
v 42.37 101.34 59.93
v 49.63 101.34 59.93
v 42.72 101.69 54.36
v 49.28 101.69 54.36
v 49.63 101.34 59.93
v 42.37 101.34 59.93
v 20.06 121.39 40.80
v 12.63 120.11 40.80
v 11.42 127.19 40.80
v 18.84 128.47 40.80
v 18.57 107.80 58.88
v 23.46 100.95 53.90
v 16.24 99.71 53.90
v 19.95 99.74 58.88
v 22.28 107.83 53.90
v 23.46 100.95 53.90
v 18.57 107.80 58.88
v 13.63 109.86 52.09
v 19.95 99.74 58.88
v 16.24 99.71 53.90
v 21.05 100.75 45.46
v 18.60 100.75 45.46
v 18.60 100.75 51.04
v 23.46 100.95 53.90
v 18.60 100.75 45.46
v 21.05 100.75 45.46
v 23.46 100.95 53.90
v 18.60 100.75 51.04
v -10.85 120.59 40.80
v -17.35 118.31 40.80
v -20.11 126.18 40.80
v -13.61 128.45 40.80
v -13.23 116.96 64.67
v -8.97 114.10 59.35
v -15.20 108.03 58.60
v -10.57 109.39 64.67
v -8.60 118.32 58.60
v -8.97 114.10 59.35
v -13.23 116.96 64.67
v -17.56 117.86 56.48
v -10.57 109.39 64.67
v -15.20 108.03 58.60
v -9.55 109.91 46.40
v -14.26 109.86 46.40
v -9.71 110.37 46.40
v -9.71 110.37 46.40
v -14.26 109.86 46.40
v -9.55 109.91 46.40
v -9.55 109.91 52.00
v -14.99 108.48 53.45
v -6.56 111.43 53.45
v -37.03 109.29 40.80
v -40.11 114.95 40.80
v -40.11 114.95 53.27
v -37.03 109.29 53.27
v -48.97 114.99 54.92
v -39.87 115.76 53.27
v -44.19 113.41 59.13
v -42.30 109.44 56.00
v -44.19 113.41 59.13
v -37.03 109.29 53.27
v -44.84 104.35 53.27
v -42.30 109.44 56.00
v -39.87 115.76 53.27
v -37.03 109.29 53.27
v -44.19 113.41 59.13
v -48.97 114.99 54.92
v -42.30 109.44 56.00
v -44.84 104.35 53.27
v -31.31 99.36 40.80
v -39.35 94.97 40.80
v -42.48 100.73 40.80
v -34.45 105.11 40.80
v -62.73 96.87 53.37
v -69.64 91.56 53.37
v -65.82 86.58 53.37
v -58.05 93.46 54.80
v -62.73 96.87 40.80
v -69.64 91.56 40.80
v -69.64 91.56 53.37
v -62.73 96.87 53.37
v -69.64 91.56 40.80
v -65.82 86.58 40.80
v -65.82 86.58 53.37
v -69.64 91.56 53.37
v -65.82 86.58 40.80
v -58.90 91.89 40.80
v -58.05 93.46 54.80
v -65.82 86.58 53.37
v -58.90 91.89 40.80
v -62.73 96.87 40.80
v -62.73 96.87 53.37
v -58.05 93.46 54.80
v -58.05 93.46 54.80
v -65.82 86.58 53.37
v -73.02 94.43 51.99
v -62.73 96.87 53.37
v -101.31 84.69 40.80
v -96.93 80.46 40.80
v -96.93 80.46 52.50
v -101.31 84.69 52.50
v -96.93 80.46 40.80
v -91.23 86.35 40.80
v -91.23 86.35 52.50
v -96.93 80.46 52.50
v -91.23 86.35 40.80
v -95.61 90.58 40.80
v -99.81 94.22 51.60
v -91.23 86.35 52.50
v -91.23 86.35 52.50
v -96.92 79.97 52.50
v -101.31 84.69 52.50
v -99.81 94.22 51.60
v -95.62 91.08 57.22
v -101.80 84.68 57.22
v -96.92 79.97 57.22
v -90.73 86.36 57.22
v -99.81 94.22 51.60
v -101.31 84.69 52.50
v -101.80 84.68 57.22
v -95.62 91.08 57.22
v -110.69 66.28 40.80
v -119.99 73.19 40.80
v -115.92 70.08 48.81
v -110.69 66.28 48.81
v -120.25 64.11 48.81
v -115.92 70.08 48.81
v -118.58 67.45 53.83
v -112.37 62.94 53.83
v -118.58 67.45 53.83
v -109.85 66.41 48.81
v -114.89 59.48 48.81
v -112.37 62.94 53.83
v -115.92 70.08 48.81
v -109.85 66.41 48.81
v -118.58 67.45 53.83
v -120.25 64.11 48.81
v -112.37 62.94 53.83
v -114.89 59.48 48.81
v -100.68 59.08 40.80
v -105.07 53.03 40.80
v -110.31 56.83 40.80
v -105.92 62.88 40.80
v -132.00 48.99 50.00
v -136.31 40.97 50.00
v -129.91 37.52 50.00
v -125.60 45.54 50.00
v -132.00 48.99 40.80
v -136.31 40.97 40.80
v -136.31 40.97 50.00
v -132.00 48.99 50.00
v -136.31 40.97 40.80
v -129.91 37.52 40.80
v -129.91 37.52 50.00
v -136.31 40.97 50.00
v -129.91 37.52 40.80
v -125.60 45.54 40.80
v -125.60 45.54 50.00
v -129.91 37.52 50.00
v -125.60 45.54 40.80
v -132.00 48.99 40.80
v -132.00 48.99 50.00
v -125.60 45.54 50.00
v -125.60 45.54 50.00
v -129.91 37.52 50.00
v -136.31 40.97 50.00
v -132.00 48.99 50.00
v -151.71 27.23 40.80
v -159.21 30.10 40.80
v -159.21 30.10 51.19
v -151.71 27.23 51.19
v -159.21 30.10 51.19
v -161.61 23.81 51.19
v -158.08 21.82 56.65
v -155.24 29.23 56.65
v -151.71 27.23 51.19
v -155.24 29.23 56.65
v -158.08 21.82 56.65
v -154.11 20.94 51.19
v -159.21 30.10 51.19
v -155.24 29.23 56.65
v -151.71 27.23 51.19
v -161.61 23.81 51.19
v -154.11 20.94 51.19
v -158.08 21.82 56.65
v -140.46 23.14 40.80
v -143.01 16.48 40.80
v -149.27 18.88 40.80
v -146.72 25.54 40.80
v -160.79 -5.15 40.80
v -154.34 -6.73 40.80
v -154.34 -6.73 55.49
v -160.79 -5.15 55.49
v -154.34 -6.73 40.80
v -152.48 0.82 40.80
v -152.48 0.82 55.49
v -154.34 -6.73 55.49
v -152.48 0.82 40.80
v -158.93 2.41 40.80
v -158.93 2.41 55.49
v -152.48 0.82 55.49
v -160.79 -5.15 55.49
v -158.93 2.41 55.49
v -160.44 -1.23 60.78
v -152.82 -3.10 60.78
v -160.44 -1.23 60.78
v -152.48 0.82 55.49
v -154.34 -6.73 55.49
v -152.82 -3.10 60.78
v -158.93 2.41 55.49
v -152.48 0.82 55.49
v -160.44 -1.23 60.78
v -167.76 -26.26 59.98
v -158.43 -23.08 50.40
v -159.45 -31.56 50.40
v -158.35 -27.39 59.98
v -166.65 -22.09 50.40
v -158.43 -23.08 50.40
v -167.76 -26.26 59.98
v -167.67 -30.57 50.40
v -158.35 -27.39 59.98
v -159.45 -31.56 50.40
v -161.10 -24.83 54.17
v -161.24 -25.93 54.17
v -161.24 -25.93 57.37
v -161.10 -24.83 57.37
v -161.24 -25.93 54.17
v -161.10 -24.83 54.17
v -161.10 -24.83 57.37
v -161.24 -25.93 57.37
v -149.77 -25.30 42.00
v -147.19 -32.40 40.80
v -153.94 -31.58 40.80
v -153.08 -24.36 40.80
v -163.33 -54.75 45.42
v -163.33 -56.20 45.42
v -159.93 -56.20 45.42
v -159.93 -54.75 45.42
v -163.33 -54.75 45.42
v -163.33 -56.20 45.42
v -163.33 -56.20 50.87
v -163.33 -54.75 50.87
v -163.33 -56.20 45.42
v -163.33 -54.75 45.42
v -163.33 -54.75 50.87
v -163.33 -56.20 50.87
v -159.93 -54.75 45.42
v -159.93 -56.20 45.42
v -163.33 -56.20 45.42
v -163.33 -54.75 45.42
v -163.33 -54.75 50.87
v -163.33 -56.20 50.87
v -158.03 -56.24 53.69
v -159.93 -54.75 50.87
v -163.33 -54.75 45.42
v -163.33 -56.20 45.42
v -163.33 -56.20 50.87
v -163.33 -54.75 50.87
v -162.42 -73.46 40.80
v -170.38 -74.42 40.80
v -170.38 -74.42 48.80
v -162.42 -73.46 48.80
v -170.38 -74.42 48.80
v -170.03 -82.26 48.80
v -165.46 -81.71 54.25
v -166.47 -73.34 54.25
v -162.42 -73.46 48.80
v -166.47 -73.34 54.25
v -165.46 -81.71 54.25
v -161.56 -80.64 48.80
v -170.38 -74.42 48.80
v -166.47 -73.34 54.25
v -162.42 -73.46 48.80
v -170.03 -82.26 48.80
v -161.56 -80.64 48.80
v -165.46 -81.71 54.25
v -169.51 -81.60 40.80
v -161.56 -80.64 40.80
v -161.56 -80.64 48.80
v -169.51 -81.60 48.80
v -154.66 -78.98 50.66
v -150.09 -71.62 53.42
v -154.13 -71.86 58.44
v -151.97 -75.36 56.62
v -138.23 -69.89 40.80
v -137.21 -78.36 40.80
v -144.35 -79.22 40.80
v -145.37 -70.75 40.80
v -145.37 -70.75 49.45
v -144.35 -79.22 49.45
v -137.21 -78.36 49.45
v -138.23 -69.89 49.45
v -145.37 -70.75 40.80
v -144.35 -79.22 40.80
v -144.35 -79.22 49.45
v -145.37 -70.75 49.45
v -144.35 -79.22 40.80
v -137.21 -78.36 40.80
v -137.21 -78.36 49.45
v -144.35 -79.22 49.45
v -137.21 -78.36 40.80
v -138.23 -69.89 40.80
v -138.23 -69.89 49.45
v -137.21 -78.36 49.45
v -144.95 -103.15 45.66
v -145.34 -101.59 45.66
v -145.97 -103.96 54.88
v -144.95 -103.15 51.82
v -129.40 -91.43 40.80
v -127.68 -98.42 40.80
v -130.97 -95.88 42.00
v -135.53 -92.94 40.80
v -135.53 -92.94 51.81
v -133.81 -99.93 51.81
v -127.68 -98.42 51.81
v -129.40 -91.43 51.81
v -135.53 -92.94 40.80
v -130.97 -95.88 42.00
v -133.81 -99.93 51.81
v -135.53 -92.94 51.81
v -130.97 -95.88 42.00
v -127.68 -98.42 40.80
v -127.68 -98.42 51.81
v -133.81 -99.93 51.81
v -127.68 -98.42 40.80
v -129.40 -91.43 40.80
v -129.40 -91.43 51.81
v -127.68 -98.42 51.81
v -128.02 -114.15 52.75
v -125.07 -121.86 52.75
v -117.56 -118.98 52.75
v -120.50 -111.27 52.75
v -128.02 -114.15 40.80
v -129.69 -123.11 40.80
v -125.07 -121.86 52.75
v -128.02 -114.15 52.75
v -129.69 -123.11 40.80
v -117.56 -118.98 40.80
v -117.56 -118.98 52.75
v -125.07 -121.86 52.75
v -117.56 -118.98 40.80
v -120.50 -111.27 40.80
v -120.50 -111.27 52.75
v -117.56 -118.98 52.75
v -120.50 -111.27 40.80
v -128.02 -114.15 40.80
v -128.02 -114.15 52.75
v -120.50 -111.27 52.75
v -125.07 -121.86 52.75
v -128.02 -114.15 52.75
v -127.11 -118.22 58.36
v -118.47 -114.91 58.36
v -112.65 -133.58 40.80
v -118.83 -136.90 40.80
v -118.83 -136.90 49.27
v -112.65 -133.58 49.27
v -118.83 -136.90 49.27
v -115.64 -142.83 49.27
v -112.26 -141.69 54.04
v -116.02 -134.71 54.04
v -112.65 -133.58 49.27
v -116.02 -134.71 54.04
v -112.26 -141.69 54.04
v -109.46 -139.50 49.27
v -118.83 -136.90 49.27
v -116.02 -134.71 54.04
v -112.65 -133.58 49.27
v -115.64 -142.83 49.27
v -109.46 -139.50 49.27
v -112.26 -141.69 54.04
v -115.64 -142.83 40.80
v -113.28 -141.02 42.00
v -114.77 -141.96 45.47
v -115.64 -142.83 49.27
v -166.70 -104.31 30.00
v -170.10 -101.84 34.00
v -170.10 -101.84 58.00
v -166.70 -104.31 57.00
v -170.10 -101.84 34.00
v -170.10 -106.78 34.00
v -170.10 -106.78 58.00
v -170.10 -101.84 58.00
v -170.10 -106.78 34.00
v -168.00 -108.31 34.00
v -167.66 -106.30 57.00
v -170.10 -106.78 58.00
v -168.00 -108.31 34.00
v -163.31 -106.78 34.00
v -164.94 -105.63 57.00
v -167.66 -106.30 57.00
v -163.31 -106.78 34.00
v -162.50 -104.31 34.00
v -163.40 -103.50 57.00
v -164.94 -105.63 57.00
v -163.40 -103.50 57.00
v -166.70 -104.31 57.00
v -170.10 -101.84 58.00
v -170.10 -106.78 58.00
v -167.66 -106.30 57.00
v -164.94 -105.63 57.00
v 165.58 94.00 48.80
v 161.24 80.25 59.85
v 155.93 88.90 45.29
v 165.22 83.22 34.84
v 164.06 84.41 34.84
v 164.06 84.41 38.08
v 165.22 83.22 38.08
v 164.06 84.41 34.84
v 165.22 83.22 34.84
v 165.22 83.22 38.08
v 164.06 84.41 38.08
v 158.80 116.79 28.80
v 151.67 122.18 28.80
v 156.18 128.14 28.80
v 163.31 122.75 28.80
v 163.31 122.75 42.91
v 157.31 129.20 42.00
v 151.67 122.18 42.91
v 158.80 116.79 42.91
v 163.31 122.75 28.80
v 156.18 128.14 28.80
v 157.31 129.20 42.00
v 163.31 122.75 42.91
v 143.89 97.24 40.46
v 148.39 103.19 40.46
v 148.88 103.25 45.16
v 143.96 96.75 45.16
v 141.34 108.96 45.16
v 148.88 103.25 45.16
v 145.26 106.31 51.12
v 143.23 96.98 54.80
v 145.26 106.31 51.12
v 143.96 96.75 45.16
v 136.42 102.46 45.16
v 143.23 96.98 54.80
v 148.88 103.25 45.16
v 143.96 96.75 45.16
v 145.26 106.31 51.12
v 141.34 108.96 45.16
v 143.23 96.98 54.80
v 136.42 102.46 45.16
v 130.45 131.86 28.80
v 123.00 135.87 28.80
v 126.50 142.38 28.80
v 133.95 138.37 28.80
v 93.09 150.62 28.80
v 92.25 140.32 29.16
v 90.89 144.26 37.20
v 93.09 150.62 37.20
v 92.25 140.32 29.16
v 99.64 141.23 28.80
v 99.64 141.23 37.20
v 90.89 144.26 37.20
v 99.64 141.23 28.80
v 101.83 147.59 28.80
v 101.83 147.59 37.20
v 99.64 141.23 37.20
v 99.64 141.23 37.20
v 90.89 144.26 37.20
v 93.09 150.62 37.20
v 101.83 147.59 37.20
v 102.28 147.81 40.45
v 92.87 151.06 40.45
v 92.25 140.32 42.00
v 99.85 140.79 40.45
v 101.83 147.59 37.20
v 93.09 150.62 37.20
v 92.87 151.06 40.45
v 102.28 147.81 40.45
v 88.04 120.57 33.38
v 90.60 120.57 33.38
v 90.60 120.57 35.16
v 88.04 120.57 35.16
v 68.53 140.09 29.16
v 57.66 145.32 28.80
v 58.91 152.69 28.80
v 68.11 151.13 28.80
v 68.11 151.13 39.58
v 58.91 152.69 39.58
v 57.66 145.32 39.58
v 66.86 143.77 39.58
v 68.11 151.13 28.80
v 58.91 152.69 28.80
v 58.91 152.69 39.58
v 68.11 151.13 39.58
v 58.91 152.69 28.80
v 57.66 145.32 28.80
v 57.66 145.32 39.58
v 58.91 152.69 39.58
v 57.66 145.32 28.80
v 68.53 140.09 29.16
v 66.86 143.77 39.58
v 57.66 145.32 39.58
v 54.57 130.34 38.75
v 58.40 121.77 45.02
v 53.95 123.13 38.75
v 34.31 143.81 28.80
v 25.69 143.81 28.80
v 25.69 149.90 28.80
v 34.31 149.90 28.80
v 34.31 149.90 36.90
v 25.69 149.90 36.90
v 25.69 143.81 36.90
v 34.31 143.81 36.90
v 34.31 149.90 28.80
v 25.69 149.90 28.80
v 25.69 149.90 36.90
v 34.31 149.90 36.90
v 25.69 149.90 28.80
v 25.69 143.81 28.80
v 25.69 143.81 36.90
v 25.69 149.90 36.90
v 25.69 143.81 28.80
v 34.31 143.81 28.80
v 34.31 143.81 36.90
v 25.69 143.81 36.90
v -7.38 147.85 28.80
v -6.31 141.50 28.80
v -6.31 141.50 41.70
v -7.38 147.85 41.70
v -6.31 141.50 28.80
v 2.56 143.00 28.80
v 2.56 143.00 41.70
v -6.31 141.50 41.70
v 2.56 143.00 28.80
v 1.49 149.35 28.80
v 4.36 149.13 42.00
v 2.56 143.00 41.70
v -7.38 147.85 41.70
v 1.98 150.04 41.70
v -3.05 149.19 47.82
v -1.77 141.66 47.82
v -3.05 149.19 47.82
v 2.56 143.00 41.70
v -6.31 141.50 41.70
v -1.77 141.66 47.82
v 1.98 150.04 41.70
v 2.56 143.00 41.70
v -3.05 149.19 47.82
v -40.10 146.57 42.42
v -34.60 140.83 46.93
v -38.30 139.55 42.42
v -34.36 141.75 33.56
v -36.53 141.75 33.56
v -36.53 141.75 35.53
v -34.36 141.75 35.53
v -36.53 141.75 33.56
v -34.36 141.75 33.56
v -34.36 141.75 35.53
v -36.53 141.75 35.53
v -27.57 131.56 28.80
v -34.41 129.20 28.80
v -36.52 135.31 28.80
v -29.68 137.68 28.80
v -29.68 137.68 38.41
v -36.52 135.31 38.41
v -34.41 129.20 38.41
v -27.57 131.56 38.41
v -29.68 137.68 28.80
v -36.52 135.31 28.80
v -36.52 135.31 38.41
v -29.68 137.68 38.41
v -65.95 139.87 28.80
v -72.16 136.53 28.80
v -75.09 141.98 28.80
v -68.88 145.32 28.80
v -68.88 145.32 38.93
v -75.09 141.98 38.93
v -72.16 136.53 38.93
v -65.95 139.87 38.93
v -68.88 145.32 28.80
v -75.09 141.98 28.80
v -75.09 141.98 38.93
v -68.88 145.32 38.93
v -75.09 141.98 28.80
v -72.16 136.53 28.80
v -72.16 136.53 38.93
v -75.09 141.98 38.93
v -72.16 136.53 28.80
v -65.95 139.87 28.80
v -65.95 139.87 38.93
v -72.16 136.53 38.93
v -65.95 139.87 28.80
v -68.88 145.32 28.80
v -68.88 145.32 38.93
v -65.95 139.87 38.93
v -56.67 124.07 43.47
v -64.10 120.07 43.47
v -64.57 120.22 49.53
v -56.53 124.54 49.53
v -64.10 120.07 43.47
v -60.97 114.26 43.47
v -61.11 113.79 49.53
v -64.57 120.22 49.53
v -60.97 114.26 43.47
v -53.55 118.26 43.47
v -53.07 118.11 49.53
v -61.11 113.79 49.53
v -53.55 118.26 43.47
v -56.67 124.07 43.47
v -56.53 124.54 49.53
v -53.07 118.11 49.53
v -64.57 120.22 49.53
v -56.53 124.54 49.53
v -60.67 122.60 55.26
v -56.98 115.73 55.26
v -60.67 122.60 55.26
v -53.07 118.11 49.53
v -61.11 113.79 49.53
v -56.98 115.73 55.26
v -97.05 114.75 41.81
v -90.19 119.94 41.81
v -90.19 119.94 47.12
v -97.05 114.75 47.12
v -90.19 119.94 41.81
v -94.78 125.44 41.81
v -94.72 125.92 47.12
v -90.19 119.94 47.12
v -101.57 120.74 47.12
v -94.72 125.92 47.12
v -98.30 123.53 52.49
v -93.47 117.15 52.49
v -98.30 123.53 52.49
v -89.84 119.89 47.12
v -97.05 114.75 47.12
v -93.47 117.15 52.49
v -94.72 125.92 47.12
v -89.84 119.89 47.12
v -98.30 123.53 52.49
v -101.57 120.74 47.12
v -93.47 117.15 52.49
v -97.05 114.75 47.12
v -129.72 109.69 33.72
v -134.00 108.99 33.72
v -132.98 110.04 33.72
v -132.98 110.04 35.84
v -134.00 108.99 35.84
v -129.72 109.69 35.84
v -132.98 110.04 33.72
v -134.00 108.99 33.72
v -134.00 108.99 35.84
v -132.98 110.04 35.84
v -134.00 108.99 33.72
v -129.72 109.69 33.72
v -129.72 109.69 35.84
v -134.00 108.99 35.84
v -129.72 109.69 33.72
v -132.98 110.04 33.72
v -132.98 110.04 35.84
v -129.72 109.69 35.84
v -132.98 110.04 35.84
v -134.00 108.99 35.84
v -132.40 107.21 43.21
v -132.98 110.04 40.09
v -107.21 94.30 37.31
v -113.01 100.47 37.31
v -113.85 102.52 42.00
v -109.81 93.83 40.80
v -119.82 93.93 42.00
v -113.85 102.52 42.00
v -116.34 97.42 46.26
v -109.81 93.83 48.62
v -116.34 97.42 46.26
v -109.81 93.83 40.80
v -113.03 87.86 40.60
v -109.81 93.83 48.62
v -113.85 102.52 42.00
v -109.81 93.83 40.80
v -116.34 97.42 46.26
v -119.82 93.93 42.00
v -109.81 93.83 48.62
v -113.03 87.86 40.60
v -114.12 90.92 33.20
v -114.77 89.56 33.20
v -115.12 89.90 33.20
v -135.86 76.04 45.94
v -126.42 77.86 40.80
v -132.45 68.70 40.64
v -129.66 71.48 45.94
v -132.68 77.68 44.00
v -126.42 77.86 40.80
v -135.86 76.04 45.94
v -137.68 72.55 40.64
v -129.66 71.48 45.94
v -132.45 68.70 40.64
v -126.42 77.86 40.80
v -130.91 71.68 40.80
v -132.68 77.68 44.00
v -132.68 77.68 44.00
v -130.91 71.68 40.80
v -126.42 77.86 40.80
v -167.86 67.31 28.80
v -172.34 59.09 28.80
v -177.71 62.02 28.80
v -173.22 70.24 28.80
v -153.89 49.45 28.80
v -148.59 46.55 28.80
v -146.84 47.47 40.80
v -153.89 49.45 40.55
v -148.59 46.55 28.80
v -144.46 54.13 28.80
v -143.22 54.19 40.80
v -146.84 47.47 40.80
v -144.46 54.13 28.80
v -149.76 57.02 28.80
v -149.76 57.02 40.55
v -143.22 54.19 40.80
v -153.89 49.45 40.55
v -152.83 55.03 42.00
v -152.35 53.52 46.42
v -146.00 50.05 46.42
v -152.35 53.52 46.42
v -143.22 54.19 40.80
v -146.84 47.47 40.80
v -146.00 50.05 46.42
v -152.83 55.03 42.00
v -143.22 54.19 40.80
v -152.35 53.52 46.42
v -175.24 -75.66 36.64
v -168.26 -70.21 45.37
v -168.35 -74.47 36.64
v -169.37 -66.09 36.64
v -173.93 -73.19 35.82
v -170.36 -68.99 39.63
v -170.36 -68.99 42.83
v -170.38 -74.42 40.80
v -169.13 -69.95 42.83
v -170.36 -68.99 39.63
v -173.93 -73.19 35.82
v -170.38 -74.42 40.80
v -170.36 -68.99 42.83
v -176.85 -101.79 47.99
v -169.96 -95.86 53.07
v -168.91 -100.07 47.99
v -173.15 -99.79 34.68
v -170.10 -101.84 34.00
v -174.88 -100.89 37.76
v -173.15 -99.79 37.76
v -170.10 -101.84 34.00
v -173.15 -99.79 34.68
v -173.15 -99.79 37.76
v -174.88 -100.89 37.76
v -172.49 -95.20 47.99
v -171.19 -91.95 47.99
v -171.42 -94.94 51.19
v -172.49 -95.20 51.19
v -171.19 -91.95 47.99
v -172.49 -95.20 47.99
v -172.49 -95.20 51.19
v -171.42 -94.94 51.19
v -158.65 -89.24 28.80
v -156.87 -96.39 28.80
v -164.17 -98.22 28.80
v -165.96 -91.06 28.80
v -150.48 -110.96 42.24
v -147.09 -119.71 42.24
v -150.01 -122.72 40.80
v -156.35 -113.24 42.24
v -156.80 -113.04 47.76
v -153.16 -122.44 47.76
v -146.63 -119.91 47.76
v -150.28 -110.51 47.76
v -156.35 -113.24 42.24
v -150.01 -122.72 40.80
v -153.16 -122.44 47.76
v -156.80 -113.04 47.76
v -150.01 -122.72 40.80
v -147.09 -119.71 42.24
v -146.63 -119.91 47.76
v -153.16 -122.44 47.76
v -147.09 -119.71 42.24
v -150.48 -110.96 42.24
v -150.28 -110.51 47.76
v -146.63 -119.91 47.76
v -150.48 -110.96 42.24
v -156.35 -113.24 42.24
v -156.80 -113.04 47.76
v -150.28 -110.51 47.76
v -140.12 -147.55 40.80
v -136.70 -141.41 41.61
v -139.94 -143.86 47.08
v -4.30 156.56 22.00
v -3.00 160.56 22.00
v -3.00 160.56 46.00
v -0.10 156.56 46.00
v -3.00 160.56 22.00
v -5.59 160.56 22.00
v -5.59 160.56 46.00
v -3.00 160.56 46.00
v -5.59 160.56 22.00
v -7.69 159.03 22.00
v -7.69 159.03 46.00
v -5.59 160.56 46.00
v 1.37 156.56 46.00
v -3.00 160.56 46.00
v -4.30 156.56 52.00
v -3.00 160.56 46.00
v -5.59 160.56 46.00
v -4.30 156.56 52.00
v -8.04 -92.38 84.00
v -6.24 -95.75 84.00
v -3.83 -95.16 84.24
v -8.04 -92.38 84.00
v -3.83 -95.16 84.24
v -6.24 -95.75 84.00
v -8.04 -92.38 84.00
v -6.24 -95.75 84.00
v -3.83 -95.16 84.24
v -8.04 -92.38 84.00
v -3.83 -95.16 84.24
v -6.24 -95.75 84.00
v -8.04 -92.38 84.00
v -6.24 -95.75 84.00
v -3.83 -95.16 84.24
v -4.12 -94.61 84.00
v -3.83 -95.16 84.24
v -6.24 -95.75 84.00
v -8.04 -92.38 84.00
v -2.95 -96.79 85.21
v 0.26 -102.77 87.62
v -3.90 -100.10 85.93
v -3.90 -100.10 85.93
v 0.26 -102.77 87.62
v -2.95 -96.79 85.21
v -2.95 -96.79 85.21
v 0.26 -102.77 87.62
v -3.90 -100.10 85.93
v -3.90 -100.10 85.93
v 0.26 -102.77 87.62
v -2.95 -96.79 85.21
v -3.90 -100.10 85.93
v 0.26 -102.77 87.62
v -0.98 -105.54 88.34
v -3.90 -100.10 85.93
v -0.98 -105.54 88.34
v 0.26 -102.77 87.62
v 1.65 -110.44 90.52
v 6.97 -115.29 93.17
v 5.22 -112.02 91.72
v 5.22 -112.02 91.72
v 6.97 -115.29 93.17
v 1.65 -110.44 90.52
v 1.65 -110.44 90.52
v 6.97 -115.29 93.17
v 5.22 -112.02 91.72
v 5.22 -112.02 91.72
v 6.97 -115.29 93.17
v 4.27 -115.33 92.69
v 4.27 -115.33 92.69
v 6.97 -115.29 93.17
v 5.22 -112.02 91.72
v 5.22 -112.02 91.72
v 6.97 -115.29 93.17
v 4.27 -115.33 92.69
v 61.98 -140.35 70.24
v 63.67 -145.17 72.41
v 65.18 -142.23 71.45
v 65.18 -142.23 71.45
v 66.31 -145.44 72.90
v 63.67 -145.17 72.41
v 61.98 -140.35 70.24
v 61.98 -140.35 70.24
v 63.67 -145.17 72.41
v 66.31 -145.44 72.90
v 65.18 -142.23 71.45
v 65.18 -142.23 71.45
v 66.31 -145.44 72.90
v 63.67 -145.17 72.41
v 61.98 -140.35 70.24
v 61.98 -140.35 70.24
v 63.67 -145.17 72.41
v 66.31 -145.44 72.90
v 65.18 -142.23 71.45
v 65.18 -142.23 71.45
v 66.31 -145.44 72.90
v 63.67 -145.17 72.41
v 61.98 -140.35 70.24
v -109.12 -123.96 32.00
v -110.85 -124.96 32.00
v -110.85 -124.96 41.40
v -109.12 -123.96 41.40
v -110.85 -124.96 32.00
v -109.65 -127.04 32.00
v -109.65 -127.04 41.40
v -110.85 -124.96 41.40
v -109.65 -127.04 32.00
v -109.12 -123.96 32.00
v -109.12 -123.96 41.40
v -109.65 -127.04 41.40
v -102.52 -123.96 32.00
v -103.05 -127.04 32.00
v -103.05 -127.04 41.40
v -102.52 -123.96 41.40
v -103.05 -127.04 32.00
v -102.52 -123.96 32.00
v -102.52 -123.96 41.40
v -103.05 -127.04 41.40
v -94.72 -126.04 32.00
v -96.45 -127.04 32.00
v -95.92 -123.96 32.00
v -39.87 59.88 42.00
v -40.17 60.40 42.00
v -40.17 60.40 46.50
v -39.87 59.88 46.50
v -40.17 60.40 42.00
v -41.07 59.88 42.00
v -41.07 59.88 46.50
v -40.17 60.40 46.50
v -41.07 59.88 42.00
v -39.87 59.88 42.00
v -39.87 59.88 46.50
v -41.07 59.88 46.50
v -39.87 59.88 46.50
v -40.17 60.40 46.50
v -41.07 59.88 46.50
v -43.01 77.84 61.74
v -46.78 89.03 64.00
v -48.75 86.02 86.47
v -43.01 77.84 86.47
v -71.15 52.93 61.28
v -81.22 35.60 61.28
v -87.82 41.58 62.00
v -79.79 57.96 61.28
v -105.45 -29.07 62.54
v -95.67 -26.96 62.54
v -95.67 -26.96 85.32
v -105.45 -29.07 85.32
v -95.67 -26.96 62.54
v -98.28 -14.93 62.54
v -98.28 -14.93 85.32
v -95.67 -26.96 85.32
v -98.28 -14.93 62.54
v -108.05 -17.04 62.54
v -108.05 -17.04 85.32
v -98.28 -14.93 85.32
v -89.25 -46.40 60.40
v -81.17 -59.42 60.40
v -89.66 -64.70 60.40
v -97.75 -51.67 60.40
v -97.75 -51.67 86.68
v -89.66 -64.70 86.68
v -81.17 -59.42 86.68
v -89.25 -46.40 86.68
v -97.75 -51.67 60.40
v -89.66 -64.70 60.40
v -89.66 -64.70 86.68
v -97.75 -51.67 86.68
v 117.88 -123.77 57.46
v 105.16 -134.74 57.46
v 105.16 -134.74 85.10
v 117.88 -123.77 85.10
v 105.16 -134.74 57.46
v 111.69 -142.31 57.46
v 111.69 -142.31 85.10
v 105.16 -134.74 85.10
v 143.62 -115.00 63.84
v 149.74 -106.91 63.84
v 157.72 -112.94 63.84
v 151.59 -121.03 63.84
v 151.59 -121.03 86.35
v 157.72 -112.94 86.35
v 149.74 -106.91 86.35
v 143.62 -115.00 86.35
v 151.59 -121.03 63.84
v 157.72 -112.94 63.84
v 157.72 -112.94 86.35
v 151.59 -121.03 86.35
v 157.72 -112.94 63.84
v 149.74 -106.91 63.84
v 149.74 -106.91 86.35
v 157.72 -112.94 86.35
v 98.10 -138.20 79.50
v 122.33 -117.29 79.50
v 131.47 -127.89 79.50
v 107.25 -148.80 79.50
v 107.25 -148.80 82.00
v 131.47 -127.89 82.00
v 122.33 -117.29 82.00
v 98.10 -138.20 82.00
v 107.25 -148.80 79.50
v 131.47 -127.89 79.50
v 131.47 -127.89 82.00
v 107.25 -148.80 82.00
v 131.47 -127.89 79.50
v 122.33 -117.29 79.50
v 122.33 -117.29 82.00
v 131.47 -127.89 82.00
v 122.33 -117.29 79.50
v 98.10 -138.20 79.50
v 98.10 -138.20 82.00
v 122.33 -117.29 82.00
v 98.10 -138.20 79.50
v 107.25 -148.80 79.50
v 107.25 -148.80 82.00
v 98.10 -138.20 82.00
v -57.62 88.05 46.93
v -72.87 75.91 46.93
v -74.12 79.00 70.00
v -57.62 88.05 71.93
v -72.87 75.91 46.93
v -66.64 68.09 46.93
v -66.64 69.61 70.00
v -74.12 79.00 70.00
v -66.64 68.09 46.93
v -51.39 80.22 46.93
v -52.88 80.57 70.00
v -66.64 69.61 70.00
v -51.39 80.22 46.93
v -57.62 88.05 46.93
v -57.62 88.05 71.93
v -52.88 80.57 70.00
v -83.36 48.62 47.43
v -91.58 30.43 47.43
v -100.69 34.55 47.43
v -92.47 52.73 47.43
v -92.47 52.73 73.12
v -104.57 31.41 73.53
v -91.99 31.11 70.00
v -80.50 46.78 70.00
v 141.89 98.99 36.62
v 150.34 103.09 35.75
v 150.34 103.09 59.70
v 142.26 97.20 59.70
v 90.74 106.54 29.41
v 76.89 116.92 29.41
v 84.01 121.84 28.80
v 96.74 114.53 29.41
v 99.00 110.99 58.34
v 83.74 121.91 56.00
v 78.86 119.22 55.04
v 90.74 106.54 57.39
v 96.74 114.53 29.41
v 84.01 121.84 28.80
v 83.74 121.91 56.00
v 99.00 110.99 58.34
v 84.01 121.84 28.80
v 76.89 116.92 29.41
v 78.86 119.22 55.04
v 83.74 121.91 56.00
v 76.89 116.92 29.41
v 90.74 106.54 29.41
v 90.74 106.54 57.39
v 78.86 119.22 55.04
v -148.40 -11.27 30.60
v -138.40 -11.19 30.60
v -138.40 -11.19 59.00
v -148.40 -11.27 59.00
v -138.40 -11.19 30.60
v -138.55 9.11 30.60
v -138.55 9.11 59.00
v -138.40 -11.19 59.00
v -138.55 9.11 30.60
v -148.55 9.03 30.60
v -148.55 9.03 59.00
v -138.55 9.11 59.00
v -146.34 -40.50 35.83
v -141.01 -56.31 35.83
v -150.49 -59.50 35.83
v -155.81 -43.69 35.83
v -155.81 -43.69 59.94
v -150.49 -59.50 59.94
v -141.01 -56.31 59.94
v -146.34 -40.50 59.94
v -155.81 -43.69 35.83
v -150.49 -59.50 35.83
v -150.49 -59.50 59.94
v -155.81 -43.69 59.94
v 75.65 144.07 21.73
v 70.67 135.40 21.73
v 70.67 135.40 45.81
v 75.65 144.07 45.81
v 70.67 135.40 21.73
v 81.14 129.39 21.73
v 81.14 129.39 45.81
v 70.67 135.40 45.81
v 81.14 129.39 21.73
v 86.12 138.07 21.73
v 86.12 138.07 45.81
v 81.14 129.39 45.81
v 19.05 129.00 25.82
v 7.87 130.16 25.82
v 8.91 140.10 25.82
v 20.08 138.94 25.82
v 24.77 139.72 41.14
v 8.91 140.10 43.99
v 7.87 130.16 43.99
v 18.84 128.47 40.80
v 20.08 138.94 25.82
v 8.91 140.10 25.82
v 8.91 140.10 43.99
v 24.77 139.72 41.14
v -14.77 151.27 14.38
v 6.45 151.86 14.38
v 6.45 151.86 31.41
v -14.77 151.27 31.41
v 6.45 151.86 14.38
v 6.17 161.85 14.38
v 6.17 161.85 31.41
v 6.45 151.86 31.41
v -71.68 159.76 31.13
v -85.56 152.78 31.13
v -81.06 143.84 31.13
v -67.19 150.83 31.13
v -71.68 159.76 12.05
v -85.56 152.78 12.05
v -85.56 152.78 31.13
v -71.68 159.76 31.13
v -85.56 152.78 12.05
v -81.06 143.84 12.05
v -81.06 143.84 31.13
v -85.56 152.78 31.13
v -81.06 143.84 12.05
v -67.19 150.83 12.05
v -67.19 150.83 31.13
v -81.06 143.84 31.13

usemtl mat_wood
v 144.98 -153.71 80.23
v 152.06 -148.19 80.23
v 145.94 -141.72 82.55
v 140.19 -146.21 82.55
v 144.98 -153.71 68.80
v 152.06 -148.19 68.80
v 152.06 -148.19 80.23
v 144.98 -153.71 80.23
v -87.82 41.58 62.00
v -90.73 45.58 62.00
v -90.73 45.58 86.00
v -87.82 41.58 86.00
v -90.73 45.58 62.00
v -95.42 44.05 62.00
v -95.42 44.05 86.00
v -90.73 45.58 86.00
v -95.42 44.05 62.00
v -95.42 39.11 62.00
v -95.42 39.11 86.00
v -95.42 44.05 86.00
v -95.42 39.11 62.00
v -93.32 37.59 62.00
v -93.32 37.59 86.00
v -95.42 39.11 86.00
v -93.32 37.59 62.00
v -88.63 39.11 62.00
v -88.63 39.11 86.00
v -93.32 37.59 86.00
v -88.63 39.11 62.00
v -87.82 41.58 62.00
v -87.82 41.58 86.00
v -88.63 39.11 86.00
v 162.91 78.65 65.56
v 156.96 69.57 67.15
v 158.48 79.30 72.81
v 152.32 82.48 68.80
v 152.49 71.67 70.00
v 147.43 76.21 68.80
v 155.13 72.07 59.31
v 154.01 72.94 59.31
v 154.01 72.94 61.02
v 155.13 72.07 61.02
v 154.01 72.94 59.31
v 155.13 72.07 59.31
v 155.13 72.07 61.02
v 154.01 72.94 61.02
v 150.00 63.07 54.80
v 144.86 67.06 54.80
v 149.59 73.16 54.80
v 154.73 69.16 54.80
v 154.73 69.16 63.17
v 149.59 73.16 63.17
v 144.86 67.06 63.17
v 150.00 63.07 63.17
v 35.01 98.47 71.86
v 30.52 98.69 70.00
v 33.41 98.46 79.41
v 36.43 97.11 77.61
v 30.52 98.69 70.00
v 35.01 98.47 71.86
v 36.43 97.11 77.61
v 33.41 98.46 79.41
v 38.59 83.85 54.80
v 31.09 82.55 54.80
v 29.96 91.70 54.80
v 36.56 92.84 54.80
v 35.57 90.99 68.80
v 29.96 91.70 66.94
v 31.09 82.55 67.86
v 36.81 83.86 68.80
v 36.56 92.84 54.80
v 29.96 91.70 54.80
v 29.96 91.70 66.94
v 35.57 90.99 68.80
v 29.96 91.70 54.80
v 31.09 82.55 54.80
v 31.09 82.55 67.86
v 29.96 91.70 66.94
v 1.00 97.99 66.89
v 8.04 102.92 69.19
v 4.75 99.96 72.60
v 7.69 91.69 72.60
v 4.75 99.96 72.60
v 11.09 91.35 68.80
v 3.54 90.85 66.89
v 7.69 91.69 72.60
v 8.04 102.92 69.19
v 11.09 91.35 68.80
v 4.75 99.96 72.60
v 1.00 97.99 66.89
v 7.69 91.69 72.60
v 3.54 90.85 66.89
v 5.38 92.63 59.26
v 4.02 92.15 59.26
v 4.02 92.15 60.92
v 5.38 92.63 60.92
v 4.02 92.15 59.26
v 5.38 92.63 59.26
v 5.38 92.63 60.92
v 4.02 92.15 60.92
v -42.72 79.60 77.37
v -34.76 76.05 72.60
v -41.21 71.36 72.60
v -38.01 73.53 77.37
v -36.60 82.17 72.81
v -34.76 76.05 72.60
v -42.72 79.60 77.37
v -45.61 77.03 72.60
v -38.01 73.53 77.37
v -41.21 71.36 72.60
v -70.73 79.06 54.80
v -76.93 72.56 54.80
v -82.10 77.49 54.80
v -75.90 83.99 54.80
v -75.90 83.99 68.67
v -82.10 77.49 68.67
v -76.93 72.56 68.67
v -70.73 79.06 68.67
v -75.90 83.99 54.80
v -82.10 77.49 54.80
v -82.10 77.49 68.67
v -75.90 83.99 68.67
v -71.17 47.16 54.80
v -79.81 54.59 54.80
v -76.04 53.25 68.80
v -70.50 49.29 68.80
v -70.50 49.29 68.80
v -75.53 41.07 65.91
v -81.84 45.59 65.91
v -76.04 53.25 68.80
v -77.55 52.17 70.36
v -80.50 46.78 70.00
v -75.45 40.58 70.36
v -70.68 47.25 70.36
v -76.04 53.25 68.80
v -81.84 45.59 65.91
v -80.50 46.78 70.00
v -77.55 52.17 70.36
v -81.84 45.59 65.91
v -75.53 41.07 65.91
v -75.45 40.58 70.36
v -80.50 46.78 70.00
v -75.53 41.07 65.91
v -70.50 49.29 68.80
v -70.68 47.25 70.36
v -75.45 40.58 70.36
v -93.62 35.16 54.80
v -100.30 38.71 54.80
v -100.30 38.71 68.09
v -93.62 35.16 68.09
v -93.62 35.16 68.09
v -97.42 28.01 68.09
v -104.10 31.55 68.09
v -100.30 38.71 68.09
v -100.44 39.19 73.53
v -104.57 31.41 73.53
v -96.03 29.37 70.00
v -93.14 35.31 73.53
v -100.30 38.71 68.09
v -104.10 31.55 68.09
v -104.57 31.41 73.53
v -100.44 39.19 73.53
v -104.10 31.55 68.09
v -97.42 28.01 68.09
v -96.03 29.37 70.00
v -104.57 31.41 73.53
v -97.42 28.01 68.09
v -93.62 35.16 68.09
v -93.14 35.31 73.53
v -96.03 29.37 70.00
v -137.06 -6.88 54.80
v -129.67 -8.68 54.80
v -129.67 -8.68 65.74
v -137.06 -6.88 65.74
v -129.67 -8.68 54.80
v -127.73 -0.66 54.80
v -127.73 -0.66 65.74
v -129.67 -8.68 65.74
v -127.73 -0.66 54.80
v -135.12 1.14 54.80
v -135.12 1.14 65.74
v -127.73 -0.66 65.74
v -137.06 -6.88 65.74
v -135.12 1.14 65.74
v -136.67 -2.73 71.35
v -128.12 -4.81 71.35
v -136.67 -2.73 71.35
v -127.73 -0.66 65.74
v -129.67 -8.68 65.74
v -128.12 -4.81 71.35
v -135.12 1.14 65.74
v -127.73 -0.66 65.74
v -136.67 -2.73 71.35
v -118.47 -46.48 65.96
v -114.35 -45.88 71.56
v -109.64 -45.88 65.96
v -118.47 -53.52 65.96
v -109.64 -54.12 65.96
v -114.35 -54.12 71.56
v -126.92 -68.13 54.80
v -126.02 -75.73 54.80
v -132.70 -76.53 54.80
v -133.61 -68.92 54.80
v -133.61 -68.92 66.49
v -132.70 -76.53 66.49
v -126.02 -75.73 66.49
v -126.92 -68.13 66.49
v -133.61 -68.92 54.80
v -132.70 -76.53 54.80
v -132.70 -76.53 66.49
v -133.61 -68.92 66.49
v -132.70 -76.53 54.80
v -126.02 -75.73 54.80
v -126.02 -75.73 66.49
v -132.70 -76.53 66.49
v -126.77 -95.88 72.00
v -127.57 -93.41 72.00
v -132.27 -91.89 72.00
v -135.17 -95.88 72.00
v -134.37 -98.35 72.00
v -126.77 -95.88 72.00
v -127.57 -93.41 72.00
v -130.97 -95.88 78.00
v -127.57 -93.41 72.00
v -132.27 -91.89 72.00
v -130.97 -95.88 78.00
v -132.27 -91.89 72.00
v -135.56 -92.55 72.00
v -130.97 -95.88 78.00
v -135.56 -92.55 72.00
v -135.17 -95.88 72.00
v -130.97 -95.88 78.00
v -135.17 -95.88 72.00
v -132.72 -101.28 72.00
v -130.97 -95.88 78.00
v 157.51 87.38 40.80
v 151.76 91.79 40.80
v 155.51 96.68 40.80
v 164.39 94.90 40.80
v 164.39 94.90 54.91
v 155.51 96.68 53.06
v 151.76 91.79 53.06
v 157.51 87.38 53.06
v 164.39 94.90 40.80
v 155.51 96.68 40.80
v 155.51 96.68 53.06
v 164.39 94.90 54.91
v 155.51 96.68 40.80
v 151.76 91.79 40.80
v 151.76 91.79 53.06
v 155.51 96.68 53.06
v 151.76 91.79 40.80
v 157.51 87.38 40.80
v 157.51 87.38 53.06
v 151.76 91.79 53.06
v 157.51 87.38 40.80
v 164.39 94.90 40.80
v 164.39 94.90 54.91
v 157.51 87.38 53.06
v 100.81 124.10 43.84
v 109.60 118.44 40.80
v 109.60 118.44 48.73
v 102.74 120.84 48.73
v 109.60 118.44 40.80
v 112.27 126.06 40.80
v 112.27 126.06 48.73
v 109.60 118.44 48.73
v 112.27 126.06 48.73
v 105.41 128.46 48.73
v 103.51 124.85 54.22
v 111.50 122.05 54.22
v 109.60 118.44 48.73
v 111.50 122.05 54.22
v 103.51 124.85 54.22
v 102.74 120.84 48.73
v 112.27 126.06 48.73
v 111.50 122.05 54.22
v 109.60 118.44 48.73
v 105.41 128.46 48.73
v 102.74 120.84 48.73
v 103.51 124.85 54.22
v 69.70 110.49 51.82
v 68.26 102.09 51.82
v 68.74 106.33 57.14
v 50.48 122.22 40.80
v 41.52 122.22 40.80
v 41.52 128.88 40.80
v 50.48 128.88 40.80
v 50.48 128.88 52.50
v 41.52 128.88 52.50
v 41.52 122.22 52.50
v 50.48 122.22 52.50
v 50.48 128.88 40.80
v 41.52 128.88 40.80
v 41.52 128.88 52.50
v 50.48 128.88 52.50
v 41.52 128.88 40.80
v 41.52 122.22 40.80
v 41.52 122.22 52.50
v 41.52 128.88 52.50
v 41.52 122.22 40.80
v 50.48 122.22 40.80
v 50.48 122.22 52.50
v 41.52 122.22 52.50
v 18.84 128.47 53.86
v 11.42 127.19 53.86
v 12.63 120.11 53.86
v 20.06 121.39 53.86
v 18.84 128.47 40.80
v 11.42 127.19 40.80
v 11.42 127.19 53.86
v 18.84 128.47 53.86
v 11.42 127.19 40.80
v 12.63 120.11 40.80
v 12.63 120.11 53.86
v 11.42 127.19 53.86
v 12.63 120.11 40.80
v 20.06 121.39 40.80
v 20.06 121.39 53.86
v 12.63 120.11 53.86
v 20.06 121.39 40.80
v 18.84 128.47 40.80
v 18.84 128.47 53.86
v 20.06 121.39 53.86
v 11.42 127.19 53.86
v 18.84 128.47 53.86
v 15.03 128.42 58.98
v 16.45 120.16 58.98
v -34.45 105.11 53.35
v -44.84 104.35 53.27
v -39.35 94.97 53.35
v -31.31 99.36 53.35
v -34.45 105.11 40.80
v -42.48 100.73 40.80
v -44.84 104.35 53.27
v -34.45 105.11 53.35
v -42.48 100.73 40.80
v -39.35 94.97 40.80
v -39.35 94.97 53.35
v -44.84 104.35 53.27
v -39.35 94.97 40.80
v -31.31 99.36 40.80
v -31.31 99.36 53.35
v -39.35 94.97 53.35
v -31.31 99.36 40.80
v -34.45 105.11 40.80
v -34.45 105.11 53.35
v -31.31 99.36 53.35
v -44.84 104.35 53.27
v -34.45 105.11 53.35
v -38.75 103.44 59.57
v -35.04 96.64 59.57
v 133.95 138.37 42.62
v 126.50 142.38 42.62
v 123.00 135.87 42.62
v 130.45 131.86 42.62
v 133.95 138.37 28.80
v 126.50 142.38 28.80
v 126.50 142.38 42.62
v 133.95 138.37 42.62
v 126.50 142.38 28.80
v 123.00 135.87 28.80
v 123.00 135.87 42.62
v 126.50 142.38 42.62
v 123.00 135.87 28.80
v 130.45 131.86 28.80
v 130.45 131.86 42.62
v 123.00 135.87 42.62
v 130.45 131.86 28.80
v 133.95 138.37 28.80
v 133.95 138.37 42.62
v 130.45 131.86 42.62
v 126.50 142.38 42.62
v 133.95 138.37 42.62
v 130.51 140.90 48.37
v 126.44 133.33 48.37
v 34.31 143.81 28.80
v 34.31 149.90 28.80
v 34.31 149.90 36.90
v 34.31 143.81 36.90
v 25.09 150.50 36.90
v 34.91 150.50 36.90
v 30.00 150.50 42.76
v 30.00 143.21 42.76
v 30.00 150.50 42.76
v 34.31 143.81 36.90
v 25.69 143.81 36.90
v 30.00 143.21 42.76
v 34.91 150.50 36.90
v 34.31 143.81 36.90
v 30.00 150.50 42.76
v 25.09 150.50 36.90
v 30.00 143.21 42.76
v 25.69 143.81 36.90
v 34.63 132.13 28.80
v 25.37 132.13 28.80
v 25.37 139.12 28.80
v 34.63 139.12 28.80
v -114.12 90.92 33.20
v -115.12 89.90 33.20
v -114.77 89.56 33.20
v -114.12 90.92 36.40
v -113.04 88.36 37.31
v -115.12 89.90 36.40
v -114.12 90.92 36.40
v -115.12 89.90 36.40
v -113.04 88.36 37.31
v -149.59 90.61 28.80
v -153.85 84.82 28.80
v -158.80 88.47 28.80
v -154.55 94.26 28.80
v -154.55 94.26 38.42
v -158.80 88.47 38.42
v -153.85 84.82 38.42
v -149.59 90.61 38.42
v -154.55 94.26 28.80
v -158.80 88.47 28.80
v -158.80 88.47 38.42
v -154.55 94.26 38.42
v -173.22 70.24 40.24
v -177.71 62.02 40.24
v -172.34 59.09 40.24
v -167.86 67.31 40.24
v -172.34 59.09 28.80
v -167.86 67.31 28.80
v -167.86 67.31 40.24
v -172.34 59.09 40.24
v -167.86 67.31 28.80
v -173.22 70.24 28.80
v -173.22 70.24 40.24
v -167.86 67.31 40.24
v -167.86 67.31 40.24
v -172.34 59.09 40.24
v -177.71 62.02 40.24
v -173.22 70.24 40.24
v -173.22 70.24 40.24
v -177.71 62.02 40.24
v -172.34 59.09 40.24
v -167.86 67.31 40.24
v -177.71 62.02 40.24
v -173.22 70.24 40.24
v -175.99 66.42 51.22
v -169.57 62.92 51.22
v -153.89 49.45 40.55
v -146.00 50.05 46.42
v -146.84 47.47 40.80
v -174.18 29.53 28.80
v -171.72 35.88 28.80
v -171.72 35.88 38.45
v -174.18 29.53 38.45
v -171.72 35.88 38.45
v -175.45 37.98 44.21
v -178.35 30.50 44.21
v -174.18 29.53 38.45
v -171.72 35.88 38.45
v -174.53 34.92 38.45
v -179.61 38.95 38.45
v -175.45 37.98 44.21
v -174.53 34.92 41.65
v -174.14 35.95 41.65
v -174.53 34.92 38.45
v -171.72 35.88 38.45
v -174.14 35.95 41.65
v -174.53 34.92 41.65
v -173.93 -73.19 35.82
v -169.37 -66.09 36.64
v -169.13 -69.95 42.83
v -170.38 -74.42 40.80
v -169.37 -66.09 36.64
v -170.36 -68.99 39.63
v -170.36 -68.99 42.83
v -169.13 -69.95 42.83
v -171.44 -92.38 28.80
v -169.63 -99.63 28.80
v -176.60 -101.37 28.80
v -178.41 -94.11 28.80
v -178.41 -94.11 42.41
v -176.60 -101.37 42.41
v -169.63 -99.63 42.41
v -171.44 -92.38 42.41
v -165.96 -91.06 37.38
v -164.17 -98.22 37.38
v -156.87 -96.39 37.38
v -158.65 -89.24 37.38
v -165.96 -91.06 28.80
v -164.17 -98.22 28.80
v -164.17 -98.22 37.38
v -165.96 -91.06 37.38
v -164.17 -98.22 28.80
v -156.87 -96.39 28.80
v -156.87 -96.39 37.38
v -164.17 -98.22 37.38
v -156.87 -96.39 28.80
v -158.65 -89.24 28.80
v -158.65 -89.24 37.38
v -156.87 -96.39 37.38
v -158.65 -89.24 28.80
v -165.96 -91.06 28.80
v -165.96 -91.06 37.38
v -158.65 -89.24 37.38
v -165.96 -91.06 37.38
v -164.17 -98.22 37.38
v -160.37 -97.89 42.50
v -162.45 -89.57 42.50
v -6.87 -94.56 85.21
v -5.07 -97.92 85.21
v -2.95 -96.79 85.21
v -4.76 -93.42 85.21
v -8.04 -92.38 84.00
v -6.24 -95.75 84.00
v -5.07 -97.92 85.21
v -6.87 -94.56 85.21
v -6.24 -95.75 84.00
v -3.83 -95.16 84.24
v -2.95 -96.79 85.21
v -5.07 -97.92 85.21
v -3.83 -95.16 84.24
v -4.12 -94.61 84.00
v -4.76 -93.42 85.21
v -2.95 -96.79 85.21
v -4.12 -94.61 84.00
v -8.04 -92.38 84.00
v -6.87 -94.56 85.21
v -4.76 -93.42 85.21
v 61.98 -140.35 70.24
v 63.67 -145.17 72.41
v 66.31 -145.44 72.90
v 65.18 -142.23 71.45
v 65.18 -142.23 71.45
v 66.31 -145.44 72.90
v 63.67 -145.17 72.41
v 61.98 -140.35 70.24
v 61.98 -140.35 70.24
v 63.67 -145.17 72.41
v 66.31 -145.44 72.90
v 65.18 -142.23 71.45
v 65.18 -142.23 71.45
v 66.31 -145.44 72.90
v 63.67 -145.17 72.41
v 61.98 -140.35 70.24
v 61.98 -140.35 70.24
v 63.67 -145.17 72.41
v 66.31 -145.44 72.90
v 65.18 -142.23 71.45
v 65.18 -142.23 71.45
v 66.31 -145.44 72.90
v 63.67 -145.17 72.41
v -79.79 57.96 87.51
v -87.82 41.58 86.00
v -81.22 35.60 87.51
v -71.15 52.93 87.51
v -79.79 57.96 61.28
v -87.82 41.58 62.00
v -87.82 41.58 86.00
v -79.79 57.96 87.51
v 149.74 -106.91 63.84
v 143.62 -115.00 63.84
v 143.62 -115.00 86.35
v 149.74 -106.91 86.35
v 143.62 -115.00 63.84
v 151.59 -121.03 63.84
v 151.59 -121.03 86.35
v 143.62 -115.00 86.35
v 120.72 74.84 79.50
v 100.91 99.97 79.50
v 111.90 108.64 79.50
v 132.05 83.34 75.04
v 133.59 82.12 81.21
v 111.90 108.64 82.00
v 100.91 99.97 82.00
v 120.72 74.84 82.00
v 132.05 83.34 75.04
v 111.90 108.64 79.50
v 111.90 108.64 82.00
v 133.59 82.12 81.21
v 111.90 108.64 79.50
v 100.91 99.97 79.50
v 100.91 99.97 82.00
v 111.90 108.64 82.00
v -92.47 52.73 47.43
v -100.69 34.55 47.43
v -104.57 31.41 73.53
v -92.47 52.73 73.12
v -100.69 34.55 47.43
v -91.58 30.43 47.43
v -91.99 31.11 70.00
v -104.57 31.41 73.53
v -91.58 30.43 47.43
v -83.36 48.62 47.43
v -80.50 46.78 70.00
v -91.99 31.11 70.00
v -83.36 48.62 47.43
v -92.47 52.73 47.43
v -92.47 52.73 73.12
v -80.50 46.78 70.00
v -109.34 11.61 51.71
v -105.96 -6.48 54.80
v -119.77 -6.15 51.71
v -119.69 12.94 54.80
v -119.34 11.84 73.45
v -117.01 -7.51 71.77
v -109.77 -6.39 73.45
v -107.28 12.42 74.34
v -150.49 -59.50 35.83
v -141.01 -56.31 35.83
v -141.01 -56.31 59.94
v -150.49 -59.50 59.94
v -141.01 -56.31 35.83
v -146.34 -40.50 35.83
v -146.34 -40.50 59.94
v -141.01 -56.31 59.94
v -146.34 -40.50 35.83
v -155.81 -43.69 35.83
v -155.81 -43.69 59.94
v -146.34 -40.50 59.94
v -133.55 -83.89 31.38
v -120.32 -101.97 31.38
v -128.39 -107.87 31.38
v -141.62 -89.80 31.38
v -141.62 -89.80 57.25
v -128.53 -106.95 56.00
v -120.32 -101.97 57.25
v -133.55 -83.89 57.25
v -141.62 -89.80 31.38
v -128.39 -107.87 31.38
v -128.53 -106.95 56.00
v -141.62 -89.80 57.25
v 8.91 140.10 25.82
v 7.87 130.16 25.82
v 7.87 130.16 43.99
v 8.91 140.10 43.99
v 7.87 130.16 25.82
v 19.05 129.00 25.82
v 18.84 128.47 40.80
v 7.87 130.16 43.99
v 19.05 129.00 25.82
v 20.08 138.94 25.82
v 24.77 139.72 41.14
v 18.84 128.47 40.80
v -40.43 129.94 23.09
v -62.33 120.97 23.09
v -66.12 130.23 23.09
v -44.22 139.20 23.09
v -44.30 136.74 42.00
v -66.48 133.41 42.82
v -64.10 120.07 43.47
v -40.43 129.94 44.24
v -44.22 139.20 23.09
v -66.12 130.23 23.09
v -66.48 133.41 42.82
v -44.30 136.74 42.00

usemtl mat_terracotta
v 152.06 -148.19 68.80
v 145.94 -141.72 68.80
v 145.94 -141.72 82.55
v 152.06 -148.19 80.23
v 145.94 -141.72 68.80
v 140.19 -146.21 68.80
v 140.19 -146.21 82.55
v 145.94 -141.72 82.55
v 145.94 -141.72 82.55
v 139.70 -146.14 82.55
v 142.45 -143.17 86.18
v 137.94 -137.39 86.18
v 142.45 -143.17 86.18
v 131.66 -140.45 84.00
v 141.72 -134.44 80.47
v 137.94 -137.39 86.18
v 139.70 -146.14 82.55
v 131.66 -140.45 84.00
v 142.45 -143.17 86.18
v 145.94 -141.72 82.55
v 137.94 -137.39 86.18
v 141.72 -134.44 80.47
v 169.89 -137.31 80.20
v 166.26 -134.66 84.80
v 166.26 -134.66 88.00
v 166.80 -139.68 85.43
v 166.26 -134.66 84.80
v 169.89 -137.31 80.20
v 166.80 -139.68 85.43
v 166.26 -134.66 88.00
v 152.32 -130.46 68.80
v 156.87 -125.68 68.80
v 164.30 -130.85 68.80
v 157.85 -137.62 68.80
v 157.91 -135.78 76.77
v 162.46 -131.00 76.77
v 156.87 -125.68 76.77
v 152.32 -130.46 76.77
v 154.73 69.16 54.80
v 149.59 73.16 54.80
v 149.59 73.16 63.17
v 154.73 69.16 63.17
v 149.59 73.16 54.80
v 144.86 67.06 54.80
v 144.86 67.06 63.17
v 149.59 73.16 63.17
v 144.86 67.06 54.80
v 150.00 63.07 54.80
v 150.00 63.07 63.17
v 144.86 67.06 63.17
v 150.00 63.07 54.80
v 154.73 69.16 54.80
v 154.73 69.16 63.17
v 150.00 63.07 63.17
v 79.95 103.94 54.80
v 89.30 102.32 54.80
v 89.30 102.32 63.84
v 79.44 104.10 64.00
v 89.30 102.32 54.80
v 90.51 109.28 54.80
v 93.81 107.95 64.00
v 89.30 102.32 63.84
v 89.30 102.32 63.84
v 79.44 104.10 64.00
v 83.29 110.77 64.00
v 93.81 107.95 64.00
v 90.92 109.57 67.37
v 80.87 111.31 67.37
v 79.54 103.66 67.37
v 89.59 101.91 67.37
v 61.33 91.53 67.37
v 54.67 91.53 67.37
v 54.07 88.07 72.07
v 61.93 88.07 72.07
v 61.33 84.61 67.37
v 61.93 88.07 72.07
v 54.07 88.07 72.07
v 54.67 84.61 67.37
v 61.33 91.53 67.37
v 61.93 88.07 72.07
v 61.33 84.61 67.37
v 54.67 91.53 67.37
v 54.67 84.61 67.37
v 54.07 88.07 72.07
v 13.62 84.99 54.80
v 7.31 82.75 54.80
v 5.22 88.63 54.80
v 11.44 93.66 54.80
v 11.09 91.35 68.80
v 5.22 88.63 68.66
v 7.31 82.75 68.66
v 14.05 82.82 68.80
v 11.44 93.66 54.80
v 5.22 88.63 54.80
v 5.22 88.63 68.66
v 11.09 91.35 68.80
v 5.22 88.63 54.80
v 7.31 82.75 54.80
v 7.31 82.75 68.66
v 5.22 88.63 68.66
v -52.37 97.88 66.18
v -48.59 93.01 66.18
v -55.58 96.14 71.07
v -58.05 93.46 66.18
v -51.06 90.33 71.07
v -54.27 88.60 66.18
v -54.20 90.84 59.12
v -54.84 89.72 59.12
v -55.14 90.11 59.12
v -54.20 90.84 60.63
v -55.14 90.11 60.63
v -54.84 89.72 60.63
v -82.10 77.49 54.80
v -76.93 72.56 54.80
v -76.93 72.56 68.67
v -82.10 77.49 68.67
v -76.93 72.56 54.80
v -70.73 79.06 54.80
v -70.73 79.06 68.67
v -76.93 72.56 68.67
v -70.73 79.06 54.80
v -75.90 83.99 54.80
v -75.90 83.99 68.67
v -70.73 79.06 68.67
v -82.10 77.49 68.67
v -75.90 83.99 68.67
v -79.44 81.16 74.79
v -74.12 79.00 70.00
v -63.54 65.99 78.13
v -50.38 61.75 74.38
v -61.62 57.27 71.83
v -58.00 60.70 78.13
v -56.33 68.35 73.44
v -50.38 61.75 74.38
v -63.54 65.99 78.13
v -67.95 61.95 70.00
v -58.00 60.70 78.13
v -61.62 57.27 71.83
v -89.28 59.89 54.80
v -93.41 54.13 54.80
v -99.16 58.26 54.80
v -95.04 64.01 54.80
v -93.62 35.16 68.09
v -100.30 38.71 68.09
v -100.44 39.19 73.53
v -93.14 35.31 73.53
v -104.57 31.41 73.53
v -100.44 39.19 73.53
v -102.73 35.41 79.04
v -94.99 31.30 79.04
v -102.73 35.41 79.04
v -93.14 35.31 73.53
v -96.03 29.37 70.00
v -94.99 31.30 79.04
v -100.44 39.19 73.53
v -93.14 35.31 73.53
v -102.73 35.41 79.04
v -106.41 16.43 54.80
v -112.75 18.82 54.80
v -112.75 18.82 68.81
v -106.41 16.43 68.81
v -115.61 11.22 68.81
v -112.75 18.82 68.81
v -114.74 15.23 74.34
v -107.28 12.42 74.34
v -114.74 15.23 74.34
v -106.41 16.43 68.81
v -107.96 5.18 68.80
v -107.28 12.42 74.34
v -112.75 18.82 68.81
v -106.41 16.43 68.81
v -114.74 15.23 74.34
v -111.31 -4.37 63.75
v -105.96 -6.48 64.40
v -114.23 -8.18 69.30
v -118.61 -11.55 62.84
v -106.23 -10.12 69.30
v -107.66 -13.48 64.40
v -134.07 -23.33 54.80
v -134.97 -30.89 54.80
v -142.62 -29.98 54.80
v -141.72 -22.42 54.80
v -141.72 -22.42 63.53
v -142.62 -29.98 63.53
v -134.08 -34.03 63.00
v -134.07 -23.33 63.53
v -140.93 -45.92 68.31
v -140.93 -54.08 68.31
v -141.28 -54.43 73.86
v -141.28 -45.57 73.86
v -140.93 -54.08 68.31
v -133.19 -54.08 68.31
v -132.84 -54.43 73.86
v -141.28 -54.43 73.86
v -133.19 -54.08 68.31
v -133.19 -45.92 68.31
v -132.84 -45.57 73.86
v -132.84 -54.43 73.86
v -133.19 -45.92 68.31
v -140.93 -45.92 68.31
v -141.28 -45.57 73.86
v -132.84 -45.57 73.86
v -126.02 -75.73 54.80
v -126.92 -68.13 54.80
v -126.92 -68.13 66.49
v -126.02 -75.73 66.49
v -126.92 -68.13 54.80
v -133.61 -68.92 54.80
v -133.61 -68.92 66.49
v -126.92 -68.13 66.49
v -126.92 -68.13 66.49
v -126.02 -75.73 66.49
v -132.70 -76.53 66.49
v -133.61 -68.92 66.49
v -134.00 -68.62 71.22
v -133.01 -76.92 71.22
v -125.63 -76.04 71.22
v -126.62 -67.74 71.22
v -114.65 -66.51 66.67
v -108.46 -65.46 73.50
v -104.86 -63.63 68.80
v -114.37 -73.91 66.67
v -103.50 -72.93 68.00
v -107.44 -74.00 73.50
v -117.76 -89.27 54.80
v -116.20 -95.70 54.80
v -123.39 -97.45 54.80
v -124.95 -91.01 54.80
v -124.95 -91.01 65.31
v -123.39 -97.45 65.31
v -116.20 -95.70 65.31
v -117.76 -89.27 65.31
v -110.00 -109.74 54.80
v -107.55 -116.23 54.80
v -114.45 -118.83 54.80
v -116.91 -112.34 54.80
v -116.91 -112.34 66.07
v -114.45 -118.83 66.07
v -107.55 -116.23 66.07
v -110.00 -109.74 66.07
v -116.91 -112.34 54.80
v -114.45 -118.83 54.80
v -114.45 -118.83 66.07
v -116.91 -112.34 66.07
v -114.45 -118.83 54.80
v -107.55 -116.23 54.80
v -107.55 -116.23 66.07
v -114.45 -118.83 66.07
v -87.42 -109.37 54.80
v -90.37 -101.58 54.80
v -90.37 -101.58 67.17
v -87.42 -109.37 67.17
v -90.37 -101.58 54.80
v -97.40 -104.23 54.80
v -99.72 -104.06 67.20
v -90.37 -101.58 67.17
v -90.37 -101.58 67.17
v -87.42 -109.37 67.17
v -94.45 -112.03 67.17
v -99.72 -104.06 67.20
v -97.85 -104.03 72.19
v -94.14 -112.75 70.00
v -86.97 -109.58 72.19
v -90.17 -101.12 72.19
v -95.58 -135.21 59.49
v -96.15 -134.15 59.49
v -96.15 -134.15 61.38
v -95.58 -135.21 61.38
v -93.73 -134.15 59.49
v -93.17 -135.21 59.49
v -93.17 -135.21 61.38
v -93.73 -134.15 61.38
v -93.17 -135.21 59.49
v -93.73 -134.15 59.49
v -93.73 -134.15 61.38
v -93.17 -135.21 61.38
v -96.15 -134.15 61.38
v -95.58 -135.21 61.38
v -99.42 -137.37 67.72
v -96.15 -134.15 65.16
v -79.18 -144.05 66.14
v -75.16 -149.66 66.14
v -69.80 -145.82 66.14
v -73.82 -140.20 66.14
v -79.18 -144.05 54.80
v -75.16 -149.66 54.80
v -75.16 -149.66 66.14
v -79.18 -144.05 66.14
v -75.16 -149.66 54.80
v -69.80 -145.82 54.80
v -69.80 -145.82 66.14
v -75.16 -149.66 66.14
v -69.80 -145.82 54.80
v -73.82 -140.20 54.80
v -73.82 -140.20 66.14
v -69.80 -145.82 66.14
v -132.72 -101.28 72.00
v -129.22 -101.28 72.00
v -130.97 -95.88 78.00
v -129.22 -101.28 72.00
v -126.77 -95.88 72.00
v -130.97 -95.88 78.00
v 171.11 64.35 40.80
v 166.53 69.09 40.80
v 171.64 74.04 40.80
v 176.22 69.30 40.80
v 176.22 69.30 55.48
v 171.64 74.04 55.48
v 166.53 69.09 55.48
v 171.11 64.35 55.48
v 155.51 96.68 53.06
v 164.39 94.90 54.91
v 158.75 94.95 57.99
v 154.27 89.11 57.99
v 158.75 94.95 57.99
v 157.51 87.38 53.06
v 151.76 91.79 53.06
v 154.27 89.11 57.99
v 164.39 94.90 54.91
v 157.51 87.38 53.06
v 158.75 94.95 57.99
v 155.51 96.68 53.06
v 154.27 89.11 57.99
v 151.76 91.79 53.06
v 133.44 100.34 40.80
v 126.69 104.02 40.80
v 129.69 109.54 40.80
v 138.66 108.94 40.80
v 138.66 108.94 50.13
v 129.69 109.54 53.57
v 126.69 104.02 53.57
v 133.44 100.34 53.57
v 138.66 108.94 40.80
v 129.69 109.54 40.80
v 129.69 109.54 53.57
v 138.66 108.94 50.13
v 129.69 109.54 40.80
v 126.69 104.02 40.80
v 126.69 104.02 53.57
v 129.69 109.54 53.57
v 108.95 124.47 48.73
v 105.41 128.46 48.73
v 112.27 126.06 48.73
v 110.36 125.14 51.92
v 109.32 125.51 51.92
v 108.95 124.47 51.92
v 112.27 126.06 48.73
v 105.41 128.46 48.73
v 109.32 125.51 51.92
v 110.36 125.14 51.92
v 105.41 128.46 48.73
v 108.95 124.47 48.73
v 108.95 124.47 51.92
v 109.32 125.51 51.92
v 50.48 122.22 40.80
v 50.48 128.88 40.80
v 50.48 128.88 52.50
v 50.48 122.22 52.50
v 50.48 122.22 52.50
v 41.52 122.22 52.50
v 41.52 128.88 52.50
v 50.48 128.88 52.50
v 50.83 129.22 57.23
v 41.17 129.22 57.23
v 41.17 121.87 57.23
v 50.83 121.87 57.23
v 50.48 128.88 52.50
v 41.52 128.88 52.50
v 41.17 129.22 57.23
v 50.83 129.22 57.23
v 15.03 128.42 58.98
v 20.06 121.39 53.86
v 12.14 119.42 53.86
v 16.45 120.16 58.98
v 18.84 128.47 53.86
v 20.06 121.39 53.86
v 15.03 128.42 58.98
v 11.42 127.19 53.86
v 16.45 120.16 58.98
v 12.14 119.42 53.86
v 15.05 121.17 45.45
v 13.81 120.96 45.45
v 12.63 120.11 53.86
v 15.05 121.17 51.01
v -13.61 128.45 51.99
v -20.11 126.18 51.99
v -17.35 118.31 51.99
v -10.85 120.59 51.99
v -13.61 128.45 40.80
v -20.11 126.18 40.80
v -20.11 126.18 51.99
v -13.61 128.45 51.99
v -20.11 126.18 40.80
v -17.35 118.31 40.80
v -17.35 118.31 51.99
v -20.11 126.18 51.99
v -17.35 118.31 40.80
v -10.85 120.59 40.80
v -10.85 120.59 51.99
v -17.35 118.31 51.99
v -6.56 111.43 53.45
v -14.99 108.48 53.45
v -9.55 109.91 52.00
v -2.60 100.84 40.80
v -11.46 97.73 40.80
v -14.99 108.48 40.80
v -5.18 108.20 40.80
v -9.55 109.91 52.00
v -14.99 108.48 53.45
v -11.46 97.73 51.20
v -2.60 100.84 51.20
v -5.18 108.20 40.80
v -14.99 108.48 40.80
v -14.99 108.48 53.45
v -9.55 109.91 52.00
v -38.75 103.44 59.57
v -31.31 99.36 53.35
v -39.35 94.97 53.35
v -35.04 96.64 59.57
v -34.45 105.11 53.35
v -31.31 99.36 53.35
v -38.75 103.44 59.57
v -44.84 104.35 53.27
v -35.04 96.64 59.57
v -39.35 94.97 53.35
v -34.73 97.49 45.35
v -37.91 97.49 45.35
v -37.91 97.49 50.60
v -31.31 99.36 53.35
v -62.66 97.36 58.49
v -70.13 91.63 58.49
v -65.89 86.09 58.49
v -55.14 90.11 59.12
v -62.73 96.87 53.37
v -73.02 94.43 51.99
v -70.13 91.63 58.49
v -62.66 97.36 58.49
v -73.02 94.43 51.99
v -65.82 86.58 53.37
v -65.89 86.09 58.49
v -70.13 91.63 58.49
v -65.82 86.58 53.37
v -58.05 93.46 54.80
v -55.14 90.11 59.12
v -65.89 86.09 58.49
v -101.31 84.69 52.50
v -96.92 79.97 52.50
v -96.92 79.97 57.22
v -101.80 84.68 57.22
v -96.92 79.97 52.50
v -91.23 86.35 52.50
v -90.73 86.36 57.22
v -96.92 79.97 57.22
v -91.23 86.35 52.50
v -99.81 94.22 51.60
v -95.62 91.08 57.22
v -90.73 86.36 57.22
v -101.80 84.68 57.22
v -95.62 91.08 57.22
v -98.89 88.06 62.80
v -93.65 82.99 62.80
v -105.92 62.88 50.51
v -110.31 56.83 50.51
v -105.07 53.03 50.51
v -100.68 59.08 50.51
v -105.92 62.88 40.80
v -110.31 56.83 40.80
v -110.31 56.83 50.51
v -105.92 62.88 50.51
v -110.31 56.83 40.80
v -105.07 53.03 40.80
v -105.07 53.03 50.51
v -110.31 56.83 50.51
v -105.07 53.03 40.80
v -100.68 59.08 40.80
v -100.68 59.08 50.51
v -105.07 53.03 50.51
v -146.72 25.54 49.76
v -149.27 18.88 49.76
v -143.01 16.48 49.76
v -140.46 23.14 49.76
v -146.72 25.54 40.80
v -149.27 18.88 40.80
v -149.27 18.88 49.76
v -146.72 25.54 49.76
v -149.27 18.88 40.80
v -143.01 16.48 40.80
v -143.01 16.48 49.76
v -149.27 18.88 49.76
v -143.01 16.48 40.80
v -140.46 23.14 40.80
v -140.46 23.14 49.76
v -143.01 16.48 49.76
v -161.56 -80.64 40.80
v -169.51 -81.60 40.80
v -169.51 -81.60 48.80
v -161.56 -80.64 48.80
v -150.40 -72.01 40.80
v -149.53 -79.19 40.80
v -156.86 -80.07 40.80
v -157.73 -72.89 40.80
v -157.73 -72.89 49.88
v -156.86 -80.07 49.88
v -149.53 -79.19 49.88
v -150.40 -72.01 49.88
v -157.73 -72.89 40.80
v -156.86 -80.07 40.80
v -156.86 -80.07 49.88
v -157.73 -72.89 49.88
v -127.11 -118.22 58.36
v -120.50 -111.27 52.75
v -117.56 -118.98 52.75
v -118.47 -114.91 58.36
v -128.02 -114.15 52.75
v -120.50 -111.27 52.75
v -127.11 -118.22 58.36
v -125.07 -121.86 52.75
v -118.47 -114.91 58.36
v -117.56 -118.98 52.75
v -124.68 -119.89 45.23
v -124.17 -121.21 45.23
v -124.17 -121.21 50.12
v -124.68 -119.89 50.12
v -113.28 -141.02 42.00
v -115.64 -142.83 40.80
v -115.64 -142.83 49.27
v -114.77 -141.96 45.47
v 18.18 134.55 34.00
v 17.38 137.02 34.00
v 15.42 136.22 57.00
v 15.89 133.46 57.00
v 17.38 137.02 34.00
v 12.68 138.55 34.00
v 12.06 135.64 57.00
v 15.42 136.22 57.00
v 12.68 138.55 34.00
v 9.78 134.55 34.00
v 9.78 134.55 58.00
v 12.06 135.64 57.00
v -163.40 -103.50 57.00
v -164.95 -98.92 58.00
v -166.70 -104.31 64.00
v -164.95 -98.92 58.00
v -168.46 -98.92 58.00
v -166.70 -104.31 64.00
v -168.46 -98.92 58.00
v -170.10 -101.84 58.00
v -166.70 -104.31 64.00
v -170.10 -101.84 58.00
v -170.10 -106.78 58.00
v -166.70 -104.31 64.00
v 156.18 128.14 28.80
v 151.67 122.18 28.80
v 151.67 122.18 42.91
v 157.31 129.20 42.00
v 151.67 122.18 28.80
v 158.80 116.79 28.80
v 158.80 116.79 42.91
v 151.67 122.18 42.91
v 158.80 116.79 28.80
v 163.31 122.75 28.80
v 163.31 122.75 42.91
v 158.80 116.79 42.91
v 157.31 129.20 42.00
v 163.31 122.75 42.91
v 160.11 125.93 48.98
v 154.87 119.01 48.98
v 93.09 150.62 37.20
v 90.89 144.26 37.20
v 92.25 140.32 42.00
v 92.87 151.06 40.45
v 90.89 144.26 37.20
v 99.64 141.23 37.20
v 99.85 140.79 40.45
v 92.25 140.32 42.00
v 99.64 141.23 37.20
v 101.83 147.59 37.20
v 102.28 147.81 40.45
v 99.85 140.79 40.45
v 92.87 151.06 40.45
v 102.28 147.81 40.45
v 97.66 149.67 46.74
v 95.06 142.18 46.74
v 34.63 139.12 37.68
v 25.37 139.12 37.68
v 25.37 132.13 37.68
v 34.63 132.13 37.68
v 34.63 139.12 28.80
v 25.37 139.12 28.80
v 25.37 139.12 37.68
v 34.63 139.12 37.68
v 25.37 139.12 28.80
v 25.37 132.13 28.80
v 25.37 132.13 37.68
v 25.37 139.12 37.68
v 25.37 132.13 28.80
v 34.63 132.13 28.80
v 34.63 132.13 37.68
v 25.37 132.13 37.68
v -36.52 135.31 28.80
v -34.41 129.20 28.80
v -34.41 129.20 38.41
v -36.52 135.31 38.41
v -34.41 129.20 28.80
v -27.57 131.56 28.80
v -27.57 131.56 38.41
v -34.41 129.20 38.41
v -27.57 131.56 28.80
v -29.68 137.68 28.80
v -29.68 137.68 38.41
v -27.57 131.56 38.41
v -27.57 131.56 38.41
v -34.41 129.20 38.41
v -36.52 135.31 38.41
v -29.68 137.68 38.41
v -65.95 139.87 38.93
v -72.16 136.53 38.93
v -75.09 141.98 38.93
v -68.88 145.32 38.93
v -68.74 145.79 42.95
v -75.57 142.12 42.95
v -72.30 136.05 42.95
v -68.89 139.63 42.00
v -68.88 145.32 38.93
v -75.09 141.98 38.93
v -75.57 142.12 42.95
v -68.74 145.79 42.95
v -75.09 141.98 38.93
v -72.16 136.53 38.93
v -72.30 136.05 42.95
v -75.57 142.12 42.95
v -175.99 66.42 51.22
v -167.86 67.31 40.24
v -172.34 59.09 40.24
v -169.57 62.92 51.22
v -173.22 70.24 40.24
v -167.86 67.31 40.24
v -175.99 66.42 51.22
v -177.71 62.02 40.24
v -169.57 62.92 51.22
v -172.34 59.09 40.24
v -174.24 62.57 34.05
v -175.02 61.14 34.05
v -175.02 61.14 36.50
v -174.24 62.57 36.50
v -171.72 35.88 38.45
v -179.61 38.95 38.45
v -175.45 37.98 44.21
v -174.14 35.95 41.65
v -159.59 31.09 28.80
v -161.99 24.89 28.80
v -168.64 27.47 28.80
v -166.23 33.67 28.80
v -168.46 30.03 42.00
v -165.28 28.82 44.00
v -161.61 23.81 40.80
v -159.21 30.10 40.80
v -166.23 33.67 28.80
v -168.64 27.47 28.80
v -165.28 28.82 44.00
v -168.46 30.03 42.00
v -176.60 -101.37 28.80
v -169.63 -99.63 28.80
v -169.63 -99.63 42.41
v -176.60 -101.37 42.41
v -169.63 -99.63 28.80
v -171.44 -92.38 28.80
v -171.44 -92.38 42.41
v -169.63 -99.63 42.41
v -153.16 -122.44 47.76
v -156.80 -113.04 47.76
v -155.21 -117.83 54.14
v -148.23 -115.12 54.14
v -155.21 -117.83 54.14
v -150.28 -110.51 47.76
v -146.31 -120.06 47.76
v -148.23 -115.12 54.14
v -156.80 -113.04 47.76
v -150.28 -110.51 47.76
v -155.21 -117.83 54.14
v -153.16 -122.44 47.76
v -148.23 -115.12 54.14
v -146.31 -120.06 47.76
v -3.90 -100.10 85.93
v 0.26 -102.77 87.62
v -0.98 -105.54 88.34
v -3.90 -100.10 85.93
v -0.98 -105.54 88.34
v 0.26 -102.77 87.62
v -3.90 -100.10 85.93
v 1.72 -105.49 88.83
v -0.98 -105.54 88.34
v -3.90 -100.10 85.93
v -0.98 -105.54 88.34
v 1.72 -105.49 88.83
v 4.27 -115.33 92.69
v 6.97 -115.29 93.17
v 5.22 -112.02 91.72
v 6.97 -115.29 93.17
v 6.90 -120.23 94.86
v 6.90 -120.23 95.10
v 5.10 -116.87 95.10
v 6.90 -120.23 94.86
v 6.97 -115.29 93.17
v 5.10 -116.87 95.10
v 6.90 -120.23 95.10
v 5.10 -116.87 95.10
v 10.18 -121.27 95.83
v 6.90 -120.23 95.10
v -39.87 59.88 46.50
v -37.93 62.43 45.60
v -40.47 59.88 52.50
v -37.93 62.43 45.60
v -40.17 60.40 46.50
v -40.47 59.88 52.50
v -40.17 60.40 46.50
v -41.07 59.88 46.50
v -40.47 59.88 52.50
v -87.82 41.58 62.00
v -81.22 35.60 61.28
v -81.22 35.60 87.51
v -87.82 41.58 86.00
v -81.22 35.60 61.28
v -71.15 52.93 61.28
v -71.15 52.93 87.51
v -81.22 35.60 87.51
v -89.66 -64.70 60.40
v -81.17 -59.42 60.40
v -81.17 -59.42 86.68
v -89.66 -64.70 86.68
v -81.17 -59.42 60.40
v -89.25 -46.40 60.40
v -89.25 -46.40 86.68
v -81.17 -59.42 86.68
v -89.25 -46.40 60.40
v -97.75 -51.67 60.40
v -97.75 -51.67 86.68
v -89.25 -46.40 86.68
v -82.80 -77.93 63.75
v -65.55 -92.91 63.75
v -72.10 -100.46 63.75
v -89.36 -85.48 63.75
v 100.91 99.97 79.50
v 120.72 74.84 79.50
v 120.72 74.84 82.00
v 100.91 99.97 82.00
v 120.72 74.84 79.50
v 132.05 83.34 75.04
v 133.59 82.12 81.21
v 120.72 74.84 82.00
v 44.28 85.40 79.91
v 13.16 96.73 79.50
v 17.30 110.11 79.50
v 47.87 100.65 79.50
v 47.87 100.65 82.00
v 17.30 110.11 82.00
v 13.16 96.73 82.00
v 43.76 85.07 83.04
v 168.63 -100.73 79.50
v 181.19 -106.91 79.50
v 184.37 -109.52 82.99
v 167.85 -103.08 84.00
v 171.64 74.04 40.80
v 175.96 62.56 43.74
v 175.96 62.56 73.11
v 171.12 74.79 73.11
v 135.28 83.00 54.80
v 129.63 96.69 51.53
v 137.01 100.42 54.80
v 145.62 90.64 51.25
v 145.62 90.64 73.08
v 136.27 102.83 70.00
v 127.73 98.89 73.08
v 135.47 82.90 70.00
v -119.69 12.94 54.80
v -119.77 -6.15 51.71
v -117.01 -7.51 71.77
v -119.34 11.84 73.45
v -119.77 -6.15 51.71
v -105.96 -6.48 54.80
v -109.77 -6.39 73.45
v -117.01 -7.51 71.77
v -105.96 -6.48 54.80
v -109.34 11.61 51.71
v -107.28 12.42 74.34
v -109.77 -6.39 73.45
v -109.34 11.61 51.71
v -119.69 12.94 54.80
v -119.34 11.84 73.45
v -107.28 12.42 74.34
v -128.39 -107.87 31.38
v -120.32 -101.97 31.38
v -120.32 -101.97 57.25
v -128.53 -106.95 56.00
v -120.32 -101.97 31.38
v -133.55 -83.89 31.38
v -133.55 -83.89 57.25
v -120.32 -101.97 57.25
v -133.55 -83.89 31.38
v -141.62 -89.80 31.38
v -141.62 -89.80 57.25
v -133.55 -83.89 57.25
v -115.55 -132.78 36.03
v -104.75 -141.47 36.03
v -111.01 -149.26 36.03
v -121.82 -140.58 36.03
v -66.12 130.23 23.09
v -62.33 120.97 23.09
v -64.10 120.07 43.47
v -66.48 133.41 42.82
v -62.33 120.97 23.09
v -40.43 129.94 23.09
v -40.43 129.94 44.24
v -64.10 120.07 43.47
v -40.43 129.94 23.09
v -44.22 139.20 23.09
v -44.30 136.74 42.00
v -40.43 129.94 44.24
v -104.03 105.96 18.43
v -116.24 92.39 18.43
v -123.67 99.08 18.43
v -111.46 112.65 18.43
v -67.19 150.83 12.05
v -71.68 159.76 12.05
v -71.68 159.76 31.13
v -67.19 150.83 31.13
v -137.41 134.01 33.11
v -152.73 116.25 33.11
v -145.16 109.71 33.11
v -129.83 127.48 33.11
v -137.41 134.01 14.09
v -152.73 116.25 14.09
v -152.73 116.25 33.11
v -137.41 134.01 33.11
v -152.73 116.25 14.09
v -145.16 109.71 14.09
v -145.16 109.71 33.11
v -152.73 116.25 33.11

usemtl mat_window_lit
v 140.19 -146.21 68.80
v 144.98 -153.71 68.80
v 144.98 -153.71 80.23
v 140.19 -146.21 82.55
v 139.70 -146.14 82.55
v 145.94 -141.72 82.55
v 152.06 -148.19 80.23
v 144.98 -153.71 80.23
v 144.69 -152.54 88.20
v 150.99 -147.62 88.20
v 146.00 -141.23 88.20
v 139.70 -146.14 88.20
v 152.06 -148.19 80.23
v 145.94 -141.72 82.55
v 146.00 -141.23 88.20
v 150.99 -147.62 88.20
v 145.94 -141.72 82.55
v 139.70 -146.14 82.55
v 139.70 -146.14 88.20
v 146.00 -141.23 88.20
v 139.70 -146.14 82.55
v 144.98 -153.71 80.23
v 144.69 -152.54 88.20
v 139.70 -146.14 88.20
v 144.69 -152.54 88.20
v 150.99 -147.62 88.20
v 148.69 -144.27 93.24
v 142.00 -149.50 93.24
v 139.70 -146.14 88.20
v 142.00 -149.50 93.24
v 148.69 -144.27 93.24
v 146.00 -141.23 88.20
v 144.69 -152.54 88.20
v 142.00 -149.50 93.24
v 139.70 -146.14 88.20
v 150.99 -147.62 88.20
v 146.00 -141.23 88.20
v 148.69 -144.27 93.24
v 147.40 -146.37 88.20
v 146.00 -141.23 88.20
v 148.69 -144.27 93.24
v 147.40 -146.37 91.40
v 146.00 -141.23 88.20
v 147.40 -146.37 88.20
v 147.40 -146.37 91.40
v 148.69 -144.27 93.24
v 164.58 -142.88 68.80
v 169.89 -137.31 68.80
v 175.33 -142.48 68.80
v 170.02 -148.06 68.80
v 174.21 -146.73 81.00
v 175.33 -142.48 80.20
v 169.89 -137.31 80.20
v 164.58 -142.88 80.20
v 170.02 -148.06 68.80
v 175.33 -142.48 68.80
v 175.33 -142.48 80.20
v 174.21 -146.73 81.00
v 175.33 -142.48 68.80
v 169.89 -137.31 68.80
v 169.89 -137.31 80.20
v 175.33 -142.48 80.20
v 169.89 -137.31 68.80
v 164.58 -142.88 68.80
v 164.58 -142.88 80.20
v 169.89 -137.31 80.20
v 164.58 -142.88 68.80
v 170.02 -148.06 68.80
v 174.21 -146.73 81.00
v 164.58 -142.88 80.20
v 164.58 -142.88 68.80
v 169.89 -137.31 68.80
v 169.89 -137.31 80.20
v 164.58 -142.88 80.20
v 169.89 -137.31 68.80
v 164.30 -130.85 68.80
v 164.30 -130.85 80.20
v 169.89 -137.31 80.20
v 164.30 -130.85 68.80
v 157.85 -137.62 68.80
v 157.85 -137.62 80.20
v 164.30 -130.85 80.20
v 157.85 -137.62 68.80
v 164.58 -142.88 68.80
v 164.58 -142.88 80.20
v 157.85 -137.62 80.20
v 157.85 -137.62 80.20
v 164.30 -130.85 80.20
v 169.89 -137.31 80.20
v 164.58 -142.88 80.20
v 164.58 -142.88 80.20
v 169.89 -137.31 80.20
v 164.30 -130.85 80.20
v 157.85 -137.62 80.20
v 170.34 -135.77 84.80
v 164.58 -142.88 80.20
v 166.71 -139.59 91.15
v 160.64 -133.82 91.15
v 166.71 -139.59 91.15
v 157.85 -137.62 80.20
v 164.30 -130.85 80.20
v 160.64 -133.82 91.15
v 164.58 -142.88 80.20
v 157.85 -137.62 80.20
v 166.71 -139.59 91.15
v 170.34 -135.77 84.80
v 160.64 -133.82 91.15
v 164.30 -130.85 80.20
v 161.66 -140.93 74.04
v 162.78 -139.74 74.04
v 162.78 -139.74 76.48
v 161.66 -140.93 76.48
v 162.78 -139.74 74.04
v 161.66 -140.93 74.04
v 161.66 -140.93 76.48
v 162.78 -139.74 76.48
v 157.85 -137.62 68.80
v 164.30 -130.85 68.80
v 162.46 -131.00 76.77
v 157.91 -135.78 76.77
v 164.30 -130.85 68.80
v 156.87 -125.68 68.80
v 156.87 -125.68 76.77
v 162.46 -131.00 76.77
v 156.87 -125.68 68.80
v 152.32 -130.46 68.80
v 152.32 -130.46 76.77
v 156.87 -125.68 76.77
v 152.32 -130.46 68.80
v 157.85 -137.62 68.80
v 157.91 -135.78 76.77
v 152.32 -130.46 76.77
v 157.91 -135.78 76.77
v 162.46 -131.00 76.77
v 160.08 -127.90 82.02
v 154.70 -133.56 82.02
v 152.32 -130.46 76.77
v 154.70 -133.56 82.02
v 160.08 -127.90 82.02
v 156.85 -124.83 76.77
v -106.56 -82.44 62.00
v -104.46 -83.96 62.00
v -104.46 -83.96 86.00
v -106.56 -82.44 86.00
v -104.46 -83.96 62.00
v -99.77 -82.44 62.00
v -99.77 -82.44 86.00
v -104.46 -83.96 86.00
v -99.77 -82.44 62.00
v -98.96 -79.97 62.00
v -98.96 -79.97 86.00
v -99.77 -82.44 86.00
v -98.96 -79.97 86.00
v -101.86 -75.97 86.00
v -106.56 -77.50 86.00
v -106.56 -82.44 86.00
v -104.46 -83.96 86.00
v -99.77 -82.44 86.00
v -98.96 -79.97 86.00
v -101.41 -74.58 86.00
v -103.16 -79.97 92.00
v -101.41 -74.58 86.00
v -106.56 -77.50 86.00
v -103.16 -79.97 92.00
v 131.66 74.08 54.80
v 123.79 78.42 54.80
v 126.69 83.68 54.80
v 134.56 79.33 54.80
v 134.56 79.33 63.53
v 126.69 83.68 63.53
v 123.79 78.42 63.53
v 131.66 74.08 63.53
v 134.56 79.33 54.80
v 126.69 83.68 54.80
v 126.69 83.68 63.53
v 134.56 79.33 63.53
v 126.69 83.68 54.80
v 123.79 78.42 54.80
v 123.79 78.42 63.53
v 126.69 83.68 63.53
v 123.79 78.42 54.80
v 131.66 74.08 54.80
v 131.66 74.08 63.53
v 123.79 78.42 63.53
v 131.66 74.08 54.80
v 134.56 79.33 54.80
v 134.56 79.33 63.53
v 131.66 74.08 63.53
v 126.56 84.15 66.92
v 135.03 79.47 66.92
v 132.05 83.34 73.32
v 127.83 76.27 73.53
v 132.05 83.34 73.32
v 130.09 74.82 68.80
v 123.26 78.61 68.80
v 127.83 76.27 73.53
v 135.03 79.47 66.92
v 130.09 74.82 68.80
v 132.05 83.34 73.32
v 126.56 84.15 66.92
v 127.83 76.27 73.53
v 123.26 78.61 68.80
v 131.53 75.84 59.26
v 128.42 75.84 59.26
v 128.42 75.84 60.93
v 134.56 79.33 63.53
v 128.42 75.84 59.26
v 131.53 75.84 59.26
v 134.56 79.33 63.53
v 128.42 75.84 60.93
v 117.27 106.10 67.64
v 116.58 102.38 72.73
v 115.10 95.37 68.80
v 110.45 108.52 67.64
v 107.95 101.47 67.64
v 108.64 105.20 72.73
v 112.49 101.72 56.00
v 111.89 99.74 59.41
v 111.89 99.74 61.22
v 112.05 100.20 61.22
v 111.89 99.74 59.41
v 112.49 101.72 56.00
v 112.05 100.20 61.22
v 111.89 99.74 61.22
v 112.49 101.72 56.00
v 111.89 99.74 59.41
v 111.89 99.74 61.22
v 112.05 100.20 61.22
v 111.89 99.74 59.41
v 112.49 101.72 56.00
v 112.05 100.20 61.22
v 111.89 99.74 61.22
v 93.81 107.95 64.00
v 83.29 110.77 64.00
v 80.87 111.31 67.37
v 90.92 109.57 67.37
v 83.29 110.77 64.00
v 79.44 104.10 64.00
v 79.54 103.66 67.37
v 80.87 111.31 67.37
v 79.44 104.10 64.00
v 89.30 102.32 63.84
v 89.59 101.91 67.37
v 79.54 103.66 67.37
v 89.30 102.32 63.84
v 93.81 107.95 64.00
v 90.92 109.57 67.37
v 89.59 101.91 67.37
v 80.87 111.31 67.37
v 90.92 109.57 67.37
v 85.94 110.69 73.83
v 84.52 102.54 73.83
v 85.94 110.69 73.83
v 89.59 101.91 67.37
v 79.54 103.66 67.37
v 84.52 102.54 73.83
v 90.92 109.57 67.37
v 89.59 101.91 67.37
v 85.94 110.69 73.83
v 80.87 111.31 67.37
v 84.52 102.54 73.83
v 79.54 103.66 67.37
v 86.96 93.77 54.80
v 79.27 95.11 54.80
v 80.33 101.22 54.80
v 88.02 99.89 54.80
v 87.14 96.40 64.00
v 80.47 100.25 64.00
v 79.27 95.11 63.34
v 86.96 93.77 63.34
v 88.02 99.89 54.80
v 80.33 101.22 54.80
v 80.47 100.25 64.00
v 87.14 96.40 64.00
v 80.33 101.22 54.80
v 79.27 95.11 54.80
v 79.27 95.11 63.34
v 80.47 100.25 64.00
v 81.46 85.30 61.75
v 81.38 84.82 61.75
v 80.33 84.94 68.80
v 81.46 85.30 65.90
v 81.38 84.82 61.75
v 81.46 85.30 61.75
v 81.46 85.30 65.90
v 80.33 84.94 68.80
v 81.50 93.44 68.80
v 81.46 85.30 65.90
v 80.05 89.83 72.18
v 83.94 93.23 73.08
v 81.46 85.30 65.90
v 81.50 93.44 68.80
v 83.94 93.23 73.08
v 80.05 89.83 72.18
v 62.02 103.09 54.80
v 53.98 103.09 54.80
v 53.98 109.42 54.80
v 62.02 109.42 54.80
v 62.02 109.42 62.74
v 53.98 109.42 62.74
v 53.98 103.09 62.74
v 62.02 103.09 62.74
v 53.69 93.26 54.80
v 62.31 93.26 54.80
v 62.31 93.26 62.80
v 53.69 93.26 62.80
v 62.31 93.26 54.80
v 62.02 103.09 54.80
v 62.02 103.09 62.74
v 62.31 93.26 62.80
v 53.98 103.09 62.74
v 62.02 103.09 62.74
v 58.12 100.33 68.80
v 58.12 91.87 68.80
v 58.12 100.33 68.80
v 62.31 93.26 62.80
v 53.69 93.26 62.80
v 58.12 91.87 68.80
v 62.02 103.09 62.74
v 62.31 93.26 62.80
v 58.12 100.33 68.80
v 53.98 103.09 62.74
v 58.12 91.87 68.80
v 53.69 93.26 62.80
v 27.56 101.12 54.80
v 35.64 102.52 54.80
v 35.64 102.52 66.23
v 27.56 101.12 66.23
v 35.64 102.52 54.80
v 34.37 109.85 54.80
v 34.37 109.85 66.23
v 35.64 102.52 66.23
v 26.29 108.44 66.23
v 34.86 110.54 66.23
v 30.23 109.74 71.81
v 31.71 101.23 71.81
v 30.23 109.74 71.81
v 35.64 102.52 66.23
v 27.56 101.12 66.23
v 31.71 101.23 71.81
v 34.86 110.54 66.23
v 35.64 102.52 66.23
v 30.23 109.74 71.81
v 26.29 108.44 66.23
v 31.71 101.23 71.81
v 27.56 101.12 66.23
v 30.21 102.25 59.13
v 28.84 102.01 59.13
v 28.84 102.01 60.65
v 32.70 103.86 62.00
v 28.84 102.01 59.13
v 30.21 102.25 59.13
v 32.70 103.86 62.00
v 28.84 102.01 60.65
v 36.56 92.84 54.80
v 29.96 91.70 54.80
v 27.56 101.12 54.80
v 35.64 102.52 54.80
v 35.64 102.52 66.23
v 27.56 101.12 66.23
v 29.96 91.70 66.94
v 35.57 90.99 68.80
v 35.64 102.52 54.80
v 27.56 101.12 54.80
v 27.56 101.12 66.23
v 35.64 102.52 66.23
v 27.56 101.12 54.80
v 29.96 91.70 54.80
v 29.96 91.70 66.94
v 27.56 101.12 66.23
v 29.96 91.70 54.80
v 36.56 92.84 54.80
v 35.57 90.99 68.80
v 29.96 91.70 66.94
v 36.56 92.84 54.80
v 35.64 102.52 54.80
v 35.64 102.52 66.23
v 35.57 90.99 68.80
v 35.57 90.99 68.80
v 29.96 91.70 66.94
v 27.56 101.12 66.23
v 35.64 102.52 66.23
v 36.90 103.86 70.00
v 28.11 100.31 71.86
v 29.68 91.29 71.86
v 37.48 93.12 72.96
v 35.64 102.52 66.23
v 27.56 101.12 66.23
v 28.11 100.31 71.86
v 36.90 103.86 70.00
v 27.56 101.12 66.23
v 29.96 91.70 66.94
v 29.68 91.29 71.86
v 28.11 100.31 71.86
v 35.57 90.99 68.80
v 29.96 91.70 66.94
v 29.68 91.29 71.86
v 37.48 93.12 72.96
v 29.96 91.70 66.94
v 31.09 82.55 67.86
v 30.81 82.14 73.19
v 29.68 91.29 71.86
v 31.09 82.55 67.86
v 36.81 83.86 68.80
v 39.03 84.88 74.86
v 30.81 82.14 73.19
v 36.81 83.86 68.80
v 35.57 90.99 68.80
v 37.48 93.12 72.96
v 39.03 84.88 74.86
v 37.48 93.12 72.96
v 29.68 91.29 71.86
v 29.77 86.63 78.97
v 38.45 88.14 78.97
v 39.03 84.88 74.86
v 38.45 88.14 78.97
v 29.77 86.63 78.97
v 30.81 82.14 73.19
v 37.48 93.12 72.96
v 38.45 88.14 78.97
v 39.03 84.88 74.86
v 29.68 91.29 71.86
v 30.81 82.14 73.19
v 29.77 86.63 78.97
v 8.04 102.92 54.80
v 0.33 100.18 54.80
v -2.00 106.75 54.80
v 5.71 109.49 54.80
v 5.71 109.49 69.19
v -2.00 106.75 69.19
v 0.33 100.18 69.19
v 8.04 102.92 69.19
v 5.71 109.49 54.80
v -2.00 106.75 54.80
v -2.00 106.75 69.19
v 5.71 109.49 69.19
v -2.00 106.75 54.80
v 0.33 100.18 54.80
v 0.33 100.18 69.19
v -2.00 106.75 69.19
v 0.33 100.18 54.80
v 8.04 102.92 54.80
v 8.04 102.92 69.19
v 0.33 100.18 69.19
v 8.04 102.92 54.80
v 5.71 109.49 54.80
v 5.71 109.49 69.19
v 8.04 102.92 69.19
v -2.00 106.75 69.19
v 6.07 110.25 69.19
v 1.65 108.69 74.75
v 4.39 100.98 74.75
v 1.65 108.69 74.75
v 8.04 102.92 69.19
v -0.03 99.42 69.19
v 4.39 100.98 74.75
v 6.07 110.25 69.19
v 8.04 102.92 69.19
v 1.65 108.69 74.75
v -2.00 106.75 69.19
v 4.39 100.98 74.75
v -0.03 99.42 69.19
v 2.20 101.94 59.72
v 5.16 101.48 59.72
v 5.16 101.48 61.84
v 2.20 101.94 61.84
v 5.16 101.48 59.72
v 2.20 101.94 59.72
v 2.20 101.94 61.84
v 5.16 101.48 61.84
v 2.20 101.94 61.84
v 5.16 101.48 61.84
v 8.04 102.92 69.19
v 0.33 100.18 69.19
v 5.16 101.48 61.84
v 2.20 101.94 61.84
v 0.33 100.18 69.19
v 8.04 102.92 69.19
v 5.71 109.49 69.19
v 4.67 106.42 69.19
v 1.65 108.69 74.75
v 5.70 106.78 72.39
v 4.67 106.42 69.19
v 5.71 109.49 69.19
v 5.70 106.78 72.39
v 1.65 108.69 74.75
v 7.31 82.75 54.80
v 13.62 84.99 54.80
v 14.05 82.82 68.80
v 7.31 82.75 68.66
v 13.62 84.99 54.80
v 11.44 93.66 54.80
v 11.09 91.35 68.80
v 14.05 82.82 68.80
v 14.05 82.82 68.80
v 7.31 82.75 68.66
v 4.78 88.84 68.66
v 11.09 91.35 68.80
v 12.87 93.04 73.35
v 4.78 88.84 74.36
v 7.10 82.31 74.36
v 14.40 84.05 73.93
v 11.09 91.35 68.80
v 4.78 88.84 68.66
v 4.78 88.84 74.36
v 12.87 93.04 73.35
v 4.78 88.84 68.66
v 7.31 82.75 68.66
v 7.10 82.31 74.36
v 4.78 88.84 74.36
v 7.31 82.75 68.66
v 14.05 82.82 68.80
v 14.40 84.05 73.93
v 7.10 82.31 74.36
v 14.05 82.82 68.80
v 11.09 91.35 68.80
v 12.87 93.04 73.35
v 14.40 84.05 73.93
v 4.78 88.84 74.36
v 12.87 93.04 73.35
v 8.18 90.32 78.91
v 14.05 82.82 79.83
v 8.18 90.32 78.91
v 14.40 84.05 73.93
v 7.10 82.31 74.36
v 14.05 82.82 79.83
v 12.87 93.04 73.35
v 14.40 84.05 73.93
v 8.18 90.32 78.91
v 4.78 88.84 74.36
v 14.05 82.82 79.83
v 7.10 82.31 74.36
v 14.05 82.82 68.80
v 7.31 82.75 68.66
v 7.10 82.31 74.36
v 14.40 84.05 73.93
v 7.31 82.75 68.66
v 14.05 82.82 68.80
v 14.40 84.05 73.93
v 7.10 82.31 74.36
v -21.30 100.70 54.80
v -27.32 97.38 54.80
v -30.38 102.93 54.80
v -24.37 106.25 54.80
v -24.37 106.25 69.48
v -30.38 102.93 69.48
v -27.32 97.38 69.48
v -21.30 100.70 69.48
v -24.37 106.25 54.80
v -30.38 102.93 54.80
v -30.38 102.93 69.48
v -24.37 106.25 69.48
v -30.38 102.93 54.80
v -27.32 97.38 54.80
v -27.32 97.38 69.48
v -30.38 102.93 69.48
v -17.80 79.39 54.80
v -11.15 83.07 54.80
v -11.15 83.07 66.03
v -17.80 79.39 66.03
v -11.15 83.07 54.80
v -14.36 88.90 54.80
v -12.56 87.76 68.80
v -11.15 83.07 66.03
v -11.15 83.07 66.03
v -17.80 79.39 66.03
v -22.29 87.85 68.40
v -12.56 87.76 68.80
v -12.40 89.45 73.37
v -21.50 85.36 70.55
v -17.94 78.92 70.55
v -10.67 82.93 70.55
v -12.56 87.76 68.80
v -22.29 87.85 68.40
v -21.50 85.36 70.55
v -12.40 89.45 73.37
v -22.29 87.85 68.40
v -17.80 79.39 66.03
v -17.94 78.92 70.55
v -21.50 85.36 70.55
v -14.36 81.47 59.99
v -16.92 81.47 59.99
v -16.92 81.47 62.38
v -14.36 81.47 62.38
v -16.92 81.47 59.99
v -14.36 81.47 59.99
v -14.36 81.47 62.38
v -16.92 81.47 62.38
v -14.36 81.47 62.38
v -16.92 81.47 62.38
v -16.92 81.47 67.16
v -11.15 83.07 66.03
v -16.92 81.47 62.38
v -14.36 81.47 62.38
v -11.15 83.07 66.03
v -16.92 81.47 67.16
v -48.59 93.01 54.80
v -54.27 88.60 54.80
v -58.05 93.46 54.80
v -52.37 97.88 54.80
v -52.37 97.88 66.18
v -58.05 93.46 66.18
v -54.27 88.60 66.18
v -48.59 93.01 66.18
v -54.20 90.84 59.12
v -55.14 90.11 59.12
v -55.14 90.11 60.63
v -54.20 90.84 60.63
v -55.14 90.11 59.12
v -54.84 89.72 59.12
v -54.84 89.72 60.63
v -55.14 90.11 60.63
v -54.84 89.72 59.12
v -54.20 90.84 59.12
v -54.20 90.84 60.63
v -54.84 89.72 60.63
v -54.20 90.84 59.12
v -54.84 89.72 59.12
v -54.84 89.72 60.63
v -54.20 90.84 60.63
v -54.84 89.72 59.12
v -54.20 90.84 59.12
v -54.20 90.84 60.63
v -54.84 89.72 60.63
v -54.20 90.84 60.63
v -54.84 89.72 60.63
v -55.14 90.11 60.63
v -54.27 88.60 66.18
v -44.45 81.82 75.40
v -47.97 79.84 65.63
v -47.81 82.34 59.87
v -44.80 81.95 59.87
v -44.80 81.95 62.15
v -47.81 82.34 62.15
v -44.80 81.95 59.87
v -47.81 82.34 59.87
v -47.81 82.34 62.15
v -44.80 81.95 62.15
v -47.81 82.34 62.15
v -44.80 81.95 62.15
v -41.66 84.75 65.63
v -47.81 82.34 66.69
v -44.80 81.95 62.15
v -47.81 82.34 62.15
v -47.81 82.34 66.69
v -41.66 84.75 65.63
v -35.60 76.16 54.80
v -41.15 71.86 54.80
v -47.97 79.84 54.80
v -39.58 81.28 54.80
v -79.44 81.16 74.79
v -69.88 79.08 68.67
v -76.93 72.56 68.67
v -74.12 79.00 70.00
v -75.90 83.99 68.67
v -69.88 79.08 68.67
v -79.44 81.16 74.79
v -82.10 77.49 68.67
v -74.12 79.00 70.00
v -76.93 72.56 68.67
v -77.61 75.56 59.62
v -78.69 74.43 59.62
v -78.69 74.43 61.63
v -77.61 75.56 61.63
v -78.69 74.43 59.62
v -77.61 75.56 59.62
v -77.61 75.56 61.63
v -78.69 74.43 61.63
v -74.12 79.00 58.23
v -78.69 74.43 59.62
v -78.69 74.43 61.63
v -74.50 75.56 61.63
v -78.69 74.43 59.62
v -74.12 79.00 58.23
v -74.50 75.56 61.63
v -78.69 74.43 61.63
v -77.61 75.56 61.63
v -78.69 74.43 61.63
v -76.93 72.56 68.67
v -77.61 75.56 65.66
v -78.69 74.43 61.63
v -77.61 75.56 61.63
v -77.61 75.56 65.66
v -76.93 72.56 68.67
v -74.50 75.56 61.63
v -78.69 74.43 61.63
v -76.93 72.56 68.67
v -70.73 79.06 68.67
v -78.69 74.43 61.63
v -74.50 75.56 61.63
v -70.73 79.06 68.67
v -76.93 72.56 68.67
v -73.91 80.32 68.67
v -70.73 79.06 68.67
v -74.12 79.00 70.00
v -73.91 80.32 71.88
v -63.70 70.83 54.80
v -68.81 75.70 54.80
v -68.81 75.70 63.26
v -63.70 70.83 63.26
v -68.81 75.70 63.26
v -73.49 70.79 63.26
v -71.35 67.92 68.06
v -65.84 73.70 68.06
v -63.70 70.83 63.26
v -65.84 73.70 68.06
v -71.35 67.92 68.06
v -68.38 65.92 63.26
v -68.81 75.70 63.26
v -65.84 73.70 68.06
v -63.70 70.83 63.26
v -73.49 70.79 63.26
v -68.38 65.92 63.26
v -71.35 67.92 68.06
v -55.23 64.47 54.80
v -61.63 57.76 54.80
v -66.31 62.22 54.80
v -59.91 68.93 54.80
v -95.04 64.01 62.53
v -96.44 57.60 63.24
v -93.41 54.13 62.53
v -89.28 59.89 62.53
v -95.04 64.01 54.80
v -99.16 58.26 54.80
v -96.44 57.60 63.24
v -95.04 64.01 62.53
v -99.16 58.26 54.80
v -93.41 54.13 54.80
v -93.41 54.13 62.53
v -96.44 57.60 63.24
v -93.41 54.13 54.80
v -89.28 59.89 54.80
v -89.28 59.89 62.53
v -93.41 54.13 62.53
v -89.28 59.89 54.80
v -95.04 64.01 54.80
v -95.04 64.01 62.53
v -89.28 59.89 62.53
v -95.04 64.01 62.53
v -96.44 57.60 63.24
v -96.63 55.71 67.35
v -91.81 62.44 67.35
v -88.45 60.03 62.53
v -91.81 62.44 67.35
v -96.63 55.71 67.35
v -93.41 54.13 62.53
v -95.04 64.01 62.53
v -91.81 62.44 67.35
v -88.45 60.03 62.53
v -96.44 57.60 63.24
v -93.41 54.13 62.53
v -96.63 55.71 67.35
v -95.25 56.28 58.39
v -94.86 55.99 58.39
v -94.86 55.99 60.74
v -96.44 57.60 63.24
v -94.86 55.99 58.39
v -95.25 56.28 58.39
v -96.44 57.60 63.24
v -94.86 55.99 60.74
v -79.81 54.59 54.80
v -85.34 46.87 54.80
v -93.41 54.13 54.80
v -89.28 59.89 54.80
v -85.46 59.07 66.17
v -91.40 50.78 66.17
v -85.26 46.38 66.17
v -76.04 53.25 68.80
v -89.28 59.89 62.53
v -93.41 54.13 62.53
v -91.40 50.78 66.17
v -85.46 59.07 66.17
v -93.41 54.13 62.53
v -85.34 46.87 63.02
v -85.26 46.38 66.17
v -91.40 50.78 66.17
v -85.34 46.87 63.02
v -79.81 54.59 63.02
v -76.04 53.25 68.80
v -85.26 46.38 66.17
v -79.81 54.59 63.02
v -89.28 59.89 62.53
v -85.46 59.07 66.17
v -76.04 53.25 68.80
v -91.40 50.78 66.17
v -85.46 59.07 66.17
v -88.64 55.07 72.63
v -82.09 50.38 72.63
v -80.50 46.78 70.00
v -75.45 40.58 70.36
v -79.04 42.84 75.64
v -77.59 43.28 59.95
v -74.68 42.99 59.95
v -74.68 42.99 62.30
v -77.59 43.28 62.30
v -74.68 42.99 59.95
v -77.59 43.28 59.95
v -77.59 43.28 62.30
v -74.68 42.99 62.30
v -77.59 43.28 62.30
v -74.68 42.99 62.30
v -74.68 42.99 67.01
v -75.53 41.07 65.91
v -74.68 42.99 62.30
v -77.59 43.28 62.30
v -75.53 41.07 65.91
v -74.68 42.99 67.01
v -103.33 40.35 54.80
v -107.15 33.15 54.80
v -113.77 36.67 54.80
v -109.95 43.87 54.80
v -109.95 43.87 69.24
v -113.77 36.67 69.24
v -107.15 33.15 69.24
v -103.33 40.35 69.24
v -109.95 43.87 54.80
v -113.77 36.67 54.80
v -113.77 36.67 69.24
v -109.95 43.87 69.24
v -113.77 36.67 54.80
v -107.15 33.15 54.80
v -107.15 33.15 69.24
v -113.77 36.67 69.24
v -107.15 33.15 54.80
v -103.33 40.35 54.80
v -103.33 40.35 69.24
v -107.15 33.15 69.24
v -103.33 40.35 54.80
v -109.95 43.87 54.80
v -109.95 43.87 69.24
v -103.33 40.35 69.24
v -103.33 40.35 69.24
v -107.15 33.15 69.24
v -113.77 36.67 69.24
v -110.10 44.34 69.24
v -110.10 44.34 75.19
v -114.25 36.53 75.19
v -107.01 32.68 75.19
v -102.86 40.49 75.19
v -110.10 44.34 69.24
v -113.77 36.67 69.24
v -114.25 36.53 75.19
v -110.10 44.34 75.19
v -113.77 36.67 69.24
v -107.15 33.15 69.24
v -107.01 32.68 75.19
v -114.25 36.53 75.19
v -107.15 33.15 69.24
v -103.33 40.35 69.24
v -102.86 40.49 75.19
v -107.01 32.68 75.19
v -103.33 40.35 69.24
v -110.10 44.34 69.24
v -110.10 44.34 75.19
v -102.86 40.49 75.19
v -114.25 36.53 75.19
v -110.10 44.34 75.19
v -112.39 40.55 80.73
v -104.71 36.47 80.73
v -112.39 40.55 80.73
v -102.86 40.49 75.19
v -107.01 32.68 75.19
v -104.71 36.47 80.73
v -110.10 44.34 75.19
v -102.86 40.49 75.19
v -112.39 40.55 80.73
v -114.25 36.53 75.19
v -104.71 36.47 80.73
v -107.01 32.68 75.19
v -109.83 35.61 67.56
v -110.48 34.39 67.56
v -110.48 34.39 70.87
v -109.83 35.61 70.87
v -110.48 34.39 67.56
v -109.83 35.61 67.56
v -109.83 35.61 70.87
v -110.48 34.39 70.87
v -109.83 35.61 67.56
v -107.15 33.15 69.24
v -106.97 34.31 70.00
v -109.83 35.61 70.87
v -104.57 31.41 73.53
v -94.99 31.30 79.04
v -96.03 29.37 70.00
v -99.70 30.20 60.59
v -100.78 29.21 60.59
v -100.13 30.43 60.59
v -100.13 30.43 60.59
v -100.78 29.21 60.59
v -99.70 30.20 60.59
v -99.70 30.20 66.56
v -100.78 29.21 66.56
v -104.10 31.55 68.09
v -104.10 31.55 68.09
v -100.78 29.21 66.56
v -99.70 30.20 66.56
v -83.59 30.37 54.80
v -87.84 22.38 54.80
v -94.74 26.05 54.80
v -90.49 34.03 54.80
v -112.38 11.30 59.64
v -109.64 9.83 59.64
v -106.85 7.18 64.00
v -110.11 10.44 64.00
v -109.64 9.83 59.64
v -109.61 11.30 59.64
v -109.61 11.30 61.69
v -106.85 7.18 64.00
v -110.11 10.44 64.00
v -110.97 9.67 63.75
v -112.41 9.83 65.77
v -112.38 11.30 65.77
v -110.97 9.67 63.75
v -110.11 10.44 64.00
v -112.38 11.30 65.77
v -112.41 9.83 65.77
v -109.61 11.30 61.69
v -106.85 7.18 64.00
v -110.11 10.44 64.00
v -109.61 11.30 65.77
v -112.38 11.30 65.77
v -107.96 5.18 68.80
v -129.67 -8.68 54.80
v -118.61 -11.55 54.80
v -118.61 -11.55 62.84
v -126.05 -9.74 62.84
v -118.61 -11.55 54.80
v -116.58 -3.18 54.80
v -119.01 -4.98 64.00
v -118.61 -11.55 62.84
v -116.58 -3.18 54.80
v -124.02 -1.37 54.80
v -123.30 -4.09 63.75
v -119.01 -4.98 64.00
v -119.01 -4.98 64.00
v -118.61 -11.55 62.84
v -126.47 -10.00 62.84
v -123.30 -4.09 63.75
v -124.28 -0.95 65.91
v -126.47 -10.00 65.91
v -118.35 -11.97 65.91
v -116.15 -2.92 65.91
v -123.30 -4.09 63.75
v -126.47 -10.00 62.84
v -126.47 -10.00 65.91
v -124.28 -0.95 65.91
v -123.21 -10.83 59.06
v -119.77 -10.94 59.06
v -118.61 -11.55 62.84
v -123.21 -10.83 60.52
v -119.77 -10.94 59.06
v -119.89 -9.39 59.06
v -119.89 -9.39 60.52
v -118.61 -11.55 62.84
v -119.89 -9.39 60.52
v -118.61 -11.55 62.84
v -123.21 -10.83 60.52
v -119.89 -9.39 60.52
v -123.21 -10.83 60.52
v -118.61 -11.55 62.84
v -105.96 -6.48 54.80
v -107.66 -13.48 54.80
v -114.50 -11.82 54.80
v -112.80 -4.82 54.80
v -111.31 -4.37 63.75
v -114.50 -11.82 64.40
v -107.66 -13.48 64.40
v -105.96 -6.48 64.40
v -141.72 -22.42 54.80
v -142.62 -29.98 54.80
v -142.62 -29.98 63.53
v -141.72 -22.42 63.53
v -142.62 -29.98 54.80
v -134.97 -30.89 54.80
v -134.08 -34.03 63.00
v -142.62 -29.98 63.53
v -134.97 -30.89 54.80
v -134.07 -23.33 54.80
v -134.07 -23.33 63.53
v -134.08 -34.03 63.00
v -134.07 -23.33 54.80
v -141.72 -22.42 54.80
v -141.72 -22.42 63.53
v -134.07 -23.33 63.53
v -141.72 -22.42 63.53
v -143.29 -30.51 63.53
v -138.87 -31.04 68.77
v -137.83 -22.28 68.77
v -134.07 -23.33 63.53
v -137.83 -22.28 68.77
v -138.87 -31.04 68.77
v -134.08 -34.03 63.00
v -124.06 -31.63 54.80
v -123.29 -25.17 54.80
v -123.29 -25.17 65.56
v -124.06 -31.63 65.56
v -123.29 -25.17 54.80
v -129.78 -24.40 54.80
v -129.78 -24.40 65.56
v -123.29 -25.17 65.56
v -130.30 -23.73 65.56
v -130.55 -30.86 65.56
v -127.37 -31.84 70.01
v -126.46 -24.19 70.01
v -122.62 -24.64 65.56
v -126.46 -24.19 70.01
v -127.37 -31.84 70.01
v -124.06 -31.63 65.56
v -130.30 -23.73 65.56
v -126.46 -24.19 70.01
v -122.62 -24.64 65.56
v -130.55 -30.86 65.56
v -124.06 -31.63 65.56
v -127.37 -31.84 70.01
v -141.28 -54.43 73.86
v -141.28 -45.57 73.86
v -141.53 -50.00 79.40
v -132.59 -50.00 79.40
v -141.53 -50.00 79.40
v -132.84 -45.57 73.86
v -132.84 -54.43 73.86
v -132.59 -50.00 79.40
v -141.28 -45.57 73.86
v -132.84 -45.57 73.86
v -141.53 -50.00 79.40
v -141.28 -54.43 73.86
v -132.59 -50.00 79.40
v -132.84 -54.43 73.86
v -135.26 -48.13 73.86
v -132.84 -45.57 73.86
v -132.59 -50.00 79.40
v -135.26 -48.13 77.06
v -132.84 -45.57 73.86
v -135.26 -48.13 73.86
v -135.26 -48.13 77.06
v -132.59 -50.00 79.40
v -133.19 -54.08 68.31
v -133.19 -45.92 68.31
v -132.84 -45.57 73.86
v -120.95 -50.00 73.54
v -132.84 -45.57 73.86
v -121.20 -45.48 67.87
v -121.20 -54.52 67.87
v -120.95 -50.00 73.54
v -133.19 -45.92 68.31
v -121.20 -45.48 67.87
v -132.84 -45.57 73.86
v -133.19 -54.08 68.31
v -120.95 -50.00 73.54
v -121.20 -54.52 67.87
v -110.24 -46.48 54.80
v -110.24 -53.52 54.80
v -118.47 -53.52 54.80
v -118.47 -46.48 54.80
v -118.47 -46.48 65.96
v -118.47 -53.52 65.96
v -110.24 -53.52 65.96
v -110.24 -46.48 65.96
v -134.00 -68.62 71.22
v -126.62 -67.74 71.22
v -133.75 -72.80 76.42
v -133.01 -76.92 71.22
v -125.87 -71.86 76.42
v -125.63 -76.04 71.22
v -115.17 -67.18 54.80
v -114.37 -73.91 54.80
v -122.59 -74.88 54.80
v -123.39 -68.15 54.80
v -123.39 -68.15 66.67
v -122.59 -74.88 66.67
v -114.37 -73.91 66.67
v -115.17 -67.18 66.67
v -123.39 -68.15 54.80
v -122.59 -74.88 54.80
v -122.59 -74.88 66.67
v -123.39 -68.15 66.67
v -122.59 -74.88 54.80
v -114.37 -73.91 54.80
v -114.37 -73.91 66.67
v -122.59 -74.88 66.67
v -124.95 -91.01 54.80
v -123.39 -97.45 54.80
v -123.39 -97.45 65.31
v -124.95 -91.01 65.31
v -123.39 -97.45 54.80
v -116.20 -95.70 54.80
v -116.20 -95.70 65.31
v -123.39 -97.45 65.31
v -116.20 -95.70 54.80
v -117.76 -89.27 54.80
v -117.76 -89.27 65.31
v -116.20 -95.70 65.31
v -117.76 -89.27 54.80
v -124.95 -91.01 54.80
v -124.95 -91.01 65.31
v -117.76 -89.27 65.31
v -125.68 -90.57 65.31
v -123.39 -97.45 65.31
v -119.65 -97.16 70.34
v -121.50 -89.56 70.34
v -117.76 -89.27 65.31
v -121.50 -89.56 70.34
v -119.65 -97.16 70.34
v -116.20 -95.70 65.31
v -107.55 -116.23 54.80
v -110.00 -109.74 54.80
v -110.00 -109.74 66.07
v -107.55 -116.23 66.07
v -110.00 -109.74 54.80
v -116.91 -112.34 54.80
v -116.91 -112.34 66.07
v -110.00 -109.74 66.07
v -110.00 -109.74 66.07
v -107.55 -116.23 66.07
v -114.45 -118.83 66.07
v -116.91 -112.34 66.07
v -117.36 -112.14 70.60
v -114.66 -119.28 70.60
v -107.10 -116.43 70.60
v -109.80 -109.28 70.60
v -116.91 -112.34 66.07
v -114.45 -118.83 66.07
v -114.66 -119.28 70.60
v -117.36 -112.14 70.60
v -114.45 -118.83 66.07
v -107.55 -116.23 66.07
v -107.10 -116.43 70.60
v -114.66 -119.28 70.60
v -100.07 -104.83 54.80
v -96.86 -113.34 54.80
v -104.57 -116.25 54.80
v -110.00 -109.74 54.80
v -110.00 -109.74 66.07
v -104.57 -116.25 67.20
v -96.86 -113.34 67.20
v -100.07 -104.83 67.20
v -110.00 -109.74 54.80
v -104.57 -116.25 54.80
v -104.57 -116.25 67.20
v -110.00 -109.74 66.07
v -104.57 -116.25 54.80
v -96.86 -113.34 54.80
v -96.86 -113.34 67.20
v -104.57 -116.25 67.20
v -96.86 -113.34 54.80
v -100.07 -104.83 54.80
v -100.07 -104.83 67.20
v -96.86 -113.34 67.20
v -100.07 -104.83 54.80
v -110.00 -109.74 54.80
v -110.00 -109.74 66.07
v -100.07 -104.83 67.20
v -104.57 -116.25 67.20
v -110.00 -109.74 66.07
v -109.44 -113.32 70.60
v -97.90 -108.87 73.38
v -109.44 -113.32 70.60
v -99.72 -104.06 67.20
v -96.86 -113.34 67.20
v -97.90 -108.87 73.38
v -110.00 -109.74 66.07
v -99.72 -104.06 67.20
v -109.44 -113.32 70.60
v -104.57 -116.25 67.20
v -97.90 -108.87 73.38
v -96.86 -113.34 67.20
v -104.41 -113.89 59.32
v -103.85 -115.37 59.32
v -103.85 -115.37 61.04
v -104.41 -113.89 61.04
v -103.85 -115.37 59.32
v -104.41 -113.89 59.32
v -104.41 -113.89 61.04
v -103.85 -115.37 61.04
v -95.58 -135.21 61.38
v -96.15 -134.15 61.38
v -96.15 -134.15 65.16
v -99.42 -137.37 67.72
v -93.73 -134.15 61.38
v -93.17 -135.21 61.38
v -93.17 -135.21 65.16
v -93.73 -134.15 65.16
v -93.17 -135.21 61.38
v -93.73 -134.15 61.38
v -93.73 -134.15 65.16
v -93.17 -135.21 65.16
v -83.00 -120.82 54.80
v -79.59 -127.23 54.80
v -89.50 -132.48 54.80
v -90.45 -124.78 54.80
v -90.45 -124.78 62.76
v -87.43 -132.64 64.39
v -79.59 -127.23 62.76
v -80.29 -122.99 64.39
v -90.45 -124.78 54.80
v -89.50 -132.48 54.80
v -87.43 -132.64 64.39
v -90.45 -124.78 62.76
v -89.50 -132.48 54.80
v -79.59 -127.23 54.80
v -79.59 -127.23 62.76
v -87.43 -132.64 64.39
v -79.59 -127.23 54.80
v -83.00 -120.82 54.80
v -80.29 -122.99 64.39
v -79.59 -127.23 62.76
v -83.00 -120.82 54.80
v -90.45 -124.78 54.80
v -90.45 -124.78 62.76
v -80.29 -122.99 64.39
v -80.29 -122.99 64.39
v -79.59 -127.23 62.76
v -87.43 -132.64 64.39
v -90.45 -124.78 62.76
v -90.92 -124.63 65.81
v -89.50 -132.48 68.05
v -79.11 -127.38 65.81
v -82.35 -120.23 68.80
v -90.45 -124.78 62.76
v -87.43 -132.64 64.39
v -89.50 -132.48 68.05
v -90.92 -124.63 65.81
v -87.43 -132.64 64.39
v -79.59 -127.23 62.76
v -79.11 -127.38 65.81
v -89.50 -132.48 68.05
v -79.59 -127.23 62.76
v -80.29 -122.99 64.39
v -82.35 -120.23 68.80
v -79.11 -127.38 65.81
v -80.29 -122.99 64.39
v -90.45 -124.78 62.76
v -90.92 -124.63 65.81
v -82.35 -120.23 68.80
v -90.92 -124.63 65.81
v -89.50 -132.48 68.05
v -83.03 -129.74 71.55
v -87.01 -122.27 71.55
v -82.35 -120.23 68.80
v -87.01 -122.27 71.55
v -83.03 -129.74 71.55
v -79.11 -127.38 65.81
v -90.92 -124.63 65.81
v -87.01 -122.27 71.55
v -82.35 -120.23 68.80
v -89.50 -132.48 68.05
v -79.11 -127.38 65.81
v -83.03 -129.74 71.55
v -86.73 -129.68 59.04
v -86.17 -130.75 59.04
v -87.43 -132.64 64.39
v -86.73 -129.68 60.48
v -86.17 -130.75 59.04
v -86.73 -129.68 59.04
v -86.73 -129.68 60.48
v -87.43 -132.64 64.39
v -84.31 -129.68 59.04
v -83.74 -130.75 59.04
v -83.74 -130.75 60.48
v -84.31 -129.68 60.48
v -83.74 -130.75 59.04
v -84.31 -129.68 59.04
v -84.31 -129.68 60.48
v -83.74 -130.75 60.48
v -77.58 -152.20 54.80
v -82.36 -145.53 54.80
v -82.36 -145.53 63.13
v -77.58 -152.20 63.13
v 29.39 119.04 70.00
v 24.80 117.86 72.00
v 29.39 114.53 78.00
v 24.80 117.86 72.00
v 23.72 114.53 72.00
v 29.39 114.53 78.00
v 23.72 114.53 72.00
v 25.37 107.73 70.00
v 29.39 114.53 78.00
v 25.37 107.73 70.00
v 30.23 109.74 71.81
v 29.39 114.53 78.00
v 30.23 109.74 71.81
v 33.59 114.53 72.00
v 29.39 114.53 78.00
v 33.59 114.53 72.00
v 35.06 114.53 72.00
v 29.39 114.53 78.00
v -114.04 43.66 48.00
v -114.85 46.13 48.00
v -114.85 46.13 72.00
v -114.04 43.66 72.00
v -114.85 46.13 48.00
v -116.95 47.66 48.00
v -116.95 47.66 72.00
v -114.85 46.13 72.00
v -116.95 47.66 48.00
v -121.64 46.13 48.00
v -121.64 46.13 72.00
v -116.95 47.66 72.00
v -121.64 46.13 48.00
v -122.44 43.66 48.00
v -122.44 43.66 72.00
v -121.64 46.13 72.00
v -122.44 43.66 48.00
v -119.54 39.67 48.00
v -119.54 39.67 72.00
v -122.44 43.66 72.00
v -119.54 39.67 48.00
v -114.04 43.66 48.00
v -114.04 43.66 72.00
v -119.54 39.67 72.00
v 176.22 69.30 55.48
v 171.64 74.04 55.48
v 174.79 72.98 62.00
v 176.89 66.52 62.00
v 171.64 74.04 55.48
v 166.53 69.09 55.48
v 166.03 69.10 61.54
v 174.79 72.98 62.00
v 166.53 69.09 55.48
v 171.11 64.35 55.48
v 171.10 63.86 61.54
v 166.03 69.10 61.54
v 171.11 64.35 55.48
v 176.22 69.30 55.48
v 176.89 66.52 62.00
v 171.10 63.86 61.54
v 176.89 66.52 62.00
v 174.79 72.98 62.00
v 168.67 72.00 66.38
v 171.57 69.09 68.80
v 171.10 63.86 61.54
v 171.57 69.09 68.80
v 168.67 72.00 66.38
v 166.03 69.10 61.54
v 155.93 88.90 45.29
v 154.97 89.64 45.29
v 154.97 89.64 50.37
v 157.51 87.38 53.06
v 154.97 89.64 45.29
v 155.93 88.90 45.29
v 157.51 87.38 53.06
v 154.97 89.64 50.37
v 150.31 78.16 40.80
v 144.71 82.45 40.80
v 149.05 88.10 40.80
v 154.64 83.80 40.80
v 154.83 81.37 54.80
v 149.05 88.10 53.65
v 144.71 82.45 53.65
v 150.28 75.52 54.80
v 154.64 83.80 40.80
v 149.05 88.10 40.80
v 149.05 88.10 53.65
v 154.83 81.37 54.80
v 149.05 88.10 40.80
v 144.71 82.45 40.80
v 144.71 82.45 53.65
v 149.05 88.10 53.65
v 144.71 82.45 40.80
v 150.31 78.16 40.80
v 150.28 75.52 54.80
v 144.71 82.45 53.65
v 150.31 78.16 40.80
v 154.64 83.80 40.80
v 154.83 81.37 54.80
v 150.28 75.52 54.80
v 150.28 75.52 54.80
v 144.71 82.45 53.65
v 149.05 88.10 53.65
v 156.76 83.42 54.80
v 158.40 83.63 56.00
v 148.98 88.59 58.90
v 144.22 82.39 58.90
v 150.38 77.67 58.90
v 156.76 83.42 54.80
v 149.05 88.10 53.65
v 148.98 88.59 58.90
v 158.40 83.63 56.00
v 149.05 88.10 53.65
v 144.71 82.45 53.65
v 144.22 82.39 58.90
v 148.98 88.59 58.90
v 126.69 104.02 40.80
v 133.44 100.34 40.80
v 133.44 100.34 53.57
v 126.69 104.02 53.57
v 133.44 100.34 40.80
v 138.66 108.94 40.80
v 138.66 108.94 50.13
v 133.44 100.34 53.57
v 129.46 110.35 53.57
v 138.66 108.94 50.13
v 133.36 108.22 58.80
v 129.78 101.66 58.80
v 133.36 108.22 58.80
v 133.68 99.53 53.57
v 126.69 104.02 53.57
v 129.78 101.66 58.80
v 138.66 108.94 50.13
v 133.68 99.53 53.57
v 133.36 108.22 58.80
v 129.46 110.35 53.57
v 129.78 101.66 58.80
v 126.69 104.02 53.57
v 130.96 101.83 45.39
v 129.82 102.45 45.39
v 126.69 104.02 53.57
v 133.44 100.34 53.57
v 129.82 102.45 45.39
v 130.96 101.83 45.39
v 133.44 100.34 53.57
v 126.69 104.02 53.57
v 128.76 90.03 40.80
v 120.56 94.50 40.80
v 123.80 100.45 40.80
v 132.00 95.98 40.80
v 132.00 95.98 48.57
v 123.80 100.45 48.57
v 120.56 94.50 48.57
v 128.76 90.03 48.57
v 132.00 95.98 40.80
v 123.80 100.45 40.80
v 123.80 100.45 48.57
v 132.00 95.98 48.57
v 123.80 100.45 40.80
v 120.56 94.50 40.80
v 120.56 94.50 48.57
v 123.80 100.45 48.57
v 120.56 94.50 40.80
v 128.76 90.03 40.80
v 128.76 90.03 48.57
v 120.56 94.50 48.57
v 128.76 90.03 40.80
v 132.00 95.98 40.80
v 132.00 95.98 48.57
v 128.76 90.03 48.57
v 128.90 89.56 48.57
v 120.56 94.50 48.57
v 123.80 100.45 48.57
v 132.00 95.98 48.57
v 133.68 99.53 53.57
v 123.66 100.93 51.53
v 120.08 94.36 51.53
v 129.41 86.24 54.80
v 132.00 95.98 48.57
v 123.80 100.45 48.57
v 123.66 100.93 51.53
v 133.68 99.53 53.57
v 123.80 100.45 48.57
v 120.56 94.50 48.57
v 120.08 94.36 51.53
v 123.66 100.93 51.53
v 120.56 94.50 48.57
v 128.90 89.56 48.57
v 129.41 86.24 54.80
v 120.08 94.36 51.53
v 128.90 89.56 48.57
v 132.00 95.98 48.57
v 133.68 99.53 53.57
v 129.41 86.24 54.80
v 123.66 100.93 51.53
v 133.68 99.53 53.57
v 128.19 98.74 57.88
v 124.37 91.74 57.88
v 128.19 98.74 57.88
v 129.41 86.24 54.80
v 119.74 94.27 51.53
v 124.37 91.74 57.88
v 133.68 99.53 53.57
v 129.41 86.24 54.80
v 128.19 98.74 57.88
v 123.66 100.93 51.53
v 124.37 91.74 57.88
v 119.74 94.27 51.53
v 105.75 110.00 46.35
v 102.27 110.39 46.35
v 103.38 110.00 46.35
v 106.16 108.85 53.27
v 103.38 110.00 51.84
v 102.27 110.39 51.84
v 106.16 108.85 53.27
v 102.27 110.39 51.84
v 103.38 110.00 51.84
v 103.53 98.44 40.80
v 94.99 101.44 40.80
v 97.16 107.61 40.80
v 105.70 104.62 40.80
v 105.70 104.62 48.85
v 97.16 107.61 48.85
v 94.99 101.44 48.85
v 103.53 98.44 48.85
v 105.70 104.62 40.80
v 97.16 107.61 40.80
v 97.16 107.61 48.85
v 105.70 104.62 48.85
v 77.55 111.57 55.04
v 78.80 115.29 60.31
v 70.87 116.65 60.31
v 70.80 112.73 55.04
v 78.86 119.22 55.04
v 78.80 115.29 60.31
v 77.55 111.57 55.04
v 72.00 122.88 58.57
v 70.80 112.73 55.04
v 70.87 116.65 60.31
v 76.11 101.10 40.80
v 68.67 102.38 40.80
v 69.99 110.08 40.80
v 77.44 108.81 40.80
v 77.44 108.81 48.77
v 69.99 110.08 48.77
v 68.67 102.38 48.77
v 76.11 101.10 48.77
v 77.44 108.81 40.80
v 69.99 110.08 40.80
v 69.99 110.08 48.77
v 77.44 108.81 48.77
v 41.52 128.88 52.50
v 41.52 122.22 52.50
v 41.17 121.87 57.23
v 41.17 129.22 57.23
v 41.52 122.22 52.50
v 50.48 122.22 52.50
v 50.83 121.87 57.23
v 41.17 121.87 57.23
v 50.48 122.22 52.50
v 50.48 128.88 52.50
v 50.83 129.22 57.23
v 50.83 121.87 57.23
v 41.17 129.22 57.23
v 50.83 129.22 57.23
v 46.00 129.47 63.32
v 46.00 121.62 63.32
v 46.00 129.47 63.32
v 50.83 121.87 57.23
v 41.17 121.87 57.23
v 46.00 121.62 63.32
v 50.83 129.22 57.23
v 50.83 121.87 57.23
v 46.00 129.47 63.32
v 49.35 112.10 40.80
v 49.35 118.33 40.80
v 49.35 118.33 52.30
v 49.35 112.10 52.30
v 42.65 118.33 52.30
v 49.35 118.33 52.30
v 46.00 118.92 56.85
v 46.00 111.50 56.85
v 46.00 118.92 56.85
v 49.35 112.10 52.30
v 42.65 112.10 52.30
v 46.00 111.50 56.85
v 49.35 118.33 52.30
v 49.35 112.10 52.30
v 46.00 118.92 56.85
v 42.65 118.33 52.30
v 46.00 111.50 56.85
v 42.65 112.10 52.30
v 49.28 101.69 40.80
v 42.72 101.69 40.80
v 42.72 108.07 40.80
v 49.28 108.07 40.80
v -10.85 120.59 40.80
v -13.61 128.45 40.80
v -13.61 128.45 51.99
v -10.85 120.59 51.99
v -10.85 120.59 51.99
v -17.35 118.31 51.99
v -20.11 126.18 51.99
v -13.61 128.45 51.99
v -13.40 128.90 56.48
v -23.39 127.14 56.00
v -17.56 117.86 56.48
v -10.41 120.37 56.48
v -13.61 128.45 51.99
v -20.11 126.18 51.99
v -23.39 127.14 56.00
v -13.40 128.90 56.48
v -20.11 126.18 51.99
v -17.35 118.31 51.99
v -17.56 117.86 56.48
v -23.39 127.14 56.00
v -17.35 118.31 51.99
v -10.85 120.59 51.99
v -10.41 120.37 56.48
v -17.56 117.86 56.48
v -8.82 117.87 53.45
v -17.25 114.92 53.45
v -14.99 108.48 53.45
v -6.56 111.43 53.45
v -8.82 117.87 40.80
v -17.25 114.92 40.80
v -17.25 114.92 53.45
v -8.82 117.87 53.45
v -17.25 114.92 40.80
v -14.99 108.48 40.80
v -14.99 108.48 53.45
v -17.25 114.92 53.45
v -14.99 108.48 40.80
v -6.56 111.43 40.80
v -6.56 111.43 53.45
v -14.99 108.48 53.45
v -6.56 111.43 40.80
v -8.82 117.87 40.80
v -8.82 117.87 53.45
v -6.56 111.43 53.45
v -6.56 111.43 53.45
v -15.20 108.03 53.45
v -17.35 118.31 51.99
v -8.82 117.87 53.45
v -14.99 108.48 53.45
v -6.83 98.72 57.58
v -11.46 97.73 51.20
v -9.27 99.69 44.92
v -11.46 97.73 40.80
v -10.82 99.15 46.24
v -9.27 99.69 46.24
v -11.46 97.73 40.80
v -9.27 99.69 44.92
v -9.27 99.69 46.24
v -10.82 99.15 46.24
v -42.92 118.28 40.80
v -48.97 114.99 40.80
v -52.71 121.86 40.80
v -46.67 125.15 40.80
v -46.67 125.15 54.92
v -52.71 121.86 54.92
v -48.97 114.99 54.92
v -42.92 118.28 54.92
v -46.67 125.15 40.80
v -52.71 121.86 40.80
v -52.71 121.86 54.92
v -46.67 125.15 54.92
v -80.49 106.90 45.37
v -79.61 107.57 45.37
v -79.18 105.64 53.43
v -80.49 106.90 50.66
v -65.47 100.99 40.80
v -72.91 95.27 40.80
v -77.61 101.40 40.80
v -73.86 109.73 40.80
v -73.86 109.73 53.43
v -79.29 104.80 53.43
v -72.91 95.27 51.99
v -65.47 100.99 51.99
v -73.86 109.73 40.80
v -77.61 101.40 40.80
v -79.29 104.80 53.43
v -73.86 109.73 53.43
v -77.61 101.40 40.80
v -72.91 95.27 40.80
v -72.91 95.27 51.99
v -79.29 104.80 53.43
v -72.91 95.27 40.80
v -65.47 100.99 40.80
v -65.47 100.99 51.99
v -72.91 95.27 51.99
v -65.47 100.99 40.80
v -73.86 109.73 40.80
v -73.86 109.73 53.43
v -65.47 100.99 51.99
v -79.29 104.80 53.43
v -73.86 109.73 53.43
v -74.25 104.73 58.37
v -68.82 97.65 58.37
v -74.25 104.73 58.37
v -64.62 100.88 51.99
v -73.02 94.43 51.99
v -68.82 97.65 58.37
v -73.86 109.73 53.43
v -64.62 100.88 51.99
v -74.25 104.73 58.37
v -79.29 104.80 53.43
v -68.82 97.65 58.37
v -73.02 94.43 51.99
v -58.90 91.89 40.80
v -65.82 86.58 40.80
v -69.64 91.56 40.80
v -62.73 96.87 40.80
v -105.03 99.28 51.60
v -110.31 93.82 51.60
v -105.08 88.77 51.60
v -99.81 94.22 51.60
v -105.03 98.78 48.62
v -110.31 93.82 48.62
v -110.31 93.82 51.60
v -105.03 99.28 51.60
v -110.31 93.82 48.62
v -105.09 89.26 48.62
v -105.08 88.77 51.60
v -110.31 93.82 51.60
v -105.09 89.26 48.62
v -99.81 94.22 48.62
v -99.81 94.22 51.60
v -105.08 88.77 51.60
v -99.81 94.22 48.62
v -105.03 98.78 48.62
v -105.03 99.28 51.60
v -99.81 94.22 51.60
v -110.31 93.82 51.60
v -105.03 99.28 51.60
v -107.85 96.72 56.29
v -102.27 91.32 56.29
v -92.57 76.34 40.80
v -87.98 71.91 40.80
v -87.98 71.91 54.89
v -92.57 76.34 54.89
v -87.98 71.91 40.80
v -82.38 77.71 40.80
v -82.10 77.49 54.80
v -87.98 71.91 54.89
v -82.38 77.71 40.80
v -86.97 82.14 40.80
v -86.97 82.14 54.89
v -82.10 77.49 54.80
v -92.57 76.34 54.89
v -86.97 82.14 54.89
v -90.20 79.66 60.37
v -84.75 74.39 60.37
v -90.20 79.66 60.37
v -82.10 77.49 54.80
v -87.98 71.91 54.89
v -84.75 74.39 60.37
v -86.97 82.14 54.89
v -82.10 77.49 54.80
v -90.20 79.66 60.37
v -130.91 71.68 40.80
v -124.48 67.01 40.80
v -124.48 67.01 50.36
v -130.91 71.68 50.36
v -124.48 67.01 40.80
v -119.99 73.19 40.80
v -119.99 73.19 50.36
v -124.48 67.01 50.36
v -119.99 73.19 40.80
v -126.42 77.86 40.80
v -126.42 77.86 50.36
v -119.99 73.19 50.36
v -126.42 77.86 50.36
v -130.91 71.68 50.36
v -128.05 68.86 55.76
v -122.86 76.02 55.76
v -119.99 73.19 50.36
v -122.86 76.02 55.76
v -128.05 68.86 55.76
v -124.48 67.01 50.36
v -126.42 77.86 50.36
v -122.86 76.02 55.76
v -119.99 73.19 50.36
v -110.31 56.83 50.51
v -102.39 55.70 59.41
v -104.99 52.54 50.51
v -106.58 55.49 45.55
v -107.31 54.48 45.55
v -105.07 53.03 50.51
v -106.58 55.49 51.39
v -107.31 54.48 45.55
v -106.58 55.49 45.55
v -106.58 55.49 51.39
v -105.07 53.03 50.51
v -104.07 55.49 45.55
v -104.81 54.48 45.55
v -104.99 52.54 50.51
v -100.68 59.08 50.51
v -104.81 54.48 45.55
v -104.07 55.49 45.55
v -100.68 59.08 50.51
v -104.99 52.54 50.51
v -136.94 50.82 40.80
v -140.57 44.09 40.80
v -146.84 47.47 40.80
v -143.22 54.19 40.80
v -134.70 21.66 50.68
v -137.73 13.74 50.68
v -131.44 11.33 50.68
v -125.98 15.32 54.80
v -131.90 21.71 42.00
v -137.73 13.74 40.80
v -137.73 13.74 50.68
v -134.70 21.66 50.68
v -137.73 13.74 40.80
v -131.44 11.33 40.80
v -131.44 11.33 50.68
v -137.73 13.74 50.68
v -131.44 11.33 40.80
v -128.41 19.26 40.80
v -125.98 15.32 54.80
v -131.44 11.33 50.68
v -128.41 19.26 40.80
v -131.90 21.71 42.00
v -134.70 21.66 50.68
v -125.98 15.32 54.80
v -137.73 13.74 50.68
v -135.05 22.44 50.68
v -136.78 17.92 56.45
v -129.36 15.08 56.45
v -136.78 17.92 56.45
v -125.98 15.32 54.80
v -131.44 11.33 50.68
v -129.36 15.08 56.45
v -135.05 22.44 50.68
v -125.98 15.32 54.80
v -136.78 17.92 56.45
v -137.73 13.74 50.68
v -129.36 15.08 56.45
v -131.44 11.33 50.68
v -131.44 11.33 40.80
v -137.73 13.74 40.80
v -135.01 12.66 46.03
v -134.50 14.02 46.03
v -137.73 13.74 40.80
v -131.44 11.33 40.80
v -134.50 14.02 46.03
v -135.01 12.66 46.03
v -164.60 3.85 40.80
v -166.48 -3.80 40.80
v -173.72 -2.02 40.80
v -171.84 5.63 40.80
v -158.03 -4.66 50.13
v -158.35 -5.94 50.13
v -154.92 -4.78 50.13
v -139.58 -1.99 40.80
v -141.61 -10.23 40.80
v -148.64 -8.50 40.80
v -146.62 -0.26 40.80
v -146.62 -0.26 51.32
v -148.64 -8.50 51.32
v -141.61 -10.23 51.32
v -139.58 -1.99 51.32
v -146.62 -0.26 40.80
v -148.64 -8.50 40.80
v -148.64 -8.50 51.32
v -146.62 -0.26 51.32
v -148.64 -8.50 40.80
v -141.61 -10.23 40.80
v -141.61 -10.23 51.32
v -148.64 -8.50 51.32
v -141.61 -10.23 40.80
v -139.58 -1.99 40.80
v -139.58 -1.99 51.32
v -141.61 -10.23 51.32
v -145.93 -24.87 53.92
v -153.08 -24.36 53.92
v -153.38 -23.97 59.28
v -145.93 -24.87 59.28
v -154.33 -31.89 59.28
v -153.38 -23.97 59.28
v -154.11 -27.90 64.23
v -146.16 -28.86 64.23
v -154.11 -27.90 64.23
v -145.93 -24.87 59.28
v -146.89 -32.79 59.28
v -146.16 -28.86 64.23
v -153.38 -23.97 59.28
v -145.93 -24.87 59.28
v -154.11 -27.90 64.23
v -154.33 -31.89 59.28
v -146.16 -28.86 64.23
v -146.89 -32.79 59.28
v -170.31 -48.34 40.80
v -170.31 -55.66 40.80
v -178.60 -55.66 40.80
v -178.60 -48.34 40.80
v -178.60 -55.66 51.10
v -169.71 -56.26 51.10
v -174.46 -56.26 56.74
v -158.03 -47.76 40.80
v -158.03 -56.24 40.80
v -165.23 -56.24 40.80
v -165.23 -47.76 40.80
v -169.71 -47.74 51.10
v -169.71 -56.26 51.10
v -158.03 -56.24 53.69
v -158.03 -47.76 53.69
v -165.23 -47.76 40.80
v -165.23 -56.24 40.80
v -169.71 -56.26 51.10
v -169.71 -47.74 51.10
v -165.23 -56.24 40.80
v -158.03 -56.24 40.80
v -158.03 -56.24 53.69
v -169.71 -56.26 51.10
v -158.03 -56.24 40.80
v -158.03 -47.76 40.80
v -158.03 -47.76 53.69
v -158.03 -56.24 53.69
v -152.04 -48.66 50.58
v -152.04 -55.34 50.58
v -145.56 -55.34 50.58
v -145.56 -48.66 50.58
v -152.04 -48.66 40.80
v -152.04 -55.34 40.80
v -152.04 -55.34 50.58
v -152.04 -48.66 50.58
v -152.04 -55.34 40.80
v -145.56 -55.34 40.80
v -145.56 -55.34 50.58
v -152.04 -55.34 50.58
v -145.56 -55.34 40.80
v -148.41 -50.00 42.00
v -145.56 -48.66 50.58
v -145.56 -55.34 50.58
v -148.41 -50.00 42.00
v -152.04 -48.66 40.80
v -152.04 -48.66 50.58
v -145.56 -48.66 50.58
v -152.04 -55.34 50.58
v -152.04 -48.66 50.58
v -152.64 -52.00 55.11
v -144.96 -52.00 55.11
v -152.64 -52.00 55.11
v -140.93 -45.92 54.80
v -144.96 -55.94 50.58
v -144.96 -52.00 55.11
v -152.04 -48.66 50.58
v -140.93 -45.92 54.80
v -152.64 -52.00 55.11
v -152.04 -55.34 50.58
v -144.96 -52.00 55.11
v -144.96 -55.94 50.58
v -149.65 -54.57 44.80
v -145.56 -55.34 40.80
v -152.04 -55.34 40.80
v -150.14 -54.57 44.80
v -150.14 -54.57 45.99
v -150.14 -55.66 45.99
v -149.65 -55.66 45.99
v -149.65 -54.57 45.99
v -150.14 -54.57 44.80
v -152.04 -55.34 40.80
v -150.14 -55.66 45.99
v -150.14 -54.57 45.99
v -150.14 -54.57 45.99
v -150.14 -55.66 45.99
v -149.65 -55.66 45.99
v -149.65 -54.57 45.99
v -162.42 -73.46 40.80
v -161.56 -80.64 40.80
v -169.51 -81.60 40.80
v -170.38 -74.42 40.80
v -170.38 -74.42 48.80
v -169.51 -81.60 48.80
v -161.56 -80.64 48.80
v -162.42 -73.46 48.80
v -170.38 -74.42 40.80
v -169.51 -81.60 40.80
v -169.51 -81.60 48.80
v -170.38 -74.42 48.80
v -169.51 -81.60 40.80
v -161.56 -80.64 40.80
v -161.56 -80.64 48.80
v -169.51 -81.60 48.80
v -161.56 -80.64 40.80
v -162.42 -73.46 40.80
v -162.42 -73.46 48.80
v -161.56 -80.64 48.80
v -156.86 -80.07 49.88
v -154.52 -80.18 45.37
v -154.52 -80.18 50.66
v -157.17 -80.46 53.42
v -154.52 -80.18 45.37
v -154.66 -78.98 45.37
v -154.66 -78.98 50.66
v -154.52 -80.18 50.66
v -154.66 -78.98 45.37
v -155.15 -79.04 45.37
v -155.15 -79.04 50.66
v -154.66 -78.98 50.66
v -154.66 -78.98 45.37
v -154.52 -80.18 45.37
v -154.52 -80.18 50.66
v -154.66 -78.98 50.66
v -154.52 -80.18 45.37
v -154.66 -78.98 45.37
v -154.66 -78.98 50.66
v -154.52 -80.18 50.66
v -150.09 -71.62 53.42
v -154.66 -78.98 50.66
v -151.97 -75.36 56.62
v -154.13 -71.86 58.44
v -142.88 -119.99 52.25
v -150.01 -122.72 52.25
v -150.46 -122.51 56.86
v -142.68 -119.54 56.86
v -147.37 -130.60 56.86
v -150.46 -122.51 56.86
v -148.31 -128.57 64.40
v -140.90 -123.49 62.27
v -148.31 -128.57 64.40
v -142.68 -119.54 56.86
v -139.59 -127.63 56.86
v -140.90 -123.49 62.27
v -150.46 -122.51 56.86
v -142.68 -119.54 56.86
v -148.31 -128.57 64.40
v -147.37 -130.60 56.86
v -140.90 -123.49 62.27
v -139.59 -127.63 56.86
v -132.30 -116.30 40.80
v -129.69 -123.11 40.80
v -135.51 -125.34 40.80
v -138.12 -118.52 40.80
v -125.95 -149.07 53.02
v -121.02 -141.91 58.41
v -119.67 -145.69 53.02
v -112.65 -133.58 40.80
v -109.46 -139.50 40.80
v -115.64 -142.83 40.80
v -118.83 -136.90 40.80
v -118.83 -136.90 49.27
v -115.64 -142.83 49.27
v -109.46 -139.50 49.27
v -112.65 -133.58 49.27
v -118.83 -136.90 40.80
v -115.64 -142.83 40.80
v -115.64 -142.83 49.27
v -118.83 -136.90 49.27
v -115.64 -142.83 40.80
v -109.46 -139.50 40.80
v -109.46 -139.50 49.27
v -115.64 -142.83 49.27
v -109.46 -139.50 40.80
v -112.65 -133.58 40.80
v -112.65 -133.58 49.27
v -109.46 -139.50 49.27
v 9.39 137.88 58.00
v 9.78 134.55 58.00
v 13.98 134.55 64.00
v 9.78 134.55 58.00
v 12.23 129.16 58.00
v 13.98 134.55 64.00
v 12.23 129.16 58.00
v 15.03 128.42 58.98
v 13.98 134.55 64.00
v 15.03 128.42 58.98
v 15.89 133.46 57.00
v 13.98 134.55 64.00
v -148.63 55.03 34.00
v -152.83 55.03 30.00
v -152.83 55.03 57.00
v -148.63 55.03 58.00
v -152.83 55.03 30.00
v -156.22 57.50 34.00
v -156.22 57.50 58.00
v -152.83 55.03 57.00
v -170.10 -106.78 58.00
v -167.66 -106.30 57.00
v -166.70 -104.31 64.00
v -167.66 -106.30 57.00
v -164.94 -105.63 57.00
v -166.70 -104.31 64.00
v -164.94 -105.63 57.00
v -163.40 -103.50 57.00
v -166.70 -104.31 64.00
v 174.61 101.70 28.80
v 169.59 96.78 28.80
v 169.59 96.78 42.74
v 174.61 101.70 42.74
v 169.59 96.78 28.80
v 175.56 90.68 28.80
v 175.56 90.68 42.74
v 169.59 96.78 42.74
v 174.61 101.70 42.74
v 169.59 96.78 42.74
v 165.67 96.63 45.66
v 174.62 102.19 48.47
v 160.11 125.93 48.98
v 158.80 116.79 42.91
v 151.67 122.18 42.91
v 154.87 119.01 48.98
v 163.31 122.75 42.91
v 158.80 116.79 42.91
v 160.11 125.93 48.98
v 157.31 129.20 42.00
v 154.87 119.01 48.98
v 151.67 122.18 42.91
v 150.95 107.43 28.80
v 144.80 112.09 28.80
v 149.19 117.89 28.80
v 155.34 113.23 28.80
v 155.34 113.23 41.36
v 149.19 117.89 41.36
v 144.80 112.09 41.36
v 150.95 107.43 41.36
v 155.34 113.23 28.80
v 149.19 117.89 28.80
v 149.19 117.89 41.36
v 155.34 113.23 41.36
v 143.89 97.24 28.80
v 148.39 103.19 28.80
v 148.39 103.19 40.46
v 143.89 97.24 40.46
v 143.89 97.24 40.46
v 136.91 102.53 40.46
v 141.41 108.47 40.46
v 148.39 103.19 40.46
v 148.88 103.25 45.16
v 141.34 108.96 45.16
v 136.42 102.46 45.16
v 143.96 96.75 45.16
v 148.39 103.19 40.46
v 141.41 108.47 40.46
v 141.34 108.96 45.16
v 148.88 103.25 45.16
v 141.41 108.47 40.46
v 136.91 102.53 40.46
v 136.42 102.46 45.16
v 141.34 108.96 45.16
v 136.91 102.53 40.46
v 143.89 97.24 40.46
v 143.96 96.75 45.16
v 136.42 102.46 45.16
v 127.78 133.42 33.60
v 130.68 133.42 33.60
v 130.68 133.42 35.61
v 127.78 133.42 35.61
v 124.08 122.08 28.80
v 118.35 125.16 28.80
v 121.41 130.84 28.80
v 127.14 127.76 28.80
v 127.14 127.76 41.23
v 121.41 130.84 41.23
v 118.35 125.16 41.23
v 124.08 122.08 41.23
v 127.14 127.76 28.80
v 121.41 130.84 28.80
v 121.41 130.84 41.23
v 127.14 127.76 41.23
v 121.41 130.84 28.80
v 118.35 125.16 28.80
v 118.35 125.16 41.23
v 121.41 130.84 41.23
v 118.35 125.16 28.80
v 124.08 122.08 28.80
v 124.08 122.08 41.23
v 118.35 125.16 41.23
v 122.10 117.14 40.26
v 117.54 124.92 41.23
v 111.93 114.47 40.26
v 115.78 112.74 42.00
v 122.10 117.14 28.80
v 115.33 120.78 28.80
v 117.54 124.92 41.23
v 122.10 117.14 40.26
v 115.33 120.78 28.80
v 111.93 114.47 28.80
v 111.93 114.47 40.26
v 117.54 124.92 41.23
v 111.93 114.47 28.80
v 118.70 110.83 28.80
v 115.78 112.74 42.00
v 111.93 114.47 40.26
v 118.70 110.83 28.80
v 122.10 117.14 28.80
v 122.10 117.14 40.26
v 115.78 112.74 42.00
v 117.54 124.92 41.23
v 122.10 117.14 40.26
v 119.00 119.49 45.48
v 115.03 112.12 45.48
v 89.68 139.32 28.80
v 87.46 132.91 28.80
v 85.06 132.88 38.00
v 86.10 136.73 38.00
v 87.46 132.91 28.80
v 95.32 130.19 28.80
v 95.32 130.19 38.95
v 85.06 132.88 38.00
v 95.32 130.19 28.80
v 97.54 136.60 28.80
v 97.54 136.60 38.95
v 95.32 130.19 38.95
v 95.53 129.74 38.95
v 85.06 132.88 38.00
v 86.10 136.73 38.00
v 97.54 136.60 38.95
v 97.98 136.82 42.97
v 89.46 139.76 42.97
v 87.02 132.69 42.97
v 95.53 129.74 42.97
v 97.54 136.60 38.95
v 86.10 136.73 38.00
v 89.46 139.76 42.97
v 97.98 136.82 42.97
v 86.10 136.73 38.00
v 85.06 132.88 38.00
v 87.02 132.69 42.97
v 89.46 139.76 42.97
v 85.06 132.88 38.00
v 95.53 129.74 38.95
v 95.53 129.74 42.97
v 87.02 132.69 42.97
v 95.53 129.74 38.95
v 97.54 136.60 38.95
v 97.98 136.82 42.97
v 95.53 129.74 42.97
v 89.31 140.08 42.97
v 97.98 136.82 42.97
v 93.80 138.53 48.63
v 91.19 130.98 48.63
v 93.80 138.53 48.63
v 95.53 129.74 42.97
v 87.02 132.69 42.97
v 91.19 130.98 48.63
v 97.98 136.82 42.97
v 95.53 129.74 42.97
v 93.80 138.53 48.63
v 89.31 140.08 42.97
v 91.19 130.98 48.63
v 87.02 132.69 42.97
v 91.20 119.35 28.80
v 84.01 121.84 28.80
v 86.28 129.91 29.16
v 93.27 125.33 28.80
v 93.27 125.33 41.49
v 86.28 129.91 42.00
v 83.74 121.91 43.84
v 91.20 119.35 41.49
v 93.27 125.33 28.80
v 86.28 129.91 29.16
v 86.28 129.91 42.00
v 93.27 125.33 41.49
v 86.28 129.91 29.16
v 84.01 121.84 28.80
v 83.74 121.91 43.84
v 86.28 129.91 42.00
v 84.01 121.84 28.80
v 91.20 119.35 28.80
v 91.20 119.35 41.49
v 83.74 121.91 43.84
v 34.63 132.13 28.80
v 34.63 139.12 28.80
v 34.63 139.12 37.68
v 34.63 132.13 37.68
v 34.63 132.13 37.68
v 25.37 132.13 37.68
v 25.37 139.12 37.68
v 34.63 139.12 37.68
v 34.98 139.47 41.14
v 25.02 139.47 41.14
v 25.15 134.91 42.00
v 34.98 131.78 41.14
v 34.63 139.12 37.68
v 25.37 139.12 37.68
v 25.02 139.47 41.14
v 34.98 139.47 41.14
v 25.37 139.12 37.68
v 25.37 132.13 37.68
v 25.15 134.91 42.00
v 25.02 139.47 41.14
v 25.37 132.13 37.68
v 34.63 132.13 37.68
v 34.98 131.78 41.14
v 25.15 134.91 42.00
v 30.00 128.72 46.96
v 33.98 120.68 41.55
v 26.02 120.68 41.55
v 30.00 120.08 46.96
v 33.98 128.12 41.55
v 33.98 120.68 41.55
v 30.00 128.72 46.96
v 26.02 128.12 41.55
v 30.00 120.08 46.96
v 26.02 120.68 41.55
v 2.56 143.00 28.80
v -6.31 141.50 28.80
v -7.38 147.85 28.80
v 1.49 149.35 28.80
v 4.36 149.13 42.00
v -7.38 147.85 41.70
v -6.31 141.50 41.70
v 2.56 143.00 41.70
v 1.49 149.35 28.80
v -7.38 147.85 28.80
v -7.38 147.85 41.70
v 4.36 149.13 42.00
v -29.46 138.12 42.19
v -38.30 139.55 42.42
v -34.62 128.75 42.19
v -27.12 131.35 42.19
v -29.68 137.68 38.41
v -36.52 135.31 38.41
v -38.30 139.55 42.42
v -29.46 138.12 42.19
v -36.52 135.31 38.41
v -34.41 129.20 38.41
v -34.62 128.75 42.19
v -38.30 139.55 42.42
v -34.41 129.20 38.41
v -27.57 131.56 38.41
v -27.12 131.35 42.19
v -34.62 128.75 42.19
v -27.57 131.56 38.41
v -29.68 137.68 38.41
v -29.46 138.12 42.19
v -27.12 131.35 42.19
v -38.30 139.55 42.42
v -29.46 138.12 42.19
v -33.30 137.06 47.11
v -30.79 129.81 47.11
v -23.53 120.64 28.80
v -30.84 118.11 28.80
v -32.89 124.06 28.80
v -25.58 126.58 28.80
v -25.58 126.58 42.03
v -32.89 124.06 42.03
v -30.84 118.11 42.03
v -23.53 120.64 42.03
v -25.58 126.58 28.80
v -32.89 124.06 28.80
v -32.89 124.06 42.03
v -25.58 126.58 42.03
v -32.89 124.06 28.80
v -30.84 118.11 28.80
v -30.84 118.11 42.03
v -32.89 124.06 42.03
v -30.84 118.11 28.80
v -23.53 120.64 28.80
v -23.53 120.64 42.03
v -30.84 118.11 42.03
v -23.53 120.64 28.80
v -25.58 126.58 28.80
v -25.58 126.58 42.03
v -23.53 120.64 42.03
v -72.16 136.53 38.93
v -65.95 139.87 38.93
v -68.89 139.63 42.00
v -72.30 136.05 42.95
v -65.95 139.87 38.93
v -68.88 145.32 38.93
v -68.74 145.79 42.95
v -68.89 139.63 42.00
v -75.57 142.12 42.95
v -68.74 145.79 42.95
v -72.27 144.18 47.74
v -68.77 137.67 47.74
v -72.27 144.18 47.74
v -68.89 139.63 42.00
v -72.30 136.05 42.95
v -68.77 137.67 47.74
v -68.74 145.79 42.95
v -68.89 139.63 42.00
v -72.27 144.18 47.74
v -75.57 142.12 42.95
v -68.77 137.67 47.74
v -72.30 136.05 42.95
v -69.16 131.28 38.24
v -62.99 135.28 38.24
v -66.48 133.41 42.82
v -64.34 128.53 42.00
v -66.48 133.41 42.82
v -59.37 128.56 38.24
v -66.36 124.80 38.24
v -64.34 128.53 42.00
v -62.99 135.28 38.24
v -59.37 128.56 38.24
v -66.48 133.41 42.82
v -69.16 131.28 38.24
v -64.34 128.53 42.00
v -66.36 124.80 38.24
v -53.55 118.26 28.80
v -60.97 114.26 28.80
v -64.10 120.07 28.80
v -56.67 124.07 28.80
v -56.67 124.07 43.47
v -64.10 120.07 43.47
v -60.97 114.26 43.47
v -53.55 118.26 43.47
v -105.27 125.31 28.80
v -98.12 130.73 28.80
v -98.12 130.73 38.83
v -105.27 125.31 38.83
v -98.12 130.73 28.80
v -102.05 135.93 28.80
v -102.05 135.93 38.83
v -98.12 130.73 38.83
v -98.12 130.73 38.83
v -105.34 124.82 38.83
v -109.21 130.51 38.83
v -102.05 135.93 38.83
v -101.98 136.42 42.80
v -109.70 130.58 42.80
v -105.34 124.82 42.80
v -97.63 130.66 42.80
v -102.05 135.93 38.83
v -109.21 130.51 38.83
v -109.70 130.58 42.80
v -101.98 136.42 42.80
v -109.21 130.51 38.83
v -105.34 124.82 38.83
v -105.34 124.82 42.80
v -109.70 130.58 42.80
v -104.74 128.15 33.64
v -105.98 127.21 33.64
v -105.27 125.31 38.83
v -104.74 128.15 35.68
v -105.98 127.21 33.64
v -104.74 128.15 33.64
v -104.74 128.15 35.68
v -105.27 125.31 38.83
v -90.68 120.01 28.80
v -96.98 115.25 28.80
v -101.08 120.67 28.80
v -94.78 125.44 28.80
v -94.78 125.44 41.81
v -101.08 120.67 41.81
v -96.98 115.25 41.81
v -90.68 120.01 41.81
v -94.78 125.44 28.80
v -101.08 120.67 28.80
v -101.08 120.67 41.81
v -94.78 125.44 41.81
v -101.08 120.67 28.80
v -96.98 115.25 28.80
v -96.98 115.25 41.81
v -101.08 120.67 41.81
v -86.47 115.11 28.80
v -93.41 109.86 28.80
v -93.41 109.86 41.04
v -86.47 115.11 41.04
v -93.41 109.86 28.80
v -89.73 105.01 28.80
v -89.73 105.01 41.04
v -93.41 109.86 41.04
v -89.73 105.01 28.80
v -82.80 110.26 28.80
v -83.74 111.59 40.80
v -89.73 105.01 41.04
v -82.80 110.26 28.80
v -86.47 115.11 28.80
v -86.47 115.11 41.04
v -83.74 111.59 40.80
v -83.74 111.59 40.80
v -89.80 104.52 41.04
v -93.41 109.86 41.04
v -86.47 115.11 41.04
v -89.84 119.89 47.12
v -93.90 109.93 46.00
v -87.12 103.72 45.57
v -82.31 110.19 46.00
v -86.47 115.11 41.04
v -93.41 109.86 41.04
v -93.90 109.93 46.00
v -89.84 119.89 47.12
v -93.41 109.86 41.04
v -89.80 104.52 41.04
v -87.12 103.72 45.57
v -93.90 109.93 46.00
v -89.80 104.52 41.04
v -83.74 111.59 40.80
v -82.31 110.19 46.00
v -87.12 103.72 45.57
v -83.74 111.59 40.80
v -86.47 115.11 41.04
v -89.84 119.89 47.12
v -82.31 110.19 46.00
v -93.90 109.93 46.00
v -89.84 119.89 47.12
v -90.30 112.97 51.92
v -85.90 107.15 51.92
v -90.30 112.97 51.92
v -82.31 110.19 46.00
v -87.12 103.72 45.57
v -85.90 107.15 51.92
v -89.84 119.89 47.12
v -82.31 110.19 46.00
v -90.30 112.97 51.92
v -93.90 109.93 46.00
v -85.90 107.15 51.92
v -87.12 103.72 45.57
v -89.15 107.79 34.28
v -90.35 106.88 34.28
v -90.35 106.88 36.96
v -89.15 107.79 36.96
v -90.35 106.88 34.28
v -89.15 107.79 34.28
v -89.15 107.79 36.96
v -90.35 106.88 36.96
v -89.15 107.79 36.96
v -90.35 106.88 36.96
v -93.41 109.86 41.04
v -89.73 105.01 41.04
v -90.35 106.88 36.96
v -89.15 107.79 36.96
v -89.73 105.01 41.04
v -93.41 109.86 41.04
v -126.45 113.27 28.80
v -132.40 107.21 28.80
v -137.27 111.98 28.80
v -131.32 118.05 28.80
v -131.32 118.05 43.21
v -137.27 111.98 43.21
v -132.40 107.21 43.21
v -126.45 113.27 43.21
v -131.32 118.05 28.80
v -137.27 111.98 28.80
v -137.27 111.98 43.21
v -131.32 118.05 43.21
v -137.27 111.98 28.80
v -132.40 107.21 28.80
v -132.40 107.21 43.21
v -137.27 111.98 43.21
v -132.40 107.21 28.80
v -126.45 113.27 28.80
v -126.45 113.27 43.21
v -132.40 107.21 43.21
v -126.45 113.27 28.80
v -131.32 118.05 28.80
v -131.32 118.05 43.21
v -126.45 113.27 43.21
v -132.68 77.68 44.00
v -137.68 72.55 40.64
v -132.45 68.70 40.64
v -127.83 74.97 40.64
v -133.06 78.82 28.80
v -137.68 72.55 28.80
v -137.68 72.55 40.64
v -132.68 77.68 44.00
v -137.68 72.55 28.80
v -132.45 68.70 28.80
v -132.45 68.70 40.64
v -137.68 72.55 40.64
v -132.45 68.70 28.80
v -127.83 74.97 28.80
v -127.83 74.97 40.64
v -132.45 68.70 40.64
v -127.83 74.97 28.80
v -133.06 78.82 28.80
v -132.68 77.68 44.00
v -127.83 74.97 40.64
v -137.68 72.55 40.64
v -132.68 77.68 44.00
v -135.86 76.04 45.94
v -129.66 71.48 45.94
v -164.75 60.29 44.77
v -154.88 60.44 38.98
v -159.78 52.72 38.98
v -157.21 56.17 44.77
v -162.19 63.74 38.98
v -154.88 60.44 38.98
v -164.75 60.29 44.77
v -166.27 56.26 38.98
v -157.21 56.17 44.77
v -159.78 52.72 38.98
v -156.22 57.50 34.00
v -156.22 52.56 34.00
v -163.01 54.13 32.88
v -156.22 57.50 34.00
v -163.01 54.13 32.88
v -156.22 52.56 34.00
v -159.38 55.41 35.43
v -159.78 52.72 38.98
v -163.01 54.13 35.43
v -172.78 4.00 38.00
v -173.97 8.45 38.00
v -171.84 5.63 40.80
v -174.20 0.79 43.02
v -179.98 6.36 47.99
v -171.84 5.63 40.80
v -174.20 0.79 43.02
v -172.99 4.62 47.99
v -169.37 -66.09 28.80
v -168.35 -74.47 28.80
v -174.94 -75.27 28.80
v -175.96 -66.89 28.80
v -175.96 -66.89 36.64
v -174.94 -75.27 36.64
v -168.35 -74.47 36.64
v -169.37 -66.09 36.64
v -174.94 -75.27 28.80
v -168.35 -74.47 28.80
v -168.35 -74.47 36.64
v -174.94 -75.27 36.64
v -168.35 -74.47 28.80
v -169.37 -66.09 28.80
v -169.37 -66.09 36.64
v -168.35 -74.47 36.64
v -167.63 -122.64 47.89
v -161.81 -111.78 42.00
v -158.66 -124.05 41.69
v -159.75 -119.59 47.89
v -168.72 -118.18 41.69
v -161.81 -111.78 42.00
v -167.63 -122.64 47.89
v -169.64 -128.04 40.69
v -159.75 -119.59 47.89
v -158.66 -124.05 41.69
v -165.79 -123.97 33.42
v -164.76 -125.27 33.42
v -165.21 -125.45 33.42
v -165.79 -123.97 35.24
v -165.21 -125.45 35.24
v -162.81 -125.47 38.00
v -165.79 -123.97 33.42
v -165.21 -125.45 33.42
v -165.21 -125.45 35.24
v -165.79 -123.97 35.24
v 0.26 -102.77 87.62
v 1.72 -105.49 88.83
v -0.98 -105.54 88.34
v -3.90 -100.10 85.93
v -3.90 -100.10 85.93
v -0.98 -105.54 88.34
v 1.72 -105.49 88.83
v 0.26 -102.77 87.62
v 0.26 -102.77 87.62
v 1.72 -105.49 88.83
v -3.90 -100.10 85.93
v -3.90 -100.10 85.93
v 1.72 -105.49 88.83
v 0.26 -102.77 87.62
v 0.26 -102.77 87.62
v 1.72 -105.49 88.83
v -3.90 -100.10 85.93
v -3.90 -100.10 85.93
v 1.72 -105.49 88.83
v 0.26 -102.77 87.62
v -1.03 -105.44 90.03
v 0.77 -108.81 90.03
v 1.08 -104.31 90.03
v 0.77 -108.81 90.03
v 1.65 -110.44 90.52
v -1.03 -105.44 90.03
v -1.03 -105.44 90.03
v 1.65 -110.44 90.52
v 0.77 -108.81 90.03
v 0.77 -108.81 90.03
v 5.22 -112.02 91.72
v 1.65 -110.44 90.52
v 0.77 -108.81 90.03
v 1.65 -110.44 90.52
v 5.22 -112.02 91.72
v 0.77 -108.81 90.03
v 5.22 -112.02 91.72
v 1.65 -110.44 90.52
v 1.65 -110.44 90.52
v 5.22 -112.02 91.72
v 0.77 -108.81 90.03
v 0.77 -108.81 90.03
v 5.22 -112.02 91.72
v 1.65 -110.44 90.52
v 1.65 -110.44 90.52
v 5.22 -112.02 91.72
v 0.77 -108.81 90.03
v 1.65 -110.44 90.52
v 5.22 -112.02 91.72
v 4.27 -115.33 92.69
v 1.65 -110.44 90.52
v 4.27 -115.33 92.69
v 5.22 -112.02 91.72
v 1.65 -110.44 90.52
v 5.22 -112.02 91.72
v 4.27 -115.33 92.69
v 6.90 -120.23 95.10
v 10.18 -121.27 95.83
v 5.10 -116.87 95.10
v 6.90 -120.23 95.10
v 10.18 -121.27 95.83
v 9.53 -125.13 97.03
v 6.90 -120.23 95.10
v 9.53 -125.13 97.03
v 10.18 -121.27 95.83
v 10.18 -121.27 95.83
v 9.53 -125.13 97.03
v 6.90 -120.23 95.10
v 6.90 -120.23 95.10
v 9.53 -125.13 97.03
v 10.18 -121.27 95.83
v 10.18 -121.27 95.83
v 10.11 -126.22 97.52
v 6.90 -120.23 95.10
v 61.98 -140.35 70.24
v 65.18 -142.23 71.45
v 60.54 -136.26 70.00
v 60.54 -136.26 70.00
v 65.18 -142.23 71.45
v 61.98 -140.35 70.24
v 61.98 -140.35 70.24
v 65.18 -142.23 71.45
v 60.54 -136.26 70.00
v 61.98 -140.35 70.24
v 65.18 -142.23 71.45
v 63.67 -145.17 72.41
v 61.98 -140.35 70.24
v 63.67 -145.17 72.41
v 65.18 -142.23 71.45
v 61.98 -140.35 70.24
v 65.18 -142.23 71.45
v 63.67 -145.17 72.41
v -102.40 -51.20 46.00
v -100.40 -48.80 46.00
v -100.40 -48.80 55.40
v -102.40 -51.20 55.40
v -93.80 -51.20 46.00
v -95.80 -51.20 46.00
v -95.80 -48.80 46.00
v -93.80 -48.80 46.00
v -93.80 -48.80 55.40
v -95.80 -48.80 55.40
v -95.80 -51.20 55.40
v -93.80 -51.20 55.40
v -93.80 -48.80 46.00
v -95.80 -48.80 46.00
v -95.80 -48.80 55.40
v -93.80 -48.80 55.40
v -95.80 -48.80 46.00
v -95.80 -51.20 46.00
v -95.80 -51.20 55.40
v -95.80 -48.80 55.40
v -95.80 -51.20 46.00
v -93.80 -51.20 46.00
v -93.80 -51.20 55.40
v -95.80 -51.20 55.40
v 159.03 32.19 59.60
v 157.98 29.64 59.60
v 161.58 29.64 66.50
v 157.98 29.64 59.60
v 162.18 29.64 56.00
v 161.58 29.64 66.50
v 162.18 29.64 56.00
v 165.18 29.64 59.60
v 161.58 29.64 66.50
v 122.04 66.67 45.60
v 118.44 70.27 45.60
v 118.44 66.67 52.50
v 118.44 70.27 45.60
v 119.04 66.67 46.50
v 118.44 66.67 52.50
v 119.04 66.67 46.50
v 114.84 66.67 45.60
v 118.44 66.67 52.50
v -89.36 -85.48 86.52
v -72.10 -100.46 86.52
v -65.55 -92.91 86.52
v -82.80 -77.93 86.52
v -89.36 -85.48 63.75
v -72.10 -100.46 63.75
v -72.10 -100.46 86.52
v -89.36 -85.48 86.52
v -72.10 -100.46 63.75
v -65.55 -92.91 63.75
v -65.55 -92.91 86.52
v -72.10 -100.46 86.52
v -65.55 -92.91 63.75
v -82.80 -77.93 63.75
v -82.80 -77.93 86.52
v -65.55 -92.91 86.52
v -82.80 -77.93 63.75
v -89.36 -85.48 63.75
v -89.36 -85.48 86.52
v -82.80 -77.93 86.52
v -55.88 -111.56 58.89
v -43.78 -116.84 58.89
v -45.28 -129.12 56.00
v -59.88 -120.73 58.89
v 87.24 -150.20 62.78
v 82.79 -141.25 62.78
v 82.79 -141.25 86.86
v 87.24 -150.20 86.86
v 82.79 -141.25 62.78
v 62.59 -151.28 62.78
v 62.59 -151.28 86.86
v 82.79 -141.25 86.86
v 105.16 -134.74 57.46
v 117.88 -123.77 57.46
v 124.41 -131.34 57.46
v 111.69 -142.31 57.46
v 111.69 -142.31 85.10
v 124.41 -131.34 85.10
v 117.88 -123.77 85.10
v 105.16 -134.74 85.10
v 111.69 -142.31 57.46
v 124.41 -131.34 57.46
v 124.41 -131.34 85.10
v 111.69 -142.31 85.10
v 124.41 -131.34 57.46
v 117.88 -123.77 57.46
v 117.88 -123.77 85.10
v 124.41 -131.34 85.10
v -107.01 32.68 75.19
v -109.82 -2.48 78.46
v -105.92 -4.04 84.11
v -105.47 31.05 82.00
v -109.82 -2.48 78.46
v -96.61 -4.21 75.49
v -96.08 -2.59 82.00
v -105.92 -4.04 84.11
v -96.61 -4.21 75.49
v -91.60 29.10 79.50
v -91.60 29.10 82.00
v -96.08 -2.59 82.00
v -91.60 29.10 79.50
v -107.01 32.68 75.19
v -105.47 31.05 82.00
v -91.60 29.10 82.00
v -91.95 -38.26 79.50
v -75.07 -65.45 79.50
v -86.96 -72.83 79.50
v -103.84 -45.65 79.50
v -101.78 -45.16 81.33
v -89.27 -72.01 81.41
v -75.07 -65.45 82.00
v -92.23 -36.46 81.82
v 98.30 101.28 51.41
v 81.16 110.91 54.80
v 80.54 112.94 70.00
v 98.30 101.28 71.11
v 81.16 110.91 54.80
v 77.84 109.09 51.82
v 75.98 106.92 71.11
v 80.54 112.94 70.00
v 77.84 109.09 51.82
v 91.88 93.61 51.41
v 91.88 93.61 71.11
v 75.98 106.92 71.11
v 91.88 93.61 51.41
v 98.30 101.28 51.41
v 98.30 101.28 71.11
v 91.88 93.61 71.11
v 43.18 96.32 44.48
v 27.28 101.97 44.48
v 30.63 111.39 44.48
v 49.28 108.07 40.80
v 46.52 105.74 71.18
v 33.59 114.53 72.00
v 28.11 100.31 71.86
v 43.18 96.32 71.18
v -9.55 109.91 46.40
v -24.37 104.43 47.01
v -23.57 103.75 72.68
v -9.12 106.85 72.96
v -24.37 104.43 47.01
v -22.81 94.55 47.01
v -24.68 90.93 73.64
v -23.57 103.75 72.68
v -22.81 94.55 47.01
v -9.27 99.69 46.24
v -7.55 96.97 72.96
v -24.68 90.93 73.64
v -9.27 99.69 46.24
v -9.55 109.91 46.40
v -9.12 106.85 72.96
v -7.55 96.97 72.96
v -51.39 80.22 46.93
v -66.64 68.09 46.93
v -72.87 75.91 46.93
v -57.62 88.05 46.93
v -57.62 88.05 71.93
v -74.12 79.00 70.00
v -66.64 69.61 70.00
v -52.88 80.57 70.00
v -116.76 -27.84 42.45
v -109.60 -48.94 42.45
v -119.07 -52.16 42.45
v -126.23 -31.06 42.45
v -127.37 -31.84 70.01
v -115.75 -50.72 70.00
v -109.60 -48.94 72.78
v -116.76 -27.84 72.78
v -126.23 -31.06 42.45
v -119.07 -52.16 42.45
v -115.75 -50.72 70.00
v -127.37 -31.84 70.01
v -119.07 -52.16 42.45
v -109.60 -48.94 42.45
v -109.60 -48.94 72.78
v -115.75 -50.72 70.00
v -109.60 -48.94 42.45
v -116.76 -27.84 42.45
v -116.76 -27.84 72.78
v -109.60 -48.94 72.78
v -116.76 -27.84 42.45
v -126.23 -31.06 42.45
v -127.37 -31.84 70.01
v -116.76 -27.84 72.78
v -102.75 -72.34 43.18
v -95.68 -81.47 43.18
v -103.58 -87.59 43.18
v -110.65 -78.47 43.18
v -110.65 -78.47 73.44
v -103.58 -87.59 73.44
v -95.54 -81.14 72.64
v -102.75 -72.34 73.44
v -110.65 -78.47 43.18
v -103.58 -87.59 43.18
v -103.58 -87.59 73.44
v -110.65 -78.47 73.44
v -103.58 -87.59 43.18
v -95.68 -81.47 43.18
v -95.54 -81.14 72.64
v -103.58 -87.59 73.44
v -95.68 -81.47 43.18
v -102.75 -72.34 43.18
v -102.75 -72.34 73.44
v -95.54 -81.14 72.64
v -102.75 -72.34 43.18
v -110.65 -78.47 43.18
v -110.65 -78.47 73.44
v -102.75 -72.34 73.44
v 179.40 -137.16 49.71
v 165.44 -153.71 49.71
v 165.44 -153.71 72.31
v 179.40 -137.16 72.31
v 141.89 98.99 36.62
v 136.14 105.60 35.75
v 144.22 111.48 35.75
v 150.34 103.09 35.75
v 150.34 103.09 59.70
v 144.22 111.48 59.70
v 136.14 105.60 59.70
v 142.26 97.20 59.70
v 150.34 103.09 35.75
v 144.22 111.48 35.75
v 144.22 111.48 59.70
v 150.34 103.09 59.70
v 144.22 111.48 35.75
v 136.14 105.60 35.75
v 136.14 105.60 59.70
v 144.22 111.48 59.70
v 136.14 105.60 35.75
v 141.89 98.99 36.62
v 142.26 97.20 59.70
v 136.14 105.60 59.70
v 22.59 121.44 33.90
v 20.10 111.75 33.90
v 20.10 111.75 58.59
v 22.59 121.44 58.59
v 20.10 111.75 33.90
v 36.20 107.62 33.90
v 36.20 107.62 58.59
v 20.10 111.75 58.59
v 36.20 107.62 33.90
v 38.69 117.31 33.90
v 36.28 115.42 56.00
v 36.20 107.62 58.59
v -23.65 107.43 29.44
v -35.12 104.24 29.44
v -37.79 113.88 29.44
v -26.33 117.06 29.44
v -26.33 117.06 59.70
v -37.79 113.88 59.70
v -38.75 103.44 59.57
v -23.65 107.43 59.70
v -26.33 117.06 29.44
v -37.79 113.88 29.44
v -37.79 113.88 59.70
v -26.33 117.06 59.70
v 155.51 96.68 53.06
v 135.05 120.34 50.13
v 129.46 110.35 53.57
v 149.05 88.10 53.65
v 42.72 101.69 54.36
v 12.15 111.73 51.50
v 18.84 128.47 53.86
v 49.35 118.33 52.30
v 49.35 118.33 52.30
v 18.84 128.47 53.86
v 12.15 111.73 51.50
v 42.72 101.69 54.36
v -69.64 91.56 53.37
v -90.75 69.53 51.50
v -100.56 79.52 51.50
v -79.29 104.80 53.43
v -79.29 104.80 53.43
v -100.56 79.52 51.50
v -90.75 69.53 51.50
v -69.64 91.56 53.37
v -137.73 13.74 50.68
v -136.35 -17.03 51.50
v -150.35 -17.13 51.50
v -150.60 14.87 51.50
v 141.52 147.89 13.06
v 133.62 155.06 13.06
v 133.90 158.76 30.00
v 141.52 147.89 31.44
v 133.62 155.06 13.06
v 126.90 147.66 13.06
v 126.90 147.66 31.44
v 133.90 158.76 30.00
v 126.90 147.66 13.06
v 134.79 140.49 13.06
v 134.79 140.49 31.44
v 126.90 147.66 31.44
v 134.79 140.49 13.06
v 141.52 147.89 13.06
v 141.52 147.89 31.44
v 134.79 140.49 31.44
v 71.89 162.05 33.39
v 61.47 166.28 33.39
v 57.71 157.01 33.39
v 68.13 152.78 33.39
v 71.89 162.05 11.61
v 61.47 166.28 11.61
v 61.47 166.28 33.39
v 71.89 162.05 33.39
v -125.53 129.41 25.50
v -146.43 105.17 25.50
v -157.03 114.32 25.50
v -136.13 138.55 25.50
v -136.13 138.55 25.50
v -157.03 114.32 25.50
v -146.43 105.17 25.50
v -125.53 129.41 25.50
v 140.67 163.07 25.73
v 123.28 176.59 25.73
v 117.14 168.69 25.73
v 134.53 155.18 25.73
v 62.72 179.75 23.17
v 52.49 183.00 23.17
v 49.46 173.47 23.17
v 55.43 172.67 22.00
v -4.09 179.59 24.99
v -27.95 177.44 24.99
v -27.06 167.48 24.99
v -3.19 169.62 24.99
v -86.06 176.55 24.22
v -99.36 169.43 24.22
v -94.63 160.61 24.22
v -81.34 167.74 24.22

usemtl mat_window
v 175.33 -142.48 80.20
v 174.21 -146.73 81.00
v 173.11 -145.68 85.43
v 166.80 -139.68 85.43
v 173.11 -145.68 85.43
v 164.58 -142.88 80.20
v 169.89 -137.31 80.20
v 166.80 -139.68 85.43
v 174.21 -146.73 81.00
v 164.58 -142.88 80.20
v 173.11 -145.68 85.43
v 175.33 -142.48 80.20
v 166.80 -139.68 85.43
v 169.89 -137.31 80.20
v 157.85 -137.62 68.80
v 164.30 -130.85 68.80
v 169.89 -137.31 68.80
v 164.58 -142.88 68.80
v 164.58 -142.88 80.20
v 169.89 -137.31 80.20
v 164.30 -130.85 80.20
v 157.85 -137.62 80.20
v 157.91 -135.78 76.77
v 154.70 -133.56 82.02
v 152.32 -130.46 76.77
v 162.46 -131.00 76.77
v 156.85 -124.83 76.77
v 160.08 -127.90 82.02
v 169.54 -121.13 68.80
v 173.63 -115.40 68.80
v 179.28 -119.43 68.80
v 176.98 -126.30 68.80
v 176.98 -126.30 78.15
v 179.28 -119.43 79.26
v 173.63 -115.40 79.26
v 169.54 -121.13 79.26
v 173.63 -115.40 68.80
v 169.54 -121.13 68.80
v 169.54 -121.13 79.26
v 173.63 -115.40 79.26
v 169.54 -121.13 68.80
v 176.98 -126.30 68.80
v 176.98 -126.30 78.15
v 169.54 -121.13 79.26
v 177.72 -122.64 84.05
v 169.54 -121.13 79.26
v 173.49 -114.56 79.26
v 171.10 -117.91 84.05
v 176.98 -126.30 78.15
v 169.54 -121.13 79.26
v 177.72 -122.64 84.05
v 180.11 -119.29 79.26
v 171.10 -117.91 84.05
v 173.49 -114.56 79.26
v 174.79 72.98 62.00
v 174.79 68.05 62.00
v 174.44 66.95 85.96
v 174.79 72.98 86.00
v 174.79 72.98 86.00
v 174.44 66.95 85.96
v 178.19 70.52 92.00
v 41.10 103.86 62.00
v 40.30 106.33 62.00
v 40.30 106.33 86.00
v 41.10 103.86 86.00
v 40.30 106.33 62.00
v 38.20 107.85 62.00
v 38.20 107.85 86.00
v 40.30 106.33 86.00
v 38.20 107.85 62.00
v 33.51 106.33 62.00
v 33.51 106.33 86.00
v 38.20 107.85 86.00
v 33.51 106.33 62.00
v 32.70 103.86 62.00
v 32.70 103.86 86.00
v 33.51 106.33 86.00
v 32.70 103.86 62.00
v 35.61 99.86 62.00
v 37.61 99.80 85.34
v 32.70 103.86 86.00
v 35.61 99.86 62.00
v 41.10 103.86 62.00
v 41.10 103.86 86.00
v 37.61 99.80 85.34
v 41.10 103.86 86.00
v 40.30 106.33 86.00
v 38.20 107.85 86.00
v 33.51 106.33 86.00
v 32.70 103.86 86.00
v 37.61 99.80 85.34
v -95.42 39.11 86.00
v -93.32 37.59 86.00
v -92.02 41.58 92.00
v -93.32 37.59 86.00
v -88.63 39.11 86.00
v -92.02 41.58 92.00
v -88.63 39.11 86.00
v -87.82 41.58 86.00
v -92.02 41.58 92.00
v -98.96 -79.97 62.00
v -101.86 -75.97 62.00
v -101.86 -75.97 86.00
v -98.96 -79.97 86.00
v -101.86 -75.97 62.00
v -106.56 -77.50 62.00
v -106.56 -77.50 86.00
v -101.86 -75.97 86.00
v -106.56 -77.50 62.00
v -106.56 -82.44 62.00
v -106.56 -82.44 86.00
v -106.56 -77.50 86.00
v -106.56 -77.50 86.00
v -106.56 -82.44 86.00
v -103.16 -79.97 92.00
v -106.56 -82.44 86.00
v -104.92 -85.36 86.00
v -103.16 -79.97 92.00
v -104.92 -85.36 86.00
v -99.77 -82.44 86.00
v -103.16 -79.97 92.00
v -99.77 -82.44 86.00
v -98.96 -79.97 86.00
v -103.16 -79.97 92.00
v 175.88 68.60 54.80
v 170.38 63.35 54.80
v 170.38 63.35 68.81
v 175.88 68.60 68.81
v 170.38 63.35 54.80
v 176.47 56.97 54.80
v 176.47 56.97 68.81
v 170.38 63.35 68.81
v 175.88 68.60 68.81
v 167.16 64.89 68.80
v 169.89 63.36 74.57
v 176.16 68.58 70.00
v 167.16 64.89 68.80
v 176.47 56.97 68.81
v 176.46 56.47 74.57
v 169.89 63.36 74.57
v 176.16 68.58 81.00
v 176.46 56.47 74.57
v 169.89 63.36 74.57
v 172.03 59.78 81.17
v 176.16 68.58 70.00
v 172.03 59.78 81.17
v 169.89 63.36 74.57
v 176.47 56.97 68.81
v 172.03 59.78 68.80
v 174.31 59.82 70.38
v 176.46 56.47 74.57
v 172.03 59.78 68.80
v 176.47 56.97 68.81
v 176.46 56.47 74.57
v 174.31 59.82 70.38
v 162.91 78.65 54.80
v 156.76 83.42 54.80
v 160.86 88.70 54.80
v 167.01 83.92 54.80
v 167.01 83.92 65.56
v 160.86 88.70 65.56
v 156.76 83.42 65.56
v 162.91 78.65 65.56
v 167.01 83.92 54.80
v 160.86 88.70 54.80
v 160.86 88.70 65.56
v 167.01 83.92 65.56
v 160.86 88.70 54.80
v 156.76 83.42 54.80
v 156.76 83.42 65.56
v 160.86 88.70 65.56
v 156.76 83.42 54.80
v 162.91 78.65 54.80
v 162.91 78.65 65.56
v 156.76 83.42 65.56
v 162.91 78.65 54.80
v 167.01 83.92 54.80
v 167.01 83.92 65.56
v 162.91 78.65 65.56
v 162.91 78.65 65.56
v 156.76 83.42 65.56
v 160.86 88.70 65.56
v 167.01 83.92 65.56
v 167.01 83.92 65.56
v 160.86 88.70 65.56
v 156.76 83.42 65.56
v 162.91 78.65 65.56
v 160.86 88.70 65.56
v 167.01 83.92 65.56
v 164.31 86.78 75.16
v 159.47 80.56 75.16
v 164.31 86.78 75.16
v 162.91 78.65 65.56
v 156.76 83.42 65.56
v 159.47 80.56 75.16
v 167.01 83.92 65.56
v 162.91 78.65 65.56
v 164.31 86.78 75.16
v 160.86 88.70 65.56
v 159.47 80.56 75.16
v 156.76 83.42 65.56
v 160.94 79.86 59.85
v 158.40 83.63 56.00
v 161.24 80.25 59.85
v 161.24 80.25 62.11
v 159.90 80.67 62.11
v 160.94 79.86 62.11
v 161.24 80.25 59.85
v 158.40 83.63 56.00
v 159.90 80.67 62.11
v 161.24 80.25 62.11
v 158.40 83.63 56.00
v 160.94 79.86 59.85
v 160.94 79.86 62.11
v 159.90 80.67 62.11
v 160.94 79.86 59.85
v 161.24 80.25 59.85
v 161.24 80.25 62.11
v 160.94 79.86 62.11
v 161.24 80.25 59.85
v 160.94 79.86 59.85
v 160.94 79.86 62.11
v 161.24 80.25 62.11
v 160.94 79.86 59.85
v 161.24 80.25 59.85
v 161.24 80.25 62.11
v 160.94 79.86 62.11
v 160.94 79.86 62.11
v 159.90 80.67 62.11
v 161.24 80.25 62.11
v 161.24 80.25 66.61
v 156.76 83.42 65.56
v 162.91 78.65 65.56
v 161.24 80.25 62.11
v 159.90 80.67 62.11
v 156.76 83.42 65.56
v 161.24 80.25 66.61
v 159.90 80.67 62.11
v 160.94 79.86 62.11
v 162.91 78.65 65.56
v 156.76 83.42 65.56
v 160.94 79.86 62.11
v 161.24 80.25 62.11
v 161.24 80.25 66.61
v 162.91 78.65 65.56
v 150.06 62.58 63.17
v 144.86 67.06 63.17
v 149.59 73.16 63.17
v 155.22 69.22 63.17
v 156.96 69.57 67.15
v 149.53 73.65 66.40
v 142.60 69.88 68.80
v 150.06 62.58 66.40
v 155.22 69.22 63.17
v 149.59 73.16 63.17
v 149.53 73.65 66.40
v 156.96 69.57 67.15
v 149.59 73.16 63.17
v 144.86 67.06 63.17
v 142.60 69.88 68.80
v 149.53 73.65 66.40
v 144.86 67.06 63.17
v 150.06 62.58 63.17
v 150.06 62.58 66.40
v 142.60 69.88 68.80
v 150.06 62.58 63.17
v 155.22 69.22 63.17
v 156.96 69.57 67.15
v 150.06 62.58 66.40
v 156.96 69.57 67.15
v 149.53 73.65 66.40
v 146.75 70.48 71.64
v 152.84 65.75 71.64
v 150.06 62.58 66.40
v 152.84 65.75 71.64
v 146.75 70.48 71.64
v 142.60 69.88 68.80
v 156.96 69.57 67.15
v 152.84 65.75 71.64
v 150.06 62.58 66.40
v 149.53 73.65 66.40
v 142.60 69.88 68.80
v 146.75 70.48 71.64
v 140.09 91.29 54.80
v 133.87 94.72 54.80
v 137.01 100.42 54.80
v 143.23 96.98 54.80
v 143.23 96.98 65.86
v 137.01 100.42 65.86
v 131.54 92.59 68.80
v 140.09 91.29 65.86
v 143.23 96.98 54.80
v 137.01 100.42 54.80
v 137.01 100.42 65.86
v 143.23 96.98 65.86
v 137.01 100.42 54.80
v 133.87 94.72 54.80
v 131.54 92.59 68.80
v 137.01 100.42 65.86
v 133.87 94.72 54.80
v 140.09 91.29 54.80
v 140.09 91.29 65.86
v 131.54 92.59 68.80
v 140.09 91.29 54.80
v 143.23 96.98 54.80
v 143.23 96.98 65.86
v 140.09 91.29 65.86
v 137.01 100.42 65.86
v 143.23 96.98 65.86
v 140.41 99.23 70.69
v 136.68 94.77 70.00
v 140.41 99.23 70.69
v 140.09 91.29 65.86
v 131.54 92.59 68.80
v 136.68 94.77 70.00
v 143.23 96.98 65.86
v 140.09 91.29 65.86
v 140.41 99.23 70.69
v 137.01 100.42 65.86
v 136.68 94.77 70.00
v 131.54 92.59 68.80
v 144.09 91.56 59.89
v 136.68 94.77 56.00
v 138.00 92.65 60.50
v 140.37 92.65 60.50
v 136.68 94.77 56.00
v 144.09 91.56 59.89
v 140.37 92.65 60.50
v 138.00 92.65 60.50
v 135.28 83.00 54.80
v 129.41 86.24 54.80
v 133.87 94.72 54.80
v 138.31 88.49 54.80
v 138.31 88.49 63.59
v 132.44 91.73 63.59
v 129.41 86.24 63.59
v 135.28 83.00 63.59
v 131.54 92.59 68.80
v 137.55 89.26 68.80
v 136.68 94.77 70.00
v 132.05 83.34 73.32
v 136.68 94.77 70.00
v 135.42 82.52 67.00
v 127.59 85.45 68.80
v 132.05 83.34 73.32
v 137.55 89.26 68.80
v 135.42 82.52 67.00
v 136.68 94.77 70.00
v 131.54 92.59 68.80
v 132.05 83.34 73.32
v 127.59 85.45 68.80
v 135.56 84.30 59.28
v 133.36 84.30 59.28
v 133.36 84.30 60.96
v 135.28 83.00 63.59
v 133.36 84.30 59.28
v 135.56 84.30 59.28
v 135.28 83.00 63.59
v 133.36 84.30 60.96
v 131.66 74.08 63.53
v 123.79 78.42 63.53
v 126.69 83.68 63.53
v 135.03 79.47 63.53
v 135.03 79.47 66.92
v 126.56 84.15 66.92
v 123.26 78.61 68.80
v 130.09 74.82 68.80
v 135.03 79.47 63.53
v 126.69 83.68 63.53
v 126.56 84.15 66.92
v 135.03 79.47 66.92
v 126.69 83.68 63.53
v 123.79 78.42 63.53
v 123.26 78.61 68.80
v 126.56 84.15 66.92
v 123.79 78.42 63.53
v 131.66 74.08 63.53
v 130.09 74.82 68.80
v 123.26 78.61 68.80
v 131.66 74.08 63.53
v 135.03 79.47 63.53
v 135.03 79.47 66.92
v 130.09 74.82 68.80
v 112.50 90.06 54.80
v 104.04 93.06 54.80
v 106.36 99.61 54.80
v 114.76 99.05 54.80
v 114.76 99.05 67.64
v 106.45 98.45 68.80
v 104.32 92.47 68.80
v 112.50 90.06 68.06
v 114.76 99.05 54.80
v 106.36 99.61 54.80
v 106.45 98.45 68.80
v 114.76 99.05 67.64
v 106.36 99.61 54.80
v 104.04 93.06 54.80
v 104.32 92.47 68.80
v 106.45 98.45 68.80
v 104.04 93.06 54.80
v 112.50 90.06 54.80
v 112.50 90.06 68.06
v 104.32 92.47 68.80
v 112.50 90.06 54.80
v 114.76 99.05 54.80
v 114.76 99.05 67.64
v 112.50 90.06 68.06
v 112.97 89.39 68.80
v 104.32 92.47 68.80
v 107.95 101.47 67.64
v 115.10 95.37 68.80
v 115.27 96.82 73.49
v 106.15 100.06 73.49
v 103.59 92.85 73.49
v 112.71 89.61 73.49
v 115.10 95.37 68.80
v 107.95 101.47 67.64
v 106.15 100.06 73.49
v 115.27 96.82 73.49
v 107.95 101.47 67.64
v 104.32 92.47 68.80
v 103.59 92.85 73.49
v 106.15 100.06 73.49
v 104.32 92.47 68.80
v 112.97 89.39 68.80
v 112.71 89.61 73.49
v 103.59 92.85 73.49
v 112.97 89.39 68.80
v 115.10 95.37 68.80
v 115.27 96.82 73.49
v 112.71 89.61 73.49
v 106.15 100.06 73.49
v 115.27 96.82 73.49
v 113.00 97.54 78.16
v 108.95 90.83 76.14
v 113.00 97.54 78.16
v 112.71 89.61 73.49
v 103.59 92.85 73.49
v 108.95 90.83 76.14
v 115.27 96.82 73.49
v 112.71 89.61 73.49
v 113.00 97.54 78.16
v 106.15 100.06 73.49
v 108.95 90.83 76.14
v 103.59 92.85 73.49
v 109.35 81.45 54.80
v 101.05 84.40 54.80
v 104.04 93.06 54.80
v 111.45 87.38 54.80
v 111.45 87.38 64.50
v 103.16 90.32 64.50
v 101.05 84.40 64.50
v 109.35 81.45 64.50
v 79.27 95.11 54.80
v 86.96 93.77 54.80
v 86.96 93.77 63.34
v 79.27 95.11 63.34
v 86.96 93.77 54.80
v 88.02 99.89 54.80
v 87.14 96.40 64.00
v 86.96 93.77 63.34
v 79.44 104.10 64.00
v 89.30 102.32 63.84
v 82.68 100.19 68.80
v 81.50 93.44 68.80
v 82.68 100.19 68.80
v 86.96 93.77 63.34
v 78.58 94.62 63.34
v 81.50 93.44 68.80
v 89.30 102.32 63.84
v 86.96 93.77 63.34
v 82.68 100.19 68.80
v 79.44 104.10 64.00
v 81.50 93.44 68.80
v 78.58 94.62 63.34
v 85.20 84.44 54.80
v 77.78 85.73 54.80
v 78.92 92.32 54.80
v 86.96 93.77 54.80
v 86.96 93.77 63.34
v 78.58 94.62 63.34
v 77.78 85.73 64.94
v 85.20 84.44 64.94
v 86.96 93.77 54.80
v 78.92 92.32 54.80
v 78.58 94.62 63.34
v 86.96 93.77 63.34
v 78.92 92.32 54.80
v 77.78 85.73 54.80
v 77.78 85.73 64.94
v 78.58 94.62 63.34
v 77.78 85.73 54.80
v 85.20 84.44 54.80
v 85.20 84.44 64.94
v 77.78 85.73 64.94
v 85.20 84.44 54.80
v 86.96 93.77 54.80
v 86.96 93.77 63.34
v 85.20 84.44 64.94
v 62.02 109.42 54.80
v 53.98 109.42 54.80
v 53.98 109.42 62.74
v 62.02 109.42 62.74
v 53.98 109.42 54.80
v 53.98 103.09 54.80
v 53.98 103.09 62.74
v 53.98 109.42 62.74
v 53.98 103.09 54.80
v 62.02 103.09 54.80
v 62.02 103.09 62.74
v 53.98 103.09 62.74
v 62.02 103.09 54.80
v 62.02 109.42 54.80
v 62.02 109.42 62.74
v 62.02 103.09 62.74
v 52.31 110.89 60.15
v 62.62 110.02 62.74
v 58.00 110.02 68.21
v 58.12 100.33 68.80
v 58.00 110.02 68.21
v 62.02 103.09 62.74
v 53.98 103.09 62.74
v 58.12 100.33 68.80
v 62.62 110.02 62.74
v 62.02 103.09 62.74
v 58.00 110.02 68.21
v 52.31 110.89 60.15
v 58.12 100.33 68.80
v 53.98 103.09 62.74
v 62.31 93.26 54.80
v 53.69 93.26 54.80
v 53.98 103.09 54.80
v 62.02 103.09 54.80
v 62.02 103.09 62.74
v 53.98 103.09 62.74
v 53.69 93.26 62.80
v 62.31 93.26 62.80
v 62.02 103.09 54.80
v 53.98 103.09 54.80
v 53.98 103.09 62.74
v 62.02 103.09 62.74
v 53.98 103.09 54.80
v 53.69 93.26 54.80
v 53.69 93.26 62.80
v 53.98 103.09 62.74
v 60.57 89.86 67.37
v 59.47 89.86 67.37
v 59.47 89.86 70.57
v 61.93 88.07 72.07
v 59.47 89.86 67.37
v 60.57 89.86 67.37
v 61.93 88.07 72.07
v 59.47 89.86 70.57
v 35.64 102.52 54.80
v 27.56 101.12 54.80
v 26.29 108.44 54.80
v 34.37 109.85 54.80
v 34.37 109.85 66.23
v 26.29 108.44 66.23
v 27.56 101.12 66.23
v 35.64 102.52 66.23
v 34.37 109.85 54.80
v 26.29 108.44 54.80
v 26.29 108.44 66.23
v 34.37 109.85 66.23
v 26.29 108.44 54.80
v 27.56 101.12 54.80
v 27.56 101.12 66.23
v 26.29 108.44 66.23
v -27.32 97.38 54.80
v -21.30 100.70 54.80
v -21.30 100.70 69.48
v -27.32 97.38 69.48
v -21.30 100.70 54.80
v -24.37 106.25 54.80
v -24.37 106.25 69.48
v -21.30 100.70 69.48
v -30.38 102.93 69.48
v -24.37 106.25 69.48
v -27.66 105.11 74.15
v -24.87 99.43 70.00
v -27.66 105.11 74.15
v -21.30 100.70 69.48
v -27.32 97.38 69.48
v -24.87 99.43 70.00
v -24.37 106.25 69.48
v -21.30 100.70 69.48
v -27.66 105.11 74.15
v -30.38 102.93 69.48
v -24.87 99.43 70.00
v -27.32 97.38 69.48
v -19.33 89.76 61.52
v -21.77 89.76 61.52
v -22.29 87.85 68.40
v -19.33 89.76 65.44
v -21.77 89.76 61.52
v -19.33 89.76 61.52
v -19.33 89.76 65.44
v -22.29 87.85 68.40
v -11.15 83.07 54.80
v -17.80 79.39 54.80
v -22.29 87.85 54.80
v -14.36 88.90 54.80
v -12.56 87.76 68.80
v -22.29 87.85 68.40
v -17.80 79.39 66.03
v -11.15 83.07 66.03
v -14.36 88.90 54.80
v -22.29 87.85 54.80
v -22.29 87.85 68.40
v -12.56 87.76 68.80
v -22.29 87.85 54.80
v -17.80 79.39 54.80
v -17.80 79.39 66.03
v -22.29 87.85 68.40
v -17.80 79.39 66.03
v -11.15 83.07 66.03
v -10.67 82.93 70.55
v -17.94 78.92 70.55
v -11.15 83.07 66.03
v -12.56 87.76 68.80
v -12.40 89.45 73.37
v -10.67 82.93 70.55
v -21.50 85.36 70.55
v -12.40 89.45 73.37
v -17.98 87.58 75.72
v -14.19 80.70 75.72
v -17.98 87.58 75.72
v -10.67 82.93 70.55
v -17.94 78.92 70.55
v -14.19 80.70 75.72
v -12.40 89.45 73.37
v -10.67 82.93 70.55
v -17.98 87.58 75.72
v -21.50 85.36 70.55
v -14.19 80.70 75.72
v -17.94 78.92 70.55
v -54.20 90.84 60.63
v -55.14 90.11 60.63
v -54.84 89.72 60.63
v -41.66 84.75 54.80
v -47.97 79.84 54.80
v -54.27 88.60 54.80
v -45.71 89.96 54.80
v -45.71 89.96 65.63
v -54.27 88.60 66.18
v -47.97 79.84 65.63
v -41.66 84.75 65.63
v -45.71 89.96 54.80
v -54.27 88.60 54.80
v -54.27 88.60 66.18
v -45.71 89.96 65.63
v -54.27 88.60 54.80
v -47.97 79.84 54.80
v -47.97 79.84 65.63
v -54.27 88.60 66.18
v -47.97 79.84 54.80
v -41.66 84.75 54.80
v -41.66 84.75 65.63
v -47.97 79.84 65.63
v -41.66 84.75 54.80
v -45.71 89.96 54.80
v -45.71 89.96 65.63
v -41.66 84.75 65.63
v -41.66 84.75 65.63
v -47.97 79.84 65.63
v -54.27 88.60 66.18
v -48.59 93.01 66.18
v -48.59 93.01 66.18
v -54.27 88.60 66.18
v -47.97 79.84 65.63
v -41.66 84.75 65.63
v -54.27 88.60 66.18
v -48.59 93.01 66.18
v -49.23 87.98 75.40
v -44.45 81.82 75.40
v -49.23 87.98 75.40
v -41.66 84.75 65.63
v -47.97 79.84 65.63
v -44.45 81.82 75.40
v -48.59 93.01 66.18
v -41.66 84.75 65.63
v -49.23 87.98 75.40
v -70.73 79.06 68.67
v -73.91 80.32 68.67
v -73.91 80.32 71.88
v -74.12 79.00 70.00
v -63.70 70.83 54.80
v -68.38 65.92 54.80
v -73.49 70.79 54.80
v -68.81 75.70 54.80
v -68.81 75.70 63.26
v -73.49 70.79 63.26
v -68.38 65.92 63.26
v -63.70 70.83 63.26
v -68.81 75.70 54.80
v -73.49 70.79 54.80
v -73.49 70.79 63.26
v -68.81 75.70 63.26
v -73.49 70.79 54.80
v -68.38 65.92 54.80
v -68.38 65.92 63.26
v -73.49 70.79 63.26
v -68.38 65.92 54.80
v -63.70 70.83 54.80
v -63.70 70.83 63.26
v -68.38 65.92 63.26
v -89.28 59.89 62.53
v -93.41 54.13 62.53
v -85.34 46.87 63.02
v -79.81 54.59 63.02
v -89.28 59.89 54.80
v -93.41 54.13 54.80
v -93.41 54.13 62.53
v -89.28 59.89 62.53
v -93.41 54.13 54.80
v -85.34 46.87 54.80
v -85.34 46.87 63.02
v -93.41 54.13 62.53
v -85.34 46.87 54.80
v -79.81 54.59 54.80
v -79.81 54.59 63.02
v -85.34 46.87 63.02
v -79.81 54.59 54.80
v -89.28 59.89 54.80
v -89.28 59.89 62.53
v -79.81 54.59 63.02
v -79.81 54.59 63.02
v -85.34 46.87 63.02
v -93.41 54.13 62.53
v -89.28 59.89 62.53
v -90.49 34.03 64.56
v -94.74 26.05 64.56
v -87.84 22.38 64.56
v -83.59 30.37 64.56
v -90.49 34.03 54.80
v -94.74 26.05 54.80
v -94.74 26.05 64.56
v -90.49 34.03 64.56
v -94.74 26.05 54.80
v -87.84 22.38 54.80
v -87.84 22.38 64.56
v -94.74 26.05 64.56
v -87.84 22.38 54.80
v -83.59 30.37 54.80
v -83.59 30.37 64.56
v -87.84 22.38 64.56
v -83.59 30.37 54.80
v -90.49 34.03 54.80
v -90.49 34.03 64.56
v -83.59 30.37 64.56
v -96.03 29.37 63.24
v -90.49 34.03 64.56
v -91.99 31.11 70.00
v -85.18 26.09 70.71
v -91.99 31.11 70.00
v -83.59 30.37 64.56
v -87.84 22.38 64.56
v -85.18 26.09 70.71
v -90.49 34.03 64.56
v -83.59 30.37 64.56
v -91.99 31.11 70.00
v -96.03 29.37 63.24
v -85.18 26.09 70.71
v -87.84 22.38 64.56
v -86.85 30.28 64.56
v -87.44 25.23 61.18
v -87.37 29.31 67.76
v -86.85 30.28 67.76
v -87.44 25.23 61.18
v -86.85 30.28 64.56
v -86.85 30.28 67.76
v -87.37 29.31 67.76
v -116.94 20.22 54.80
v -119.69 12.94 54.80
v -125.98 15.32 54.80
v -123.23 22.60 54.80
v -123.23 22.60 63.08
v -125.98 15.32 63.08
v -119.01 10.44 64.00
v -116.94 20.22 63.08
v -123.23 22.60 54.80
v -125.98 15.32 54.80
v -125.98 15.32 63.08
v -123.23 22.60 63.08
v -125.98 15.32 54.80
v -119.69 12.94 54.80
v -119.01 10.44 64.00
v -125.98 15.32 63.08
v -119.69 12.94 54.80
v -116.94 20.22 54.80
v -116.94 20.22 63.08
v -119.01 10.44 64.00
v -116.94 20.22 54.80
v -123.23 22.60 54.80
v -123.23 22.60 63.08
v -116.94 20.22 63.08
v -126.75 14.97 63.08
v -123.23 22.60 63.08
v -125.17 19.17 68.37
v -117.75 16.37 68.37
v -115.61 11.22 68.81
v -107.28 12.42 74.34
v -107.96 5.18 68.80
v -112.38 11.30 59.64
v -112.41 9.83 59.64
v -110.97 9.67 63.75
v -110.11 10.44 64.00
v -112.41 9.83 59.64
v -112.38 11.30 59.64
v -110.11 10.44 64.00
v -110.97 9.67 63.75
v -109.61 11.30 59.64
v -109.64 9.83 59.64
v -112.38 11.30 59.64
v -109.61 11.30 61.69
v -110.11 10.44 64.00
v -106.85 7.18 64.00
v -109.61 11.30 59.64
v -112.38 11.30 59.64
v -110.11 10.44 64.00
v -109.61 11.30 61.69
v -109.61 11.30 61.69
v -110.11 10.44 64.00
v -112.38 11.30 65.77
v -109.61 11.30 65.77
v -110.11 10.44 64.00
v -106.85 7.18 64.00
v -107.96 5.18 68.80
v -112.38 11.30 65.77
v -106.85 7.18 64.00
v -109.61 11.30 61.69
v -109.61 11.30 65.77
v -107.96 5.18 68.80
v -106.41 16.43 68.81
v -109.61 11.30 65.77
v -107.28 12.42 74.34
v -109.00 15.76 72.01
v -109.61 11.30 65.77
v -106.41 16.43 68.81
v -109.00 15.76 72.01
v -107.28 12.42 74.34
v -95.79 12.12 54.80
v -98.46 5.04 54.80
v -109.28 8.83 54.80
v -102.67 14.72 54.80
v -102.67 14.72 65.83
v -107.96 5.18 68.80
v -98.46 5.04 65.83
v -95.79 12.12 65.83
v -102.67 14.72 54.80
v -109.28 8.83 54.80
v -107.96 5.18 68.80
v -102.67 14.72 65.83
v -109.28 8.83 54.80
v -98.46 5.04 54.80
v -98.46 5.04 65.83
v -107.96 5.18 68.80
v -98.46 5.04 54.80
v -95.79 12.12 54.80
v -95.79 12.12 65.83
v -98.46 5.04 65.83
v -95.79 12.12 54.80
v -102.67 14.72 54.80
v -102.67 14.72 65.83
v -95.79 12.12 65.83
v -107.96 5.18 68.80
v -100.15 16.05 68.80
v -100.77 14.23 70.00
v -96.57 8.37 70.97
v -126.47 -10.00 62.84
v -118.61 -11.55 62.84
v -118.35 -11.97 65.91
v -126.47 -10.00 65.91
v -118.61 -11.55 62.84
v -119.01 -4.98 64.00
v -116.15 -2.92 65.91
v -118.35 -11.97 65.91
v -119.01 -4.98 64.00
v -123.30 -4.09 63.75
v -124.28 -0.95 65.91
v -116.15 -2.92 65.91
v -126.47 -10.00 65.91
v -124.28 -0.95 65.91
v -125.62 -5.42 71.77
v -117.01 -7.51 71.77
v -125.62 -5.42 71.77
v -116.15 -2.92 65.91
v -118.35 -11.97 65.91
v -117.01 -7.51 71.77
v -124.28 -0.95 65.91
v -116.15 -2.92 65.91
v -125.62 -5.42 71.77
v -126.47 -10.00 65.91
v -117.01 -7.51 71.77
v -118.35 -11.97 65.91
v -122.86 -9.39 59.06
v -123.21 -10.83 59.06
v -123.21 -10.83 60.52
v -122.86 -9.39 60.52
v -123.21 -10.83 59.06
v -122.86 -9.39 59.06
v -122.86 -9.39 60.52
v -123.21 -10.83 60.52
v -119.89 -9.39 59.06
v -119.77 -10.94 59.06
v -123.21 -10.83 59.06
v -119.89 -9.39 60.52
v -123.21 -10.83 60.52
v -118.61 -11.55 62.84
v -119.89 -9.39 59.06
v -123.21 -10.83 59.06
v -123.21 -10.83 60.52
v -119.89 -9.39 60.52
v -141.72 -22.42 63.53
v -137.83 -22.28 68.77
v -134.07 -23.33 63.53
v -143.29 -30.51 63.53
v -134.08 -34.03 63.00
v -138.87 -31.04 68.77
v -123.29 -25.17 54.80
v -124.06 -31.63 54.80
v -134.97 -30.89 54.80
v -129.78 -24.40 54.80
v -129.78 -24.40 65.56
v -130.55 -30.86 65.56
v -124.06 -31.63 65.56
v -123.29 -25.17 65.56
v -129.78 -24.40 54.80
v -134.97 -30.89 54.80
v -130.55 -30.86 65.56
v -129.78 -24.40 65.56
v -134.97 -30.89 54.80
v -124.06 -31.63 54.80
v -124.06 -31.63 65.56
v -130.55 -30.86 65.56
v -110.85 -25.61 54.80
v -111.87 -34.12 54.80
v -124.06 -31.63 54.80
v -119.12 -24.62 54.80
v -119.12 -24.62 64.68
v -122.72 -30.18 63.00
v -111.87 -34.12 64.68
v -110.85 -25.61 64.68
v -119.12 -24.62 54.80
v -124.06 -31.63 54.80
v -122.72 -30.18 63.00
v -119.12 -24.62 64.68
v -124.06 -31.63 54.80
v -111.87 -34.12 54.80
v -111.87 -34.12 64.68
v -122.72 -30.18 63.00
v -111.87 -34.12 54.80
v -110.85 -25.61 54.80
v -110.85 -25.61 64.68
v -111.87 -34.12 64.68
v -110.85 -25.61 54.80
v -119.12 -24.62 54.80
v -119.12 -24.62 64.68
v -110.85 -25.61 64.68
v -121.55 -45.83 54.80
v -121.55 -54.17 54.80
v -129.86 -54.17 54.80
v -129.86 -45.83 54.80
v -129.86 -45.83 64.18
v -127.11 -54.57 63.00
v -121.55 -54.17 64.18
v -121.55 -45.83 64.18
v -129.86 -45.83 54.80
v -129.86 -54.17 54.80
v -127.11 -54.57 63.00
v -129.86 -45.83 64.18
v -129.86 -54.17 54.80
v -121.55 -54.17 54.80
v -121.55 -54.17 64.18
v -127.11 -54.57 63.00
v -121.55 -54.17 54.80
v -121.55 -45.83 54.80
v -121.55 -45.83 64.18
v -121.55 -54.17 64.18
v -121.55 -45.83 54.80
v -129.86 -45.83 54.80
v -129.86 -45.83 64.18
v -121.55 -45.83 64.18
v -121.55 -45.83 64.18
v -121.55 -54.17 64.18
v -130.21 -54.52 64.18
v -130.21 -45.48 64.18
v -133.19 -45.92 68.31
v -133.19 -54.08 68.31
v -121.20 -54.52 67.87
v -121.20 -45.48 67.87
v -130.21 -45.48 64.18
v -130.21 -54.52 64.18
v -133.19 -54.08 68.31
v -133.19 -45.92 68.31
v -130.21 -54.52 64.18
v -121.55 -54.17 64.18
v -121.20 -54.52 67.87
v -133.19 -54.08 68.31
v -121.55 -54.17 64.18
v -121.55 -45.83 64.18
v -121.20 -45.48 67.87
v -121.20 -54.52 67.87
v -121.55 -45.83 64.18
v -130.21 -45.48 64.18
v -133.19 -45.92 68.31
v -121.20 -45.48 67.87
v -133.61 -68.92 66.49
v -132.70 -76.53 66.49
v -133.01 -76.92 71.22
v -134.00 -68.62 71.22
v -132.70 -76.53 66.49
v -126.02 -75.73 66.49
v -125.63 -76.04 71.22
v -133.01 -76.92 71.22
v -126.02 -75.73 66.49
v -126.92 -68.13 66.49
v -126.62 -67.74 71.22
v -125.63 -76.04 71.22
v -126.92 -68.13 66.49
v -133.61 -68.92 66.49
v -134.00 -68.62 71.22
v -126.62 -67.74 71.22
v -133.01 -76.92 71.22
v -134.00 -68.62 71.22
v -133.75 -72.80 76.42
v -125.87 -71.86 76.42
v -133.75 -72.80 76.42
v -126.62 -67.74 71.22
v -125.63 -76.04 71.22
v -125.87 -71.86 76.42
v -114.37 -73.91 54.80
v -115.17 -67.18 54.80
v -115.17 -67.18 66.67
v -114.37 -73.91 66.67
v -115.17 -67.18 54.80
v -123.39 -68.15 54.80
v -123.39 -68.15 66.67
v -115.17 -67.18 66.67
v -123.39 -68.15 66.67
v -123.11 -75.55 66.67
v -118.41 -74.99 72.30
v -119.35 -67.07 72.30
v -114.65 -66.51 66.67
v -119.35 -67.07 72.30
v -118.41 -74.99 72.30
v -114.37 -73.91 66.67
v -123.39 -68.15 66.67
v -119.35 -67.07 72.30
v -114.65 -66.51 66.67
v -123.11 -75.55 66.67
v -114.37 -73.91 66.67
v -118.41 -74.99 72.30
v -119.82 -74.46 59.22
v -119.69 -75.57 59.22
v -121.08 -78.81 58.68
v -120.31 -74.52 59.22
v -120.31 -74.52 60.83
v -120.17 -75.62 60.83
v -119.69 -75.57 60.83
v -119.82 -74.46 60.83
v -120.31 -74.52 59.22
v -121.08 -78.81 58.68
v -120.17 -75.62 60.83
v -120.31 -74.52 60.83
v -121.08 -78.81 58.68
v -119.69 -75.57 59.22
v -119.69 -75.57 60.83
v -120.17 -75.62 60.83
v -119.69 -75.57 59.22
v -119.82 -74.46 59.22
v -119.82 -74.46 60.83
v -119.69 -75.57 60.83
v -119.82 -74.46 59.22
v -120.31 -74.52 59.22
v -120.31 -74.52 60.83
v -119.82 -74.46 60.83
v -125.68 -90.57 65.31
v -121.50 -89.56 70.34
v -117.76 -89.27 65.31
v -123.39 -97.45 65.31
v -116.20 -95.70 65.31
v -119.65 -97.16 70.34
v -106.92 -86.67 54.80
v -105.38 -93.04 54.80
v -113.44 -95.00 54.80
v -114.99 -88.63 54.80
v -114.99 -88.63 67.62
v -113.44 -95.00 67.62
v -105.38 -93.04 67.62
v -106.92 -86.67 67.62
v -114.99 -88.63 54.80
v -113.44 -95.00 54.80
v -113.44 -95.00 67.62
v -114.99 -88.63 67.62
v -113.44 -95.00 54.80
v -105.38 -93.04 54.80
v -105.38 -93.04 67.62
v -113.44 -95.00 67.62
v -105.38 -93.04 54.80
v -106.92 -86.67 54.80
v -106.92 -86.67 67.62
v -105.38 -93.04 67.62
v -106.92 -86.67 54.80
v -114.99 -88.63 54.80
v -114.99 -88.63 67.62
v -106.92 -86.67 67.62
v -106.92 -86.67 67.62
v -104.95 -93.30 67.62
v -113.70 -95.42 67.62
v -117.76 -89.27 65.31
v -115.41 -88.37 72.84
v -113.70 -95.42 72.84
v -104.95 -93.30 72.84
v -106.67 -86.25 72.84
v -117.76 -89.27 65.31
v -113.70 -95.42 67.62
v -113.70 -95.42 72.84
v -115.41 -88.37 72.84
v -113.70 -95.42 67.62
v -104.95 -93.30 67.62
v -104.95 -93.30 72.84
v -113.70 -95.42 72.84
v -104.95 -93.30 67.62
v -106.92 -86.67 67.62
v -106.67 -86.25 72.84
v -104.95 -93.30 72.84
v -106.92 -86.67 67.62
v -117.76 -89.27 65.31
v -115.41 -88.37 72.84
v -106.67 -86.25 72.84
v -115.41 -88.37 72.84
v -113.70 -95.42 72.84
v -109.27 -94.60 78.49
v -111.10 -87.07 78.49
v -106.67 -86.25 72.84
v -111.10 -87.07 78.49
v -109.27 -94.60 78.49
v -104.95 -93.30 72.84
v -115.41 -88.37 72.84
v -111.10 -87.07 78.49
v -106.67 -86.25 72.84
v -113.70 -95.42 72.84
v -104.95 -93.30 72.84
v -109.27 -94.60 78.49
v -107.55 -116.23 66.07
v -110.00 -109.74 66.07
v -109.80 -109.28 70.60
v -107.10 -116.43 70.60
v -110.00 -109.74 66.07
v -116.91 -112.34 66.07
v -117.36 -112.14 70.60
v -109.80 -109.28 70.60
v -117.36 -112.14 70.60
v -114.66 -119.28 70.60
v -110.79 -118.09 75.62
v -113.67 -110.48 75.62
v -109.80 -109.28 70.60
v -113.67 -110.48 75.62
v -110.79 -118.09 75.62
v -107.10 -116.43 70.60
v -117.36 -112.14 70.60
v -113.67 -110.48 75.62
v -109.80 -109.28 70.60
v -114.66 -119.28 70.60
v -107.10 -116.43 70.60
v -110.79 -118.09 75.62
v -99.72 -104.06 67.20
v -94.45 -112.03 67.17
v -94.14 -112.75 70.00
v -97.85 -104.03 72.19
v -94.45 -112.03 67.17
v -87.42 -109.37 67.17
v -86.97 -109.58 72.19
v -94.14 -112.75 70.00
v -87.42 -109.37 67.17
v -90.37 -101.58 67.17
v -90.17 -101.12 72.19
v -86.97 -109.58 72.19
v -90.37 -101.58 67.17
v -99.72 -104.06 67.20
v -97.85 -104.03 72.19
v -90.17 -101.12 72.19
v -94.14 -112.75 70.00
v -97.85 -104.03 72.19
v -96.49 -108.34 77.86
v -88.34 -105.26 77.86
v -96.49 -108.34 77.86
v -90.17 -101.12 72.19
v -86.97 -109.58 72.19
v -88.34 -105.26 77.86
v -97.85 -104.03 72.19
v -90.17 -101.12 72.19
v -96.49 -108.34 77.86
v -94.14 -112.75 70.00
v -88.34 -105.26 77.86
v -86.97 -109.58 72.19
v -89.71 -104.79 72.19
v -86.97 -109.58 72.19
v -90.74 -105.18 72.19
v -90.74 -105.18 75.39
v -88.34 -105.26 77.86
v -88.63 -101.57 78.46
v -90.74 -105.18 72.19
v -86.97 -109.58 72.19
v -88.34 -105.26 77.86
v -90.74 -105.18 75.39
v -86.97 -109.58 72.19
v -89.71 -104.79 72.19
v -88.63 -101.57 78.46
v -88.34 -105.26 77.86
v -89.71 -104.79 72.19
v -90.74 -105.18 72.19
v -90.74 -105.18 75.39
v -88.63 -101.57 78.46
v -102.50 -131.58 54.80
v -99.42 -137.37 54.80
v -105.23 -140.46 54.80
v -108.31 -134.66 54.80
v -108.31 -134.66 67.72
v -105.23 -140.46 67.72
v -99.42 -137.37 67.72
v -102.50 -131.58 67.72
v -108.31 -134.66 54.80
v -105.23 -140.46 54.80
v -105.23 -140.46 67.72
v -108.31 -134.66 67.72
v -105.23 -140.46 54.80
v -99.42 -137.37 54.80
v -99.42 -137.37 67.72
v -105.23 -140.46 67.72
v -99.42 -137.37 54.80
v -102.50 -131.58 54.80
v -102.50 -131.58 67.72
v -99.42 -137.37 67.72
v -102.50 -131.58 54.80
v -108.31 -134.66 54.80
v -108.31 -134.66 67.72
v -102.50 -131.58 67.72
v -108.31 -134.66 67.72
v -105.23 -140.46 67.72
v -102.04 -139.45 72.19
v -105.68 -132.59 72.19
v -102.50 -131.58 67.72
v -105.68 -132.59 72.19
v -102.04 -139.45 72.19
v -99.42 -137.37 67.72
v -108.31 -134.66 67.72
v -105.68 -132.59 72.19
v -102.50 -131.58 67.72
v -105.23 -140.46 67.72
v -99.42 -137.37 67.72
v -102.04 -139.45 72.19
v -105.40 -138.82 59.42
v -104.90 -139.77 59.42
v -104.90 -139.77 61.25
v -105.40 -138.82 61.25
v -73.82 -140.20 54.80
v -79.18 -144.05 54.80
v -79.18 -144.05 66.14
v -73.82 -140.20 66.14
v -77.09 -152.28 66.33
v -82.22 -144.69 66.33
v -79.48 -148.51 71.91
v -71.32 -142.66 70.84
v -79.48 -148.51 71.91
v -73.68 -139.37 66.14
v -69.80 -145.82 66.14
v -71.32 -142.66 70.84
v -82.22 -144.69 66.33
v -73.68 -139.37 66.14
v -79.48 -148.51 71.91
v -77.09 -152.28 66.33
v -71.32 -142.66 70.84
v -69.80 -145.82 66.14
v 33.59 114.53 48.00
v 32.79 117.00 48.00
v 32.79 117.00 72.00
v 33.59 114.53 72.00
v 32.79 117.00 48.00
v 28.09 118.53 48.00
v 29.39 119.04 70.00
v 32.79 117.00 72.00
v 28.09 118.53 48.00
v 25.19 114.53 48.00
v 25.19 114.53 72.00
v 29.39 119.04 70.00
v 25.19 114.53 48.00
v 33.59 114.53 48.00
v 33.59 114.53 72.00
v 25.19 114.53 72.00
v 33.59 114.53 72.00
v 32.79 117.00 72.00
v 29.39 119.04 70.00
v 25.19 114.53 72.00
v 35.06 114.53 72.00
v 32.79 117.00 72.00
v 29.39 114.53 78.00
v 32.79 117.00 72.00
v 29.39 119.04 70.00
v 29.39 114.53 78.00
v 176.22 69.30 40.80
v 171.64 74.04 40.80
v 171.64 74.04 55.48
v 176.22 69.30 55.48
v 171.64 74.04 40.80
v 166.53 69.09 40.80
v 166.53 69.09 55.48
v 171.64 74.04 55.48
v 166.53 69.09 40.80
v 171.11 64.35 40.80
v 171.11 64.35 55.48
v 166.53 69.09 55.48
v 171.11 64.35 40.80
v 176.22 69.30 40.80
v 176.22 69.30 55.48
v 171.11 64.35 55.48
v 171.11 64.35 55.48
v 166.53 69.09 55.48
v 171.64 74.04 55.48
v 176.22 69.30 55.48
v 176.89 66.52 62.00
v 174.79 72.98 62.00
v 166.03 69.10 61.54
v 171.10 63.86 61.54
v 176.89 66.52 62.00
v 171.57 69.09 68.80
v 171.10 63.86 61.54
v 174.79 72.98 62.00
v 166.03 69.10 61.54
v 168.67 72.00 66.38
v 170.85 65.54 46.99
v 169.75 65.98 46.99
v 169.75 65.98 50.38
v 170.85 65.54 50.38
v 169.75 65.98 46.99
v 170.85 65.54 46.99
v 170.85 65.54 50.38
v 169.75 65.98 50.38
v 170.85 65.54 50.38
v 169.75 65.98 50.38
v 166.53 69.09 55.48
v 170.85 65.54 57.15
v 169.75 65.98 50.38
v 170.85 65.54 50.38
v 170.85 65.54 57.15
v 166.53 69.09 55.48
v 164.39 94.90 40.80
v 157.24 100.38 40.80
v 162.29 106.96 40.80
v 169.43 101.48 40.80
v 169.43 101.48 54.91
v 162.29 106.96 54.91
v 157.24 100.38 54.91
v 164.39 94.90 54.91
v 169.43 101.48 40.80
v 162.29 106.96 40.80
v 162.29 106.96 54.91
v 169.43 101.48 54.91
v 162.29 106.96 40.80
v 157.24 100.38 40.80
v 157.24 100.38 54.91
v 162.29 106.96 54.91
v 157.24 100.38 40.80
v 164.39 94.90 40.80
v 164.39 94.90 54.91
v 157.24 100.38 54.91
v 164.39 94.90 40.80
v 169.43 101.48 40.80
v 169.43 101.48 54.91
v 164.39 94.90 54.91
v 144.71 82.45 53.65
v 150.28 75.52 54.80
v 150.38 77.67 58.90
v 144.22 82.39 58.90
v 150.28 75.52 54.80
v 156.76 83.42 54.80
v 158.40 83.63 56.00
v 150.38 77.67 58.90
v 158.40 83.63 56.00
v 148.98 88.59 58.90
v 146.40 85.64 63.74
v 152.95 80.62 63.74
v 150.38 77.67 58.90
v 152.95 80.62 63.74
v 146.40 85.64 63.74
v 144.22 82.39 58.90
v 158.40 83.63 56.00
v 152.95 80.62 63.74
v 150.38 77.67 58.90
v 148.98 88.59 58.90
v 144.22 82.39 58.90
v 146.40 85.64 63.74
v 149.12 79.53 52.18
v 148.19 80.25 52.18
v 148.19 80.25 55.04
v 149.12 79.53 55.04
v 148.19 80.25 52.18
v 149.12 79.53 52.18
v 149.12 79.53 55.04
v 148.19 80.25 55.04
v 150.28 75.52 54.80
v 154.83 81.37 54.80
v 150.53 80.25 55.04
v 150.38 77.67 58.90
v 154.83 81.37 54.80
v 150.28 75.52 54.80
v 150.38 77.67 58.90
v 150.53 80.25 55.04
v 150.53 80.25 55.04
v 154.27 89.11 57.99
v 151.68 85.16 62.10
v 152.95 80.62 63.74
v 154.27 89.11 57.99
v 150.53 80.25 55.04
v 152.95 80.62 63.74
v 151.68 85.16 62.10
v 108.95 124.47 48.73
v 112.27 126.06 48.73
v 110.36 125.14 51.92
v 108.95 124.47 51.92
v 106.16 108.85 40.80
v 99.44 111.20 40.80
v 101.69 117.63 40.80
v 109.60 118.44 40.80
v 108.41 115.27 53.27
v 101.69 117.63 53.27
v 99.44 111.20 53.27
v 106.16 108.85 53.27
v 109.60 118.44 40.80
v 101.69 117.63 40.80
v 101.69 117.63 53.27
v 108.41 115.27 53.27
v 101.69 117.63 40.80
v 99.44 111.20 40.80
v 99.44 111.20 53.27
v 101.69 117.63 53.27
v 99.44 111.20 40.80
v 106.16 108.85 40.80
v 106.16 108.85 53.27
v 99.44 111.20 53.27
v 106.16 108.85 40.80
v 109.60 118.44 40.80
v 108.41 115.27 53.27
v 106.16 108.85 53.27
v 106.16 108.85 53.27
v 99.44 111.20 53.27
v 101.69 117.63 53.27
v 108.41 115.27 53.27
v 108.85 115.49 58.34
v 101.48 118.07 58.34
v 99.00 110.99 58.34
v 106.37 108.40 58.34
v 108.41 115.27 53.27
v 101.69 117.63 53.27
v 101.48 118.07 58.34
v 108.85 115.49 58.34
v 101.69 117.63 53.27
v 99.44 111.20 53.27
v 99.00 110.99 58.34
v 101.48 118.07 58.34
v 99.44 111.20 53.27
v 106.16 108.85 53.27
v 106.37 108.40 58.34
v 99.00 110.99 58.34
v 106.16 108.85 53.27
v 108.41 115.27 53.27
v 108.85 115.49 58.34
v 106.37 108.40 58.34
v 101.48 118.07 58.34
v 108.85 115.49 58.34
v 105.25 117.02 63.18
v 102.60 109.46 63.18
v 105.25 117.02 63.18
v 106.37 108.40 58.34
v 99.00 110.99 58.34
v 102.60 109.46 63.18
v 108.85 115.49 58.34
v 106.37 108.40 58.34
v 105.25 117.02 63.18
v 101.48 118.07 58.34
v 102.60 109.46 63.18
v 99.00 110.99 58.34
v 105.75 110.00 46.35
v 103.38 110.00 46.35
v 102.27 110.39 46.35
v 79.52 121.94 40.80
v 80.82 129.54 40.80
v 80.82 129.54 53.43
v 79.52 121.94 53.43
v 79.52 121.94 53.43
v 72.41 123.16 53.43
v 73.71 130.76 53.43
v 80.82 129.54 53.43
v 81.22 129.83 58.57
v 73.43 131.17 58.57
v 72.00 122.88 58.57
v 79.80 121.54 58.57
v 80.82 129.54 53.43
v 73.71 130.76 53.43
v 73.43 131.17 58.57
v 81.22 129.83 58.57
v 73.71 130.76 53.43
v 72.41 123.16 53.43
v 72.00 122.88 58.57
v 73.43 131.17 58.57
v 72.41 123.16 53.43
v 79.52 121.94 53.43
v 79.80 121.54 58.57
v 72.00 122.88 58.57
v 79.52 121.94 53.43
v 80.82 129.54 53.43
v 81.22 129.83 58.57
v 79.80 121.54 58.57
v 81.51 130.03 58.57
v 73.43 131.17 58.57
v 72.47 127.06 63.82
v 80.87 129.26 64.40
v 83.74 121.91 56.00
v 80.87 129.26 64.40
v 72.47 127.06 63.82
v 72.00 122.88 58.57
v 81.51 130.03 58.57
v 80.87 129.26 64.40
v 83.74 121.91 56.00
v 73.43 131.17 58.57
v 72.00 122.88 58.57
v 72.47 127.06 63.82
v 77.55 111.57 40.80
v 70.80 112.73 40.80
v 72.41 123.16 40.80
v 78.86 119.22 40.80
v 78.86 119.22 55.04
v 72.00 122.88 58.57
v 70.80 112.73 55.04
v 77.55 111.57 55.04
v 78.86 119.22 40.80
v 72.41 123.16 40.80
v 72.00 122.88 58.57
v 78.86 119.22 55.04
v 72.41 123.16 40.80
v 70.80 112.73 40.80
v 70.80 112.73 55.04
v 72.00 122.88 58.57
v 70.80 112.73 40.80
v 77.55 111.57 40.80
v 77.55 111.57 55.04
v 70.80 112.73 55.04
v 77.55 111.57 40.80
v 78.86 119.22 40.80
v 78.86 119.22 55.04
v 77.55 111.57 55.04
v 78.86 119.22 55.04
v 72.00 122.88 58.57
v 70.87 116.65 60.31
v 78.80 115.29 60.31
v 41.17 129.22 57.23
v 46.00 121.62 63.32
v 41.17 121.87 57.23
v 49.35 112.10 40.80
v 42.65 112.10 40.80
v 42.65 118.33 40.80
v 49.35 118.33 40.80
v 49.35 118.33 52.30
v 42.65 118.33 52.30
v 42.65 112.10 52.30
v 49.35 112.10 52.30
v 49.35 118.33 40.80
v 42.65 118.33 40.80
v 42.65 118.33 52.30
v 49.35 118.33 52.30
v 42.65 118.33 40.80
v 42.65 112.10 40.80
v 42.65 112.10 52.30
v 42.65 118.33 52.30
v 42.65 112.10 40.80
v 49.35 112.10 40.80
v 49.35 112.10 52.30
v 42.65 112.10 52.30
v 49.28 108.07 54.36
v 42.72 108.07 54.36
v 42.72 101.69 54.36
v 49.28 101.69 54.36
v 49.28 108.07 40.80
v 42.72 108.07 40.80
v 42.72 108.07 54.36
v 49.28 108.07 54.36
v 42.72 108.07 40.80
v 42.72 101.69 40.80
v 42.72 101.69 54.36
v 42.72 108.07 54.36
v 42.72 101.69 40.80
v 49.28 101.69 40.80
v 49.28 101.69 54.36
v 42.72 101.69 54.36
v 49.28 101.69 40.80
v 49.28 108.07 40.80
v 49.28 108.07 54.36
v 49.28 101.69 54.36
v 49.28 101.69 54.36
v 42.72 101.69 54.36
v 42.72 108.07 54.36
v 49.28 108.07 54.36
v 13.81 120.96 45.45
v 15.05 121.17 45.45
v 15.05 121.17 51.01
v 12.63 120.11 53.86
v 22.13 111.67 40.80
v 13.92 110.26 40.80
v 12.87 116.39 40.80
v 21.08 117.80 40.80
v 23.78 118.63 45.17
v 12.87 116.39 48.96
v 13.92 110.26 48.96
v 22.13 111.67 48.96
v 21.08 117.80 40.80
v 12.87 116.39 40.80
v 12.87 116.39 48.96
v 23.78 118.63 45.17
v 12.87 116.39 40.80
v 13.92 110.26 40.80
v 13.92 110.26 48.96
v 12.87 116.39 48.96
v 13.92 110.26 40.80
v 22.13 111.67 40.80
v 22.13 111.67 48.96
v 13.92 110.26 48.96
v 22.13 111.67 40.80
v 21.08 117.80 40.80
v 23.78 118.63 45.17
v 22.13 111.67 48.96
v 22.13 111.67 48.96
v 13.63 109.86 48.96
v 12.87 116.39 48.96
v 23.78 118.63 45.17
v 21.37 118.20 52.09
v 12.14 119.42 53.86
v 13.63 109.86 52.09
v 22.54 111.39 52.09
v 23.78 118.63 45.17
v 12.87 116.39 48.96
v 12.14 119.42 53.86
v 21.37 118.20 52.09
v 12.87 116.39 48.96
v 13.63 109.86 48.96
v 13.63 109.86 52.09
v 12.14 119.42 53.86
v 13.63 109.86 48.96
v 22.13 111.67 48.96
v 22.54 111.39 52.09
v 13.63 109.86 52.09
v 22.13 111.67 48.96
v 23.78 118.63 45.17
v 21.37 118.20 52.09
v 22.54 111.39 52.09
v 12.14 119.42 53.86
v 21.37 118.20 52.09
v 16.87 117.69 57.76
v 18.13 110.38 57.76
v 16.87 117.69 57.76
v 22.54 111.39 52.09
v 13.63 109.86 52.09
v 18.13 110.38 57.76
v 21.37 118.20 52.09
v 22.54 111.39 52.09
v 16.87 117.69 57.76
v 12.14 119.42 53.86
v 18.13 110.38 57.76
v 13.63 109.86 52.09
v 23.46 100.95 40.80
v 16.24 99.71 40.80
v 15.06 106.59 40.80
v 22.28 107.83 40.80
v 22.28 107.83 53.90
v 15.06 106.59 53.90
v 16.24 99.71 53.90
v 23.46 100.95 53.90
v 22.28 107.83 40.80
v 15.06 106.59 40.80
v 15.06 106.59 53.90
v 22.28 107.83 53.90
v 15.06 106.59 40.80
v 16.24 99.71 40.80
v 16.24 99.71 53.90
v 15.06 106.59 53.90
v 16.24 99.71 40.80
v 23.46 100.95 40.80
v 23.46 100.95 53.90
v 16.24 99.71 53.90
v 23.46 100.95 40.80
v 22.28 107.83 40.80
v 22.28 107.83 53.90
v 23.46 100.95 53.90
v 13.63 109.86 52.09
v 22.28 107.83 53.90
v 18.57 107.80 58.88
v 19.95 99.74 58.88
v -10.85 120.59 51.99
v -13.61 128.45 51.99
v -13.40 128.90 56.48
v -10.41 120.37 56.48
v -13.40 128.90 56.48
v -23.39 127.14 56.00
v -19.30 122.05 62.15
v -11.67 124.72 62.15
v -10.41 120.37 56.48
v -11.67 124.72 62.15
v -19.30 122.05 62.15
v -17.56 117.86 56.48
v -13.40 128.90 56.48
v -11.67 124.72 62.15
v -10.41 120.37 56.48
v -23.39 127.14 56.00
v -17.56 117.86 56.48
v -19.30 122.05 62.15
v -6.56 111.43 40.80
v -14.99 108.48 40.80
v -17.25 114.92 40.80
v -8.82 117.87 40.80
v -8.60 118.32 58.60
v -17.56 117.86 56.48
v -15.20 108.03 58.60
v -8.97 114.10 59.35
v -8.82 117.87 53.45
v -17.35 118.31 51.99
v -17.56 117.86 56.48
v -8.60 118.32 58.60
v -17.35 118.31 51.99
v -15.20 108.03 53.45
v -15.20 108.03 58.60
v -17.56 117.86 56.48
v -15.20 108.03 53.45
v -6.56 111.43 53.45
v -8.97 114.10 59.35
v -15.20 108.03 58.60
v -6.56 111.43 53.45
v -8.82 117.87 53.45
v -8.60 118.32 58.60
v -8.97 114.10 59.35
v -17.56 117.86 56.48
v -8.60 118.32 58.60
v -13.23 116.96 64.67
v -10.57 109.39 64.67
v -14.99 108.48 40.80
v -11.46 97.73 40.80
v -11.46 97.73 51.20
v -14.99 108.48 53.45
v -11.46 97.73 40.80
v -2.60 100.84 40.80
v -2.60 100.84 51.20
v -11.46 97.73 51.20
v -2.60 100.84 40.80
v -5.18 108.20 40.80
v -9.55 109.91 52.00
v -2.60 100.84 51.20
v -14.99 108.48 53.45
v -2.00 106.75 54.80
v -9.81 107.22 57.58
v -6.83 98.72 57.58
v -9.81 107.22 57.58
v -2.60 100.84 51.20
v -11.46 97.73 51.20
v -6.83 98.72 57.58
v -2.00 106.75 54.80
v -2.60 100.84 51.20
v -9.81 107.22 57.58
v -52.71 121.86 40.80
v -48.97 114.99 40.80
v -48.97 114.99 54.92
v -52.71 121.86 54.92
v -48.97 114.99 40.80
v -42.92 118.28 40.80
v -42.92 118.28 54.92
v -48.97 114.99 54.92
v -42.92 118.28 40.80
v -46.67 125.15 40.80
v -46.67 125.15 54.92
v -42.92 118.28 54.92
v -46.67 125.15 54.92
v -52.71 121.86 54.92
v -51.37 118.14 60.23
v -44.27 122.00 60.23
v -42.92 118.28 54.92
v -44.27 122.00 60.23
v -51.37 118.14 60.23
v -48.97 114.99 54.92
v -46.67 125.15 54.92
v -44.27 122.00 60.23
v -42.92 118.28 54.92
v -52.71 121.86 54.92
v -48.97 114.99 54.92
v -51.37 118.14 60.23
v -37.03 109.29 40.80
v -44.60 105.17 40.80
v -48.97 114.99 40.80
v -40.11 114.95 40.80
v -40.11 114.95 53.27
v -48.97 114.99 54.92
v -44.60 105.17 53.27
v -37.03 109.29 53.27
v -40.11 114.95 40.80
v -48.97 114.99 40.80
v -48.97 114.99 54.92
v -40.11 114.95 53.27
v -48.97 114.99 40.80
v -44.60 105.17 40.80
v -44.60 105.17 53.27
v -48.97 114.99 54.92
v -44.60 105.17 40.80
v -37.03 109.29 40.80
v -37.03 109.29 53.27
v -44.60 105.17 53.27
v -37.91 97.49 45.35
v -34.73 97.49 45.35
v -31.31 99.36 53.35
v -37.91 97.49 50.60
v -73.86 109.73 40.80
v -79.18 105.64 40.80
v -83.74 111.59 40.80
v -78.42 115.67 40.80
v -78.42 115.67 53.43
v -83.74 111.59 53.43
v -79.18 105.64 53.43
v -73.86 109.73 53.43
v -78.42 115.67 40.80
v -83.74 111.59 40.80
v -83.74 111.59 53.43
v -78.42 115.67 53.43
v -83.74 111.59 40.80
v -79.18 105.64 40.80
v -79.18 105.64 53.43
v -83.74 111.59 53.43
v -79.18 105.64 40.80
v -73.86 109.73 40.80
v -73.86 109.73 53.43
v -79.18 105.64 53.43
v -73.86 109.73 40.80
v -78.42 115.67 40.80
v -78.42 115.67 53.43
v -73.86 109.73 53.43
v -78.42 115.67 53.43
v -83.74 111.59 53.43
v -81.94 108.25 58.53
v -75.66 113.07 58.53
v -73.86 109.73 53.43
v -75.66 113.07 58.53
v -81.94 108.25 58.53
v -79.29 104.80 53.43
v -78.42 115.67 53.43
v -75.66 113.07 58.53
v -73.86 109.73 53.43
v -83.74 111.59 53.43
v -79.29 104.80 53.43
v -81.94 108.25 58.53
v -79.61 107.57 45.37
v -80.49 106.90 45.37
v -80.49 106.90 50.66
v -79.18 105.64 53.43
v -58.05 93.46 54.80
v -62.73 96.87 53.37
v -62.66 97.36 58.49
v -55.14 90.11 59.12
v -70.13 91.63 58.49
v -62.66 97.36 58.49
v -66.55 94.69 64.42
v -62.00 88.76 64.42
v -66.55 94.69 64.42
v -55.14 90.11 59.12
v -65.89 86.09 58.49
v -62.00 88.76 64.42
v -62.66 97.36 58.49
v -55.14 90.11 59.12
v -66.55 94.69 64.42
v -70.13 91.63 58.49
v -62.00 88.76 64.42
v -65.89 86.09 58.49
v -100.30 94.22 40.80
v -105.09 89.26 40.80
v -109.81 93.83 40.80
v -105.03 98.78 40.80
v -105.03 98.78 48.62
v -109.81 93.83 48.62
v -105.09 89.26 48.62
v -100.30 94.22 48.62
v -105.03 98.78 40.80
v -109.81 93.83 40.80
v -109.81 93.83 48.62
v -105.03 98.78 48.62
v -109.81 93.83 40.80
v -105.09 89.26 40.80
v -105.09 89.26 48.62
v -109.81 93.83 48.62
v -105.09 89.26 40.80
v -100.30 94.22 40.80
v -100.30 94.22 48.62
v -105.09 89.26 48.62
v -100.30 94.22 40.80
v -105.03 98.78 40.80
v -105.03 98.78 48.62
v -100.30 94.22 48.62
v -99.81 94.22 48.62
v -105.09 89.26 48.62
v -110.31 93.82 48.62
v -105.03 98.78 48.62
v -107.85 96.72 56.29
v -99.81 94.22 51.60
v -105.08 88.77 51.60
v -102.27 91.32 56.29
v -105.03 99.28 51.60
v -99.81 94.22 51.60
v -107.85 96.72 56.29
v -110.31 93.82 51.60
v -102.27 91.32 56.29
v -105.08 88.77 51.60
v -91.23 86.35 40.80
v -96.93 80.46 40.80
v -101.31 84.69 40.80
v -95.61 90.58 40.80
v -99.81 94.22 51.60
v -101.31 84.69 52.50
v -96.93 80.46 52.50
v -91.23 86.35 52.50
v -95.61 90.58 40.80
v -101.31 84.69 40.80
v -101.31 84.69 52.50
v -99.81 94.22 51.60
v -98.89 88.06 62.80
v -90.73 86.36 57.22
v -96.92 79.97 57.22
v -93.65 82.99 62.80
v -95.62 91.08 57.22
v -90.73 86.36 57.22
v -98.89 88.06 62.80
v -101.80 84.68 57.22
v -93.65 82.99 62.80
v -96.92 79.97 57.22
v -82.38 77.71 40.80
v -87.98 71.91 40.80
v -92.57 76.34 40.80
v -86.97 82.14 40.80
v -86.97 82.14 54.89
v -92.57 76.34 54.89
v -87.98 71.91 54.89
v -82.10 77.49 54.80
v -86.97 82.14 40.80
v -92.57 76.34 40.80
v -92.57 76.34 54.89
v -86.97 82.14 54.89
v -92.57 76.34 54.89
v -84.75 74.39 60.37
v -87.98 71.91 54.89
v -85.17 78.99 54.89
v -82.10 77.49 54.80
v -84.38 78.22 58.09
v -85.17 78.99 58.09
v -82.10 77.49 54.80
v -85.17 78.99 54.89
v -85.17 78.99 58.09
v -84.38 78.22 58.09
v -119.99 73.19 40.80
v -124.48 67.01 40.80
v -130.91 71.68 40.80
v -126.42 77.86 40.80
v -126.42 77.86 50.36
v -130.91 71.68 50.36
v -124.48 67.01 50.36
v -119.99 73.19 50.36
v -126.42 77.86 40.80
v -130.91 71.68 40.80
v -130.91 71.68 50.36
v -126.42 77.86 50.36
v -100.68 59.08 40.80
v -105.92 62.88 40.80
v -105.92 62.88 50.51
v -100.68 59.08 50.51
v -100.68 59.08 50.51
v -104.99 52.54 50.51
v -110.31 56.83 50.51
v -105.92 62.88 50.51
v -105.92 62.88 50.51
v -110.31 56.83 50.51
v -104.99 52.54 50.51
v -100.68 59.08 50.51
v -110.31 56.83 50.51
v -105.92 62.88 50.51
v -108.60 60.21 59.41
v -102.39 55.70 59.41
v -108.60 60.21 59.41
v -99.16 58.26 54.80
v -104.99 52.54 50.51
v -102.39 55.70 59.41
v -105.92 62.88 50.51
v -99.16 58.26 54.80
v -108.60 60.21 59.41
v -143.22 54.19 50.22
v -146.84 47.47 50.22
v -140.57 44.09 50.22
v -136.94 50.82 50.22
v -143.22 54.19 40.80
v -146.84 47.47 40.80
v -146.84 47.47 50.22
v -143.22 54.19 50.22
v -146.84 47.47 40.80
v -140.57 44.09 40.80
v -140.57 44.09 50.22
v -146.84 47.47 50.22
v -140.57 44.09 40.80
v -136.94 50.82 40.80
v -136.94 50.82 50.22
v -140.57 44.09 50.22
v -136.94 50.82 40.80
v -143.22 54.19 40.80
v -143.22 54.19 50.22
v -136.94 50.82 50.22
v -146.84 47.47 50.22
v -143.46 55.01 50.22
v -149.83 53.42 57.00
v -138.23 47.17 55.42
v -149.83 53.42 57.00
v -136.94 50.82 50.22
v -140.57 44.09 50.22
v -138.23 47.17 55.42
v -143.46 55.01 50.22
v -136.94 50.82 50.22
v -149.83 53.42 57.00
v -146.84 47.47 50.22
v -138.23 47.17 55.42
v -140.57 44.09 50.22
v -136.94 50.82 50.22
v -139.44 49.66 50.22
v -143.22 54.19 50.22
v -136.94 50.82 50.22
v -143.22 54.19 50.22
v -139.44 49.66 50.22
v -125.60 45.54 40.80
v -129.91 37.52 40.80
v -136.31 40.97 40.80
v -132.00 48.99 40.80
v -125.60 45.54 50.00
v -132.00 48.99 50.00
v -132.14 49.46 53.59
v -125.13 45.68 53.59
v -136.79 40.83 53.59
v -132.14 49.46 53.59
v -134.68 45.26 59.78
v -127.23 41.25 59.78
v -134.68 45.26 59.78
v -124.79 45.79 53.59
v -129.77 37.05 53.59
v -127.23 41.25 59.78
v -132.14 49.46 53.59
v -124.79 45.79 53.59
v -134.68 45.26 59.78
v -136.79 40.83 53.59
v -127.23 41.25 59.78
v -129.77 37.05 53.59
v -132.38 40.56 45.40
v -131.22 35.63 45.83
v -133.13 39.17 50.80
v -132.38 40.56 50.80
v -131.22 35.63 45.83
v -132.38 40.56 45.40
v -132.38 40.56 50.80
v -133.13 39.17 50.80
v -129.22 40.56 45.40
v -129.91 37.52 50.00
v -129.77 37.05 53.59
v -129.22 40.56 50.80
v -129.91 37.52 50.00
v -129.22 40.56 45.40
v -129.22 40.56 50.80
v -129.77 37.05 53.59
v -114.93 39.51 40.80
v -119.00 31.94 40.80
v -129.91 37.52 40.80
v -121.04 42.80 40.80
v -121.04 42.80 52.55
v -129.77 37.05 53.59
v -119.00 31.94 52.55
v -113.77 36.67 54.80
v -121.04 42.80 40.80
v -129.91 37.52 40.80
v -129.77 37.05 53.59
v -121.04 42.80 52.55
v -129.91 37.52 40.80
v -119.00 31.94 40.80
v -119.00 31.94 52.55
v -129.77 37.05 53.59
v -119.00 31.94 40.80
v -114.93 39.51 40.80
v -113.77 36.67 54.80
v -119.00 31.94 52.55
v -114.93 39.51 40.80
v -121.04 42.80 40.80
v -121.04 42.80 52.55
v -113.77 36.67 54.80
v -125.93 34.99 52.55
v -121.04 42.80 52.55
v -123.61 39.30 58.39
v -116.44 35.44 58.39
v -123.61 39.30 58.39
v -113.77 36.67 54.80
v -119.00 31.94 52.55
v -116.44 35.44 58.39
v -121.04 42.80 52.55
v -113.77 36.67 54.80
v -123.61 39.30 58.39
v -125.93 34.99 52.55
v -116.44 35.44 58.39
v -119.00 31.94 52.55
v -151.71 27.23 40.80
v -154.11 20.94 40.80
v -161.61 23.81 40.80
v -159.21 30.10 40.80
v -159.21 30.10 51.19
v -161.61 23.81 51.19
v -154.11 20.94 51.19
v -151.71 27.23 51.19
v -159.21 30.10 40.80
v -161.61 23.81 40.80
v -161.61 23.81 51.19
v -159.21 30.10 51.19
v -161.61 23.81 40.80
v -154.11 20.94 40.80
v -154.11 20.94 51.19
v -161.61 23.81 51.19
v -154.11 20.94 40.80
v -151.71 27.23 40.80
v -151.71 27.23 51.19
v -154.11 20.94 51.19
v -140.46 23.14 40.80
v -146.72 25.54 40.80
v -146.72 25.54 49.76
v -140.46 23.14 49.76
v -150.05 18.53 49.76
v -146.72 25.54 49.76
v -148.56 22.42 54.61
v -141.17 19.60 54.61
v -148.56 22.42 54.61
v -139.68 23.49 49.76
v -143.01 16.48 49.76
v -141.17 19.60 54.61
v -146.72 25.54 49.76
v -139.68 23.49 49.76
v -148.56 22.42 54.61
v -150.05 18.53 49.76
v -141.17 19.60 54.61
v -143.01 16.48 49.76
v -128.41 19.26 40.80
v -131.44 11.33 40.80
v -137.73 13.74 40.80
v -131.90 21.71 42.00
v -171.84 5.63 50.09
v -173.72 -2.02 50.09
v -166.48 -3.80 50.09
v -164.60 3.85 50.09
v -171.84 5.63 40.80
v -173.72 -2.02 40.80
v -173.72 -2.02 50.09
v -171.84 5.63 50.09
v -173.72 -2.02 40.80
v -166.48 -3.80 40.80
v -166.48 -3.80 50.09
v -173.72 -2.02 50.09
v -166.48 -3.80 40.80
v -164.60 3.85 40.80
v -164.60 3.85 50.09
v -166.48 -3.80 50.09
v -164.60 3.85 40.80
v -171.84 5.63 40.80
v -171.84 5.63 50.09
v -164.60 3.85 50.09
v -173.72 -2.02 50.09
v -171.84 5.63 50.09
v -173.36 1.95 55.45
v -164.96 -0.12 55.45
v -139.58 -1.99 40.80
v -146.62 -0.26 40.80
v -146.62 -0.26 51.32
v -139.58 -1.99 51.32
v -139.58 -1.99 51.32
v -141.61 -10.23 51.32
v -148.64 -8.50 51.32
v -146.87 0.17 51.32
v -146.87 0.17 55.51
v -149.07 -8.76 55.51
v -141.04 -12.81 56.00
v -139.16 -1.73 55.51
v -146.87 0.17 51.32
v -148.64 -8.50 51.32
v -149.07 -8.76 55.51
v -146.87 0.17 55.51
v -148.64 -8.50 51.32
v -141.61 -10.23 51.32
v -141.04 -12.81 56.00
v -149.07 -8.76 55.51
v -141.61 -10.23 51.32
v -139.58 -1.99 51.32
v -139.16 -1.73 55.51
v -141.04 -12.81 56.00
v -139.58 -1.99 51.32
v -146.87 0.17 51.32
v -146.87 0.17 55.51
v -139.16 -1.73 55.51
v -149.07 -8.76 55.51
v -146.87 0.17 55.51
v -148.21 -4.24 61.28
v -140.01 -6.25 61.28
v -148.21 -4.24 61.28
v -139.16 -1.73 55.51
v -141.04 -12.81 56.00
v -140.01 -6.25 61.28
v -146.87 0.17 55.51
v -139.16 -1.73 55.51
v -148.21 -4.24 61.28
v -149.07 -8.76 55.51
v -140.01 -6.25 61.28
v -141.04 -12.81 56.00
v -172.89 -29.27 40.80
v -172.03 -22.11 40.80
v -172.03 -22.11 52.69
v -172.89 -29.27 52.69
v -180.08 -24.77 57.59
v -172.03 -22.11 52.69
v -172.89 -29.27 52.69
v -171.87 -25.76 57.59
v -180.58 -28.95 52.69
v -171.87 -25.76 57.59
v -172.89 -29.27 52.69
v -177.34 -28.05 45.22
v -174.94 -28.05 45.22
v -172.89 -29.27 52.69
v -179.91 -28.42 52.69
v -158.43 -23.08 40.80
v -159.45 -31.56 40.80
v -167.67 -30.57 40.80
v -166.65 -22.09 40.80
v -166.65 -22.09 50.40
v -167.67 -30.57 50.40
v -159.45 -31.56 50.40
v -158.43 -23.08 50.40
v -166.65 -22.09 40.80
v -167.67 -30.57 40.80
v -167.67 -30.57 50.40
v -166.65 -22.09 50.40
v -149.77 -25.30 42.00
v -153.08 -24.36 40.80
v -153.08 -24.36 53.92
v -146.32 -25.18 53.92
v -145.93 -24.87 53.92
v -147.19 -32.40 53.92
v -153.94 -31.58 53.92
v -153.08 -24.36 53.92
v -153.38 -23.97 59.28
v -154.33 -31.89 59.28
v -146.89 -32.79 59.28
v -145.93 -24.87 59.28
v -153.08 -24.36 53.92
v -153.94 -31.58 53.92
v -154.33 -31.89 59.28
v -153.38 -23.97 59.28
v -153.94 -31.58 53.92
v -147.19 -32.40 53.92
v -146.89 -32.79 59.28
v -154.33 -31.89 59.28
v -147.19 -32.40 53.92
v -145.93 -24.87 53.92
v -145.93 -24.87 59.28
v -146.89 -32.79 59.28
v -178.60 -48.34 51.10
v -178.60 -55.66 51.10
v -170.31 -55.66 51.10
v -170.31 -48.34 51.10
v -178.60 -55.66 40.80
v -170.31 -55.66 40.80
v -170.31 -55.66 51.10
v -178.60 -55.66 51.10
v -170.31 -55.66 40.80
v -170.31 -48.34 40.80
v -170.31 -48.34 51.10
v -170.31 -55.66 51.10
v -170.31 -48.34 40.80
v -178.60 -48.34 40.80
v -178.60 -48.34 51.10
v -170.31 -48.34 51.10
v -169.71 -47.74 51.10
v -174.46 -47.74 56.74
v -174.46 -56.26 56.74
v -169.71 -56.26 51.10
v -178.60 -48.34 51.10
v -174.46 -47.74 56.74
v -169.71 -47.74 51.10
v -152.04 -55.34 40.80
v -145.56 -55.34 40.80
v -149.65 -55.66 45.99
v -150.14 -55.66 45.99
v -145.56 -55.34 40.80
v -149.65 -54.57 44.80
v -149.65 -54.57 45.99
v -149.65 -55.66 45.99
v -149.65 -54.57 44.80
v -150.14 -54.57 44.80
v -150.14 -54.57 45.99
v -149.65 -54.57 45.99
v -149.65 -54.57 44.80
v -145.56 -55.34 40.80
v -149.65 -55.66 45.99
v -149.65 -54.57 45.99
v -145.56 -55.34 40.80
v -149.65 -54.57 44.80
v -149.65 -54.57 45.99
v -149.65 -55.66 45.99
v -149.65 -54.57 45.99
v -149.65 -55.66 45.99
v -150.14 -55.66 45.99
v -150.14 -54.57 45.99
v -156.86 -80.07 40.80
v -149.53 -79.19 40.80
v -149.53 -79.19 49.88
v -156.86 -80.07 49.88
v -149.53 -79.19 40.80
v -150.40 -72.01 40.80
v -150.40 -72.01 49.88
v -149.53 -79.19 49.88
v -150.40 -72.01 40.80
v -157.73 -72.89 40.80
v -157.73 -72.89 49.88
v -150.40 -72.01 49.88
v -150.40 -72.01 49.88
v -149.53 -79.19 49.88
v -156.86 -80.07 49.88
v -157.73 -72.89 49.88
v -158.12 -72.59 53.42
v -157.17 -80.46 53.42
v -149.14 -79.50 53.42
v -150.09 -71.62 53.42
v -157.73 -72.89 49.88
v -156.86 -80.07 49.88
v -157.17 -80.46 53.42
v -158.12 -72.59 53.42
v -156.86 -80.07 49.88
v -149.53 -79.19 49.88
v -149.14 -79.50 53.42
v -157.17 -80.46 53.42
v -149.53 -79.19 49.88
v -150.40 -72.01 49.88
v -150.09 -71.62 53.42
v -149.14 -79.50 53.42
v -150.40 -72.01 49.88
v -157.73 -72.89 49.88
v -158.12 -72.59 53.42
v -150.09 -71.62 53.42
v -158.12 -72.59 53.42
v -157.17 -80.46 53.42
v -153.13 -80.23 58.44
v -154.13 -71.86 58.44
v -149.87 -71.34 53.42
v -154.13 -71.86 58.44
v -153.13 -80.23 58.44
v -149.14 -79.50 53.42
v -158.12 -72.59 53.42
v -154.13 -71.86 58.44
v -149.87 -71.34 53.42
v -157.17 -80.46 53.42
v -149.14 -79.50 53.42
v -153.13 -80.23 58.44
v -154.66 -78.98 45.37
v -154.52 -80.18 45.37
v -156.86 -80.07 49.88
v -155.15 -79.04 45.37
v -155.15 -79.04 45.37
v -156.86 -80.07 49.88
v -154.52 -80.18 45.37
v -154.66 -78.98 45.37
v -154.66 -78.98 45.37
v -154.52 -80.18 45.37
v -156.86 -80.07 49.88
v -155.15 -79.04 45.37
v -155.15 -79.04 50.66
v -157.17 -80.46 53.42
v -154.52 -80.18 50.66
v -154.66 -78.98 50.66
v -155.15 -79.04 45.37
v -156.86 -80.07 49.88
v -157.17 -80.46 53.42
v -155.15 -79.04 50.66
v -144.35 -79.22 49.45
v -137.13 -74.05 55.25
v -137.21 -78.36 49.45
v -144.35 -79.22 40.80
v -137.21 -78.36 40.80
v -137.21 -78.36 49.45
v -144.35 -79.22 49.45
v -137.21 -78.36 40.80
v -144.35 -79.22 40.80
v -144.35 -79.22 49.45
v -137.21 -78.36 49.45
v -152.48 -97.10 40.80
v -150.76 -104.11 40.80
v -157.53 -105.77 40.80
v -159.25 -98.76 40.80
v -159.25 -98.76 53.04
v -157.53 -105.77 53.04
v -150.76 -104.11 53.04
v -152.48 -97.10 53.04
v -159.25 -98.76 40.80
v -157.53 -105.77 40.80
v -157.53 -105.77 53.04
v -159.25 -98.76 53.04
v -157.53 -105.77 40.80
v -150.76 -104.11 40.80
v -150.76 -104.11 53.04
v -157.53 -105.77 53.04
v -150.76 -104.11 40.80
v -152.48 -97.10 40.80
v -152.48 -97.10 53.04
v -150.76 -104.11 53.04
v -152.48 -97.10 40.80
v -159.25 -98.76 40.80
v -159.25 -98.76 53.04
v -152.48 -97.10 53.04
v -157.53 -105.77 53.04
v -159.25 -98.76 53.04
v -158.97 -102.41 57.95
v -151.04 -100.46 57.95
v -158.97 -102.41 57.95
v -152.48 -97.10 53.04
v -150.76 -104.11 53.04
v -151.04 -100.46 57.95
v -159.25 -98.76 53.04
v -152.48 -97.10 53.04
v -158.97 -102.41 57.95
v -157.53 -105.77 53.04
v -151.04 -100.46 57.95
v -150.76 -104.11 53.04
v -156.59 -104.27 45.29
v -156.30 -105.44 45.29
v -157.53 -105.77 53.04
v -156.59 -104.27 50.35
v -156.30 -105.44 45.29
v -156.59 -104.27 45.29
v -156.59 -104.27 50.35
v -157.53 -105.77 53.04
v -154.18 -104.27 45.29
v -153.89 -105.44 45.29
v -153.89 -105.44 50.35
v -150.76 -104.11 53.04
v -153.89 -105.44 45.29
v -154.18 -104.27 45.29
v -150.76 -104.11 53.04
v -153.89 -105.44 50.35
v -152.48 -97.10 53.04
v -150.76 -104.11 53.04
v -151.04 -100.46 57.95
v -150.47 -97.30 56.00
v -150.76 -104.11 53.04
v -152.48 -97.10 53.04
v -150.47 -97.30 56.00
v -151.04 -100.46 57.95
v -140.64 -93.16 40.80
v -138.44 -102.11 40.80
v -145.97 -103.96 40.80
v -148.17 -95.01 40.80
v -148.17 -95.01 54.88
v -145.97 -103.96 54.88
v -138.44 -102.11 54.88
v -140.64 -93.16 54.88
v -148.17 -95.01 40.80
v -145.97 -103.96 40.80
v -145.97 -103.96 54.88
v -148.17 -95.01 54.88
v -145.97 -103.96 40.80
v -138.44 -102.11 40.80
v -138.44 -102.11 54.88
v -145.97 -103.96 54.88
v -138.44 -102.11 40.80
v -140.64 -93.16 40.80
v -140.64 -93.16 54.88
v -138.44 -102.11 54.88
v -134.25 -100.65 51.81
v -127.96 -94.78 56.70
v -127.68 -98.42 51.81
v -142.88 -119.99 40.80
v -140.04 -127.43 40.80
v -147.16 -130.15 40.80
v -150.01 -122.72 40.80
v -150.01 -122.72 52.25
v -147.16 -130.15 52.25
v -140.04 -127.43 52.25
v -142.88 -119.99 52.25
v -150.01 -122.72 40.80
v -147.16 -130.15 40.80
v -147.16 -130.15 52.25
v -150.01 -122.72 52.25
v -147.16 -130.15 40.80
v -140.04 -127.43 40.80
v -140.04 -127.43 52.25
v -147.16 -130.15 52.25
v -140.04 -127.43 40.80
v -142.88 -119.99 40.80
v -142.88 -119.99 52.25
v -140.04 -127.43 52.25
v -142.88 -119.99 40.80
v -150.01 -122.72 40.80
v -150.01 -122.72 52.25
v -142.88 -119.99 52.25
v -142.88 -119.99 52.25
v -139.59 -127.63 52.25
v -147.16 -130.15 52.25
v -150.01 -122.72 52.25
v -150.46 -122.51 56.86
v -147.37 -130.60 56.86
v -139.59 -127.63 56.86
v -142.68 -119.54 56.86
v -150.01 -122.72 52.25
v -147.16 -130.15 52.25
v -147.37 -130.60 56.86
v -150.46 -122.51 56.86
v -147.16 -130.15 52.25
v -139.59 -127.63 52.25
v -139.59 -127.63 56.86
v -147.37 -130.60 56.86
v -139.59 -127.63 52.25
v -142.88 -119.99 52.25
v -142.68 -119.54 56.86
v -139.59 -127.63 56.86
v -138.12 -118.52 55.03
v -139.59 -127.63 56.86
v -129.69 -123.11 55.03
v -132.30 -116.30 55.03
v -138.12 -118.52 40.80
v -135.51 -125.34 40.80
v -139.59 -127.63 56.86
v -138.12 -118.52 55.03
v -135.51 -125.34 40.80
v -129.69 -123.11 40.80
v -129.69 -123.11 55.03
v -139.59 -127.63 56.86
v -129.69 -123.11 40.80
v -132.30 -116.30 40.80
v -132.30 -116.30 55.03
v -129.69 -123.11 55.03
v -132.30 -116.30 40.80
v -138.12 -118.52 40.80
v -138.12 -118.52 55.03
v -132.30 -116.30 55.03
v -139.59 -127.63 56.86
v -138.12 -118.52 55.03
v -137.37 -122.14 59.99
v -132.30 -116.30 55.03
v -124.17 -121.21 45.23
v -124.68 -119.89 45.23
v -124.68 -119.89 50.12
v -124.17 -121.21 50.12
v -124.68 -119.89 45.23
v -124.17 -121.21 45.23
v -124.17 -121.21 50.12
v -124.68 -119.89 50.12
v -124.17 -121.21 45.23
v -124.68 -119.89 45.23
v -124.68 -119.89 50.12
v -124.17 -121.21 50.12
v -134.23 -144.38 40.80
v -130.35 -151.57 40.80
v -136.25 -154.75 40.80
v -140.12 -147.55 40.80
v -140.12 -147.55 54.74
v -136.25 -154.75 54.74
v -130.35 -151.57 54.74
v -134.23 -144.38 54.74
v -130.35 -151.57 40.80
v -134.23 -144.38 40.80
v -134.23 -144.38 54.74
v -130.35 -151.57 54.74
v -134.23 -144.38 40.80
v -140.12 -147.55 40.80
v -140.12 -147.55 54.74
v -134.23 -144.38 54.74
v -138.72 -151.43 60.30
v -134.23 -144.38 54.74
v -129.54 -151.82 54.74
v -131.76 -147.69 60.30
v -140.12 -147.55 54.74
v -134.23 -144.38 54.74
v -138.72 -151.43 60.30
v -123.43 -138.70 40.80
v -119.67 -145.69 40.80
v -125.95 -149.07 40.80
v -129.71 -142.08 40.80
v -129.71 -142.08 53.02
v -125.95 -149.07 53.02
v -119.67 -145.69 53.02
v -123.43 -138.70 53.02
v -129.71 -142.08 40.80
v -125.95 -149.07 40.80
v -125.95 -149.07 53.02
v -129.71 -142.08 53.02
v -125.95 -149.07 40.80
v -119.67 -145.69 40.80
v -119.67 -145.69 53.02
v -125.95 -149.07 53.02
v -119.67 -145.69 40.80
v -123.43 -138.70 40.80
v -123.43 -138.70 53.02
v -119.67 -145.69 53.02
v -123.43 -138.70 40.80
v -129.71 -142.08 40.80
v -129.71 -142.08 53.02
v -123.43 -138.70 53.02
v -125.95 -149.07 53.02
v -134.23 -144.38 54.74
v -128.36 -145.86 58.41
v -121.02 -141.91 58.41
v -128.36 -145.86 58.41
v -123.43 -138.70 53.02
v -119.67 -145.69 53.02
v -121.02 -141.91 58.41
v -134.23 -144.38 54.74
v -123.43 -138.70 53.02
v -128.36 -145.86 58.41
v 9.78 134.55 34.00
v 13.98 134.55 30.00
v 13.98 134.55 57.00
v 9.78 134.55 58.00
v 13.98 134.55 30.00
v 18.18 134.55 34.00
v 15.89 133.46 57.00
v 13.98 134.55 57.00
v 15.89 133.46 57.00
v 15.42 136.22 57.00
v 12.06 135.64 57.00
v 9.78 134.55 58.00
v 13.98 134.55 57.00
v 15.89 133.46 57.00
v 15.42 136.22 57.00
v 13.98 134.55 64.00
v 15.42 136.22 57.00
v 12.06 135.64 57.00
v 13.98 134.55 64.00
v 12.06 135.64 57.00
v 9.39 137.88 58.00
v 13.98 134.55 64.00
v -156.22 57.50 34.00
v -156.22 52.56 34.00
v -156.22 52.56 58.00
v -156.22 57.50 58.00
v -156.22 52.56 34.00
v -154.12 51.03 34.00
v -154.87 54.20 57.00
v -156.22 52.56 58.00
v -154.12 51.03 34.00
v -149.43 52.56 34.00
v -149.83 53.42 57.00
v -154.87 54.20 57.00
v -149.43 52.56 34.00
v -148.63 55.03 34.00
v -148.63 55.03 58.00
v -149.83 53.42 57.00
v -148.63 55.03 58.00
v -152.83 55.03 57.00
v -156.22 57.50 58.00
v -156.22 52.56 58.00
v -154.87 54.20 57.00
v -149.83 53.42 57.00
v -148.63 55.03 58.00
v -151.07 60.42 58.00
v -152.83 55.03 64.00
v -151.07 60.42 58.00
v -156.22 57.50 58.00
v -152.83 55.03 64.00
v -156.22 57.50 58.00
v -156.22 52.56 58.00
v -152.83 55.03 64.00
v -156.22 52.56 58.00
v -154.58 49.64 58.00
v -152.83 55.03 64.00
v -154.58 49.64 58.00
v -149.83 53.42 57.00
v -152.83 55.03 64.00
v -149.83 53.42 57.00
v -148.63 55.03 58.00
v -152.83 55.03 64.00
v -162.50 -104.31 34.00
v -166.70 -104.31 30.00
v -166.70 -104.31 57.00
v -163.40 -103.50 57.00
v 169.59 96.78 42.74
v 175.56 90.68 42.74
v 175.56 90.18 48.47
v 165.67 96.63 45.66
v 178.03 99.07 54.28
v 175.55 89.83 48.47
v 165.67 96.63 45.66
v 172.15 93.31 54.28
v 174.62 102.19 48.47
v 172.15 93.31 54.28
v 165.67 96.63 45.66
v 166.67 81.29 28.80
v 160.02 88.07 28.80
v 165.57 93.51 28.80
v 172.22 86.73 28.80
v 172.22 86.73 42.96
v 167.93 91.45 42.00
v 160.02 88.07 42.96
v 166.67 81.29 42.96
v 172.22 86.73 28.80
v 165.57 93.51 28.80
v 167.93 91.45 42.00
v 172.22 86.73 42.96
v 165.57 93.51 28.80
v 160.02 88.07 28.80
v 160.02 88.07 42.96
v 167.93 91.45 42.00
v 160.02 88.07 28.80
v 166.67 81.29 28.80
v 166.67 81.29 42.96
v 160.02 88.07 42.96
v 166.67 81.29 28.80
v 172.22 86.73 28.80
v 172.22 86.73 42.96
v 166.67 81.29 42.96
v 166.67 81.29 42.96
v 157.51 87.38 40.80
v 167.93 91.45 42.00
v 172.22 86.73 42.96
v 172.71 86.72 48.80
v 165.58 94.00 48.80
v 155.93 88.90 45.29
v 166.66 80.80 48.80
v 172.22 86.73 42.96
v 167.93 91.45 42.00
v 165.58 94.00 48.80
v 172.71 86.72 48.80
v 167.93 91.45 42.00
v 157.51 87.38 40.80
v 155.93 88.90 45.29
v 165.58 94.00 48.80
v 157.51 87.38 40.80
v 166.67 81.29 42.96
v 166.66 80.80 48.80
v 155.93 88.90 45.29
v 166.67 81.29 42.96
v 172.22 86.73 42.96
v 172.71 86.72 48.80
v 166.66 80.80 48.80
v 165.58 94.00 48.80
v 172.71 86.72 48.80
v 167.93 91.45 56.00
v 161.24 80.25 59.85
v 167.93 91.45 56.00
v 166.66 80.80 48.80
v 155.93 88.90 45.29
v 161.24 80.25 59.85
v 172.71 86.72 48.80
v 166.66 80.80 48.80
v 167.93 91.45 56.00
v 149.19 117.89 28.80
v 144.80 112.09 28.80
v 144.80 112.09 41.36
v 149.19 117.89 41.36
v 144.80 112.09 28.80
v 150.95 107.43 28.80
v 150.95 107.43 41.36
v 144.80 112.09 41.36
v 150.95 107.43 28.80
v 155.34 113.23 28.80
v 155.34 113.23 41.36
v 150.95 107.43 41.36
v 149.19 117.89 41.36
v 155.34 113.23 41.36
v 154.87 119.01 48.98
v 147.51 109.28 46.61
v 154.87 119.01 48.98
v 150.95 107.43 41.36
v 144.80 112.09 41.36
v 147.51 109.28 46.61
v 155.34 113.23 41.36
v 150.95 107.43 41.36
v 154.87 119.01 48.98
v 149.19 117.89 41.36
v 147.51 109.28 46.61
v 144.80 112.09 41.36
v 143.89 97.24 28.80
v 136.91 102.53 28.80
v 141.41 108.47 28.80
v 148.39 103.19 28.80
v 148.39 103.19 40.46
v 141.41 108.47 40.46
v 136.91 102.53 40.46
v 143.89 97.24 40.46
v 148.39 103.19 28.80
v 141.41 108.47 28.80
v 141.41 108.47 40.46
v 148.39 103.19 40.46
v 141.41 108.47 28.80
v 136.91 102.53 28.80
v 136.91 102.53 40.46
v 141.41 108.47 40.46
v 136.91 102.53 28.80
v 143.89 97.24 28.80
v 143.89 97.24 40.46
v 136.91 102.53 40.46
v 124.08 122.08 28.80
v 127.14 127.76 28.80
v 127.14 127.76 41.23
v 124.08 122.08 41.23
v 121.41 130.84 41.23
v 127.14 127.76 41.23
v 124.56 129.83 45.66
v 120.94 123.09 45.66
v 124.56 129.83 45.66
v 124.08 122.08 41.23
v 117.54 124.92 41.23
v 120.94 123.09 45.66
v 127.14 127.76 41.23
v 124.08 122.08 41.23
v 124.56 129.83 45.66
v 121.41 130.84 41.23
v 120.94 123.09 45.66
v 117.54 124.92 41.23
v 118.70 110.83 28.80
v 111.93 114.47 28.80
v 115.33 120.78 28.80
v 122.10 117.14 28.80
v 119.00 119.49 45.48
v 115.78 112.74 42.00
v 111.93 114.47 40.26
v 115.03 112.12 45.48
v 122.10 117.14 40.26
v 115.78 112.74 42.00
v 119.00 119.49 45.48
v 117.54 124.92 41.23
v 115.03 112.12 45.48
v 111.93 114.47 40.26
v 99.64 141.23 28.80
v 92.25 140.32 29.16
v 93.09 150.62 28.80
v 101.83 147.59 28.80
v 101.83 147.59 37.20
v 93.09 150.62 37.20
v 90.89 144.26 37.20
v 99.64 141.23 37.20
v 101.83 147.59 28.80
v 93.09 150.62 28.80
v 93.09 150.62 37.20
v 101.83 147.59 37.20
v 97.66 149.67 46.74
v 100.01 140.47 40.45
v 92.25 140.32 42.00
v 95.06 142.18 46.74
v 102.28 147.81 40.45
v 100.01 140.47 40.45
v 97.66 149.67 46.74
v 92.87 151.06 40.45
v 95.06 142.18 46.74
v 92.25 140.32 42.00
v 95.32 130.19 28.80
v 87.46 132.91 28.80
v 89.68 139.32 28.80
v 97.54 136.60 28.80
v 97.54 136.60 38.95
v 86.10 136.73 38.00
v 85.06 132.88 38.00
v 95.32 130.19 38.95
v 97.54 136.60 28.80
v 89.68 139.32 28.80
v 86.10 136.73 38.00
v 97.54 136.60 38.95
v 58.91 152.69 39.58
v 62.16 143.95 45.92
v 56.97 144.83 39.58
v 64.25 132.32 28.80
v 56.36 133.66 28.80
v 57.69 141.52 28.80
v 68.53 140.09 29.16
v 68.53 140.09 42.00
v 57.69 141.52 43.23
v 56.36 133.66 43.23
v 64.25 132.32 43.23
v 68.53 140.09 29.16
v 57.69 141.52 28.80
v 57.69 141.52 43.23
v 68.53 140.09 42.00
v 57.69 141.52 28.80
v 56.36 133.66 28.80
v 56.36 133.66 43.23
v 57.69 141.52 43.23
v 56.36 133.66 28.80
v 64.25 132.32 28.80
v 64.25 132.32 43.23
v 56.36 133.66 43.23
v 64.25 132.32 28.80
v 68.53 140.09 29.16
v 68.53 140.09 42.00
v 64.25 132.32 43.23
v 57.69 141.52 43.23
v 68.53 140.09 42.00
v 62.16 143.95 45.92
v 60.20 132.40 48.67
v 62.16 143.95 45.92
v 64.25 132.32 43.23
v 56.36 133.66 43.23
v 60.20 132.40 48.67
v 68.53 140.09 42.00
v 64.25 132.32 43.23
v 62.16 143.95 45.92
v 57.69 141.52 43.23
v 60.20 132.40 48.67
v 56.36 133.66 43.23
v 60.32 133.19 33.73
v 58.98 133.42 33.73
v 58.98 133.42 35.85
v 60.32 133.19 35.85
v 58.98 133.42 33.73
v 60.32 133.19 33.73
v 60.32 133.19 35.85
v 58.98 133.42 35.85
v 60.32 133.19 35.85
v 58.98 133.42 35.85
v 56.36 133.66 43.23
v 64.25 132.32 43.23
v 58.98 133.42 35.85
v 60.32 133.19 35.85
v 64.25 132.32 43.23
v 56.36 133.66 43.23
v 63.05 121.59 28.80
v 53.95 123.13 28.80
v 55.06 129.65 28.80
v 64.16 128.11 28.80
v 64.16 128.11 38.75
v 55.06 129.65 38.75
v 53.95 123.13 38.75
v 63.05 121.59 38.75
v 64.16 128.11 28.80
v 55.06 129.65 28.80
v 55.06 129.65 38.75
v 64.16 128.11 38.75
v 55.06 129.65 28.80
v 53.95 123.13 28.80
v 53.95 123.13 38.75
v 55.06 129.65 38.75
v 53.95 123.13 28.80
v 63.05 121.59 28.80
v 63.05 121.59 38.75
v 53.95 123.13 38.75
v 63.05 121.59 28.80
v 64.16 128.11 28.80
v 64.16 128.11 38.75
v 63.05 121.59 38.75
v 54.57 130.34 38.75
v 64.16 128.11 38.75
v 59.71 129.47 45.02
v 58.40 121.77 45.02
v 59.71 129.47 45.02
v 63.05 121.59 38.75
v 53.95 123.13 38.75
v 58.40 121.77 45.02
v 64.16 128.11 38.75
v 63.05 121.59 38.75
v 59.71 129.47 45.02
v 34.63 132.13 37.68
v 34.63 139.12 37.68
v 34.98 139.47 41.14
v 34.98 131.78 41.14
v 24.77 139.72 41.14
v 35.23 139.72 41.14
v 30.00 139.72 47.44
v 30.00 131.53 47.44
v 30.00 139.72 47.44
v 35.23 131.53 41.14
v 24.77 131.53 41.14
v 30.00 131.53 47.44
v 35.23 139.72 41.14
v 35.23 131.53 41.14
v 30.00 139.72 47.44
v 24.77 139.72 41.14
v 30.00 131.53 47.44
v 24.77 131.53 41.14
v 33.98 120.68 28.80
v 26.02 120.68 28.80
v 26.02 128.12 28.80
v 33.98 128.12 28.80
v 33.98 128.12 41.55
v 26.02 128.12 41.55
v 26.02 120.68 41.55
v 33.98 120.68 41.55
v 33.98 128.12 28.80
v 26.02 128.12 28.80
v 26.02 128.12 41.55
v 33.98 128.12 41.55
v 26.02 128.12 28.80
v 26.02 120.68 28.80
v 26.02 120.68 41.55
v 26.02 128.12 41.55
v 26.02 120.68 28.80
v 33.98 120.68 28.80
v 33.98 120.68 41.55
v 26.02 120.68 41.55
v 33.98 120.68 28.80
v 33.98 128.12 28.80
v 33.98 128.12 41.55
v 33.98 120.68 41.55
v 26.02 128.12 41.55
v 33.98 128.12 41.55
v 30.00 128.72 46.96
v 30.00 120.08 46.96
v -4.79 136.85 28.80
v -3.71 130.44 28.80
v -3.71 130.44 41.68
v -4.79 136.85 41.68
v -3.71 130.44 28.80
v 3.75 131.71 28.80
v 3.75 131.71 41.68
v -3.71 130.44 41.68
v 3.75 131.71 28.80
v 2.66 138.12 28.80
v 3.12 137.20 42.00
v 3.75 131.71 41.68
v -5.49 137.35 41.68
v 3.12 137.20 42.00
v -1.17 138.08 46.83
v 0.12 130.49 46.83
v -1.17 138.08 46.83
v 3.75 131.71 41.68
v -4.20 129.75 41.68
v 0.12 130.49 46.83
v 3.12 137.20 42.00
v 3.75 131.71 41.68
v -1.17 138.08 46.83
v -5.49 137.35 41.68
v 0.12 130.49 46.83
v -4.20 129.75 41.68
v 5.21 120.33 28.80
v -1.34 119.22 28.80
v -2.48 125.95 28.80
v 4.07 127.06 28.80
v 4.07 127.06 41.02
v -4.20 129.75 41.68
v -1.34 119.22 41.02
v 5.21 120.33 41.02
v 4.07 127.06 28.80
v -2.48 125.95 28.80
v -4.20 129.75 41.68
v 4.07 127.06 41.02
v -2.48 125.95 28.80
v -1.34 119.22 28.80
v -1.34 119.22 41.02
v -4.20 129.75 41.68
v -1.34 119.22 28.80
v 5.21 120.33 28.80
v 5.21 120.33 41.02
v -1.34 119.22 41.02
v 5.21 120.33 28.80
v 4.07 127.06 28.80
v 4.07 127.06 41.02
v 5.21 120.33 41.02
v 4.07 127.06 41.02
v -4.20 129.75 41.68
v -2.50 122.48 45.66
v 5.23 123.80 45.66
v 5.90 119.84 41.02
v 5.23 123.80 45.66
v -2.50 122.48 45.66
v -1.34 119.22 41.02
v 4.07 127.06 41.02
v 5.23 123.80 45.66
v 5.90 119.84 41.02
v -4.20 129.75 41.68
v -1.34 119.22 41.02
v -2.50 122.48 45.66
v 0.85 119.71 33.28
v -0.22 119.52 33.28
v -0.30 120.01 33.28
v 0.77 120.19 33.28
v 0.77 120.19 33.28
v -0.30 120.01 33.28
v -0.22 119.52 33.28
v 0.85 119.71 33.28
v 0.85 119.71 36.65
v -0.22 119.52 36.65
v -0.30 120.01 36.65
v 0.77 120.19 36.65
v 0.77 120.19 36.65
v -0.30 120.01 36.65
v -0.22 119.52 36.65
v 0.85 119.71 36.65
v -31.66 142.48 28.80
v -37.93 140.31 28.80
v -40.10 146.57 28.80
v -33.82 148.74 28.80
v -33.82 148.74 42.42
v -40.10 146.57 42.42
v -37.93 140.31 42.42
v -31.66 142.48 42.42
v -33.82 148.74 28.80
v -40.10 146.57 28.80
v -40.10 146.57 42.42
v -33.82 148.74 42.42
v -33.30 137.06 47.11
v -27.12 131.35 42.19
v -34.62 128.75 42.19
v -30.79 129.81 47.11
v -29.46 138.12 42.19
v -27.12 131.35 42.19
v -33.30 137.06 47.11
v -38.30 139.55 42.42
v -30.79 129.81 47.11
v -34.62 128.75 42.19
v -32.76 130.76 33.52
v -33.74 129.90 33.52
v -34.41 129.20 38.41
v -32.76 130.76 35.44
v -33.74 129.90 33.52
v -32.76 130.76 33.52
v -32.76 130.76 35.44
v -34.41 129.20 38.41
v -32.76 130.76 33.52
v -33.74 129.90 33.52
v -34.41 129.20 38.41
v -32.76 130.76 35.44
v -33.74 129.90 33.52
v -32.76 130.76 33.52
v -32.76 130.76 35.44
v -34.41 129.20 38.41
v -27.12 131.35 42.19
v -30.60 134.97 42.19
v -29.46 138.12 42.19
v -29.56 135.34 45.39
v -30.60 134.97 45.39
v -29.20 134.29 45.39
v -29.46 138.12 42.19
v -30.60 134.97 42.19
v -30.60 134.97 45.39
v -29.56 135.34 45.39
v -30.60 134.97 42.19
v -27.12 131.35 42.19
v -29.20 134.29 45.39
v -30.60 134.97 45.39
v -27.12 131.35 42.19
v -29.46 138.12 42.19
v -29.56 135.34 45.39
v -29.20 134.29 45.39
v -60.18 128.81 28.80
v -66.11 125.62 28.80
v -69.16 131.28 28.80
v -63.23 134.47 28.80
v -63.23 134.47 38.24
v -69.16 131.28 38.24
v -66.11 125.62 38.24
v -60.18 128.81 38.24
v -63.23 134.47 28.80
v -69.16 131.28 28.80
v -69.16 131.28 38.24
v -63.23 134.47 38.24
v -69.16 131.28 28.80
v -66.11 125.62 28.80
v -66.11 125.62 38.24
v -69.16 131.28 38.24
v -66.11 125.62 28.80
v -60.18 128.81 28.80
v -60.18 128.81 38.24
v -66.11 125.62 38.24
v -60.18 128.81 28.80
v -63.23 134.47 28.80
v -63.23 134.47 38.24
v -60.18 128.81 38.24
v -56.67 124.07 28.80
v -64.10 120.07 28.80
v -64.10 120.07 43.47
v -56.67 124.07 43.47
v -64.10 120.07 28.80
v -60.97 114.26 28.80
v -60.97 114.26 43.47
v -64.10 120.07 43.47
v -60.97 114.26 28.80
v -53.55 118.26 28.80
v -53.55 118.26 43.47
v -60.97 114.26 43.47
v -53.55 118.26 28.80
v -56.67 124.07 28.80
v -56.67 124.07 43.47
v -53.55 118.26 43.47
v -53.55 118.26 43.47
v -60.97 114.26 43.47
v -64.10 120.07 43.47
v -56.67 124.07 43.47
v -56.53 124.54 49.53
v -64.57 120.22 49.53
v -61.11 113.79 49.53
v -53.07 118.11 49.53
v -59.75 116.55 41.76
v -61.02 115.86 41.76
v -61.02 115.86 45.15
v -59.75 116.55 45.15
v -61.02 115.86 41.76
v -59.75 116.55 41.76
v -59.75 116.55 45.15
v -61.02 115.86 45.15
v -98.12 130.73 28.80
v -105.27 125.31 28.80
v -109.21 130.51 28.80
v -102.05 135.93 28.80
v -102.05 135.93 38.83
v -109.21 130.51 38.83
v -105.27 125.31 38.83
v -98.12 130.73 38.83
v -102.05 135.93 28.80
v -109.21 130.51 28.80
v -109.21 130.51 38.83
v -102.05 135.93 38.83
v -109.21 130.51 28.80
v -105.27 125.31 28.80
v -105.27 125.31 38.83
v -109.21 130.51 38.83
v -105.34 124.82 38.83
v -98.12 130.73 38.83
v -97.63 130.66 42.80
v -105.34 124.82 42.80
v -98.12 130.73 38.83
v -102.05 135.93 38.83
v -101.98 136.42 42.80
v -97.63 130.66 42.80
v -110.05 130.63 42.80
v -101.98 136.42 42.80
v -105.99 133.70 48.90
v -101.33 127.54 48.90
v -105.99 133.70 48.90
v -97.63 130.66 42.80
v -105.34 124.82 42.80
v -101.33 127.54 48.90
v -101.98 136.42 42.80
v -97.63 130.66 42.80
v -105.99 133.70 48.90
v -110.05 130.63 42.80
v -101.33 127.54 48.90
v -105.34 124.82 42.80
v -134.00 108.99 35.84
v -129.72 109.69 35.84
v -129.72 109.69 40.09
v -132.40 107.21 43.21
v -129.72 109.69 35.84
v -132.98 110.04 35.84
v -132.98 110.04 40.09
v -129.72 109.69 40.09
v -126.45 113.27 43.21
v -132.98 110.04 40.09
v -130.22 113.85 46.41
v -129.45 114.64 46.41
v -132.98 110.04 40.09
v -126.45 113.27 43.21
v -129.45 114.64 46.41
v -130.22 113.85 46.41
v -116.65 103.26 28.80
v -122.19 97.61 28.80
v -128.23 103.53 28.80
v -122.69 109.18 28.80
v -122.69 109.18 39.36
v -128.74 101.96 36.22
v -122.19 97.61 39.36
v -116.65 103.26 39.36
v -122.69 109.18 28.80
v -128.23 103.53 28.80
v -128.74 101.96 36.22
v -122.69 109.18 39.36
v -128.23 103.53 28.80
v -122.19 97.61 28.80
v -122.19 97.61 39.36
v -128.74 101.96 36.22
v -122.19 97.61 28.80
v -116.65 103.26 28.80
v -116.65 103.26 39.36
v -122.19 97.61 39.36
v -116.65 103.26 28.80
v -122.69 109.18 28.80
v -122.69 109.18 39.36
v -116.65 103.26 39.36
v -122.70 110.03 39.36
v -128.74 101.96 36.22
v -125.63 100.14 45.12
v -119.25 106.65 45.12
v -116.65 103.26 39.36
v -119.25 106.65 45.12
v -125.63 100.14 45.12
v -122.19 97.61 39.36
v -122.70 110.03 39.36
v -119.25 106.65 45.12
v -116.65 103.26 39.36
v -128.74 101.96 36.22
v -122.19 97.61 39.36
v -125.63 100.14 45.12
v -116.65 103.26 39.36
v -120.93 104.79 39.36
v -122.69 109.18 39.36
v -120.16 105.57 42.56
v -120.93 104.79 42.56
v -119.37 104.80 42.56
v -122.69 109.18 39.36
v -120.93 104.79 39.36
v -120.93 104.79 42.56
v -120.16 105.57 42.56
v -120.93 104.79 39.36
v -116.65 103.26 39.36
v -119.37 104.80 42.56
v -120.93 104.79 42.56
v -116.65 103.26 39.36
v -122.69 109.18 39.36
v -120.16 105.57 42.56
v -119.37 104.80 42.56
v -107.21 94.30 28.80
v -113.04 88.36 28.80
v -118.83 94.03 28.80
v -113.00 99.97 28.80
v -113.00 99.97 37.31
v -119.82 93.93 36.22
v -113.04 88.36 37.31
v -107.21 94.30 37.31
v -113.00 99.97 28.80
v -118.83 94.03 28.80
v -119.82 93.93 36.22
v -113.00 99.97 37.31
v -118.83 94.03 28.80
v -113.04 88.36 28.80
v -113.04 88.36 37.31
v -119.82 93.93 36.22
v -113.04 88.36 28.80
v -107.21 94.30 28.80
v -107.21 94.30 37.31
v -113.04 88.36 37.31
v -157.16 91.72 43.31
v -149.59 90.61 38.42
v -153.85 84.82 38.42
v -151.24 87.36 43.31
v -154.67 95.10 38.42
v -149.59 90.61 38.42
v -157.16 91.72 43.31
v -158.80 88.47 38.42
v -151.24 87.36 43.31
v -153.85 84.82 38.42
v -154.55 94.26 38.42
v -154.84 86.92 35.09
v -151.24 87.36 43.31
v -152.18 91.47 41.62
v -154.84 86.92 35.09
v -154.55 94.26 38.42
v -152.18 91.47 41.62
v -151.24 87.36 43.31
v -137.77 82.34 28.80
v -142.44 76.00 28.80
v -149.19 80.96 28.80
v -144.52 87.31 28.80
v -144.52 87.31 38.10
v -149.19 80.96 38.10
v -142.44 76.00 38.10
v -137.77 82.34 38.10
v -144.52 87.31 28.80
v -149.19 80.96 28.80
v -149.19 80.96 38.10
v -144.52 87.31 38.10
v -149.19 80.96 28.80
v -142.44 76.00 28.80
v -142.44 76.00 38.10
v -149.19 80.96 38.10
v -142.44 76.00 28.80
v -137.77 82.34 28.80
v -137.77 82.34 38.10
v -142.44 76.00 38.10
v -137.77 82.34 28.80
v -144.52 87.31 28.80
v -144.52 87.31 38.10
v -137.77 82.34 38.10
v -144.52 87.31 38.10
v -153.85 84.82 38.42
v -146.17 78.00 43.79
v -140.79 85.31 43.79
v -137.77 82.34 38.10
v -140.79 85.31 43.79
v -146.17 78.00 43.79
v -142.44 76.00 38.10
v -144.52 87.31 38.10
v -140.79 85.31 43.79
v -137.77 82.34 38.10
v -153.85 84.82 38.42
v -142.44 76.00 38.10
v -146.17 78.00 43.79
v -144.61 78.27 32.70
v -145.41 77.19 32.70
v -145.41 77.19 36.00
v -142.44 76.00 38.10
v -145.41 77.19 32.70
v -144.61 78.27 32.70
v -142.44 76.00 38.10
v -145.41 77.19 36.00
v -127.83 74.97 28.80
v -132.45 68.70 28.80
v -137.68 72.55 28.80
v -133.06 78.82 28.80
v -175.02 61.14 34.05
v -174.24 62.57 34.05
v -174.24 62.57 36.50
v -175.02 61.14 36.50
v -174.24 62.57 36.50
v -175.02 61.14 36.50
v -177.71 62.02 40.24
v -174.24 62.57 41.40
v -175.02 61.14 36.50
v -174.24 62.57 36.50
v -174.24 62.57 41.40
v -177.71 62.02 40.24
v -170.39 66.58 44.85
v -167.86 67.31 40.24
v -169.95 65.08 48.05
v -170.39 66.58 48.05
v -167.86 67.31 40.24
v -170.39 66.58 44.85
v -170.39 66.58 48.05
v -169.95 65.08 48.05
v -155.69 60.20 28.80
v -159.78 52.72 28.80
v -166.27 56.26 28.80
v -162.19 63.74 28.80
v -162.19 63.74 38.98
v -166.27 56.26 38.98
v -159.78 52.72 38.98
v -155.69 60.20 38.98
v -162.19 63.74 28.80
v -166.27 56.26 28.80
v -166.27 56.26 38.98
v -162.19 63.74 38.98
v -166.27 56.26 28.80
v -159.78 52.72 28.80
v -159.78 52.72 38.98
v -166.27 56.26 38.98
v -159.78 52.72 28.80
v -155.69 60.20 28.80
v -155.69 60.20 38.98
v -159.78 52.72 38.98
v -155.69 60.20 28.80
v -162.19 63.74 28.80
v -162.19 63.74 38.98
v -155.69 60.20 38.98
v -166.27 56.26 38.98
v -162.19 63.74 38.98
v -164.75 60.29 44.77
v -157.21 56.17 44.77
v -159.38 55.41 35.43
v -163.01 54.13 35.43
v -159.78 52.72 38.98
v -155.69 60.20 38.98
v -159.38 55.41 35.43
v -157.21 56.17 44.77
v -158.78 60.26 42.18
v -159.38 55.41 35.43
v -155.69 60.20 38.98
v -158.78 60.26 42.18
v -157.21 56.17 44.77
v -144.46 54.13 28.80
v -148.59 46.55 28.80
v -153.89 49.45 28.80
v -149.76 57.02 28.80
v -149.76 57.02 40.55
v -153.89 49.45 40.55
v -146.84 47.47 40.80
v -143.22 54.19 40.80
v -149.76 57.02 28.80
v -153.89 49.45 28.80
v -153.89 49.45 40.55
v -149.76 57.02 40.55
v -168.64 27.47 28.80
v -161.99 24.89 28.80
v -161.61 23.81 40.80
v -165.28 28.82 44.00
v -161.99 24.89 28.80
v -159.59 31.09 28.80
v -159.21 30.10 40.80
v -161.61 23.81 40.80
v -159.59 31.09 28.80
v -166.23 33.67 28.80
v -168.46 30.03 42.00
v -159.21 30.10 40.80
v -159.21 30.10 40.80
v -161.61 23.81 40.80
v -165.28 28.82 44.00
v -168.46 30.03 42.00
v -166.43 34.12 46.59
v -169.09 27.27 46.59
v -161.79 24.44 46.59
v -159.13 31.29 46.59
v -168.46 30.03 42.00
v -165.28 28.82 44.00
v -169.09 27.27 46.59
v -166.43 34.12 46.59
v -165.28 28.82 44.00
v -161.61 23.81 40.80
v -161.79 24.44 46.59
v -169.09 27.27 46.59
v -161.61 23.81 40.80
v -159.21 30.10 40.80
v -159.13 31.29 46.59
v -161.79 24.44 46.59
v -159.21 30.10 40.80
v -168.46 30.03 42.00
v -166.43 34.12 46.59
v -159.13 31.29 46.59
v -166.43 34.12 46.59
v -169.09 27.27 46.59
v -165.53 25.62 51.44
v -162.69 32.94 51.44
v -159.13 31.29 46.59
v -162.69 32.94 51.44
v -165.53 25.62 51.44
v -161.79 24.44 46.59
v -166.43 34.12 46.59
v -162.69 32.94 51.44
v -159.13 31.29 46.59
v -169.09 27.27 46.59
v -161.79 24.44 46.59
v -165.53 25.62 51.44
v -165.23 26.44 34.40
v -164.78 26.26 34.40
v -164.78 26.26 37.20
v -165.23 26.44 37.20
v -164.78 26.26 34.40
v -165.23 26.44 34.40
v -165.23 26.44 37.20
v -164.78 26.26 37.20
v -165.23 26.44 37.20
v -164.78 26.26 37.20
v -164.78 26.26 42.79
v -165.28 28.82 44.00
v -164.78 26.26 37.20
v -165.23 26.44 37.20
v -165.28 28.82 44.00
v -164.78 26.26 42.79
v -174.45 1.21 28.80
v -172.69 8.31 28.80
v -173.97 8.45 38.00
v -172.78 4.00 38.00
v -159.79 -97.91 32.56
v -163.03 -96.83 32.56
v -164.17 -98.22 37.38
v -156.87 -96.39 37.38
v -178.22 -130.73 28.80
v -170.41 -127.70 28.80
v -170.41 -127.70 40.69
v -178.22 -130.73 40.69
v -170.41 -127.70 28.80
v -173.09 -120.79 28.80
v -173.09 -120.79 40.69
v -170.41 -127.70 40.69
v -173.09 -120.79 40.69
v -177.22 -121.75 46.39
v -174.10 -129.77 46.39
v -169.64 -128.04 40.69
v -178.22 -130.73 40.69
v -169.64 -128.04 40.69
v -174.10 -129.77 46.39
v -161.95 -115.55 28.80
v -158.66 -124.05 28.80
v -165.42 -126.68 28.80
v -168.72 -118.18 28.80
v -168.72 -118.18 41.69
v -169.64 -128.04 40.69
v -158.66 -124.05 41.69
v -161.95 -115.55 41.69
v -168.72 -118.18 28.80
v -165.42 -126.68 28.80
v -169.64 -128.04 40.69
v -168.72 -118.18 41.69
v -165.42 -126.68 28.80
v -158.66 -124.05 28.80
v -158.66 -124.05 41.69
v -169.64 -128.04 40.69
v -158.66 -124.05 28.80
v -161.95 -115.55 28.80
v -161.95 -115.55 41.69
v -158.66 -124.05 41.69
v -161.95 -115.55 28.80
v -168.72 -118.18 28.80
v -168.72 -118.18 41.69
v -161.95 -115.55 41.69
v -169.64 -128.04 40.69
v -168.72 -118.18 41.69
v -167.63 -122.64 47.89
v -159.75 -119.59 47.89
v -165.21 -125.45 33.42
v -164.76 -125.27 33.42
v -162.81 -125.47 38.00
v -165.21 -125.45 35.24
v -164.76 -125.27 33.42
v -165.79 -123.97 33.42
v -165.79 -123.97 35.24
v -162.81 -125.47 38.00
v -162.62 -123.97 33.42
v -164.76 -125.27 33.42
v -162.81 -125.47 38.00
v -162.62 -123.97 35.24
v -164.76 -125.27 33.42
v -162.62 -123.97 33.42
v -162.62 -123.97 35.24
v -162.81 -125.47 38.00
v -165.79 -123.97 35.24
v -162.81 -125.47 38.00
v -165.21 -125.45 35.24
v -165.79 -123.97 35.24
v -165.21 -125.45 35.24
v -162.81 -125.47 38.00
v -153.88 -118.82 34.63
v -153.29 -120.35 34.63
v -152.29 -122.66 38.00
v -153.88 -118.82 37.66
v -153.29 -120.35 34.63
v -153.88 -118.82 34.63
v -153.88 -118.82 37.66
v -152.29 -122.66 38.00
v -153.88 -118.82 34.63
v -149.56 -120.17 34.63
v -153.29 -120.35 34.63
v -153.88 -118.82 37.66
v -152.29 -122.66 38.00
v -149.56 -120.17 37.66
v -153.88 -118.82 34.63
v -153.29 -120.35 34.63
v -152.29 -122.66 38.00
v -153.88 -118.82 37.66
v -153.29 -120.35 34.63
v -149.56 -120.17 34.63
v -149.56 -120.17 37.66
v -152.29 -122.66 38.00
v -149.56 -120.17 34.63
v -153.88 -118.82 34.63
v -153.88 -118.82 37.66
v -149.56 -120.17 37.66
v -153.88 -118.82 40.69
v -149.56 -120.17 40.69
v -150.01 -122.72 40.80
v -153.88 -118.82 40.69
v -150.01 -122.72 40.80
v -149.56 -120.17 40.69
v -163.51 -146.46 28.80
v -170.35 -150.19 28.80
v -170.35 -150.19 42.10
v -163.51 -146.46 42.10
v -163.51 -146.46 42.10
v -170.35 -150.19 42.10
v -170.82 -150.05 47.55
v -163.38 -145.98 47.55
v -152.63 -141.16 28.80
v -148.84 -148.10 28.80
v -153.65 -152.25 29.07
v -158.02 -144.11 28.80
v -158.02 -144.11 38.95
v -154.23 -151.05 38.95
v -148.84 -148.10 38.95
v -152.63 -141.16 38.95
v -158.02 -144.11 28.80
v -153.65 -152.25 29.07
v -154.23 -151.05 38.95
v -158.02 -144.11 38.95
v -153.65 -152.25 29.07
v -148.84 -148.10 28.80
v -148.84 -148.10 38.95
v -154.23 -151.05 38.95
v -148.84 -148.10 28.80
v -152.63 -141.16 28.80
v -152.63 -141.16 38.95
v -148.84 -148.10 38.95
v -152.63 -141.16 28.80
v -158.02 -144.11 28.80
v -158.02 -144.11 38.95
v -152.63 -141.16 38.95
v -154.23 -151.05 38.95
v -158.02 -144.11 38.95
v -156.65 -147.87 44.32
v -150.21 -144.35 44.32
v -156.65 -147.87 44.32
v -152.63 -141.16 38.95
v -148.84 -148.10 38.95
v -150.21 -144.35 44.32
v -158.02 -144.11 38.95
v -152.63 -141.16 38.95
v -156.65 -147.87 44.32
v -154.23 -151.05 38.95
v -150.21 -144.35 44.32
v -148.84 -148.10 38.95
v -140.43 -134.58 28.80
v -136.70 -141.41 28.80
v -143.76 -145.26 28.80
v -147.49 -138.43 28.80
v -147.49 -138.43 41.61
v -140.12 -147.55 40.80
v -136.70 -141.41 41.61
v -140.43 -134.58 41.61
v -147.49 -138.43 28.80
v -143.76 -145.26 28.80
v -140.12 -147.55 40.80
v -147.49 -138.43 41.61
v 0.26 -102.77 87.62
v 1.72 -105.49 88.83
v -0.98 -105.54 88.34
v -1.03 -105.44 90.03
v 0.77 -108.81 90.03
v 1.08 -104.31 90.03
v -0.98 -105.54 88.34
v 1.72 -105.49 88.83
v 0.77 -108.81 90.03
v -1.03 -105.44 90.03
v 1.72 -105.49 88.83
v 0.26 -102.77 87.62
v 1.08 -104.31 90.03
v 0.77 -108.81 90.03
v 0.26 -102.77 87.62
v -0.98 -105.54 88.34
v -1.03 -105.44 90.03
v 1.08 -104.31 90.03
v 1.08 -104.31 90.03
v 0.77 -108.81 90.03
v -1.03 -105.44 90.03
v 5.10 -116.87 95.10
v 6.90 -120.23 95.10
v 10.18 -121.27 95.83
v 5.10 -116.87 95.10
v 10.18 -121.27 95.83
v 6.90 -120.23 95.10
v 5.10 -116.87 95.10
v 6.90 -120.23 95.10
v 10.18 -121.27 95.83
v 5.10 -116.87 95.10
v 10.18 -121.27 95.83
v 6.90 -120.23 95.10
v 6.90 -120.23 95.10
v 10.18 -121.27 95.83
v 5.10 -116.87 95.10
v 5.10 -116.87 95.10
v 10.18 -121.27 95.83
v 6.90 -120.23 95.10
v 6.90 -120.23 95.10
v 10.11 -126.22 97.52
v 10.18 -121.27 95.83
v 10.18 -121.27 95.83
v 10.11 -126.22 97.52
v 6.90 -120.23 95.10
v 6.90 -120.23 95.10
v 10.11 -126.22 97.52
v 10.18 -121.27 95.83
v 60.54 -136.26 70.00
v 65.18 -142.23 71.45
v 61.98 -140.35 70.24
v 60.54 -136.26 70.00
v 61.98 -140.35 70.24
v 65.18 -142.23 71.45
v 60.54 -136.26 70.00
v 65.18 -142.23 71.45
v 61.98 -140.35 70.24
v 66.31 -145.44 72.90
v 63.67 -145.17 72.41
v 64.30 -146.96 75.07
v 67.81 -149.72 75.07
v 67.81 -149.72 75.07
v 65.55 -150.52 75.07
v 64.30 -146.96 75.07
v 64.30 -146.96 75.07
v 65.55 -150.52 75.07
v 67.81 -149.72 75.07
v 67.81 -149.72 75.07
v 65.55 -150.52 75.07
v 64.30 -146.96 75.07
v 64.30 -146.96 75.07
v 65.55 -150.52 75.07
v 67.81 -149.72 75.07
v 67.81 -149.72 75.07
v 65.55 -150.52 75.07
v 64.30 -146.96 75.07
v 64.30 -146.96 75.07
v 65.55 -150.52 75.07
v 67.81 -149.72 75.07
v -84.00 -52.40 55.40
v -113.43 -53.40 59.07
v -112.00 -47.60 55.40
v -84.00 -47.60 55.40
v -84.00 -47.60 55.40
v -112.00 -47.60 55.40
v -113.43 -53.40 59.07
v -84.00 -52.40 55.40
v -107.00 -48.80 46.00
v -109.00 -51.20 46.00
v -109.00 -51.20 55.40
v -107.00 -48.80 55.40
v -109.00 -51.20 46.00
v -107.00 -48.80 46.00
v -107.00 -48.80 55.40
v -109.00 -51.20 55.40
v -100.40 -48.80 46.00
v -102.40 -51.20 46.00
v -102.40 -51.20 55.40
v -100.40 -48.80 55.40
v -93.80 -51.20 46.00
v -93.80 -48.80 46.00
v -93.80 -48.80 55.40
v -93.80 -51.20 55.40
v -87.20 -48.80 46.00
v -89.20 -51.20 46.00
v -89.20 -51.20 55.40
v -87.20 -48.80 55.40
v -89.20 -51.20 46.00
v -87.20 -48.80 46.00
v -87.20 -48.80 55.40
v -89.20 -51.20 55.40
v -92.66 -120.58 41.40
v -119.31 -130.42 41.40
v -95.06 -116.42 41.40
v -95.06 -116.42 41.40
v -119.31 -130.42 41.40
v -92.66 -120.58 41.40
v -114.52 -126.04 32.00
v -116.25 -127.04 32.00
v -115.72 -123.96 32.00
v 67.00 20.00 98.00
v 64.95 24.95 98.00
v 62.68 26.47 98.00
v 57.32 26.47 98.00
v 55.05 24.95 98.00
v 53.53 22.68 98.00
v 53.53 17.32 98.00
v 55.05 15.05 98.00
v 57.32 13.53 98.00
v 60.00 13.00 98.00
v 64.95 15.05 98.00
v 66.47 17.32 98.00
v 173.44 2.27 73.60
v 172.39 -0.28 73.60
v 175.99 -0.28 80.50
v 162.18 29.64 56.00
v 161.88 30.16 56.00
v 161.88 30.16 60.50
v 162.18 29.64 60.50
v 161.88 30.16 56.00
v 162.18 29.64 56.00
v 162.18 29.64 60.50
v 161.88 30.16 60.50
v 165.18 29.64 59.60
v 161.88 30.16 56.00
v 161.58 29.64 66.50
v 161.88 30.16 56.00
v 159.03 32.19 59.60
v 161.58 29.64 66.50
v 114.84 66.67 45.60
v 115.89 64.12 45.60
v 118.44 66.67 52.50
v 115.89 64.12 45.60
v 120.99 64.12 45.60
v 118.44 66.67 52.50
v 120.99 64.12 45.60
v 122.04 66.67 45.60
v 118.44 66.67 52.50
v 80.86 61.22 73.60
v 77.86 61.22 70.00
v 77.26 61.22 80.50
v 77.86 61.22 70.00
v 74.71 63.77 73.60
v 77.26 61.22 80.50
v 74.71 63.77 73.60
v 74.71 58.68 73.60
v 77.26 61.22 80.50
v 74.71 58.68 73.60
v 77.26 57.62 73.60
v 77.26 61.22 80.50
v 77.26 57.62 73.60
v 80.86 61.22 73.60
v 77.26 61.22 80.50
v 26.98 64.00 56.00
v 28.93 66.55 59.60
v 26.38 64.00 66.50
v 28.93 66.55 59.60
v 23.83 66.55 59.60
v 26.38 64.00 66.50
v 23.83 66.55 59.60
v 22.78 64.00 59.60
v 26.38 64.00 66.50
v 22.78 64.00 59.60
v 26.98 64.00 56.00
v 26.38 64.00 66.50
v -41.07 59.88 46.50
v -39.87 59.88 46.50
v -40.47 59.88 52.50
v -33.13 21.50 73.60
v -36.73 25.10 73.60
v -36.73 21.50 80.50
v -36.73 25.10 73.60
v -36.13 21.50 70.00
v -36.73 21.50 80.50
v -36.13 21.50 70.00
v -40.33 21.50 73.60
v -36.73 21.50 80.50
v -40.33 21.50 73.60
v -39.28 18.96 73.60
v -36.73 21.50 80.50
v -39.28 18.96 73.60
v -34.19 18.96 73.60
v -36.73 21.50 80.50
v -34.19 18.96 73.60
v -33.13 21.50 73.60
v -36.73 21.50 80.50
v -73.60 -15.64 59.60
v -74.66 -13.10 59.60
v -77.20 -15.64 66.50
v -74.66 -13.10 59.60
v -77.20 -12.04 59.60
v -77.20 -15.64 66.50
v -77.20 -12.04 59.60
v -80.80 -15.64 59.60
v -77.20 -15.64 66.50
v -80.80 -15.64 59.60
v -76.60 -15.64 56.00
v -77.20 -15.64 66.50
v -76.60 -15.64 56.00
v -73.60 -15.64 59.60
v -77.20 -15.64 66.50
v -71.15 52.93 61.28
v -79.79 57.96 61.28
v -79.79 57.96 87.51
v -71.15 52.93 87.51
v -90.32 22.31 68.80
v -98.46 5.04 65.83
v -107.96 5.18 68.80
v -104.66 22.50 65.57
v -104.66 22.50 87.77
v -106.79 7.36 87.77
v -96.89 5.96 87.77
v -92.95 21.14 85.95
v -104.66 22.50 65.57
v -107.96 5.18 68.80
v -106.79 7.36 87.77
v -104.66 22.50 87.77
v -107.96 5.18 68.80
v -98.46 5.04 65.83
v -96.89 5.96 87.77
v -106.79 7.36 87.77
v -98.46 5.04 65.83
v -90.32 22.31 68.80
v -92.95 21.14 85.95
v -96.89 5.96 87.77
v -90.32 22.31 68.80
v -104.66 22.50 65.57
v -104.66 22.50 87.77
v -92.95 21.14 85.95
v -98.28 -14.93 62.54
v -95.67 -26.96 62.54
v -105.45 -29.07 62.54
v -108.05 -17.04 62.54
v -108.05 -17.04 85.32
v -105.45 -29.07 85.32
v -95.67 -26.96 85.32
v -98.28 -14.93 85.32
v -108.05 -17.04 62.54
v -105.45 -29.07 62.54
v -105.45 -29.07 85.32
v -108.05 -17.04 85.32
v -59.88 -120.73 86.03
v -47.78 -126.00 86.03
v -43.78 -116.84 86.03
v -55.88 -111.56 86.03
v -59.88 -120.73 58.89
v -45.28 -129.12 56.00
v -47.78 -126.00 86.03
v -59.88 -120.73 86.03
v -45.28 -129.12 56.00
v -43.78 -116.84 58.89
v -43.78 -116.84 86.03
v -47.78 -126.00 86.03
v -43.78 -116.84 58.89
v -55.88 -111.56 58.89
v -55.88 -111.56 86.03
v -43.78 -116.84 86.03
v -55.88 -111.56 58.89
v -59.88 -120.73 58.89
v -59.88 -120.73 86.03
v -55.88 -111.56 86.03
v -20.97 -131.72 56.49
v -4.66 -133.30 56.49
v -5.62 -143.25 56.49
v -21.93 -141.68 56.49
v -21.93 -141.68 86.60
v -5.62 -143.25 86.60
v -4.66 -133.30 86.60
v -20.97 -131.72 86.60
v -21.93 -141.68 56.49
v -5.62 -143.25 56.49
v -5.62 -143.25 86.60
v -21.93 -141.68 86.60
v -5.62 -143.25 56.49
v -4.66 -133.30 56.49
v -4.66 -133.30 86.60
v -5.62 -143.25 86.60
v -4.66 -133.30 56.49
v -20.97 -131.72 56.49
v -20.97 -131.72 86.60
v -4.66 -133.30 86.60
v -20.97 -131.72 56.49
v -21.93 -141.68 56.49
v -21.93 -141.68 86.60
v -20.97 -131.72 86.60
v 33.34 -145.42 60.36
v 22.73 -147.46 60.36
v 22.73 -147.46 85.10
v 33.34 -145.42 85.10
v 47.87 100.65 79.50
v 17.30 110.11 79.50
v 17.30 110.11 82.00
v 47.87 100.65 82.00
v 17.30 110.11 79.50
v 13.16 96.73 79.50
v 13.16 96.73 82.00
v 17.30 110.11 82.00
v 13.16 96.73 79.50
v 44.28 85.40 79.91
v 43.76 85.07 83.04
v 13.16 96.73 82.00
v 44.28 85.40 79.91
v 47.87 100.65 79.50
v 47.87 100.65 82.00
v 43.76 85.07 83.04
v -36.89 79.28 78.63
v -62.73 61.56 79.50
v -70.77 73.02 79.50
v -44.57 91.40 79.50
v -41.15 92.28 81.00
v -70.77 73.02 82.00
v -62.73 61.56 82.00
v -35.41 78.02 81.23
v -44.57 91.40 79.50
v -70.77 73.02 79.50
v -70.77 73.02 82.00
v -41.15 92.28 81.00
v -70.77 73.02 79.50
v -62.73 61.56 79.50
v -62.73 61.56 82.00
v -70.77 73.02 82.00
v -62.73 61.56 79.50
v -36.89 79.28 78.63
v -35.41 78.02 81.23
v -62.73 61.56 82.00
v -36.89 79.28 78.63
v -44.57 91.40 79.50
v -41.15 92.28 81.00
v -35.41 78.02 81.23
v -91.60 29.10 79.50
v -96.61 -4.21 75.49
v -109.82 -2.48 78.46
v -107.01 32.68 75.19
v -105.47 31.05 82.00
v -105.92 -4.04 84.11
v -96.08 -2.59 82.00
v -91.60 29.10 82.00
v -103.84 -45.65 79.50
v -86.96 -72.83 79.50
v -89.27 -72.01 81.41
v -101.78 -45.16 81.33
v -86.96 -72.83 79.50
v -75.07 -65.45 79.50
v -75.07 -65.45 82.00
v -89.27 -72.01 81.41
v -75.07 -65.45 79.50
v -91.95 -38.26 79.50
v -92.23 -36.46 81.82
v -75.07 -65.45 82.00
v -91.95 -38.26 79.50
v -103.84 -45.65 79.50
v -101.78 -45.16 81.33
v -92.23 -36.46 81.82
v -62.54 -109.98 75.08
v -34.37 -118.77 79.50
v -37.64 -134.99 78.72
v -69.80 -115.45 75.14
v -69.30 -118.80 82.00
v -36.99 -134.15 84.31
v -34.37 -118.77 82.00
v -62.24 -105.00 80.15
v 145.62 90.64 51.25
v 137.01 100.42 54.80
v 136.27 102.83 70.00
v 145.62 90.64 73.08
v 137.01 100.42 54.80
v 129.63 96.69 51.53
v 127.73 98.89 73.08
v 136.27 102.83 70.00
v 129.63 96.69 51.53
v 135.28 83.00 54.80
v 135.47 82.90 70.00
v 127.73 98.89 73.08
v 135.28 83.00 54.80
v 145.62 90.64 51.25
v 145.62 90.64 73.08
v 135.47 82.90 70.00
v 91.88 93.61 51.41
v 77.84 109.09 51.82
v 81.16 110.91 54.80
v 98.30 101.28 51.41
v 98.30 101.28 71.11
v 80.54 112.94 70.00
v 75.98 106.92 71.11
v 91.88 93.61 71.11
v 49.28 108.07 40.80
v 30.63 111.39 44.48
v 33.59 114.53 72.00
v 46.52 105.74 71.18
v 30.63 111.39 44.48
v 27.28 101.97 44.48
v 28.11 100.31 71.86
v 33.59 114.53 72.00
v 27.28 101.97 44.48
v 43.18 96.32 44.48
v 43.18 96.32 71.18
v 28.11 100.31 71.86
v 43.18 96.32 44.48
v 49.28 108.07 40.80
v 46.52 105.74 71.18
v 43.18 96.32 71.18
v -9.27 99.69 46.24
v -22.81 94.55 47.01
v -24.37 104.43 47.01
v -9.55 109.91 46.40
v -9.12 106.85 72.96
v -23.57 103.75 72.68
v -24.68 90.93 73.64
v -7.55 96.97 72.96
v -92.46 -110.73 45.56
v -78.85 -120.80 45.56
v -84.80 -128.84 45.56
v -98.41 -118.77 45.56
v -98.41 -118.77 73.97
v -83.03 -129.74 71.55
v -78.85 -120.80 73.97
v -94.14 -112.75 70.00
v -98.41 -118.77 45.56
v -84.80 -128.84 45.56
v -83.03 -129.74 71.55
v -98.41 -118.77 73.97
v -84.80 -128.84 45.56
v -78.85 -120.80 45.56
v -78.85 -120.80 73.97
v -83.03 -129.74 71.55
v -78.85 -120.80 45.56
v -92.46 -110.73 45.56
v -94.14 -112.75 70.00
v -78.85 -120.80 73.97
v -92.46 -110.73 45.56
v -98.41 -118.77 45.56
v -98.41 -118.77 73.97
v -94.14 -112.75 70.00
v -37.79 113.88 29.44
v -35.12 104.24 29.44
v -38.75 103.44 59.57
v -37.79 113.88 59.70
v -35.12 104.24 29.44
v -23.65 107.43 29.44
v -23.65 107.43 59.70
v -38.75 103.44 59.57
v -23.65 107.43 29.44
v -26.33 117.06 29.44
v -26.33 117.06 59.70
v -23.65 107.43 59.70
v -76.83 86.01 30.26
v -84.64 78.34 30.26
v -91.65 85.47 30.26
v -83.84 93.14 30.26
v -83.84 93.14 57.31
v -90.73 86.36 57.22
v -84.38 78.22 58.09
v -76.83 86.01 57.31
v -83.84 93.14 30.26
v -91.65 85.47 30.26
v -90.73 86.36 57.22
v -83.84 93.14 57.31
v -91.65 85.47 30.26
v -84.64 78.34 30.26
v -84.38 78.22 58.09
v -90.73 86.36 57.22
v -84.64 78.34 30.26
v -76.83 86.01 30.26
v -76.83 86.01 57.31
v -84.38 78.22 58.09
v -76.83 86.01 30.26
v -83.84 93.14 30.26
v -83.84 93.14 57.31
v -76.83 86.01 57.31
v -111.52 47.44 30.45
v -115.59 36.42 30.45
v -124.97 39.88 30.45
v -120.90 50.91 30.45
v -120.90 50.91 58.53
v -123.61 39.30 58.39
v -116.44 35.44 58.39
v -111.52 47.44 58.53
v -120.90 50.91 30.45
v -124.97 39.88 30.45
v -123.61 39.30 58.39
v -120.90 50.91 58.53
v -124.97 39.88 30.45
v -115.59 36.42 30.45
v -116.44 35.44 58.39
v -123.61 39.30 58.39
v -115.59 36.42 30.45
v -111.52 47.44 30.45
v -111.52 47.44 58.53
v -116.44 35.44 58.39
v -111.52 47.44 30.45
v -120.90 50.91 30.45
v -120.90 50.91 58.53
v -111.52 47.44 58.53
v -138.55 9.11 30.60
v -138.40 -11.19 30.60
v -148.40 -11.27 30.60
v -148.55 9.03 30.60
v -148.55 9.03 59.00
v -148.40 -11.27 59.00
v -138.40 -11.19 59.00
v -138.55 9.11 59.00
v -148.55 9.03 30.60
v -148.40 -11.27 30.60
v -148.40 -11.27 59.00
v -148.55 9.03 59.00
v -121.02 -141.91 58.41
v -111.01 -149.26 58.98
v -104.75 -141.47 58.98
v -115.55 -132.78 58.98
v -121.82 -140.58 36.03
v -111.01 -149.26 36.03
v -111.01 -149.26 58.98
v -121.02 -141.91 58.41
v -111.01 -149.26 36.03
v -104.75 -141.47 36.03
v -104.75 -141.47 58.98
v -111.01 -149.26 58.98
v -104.75 -141.47 36.03
v -115.55 -132.78 36.03
v -115.55 -132.78 58.98
v -104.75 -141.47 58.98
v -115.55 -132.78 36.03
v -121.82 -140.58 36.03
v -121.02 -141.91 58.41
v -115.55 -132.78 58.98
v 149.05 88.10 53.65
v 129.46 110.35 53.57
v 135.05 120.34 50.13
v 155.51 96.68 53.06
v -150.60 14.87 51.50
v -150.35 -17.13 51.50
v -136.35 -17.03 51.50
v -137.73 13.74 50.68
v -132.70 -76.53 54.80
v -115.87 -104.66 51.50
v -128.02 -114.15 52.75
v -146.07 -87.11 51.50
v -146.07 -87.11 51.50
v -128.02 -114.15 52.75
v -115.87 -104.66 51.50
v -132.70 -76.53 54.80
v 141.94 116.98 20.46
v 134.82 125.11 20.46
v 142.35 131.69 20.46
v 149.46 123.56 20.46
v 148.65 122.88 43.78
v 142.35 131.69 44.21
v 134.82 125.11 44.21
v 142.62 116.21 40.80
v 149.46 123.56 20.46
v 142.35 131.69 20.46
v 142.35 131.69 44.21
v 148.65 122.88 43.78
v 142.35 131.69 20.46
v 134.82 125.11 20.46
v 134.82 125.11 44.21
v 142.35 131.69 44.21
v 134.82 125.11 20.46
v 141.94 116.98 20.46
v 142.62 116.21 40.80
v 134.82 125.11 44.21
v 141.94 116.98 20.46
v 149.46 123.56 20.46
v 148.65 122.88 43.78
v 142.62 116.21 40.80
v 81.14 129.39 21.73
v 70.67 135.40 21.73
v 75.65 144.07 21.73
v 86.12 138.07 21.73
v 86.12 138.07 45.81
v 75.65 144.07 45.81
v 70.67 135.40 45.81
v 81.14 129.39 45.81
v 86.12 138.07 21.73
v 75.65 144.07 21.73
v 75.65 144.07 45.81
v 86.12 138.07 45.81
v -111.46 112.65 44.03
v -123.67 99.08 44.03
v -119.82 93.93 42.00
v -104.03 105.96 44.03
v -111.46 112.65 18.43
v -123.67 99.08 18.43
v -123.67 99.08 44.03
v -111.46 112.65 44.03
v -123.67 99.08 18.43
v -116.24 92.39 18.43
v -119.82 93.93 42.00
v -123.67 99.08 44.03
v -116.24 92.39 18.43
v -104.03 105.96 18.43
v -104.03 105.96 44.03
v -119.82 93.93 42.00
v -104.03 105.96 18.43
v -111.46 112.65 18.43
v -111.46 112.65 44.03
v -104.03 105.96 44.03
v -145.23 61.38 20.72
v -151.02 45.29 20.72
v -160.43 48.67 20.72
v -154.63 64.77 20.72
v -154.63 64.77 45.08
v -160.43 48.67 45.08
v -151.02 45.29 45.08
v -145.23 61.38 45.08
v -154.63 64.77 20.72
v -160.43 48.67 20.72
v -160.43 48.67 45.08
v -154.63 64.77 45.08
v -160.43 48.67 20.72
v -151.02 45.29 20.72
v -151.02 45.29 45.08
v -160.43 48.67 45.08
v -151.02 45.29 20.72
v -145.23 61.38 20.72
v -145.23 61.38 45.08
v -151.02 45.29 45.08
v -145.23 61.38 20.72
v -154.63 64.77 20.72
v -154.63 64.77 45.08
v -145.23 61.38 45.08
v -167.91 -92.96 22.59
v -157.02 -110.36 22.59
v -165.50 -115.67 22.59
v -176.39 -98.26 22.59
v -175.66 -99.79 40.83
v -168.72 -118.18 41.69
v -156.35 -113.24 42.24
v -167.91 -92.96 44.21
v -176.39 -98.26 22.59
v -165.50 -115.67 22.59
v -168.72 -118.18 41.69
v -175.66 -99.79 40.83
v -165.50 -115.67 22.59
v -157.02 -110.36 22.59
v -156.35 -113.24 42.24
v -168.72 -118.18 41.69
v -157.02 -110.36 22.59
v -167.91 -92.96 22.59
v -167.91 -92.96 44.21
v -156.35 -113.24 42.24
v -167.91 -92.96 22.59
v -176.39 -98.26 22.59
v -175.66 -99.79 40.83
v -167.91 -92.96 44.21
v 141.52 147.89 31.44
v 133.90 158.76 30.00
v 126.90 147.66 31.44
v 134.79 140.49 31.44
v -145.16 109.71 14.09
v -129.83 127.48 14.09
v -129.83 127.48 33.11
v -145.16 109.71 33.11
v -129.83 127.48 14.09
v -137.41 134.01 14.09
v -137.41 134.01 33.11
v -129.83 127.48 33.11
v 141.35 131.84 25.50
v 117.66 153.35 25.50
v 127.07 163.71 25.50
v 150.76 142.20 25.50
v 150.76 142.20 25.50
v 127.07 163.71 25.50
v 117.66 153.35 25.50
v 141.35 131.84 25.50
v 11.89 150.00 25.50
v -20.10 149.13 25.50
v -20.48 163.12 25.50
v 11.51 164.00 25.50
v 11.51 164.00 25.50
v -20.48 163.12 25.50
v -20.10 149.13 25.50
v 11.89 150.00 25.50
v -156.85 144.77 25.91
v -165.01 135.40 25.91
v -157.47 128.83 25.91
v -149.31 138.21 25.91
