# Castle & Palace — walls LOD
mtllib walls_low.mtl

usemtl mat_rock
v 28.97 -151.35 70.00
v 52.00 -153.80 70.00
v 52.00 -153.80 84.00
v 28.97 -151.35 84.00
v 52.00 -153.80 70.00
v 74.92 -150.74 70.00
v 74.92 -150.74 84.00
v 52.00 -153.80 84.00
v -60.18 -156.21 56.00
v -38.39 -168.75 56.00
v -38.39 -168.75 70.00
v -60.18 -156.21 70.00
v -38.39 -168.75 56.00
v -14.54 -178.12 56.00
v -14.54 -178.12 70.00
v -38.39 -168.75 70.00
v -14.54 -178.12 56.00
v 9.94 -186.13 56.00
v 9.94 -186.13 70.00
v -14.54 -178.12 70.00
v 9.94 -186.13 56.00
v 35.34 -192.84 56.00
v 35.34 -192.84 70.00
v 9.94 -186.13 70.00
v 35.34 -192.84 56.00
v 62.00 -195.98 56.00
v 62.00 -195.98 70.00
v 35.34 -192.84 70.00
v 62.00 -195.98 56.00
v 88.71 -193.09 56.00
v 88.71 -193.09 70.00
v 62.00 -195.98 70.00
v 88.71 -193.09 56.00
v 113.38 -184.22 56.00
v 113.38 -184.22 70.00
v 88.71 -193.09 70.00
v 113.38 -184.22 56.00
v 135.25 -172.19 56.00
v 135.25 -172.19 70.00
v 113.38 -184.22 70.00
v 135.25 -172.19 56.00
v 155.65 -160.09 56.00
v 155.65 -160.09 70.00
v 135.25 -172.19 70.00
v 155.65 -160.09 56.00
v 176.24 -148.66 56.00
v 176.24 -148.66 70.00
v 155.65 -160.09 70.00
v -113.28 -141.02 42.00
v -100.67 -163.69 42.00
v -100.67 -163.69 56.00
v -113.28 -141.02 56.00
v -100.67 -163.69 42.00
v -81.64 -183.26 42.00
v -81.64 -183.26 56.00
v -100.67 -163.69 56.00
v -81.64 -183.26 42.00
v -56.97 -197.94 42.00
v -56.97 -197.94 56.00
v -81.64 -183.26 56.00
v -56.97 -197.94 42.00
v -29.57 -208.57 42.00
v -29.57 -208.57 56.00
v -56.97 -197.94 56.00
v -29.57 -208.57 42.00
v -1.42 -217.33 42.00
v -1.42 -217.33 56.00
v -29.57 -208.57 56.00
v -1.42 -217.33 42.00
v 27.61 -224.77 42.00
v 27.61 -224.77 56.00
v -1.42 -217.33 56.00
v 27.61 -224.77 42.00
v 58.00 -228.65 42.00
v 58.00 -228.65 56.00
v 27.61 -224.77 56.00
v 58.00 -228.65 42.00
v 88.60 -225.97 42.00
v 88.60 -225.97 56.00
v 58.00 -228.65 56.00
v 88.60 -225.97 42.00
v 117.02 -216.22 42.00
v 117.02 -216.22 56.00
v 88.60 -225.97 56.00
v 117.02 -216.22 42.00
v 142.09 -202.26 42.00
v 142.09 -202.26 56.00
v 117.02 -216.22 56.00
v 142.09 -202.26 42.00
v 165.11 -187.82 42.00
v 165.11 -187.82 56.00
v 142.09 -202.26 56.00
v -168.46 30.03 30.00
v -181.68 4.00 30.00
v -181.68 4.00 42.00
v -168.46 30.03 42.00
v -181.68 4.00 30.00
v -188.89 -23.71 30.00
v -188.89 -23.71 42.00
v -181.68 4.00 42.00
v -188.89 -23.71 30.00
v -187.29 -52.00 30.00
v -187.29 -52.00 42.00
v -188.89 -23.71 42.00
v -187.29 -52.00 30.00
v -178.30 -79.01 30.00
v -178.30 -79.01 42.00
v -187.29 -52.00 42.00
v -184.59 71.11 22.00
v -202.47 44.16 22.00
v -202.47 44.16 30.00
v -184.59 71.11 30.00
v -202.47 44.16 22.00
v -217.28 15.66 22.00
v -217.28 15.66 30.00
v -202.47 44.16 30.00
v -217.28 15.66 22.00
v -224.86 -14.88 22.00
v -224.86 -14.88 30.00
v -217.28 15.66 30.00
v -224.86 -14.88 22.00
v -222.44 -46.00 22.00
v -222.44 -46.00 30.00
v -224.86 -14.88 30.00
v -222.44 -46.00 22.00
v -212.10 -75.56 22.00
v -212.10 -75.56 30.00
v -222.44 -46.00 30.00
v -212.10 -75.56 22.00
v -199.24 -103.16 22.00
v -199.24 -103.16 30.00
v -212.10 -75.56 30.00
v -199.24 -103.16 22.00
v -187.63 -130.40 22.00
v -187.63 -130.40 30.00
v -199.24 -103.16 30.00
v -187.63 -130.40 22.00
v -176.10 -158.48 22.00
v -176.10 -158.48 30.00
v -187.63 -130.40 30.00
v -25.89 -150.25 77.69
v -3.39 -152.43 77.69
v -3.39 -152.43 84.00
v -25.89 -150.25 84.00
v 20.73 -154.56 77.72
v 37.82 -151.29 77.72
v 40.07 -163.08 77.72
v 22.99 -166.35 77.72
v 22.99 -166.35 84.00
v 40.07 -163.08 84.00
v 37.82 -151.29 84.00
v 20.73 -154.56 84.00
v 22.99 -166.35 77.72
v 40.07 -163.08 77.72
v 40.07 -163.08 84.00
v 22.99 -166.35 84.00
v 40.07 -163.08 77.72
v 37.82 -151.29 77.72
v 37.82 -151.29 84.00
v 40.07 -163.08 84.00
v 37.82 -151.29 77.72
v 20.73 -154.56 77.72
v 20.73 -154.56 84.00
v 37.82 -151.29 84.00
v 20.73 -154.56 77.72
v 22.99 -166.35 77.72
v 22.99 -166.35 84.00
v 20.73 -154.56 84.00
v 65.34 -155.92 75.67
v 84.83 -146.23 75.67
v 90.17 -156.98 75.67
v 70.68 -166.67 75.67
v 70.68 -166.67 84.00
v 90.17 -156.98 84.00
v 84.83 -146.23 84.00
v 65.34 -155.92 84.00
v 70.68 -166.67 75.67
v 90.17 -156.98 75.67
v 90.17 -156.98 84.00
v 70.68 -166.67 84.00
v 90.17 -156.98 75.67
v 84.83 -146.23 75.67
v 84.83 -146.23 84.00
v 90.17 -156.98 84.00
v 84.83 -146.23 75.67
v 65.34 -155.92 75.67
v 65.34 -155.92 84.00
v 84.83 -146.23 84.00
v 65.34 -155.92 75.67
v 70.68 -166.67 75.67
v 70.68 -166.67 84.00
v 65.34 -155.92 84.00
v -66.32 -153.29 59.51
v -53.67 -158.17 59.51
v -57.99 -169.36 59.51
v -70.63 -164.49 59.51
v -70.63 -164.49 70.00
v -57.99 -169.36 70.00
v -53.67 -158.17 70.00
v -66.32 -153.29 70.00
v -70.63 -164.49 59.51
v -57.99 -169.36 59.51
v -57.99 -169.36 70.00
v -70.63 -164.49 70.00
v -57.99 -169.36 59.51
v -53.67 -158.17 59.51
v -53.67 -158.17 70.00
v -57.99 -169.36 70.00
v -53.67 -158.17 59.51
v -66.32 -153.29 59.51
v -66.32 -153.29 70.00
v -53.67 -158.17 70.00
v -66.32 -153.29 59.51
v -70.63 -164.49 59.51
v -70.63 -164.49 70.00
v -66.32 -153.29 70.00
v -23.07 -177.06 58.01
v -5.94 -178.45 58.01
v -6.92 -190.41 58.01
v -24.05 -189.02 58.01
v -24.05 -189.02 70.00
v -6.92 -190.41 70.00
v -5.94 -178.45 70.00
v -23.07 -177.06 70.00
v -24.05 -189.02 58.01
v -6.92 -190.41 58.01
v -6.92 -190.41 70.00
v -24.05 -189.02 70.00
v -6.92 -190.41 58.01
v -5.94 -178.45 58.01
v -5.94 -178.45 70.00
v -6.92 -190.41 70.00
v -5.94 -178.45 58.01
v -23.07 -177.06 58.01
v -23.07 -177.06 70.00
v -5.94 -178.45 70.00
v -23.07 -177.06 58.01
v -24.05 -189.02 58.01
v -24.05 -189.02 70.00
v -23.07 -177.06 70.00
v 26.12 -198.05 60.34
v 45.79 -194.44 60.34
v 47.96 -206.25 60.34
v 28.29 -209.85 60.34
v 28.29 -209.85 70.00
v 47.96 -206.25 70.00
v 45.79 -194.44 70.00
v 26.12 -198.05 70.00
v 28.29 -209.85 60.34
v 47.96 -206.25 60.34
v 47.96 -206.25 70.00
v 28.29 -209.85 70.00
v 47.96 -206.25 60.34
v 45.79 -194.44 60.34
v 45.79 -194.44 70.00
v 47.96 -206.25 70.00
v 45.79 -194.44 60.34
v 26.12 -198.05 60.34
v 26.12 -198.05 70.00
v 45.79 -194.44 70.00
v 26.12 -198.05 60.34
v 28.29 -209.85 60.34
v 28.29 -209.85 70.00
v 26.12 -198.05 70.00
v 80.20 -196.29 63.22
v 96.67 -188.72 63.22
v 101.68 -199.62 63.22
v 85.21 -207.19 63.22
v 85.21 -207.19 70.00
v 101.68 -199.62 70.00
v 96.67 -188.72 70.00
v 80.20 -196.29 70.00
v 85.21 -207.19 63.22
v 101.68 -199.62 63.22
v 101.68 -199.62 70.00
v 85.21 -207.19 70.00
v 101.68 -199.62 63.22
v 96.67 -188.72 63.22
v 96.67 -188.72 70.00
v 101.68 -199.62 70.00
v 96.67 -188.72 63.22
v 80.20 -196.29 63.22
v 80.20 -196.29 70.00
v 96.67 -188.72 70.00
v 80.20 -196.29 63.22
v 85.21 -207.19 63.22
v 85.21 -207.19 70.00
v 80.20 -196.29 70.00
v 133.71 -182.15 57.12
v 145.28 -173.06 57.12
v 152.70 -182.50 57.12
v 141.13 -191.58 57.12
v 141.13 -191.58 70.00
v 152.70 -182.50 70.00
v 145.28 -173.06 70.00
v 133.71 -182.15 70.00
v 141.13 -191.58 57.12
v 152.70 -182.50 57.12
v 152.70 -182.50 70.00
v 141.13 -191.58 70.00
v 152.70 -182.50 57.12
v 145.28 -173.06 57.12
v 145.28 -173.06 70.00
v 152.70 -182.50 70.00
v 145.28 -173.06 57.12
v 133.71 -182.15 57.12
v 133.71 -182.15 70.00
v 145.28 -173.06 70.00
v 133.71 -182.15 57.12
v 141.13 -191.58 57.12
v 141.13 -191.58 70.00
v 133.71 -182.15 70.00
v -130.19 -145.51 47.64
v -114.02 -158.51 47.64
v -114.02 -158.51 56.00
v -130.19 -145.51 56.00
v -114.02 -158.51 47.64
v -106.50 -149.15 47.64
v -106.50 -149.15 56.00
v -114.02 -158.51 56.00
v -94.51 -185.99 48.61
v -75.06 -194.65 48.61
v -79.94 -205.61 48.61
v -99.39 -196.95 48.61
v -99.39 -196.95 56.00
v -79.94 -205.61 56.00
v -75.06 -194.65 56.00
v -94.51 -185.99 56.00
v -99.39 -196.95 48.61
v -79.94 -205.61 48.61
v -79.94 -205.61 56.00
v -99.39 -196.95 56.00
v -79.94 -205.61 48.61
v -75.06 -194.65 48.61
v -75.06 -194.65 56.00
v -79.94 -205.61 56.00
v -75.06 -194.65 48.61
v -94.51 -185.99 48.61
v -94.51 -185.99 56.00
v -75.06 -194.65 56.00
v -94.51 -185.99 48.61
v -99.39 -196.95 48.61
v -99.39 -196.95 56.00
v -94.51 -185.99 56.00
v -41.64 -208.92 44.96
v -18.08 -212.26 44.96
v -19.77 -224.14 44.96
v -43.32 -220.80 44.96
v -43.32 -220.80 56.00
v -19.77 -224.14 56.00
v -18.08 -212.26 56.00
v -41.64 -208.92 56.00
v -43.32 -220.80 44.96
v -19.77 -224.14 44.96
v -19.77 -224.14 56.00
v -43.32 -220.80 56.00
v -19.77 -224.14 44.96
v -18.08 -212.26 44.96
v -18.08 -212.26 56.00
v -19.77 -224.14 56.00
v -18.08 -212.26 44.96
v -41.64 -208.92 44.96
v -41.64 -208.92 56.00
v -18.08 -212.26 56.00
v -41.64 -208.92 44.96
v -43.32 -220.80 44.96
v -43.32 -220.80 56.00
v -41.64 -208.92 56.00
v 15.70 -233.22 45.79
v 41.22 -230.09 45.79
v 42.68 -242.00 45.79
v 17.16 -245.13 45.79
v 17.16 -245.13 56.00
v 42.68 -242.00 56.00
v 41.22 -230.09 56.00
v 15.70 -233.22 56.00
v 17.16 -245.13 45.79
v 42.68 -242.00 45.79
v 42.68 -242.00 56.00
v 17.16 -245.13 56.00
v 42.68 -242.00 45.79
v 41.22 -230.09 45.79
v 41.22 -230.09 56.00
v 42.68 -242.00 56.00
v 41.22 -230.09 45.79
v 15.70 -233.22 45.79
v 15.70 -233.22 56.00
v 41.22 -230.09 56.00
v 15.70 -233.22 45.79
v 17.16 -245.13 45.79
v 17.16 -245.13 56.00
v 15.70 -233.22 56.00
v 81.11 -237.12 50.41
v 101.67 -229.06 50.41
v 106.05 -240.23 50.41
v 85.49 -248.29 50.41
v 85.49 -248.29 56.00
v 106.05 -240.23 56.00
v 101.67 -229.06 56.00
v 81.11 -237.12 56.00
v 85.49 -248.29 50.41
v 106.05 -240.23 50.41
v 106.05 -240.23 56.00
v 85.49 -248.29 56.00
v 106.05 -240.23 50.41
v 101.67 -229.06 50.41
v 101.67 -229.06 56.00
v 106.05 -240.23 56.00
v 101.67 -229.06 50.41
v 81.11 -237.12 50.41
v 81.11 -237.12 56.00
v 101.67 -229.06 56.00
v 81.11 -237.12 50.41
v 85.49 -248.29 50.41
v 85.49 -248.29 56.00
v 81.11 -237.12 56.00
v 136.28 -216.10 44.12
v 157.07 -201.49 44.12
v 163.97 -211.31 44.12
v 143.18 -225.92 44.12
v 143.18 -225.92 56.00
v 163.97 -211.31 56.00
v 157.07 -201.49 56.00
v 136.28 -216.10 56.00
v 143.18 -225.92 44.12
v 163.97 -211.31 44.12
v 163.97 -211.31 56.00
v 143.18 -225.92 56.00
v 163.97 -211.31 44.12
v 157.07 -201.49 44.12
v 157.07 -201.49 56.00
v 163.97 -211.31 56.00
v 157.07 -201.49 44.12
v 136.28 -216.10 44.12
v 136.28 -216.10 56.00
v 157.07 -201.49 56.00
v 136.28 -216.10 44.12
v 143.18 -225.92 44.12
v 143.18 -225.92 56.00
v 136.28 -216.10 56.00
v -179.12 16.90 32.06
v -179.69 -9.01 32.06
v -191.69 -8.74 32.06
v -191.12 17.16 32.06
v -191.12 17.16 42.00
v -191.69 -8.74 42.00
v -179.69 -9.01 42.00
v -179.12 16.90 42.00
v -191.12 17.16 32.06
v -191.69 -8.74 32.06
v -191.69 -8.74 42.00
v -191.12 17.16 42.00
v -191.69 -8.74 32.06
v -179.69 -9.01 32.06
v -179.69 -9.01 42.00
v -191.69 -8.74 42.00
v -179.69 -9.01 32.06
v -179.12 16.90 32.06
v -179.12 16.90 42.00
v -179.69 -9.01 42.00
v -179.12 16.90 32.06
v -191.12 17.16 32.06
v -191.12 17.16 42.00
v -179.12 16.90 42.00
v -192.39 -41.01 36.97
v -185.99 -64.05 36.97
v -197.55 -67.26 36.97
v -203.95 -44.22 36.97
v -203.95 -44.22 42.00
v -197.55 -67.26 42.00
v -185.99 -64.05 42.00
v -192.39 -41.01 42.00
v -203.95 -44.22 36.97
v -197.55 -67.26 36.97
v -197.55 -67.26 42.00
v -203.95 -44.22 42.00
v -197.55 -67.26 36.97
v -185.99 -64.05 36.97
v -185.99 -64.05 42.00
v -197.55 -67.26 42.00
v -185.99 -64.05 36.97
v -192.39 -41.01 36.97
v -192.39 -41.01 42.00
v -185.99 -64.05 42.00
v -192.39 -41.01 36.97
v -203.95 -44.22 36.97
v -203.95 -44.22 42.00
v -192.39 -41.01 42.00
v -181.46 -103.02 29.88
v -171.99 -118.15 29.88
v -171.99 -118.15 42.00
v -181.46 -103.02 42.00
v -171.28 -96.65 29.88
v -181.46 -103.02 29.88
v -181.46 -103.02 42.00
v -171.28 -96.65 42.00
v -161.87 -160.99 42.00
v -150.52 -171.65 42.00
v -142.31 -162.90 42.00
v -153.65 -152.25 42.00
v -142.31 -162.90 29.07
v -153.65 -152.25 29.07
v -153.65 -152.25 42.00
v -142.31 -162.90 42.00
v -153.65 -152.25 29.07
v -161.87 -160.99 29.07
v -161.87 -160.99 42.00
v -153.65 -152.25 42.00
v -124.07 -214.18 42.00
v -112.13 -220.66 42.00
v -106.40 -210.12 42.00
v -118.34 -203.64 42.00
v -61.27 -242.99 42.00
v -48.75 -245.81 42.00
v -46.11 -234.10 42.00
v -58.63 -231.28 42.00
v 1.32 -271.89 42.00
v 24.15 -270.82 42.00
v 23.58 -258.83 42.00
v 0.76 -259.90 42.00
v 74.50 -270.44 42.00
v 95.35 -263.81 42.00
v 91.72 -252.38 42.00
v 70.87 -259.00 42.00
v 138.17 -244.37 42.00
v 158.49 -231.71 42.00
v 152.15 -221.52 42.00
v 131.82 -234.18 42.00
v -181.25 80.64 22.61
v -188.50 61.81 22.61
v -199.70 66.12 22.61
v -192.45 84.95 22.61
v -192.45 84.95 30.00
v -199.70 66.12 30.00
v -188.50 61.81 30.00
v -181.25 80.64 30.00
v -192.45 84.95 22.61
v -199.70 66.12 22.61
v -199.70 66.12 30.00
v -192.45 84.95 30.00
v -199.70 66.12 22.61
v -188.50 61.81 22.61
v -188.50 61.81 30.00
v -199.70 66.12 30.00
v -188.50 61.81 22.61
v -181.25 80.64 22.61
v -181.25 80.64 30.00
v -188.50 61.81 30.00
v -181.25 80.64 22.61
v -192.45 84.95 22.61
v -192.45 84.95 30.00
v -181.25 80.64 30.00
v -225.54 4.02 22.61
v -223.78 28.36 22.61
v -223.78 28.36 30.00
v -225.54 4.02 30.00
v -223.78 28.36 22.61
v -235.75 29.23 22.61
v -235.75 29.23 30.00
v -223.78 28.36 30.00
v -226.37 -34.89 21.76
v -221.64 -57.76 21.76
v -233.39 -60.19 21.76
v -238.12 -37.32 21.76
v -238.12 -37.32 30.00
v -233.39 -60.19 30.00
v -221.64 -57.76 30.00
v -226.37 -34.89 30.00
v -233.39 -60.19 21.76
v -221.64 -57.76 21.76
v -221.64 -57.76 30.00
v -233.39 -60.19 30.00
v -221.64 -57.76 21.76
v -226.37 -34.89 21.76
v -226.37 -34.89 30.00
v -221.64 -57.76 30.00
v -210.01 -101.27 20.86
v -203.91 -113.05 20.86
v -214.57 -118.56 20.86
v -220.66 -106.79 20.86
v -220.66 -106.79 30.00
v -214.57 -118.56 30.00
v -203.91 -113.05 30.00
v -210.01 -101.27 30.00
v -220.66 -106.79 20.86
v -214.57 -118.56 20.86
v -214.57 -118.56 30.00
v -220.66 -106.79 30.00
v -214.57 -118.56 20.86
v -203.91 -113.05 20.86
v -203.91 -113.05 30.00
v -214.57 -118.56 30.00
v -203.91 -113.05 20.86
v -210.01 -101.27 20.86
v -210.01 -101.27 30.00
v -203.91 -113.05 30.00
v -210.01 -101.27 20.86
v -220.66 -106.79 20.86
v -220.66 -106.79 30.00
v -210.01 -101.27 30.00
v -182.80 -155.39 19.78
v -191.72 -163.42 19.78
v -191.72 -163.42 30.00
v -182.80 -155.39 30.00

usemtl mat_granite
v -181.97 111.62 22.00
v -203.28 84.68 22.00
v -199.77 82.75 22.00
v -178.75 109.24 22.00
v -203.28 84.68 37.00
v -181.97 111.62 37.00
v -178.75 109.24 37.00
v -199.77 82.75 37.00
v -178.75 109.24 22.00
v -199.77 82.75 22.00
v -199.77 82.75 37.00
v -178.75 109.24 37.00
v -203.28 84.68 22.00
v -222.87 56.83 22.00
v -219.14 55.37 22.00
v -199.77 82.75 22.00
v -222.87 56.83 37.00
v -203.28 84.68 37.00
v -199.77 82.75 37.00
v -219.14 55.37 37.00
v -199.77 82.75 22.00
v -219.14 55.37 22.00
v -219.14 55.37 37.00
v -199.77 82.75 37.00
v -222.87 56.83 22.00
v -238.71 26.95 22.00
v -234.83 25.97 22.00
v -219.14 55.37 22.00
v -238.71 26.95 37.00
v -222.87 56.83 37.00
v -219.14 55.37 37.00
v -234.83 25.97 37.00
v -219.14 55.37 22.00
v -234.83 25.97 22.00
v -234.83 25.97 37.00
v -219.14 55.37 37.00
v -231.84 -68.96 22.00
v -218.55 -97.89 22.00
v -214.67 -96.91 22.00
v -227.87 -68.47 22.00
v -218.55 -97.89 37.00
v -231.84 -68.96 37.00
v -227.87 -68.47 37.00
v -214.67 -96.91 37.00
v -227.87 -68.47 22.00
v -214.67 -96.91 22.00
v -214.67 -96.91 37.00
v -227.87 -68.47 37.00
v -218.55 -97.89 22.00
v -206.66 -126.50 22.00
v -202.94 -125.05 22.00
v -214.67 -96.91 22.00
v -206.66 -126.50 37.00
v -218.55 -97.89 37.00
v -214.67 -96.91 37.00
v -202.94 -125.05 37.00
v -214.67 -96.91 22.00
v -202.94 -125.05 22.00
v -202.94 -125.05 37.00
v -214.67 -96.91 37.00
v -206.66 -126.50 22.00
v -194.46 -155.83 22.00
v -190.95 -153.91 22.00
v -202.94 -125.05 22.00
v -194.46 -155.83 37.00
v -206.66 -126.50 37.00
v -202.94 -125.05 37.00
v -190.95 -153.91 37.00
v -202.94 -125.05 22.00
v -190.95 -153.91 22.00
v -190.95 -153.91 37.00
v -202.94 -125.05 37.00
v -201.23 85.50 37.00
v -202.87 82.52 37.00
v -205.32 83.86 37.00
v -203.69 86.84 37.00
v -203.69 86.84 38.35
v -205.32 83.86 38.35
v -202.87 82.52 38.35
v -201.23 85.50 38.35
v -203.69 86.84 37.00
v -205.32 83.86 37.00
v -205.32 83.86 38.35
v -203.69 86.84 38.35
v -205.32 83.86 37.00
v -202.87 82.52 37.00
v -202.87 82.52 38.35
v -205.32 83.86 38.35
v -202.87 82.52 37.00
v -201.23 85.50 37.00
v -201.23 85.50 38.35
v -202.87 82.52 38.35
v -201.23 85.50 37.00
v -203.69 86.84 37.00
v -203.69 86.84 38.35
v -201.23 85.50 38.35
v -217.61 -95.90 37.00
v -216.78 -99.19 37.00
v -219.50 -99.88 37.00
v -220.32 -96.58 37.00
v -220.32 -96.58 38.35
v -219.50 -99.88 38.35
v -216.78 -99.19 38.35
v -217.61 -95.90 38.35
v -220.32 -96.58 37.00
v -219.50 -99.88 37.00
v -219.50 -99.88 38.35
v -220.32 -96.58 38.35
v -219.50 -99.88 37.00
v -216.78 -99.19 37.00
v -216.78 -99.19 38.35
v -219.50 -99.88 38.35
v -216.78 -99.19 37.00
v -217.61 -95.90 37.00
v -217.61 -95.90 38.35
v -216.78 -99.19 38.35
v -217.61 -95.90 37.00
v -220.32 -96.58 37.00
v -220.32 -96.58 38.35
v -217.61 -95.90 38.35
v -194.05 -153.67 37.00
v -192.41 -156.65 37.00
v -194.87 -158.00 37.00
v -196.50 -155.02 37.00
v -196.50 -155.02 38.35
v -194.87 -158.00 38.35
v -192.41 -156.65 38.35
v -194.05 -153.67 38.35
v -196.50 -155.02 37.00
v -194.87 -158.00 37.00
v -194.87 -158.00 38.35
v -196.50 -155.02 38.35
v -194.87 -158.00 37.00
v -192.41 -156.65 37.00
v -192.41 -156.65 38.35
v -194.87 -158.00 38.35
v -192.41 -156.65 37.00
v -194.05 -153.67 37.00
v -194.05 -153.67 38.35
v -192.41 -156.65 38.35
v -194.05 -153.67 37.00
v -196.50 -155.02 37.00
v -196.50 -155.02 38.35
v -194.05 -153.67 38.35
v -229.77 27.70 42.40
v -230.98 31.50 42.40
v -229.89 31.19 46.40
v -228.92 26.95 46.40
v -230.98 22.39 42.40
v -229.77 27.70 42.40
v -228.92 26.95 46.40
v -229.89 22.70 46.40
v -198.97 -126.50 16.00
v -200.00 -122.65 16.00
v -200.00 -122.65 46.00
v -198.97 -126.50 46.00
v -200.00 -122.65 16.00
v -202.81 -119.83 16.00
v -202.81 -119.83 46.00
v -200.00 -122.65 46.00
v -202.81 -119.83 16.00
v -206.66 -118.80 16.00
v -206.66 -118.80 46.00
v -202.81 -119.83 46.00
v -206.66 -118.80 16.00
v -210.51 -119.83 16.00
v -210.51 -119.83 46.00
v -206.66 -118.80 46.00
v -210.51 -119.83 16.00
v -213.33 -122.65 16.00
v -213.33 -122.65 46.00
v -210.51 -119.83 46.00
v -213.33 -122.65 16.00
v -214.37 -126.50 16.00
v -214.37 -126.50 46.00
v -213.33 -122.65 46.00
v -214.37 -126.50 16.00
v -213.33 -130.35 16.00
v -213.33 -130.35 46.00
v -214.37 -126.50 46.00
v -213.33 -130.35 16.00
v -210.51 -133.17 16.00
v -210.51 -133.17 46.00
v -213.33 -130.35 46.00
v -210.51 -133.17 16.00
v -206.66 -134.20 16.00
v -206.66 -134.20 46.00
v -210.51 -133.17 46.00
v -206.66 -134.20 16.00
v -202.81 -133.17 16.00
v -202.81 -133.17 46.00
v -206.66 -134.20 46.00
v -202.81 -133.17 16.00
v -200.00 -130.35 16.00
v -200.00 -130.35 46.00
v -202.81 -133.17 46.00
v -200.00 -130.35 16.00
v -198.97 -126.50 16.00
v -198.97 -126.50 46.00
v -200.00 -130.35 46.00
v -198.97 -126.50 46.00
v -200.00 -122.65 46.00
v -202.81 -119.83 46.00
v -206.66 -118.80 46.00
v -210.51 -119.83 46.00
v -213.33 -122.65 46.00
v -214.37 -126.50 46.00
v -213.33 -130.35 46.00
v -210.51 -133.17 46.00
v -206.66 -134.20 46.00
v -202.81 -133.17 46.00
v -200.00 -130.35 46.00
v -201.28 -123.08 42.40
v -199.93 -122.43 42.40
v -199.28 -123.78 42.40
v -200.63 -124.43 42.40
v -200.63 -124.43 42.40
v -199.28 -123.78 42.40
v -199.93 -122.43 42.40
v -201.28 -123.08 42.40
v -203.30 -121.08 42.40
v -201.19 -120.84 42.40
v -201.28 -123.08 42.40
v -201.28 -123.08 42.40
v -201.19 -120.84 42.40
v -203.30 -121.08 42.40
v -205.99 -120.16 42.40
v -205.65 -118.70 42.40
v -204.53 -120.49 42.40
v -204.53 -120.49 42.40
v -205.65 -118.70 42.40
v -205.99 -120.16 42.40
v -207.34 -120.16 42.40
v -209.14 -119.03 42.40
v -207.68 -118.70 42.40
v -207.34 -120.16 42.40
v -207.68 -118.70 42.40
v -209.14 -119.03 42.40
v -211.20 -122.02 42.40
v -212.14 -120.84 42.40
v -209.14 -119.03 42.40
v -210.03 -121.08 42.40
v -210.03 -121.08 42.40
v -209.14 -119.03 42.40
v -212.14 -120.84 42.40
v -211.20 -122.02 42.40
v -212.70 -124.43 42.40
v -214.05 -123.78 42.40
v -211.20 -122.02 42.40
v -211.20 -122.02 42.40
v -214.05 -123.78 42.40
v -212.70 -124.43 42.40
v -213.40 -130.58 42.40
v -214.05 -129.22 42.40
v -212.70 -128.57 42.40
v -212.70 -128.57 42.40
v -214.05 -129.22 42.40
v -213.40 -130.58 42.40
v -210.03 -131.92 42.40
v -210.96 -133.09 42.40
v -212.14 -132.16 42.40
v -213.40 -130.58 42.40
v -213.40 -130.58 42.40
v -212.14 -132.16 42.40
v -210.96 -133.09 42.40
v -210.03 -131.92 42.40
v -208.81 -132.51 42.40
v -207.68 -134.31 42.40
v -210.96 -133.09 42.40
v -208.81 -132.51 42.40
v -210.96 -133.09 42.40
v -207.68 -134.31 42.40
v -204.19 -133.97 42.40
v -205.65 -134.31 42.40
v -205.99 -132.84 42.40
v -205.99 -132.84 42.40
v -205.65 -134.31 42.40
v -204.19 -133.97 42.40
v -202.13 -130.99 42.40
v -202.37 -133.09 42.40
v -203.30 -131.92 42.40
v -203.30 -131.92 42.40
v -202.37 -133.09 42.40
v -202.13 -130.99 42.40
v -200.63 -128.57 42.40
v -199.28 -129.22 42.40
v -199.93 -130.58 42.40
v -202.13 -130.99 42.40
v -202.13 -130.99 42.40
v -199.93 -130.58 42.40
v -199.28 -129.22 42.40
v -200.63 -128.57 42.40
v -198.83 -127.25 42.40
v -199.93 -122.43 42.40
v -199.03 -122.83 46.40
v -198.19 -126.50 46.40
v -199.93 -122.43 42.40
v -201.19 -120.84 42.40
v -201.38 -119.88 46.40
v -199.03 -122.83 46.40
v -201.19 -120.84 42.40
v -205.65 -118.70 42.40
v -204.78 -118.24 46.40
v -201.38 -119.88 46.40
v -205.65 -118.70 42.40
v -207.68 -118.70 42.40
v -208.55 -118.24 46.40
v -204.78 -118.24 46.40
v -207.68 -118.70 42.40
v -212.14 -120.84 42.40
v -211.95 -119.88 46.40
v -208.55 -118.24 46.40
v -212.14 -120.84 42.40
v -214.30 -122.83 44.00
v -214.30 -122.83 46.40
v -211.95 -119.88 46.40
v -214.30 -122.83 44.00
v -214.50 -125.75 42.40
v -215.13 -126.50 46.40
v -214.30 -122.83 46.40
v -214.50 -125.75 42.40
v -214.30 -130.18 44.00
v -214.30 -130.18 46.40
v -215.13 -126.50 46.40
v -214.30 -130.18 44.00
v -212.14 -132.16 42.40
v -211.95 -133.12 46.40
v -214.30 -130.18 46.40
v -212.14 -132.16 42.40
v -207.68 -134.31 42.40
v -208.55 -134.76 46.40
v -211.95 -133.12 46.40
v -207.68 -134.31 42.40
v -205.65 -134.31 42.40
v -204.78 -134.76 46.40
v -208.55 -134.76 46.40
v -205.65 -134.31 42.40
v -202.37 -133.09 42.40
v -201.38 -133.12 46.40
v -204.78 -134.76 46.40
v -202.37 -133.09 42.40
v -199.93 -130.58 42.40
v -199.03 -130.18 46.40
v -201.38 -133.12 46.40
v -199.93 -130.58 42.40
v -198.83 -127.25 42.40
v -198.19 -126.50 46.40
v -199.03 -130.18 46.40
v -196.66 -126.50 48.00
v -198.00 -121.50 48.00
v -206.66 -126.50 62.24
v -198.00 -121.50 48.00
v -201.66 -117.83 48.00
v -206.66 -126.50 62.24
v -201.66 -117.83 48.00
v -206.66 -116.49 48.00
v -206.66 -126.50 62.24
v -206.66 -116.49 48.00
v -211.67 -117.83 48.00
v -206.66 -126.50 62.24
v -211.67 -117.83 48.00
v -214.30 -122.83 46.40
v -206.66 -126.50 62.24
v -214.30 -122.83 46.40
v -216.68 -126.50 48.00
v -206.66 -126.50 62.24
v -216.68 -126.50 48.00
v -214.30 -130.18 46.40
v -206.66 -126.50 62.24
v -214.30 -130.18 46.40
v -211.67 -135.17 48.00
v -206.66 -126.50 62.24
v -211.67 -135.17 48.00
v -206.66 -136.51 48.00
v -206.66 -126.50 62.24
v -206.66 -136.51 48.00
v -201.66 -135.17 48.00
v -206.66 -126.50 62.24
v -201.66 -135.17 48.00
v -198.00 -131.51 48.00
v -206.66 -126.50 62.24
v -198.00 -131.51 48.00
v -196.66 -126.50 48.00
v -206.66 -126.50 62.24
v -206.66 -126.50 62.24
v -206.87 -126.16 62.24
v -206.87 -126.16 66.25
v -206.26 -126.50 66.25
v -206.87 -126.16 62.24
v -206.66 -126.50 62.24
v -206.26 -126.50 66.25
v -206.87 -126.16 66.25
v -82.27 -241.63 46.00
v -83.14 -238.38 46.00
v -85.52 -236.00 46.00
v -88.77 -235.13 46.00
v -92.02 -236.00 46.00
v -94.40 -238.38 46.00
v -95.27 -241.63 46.00
v -94.40 -244.88 46.00
v -92.02 -247.26 46.00
v -88.77 -248.13 46.00
v -85.52 -247.26 46.00
v -83.14 -244.88 46.00
v -84.39 -238.69 42.40
v -82.38 -239.39 42.40
v -83.73 -240.04 42.40
v -83.73 -240.04 42.40
v -82.38 -239.39 42.40
v -84.39 -238.69 42.40
v -86.10 -237.08 42.40
v -83.99 -236.84 42.40
v -84.39 -238.69 42.40
v -84.39 -238.69 42.40
v -83.99 -236.84 42.40
v -86.10 -237.08 42.40
v -88.34 -236.37 42.40
v -88.01 -234.90 42.40
v -86.54 -235.24 42.40
v -86.10 -237.08 42.40
v -86.10 -237.08 42.40
v -86.54 -235.24 42.40
v -88.01 -234.90 42.40
v -88.34 -236.37 42.40
v -90.67 -236.70 42.40
v -91.00 -235.24 42.40
v -88.01 -234.90 42.40
v -88.34 -236.37 42.40
v -88.34 -236.37 42.40
v -88.01 -234.90 42.40
v -91.00 -235.24 42.40
v -90.67 -236.70 42.40
v -92.62 -238.01 42.40
v -93.55 -236.84 42.40
v -90.67 -236.70 42.40
v -90.67 -236.70 42.40
v -93.55 -236.84 42.40
v -92.62 -238.01 42.40
v -93.81 -240.04 42.40
v -95.16 -239.39 42.40
v -92.62 -238.01 42.40
v -92.62 -238.01 42.40
v -95.16 -239.39 42.40
v -93.81 -240.04 42.40
v -94.00 -242.38 42.40
v -95.50 -242.38 42.40
v -95.50 -240.88 42.40
v -93.81 -240.04 42.40
v -93.81 -240.04 42.40
v -95.50 -240.88 42.40
v -95.50 -242.38 42.40
v -94.00 -242.38 42.40
v -94.51 -245.23 42.40
v -95.50 -242.38 42.40
v -94.00 -242.38 42.40
v -94.00 -242.38 42.40
v -95.50 -242.38 42.40
v -94.51 -245.23 42.40
v -91.45 -246.19 42.40
v -92.38 -247.36 42.40
v -93.55 -246.43 42.40
v -94.51 -245.23 42.40
v -94.51 -245.23 42.40
v -93.55 -246.43 42.40
v -92.38 -247.36 42.40
v -91.45 -246.19 42.40
v -84.92 -245.25 42.40
v -85.16 -247.36 42.40
v -86.10 -246.19 42.40
v -86.10 -246.19 42.40
v -85.16 -247.36 42.40
v -84.92 -245.25 42.40
v -83.73 -243.23 42.40
v -83.54 -242.38 42.40
v -83.03 -245.23 42.40
v -84.92 -245.25 42.40
v -84.92 -245.25 42.40
v -83.03 -245.23 42.40
v -83.54 -242.38 42.40
v -83.73 -243.23 42.40
v -82.04 -240.88 42.40
v -82.38 -239.39 42.40
v -82.33 -238.53 46.40
v -81.62 -241.63 46.40
v -82.38 -239.39 42.40
v -83.99 -236.84 42.40
v -84.31 -236.04 46.40
v -82.33 -238.53 46.40
v -83.99 -236.84 42.40
v -86.54 -235.24 42.40
v -87.18 -234.66 46.40
v -84.31 -236.04 46.40
v -86.54 -235.24 42.40
v -91.00 -235.24 42.40
v -90.36 -234.66 46.40
v -87.18 -234.66 46.40
v -91.00 -235.24 42.40
v -93.55 -236.84 42.40
v -93.23 -236.04 46.40
v -90.36 -234.66 46.40
v -93.55 -236.84 42.40
v -95.16 -239.39 42.40
v -95.21 -238.53 46.40
v -93.23 -236.04 46.40
v -95.16 -239.39 42.40
v -95.50 -240.88 42.40
v -95.92 -241.63 46.40
v -95.21 -238.53 46.40
v -95.50 -240.88 42.40
v -95.21 -244.74 44.00
v -95.21 -244.74 46.40
v -95.92 -241.63 46.40
v -95.21 -244.74 44.00
v -93.55 -246.43 42.40
v -93.23 -247.22 46.40
v -95.21 -244.74 46.40
v -93.55 -246.43 42.40
v -90.36 -248.60 44.00
v -90.36 -248.60 46.40
v -93.23 -247.22 46.40
v -90.36 -248.60 44.00
v -87.18 -248.60 44.00
v -87.18 -248.60 46.40
v -90.36 -248.60 46.40
v -87.18 -248.60 44.00
v -85.16 -247.36 42.40
v -84.31 -247.22 46.40
v -87.18 -248.60 46.40
v -85.16 -247.36 42.40
v -83.03 -245.23 42.40
v -82.33 -244.74 46.40
v -84.31 -247.22 46.40
v -83.03 -245.23 42.40
v -82.04 -240.88 42.40
v -81.62 -241.63 46.40
v -82.33 -244.74 46.40
v -80.32 -241.63 48.00
v -81.45 -237.41 48.00
v -88.77 -241.63 60.02
v -81.45 -237.41 48.00
v -84.55 -234.31 48.00
v -88.77 -241.63 60.02
v -84.55 -234.31 48.00
v -88.77 -233.18 48.00
v -88.77 -241.63 60.02
v -88.77 -233.18 48.00
v -93.00 -234.31 48.00
v -88.77 -241.63 60.02
v -93.00 -234.31 48.00
v -96.09 -237.41 48.00
v -88.77 -241.63 60.02
v -96.09 -237.41 48.00
v -97.22 -241.63 48.00
v -88.77 -241.63 60.02
v -97.22 -241.63 48.00
v -95.21 -244.74 46.40
v -88.77 -241.63 60.02
v -95.21 -244.74 46.40
v -93.00 -248.95 48.00
v -88.77 -241.63 60.02
v -93.00 -248.95 48.00
v -88.77 -250.08 48.00
v -88.77 -241.63 60.02
v -88.77 -250.08 48.00
v -84.55 -248.95 48.00
v -88.77 -241.63 60.02
v 104.19 -256.36 42.40
v 104.07 -252.86 44.00
v 104.07 -252.86 46.40
v 105.04 -257.11 46.40
v 104.07 -252.86 44.00
v 101.41 -250.59 42.40
v 101.36 -249.46 46.40
v 104.07 -252.86 46.40
v 101.41 -250.59 42.40
v 97.97 -248.56 42.40
v 97.43 -247.57 46.40
v 101.36 -249.46 46.40
v 97.97 -248.56 42.40
v 93.99 -248.23 42.40
v 93.07 -247.57 46.40
v 97.43 -247.57 46.40
v 93.99 -248.23 42.40
v 89.09 -250.59 42.40
v 89.15 -249.46 46.40
v 93.07 -247.57 46.40
v 89.09 -250.59 42.40
v 87.52 -252.56 42.40
v 86.43 -252.86 46.40
v 89.15 -249.46 46.40
v 87.52 -252.56 42.40
v 85.46 -257.11 44.00
v 85.46 -257.11 46.40
v 86.43 -252.86 46.40
v 85.46 -257.11 44.00
v 86.87 -260.31 42.40
v 86.43 -261.36 46.40
v 85.46 -257.11 46.40
v 86.87 -260.31 42.40
v 89.15 -264.76 44.00
v 89.15 -264.76 46.40
v 86.43 -261.36 46.40
v 89.15 -264.76 44.00
v 93.07 -266.65 44.00
v 93.07 -266.65 46.40
v 89.15 -264.76 46.40
v 93.07 -266.65 44.00
v 97.43 -266.65 44.00
v 97.43 -266.65 46.40
v 93.07 -266.65 46.40
v 97.43 -266.65 44.00
v 101.36 -264.76 44.00
v 101.36 -264.76 46.40
v 97.43 -266.65 46.40
v 101.36 -264.76 44.00
v 103.63 -260.31 42.40
v 104.07 -261.36 46.40
v 101.36 -264.76 46.40
v 103.63 -260.31 42.40
v 104.19 -256.36 42.40
v 105.04 -257.11 46.40
v 104.07 -261.36 46.40
v 106.82 -257.11 48.00
v 104.07 -252.86 46.40
v 95.25 -257.11 64.47
v 104.07 -252.86 46.40
v 101.04 -247.09 48.00
v 95.25 -257.11 64.47
v 101.04 -247.09 48.00
v 95.25 -245.54 48.00
v 95.25 -257.11 64.47
v 95.25 -245.54 48.00
v 89.47 -247.09 48.00
v 95.25 -257.11 64.47
v 89.47 -247.09 48.00
v 85.23 -251.32 48.00
v 95.25 -257.11 64.47
v 85.23 -251.32 48.00
v 85.46 -257.11 46.40
v 95.25 -257.11 64.47
v 85.46 -257.11 46.40
v 85.23 -262.89 48.00
v 95.25 -257.11 64.47
v 85.23 -262.89 48.00
v 89.47 -267.13 48.00
v 95.25 -257.11 64.47
v 89.47 -267.13 48.00
v 95.25 -268.68 48.00
v 95.25 -257.11 64.47
v 95.25 -268.68 48.00
v 101.04 -267.13 48.00
v 95.25 -257.11 64.47
v 101.04 -267.13 48.00
v 105.27 -262.89 48.00
v 95.25 -257.11 64.47
v 105.27 -262.89 48.00
v 106.82 -257.11 48.00
v 95.25 -257.11 64.47
v 95.25 -257.11 64.47
v 95.05 -257.46 64.47
v 95.05 -257.46 68.47
v 95.65 -257.11 68.47
v 95.05 -257.46 64.47
v 95.25 -257.11 64.47
v 95.65 -257.11 68.47
v 95.05 -257.46 68.47
v -181.68 4.00 42.00
v -188.89 -23.71 42.00
v -185.51 -24.12 44.00
v -178.38 3.18 44.00
v -188.89 -23.71 57.00
v -181.68 4.00 57.00
v -178.38 3.18 57.00
v -185.51 -24.12 57.00
v -178.38 3.18 44.00
v -185.51 -24.12 44.00
v -185.51 -24.12 57.00
v -178.38 3.18 57.00
v -188.89 -23.71 42.00
v -187.29 -52.00 42.00
v -183.89 -52.00 44.00
v -185.51 -24.12 44.00
v -187.29 -52.00 57.00
v -188.89 -23.71 57.00
v -185.51 -24.12 57.00
v -183.89 -52.00 57.00
v -185.51 -24.12 44.00
v -183.89 -52.00 44.00
v -183.89 -52.00 57.00
v -185.51 -24.12 57.00
v -187.29 -52.00 42.00
v -178.30 -79.01 42.00
v -174.93 -78.61 44.00
v -183.89 -52.00 44.00
v -178.30 -79.01 57.00
v -187.29 -52.00 57.00
v -183.89 -52.00 57.00
v -174.93 -78.61 57.00
v -183.89 -52.00 44.00
v -174.93 -78.61 44.00
v -174.93 -78.61 57.00
v -183.89 -52.00 57.00
v -145.79 -155.24 42.00
v -131.54 -180.86 42.00
v -128.79 -178.86 44.00
v -142.79 -153.63 44.00
v -131.54 -180.86 57.00
v -145.79 -155.24 57.00
v -142.79 -153.63 57.00
v -128.79 -178.86 57.00
v -142.79 -153.63 44.00
v -128.79 -178.86 44.00
v -128.79 -178.86 57.00
v -142.79 -153.63 57.00
v -131.54 -180.86 42.00
v -110.33 -203.11 42.00
v -107.88 -200.75 44.00
v -128.79 -178.86 44.00
v -110.33 -203.11 57.00
v -131.54 -180.86 57.00
v -128.79 -178.86 57.00
v -107.88 -200.75 57.00
v -128.79 -178.86 44.00
v -107.88 -200.75 44.00
v -107.88 -200.75 57.00
v -128.79 -178.86 57.00
v -110.33 -203.11 42.00
v -82.85 -219.94 42.00
v -80.78 -217.24 44.00
v -107.88 -200.75 44.00
v -82.85 -219.94 57.00
v -110.33 -203.11 57.00
v -107.88 -200.75 57.00
v -80.78 -217.24 57.00
v -107.88 -200.75 44.00
v -80.78 -217.24 44.00
v -80.78 -217.24 57.00
v -107.88 -200.75 57.00
v -82.85 -219.94 42.00
v -52.27 -232.24 42.00
v -50.64 -229.25 44.00
v -80.78 -217.24 44.00
v -52.27 -232.24 57.00
v -82.85 -219.94 57.00
v -80.78 -217.24 57.00
v -50.64 -229.25 57.00
v -80.78 -217.24 44.00
v -50.64 -229.25 44.00
v -50.64 -229.25 57.00
v -80.78 -217.24 57.00
v -52.27 -232.24 42.00
v -20.77 -242.46 42.00
v -19.64 -239.25 44.00
v -50.64 -229.25 44.00
v -20.77 -242.46 57.00
v -52.27 -232.24 57.00
v -50.64 -229.25 57.00
v -19.64 -239.25 57.00
v -50.64 -229.25 44.00
v -19.64 -239.25 44.00
v -19.64 -239.25 57.00
v -50.64 -229.25 57.00
v -20.77 -242.46 42.00
v 11.79 -251.28 42.00
v 12.37 -247.93 44.00
v -19.64 -239.25 44.00
v 11.79 -251.28 57.00
v -20.77 -242.46 57.00
v -19.64 -239.25 57.00
v 12.37 -247.93 57.00
v -19.64 -239.25 44.00
v 12.37 -247.93 44.00
v 12.37 -247.93 57.00
v -19.64 -239.25 57.00
v 11.79 -251.28 42.00
v 46.00 -256.12 42.00
v 46.00 -252.72 44.00
v 12.37 -247.93 44.00
v 46.00 -256.12 57.00
v 11.79 -251.28 57.00
v 12.37 -247.93 57.00
v 46.00 -252.72 57.00
v 12.37 -247.93 44.00
v 46.00 -252.72 44.00
v 46.00 -252.72 57.00
v 12.37 -247.93 57.00
v 46.00 -256.12 42.00
v 80.58 -253.46 42.00
v 80.01 -250.11 44.00
v 46.00 -252.72 44.00
v 80.58 -253.46 57.00
v 46.00 -256.12 57.00
v 46.00 -252.72 57.00
v 80.01 -250.11 57.00
v 46.00 -252.72 44.00
v 80.01 -250.11 44.00
v 80.01 -250.11 57.00
v 46.00 -252.72 57.00
v 80.58 -253.46 42.00
v 112.79 -242.53 42.00
v 111.67 -239.32 44.00
v 80.01 -250.11 44.00
v 112.79 -242.53 57.00
v 80.58 -253.46 57.00
v 80.01 -250.11 57.00
v 111.67 -239.32 57.00
v 80.01 -250.11 44.00
v 111.67 -239.32 44.00
v 111.67 -239.32 57.00
v 80.01 -250.11 57.00
v 112.79 -242.53 42.00
v 141.14 -226.49 42.00
v 139.51 -223.51 44.00
v 111.67 -239.32 44.00
v 141.14 -226.49 57.00
v 112.79 -242.53 57.00
v 111.67 -239.32 57.00
v 139.51 -223.51 57.00
v 111.67 -239.32 44.00
v 139.51 -223.51 44.00
v 139.51 -223.51 57.00
v 111.67 -239.32 57.00
v 141.14 -226.49 42.00
v 166.96 -209.65 42.00
v 164.89 -206.95 44.00
v 139.51 -223.51 44.00
v 166.96 -209.65 57.00
v 141.14 -226.49 57.00
v 139.51 -223.51 57.00
v 164.89 -206.95 57.00
v 139.51 -223.51 44.00
v 164.89 -206.95 44.00
v 164.89 -206.95 57.00
v 139.51 -223.51 57.00
v -179.91 5.31 57.00
v -180.73 2.01 57.00
v -183.44 2.68 57.00
v -182.63 5.98 57.00
v -182.63 5.98 58.35
v -183.44 2.68 58.35
v -180.73 2.01 58.35
v -179.91 5.31 58.35
v -182.63 5.98 57.00
v -183.44 2.68 57.00
v -183.44 2.68 58.35
v -182.63 5.98 58.35
v -183.44 2.68 57.00
v -180.73 2.01 57.00
v -180.73 2.01 58.35
v -183.44 2.68 58.35
v -180.73 2.01 57.00
v -179.91 5.31 57.00
v -179.91 5.31 58.35
v -180.73 2.01 58.35
v -179.91 5.31 57.00
v -182.63 5.98 57.00
v -182.63 5.98 58.35
v -179.91 5.31 58.35
v -185.89 -50.30 57.00
v -185.89 -53.70 57.00
v -188.69 -53.70 57.00
v -188.69 -50.30 57.00
v -188.69 -50.30 58.35
v -188.69 -53.70 58.35
v -185.89 -53.70 58.35
v -185.89 -50.30 58.35
v -188.69 -50.30 57.00
v -188.69 -53.70 57.00
v -188.69 -53.70 58.35
v -188.69 -50.30 58.35
v -188.69 -53.70 57.00
v -185.89 -53.70 57.00
v -185.89 -53.70 58.35
v -188.69 -53.70 58.35
v -185.89 -53.70 57.00
v -185.89 -50.30 57.00
v -185.89 -50.30 58.35
v -185.89 -53.70 58.35
v -185.89 -50.30 57.00
v -188.69 -50.30 57.00
v -188.69 -50.30 58.35
v -185.89 -50.30 58.35
v -145.36 -153.08 57.00
v -143.75 -156.07 57.00
v -146.22 -157.40 57.00
v -147.83 -154.41 57.00
v -147.83 -154.41 58.35
v -146.22 -157.40 58.35
v -143.75 -156.07 58.35
v -145.36 -153.08 58.35
v -147.83 -154.41 57.00
v -146.22 -157.40 57.00
v -146.22 -157.40 58.35
v -147.83 -154.41 58.35
v -146.22 -157.40 57.00
v -143.75 -156.07 57.00
v -143.75 -156.07 58.35
v -146.22 -157.40 58.35
v -143.75 -156.07 57.00
v -145.36 -153.08 57.00
v -145.36 -153.08 58.35
v -143.75 -156.07 58.35
v -145.36 -153.08 57.00
v -147.83 -154.41 57.00
v -147.83 -154.41 58.35
v -145.36 -153.08 58.35
v -110.50 -200.92 57.00
v -108.14 -203.36 57.00
v -110.15 -205.31 57.00
v -112.51 -202.86 57.00
v -112.51 -202.86 58.35
v -110.15 -205.31 58.35
v -108.14 -203.36 58.35
v -110.50 -200.92 58.35
v -112.51 -202.86 57.00
v -110.15 -205.31 57.00
v -110.15 -205.31 58.35
v -112.51 -202.86 58.35
v -110.15 -205.31 57.00
v -108.14 -203.36 57.00
v -108.14 -203.36 58.35
v -110.15 -205.31 58.35
v -108.14 -203.36 57.00
v -110.50 -200.92 57.00
v -110.50 -200.92 58.35
v -108.14 -203.36 58.35
v -110.50 -200.92 57.00
v -112.51 -202.86 57.00
v -112.51 -202.86 58.35
v -110.50 -200.92 58.35
v -53.09 -230.20 57.00
v -50.11 -231.82 57.00
v -51.45 -234.28 57.00
v -54.43 -232.65 57.00
v -54.43 -232.65 58.35
v -51.45 -234.28 58.35
v -50.11 -231.82 58.35
v -53.09 -230.20 58.35
v -54.43 -232.65 57.00
v -51.45 -234.28 57.00
v -51.45 -234.28 58.35
v -54.43 -232.65 58.35
v -51.45 -234.28 57.00
v -50.11 -231.82 57.00
v -50.11 -231.82 58.35
v -51.45 -234.28 58.35
v -50.11 -231.82 57.00
v -53.09 -230.20 57.00
v -53.09 -230.20 58.35
v -50.11 -231.82 58.35
v -173.97 8.45 38.00
v -177.23 11.70 38.00
v -177.23 11.70 68.00
v -173.97 8.45 68.00
v -177.23 11.70 38.00
v -181.68 12.90 38.00
v -181.68 12.90 68.00
v -177.23 11.70 68.00
v -181.68 12.90 38.00
v -186.13 11.70 38.00
v -186.13 11.70 68.00
v -181.68 12.90 68.00
v -186.13 11.70 38.00
v -189.39 8.45 38.00
v -189.39 8.45 68.00
v -186.13 11.70 68.00
v -189.39 8.45 38.00
v -190.58 4.00 38.00
v -190.58 4.00 68.00
v -189.39 8.45 68.00
v -190.58 4.00 38.00
v -189.39 -0.45 38.00
v -189.39 -0.45 68.00
v -190.58 4.00 68.00
v -189.39 -0.45 38.00
v -186.13 -3.71 38.00
v -186.13 -3.71 68.00
v -189.39 -0.45 68.00
v -186.13 -3.71 38.00
v -181.68 -4.90 38.00
v -181.68 -4.90 68.00
v -186.13 -3.71 68.00
v -181.68 -4.90 38.00
v -177.23 -3.71 38.00
v -177.23 -3.71 68.00
v -181.68 -4.90 68.00
v -177.23 -3.71 38.00
v -173.97 -0.45 38.00
v -173.97 -0.45 68.00
v -177.23 -3.71 68.00
v -172.78 4.00 68.00
v -173.97 8.45 68.00
v -177.23 11.70 68.00
v -181.68 12.90 68.00
v -186.13 11.70 68.00
v -189.39 8.45 68.00
v -190.58 4.00 68.00
v -189.39 -0.45 68.00
v -186.13 -3.71 68.00
v -181.68 -4.90 68.00
v -177.23 -3.71 68.00
v -173.97 -0.45 68.00
v -176.46 9.34 64.40
v -176.69 11.45 64.40
v -175.52 10.52 64.40
v -176.46 9.34 64.40
v -175.52 10.52 64.40
v -176.69 11.45 64.40
v -185.73 10.28 64.40
v -187.84 10.52 64.40
v -186.67 11.45 64.40
v -185.73 10.28 64.40
v -186.67 11.45 64.40
v -187.84 10.52 64.40
v -188.71 6.55 64.40
v -189.41 8.55 64.40
v -188.06 7.90 64.40
v -188.06 7.90 64.40
v -189.41 8.55 64.40
v -188.71 6.55 64.40
v -189.12 3.25 64.40
v -190.62 3.25 64.40
v -190.62 4.75 64.40
v -188.71 6.55 64.40
v -188.71 6.55 64.40
v -190.62 4.75 64.40
v -190.62 3.25 64.40
v -189.12 3.25 64.40
v -188.71 1.45 64.40
v -189.41 -0.56 64.40
v -190.06 0.79 64.40
v -188.71 1.45 64.40
v -190.06 0.79 64.40
v -189.41 -0.56 64.40
v -186.67 -3.46 64.40
v -187.84 -2.52 64.40
v -186.90 -1.35 64.40
v -186.90 -1.35 64.40
v -187.84 -2.52 64.40
v -186.67 -3.46 64.40
v -179.29 -3.09 64.40
v -178.96 -4.55 64.40
v -180.42 -4.88 64.40
v -180.76 -3.42 64.40
v -180.76 -3.42 64.40
v -180.42 -4.88 64.40
v -178.96 -4.55 64.40
v -179.29 -3.09 64.40
v -176.46 -1.35 64.40
v -175.52 -2.52 64.40
v -177.63 -2.29 64.40
v -177.63 -2.29 64.40
v -175.52 -2.52 64.40
v -176.46 -1.35 64.40
v -175.58 11.65 66.00
v -179.50 13.54 66.00
v -179.50 13.54 68.40
v -175.58 11.65 68.40
v -179.50 13.54 66.00
v -183.86 13.54 66.00
v -183.86 13.54 68.40
v -179.50 13.54 68.40
v -183.86 13.54 66.00
v -187.78 11.65 66.00
v -187.78 11.65 68.40
v -183.86 13.54 68.40
v -187.78 11.65 66.00
v -189.41 8.55 64.40
v -190.50 8.24 68.40
v -187.78 11.65 68.40
v -189.41 8.55 64.40
v -191.47 4.00 66.00
v -191.47 4.00 68.40
v -190.50 8.24 68.40
v -191.47 4.00 66.00
v -189.41 -0.56 64.40
v -190.50 -0.25 68.40
v -191.47 4.00 68.40
v -189.41 -0.56 64.40
v -187.84 -2.52 64.40
v -187.78 -3.66 68.40
v -190.50 -0.25 68.40
v -187.84 -2.52 64.40
v -184.40 -4.55 64.40
v -183.86 -5.55 68.40
v -187.78 -3.66 68.40
v -184.40 -4.55 64.40
v -178.96 -4.55 64.40
v -179.50 -5.55 68.40
v -183.86 -5.55 68.40
v -178.96 -4.55 64.40
v -175.52 -2.52 64.40
v -175.58 -3.66 68.40
v -179.50 -5.55 68.40
v -171.66 9.78 70.00
v -175.90 14.02 70.00
v -181.68 4.00 86.47
v -175.90 14.02 70.00
v -181.68 15.57 70.00
v -181.68 4.00 86.47
v -181.68 15.57 70.00
v -187.47 14.02 70.00
v -181.68 4.00 86.47
v -187.47 14.02 70.00
v -191.70 9.78 70.00
v -181.68 4.00 86.47
v -191.70 9.78 70.00
v -191.47 4.00 68.40
v -181.68 4.00 86.47
v -191.47 4.00 68.40
v -191.70 -1.79 70.00
v -181.68 4.00 86.47
v -191.70 -1.79 70.00
v -187.47 -6.02 70.00
v -181.68 4.00 86.47
v -187.47 -6.02 70.00
v -181.68 -7.57 70.00
v -181.68 4.00 86.47
v -181.68 -7.57 70.00
v -175.90 -6.02 70.00
v -181.68 4.00 86.47
v -175.90 -6.02 70.00
v -172.86 -0.25 68.40
v -181.68 4.00 86.47
v -45.77 -232.24 38.00
v -46.64 -228.99 38.00
v -46.64 -228.99 68.00
v -45.77 -232.24 68.00
v -46.64 -228.99 38.00
v -49.02 -226.61 38.00
v -49.02 -226.61 68.00
v -46.64 -228.99 68.00
v -49.02 -226.61 38.00
v -52.27 -225.74 38.00
v -52.27 -225.74 68.00
v -49.02 -226.61 68.00
v -52.27 -225.74 38.00
v -55.52 -226.61 38.00
v -55.52 -226.61 68.00
v -52.27 -225.74 68.00
v -55.52 -226.61 38.00
v -57.90 -228.99 38.00
v -57.90 -228.99 68.00
v -55.52 -226.61 68.00
v -57.90 -228.99 38.00
v -58.77 -232.24 38.00
v -58.77 -232.24 68.00
v -57.90 -228.99 68.00
v -58.77 -232.24 38.00
v -57.90 -235.49 38.00
v -57.90 -235.49 68.00
v -58.77 -232.24 68.00
v -57.90 -235.49 38.00
v -55.52 -237.87 38.00
v -55.52 -237.87 68.00
v -57.90 -235.49 68.00
v -55.52 -237.87 38.00
v -52.27 -238.74 38.00
v -52.27 -238.74 68.00
v -55.52 -237.87 68.00
v -52.27 -238.74 38.00
v -49.02 -237.87 38.00
v -49.02 -237.87 68.00
v -52.27 -238.74 68.00
v -49.02 -237.87 38.00
v -46.64 -235.49 38.00
v -46.64 -235.49 68.00
v -49.02 -237.87 68.00
v -46.64 -235.49 38.00
v -45.77 -232.24 38.00
v -45.77 -232.24 68.00
v -46.64 -235.49 68.00
v -45.77 -232.24 68.00
v -46.64 -228.99 68.00
v -49.02 -226.61 68.00
v -52.27 -225.74 68.00
v -55.52 -226.61 68.00
v -57.90 -228.99 68.00
v -58.77 -232.24 68.00
v -57.90 -235.49 68.00
v -55.52 -237.87 68.00
v -52.27 -238.74 68.00
v -49.02 -237.87 68.00
v -46.64 -235.49 68.00
v -47.23 -230.65 64.40
v -46.53 -228.64 64.40
v -45.88 -230.00 64.40
v -47.23 -230.65 64.40
v -45.88 -230.00 64.40
v -46.53 -228.64 64.40
v -48.42 -228.62 64.40
v -48.66 -226.51 64.40
v -46.53 -228.64 64.40
v -48.42 -228.62 64.40
v -46.53 -228.64 64.40
v -48.66 -226.51 64.40
v -51.84 -226.97 64.40
v -51.50 -225.51 64.40
v -48.66 -226.51 64.40
v -48.42 -228.62 64.40
v -48.42 -228.62 64.40
v -48.66 -226.51 64.40
v -51.50 -225.51 64.40
v -51.84 -226.97 64.40
v -54.17 -227.31 64.40
v -53.04 -225.51 64.40
v -51.84 -226.97 64.40
v -51.84 -226.97 64.40
v -53.04 -225.51 64.40
v -54.17 -227.31 64.40
v -57.05 -227.44 64.40
v -55.88 -226.51 64.40
v -54.17 -227.31 64.40
v -54.17 -227.31 64.40
v -55.88 -226.51 64.40
v -57.05 -227.44 64.40
v -58.66 -230.00 64.40
v -58.01 -228.64 64.40
v -56.66 -229.29 64.40
v -56.66 -229.29 64.40
v -58.01 -228.64 64.40
v -58.66 -230.00 64.40
v -56.66 -235.18 64.40
v -58.01 -235.84 64.40
v -57.31 -233.83 64.40
v -57.31 -233.83 64.40
v -58.01 -235.84 64.40
v -56.66 -235.18 64.40
v -54.95 -236.80 64.40
v -55.88 -237.97 64.40
v -56.12 -235.86 64.40
v -56.12 -235.86 64.40
v -55.88 -237.97 64.40
v -54.95 -236.80 64.40
v -52.70 -237.50 64.40
v -54.50 -238.63 64.40
v -54.95 -236.80 64.40
v -54.95 -236.80 64.40
v -54.50 -238.63 64.40
v -52.70 -237.50 64.40
v -50.38 -237.17 64.40
v -50.04 -238.63 64.40
v -51.50 -238.97 64.40
v -52.70 -237.50 64.40
v -52.70 -237.50 64.40
v -51.50 -238.97 64.40
v -50.04 -238.63 64.40
v -50.38 -237.17 64.40
v -50.38 -237.17 64.40
v -47.49 -237.03 64.40
v -50.04 -238.63 64.40
v -50.38 -237.17 64.40
v -50.04 -238.63 64.40
v -47.49 -237.03 64.40
v -47.88 -235.18 64.40
v -45.88 -234.48 64.40
v -47.49 -237.03 64.40
v -47.88 -235.18 64.40
v -47.49 -237.03 64.40
v -45.88 -234.48 64.40
v -45.54 -232.99 64.40
v -45.88 -230.00 64.40
v -45.83 -229.14 68.40
v -45.12 -232.24 68.40
v -45.88 -230.00 64.40
v -46.53 -228.64 64.40
v -47.81 -226.65 68.40
v -45.83 -229.14 68.40
v -46.53 -228.64 64.40
v -51.50 -225.51 64.40
v -50.68 -225.27 68.40
v -47.81 -226.65 68.40
v -51.50 -225.51 64.40
v -53.04 -225.51 64.40
v -53.86 -225.27 68.40
v -50.68 -225.27 68.40
v -53.04 -225.51 64.40
v -57.05 -227.44 64.40
v -56.73 -226.65 68.40
v -53.86 -225.27 68.40
v -57.05 -227.44 64.40
v -58.66 -230.00 64.40
v -58.71 -229.14 68.40
v -56.73 -226.65 68.40
v -58.66 -230.00 64.40
v -59.42 -232.24 66.00
v -59.42 -232.24 68.40
v -58.71 -229.14 68.40
v -59.42 -232.24 66.00
v -57.31 -233.83 64.40
v -58.71 -235.34 68.40
v -59.42 -232.24 68.40
v -57.31 -233.83 64.40
v -55.88 -237.97 64.40
v -56.73 -237.83 68.40
v -58.71 -235.34 68.40
v -55.88 -237.97 64.40
v -54.50 -238.63 64.40
v -53.86 -239.21 68.40
v -56.73 -237.83 68.40
v -54.50 -238.63 64.40
v -51.50 -238.97 64.40
v -50.68 -239.21 68.40
v -53.86 -239.21 68.40
v -51.50 -238.97 64.40
v -47.81 -237.83 66.00
v -47.81 -237.83 68.40
v -50.68 -239.21 68.40
v -47.81 -237.83 66.00
v -45.88 -234.48 64.40
v -45.83 -235.34 68.40
v -47.81 -237.83 68.40
v -45.88 -234.48 64.40
v -45.54 -232.99 64.40
v -45.12 -232.24 68.40
v -45.83 -235.34 68.40
v -43.82 -232.24 70.00
v -44.95 -228.01 70.00
v -52.27 -232.24 82.03
v 108.34 -250.24 38.00
v 112.79 -251.43 38.00
v 112.79 -251.43 68.00
v 108.34 -250.24 68.00
v 112.79 -251.43 38.00
v 117.24 -250.24 38.00
v 117.24 -250.24 68.00
v 112.79 -251.43 68.00
v 117.24 -250.24 38.00
v 120.50 -246.98 38.00
v 120.50 -246.98 68.00
v 117.24 -250.24 68.00
v 120.50 -246.98 38.00
v 121.69 -242.53 38.00
v 121.69 -242.53 68.00
v 120.50 -246.98 68.00
v 121.69 -242.53 68.00
v 120.50 -238.08 68.00
v 117.24 -234.82 68.00
v 112.79 -233.63 68.00
v 108.34 -234.82 68.00
v 105.08 -238.08 68.00
v 103.89 -242.53 68.00
v 105.08 -246.98 68.00
v 108.34 -250.24 68.00
v 112.79 -251.43 68.00
v 117.24 -250.24 68.00
v 120.50 -246.98 68.00
v 120.23 -241.78 64.40
v 121.73 -241.78 64.40
v 121.73 -243.28 64.40
v 120.23 -243.28 64.40
v 120.23 -243.28 64.40
v 121.73 -243.28 64.40
v 121.73 -241.78 64.40
v 120.23 -241.78 64.40
v 120.52 -237.98 64.40
v 121.17 -239.33 64.40
v 120.23 -241.78 64.40
v 120.23 -241.78 64.40
v 121.17 -239.33 64.40
v 120.52 -237.98 64.40
v 118.02 -237.19 64.40
v 117.78 -235.08 64.40
v 118.95 -236.01 64.40
v 118.02 -237.19 64.40
v 118.95 -236.01 64.40
v 117.78 -235.08 64.40
v 114.05 -233.65 64.40
v 115.51 -233.99 64.40
v 115.18 -235.45 64.40
v 115.18 -235.45 64.40
v 115.51 -233.99 64.40
v 114.05 -233.65 64.40
v 106.63 -236.01 64.40
v 107.81 -235.08 64.40
v 108.74 -236.25 64.40
v 108.74 -236.25 64.40
v 107.81 -235.08 64.40
v 106.63 -236.01 64.40
v 105.77 -239.98 64.40
v 105.06 -237.98 64.40
v 106.42 -238.63 64.40
v 106.42 -238.63 64.40
v 105.06 -237.98 64.40
v 105.77 -239.98 64.40
v 106.42 -246.44 64.40
v 105.06 -247.09 64.40
v 104.41 -245.74 64.40
v 105.77 -245.08 64.40
v 105.77 -245.08 64.40
v 104.41 -245.74 64.40
v 105.06 -247.09 64.40
v 106.42 -246.44 64.40
v 107.81 -249.99 64.40
v 106.63 -249.05 64.40
v 106.42 -246.44 64.40
v 106.42 -246.44 64.40
v 106.63 -249.05 64.40
v 107.81 -249.99 64.40
v 115.18 -249.62 64.40
v 115.51 -251.08 64.40
v 114.05 -251.41 64.40
v 113.72 -249.95 64.40
v 113.72 -249.95 64.40
v 114.05 -251.41 64.40
v 115.51 -251.08 64.40
v 115.18 -249.62 64.40
v 118.02 -247.88 64.40
v 118.95 -249.05 64.40
v 116.84 -248.81 64.40
v 116.84 -248.81 64.40
v 118.95 -249.05 64.40
v 118.02 -247.88 64.40
v 119.82 -245.08 64.40
v 121.17 -245.74 64.40
v 119.17 -246.44 64.40
v 119.17 -246.44 64.40
v 121.17 -245.74 64.40
v 119.82 -245.08 64.40
v 121.73 -243.28 64.40
v 121.17 -239.33 64.40
v 121.61 -238.28 68.40
v 122.58 -242.53 68.40
v 121.17 -239.33 64.40
v 118.90 -234.88 66.00
v 118.90 -234.88 68.40
v 121.61 -238.28 68.40
v 118.90 -234.88 66.00
v 114.97 -232.99 66.00
v 114.97 -232.99 68.40
v 118.90 -234.88 68.40
v 114.97 -232.99 66.00
v 110.61 -232.99 66.00
v 110.61 -232.99 68.40
v 114.97 -232.99 68.40
v 110.61 -232.99 66.00
v 106.69 -234.88 66.00
v 106.69 -234.88 68.40
v 110.61 -232.99 68.40
v 106.69 -234.88 66.00
v 105.06 -237.98 64.40
v 103.97 -238.28 68.40
v 106.69 -234.88 68.40
v 105.06 -237.98 64.40
v 103.00 -242.53 66.00
v 103.00 -242.53 68.40
v 103.97 -238.28 68.40
v 103.00 -242.53 66.00
v 105.06 -247.09 64.40
v 103.97 -246.78 68.40
v 103.00 -242.53 68.40
v 105.06 -247.09 64.40
v 106.63 -249.05 64.40
v 106.69 -250.19 68.40
v 103.97 -246.78 68.40
v 106.63 -249.05 64.40
v 110.07 -251.08 64.40
v 110.61 -252.08 68.40
v 106.69 -250.19 68.40
v 110.07 -251.08 64.40
v 115.51 -251.08 64.40
v 114.97 -252.08 68.40
v 110.61 -252.08 68.40
v 115.51 -251.08 64.40
v 118.95 -249.05 64.40
v 118.90 -250.19 68.40
v 114.97 -252.08 68.40
v 118.95 -249.05 64.40
v 121.61 -246.78 66.00
v 121.61 -246.78 68.40
v 118.90 -250.19 68.40
v 121.61 -246.78 66.00
v 121.73 -243.28 64.40
v 122.58 -242.53 68.40
v 121.61 -246.78 68.40
v 124.36 -242.53 70.00
v 122.81 -236.75 70.00
v 112.79 -242.53 86.47
v 122.81 -236.75 70.00
v 118.58 -232.51 70.00
v 112.79 -242.53 86.47
v 118.58 -232.51 70.00
v 112.79 -230.96 70.00
v 112.79 -242.53 86.47
v 112.79 -230.96 70.00
v 107.01 -232.51 70.00
v 112.79 -242.53 86.47
v 107.01 -232.51 70.00
v 102.77 -236.75 70.00
v 112.79 -242.53 86.47
v 102.77 -236.75 70.00
v 103.00 -242.53 68.40
v 112.79 -242.53 86.47
v 103.00 -242.53 68.40
v 102.77 -248.32 70.00
v 112.79 -242.53 86.47
v 102.77 -248.32 70.00
v 107.01 -252.55 70.00
v 112.79 -242.53 86.47
v 107.01 -252.55 70.00
v 112.79 -254.10 70.00
v 112.79 -242.53 86.47
v 112.79 -254.10 70.00
v 118.58 -252.55 70.00
v 112.79 -242.53 86.47
v 118.58 -252.55 70.00
v 121.61 -246.78 68.40
v 112.79 -242.53 86.47
v 121.61 -246.78 68.40
v 124.36 -242.53 70.00
v 112.79 -242.53 86.47
v -60.18 -156.21 70.00
v -38.39 -168.75 70.00
v -36.67 -166.54 70.00
v -58.15 -154.28 70.00
v -38.39 -168.75 81.00
v -60.18 -156.21 81.00
v -58.15 -154.28 81.00
v -36.67 -166.54 81.00
v -58.15 -154.28 70.00
v -36.67 -166.54 70.00
v -36.67 -166.54 81.00
v -58.15 -154.28 81.00
v -38.39 -168.75 70.00
v -14.54 -178.12 70.00
v -13.18 -175.67 70.00
v -36.67 -166.54 70.00
v -14.54 -178.12 81.00
v -38.39 -168.75 81.00
v -36.67 -166.54 81.00
v -13.18 -175.67 81.00
v -36.67 -166.54 70.00
v -13.18 -175.67 70.00
v -13.18 -175.67 81.00
v -36.67 -166.54 81.00
v -14.54 -178.12 70.00
v 9.94 -186.13 70.00
v 10.88 -183.50 70.00
v -13.18 -175.67 70.00
v 9.94 -186.13 81.00
v -14.54 -178.12 81.00
v -13.18 -175.67 81.00
v 10.88 -183.50 81.00
v -13.18 -175.67 70.00
v 10.88 -183.50 70.00
v 10.88 -183.50 81.00
v -13.18 -175.67 81.00
v 9.94 -186.13 70.00
v 35.34 -192.84 70.00
v 35.82 -190.08 70.00
v 10.88 -183.50 70.00
v 35.34 -192.84 81.00
v 9.94 -186.13 81.00
v 10.88 -183.50 81.00
v 35.82 -190.08 81.00
v 10.88 -183.50 70.00
v 35.82 -190.08 70.00
v 35.82 -190.08 81.00
v 10.88 -183.50 81.00
v 35.34 -192.84 70.00
v 62.00 -195.98 70.00
v 62.00 -193.18 70.00
v 35.82 -190.08 70.00
v 62.00 -195.98 81.00
v 35.34 -192.84 81.00
v 35.82 -190.08 81.00
v 62.00 -193.18 81.00
v 35.82 -190.08 70.00
v 62.00 -193.18 70.00
v 62.00 -193.18 81.00
v 35.82 -190.08 81.00
v 62.00 -195.98 70.00
v 88.71 -193.09 70.00
v 88.23 -190.33 70.00
v 62.00 -193.18 70.00
v 88.71 -193.09 81.00
v 62.00 -195.98 81.00
v 62.00 -193.18 81.00
v 88.23 -190.33 81.00
v 62.00 -193.18 70.00
v 88.23 -190.33 70.00
v 88.23 -190.33 81.00
v 62.00 -193.18 81.00
v 88.71 -193.09 70.00
v 113.38 -184.22 70.00
v 112.44 -181.58 70.00
v 88.23 -190.33 70.00
v 113.38 -184.22 81.00
v 88.71 -193.09 81.00
v 88.23 -190.33 81.00
v 112.44 -181.58 81.00
v 88.23 -190.33 70.00
v 112.44 -181.58 70.00
v 112.44 -181.58 81.00
v 88.23 -190.33 81.00
v 113.38 -184.22 70.00
v 135.25 -172.19 70.00
v 133.89 -169.74 70.00
v 112.44 -181.58 70.00
v 135.25 -172.19 81.00
v 113.38 -184.22 81.00
v 112.44 -181.58 81.00
v 133.89 -169.74 81.00
v 112.44 -181.58 70.00
v 133.89 -169.74 70.00
v 133.89 -169.74 81.00
v 112.44 -181.58 81.00
v 135.25 -172.19 70.00
v 155.65 -160.09 70.00
v 153.92 -157.89 70.00
v 133.89 -169.74 70.00
v 155.65 -160.09 81.00
v 135.25 -172.19 81.00
v 133.89 -169.74 81.00
v 153.92 -157.89 81.00
v 133.89 -169.74 70.00
v 153.92 -157.89 70.00
v 153.92 -157.89 81.00
v 133.89 -169.74 81.00
v 155.65 -160.09 70.00
v 176.24 -148.66 70.00
v 174.21 -146.73 70.00
v 153.92 -157.89 70.00
v 176.24 -148.66 81.00
v 155.65 -160.09 81.00
v 153.92 -157.89 81.00
v 174.21 -146.73 81.00
v 153.92 -157.89 70.00
v 174.21 -146.73 70.00
v 174.21 -146.73 81.00
v 153.92 -157.89 81.00
v -60.34 -154.01 81.00
v -57.99 -156.48 81.00
v -60.02 -158.41 81.00
v -62.37 -155.94 81.00
v -62.37 -155.94 82.35
v -60.02 -158.41 82.35
v -57.99 -156.48 82.35
v -60.34 -154.01 82.35
v -62.37 -155.94 81.00
v -60.02 -158.41 81.00
v -60.02 -158.41 82.35
v -62.37 -155.94 82.35
v -60.02 -158.41 81.00
v -57.99 -156.48 81.00
v -57.99 -156.48 82.35
v -60.02 -158.41 82.35
v -57.99 -156.48 81.00
v -60.34 -154.01 81.00
v -60.34 -154.01 82.35
v -57.99 -156.48 82.35
v -60.34 -154.01 81.00
v -62.37 -155.94 81.00
v -62.37 -155.94 82.35
v -60.34 -154.01 82.35
v -14.54 -178.12 81.00
v -12.37 -177.72 81.00
v -13.73 -180.17 81.00
v -16.70 -178.52 81.00
v -16.70 -178.52 82.35
v -13.73 -180.17 82.35
v -12.37 -177.72 82.35
v -15.34 -176.07 82.35
v -16.70 -178.52 81.00
v -13.73 -180.17 81.00
v -13.73 -180.17 82.35
v -16.70 -178.52 82.35
v -13.73 -180.17 81.00
v -12.37 -177.72 81.00
v -12.37 -177.72 82.35
v -13.73 -180.17 82.35
v -12.37 -177.72 81.00
v -14.54 -178.12 81.00
v -15.34 -176.07 82.35
v -12.37 -177.72 82.35
v -14.54 -178.12 81.00
v -16.70 -178.52 81.00
v -16.70 -178.52 82.35
v -15.34 -176.07 82.35
v 33.90 -191.17 81.00
v 35.34 -192.84 81.00
v 36.77 -194.51 81.00
v 33.42 -193.93 81.00
v 33.42 -193.93 82.35
v 36.77 -194.51 82.35
v 37.25 -191.76 82.35
v 33.90 -191.17 82.35
v 33.42 -193.93 81.00
v 36.77 -194.51 81.00
v 36.77 -194.51 82.35
v 33.42 -193.93 82.35
v 36.77 -194.51 81.00
v 35.34 -192.84 81.00
v 37.25 -191.76 82.35
v 36.77 -194.51 82.35
v 35.34 -192.84 81.00
v 33.90 -191.17 81.00
v 33.90 -191.17 82.35
v 37.25 -191.76 82.35
v 33.90 -191.17 81.00
v 33.42 -193.93 81.00
v 33.42 -193.93 82.35
v 33.90 -191.17 82.35
v 86.79 -192.00 81.00
v 88.71 -193.09 81.00
v 90.62 -194.18 81.00
v 87.27 -194.76 81.00
v 87.27 -194.76 82.35
v 90.62 -194.18 82.35
v 90.14 -191.42 82.35
v 86.79 -192.00 82.35
v 87.27 -194.76 81.00
v 90.62 -194.18 81.00
v 90.62 -194.18 82.35
v 87.27 -194.76 82.35
v 90.62 -194.18 81.00
v 88.71 -193.09 81.00
v 90.14 -191.42 82.35
v 90.62 -194.18 82.35
v 88.71 -193.09 81.00
v 86.79 -192.00 81.00
v 86.79 -192.00 82.35
v 90.14 -191.42 82.35
v 86.79 -192.00 81.00
v 87.27 -194.76 81.00
v 87.27 -194.76 82.35
v 86.79 -192.00 82.35
v 133.08 -171.79 81.00
v 136.06 -170.14 81.00
v 137.41 -172.59 81.00
v 134.44 -174.24 81.00
v 134.44 -174.24 82.35
v 137.41 -172.59 82.35
v 136.06 -170.14 82.35
v 133.08 -171.79 82.35
v 134.44 -174.24 81.00
v 137.41 -172.59 81.00
v 137.41 -172.59 82.35
v 134.44 -174.24 82.35
v 137.41 -172.59 81.00
v 136.06 -170.14 81.00
v 136.06 -170.14 82.35
v 137.41 -172.59 82.35
v 136.06 -170.14 81.00
v 133.08 -171.79 81.00
v 133.08 -171.79 82.35
v 136.06 -170.14 82.35
v 133.08 -171.79 81.00
v 134.44 -174.24 81.00
v 134.44 -174.24 82.35
v 133.08 -171.79 82.35
v -8.04 -178.12 64.00
v -8.91 -174.87 64.00
v -8.91 -174.87 94.00
v -8.04 -178.12 94.00
v -8.91 -174.87 64.00
v -11.29 -172.49 64.00
v -11.29 -172.49 94.00
v -8.91 -174.87 94.00
v -11.29 -172.49 64.00
v -14.54 -171.62 64.00
v -14.54 -171.62 94.00
v -11.29 -172.49 94.00
v -14.54 -171.62 64.00
v -17.79 -172.49 64.00
v -17.79 -172.49 94.00
v -14.54 -171.62 94.00
v -17.79 -172.49 64.00
v -20.16 -174.87 64.00
v -20.16 -174.87 94.00
v -17.79 -172.49 94.00
v -20.16 -174.87 64.00
v -21.04 -178.12 64.00
v -21.04 -178.12 94.00
v -20.16 -174.87 94.00
v -21.04 -178.12 64.00
v -20.16 -181.37 64.00
v -20.16 -181.37 94.00
v -21.04 -178.12 94.00
v -20.16 -181.37 64.00
v -17.79 -183.75 64.00
v -17.79 -183.75 94.00
v -20.16 -181.37 94.00
v -17.79 -183.75 64.00
v -14.54 -184.62 64.00
v -14.54 -184.62 94.00
v -17.79 -183.75 94.00
v -14.54 -184.62 64.00
v -11.29 -183.75 64.00
v -11.29 -183.75 94.00
v -14.54 -184.62 94.00
v -11.29 -183.75 64.00
v -8.91 -181.37 64.00
v -8.91 -181.37 94.00
v -11.29 -183.75 94.00
v -8.91 -181.37 64.00
v -8.04 -178.12 64.00
v -8.04 -178.12 94.00
v -8.91 -181.37 94.00
v 122.28 -184.22 64.00
v 121.09 -179.77 64.00
v 121.09 -179.77 94.00
v 122.28 -184.22 94.00
v 121.09 -179.77 64.00
v 117.83 -176.51 64.00
v 117.83 -176.51 94.00
v 121.09 -179.77 94.00
v 117.83 -176.51 64.00
v 113.38 -175.32 64.00
v 113.38 -175.32 94.00
v 117.83 -176.51 94.00
v 113.38 -175.32 64.00
v 108.93 -176.51 64.00
v 108.93 -176.51 94.00
v 113.38 -175.32 94.00
v 108.93 -176.51 64.00
v 105.67 -179.77 64.00
v 105.67 -179.77 94.00
v 108.93 -176.51 94.00
v 105.67 -179.77 64.00
v 104.48 -184.22 64.00
v 104.48 -184.22 94.00
v 105.67 -179.77 94.00
v 104.48 -184.22 64.00
v 105.67 -188.67 64.00
v 105.67 -188.67 94.00
v 104.48 -184.22 94.00
v 105.67 -188.67 64.00
v 108.93 -191.93 64.00
v 108.93 -191.93 94.00
v 105.67 -188.67 94.00
v 108.93 -191.93 64.00
v 113.38 -193.12 64.00
v 113.38 -193.12 94.00
v 108.93 -191.93 94.00
v 113.38 -193.12 64.00
v 117.83 -191.93 64.00
v 117.83 -191.93 94.00
v 113.38 -193.12 94.00
v 117.83 -191.93 64.00
v 121.09 -188.67 64.00
v 121.09 -188.67 94.00
v 117.83 -191.93 94.00
v 121.09 -188.67 64.00
v 122.28 -184.22 64.00
v 122.28 -184.22 94.00
v 121.09 -188.67 94.00
v -58.91 -148.85 68.80
v -52.77 -155.32 68.80
v -52.77 -155.32 79.78
v -58.91 -148.85 79.78
v -52.77 -155.32 68.80
v -48.00 -150.79 68.80
v -48.00 -150.79 79.78
v -52.77 -155.32 79.78
v -59.41 -148.84 79.78
v -52.77 -155.32 79.78
v -52.78 -155.81 84.18
v -59.41 -148.84 84.18
v -52.77 -155.32 79.78
v -48.00 -150.79 79.78
v -47.51 -150.80 84.18
v -52.78 -155.81 84.18
v -52.78 -155.81 84.18
v -59.41 -148.84 84.18
v -56.27 -152.50 90.25
v -50.64 -147.14 90.25
v -52.78 -155.81 84.18
v -50.64 -147.14 90.25
v -47.51 -150.80 84.18
v -55.71 -152.59 73.92
v -54.65 -153.71 73.92
v -54.65 -153.71 76.23
v -55.71 -152.59 76.23
v -54.65 -153.71 73.92
v -55.71 -152.59 73.92
v -55.71 -152.59 76.23
v -54.65 -153.71 76.23
v -55.71 -152.59 78.55
v -54.65 -153.71 78.55
v -54.65 -153.71 80.87
v -55.71 -152.59 80.87
v -54.65 -153.71 78.55
v -55.71 -152.59 78.55
v -55.71 -152.59 80.87
v -54.65 -153.71 80.87
v -33.67 -156.78 68.80
v -27.93 -161.25 68.80
v -32.08 -166.56 68.80
v -37.81 -162.09 68.80
v -37.81 -162.09 80.55
v -32.08 -166.56 80.55
v -27.93 -161.25 80.55
v -33.67 -156.78 80.55
v -37.81 -162.09 68.80
v -32.08 -166.56 68.80
v -32.08 -166.56 80.55
v -37.81 -162.09 80.55
v -32.08 -166.56 68.80
v -27.93 -161.25 68.80
v -27.93 -161.25 80.55
v -32.08 -166.56 80.55
v -27.93 -161.25 68.80
v -33.67 -156.78 68.80
v -33.67 -156.78 80.55
v -27.93 -161.25 80.55
v -33.67 -156.78 68.80
v -37.81 -162.09 68.80
v -37.81 -162.09 80.55
v -33.67 -156.78 80.55
v -31.97 -167.40 80.55
v -37.81 -162.09 80.55
v -35.31 -164.79 85.49
v -30.43 -158.54 85.49
v -35.31 -164.79 85.49
v -33.77 -155.93 80.55
v -27.93 -161.25 80.55
v -30.43 -158.54 85.49
v -37.81 -162.09 80.55
v -33.77 -155.93 80.55
v -35.31 -164.79 85.49
v -31.97 -167.40 80.55
v -30.43 -158.54 85.49
v -27.93 -161.25 80.55
v -34.71 -164.73 76.37
v -33.76 -165.47 76.37
v -33.76 -165.47 77.96
v -34.71 -164.73 77.96
v -33.76 -165.47 76.37
v -34.71 -164.73 76.37
v -34.71 -164.73 77.96
v -33.76 -165.47 77.96
v -32.29 -164.73 76.37
v -31.33 -165.47 76.37
v -31.33 -165.47 77.96
v -32.29 -164.73 77.96
v -31.33 -165.47 76.37
v -32.29 -164.73 76.37
v -32.29 -164.73 77.96
v -31.33 -165.47 77.96
v -28.10 -149.15 68.80
v -21.89 -153.98 68.80
v -26.60 -160.02 68.80
v -32.80 -155.19 68.80
v -32.80 -155.19 79.08
v -26.60 -160.02 79.08
v -21.89 -153.98 79.08
v -28.10 -149.15 79.08
v -32.80 -155.19 68.80
v -26.60 -160.02 68.80
v -26.60 -160.02 79.08
v -32.80 -155.19 79.08
v -26.60 -160.02 68.80
v -21.89 -153.98 68.80
v -21.89 -153.98 79.08
v -26.60 -160.02 79.08
v -21.89 -153.98 68.80
v -28.10 -149.15 68.80
v -28.10 -149.15 79.08
v -21.89 -153.98 79.08
v -28.10 -149.15 68.80
v -32.80 -155.19 68.80
v -32.80 -155.19 79.08
v -28.10 -149.15 79.08
v -28.10 -149.15 79.08
v -21.89 -153.98 79.08
v -26.60 -160.02 79.08
v -33.30 -155.25 79.08
v -33.30 -155.25 83.17
v -26.54 -160.51 83.17
v -21.40 -153.92 83.17
v -28.16 -148.66 83.17
v -33.30 -155.25 79.08
v -26.60 -160.02 79.08
v -26.54 -160.51 83.17
v -33.30 -155.25 83.17
v -26.60 -160.02 79.08
v -21.89 -153.98 79.08
v -21.40 -153.92 83.17
v -26.54 -160.51 83.17
v -21.89 -153.98 79.08
v -28.10 -149.15 79.08
v -28.16 -148.66 83.17
v -21.40 -153.92 83.17
v -28.10 -149.15 79.08
v -33.30 -155.25 79.08
v -33.30 -155.25 83.17
v -28.16 -148.66 83.17
v -26.50 -160.87 83.17
v -33.30 -155.25 83.17
v -30.07 -158.08 88.52
v -24.63 -151.09 88.52
v -30.07 -158.08 88.52
v -28.16 -148.66 83.17
v -21.40 -153.92 83.17
v -24.63 -151.09 88.52
v -33.30 -155.25 83.17
v -28.16 -148.66 83.17
v -30.07 -158.08 88.52
v -26.50 -160.87 83.17
v -24.63 -151.09 88.52
v -21.40 -153.92 83.17
v -28.10 -149.15 68.80
v -21.89 -153.98 68.80
v -20.91 -153.60 79.48
v -27.97 -148.09 79.48
v -21.89 -153.98 68.80
v -15.69 -146.91 68.80
v -15.69 -146.91 79.48
v -20.91 -153.60 79.48
v -21.04 -151.34 72.97
v -19.51 -151.90 72.97
v -19.82 -152.29 72.97
v -21.04 -151.34 72.97
v -19.82 -152.29 72.97
v -19.51 -151.90 72.97
v -24.14 -151.34 75.73
v -22.92 -152.29 75.73
v -22.92 -152.29 77.10
v -24.14 -151.34 77.10
v -22.92 -152.29 75.73
v -24.14 -151.34 75.73
v -24.14 -151.34 77.10
v -22.92 -152.29 77.10
v -21.04 -151.34 75.73
v -19.51 -151.90 75.73
v -19.82 -152.29 75.73
v -21.04 -151.34 77.10
v -21.89 -153.98 79.08
v -19.51 -151.90 77.10
v -21.04 -151.34 75.73
v -19.82 -152.29 75.73
v -21.89 -153.98 79.08
v -21.04 -151.34 77.10
v -19.82 -152.29 75.73
v -19.51 -151.90 75.73
v -19.51 -151.90 77.10
v -21.89 -153.98 79.08
v -19.51 -151.90 75.73
v -21.04 -151.34 75.73
v -21.04 -151.34 77.10
v -19.51 -151.90 77.10
v -12.48 -165.42 68.80
v -4.85 -169.64 68.80
v -8.18 -175.63 68.80
v -15.80 -171.41 68.80
v -15.80 -171.41 82.72
v -8.18 -175.63 82.72
v -4.85 -169.64 82.72
v -12.48 -165.42 82.72
v -15.80 -171.41 68.80
v -8.18 -175.63 68.80
v -8.18 -175.63 82.72
v -15.80 -171.41 82.72
v -8.18 -175.63 68.80
v -4.85 -169.64 68.80
v -4.85 -169.64 82.72
v -8.18 -175.63 82.72
v -4.85 -169.64 68.80
v -12.48 -165.42 68.80
v -12.48 -165.42 82.72
v -4.85 -169.64 82.72
v -12.48 -165.42 68.80
v -15.80 -171.41 68.80
v -15.80 -171.41 82.72
v -12.48 -165.42 82.72
v -12.61 -164.94 82.72
v -4.38 -169.51 82.72
v -8.04 -176.11 82.72
v -15.80 -171.41 82.72
v -16.27 -171.55 88.44
v -8.04 -176.11 88.44
v -4.38 -169.51 88.44
v -12.61 -164.94 88.44
v -15.80 -171.41 82.72
v -8.04 -176.11 82.72
v -8.04 -176.11 88.44
v -16.27 -171.55 88.44
v -8.04 -176.11 82.72
v -4.38 -169.51 82.72
v -4.38 -169.51 88.44
v -8.04 -176.11 88.44
v -4.38 -169.51 82.72
v -12.61 -164.94 82.72
v -12.61 -164.94 88.44
v -4.38 -169.51 88.44
v -12.61 -164.94 82.72
v -15.80 -171.41 82.72
v -16.27 -171.55 88.44
v -12.61 -164.94 88.44
v -12.61 -173.68 74.77
v -11.29 -174.41 74.77
v -11.29 -174.41 77.94
v -12.61 -173.68 77.94
v -11.29 -174.41 74.77
v -12.61 -173.68 74.77
v -12.61 -173.68 77.94
v -11.29 -174.41 77.94
v -9.60 -173.68 74.77
v -8.29 -174.41 74.77
v -8.29 -174.41 77.94
v -9.60 -173.68 77.94
v -8.29 -174.41 74.77
v -9.60 -173.68 74.77
v -9.60 -173.68 77.94
v -8.29 -174.41 77.94
v -12.61 -173.68 81.11
v -13.18 -175.67 81.00
v -11.29 -174.41 84.28
v -12.61 -173.68 84.28
v -13.18 -175.67 81.00
v -12.61 -173.68 81.11
v -12.61 -173.68 84.28
v -11.29 -174.41 84.28
v -9.60 -173.68 81.11
v -8.29 -174.41 81.11
v -8.29 -174.41 84.28
v -9.60 -173.68 84.28
v -8.29 -174.41 81.11
v -9.60 -173.68 81.11
v -9.60 -173.68 84.28
v -8.29 -174.41 84.28
v -7.46 -157.66 68.80
v -0.94 -161.28 68.80
v -4.78 -168.19 68.80
v -11.29 -164.58 68.80
v -11.29 -164.58 80.47
v -4.78 -168.19 80.47
v -0.94 -161.28 80.47
v -7.46 -157.66 80.47
v -11.29 -164.58 68.80
v -4.78 -168.19 68.80
v -4.78 -168.19 80.47
v -11.29 -164.58 80.47
v -4.78 -168.19 68.80
v -0.94 -161.28 68.80
v -0.94 -161.28 80.47
v -4.78 -168.19 80.47
v -0.94 -161.28 68.80
v -7.46 -157.66 68.80
v -7.46 -157.66 80.47
v -0.94 -161.28 80.47
v -7.46 -157.66 68.80
v -11.29 -164.58 68.80
v -11.29 -164.58 80.47
v -7.46 -157.66 80.47
v -11.29 -164.58 80.47
v -4.78 -168.19 80.47
v -2.33 -165.03 85.84
v -9.90 -160.83 85.84
v -7.46 -157.66 80.47
v -9.90 -160.83 85.84
v -2.33 -165.03 85.84
v -0.94 -161.28 80.47
v -11.29 -164.58 80.47
v -9.90 -160.83 85.84
v -7.46 -157.66 80.47
v -4.78 -168.19 80.47
v -0.94 -161.28 80.47
v -2.33 -165.03 85.84
v -5.53 -166.67 73.17
v -4.20 -166.85 73.17
v -4.44 -167.28 73.17
v -5.53 -166.67 73.17
v -4.44 -167.28 73.17
v -4.20 -166.85 73.17
v -8.03 -166.67 76.32
v -6.94 -167.28 76.32
v -6.94 -167.28 77.89
v -8.03 -166.67 77.89
v -6.94 -167.28 76.32
v -8.03 -166.67 76.32
v -8.03 -166.67 77.89
v -6.94 -167.28 77.89
v -5.53 -166.67 76.32
v -4.20 -166.85 76.32
v -4.44 -167.28 76.32
v -5.53 -166.67 77.89
v -4.44 -167.28 77.89
v -4.20 -166.85 77.89
v -5.53 -166.67 76.32
v -4.44 -167.28 76.32
v -4.44 -167.28 77.89
v -5.53 -166.67 77.89
v -4.44 -167.28 76.32
v -4.20 -166.85 76.32
v -4.20 -166.85 77.89
v -4.44 -167.28 77.89
v -4.20 -166.85 76.32
v -5.53 -166.67 76.32
v -5.53 -166.67 77.89
v -4.20 -166.85 77.89
v -4.67 -161.80 80.47
v -3.71 -162.34 80.47
v -3.71 -162.34 83.67
v -4.67 -161.80 83.67
v -3.71 -162.34 80.47
v -4.67 -161.80 80.47
v -4.67 -161.80 83.67
v -3.71 -162.34 83.67
v -4.15 -150.50 68.80
v 3.38 -154.67 68.80
v 0.33 -160.16 68.80
v -7.19 -156.00 68.80
v -7.19 -156.00 78.92
v 0.33 -160.16 78.92
v 3.38 -154.67 78.92
v -4.15 -150.50 78.92
v -7.19 -156.00 68.80
v 0.33 -160.16 68.80
v 0.33 -160.16 78.92
v -7.19 -156.00 78.92
v 0.33 -160.16 68.80
v 3.38 -154.67 68.80
v 3.38 -154.67 78.92
v 0.33 -160.16 78.92
v 3.38 -154.67 68.80
v -4.15 -150.50 68.80
v -4.15 -150.50 78.92
v 3.38 -154.67 78.92
v -4.15 -150.50 68.80
v -7.19 -156.00 68.80
v -7.19 -156.00 78.92
v -4.15 -150.50 78.92
v 0.57 -160.98 78.92
v -8.01 -156.23 78.92
v -3.72 -158.60 84.77
v -0.09 -152.06 84.77
v -3.72 -158.60 84.77
v -4.15 -150.50 78.92
v 3.38 -154.67 78.92
v -0.09 -152.06 84.77
v -8.01 -156.23 78.92
v -4.15 -150.50 78.92
v -3.72 -158.60 84.77
v 0.57 -160.98 78.92
v -0.09 -152.06 84.77
v 3.38 -154.67 78.92
v 10.97 -173.30 68.80
v 17.25 -175.54 68.80
v 14.63 -182.89 68.80
v 8.36 -180.66 68.80
v 8.36 -180.66 80.02
v 14.63 -182.89 80.02
v 17.25 -175.54 80.02
v 10.97 -173.30 80.02
v 8.36 -180.66 68.80
v 14.63 -182.89 68.80
v 14.63 -182.89 80.02
v 8.36 -180.66 80.02
v 14.63 -182.89 68.80
v 17.25 -175.54 68.80
v 17.25 -175.54 80.02
v 14.63 -182.89 80.02
v 17.25 -175.54 68.80
v 10.97 -173.30 68.80
v 10.97 -173.30 80.02
v 17.25 -175.54 80.02
v 10.97 -173.30 68.80
v 8.36 -180.66 68.80
v 8.36 -180.66 80.02
v 10.97 -173.30 80.02
v 10.97 -173.30 80.02
v 17.69 -175.32 80.02
v 14.63 -182.89 80.02
v 8.36 -180.66 80.02
v 7.91 -180.87 84.53
v 14.84 -183.34 84.53
v 17.69 -175.32 84.53
v 10.76 -172.86 84.53
v 8.36 -180.66 80.02
v 14.63 -182.89 80.02
v 14.84 -183.34 84.53
v 7.91 -180.87 84.53
v 14.63 -182.89 80.02
v 17.69 -175.32 80.02
v 17.69 -175.32 84.53
v 14.84 -183.34 84.53
v 17.69 -175.32 80.02
v 10.97 -173.30 80.02
v 10.76 -172.86 84.53
v 17.69 -175.32 84.53
v 10.97 -173.30 80.02
v 8.36 -180.66 80.02
v 7.91 -180.87 84.53
v 10.76 -172.86 84.53
v 7.91 -180.87 84.53
v 14.84 -183.34 84.53
v 16.50 -179.41 89.84
v 9.10 -176.78 89.84
v 10.76 -172.86 84.53
v 9.10 -176.78 89.84
v 16.50 -179.41 89.84
v 17.69 -175.32 84.53
v 7.91 -180.87 84.53
v 9.10 -176.78 89.84
v 10.76 -172.86 84.53
v 14.84 -183.34 84.53
v 17.69 -175.32 84.53
v 16.50 -179.41 89.84
v 13.76 -165.18 68.80
v 20.23 -167.49 68.80
v 17.25 -175.54 68.80
v 11.10 -172.63 68.80
v 11.10 -172.63 79.87
v 17.25 -175.54 80.02
v 20.23 -167.49 79.87
v 13.76 -165.18 79.87
v 11.10 -172.63 68.80
v 17.25 -175.54 68.80
v 17.25 -175.54 80.02
v 11.10 -172.63 79.87
v 17.25 -175.54 68.80
v 20.23 -167.49 68.80
v 20.23 -167.49 79.87
v 17.25 -175.54 80.02
v 20.23 -167.49 68.80
v 13.76 -165.18 68.80
v 13.76 -165.18 79.87
v 20.23 -167.49 79.87
v 13.76 -165.18 68.80
v 11.10 -172.63 68.80
v 11.10 -172.63 79.87
v 13.76 -165.18 79.87
v 13.54 -164.73 79.87
v 20.23 -167.49 79.87
v 17.69 -175.32 80.02
v 10.97 -173.30 80.02
v 10.76 -172.86 84.53
v 17.69 -175.32 84.53
v 20.68 -167.27 84.31
v 13.54 -164.73 84.31
v 10.97 -173.30 80.02
v 17.69 -175.32 80.02
v 17.69 -175.32 84.53
v 10.76 -172.86 84.53
v 17.69 -175.32 80.02
v 20.23 -167.49 79.87
v 20.68 -167.27 84.31
v 17.69 -175.32 84.53
v 20.23 -167.49 79.87
v 13.54 -164.73 79.87
v 13.54 -164.73 84.31
v 20.68 -167.27 84.31
v 13.54 -164.73 79.87
v 10.97 -173.30 80.02
v 10.76 -172.86 84.53
v 13.54 -164.73 84.31
v 10.76 -172.86 84.53
v 17.69 -175.32 84.53
v 19.47 -171.41 89.69
v 11.86 -168.70 89.69
v 13.54 -164.73 84.31
v 11.86 -168.70 89.69
v 19.47 -171.41 89.69
v 21.00 -167.12 84.31
v 10.76 -172.86 84.53
v 11.86 -168.70 89.69
v 13.54 -164.73 84.31
v 17.69 -175.32 84.53
v 21.00 -167.12 84.31
v 19.47 -171.41 89.69
v 13.91 -173.93 73.94
v 14.08 -173.47 73.94
v 14.08 -173.47 76.29
v 13.91 -173.93 76.29
v 14.08 -173.47 73.94
v 13.91 -173.93 73.94
v 13.91 -173.93 76.29
v 14.08 -173.47 76.29
v 16.18 -173.93 73.94
v 16.35 -173.47 73.94
v 16.35 -173.47 76.29
v 16.18 -173.93 76.29
v 16.35 -173.47 73.94
v 16.18 -173.93 73.94
v 16.18 -173.93 76.29
v 16.35 -173.47 76.29
v 13.91 -173.93 78.63
v 14.08 -173.47 78.63
v 14.08 -173.47 80.97
v 13.91 -173.93 80.97
v 14.08 -173.47 78.63
v 13.91 -173.93 78.63
v 13.91 -173.93 80.97
v 14.08 -173.47 80.97
v 16.18 -173.93 78.63
v 16.35 -173.47 78.63
v 16.35 -173.47 80.97
v 17.25 -175.54 80.02
v 16.35 -173.47 78.63
v 16.18 -173.93 78.63
v 17.25 -175.54 80.02
v 16.35 -173.47 80.97
v 15.55 -157.17 68.80
v 23.90 -160.15 68.80
v 21.50 -166.87 68.80
v 13.15 -163.90 68.80
v 13.15 -163.90 79.72
v 21.50 -166.87 79.72
v 23.90 -160.15 79.72
v 15.55 -157.17 79.72
v 13.15 -163.90 68.80
v 21.50 -166.87 68.80
v 21.50 -166.87 79.72
v 13.15 -163.90 79.72
v 21.50 -166.87 68.80
v 23.90 -160.15 68.80
v 23.90 -160.15 79.72
v 21.50 -166.87 79.72
v 23.90 -160.15 68.80
v 15.55 -157.17 68.80
v 15.55 -157.17 79.72
v 23.90 -160.15 79.72
v 15.55 -157.17 68.80
v 13.15 -163.90 68.80
v 13.15 -163.90 79.72
v 15.55 -157.17 79.72
v 20.23 -167.49 79.87
v 13.15 -163.90 79.72
v 17.13 -165.95 85.75
v 19.93 -158.09 85.75
v 17.13 -165.95 85.75
v 15.19 -156.41 79.72
v 24.67 -159.78 79.72
v 19.93 -158.09 85.75
v 13.15 -163.90 79.72
v 15.19 -156.41 79.72
v 17.13 -165.95 85.75
v 41.25 -181.82 68.80
v 33.51 -180.47 68.80
v 33.51 -180.47 81.48
v 41.25 -181.82 81.48
v 33.51 -180.47 68.80
v 32.36 -187.06 68.80
v 32.36 -187.06 81.48
v 33.51 -180.47 81.48
v 33.22 -180.06 81.48
v 41.25 -181.82 81.48
v 40.10 -188.41 81.48
v 32.36 -187.06 81.48
v 31.95 -187.34 86.64
v 40.38 -188.81 86.64
v 41.65 -181.53 86.64
v 33.22 -180.06 86.64
v 32.36 -187.06 81.48
v 40.10 -188.41 81.48
v 40.38 -188.81 86.64
v 31.95 -187.34 86.64
v 40.10 -188.41 81.48
v 41.25 -181.82 81.48
v 41.65 -181.53 86.64
v 40.38 -188.81 86.64
v 41.25 -181.82 81.48
v 33.22 -180.06 81.48
v 33.22 -180.06 86.64
v 41.65 -181.53 86.64
v 33.22 -180.06 81.48
v 32.36 -187.06 81.48
v 31.95 -187.34 86.64
v 33.22 -180.06 86.64
v 40.38 -188.81 86.64
v 31.95 -187.34 86.64
v 36.12 -188.32 91.98
v 37.48 -180.55 91.98
v 36.12 -188.32 91.98
v 33.22 -180.06 86.64
v 41.94 -181.33 86.64
v 37.48 -180.55 91.98
v 31.95 -187.34 86.64
v 33.22 -180.06 86.64
v 36.12 -188.32 91.98
v 40.38 -188.81 86.64
v 37.48 -180.55 91.98
v 41.94 -181.33 86.64
v 34.77 -187.78 74.41
v 36.09 -188.01 74.41
v 36.09 -188.01 77.22
v 34.77 -187.78 77.22
v 36.09 -188.01 74.41
v 34.77 -187.78 74.41
v 34.77 -187.78 77.22
v 36.09 -188.01 77.22
v 34.77 -187.78 80.03
v 36.09 -188.01 80.03
v 36.09 -188.01 82.83
v 34.77 -187.78 82.83
v 36.09 -188.01 80.03
v 34.77 -187.78 80.03
v 34.77 -187.78 82.83
v 36.09 -188.01 82.83
v 34.93 -171.45 68.80
v 42.96 -172.85 68.80
v 41.25 -181.82 68.80
v 33.58 -179.21 68.80
v 33.58 -179.21 78.55
v 41.61 -180.61 78.55
v 42.96 -172.85 78.55
v 34.93 -171.45 78.55
v 33.58 -179.21 68.80
v 41.25 -181.82 68.80
v 41.61 -180.61 78.55
v 33.58 -179.21 78.55
v 41.25 -181.82 68.80
v 42.96 -172.85 68.80
v 42.96 -172.85 78.55
v 41.61 -180.61 78.55
v 42.96 -172.85 68.80
v 34.93 -171.45 68.80
v 34.93 -171.45 78.55
v 42.96 -172.85 78.55
v 34.93 -171.45 68.80
v 33.58 -179.21 68.80
v 33.58 -179.21 78.55
v 34.93 -171.45 78.55
v 42.10 -181.30 78.55
v 32.88 -179.70 78.55
v 37.49 -180.50 84.09
v 39.05 -171.56 84.09
v 37.49 -180.50 84.09
v 34.93 -171.45 78.55
v 42.96 -172.85 78.55
v 39.05 -171.56 84.09
v 32.88 -179.70 78.55
v 34.93 -171.45 78.55
v 37.49 -180.50 84.09
v 42.10 -181.30 78.55
v 39.05 -171.56 84.09
v 42.96 -172.85 78.55
v 36.96 -163.69 68.80
v 43.68 -164.86 68.80
v 42.51 -171.56 68.80
v 35.79 -170.39 68.80
v 35.79 -170.39 79.14
v 42.51 -171.56 79.14
v 43.68 -164.86 79.14
v 36.96 -163.69 79.14
v 35.79 -170.39 68.80
v 42.51 -171.56 68.80
v 42.51 -171.56 79.14
v 35.79 -170.39 79.14
v 42.51 -171.56 68.80
v 43.68 -164.86 68.80
v 43.68 -164.86 79.14
v 42.51 -171.56 79.14
v 43.68 -164.86 68.80
v 36.96 -163.69 68.80
v 36.96 -163.69 79.14
v 43.68 -164.86 79.14
v 36.96 -163.69 68.80
v 35.79 -170.39 68.80
v 35.79 -170.39 79.14
v 36.96 -163.69 79.14
v 36.96 -163.69 79.14
v 44.08 -164.57 79.14
v 42.96 -172.85 78.55
v 35.79 -170.39 79.14
v 35.39 -170.67 83.25
v 42.80 -171.96 83.25
v 44.08 -164.57 83.25
v 36.68 -163.28 83.25
v 35.79 -170.39 79.14
v 42.96 -172.85 78.55
v 42.80 -171.96 83.25
v 35.39 -170.67 83.25
v 42.96 -172.85 78.55
v 44.08 -164.57 79.14
v 44.08 -164.57 83.25
v 42.80 -171.96 83.25
v 44.08 -164.57 79.14
v 36.96 -163.69 79.14
v 36.68 -163.28 83.25
v 44.08 -164.57 83.25
v 36.96 -163.69 79.14
v 35.79 -170.39 79.14
v 35.39 -170.67 83.25
v 36.68 -163.28 83.25
v 42.80 -171.96 83.25
v 35.10 -170.88 83.25
v 39.05 -171.56 87.89
v 40.42 -163.68 87.89
v 39.05 -171.56 87.89
v 36.68 -163.28 83.25
v 44.08 -164.57 83.25
v 40.42 -163.68 87.89
v 35.10 -170.88 83.25
v 36.68 -163.28 83.25
v 39.05 -171.56 87.89
v 42.80 -171.96 83.25
v 40.42 -163.68 87.89
v 44.08 -164.57 83.25
v 41.15 -166.84 83.25
v 42.23 -167.03 83.25
v 42.23 -167.03 86.45
v 41.15 -166.84 86.45
v 42.23 -167.03 83.25
v 41.15 -166.84 83.25
v 41.15 -166.84 86.45
v 42.23 -167.03 86.45
v 58.60 -184.13 68.80
v 65.40 -184.13 68.80
v 65.40 -190.67 68.80
v 58.60 -190.67 68.80
v 58.60 -190.67 79.67
v 65.40 -190.67 79.67
v 65.40 -184.13 79.67
v 58.60 -184.13 79.67
v 58.60 -190.67 68.80
v 65.40 -190.67 68.80
v 65.40 -190.67 79.67
v 58.60 -190.67 79.67
v 65.40 -190.67 68.80
v 65.40 -184.13 68.80
v 65.40 -184.13 79.67
v 65.40 -190.67 79.67
v 65.40 -184.13 68.80
v 58.60 -184.13 68.80
v 58.60 -184.13 79.67
v 65.40 -184.13 79.67
v 58.60 -184.13 68.80
v 58.60 -190.67 68.80
v 58.60 -190.67 79.67
v 58.60 -184.13 79.67
v 66.00 -191.27 79.67
v 58.60 -190.67 79.67
v 62.00 -191.27 84.30
v 62.00 -183.53 84.30
v 62.00 -191.27 84.30
v 58.60 -184.13 79.67
v 66.00 -183.53 79.67
v 62.00 -183.53 84.30
v 58.60 -190.67 79.67
v 58.60 -184.13 79.67
v 62.00 -191.27 84.30
v 66.00 -191.27 79.67
v 62.00 -183.53 84.30
v 66.00 -183.53 79.67
v 63.50 -186.75 79.67
v 64.60 -186.75 79.67
v 64.60 -186.75 82.87
v 63.50 -186.75 82.87
v 64.60 -186.75 79.67
v 63.50 -186.75 79.67
v 63.50 -186.75 82.87
v 64.60 -186.75 82.87
v 57.90 -174.75 68.80
v 66.10 -174.75 68.80
v 66.10 -182.90 68.80
v 58.60 -184.13 68.80
v 57.90 -182.90 82.75
v 66.10 -182.90 82.75
v 66.10 -174.75 82.75
v 57.90 -174.75 82.75
v 58.60 -184.13 68.80
v 66.10 -182.90 68.80
v 66.10 -182.90 82.75
v 57.90 -182.90 82.75
v 66.10 -182.90 68.80
v 66.10 -174.75 68.80
v 66.10 -174.75 82.75
v 66.10 -182.90 82.75
v 66.10 -174.75 68.80
v 57.90 -174.75 68.80
v 57.90 -174.75 82.75
v 66.10 -174.75 82.75
v 57.90 -174.75 68.80
v 58.60 -184.13 68.80
v 57.90 -182.90 82.75
v 57.90 -174.75 82.75
v 66.10 -182.90 82.75
v 57.90 -182.90 82.75
v 62.00 -183.50 88.32
v 62.00 -174.15 88.32
v 62.00 -183.50 88.32
v 57.90 -174.75 82.75
v 66.10 -174.75 82.75
v 62.00 -174.15 88.32
v 57.90 -182.90 82.75
v 57.90 -174.75 82.75
v 62.00 -183.50 88.32
v 66.10 -182.90 82.75
v 62.00 -174.15 88.32
v 66.10 -174.75 82.75
v 59.90 -183.02 73.63
v 61.30 -182.53 73.63
v 61.30 -182.53 75.66
v 59.90 -183.02 75.66
v 61.30 -182.53 73.63
v 59.90 -183.02 73.63
v 59.90 -183.02 75.66
v 61.30 -182.53 75.66
v 62.70 -182.53 73.63
v 64.10 -182.53 73.63
v 64.10 -183.02 73.63
v 62.70 -183.02 73.63
v 62.70 -183.02 75.66
v 64.10 -183.02 75.66
v 64.10 -182.53 75.66
v 62.70 -182.53 75.66
v 62.70 -183.02 73.63
v 64.10 -183.02 73.63
v 64.10 -183.02 75.66
v 62.70 -183.02 75.66
v 64.10 -183.02 73.63
v 64.10 -182.53 73.63
v 64.10 -182.53 75.66
v 64.10 -183.02 75.66
v 64.10 -182.53 73.63
v 62.70 -182.53 73.63
v 62.70 -182.53 75.66
v 64.10 -182.53 75.66
v 62.70 -182.53 73.63
v 62.70 -183.02 73.63
v 62.70 -183.02 75.66
v 62.70 -182.53 75.66
v 59.90 -183.02 77.69
v 61.30 -182.53 77.69
v 61.30 -182.53 79.72
v 59.90 -183.02 79.72
v 61.30 -182.53 77.69
v 59.90 -183.02 77.69
v 59.90 -183.02 79.72
v 61.30 -182.53 79.72
v 62.70 -182.53 77.69
v 64.10 -182.53 77.69
v 64.10 -183.02 77.69
v 62.70 -183.02 77.69
v 62.70 -183.02 79.72
v 65.40 -184.13 79.67
v 64.10 -182.53 79.72
v 62.70 -182.53 79.72
v 62.70 -183.02 77.69
v 64.10 -183.02 77.69
v 65.40 -184.13 79.67
v 62.70 -183.02 79.72
v 64.10 -183.02 77.69
v 64.10 -182.53 77.69
v 64.10 -182.53 79.72
v 65.40 -184.13 79.67
v 64.10 -182.53 77.69
v 62.70 -182.53 77.69
v 62.70 -182.53 79.72
v 64.10 -182.53 79.72
v 62.70 -182.53 77.69
v 62.70 -183.02 77.69
v 62.70 -183.02 79.72
v 62.70 -182.53 79.72
v 58.25 -167.16 68.80
v 65.75 -167.16 68.80
v 65.75 -173.33 68.80
v 58.25 -173.33 68.80
v 58.25 -173.33 83.17
v 65.75 -173.33 83.17
v 65.75 -167.16 83.17
v 58.25 -167.16 83.17
v 58.25 -173.33 68.80
v 65.75 -173.33 68.80
v 65.75 -173.33 83.17
v 58.25 -173.33 83.17
v 65.75 -173.33 68.80
v 65.75 -167.16 68.80
v 65.75 -167.16 83.17
v 65.75 -173.33 83.17
v 65.75 -167.16 68.80
v 58.25 -167.16 68.80
v 58.25 -167.16 83.17
v 65.75 -167.16 83.17
v 58.25 -167.16 68.80
v 58.25 -173.33 68.80
v 58.25 -173.33 83.17
v 58.25 -167.16 83.17
v 66.10 -174.75 82.75
v 57.90 -174.75 82.75
v 62.00 -174.15 88.32
v 62.00 -166.56 88.27
v 62.00 -174.15 88.32
v 58.25 -167.16 83.17
v 66.35 -166.56 83.17
v 62.00 -166.56 88.27
v 57.90 -174.75 82.75
v 58.25 -167.16 83.17
v 62.00 -174.15 88.32
v 66.10 -174.75 82.75
v 62.00 -166.56 88.27
v 66.35 -166.56 83.17
v 62.63 -173.45 73.71
v 63.89 -173.45 73.71
v 63.89 -173.45 75.83
v 62.63 -173.45 75.83
v 63.89 -173.45 73.71
v 62.63 -173.45 73.71
v 62.63 -173.45 75.83
v 63.89 -173.45 75.83
v 62.63 -173.45 77.94
v 63.89 -173.45 77.94
v 63.89 -173.45 80.06
v 62.63 -173.45 80.06
v 63.89 -173.45 77.94
v 62.63 -173.45 77.94
v 62.63 -173.45 80.06
v 63.89 -173.45 80.06
v 83.01 -181.32 68.80
v 90.08 -180.09 68.80
v 91.47 -188.02 68.80
v 84.39 -189.25 68.80
v 84.39 -189.25 76.58
v 91.47 -188.02 76.58
v 90.08 -180.09 76.58
v 83.01 -181.32 76.58
v 84.39 -189.25 68.80
v 91.47 -188.02 68.80
v 91.47 -188.02 76.58
v 84.39 -189.25 76.58
v 91.47 -188.02 68.80
v 90.08 -180.09 68.80
v 90.08 -180.09 76.58
v 91.47 -188.02 76.58
v 90.08 -180.09 68.80
v 83.01 -181.32 68.80
v 83.01 -181.32 76.58
v 90.08 -180.09 76.58
v 83.01 -181.32 68.80
v 84.39 -189.25 68.80
v 84.39 -189.25 76.58
v 83.01 -181.32 76.58
v 84.39 -189.25 76.58
v 91.47 -188.02 76.58
v 91.36 -183.95 82.05
v 83.11 -185.39 82.05
v 83.01 -181.32 76.58
v 83.11 -185.39 82.05
v 91.36 -183.95 82.05
v 90.57 -179.39 76.58
v 84.39 -189.25 76.58
v 83.11 -185.39 82.05
v 83.01 -181.32 76.58
v 91.47 -188.02 76.58
v 90.57 -179.39 76.58
v 91.36 -183.95 82.05
v 85.50 -188.92 72.39
v 86.67 -188.71 72.39
v 86.67 -188.71 73.19
v 85.50 -188.92 73.19
v 86.67 -188.71 72.39
v 85.50 -188.92 72.39
v 85.50 -188.92 73.19
v 86.67 -188.71 73.19
v 86.67 -188.71 72.39
v 89.06 -188.71 72.39
v 89.06 -188.71 73.19
v 86.67 -188.71 73.19
v 89.06 -188.71 72.39
v 86.67 -188.71 72.39
v 86.67 -188.71 73.19
v 89.06 -188.71 73.19
v 80.95 -173.89 68.80
v 89.51 -172.40 68.80
v 90.59 -178.61 68.80
v 82.03 -180.10 68.80
v 88.87 -175.52 77.49
v 87.78 -175.71 77.49
v 87.78 -175.71 80.69
v 88.87 -175.52 80.69
v 79.85 -164.62 68.80
v 87.40 -163.30 68.80
v 88.75 -171.04 68.80
v 81.20 -172.36 68.80
v 80.25 -173.41 77.49
v 88.75 -171.04 79.13
v 87.40 -163.30 79.13
v 79.85 -164.62 79.13
v 81.20 -172.36 68.80
v 88.75 -171.04 68.80
v 88.75 -171.04 79.13
v 80.25 -173.41 77.49
v 88.75 -171.04 68.80
v 87.40 -163.30 68.80
v 87.40 -163.30 79.13
v 88.75 -171.04 79.13
v 87.40 -163.30 68.80
v 79.85 -164.62 68.80
v 79.85 -164.62 79.13
v 87.40 -163.30 79.13
v 79.85 -164.62 68.80
v 81.20 -172.36 68.80
v 80.25 -173.41 77.49
v 79.85 -164.62 79.13
v 79.85 -164.62 79.13
v 87.40 -163.30 79.13
v 88.75 -171.04 79.13
v 80.25 -173.41 77.49
v 80.91 -172.77 83.23
v 89.16 -171.33 83.23
v 87.69 -162.90 83.23
v 79.44 -164.33 83.23
v 80.25 -173.41 77.49
v 88.75 -171.04 79.13
v 89.16 -171.33 83.23
v 80.91 -172.77 83.23
v 88.75 -171.04 79.13
v 87.40 -163.30 79.13
v 87.69 -162.90 83.23
v 89.16 -171.33 83.23
v 87.40 -163.30 79.13
v 79.85 -164.62 79.13
v 79.44 -164.33 83.23
v 87.69 -162.90 83.23
v 79.85 -164.62 79.13
v 80.25 -173.41 77.49
v 80.91 -172.77 83.23
v 79.44 -164.33 83.23
v 80.91 -172.77 83.23
v 89.16 -171.33 83.23
v 88.67 -167.07 88.58
v 79.93 -168.59 88.58
v 79.15 -164.13 83.23
v 79.93 -168.59 88.58
v 88.67 -167.07 88.58
v 87.89 -162.61 83.23
v 80.91 -172.77 83.23
v 79.93 -168.59 88.58
v 79.15 -164.13 83.23
v 89.16 -171.33 83.23
v 87.89 -162.61 83.23
v 88.67 -167.07 88.58
v 82.33 -171.50 73.73
v 83.60 -171.28 73.73
v 83.69 -171.76 73.73
v 82.41 -171.99 73.73
v 82.41 -171.99 75.85
v 83.69 -171.76 75.85
v 83.60 -171.28 75.85
v 82.33 -171.50 75.85
v 82.41 -171.99 73.73
v 83.69 -171.76 73.73
v 83.69 -171.76 75.85
v 82.41 -171.99 75.85
v 83.69 -171.76 73.73
v 83.60 -171.28 73.73
v 83.60 -171.28 75.85
v 83.69 -171.76 75.85
v 83.60 -171.28 73.73
v 82.33 -171.50 73.73
v 82.33 -171.50 75.85
v 83.60 -171.28 75.85
v 82.33 -171.50 73.73
v 82.41 -171.99 73.73
v 82.41 -171.99 75.85
v 82.33 -171.50 75.85
v 83.60 -171.28 73.73
v 86.19 -171.28 73.73
v 86.27 -171.76 73.73
v 83.69 -171.76 73.73
v 83.69 -171.76 75.85
v 86.27 -171.76 75.85
v 86.19 -171.28 75.85
v 83.60 -171.28 75.85
v 83.69 -171.76 73.73
v 86.27 -171.76 73.73
v 86.27 -171.76 75.85
v 83.69 -171.76 75.85
v 86.27 -171.76 73.73
v 86.19 -171.28 73.73
v 86.19 -171.28 75.85
v 86.27 -171.76 75.85
v 86.19 -171.28 73.73
v 83.60 -171.28 73.73
v 83.60 -171.28 75.85
v 86.19 -171.28 75.85
v 83.60 -171.28 73.73
v 83.69 -171.76 73.73
v 83.69 -171.76 75.85
v 83.60 -171.28 75.85
v 82.33 -171.50 77.98
v 83.60 -171.28 77.98
v 83.69 -171.76 77.98
v 82.41 -171.99 77.98
v 82.41 -171.99 80.11
v 83.69 -171.76 80.11
v 83.60 -171.28 80.11
v 82.33 -171.50 80.11
v 82.41 -171.99 77.98
v 83.69 -171.76 77.98
v 83.69 -171.76 80.11
v 82.41 -171.99 80.11
v 83.69 -171.76 77.98
v 83.60 -171.28 77.98
v 83.60 -171.28 80.11
v 83.69 -171.76 80.11
v 83.60 -171.28 77.98
v 82.33 -171.50 77.98
v 82.33 -171.50 80.11
v 83.60 -171.28 80.11
v 82.33 -171.50 77.98
v 82.41 -171.99 77.98
v 82.41 -171.99 80.11
v 82.33 -171.50 80.11
v 83.60 -171.28 77.98
v 86.19 -171.28 77.98
v 86.27 -171.76 77.98
v 83.69 -171.76 77.98
v 83.69 -171.76 80.11
v 86.27 -171.76 80.11
v 86.19 -171.28 80.11
v 83.60 -171.28 80.11
v 83.69 -171.76 77.98
v 86.27 -171.76 77.98
v 86.27 -171.76 80.11
v 83.69 -171.76 80.11
v 86.27 -171.76 77.98
v 86.19 -171.28 77.98
v 86.19 -171.28 80.11
v 86.27 -171.76 80.11
v 86.19 -171.28 77.98
v 83.60 -171.28 77.98
v 83.60 -171.28 80.11
v 86.19 -171.28 80.11
v 83.60 -171.28 77.98
v 83.69 -171.76 77.98
v 83.69 -171.76 80.11
v 83.60 -171.28 80.11
v 105.00 -174.18 68.80
v 113.53 -171.14 68.80
v 116.11 -178.40 68.80
v 107.58 -181.44 68.80
v 107.58 -181.44 82.98
v 116.11 -178.40 82.98
v 113.53 -171.14 82.98
v 105.00 -174.18 82.98
v 107.58 -181.44 68.80
v 116.11 -178.40 68.80
v 116.11 -178.40 82.98
v 107.58 -181.44 82.98
v 116.11 -178.40 68.80
v 113.53 -171.14 68.80
v 113.53 -171.14 82.98
v 116.11 -178.40 82.98
v 113.53 -171.14 68.80
v 105.00 -174.18 68.80
v 105.00 -174.18 82.98
v 113.53 -171.14 82.98
v 105.00 -174.18 68.80
v 107.58 -181.44 68.80
v 107.58 -181.44 82.98
v 105.00 -174.18 82.98
v 116.88 -178.76 82.98
v 107.58 -181.44 82.98
v 112.05 -180.48 89.13
v 109.06 -172.10 89.13
v 112.05 -180.48 89.13
v 105.00 -174.18 82.98
v 113.53 -171.14 82.98
v 109.06 -172.10 89.13
v 107.58 -181.44 82.98
v 105.00 -174.18 82.98
v 112.05 -180.48 89.13
v 116.88 -178.76 82.98
v 109.06 -172.10 89.13
v 113.53 -171.14 82.98
v 108.33 -180.51 73.67
v 109.81 -179.98 73.67
v 109.81 -179.98 75.75
v 108.33 -180.51 75.75
v 109.81 -179.98 73.67
v 108.33 -180.51 73.67
v 108.33 -180.51 75.75
v 109.81 -179.98 75.75
v 111.30 -180.05 73.67
v 112.95 -179.98 73.67
v 111.47 -180.51 73.67
v 111.47 -180.51 75.75
v 112.95 -179.98 75.75
v 111.30 -180.05 75.75
v 111.47 -180.51 73.67
v 112.95 -179.98 73.67
v 112.95 -179.98 75.75
v 111.47 -180.51 75.75
v 112.95 -179.98 73.67
v 111.30 -180.05 73.67
v 111.30 -180.05 75.75
v 112.95 -179.98 75.75
v 111.30 -180.05 73.67
v 111.47 -180.51 73.67
v 111.47 -180.51 75.75
v 111.30 -180.05 75.75
v 108.33 -180.51 77.83
v 109.81 -179.98 77.83
v 109.81 -179.98 79.90
v 108.33 -180.51 79.90
v 109.81 -179.98 77.83
v 108.33 -180.51 77.83
v 108.33 -180.51 79.90
v 109.81 -179.98 79.90
v 111.30 -180.05 77.83
v 112.95 -179.98 77.83
v 111.47 -180.51 77.83
v 111.47 -180.51 79.90
v 112.95 -179.98 79.90
v 111.30 -180.05 79.90
v 111.47 -180.51 77.83
v 112.95 -179.98 77.83
v 112.95 -179.98 79.90
v 111.47 -180.51 79.90
v 112.95 -179.98 77.83
v 111.30 -180.05 77.83
v 111.30 -180.05 79.90
v 112.95 -179.98 79.90
v 111.30 -180.05 77.83
v 111.47 -180.51 77.83
v 111.47 -180.51 79.90
v 111.30 -180.05 79.90
v 102.48 -166.71 68.80
v 110.75 -163.77 68.80
v 113.53 -171.14 68.80
v 104.70 -172.95 68.80
v 104.70 -172.95 80.82
v 112.97 -170.00 80.82
v 110.75 -163.77 80.82
v 102.48 -166.71 80.82
v 104.70 -172.95 68.80
v 113.53 -171.14 68.80
v 112.97 -170.00 80.82
v 104.70 -172.95 80.82
v 113.53 -171.14 68.80
v 110.75 -163.77 68.80
v 110.75 -163.77 80.82
v 112.97 -170.00 80.82
v 110.75 -163.77 68.80
v 102.48 -166.71 68.80
v 102.48 -166.71 80.82
v 110.75 -163.77 80.82
v 102.48 -166.71 68.80
v 104.70 -172.95 68.80
v 104.70 -172.95 80.82
v 102.48 -166.71 80.82
v 102.48 -166.71 80.82
v 110.75 -163.77 80.82
v 112.97 -170.00 80.82
v 104.70 -172.95 80.82
v 104.49 -173.39 85.68
v 113.42 -170.21 85.68
v 110.97 -163.32 85.68
v 102.04 -166.50 85.68
v 104.70 -172.95 80.82
v 112.97 -170.00 80.82
v 113.42 -170.21 85.68
v 104.49 -173.39 85.68
v 112.97 -170.00 80.82
v 110.75 -163.77 80.82
v 110.97 -163.32 85.68
v 113.42 -170.21 85.68
v 110.75 -163.77 80.82
v 102.48 -166.71 80.82
v 102.04 -166.50 85.68
v 110.97 -163.32 85.68
v 102.48 -166.71 80.82
v 104.70 -172.95 80.82
v 104.49 -173.39 85.68
v 102.04 -166.50 85.68
v 113.42 -170.21 85.68
v 104.49 -173.39 85.68
v 109.04 -172.04 91.65
v 106.42 -164.68 91.65
v 109.04 -172.04 91.65
v 102.04 -166.50 85.68
v 110.97 -163.32 85.68
v 106.42 -164.68 91.65
v 104.49 -173.39 85.68
v 102.04 -166.50 85.68
v 109.04 -172.04 91.65
v 113.42 -170.21 85.68
v 106.42 -164.68 91.65
v 110.97 -163.32 85.68
v 105.42 -171.56 74.22
v 107.01 -171.52 74.22
v 105.58 -172.03 74.22
v 105.58 -172.03 76.83
v 107.01 -171.52 76.83
v 105.42 -171.56 76.83
v 105.58 -172.03 74.22
v 107.01 -171.52 74.22
v 107.01 -171.52 76.83
v 105.58 -172.03 76.83
v 124.88 -153.83 74.96
v 123.91 -154.37 74.96
v 123.91 -154.37 78.33
v 124.88 -153.83 78.33
v 144.98 -153.71 68.80
v 152.06 -148.19 68.80
v 156.01 -153.27 68.80
v 148.94 -158.79 68.80
v 148.94 -158.79 80.23
v 156.01 -153.27 80.23
v 152.06 -148.19 80.23
v 144.98 -153.71 80.23
v 148.94 -158.79 68.80
v 156.01 -153.27 68.80
v 156.01 -153.27 80.23
v 148.94 -158.79 80.23
v 156.01 -153.27 68.80
v 152.06 -148.19 68.80
v 152.06 -148.19 80.23
v 156.01 -153.27 80.23
v 152.06 -148.19 68.80
v 144.98 -153.71 68.80
v 144.98 -153.71 80.23
v 152.06 -148.19 80.23
v -91.24 -151.77 54.80
v -86.35 -158.59 54.80
v -92.64 -163.10 54.80
v -97.53 -156.28 54.80
v -81.21 -155.48 59.15
v -82.42 -154.62 59.15
v -82.42 -154.62 60.69
v -81.21 -155.48 60.69
v -73.57 -170.19 54.80
v -68.21 -175.81 54.80
v -74.34 -181.66 54.80
v -79.70 -176.04 54.80
v -79.70 -176.04 65.54
v -74.34 -181.66 65.54
v -68.21 -175.81 65.54
v -73.57 -170.19 65.54
v -79.70 -176.04 54.80
v -74.34 -181.66 54.80
v -74.34 -181.66 65.54
v -79.70 -176.04 65.54
v -74.34 -181.66 54.80
v -68.21 -175.81 54.80
v -68.21 -175.81 65.54
v -74.34 -181.66 65.54
v -68.21 -175.81 54.80
v -73.57 -170.19 54.80
v -73.57 -170.19 65.54
v -68.21 -175.81 65.54
v 33.42 -220.43 68.38
v 30.09 -210.50 74.68
v 35.24 -211.39 68.38
v 30.06 -219.27 63.47
v 31.65 -219.54 63.47
v 31.65 -219.54 65.43
v 30.06 -219.27 65.43
v 31.65 -219.54 63.47
v 30.06 -219.27 63.47
v 30.06 -219.27 65.43
v 31.65 -219.54 65.43
v 31.23 -214.23 68.38
v 32.51 -213.33 68.38
v 32.51 -213.33 71.58
v 31.23 -214.23 71.58
v 32.51 -213.33 68.38
v 31.23 -214.23 68.38
v 31.23 -214.23 71.58
v 32.51 -213.33 71.58
v 27.57 -201.76 54.80
v 35.42 -203.13 54.80
v 34.34 -209.33 54.80
v 26.49 -207.96 54.80
v 31.99 -200.36 67.21
v 30.85 -200.16 67.21
v 30.85 -200.16 70.41
v 31.99 -200.36 70.41
v 33.17 -200.16 67.21
v 34.32 -200.36 67.21
v 34.32 -200.36 70.41
v 33.17 -200.16 70.41
v 34.32 -200.36 67.21
v 33.17 -200.16 67.21
v 33.17 -200.16 70.41
v 34.32 -200.36 70.41
v 34.09 -194.99 74.62
v 35.36 -194.09 74.62
v 35.36 -194.09 77.82
v 34.09 -194.99 77.82
v 35.36 -194.09 74.62
v 34.09 -194.99 74.62
v 34.09 -194.99 77.82
v 35.36 -194.09 77.82
v 53.41 -215.41 54.80
v 62.59 -215.41 54.80
v 62.59 -222.23 54.80
v 53.41 -222.23 54.80
v 90.24 -209.57 65.26
v 84.58 -202.89 70.47
v 88.94 -202.13 65.26
v 83.34 -210.01 58.93
v 84.62 -209.79 58.93
v 84.62 -209.79 60.27
v 83.34 -210.01 60.27
v 84.62 -209.79 58.93
v 83.34 -210.01 58.93
v 83.34 -210.01 60.27
v 84.62 -209.79 60.27
v 83.34 -210.01 60.27
v 84.62 -209.79 60.27
v 84.62 -209.79 62.93
v 83.34 -210.01 62.93
v 84.62 -209.79 60.27
v 83.34 -210.01 60.27
v 83.34 -210.01 62.93
v 84.62 -209.79 62.93
v 78.62 -194.15 54.80
v 87.25 -192.65 54.80
v 88.47 -199.71 54.80
v 79.85 -201.21 54.80
v 109.16 -204.39 54.80
v 111.89 -212.07 54.80
v 111.89 -212.07 64.06
v 109.16 -204.39 64.06
v 109.16 -204.39 64.06
v 115.66 -202.08 64.06
v 118.84 -209.97 64.06
v 111.89 -212.07 64.06
v 111.67 -212.52 67.69
v 118.84 -209.97 67.69
v 115.88 -201.64 67.69
v 108.72 -204.18 67.69
v 111.89 -212.07 64.06
v 118.84 -209.97 64.06
v 118.84 -209.97 67.69
v 111.67 -212.52 67.69
v 118.84 -209.97 64.06
v 115.66 -202.08 64.06
v 115.88 -201.64 67.69
v 118.84 -209.97 67.69
v 115.66 -202.08 64.06
v 109.16 -204.39 64.06
v 108.72 -204.18 67.69
v 115.88 -201.64 67.69
v 113.38 -193.12 64.00
v 109.40 -184.16 64.25
v 111.19 -187.41 69.23
v 105.63 -192.76 58.73
v 105.47 -192.29 58.73
v 105.47 -192.29 59.86
v 105.63 -192.76 59.86
v 105.47 -192.29 58.73
v 105.63 -192.76 58.73
v 105.63 -192.76 59.86
v 105.47 -192.29 59.86
v 105.63 -192.76 59.86
v 105.47 -192.29 59.86
v 105.47 -192.29 62.12
v 105.63 -192.76 62.12
v 105.47 -192.29 59.86
v 105.63 -192.76 59.86
v 105.63 -192.76 62.12
v 105.47 -192.29 62.12
v 131.76 -192.78 54.80
v 139.57 -188.47 54.80
v 143.17 -194.99 54.80
v 135.36 -199.31 54.80
v 157.54 -184.43 59.05
v 157.84 -184.81 59.05
v 157.84 -184.81 60.49
v 157.54 -184.43 60.49
v 158.71 -184.14 59.05
v 160.89 -184.14 59.05
v 160.03 -184.81 59.05
v 160.03 -184.81 60.49
v 160.89 -184.14 60.49
v 158.71 -184.14 60.49
v 160.03 -184.81 59.05
v 160.89 -184.14 59.05
v 160.89 -184.14 60.49
v 160.03 -184.81 60.49
v 160.89 -184.14 59.05
v 158.71 -184.14 59.05
v 158.71 -184.14 60.49
v 160.89 -184.14 60.49
v 158.71 -184.14 59.05
v 160.03 -184.81 59.05
v 160.03 -184.81 60.49
v 158.71 -184.14 60.49
v -28.28 -212.56 48.00
v -26.18 -211.04 48.00
v -26.18 -211.04 72.00
v -28.28 -212.56 72.00
v -26.18 -211.04 48.00
v -25.37 -208.57 48.00
v -25.37 -208.57 72.00
v -26.18 -211.04 72.00
v -25.37 -208.57 72.00
v -26.18 -206.10 72.00
v -28.28 -204.58 72.00
v -30.87 -204.58 72.00
v -32.97 -206.10 72.00
v -33.77 -208.57 72.00
v -32.97 -211.04 72.00
v -30.87 -212.56 72.00
v -28.28 -212.56 72.00
v -26.18 -211.04 72.00
v -23.90 -208.57 72.00
v -26.18 -206.10 72.00
v -29.57 -208.57 78.00
v -26.18 -206.10 72.00
v -28.28 -204.58 72.00
v -29.57 -208.57 78.00
v -28.28 -204.58 72.00
v -30.87 -204.58 72.00
v -29.57 -208.57 78.00
v -102.06 -189.12 40.80
v -107.40 -194.28 40.80
v -107.40 -194.28 53.11
v -102.06 -189.12 53.11
v -101.40 -200.49 53.11
v -108.25 -194.26 53.11
v -104.83 -197.80 58.98
v -98.63 -191.80 58.98
v -104.83 -197.80 58.98
v -102.06 -189.12 53.11
v -96.06 -195.32 53.11
v -98.63 -191.80 58.98
v -108.25 -194.26 53.11
v -102.06 -189.12 53.11
v -104.83 -197.80 58.98
v -101.40 -200.49 53.11
v -98.63 -191.80 58.98
v -96.06 -195.32 53.11
v -103.56 -197.69 45.30
v -102.88 -199.09 45.30
v -103.91 -198.03 45.30
v -103.91 -198.03 47.00
v -102.88 -199.09 47.00
v -103.56 -197.69 47.00
v -103.91 -198.03 45.30
v -102.88 -199.09 45.30
v -102.88 -199.09 47.00
v -103.91 -198.03 47.00
v -102.88 -199.09 45.30
v -103.56 -197.69 45.30
v -103.56 -197.69 47.00
v -102.88 -199.09 47.00
v -103.56 -197.69 45.30
v -103.91 -198.03 45.30
v -103.91 -198.03 47.00
v -103.56 -197.69 47.00
v -100.93 -198.03 45.30
v -100.58 -197.69 45.30
v -100.58 -197.69 47.00
v -100.93 -198.03 47.00
v -98.67 -185.88 53.82
v -92.71 -192.05 53.82
v -87.59 -187.10 53.82
v -93.55 -180.93 53.82
v -98.18 -185.89 50.15
v -92.70 -191.56 50.15
v -92.71 -192.05 53.82
v -98.67 -185.88 53.82
v -92.70 -191.56 50.15
v -87.59 -187.10 50.15
v -87.59 -187.10 53.82
v -92.71 -192.05 53.82
v -87.59 -187.10 50.15
v -93.56 -181.42 50.15
v -93.55 -180.93 53.82
v -87.59 -187.10 53.82
v -93.56 -181.42 50.15
v -98.18 -185.89 50.15
v -98.67 -185.88 53.82
v -93.55 -180.93 53.82
v -92.71 -192.05 53.82
v -99.03 -185.88 53.82
v -95.87 -189.14 59.18
v -90.39 -183.84 59.18
v -95.87 -189.14 59.18
v -93.55 -180.93 53.82
v -87.59 -187.10 53.82
v -90.39 -183.84 59.18
v -99.03 -185.88 53.82
v -93.55 -180.93 53.82
v -95.87 -189.14 59.18
v -92.71 -192.05 53.82
v -90.39 -183.84 59.18
v -87.59 -187.10 53.82
v -94.75 -188.93 45.45
v -94.18 -190.23 45.45
v -95.11 -189.27 45.45
v -95.11 -189.27 47.29
v -94.18 -190.23 47.29
v -94.75 -188.93 47.29
v -19.45 -235.10 50.71
v -17.99 -235.62 50.71
v -17.99 -235.62 53.08
v -19.45 -235.10 53.08
v -17.99 -235.62 50.71
v -19.45 -235.10 50.71
v -19.45 -235.10 53.08
v -17.99 -235.62 53.08
v -16.36 -235.10 50.71
v -14.74 -235.15 50.71
v -13.97 -236.54 51.96
v -16.36 -235.10 53.08
v -14.90 -235.62 53.08
v -14.74 -235.15 53.08
v -16.36 -235.10 50.71
v -13.97 -236.54 51.96
v -14.90 -235.62 53.08
v -16.36 -235.10 53.08
v -13.97 -236.54 51.96
v -14.74 -235.15 50.71
v -14.74 -235.15 53.08
v -14.90 -235.62 53.08
v 12.38 -225.68 40.80
v 11.33 -231.77 40.80
v 11.33 -231.77 52.46
v 12.38 -225.68 52.46
v 12.38 -225.68 52.46
v 20.19 -226.66 52.46
v 19.02 -233.44 52.46
v 10.93 -232.05 52.46
v 10.93 -232.05 57.17
v 19.02 -233.44 57.17
v 20.19 -226.66 57.17
v 12.09 -225.27 57.17
v 10.93 -232.05 52.46
v 19.02 -233.44 52.46
v 19.02 -233.44 57.17
v 10.93 -232.05 57.17
v 19.02 -233.44 52.46
v 20.19 -226.66 52.46
v 20.19 -226.66 57.17
v 19.02 -233.44 57.17
v 20.19 -226.66 52.46
v 12.38 -225.68 52.46
v 12.09 -225.27 57.17
v 20.19 -226.66 57.17
v 101.67 -229.06 50.41
v 112.26 -227.39 49.53
v 114.49 -233.74 49.53
v 105.98 -236.72 49.53
v 105.76 -237.17 52.92
v 114.93 -233.95 52.92
v 112.47 -226.94 52.92
v 103.30 -230.16 52.92
v 105.98 -236.72 49.53
v 114.49 -233.74 49.53
v 114.93 -233.95 52.92
v 105.76 -237.17 52.92
v 114.49 -233.74 49.53
v 112.26 -227.39 49.53
v 112.47 -226.94 52.92
v 114.93 -233.95 52.92
v 112.26 -227.39 49.53
v 101.67 -229.06 50.41
v 103.30 -230.16 52.92
v 112.47 -226.94 52.92
v 101.67 -229.06 50.41
v 105.98 -236.72 49.53
v 105.76 -237.17 52.92
v 103.30 -230.16 52.92
v 127.17 -196.28 53.77
v 128.14 -195.75 53.77
v 127.70 -197.24 53.77
v 127.70 -197.24 56.97
v 128.14 -195.75 56.97
v 127.17 -196.28 56.97
v 127.70 -197.24 53.77
v 128.14 -195.75 53.77
v 128.14 -195.75 56.97
v 127.70 -197.24 56.97
v 128.14 -195.75 53.77
v 127.17 -196.28 53.77
v 127.17 -196.28 56.97
v 128.14 -195.75 56.97
v 127.17 -196.28 53.77
v 127.70 -197.24 53.77
v 127.70 -197.24 56.97
v 127.17 -196.28 56.97
v 155.19 -200.02 40.80
v 160.70 -195.79 40.80
v 165.42 -201.93 40.80
v 159.90 -206.16 40.80
v 173.51 -169.69 40.80
v 168.91 -165.25 40.80
v 168.91 -165.25 51.44
v 173.51 -169.69 51.44
v 168.91 -165.25 40.80
v 163.35 -171.00 40.80
v 163.35 -171.00 51.44
v 168.91 -165.25 51.44
v 163.35 -171.00 40.80
v 167.95 -175.44 40.80
v 167.95 -175.44 51.44
v 163.35 -171.00 51.44
v 174.36 -169.68 51.44
v 167.96 -176.29 51.44
v 171.16 -172.99 56.88
v 165.70 -167.71 56.88
v 171.16 -172.99 56.88
v 162.50 -171.02 51.44
v 168.90 -164.40 51.44
v 165.70 -167.71 56.88
v 167.96 -176.29 51.44
v 162.50 -171.02 51.44
v 171.16 -172.99 56.88
v -191.16 43.77 39.44
v -193.85 36.82 39.44
v -188.21 34.63 39.44
v -185.51 41.58 39.44
v -191.16 43.77 28.80
v -193.85 36.82 28.80
v -193.85 36.82 39.44
v -191.16 43.77 39.44
v -193.85 36.82 28.80
v -188.21 34.63 28.80
v -188.21 34.63 39.44
v -193.85 36.82 39.44
v -188.21 34.63 28.80
v -185.51 41.58 28.80
v -185.51 41.58 39.44
v -188.21 34.63 39.44
v -185.51 41.58 28.80
v -191.16 43.77 28.80
v -191.16 43.77 39.44
v -185.51 41.58 39.44
v -193.85 36.82 39.44
v -191.50 44.54 39.44
v -193.07 40.51 44.51
v -186.30 37.88 44.51
v -185.58 -16.27 37.76
v -186.40 -22.98 37.76
v -180.04 -23.76 37.76
v -179.22 -17.05 37.76
v -185.58 -16.27 28.80
v -186.40 -22.98 28.80
v -186.40 -22.98 37.76
v -185.58 -16.27 37.76
v -186.40 -22.98 28.80
v -180.04 -23.76 28.80
v -180.04 -23.76 37.76
v -186.40 -22.98 37.76
v -180.04 -23.76 28.80
v -179.22 -17.05 28.80
v -179.22 -17.05 37.76
v -180.04 -23.76 37.76
v -179.22 -17.05 28.80
v -185.58 -16.27 28.80
v -185.58 -16.27 37.76
v -179.22 -17.05 37.76
v -179.22 -17.05 37.76
v -180.04 -23.76 37.76
v -186.40 -22.98 37.76
v -185.58 -16.27 37.76
v -184.00 -41.41 36.63
v -184.00 -50.59 36.63
v -177.59 -50.59 36.63
v -177.59 -41.41 36.63
v -184.00 -41.41 28.80
v -184.00 -50.59 28.80
v -184.00 -50.59 36.63
v -184.00 -41.41 36.63
v -184.00 -50.59 28.80
v -177.59 -50.59 28.80
v -177.59 -50.59 36.63
v -184.00 -50.59 36.63
v -177.59 -50.59 28.80
v -177.59 -41.41 28.80
v -177.59 -41.41 36.63
v -177.59 -50.59 36.63
v -177.59 -41.41 28.80
v -184.00 -41.41 28.80
v -184.00 -41.41 36.63
v -177.59 -41.41 36.63
v -184.59 -51.19 36.63
v -184.00 -41.41 36.63
v -184.59 -46.00 42.87
v -176.99 -46.00 42.87
v -133.60 -200.80 45.00
v -128.06 -206.45 45.00
v -122.09 -200.59 45.00
v -127.63 -194.94 45.00
v -133.11 -200.80 40.34
v -128.06 -205.96 40.34
v -128.06 -206.45 45.00
v -133.60 -200.80 45.00
v -128.06 -205.96 40.34
v -122.58 -200.59 40.34
v -122.09 -200.59 45.00
v -128.06 -206.45 45.00
v -122.58 -200.59 40.34
v -127.63 -195.43 40.34
v -127.63 -194.94 45.00
v -122.09 -200.59 45.00
v -127.63 -195.43 40.34
v -133.11 -200.80 40.34
v -133.60 -200.80 45.00
v -127.63 -194.94 45.00
v -133.60 -200.80 45.00
v -128.07 -206.80 45.00
v -124.90 -203.70 50.21
v -130.79 -197.69 50.21
v -1.57 -232.11 41.54
v 1.18 -232.11 41.54
v 1.18 -232.11 44.86
v -1.57 -232.11 44.86
v 1.18 -232.11 41.54
v -1.57 -232.11 41.54
v -1.57 -232.11 44.86
v 1.18 -232.11 44.86
v 25.48 -249.26 41.71
v 34.52 -249.26 41.71
v 34.52 -241.32 41.71
v 25.48 -241.32 41.71
v 34.52 -249.26 41.71
v 25.48 -249.26 41.71
v 30.00 -249.86 47.86
v 30.00 -240.72 47.86
v 30.00 -249.86 47.86
v 25.48 -241.32 41.71
v 34.52 -241.32 41.71
v 30.00 -240.72 47.86
v 25.48 -249.26 41.71
v 25.48 -241.32 41.71
v 30.00 -249.86 47.86
v 91.21 -224.36 39.25
v 92.60 -223.88 39.25
v 92.60 -223.88 41.80
v 91.21 -224.36 41.80
v 92.60 -223.88 39.25
v 91.21 -224.36 39.25
v 91.21 -224.36 41.80
v 92.60 -223.88 41.80
v 92.09 -218.97 45.35
v 93.48 -219.65 45.35
v 92.45 -220.01 45.35
v 92.45 -220.01 48.55
v 93.48 -219.65 48.55
v 92.09 -218.97 48.55
v 92.45 -220.01 45.35
v 93.48 -219.65 45.35
v 93.48 -219.65 48.55
v 92.45 -220.01 48.55
v 93.48 -219.65 45.35
v 92.09 -218.97 45.35
v 92.09 -218.97 48.55
v 93.48 -219.65 48.55
v 92.09 -218.97 45.35
v 92.45 -220.01 45.35
v 92.45 -220.01 48.55
v 92.09 -218.97 48.55
v 124.66 -232.60 44.31
v 133.49 -227.85 44.31
v 130.00 -221.37 44.31
v 121.17 -226.12 44.31
v 124.80 -232.13 39.87
v 133.02 -227.71 39.87
v 133.49 -227.85 44.31
v 124.66 -232.60 44.31
v 133.02 -227.71 39.87
v 129.86 -221.84 39.87
v 130.00 -221.37 44.31
v 133.49 -227.85 44.31
v 129.86 -221.84 39.87
v 121.64 -226.26 39.87
v 121.17 -226.12 44.31
v 130.00 -221.37 44.31
v 123.99 -215.89 42.18
v 124.96 -215.37 42.18
v 124.96 -215.37 45.38
v 123.99 -215.89 45.38
v 124.96 -215.37 42.18
v 123.99 -215.89 42.18
v 123.99 -215.89 45.38
v 124.96 -215.37 45.38
v 113.43 -211.05 43.10
v 121.70 -206.60 43.10
v 118.57 -200.79 43.10
v 110.31 -205.24 43.10
v 109.83 -205.10 43.10
v 118.57 -200.79 43.10
v 121.70 -206.60 43.10
v 113.29 -211.52 43.10
v 113.29 -211.52 48.99
v 122.17 -206.74 48.99
v 118.72 -200.32 48.99
v 109.83 -205.10 48.99
v 113.29 -211.52 43.10
v 121.70 -206.60 43.10
v 122.17 -206.74 48.99
v 113.29 -211.52 48.99
v 121.70 -206.60 43.10
v 118.57 -200.79 43.10
v 118.72 -200.32 48.99
v 122.17 -206.74 48.99
v 118.57 -200.79 43.10
v 109.83 -205.10 43.10
v 109.83 -205.10 48.99
v 118.72 -200.32 48.99
v 109.83 -205.10 43.10
v 113.29 -211.52 43.10
v 113.29 -211.52 48.99
v 109.83 -205.10 48.99
v 122.51 -206.84 48.99
v 113.29 -211.52 48.99
v 117.85 -209.35 55.38
v 114.16 -202.49 55.38
v 117.85 -209.35 55.38
v 109.83 -205.10 48.99
v 118.82 -199.98 48.99
v 114.16 -202.49 55.38
v 67.62 -149.19 74.83
v 68.56 -151.87 75.79
v 66.11 -152.12 75.55
v 65.36 -149.98 74.83
v 65.36 -149.98 74.83
v 66.11 -152.12 75.55
v 68.56 -151.87 75.79
v 67.62 -149.19 74.83
v 67.62 -149.19 74.83
v 68.56 -151.87 75.79
v 66.11 -152.12 75.55
v 65.36 -149.98 74.83
v 65.36 -149.98 74.83
v 66.11 -152.12 75.55
v 68.56 -151.87 75.79
v 67.62 -149.19 74.83
v 67.81 -149.72 74.83
v 68.56 -151.87 75.79
v 66.86 -154.27 76.52
v 65.36 -149.98 74.83
v 65.36 -149.98 74.83
v 66.86 -154.27 76.52
v 68.56 -151.87 75.79
v 67.81 -149.72 74.83
v 73.27 -165.25 81.83
v 74.02 -167.39 82.79
v 72.32 -169.79 83.52
v 70.81 -165.51 81.59
v 70.68 -166.67 84.00
v 72.32 -169.79 83.76
v 74.58 -169.00 83.76
v 73.33 -165.44 83.76
v 70.81 -165.51 81.59
v 72.32 -169.79 83.52
v 72.32 -169.79 83.76
v 70.68 -166.67 84.00
v 72.32 -169.79 83.52
v 74.02 -167.39 82.79
v 74.58 -169.00 83.76
v 72.32 -169.79 83.76
v 74.02 -167.39 82.79
v 73.27 -165.25 81.83
v 73.33 -165.44 83.76
v 74.58 -169.00 83.76
v 73.27 -165.25 81.83
v 70.81 -165.51 81.59
v 70.68 -166.67 84.00
v 73.33 -165.44 83.76
v 137.42 -176.23 66.38
v 137.64 -180.41 66.86
v 135.25 -180.53 66.86
v 135.01 -176.03 66.14
v 135.01 -176.03 66.14
v 135.25 -180.53 66.86
v 137.64 -180.41 66.86
v 137.42 -176.23 66.38
v 137.42 -176.23 66.38
v 137.64 -180.41 66.86
v 135.25 -180.53 66.86
v 135.01 -176.03 66.14
v 135.01 -176.03 66.14
v 135.25 -180.53 66.86
v 137.64 -180.41 66.86
v 137.42 -176.23 66.38
v 137.42 -176.23 66.38
v 137.64 -180.41 66.86
v 135.25 -180.53 66.86
v 135.01 -176.03 66.14
v 135.01 -176.03 66.14
v 135.25 -180.53 66.86
v 137.64 -180.41 66.86
v 137.42 -176.23 66.38
v -21.91 -172.50 47.04
v -22.72 -182.47 47.04
v -22.72 -182.47 73.60
v -21.91 -172.50 73.60
v 28.24 -189.06 48.49
v 40.63 -186.79 48.49
v 42.43 -196.63 48.49
v 30.04 -198.90 48.49
v 30.04 -198.90 71.95
v 42.43 -196.63 71.95
v 40.63 -186.79 71.95
v 28.24 -189.06 71.95
v 30.04 -198.90 48.49
v 42.43 -196.63 48.49
v 42.43 -196.63 71.95
v 30.04 -198.90 71.95
v 42.43 -196.63 48.49
v 40.63 -186.79 48.49
v 40.63 -186.79 71.95
v 42.43 -196.63 71.95
v 40.63 -186.79 48.49
v 28.24 -189.06 48.49
v 28.24 -189.06 71.95
v 40.63 -186.79 71.95

usemtl mat_slate
v -84.55 -248.95 48.00
v -82.33 -244.74 46.40
v -88.77 -241.63 60.02
v -82.33 -244.74 46.40
v -80.32 -241.63 48.00
v -88.77 -241.63 60.02
v 104.15 -257.11 46.00
v 102.96 -252.66 46.00
v 99.70 -249.40 46.00
v 95.25 -248.21 46.00
v 90.80 -249.40 46.00
v 87.54 -252.66 46.00
v 86.35 -257.11 46.00
v 87.54 -261.56 46.00
v 90.80 -264.82 46.00
v 95.25 -266.01 46.00
v 99.70 -264.82 46.00
v 102.96 -261.56 46.00
v 102.69 -256.36 42.40
v 104.19 -256.36 42.40
v 104.19 -257.86 42.40
v 102.69 -257.86 42.40
v 102.69 -257.86 42.40
v 104.19 -257.86 42.40
v 104.19 -256.36 42.40
v 102.69 -256.36 42.40
v 102.28 -254.56 42.40
v 102.98 -252.56 42.40
v 103.63 -253.91 42.40
v 102.28 -254.56 42.40
v 103.63 -253.91 42.40
v 102.98 -252.56 42.40
v 100.47 -251.76 42.40
v 100.24 -249.66 42.40
v 101.41 -250.59 42.40
v 100.47 -251.76 42.40
v 101.41 -250.59 42.40
v 100.24 -249.66 42.40
v 96.17 -249.69 42.40
v 96.51 -248.23 42.40
v 97.97 -248.56 42.40
v 97.64 -250.03 42.40
v 97.64 -250.03 42.40
v 97.97 -248.56 42.40
v 96.51 -248.23 42.40
v 96.17 -249.69 42.40
v 90.03 -251.76 42.40
v 89.09 -250.59 42.40
v 90.26 -249.66 42.40
v 91.72 -252.38 42.00
v -53.09 -230.20 57.00
v -54.43 -232.65 57.00
v -54.43 -232.65 58.35
v -53.09 -230.20 58.35
v 10.36 -249.61 57.00
v 13.71 -250.19 57.00
v 13.23 -252.94 57.00
v 9.88 -252.37 57.00
v 9.88 -252.37 58.35
v 13.23 -252.94 58.35
v 13.71 -250.19 58.35
v 10.36 -249.61 58.35
v 9.88 -252.37 57.00
v 13.23 -252.94 57.00
v 13.23 -252.94 58.35
v 9.88 -252.37 58.35
v 13.23 -252.94 57.00
v 13.71 -250.19 57.00
v 13.71 -250.19 58.35
v 13.23 -252.94 58.35
v 13.71 -250.19 57.00
v 10.36 -249.61 57.00
v 10.36 -249.61 58.35
v 13.71 -250.19 58.35
v 10.36 -249.61 57.00
v 9.88 -252.37 57.00
v 9.88 -252.37 58.35
v 10.36 -249.61 58.35
v 78.67 -252.37 57.00
v 82.02 -251.79 57.00
v 82.49 -254.55 57.00
v 79.14 -255.13 57.00
v 79.14 -255.13 58.35
v 82.49 -254.55 58.35
v 82.02 -251.79 58.35
v 78.67 -252.37 58.35
v 79.14 -255.13 57.00
v 82.49 -254.55 57.00
v 82.49 -254.55 58.35
v 79.14 -255.13 58.35
v 82.49 -254.55 57.00
v 82.02 -251.79 57.00
v 82.02 -251.79 58.35
v 82.49 -254.55 58.35
v 82.02 -251.79 57.00
v 78.67 -252.37 57.00
v 78.67 -252.37 58.35
v 82.02 -251.79 58.35
v -44.95 -228.01 70.00
v -48.05 -224.92 70.00
v -52.27 -232.24 82.03
v -48.05 -224.92 70.00
v -52.27 -223.79 70.00
v -52.27 -232.24 82.03
v -52.27 -223.79 70.00
v -56.50 -224.92 70.00
v -52.27 -232.24 82.03
v -56.50 -224.92 70.00
v -59.59 -228.01 70.00
v -52.27 -232.24 82.03
v -59.59 -228.01 70.00
v -59.42 -232.24 68.40
v -52.27 -232.24 82.03
v -59.42 -232.24 68.40
v -59.59 -236.46 70.00
v -52.27 -232.24 82.03
v -59.59 -236.46 70.00
v -56.73 -237.83 68.40
v -52.27 -232.24 82.03
v -56.73 -237.83 68.40
v -52.27 -240.69 70.00
v -52.27 -232.24 82.03
v -52.27 -240.69 70.00
v -47.81 -237.83 68.40
v -52.27 -232.24 82.03
v -47.81 -237.83 68.40
v -44.95 -236.46 70.00
v -52.27 -232.24 82.03
v -44.95 -236.46 70.00
v -43.82 -232.24 70.00
v -52.27 -232.24 82.03
v 121.69 -242.53 38.00
v 120.50 -238.08 38.00
v 120.50 -238.08 68.00
v 121.69 -242.53 68.00
v -29.36 -158.07 73.71
v -28.31 -158.89 73.71
v -28.31 -158.89 75.83
v -29.36 -158.07 75.83
v -28.31 -158.89 73.71
v -29.36 -158.07 73.71
v -29.36 -158.07 75.83
v -28.31 -158.89 75.83
v -26.39 -157.69 73.71
v -25.64 -158.89 73.71
v -26.69 -158.07 73.71
v -26.69 -158.07 75.83
v -25.64 -158.89 75.83
v -26.39 -157.69 75.83
v -26.69 -158.07 73.71
v -25.64 -158.89 73.71
v -25.64 -158.89 75.83
v -26.69 -158.07 75.83
v -25.64 -158.89 73.71
v -26.39 -157.69 73.71
v -26.39 -157.69 75.83
v -25.64 -158.89 75.83
v -26.39 -157.69 73.71
v -26.69 -158.07 73.71
v -26.69 -158.07 75.83
v -26.39 -157.69 75.83
v -29.36 -158.07 77.94
v -26.60 -160.02 79.08
v -28.31 -158.89 80.05
v -29.36 -158.07 80.05
v -26.60 -160.02 79.08
v -29.36 -158.07 77.94
v -29.36 -158.07 80.05
v -28.31 -158.89 80.05
v -26.39 -157.69 77.94
v -25.64 -158.89 77.94
v -26.69 -158.07 77.94
v 20.23 -167.49 79.87
v 19.93 -158.09 85.75
v 24.67 -159.78 79.72
v 16.36 -164.98 73.02
v 17.64 -165.95 73.02
v 16.19 -165.44 73.02
v 16.19 -165.44 73.02
v 17.64 -165.95 73.02
v 16.36 -164.98 73.02
v 19.42 -164.98 73.02
v 20.70 -165.95 73.02
v 17.64 -165.95 73.02
v 17.64 -165.95 73.02
v 20.70 -165.95 73.02
v 19.42 -164.98 73.02
v 16.36 -164.98 75.87
v 17.64 -165.95 75.87
v 16.19 -165.44 75.87
v 16.19 -165.44 77.30
v 17.64 -165.95 77.30
v 16.36 -164.98 77.30
v 16.19 -165.44 75.87
v 17.64 -165.95 75.87
v 17.64 -165.95 77.30
v 16.19 -165.44 77.30
v 17.64 -165.95 75.87
v 16.36 -164.98 75.87
v 16.36 -164.98 77.30
v 17.64 -165.95 77.30
v 16.36 -164.98 75.87
v 16.19 -165.44 75.87
v 16.19 -165.44 77.30
v 16.36 -164.98 77.30
v 19.42 -164.98 75.87
v 20.70 -165.95 75.87
v 17.64 -165.95 75.87
v 17.64 -165.95 77.30
v 20.70 -165.95 77.30
v 19.42 -164.98 77.30
v 82.03 -180.10 77.49
v 90.59 -178.61 77.49
v 89.51 -172.40 77.49
v 80.95 -173.89 77.49
v 82.03 -180.10 68.80
v 90.59 -178.61 68.80
v 90.59 -178.61 77.49
v 82.03 -180.10 77.49
v 90.59 -178.61 68.80
v 89.51 -172.40 68.80
v 89.51 -172.40 77.49
v 90.59 -178.61 77.49
v 89.51 -172.40 68.80
v 80.95 -173.89 68.80
v 80.95 -173.89 77.49
v 89.51 -172.40 77.49
v 80.95 -173.89 68.80
v 82.03 -180.10 68.80
v 82.03 -180.10 77.49
v 80.95 -173.89 77.49
v 90.59 -178.61 77.49
v 81.54 -180.79 77.49
v 86.41 -179.94 83.40
v 85.12 -172.56 83.40
v 86.41 -179.94 83.40
v 80.25 -173.41 77.49
v 89.51 -172.40 77.49
v 85.12 -172.56 83.40
v 81.54 -180.79 77.49
v 80.25 -173.41 77.49
v 86.41 -179.94 83.40
v 90.59 -178.61 77.49
v 85.12 -172.56 83.40
v 89.51 -172.40 77.49
v 83.58 -179.65 72.58
v 85.05 -179.39 72.58
v 85.05 -179.39 73.56
v 83.58 -179.65 73.56
v 85.05 -179.39 72.58
v 83.58 -179.65 72.58
v 83.58 -179.65 73.56
v 85.05 -179.39 73.56
v 86.57 -179.65 72.58
v 88.05 -179.39 72.58
v 88.05 -179.39 73.56
v 86.57 -179.65 73.56
v 131.84 -159.00 68.80
v 128.52 -152.99 68.80
v 128.52 -152.99 80.69
v 131.84 -159.00 80.69
v 128.52 -152.99 68.80
v 122.54 -156.31 68.80
v 122.54 -156.31 80.69
v 128.52 -152.99 80.69
v 122.54 -156.31 68.80
v 125.86 -162.31 68.80
v 125.86 -162.31 80.69
v 122.54 -156.31 80.69
v 125.63 -163.12 80.69
v 133.31 -159.13 80.69
v 130.71 -155.70 85.35
v 123.68 -159.60 85.35
v -42.93 -173.95 68.55
v -38.39 -168.75 70.00
v -40.43 -176.65 73.49
v -37.19 -178.41 68.55
v -35.57 -170.40 73.49
v -32.23 -173.00 68.55
v -39.84 -176.58 63.57
v -38.89 -177.32 63.57
v -38.89 -177.32 65.56
v -39.84 -176.58 65.56
v -38.89 -177.32 63.57
v -39.84 -176.58 63.57
v -39.84 -176.58 65.56
v -38.89 -177.32 65.56
v -18.29 -196.43 70.75
v -17.96 -187.55 75.72
v -14.57 -189.70 70.75
v -16.82 -177.36 54.80
v -9.95 -181.15 54.80
v -13.43 -187.45 54.80
v -20.30 -183.66 54.80
v -20.30 -183.66 68.75
v -13.43 -187.45 68.75
v -9.95 -181.15 68.75
v -16.82 -177.36 68.75
v -20.30 -183.66 54.80
v -13.43 -187.45 54.80
v -13.43 -187.45 68.75
v -20.30 -183.66 68.75
v 30.31 -209.24 74.88
v 27.57 -201.76 69.46
v 35.42 -203.13 69.46
v 31.60 -201.86 74.88
v 25.80 -208.45 69.46
v 27.57 -201.76 69.46
v 30.31 -209.24 74.88
v 34.34 -209.33 69.46
v 31.60 -201.86 74.88
v 35.42 -203.13 69.46
v 31.60 -208.69 59.77
v 33.02 -208.44 59.77
v 33.02 -208.44 61.95
v 31.60 -208.69 61.95
v 58.00 -222.83 71.41
v 53.41 -215.41 65.17
v 62.59 -215.41 65.17
v 58.00 -214.81 71.41
v 53.41 -222.23 65.17
v 53.41 -215.41 65.17
v 58.00 -222.83 71.41
v 62.59 -222.23 65.17
v 58.00 -214.81 71.41
v 62.59 -215.41 65.17
v 55.61 -221.86 58.91
v 57.20 -221.86 58.91
v 57.20 -222.35 58.91
v 55.61 -222.35 58.91
v 113.25 -211.06 63.05
v 112.02 -210.99 63.05
v 112.02 -210.99 64.87
v 113.25 -211.06 64.87
v 112.02 -210.99 63.05
v 112.18 -211.45 63.05
v 111.89 -212.07 64.06
v 112.02 -210.99 64.87
v 113.25 -211.06 63.05
v 115.53 -211.06 63.05
v 114.46 -211.45 63.05
v 114.46 -211.45 64.87
v 115.53 -211.06 64.87
v 113.25 -211.06 64.87
v -140.12 -147.55 40.80
v -136.25 -154.75 40.80
v -136.25 -154.75 54.74
v -140.12 -147.55 54.74
v -136.25 -154.75 40.80
v -130.35 -151.57 40.80
v -130.35 -151.57 54.74
v -136.25 -154.75 54.74
v -100.58 -197.69 45.30
v -100.93 -198.03 45.30
v -100.93 -198.03 47.00
v -100.58 -197.69 47.00
v -103.56 -197.69 48.70
v -102.88 -199.09 48.70
v -103.91 -198.03 48.70
v -103.91 -198.03 48.70
v -102.88 -199.09 48.70
v -103.56 -197.69 48.70
v -93.56 -181.42 40.80
v -88.08 -187.09 40.80
v -92.70 -191.56 40.80
v -98.18 -185.89 40.80
v -98.18 -185.89 50.15
v -92.70 -191.56 50.15
v -88.08 -187.09 50.15
v -93.56 -181.42 50.15
v -98.18 -185.89 40.80
v -92.70 -191.56 40.80
v -92.70 -191.56 50.15
v -98.18 -185.89 50.15
v -92.70 -191.56 40.80
v -88.08 -187.09 40.80
v -88.08 -187.09 50.15
v -92.70 -191.56 50.15
v -88.08 -187.09 40.80
v -93.56 -181.42 40.80
v -93.56 -181.42 50.15
v -88.08 -187.09 50.15
v -93.56 -181.42 40.80
v -98.18 -185.89 40.80
v -98.18 -185.89 50.15
v -93.56 -181.42 50.15
v -93.56 -181.42 50.15
v -87.59 -187.10 50.15
v -92.70 -191.56 50.15
v -98.18 -185.89 50.15
v -95.11 -189.27 45.45
v -94.18 -190.23 45.45
v -94.18 -190.23 47.29
v -95.11 -189.27 47.29
v -94.18 -190.23 45.45
v -94.75 -188.93 45.45
v -94.75 -188.93 47.29
v -94.18 -190.23 47.29
v -94.75 -188.93 45.45
v -95.11 -189.27 45.45
v -95.11 -189.27 47.29
v -94.75 -188.93 47.29
v -92.08 -188.93 45.45
v -91.51 -190.23 45.45
v -94.18 -190.23 45.45
v -94.18 -190.23 47.29
v -91.51 -190.23 47.29
v -92.08 -188.93 47.29
v -94.18 -190.23 45.45
v -91.51 -190.23 45.45
v -91.51 -190.23 47.29
v -94.18 -190.23 47.29
v -91.51 -190.23 45.45
v -92.08 -188.93 45.45
v -92.08 -188.93 47.29
v -91.51 -190.23 47.29
v -92.08 -188.93 45.45
v -94.18 -190.23 45.45
v -94.18 -190.23 47.29
v -92.08 -188.93 47.29
v -94.75 -188.93 49.13
v -94.18 -190.23 49.13
v -95.11 -189.27 49.13
v -95.11 -189.27 50.98
v -94.18 -190.23 50.98
v -94.75 -188.93 50.98
v -91.51 -190.23 49.13
v -92.08 -188.93 49.13
v -92.08 -188.93 50.98
v -91.51 -190.23 50.98
v -92.08 -188.93 49.13
v -94.18 -190.23 49.13
v -94.18 -190.23 50.98
v -92.08 -188.93 50.98
v -84.64 -172.57 40.80
v -78.93 -178.48 40.80
v -84.42 -183.79 40.80
v -90.13 -177.88 40.80
v -90.13 -177.88 48.67
v -84.42 -183.79 48.67
v -78.93 -178.48 48.67
v -84.64 -172.57 48.67
v -63.28 -201.38 40.80
v -69.99 -196.23 40.80
v -69.99 -196.23 49.56
v -63.28 -201.38 49.56
v -69.99 -196.23 40.80
v -74.07 -201.56 40.80
v -74.07 -201.56 49.56
v -69.99 -196.23 49.56
v -70.05 -195.74 49.56
v -63.28 -201.38 49.56
v -67.31 -207.19 49.56
v -74.07 -201.56 49.56
v -74.56 -201.62 52.96
v -67.31 -207.19 52.96
v -62.80 -201.31 52.96
v -70.05 -195.74 52.96
v -59.86 -196.60 46.48
v -60.93 -195.78 46.48
v -60.93 -195.78 49.36
v -59.86 -196.60 49.36
v -63.62 -195.78 52.24
v -62.55 -196.60 52.24
v -62.55 -196.60 55.12
v -63.62 -195.78 55.12
v -62.55 -196.60 52.24
v -63.62 -195.78 52.24
v -63.62 -195.78 55.12
v -62.55 -196.60 55.12
v -60.93 -195.78 52.24
v -59.86 -196.60 52.24
v -59.86 -196.60 55.12
v -60.93 -195.78 55.12
v -39.13 -218.11 51.14
v -35.88 -211.42 51.14
v -35.41 -211.28 55.25
v -39.13 -218.11 55.25
v -35.88 -211.42 51.14
v -43.79 -206.71 51.14
v -43.79 -206.71 55.25
v -35.41 -211.28 55.25
v -43.79 -206.71 51.14
v -47.04 -213.40 51.14
v -47.51 -213.54 55.25
v -43.79 -206.71 55.25
v -39.13 -218.11 55.25
v -47.51 -213.54 55.25
v -43.44 -216.05 61.27
v -39.48 -208.78 61.27
v -8.26 -214.81 52.72
v -10.40 -214.81 52.72
v -10.40 -214.81 55.77
v -8.26 -214.81 55.77
v 10.42 -235.76 40.80
v 18.26 -237.11 40.80
v 16.93 -244.88 40.80
v 9.09 -243.53 40.80
v 9.09 -243.53 53.28
v 16.93 -244.88 53.28
v 18.26 -237.11 53.28
v 10.42 -235.76 53.28
v 9.09 -243.53 40.80
v 16.93 -244.88 40.80
v 16.93 -244.88 53.28
v 9.09 -243.53 53.28
v 17.12 -228.64 60.37
v 18.21 -228.82 60.37
v 18.39 -227.74 60.37
v 17.12 -228.64 57.17
v 18.21 -228.82 57.17
v 18.21 -228.82 60.37
v 17.12 -228.64 60.37
v 18.21 -228.82 57.17
v 18.39 -227.74 57.17
v 18.39 -227.74 60.37
v 18.21 -228.82 60.37
v 18.39 -227.74 57.17
v 17.12 -228.64 57.17
v 17.12 -228.64 60.37
v 18.39 -227.74 60.37
v 73.81 -236.04 56.32
v 81.45 -234.98 56.32
v 80.70 -230.62 61.52
v 72.86 -231.97 61.52
v 72.40 -227.82 56.32
v 72.86 -231.97 61.52
v 80.70 -230.62 61.52
v 79.75 -226.56 56.32
v 73.81 -236.04 56.32
v 72.86 -231.97 61.52
v 72.40 -227.82 56.32
v 81.45 -234.98 56.32
v 79.75 -226.56 56.32
v 80.70 -230.62 61.52
v 103.37 -209.44 53.42
v 103.73 -210.47 53.42
v 103.73 -210.47 56.62
v 103.37 -209.44 56.62
v 130.54 -215.16 40.80
v 137.35 -211.45 40.80
v 141.27 -218.63 40.80
v 134.46 -222.34 40.80
v 134.46 -222.34 51.01
v 141.27 -218.63 51.01
v 137.35 -211.45 51.01
v 130.54 -215.16 51.01
v 134.46 -222.34 40.80
v 141.27 -218.63 40.80
v 141.27 -218.63 51.01
v 134.46 -222.34 51.01
v 129.09 -212.53 57.84
v 125.07 -205.69 57.84
v 132.63 -210.89 62.67
v 135.93 -208.80 57.84
v 128.71 -203.71 62.67
v 132.26 -202.06 57.84
v 129.09 -211.16 46.25
v 130.13 -210.59 46.25
v 130.13 -210.59 48.90
v 129.09 -211.16 48.90
v 130.13 -210.59 46.25
v 129.09 -211.16 46.25
v 129.09 -211.16 48.90
v 130.13 -210.59 48.90
v 167.72 -173.10 44.97
v 170.44 -173.10 44.97
v 169.49 -174.08 44.97
v 169.49 -174.08 46.34
v 170.44 -173.10 46.34
v 167.72 -173.10 46.34
v 169.49 -174.08 44.97
v 170.44 -173.10 44.97
v 170.44 -173.10 46.34
v 169.49 -174.08 46.34
v 170.44 -173.10 44.97
v 167.72 -173.10 44.97
v 167.72 -173.10 46.34
v 170.44 -173.10 46.34
v -50.52 -237.63 58.00
v -47.68 -235.57 58.00
v -52.27 -232.24 64.00
v -47.68 -235.57 58.00
v -48.07 -232.24 58.00
v -52.27 -232.24 64.00
v 145.34 -226.49 34.00
v 144.53 -224.02 34.00
v 144.53 -224.02 58.00
v 145.34 -226.49 58.00
v 144.53 -224.02 34.00
v 142.44 -222.50 34.00
v 142.44 -222.50 58.00
v 144.53 -224.02 58.00
v -182.86 32.25 38.45
v -174.18 29.53 38.45
v -178.35 30.50 44.21
v -178.05 30.74 32.77
v -178.45 29.69 32.77
v -178.45 29.69 33.94
v -178.05 30.74 33.94
v -178.45 29.69 32.77
v -178.05 30.74 32.77
v -178.05 30.74 33.94
v -178.45 29.69 33.94
v -175.80 30.74 32.77
v -178.05 30.74 32.77
v -178.05 30.74 33.94
v -175.80 30.74 33.94
v -201.70 14.09 38.03
v -201.97 13.02 38.03
v -201.97 13.02 41.23
v -201.70 14.09 41.23
v -201.97 13.02 38.03
v -201.70 14.09 38.03
v -201.70 14.09 41.23
v -201.97 13.02 41.23
v -185.37 12.36 28.80
v -187.56 3.59 28.80
v -194.80 5.40 28.80
v -192.61 14.16 28.80
v -192.61 14.16 42.58
v -194.80 5.40 42.58
v -187.56 3.59 42.58
v -185.37 12.36 42.58
v -212.31 -41.69 40.53
v -212.31 -50.31 40.53
v -204.81 -50.31 40.53
v -204.81 -41.69 40.53
v -212.31 -41.69 28.80
v -212.31 -50.31 28.80
v -212.31 -50.31 40.53
v -212.31 -41.69 40.53
v -212.31 -50.31 28.80
v -204.81 -50.31 28.80
v -204.81 -50.31 40.53
v -212.31 -50.31 40.53
v -204.81 -50.31 28.80
v -204.81 -41.69 28.80
v -204.81 -41.69 40.53
v -204.81 -50.31 40.53
v -200.05 -78.06 41.45
v -200.73 -76.53 41.45
v -200.73 -76.53 44.73
v -200.05 -78.06 44.73
v -197.52 -76.53 41.45
v -197.33 -78.12 41.45
v -197.33 -78.12 44.73
v -197.52 -76.53 44.73
v -197.33 -78.12 41.45
v -197.52 -76.53 41.45
v -197.52 -76.53 44.73
v -197.33 -78.12 44.73
v -195.73 -72.07 49.02
v -195.59 -73.17 49.02
v -196.69 -73.30 49.02
v -196.82 -72.21 49.02
v -187.14 -75.69 41.21
v -186.97 -77.02 41.21
v -186.97 -77.02 44.42
v -187.14 -75.69 44.42
v -186.97 -77.02 41.21
v -186.49 -76.96 41.21
v -186.49 -76.96 44.42
v -186.97 -77.02 44.42
v -186.49 -76.96 41.21
v -187.14 -75.69 41.21
v -187.14 -75.69 44.42
v -186.49 -76.96 44.42
v -184.45 -75.69 41.21
v -184.29 -77.02 41.21
v -184.29 -77.02 44.42
v -184.45 -75.69 44.42
v 61.06 -251.38 41.72
v 61.17 -255.63 47.46
v 69.57 -254.21 47.46
v 68.28 -250.15 41.72
v 62.47 -259.69 41.72
v 61.17 -255.63 47.46
v 61.06 -251.38 41.72
v 69.68 -258.47 41.72
v 68.28 -250.15 41.72
v 69.57 -254.21 47.46
v 121.64 -226.26 39.87
v 124.80 -232.13 39.87
v 124.66 -232.60 44.31
v 121.17 -226.12 44.31
v 133.49 -227.85 44.31
v 124.66 -232.60 44.31
v 129.19 -230.45 50.66
v 125.47 -223.53 50.66
v 129.19 -230.45 50.66
v 120.83 -226.02 44.31
v 130.00 -221.37 44.31
v 125.47 -223.53 50.66
v 124.66 -232.60 44.31
v 120.83 -226.02 44.31
v 129.19 -230.45 50.66
v 133.49 -227.85 44.31
v 125.47 -223.53 50.66
v 130.00 -221.37 44.31
v 119.47 -221.96 42.18
v 127.47 -217.65 42.18
v 123.87 -210.95 42.18
v 115.86 -215.25 42.18
v 128.29 -217.90 42.18
v 119.22 -222.77 42.18
v 123.75 -220.33 48.36
v 119.58 -212.57 48.36
v 123.75 -220.33 48.36
v 115.86 -215.25 42.18
v 123.87 -210.95 42.18
v 119.58 -212.57 48.36
v 119.22 -222.77 42.18
v 115.86 -215.25 42.18
v 123.75 -220.33 48.36
v 128.29 -217.90 42.18
v 119.58 -212.57 48.36
v 123.87 -210.95 42.18
v 113.29 -211.52 48.99
v 109.83 -205.10 48.99
v 117.85 -209.35 55.38
v 122.51 -206.84 48.99
v 114.16 -202.49 55.38
v 118.82 -199.98 48.99
v 113.76 -209.70 41.44
v 115.20 -208.92 41.44
v 115.20 -208.92 44.71
v 113.76 -209.70 44.71
v 115.20 -208.92 41.44
v 113.76 -209.70 41.44
v 113.76 -209.70 44.71
v 115.20 -208.92 44.71
v 117.03 -209.70 41.44
v 118.48 -208.92 41.44
v 118.48 -208.92 44.71
v 117.03 -209.70 44.71
v 118.48 -208.92 41.44
v 117.03 -209.70 41.44
v 117.03 -209.70 44.71
v 118.48 -208.92 44.71
v 153.60 -215.12 42.93
v 159.17 -210.90 42.93
v 154.07 -204.15 42.93
v 148.50 -208.37 42.93
v 148.50 -208.37 42.93
v 154.07 -204.15 42.93
v 159.17 -210.90 42.93
v 153.53 -215.60 42.93
v 153.53 -215.60 48.74
v 159.66 -210.97 48.74
v 154.14 -203.66 48.74
v 148.01 -208.30 48.74
v 153.53 -215.60 42.93
v 159.17 -210.90 42.93
v 159.66 -210.97 48.74
v 153.53 -215.60 48.74
v 153.53 -215.60 48.74
v 150.57 -212.10 54.49
v 148.01 -208.30 48.74
v 159.66 -210.97 48.74
v 154.14 -203.66 48.74
v 157.10 -207.16 54.49
v 149.65 -198.98 42.02
v 148.77 -199.64 42.02
v 148.77 -199.64 45.22
v 149.65 -198.98 45.22
v 165.10 -175.38 41.85
v 164.32 -174.61 41.85
v 164.32 -174.61 45.05
v 166.77 -174.08 44.97
v 164.32 -174.61 41.85
v 165.10 -175.38 41.85
v 166.77 -174.08 44.97
v 164.32 -174.61 45.05
v -202.63 -105.63 46.00
v -200.99 -108.55 46.00
v -199.24 -103.16 52.00
v -200.99 -108.55 46.00
v -197.48 -108.55 46.00
v -199.24 -103.16 52.00
v -197.48 -108.55 46.00
v -194.65 -106.49 46.00
v -199.24 -103.16 52.00
v -194.65 -106.49 46.00
v -193.56 -103.16 46.00
v -199.24 -103.16 52.00
v 136.70 -162.86 56.48
v 136.86 -165.73 56.00
v 134.46 -165.86 56.00
v 134.31 -162.99 56.48
v 134.31 -162.99 56.48
v 134.46 -165.86 56.00
v 136.86 -165.73 56.00
v 136.70 -162.86 56.48
v 136.70 -162.86 56.48
v 136.86 -165.73 56.00
v 134.46 -165.86 56.00
v 134.31 -162.99 56.48
v 134.31 -162.99 56.48
v 134.46 -165.86 56.00
v 136.86 -165.73 56.00
v 136.70 -162.86 56.48
v 137.54 -178.51 68.31
v 137.77 -182.69 68.55
v 135.37 -182.82 68.55
v 135.15 -178.64 68.31
v 135.15 -178.64 68.31
v 135.37 -182.82 68.55
v 137.77 -182.69 68.55
v 137.54 -178.51 68.31
v 137.54 -178.51 68.31
v 137.77 -182.69 68.55
v 135.37 -182.82 68.55
v 135.15 -178.64 68.31
v 135.15 -178.64 68.31
v 135.37 -182.82 68.55
v 137.77 -182.69 68.55
v 137.54 -178.51 68.31

usemtl mat_gilded
v 91.72 -252.38 42.00
v 90.26 -249.66 42.40
v 89.09 -250.59 42.40
v 90.03 -251.76 42.40
v 88.88 -253.21 42.40
v 86.87 -253.91 42.40
v 87.52 -252.56 42.40
v 88.88 -253.21 42.40
v 87.52 -252.56 42.40
v 86.87 -253.91 42.40
v 91.20 -263.39 42.40
v 90.26 -264.57 42.40
v 90.03 -262.46 42.40
v 90.03 -262.46 42.40
v 90.26 -264.57 42.40
v 91.20 -263.39 42.40
v 99.30 -263.39 42.40
v 101.41 -263.63 42.40
v 100.24 -264.57 42.40
v 99.30 -263.39 42.40
v 100.24 -264.57 42.40
v 101.41 -263.63 42.40
v 78.67 -252.37 57.00
v 79.14 -255.13 57.00
v 79.14 -255.13 58.35
v 78.67 -252.37 58.35
v 138.97 -226.07 57.00
v 141.14 -226.49 57.00
v 143.30 -226.91 57.00
v 140.31 -228.53 57.00
v 140.31 -228.53 58.35
v 143.30 -226.91 58.35
v 141.96 -224.45 58.35
v 138.97 -226.07 58.35
v 140.31 -228.53 57.00
v 143.30 -226.91 57.00
v 143.30 -226.91 58.35
v 140.31 -228.53 58.35
v 143.30 -226.91 57.00
v 141.14 -226.49 57.00
v 141.96 -224.45 58.35
v 143.30 -226.91 58.35
v 141.14 -226.49 57.00
v 138.97 -226.07 57.00
v 138.97 -226.07 58.35
v 141.96 -224.45 58.35
v 138.97 -226.07 57.00
v 140.31 -228.53 57.00
v 140.31 -228.53 58.35
v 138.97 -226.07 58.35
v 120.50 -238.08 38.00
v 117.24 -234.82 38.00
v 117.24 -234.82 68.00
v 120.50 -238.08 68.00
v 117.24 -234.82 38.00
v 112.79 -233.63 38.00
v 112.79 -233.63 68.00
v 117.24 -234.82 68.00
v 112.79 -233.63 38.00
v 108.34 -234.82 38.00
v 108.34 -234.82 68.00
v 112.79 -233.63 68.00
v 108.34 -234.82 38.00
v 105.08 -238.08 38.00
v 105.08 -238.08 68.00
v 108.34 -234.82 68.00
v 105.08 -238.08 38.00
v 103.89 -242.53 38.00
v 103.89 -242.53 68.00
v 105.08 -238.08 68.00
v 103.89 -242.53 38.00
v 105.08 -246.98 38.00
v 105.08 -246.98 68.00
v 103.89 -242.53 68.00
v 105.08 -246.98 38.00
v 108.34 -250.24 38.00
v 108.34 -250.24 68.00
v 105.08 -246.98 68.00
v -26.69 -158.07 80.05
v -25.64 -158.89 80.05
v -26.39 -157.69 80.05
v -26.69 -158.07 77.94
v -25.64 -158.89 77.94
v -25.64 -158.89 80.05
v -26.69 -158.07 80.05
v -25.64 -158.89 77.94
v -26.39 -157.69 77.94
v -26.39 -157.69 80.05
v -25.64 -158.89 80.05
v -26.39 -157.69 77.94
v -26.69 -158.07 77.94
v -26.69 -158.07 80.05
v -26.39 -157.69 80.05
v -25.84 -153.37 83.17
v -24.97 -154.04 83.17
v -24.97 -154.04 86.37
v -25.84 -153.37 86.37
v -24.97 -154.04 83.17
v -25.84 -153.37 83.17
v -25.84 -153.37 86.37
v -24.97 -154.04 86.37
v 17.64 -165.95 75.87
v 20.70 -165.95 75.87
v 20.70 -165.95 77.30
v 17.64 -165.95 77.30
v 20.70 -165.95 75.87
v 19.42 -164.98 75.87
v 19.42 -164.98 77.30
v 20.70 -165.95 77.30
v 19.42 -164.98 75.87
v 17.64 -165.95 75.87
v 17.64 -165.95 77.30
v 19.42 -164.98 77.30
v 33.51 -180.47 68.80
v 41.25 -181.82 68.80
v 40.10 -188.41 68.80
v 32.36 -187.06 68.80
v 32.36 -187.06 81.48
v 40.10 -188.41 81.48
v 41.25 -181.82 81.48
v 33.51 -180.47 81.48
v 32.36 -187.06 68.80
v 40.10 -188.41 68.80
v 40.10 -188.41 81.48
v 32.36 -187.06 81.48
v 40.10 -188.41 68.80
v 41.25 -181.82 68.80
v 41.25 -181.82 81.48
v 40.10 -188.41 81.48
v 88.05 -179.39 72.58
v 86.57 -179.65 72.58
v 86.57 -179.65 73.56
v 88.05 -179.39 73.56
v 83.58 -179.65 73.56
v 85.05 -179.39 73.56
v 85.05 -179.39 75.51
v 83.58 -179.65 75.51
v 85.05 -179.39 73.56
v 83.58 -179.65 73.56
v 83.58 -179.65 75.51
v 85.05 -179.39 75.51
v 86.57 -179.65 73.56
v 88.05 -179.39 73.56
v 90.08 -180.09 76.58
v 86.57 -179.65 75.51
v 88.05 -179.39 73.56
v 86.57 -179.65 73.56
v 86.57 -179.65 75.51
v 90.08 -180.09 76.58
v 87.78 -175.71 77.49
v 88.87 -175.52 77.49
v 88.87 -175.52 80.69
v 87.78 -175.71 80.69

usemtl mat_plaster
v 107.01 -171.52 74.22
v 105.42 -171.56 74.22
v 105.42 -171.56 76.83
v 107.01 -171.52 76.83
v 105.42 -171.56 74.22
v 105.58 -172.03 74.22
v 105.58 -172.03 76.83
v 105.42 -171.56 76.83
v 102.48 -166.71 80.82
v 110.75 -163.77 80.82
v 107.26 -155.12 80.65
v 99.73 -157.81 80.65
v 102.76 -165.28 77.35
v 110.08 -163.04 77.35
v 110.75 -163.77 80.82
v 102.48 -166.71 80.82
v 110.08 -163.04 77.35
v 107.05 -155.57 77.35
v 107.26 -155.12 80.65
v 110.75 -163.77 80.82
v 107.05 -155.57 77.35
v 100.17 -158.02 77.35
v 99.73 -157.81 80.65
v 107.26 -155.12 80.65
v 100.17 -158.02 77.35
v 102.76 -165.28 77.35
v 102.48 -166.71 80.82
v 99.73 -157.81 80.65
v 102.48 -166.71 80.82
v 110.75 -163.77 80.82
v 108.90 -159.00 85.89
v 100.90 -161.85 85.89
v 130.51 -168.36 73.22
v 129.22 -169.07 73.22
v 129.22 -169.07 74.84
v 130.51 -168.36 74.84
v 132.17 -169.07 73.22
v 130.51 -168.36 73.22
v 130.51 -168.36 74.84
v 132.17 -169.07 74.84
v 130.51 -168.36 73.22
v 132.17 -169.07 73.22
v 132.17 -169.07 74.84
v 130.51 -168.36 74.84
v 129.22 -169.07 74.84
v 130.51 -168.36 74.84
v 130.51 -168.36 78.07
v 129.22 -169.07 78.07
v 130.51 -168.36 74.84
v 129.22 -169.07 74.84
v 129.22 -169.07 78.07
v 130.51 -168.36 78.07
v 132.17 -169.07 74.84
v 130.51 -168.36 74.84
v 130.51 -168.36 78.07
v 132.17 -169.07 78.07
v 144.98 -153.71 68.80
v 148.94 -158.79 68.80
v 148.94 -158.79 80.23
v 144.98 -153.71 80.23
v 156.85 -153.37 80.23
v 148.94 -158.79 80.23
v 152.84 -156.50 86.33
v 148.15 -150.48 86.33
v -17.93 -180.59 62.00
v -15.83 -182.12 62.00
v -15.83 -182.12 86.00
v -17.93 -180.59 86.00
v -15.83 -182.12 62.00
v -13.24 -182.12 62.00
v -13.24 -182.12 86.00
v -15.83 -182.12 86.00
v -13.24 -182.12 62.00
v -11.14 -180.59 62.00
v -11.14 -180.59 86.00
v -13.24 -182.12 86.00
v -11.14 -180.59 62.00
v -10.34 -178.12 62.00
v -10.34 -178.12 86.00
v -11.14 -180.59 86.00
v -10.34 -178.12 86.00
v -11.14 -175.66 86.00
v -13.24 -174.13 86.00
v -15.83 -174.13 86.00
v -17.93 -175.66 86.00
v -18.74 -178.12 86.00
v -17.93 -180.59 86.00
v -15.83 -182.12 86.00
v -13.24 -182.12 86.00
v -11.14 -180.59 86.00
v -10.34 -178.12 86.00
v -9.95 -174.79 86.00
v -14.54 -178.12 92.00
v -97.53 -156.28 66.52
v -92.64 -163.10 66.52
v -86.35 -158.59 66.52
v -91.24 -151.77 66.52
v -97.53 -156.28 54.80
v -92.64 -163.10 54.80
v -92.64 -163.10 66.52
v -97.53 -156.28 66.52
v -92.64 -163.10 54.80
v -86.35 -158.59 54.80
v -86.35 -158.59 66.52
v -92.64 -163.10 66.52
v -86.35 -158.59 54.80
v -91.24 -151.77 54.80
v -91.24 -151.77 66.52
v -86.35 -158.59 66.52
v -91.24 -151.77 54.80
v -97.53 -156.28 54.80
v -97.53 -156.28 66.52
v -91.24 -151.77 66.52
v -92.64 -163.10 66.52
v -98.37 -156.15 66.52
v -95.58 -160.04 72.23
v -88.31 -154.83 72.23
v -73.57 -170.19 54.80
v -79.70 -176.04 54.80
v -79.70 -176.04 65.54
v -73.57 -170.19 65.54
v -79.70 -176.04 65.54
v -74.34 -181.66 65.54
v -70.86 -179.17 71.31
v -77.05 -172.69 71.31
v -73.55 -169.34 65.54
v -77.05 -172.69 71.31
v -70.86 -179.17 71.31
v -67.36 -175.83 65.54
v -79.70 -176.04 65.54
v -77.05 -172.69 71.31
v -73.55 -169.34 65.54
v -74.34 -181.66 65.54
v -67.36 -175.83 65.54
v -70.86 -179.17 71.31
v -75.90 -179.74 58.99
v -74.64 -180.35 58.99
v -74.99 -180.69 58.99
v -65.45 -174.68 75.08
v -63.49 -165.94 81.36
v -60.24 -169.70 75.08
v -68.61 -171.32 60.90
v -67.51 -172.48 60.90
v -67.51 -172.48 64.19
v -68.61 -171.32 64.19
v -67.51 -172.48 60.90
v -68.61 -171.32 60.90
v -68.61 -171.32 64.19
v -67.51 -172.48 64.19
v -65.40 -171.32 60.90
v -64.29 -172.48 60.90
v -64.29 -172.48 64.19
v -65.40 -171.32 64.19
v -64.29 -172.48 60.90
v -65.40 -171.32 60.90
v -65.40 -171.32 64.19
v -64.29 -172.48 64.19
v -68.61 -171.32 67.49
v -67.51 -172.48 67.49
v -67.51 -172.48 70.78
v -68.61 -171.32 70.78
v -55.73 -190.10 71.32
v -49.69 -194.79 71.32
v -45.57 -189.50 71.32
v -51.61 -184.81 71.32
v -55.23 -190.04 66.57
v -49.75 -194.30 66.57
v -49.69 -194.79 71.32
v -55.73 -190.10 71.32
v -49.75 -194.30 66.57
v -46.06 -189.56 66.57
v -45.57 -189.50 71.32
v -49.69 -194.79 71.32
v -46.06 -189.56 66.57
v -51.55 -185.30 66.57
v -51.61 -184.81 71.32
v -45.57 -189.50 71.32
v -51.55 -185.30 66.57
v -55.23 -190.04 66.57
v -55.73 -190.10 71.32
v -51.61 -184.81 71.32
v -49.69 -194.79 71.32
v -55.73 -190.10 71.32
v -52.86 -192.64 76.05
v -48.44 -186.96 76.05
v -42.93 -173.95 54.80
v -37.19 -178.41 54.80
v -37.19 -178.41 68.55
v -42.93 -173.95 68.55
v -37.19 -178.41 54.80
v -33.08 -173.11 54.80
v -33.08 -173.11 68.55
v -37.19 -178.41 68.55
v -33.08 -173.11 54.80
v -38.81 -168.65 54.80
v -38.39 -168.75 70.00
v -33.08 -173.11 68.55
v -38.81 -168.65 54.80
v -42.93 -173.95 54.80
v -42.93 -173.95 68.55
v -38.39 -168.75 70.00
v -37.19 -178.41 68.55
v -42.93 -173.95 68.55
v -40.43 -176.65 73.49
v -35.57 -170.40 73.49
v -40.43 -176.65 73.49
v -38.39 -168.75 70.00
v -32.23 -173.00 68.55
v -35.57 -170.40 73.49
v -18.43 -195.95 54.80
v -15.05 -189.84 54.80
v -15.05 -189.84 66.17
v -18.43 -195.95 66.17
v -15.05 -189.84 54.80
v -21.45 -186.30 54.80
v -21.45 -186.30 66.17
v -15.05 -189.84 66.17
v -21.45 -186.30 54.80
v -24.83 -192.42 54.80
v -24.83 -192.42 66.17
v -21.45 -186.30 66.17
v -21.45 -186.30 66.17
v -15.05 -189.84 66.17
v -18.43 -195.95 66.17
v -24.83 -192.42 66.17
v -25.31 -192.55 70.75
v -18.29 -196.43 70.75
v -14.57 -189.70 70.75
v -21.59 -185.83 70.75
v -24.83 -192.42 66.17
v -18.43 -195.95 66.17
v -18.29 -196.43 70.75
v -25.31 -192.55 70.75
v 1.08 -211.64 59.20
v 1.25 -211.18 59.20
v 1.25 -211.18 60.80
v 1.08 -211.64 60.80
v 1.25 -211.18 59.20
v -0.14 -211.21 59.20
v -0.14 -211.21 60.80
v 1.25 -211.18 60.80
v 2.46 -211.21 59.20
v 3.85 -211.18 59.20
v 3.85 -211.18 60.80
v 2.46 -211.21 60.80
v 3.85 -211.18 59.20
v 2.46 -211.21 59.20
v 2.46 -211.21 60.80
v 3.85 -211.18 60.80
v 1.25 -211.18 62.40
v 1.08 -211.64 62.40
v -0.14 -211.21 62.40
v -0.14 -211.21 64.00
v 1.08 -211.64 64.00
v 1.25 -211.18 64.00
v 4.55 -201.88 60.76
v 3.22 -201.93 60.76
v 3.22 -201.93 63.92
v 4.55 -201.88 63.92
v 4.55 -201.88 60.76
v 6.86 -202.34 60.76
v 6.86 -202.34 63.92
v 4.55 -201.88 63.92
v 6.86 -202.34 60.76
v 4.55 -201.88 60.76
v 4.55 -201.88 63.92
v 6.86 -202.34 63.92
v 3.22 -201.93 67.07
v 4.55 -201.88 67.07
v 4.55 -201.88 70.23
v 3.22 -201.93 70.23
v 4.55 -201.88 67.07
v 3.22 -201.93 67.07
v 3.22 -201.93 70.23
v 4.55 -201.88 70.23
v 4.55 -201.88 67.07
v 6.86 -202.34 67.07
v 6.86 -202.34 70.23
v 4.55 -201.88 70.23
v 26.49 -207.96 69.46
v 34.34 -209.33 69.46
v 35.42 -203.13 69.46
v 27.57 -201.76 69.46
v 26.49 -207.96 54.80
v 34.34 -209.33 54.80
v 34.34 -209.33 69.46
v 26.49 -207.96 69.46
v 34.34 -209.33 54.80
v 35.42 -203.13 54.80
v 35.42 -203.13 69.46
v 34.34 -209.33 69.46
v 35.42 -203.13 54.80
v 27.57 -201.76 54.80
v 27.57 -201.76 69.46
v 35.42 -203.13 69.46
v 27.57 -201.76 54.80
v 26.49 -207.96 54.80
v 26.49 -207.96 69.46
v 27.57 -201.76 69.46
v 34.34 -209.33 69.46
v 25.80 -208.45 69.46
v 30.31 -209.24 74.88
v 31.60 -201.86 74.88
v 53.41 -222.23 65.17
v 62.59 -222.23 65.17
v 62.59 -215.41 65.17
v 53.41 -215.41 65.17
v 53.41 -222.23 54.80
v 62.59 -222.23 54.80
v 62.59 -222.23 65.17
v 53.41 -222.23 65.17
v 62.59 -222.23 54.80
v 62.59 -215.41 54.80
v 62.59 -215.41 65.17
v 62.59 -222.23 65.17
v 62.59 -215.41 54.80
v 53.41 -215.41 54.80
v 53.41 -215.41 65.17
v 62.59 -215.41 65.17
v 53.41 -215.41 54.80
v 53.41 -222.23 54.80
v 53.41 -222.23 65.17
v 53.41 -215.41 65.17
v 62.59 -222.23 65.17
v 53.41 -222.23 65.17
v 58.00 -222.83 71.41
v 58.00 -214.81 71.41
v 54.06 -212.75 69.44
v 61.94 -212.75 69.44
v 61.94 -205.24 69.44
v 54.06 -205.24 69.44
v 54.06 -212.75 54.80
v 61.94 -212.75 54.80
v 61.94 -212.75 69.44
v 54.06 -212.75 69.44
v 61.94 -212.75 54.80
v 61.94 -205.24 54.80
v 61.94 -205.24 69.44
v 61.94 -212.75 69.44
v 61.94 -205.24 54.80
v 54.06 -205.24 54.80
v 54.06 -205.24 69.44
v 61.94 -205.24 69.44
v 54.06 -205.24 54.80
v 54.06 -212.75 54.80
v 54.06 -212.75 69.44
v 54.06 -205.24 69.44
v 61.94 -212.75 69.44
v 54.06 -212.75 69.44
v 58.00 -213.35 74.80
v 58.00 -204.64 74.80
v 57.45 -203.17 59.27
v 56.34 -203.17 59.27
v 56.34 -203.17 60.95
v 57.45 -203.17 60.95
v 57.45 -203.17 59.27
v 59.66 -203.17 59.27
v 59.66 -203.17 60.95
v 57.45 -203.17 60.95
v 59.66 -203.17 59.27
v 57.45 -203.17 59.27
v 57.45 -203.17 60.95
v 59.66 -203.17 60.95
v 56.34 -203.17 62.62
v 57.45 -203.17 62.62
v 57.45 -203.17 64.30
v 56.34 -203.17 64.30
v 57.45 -203.17 62.62
v 56.34 -203.17 62.62
v 56.34 -203.17 64.30
v 57.45 -203.17 64.30
v 57.45 -203.17 62.62
v 61.37 -203.05 63.57
v 59.66 -203.17 64.30
v 57.45 -203.17 64.30
v 79.85 -201.21 65.57
v 88.47 -199.71 65.57
v 87.25 -192.65 65.57
v 78.62 -194.15 65.57
v 79.85 -201.21 54.80
v 88.47 -199.71 54.80
v 88.47 -199.71 65.57
v 79.85 -201.21 65.57
v 88.47 -199.71 54.80
v 87.25 -192.65 54.80
v 87.25 -192.65 65.57
v 88.47 -199.71 65.57
v 87.25 -192.65 54.80
v 78.62 -194.15 54.80
v 78.62 -194.15 65.57
v 87.25 -192.65 65.57
v 78.62 -194.15 54.80
v 79.85 -201.21 54.80
v 79.85 -201.21 65.57
v 78.62 -194.15 65.57
v 88.94 -202.13 65.26
v 79.85 -201.21 65.57
v 84.26 -201.05 71.52
v 82.83 -192.81 71.52
v 109.16 -204.39 64.06
v 111.89 -212.07 64.06
v 111.67 -212.52 67.69
v 108.72 -204.18 67.69
v 111.67 -212.52 67.69
v 118.84 -209.97 67.69
v 117.59 -205.72 73.23
v 109.96 -208.43 73.23
v 108.72 -204.18 67.69
v 109.96 -208.43 73.23
v 117.59 -205.72 73.23
v 115.88 -201.64 67.69
v 111.67 -212.52 67.69
v 109.96 -208.43 73.23
v 108.72 -204.18 67.69
v 118.84 -209.97 67.69
v 115.88 -201.64 67.69
v 117.59 -205.72 73.23
v 112.02 -210.99 59.42
v 113.25 -211.06 59.42
v 112.18 -211.45 59.42
v 135.36 -199.31 63.23
v 143.17 -194.99 63.23
v 139.57 -188.47 63.23
v 131.76 -192.78 63.23
v 135.36 -199.31 54.80
v 143.17 -194.99 54.80
v 143.17 -194.99 63.23
v 135.36 -199.31 63.23
v 143.17 -194.99 54.80
v 139.57 -188.47 54.80
v 139.57 -188.47 63.23
v 143.17 -194.99 63.23
v 139.57 -188.47 54.80
v 131.76 -192.78 54.80
v 131.76 -192.78 63.23
v 139.57 -188.47 63.23
v 131.76 -192.78 54.80
v 135.36 -199.31 54.80
v 135.36 -199.31 63.23
v 131.76 -192.78 63.23
v 143.17 -194.99 63.23
v 135.36 -199.31 63.23
v 139.56 -197.67 69.30
v 135.37 -190.10 69.30
v 126.05 -181.98 63.29
v 133.95 -176.19 62.00
v 131.05 -172.19 62.00
v 122.97 -176.39 63.29
v 126.05 -181.98 54.80
v 133.47 -177.88 54.80
v 133.95 -176.19 62.00
v 126.05 -181.98 63.29
v 133.47 -177.88 54.80
v 130.38 -172.30 54.80
v 131.05 -172.19 62.00
v 133.95 -176.19 62.00
v 130.38 -172.30 54.80
v 122.97 -176.39 54.80
v 122.97 -176.39 63.29
v 131.05 -172.19 62.00
v 122.97 -176.39 54.80
v 126.05 -181.98 54.80
v 126.05 -181.98 63.29
v 122.97 -176.39 63.29
v 134.28 -178.12 63.29
v 127.15 -184.29 62.74
v 130.05 -180.46 69.05
v 126.38 -173.82 69.05
v 157.54 -184.43 61.94
v 158.71 -184.14 61.94
v 157.84 -184.81 61.94
v 157.84 -184.81 61.94
v 158.71 -184.14 61.94
v 157.54 -184.43 61.94
v 158.71 -184.14 61.94
v 160.89 -184.14 61.94
v 159.15 -185.57 62.78
v 159.15 -185.57 62.78
v 160.89 -184.14 61.94
v 158.71 -184.14 61.94
v 147.48 -172.42 54.80
v 154.54 -166.93 54.80
v 159.17 -172.89 54.80
v 152.11 -178.38 54.80
v 153.54 -178.92 65.83
v 159.17 -172.89 65.41
v 154.54 -166.93 65.41
v 147.48 -172.42 65.41
v 145.04 -168.54 60.69
v 145.34 -168.93 60.69
v 145.34 -168.93 63.79
v 145.04 -168.54 63.79
v 148.56 -168.93 60.69
v 149.82 -167.94 60.69
v 149.82 -167.94 63.79
v 148.56 -168.93 63.79
v 149.82 -167.94 60.69
v 148.56 -168.93 60.69
v 148.56 -168.93 63.79
v 149.82 -167.94 63.79
v 145.34 -168.93 66.88
v 145.04 -168.54 66.88
v 145.04 -168.54 69.97
v 145.34 -168.93 69.97
v 145.04 -168.54 66.88
v 145.34 -168.93 66.88
v 145.34 -168.93 69.97
v 145.04 -168.54 69.97
v 148.56 -168.93 66.88
v 149.82 -167.94 66.88
v 149.82 -167.94 69.97
v 148.56 -168.93 69.97
v -30.87 -204.58 72.00
v -34.16 -205.24 72.00
v -29.57 -208.57 78.00
v -34.16 -205.24 72.00
v -35.24 -208.57 72.00
v -29.57 -208.57 78.00
v -35.24 -208.57 72.00
v -34.16 -211.90 72.00
v -29.57 -208.57 78.00
v -34.16 -211.90 72.00
v -31.33 -213.96 72.00
v -29.57 -208.57 78.00
v -31.33 -213.96 72.00
v -27.82 -213.96 72.00
v -29.57 -208.57 78.00
v -27.82 -213.96 72.00
v -24.99 -211.90 72.00
v -29.57 -208.57 78.00
v -177.49 -29.24 45.22
v -177.34 -28.05 45.22
v -177.34 -28.05 46.84
v -177.49 -29.24 46.84
v -174.94 -28.05 45.22
v -175.09 -29.24 45.22
v -175.09 -29.24 46.84
v -174.94 -28.05 46.84
v -178.60 -48.34 40.80
v -178.60 -55.66 40.80
v -178.60 -55.66 51.10
v -178.60 -48.34 51.10
v -178.60 -48.34 51.10
v -178.60 -55.66 51.10
v -174.46 -56.26 56.74
v -174.46 -47.74 56.74
v -127.70 -172.33 52.19
v -121.31 -167.69 52.19
v -125.18 -176.24 58.03
v -122.25 -179.85 52.19
v -118.38 -171.30 58.03
v -115.85 -175.21 52.19
v -123.89 -176.79 45.12
v -123.02 -177.99 45.12
v -123.02 -177.99 46.63
v -123.89 -176.79 46.63
v -123.02 -177.99 45.12
v -123.89 -176.79 45.12
v -123.89 -176.79 46.63
v -123.02 -177.99 46.63
v -123.89 -176.79 46.63
v -123.02 -177.99 46.63
v -123.02 -177.99 49.67
v -123.89 -176.79 49.67
v -123.02 -177.99 46.63
v -123.89 -176.79 46.63
v -123.89 -176.79 49.67
v -123.02 -177.99 49.67
v -95.11 -189.27 49.13
v -94.18 -190.23 49.13
v -94.18 -190.23 50.98
v -95.11 -189.27 50.98
v -94.18 -190.23 49.13
v -94.75 -188.93 49.13
v -94.75 -188.93 50.98
v -94.18 -190.23 50.98
v -94.75 -188.93 49.13
v -95.11 -189.27 49.13
v -95.11 -189.27 50.98
v -94.75 -188.93 50.98
v -92.08 -188.93 49.13
v -91.51 -190.23 49.13
v -94.18 -190.23 49.13
v -94.18 -190.23 50.98
v -91.51 -190.23 50.98
v -92.08 -188.93 50.98
v -94.18 -190.23 49.13
v -91.51 -190.23 49.13
v -91.51 -190.23 50.98
v -94.18 -190.23 50.98
v -77.28 -205.29 40.80
v -70.15 -210.76 40.80
v -74.25 -216.11 40.80
v -81.38 -210.64 40.80
v -81.38 -210.64 54.21
v -74.25 -216.11 54.21
v -70.15 -210.76 54.21
v -77.28 -205.29 54.21
v -81.38 -210.64 40.80
v -74.25 -216.11 40.80
v -74.25 -216.11 54.21
v -81.38 -210.64 54.21
v -74.25 -216.11 40.80
v -70.15 -210.76 40.80
v -70.15 -210.76 54.21
v -74.25 -216.11 54.21
v -73.74 -214.62 52.66
v -74.68 -213.28 52.66
v -74.68 -213.28 55.69
v -73.74 -214.62 55.69
v -74.68 -213.28 52.66
v -76.86 -214.62 52.66
v -76.86 -214.62 55.69
v -74.68 -213.28 55.69
v -69.99 -196.23 40.80
v -63.28 -201.38 40.80
v -67.37 -206.70 40.80
v -74.07 -201.56 40.80
v -74.07 -201.56 49.56
v -67.37 -206.70 49.56
v -63.28 -201.38 49.56
v -69.99 -196.23 49.56
v -74.07 -201.56 40.80
v -67.37 -206.70 40.80
v -67.37 -206.70 49.56
v -74.07 -201.56 49.56
v -67.37 -206.70 40.80
v -63.28 -201.38 40.80
v -63.28 -201.38 49.56
v -67.37 -206.70 49.56
v -67.59 -192.97 58.99
v -60.75 -198.22 58.99
v -55.59 -191.49 58.99
v -62.43 -186.24 58.99
v -67.10 -192.91 53.72
v -60.75 -198.22 53.72
v -60.75 -198.22 58.99
v -67.59 -192.97 58.99
v -60.75 -198.22 53.72
v -56.08 -191.56 53.72
v -55.59 -191.49 58.99
v -60.75 -198.22 58.99
v -56.08 -191.56 53.72
v -62.37 -186.73 53.72
v -62.43 -186.24 58.99
v -55.59 -191.49 58.99
v -62.37 -186.73 53.72
v -67.10 -192.91 53.72
v -67.59 -192.97 58.99
v -62.43 -186.24 58.99
v -60.75 -198.22 58.99
v -67.59 -192.97 58.99
v -64.33 -195.79 64.38
v -58.86 -188.67 64.38
v -39.27 -217.64 40.80
v -35.88 -211.42 40.80
v -35.88 -211.42 51.14
v -39.27 -217.64 51.14
v -35.88 -211.42 40.80
v -43.65 -207.19 40.80
v -43.65 -207.19 51.14
v -35.88 -211.42 51.14
v -43.65 -207.19 40.80
v -47.04 -213.40 40.80
v -47.04 -213.40 51.14
v -43.65 -207.19 51.14
v -43.79 -206.71 51.14
v -35.88 -211.42 51.14
v -39.13 -218.11 51.14
v -47.04 -213.40 51.14
v -47.51 -213.54 55.25
v -39.13 -218.11 55.25
v -35.41 -211.28 55.25
v -43.79 -206.71 55.25
v -47.04 -213.40 51.14
v -39.13 -218.11 51.14
v -39.13 -218.11 55.25
v -47.51 -213.54 55.25
v -41.29 -204.37 60.67
v -34.80 -207.91 60.67
v -30.82 -200.63 60.67
v -37.32 -197.09 60.67
v -40.81 -204.23 54.88
v -34.94 -207.44 54.88
v -34.80 -207.91 60.67
v -41.29 -204.37 60.67
v -34.94 -207.44 54.88
v -31.30 -200.77 54.88
v -30.82 -200.63 60.67
v -34.80 -207.91 60.67
v -31.30 -200.77 54.88
v -37.18 -197.56 54.88
v -37.32 -197.09 60.67
v -30.82 -200.63 60.67
v -37.18 -197.56 54.88
v -40.81 -204.23 54.88
v -41.29 -204.37 60.67
v -37.32 -197.09 60.67
v -41.29 -204.37 60.67
v -34.80 -207.91 60.67
v -32.59 -204.39 65.84
v -39.52 -200.61 65.84
v -14.74 -235.15 50.71
v -16.36 -235.10 50.71
v -16.36 -235.10 53.08
v -14.74 -235.15 53.08
v -15.28 -231.12 56.44
v -13.88 -230.44 56.44
v -13.88 -230.44 59.64
v -15.28 -231.12 59.64
v -13.88 -230.44 56.44
v -15.28 -231.12 56.44
v -15.28 -231.12 59.64
v -13.88 -230.44 59.64
v -16.21 -216.79 40.80
v -8.30 -219.57 40.80
v -10.63 -226.22 40.80
v -18.55 -223.45 40.80
v -18.55 -223.45 52.18
v -10.63 -226.22 52.18
v -8.30 -219.57 52.18
v -16.21 -216.79 52.18
v -18.55 -223.45 40.80
v -10.63 -226.22 40.80
v -10.63 -226.22 52.18
v -18.55 -223.45 52.18
v -10.40 -214.81 46.64
v -11.41 -214.46 46.64
v -11.41 -214.46 49.68
v -10.40 -214.81 49.68
v -10.40 -214.81 46.64
v -8.26 -214.81 46.64
v -8.26 -214.81 49.68
v -10.40 -214.81 49.68
v -8.26 -214.81 46.64
v -10.40 -214.81 46.64
v -10.40 -214.81 49.68
v -8.26 -214.81 49.68
v -11.41 -214.46 52.72
v -10.40 -214.81 52.72
v -10.40 -214.81 55.77
v -11.41 -214.46 55.77
v -10.40 -214.81 52.72
v -11.41 -214.46 52.72
v -11.41 -214.46 55.77
v -10.40 -214.81 55.77
v -10.40 -214.81 52.72
v -8.26 -214.81 52.72
v -8.26 -214.81 55.77
v -10.40 -214.81 55.77
v 12.38 -225.68 52.46
v 10.93 -232.05 52.46
v 10.93 -232.05 57.17
v 12.09 -225.27 57.17
v 19.02 -233.44 57.17
v 10.93 -232.05 57.17
v 14.93 -233.00 62.28
v 16.18 -225.72 62.28
v 14.93 -233.00 62.28
v 12.09 -225.27 57.17
v 20.48 -226.46 57.17
v 16.18 -225.72 62.28
v 10.93 -232.05 57.17
v 12.09 -225.27 57.17
v 14.93 -233.00 62.28
v 19.02 -233.44 57.17
v 16.18 -225.72 62.28
v 20.48 -226.46 57.17
v 17.12 -228.64 57.17
v 18.39 -227.74 57.17
v 18.21 -228.82 57.17
v 15.40 -222.09 54.34
v 16.72 -222.31 54.34
v 16.80 -221.83 54.34
v 15.40 -222.09 51.65
v 16.72 -222.31 51.65
v 16.72 -222.31 54.34
v 15.40 -222.09 54.34
v 16.72 -222.31 51.65
v 16.80 -221.83 51.65
v 16.80 -221.83 54.34
v 16.72 -222.31 54.34
v 16.80 -221.83 51.65
v 15.40 -222.09 51.65
v 15.40 -222.09 54.34
v 16.80 -221.83 54.34
v 18.07 -222.09 51.65
v 19.39 -222.31 51.65
v 19.39 -222.31 54.34
v 18.07 -222.09 54.34
v 19.39 -222.31 51.65
v 18.07 -222.09 51.65
v 18.07 -222.09 54.34
v 19.39 -222.31 54.34
v 50.76 -237.97 60.95
v 41.49 -237.72 60.95
v 46.00 -237.97 66.61
v 46.00 -229.37 66.61
v 46.00 -237.97 66.61
v 41.49 -229.62 60.95
v 50.76 -229.37 60.95
v 46.00 -229.37 66.61
v 41.49 -237.72 60.95
v 41.49 -229.62 60.95
v 46.00 -237.97 66.61
v 50.76 -237.97 60.95
v 46.00 -229.37 66.61
v 50.76 -229.37 60.95
v 43.86 -237.49 46.87
v 45.29 -237.49 46.87
v 45.29 -237.49 50.14
v 43.86 -237.49 50.14
v 45.29 -237.49 46.87
v 43.86 -237.49 46.87
v 43.86 -237.49 50.14
v 45.29 -237.49 50.14
v 72.40 -227.82 51.88
v 79.75 -226.56 51.88
v 80.75 -234.49 51.88
v 74.09 -235.64 51.88
v 73.81 -236.04 56.32
v 81.16 -234.78 56.32
v 79.75 -226.56 56.32
v 72.40 -227.82 56.32
v 74.09 -235.64 51.88
v 80.75 -234.49 51.88
v 81.16 -234.78 56.32
v 73.81 -236.04 56.32
v 80.75 -234.49 51.88
v 79.75 -226.56 51.88
v 79.75 -226.56 56.32
v 81.16 -234.78 56.32
v 79.75 -226.56 51.88
v 72.40 -227.82 51.88
v 72.40 -227.82 56.32
v 79.75 -226.56 56.32
v 72.40 -227.82 51.88
v 74.09 -235.64 51.88
v 73.81 -236.04 56.32
v 72.40 -227.82 56.32
v 114.93 -233.95 52.92
v 105.76 -237.17 52.92
v 110.43 -235.79 59.05
v 107.81 -228.31 59.05
v 110.43 -235.79 59.05
v 103.30 -230.16 52.92
v 112.47 -226.94 52.92
v 107.81 -228.31 59.05
v 105.76 -237.17 52.92
v 103.30 -230.16 52.92
v 110.43 -235.79 59.05
v 114.93 -233.95 52.92
v 107.81 -228.31 59.05
v 112.47 -226.94 52.92
v 106.74 -235.32 45.26
v 108.37 -235.27 45.26
v 106.90 -235.78 45.26
v 106.90 -235.78 46.93
v 108.37 -235.27 46.93
v 106.74 -235.32 46.93
v 106.80 -213.42 40.80
v 104.24 -206.14 40.80
v 104.24 -206.14 53.42
v 106.80 -213.42 53.42
v 104.24 -206.14 40.80
v 96.75 -208.77 40.80
v 96.75 -208.77 53.42
v 104.24 -206.14 53.42
v 96.75 -208.77 40.80
v 99.30 -216.05 40.80
v 99.30 -216.05 53.42
v 96.75 -208.77 53.42
v 106.80 -213.42 53.42
v 98.93 -216.81 53.42
v 103.25 -215.30 58.82
v 100.30 -206.89 58.82
v 103.25 -215.30 58.82
v 96.75 -208.77 53.42
v 104.24 -206.14 53.42
v 100.30 -206.89 58.82
v 98.93 -216.81 53.42
v 96.75 -208.77 53.42
v 103.25 -215.30 58.82
v 129.23 -212.06 40.80
v 135.46 -208.66 40.80
v 135.46 -208.66 52.93
v 129.23 -212.06 52.93
v 135.46 -208.66 40.80
v 132.12 -202.53 40.80
v 132.12 -202.53 52.93
v 135.46 -208.66 52.93
v 132.12 -202.53 40.80
v 125.89 -205.93 40.80
v 125.89 -205.93 52.93
v 132.12 -202.53 52.93
v 125.89 -205.93 40.80
v 129.23 -212.06 40.80
v 129.23 -212.06 52.93
v 125.89 -205.93 52.93
v 125.89 -205.93 52.93
v 132.26 -202.06 52.93
v 135.46 -208.66 52.93
v 129.23 -212.06 52.93
v 129.09 -212.53 57.84
v 135.93 -208.80 57.84
v 132.26 -202.06 57.84
v 125.41 -205.79 57.84
v 159.90 -206.16 50.78
v 165.42 -201.93 50.78
v 160.70 -195.79 50.78
v 155.19 -200.02 50.78
v 159.90 -206.16 40.80
v 165.42 -201.93 40.80
v 165.42 -201.93 50.78
v 159.90 -206.16 50.78
v 165.42 -201.93 40.80
v 160.70 -195.79 40.80
v 160.70 -195.79 50.78
v 165.42 -201.93 50.78
v 160.70 -195.79 40.80
v 155.19 -200.02 40.80
v 155.19 -200.02 50.78
v 160.70 -195.79 50.78
v 155.19 -200.02 40.80
v 159.90 -206.16 40.80
v 159.90 -206.16 50.78
v 155.19 -200.02 50.78
v 155.19 -200.02 50.78
v 160.70 -195.79 50.78
v 165.42 -201.93 50.78
v 159.90 -206.16 50.78
v 153.18 -198.55 52.80
v 158.97 -193.35 52.80
v 156.97 -189.76 58.33
v 150.34 -194.85 58.33
v 148.34 -191.26 52.80
v 150.34 -194.85 58.33
v 156.97 -189.76 58.33
v 154.01 -186.90 52.80
v 153.18 -198.55 52.80
v 150.34 -194.85 58.33
v 148.34 -191.26 52.80
v 158.97 -193.35 52.80
v 154.01 -186.90 52.80
v 156.97 -189.76 58.33
v 152.14 -196.81 45.24
v 152.78 -195.69 45.24
v 152.78 -195.69 46.88
v 152.14 -196.81 46.88
v 152.78 -195.69 45.24
v 152.14 -196.81 45.24
v 152.14 -196.81 46.88
v 152.78 -195.69 46.88
v 174.36 -169.68 51.44
v 165.70 -167.71 56.88
v 168.90 -164.40 51.44
v 166.42 -173.74 44.97
v 167.72 -173.10 44.97
v 166.77 -174.08 44.97
v 166.77 -174.08 46.34
v 167.72 -173.10 46.34
v 166.42 -173.74 46.34
v 166.77 -174.08 44.97
v 167.72 -173.10 44.97
v 167.72 -173.10 46.34
v 166.77 -174.08 46.34
v 167.72 -173.10 44.97
v 166.42 -173.74 44.97
v 166.42 -173.74 46.34
v 167.72 -173.10 46.34
v 166.42 -173.74 44.97
v 166.77 -174.08 44.97
v 166.77 -174.08 46.34
v 166.42 -173.74 46.34
v -50.52 -226.85 58.00
v -53.57 -228.24 58.00
v -52.27 -232.24 64.00
v -53.57 -228.24 58.00
v -55.67 -229.77 58.00
v -52.27 -232.24 64.00
v -55.67 -229.77 58.00
v -57.94 -232.24 58.00
v -52.27 -232.24 64.00
v -57.94 -232.24 58.00
v -56.86 -235.57 58.00
v -52.27 -232.24 64.00
v -56.86 -235.57 58.00
v -54.02 -237.63 58.00
v -52.27 -232.24 64.00
v -54.02 -237.63 58.00
v -50.52 -237.63 58.00
v -52.27 -232.24 64.00
v -193.07 40.51 44.51
v -184.74 41.92 39.44
v -188.21 34.63 39.44
v -186.30 37.88 44.51
v -191.50 44.54 39.44
v -184.74 41.92 39.44
v -193.07 40.51 44.51
v -193.85 36.82 39.44
v -186.30 37.88 44.51
v -188.21 34.63 39.44
v -187.81 41.06 39.44
v -185.51 41.58 39.44
v -186.78 40.67 42.64
v -187.81 41.06 42.64
v -185.51 41.58 39.44
v -187.81 41.06 39.44
v -187.81 41.06 42.64
v -186.78 40.67 42.64
v -171.72 35.88 28.80
v -174.18 29.53 28.80
v -182.08 32.59 28.80
v -179.61 38.95 28.80
v -205.52 8.74 33.77
v -205.17 10.12 33.77
v -205.17 10.12 35.95
v -205.52 8.74 35.95
v -202.32 10.12 33.77
v -202.19 8.62 33.77
v -202.67 8.74 33.77
v -202.32 10.12 35.95
v -202.67 8.74 35.95
v -202.19 8.62 35.95
v -202.32 10.12 33.77
v -202.67 8.74 33.77
v -202.67 8.74 35.95
v -202.32 10.12 35.95
v -202.67 8.74 33.77
v -202.19 8.62 33.77
v -202.19 8.62 35.95
v -202.67 8.74 35.95
v -202.19 8.62 33.77
v -202.32 10.12 33.77
v -202.32 10.12 35.95
v -202.19 8.62 35.95
v -181.68 4.00 42.00
v -172.99 4.62 47.99
v -174.20 0.79 43.02
v -177.79 3.26 33.68
v -178.09 2.08 33.68
v -178.09 2.08 35.77
v -177.79 3.26 35.77
v -178.09 2.08 33.68
v -177.79 3.26 33.68
v -177.79 3.26 35.77
v -178.09 2.08 35.77
v -175.35 3.26 33.68
v -175.65 2.08 33.68
v -175.65 2.08 35.77
v -175.35 3.26 35.77
v -175.65 2.08 33.68
v -175.35 3.26 33.68
v -175.35 3.26 35.77
v -175.65 2.08 35.77
v -177.79 3.26 37.85
v -178.09 2.08 37.85
v -178.09 2.08 39.93
v -177.79 3.26 39.93
v -192.22 -15.06 28.80
v -200.51 -14.05 28.80
v -200.51 -14.05 43.16
v -192.22 -15.06 43.16
v -192.22 -15.06 43.16
v -193.14 -22.56 43.16
v -201.43 -21.55 43.16
v -200.51 -14.05 43.16
v -200.82 -13.66 49.08
v -201.82 -21.85 49.08
v -192.83 -22.95 49.08
v -191.83 -14.76 49.08
v -200.51 -14.05 43.16
v -201.43 -21.55 43.16
v -201.82 -21.85 49.08
v -200.82 -13.66 49.08
v -201.43 -21.55 43.16
v -193.14 -22.56 43.16
v -192.83 -22.95 49.08
v -201.82 -21.85 49.08
v -193.14 -22.56 43.16
v -192.22 -15.06 43.16
v -191.83 -14.76 49.08
v -192.83 -22.95 49.08
v -185.88 -15.88 41.25
v -186.79 -23.29 41.25
v -179.73 -24.15 41.25
v -178.83 -16.75 41.25
v -185.58 -16.27 37.76
v -186.40 -22.98 37.76
v -186.79 -23.29 41.25
v -185.88 -15.88 41.25
v -186.40 -22.98 37.76
v -180.04 -23.76 37.76
v -179.73 -24.15 41.25
v -186.79 -23.29 41.25
v -180.04 -23.76 37.76
v -179.22 -17.05 37.76
v -178.83 -16.75 41.25
v -179.73 -24.15 41.25
v -179.22 -17.05 37.76
v -185.58 -16.27 37.76
v -185.88 -15.88 41.25
v -178.83 -16.75 41.25
v -187.06 -23.50 41.25
v -185.88 -15.88 41.25
v -186.58 -19.56 45.85
v -179.03 -20.48 45.85
v -184.59 -46.00 42.87
v -177.59 -41.41 36.63
v -176.99 -51.19 36.63
v -176.99 -46.00 42.87
v -184.00 -41.41 36.63
v -177.59 -41.41 36.63
v -184.59 -46.00 42.87
v -184.59 -51.19 36.63
v -176.99 -46.00 42.87
v -176.99 -51.19 36.63
v -182.14 -48.28 32.41
v -182.14 -49.88 32.41
v -182.63 -49.88 32.41
v -182.63 -48.28 32.41
v -182.63 -48.28 33.21
v -182.63 -49.88 33.21
v -182.14 -49.88 33.21
v -182.14 -48.28 33.21
v -182.63 -48.28 32.41
v -182.63 -49.88 32.41
v -182.63 -49.88 33.21
v -182.63 -48.28 33.21
v -197.52 -76.53 34.88
v -197.33 -78.12 34.88
v -197.33 -78.12 38.17
v -197.52 -76.53 38.17
v -197.33 -78.12 34.88
v -197.52 -76.53 34.88
v -197.52 -76.53 38.17
v -197.33 -78.12 38.17
v -200.73 -76.53 41.45
v -200.05 -78.06 41.45
v -200.53 -78.12 41.45
v -200.73 -76.53 44.73
v -200.53 -78.12 44.73
v -200.05 -78.06 44.73
v -200.73 -76.53 41.45
v -200.53 -78.12 41.45
v -200.53 -78.12 44.73
v -200.73 -76.53 44.73
v -200.53 -78.12 41.45
v -200.05 -78.06 41.45
v -200.05 -78.06 44.73
v -200.53 -78.12 44.73
v -186.97 -77.02 34.80
v -186.49 -76.96 34.80
v -186.49 -76.96 38.01
v -186.97 -77.02 38.01
v -186.49 -76.96 34.80
v -187.14 -75.69 34.80
v -187.14 -75.69 38.01
v -186.49 -76.96 38.01
v -184.45 -75.69 34.80
v -184.29 -77.02 34.80
v -184.29 -77.02 38.01
v -184.45 -75.69 38.01
v -184.29 -77.02 34.80
v -184.45 -75.69 34.80
v -184.45 -75.69 38.01
v -184.29 -77.02 38.01
v -186.49 -76.96 41.21
v -186.97 -77.02 41.21
v -187.14 -75.69 41.21
v -187.14 -75.69 44.42
v -186.97 -77.02 44.42
v -186.49 -76.96 44.42
v -171.44 -92.38 42.41
v -178.41 -94.11 42.41
v -178.83 -93.86 47.99
v -171.19 -91.95 47.99
v -176.85 -101.79 47.99
v -178.83 -93.86 47.99
v -178.08 -97.89 53.07
v -169.96 -95.86 53.07
v -178.83 -93.86 47.99
v -171.19 -91.95 47.99
v -178.08 -97.89 53.07
v -173.09 -120.79 28.80
v -170.41 -127.70 28.80
v -178.22 -130.73 28.80
v -180.90 -123.82 28.80
v -180.90 -123.82 40.69
v -178.22 -130.73 40.69
v -170.41 -127.70 40.69
v -173.09 -120.79 40.69
v -180.90 -123.82 28.80
v -178.22 -130.73 28.80
v -178.22 -130.73 40.69
v -180.90 -123.82 40.69
v -163.79 -155.49 40.57
v -162.60 -156.63 40.57
v -163.03 -156.87 40.57
v -163.79 -155.49 43.56
v -163.03 -156.87 43.56
v -162.60 -156.63 43.56
v -163.79 -155.49 40.57
v -163.03 -156.87 40.57
v -163.03 -156.87 43.56
v -163.79 -155.49 43.56
v -163.03 -156.87 40.57
v -162.60 -156.63 40.57
v -162.60 -156.63 43.56
v -163.03 -156.87 43.56
v -162.60 -156.63 40.57
v -163.79 -155.49 40.57
v -163.79 -155.49 43.56
v -162.60 -156.63 43.56
v -162.97 -150.75 47.55
v -162.44 -151.71 47.55
v -162.44 -151.71 50.75
v -162.97 -150.75 50.75
v -127.63 -194.94 45.00
v -130.79 -197.69 50.21
v -124.90 -203.70 50.21
v -122.09 -200.59 45.00
v -133.60 -200.80 45.00
v -130.79 -197.69 50.21
v -127.63 -194.94 45.00
v -128.07 -206.80 45.00
v -122.09 -200.59 45.00
v -124.90 -203.70 50.21
v -129.64 -204.15 39.04
v -128.80 -205.00 39.04
v -128.06 -205.96 40.34
v -129.64 -204.15 41.52
v -128.80 -205.00 39.04
v -129.64 -204.15 39.04
v -129.64 -204.15 41.52
v -128.06 -205.96 40.34
v -127.24 -204.15 39.04
v -126.40 -205.00 39.04
v -126.40 -205.00 41.52
v -127.24 -204.15 41.52
v -89.99 -212.20 41.30
v -91.60 -211.60 41.30
v -91.60 -211.60 44.53
v -89.99 -212.20 44.53
v -89.04 -206.28 48.77
v -89.70 -207.16 48.77
v -90.58 -206.50 48.77
v -90.58 -206.50 51.97
v -89.70 -207.16 51.97
v -89.04 -206.28 51.97
v -90.58 -206.50 48.77
v -89.70 -207.16 48.77
v -89.70 -207.16 51.97
v -90.58 -206.50 51.97
v -89.70 -207.16 48.77
v -89.04 -206.28 48.77
v -89.04 -206.28 51.97
v -89.70 -207.16 51.97
v -89.04 -206.28 48.77
v -90.58 -206.50 48.77
v -90.58 -206.50 51.97
v -89.04 -206.28 51.97
v -31.59 -235.70 40.03
v -29.46 -228.46 40.03
v -29.01 -228.25 44.55
v -31.59 -235.70 44.55
v -29.46 -228.46 40.03
v -35.95 -226.22 40.03
v -36.16 -225.77 44.55
v -29.01 -228.25 44.55
v -35.95 -226.22 40.03
v -38.74 -233.22 40.03
v -38.74 -233.22 44.55
v -36.16 -225.77 44.55
v -38.74 -233.22 44.55
v -31.59 -235.70 44.55
v -30.06 -232.05 49.43
v -37.69 -229.42 49.43
v -36.16 -225.77 44.55
v -37.69 -229.42 49.43
v -30.06 -232.05 49.43
v -29.01 -228.25 44.55
v -38.74 -233.22 44.55
v -37.69 -229.42 49.43
v -36.16 -225.77 44.55
v 34.52 -249.26 41.71
v 30.00 -240.72 47.86
v 34.52 -241.32 41.71
v 26.25 -236.45 41.09
v 33.75 -236.45 41.09
v 33.75 -229.50 41.09
v 26.25 -229.50 41.09
v 33.75 -236.45 41.09
v 26.25 -236.45 41.09
v 30.00 -236.70 45.71
v 30.00 -229.25 45.71
v 30.00 -236.70 45.71
v 26.25 -229.50 41.09
v 33.75 -229.50 41.09
v 30.00 -229.25 45.71
v 62.03 -235.18 48.20
v 56.04 -227.03 42.49
v 65.01 -225.51 42.49
v 60.48 -226.03 48.20
v 57.50 -235.69 42.49
v 56.04 -227.03 42.49
v 62.03 -235.18 48.20
v 66.47 -234.17 42.49
v 60.48 -226.03 48.20
v 65.01 -225.51 42.49
v 63.02 -228.79 42.49
v 64.10 -228.61 42.49
v 64.29 -229.69 42.49
v 63.20 -229.88 42.49
v 63.20 -229.88 45.69
v 64.29 -229.69 45.69
v 64.10 -228.61 45.69
v 63.02 -228.79 45.69
v 63.20 -229.88 42.49
v 64.29 -229.69 42.49
v 64.29 -229.69 45.69
v 63.20 -229.88 45.69
v 159.17 -210.90 42.93
v 154.07 -204.15 42.93
v 154.14 -203.66 48.74
v 159.66 -210.97 48.74
v 154.07 -204.15 42.93
v 148.50 -208.37 42.93
v 148.01 -208.30 48.74
v 154.14 -203.66 48.74
v 148.50 -208.37 42.93
v 153.53 -215.60 42.93
v 153.53 -215.60 48.74
v 148.01 -208.30 48.74
v 153.53 -215.60 48.74
v 159.66 -210.97 48.74
v 157.10 -207.16 54.49
v 150.57 -212.10 54.49
v 148.01 -208.30 48.74
v 150.57 -212.10 54.49
v 157.10 -207.16 54.49
v 154.14 -203.66 48.74
v 148.77 -199.64 42.02
v 149.65 -198.98 42.02
v 149.65 -198.98 45.22
v 148.77 -199.64 45.22
v 162.20 -182.68 41.85
v 155.82 -176.44 41.85
v 165.76 -179.05 47.95
v 168.47 -175.42 41.85
v 159.38 -172.80 47.95
v 162.95 -169.17 41.85
v -202.63 -100.69 22.00
v -203.44 -103.16 22.00
v -203.44 -103.16 46.00
v -202.63 -100.69 46.00
v -203.44 -103.16 22.00
v -202.63 -105.63 22.00
v -202.63 -105.63 46.00
v -203.44 -103.16 46.00
v -202.63 -105.63 22.00
v -200.53 -107.15 22.00
v -200.53 -107.15 46.00
v -202.63 -105.63 46.00
v -200.53 -107.15 22.00
v -197.94 -107.15 22.00
v -197.94 -107.15 46.00
v -200.53 -107.15 46.00
v -197.94 -107.15 22.00
v -195.03 -103.16 22.00
v -195.03 -103.16 46.00
v -197.94 -107.15 46.00
v -195.03 -103.16 46.00
v -195.84 -100.69 46.00
v -200.53 -99.17 46.00
v -202.63 -100.69 46.00
v -203.44 -103.16 46.00
v -202.63 -105.63 46.00
v -200.53 -107.15 46.00
v -197.94 -107.15 46.00
v 67.81 -149.72 74.83
v 69.32 -154.01 76.76
v 66.86 -154.27 76.52
v 65.36 -149.98 74.83
v 65.36 -149.98 74.83
v 66.86 -154.27 76.52
v 69.32 -154.01 76.76
v 67.81 -149.72 74.83
v 68.38 -151.33 75.55
v 69.32 -154.01 76.76
v 66.86 -154.27 76.52
v 65.36 -149.98 74.83
v 65.99 -151.78 77.24
v 67.24 -155.34 77.24
v 69.50 -154.54 77.24
v 68.26 -150.99 77.24
v 65.36 -149.98 74.83
v 66.86 -154.27 76.52
v 67.24 -155.34 77.24
v 65.99 -151.78 77.24
v 66.86 -154.27 76.52
v 69.32 -154.01 76.76
v 69.50 -154.54 77.24
v 67.24 -155.34 77.24
v 70.51 -157.41 79.90
v 71.76 -160.97 79.90
v 69.12 -160.69 79.41
v 70.14 -156.34 79.41
v 70.14 -156.34 79.41
v 69.12 -160.69 79.41
v 71.76 -160.97 79.90
v 70.51 -157.41 79.90
v 70.51 -157.41 79.90
v 71.76 -160.97 79.90
v 69.12 -160.69 79.41
v 68.93 -160.15 79.41
v 68.93 -160.15 79.41
v 69.12 -160.69 79.41
v 71.76 -160.97 79.90
v 70.51 -157.41 79.90
v 71.20 -159.36 79.41
v 71.76 -160.97 79.90
v 69.87 -162.83 80.38
v 68.93 -160.15 79.41
v 68.93 -160.15 79.41
v 69.87 -162.83 80.38
v 71.76 -160.97 79.90
v 71.20 -159.36 79.41
v 73.33 -165.44 83.76
v 74.77 -169.53 83.76
v 72.32 -169.79 83.76
v 70.68 -166.67 84.00
v 70.68 -166.67 84.00
v 72.32 -169.79 83.76
v 74.77 -169.53 83.76
v 73.33 -165.44 83.76
v 136.67 -162.21 56.00
v 136.86 -165.73 56.00
v 134.46 -165.86 56.00
v 134.27 -162.34 56.00
v 134.27 -162.34 56.00
v 134.46 -165.86 56.00
v 136.86 -165.73 56.00
v 136.67 -162.21 56.00
v 136.67 -162.21 56.00
v 136.86 -165.73 56.00
v 134.46 -165.86 56.00
v 134.27 -162.34 56.00
v 134.27 -162.34 56.00
v 134.46 -165.86 56.00
v 136.86 -165.73 56.00
v 136.67 -162.21 56.00
v 136.93 -167.03 57.21
v 137.07 -169.64 58.90
v 134.65 -169.45 58.66
v 134.53 -167.16 57.21
v 134.52 -166.90 59.62
v 134.71 -170.43 59.62
v 137.10 -170.30 59.62
v 136.91 -166.77 59.62
v 134.53 -167.16 57.21
v 134.65 -169.45 58.66
v 134.71 -170.43 59.62
v 134.52 -166.90 59.62
v 134.65 -169.45 58.66
v 137.07 -169.64 58.90
v 137.10 -170.30 59.62
v 134.71 -170.43 59.62
v 137.07 -169.64 58.90
v 136.93 -167.03 57.21
v 136.91 -166.77 59.62
v 137.10 -170.30 59.62
v 136.93 -167.03 57.21
v 134.53 -167.16 57.21
v 134.52 -166.90 59.62
v 136.91 -166.77 59.62
v 137.26 -173.23 61.79
v 137.29 -173.88 62.03
v 134.90 -174.01 62.03
v 134.86 -173.36 61.79
v 134.86 -173.36 61.79
v 134.90 -174.01 62.03
v 137.29 -173.88 62.03
v 137.26 -173.23 61.79
v 137.26 -173.23 61.79
v 137.29 -173.88 62.03
v 134.90 -174.01 62.03
v 134.86 -173.36 61.79
v 134.86 -173.36 61.79
v 134.90 -174.01 62.03
v 137.29 -173.88 62.03
v 137.26 -173.23 61.79
v 137.26 -173.23 61.79
v 136.55 -176.19 62.00
v 134.28 -178.12 63.29
v 134.86 -173.36 61.79
v 134.83 -172.77 63.96
v 135.02 -176.29 63.96
v 137.42 -176.17 63.96
v 137.23 -172.65 63.96
v 137.42 -176.23 66.38
v 137.64 -180.41 66.86
v 135.25 -180.53 66.86
v 135.18 -179.23 66.14
v 135.18 -179.23 66.14
v 135.25 -180.53 66.86
v 137.64 -180.41 66.86
v 137.42 -176.23 66.38
v 137.57 -179.10 66.14
v 137.64 -180.41 66.86
v 135.25 -180.53 66.86
v 135.18 -179.23 66.14
v 135.15 -178.64 68.31
v 135.34 -182.17 68.31
v 137.73 -182.04 68.31
v 137.54 -178.51 68.31
v 135.18 -179.23 66.14
v 135.25 -180.53 66.86
v 135.34 -182.17 68.31
v 135.15 -178.64 68.31
v 135.25 -180.53 66.86
v 137.64 -180.41 66.86
v 137.73 -182.04 68.31
v 135.34 -182.17 68.31
v 89.62 -167.60 59.60
v 92.17 -166.54 59.60
v 89.62 -164.00 66.50
v 92.17 -166.54 59.60
v 93.22 -164.00 59.60
v 89.62 -164.00 66.50
v 133.07 -163.88 42.00
v 131.87 -163.88 42.00
v 131.87 -163.88 46.50
v 133.07 -163.88 46.50
v 131.87 -163.88 42.00
v 133.07 -163.88 42.00
v 133.07 -163.88 46.50
v 131.87 -163.88 46.50
v 136.07 -163.88 45.60
v 135.02 -161.34 45.60
v 132.47 -163.88 52.50
v 135.02 -161.34 45.60
v 132.47 -160.28 45.60
v 132.47 -163.88 52.50
v 28.24 -189.06 48.49
v 30.04 -198.90 48.49
v 30.04 -198.90 71.95
v 28.24 -189.06 71.95
v 81.69 -190.81 44.30
v 91.55 -186.28 44.30
v 95.72 -195.37 44.30
v 85.87 -199.90 44.30
v 85.87 -199.90 73.97
v 95.72 -195.37 73.97
v 91.55 -186.28 73.97
v 81.69 -190.81 73.97
v 85.87 -199.90 44.30
v 95.72 -195.37 44.30
v 95.72 -195.37 73.97
v 85.87 -199.90 73.97
v 95.72 -195.37 44.30
v 91.55 -186.28 44.30
v 91.55 -186.28 73.97
v 95.72 -195.37 73.97
v 91.55 -186.28 44.30
v 81.69 -190.81 44.30
v 81.69 -190.81 73.97
v 91.55 -186.28 73.97
v -99.10 -183.14 54.00
v -69.87 -196.16 54.00
v -64.17 -183.38 54.00
v -93.40 -170.35 54.00
v -99.10 -183.14 51.50
v -69.87 -196.16 51.50
v -69.87 -196.16 54.00
v -99.10 -183.14 54.00
v -69.87 -196.16 51.50
v -64.17 -183.38 51.50
v -64.17 -183.38 54.00
v -69.87 -196.16 54.00
v -64.17 -183.38 51.50
v -93.40 -170.35 51.50
v -93.40 -170.35 54.00
v -64.17 -183.38 54.00
v -93.40 -170.35 51.50
v -99.10 -183.14 51.50
v -99.10 -183.14 54.00
v -93.40 -170.35 54.00
v 10.88 -219.77 51.50
v 42.64 -215.87 51.50
v 44.35 -229.77 51.50
v 12.59 -233.67 51.50
v -186.80 79.27 13.34
v -191.70 66.54 13.34
v -191.70 66.54 32.42
v -186.80 79.27 32.42
v -191.70 66.54 13.34
v -182.37 62.95 13.34
v -182.37 62.95 32.42
v -191.70 66.54 32.42
v -182.37 62.95 13.34
v -177.47 75.68 13.34
v -177.47 75.68 32.42
v -182.37 62.95 32.42
v -177.47 75.68 13.34
v -186.80 79.27 13.34
v -186.80 79.27 32.42
v -177.47 75.68 32.42
v -221.70 23.94 31.39
v -222.84 8.10 31.39
v -212.87 7.38 31.39
v -211.73 23.22 31.39
v -221.70 23.94 15.53
v -222.84 8.10 15.53
v -222.84 8.10 31.39
v -221.70 23.94 31.39

usemtl mat_wood
v 109.88 -171.06 74.22
v 110.04 -171.52 74.22
v 108.61 -172.03 74.22
v 108.61 -172.03 76.83
v 110.04 -171.52 76.83
v 109.88 -171.06 76.83
v 130.51 -168.36 74.84
v 132.17 -169.07 74.84
v 132.17 -169.07 78.07
v 130.51 -168.36 78.07
v 133.44 -164.38 80.69
v 134.40 -163.84 80.69
v 134.40 -163.84 83.89
v 133.44 -164.38 83.89
v 134.40 -163.84 80.69
v 133.44 -164.38 80.69
v 133.44 -164.38 83.89
v 134.40 -163.84 83.89
v 122.54 -156.31 68.80
v 128.52 -152.99 68.80
v 131.84 -159.00 68.80
v 125.86 -162.31 68.80
v 125.86 -162.31 80.69
v 131.84 -159.00 80.69
v 128.52 -152.99 80.69
v 122.54 -156.31 80.69
v 125.86 -162.31 68.80
v 131.84 -159.00 68.80
v 131.84 -159.00 80.69
v 125.86 -162.31 80.69
v -9.95 -174.79 86.00
v -12.78 -172.73 86.00
v -14.54 -178.12 92.00
v -12.78 -172.73 86.00
v -16.29 -172.73 86.00
v -14.54 -178.12 92.00
v -16.29 -172.73 86.00
v -17.93 -175.66 86.00
v -14.54 -178.12 92.00
v -17.93 -175.66 86.00
v -20.21 -178.12 86.00
v -14.54 -178.12 92.00
v -20.21 -178.12 86.00
v -17.93 -180.59 86.00
v -14.54 -178.12 92.00
v -17.93 -180.59 86.00
v -16.29 -183.52 86.00
v -14.54 -178.12 92.00
v -67.51 -172.48 67.49
v -68.61 -171.32 67.49
v -68.61 -171.32 70.78
v -67.51 -172.48 70.78
v -65.40 -171.32 67.49
v -64.29 -172.48 67.49
v -64.29 -172.48 70.78
v -65.40 -171.32 70.78
v -64.29 -172.48 67.49
v -65.40 -171.32 67.49
v -65.40 -171.32 70.78
v -64.29 -172.48 70.78
v -58.43 -155.58 54.80
v -52.90 -161.37 54.80
v -58.77 -166.96 54.80
v -64.29 -161.18 54.80
v -64.29 -161.18 66.60
v -58.77 -166.96 66.60
v -52.90 -161.37 66.60
v -58.43 -155.58 66.60
v -64.29 -161.18 54.80
v -58.77 -166.96 54.80
v -58.77 -166.96 66.60
v -64.29 -161.18 66.60
v -52.86 -192.64 76.05
v -51.66 -184.46 71.32
v -45.57 -189.50 71.32
v -48.44 -186.96 76.05
v -55.73 -190.10 71.32
v -51.66 -184.46 71.32
v -52.86 -192.64 76.05
v -49.69 -194.79 71.32
v -48.44 -186.96 76.05
v -45.57 -189.50 71.32
v -49.34 -188.75 71.32
v -47.80 -188.55 71.32
v -48.47 -189.42 71.32
v -49.34 -188.75 74.52
v -48.47 -189.42 74.52
v -47.80 -188.55 74.52
v -49.34 -188.75 71.32
v -48.47 -189.42 71.32
v -48.47 -189.42 74.52
v -49.34 -188.75 74.52
v -18.43 -195.95 66.17
v -15.05 -189.84 66.17
v -14.57 -189.70 70.75
v -18.29 -196.43 70.75
v -15.05 -189.84 66.17
v -21.45 -186.30 66.17
v -21.59 -185.83 70.75
v -14.57 -189.70 70.75
v -21.45 -186.30 66.17
v -24.83 -192.42 66.17
v -25.31 -192.55 70.75
v -21.59 -185.83 70.75
v -18.29 -196.43 70.75
v -25.31 -192.55 70.75
v -21.92 -194.71 75.72
v -17.96 -187.55 75.72
v -21.92 -194.71 75.72
v -21.59 -185.83 70.75
v -14.57 -189.70 70.75
v -17.96 -187.55 75.72
v -25.31 -192.55 70.75
v -21.59 -185.83 70.75
v -21.92 -194.71 75.72
v 6.86 -202.34 67.07
v 4.55 -201.88 67.07
v 4.55 -201.88 70.23
v 6.86 -202.34 70.23
v 5.49 -185.08 54.80
v 13.56 -187.95 54.80
v 11.29 -194.36 54.80
v 3.21 -191.49 54.80
v 3.21 -191.49 64.56
v 11.29 -194.36 64.56
v 13.56 -187.95 64.56
v 5.49 -185.08 64.56
v 3.21 -191.49 54.80
v 11.29 -194.36 54.80
v 11.29 -194.36 64.56
v 3.21 -191.49 64.56
v 11.29 -194.36 54.80
v 13.56 -187.95 54.80
v 13.56 -187.95 64.56
v 11.29 -194.36 64.56
v 13.56 -187.95 54.80
v 5.49 -185.08 54.80
v 5.49 -185.08 64.56
v 13.56 -187.95 64.56
v 112.18 -211.45 59.42
v 113.25 -211.06 59.42
v 112.02 -210.99 59.42
v 113.25 -211.06 59.42
v 115.53 -211.06 59.42
v 114.46 -211.45 59.42
v 114.46 -211.45 59.42
v 115.53 -211.06 59.42
v 113.25 -211.06 59.42
v 112.02 -210.99 63.05
v 113.25 -211.06 63.05
v 112.18 -211.45 63.05
v 111.89 -212.07 64.06
v 113.25 -211.06 64.87
v 112.02 -210.99 64.87
v 112.18 -211.45 63.05
v 113.25 -211.06 63.05
v 113.25 -211.06 64.87
v 111.89 -212.07 64.06
v 130.05 -180.46 69.05
v 122.97 -176.39 63.29
v 131.85 -169.72 62.00
v 126.38 -173.82 69.05
v 127.15 -184.29 62.74
v 122.97 -176.39 63.29
v 130.05 -180.46 69.05
v 134.28 -178.12 63.29
v 126.38 -173.82 69.05
v 131.85 -169.72 62.00
v 126.24 -180.77 58.54
v 127.52 -180.07 58.54
v 127.52 -180.07 59.48
v 126.24 -180.77 59.48
v 127.52 -180.07 58.54
v 126.24 -180.77 58.54
v 126.24 -180.77 59.48
v 127.52 -180.07 59.48
v 128.91 -180.34 58.54
v 130.42 -180.07 58.54
v 129.15 -180.77 58.54
v 152.11 -178.38 54.80
v 159.17 -172.89 54.80
v 159.17 -172.89 65.41
v 153.54 -178.92 65.83
v 159.17 -172.89 54.80
v 154.54 -166.93 54.80
v 154.54 -166.93 65.41
v 159.17 -172.89 65.41
v 154.54 -166.93 54.80
v 147.48 -172.42 54.80
v 147.48 -172.42 65.41
v 154.54 -166.93 65.41
v 147.48 -172.42 54.80
v 152.11 -178.38 54.80
v 153.54 -178.92 65.83
v 147.48 -172.42 65.41
v 159.17 -172.89 65.41
v 153.54 -178.92 65.83
v 156.01 -176.11 71.50
v 150.64 -169.20 71.50
v 156.01 -176.11 71.50
v 146.63 -172.32 65.41
v 154.54 -166.93 65.41
v 150.64 -169.20 71.50
v 149.82 -167.94 66.88
v 148.56 -168.93 66.88
v 148.56 -168.93 69.97
v 149.82 -167.94 69.97
v 149.92 -164.64 74.06
v 149.24 -163.77 74.06
v 149.24 -163.77 77.27
v 149.92 -164.64 77.27
v 149.24 -163.77 74.06
v 149.92 -164.64 74.06
v 149.92 -164.64 77.27
v 149.24 -163.77 77.27
v 169.05 -161.16 54.80
v 174.22 -155.73 54.80
v 178.68 -159.98 54.80
v 173.50 -165.41 54.80
v 173.50 -165.41 65.97
v 178.68 -159.98 65.97
v 174.22 -155.73 65.97
v 169.05 -161.16 65.97
v 174.22 -155.73 54.80
v 169.05 -161.16 54.80
v 169.05 -161.16 65.97
v 174.22 -155.73 65.97
v -104.23 -162.89 45.63
v -103.02 -163.72 45.63
v -103.02 -163.72 47.66
v -104.23 -162.89 47.66
v -70.15 -210.76 40.80
v -77.28 -205.29 40.80
v -77.28 -205.29 54.21
v -70.15 -210.76 54.21
v -77.28 -205.29 40.80
v -81.38 -210.64 40.80
v -81.38 -210.64 54.21
v -77.28 -205.29 54.21
v -77.28 -205.29 54.21
v -70.15 -210.76 54.21
v -74.25 -216.11 54.21
v -81.88 -210.71 54.21
v -81.88 -210.71 59.71
v -74.19 -216.60 59.71
v -69.66 -210.70 59.71
v -77.34 -204.80 59.71
v -64.33 -195.79 64.38
v -62.43 -186.24 58.99
v -55.59 -191.49 58.99
v -58.86 -188.67 64.38
v -67.59 -192.97 58.99
v -62.43 -186.24 58.99
v -64.33 -195.79 64.38
v -60.75 -198.22 58.99
v -58.86 -188.67 64.38
v -55.59 -191.49 58.99
v -63.62 -195.78 46.48
v -62.55 -196.60 46.48
v -62.55 -196.60 49.36
v -63.62 -195.78 49.36
v -62.55 -196.60 46.48
v -63.62 -195.78 46.48
v -63.62 -195.78 49.36
v -62.55 -196.60 49.36
v -60.93 -195.78 46.48
v -59.86 -196.60 46.48
v -59.86 -196.60 49.36
v -60.93 -195.78 49.36
v -37.42 -196.75 60.67
v -39.52 -200.61 65.84
v -32.59 -204.39 65.84
v -30.48 -200.53 60.67
v -41.29 -204.37 60.67
v -39.52 -200.61 65.84
v -37.42 -196.75 60.67
v -34.80 -207.91 60.67
v -30.48 -200.53 60.67
v -32.59 -204.39 65.84
v -37.76 -206.12 46.81
v -36.79 -206.65 46.81
v -36.79 -206.65 50.03
v -37.76 -206.12 50.03
v -36.79 -206.65 46.81
v -37.76 -206.12 46.81
v -37.76 -206.12 50.03
v -36.79 -206.65 50.03
v -36.79 -206.65 46.81
v -34.59 -206.65 46.81
v -34.59 -206.65 50.03
v -36.79 -206.65 50.03
v -10.63 -226.22 40.80
v -8.30 -219.57 40.80
v -8.30 -219.57 52.18
v -10.63 -226.22 52.18
v -8.30 -219.57 40.80
v -16.21 -216.79 40.80
v -16.21 -216.79 52.18
v -8.30 -219.57 52.18
v -16.21 -216.79 40.80
v -18.55 -223.45 40.80
v -18.55 -223.45 52.18
v -16.21 -216.79 52.18
v -16.21 -216.79 52.18
v -8.30 -219.57 52.18
v -10.42 -226.67 52.18
v -18.55 -223.45 52.18
v -19.77 -224.14 56.00
v -10.42 -226.67 56.77
v -7.85 -219.35 56.77
v -16.43 -216.35 56.77
v -18.55 -223.45 52.18
v -10.42 -226.67 52.18
v -10.42 -226.67 56.77
v -19.77 -224.14 56.00
v 19.09 -217.56 58.02
v 20.17 -217.75 58.02
v 20.17 -217.75 61.22
v 19.09 -217.56 61.22
v 20.17 -217.75 58.02
v 19.09 -217.56 58.02
v 19.09 -217.56 61.22
v 20.17 -217.75 61.22
v 41.85 -240.71 40.80
v 50.15 -240.71 40.80
v 50.15 -249.08 40.80
v 41.85 -249.08 40.80
v 41.85 -249.08 55.01
v 50.15 -249.08 55.01
v 50.15 -240.71 55.01
v 42.68 -242.00 56.00
v 41.85 -249.08 40.80
v 50.15 -249.08 40.80
v 50.15 -249.08 55.01
v 41.85 -249.08 55.01
v 50.15 -249.08 40.80
v 50.15 -240.71 40.80
v 50.15 -240.71 55.01
v 50.15 -249.08 55.01
v 106.90 -235.78 45.26
v 108.37 -235.27 45.26
v 108.37 -235.27 46.93
v 106.90 -235.78 46.93
v 108.37 -235.27 45.26
v 106.74 -235.32 45.26
v 106.74 -235.32 46.93
v 108.37 -235.27 46.93
v 106.74 -235.32 45.26
v 106.90 -235.78 45.26
v 106.90 -235.78 46.93
v 106.74 -235.32 46.93
v 108.37 -235.27 45.26
v 111.50 -235.27 45.26
v 110.03 -235.78 45.26
v 110.03 -235.78 46.93
v 111.50 -235.27 46.93
v 108.37 -235.27 46.93
v 110.03 -235.78 45.26
v 111.50 -235.27 45.26
v 111.50 -235.27 46.93
v 110.03 -235.78 46.93
v 106.80 -213.42 53.42
v 100.30 -206.89 58.82
v 104.24 -206.14 53.42
v 102.56 -215.28 45.36
v 103.84 -214.84 45.36
v 103.84 -214.84 47.13
v 102.56 -215.28 47.13
v 103.84 -214.84 45.36
v 102.56 -215.28 45.36
v 102.56 -215.28 47.13
v 103.84 -214.84 47.13
v 102.56 -215.28 48.89
v 103.84 -214.84 48.89
v 103.84 -214.84 50.65
v 102.56 -215.28 50.65
v 103.84 -214.84 48.89
v 102.56 -215.28 48.89
v 102.56 -215.28 50.65
v 103.84 -214.84 50.65
v 103.73 -210.47 53.42
v 103.37 -209.44 53.42
v 103.37 -209.44 56.62
v 103.73 -210.47 56.62
v 129.23 -212.06 52.93
v 135.46 -208.66 52.93
v 135.93 -208.80 57.84
v 129.09 -212.53 57.84
v 135.46 -208.66 52.93
v 132.26 -202.06 52.93
v 132.26 -202.06 57.84
v 135.93 -208.80 57.84
v 132.26 -202.06 52.93
v 125.89 -205.93 52.93
v 125.41 -205.79 57.84
v 132.26 -202.06 57.84
v 125.89 -205.93 52.93
v 129.23 -212.06 52.93
v 129.09 -212.53 57.84
v 125.41 -205.79 57.84
v 135.93 -208.80 57.84
v 129.09 -212.53 57.84
v 132.63 -210.89 62.67
v 128.71 -203.71 62.67
v 132.63 -210.89 62.67
v 125.07 -205.69 57.84
v 132.26 -202.06 57.84
v 128.71 -203.71 62.67
v 154.52 -196.81 45.24
v 155.16 -195.69 45.24
v 155.16 -195.69 46.88
v 154.52 -196.81 46.88
v 155.16 -195.69 45.24
v 154.52 -196.81 45.24
v 154.52 -196.81 46.88
v 155.16 -195.69 46.88
v 141.46 -182.76 40.80
v 147.59 -178.06 40.80
v 152.54 -184.51 40.80
v 146.41 -189.22 40.80
v 146.41 -189.22 54.59
v 152.54 -184.51 54.59
v 147.59 -178.06 54.59
v 141.46 -182.76 54.59
v 146.41 -189.22 40.80
v 152.54 -184.51 40.80
v 152.54 -184.51 54.59
v 146.41 -189.22 54.59
v 152.54 -184.51 40.80
v 147.59 -178.06 40.80
v 147.59 -178.06 54.59
v 152.54 -184.51 54.59
v -179.61 38.95 38.45
v -182.08 32.59 38.45
v -174.18 29.53 38.45
v -171.72 35.88 38.45
v -179.61 38.95 28.80
v -182.08 32.59 28.80
v -182.08 32.59 38.45
v -179.61 38.95 38.45
v -182.08 32.59 28.80
v -174.18 29.53 28.80
v -174.18 29.53 38.45
v -182.08 32.59 38.45
v -171.72 35.88 28.80
v -179.61 38.95 28.80
v -179.61 38.95 38.45
v -171.72 35.88 38.45
v -179.96 39.73 38.45
v -182.86 32.25 38.45
v -178.35 30.50 44.21
v -175.45 37.98 44.21
v -179.96 39.73 38.45
v -175.45 37.98 44.21
v -170.94 36.23 38.45
v -186.58 -19.56 45.85
v -178.83 -16.75 41.25
v -179.51 -24.43 41.25
v -179.03 -20.48 45.85
v -185.88 -15.88 41.25
v -178.83 -16.75 41.25
v -186.58 -19.56 45.85
v -187.06 -23.50 41.25
v -179.03 -20.48 45.85
v -179.51 -24.43 41.25
v -181.25 -18.21 41.25
v -180.29 -19.44 41.25
v -180.29 -19.44 44.45
v -181.25 -18.21 44.45
v -180.29 -19.44 41.25
v -181.25 -18.21 41.25
v -181.25 -18.21 44.45
v -180.29 -19.44 44.45
v -204.81 -41.69 28.80
v -204.81 -50.31 28.80
v -212.31 -50.31 28.80
v -212.31 -41.69 28.80
v -126.40 -205.00 39.04
v -127.24 -204.15 39.04
v -127.24 -204.15 41.52
v -126.40 -205.00 41.52
v -117.99 -198.46 38.06
v -125.41 -190.88 38.06
v -121.70 -194.67 44.46
v -115.62 -188.71 44.46
v -121.70 -194.67 44.46
v -119.34 -185.77 38.06
v -111.91 -192.50 38.06
v -115.62 -188.71 44.46
v -125.41 -190.88 38.06
v -119.34 -185.77 38.06
v -121.70 -194.67 44.46
v -117.99 -198.46 38.06
v -115.62 -188.71 44.46
v -111.91 -192.50 38.06
v -114.51 -182.44 41.75
v -109.32 -187.73 41.75
v -104.44 -182.94 41.75
v -109.62 -177.65 41.75
v -31.59 -235.70 44.55
v -29.01 -228.25 44.55
v -30.06 -232.05 49.43
v -32.51 -229.81 44.55
v -32.15 -228.77 44.55
v -32.15 -228.77 47.75
v -32.51 -229.81 47.75
v -32.15 -228.77 44.55
v -32.51 -229.81 44.55
v -32.51 -229.81 47.75
v -32.15 -228.77 47.75
v -35.06 -221.63 41.10
v -27.33 -224.31 41.10
v -24.80 -217.00 41.10
v -32.53 -214.33 41.10
v -27.17 -224.63 41.10
v -35.37 -221.79 41.10
v -31.27 -223.21 46.18
v -28.58 -215.43 46.18
v -31.27 -223.21 46.18
v -32.53 -214.33 41.10
v -24.80 -217.00 41.10
v -28.58 -215.43 46.18
v 26.25 -236.45 41.09
v 26.25 -229.50 41.09
v 30.00 -236.70 45.71
v 33.75 -236.45 41.09
v 30.00 -229.25 45.71
v 33.75 -229.50 41.09
v 62.47 -259.69 41.72
v 69.68 -258.47 41.72
v 68.28 -250.15 41.72
v 61.06 -251.38 41.72
v 62.47 -259.69 41.72
v 69.68 -258.47 41.72
v 69.57 -254.21 47.46
v 61.17 -255.63 47.46
v -193.56 -103.16 46.00
v -194.65 -99.83 46.00
v -199.24 -103.16 52.00
v -194.65 -99.83 46.00
v -197.48 -97.77 46.00
v -199.24 -103.16 52.00
v -197.48 -97.77 46.00
v -200.99 -97.77 46.00
v -199.24 -103.16 52.00
v -200.99 -97.77 46.00
v -202.63 -100.69 46.00
v -199.24 -103.16 52.00
v -202.63 -100.69 46.00
v -204.91 -103.16 46.00
v -199.24 -103.16 52.00
v -204.91 -103.16 46.00
v -202.63 -105.63 46.00
v -199.24 -103.16 52.00
v 136.91 -166.77 59.62
v 137.10 -170.30 59.62
v 134.71 -170.43 59.62
v 134.53 -167.23 59.62
v 134.53 -167.23 59.62
v 134.71 -170.43 59.62
v 137.10 -170.30 59.62
v 136.91 -166.77 59.62
v 136.95 -167.43 59.86
v 137.10 -170.30 59.62
v 134.71 -170.43 59.62
v 134.53 -167.23 59.62
v 134.53 -167.23 59.62
v 134.71 -170.43 59.62
v 137.10 -170.30 59.62
v 136.95 -167.43 59.86
v 136.95 -167.43 59.86
v 137.10 -170.30 59.62
v 134.71 -170.43 59.62
v 134.53 -167.23 59.62
v 134.53 -167.23 59.62
v 134.71 -170.43 59.62
v 137.10 -170.30 59.62
v 136.95 -167.43 59.86
v 134.86 -173.36 61.79
v 134.28 -178.12 63.29
v 135.02 -176.29 63.96
v 134.83 -172.77 63.96
v 134.28 -178.12 63.29
v 136.55 -176.19 62.00
v 137.42 -176.17 63.96
v 135.02 -176.29 63.96
v 136.55 -176.19 62.00
v 137.26 -173.23 61.79
v 137.23 -172.65 63.96
v 137.42 -176.17 63.96
v 137.26 -173.23 61.79
v 134.86 -173.36 61.79
v 134.83 -172.77 63.96
v 137.23 -172.65 63.96
v 137.23 -172.65 63.96
v 137.42 -176.17 63.96
v 135.02 -176.29 63.96
v 134.83 -172.77 63.96
v 134.83 -172.77 63.96
v 135.02 -176.29 63.96
v 137.42 -176.17 63.96
v 137.23 -172.65 63.96
v 137.64 -180.41 66.86
v 137.57 -179.10 66.14
v 137.54 -178.51 68.31
v 137.73 -182.04 68.31
v 137.57 -179.10 66.14
v 135.18 -179.23 66.14
v 135.15 -178.64 68.31
v 137.54 -178.51 68.31
v 137.54 -178.51 68.31
v 137.73 -182.04 68.31
v 135.34 -182.17 68.31
v 135.15 -178.64 68.31
v 135.15 -178.64 68.31
v 135.34 -182.17 68.31
v 137.73 -182.04 68.31
v 137.54 -178.51 68.31
v 137.54 -178.51 68.31
v 137.77 -182.69 68.55
v 135.37 -182.82 68.55
v 135.15 -178.64 68.31
v 135.15 -178.64 68.31
v 135.37 -182.82 68.55
v 137.77 -182.69 68.55
v 137.54 -178.51 68.31
v 132.47 -160.28 45.60
v 129.93 -161.34 45.60
v 132.47 -163.88 52.50
v 129.93 -161.34 45.60
v 128.87 -163.88 45.60
v 132.47 -163.88 52.50
v 128.87 -163.88 45.60
v 129.93 -166.43 45.60
v 132.47 -163.88 52.50
v 129.93 -166.43 45.60
v 132.47 -167.48 45.60
v 132.47 -163.88 52.50
v 132.47 -167.48 45.60
v 135.02 -166.43 45.60
v 132.47 -163.88 52.50
v 135.02 -166.43 45.60
v 136.07 -163.88 45.60
v 132.47 -163.88 52.50
v 81.69 -190.81 44.30
v 85.87 -199.90 44.30
v 85.87 -199.90 73.97
v 81.69 -190.81 73.97
v 122.99 -175.46 49.34
v 141.33 -161.06 49.34
v 147.50 -168.92 49.34
v 129.17 -183.32 49.34
v 129.17 -183.32 72.74
v 147.50 -168.92 72.74
v 141.33 -161.06 72.74
v 122.99 -175.46 72.74
v 129.17 -183.32 49.34
v 147.50 -168.92 49.34
v 147.50 -168.92 72.74
v 129.17 -183.32 72.74
v 147.50 -168.92 49.34
v 141.33 -161.06 49.34
v 141.33 -161.06 72.74
v 147.50 -168.92 72.74
v 141.33 -161.06 49.34
v 122.99 -175.46 49.34
v 122.99 -175.46 72.74
v 141.33 -161.06 72.74
v 12.59 -233.67 54.00
v 44.35 -229.77 54.00
v 42.64 -215.87 54.00
v 10.88 -219.77 54.00
v 12.59 -233.67 51.50
v 44.35 -229.77 51.50
v 44.35 -229.77 54.00
v 12.59 -233.67 54.00
v 44.35 -229.77 51.50
v 42.64 -215.87 51.50
v 42.64 -215.87 54.00
v 44.35 -229.77 54.00
v 42.64 -215.87 51.50
v 10.88 -219.77 51.50
v 10.88 -219.77 54.00
v 42.64 -215.87 54.00
v 10.88 -219.77 51.50
v 12.59 -233.67 51.50
v 12.59 -233.67 54.00
v 10.88 -219.77 54.00
v 124.97 -205.73 51.50
v 151.16 -187.34 51.50
v 159.21 -198.79 51.50
v 133.02 -217.19 51.50
v -222.84 8.10 15.53
v -212.87 7.38 15.53
v -212.87 7.38 31.39
v -222.84 8.10 31.39
v -212.87 7.38 15.53
v -211.73 23.22 15.53
v -211.73 23.22 31.39
v -212.87 7.38 31.39
v -211.73 23.22 15.53
v -221.70 23.94 15.53
v -221.70 23.94 31.39
v -211.73 23.22 31.39
v -228.94 -39.26 32.89
v -225.74 -54.76 32.89
v -215.94 -52.74 32.89
v -219.15 -37.24 32.89
v -228.94 -39.26 14.62
v -225.74 -54.76 14.62
v -225.74 -54.76 32.89
v -228.94 -39.26 32.89
v -225.74 -54.76 14.62
v -215.94 -52.74 14.62
v -215.94 -52.74 32.89
v -225.74 -54.76 32.89

usemtl mat_terracotta
v 108.61 -172.03 74.22
v 110.04 -171.52 74.22
v 110.04 -171.52 76.83
v 108.61 -172.03 76.83
v 110.04 -171.52 74.22
v 109.88 -171.06 74.22
v 109.88 -171.06 76.83
v 110.04 -171.52 76.83
v 99.73 -157.81 80.65
v 100.90 -161.85 85.89
v 108.90 -159.00 85.89
v 107.26 -155.12 80.65
v 102.48 -166.71 80.82
v 100.90 -161.85 85.89
v 99.73 -157.81 80.65
v 110.75 -163.77 80.82
v 107.26 -155.12 80.65
v 108.90 -159.00 85.89
v 103.19 -164.59 73.21
v 104.34 -164.18 73.21
v 104.34 -164.18 74.82
v 103.19 -164.59 74.82
v -95.58 -160.04 72.23
v -91.24 -151.77 66.52
v -85.51 -158.73 66.52
v -88.31 -154.83 72.23
v -98.37 -156.15 66.52
v -91.24 -151.77 66.52
v -95.58 -160.04 72.23
v -92.64 -163.10 66.52
v -88.31 -154.83 72.23
v -85.51 -158.73 66.52
v -94.00 -160.74 59.18
v -93.60 -160.46 59.18
v -93.60 -160.46 60.77
v -94.00 -160.74 60.77
v -75.90 -179.74 60.38
v -74.99 -180.69 60.38
v -74.64 -180.35 60.38
v -75.90 -179.74 58.99
v -74.99 -180.69 58.99
v -74.99 -180.69 60.38
v -75.90 -179.74 60.38
v -74.99 -180.69 58.99
v -74.64 -180.35 58.99
v -74.64 -180.35 60.38
v -74.99 -180.69 60.38
v -74.64 -180.35 58.99
v -75.90 -179.74 58.99
v -75.90 -179.74 60.38
v -74.64 -180.35 60.38
v -58.77 -166.96 54.80
v -52.90 -161.37 54.80
v -52.90 -161.37 66.60
v -58.77 -166.96 66.60
v -52.90 -161.37 54.80
v -58.43 -155.58 54.80
v -58.43 -155.58 66.60
v -52.90 -161.37 66.60
v -58.43 -155.58 54.80
v -64.29 -161.18 54.80
v -64.29 -161.18 66.60
v -58.43 -155.58 66.60
v -64.29 -161.18 66.60
v -58.79 -167.81 66.60
v -55.42 -164.60 72.11
v -61.77 -157.94 72.11
v -48.47 -189.42 71.32
v -47.80 -188.55 71.32
v -47.80 -188.55 74.52
v -48.47 -189.42 74.52
v -47.80 -188.55 71.32
v -49.34 -188.75 71.32
v -49.34 -188.75 74.52
v -47.80 -188.55 74.52
v -45.23 -177.02 54.80
v -39.60 -181.40 54.80
v -43.42 -186.30 54.80
v -49.05 -181.93 54.80
v -49.05 -181.93 65.35
v -43.42 -186.30 65.35
v -39.60 -181.40 65.35
v -45.23 -177.02 65.35
v -0.14 -211.21 62.40
v 1.08 -211.64 62.40
v 1.08 -211.64 64.00
v -0.14 -211.21 64.00
v 1.08 -211.64 62.40
v 1.25 -211.18 62.40
v 1.25 -211.18 64.00
v 1.08 -211.64 64.00
v 1.25 -211.18 62.40
v -0.14 -211.21 62.40
v -0.14 -211.21 64.00
v 1.25 -211.18 64.00
v 2.46 -211.21 62.40
v 3.85 -211.18 62.40
v 3.85 -211.18 64.00
v 2.46 -211.21 64.00
v 5.49 -185.08 54.80
v 3.21 -191.49 54.80
v 3.21 -191.49 64.56
v 5.49 -185.08 64.56
v 5.28 -184.63 64.56
v 13.56 -187.95 64.56
v 11.29 -194.36 64.56
v 3.21 -191.49 64.56
v 2.76 -191.70 68.42
v 11.50 -194.81 68.42
v 14.01 -187.73 68.42
v 5.28 -184.63 68.42
v 3.21 -191.49 64.56
v 11.29 -194.36 64.56
v 11.50 -194.81 68.42
v 2.76 -191.70 68.42
v 58.00 -213.35 74.80
v 54.06 -205.24 69.44
v 61.94 -205.24 69.44
v 58.00 -204.64 74.80
v 54.06 -212.75 69.44
v 54.06 -205.24 69.44
v 58.00 -213.35 74.80
v 61.94 -212.75 69.44
v 58.00 -204.64 74.80
v 61.94 -205.24 69.44
v 56.00 -212.87 59.77
v 57.33 -212.87 59.77
v 57.33 -212.87 61.94
v 56.00 -212.87 61.94
v 61.37 -203.05 63.57
v 57.45 -203.17 62.62
v 57.45 -203.17 64.30
v 59.66 -203.17 64.30
v 82.08 -213.75 54.80
v 90.60 -212.27 54.80
v 91.74 -218.83 54.80
v 83.22 -220.31 54.80
v 83.22 -220.31 66.60
v 91.74 -218.83 66.60
v 90.60 -212.27 66.60
v 82.08 -213.75 66.60
v 83.22 -220.31 54.80
v 91.74 -218.83 54.80
v 91.74 -218.83 66.60
v 83.22 -220.31 66.60
v 84.26 -201.05 71.52
v 78.62 -194.15 65.57
v 87.25 -192.65 65.57
v 82.83 -192.81 71.52
v 79.85 -201.21 65.57
v 78.62 -194.15 65.57
v 84.26 -201.05 71.52
v 88.94 -202.13 65.26
v 82.83 -192.81 71.52
v 87.25 -192.65 65.57
v 81.33 -200.76 58.99
v 82.74 -200.02 58.99
v 82.82 -200.50 58.99
v 139.56 -197.67 69.30
v 131.76 -192.78 63.23
v 139.57 -188.47 63.23
v 135.37 -190.10 69.30
v 135.36 -199.31 63.23
v 131.76 -192.78 63.23
v 139.56 -197.67 69.30
v 143.17 -194.99 63.23
v 135.37 -190.10 69.30
v 139.57 -188.47 63.23
v 135.12 -197.65 58.53
v 136.71 -197.33 58.53
v 135.36 -198.07 58.53
v 129.15 -180.77 59.48
v 130.42 -180.07 59.48
v 128.91 -180.34 59.48
v 129.15 -180.77 58.54
v 130.42 -180.07 58.54
v 130.42 -180.07 59.48
v 129.15 -180.77 59.48
v 130.42 -180.07 58.54
v 128.91 -180.34 58.54
v 128.91 -180.34 59.48
v 130.42 -180.07 59.48
v 128.91 -180.34 58.54
v 129.15 -180.77 58.54
v 129.15 -180.77 59.48
v 128.91 -180.34 59.48
v 153.54 -178.92 65.83
v 146.63 -172.32 65.41
v 156.01 -176.11 71.50
v 159.17 -172.89 65.41
v 150.64 -169.20 71.50
v 154.54 -166.93 65.41
v 151.31 -176.97 58.96
v 152.24 -175.64 58.96
v 152.54 -176.02 58.96
v 151.31 -176.97 60.32
v 152.54 -176.02 60.32
v 152.24 -175.64 60.32
v 169.05 -161.16 54.80
v 173.50 -165.41 54.80
v 173.50 -165.41 65.97
v 169.05 -161.16 65.97
v 169.05 -161.16 65.97
v 174.22 -155.73 65.97
v 178.68 -159.98 65.97
v 173.50 -165.41 65.97
v 173.51 -165.90 70.45
v 179.17 -159.97 70.45
v 174.21 -155.24 70.45
v 168.55 -161.17 70.45
v 174.22 -155.73 65.97
v 169.05 -161.16 65.97
v 168.55 -161.17 70.45
v 174.21 -155.24 70.45
v -24.99 -211.90 72.00
v -23.90 -208.57 72.00
v -29.57 -208.57 78.00
v 146.29 -202.26 48.00
v 145.49 -199.79 48.00
v 145.49 -199.79 72.00
v 146.29 -202.26 72.00
v 145.49 -199.79 48.00
v 143.39 -198.27 48.00
v 143.39 -198.27 72.00
v 145.49 -199.79 72.00
v 143.39 -198.27 48.00
v 140.79 -198.27 48.00
v 140.79 -198.27 72.00
v 143.39 -198.27 72.00
v -120.11 -172.38 52.19
v -118.57 -172.62 52.19
v -118.57 -172.62 55.39
v -120.11 -172.38 55.39
v -118.57 -172.62 52.19
v -120.11 -172.38 52.19
v -120.11 -172.38 55.39
v -118.57 -172.62 55.39
v -111.29 -160.52 40.80
v -105.93 -167.91 40.80
v -112.73 -172.85 40.80
v -118.09 -165.46 40.80
v -118.09 -165.46 51.38
v -112.73 -172.85 51.38
v -105.93 -167.91 51.38
v -111.29 -160.52 51.38
v -81.88 -210.71 54.21
v -74.25 -216.11 54.21
v -74.19 -216.60 59.71
v -81.88 -210.71 59.71
v -74.25 -216.11 54.21
v -70.15 -210.76 54.21
v -69.66 -210.70 59.71
v -74.19 -216.60 59.71
v -34.59 -206.65 46.81
v -36.79 -206.65 46.81
v -36.79 -206.65 50.03
v -34.59 -206.65 50.03
v -37.76 -206.12 53.24
v -36.79 -206.65 53.24
v -36.79 -206.65 56.46
v -37.76 -206.12 56.46
v -36.79 -206.65 53.24
v -37.76 -206.12 53.24
v -37.76 -206.12 56.46
v -36.79 -206.65 56.46
v -36.79 -206.65 53.24
v -34.59 -206.65 53.24
v -34.59 -206.65 56.46
v -36.79 -206.65 56.46
v -10.42 -226.67 52.18
v -8.30 -219.57 52.18
v -7.85 -219.35 56.77
v -10.42 -226.67 56.77
v -8.30 -219.57 52.18
v -16.21 -216.79 52.18
v -16.43 -216.35 56.77
v -7.85 -219.35 56.77
v -16.21 -216.79 52.18
v -18.55 -223.45 52.18
v -19.77 -224.14 56.00
v -16.43 -216.35 56.77
v -10.42 -226.67 56.77
v -19.77 -224.14 56.00
v -14.79 -225.40 62.47
v -12.06 -217.62 62.47
v 50.15 -240.71 40.80
v 41.85 -240.71 40.80
v 42.68 -242.00 56.00
v 50.15 -240.71 55.01
v 41.85 -240.71 40.80
v 41.85 -249.08 40.80
v 41.85 -249.08 55.01
v 42.68 -242.00 56.00
v 41.50 -240.36 55.01
v 50.15 -240.71 55.01
v 50.15 -249.08 55.01
v 41.50 -249.43 55.01
v 41.50 -249.43 60.87
v 50.50 -249.43 60.87
v 50.50 -240.36 60.87
v 41.50 -240.36 60.87
v 43.86 -237.49 53.41
v 45.29 -237.49 53.41
v 45.29 -237.49 56.68
v 41.84 -237.37 55.07
v 45.29 -237.49 53.41
v 43.86 -237.49 53.41
v 41.84 -237.37 55.07
v 45.29 -237.49 56.68
v 41.50 -219.30 40.80
v 50.50 -219.30 40.80
v 50.50 -225.58 40.80
v 41.50 -225.58 40.80
v 41.50 -225.58 49.34
v 50.50 -225.58 49.34
v 50.50 -219.30 49.34
v 41.50 -219.30 49.34
v 111.50 -235.27 45.26
v 108.37 -235.27 45.26
v 108.37 -235.27 46.93
v 111.50 -235.27 46.93
v 108.37 -235.27 45.26
v 110.03 -235.78 45.26
v 110.03 -235.78 46.93
v 108.37 -235.27 46.93
v 106.74 -235.32 48.59
v 108.37 -235.27 48.59
v 105.98 -236.72 49.53
v 105.98 -236.72 49.53
v 108.37 -235.27 48.59
v 106.74 -235.32 48.59
v 159.84 -206.65 54.74
v 165.91 -202.00 54.74
v 160.77 -195.30 54.74
v 154.70 -199.96 54.74
v 159.90 -206.16 50.78
v 165.42 -201.93 50.78
v 165.91 -202.00 54.74
v 159.84 -206.65 54.74
v 165.42 -201.93 50.78
v 160.70 -195.79 50.78
v 160.77 -195.30 54.74
v 165.91 -202.00 54.74
v 160.70 -195.79 50.78
v 155.19 -200.02 50.78
v 154.70 -199.96 54.74
v 160.77 -195.30 54.74
v 147.59 -178.06 40.80
v 141.46 -182.76 40.80
v 141.46 -182.76 54.59
v 147.59 -178.06 54.59
v 141.46 -182.76 40.80
v 146.41 -189.22 40.80
v 146.41 -189.22 54.59
v 141.46 -182.76 54.59
v 146.41 -189.22 54.59
v 152.54 -184.51 54.59
v 150.54 -180.91 60.12
v 143.45 -186.35 60.12
v 140.61 -182.65 54.59
v 143.45 -186.35 60.12
v 150.54 -180.91 60.12
v 147.59 -178.06 54.59
v -178.09 2.08 37.85
v -177.79 3.26 37.85
v -177.79 3.26 39.93
v -178.09 2.08 39.93
v -175.35 3.26 37.85
v -174.45 1.21 38.98
v -175.65 2.08 39.93
v -175.35 3.26 39.93
v -174.45 1.21 38.98
v -175.35 3.26 37.85
v -175.35 3.26 39.93
v -175.65 2.08 39.93
v -207.24 -12.98 28.80
v -208.21 -20.97 28.80
v -214.45 -20.20 28.80
v -213.47 -12.22 28.80
v -192.22 -15.06 43.16
v -200.51 -14.05 43.16
v -200.82 -13.66 49.08
v -191.83 -14.76 49.08
v -200.82 -13.66 49.08
v -202.10 -22.07 49.08
v -197.35 -22.65 54.76
v -196.29 -13.96 54.76
v -191.83 -14.76 49.08
v -196.29 -13.96 54.76
v -197.35 -22.65 54.76
v -192.83 -22.95 49.08
v -200.82 -13.66 49.08
v -196.29 -13.96 54.76
v -191.83 -14.76 49.08
v -182.63 -49.88 32.41
v -182.14 -49.88 32.41
v -182.14 -49.88 33.21
v -182.63 -49.88 33.21
v -182.14 -49.88 32.41
v -182.14 -48.28 32.41
v -182.14 -48.28 33.21
v -182.14 -49.88 33.21
v -182.14 -48.28 32.41
v -182.63 -48.28 32.41
v -182.63 -48.28 33.21
v -182.14 -48.28 33.21
v -179.44 -48.28 32.41
v -179.44 -49.88 32.41
v -179.44 -49.88 33.21
v -179.44 -48.28 33.21
v -173.09 -120.79 28.80
v -180.90 -123.82 28.80
v -180.90 -123.82 40.69
v -173.09 -120.79 40.69
v -180.90 -123.82 40.69
v -178.22 -130.73 40.69
v -174.10 -129.77 46.39
v -177.22 -121.75 46.39
v -180.90 -123.82 40.69
v -177.22 -121.75 46.39
v -173.09 -120.79 40.69
v -177.35 -129.33 36.45
v -176.90 -130.49 36.45
v -176.90 -130.49 38.07
v -177.35 -129.33 38.07
v -162.44 -151.71 47.55
v -162.97 -150.75 47.55
v -162.97 -150.75 50.75
v -162.44 -151.71 50.75
v -155.47 -177.28 43.04
v -150.51 -184.02 43.04
v -144.06 -179.28 43.04
v -149.02 -172.54 43.04
v -150.64 -184.86 43.04
v -156.31 -177.16 43.04
v -153.47 -181.01 48.73
v -146.06 -175.55 48.73
v -153.47 -181.01 48.73
v -149.02 -172.54 43.04
v -144.06 -179.28 43.04
v -146.06 -175.55 48.73
v -109.62 -177.65 41.75
v -104.44 -182.94 41.75
v -109.32 -187.73 41.75
v -114.51 -182.44 41.75
v -115.00 -182.43 47.03
v -109.33 -188.22 47.03
v -103.94 -182.94 47.03
v -109.61 -177.15 47.03
v -114.51 -182.44 41.75
v -109.32 -187.73 41.75
v -109.33 -188.22 47.03
v -115.00 -182.43 47.03
v -109.32 -187.73 41.75
v -104.44 -182.94 41.75
v -103.94 -182.94 47.03
v -109.33 -188.22 47.03
v -90.81 -199.06 38.45
v -84.60 -203.01 38.45
v -81.71 -200.19 43.89
v -88.04 -195.40 43.89
v -85.15 -192.57 38.45
v -88.04 -195.40 43.89
v -81.71 -200.19 43.89
v -78.93 -196.52 38.45
v -90.81 -199.06 38.45
v -88.04 -195.40 43.89
v -85.15 -192.57 38.45
v -84.60 -203.01 38.45
v -78.93 -196.52 38.45
v -81.71 -200.19 43.89
v -35.37 -221.79 41.10
v -32.53 -214.33 41.10
v -31.27 -223.21 46.18
v -27.17 -224.63 41.10
v -28.58 -215.43 46.18
v -24.80 -217.00 41.10
v -28.43 -218.41 41.10
v -27.03 -217.73 41.10
v -27.03 -217.73 44.30
v -28.43 -218.41 44.30
v -27.03 -217.73 41.10
v -28.43 -218.41 41.10
v -28.43 -218.41 44.30
v -27.03 -217.73 44.30
v 64.29 -229.69 42.49
v 64.10 -228.61 42.49
v 64.10 -228.61 45.69
v 64.29 -229.69 45.69
v 64.10 -228.61 42.49
v 63.02 -228.79 42.49
v 63.02 -228.79 45.69
v 64.10 -228.61 45.69
v 63.02 -228.79 42.49
v 63.20 -229.88 42.49
v 63.20 -229.88 45.69
v 63.02 -228.79 45.69
v 103.60 -245.36 39.89
v 94.89 -249.00 39.89
v 99.63 -247.37 45.89
v 96.99 -239.73 45.89
v 69.32 -154.01 76.76
v 68.38 -151.33 75.55
v 68.26 -150.99 77.24
v 69.50 -154.54 77.24
v 68.38 -151.33 75.55
v 65.36 -149.98 74.83
v 65.99 -151.78 77.24
v 68.26 -150.99 77.24
v 68.26 -150.99 77.24
v 69.50 -154.54 77.24
v 67.24 -155.34 77.24
v 66.18 -152.32 77.24
v 66.18 -152.32 77.24
v 67.24 -155.34 77.24
v 69.50 -154.54 77.24
v 68.26 -150.99 77.24
v 71.20 -159.36 79.41
v 71.76 -160.97 79.90
v 69.87 -162.83 80.38
v 68.93 -160.15 79.41
v 68.93 -160.15 79.41
v 69.87 -162.83 80.38
v 71.76 -160.97 79.90
v 71.20 -159.36 79.41
v 71.20 -159.36 79.41
v 72.51 -163.11 80.86
v 69.87 -162.83 80.38
v 68.93 -160.15 79.41
v 68.93 -160.15 79.41
v 69.87 -162.83 80.38
v 72.51 -163.11 80.86
v 71.20 -159.36 79.41
v 136.95 -167.43 59.86
v 137.17 -171.60 60.34
v 134.78 -171.73 60.34
v 134.53 -167.23 59.62
v 134.53 -167.23 59.62
v 134.78 -171.73 60.34
v 137.17 -171.60 60.34
v 136.95 -167.43 59.86
v 136.95 -167.43 59.86
v 137.17 -171.60 60.34
v 134.78 -171.73 60.34
v 134.53 -167.23 59.62
v 134.53 -167.23 59.62
v 134.78 -171.73 60.34
v 137.17 -171.60 60.34
v 136.95 -167.43 59.86
v 137.23 -172.65 63.96
v 137.42 -176.17 63.96
v 135.02 -176.29 63.96
v 134.83 -172.77 63.96
v 134.83 -172.77 63.96
v 135.02 -176.29 63.96
v 137.42 -176.17 63.96
v 137.23 -172.65 63.96
v 137.23 -172.65 63.96
v 137.42 -176.17 63.96
v 135.02 -176.29 63.96
v 134.83 -172.77 63.96
v 134.83 -172.77 63.96
v 135.02 -176.29 63.96
v 137.42 -176.17 63.96
v 137.23 -172.65 63.96
v 175.43 -252.00 40.00
v 173.75 -256.00 40.00
v 173.75 -256.00 42.40
v 174.57 -252.42 42.40
v 173.75 -256.00 40.00
v 174.78 -258.64 40.00
v 175.07 -258.87 42.00
v 173.75 -256.00 42.40
v 116.59 -151.26 18.00
v 117.00 -150.46 18.00
v 117.00 -152.06 18.00
v 115.39 -152.06 18.00
v 115.39 -152.06 18.00
v 117.00 -152.06 18.00
v 117.00 -150.46 18.00
v 116.59 -151.26 18.00
v 122.99 -175.46 49.34
v 129.17 -183.32 49.34
v 129.17 -183.32 72.74
v 122.99 -175.46 72.74
v 165.44 -153.71 49.71
v 173.08 -160.16 49.71
v 173.08 -160.16 72.31
v 165.44 -153.71 72.31
v -89.85 -185.07 57.42
v -77.49 -190.58 57.42
v -73.42 -181.44 57.42
v -85.78 -175.94 57.42
v -89.85 -185.07 32.44
v -77.49 -190.58 32.44
v -77.49 -190.58 57.42
v -89.85 -185.07 57.42
v 133.02 -217.19 54.00
v 159.21 -198.79 54.00
v 151.16 -187.34 54.00
v 124.97 -205.73 54.00
v 133.02 -217.19 51.50
v 159.21 -198.79 51.50
v 159.21 -198.79 54.00
v 133.02 -217.19 54.00
v 159.21 -198.79 51.50
v 151.16 -187.34 51.50
v 151.16 -187.34 54.00
v 159.21 -198.79 54.00
v 151.16 -187.34 51.50
v 124.97 -205.73 51.50
v 124.97 -205.73 54.00
v 151.16 -187.34 54.00
v -215.94 -52.74 14.62
v -219.15 -37.24 14.62
v -219.15 -37.24 32.89
v -215.94 -52.74 32.89
v -219.15 -37.24 14.62
v -228.94 -39.26 14.62
v -228.94 -39.26 32.89
v -219.15 -37.24 32.89
v -207.21 -98.63 32.72
v -200.14 -112.28 32.72
v -191.26 -107.69 32.72
v -198.33 -94.04 32.72
v -207.21 -98.63 10.65
v -200.14 -112.28 10.65
v -200.14 -112.28 32.72
v -207.21 -98.63 32.72

usemtl mat_window
v 109.88 -171.06 74.22
v 108.61 -172.03 74.22
v 108.61 -172.03 76.83
v 109.88 -171.06 76.83
v 105.42 -171.56 79.45
v 107.01 -171.52 79.45
v 104.70 -172.95 80.82
v 105.58 -172.03 82.07
v 107.01 -171.52 82.07
v 105.42 -171.56 82.07
v 104.70 -172.95 80.82
v 107.01 -171.52 79.45
v 107.01 -171.52 82.07
v 105.58 -172.03 82.07
v 107.01 -171.52 79.45
v 105.42 -171.56 79.45
v 105.42 -171.56 82.07
v 107.01 -171.52 82.07
v 105.42 -171.56 79.45
v 104.70 -172.95 80.82
v 105.58 -172.03 82.07
v 105.42 -171.56 82.07
v 109.88 -171.06 79.45
v 110.04 -171.52 79.45
v 108.61 -172.03 79.45
v 108.61 -172.03 82.07
v 110.04 -171.52 82.07
v 109.88 -171.06 82.07
v 108.61 -172.03 79.45
v 110.04 -171.52 79.45
v 110.04 -171.52 82.07
v 108.61 -172.03 82.07
v 110.04 -171.52 79.45
v 109.88 -171.06 79.45
v 109.88 -171.06 82.07
v 110.04 -171.52 82.07
v 109.88 -171.06 79.45
v 108.61 -172.03 79.45
v 108.61 -172.03 82.07
v 109.88 -171.06 82.07
v 109.51 -166.81 85.68
v 110.54 -166.44 85.68
v 110.91 -167.48 85.68
v 109.88 -167.85 85.68
v 102.76 -165.28 77.35
v 109.63 -162.83 77.35
v 107.05 -155.57 77.35
v 100.17 -158.02 77.35
v 102.48 -166.71 68.80
v 109.63 -162.83 68.80
v 109.63 -162.83 77.35
v 102.76 -165.28 77.35
v 109.63 -162.83 68.80
v 107.05 -155.57 68.80
v 107.05 -155.57 77.35
v 109.63 -162.83 77.35
v 107.05 -155.57 68.80
v 100.17 -158.02 68.80
v 100.17 -158.02 77.35
v 107.05 -155.57 77.35
v 100.17 -158.02 68.80
v 102.48 -166.71 68.80
v 102.76 -165.28 77.35
v 100.17 -158.02 77.35
v 100.17 -158.02 77.35
v 107.05 -155.57 77.35
v 110.08 -163.04 77.35
v 102.76 -165.28 77.35
v 104.34 -164.18 74.82
v 105.63 -164.59 74.82
v 105.63 -164.59 78.04
v 104.34 -164.18 78.04
v 125.68 -163.76 68.80
v 133.17 -159.60 68.80
v 136.76 -166.09 68.80
v 129.27 -170.24 68.80
v 129.27 -170.24 77.37
v 136.76 -166.09 77.37
v 133.17 -159.60 77.37
v 125.68 -163.76 77.37
v 129.27 -170.24 68.80
v 136.76 -166.09 68.80
v 136.76 -166.09 77.37
v 129.27 -170.24 77.37
v 136.76 -166.09 68.80
v 133.17 -159.60 68.80
v 133.17 -159.60 77.37
v 136.76 -166.09 77.37
v 133.17 -159.60 68.80
v 125.68 -163.76 68.80
v 125.68 -163.76 77.37
v 133.17 -159.60 77.37
v 125.20 -163.62 77.37
v 129.27 -170.24 77.37
v 129.13 -170.72 80.69
v 125.20 -163.62 80.69
v 137.24 -166.22 80.69
v 129.13 -170.72 80.69
v 133.31 -168.69 86.52
v 129.13 -161.16 86.52
v 133.31 -168.69 86.52
v 125.20 -163.62 80.69
v 133.31 -159.13 80.69
v 129.13 -161.16 86.52
v 129.13 -170.72 80.69
v 125.20 -163.62 80.69
v 133.31 -168.69 86.52
v 137.24 -166.22 80.69
v 129.13 -161.16 86.52
v 133.31 -159.13 80.69
v 129.22 -169.07 73.22
v 130.51 -168.36 73.22
v 130.51 -168.36 74.84
v 129.22 -169.07 74.84
v 121.72 -156.07 80.69
v 123.68 -159.60 85.35
v 130.71 -155.70 85.35
v 128.52 -152.99 80.69
v 125.63 -163.12 80.69
v 123.68 -159.60 85.35
v 121.72 -156.07 80.69
v 133.31 -159.13 80.69
v 128.52 -152.99 80.69
v 130.71 -155.70 85.35
v 125.69 -161.44 73.22
v 126.44 -160.47 73.22
v 126.44 -160.47 74.83
v 125.69 -161.44 74.83
v 126.44 -160.47 73.22
v 125.69 -161.44 73.22
v 125.69 -161.44 74.83
v 126.44 -160.47 74.83
v 127.94 -161.44 73.22
v 128.69 -160.47 73.22
v 128.69 -160.47 74.83
v 127.94 -161.44 74.83
v 122.66 -153.83 73.28
v 121.68 -154.37 73.28
v 121.68 -154.37 74.96
v 122.66 -153.83 74.96
v 123.91 -154.37 73.28
v 124.88 -153.83 73.28
v 124.88 -153.83 74.96
v 123.91 -154.37 74.96
v 124.88 -153.83 73.28
v 123.91 -154.37 73.28
v 123.91 -154.37 74.96
v 124.88 -153.83 74.96
v 121.68 -154.37 74.96
v 122.66 -153.83 74.96
v 122.66 -153.83 78.33
v 121.68 -154.37 78.33
v 122.66 -153.83 74.96
v 121.68 -154.37 74.96
v 121.68 -154.37 78.33
v 122.66 -153.83 78.33
v 123.91 -154.37 74.96
v 124.88 -153.83 74.96
v 124.88 -153.83 78.33
v 123.91 -154.37 78.33
v 152.84 -156.50 86.33
v 144.98 -153.71 80.23
v 152.16 -147.35 80.23
v 148.15 -150.48 86.33
v 148.94 -158.79 80.23
v 144.98 -153.71 80.23
v 152.84 -156.50 86.33
v 156.85 -153.37 80.23
v 148.15 -150.48 86.33
v 152.16 -147.35 80.23
v 148.48 -157.25 73.13
v 149.40 -155.91 73.13
v 149.70 -156.30 73.13
v 148.48 -157.25 73.13
v 149.70 -156.30 73.13
v 149.40 -155.91 73.13
v 149.70 -156.30 73.13
v 152.51 -155.91 73.13
v 152.81 -156.30 73.13
v 149.70 -156.30 76.18
v 152.51 -155.91 76.18
v 152.81 -156.30 76.18
v 149.70 -156.30 77.70
v 152.81 -156.30 77.70
v 152.51 -155.91 77.70
v 149.70 -156.30 76.18
v 152.81 -156.30 76.18
v 152.81 -156.30 77.70
v 149.70 -156.30 77.70
v 152.81 -156.30 76.18
v 152.51 -155.91 76.18
v 152.51 -155.91 77.70
v 152.81 -156.30 77.70
v 152.51 -155.91 76.18
v 149.70 -156.30 76.18
v 149.70 -156.30 77.70
v 152.51 -155.91 77.70
v 144.75 -152.05 82.55
v 150.50 -147.56 82.55
v 150.99 -147.62 88.20
v 144.69 -152.54 88.20
v 133.95 -168.20 62.00
v 131.85 -169.72 62.00
v 131.85 -169.72 86.00
v 133.31 -168.69 86.52
v 131.85 -169.72 62.00
v 131.05 -172.19 62.00
v 131.05 -172.19 86.00
v 131.85 -169.72 86.00
v 131.05 -172.19 62.00
v 131.85 -174.66 62.00
v 131.85 -174.66 86.00
v 131.05 -172.19 86.00
v 131.85 -174.66 62.00
v 133.95 -176.19 62.00
v 133.95 -176.19 86.00
v 131.85 -174.66 86.00
v 133.95 -176.19 62.00
v 136.55 -176.19 62.00
v 136.55 -176.19 86.00
v 133.95 -176.19 86.00
v 136.55 -176.19 62.00
v 138.65 -174.66 62.00
v 138.65 -174.66 86.00
v 136.55 -176.19 86.00
v -93.60 -160.46 59.18
v -94.00 -160.74 59.18
v -94.00 -160.74 60.77
v -93.60 -160.46 60.77
v -90.72 -160.46 59.18
v -89.89 -161.63 59.18
v -91.12 -160.74 59.18
v -91.12 -160.74 60.77
v -89.89 -161.63 60.77
v -90.72 -160.46 60.77
v -91.12 -160.74 59.18
v -89.89 -161.63 59.18
v -89.89 -161.63 60.77
v -91.12 -160.74 60.77
v -89.89 -161.63 59.18
v -90.72 -160.46 59.18
v -90.72 -160.46 60.77
v -89.89 -161.63 60.77
v -90.72 -160.46 59.18
v -91.12 -160.74 59.18
v -91.12 -160.74 60.77
v -90.72 -160.46 60.77
v -90.72 -160.46 62.35
v -91.12 -160.74 62.35
v -91.12 -160.74 63.94
v -90.72 -160.46 63.94
v -82.36 -145.53 54.80
v -77.58 -152.20 54.80
v -84.07 -156.84 54.80
v -88.85 -150.17 54.80
v -88.85 -150.17 63.13
v -84.07 -156.84 63.13
v -77.58 -152.20 63.13
v -82.36 -145.53 63.13
v -88.85 -150.17 54.80
v -84.07 -156.84 54.80
v -84.07 -156.84 63.13
v -88.85 -150.17 63.13
v -84.07 -156.84 54.80
v -77.58 -152.20 54.80
v -77.58 -152.20 63.13
v -84.07 -156.84 63.13
v -82.28 -145.04 63.13
v -77.58 -152.20 63.13
v -84.07 -156.84 63.13
v -88.85 -150.17 63.13
v -89.34 -150.09 66.33
v -84.15 -157.33 66.33
v -77.09 -152.28 66.33
v -82.28 -145.04 66.33
v -88.85 -150.17 63.13
v -84.07 -156.84 63.13
v -84.15 -157.33 66.33
v -89.34 -150.09 66.33
v -84.07 -156.84 63.13
v -77.58 -152.20 63.13
v -77.09 -152.28 66.33
v -84.15 -157.33 66.33
v -84.15 -157.33 66.33
v -89.34 -150.09 66.33
v -86.95 -153.86 71.91
v -79.48 -148.51 71.91
v -84.15 -157.33 66.33
v -79.48 -148.51 71.91
v -76.75 -152.34 66.33
v -82.42 -154.62 59.15
v -81.21 -155.48 59.15
v -81.21 -155.48 60.69
v -82.42 -154.62 60.69
v -75.90 -179.74 61.77
v -74.99 -180.69 61.77
v -74.64 -180.35 61.77
v -74.64 -180.35 61.77
v -72.01 -180.35 61.77
v -72.37 -180.69 61.77
v -74.64 -180.35 61.77
v -72.37 -180.69 61.77
v -72.01 -180.35 61.77
v -67.11 -163.02 54.80
v -60.74 -169.69 54.80
v -65.44 -174.18 54.80
v -71.82 -167.51 54.80
v -71.82 -167.51 69.16
v -65.44 -174.18 69.16
v -60.74 -169.69 69.16
v -67.11 -163.02 69.16
v -71.82 -167.51 54.80
v -65.44 -174.18 54.80
v -65.44 -174.18 69.16
v -71.82 -167.51 69.16
v -65.44 -174.18 69.16
v -60.74 -169.69 69.16
v -60.24 -169.70 75.08
v -65.45 -174.68 75.08
v -60.74 -169.69 69.16
v -67.10 -162.52 69.16
v -67.10 -162.52 75.08
v -60.24 -169.70 75.08
v -67.10 -162.52 69.16
v -71.82 -167.51 69.16
v -72.31 -167.50 75.08
v -67.10 -162.52 75.08
v -65.45 -174.68 75.08
v -72.66 -167.49 75.08
v -69.06 -171.26 81.36
v -63.49 -165.94 81.36
v -69.06 -171.26 81.36
v -67.10 -162.52 75.08
v -60.24 -169.70 75.08
v -63.49 -165.94 81.36
v -72.66 -167.49 75.08
v -67.10 -162.52 75.08
v -69.06 -171.26 81.36
v -59.66 -165.86 59.20
v -59.31 -165.52 59.20
v -59.31 -165.52 60.80
v -59.66 -165.86 60.80
v -59.31 -165.52 59.20
v -60.60 -164.88 59.20
v -60.60 -164.88 60.80
v -59.31 -165.52 60.80
v -57.88 -164.88 59.20
v -56.94 -165.86 59.20
v -56.94 -165.86 60.80
v -57.88 -164.88 60.80
v -56.94 -165.86 59.20
v -57.88 -164.88 59.20
v -57.88 -164.88 60.80
v -56.94 -165.86 60.80
v -60.60 -164.88 62.40
v -59.31 -165.52 62.40
v -59.66 -165.86 62.40
v -60.60 -164.88 64.00
v -59.66 -165.86 64.00
v -59.31 -165.52 64.00
v -60.60 -164.88 62.40
v -59.66 -165.86 62.40
v -59.66 -165.86 64.00
v -60.60 -164.88 64.00
v -59.66 -165.86 62.40
v -59.31 -165.52 62.40
v -59.31 -165.52 64.00
v -59.66 -165.86 64.00
v -59.31 -165.52 62.40
v -60.60 -164.88 62.40
v -60.60 -164.88 64.00
v -59.31 -165.52 64.00
v -57.88 -164.88 62.40
v -56.94 -165.86 62.40
v -56.94 -165.86 64.00
v -57.88 -164.88 64.00
v -56.94 -165.86 62.40
v -57.88 -164.88 62.40
v -57.88 -164.88 64.00
v -56.94 -165.86 64.00
v -51.55 -185.30 54.80
v -46.06 -189.56 54.80
v -49.75 -194.30 54.80
v -55.23 -190.04 54.80
v -55.23 -190.04 66.57
v -49.75 -194.30 66.57
v -46.06 -189.56 66.57
v -51.55 -185.30 66.57
v -55.23 -190.04 54.80
v -49.75 -194.30 54.80
v -49.75 -194.30 66.57
v -55.23 -190.04 66.57
v -49.75 -194.30 54.80
v -46.06 -189.56 54.80
v -46.06 -189.56 66.57
v -49.75 -194.30 66.57
v -46.06 -189.56 54.80
v -51.55 -185.30 54.80
v -51.55 -185.30 66.57
v -46.06 -189.56 66.57
v -51.55 -185.30 54.80
v -55.23 -190.04 54.80
v -55.23 -190.04 66.57
v -51.55 -185.30 66.57
v -51.55 -185.30 66.57
v -46.06 -189.56 66.57
v -49.75 -194.30 66.57
v -55.23 -190.04 66.57
v -49.05 -181.93 54.80
v -43.42 -186.30 54.80
v -43.42 -186.30 65.35
v -49.05 -181.93 65.35
v -43.42 -186.30 54.80
v -39.60 -181.40 54.80
v -39.60 -181.40 65.35
v -43.42 -186.30 65.35
v -39.60 -181.40 54.80
v -45.23 -177.02 54.80
v -45.23 -177.02 65.35
v -39.60 -181.40 65.35
v -45.23 -177.02 54.80
v -49.05 -181.93 54.80
v -49.05 -181.93 65.35
v -45.23 -177.02 65.35
v -45.23 -177.02 65.35
v -39.11 -181.34 65.35
v -43.42 -186.30 65.35
v -49.05 -181.93 65.35
v -49.54 -181.99 69.56
v -43.36 -186.79 69.56
v -39.11 -181.34 69.56
v -45.29 -176.53 69.56
v -49.54 -181.99 69.56
v -45.29 -176.53 69.56
v -46.60 -184.59 74.41
v -43.31 -187.15 69.56
v -42.05 -178.74 74.41
v -39.11 -181.34 69.56
v -46.13 -184.48 59.79
v -45.19 -185.20 59.79
v -45.19 -185.20 61.98
v -46.13 -184.48 61.98
v -45.19 -185.20 59.79
v -46.13 -184.48 59.79
v -46.13 -184.48 61.98
v -45.19 -185.20 61.98
v -43.76 -184.48 59.79
v -42.82 -185.20 59.79
v -42.82 -185.20 61.98
v -43.76 -184.48 61.98
v -42.82 -185.20 59.79
v -43.76 -184.48 59.79
v -43.76 -184.48 61.98
v -42.82 -185.20 61.98
v -38.89 -177.32 63.57
v -36.46 -177.32 63.57
v -36.46 -177.32 65.56
v -38.89 -177.32 65.56
v -36.46 -177.32 63.57
v -38.89 -177.32 63.57
v -38.89 -177.32 65.56
v -36.46 -177.32 65.56
v -35.95 -171.53 68.55
v -33.08 -173.11 68.55
v -36.63 -172.40 68.55
v -36.63 -172.40 71.75
v -35.08 -172.21 71.75
v -35.95 -171.53 71.75
v -36.63 -172.40 68.55
v -33.08 -173.11 68.55
v -35.08 -172.21 71.75
v -36.63 -172.40 71.75
v -33.08 -173.11 68.55
v -35.95 -171.53 68.55
v -35.95 -171.53 71.75
v -35.08 -172.21 71.75
v -25.71 -203.71 59.29
v -27.02 -202.99 59.29
v -27.02 -202.99 60.98
v -25.71 -203.71 60.98
v -27.02 -202.99 62.68
v -25.71 -203.71 62.68
v -25.71 -203.71 64.37
v -27.02 -202.99 64.37
v -25.71 -203.71 62.68
v -27.02 -202.99 62.68
v -27.02 -202.99 64.37
v -25.71 -203.71 64.37
v -21.45 -186.30 54.80
v -15.05 -189.84 54.80
v -18.43 -195.95 54.80
v -24.83 -192.42 54.80
v -24.83 -192.42 66.17
v -18.43 -195.95 66.17
v -15.05 -189.84 66.17
v -21.45 -186.30 66.17
v -24.83 -192.42 54.80
v -18.43 -195.95 54.80
v -18.43 -195.95 66.17
v -24.83 -192.42 66.17
v -13.20 -188.27 68.75
v -13.09 -178.73 74.08
v -9.95 -181.15 68.75
v -14.49 -185.77 59.63
v -13.10 -185.99 59.63
v -13.10 -185.99 61.66
v -14.49 -185.77 61.66
v -13.10 -185.99 59.63
v -14.49 -185.77 59.63
v -14.49 -185.77 61.66
v -13.10 -185.99 61.66
v -14.49 -185.77 61.66
v -13.10 -185.99 61.66
v -13.10 -185.99 65.72
v -14.49 -185.77 65.72
v -13.10 -185.99 61.66
v -14.49 -185.77 61.66
v -14.49 -185.77 65.72
v -13.10 -185.99 65.72
v -0.71 -203.83 54.80
v 6.55 -206.41 54.80
v 4.41 -212.42 54.80
v -2.85 -209.84 54.80
v 0.58 -211.70 71.84
v -0.71 -203.83 66.60
v 7.32 -206.04 66.60
v 3.12 -204.55 71.84
v -2.85 -209.84 66.60
v -0.71 -203.83 66.60
v 0.58 -211.70 71.84
v 4.41 -212.42 66.60
v 3.12 -204.55 71.84
v 7.32 -206.04 66.60
v 1.25 -211.18 59.20
v 1.08 -211.64 59.20
v -0.14 -211.21 59.20
v -0.14 -211.21 60.80
v 1.08 -211.64 60.80
v 1.25 -211.18 60.80
v -0.14 -211.21 59.20
v 1.08 -211.64 59.20
v 1.08 -211.64 60.80
v -0.14 -211.21 60.80
v 3.85 -211.18 62.40
v 2.46 -211.21 62.40
v 2.46 -211.21 64.00
v 3.85 -211.18 64.00
v 3.76 -206.23 66.60
v 6.55 -206.41 66.60
v 4.43 -207.64 66.60
v 3.40 -207.27 66.60
v 3.40 -207.27 69.80
v 4.43 -207.64 69.80
v 4.80 -206.60 69.80
v 3.76 -206.23 69.80
v 3.40 -207.27 66.60
v 4.43 -207.64 66.60
v 4.43 -207.64 69.80
v 3.40 -207.27 69.80
v 4.43 -207.64 66.60
v 6.55 -206.41 66.60
v 4.80 -206.60 69.80
v 4.43 -207.64 69.80
v 6.55 -206.41 66.60
v 3.76 -206.23 66.60
v 3.76 -206.23 69.80
v 4.80 -206.60 69.80
v 3.76 -206.23 66.60
v 3.40 -207.27 66.60
v 3.40 -207.27 69.80
v 3.76 -206.23 69.80
v 2.69 -194.76 54.80
v 9.63 -197.23 54.80
v 7.56 -203.08 54.80
v 0.61 -200.61 54.80
v 0.61 -200.61 68.68
v 7.56 -203.08 68.68
v 9.63 -197.23 68.68
v 2.69 -194.76 68.68
v 0.61 -200.61 54.80
v 7.56 -203.08 54.80
v 7.56 -203.08 68.68
v 0.61 -200.61 68.68
v 7.56 -203.08 54.80
v 9.63 -197.23 54.80
v 9.63 -197.23 68.68
v 7.56 -203.08 68.68
v 9.63 -197.23 54.80
v 2.69 -194.76 54.80
v 2.69 -194.76 68.68
v 9.63 -197.23 68.68
v 2.69 -194.76 54.80
v 0.61 -200.61 54.80
v 0.61 -200.61 68.68
v 2.69 -194.76 68.68
v 2.69 -194.76 68.68
v 9.63 -197.23 68.68
v 7.56 -203.08 68.68
v 0.61 -200.61 68.68
v 0.16 -200.83 74.39
v 7.77 -203.53 74.39
v 10.08 -197.02 74.39
v 2.47 -194.32 74.39
v 0.61 -200.61 68.68
v 7.56 -203.08 68.68
v 7.77 -203.53 74.39
v 0.16 -200.83 74.39
v 7.56 -203.08 68.68
v 9.63 -197.23 68.68
v 10.08 -197.02 74.39
v 7.77 -203.53 74.39
v 9.63 -197.23 68.68
v 2.69 -194.76 68.68
v 2.47 -194.32 74.39
v 10.08 -197.02 74.39
v 11.50 -194.81 68.42
v 9.73 -185.95 74.24
v 14.01 -187.73 68.42
v 6.14 -192.98 63.49
v 7.53 -193.47 63.49
v 7.53 -193.47 65.45
v 6.14 -192.98 65.45
v 7.53 -193.47 63.49
v 6.14 -192.98 63.49
v 6.14 -192.98 65.45
v 7.53 -193.47 65.45
v 25.43 -210.29 54.80
v 34.55 -211.88 54.80
v 33.13 -220.02 54.80
v 24.02 -218.44 54.80
v 24.02 -218.44 64.54
v 33.13 -220.02 64.54
v 34.55 -211.88 64.54
v 25.43 -210.29 64.54
v 24.02 -218.44 54.80
v 33.13 -220.02 54.80
v 33.13 -220.02 64.54
v 24.02 -218.44 64.54
v 33.13 -220.02 64.54
v 34.55 -211.88 64.54
v 34.95 -211.60 68.38
v 33.42 -220.43 68.38
v 34.55 -211.88 64.54
v 25.43 -210.29 64.54
v 25.15 -209.89 68.38
v 34.95 -211.60 68.38
v 25.43 -210.29 64.54
v 24.02 -218.44 64.54
v 23.61 -218.72 68.38
v 25.15 -209.89 68.38
v 33.42 -220.43 68.38
v 23.61 -218.72 68.38
v 28.47 -219.82 74.68
v 30.09 -210.50 74.68
v 28.47 -219.82 74.68
v 25.15 -209.89 68.38
v 35.24 -211.39 68.38
v 30.09 -210.50 74.68
v 23.61 -218.72 68.38
v 25.15 -209.89 68.38
v 28.47 -219.82 74.68
v 33.02 -208.44 59.77
v 31.60 -208.69 59.77
v 31.60 -208.69 61.95
v 33.02 -208.44 61.95
v 31.60 -208.69 64.12
v 33.02 -208.44 64.12
v 33.02 -208.44 66.29
v 31.60 -208.69 66.29
v 33.02 -208.44 64.12
v 31.60 -208.69 64.12
v 31.60 -208.69 66.29
v 33.02 -208.44 66.29
v 29.89 -191.18 54.80
v 36.81 -192.39 54.80
v 35.37 -200.68 54.80
v 28.45 -199.48 54.80
v 28.45 -199.48 68.84
v 35.37 -200.68 68.84
v 35.34 -192.84 70.00
v 29.89 -191.18 68.84
v 28.45 -199.48 54.80
v 35.37 -200.68 54.80
v 35.37 -200.68 68.84
v 28.45 -199.48 68.84
v 35.37 -200.68 54.80
v 36.81 -192.39 54.80
v 35.34 -192.84 70.00
v 35.37 -200.68 68.84
v 36.81 -192.39 54.80
v 29.89 -191.18 54.80
v 29.89 -191.18 68.84
v 35.34 -192.84 70.00
v 29.89 -191.18 54.80
v 28.45 -199.48 54.80
v 28.45 -199.48 68.84
v 29.89 -191.18 68.84
v 29.89 -191.18 68.84
v 35.34 -192.84 70.00
v 35.37 -200.68 68.84
v 28.45 -199.48 68.84
v 28.04 -199.76 74.62
v 35.65 -201.09 74.62
v 37.21 -192.10 74.62
v 29.60 -190.78 74.62
v 28.45 -199.48 68.84
v 35.37 -200.68 68.84
v 35.65 -201.09 74.62
v 28.04 -199.76 74.62
v 35.65 -201.09 74.62
v 37.50 -191.90 74.62
v 36.68 -196.64 80.34
v 30.85 -200.16 60.80
v 31.99 -200.36 60.80
v 31.99 -200.36 64.01
v 30.85 -200.16 64.01
v 31.99 -200.36 60.80
v 30.85 -200.16 60.80
v 30.85 -200.16 64.01
v 31.99 -200.36 64.01
v 33.17 -200.16 60.80
v 34.32 -200.36 60.80
v 34.32 -200.36 64.01
v 33.17 -200.16 64.01
v 34.32 -200.36 60.80
v 33.17 -200.16 60.80
v 33.17 -200.16 64.01
v 34.32 -200.36 64.01
v 30.85 -200.16 67.21
v 31.99 -200.36 67.21
v 31.99 -200.36 70.41
v 30.85 -200.16 70.41
v 55.61 -222.35 60.23
v 57.20 -222.35 60.23
v 57.20 -221.86 60.23
v 55.61 -221.86 60.23
v 55.61 -222.35 58.91
v 57.20 -222.35 58.91
v 57.20 -222.35 60.23
v 55.61 -222.35 60.23
v 57.20 -222.35 58.91
v 57.20 -221.86 58.91
v 57.20 -221.86 60.23
v 57.20 -222.35 60.23
v 57.20 -221.86 58.91
v 55.61 -221.86 58.91
v 55.61 -221.86 60.23
v 57.20 -221.86 60.23
v 55.61 -221.86 58.91
v 55.61 -222.35 58.91
v 55.61 -222.35 60.23
v 55.61 -221.86 60.23
v 57.20 -221.86 58.91
v 60.39 -221.86 58.91
v 60.39 -222.35 58.91
v 57.20 -222.35 58.91
v 57.20 -222.35 60.23
v 60.39 -222.35 60.23
v 60.39 -221.86 60.23
v 57.20 -221.86 60.23
v 57.20 -222.35 58.91
v 60.39 -222.35 58.91
v 60.39 -222.35 60.23
v 57.20 -222.35 60.23
v 60.39 -222.35 58.91
v 60.39 -221.86 58.91
v 60.39 -221.86 60.23
v 60.39 -222.35 60.23
v 60.39 -221.86 58.91
v 57.20 -221.86 58.91
v 57.20 -221.86 60.23
v 60.39 -221.86 60.23
v 57.20 -221.86 58.91
v 57.20 -222.35 58.91
v 57.20 -222.35 60.23
v 57.20 -221.86 60.23
v 55.61 -221.86 60.23
v 57.20 -221.86 60.23
v 57.20 -222.35 60.23
v 55.61 -222.35 60.23
v 55.61 -222.35 62.85
v 57.20 -222.35 62.85
v 57.20 -221.86 62.85
v 55.61 -221.86 62.85
v 55.61 -222.35 60.23
v 57.20 -222.35 60.23
v 57.20 -222.35 62.85
v 55.61 -222.35 62.85
v 57.20 -222.35 60.23
v 57.20 -221.86 60.23
v 57.20 -221.86 62.85
v 57.20 -222.35 62.85
v 57.20 -221.86 60.23
v 55.61 -221.86 60.23
v 55.61 -221.86 62.85
v 57.20 -221.86 62.85
v 55.61 -221.86 60.23
v 55.61 -222.35 60.23
v 55.61 -222.35 62.85
v 55.61 -221.86 62.85
v 57.20 -221.86 60.23
v 60.39 -221.86 60.23
v 60.39 -222.35 60.23
v 57.20 -222.35 60.23
v 57.20 -222.35 62.85
v 60.39 -222.35 62.85
v 60.39 -221.86 62.85
v 57.20 -221.86 62.85
v 57.20 -222.35 60.23
v 60.39 -222.35 60.23
v 60.39 -222.35 62.85
v 57.20 -222.35 62.85
v 60.39 -222.35 60.23
v 60.39 -221.86 60.23
v 60.39 -221.86 62.85
v 60.39 -222.35 62.85
v 60.39 -221.86 60.23
v 57.20 -221.86 60.23
v 57.20 -221.86 62.85
v 60.39 -221.86 62.85
v 57.20 -221.86 60.23
v 57.20 -222.35 60.23
v 57.20 -222.35 62.85
v 57.20 -221.86 62.85
v 54.06 -205.24 54.80
v 61.94 -205.24 54.80
v 61.94 -212.75 54.80
v 54.06 -212.75 54.80
v 57.33 -212.87 59.77
v 56.00 -212.87 59.77
v 56.00 -212.87 61.94
v 57.33 -212.87 61.94
v 57.33 -212.87 59.77
v 60.00 -212.87 59.77
v 60.00 -212.87 61.94
v 57.33 -212.87 61.94
v 60.00 -212.87 59.77
v 57.33 -212.87 59.77
v 57.33 -212.87 61.94
v 60.00 -212.87 61.94
v 56.00 -212.87 64.11
v 57.33 -212.87 64.11
v 57.33 -212.87 66.28
v 56.00 -212.87 66.28
v 57.33 -212.87 64.11
v 56.00 -212.87 64.11
v 56.00 -212.87 66.28
v 57.33 -212.87 66.28
v 57.33 -212.87 64.11
v 60.00 -212.87 64.11
v 60.00 -212.87 66.28
v 57.33 -212.87 66.28
v 60.00 -212.87 64.11
v 57.33 -212.87 64.11
v 57.33 -212.87 66.28
v 60.00 -212.87 66.28
v 54.63 -195.29 54.80
v 61.37 -195.29 54.80
v 61.37 -203.05 54.80
v 54.63 -203.05 54.80
v 54.63 -203.05 63.57
v 61.37 -203.05 63.57
v 61.37 -195.29 63.57
v 54.63 -195.29 63.57
v 54.63 -203.05 54.80
v 61.37 -203.05 54.80
v 61.37 -203.05 63.57
v 54.63 -203.05 63.57
v 61.37 -203.05 54.80
v 61.37 -195.29 54.80
v 61.37 -195.29 63.57
v 61.37 -203.05 63.57
v 61.37 -195.29 54.80
v 54.63 -195.29 54.80
v 54.63 -195.29 63.57
v 61.37 -195.29 63.57
v 54.63 -195.29 54.80
v 54.63 -203.05 54.80
v 54.63 -203.05 63.57
v 54.63 -195.29 63.57
v 54.63 -195.29 63.57
v 61.72 -194.94 63.57
v 61.72 -203.40 63.57
v 54.63 -203.05 63.57
v 54.28 -203.40 66.97
v 61.72 -203.40 66.97
v 61.72 -194.94 66.97
v 54.28 -194.94 66.97
v 54.63 -203.05 63.57
v 61.72 -203.40 63.57
v 61.72 -203.40 66.97
v 54.28 -203.40 66.97
v 61.72 -203.40 63.57
v 61.72 -194.94 63.57
v 61.72 -194.94 66.97
v 61.72 -203.40 66.97
v 61.72 -194.94 63.57
v 54.63 -195.29 63.57
v 54.28 -194.94 66.97
v 61.72 -194.94 66.97
v 54.63 -195.29 63.57
v 54.63 -203.05 63.57
v 54.28 -203.40 66.97
v 54.28 -194.94 66.97
v 54.28 -203.40 66.97
v 61.72 -203.40 66.97
v 61.97 -199.17 72.24
v 54.03 -199.17 72.24
v 54.28 -194.94 66.97
v 54.03 -199.17 72.24
v 61.97 -199.17 72.24
v 61.72 -194.94 66.97
v 54.28 -203.40 66.97
v 54.03 -199.17 72.24
v 54.28 -194.94 66.97
v 61.72 -203.40 66.97
v 61.72 -194.94 66.97
v 61.97 -199.17 72.24
v 56.34 -203.17 59.27
v 57.45 -203.17 59.27
v 57.45 -203.17 60.95
v 56.34 -203.17 60.95
v 91.74 -218.83 54.80
v 90.60 -212.27 54.80
v 90.60 -212.27 66.60
v 91.74 -218.83 66.60
v 90.60 -212.27 54.80
v 82.08 -213.75 54.80
v 82.08 -213.75 66.60
v 90.60 -212.27 66.60
v 82.08 -213.75 54.80
v 83.22 -220.31 54.80
v 83.22 -220.31 66.60
v 82.08 -213.75 66.60
v 92.44 -219.32 66.60
v 83.22 -220.31 66.60
v 87.59 -220.16 72.48
v 86.24 -212.41 72.48
v 87.59 -220.16 72.48
v 81.39 -213.26 66.60
v 90.60 -212.27 66.60
v 86.24 -212.41 72.48
v 83.22 -220.31 66.60
v 81.39 -213.26 66.60
v 87.59 -220.16 72.48
v 92.44 -219.32 66.60
v 86.24 -212.41 72.48
v 90.60 -212.27 66.60
v 84.73 -219.86 59.20
v 86.20 -219.61 59.20
v 86.20 -219.61 60.80
v 84.73 -219.86 60.80
v 86.20 -219.61 59.20
v 84.73 -219.86 59.20
v 84.73 -219.86 60.80
v 86.20 -219.61 60.80
v 86.20 -219.61 59.20
v 89.18 -219.61 59.20
v 89.18 -219.61 60.80
v 86.20 -219.61 60.80
v 89.18 -219.61 59.20
v 86.20 -219.61 59.20
v 86.20 -219.61 60.80
v 89.18 -219.61 60.80
v 84.73 -219.86 62.40
v 86.20 -219.61 62.40
v 86.20 -219.61 64.00
v 84.73 -219.86 64.00
v 86.20 -219.61 62.40
v 84.73 -219.86 62.40
v 84.73 -219.86 64.00
v 86.20 -219.61 64.00
v 86.20 -219.61 62.40
v 89.18 -219.61 62.40
v 89.18 -219.61 64.00
v 86.20 -219.61 64.00
v 89.18 -219.61 62.40
v 86.20 -219.61 62.40
v 86.20 -219.61 64.00
v 89.18 -219.61 64.00
v 80.92 -204.14 54.80
v 88.46 -202.83 54.80
v 89.54 -209.08 54.80
v 82.00 -210.39 54.80
v 82.00 -210.39 65.26
v 89.54 -209.08 65.26
v 88.46 -202.83 65.26
v 80.92 -204.14 65.26
v 82.00 -210.39 54.80
v 89.54 -209.08 54.80
v 89.54 -209.08 65.26
v 82.00 -210.39 65.26
v 81.33 -200.76 60.39
v 82.82 -200.50 60.39
v 82.74 -200.02 60.39
v 81.33 -200.76 58.99
v 82.82 -200.50 58.99
v 82.82 -200.50 60.39
v 81.33 -200.76 60.39
v 82.82 -200.50 58.99
v 82.74 -200.02 58.99
v 82.74 -200.02 60.39
v 82.82 -200.50 60.39
v 82.74 -200.02 58.99
v 81.33 -200.76 58.99
v 81.33 -200.76 60.39
v 82.74 -200.02 60.39
v 84.36 -200.76 58.99
v 85.76 -200.02 58.99
v 85.84 -200.50 58.99
v 84.36 -200.76 60.39
v 85.84 -200.50 60.39
v 85.76 -200.02 60.39
v 84.36 -200.76 61.78
v 85.84 -200.50 61.78
v 85.76 -200.02 61.78
v 85.39 -195.22 65.57
v 86.47 -195.03 65.57
v 86.66 -196.11 65.57
v 85.58 -196.30 65.57
v 85.58 -196.30 68.77
v 86.66 -196.11 68.77
v 86.47 -195.03 68.77
v 85.39 -195.22 68.77
v 85.58 -196.30 65.57
v 86.66 -196.11 65.57
v 86.66 -196.11 68.77
v 85.58 -196.30 68.77
v 86.66 -196.11 65.57
v 86.47 -195.03 65.57
v 86.47 -195.03 68.77
v 86.66 -196.11 68.77
v 86.47 -195.03 65.57
v 85.39 -195.22 65.57
v 85.39 -195.22 68.77
v 86.47 -195.03 68.77
v 111.85 -191.06 54.80
v 109.40 -184.16 54.80
v 109.40 -184.16 64.25
v 111.85 -191.06 64.25
v 109.40 -184.16 54.80
v 102.72 -186.53 54.80
v 102.72 -186.53 64.25
v 109.40 -184.16 64.25
v 102.72 -186.53 54.80
v 105.17 -193.43 54.80
v 105.17 -193.43 64.25
v 102.72 -186.53 64.25
v 104.80 -194.19 64.25
v 113.38 -193.12 64.00
v 111.19 -187.41 69.23
v 103.38 -190.18 69.23
v 102.72 -186.53 64.25
v 103.38 -190.18 69.23
v 111.19 -187.41 69.23
v 109.40 -184.16 64.25
v 104.80 -194.19 64.25
v 103.38 -190.18 69.23
v 102.72 -186.53 64.25
v 138.45 -198.07 59.45
v 139.80 -197.33 59.45
v 136.71 -197.33 59.45
v 127.97 -184.53 54.80
v 134.60 -180.87 54.80
v 137.71 -186.50 54.80
v 131.08 -190.16 54.80
v 131.08 -190.16 62.74
v 137.71 -186.50 62.74
v 134.60 -180.87 62.74
v 127.97 -184.53 62.74
v 131.08 -190.16 54.80
v 137.71 -186.50 54.80
v 137.71 -186.50 62.74
v 131.08 -190.16 62.74
v 137.71 -186.50 54.80
v 134.60 -180.87 54.80
v 134.60 -180.87 62.74
v 137.71 -186.50 62.74
v 134.60 -180.87 54.80
v 127.97 -184.53 54.80
v 127.97 -184.53 62.74
v 134.60 -180.87 62.74
v 128.91 -180.34 59.48
v 130.42 -180.07 59.48
v 129.15 -180.77 59.48
v 129.15 -180.77 59.48
v 130.42 -180.07 59.48
v 128.91 -180.34 59.48
v 130.41 -176.70 63.29
v 131.85 -174.66 62.00
v 130.84 -175.20 66.49
v 130.41 -176.70 66.49
v 131.85 -174.66 62.00
v 130.41 -176.70 63.29
v 130.41 -176.70 66.49
v 130.84 -175.20 66.49
v 154.03 -178.98 54.80
v 159.28 -174.90 54.80
v 164.41 -181.49 54.80
v 159.15 -185.57 54.80
v 159.15 -185.57 62.78
v 164.41 -181.49 62.78
v 159.28 -174.90 62.78
v 154.03 -178.98 62.78
v 159.15 -185.57 54.80
v 164.41 -181.49 54.80
v 164.41 -181.49 62.78
v 159.15 -185.57 62.78
v 164.41 -181.49 54.80
v 159.28 -174.90 54.80
v 159.28 -174.90 62.78
v 164.41 -181.49 62.78
v 159.28 -174.90 54.80
v 154.03 -178.98 54.80
v 154.03 -178.98 62.78
v 159.28 -174.90 62.78
v 154.03 -178.98 54.80
v 159.15 -185.57 54.80
v 159.15 -185.57 62.78
v 154.03 -178.98 62.78
v 153.54 -178.92 62.78
v 159.28 -174.90 62.78
v 164.41 -181.49 62.78
v 159.15 -185.57 62.78
v 159.09 -186.06 65.83
v 164.90 -181.55 65.83
v 159.34 -174.41 65.83
v 153.54 -178.92 65.83
v 159.09 -186.06 65.83
v 156.11 -182.65 71.51
v 153.54 -178.92 65.83
v 165.25 -181.59 65.83
v 159.34 -174.41 65.83
v 162.32 -177.83 71.51
v 157.54 -184.43 59.05
v 158.71 -184.14 59.05
v 157.84 -184.81 59.05
v 157.84 -184.81 60.49
v 158.71 -184.14 60.49
v 157.54 -184.43 60.49
v 157.84 -184.81 59.05
v 158.71 -184.14 59.05
v 158.71 -184.14 60.49
v 157.84 -184.81 60.49
v 158.71 -184.14 59.05
v 157.54 -184.43 59.05
v 157.54 -184.43 60.49
v 158.71 -184.14 60.49
v 141.77 -165.31 54.80
v 145.81 -170.51 54.80
v 145.81 -170.51 68.46
v 141.77 -165.31 68.46
v 141.77 -165.31 68.46
v 148.94 -158.79 68.80
v 153.10 -164.84 68.46
v 145.81 -170.51 68.46
v 145.75 -171.00 74.06
v 153.59 -164.90 74.06
v 149.12 -159.16 74.06
v 141.28 -165.25 74.06
v 145.81 -170.51 68.46
v 153.10 -164.84 68.46
v 153.59 -164.90 74.06
v 145.75 -171.00 74.06
v 153.10 -164.84 68.46
v 148.94 -158.79 68.80
v 149.12 -159.16 74.06
v 153.59 -164.90 74.06
v 148.94 -158.79 68.80
v 141.77 -165.31 68.46
v 141.28 -165.25 74.06
v 149.12 -159.16 74.06
v 141.77 -165.31 68.46
v 145.81 -170.51 68.46
v 145.75 -171.00 74.06
v 141.28 -165.25 74.06
v 153.59 -164.90 74.06
v 145.75 -171.00 74.06
v 149.82 -168.15 80.34
v 145.05 -162.00 80.34
v 149.82 -168.15 80.34
v 141.28 -165.25 74.06
v 149.12 -159.16 74.06
v 145.05 -162.00 80.34
v 145.75 -171.00 74.06
v 141.28 -165.25 74.06
v 149.82 -168.15 80.34
v 153.59 -164.90 74.06
v 145.05 -162.00 80.34
v 149.12 -159.16 74.06
v 145.34 -168.93 60.69
v 145.04 -168.54 60.69
v 145.04 -168.54 63.79
v 145.34 -168.93 63.79
v 169.05 -161.16 65.97
v 173.50 -165.41 65.97
v 173.51 -165.90 70.45
v 168.55 -161.17 70.45
v 176.52 -163.11 75.55
v 168.55 -161.17 70.45
v 174.21 -155.24 70.45
v 171.20 -158.03 75.55
v 173.51 -165.90 70.45
v 168.55 -161.17 70.45
v 176.52 -163.11 75.55
v 179.17 -159.97 70.45
v 171.20 -158.03 75.55
v 174.21 -155.24 70.45
v 160.72 -154.21 54.80
v 166.90 -147.74 54.80
v 172.68 -153.26 54.80
v 166.51 -159.73 54.80
v 166.51 -159.73 66.05
v 172.68 -153.26 66.05
v 166.90 -147.74 66.05
v 160.72 -154.21 66.05
v 166.51 -159.73 54.80
v 172.68 -153.26 54.80
v 172.68 -153.26 66.05
v 166.51 -159.73 66.05
v 172.68 -153.26 54.80
v 166.90 -147.74 54.80
v 166.90 -147.74 66.05
v 172.68 -153.26 66.05
v 166.90 -147.74 54.80
v 160.72 -154.21 54.80
v 160.72 -154.21 66.05
v 166.90 -147.74 66.05
v 160.72 -154.21 54.80
v 166.51 -159.73 54.80
v 166.51 -159.73 66.05
v 160.72 -154.21 66.05
v 172.68 -153.26 66.05
v 166.51 -159.73 66.05
v 170.03 -156.91 72.14
v 163.38 -150.56 72.14
v 170.03 -156.91 72.14
v 159.87 -154.23 66.05
v 166.88 -146.89 66.05
v 163.38 -150.56 72.14
v 166.51 -159.73 66.05
v 159.87 -154.23 66.05
v 170.03 -156.91 72.14
v 172.68 -153.26 66.05
v 163.38 -150.56 72.14
v 166.88 -146.89 66.05
v 164.80 -158.34 59.09
v 165.87 -157.22 59.09
v 165.87 -157.22 60.58
v 164.80 -158.34 60.58
v 165.87 -157.22 59.09
v 164.80 -158.34 59.09
v 164.80 -158.34 60.58
v 165.87 -157.22 60.58
v -25.37 -208.57 48.00
v -26.18 -206.10 48.00
v -26.18 -206.10 72.00
v -25.37 -208.57 72.00
v -26.18 -206.10 48.00
v -28.28 -204.58 48.00
v -28.28 -204.58 72.00
v -26.18 -206.10 72.00
v -28.28 -204.58 48.00
v -30.87 -204.58 48.00
v -30.87 -204.58 72.00
v -28.28 -204.58 72.00
v -30.87 -204.58 48.00
v -32.97 -206.10 48.00
v -32.97 -206.10 72.00
v -30.87 -204.58 72.00
v -32.97 -206.10 48.00
v -33.77 -208.57 48.00
v -33.77 -208.57 72.00
v -32.97 -206.10 72.00
v -33.77 -208.57 48.00
v -32.97 -211.04 48.00
v -32.97 -211.04 72.00
v -33.77 -208.57 72.00
v -32.97 -211.04 48.00
v -30.87 -212.56 48.00
v -30.87 -212.56 72.00
v -32.97 -211.04 72.00
v -30.87 -212.56 48.00
v -28.28 -212.56 48.00
v -28.28 -212.56 72.00
v -30.87 -212.56 72.00
v 140.79 -198.27 48.00
v 137.89 -202.26 48.00
v 137.89 -202.26 72.00
v 140.79 -198.27 72.00
v 137.89 -202.26 48.00
v 138.69 -204.73 48.00
v 138.69 -204.73 72.00
v 137.89 -202.26 72.00
v 138.69 -204.73 48.00
v 143.39 -206.26 48.00
v 143.39 -206.26 72.00
v 138.69 -204.73 72.00
v 143.39 -206.26 48.00
v 145.49 -204.73 48.00
v 145.49 -204.73 72.00
v 143.39 -206.26 72.00
v 145.49 -204.73 48.00
v 146.29 -202.26 48.00
v 146.29 -202.26 72.00
v 145.49 -204.73 72.00
v 146.29 -202.26 72.00
v 145.49 -199.79 72.00
v 143.39 -198.27 72.00
v 140.79 -198.27 72.00
v 137.89 -202.26 72.00
v 138.69 -204.73 72.00
v 143.39 -206.26 72.00
v 145.49 -204.73 72.00
v 147.76 -202.26 72.00
v 145.49 -199.79 72.00
v 142.09 -202.26 78.00
v 145.49 -199.79 72.00
v 143.84 -196.87 72.00
v 142.09 -202.26 78.00
v 143.84 -196.87 72.00
v 140.34 -196.87 72.00
v 142.09 -202.26 78.00
v 140.34 -196.87 72.00
v 137.50 -198.93 72.00
v 142.09 -202.26 78.00
v 137.50 -198.93 72.00
v 137.89 -202.26 72.00
v 142.09 -202.26 78.00
v 137.89 -202.26 72.00
v 137.50 -205.59 72.00
v 142.09 -202.26 78.00
v -179.05 -21.27 40.80
v -179.91 -28.42 40.80
v -179.91 -28.42 52.69
v -179.05 -21.27 52.69
v -179.91 -28.42 40.80
v -172.89 -29.27 40.80
v -172.89 -29.27 52.69
v -179.91 -28.42 52.69
v -172.03 -22.11 40.80
v -179.05 -21.27 40.80
v -179.05 -21.27 52.69
v -172.03 -22.11 52.69
v -180.58 -28.95 52.69
v -179.05 -21.27 52.69
v -180.08 -24.77 57.59
v -171.87 -25.76 57.59
v -179.05 -21.27 52.69
v -171.37 -21.59 52.69
v -180.08 -24.77 57.59
v -177.34 -28.05 45.22
v -177.49 -29.24 45.22
v -177.49 -29.24 46.84
v -177.34 -28.05 46.84
v -137.18 -152.28 49.68
v -136.09 -153.28 49.68
v -136.09 -153.28 51.71
v -137.18 -152.28 51.71
v -136.09 -153.28 49.68
v -137.18 -152.28 49.68
v -137.18 -152.28 51.71
v -136.09 -153.28 51.71
v -136.09 -153.28 49.68
v -133.73 -153.51 49.68
v -133.73 -153.51 51.71
v -136.09 -153.28 51.71
v -133.73 -153.51 49.68
v -136.09 -153.28 49.68
v -136.09 -153.28 51.71
v -133.73 -153.51 51.71
v -121.38 -168.18 40.80
v -116.34 -175.13 40.80
v -122.17 -179.36 40.80
v -127.21 -172.41 40.80
v -127.21 -172.41 49.03
v -122.17 -179.36 49.03
v -116.34 -175.13 49.03
v -121.38 -168.18 49.03
v -118.09 -165.46 40.80
v -112.73 -172.85 40.80
v -112.73 -172.85 51.38
v -118.09 -165.46 51.38
v -112.73 -172.85 40.80
v -105.93 -167.91 40.80
v -105.93 -167.91 51.38
v -112.73 -172.85 51.38
v -105.93 -167.91 40.80
v -111.29 -160.52 40.80
v -111.29 -160.52 51.38
v -105.93 -167.91 51.38
v -111.29 -160.52 40.80
v -118.09 -165.46 40.80
v -118.09 -165.46 51.38
v -111.29 -160.52 51.38
v -112.73 -172.85 51.38
v -118.93 -165.32 51.38
v -115.90 -169.50 57.59
v -108.13 -163.86 57.59
v -115.90 -169.50 57.59
v -111.29 -160.52 51.38
v -105.09 -168.04 51.38
v -108.13 -163.86 57.59
v -118.93 -165.32 51.38
v -111.29 -160.52 51.38
v -115.90 -169.50 57.59
v -112.73 -172.85 51.38
v -108.13 -163.86 57.59
v -105.09 -168.04 51.38
v -111.09 -170.26 44.96
v -109.76 -171.26 44.96
v -109.76 -171.26 46.31
v -111.09 -170.26 46.31
v -109.76 -171.26 44.96
v -111.09 -170.26 44.96
v -111.09 -170.26 46.31
v -109.76 -171.26 46.31
v -111.09 -170.26 46.31
v -109.76 -171.26 46.31
v -109.76 -171.26 49.03
v -111.09 -170.26 49.03
v -109.76 -171.26 46.31
v -111.09 -170.26 46.31
v -111.09 -170.26 49.03
v -109.76 -171.26 49.03
v -101.52 -154.08 40.80
v -96.78 -160.62 40.80
v -102.97 -165.12 40.80
v -107.72 -158.58 40.80
v -107.72 -158.58 54.76
v -102.97 -165.12 54.76
v -96.78 -160.62 54.76
v -101.52 -154.08 54.76
v -107.72 -158.58 40.80
v -102.97 -165.12 40.80
v -102.97 -165.12 54.76
v -107.72 -158.58 54.76
v -102.97 -165.12 40.80
v -96.78 -160.62 40.80
v -96.78 -160.62 54.76
v -102.97 -165.12 54.76
v -96.78 -160.62 40.80
v -101.52 -154.08 40.80
v -101.52 -154.08 54.76
v -96.78 -160.62 54.76
v -101.52 -154.08 40.80
v -107.72 -158.58 40.80
v -107.72 -158.58 54.76
v -101.52 -154.08 54.76
v -102.97 -165.12 54.76
v -108.56 -158.44 54.76
v -105.83 -162.20 60.25
v -98.66 -156.99 60.25
v -105.83 -162.20 60.25
v -101.39 -153.24 54.76
v -96.78 -160.62 54.76
v -98.66 -156.99 60.25
v -108.56 -158.44 54.76
v -101.39 -153.24 54.76
v -105.83 -162.20 60.25
v -102.97 -165.12 54.76
v -98.66 -156.99 60.25
v -96.78 -160.62 54.76
v -103.83 -162.60 45.63
v -103.02 -163.72 45.63
v -104.23 -162.89 45.63
v -104.23 -162.89 47.66
v -103.02 -163.72 47.66
v -103.83 -162.60 47.66
v -101.08 -162.60 45.63
v -103.02 -163.72 45.63
v -103.02 -163.72 47.66
v -101.08 -162.60 47.66
v -103.83 -162.60 49.70
v -103.02 -163.72 49.70
v -104.23 -162.89 49.70
v -104.23 -162.89 51.73
v -103.02 -163.72 51.73
v -103.83 -162.60 51.73
v -104.23 -162.89 49.70
v -103.02 -163.72 49.70
v -103.02 -163.72 51.73
v -104.23 -162.89 51.73
v -103.02 -163.72 49.70
v -103.83 -162.60 49.70
v -103.83 -162.60 51.73
v -103.02 -163.72 51.73
v -103.83 -162.60 49.70
v -104.23 -162.89 49.70
v -104.23 -162.89 51.73
v -103.83 -162.60 51.73
v -90.13 -177.88 40.80
v -84.42 -183.79 40.80
v -84.42 -183.79 48.67
v -90.13 -177.88 48.67
v -84.42 -183.79 40.80
v -78.93 -178.48 40.80
v -78.93 -178.48 48.67
v -84.42 -183.79 48.67
v -78.93 -178.48 40.80
v -84.64 -172.57 40.80
v -84.64 -172.57 48.67
v -78.93 -178.48 48.67
v -84.64 -172.57 40.80
v -90.13 -177.88 40.80
v -90.13 -177.88 48.67
v -84.64 -172.57 48.67
v -84.64 -172.57 48.67
v -78.93 -178.48 48.67
v -84.42 -183.79 48.67
v -90.63 -177.87 48.67
v -90.63 -177.87 51.67
v -84.43 -184.28 51.67
v -78.44 -178.49 51.67
v -84.64 -172.08 51.67
v -90.63 -177.87 48.67
v -84.42 -183.79 48.67
v -84.43 -184.28 51.67
v -90.63 -177.87 51.67
v -84.42 -183.79 48.67
v -78.93 -178.48 48.67
v -78.44 -178.49 51.67
v -84.43 -184.28 51.67
v -78.93 -178.48 48.67
v -84.64 -172.57 48.67
v -84.64 -172.08 51.67
v -78.44 -178.49 51.67
v -84.64 -172.57 48.67
v -90.63 -177.87 48.67
v -90.63 -177.87 51.67
v -84.64 -172.08 51.67
v -84.43 -184.28 51.67
v -90.63 -177.87 51.67
v -87.71 -181.25 57.26
v -81.36 -175.11 57.26
v -87.71 -181.25 57.26
v -84.64 -172.08 51.67
v -78.44 -178.49 51.67
v -81.36 -175.11 57.26
v -90.63 -177.87 51.67
v -84.64 -172.08 51.67
v -87.71 -181.25 57.26
v -84.43 -184.28 51.67
v -81.36 -175.11 57.26
v -78.44 -178.49 51.67
v -86.60 -181.54 45.01
v -85.62 -182.55 45.01
v -85.62 -182.55 46.43
v -86.60 -181.54 46.43
v -85.62 -182.55 45.01
v -86.60 -181.54 45.01
v -86.60 -181.54 46.43
v -85.62 -182.55 46.43
v -85.62 -182.55 45.01
v -82.82 -182.55 45.01
v -82.82 -182.55 46.43
v -85.62 -182.55 46.43
v -82.82 -182.55 45.01
v -85.62 -182.55 45.01
v -85.62 -182.55 46.43
v -82.82 -182.55 46.43
v -86.60 -181.54 46.43
v -85.62 -182.55 46.43
v -85.62 -182.55 49.26
v -86.60 -181.54 49.26
v -85.62 -182.55 46.43
v -86.60 -181.54 46.43
v -86.60 -181.54 49.26
v -85.62 -182.55 49.26
v -85.62 -182.55 46.43
v -82.82 -182.55 46.43
v -82.82 -182.55 49.26
v -85.62 -182.55 49.26
v -82.82 -182.55 46.43
v -85.62 -182.55 46.43
v -85.62 -182.55 49.26
v -82.82 -182.55 49.26
v -82.95 -176.85 51.67
v -81.40 -176.88 51.67
v -79.70 -176.04 54.80
v -82.95 -176.85 54.87
v -81.40 -176.88 51.67
v -82.95 -176.85 51.67
v -82.95 -176.85 54.87
v -79.70 -176.04 54.80
v -70.15 -210.76 54.21
v -77.28 -205.29 54.21
v -77.34 -204.80 59.71
v -69.66 -210.70 59.71
v -77.28 -205.29 54.21
v -81.88 -210.71 54.21
v -81.88 -210.71 59.71
v -77.34 -204.80 59.71
v -74.19 -216.60 59.71
v -81.88 -210.71 59.71
v -78.19 -213.85 65.82
v -73.35 -207.55 65.82
v -78.19 -213.85 65.82
v -77.39 -204.45 59.71
v -69.66 -210.70 59.71
v -73.35 -207.55 65.82
v -81.88 -210.71 59.71
v -77.39 -204.45 59.71
v -78.19 -213.85 65.82
v -74.19 -216.60 59.71
v -73.35 -207.55 65.82
v -69.66 -210.70 59.71
v -77.79 -213.28 46.62
v -76.86 -214.62 46.62
v -78.09 -213.67 46.62
v -78.09 -213.67 49.64
v -76.86 -214.62 49.64
v -77.79 -213.28 49.64
v -78.09 -213.67 46.62
v -76.86 -214.62 46.62
v -76.86 -214.62 49.64
v -78.09 -213.67 49.64
v -76.86 -214.62 46.62
v -77.79 -213.28 46.62
v -77.79 -213.28 49.64
v -76.86 -214.62 49.64
v -77.79 -213.28 46.62
v -78.09 -213.67 46.62
v -78.09 -213.67 49.64
v -77.79 -213.28 49.64
v -74.68 -213.28 46.62
v -73.74 -214.62 46.62
v -76.86 -214.62 46.62
v -76.86 -214.62 49.64
v -73.74 -214.62 49.64
v -74.68 -213.28 49.64
v -76.86 -214.62 46.62
v -73.74 -214.62 46.62
v -73.74 -214.62 49.64
v -76.86 -214.62 49.64
v -73.74 -214.62 46.62
v -74.68 -213.28 46.62
v -74.68 -213.28 49.64
v -73.74 -214.62 49.64
v -74.68 -213.28 46.62
v -76.86 -214.62 46.62
v -76.86 -214.62 49.64
v -74.68 -213.28 49.64
v -77.79 -213.28 52.66
v -76.86 -214.62 52.66
v -78.09 -213.67 52.66
v -78.09 -213.67 55.69
v -76.86 -214.62 55.69
v -77.79 -213.28 55.69
v -78.09 -213.67 52.66
v -76.86 -214.62 52.66
v -76.86 -214.62 55.69
v -78.09 -213.67 55.69
v -76.86 -214.62 52.66
v -77.79 -213.28 52.66
v -77.79 -213.28 55.69
v -76.86 -214.62 55.69
v -77.79 -213.28 52.66
v -78.09 -213.67 52.66
v -78.09 -213.67 55.69
v -77.79 -213.28 55.69
v -74.68 -213.28 52.66
v -73.74 -214.62 52.66
v -76.86 -214.62 52.66
v -76.86 -214.62 55.69
v -73.74 -214.62 55.69
v -74.68 -213.28 55.69
v -76.86 -214.62 52.66
v -73.74 -214.62 52.66
v -73.74 -214.62 55.69
v -76.86 -214.62 55.69
v -59.86 -196.60 52.24
v -60.93 -195.78 52.24
v -60.93 -195.78 55.12
v -59.86 -196.60 55.12
v -48.97 -217.41 40.80
v -41.59 -221.43 40.80
v -44.77 -227.25 40.80
v -52.14 -223.23 40.80
v -52.14 -223.23 54.96
v -44.77 -227.25 54.96
v -41.59 -221.43 54.96
v -48.97 -217.41 54.96
v -52.14 -223.23 40.80
v -44.77 -227.25 40.80
v -44.77 -227.25 54.96
v -52.14 -223.23 54.96
v -44.77 -227.25 40.80
v -41.59 -221.43 40.80
v -41.59 -221.43 54.96
v -44.77 -227.25 54.96
v -41.59 -221.43 40.80
v -48.97 -217.41 40.80
v -48.97 -217.41 54.96
v -41.59 -221.43 54.96
v -48.97 -217.41 40.80
v -52.14 -223.23 40.80
v -52.14 -223.23 54.96
v -48.97 -217.41 54.96
v -48.97 -217.41 54.96
v -41.59 -221.43 54.96
v -44.77 -227.25 54.96
v -52.14 -223.23 54.96
v -52.61 -223.37 60.80
v -44.63 -227.72 60.80
v -41.12 -221.28 60.80
v -49.10 -216.93 60.80
v -52.14 -223.23 54.96
v -44.77 -227.25 54.96
v -44.63 -227.72 60.80
v -52.61 -223.37 60.80
v -44.77 -227.25 54.96
v -41.59 -221.43 54.96
v -41.12 -221.28 60.80
v -44.63 -227.72 60.80
v -41.59 -221.43 54.96
v -48.97 -217.41 54.96
v -49.10 -216.93 60.80
v -41.12 -221.28 60.80
v -47.79 -226.07 46.84
v -49.05 -225.39 46.84
v -49.05 -225.39 50.08
v -47.79 -226.07 50.08
v -49.05 -225.39 53.32
v -47.79 -226.07 53.32
v -47.79 -226.07 56.56
v -49.05 -225.39 56.56
v -47.79 -226.07 53.32
v -49.05 -225.39 53.32
v -49.05 -225.39 56.56
v -47.79 -226.07 56.56
v -43.65 -207.19 40.80
v -35.88 -211.42 40.80
v -39.27 -217.64 40.80
v -47.04 -213.40 40.80
v -47.04 -213.40 51.14
v -39.27 -217.64 51.14
v -35.88 -211.42 51.14
v -43.65 -207.19 51.14
v -47.04 -213.40 40.80
v -39.27 -217.64 40.80
v -39.27 -217.64 51.14
v -47.04 -213.40 51.14
v -43.44 -216.05 61.27
v -43.79 -206.71 55.25
v -35.07 -211.18 55.25
v -39.48 -208.78 61.27
v -47.51 -213.54 55.25
v -43.79 -206.71 55.25
v -43.44 -216.05 61.27
v -39.13 -218.11 55.25
v -39.48 -208.78 61.27
v -35.07 -211.18 55.25
v -43.78 -215.68 45.73
v -43.54 -215.25 45.73
v -43.54 -215.25 47.86
v -43.78 -215.68 47.86
v -43.54 -215.25 45.73
v -43.78 -215.68 45.73
v -43.78 -215.68 47.86
v -43.54 -215.25 47.86
v -40.49 -215.25 45.73
v -39.38 -216.41 45.73
v -40.72 -215.68 45.73
v -40.72 -215.68 47.86
v -39.38 -216.41 47.86
v -40.49 -215.25 47.86
v -40.72 -215.68 45.73
v -39.38 -216.41 45.73
v -39.38 -216.41 47.86
v -40.72 -215.68 47.86
v -39.38 -216.41 45.73
v -40.49 -215.25 45.73
v -40.49 -215.25 47.86
v -39.38 -216.41 47.86
v -40.49 -215.25 45.73
v -40.72 -215.68 45.73
v -40.72 -215.68 47.86
v -40.49 -215.25 47.86
v -43.78 -215.68 49.99
v -43.54 -215.25 49.99
v -43.54 -215.25 52.12
v -43.78 -215.68 52.12
v -43.54 -215.25 49.99
v -43.78 -215.68 49.99
v -43.78 -215.68 52.12
v -43.54 -215.25 52.12
v -40.49 -215.25 49.99
v -39.38 -216.41 49.99
v -40.72 -215.68 49.99
v -40.72 -215.68 52.12
v -39.27 -217.64 51.14
v -40.49 -215.25 52.12
v -40.72 -215.68 49.99
v -39.38 -216.41 49.99
v -39.27 -217.64 51.14
v -40.72 -215.68 52.12
v -39.38 -216.41 49.99
v -40.49 -215.25 49.99
v -40.49 -215.25 52.12
v -39.27 -217.64 51.14
v -40.49 -215.25 49.99
v -40.72 -215.68 49.99
v -40.72 -215.68 52.12
v -40.49 -215.25 52.12
v -37.18 -197.56 40.80
v -31.30 -200.77 40.80
v -34.94 -207.44 40.80
v -40.81 -204.23 40.80
v -20.22 -227.42 40.80
v -22.39 -233.59 40.80
v -22.39 -233.59 51.96
v -20.22 -227.42 51.96
v -20.22 -227.42 51.96
v -11.80 -230.38 51.96
v -13.97 -236.54 51.96
v -22.39 -233.59 51.96
v -22.83 -233.81 56.44
v -13.75 -236.99 56.44
v -11.36 -230.16 56.44
v -20.44 -226.98 56.44
v -22.39 -233.59 51.96
v -13.97 -236.54 51.96
v -13.75 -236.99 56.44
v -22.83 -233.81 56.44
v -13.97 -236.54 51.96
v -11.80 -230.38 51.96
v -11.36 -230.16 56.44
v -13.75 -236.99 56.44
v -11.80 -230.38 51.96
v -20.22 -227.42 51.96
v -20.44 -226.98 56.44
v -11.36 -230.16 56.44
v -20.22 -227.42 51.96
v -22.39 -233.59 51.96
v -22.83 -233.81 56.44
v -20.44 -226.98 56.44
v -13.75 -236.99 56.44
v -22.83 -233.81 56.44
v -18.37 -235.64 62.51
v -15.81 -228.33 62.51
v -18.37 -235.64 62.51
v -20.44 -226.98 56.44
v -11.36 -230.16 56.44
v -15.81 -228.33 62.51
v -22.83 -233.81 56.44
v -20.44 -226.98 56.44
v -18.37 -235.64 62.51
v -13.75 -236.99 56.44
v -15.81 -228.33 62.51
v -11.36 -230.16 56.44
v -19.45 -235.10 45.97
v -17.99 -235.62 45.97
v -17.99 -235.62 48.34
v -19.45 -235.10 48.34
v -14.26 -225.38 50.90
v -15.62 -224.91 50.90
v -15.62 -224.91 53.33
v -14.26 -225.38 53.33
v -11.69 -206.65 40.80
v -5.50 -208.82 40.80
v -7.81 -215.41 40.80
v -14.00 -213.25 40.80
v -14.00 -213.25 54.28
v -7.81 -215.41 54.28
v -5.50 -208.82 54.28
v -11.69 -206.65 54.28
v -14.00 -213.25 40.80
v -7.81 -215.41 40.80
v -7.81 -215.41 54.28
v -14.00 -213.25 54.28
v -7.81 -215.41 40.80
v -5.50 -208.82 40.80
v -5.50 -208.82 54.28
v -7.81 -215.41 54.28
v -5.50 -208.82 40.80
v -11.69 -206.65 40.80
v -11.69 -206.65 54.28
v -5.50 -208.82 54.28
v -11.69 -206.65 40.80
v -14.00 -213.25 40.80
v -14.00 -213.25 54.28
v -11.69 -206.65 54.28
v -11.69 -206.65 54.28
v -5.50 -208.82 54.28
v -7.60 -215.86 54.28
v -14.44 -213.46 54.28
v -14.44 -213.46 59.81
v -7.60 -215.86 59.81
v -5.06 -208.61 59.81
v -11.90 -206.21 59.81
v -14.44 -213.46 54.28
v -7.60 -215.86 54.28
v -7.60 -215.86 59.81
v -14.44 -213.46 59.81
v -7.60 -215.86 54.28
v -5.50 -208.82 54.28
v -5.06 -208.61 59.81
v -7.60 -215.86 59.81
v -5.50 -208.82 54.28
v -11.69 -206.65 54.28
v -11.90 -206.21 59.81
v -5.06 -208.61 59.81
v -11.69 -206.65 54.28
v -14.44 -213.46 54.28
v -14.44 -213.46 59.81
v -11.90 -206.21 59.81
v -14.44 -213.46 59.81
v -7.60 -215.86 59.81
v -6.09 -212.32 64.56
v -13.41 -209.75 64.56
v -11.90 -206.21 59.81
v -13.41 -209.75 64.56
v -6.09 -212.32 64.56
v -5.06 -208.61 59.81
v -14.44 -213.46 59.81
v -13.41 -209.75 64.56
v -11.90 -206.21 59.81
v -7.60 -215.86 59.81
v -5.06 -208.61 59.81
v -6.09 -212.32 64.56
v -11.41 -214.46 46.64
v -10.40 -214.81 46.64
v -10.40 -214.81 49.68
v -11.41 -214.46 49.68
v 16.93 -244.88 40.80
v 18.26 -237.11 40.80
v 18.26 -237.11 53.28
v 16.93 -244.88 53.28
v 18.26 -237.11 40.80
v 10.42 -235.76 40.80
v 10.42 -235.76 53.28
v 18.26 -237.11 53.28
v 10.42 -235.76 40.80
v 9.09 -243.53 40.80
v 9.09 -243.53 53.28
v 10.42 -235.76 53.28
v 16.93 -244.88 53.28
v 8.39 -244.02 53.28
v 12.91 -244.79 58.70
v 14.44 -235.84 58.70
v 12.91 -244.79 58.70
v 9.93 -235.07 53.28
v 18.26 -237.11 53.28
v 14.44 -235.84 58.70
v 8.39 -244.02 53.28
v 9.93 -235.07 53.28
v 12.91 -244.79 58.70
v 16.93 -244.88 53.28
v 14.44 -235.84 58.70
v 18.26 -237.11 53.28
v 11.62 -244.26 45.34
v 13.03 -244.01 45.34
v 13.03 -244.01 47.07
v 11.62 -244.26 47.07
v 13.03 -244.01 45.34
v 11.62 -244.26 45.34
v 11.62 -244.26 47.07
v 13.03 -244.01 47.07
v 14.40 -243.78 45.34
v 15.73 -244.01 45.34
v 17.16 -245.13 45.79
v 14.32 -244.26 45.34
v 14.32 -244.26 47.07
v 15.65 -244.49 47.07
v 15.73 -244.01 47.07
v 14.40 -243.78 47.07
v 14.32 -244.26 45.34
v 17.16 -245.13 45.79
v 15.65 -244.49 47.07
v 14.32 -244.26 47.07
v 14.17 -214.09 53.05
v 22.36 -215.15 53.05
v 20.70 -222.70 53.05
v 12.92 -221.36 53.05
v 12.52 -221.65 58.02
v 20.99 -223.10 58.02
v 22.36 -215.15 58.02
v 13.88 -213.69 58.02
v 12.92 -221.36 53.05
v 20.70 -222.70 53.05
v 20.99 -223.10 58.02
v 12.52 -221.65 58.02
v 20.70 -222.70 53.05
v 22.36 -215.15 53.05
v 22.36 -215.15 58.02
v 20.99 -223.10 58.02
v 22.36 -215.15 53.05
v 14.17 -214.09 53.05
v 13.88 -213.69 58.02
v 22.36 -215.15 58.02
v 14.17 -214.09 53.05
v 12.92 -221.36 53.05
v 12.52 -221.65 58.02
v 13.88 -213.69 58.02
v 41.50 -249.43 55.01
v 50.15 -249.08 55.01
v 50.50 -249.43 60.87
v 41.50 -249.43 60.87
v 50.15 -249.08 55.01
v 50.15 -240.71 55.01
v 50.50 -240.36 60.87
v 50.50 -249.43 60.87
v 50.15 -240.71 55.01
v 41.50 -240.36 55.01
v 41.50 -240.36 60.87
v 50.50 -240.36 60.87
v 41.50 -240.36 55.01
v 41.50 -249.43 55.01
v 41.50 -249.43 60.87
v 41.50 -240.36 60.87
v 41.50 -249.43 60.87
v 50.75 -249.68 60.87
v 50.75 -244.89 66.56
v 41.25 -244.89 66.56
v 41.50 -240.36 60.87
v 41.25 -244.89 66.56
v 50.75 -244.89 66.56
v 50.75 -240.11 60.87
v 41.84 -229.97 40.80
v 50.16 -229.97 40.80
v 50.16 -237.37 40.80
v 41.84 -237.37 40.80
v 41.84 -237.37 55.07
v 50.16 -237.37 55.07
v 50.16 -229.97 55.07
v 41.84 -229.97 55.07
v 41.84 -237.37 40.80
v 50.16 -237.37 40.80
v 50.16 -237.37 55.07
v 41.84 -237.37 55.07
v 50.16 -237.37 40.80
v 50.16 -229.97 40.80
v 50.16 -229.97 55.07
v 50.16 -237.37 55.07
v 50.16 -229.97 40.80
v 41.84 -229.97 40.80
v 41.84 -229.97 55.07
v 50.16 -229.97 55.07
v 41.84 -229.97 40.80
v 41.84 -237.37 40.80
v 41.84 -237.37 55.07
v 41.84 -229.97 55.07
v 41.50 -225.58 49.34
v 41.50 -219.30 49.34
v 46.00 -226.18 55.46
v 51.10 -226.18 49.34
v 46.00 -218.70 55.46
v 51.10 -218.70 49.34
v 74.49 -239.92 40.80
v 81.81 -238.66 40.80
v 82.87 -244.84 40.80
v 75.55 -246.09 40.80
v 75.55 -246.09 49.23
v 82.87 -244.84 49.23
v 81.81 -238.66 49.23
v 74.49 -239.92 49.23
v 75.55 -246.09 40.80
v 82.87 -244.84 40.80
v 82.87 -244.84 49.23
v 75.55 -246.09 49.23
v 82.87 -244.84 40.80
v 81.81 -238.66 40.80
v 81.81 -238.66 49.23
v 82.87 -244.84 49.23
v 81.81 -238.66 40.80
v 74.49 -239.92 40.80
v 74.49 -239.92 49.23
v 81.81 -238.66 49.23
v 74.49 -239.92 40.80
v 75.55 -246.09 40.80
v 75.55 -246.09 49.23
v 74.49 -239.92 49.23
v 82.87 -244.84 49.23
v 75.06 -246.79 49.23
v 79.31 -246.06 54.28
v 78.05 -238.70 54.28
v 79.31 -246.06 54.28
v 73.79 -239.43 49.23
v 81.81 -238.66 49.23
v 78.05 -238.70 54.28
v 75.06 -246.79 49.23
v 73.79 -239.43 49.23
v 79.31 -246.06 54.28
v 82.87 -244.84 49.23
v 78.05 -238.70 54.28
v 81.81 -238.66 49.23
v 72.80 -228.10 40.80
v 79.46 -226.96 40.80
v 80.75 -234.49 40.80
v 74.09 -235.64 40.80
v 74.09 -235.64 51.88
v 80.75 -234.49 51.88
v 79.46 -226.96 51.88
v 72.80 -228.10 51.88
v 74.09 -235.64 40.80
v 80.75 -234.49 40.80
v 80.75 -234.49 51.88
v 74.09 -235.64 51.88
v 80.75 -234.49 40.80
v 79.46 -226.96 40.80
v 79.46 -226.96 51.88
v 80.75 -234.49 51.88
v 79.46 -226.96 40.80
v 72.80 -228.10 40.80
v 72.80 -228.10 51.88
v 79.46 -226.96 51.88
v 72.80 -228.10 40.80
v 74.09 -235.64 40.80
v 74.09 -235.64 51.88
v 72.80 -228.10 51.88
v 69.78 -217.65 40.80
v 78.83 -216.10 40.80
v 79.97 -222.79 40.80
v 70.93 -224.34 40.80
v 70.93 -224.34 53.92
v 79.97 -222.79 53.92
v 78.83 -216.10 53.92
v 69.78 -217.65 53.92
v 70.93 -224.34 40.80
v 79.97 -222.79 40.80
v 79.97 -222.79 53.92
v 70.93 -224.34 53.92
v 79.97 -222.79 40.80
v 78.83 -216.10 40.80
v 78.83 -216.10 53.92
v 79.97 -222.79 53.92
v 78.83 -216.10 40.80
v 69.78 -217.65 40.80
v 69.78 -217.65 53.92
v 78.83 -216.10 53.92
v 69.78 -217.65 40.80
v 70.93 -224.34 40.80
v 70.93 -224.34 53.92
v 69.78 -217.65 53.92
v 75.73 -223.86 45.46
v 77.30 -223.59 45.46
v 77.30 -223.59 47.33
v 75.73 -223.86 47.33
v 77.30 -223.59 45.46
v 75.73 -223.86 45.46
v 75.73 -223.86 47.33
v 77.30 -223.59 47.33
v 72.53 -223.86 49.19
v 74.11 -223.59 49.19
v 74.11 -223.59 51.06
v 72.53 -223.86 51.06
v 74.11 -223.59 49.19
v 72.53 -223.86 49.19
v 72.53 -223.86 51.06
v 74.11 -223.59 51.06
v 75.73 -223.86 49.19
v 77.30 -223.59 49.19
v 77.30 -223.59 51.06
v 75.73 -223.86 51.06
v 77.30 -223.59 49.19
v 75.73 -223.86 49.19
v 75.73 -223.86 51.06
v 77.30 -223.59 51.06
v 108.37 -235.27 48.59
v 111.50 -235.27 48.59
v 110.03 -235.78 48.59
v 110.03 -235.78 48.59
v 111.50 -235.27 48.59
v 108.37 -235.27 48.59
v 111.99 -230.13 52.92
v 112.35 -231.17 52.92
v 111.31 -231.53 52.92
v 111.31 -231.53 56.12
v 112.35 -231.17 56.12
v 111.99 -230.13 56.12
v 111.31 -231.53 52.92
v 112.35 -231.17 52.92
v 112.35 -231.17 56.12
v 111.31 -231.53 56.12
v 112.35 -231.17 52.92
v 111.99 -230.13 52.92
v 111.99 -230.13 56.12
v 112.35 -231.17 56.12
v 101.17 -219.73 40.80
v 103.25 -225.69 40.80
v 103.25 -225.69 50.83
v 101.17 -219.73 50.83
v 110.49 -223.78 50.83
v 103.25 -225.69 50.83
v 106.69 -225.12 55.49
v 104.20 -218.03 55.49
v 106.69 -225.12 55.49
v 101.17 -219.73 50.83
v 108.00 -216.70 50.83
v 104.20 -218.03 55.49
v 103.25 -225.69 50.83
v 101.17 -219.73 50.83
v 106.69 -225.12 55.49
v 110.49 -223.78 50.83
v 104.20 -218.03 55.49
v 108.00 -216.70 50.83
v 103.86 -225.02 47.34
v 104.77 -224.19 47.34
v 104.77 -224.19 48.59
v 103.86 -225.02 48.59
v 141.27 -218.63 40.80
v 137.35 -211.45 40.80
v 137.35 -211.45 51.01
v 141.27 -218.63 51.01
v 137.35 -211.45 40.80
v 130.54 -215.16 40.80
v 130.54 -215.16 51.01
v 137.35 -211.45 51.01
v 130.54 -215.16 40.80
v 134.46 -222.34 40.80
v 134.46 -222.34 51.01
v 130.54 -215.16 51.01
v 130.54 -215.16 51.01
v 137.49 -210.97 51.01
v 141.27 -218.63 51.01
v 134.46 -222.34 51.01
v 134.32 -222.81 55.06
v 141.74 -218.77 55.06
v 137.49 -210.97 55.06
v 130.07 -215.02 55.06
v 134.46 -222.34 51.01
v 141.27 -218.63 51.01
v 141.74 -218.77 55.06
v 134.32 -222.81 55.06
v 141.74 -218.77 55.06
v 137.49 -210.97 55.06
v 139.84 -214.75 60.62
v 134.13 -221.39 45.69
v 135.29 -220.76 45.69
v 135.29 -220.76 47.78
v 134.13 -221.39 47.78
v 135.29 -220.76 45.69
v 134.13 -221.39 45.69
v 134.13 -221.39 47.78
v 135.29 -220.76 47.78
v 134.13 -221.39 49.88
v 135.29 -220.76 49.88
v 135.29 -220.76 51.97
v 134.13 -221.39 51.97
v 135.29 -220.76 49.88
v 134.13 -221.39 49.88
v 134.13 -221.39 51.97
v 135.29 -220.76 51.97
v 138.38 -214.78 55.06
v 138.91 -215.75 55.06
v 137.94 -216.27 55.06
v 137.94 -216.27 58.26
v 138.91 -215.75 58.26
v 138.38 -214.78 58.26
v 137.94 -216.27 55.06
v 138.91 -215.75 55.06
v 138.91 -215.75 58.26
v 137.94 -216.27 58.26
v 138.91 -215.75 55.06
v 138.38 -214.78 55.06
v 138.38 -214.78 58.26
v 138.91 -215.75 58.26
v 138.38 -214.78 55.06
v 137.94 -216.27 55.06
v 137.94 -216.27 58.26
v 138.38 -214.78 58.26
v 125.89 -205.93 40.80
v 132.12 -202.53 40.80
v 135.46 -208.66 40.80
v 129.23 -212.06 40.80
v 129.23 -212.06 52.93
v 135.46 -208.66 52.93
v 132.12 -202.53 52.93
v 125.89 -205.93 52.93
v 130.85 -198.47 53.77
v 123.16 -202.67 53.77
v 127.29 -201.10 59.73
v 123.59 -194.30 59.73
v 127.29 -201.10 59.73
v 120.02 -196.93 53.77
v 127.72 -192.73 53.77
v 123.59 -194.30 59.73
v 123.16 -202.67 53.77
v 120.02 -196.93 53.77
v 127.29 -201.10 59.73
v 130.85 -198.47 53.77
v 123.59 -194.30 59.73
v 127.72 -192.73 53.77
v 123.38 -201.42 45.43
v 123.14 -200.99 45.43
v 123.14 -200.99 47.27
v 123.38 -201.42 47.27
v 123.14 -200.99 45.43
v 123.38 -201.42 45.43
v 123.38 -201.42 47.27
v 123.14 -200.99 47.27
v 126.41 -201.42 45.43
v 127.73 -200.70 45.43
v 127.73 -200.70 47.27
v 126.41 -201.42 47.27
v 127.73 -200.70 45.43
v 126.41 -201.42 45.43
v 126.41 -201.42 47.27
v 127.73 -200.70 47.27
v 123.38 -201.42 49.10
v 123.14 -200.99 49.10
v 123.14 -200.99 50.94
v 123.38 -201.42 50.94
v 123.14 -200.99 49.10
v 123.38 -201.42 49.10
v 123.38 -201.42 50.94
v 123.14 -200.99 50.94
v 126.41 -201.42 49.10
v 127.73 -200.70 49.10
v 127.73 -200.70 50.94
v 126.41 -201.42 50.94
v 127.73 -200.70 49.10
v 126.41 -201.42 49.10
v 126.41 -201.42 50.94
v 127.73 -200.70 50.94
v 146.41 -189.22 54.59
v 143.45 -186.35 60.12
v 140.61 -182.65 54.59
v 152.54 -184.51 54.59
v 147.59 -178.06 54.59
v 150.54 -180.91 60.12
v 145.02 -187.78 45.60
v 146.06 -186.98 45.60
v 145.32 -188.17 45.60
v 145.32 -188.17 47.59
v 146.06 -186.98 47.59
v 145.02 -187.78 47.59
v 145.32 -188.17 45.60
v 146.06 -186.98 45.60
v 146.06 -186.98 47.59
v 145.32 -188.17 47.59
v 146.06 -186.98 45.60
v 145.02 -187.78 45.60
v 145.02 -187.78 47.59
v 146.06 -186.98 47.59
v 146.06 -186.98 49.59
v 145.02 -187.78 49.59
v 145.02 -187.78 51.59
v 146.06 -186.98 51.59
v 145.02 -187.78 49.59
v 145.32 -188.17 49.59
v 145.32 -188.17 51.59
v 145.02 -187.78 51.59
v 147.94 -188.17 49.59
v 148.67 -186.98 49.59
v 148.67 -186.98 51.59
v 147.94 -188.17 51.59
v 148.67 -186.98 49.59
v 147.94 -188.17 49.59
v 147.94 -188.17 51.59
v 148.67 -186.98 51.59
v 177.38 -172.40 40.80
v 170.78 -179.23 40.80
v 170.78 -179.23 49.64
v 177.38 -172.40 49.64
v 170.78 -179.23 40.80
v 175.61 -183.89 40.80
v 175.61 -183.89 49.64
v 170.78 -179.23 49.64
v 167.72 -173.10 44.97
v 169.49 -174.08 44.97
v 169.49 -174.08 46.34
v 167.72 -173.10 46.34
v 166.42 -173.74 46.34
v 167.72 -173.10 46.34
v 166.77 -174.08 46.34
v 166.77 -174.08 49.07
v 167.72 -173.10 49.07
v 166.42 -173.74 49.07
v 166.77 -174.08 46.34
v 167.72 -173.10 46.34
v 167.72 -173.10 49.07
v 166.77 -174.08 49.07
v 167.72 -173.10 46.34
v 166.42 -173.74 46.34
v 166.42 -173.74 49.07
v 167.72 -173.10 49.07
v 166.42 -173.74 46.34
v 166.77 -174.08 46.34
v 166.77 -174.08 49.07
v 166.42 -173.74 49.07
v 167.72 -173.10 46.34
v 170.44 -173.10 46.34
v 169.49 -174.08 46.34
v 169.49 -174.08 49.07
v 170.44 -173.10 49.07
v 167.72 -173.10 49.07
v 169.49 -174.08 46.34
v 170.44 -173.10 46.34
v 170.44 -173.10 49.07
v 169.49 -174.08 49.07
v 170.44 -173.10 46.34
v 167.72 -173.10 46.34
v 167.72 -173.10 49.07
v 170.44 -173.10 49.07
v 167.72 -173.10 46.34
v 169.49 -174.08 46.34
v 169.49 -174.08 49.07
v 167.72 -173.10 49.07
v -48.07 -232.24 34.00
v -48.87 -229.77 34.00
v -48.87 -229.77 58.00
v -48.07 -232.24 58.00
v -48.87 -229.77 34.00
v -50.97 -228.24 34.00
v -50.97 -228.24 58.00
v -48.87 -229.77 58.00
v -50.97 -228.24 34.00
v -53.57 -228.24 34.00
v -53.57 -228.24 58.00
v -50.97 -228.24 58.00
v -53.57 -228.24 34.00
v -55.67 -229.77 34.00
v -55.67 -229.77 58.00
v -53.57 -228.24 58.00
v -55.67 -229.77 34.00
v -56.47 -232.24 34.00
v -56.47 -232.24 58.00
v -55.67 -229.77 58.00
v -56.47 -232.24 34.00
v -55.67 -234.71 34.00
v -55.67 -234.71 58.00
v -56.47 -232.24 58.00
v -55.67 -234.71 34.00
v -53.57 -236.23 34.00
v -53.57 -236.23 58.00
v -55.67 -234.71 58.00
v 142.44 -222.50 34.00
v 139.84 -222.50 34.00
v 139.84 -222.50 58.00
v 142.44 -222.50 58.00
v 139.84 -222.50 34.00
v 137.74 -224.02 34.00
v 137.74 -224.02 58.00
v 139.84 -222.50 58.00
v 137.74 -224.02 34.00
v 136.94 -226.49 34.00
v 136.94 -226.49 58.00
v 137.74 -224.02 58.00
v 136.94 -226.49 34.00
v 137.74 -228.96 34.00
v 137.74 -228.96 58.00
v 136.94 -226.49 58.00
v 137.74 -228.96 34.00
v 139.84 -230.49 34.00
v 139.84 -230.49 58.00
v 137.74 -228.96 58.00
v 139.84 -230.49 34.00
v 142.44 -230.49 34.00
v 142.44 -230.49 58.00
v 139.84 -230.49 58.00
v 145.72 -229.82 58.00
v 145.34 -226.49 58.00
v 141.14 -226.49 64.00
v -173.22 70.24 28.80
v -177.71 62.02 28.80
v -177.71 62.02 40.24
v -173.22 70.24 40.24
v -177.71 62.02 28.80
v -172.34 59.09 28.80
v -172.34 59.09 40.24
v -177.71 62.02 40.24
v -173.36 70.72 40.24
v -177.71 62.02 40.24
v -178.18 61.88 44.85
v -173.36 70.72 44.85
v -177.71 62.02 40.24
v -172.34 59.09 40.24
v -172.20 58.62 44.85
v -178.18 61.88 44.85
v -185.51 41.58 28.80
v -188.21 34.63 28.80
v -193.85 36.82 28.80
v -191.16 43.77 28.80
v -199.75 15.58 28.80
v -201.76 7.50 28.80
v -207.62 8.96 28.80
v -205.61 17.04 28.80
v -205.61 17.04 38.03
v -207.62 8.96 38.03
v -201.76 7.50 38.03
v -199.75 15.58 38.03
v -205.61 17.04 28.80
v -207.62 8.96 28.80
v -207.62 8.96 38.03
v -205.61 17.04 38.03
v -207.62 8.96 28.80
v -201.76 7.50 28.80
v -201.76 7.50 38.03
v -207.62 8.96 38.03
v -201.76 7.50 28.80
v -199.75 15.58 28.80
v -199.75 15.58 38.03
v -201.76 7.50 38.03
v -199.75 15.58 28.80
v -205.61 17.04 28.80
v -205.61 17.04 38.03
v -199.75 15.58 38.03
v -208.35 8.53 38.03
v -206.05 17.77 38.03
v -207.20 13.14 43.69
v -200.17 11.39 43.69
v -207.20 13.14 43.69
v -199.75 15.58 38.03
v -201.76 7.50 38.03
v -200.17 11.39 43.69
v -206.05 17.77 38.03
v -199.75 15.58 38.03
v -207.20 13.14 43.69
v -208.35 8.53 38.03
v -200.17 11.39 43.69
v -201.76 7.50 38.03
v -205.17 10.12 32.69
v -205.52 8.74 32.69
v -205.52 8.74 33.77
v -205.17 10.12 33.77
v -205.52 8.74 32.69
v -205.17 10.12 32.69
v -205.17 10.12 33.77
v -205.52 8.74 33.77
v -202.32 10.12 32.69
v -202.19 8.62 32.69
v -202.67 8.74 32.69
v -202.32 10.12 33.77
v -202.67 8.74 33.77
v -202.19 8.62 33.77
v -202.32 10.12 32.69
v -202.67 8.74 32.69
v -202.67 8.74 33.77
v -202.32 10.12 33.77
v -202.67 8.74 32.69
v -202.19 8.62 32.69
v -202.19 8.62 33.77
v -202.67 8.74 33.77
v -202.19 8.62 32.69
v -202.32 10.12 32.69
v -202.32 10.12 33.77
v -202.19 8.62 33.77
v -205.17 10.12 33.77
v -205.52 8.74 33.77
v -205.52 8.74 35.95
v -205.17 10.12 35.95
v -192.61 14.16 28.80
v -194.80 5.40 28.80
v -194.80 5.40 42.58
v -192.61 14.16 42.58
v -194.80 5.40 28.80
v -187.56 3.59 28.80
v -187.56 3.59 42.58
v -194.80 5.40 42.58
v -187.56 3.59 28.80
v -185.37 12.36 28.80
v -185.37 12.36 42.58
v -187.56 3.59 42.58
v -185.37 12.36 28.80
v -192.61 14.16 28.80
v -192.61 14.16 42.58
v -185.37 12.36 42.58
v -194.80 5.40 42.58
v -192.61 14.16 42.58
v -194.29 9.93 48.72
v -185.88 7.83 48.72
v -194.29 9.93 48.72
v -184.64 12.79 42.58
v -187.56 3.59 42.58
v -185.88 7.83 48.72
v -192.61 14.16 42.58
v -184.64 12.79 42.58
v -194.29 9.93 48.72
v -194.80 5.40 42.58
v -185.88 7.83 48.72
v -187.56 3.59 42.58
v -191.70 6.09 33.59
v -191.22 5.97 33.59
v -191.22 5.97 35.59
v -191.70 6.09 35.59
v -191.22 5.97 33.59
v -191.70 6.09 33.59
v -191.70 6.09 35.59
v -191.22 5.97 35.59
v -187.95 10.84 42.58
v -186.88 10.57 42.58
v -186.88 10.57 45.77
v -187.95 10.84 45.77
v -186.88 10.57 42.58
v -187.95 10.84 42.58
v -187.95 10.84 45.77
v -186.88 10.57 45.77
v -178.77 10.18 43.02
v -181.68 4.00 42.00
v -174.20 0.79 43.02
v -172.26 8.56 43.02
v -178.51 9.76 38.98
v -180.71 2.41 38.98
v -181.68 4.00 42.00
v -178.77 10.18 43.02
v -180.71 2.41 38.98
v -174.45 1.21 38.98
v -174.20 0.79 43.02
v -181.68 4.00 42.00
v -172.69 8.31 38.98
v -178.51 9.76 38.98
v -178.77 10.18 43.02
v -172.26 8.56 43.02
v -181.68 4.00 42.00
v -178.77 10.18 43.02
v -179.98 6.36 47.99
v -172.99 4.62 47.99
v -178.77 10.18 43.02
v -172.26 8.56 43.02
v -179.98 6.36 47.99
v -213.47 -12.22 36.92
v -214.45 -20.20 36.92
v -208.21 -20.97 36.92
v -207.24 -12.98 36.92
v -213.47 -12.22 28.80
v -214.45 -20.20 28.80
v -214.45 -20.20 36.92
v -213.47 -12.22 36.92
v -214.45 -20.20 28.80
v -208.21 -20.97 28.80
v -208.21 -20.97 36.92
v -214.45 -20.20 36.92
v -208.21 -20.97 28.80
v -207.24 -12.98 28.80
v -207.24 -12.98 36.92
v -208.21 -20.97 36.92
v -207.24 -12.98 28.80
v -213.47 -12.22 28.80
v -213.47 -12.22 36.92
v -207.24 -12.98 36.92
v -214.45 -20.20 36.92
v -213.47 -12.22 36.92
v -214.56 -16.14 42.39
v -207.13 -17.05 42.39
v -207.91 -14.94 36.92
v -209.00 -14.80 36.92
v -209.00 -14.80 40.12
v -207.91 -14.94 40.12
v -192.22 -15.06 28.80
v -193.14 -22.56 28.80
v -201.43 -21.55 28.80
v -200.51 -14.05 28.80
v -200.51 -14.05 43.16
v -201.43 -21.55 43.16
v -193.14 -22.56 43.16
v -192.22 -15.06 43.16
v -200.51 -14.05 28.80
v -201.43 -21.55 28.80
v -201.43 -21.55 43.16
v -200.51 -14.05 43.16
v -201.43 -21.55 28.80
v -193.14 -22.56 28.80
v -193.14 -22.56 43.16
v -201.43 -21.55 43.16
v -193.14 -22.56 28.80
v -192.22 -15.06 28.80
v -192.22 -15.06 43.16
v -193.14 -22.56 43.16
v -197.77 -21.76 34.90
v -198.26 -21.70 34.90
v -198.26 -21.70 38.19
v -197.77 -21.76 38.19
v -195.72 -21.70 34.90
v -195.39 -23.02 34.90
v -197.93 -23.02 34.90
v -195.72 -21.70 38.19
v -197.93 -23.02 38.19
v -195.39 -23.02 38.19
v -195.72 -21.70 34.90
v -197.93 -23.02 34.90
v -197.93 -23.02 38.19
v -195.72 -21.70 38.19
v -197.93 -23.02 34.90
v -195.39 -23.02 34.90
v -195.39 -23.02 38.19
v -197.93 -23.02 38.19
v -195.39 -23.02 34.90
v -195.72 -21.70 34.90
v -195.72 -21.70 38.19
v -195.39 -23.02 38.19
v -195.72 -21.70 41.49
v -195.39 -23.02 41.49
v -197.93 -23.02 41.49
v -195.72 -21.70 44.78
v -197.93 -23.02 44.78
v -195.39 -23.02 44.78
v -195.72 -21.70 41.49
v -197.93 -23.02 41.49
v -197.93 -23.02 44.78
v -195.72 -21.70 44.78
v -197.93 -23.02 41.49
v -195.39 -23.02 41.49
v -195.39 -23.02 44.78
v -197.93 -23.02 44.78
v -195.39 -23.02 41.49
v -195.72 -21.70 41.49
v -195.72 -21.70 44.78
v -195.39 -23.02 44.78
v -179.22 -17.05 28.80
v -180.04 -23.76 28.80
v -186.40 -22.98 28.80
v -185.58 -16.27 28.80
v -197.78 -41.76 42.83
v -197.78 -50.24 42.83
v -191.57 -50.24 42.83
v -192.39 -41.01 42.00
v -197.78 -41.76 28.80
v -197.78 -50.24 28.80
v -197.78 -50.24 42.83
v -197.78 -41.76 42.83
v -197.78 -50.24 28.80
v -191.57 -50.24 28.80
v -191.57 -50.24 42.83
v -197.78 -50.24 42.83
v -191.57 -50.24 28.80
v -191.57 -41.76 28.80
v -192.39 -41.01 42.00
v -191.57 -50.24 42.83
v -191.57 -41.76 28.80
v -197.78 -41.76 28.80
v -197.78 -41.76 42.83
v -192.39 -41.01 42.00
v -198.38 -50.84 42.83
v -198.38 -41.16 42.83
v -198.38 -46.00 48.60
v -190.97 -46.00 48.60
v -198.38 -46.00 48.60
v -190.97 -41.16 42.83
v -190.97 -50.84 42.83
v -190.97 -46.00 48.60
v -198.38 -41.16 42.83
v -190.97 -41.16 42.83
v -198.38 -46.00 48.60
v -198.38 -50.84 42.83
v -190.97 -46.00 48.60
v -190.97 -50.84 42.83
v -196.38 -48.25 33.65
v -196.38 -49.71 33.65
v -196.38 -49.71 35.69
v -196.38 -48.25 35.69
v -196.38 -49.71 33.65
v -196.38 -48.25 33.65
v -196.38 -48.25 35.69
v -196.38 -49.71 35.69
v -193.46 -48.25 33.65
v -193.46 -49.71 33.65
v -193.46 -49.71 35.69
v -193.46 -48.25 35.69
v -193.46 -49.71 33.65
v -193.46 -48.25 33.65
v -193.46 -48.25 35.69
v -193.46 -49.71 35.69
v -196.38 -48.25 37.74
v -196.38 -49.71 37.74
v -196.38 -49.71 39.79
v -196.38 -48.25 39.79
v -196.38 -49.71 37.74
v -196.38 -48.25 37.74
v -196.38 -48.25 39.79
v -196.38 -49.71 39.79
v -193.46 -48.25 37.74
v -193.46 -49.71 37.74
v -193.46 -49.71 39.79
v -193.46 -48.25 39.79
v -193.46 -49.71 37.74
v -193.46 -48.25 37.74
v -193.46 -48.25 39.79
v -193.46 -49.71 39.79
v -177.59 -41.41 28.80
v -177.59 -50.59 28.80
v -184.00 -50.59 28.80
v -184.00 -41.41 28.80
v -201.99 -79.32 43.12
v -194.76 -78.08 43.12
v -194.37 -78.39 49.02
v -201.99 -79.32 49.02
v -194.76 -78.08 43.12
v -195.57 -68.55 43.12
v -195.57 -68.55 49.02
v -194.37 -78.39 49.02
v -195.57 -68.55 43.12
v -202.81 -69.78 43.12
v -203.20 -69.48 49.02
v -195.57 -68.55 49.02
v -201.99 -79.32 49.02
v -203.20 -69.48 49.02
v -202.84 -74.43 55.28
v -194.73 -73.44 55.28
v -202.84 -74.43 55.28
v -195.57 -68.55 49.02
v -194.37 -78.39 49.02
v -194.73 -73.44 55.28
v -203.20 -69.48 49.02
v -195.57 -68.55 49.02
v -202.84 -74.43 55.28
v -190.45 -68.58 48.62
v -189.41 -77.13 48.62
v -180.49 -76.04 48.62
v -181.53 -67.49 48.62
v -190.06 -68.88 42.84
v -189.41 -77.13 42.84
v -189.41 -77.13 48.62
v -190.45 -68.58 48.62
v -189.41 -77.13 42.84
v -180.88 -75.73 42.84
v -180.49 -76.04 48.62
v -189.41 -77.13 48.62
v -180.88 -75.73 42.84
v -181.84 -67.88 42.84
v -181.53 -67.49 48.62
v -180.49 -76.04 48.62
v -181.84 -67.88 42.84
v -190.06 -68.88 42.84
v -190.45 -68.58 48.62
v -181.53 -67.49 48.62
v -190.45 -68.58 48.62
v -189.41 -77.13 48.62
v -184.92 -76.83 54.26
v -186.02 -67.79 54.26
v -181.53 -67.49 48.62
v -186.02 -67.79 54.26
v -184.92 -76.83 54.26
v -180.21 -76.26 48.62
v -190.45 -68.58 48.62
v -186.02 -67.79 54.26
v -181.53 -67.49 48.62
v -189.41 -77.13 48.62
v -180.21 -76.26 48.62
v -184.92 -76.83 54.26
v -186.49 -76.96 34.80
v -186.97 -77.02 34.80
v -187.14 -75.69 34.80
v -187.14 -75.69 38.01
v -186.97 -77.02 38.01
v -186.49 -76.96 38.01
v -187.14 -75.69 34.80
v -186.97 -77.02 34.80
v -186.97 -77.02 38.01
v -187.14 -75.69 38.01
v -184.29 -77.02 41.21
v -184.45 -75.69 41.21
v -184.45 -75.69 44.42
v -184.29 -77.02 44.42
v -182.70 -70.32 48.62
v -182.57 -71.41 48.62
v -183.79 -70.45 48.62
v -183.79 -70.45 51.82
v -182.57 -71.41 51.82
v -182.70 -70.32 51.82
v -183.79 -70.45 48.62
v -182.57 -71.41 48.62
v -182.57 -71.41 51.82
v -183.79 -70.45 51.82
v -182.57 -71.41 48.62
v -182.70 -70.32 48.62
v -182.70 -70.32 51.82
v -182.57 -71.41 51.82
v -182.70 -70.32 48.62
v -183.79 -70.45 48.62
v -183.79 -70.45 51.82
v -182.70 -70.32 51.82
v -181.46 -103.02 29.88
v -184.27 -95.25 28.80
v -184.27 -95.25 39.44
v -182.31 -103.12 39.44
v -184.27 -95.25 28.80
v -190.94 -96.91 28.80
v -190.94 -96.91 39.44
v -184.27 -95.25 39.44
v -189.42 -105.51 39.44
v -191.67 -96.48 39.44
v -190.55 -100.99 44.96
v -182.71 -99.04 44.96
v -190.55 -100.99 44.96
v -183.84 -94.52 39.44
v -181.58 -103.56 39.44
v -182.71 -99.04 44.96
v -191.67 -96.48 39.44
v -183.84 -94.52 39.44
v -190.55 -100.99 44.96
v -189.42 -105.51 39.44
v -182.71 -99.04 44.96
v -181.58 -103.56 39.44
v -188.41 -102.72 32.97
v -188.08 -104.06 32.97
v -188.08 -104.06 34.34
v -188.41 -102.72 34.34
v -188.08 -104.06 32.97
v -188.41 -102.72 32.97
v -188.41 -102.72 34.34
v -188.08 -104.06 34.34
v -185.65 -102.72 32.97
v -185.32 -104.06 32.97
v -185.32 -104.06 34.34
v -185.65 -102.72 34.34
v -185.32 -104.06 32.97
v -185.65 -102.72 32.97
v -185.65 -102.72 34.34
v -185.32 -104.06 34.34
v -178.41 -94.11 28.80
v -176.60 -101.37 28.80
v -176.60 -101.37 42.41
v -178.41 -94.11 42.41
v -178.41 -94.11 42.41
v -176.60 -101.37 42.41
v -176.85 -101.79 47.99
v -178.83 -93.86 47.99
v -176.90 -130.49 36.45
v -177.35 -129.33 36.45
v -177.35 -129.33 38.07
v -176.90 -130.49 38.07
v -163.51 -146.46 28.80
v -159.18 -154.40 28.80
v -166.01 -158.13 28.80
v -170.35 -150.19 28.80
v -170.35 -150.19 42.10
v -166.01 -158.13 42.10
v -159.18 -154.40 42.10
v -163.51 -146.46 42.10
v -170.35 -150.19 28.80
v -166.01 -158.13 28.80
v -166.01 -158.13 42.10
v -170.35 -150.19 42.10
v -166.01 -158.13 28.80
v -159.18 -154.40 28.80
v -159.18 -154.40 42.10
v -166.01 -158.13 42.10
v -159.18 -154.40 28.80
v -163.51 -146.46 28.80
v -163.51 -146.46 42.10
v -159.18 -154.40 42.10
v -163.51 -146.46 42.10
v -159.18 -154.40 42.10
v -166.15 -158.60 42.10
v -170.35 -150.19 42.10
v -170.82 -150.05 47.55
v -166.15 -158.60 47.55
v -158.71 -154.54 47.55
v -163.38 -145.98 47.55
v -170.35 -150.19 42.10
v -166.15 -158.60 42.10
v -166.15 -158.60 47.55
v -170.82 -150.05 47.55
v -166.15 -158.60 42.10
v -159.18 -154.40 42.10
v -158.71 -154.54 47.55
v -166.15 -158.60 47.55
v -159.18 -154.40 42.10
v -163.51 -146.46 42.10
v -163.38 -145.98 47.55
v -158.71 -154.54 47.55
v -166.15 -158.60 47.55
v -170.82 -150.05 47.55
v -168.71 -154.44 53.70
v -160.82 -150.14 53.70
v -140.46 -176.19 43.44
v -133.60 -171.15 43.44
v -136.88 -173.87 48.75
v -141.00 -174.04 40.27
v -140.31 -174.97 40.27
v -140.60 -173.75 40.27
v -140.31 -174.97 40.27
v -138.01 -174.97 40.27
v -138.30 -173.75 40.27
v -137.99 -169.13 43.44
v -137.34 -170.02 43.44
v -137.34 -170.02 46.64
v -137.99 -169.13 46.64
v -137.34 -170.02 43.44
v -137.99 -169.13 43.44
v -137.99 -169.13 46.64
v -137.34 -170.02 46.64
v -134.10 -162.63 41.19
v -130.17 -167.98 41.19
v -123.59 -163.13 41.19
v -127.52 -157.79 41.19
v -104.44 -182.94 41.75
v -109.62 -177.65 41.75
v -109.61 -177.15 47.03
v -103.94 -182.94 47.03
v -109.62 -177.65 41.75
v -114.51 -182.44 41.75
v -115.00 -182.43 47.03
v -109.61 -177.15 47.03
v -109.33 -188.22 47.03
v -115.00 -182.43 47.03
v -112.34 -185.50 52.07
v -106.60 -179.87 52.07
v -112.34 -185.50 52.07
v -109.61 -177.15 47.03
v -103.94 -182.94 47.03
v -106.60 -179.87 52.07
v -115.00 -182.43 47.03
v -109.61 -177.15 47.03
v -112.34 -185.50 52.07
v -109.33 -188.22 47.03
v -106.60 -179.87 52.07
v -103.94 -182.94 47.03
v -108.84 -185.71 40.26
v -107.62 -186.26 40.26
v -107.62 -186.26 43.15
v -108.84 -185.71 43.15
v -107.62 -186.26 40.26
v -108.84 -185.71 40.26
v -108.84 -185.71 43.15
v -107.62 -186.26 43.15
v -105.74 -218.98 37.54
v -99.71 -222.79 37.54
v -96.93 -220.11 42.72
v -103.08 -215.46 42.72
v -100.30 -212.79 37.54
v -103.08 -215.46 42.72
v -96.93 -220.11 42.72
v -94.27 -216.60 37.54
v -98.76 -208.32 42.94
v -91.23 -214.02 42.94
v -86.12 -207.26 42.94
v -93.64 -201.56 42.94
v -93.64 -201.56 42.94
v -85.63 -207.19 42.94
v -91.23 -214.02 42.94
v -99.25 -208.39 42.94
v -99.25 -208.39 48.77
v -91.17 -214.51 48.77
v -85.63 -207.19 48.77
v -93.71 -201.07 48.77
v -99.25 -208.39 42.94
v -91.23 -214.02 42.94
v -91.17 -214.51 48.77
v -99.25 -208.39 48.77
v -91.23 -214.02 42.94
v -85.63 -207.19 42.94
v -85.63 -207.19 48.77
v -91.17 -214.51 48.77
v -85.63 -207.19 42.94
v -93.64 -201.56 42.94
v -93.71 -201.07 48.77
v -85.63 -207.19 48.77
v -93.64 -201.56 42.94
v -99.25 -208.39 42.94
v -99.25 -208.39 48.77
v -93.71 -201.07 48.77
v -91.17 -214.51 48.77
v -99.25 -208.39 48.77
v -95.36 -211.65 55.19
v -89.52 -203.93 55.19
v -95.36 -211.65 55.19
v -93.71 -201.07 48.77
v -85.63 -207.19 48.77
v -89.52 -203.93 55.19
v -99.25 -208.39 48.77
v -93.71 -201.07 48.77
v -95.36 -211.65 55.19
v -91.17 -214.51 48.77
v -89.52 -203.93 55.19
v -85.63 -207.19 48.77
v -94.89 -211.60 41.30
v -93.58 -212.59 41.30
v -93.58 -212.59 44.53
v -94.89 -211.60 44.53
v -93.58 -212.59 41.30
v -94.89 -211.60 41.30
v -94.89 -211.60 44.53
v -93.58 -212.59 44.53
v -91.60 -211.60 41.30
v -89.99 -212.20 41.30
v -89.99 -212.20 44.53
v -91.60 -211.60 44.53
v -83.61 -196.55 41.65
v -82.73 -197.21 41.65
v -82.95 -195.67 41.65
v -83.61 -196.55 38.45
v -82.73 -197.21 38.45
v -82.73 -197.21 41.65
v -83.61 -196.55 41.65
v -82.73 -197.21 38.45
v -82.95 -195.67 38.45
v -82.95 -195.67 41.65
v -82.73 -197.21 41.65
v -82.95 -195.67 38.45
v -83.61 -196.55 38.45
v -83.61 -196.55 41.65
v -82.95 -195.67 41.65
v -75.05 -231.77 40.30
v -67.06 -236.06 40.30
v -63.70 -229.82 40.30
v -71.69 -225.52 40.30
v -67.06 -236.06 40.30
v -75.05 -231.77 40.30
v -71.34 -234.44 46.46
v -67.41 -227.14 46.46
v -71.34 -234.44 46.46
v -71.69 -225.52 40.30
v -63.70 -229.82 40.30
v -67.41 -227.14 46.46
v -75.05 -231.77 40.30
v -71.69 -225.52 40.30
v -71.34 -234.44 46.46
v -67.06 -236.06 40.30
v -67.41 -227.14 46.46
v -63.70 -229.82 40.30
v -70.00 -221.40 41.19
v -61.20 -226.13 41.19
v -57.19 -218.68 41.19
v -65.99 -213.94 41.19
v -61.20 -226.13 41.19
v -70.00 -221.40 41.19
v -65.72 -223.99 47.51
v -61.47 -216.09 47.51
v -65.72 -223.99 47.51
v -66.09 -213.60 41.19
v -57.19 -218.68 41.19
v -61.47 -216.09 47.51
v -64.20 -210.76 38.96
v -59.85 -203.95 38.96
v -59.86 -213.09 44.84
v -55.77 -214.62 38.96
v -55.76 -205.47 44.84
v -52.23 -208.05 38.96
v -38.30 -233.01 40.03
v -31.80 -235.25 40.03
v -29.46 -228.46 40.03
v -35.95 -226.22 40.03
v -35.95 -226.22 40.03
v -29.46 -228.46 40.03
v -31.59 -235.70 40.03
v -38.74 -233.22 40.03
v -38.74 -233.22 44.55
v -31.59 -235.70 44.55
v -29.01 -228.25 44.55
v -36.16 -225.77 44.55
v -38.74 -233.22 40.03
v -31.59 -235.70 40.03
v -31.59 -235.70 44.55
v -38.74 -233.22 44.55
v -1.80 -255.73 38.43
v -9.01 -254.51 38.43
v -5.51 -255.71 43.40
v -4.29 -248.53 43.40
v -5.51 -255.71 43.40
v -7.99 -248.51 38.43
v -0.79 -249.73 38.43
v -4.29 -248.53 43.40
v -9.01 -254.51 38.43
v -7.99 -248.51 38.43
v -5.51 -255.71 43.40
v -1.80 -255.73 38.43
v -4.29 -248.53 43.40
v -0.79 -249.73 38.43
v -7.30 -242.77 42.87
v 0.44 -244.08 42.87
v 1.56 -237.47 42.87
v -6.18 -236.16 42.87
v 0.94 -244.77 42.87
v -7.30 -242.77 42.87
v -3.53 -244.02 48.21
v -2.21 -236.22 48.21
v -3.53 -244.02 48.21
v -6.67 -235.47 42.87
v 2.25 -236.98 42.87
v -2.21 -236.22 48.21
v -7.30 -242.77 42.87
v -6.67 -235.47 42.87
v -3.53 -244.02 48.21
v 0.94 -244.77 42.87
v -2.21 -236.22 48.21
v 2.25 -236.98 42.87
v -1.22 -239.35 42.87
v 0.04 -238.45 42.87
v 0.04 -238.45 46.07
v -1.22 -239.35 46.07
v 0.04 -238.45 42.87
v -1.22 -239.35 42.87
v -1.22 -239.35 46.07
v 0.04 -238.45 46.07
v -5.45 -231.15 43.22
v 2.52 -232.50 43.22
v 3.78 -225.10 43.22
v -4.20 -223.75 43.22
v -4.48 -223.35 43.22
v 3.78 -225.10 43.22
v 2.52 -232.50 43.22
v -5.45 -231.15 43.22
v -5.85 -231.43 49.17
v 2.81 -232.90 49.17
v 4.18 -224.81 49.17
v -4.48 -223.35 49.17
v -5.45 -231.15 43.22
v 2.52 -232.50 43.22
v 2.81 -232.90 49.17
v -5.85 -231.43 49.17
v 2.52 -232.50 43.22
v 3.78 -225.10 43.22
v 4.18 -224.81 49.17
v 2.81 -232.90 49.17
v 3.78 -225.10 43.22
v -4.48 -223.35 43.22
v -4.48 -223.35 49.17
v 4.18 -224.81 49.17
v -4.48 -223.35 43.22
v -5.45 -231.15 43.22
v -5.85 -231.43 49.17
v -4.48 -223.35 49.17
v 56.44 -227.32 38.61
v 57.50 -235.69 38.61
v 57.50 -235.69 42.49
v 56.04 -227.03 42.49
v 66.47 -234.17 42.49
v 57.50 -235.69 42.49
v 62.03 -235.18 48.20
v 60.48 -226.03 48.20
v 99.63 -247.37 45.89
v 92.25 -241.37 39.89
v 101.35 -238.86 39.89
v 96.99 -239.73 45.89
v 94.89 -249.00 39.89
v 92.25 -241.37 39.89
v 99.63 -247.37 45.89
v 103.60 -245.36 39.89
v 96.99 -239.73 45.89
v 101.35 -238.86 39.89
v 92.32 -236.40 41.58
v 98.60 -234.23 41.58
v 96.34 -227.70 41.58
v 90.06 -229.87 41.58
v 92.32 -236.40 41.58
v 99.36 -234.60 41.58
v 98.03 -230.77 46.28
v 90.63 -233.33 46.28
v 90.06 -229.87 41.58
v 90.63 -233.33 46.28
v 98.03 -230.77 46.28
v 96.34 -227.70 41.58
v 92.32 -236.40 41.58
v 90.63 -233.33 46.28
v 90.06 -229.87 41.58
v 99.36 -234.60 41.58
v 96.34 -227.70 41.58
v 98.03 -230.77 46.28
v 96.68 -230.11 41.58
v 97.04 -231.15 41.58
v 96.00 -231.51 41.58
v 96.00 -231.51 44.78
v 97.04 -231.15 44.78
v 96.68 -230.11 44.78
v 96.00 -231.51 41.58
v 97.04 -231.15 41.58
v 97.04 -231.15 44.78
v 96.00 -231.51 44.78
v 97.04 -231.15 41.58
v 96.68 -230.11 41.58
v 96.68 -230.11 44.78
v 97.04 -231.15 44.78
v 96.68 -230.11 41.58
v 96.00 -231.51 41.58
v 96.00 -231.51 44.78
v 96.68 -230.11 44.78
v 87.44 -225.22 40.59
v 95.53 -222.43 40.59
v 93.26 -215.89 40.59
v 85.18 -218.68 40.59
v 85.18 -218.68 40.59
v 93.48 -215.44 40.59
v 95.53 -222.43 40.59
v 87.44 -225.22 40.59
v 87.23 -225.67 45.35
v 95.97 -222.64 45.35
v 93.48 -215.44 45.35
v 84.74 -218.46 45.35
v 87.44 -225.22 40.59
v 95.53 -222.43 40.59
v 95.97 -222.64 45.35
v 87.23 -225.67 45.35
v 95.53 -222.43 40.59
v 93.48 -215.44 40.59
v 93.48 -215.44 45.35
v 95.97 -222.64 45.35
v 93.48 -215.44 40.59
v 85.18 -218.68 40.59
v 84.74 -218.46 45.35
v 93.48 -215.44 45.35
v 85.18 -218.68 40.59
v 87.44 -225.22 40.59
v 87.23 -225.67 45.35
v 84.74 -218.46 45.35
v 95.97 -222.64 45.35
v 87.23 -225.67 45.35
v 91.68 -224.39 51.16
v 89.03 -216.72 51.16
v 91.68 -224.39 51.16
v 84.74 -218.46 45.35
v 93.48 -215.44 45.35
v 89.03 -216.72 51.16
v 87.23 -225.67 45.35
v 84.74 -218.46 45.35
v 91.68 -224.39 51.16
v 95.97 -222.64 45.35
v 89.03 -216.72 51.16
v 93.48 -215.44 45.35
v 152.36 -214.28 41.29
v 152.99 -213.19 41.29
v 152.99 -213.19 44.52
v 152.36 -214.28 44.52
v 152.99 -213.19 41.29
v 152.36 -214.28 41.29
v 152.36 -214.28 44.52
v 152.99 -213.19 44.52
v 154.68 -214.28 41.29
v 155.31 -213.19 41.29
v 155.31 -213.19 44.52
v 154.68 -214.28 44.52
v 155.31 -213.19 41.29
v 154.68 -214.28 41.29
v 154.68 -214.28 44.52
v 155.31 -213.19 44.52
v 156.03 -207.47 48.74
v 156.69 -208.34 48.74
v 155.82 -209.01 48.74
v 155.82 -209.01 51.94
v 156.69 -208.34 51.94
v 156.03 -207.47 51.94
v 155.82 -209.01 48.74
v 156.69 -208.34 48.74
v 156.69 -208.34 51.94
v 155.82 -209.01 51.94
v 156.69 -208.34 48.74
v 156.03 -207.47 48.74
v 156.03 -207.47 51.94
v 156.69 -208.34 51.94
v 156.03 -207.47 48.74
v 155.82 -209.01 48.74
v 155.82 -209.01 51.94
v 156.03 -207.47 51.94
v 145.63 -205.19 42.02
v 151.79 -200.53 42.02
v 147.62 -195.03 42.02
v 141.46 -199.69 42.02
v 152.63 -200.65 42.02
v 145.63 -205.19 42.02
v 149.07 -203.34 47.27
v 144.18 -196.88 47.27
v 149.07 -203.34 47.27
v 140.62 -199.57 42.02
v 147.62 -195.03 42.02
v 144.18 -196.88 47.27
v 145.63 -205.19 42.02
v 140.62 -199.57 42.02
v 149.07 -203.34 47.27
v 152.63 -200.65 42.02
v 144.18 -196.88 47.27
v 147.62 -195.03 42.02
v 138.88 -196.01 40.74
v 144.79 -191.54 40.74
v 139.97 -185.16 40.74
v 134.05 -189.64 40.74
v 138.88 -196.01 40.74
v 145.63 -191.65 40.74
v 142.85 -187.99 46.17
v 135.99 -193.19 46.17
v 134.05 -189.64 40.74
v 135.99 -193.19 46.17
v 142.85 -187.99 46.17
v 140.08 -184.32 40.74
v 138.88 -196.01 40.74
v 135.99 -193.19 46.17
v 134.05 -189.64 40.74
v 145.63 -191.65 40.74
v 140.08 -184.32 40.74
v 142.85 -187.99 46.17
v 177.19 -183.81 38.99
v 170.75 -190.38 38.99
v 174.40 -187.51 45.25
v 168.21 -181.45 45.25
v 174.40 -187.51 45.25
v 164.57 -185.17 38.99
v 171.85 -177.74 38.99
v 168.21 -181.45 45.25
v 170.75 -190.38 38.99
v 164.57 -185.17 38.99
v 174.40 -187.51 45.25
v 177.19 -183.81 38.99
v 168.21 -181.45 45.25
v 171.85 -177.74 38.99
v 162.19 -181.83 41.85
v 168.47 -175.42 41.85
v 162.95 -170.02 41.85
v 156.67 -176.43 41.85
v 168.47 -175.42 41.85
v 162.20 -182.68 41.85
v 165.76 -179.05 47.95
v 159.38 -172.80 47.95
v 165.76 -179.05 47.95
v 155.82 -176.44 41.85
v 162.95 -169.17 41.85
v 159.38 -172.80 47.95
v -187.98 68.64 22.00
v -185.88 67.12 22.00
v -185.88 67.12 46.00
v -187.98 68.64 46.00
v -185.88 67.12 22.00
v -183.29 67.12 22.00
v -183.29 67.12 46.00
v -185.88 67.12 46.00
v -183.29 67.12 22.00
v -181.19 68.64 22.00
v -181.19 68.64 46.00
v -183.29 67.12 46.00
v -181.19 68.64 22.00
v -180.38 71.11 22.00
v -180.38 71.11 46.00
v -181.19 68.64 46.00
v -180.38 71.11 46.00
v -181.19 73.58 46.00
v -183.29 75.10 46.00
v -185.88 75.10 46.00
v -187.98 73.58 46.00
v -188.78 71.11 46.00
v -187.98 68.64 46.00
v -185.88 67.12 46.00
v -183.29 67.12 46.00
v -181.19 68.64 46.00
v -180.38 71.11 46.00
v -180.00 74.44 46.00
v -184.59 71.11 52.00
v -180.00 74.44 46.00
v -183.29 75.10 46.00
v -184.59 71.11 52.00
v -183.29 75.10 46.00
v -185.88 75.10 46.00
v -184.59 71.11 52.00
v -185.88 75.10 46.00
v -187.98 73.58 46.00
v -184.59 71.11 52.00
v -187.98 73.58 46.00
v -190.25 71.11 46.00
v -184.59 71.11 52.00
v -190.25 71.11 46.00
v -189.17 67.78 46.00
v -184.59 71.11 52.00
v -189.17 67.78 46.00
v -186.34 65.72 46.00
v -184.59 71.11 52.00
v 138.66 -237.52 46.00
v 137.58 -234.19 46.00
v 133.00 -237.52 52.00
v 137.58 -234.19 46.00
v 134.75 -232.13 46.00
v 133.00 -237.52 52.00
v 134.75 -232.13 46.00
v 131.24 -232.13 46.00
v 133.00 -237.52 52.00
v 131.24 -232.13 46.00
v 129.60 -235.05 46.00
v 133.00 -237.52 52.00
v 129.60 -235.05 46.00
v 127.33 -237.52 46.00
v 133.00 -237.52 52.00
v 127.33 -237.52 46.00
v 129.60 -239.99 46.00
v 133.00 -237.52 52.00
v 129.60 -239.99 46.00
v 131.24 -242.91 46.00
v 133.00 -237.52 52.00
v 131.24 -242.91 46.00
v 134.75 -242.91 46.00
v 133.00 -237.52 52.00
v 134.75 -242.91 46.00
v 137.58 -240.85 46.00
v 133.00 -237.52 52.00
v 137.58 -240.85 46.00
v 138.66 -237.52 46.00
v 133.00 -237.52 52.00
v 67.62 -149.19 74.83
v 68.56 -151.87 75.79
v 66.11 -152.12 75.55
v 64.49 -147.50 75.07
v 64.49 -147.50 75.07
v 66.11 -152.12 75.55
v 68.56 -151.87 75.79
v 67.62 -149.19 74.83
v 68.63 -152.06 77.48
v 69.50 -154.54 77.24
v 67.62 -156.41 77.48
v 66.18 -152.32 77.24
v 66.18 -152.32 77.24
v 67.62 -156.41 77.48
v 69.50 -154.54 77.24
v 68.63 -152.06 77.48
v 68.63 -152.06 77.48
v 69.50 -154.54 77.24
v 67.62 -156.41 77.48
v 66.18 -152.32 77.24
v 66.18 -152.32 77.24
v 67.62 -156.41 77.48
v 69.50 -154.54 77.24
v 68.63 -152.06 77.48
v 68.63 -152.06 77.48
v 70.26 -156.68 77.97
v 67.62 -156.41 77.48
v 66.18 -152.32 77.24
v 66.18 -152.32 77.24
v 67.62 -156.41 77.48
v 70.26 -156.68 77.97
v 68.63 -152.06 77.48
v 68.63 -152.06 77.48
v 70.44 -157.22 78.21
v 67.62 -156.41 77.48
v 67.24 -155.34 77.24
v 67.24 -155.34 77.24
v 67.62 -156.41 77.48
v 70.44 -157.22 78.21
v 68.63 -152.06 77.48
v 69.50 -154.54 77.24
v 70.44 -157.22 78.21
v 68.37 -158.55 78.45
v 67.24 -155.34 77.24
v 67.24 -155.34 77.24
v 68.37 -158.55 78.45
v 70.44 -157.22 78.21
v 69.50 -154.54 77.24
v 69.50 -154.54 77.24
v 70.44 -157.22 78.21
v 68.37 -158.55 78.45
v 67.24 -155.34 77.24
v 67.24 -155.34 77.24
v 68.37 -158.55 78.45
v 70.44 -157.22 78.21
v 69.50 -154.54 77.24
v 69.50 -154.54 77.24
v 71.01 -158.82 78.93
v 68.37 -158.55 78.45
v 67.24 -155.34 77.24
v 67.24 -155.34 77.24
v 68.37 -158.55 78.45
v 71.01 -158.82 78.93
v 69.50 -154.54 77.24
v 69.50 -154.54 77.24
v 71.01 -158.82 78.93
v 68.37 -158.55 78.45
v 67.62 -156.41 77.48
v 67.69 -156.60 79.41
v 68.93 -160.15 79.41
v 71.20 -159.36 79.41
v 69.95 -155.81 79.41
v 67.62 -156.41 77.48
v 68.37 -158.55 78.45
v 68.93 -160.15 79.41
v 67.69 -156.60 79.41
v 68.37 -158.55 78.45
v 71.01 -158.82 78.93
v 71.20 -159.36 79.41
v 68.93 -160.15 79.41
v 72.70 -163.64 81.10
v 71.76 -160.97 79.90
v 71.64 -160.62 81.58
v 72.89 -164.18 81.58
v 71.76 -160.97 79.90
v 69.12 -160.69 79.41
v 69.38 -161.42 81.58
v 71.64 -160.62 81.58
v 71.64 -160.62 81.58
v 72.89 -164.18 81.58
v 70.81 -165.51 81.59
v 69.38 -161.42 81.58
v 69.38 -161.42 81.58
v 70.81 -165.51 81.59
v 72.89 -164.18 81.58
v 71.64 -160.62 81.58
v 71.64 -160.62 81.58
v 73.27 -165.25 81.83
v 70.81 -165.51 81.59
v 69.38 -161.42 81.58
v 69.38 -161.42 81.58
v 70.81 -165.51 81.59
v 73.27 -165.25 81.83
v 71.64 -160.62 81.58
v 71.64 -160.62 81.58
v 73.27 -165.25 81.83
v 70.81 -165.51 81.59
v 69.94 -163.02 82.07
v 69.94 -163.02 82.07
v 70.81 -165.51 81.59
v 73.27 -165.25 81.83
v 71.64 -160.62 81.58
v 71.64 -160.62 81.58
v 73.27 -165.25 81.83
v 70.81 -165.51 81.59
v 69.94 -163.02 82.07
v 69.94 -163.02 82.07
v 70.81 -165.51 81.59
v 73.27 -165.25 81.83
v 71.64 -160.62 81.58
v 70.63 -164.97 81.58
v 73.27 -165.25 81.83
v 71.57 -167.65 82.55
v 69.94 -163.02 82.07
v 69.94 -163.02 82.07
v 71.57 -167.65 82.55
v 73.27 -165.25 81.83
v 70.63 -164.97 81.58
v 136.70 -162.86 56.48
v 136.86 -165.73 56.00
v 134.46 -165.86 56.00
v 134.31 -162.99 56.48
v 134.34 -163.64 57.21
v 134.53 -167.16 57.21
v 136.93 -167.03 57.21
v 136.74 -163.51 57.21
v 134.31 -162.99 56.48
v 134.46 -165.86 56.00
v 134.53 -167.16 57.21
v 134.34 -163.64 57.21
v 134.46 -165.86 56.00
v 136.86 -165.73 56.00
v 136.93 -167.03 57.21
v 134.53 -167.16 57.21
v 136.86 -165.73 56.00
v 136.70 -162.86 56.48
v 136.74 -163.51 57.21
v 136.93 -167.03 57.21
v 136.70 -162.86 56.48
v 134.31 -162.99 56.48
v 134.34 -163.64 57.21
v 136.74 -163.51 57.21
v 136.74 -163.51 57.21
v 136.94 -167.36 57.21
v 134.55 -167.49 57.21
v 134.34 -163.64 57.21
v 134.34 -163.64 57.21
v 134.55 -167.49 57.21
v 136.94 -167.36 57.21
v 136.74 -163.51 57.21
v 136.74 -163.51 57.21
v 136.94 -167.36 57.21
v 134.55 -167.49 57.21
v 134.34 -163.64 57.21
v 134.34 -163.64 57.21
v 134.55 -167.49 57.21
v 136.94 -167.36 57.21
v 136.74 -163.51 57.21
v 136.74 -163.51 57.21
v 136.94 -167.36 57.21
v 134.55 -167.49 57.21
v 134.34 -163.64 57.21
v 134.34 -163.64 57.21
v 134.55 -167.49 57.21
v 136.94 -167.36 57.21
v 136.74 -163.51 57.21
v 136.93 -167.03 57.21
v 136.94 -167.36 57.21
v 134.65 -169.45 58.66
v 134.53 -167.16 57.21
v 134.53 -167.16 57.21
v 134.65 -169.45 58.66
v 136.94 -167.36 57.21
v 136.93 -167.03 57.21
v 136.93 -167.03 57.21
v 137.07 -169.64 58.90
v 134.65 -169.45 58.66
v 134.53 -167.16 57.21
v 134.53 -167.16 57.21
v 134.65 -169.45 58.66
v 137.07 -169.64 58.90
v 136.93 -167.03 57.21
v 136.93 -167.03 57.21
v 137.07 -169.64 58.90
v 134.65 -169.45 58.66
v 134.53 -167.16 57.21
v 134.53 -167.16 57.21
v 134.65 -169.45 58.66
v 137.07 -169.64 58.90
v 136.93 -167.03 57.21
v 137.10 -170.30 59.62
v 137.17 -171.60 60.34
v 134.78 -171.73 60.34
v 134.71 -170.43 59.62
v 134.67 -169.84 61.79
v 134.86 -173.36 61.79
v 137.26 -173.23 61.79
v 137.07 -169.71 61.79
v 134.71 -170.43 59.62
v 134.78 -171.73 60.34
v 134.86 -173.36 61.79
v 134.67 -169.84 61.79
v 134.78 -171.73 60.34
v 137.17 -171.60 60.34
v 137.26 -173.23 61.79
v 134.86 -173.36 61.79
v 137.17 -171.60 60.34
v 137.10 -170.30 59.62
v 137.07 -169.71 61.79
v 137.26 -173.23 61.79
v 137.10 -170.30 59.62
v 134.71 -170.43 59.62
v 134.67 -169.84 61.79
v 137.07 -169.71 61.79
v 137.07 -169.71 61.79
v 137.26 -173.23 61.79
v 134.86 -173.36 61.79
v 134.67 -169.84 61.79
v 134.67 -169.84 61.79
v 134.86 -173.36 61.79
v 137.26 -173.23 61.79
v 137.07 -169.71 61.79
v 137.07 -169.71 61.79
v 137.29 -173.88 62.03
v 134.90 -174.01 62.03
v 134.67 -169.84 61.79
v 134.67 -169.84 61.79
v 134.90 -174.01 62.03
v 137.29 -173.88 62.03
v 137.07 -169.71 61.79
v 137.07 -169.71 61.79
v 137.29 -173.88 62.03
v 134.90 -174.01 62.03
v 134.67 -169.84 61.79
v 134.67 -169.84 61.79
v 134.90 -174.01 62.03
v 137.29 -173.88 62.03
v 137.07 -169.71 61.79
v 137.07 -169.71 61.79
v 137.29 -173.88 62.03
v 134.90 -174.01 62.03
v 134.67 -169.84 61.79
v 134.67 -169.84 61.79
v 134.90 -174.01 62.03
v 137.29 -173.88 62.03
v 137.07 -169.71 61.79
v 137.07 -169.71 61.79
v 137.29 -173.88 62.03
v 134.90 -174.01 62.03
v 134.67 -169.84 61.79
v 134.67 -169.84 61.79
v 134.90 -174.01 62.03
v 137.29 -173.88 62.03
v 137.07 -169.71 61.79
v 137.26 -173.23 61.79
v 137.29 -173.88 62.03
v 134.90 -174.01 62.03
v 134.86 -173.36 61.79
v 134.86 -173.36 61.79
v 134.90 -174.01 62.03
v 137.29 -173.88 62.03
v 137.26 -173.23 61.79
v 134.90 -174.08 64.69
v 135.12 -178.25 65.17
v 135.18 -179.23 66.14
v 134.99 -175.71 66.14
v 135.12 -178.25 65.17
v 137.54 -178.45 65.41
v 137.57 -179.10 66.14
v 135.18 -179.23 66.14
v 137.54 -178.45 65.41
v 137.30 -173.95 64.69
v 137.38 -175.58 66.14
v 137.57 -179.10 66.14
v 137.30 -173.95 64.69
v 134.90 -174.08 64.69
v 134.99 -175.71 66.14
v 137.38 -175.58 66.14
v 137.38 -175.58 66.14
v 137.57 -179.10 66.14
v 135.18 -179.23 66.14
v 135.01 -176.03 66.14
v 135.01 -176.03 66.14
v 135.18 -179.23 66.14
v 137.57 -179.10 66.14
v 137.38 -175.58 66.14
v 137.42 -176.23 66.38
v 137.57 -179.10 66.14
v 135.18 -179.23 66.14
v 135.01 -176.03 66.14
v 135.01 -176.03 66.14
v 135.18 -179.23 66.14
v 137.57 -179.10 66.14
v 137.42 -176.23 66.38
v 137.42 -176.23 66.38
v 137.57 -179.10 66.14
v 135.18 -179.23 66.14
v 135.01 -176.03 66.14
v 135.01 -176.03 66.14
v 135.18 -179.23 66.14
v 137.57 -179.10 66.14
v 137.42 -176.23 66.38
v 137.42 -176.23 66.38
v 137.64 -180.41 66.86
v 135.25 -180.53 66.86
v 135.01 -176.03 66.14
v 135.01 -176.03 66.14
v 135.25 -180.53 66.86
v 137.64 -180.41 66.86
v 137.42 -176.23 66.38
v 137.54 -178.51 68.31
v 137.77 -182.69 68.55
v 135.37 -182.82 68.55
v 135.15 -178.64 68.31
v 135.15 -178.64 68.31
v 135.37 -182.82 68.55
v 137.77 -182.69 68.55
v 137.54 -178.51 68.31
v 137.73 -182.04 68.31
v 137.77 -182.69 68.55
v 135.37 -182.82 68.55
v 135.34 -182.17 68.31
v 135.34 -182.17 68.31
v 135.37 -182.82 68.55
v 137.77 -182.69 68.55
v 137.73 -182.04 68.31
v 137.73 -182.04 68.31
v 137.77 -182.69 68.55
v 135.37 -182.82 68.55
v 135.34 -182.17 68.31
v 135.34 -182.17 68.31
v 135.37 -182.82 68.55
v 137.77 -182.69 68.55
v 137.73 -182.04 68.31
v -25.84 -170.67 42.00
v -26.74 -170.15 42.00
v -26.74 -170.15 46.50
v -25.84 -170.67 46.50
v -26.74 -170.15 42.00
v -25.84 -170.67 42.00
v -25.84 -170.67 46.50
v -26.74 -170.15 46.50
v -22.84 -170.67 45.60
v -23.89 -168.12 45.60
v -26.44 -170.67 52.50
v -23.89 -168.12 45.60
v -26.44 -167.07 45.60
v -26.44 -170.67 52.50
v -26.44 -167.07 45.60
v -28.99 -168.12 45.60
v -26.44 -170.67 52.50
v -28.99 -168.12 45.60
v -30.04 -170.67 45.60
v -26.44 -170.67 52.50
v -30.04 -170.67 45.60
v -28.99 -173.21 45.60
v -26.44 -170.67 52.50
v -28.99 -173.21 45.60
v -26.44 -174.27 45.60
v -26.44 -170.67 52.50
v -26.44 -174.27 45.60
v -23.89 -173.21 45.60
v -26.44 -170.67 52.50
v -23.89 -173.21 45.60
v -22.84 -170.67 45.60
v -26.44 -170.67 52.50
v 90.22 -164.00 56.00
v 89.92 -163.48 56.00
v 89.92 -163.48 60.50
v 90.22 -164.00 60.50
v 89.92 -163.48 56.00
v 90.22 -164.00 56.00
v 90.22 -164.00 60.50
v 89.92 -163.48 60.50
v 22.73 -147.46 60.36
v 33.34 -145.42 60.36
v 35.22 -155.25 60.36
v 24.61 -157.28 60.36
v 24.61 -157.28 85.10
v 35.22 -155.25 85.10
v 33.34 -145.42 85.10
v 22.73 -147.46 85.10
v 24.61 -157.28 60.36
v 35.22 -155.25 60.36
v 35.22 -155.25 85.10
v 24.61 -157.28 85.10
v 35.22 -155.25 60.36
v 33.34 -145.42 60.36
v 33.34 -145.42 85.10
v 35.22 -155.25 85.10
v 22.73 -147.46 60.36
v 24.61 -157.28 60.36
v 24.61 -157.28 85.10
v 22.73 -147.46 85.10
v 62.59 -151.28 62.78
v 82.79 -141.25 62.78
v 87.24 -150.20 62.78
v 67.04 -160.24 62.78
v 67.04 -160.24 86.86
v 87.24 -150.20 86.86
v 82.79 -141.25 86.86
v 62.59 -151.28 86.86
v 67.04 -160.24 62.78
v 87.24 -150.20 62.78
v 87.24 -150.20 86.86
v 67.04 -160.24 86.86
v 62.59 -151.28 62.78
v 67.04 -160.24 62.78
v 67.04 -160.24 86.86
v 62.59 -151.28 86.86
v 11.94 -147.49 79.50
v 43.37 -141.47 79.50
v 46.01 -155.22 79.50
v 14.58 -161.24 79.50
v 14.58 -161.24 82.00
v 46.01 -155.22 82.00
v 43.37 -141.47 82.00
v 11.94 -147.49 82.00
v 14.58 -161.24 79.50
v 46.01 -155.22 79.50
v 46.01 -155.22 82.00
v 14.58 -161.24 82.00
v -67.32 -148.10 45.01
v -70.91 -157.43 45.01
v -70.91 -157.43 71.57
v -67.32 -148.10 71.57
v -21.91 -172.50 47.04
v -6.35 -173.78 47.04
v -7.17 -183.74 47.04
v -22.72 -182.47 47.04
v -22.72 -182.47 73.60
v -7.17 -183.74 73.60
v -6.35 -173.78 73.60
v -21.91 -172.50 73.60
v -22.72 -182.47 47.04
v -7.17 -183.74 47.04
v -7.17 -183.74 73.60
v -22.72 -182.47 73.60
v -7.17 -183.74 47.04
v -6.35 -173.78 47.04
v -6.35 -173.78 73.60
v -7.17 -183.74 73.60
v -6.35 -173.78 47.04
v -21.91 -172.50 47.04
v -21.91 -172.50 73.60
v -6.35 -173.78 73.60
v -77.49 -190.58 32.44
v -73.42 -181.44 32.44
v -73.42 -181.44 57.42
v -77.49 -190.58 57.42
v -73.42 -181.44 32.44
v -85.78 -175.94 32.44
v -85.78 -175.94 57.42
v -73.42 -181.44 57.42
v -85.78 -175.94 32.44
v -89.85 -185.07 32.44
v -89.85 -185.07 57.42
v -85.78 -175.94 57.42
v -36.75 -212.60 58.02
v -23.80 -214.44 58.02
v -24.04 -202.99 59.29
v -35.34 -202.70 58.02
v -36.75 -212.60 28.79
v -23.80 -214.44 28.79
v -23.80 -214.44 58.02
v -36.75 -212.60 58.02
v -23.80 -214.44 28.79
v -22.40 -204.54 28.79
v -24.04 -202.99 59.29
v -23.80 -214.44 58.02
v 21.53 -220.48 32.64
v 22.75 -230.41 32.64
v 22.75 -230.41 58.64
v 21.53 -220.48 58.64
v 85.24 -232.65 58.91
v 95.60 -228.59 58.91
v 91.95 -219.28 58.91
v 81.59 -223.34 58.91
v 85.24 -232.65 34.06
v 95.60 -228.59 34.06
v 95.60 -228.59 58.91
v 85.24 -232.65 58.91
v 95.60 -228.59 34.06
v 91.95 -219.28 34.06
v 91.95 -219.28 58.91
v 95.60 -228.59 58.91
v 91.95 -219.28 34.06
v 81.59 -223.34 34.06
v 81.59 -223.34 58.91
v 91.95 -219.28 58.91
v 81.59 -223.34 34.06
v 85.24 -232.65 34.06
v 85.24 -232.65 58.91
v 81.59 -223.34 58.91
v -200.14 -112.28 10.65
v -191.26 -107.69 10.65
v -191.26 -107.69 32.72
v -200.14 -112.28 32.72
v -191.26 -107.69 10.65
v -198.33 -94.04 10.65
v -198.33 -94.04 32.72
v -191.26 -107.69 32.72
v -198.33 -94.04 10.65
v -207.21 -98.63 10.65
v -207.21 -98.63 32.72
v -198.33 -94.04 32.72
v -184.54 -156.58 31.59
v -175.10 -167.07 31.59
v -167.66 -160.38 31.59
v -177.10 -149.89 31.59
v -167.66 -160.38 10.90
v -177.10 -149.89 10.90
v -177.10 -149.89 31.59
v -167.66 -160.38 31.59
v -177.10 -149.89 10.90
v -184.54 -156.58 10.90
v -184.54 -156.58 31.59
v -177.10 -149.89 31.59
v -209.15 31.12 25.50
v -211.45 -0.80 25.50
v -225.42 0.20 25.50
v -223.12 32.12 25.50
v -223.12 32.12 28.00
v -225.42 0.20 28.00
v -211.45 -0.80 28.00
v -209.15 31.12 28.00
v -223.12 32.12 25.50
v -225.42 0.20 25.50
v -225.42 0.20 28.00
v -223.12 32.12 28.00
v -225.42 0.20 25.50
v -211.45 -0.80 25.50
v -211.45 -0.80 28.00
v -225.42 0.20 28.00
v -211.45 -0.80 25.50
v -209.15 31.12 25.50
v -209.15 31.12 28.00
v -211.45 -0.80 28.00
v -209.15 31.12 25.50
v -223.12 32.12 25.50
v -223.12 32.12 28.00
v -209.15 31.12 28.00
v -205.18 93.12 25.36
v -210.61 80.09 25.36
v -201.38 76.24 25.36
v -195.95 89.27 25.36
v -225.67 -94.22 25.75
v -220.56 -105.64 25.75
v -211.43 -101.55 25.75
v -216.55 -90.14 25.75
v -201.91 -154.54 24.35
v -194.81 -163.38 24.35
v -187.01 -157.13 24.35
v -194.10 -148.28 24.35

usemtl mat_window_lit
v 109.88 -167.85 88.88
v 110.91 -167.48 88.88
v 110.54 -166.44 88.88
v 109.51 -166.81 88.88
v 109.88 -167.85 85.68
v 110.91 -167.48 85.68
v 110.91 -167.48 88.88
v 109.88 -167.85 88.88
v 110.91 -167.48 85.68
v 110.54 -166.44 85.68
v 110.54 -166.44 88.88
v 110.91 -167.48 88.88
v 110.54 -166.44 85.68
v 109.51 -166.81 85.68
v 109.51 -166.81 88.88
v 110.54 -166.44 88.88
v 109.51 -166.81 85.68
v 109.88 -167.85 85.68
v 109.88 -167.85 88.88
v 109.51 -166.81 88.88
v 100.17 -158.02 68.80
v 107.05 -155.57 68.80
v 109.63 -162.83 68.80
v 102.48 -166.71 68.80
v 104.34 -164.18 73.21
v 103.19 -164.59 73.21
v 103.19 -164.59 74.82
v 104.34 -164.18 74.82
v 105.63 -164.59 73.21
v 104.34 -164.18 73.21
v 104.34 -164.18 74.82
v 105.63 -164.59 74.82
v 104.34 -164.18 73.21
v 105.63 -164.59 73.21
v 105.63 -164.59 74.82
v 104.34 -164.18 74.82
v 103.19 -164.59 74.82
v 104.34 -164.18 74.82
v 104.34 -164.18 78.04
v 103.19 -164.59 78.04
v 104.34 -164.18 74.82
v 103.19 -164.59 74.82
v 103.19 -164.59 78.04
v 104.34 -164.18 78.04
v 105.63 -164.59 74.82
v 104.34 -164.18 74.82
v 104.34 -164.18 78.04
v 105.63 -164.59 78.04
v 125.68 -163.76 68.80
v 129.27 -170.24 68.80
v 129.27 -170.24 77.37
v 125.68 -163.76 77.37
v 125.20 -163.62 77.37
v 133.17 -159.60 77.37
v 136.76 -166.09 77.37
v 129.27 -170.24 77.37
v 129.13 -170.72 80.69
v 137.24 -166.22 80.69
v 133.31 -159.13 80.69
v 125.20 -163.62 80.69
v 129.27 -170.24 77.37
v 136.76 -166.09 77.37
v 137.24 -166.22 80.69
v 129.13 -170.72 80.69
v 136.76 -166.09 77.37
v 133.17 -159.60 77.37
v 133.31 -159.13 80.69
v 137.24 -166.22 80.69
v 133.17 -159.60 77.37
v 125.20 -163.62 77.37
v 125.20 -163.62 80.69
v 133.31 -159.13 80.69
v 128.69 -160.47 73.22
v 127.94 -161.44 73.22
v 127.94 -161.44 74.83
v 128.69 -160.47 74.83
v 125.69 -161.44 74.83
v 126.44 -160.47 74.83
v 126.44 -160.47 78.07
v 125.69 -161.44 78.07
v 126.44 -160.47 74.83
v 125.69 -161.44 74.83
v 125.69 -161.44 78.07
v 126.44 -160.47 78.07
v 127.94 -161.44 74.83
v 128.69 -160.47 74.83
v 128.69 -160.47 78.07
v 127.94 -161.44 78.07
v 128.69 -160.47 74.83
v 127.94 -161.44 74.83
v 127.94 -161.44 78.07
v 128.69 -160.47 78.07
v 118.44 -148.85 68.80
v 124.36 -145.56 68.80
v 128.52 -152.99 68.80
v 121.96 -155.19 68.80
v 121.72 -156.07 80.69
v 128.52 -152.99 80.69
v 124.36 -145.56 81.01
v 118.44 -148.85 81.01
v 121.96 -155.19 68.80
v 128.52 -152.99 68.80
v 128.52 -152.99 80.69
v 121.72 -156.07 80.69
v 118.44 -148.85 68.80
v 121.96 -155.19 68.80
v 121.72 -156.07 80.69
v 118.44 -148.85 81.01
v 121.72 -156.07 80.69
v 128.52 -152.99 80.69
v 126.65 -148.45 85.94
v 119.68 -152.31 85.94
v 121.72 -156.07 80.69
v 119.68 -152.31 85.94
v 118.44 -148.85 81.01
v 121.68 -154.37 73.28
v 122.66 -153.83 73.28
v 122.66 -153.83 74.96
v 121.68 -154.37 74.96
v 149.70 -156.30 73.13
v 152.81 -156.30 73.13
v 152.51 -155.91 73.13
v 148.48 -157.25 76.18
v 149.40 -155.91 76.18
v 149.70 -156.30 76.18
v 148.48 -157.25 77.70
v 149.70 -156.30 77.70
v 149.40 -155.91 77.70
v 148.48 -157.25 76.18
v 149.70 -156.30 76.18
v 149.70 -156.30 77.70
v 148.48 -157.25 77.70
v 149.70 -156.30 76.18
v 149.40 -155.91 76.18
v 149.40 -155.91 77.70
v 149.70 -156.30 77.70
v 149.40 -155.91 76.18
v 148.48 -157.25 76.18
v 148.48 -157.25 77.70
v 149.40 -155.91 77.70
v -10.34 -178.12 62.00
v -11.14 -175.66 62.00
v -11.14 -175.66 86.00
v -10.34 -178.12 86.00
v -11.14 -175.66 62.00
v -13.24 -174.13 62.00
v -13.24 -174.13 86.00
v -11.14 -175.66 86.00
v -13.24 -174.13 62.00
v -15.83 -174.13 62.00
v -15.83 -174.13 86.00
v -13.24 -174.13 86.00
v -15.83 -174.13 62.00
v -17.93 -175.66 62.00
v -17.93 -175.66 86.00
v -15.83 -174.13 86.00
v -17.93 -175.66 62.00
v -18.74 -178.12 62.00
v -18.74 -178.12 86.00
v -17.93 -175.66 86.00
v -18.74 -178.12 62.00
v -17.93 -180.59 62.00
v -17.93 -180.59 86.00
v -18.74 -178.12 86.00
v -16.29 -183.52 86.00
v -12.78 -183.52 86.00
v -14.54 -178.12 92.00
v -12.78 -183.52 86.00
v -9.95 -181.46 86.00
v -14.54 -178.12 92.00
v -9.95 -181.46 86.00
v -10.34 -178.12 86.00
v -14.54 -178.12 92.00
v 139.45 -172.19 62.00
v 138.65 -169.72 62.00
v 138.65 -169.72 86.00
v 139.45 -172.19 86.00
v 138.65 -169.72 62.00
v 136.55 -168.20 62.00
v 136.55 -168.20 86.00
v 138.65 -169.72 86.00
v 136.55 -168.20 62.00
v 133.95 -168.20 62.00
v 133.31 -168.69 86.52
v 136.55 -168.20 86.00
v 138.65 -174.66 62.00
v 139.45 -172.19 62.00
v 139.45 -172.19 86.00
v 138.65 -174.66 86.00
v 139.45 -172.19 86.00
v 138.65 -169.72 86.00
v 136.55 -168.20 86.00
v 133.31 -168.69 86.52
v 131.85 -169.72 86.00
v 131.05 -172.19 86.00
v 131.85 -174.66 86.00
v 133.95 -176.19 86.00
v 136.55 -176.19 86.00
v 138.65 -174.66 86.00
v 140.92 -172.19 86.00
v 139.84 -168.86 86.00
v 135.25 -172.19 92.00
v 139.84 -168.86 86.00
v 137.00 -166.80 86.00
v 135.25 -172.19 92.00
v 137.00 -166.80 86.00
v 133.50 -166.80 86.00
v 135.25 -172.19 92.00
v 133.50 -166.80 86.00
v 130.66 -168.86 86.00
v 135.25 -172.19 92.00
v 130.66 -168.86 86.00
v 129.58 -172.19 86.00
v 135.25 -172.19 92.00
v 129.58 -172.19 86.00
v 131.85 -174.66 86.00
v 135.25 -172.19 92.00
v 131.85 -174.66 86.00
v 133.95 -176.19 86.00
v 135.25 -172.19 92.00
v 133.95 -176.19 86.00
v 136.55 -176.19 86.00
v 135.25 -172.19 92.00
v 136.55 -176.19 86.00
v 138.65 -174.66 86.00
v 135.25 -172.19 92.00
v 138.65 -174.66 86.00
v 140.92 -172.19 86.00
v 135.25 -172.19 92.00
v -94.00 -160.74 62.35
v -93.60 -160.46 62.35
v -93.60 -160.46 63.94
v -94.00 -160.74 63.94
v -93.60 -160.46 62.35
v -94.00 -160.74 62.35
v -94.00 -160.74 63.94
v -93.60 -160.46 63.94
v -90.72 -160.46 62.35
v -89.89 -161.63 62.35
v -91.12 -160.74 62.35
v -91.12 -160.74 63.94
v -89.89 -161.63 63.94
v -90.72 -160.46 63.94
v -91.12 -160.74 62.35
v -89.89 -161.63 62.35
v -89.89 -161.63 63.94
v -91.12 -160.74 63.94
v -89.89 -161.63 62.35
v -90.72 -160.46 62.35
v -90.72 -160.46 63.94
v -89.89 -161.63 63.94
v -74.64 -180.35 58.99
v -72.01 -180.35 58.99
v -72.37 -180.69 58.99
v -74.64 -180.35 60.38
v -72.37 -180.69 60.38
v -72.01 -180.35 60.38
v -74.64 -180.35 58.99
v -72.37 -180.69 58.99
v -72.37 -180.69 60.38
v -74.64 -180.35 60.38
v -72.37 -180.69 58.99
v -72.01 -180.35 58.99
v -72.01 -180.35 60.38
v -72.37 -180.69 60.38
v -72.01 -180.35 58.99
v -74.64 -180.35 58.99
v -74.64 -180.35 60.38
v -72.01 -180.35 60.38
v -75.90 -179.74 61.77
v -74.64 -180.35 61.77
v -74.99 -180.69 61.77
v -65.44 -174.18 54.80
v -60.74 -169.69 54.80
v -60.74 -169.69 69.16
v -65.44 -174.18 69.16
v -60.74 -169.69 54.80
v -67.11 -163.02 54.80
v -67.11 -163.02 69.16
v -60.74 -169.69 69.16
v -67.11 -163.02 54.80
v -71.82 -167.51 54.80
v -71.82 -167.51 69.16
v -67.11 -163.02 69.16
v -67.10 -162.52 69.16
v -60.74 -169.69 69.16
v -65.44 -174.18 69.16
v -71.82 -167.51 69.16
v -72.31 -167.50 75.08
v -65.45 -174.68 75.08
v -60.24 -169.70 75.08
v -67.10 -162.52 75.08
v -71.82 -167.51 69.16
v -65.44 -174.18 69.16
v -65.45 -174.68 75.08
v -72.31 -167.50 75.08
v -58.43 -155.58 66.60
v -61.77 -157.94 72.11
v -55.42 -164.60 72.11
v -52.05 -161.39 66.60
v -64.29 -161.18 66.60
v -61.77 -157.94 72.11
v -58.43 -155.58 66.60
v -58.79 -167.81 66.60
v -52.05 -161.39 66.60
v -55.42 -164.60 72.11
v -60.60 -164.88 59.20
v -59.31 -165.52 59.20
v -59.66 -165.86 59.20
v -60.60 -164.88 60.80
v -59.66 -165.86 60.80
v -59.31 -165.52 60.80
v -60.60 -164.88 59.20
v -59.66 -165.86 59.20
v -59.66 -165.86 60.80
v -60.60 -164.88 60.80
v -49.05 -181.93 65.35
v -43.42 -186.30 65.35
v -43.36 -186.79 69.56
v -49.54 -181.99 69.56
v -43.42 -186.30 65.35
v -39.11 -181.34 65.35
v -39.11 -181.34 69.56
v -43.36 -186.79 69.56
v -39.11 -181.34 65.35
v -45.23 -177.02 65.35
v -45.29 -176.53 69.56
v -39.11 -181.34 69.56
v -45.23 -177.02 65.35
v -49.05 -181.93 65.35
v -49.54 -181.99 69.56
v -45.29 -176.53 69.56
v -43.31 -187.15 69.56
v -49.54 -181.99 69.56
v -46.60 -184.59 74.41
v -42.05 -178.74 74.41
v -46.60 -184.59 74.41
v -45.29 -176.53 69.56
v -39.11 -181.34 69.56
v -42.05 -178.74 74.41
v -46.13 -184.48 64.18
v -45.19 -185.20 64.18
v -45.19 -185.20 66.37
v -46.13 -184.48 66.37
v -45.19 -185.20 64.18
v -46.13 -184.48 64.18
v -46.13 -184.48 66.37
v -45.19 -185.20 66.37
v -43.76 -184.48 64.18
v -43.42 -186.30 65.35
v -42.82 -185.20 66.37
v -43.76 -184.48 66.37
v -43.42 -186.30 65.35
v -43.76 -184.48 64.18
v -43.76 -184.48 66.37
v -42.82 -185.20 66.37
v -38.81 -168.65 54.80
v -33.08 -173.11 54.80
v -37.19 -178.41 54.80
v -42.93 -173.95 54.80
v -42.93 -173.95 68.55
v -37.19 -178.41 68.55
v -33.08 -173.11 68.55
v -38.39 -168.75 70.00
v -35.95 -171.53 68.55
v -36.63 -172.40 68.55
v -36.63 -172.40 71.75
v -35.95 -171.53 71.75
v -26.90 -194.77 54.80
v -19.32 -198.96 54.80
v -22.62 -204.93 54.80
v -30.20 -200.74 54.80
v -30.20 -200.74 67.06
v -22.62 -204.93 67.06
v -19.32 -198.96 67.06
v -26.90 -194.77 67.06
v -30.20 -200.74 54.80
v -22.62 -204.93 54.80
v -22.62 -204.93 67.06
v -30.20 -200.74 67.06
v -22.62 -204.93 54.80
v -19.32 -198.96 54.80
v -19.32 -198.96 67.06
v -22.62 -204.93 67.06
v -19.32 -198.96 54.80
v -26.90 -194.77 54.80
v -26.90 -194.77 67.06
v -19.32 -198.96 67.06
v -26.90 -194.77 54.80
v -30.20 -200.74 54.80
v -30.20 -200.74 67.06
v -26.90 -194.77 67.06
v -22.62 -204.93 67.06
v -31.01 -200.98 67.06
v -26.70 -203.36 72.95
v -22.82 -196.34 72.95
v -26.70 -203.36 72.95
v -26.90 -194.77 67.06
v -19.32 -198.96 67.06
v -22.82 -196.34 72.95
v -31.01 -200.98 67.06
v -26.90 -194.77 67.06
v -26.70 -203.36 72.95
v -22.62 -204.93 67.06
v -22.82 -196.34 72.95
v -19.32 -198.96 67.06
v -27.02 -202.99 59.29
v -25.71 -203.71 59.29
v -25.71 -203.71 60.98
v -27.02 -202.99 60.98
v -13.43 -187.45 54.80
v -9.95 -181.15 54.80
v -9.95 -181.15 68.75
v -13.43 -187.45 68.75
v -9.95 -181.15 54.80
v -16.82 -177.36 54.80
v -16.82 -177.36 68.75
v -9.95 -181.15 68.75
v -16.82 -177.36 54.80
v -20.30 -183.66 54.80
v -20.30 -183.66 68.75
v -16.82 -177.36 68.75
v -13.20 -188.27 68.75
v -20.30 -183.66 68.75
v -17.15 -186.08 74.08
v -13.09 -178.73 74.08
v -17.15 -186.08 74.08
v -16.82 -177.36 68.75
v -9.95 -181.15 68.75
v -13.09 -178.73 74.08
v -20.30 -183.66 68.75
v -16.82 -177.36 68.75
v -17.15 -186.08 74.08
v -2.85 -209.84 66.60
v 4.41 -212.42 66.60
v 6.55 -206.41 66.60
v -0.71 -203.83 66.60
v -2.85 -209.84 54.80
v 4.41 -212.42 54.80
v 4.41 -212.42 66.60
v -2.85 -209.84 66.60
v 4.41 -212.42 54.80
v 6.55 -206.41 54.80
v 6.55 -206.41 66.60
v 4.41 -212.42 66.60
v 6.55 -206.41 54.80
v -0.71 -203.83 54.80
v -0.71 -203.83 66.60
v 6.55 -206.41 66.60
v -0.71 -203.83 54.80
v -2.85 -209.84 54.80
v -2.85 -209.84 66.60
v -0.71 -203.83 66.60
v 4.41 -212.42 66.60
v -2.85 -209.84 66.60
v 0.58 -211.70 71.84
v 3.12 -204.55 71.84
v 2.69 -194.76 68.68
v 0.61 -200.61 68.68
v 0.16 -200.83 74.39
v 2.47 -194.32 74.39
v 7.77 -203.53 74.39
v -0.16 -200.98 74.39
v 3.88 -202.41 79.40
v 6.36 -195.43 79.40
v 3.88 -202.41 79.40
v 2.47 -194.32 74.39
v 10.08 -197.02 74.39
v 6.36 -195.43 79.40
v -0.16 -200.98 74.39
v 2.47 -194.32 74.39
v 3.88 -202.41 79.40
v 7.77 -203.53 74.39
v 6.36 -195.43 79.40
v 10.08 -197.02 74.39
v 3.22 -201.93 60.76
v 4.55 -201.88 60.76
v 4.55 -201.88 63.92
v 3.22 -201.93 63.92
v 11.29 -194.36 64.56
v 13.56 -187.95 64.56
v 14.01 -187.73 68.42
v 11.50 -194.81 68.42
v 13.56 -187.95 64.56
v 5.28 -184.63 64.56
v 5.28 -184.63 68.42
v 14.01 -187.73 68.42
v 5.28 -184.63 64.56
v 3.21 -191.49 64.56
v 2.76 -191.70 68.42
v 5.28 -184.63 68.42
v 11.50 -194.81 68.42
v 2.76 -191.70 68.42
v 7.05 -193.49 74.24
v 9.73 -185.95 74.24
v 7.05 -193.49 74.24
v 5.28 -184.63 68.42
v 14.01 -187.73 68.42
v 9.73 -185.95 74.24
v 2.76 -191.70 68.42
v 5.28 -184.63 68.42
v 7.05 -193.49 74.24
v 33.13 -220.02 54.80
v 34.55 -211.88 54.80
v 34.55 -211.88 64.54
v 33.13 -220.02 64.54
v 34.55 -211.88 54.80
v 25.43 -210.29 54.80
v 25.43 -210.29 64.54
v 34.55 -211.88 64.54
v 25.43 -210.29 54.80
v 24.02 -218.44 54.80
v 24.02 -218.44 64.54
v 25.43 -210.29 64.54
v 25.43 -210.29 64.54
v 34.55 -211.88 64.54
v 33.13 -220.02 64.54
v 24.02 -218.44 64.54
v 23.61 -218.72 68.38
v 33.42 -220.43 68.38
v 34.95 -211.60 68.38
v 25.15 -209.89 68.38
v 24.02 -218.44 64.54
v 33.13 -220.02 64.54
v 33.42 -220.43 68.38
v 23.61 -218.72 68.38
v 35.37 -200.68 68.84
v 35.34 -192.84 70.00
v 37.21 -192.10 74.62
v 35.65 -201.09 74.62
v 35.34 -192.84 70.00
v 29.89 -191.18 68.84
v 29.60 -190.78 74.62
v 37.21 -192.10 74.62
v 29.89 -191.18 68.84
v 28.45 -199.48 68.84
v 28.04 -199.76 74.62
v 29.60 -190.78 74.62
v 28.04 -199.76 74.62
v 35.65 -201.09 74.62
v 36.68 -196.64 80.34
v 28.57 -195.23 80.34
v 29.60 -190.78 74.62
v 28.57 -195.23 80.34
v 36.68 -196.64 80.34
v 37.50 -191.90 74.62
v 28.04 -199.76 74.62
v 28.57 -195.23 80.34
v 29.60 -190.78 74.62
v 89.54 -209.08 54.80
v 88.46 -202.83 54.80
v 88.46 -202.83 65.26
v 89.54 -209.08 65.26
v 88.46 -202.83 54.80
v 80.92 -204.14 54.80
v 80.92 -204.14 65.26
v 88.46 -202.83 65.26
v 80.92 -204.14 54.80
v 82.00 -210.39 54.80
v 82.00 -210.39 65.26
v 80.92 -204.14 65.26
v 90.24 -209.57 65.26
v 82.00 -210.39 65.26
v 85.88 -210.33 70.47
v 84.58 -202.89 70.47
v 85.88 -210.33 70.47
v 80.92 -204.14 65.26
v 88.94 -202.13 65.26
v 84.58 -202.89 70.47
v 82.00 -210.39 65.26
v 80.92 -204.14 65.26
v 85.88 -210.33 70.47
v 84.36 -200.76 58.99
v 85.84 -200.50 58.99
v 85.84 -200.50 60.39
v 84.36 -200.76 60.39
v 85.84 -200.50 58.99
v 85.76 -200.02 58.99
v 85.76 -200.02 60.39
v 85.84 -200.50 60.39
v 85.76 -200.02 58.99
v 84.36 -200.76 58.99
v 84.36 -200.76 60.39
v 85.76 -200.02 60.39
v 81.33 -200.76 61.78
v 82.74 -200.02 61.78
v 82.82 -200.50 61.78
v 81.33 -200.76 61.78
v 82.82 -200.50 61.78
v 82.74 -200.02 61.78
v 84.36 -200.76 61.78
v 85.76 -200.02 61.78
v 85.84 -200.50 61.78
v 85.39 -195.22 65.57
v 85.58 -196.30 65.57
v 85.58 -196.30 68.77
v 85.39 -195.22 68.77
v 109.16 -204.39 54.80
v 115.66 -202.08 54.80
v 118.39 -209.76 54.80
v 111.89 -212.07 54.80
v 111.89 -212.07 64.06
v 118.39 -209.76 64.06
v 115.66 -202.08 64.06
v 109.16 -204.39 64.06
v 111.89 -212.07 54.80
v 118.39 -209.76 54.80
v 118.39 -209.76 64.06
v 111.89 -212.07 64.06
v 118.39 -209.76 54.80
v 115.66 -202.08 54.80
v 115.66 -202.08 64.06
v 118.39 -209.76 64.06
v 115.66 -202.08 54.80
v 109.16 -204.39 54.80
v 109.16 -204.39 64.06
v 115.66 -202.08 64.06
v 114.46 -211.45 63.05
v 115.53 -211.06 63.05
v 115.53 -211.06 64.87
v 114.46 -211.45 64.87
v 115.53 -211.06 63.05
v 113.25 -211.06 63.05
v 113.25 -211.06 64.87
v 115.53 -211.06 64.87
v 113.25 -211.06 63.05
v 114.46 -211.45 63.05
v 114.46 -211.45 64.87
v 113.25 -211.06 64.87
v 104.84 -195.66 54.80
v 113.51 -192.58 54.80
v 115.66 -202.08 54.80
v 107.55 -203.29 54.80
v 107.55 -203.29 68.20
v 116.22 -200.21 68.20
v 113.51 -192.58 68.20
v 104.84 -195.66 68.20
v 107.55 -203.29 54.80
v 115.66 -202.08 54.80
v 116.22 -200.21 68.20
v 107.55 -203.29 68.20
v 115.66 -202.08 54.80
v 113.51 -192.58 54.80
v 113.51 -192.58 68.20
v 116.22 -200.21 68.20
v 113.51 -192.58 54.80
v 104.84 -195.66 54.80
v 104.84 -195.66 68.20
v 113.51 -192.58 68.20
v 104.84 -195.66 54.80
v 107.55 -203.29 54.80
v 107.55 -203.29 68.20
v 104.84 -195.66 68.20
v 116.98 -200.57 68.20
v 107.55 -203.29 68.20
v 112.08 -202.31 74.46
v 108.97 -193.56 74.46
v 112.08 -202.31 74.46
v 104.84 -195.66 68.20
v 113.51 -192.58 68.20
v 108.97 -193.56 74.46
v 107.55 -203.29 68.20
v 104.84 -195.66 68.20
v 112.08 -202.31 74.46
v 116.98 -200.57 68.20
v 108.97 -193.56 74.46
v 113.51 -192.58 68.20
v 111.46 -202.35 63.36
v 112.96 -201.82 63.36
v 112.96 -201.82 65.28
v 111.46 -202.35 65.28
v 112.96 -201.82 63.36
v 111.46 -202.35 63.36
v 111.46 -202.35 65.28
v 112.96 -201.82 65.28
v 102.72 -186.53 54.80
v 109.40 -184.16 54.80
v 111.85 -191.06 54.80
v 105.17 -193.43 54.80
v 105.17 -193.43 64.25
v 111.85 -191.06 64.25
v 109.40 -184.16 64.25
v 102.72 -186.53 64.25
v 105.17 -193.43 54.80
v 111.85 -191.06 54.80
v 111.85 -191.06 64.25
v 105.17 -193.43 64.25
v 135.36 -198.07 59.45
v 136.71 -197.33 59.45
v 135.12 -197.65 59.45
v 135.36 -198.07 58.53
v 136.71 -197.33 58.53
v 136.71 -197.33 59.45
v 135.36 -198.07 59.45
v 136.71 -197.33 58.53
v 135.12 -197.65 58.53
v 135.12 -197.65 59.45
v 136.71 -197.33 59.45
v 135.12 -197.65 58.53
v 135.36 -198.07 58.53
v 135.36 -198.07 59.45
v 135.12 -197.65 59.45
v 136.71 -197.33 58.53
v 139.80 -197.33 58.53
v 138.45 -198.07 58.53
v 138.45 -198.07 59.45
v 139.80 -197.33 59.45
v 136.71 -197.33 59.45
v 138.45 -198.07 58.53
v 139.80 -197.33 58.53
v 139.80 -197.33 59.45
v 138.45 -198.07 59.45
v 139.80 -197.33 58.53
v 136.71 -197.33 58.53
v 136.71 -197.33 59.45
v 139.80 -197.33 59.45
v 136.71 -197.33 58.53
v 138.45 -198.07 58.53
v 138.45 -198.07 59.45
v 136.71 -197.33 59.45
v 135.12 -197.65 59.45
v 136.71 -197.33 59.45
v 135.36 -198.07 59.45
v 135.36 -198.07 59.45
v 136.71 -197.33 59.45
v 135.12 -197.65 59.45
v 136.71 -197.33 59.45
v 139.80 -197.33 59.45
v 138.45 -198.07 59.45
v 127.97 -184.53 54.80
v 131.08 -190.16 54.80
v 131.08 -190.16 62.74
v 127.97 -184.53 62.74
v 137.71 -186.50 62.74
v 131.08 -190.16 62.74
v 134.68 -188.85 67.89
v 131.00 -182.17 67.89
v 134.68 -188.85 67.89
v 127.15 -184.29 62.74
v 134.84 -180.05 62.74
v 131.00 -182.17 67.89
v 131.08 -190.16 62.74
v 127.15 -184.29 62.74
v 134.68 -188.85 67.89
v 137.71 -186.50 62.74
v 131.00 -182.17 67.89
v 134.84 -180.05 62.74
v 122.97 -176.39 54.80
v 130.38 -172.30 54.80
v 133.47 -177.88 54.80
v 126.05 -181.98 54.80
v 159.15 -185.57 62.78
v 164.41 -181.49 62.78
v 164.90 -181.55 65.83
v 159.09 -186.06 65.83
v 164.41 -181.49 62.78
v 159.28 -174.90 62.78
v 159.34 -174.41 65.83
v 164.90 -181.55 65.83
v 159.28 -174.90 62.78
v 153.54 -178.92 62.78
v 153.54 -178.92 65.83
v 159.34 -174.41 65.83
v 153.54 -178.92 62.78
v 159.15 -185.57 62.78
v 159.09 -186.06 65.83
v 153.54 -178.92 65.83
v 159.09 -186.06 65.83
v 165.25 -181.59 65.83
v 162.32 -177.83 71.51
v 156.11 -182.65 71.51
v 153.54 -178.92 65.83
v 156.11 -182.65 71.51
v 162.32 -177.83 71.51
v 159.34 -174.41 65.83
v 151.31 -176.97 58.96
v 152.54 -176.02 58.96
v 152.54 -176.02 60.32
v 151.31 -176.97 60.32
v 152.54 -176.02 58.96
v 152.24 -175.64 58.96
v 152.24 -175.64 60.32
v 152.54 -176.02 60.32
v 152.24 -175.64 58.96
v 151.31 -176.97 58.96
v 151.31 -176.97 60.32
v 152.24 -175.64 60.32
v 154.41 -176.97 58.96
v 155.34 -175.64 58.96
v 155.34 -175.64 60.32
v 154.41 -176.97 60.32
v 155.34 -175.64 58.96
v 154.41 -176.97 58.96
v 154.41 -176.97 60.32
v 155.34 -175.64 60.32
v 151.31 -176.97 61.69
v 152.24 -175.64 61.69
v 152.54 -176.02 61.69
v 151.31 -176.97 61.69
v 152.54 -176.02 61.69
v 152.24 -175.64 61.69
v 141.77 -165.31 54.80
v 149.06 -159.65 54.80
v 153.10 -164.84 54.80
v 145.81 -170.51 54.80
v 145.81 -170.51 68.46
v 153.10 -164.84 68.46
v 148.94 -158.79 68.80
v 141.77 -165.31 68.46
v 145.81 -170.51 54.80
v 153.10 -164.84 54.80
v 153.10 -164.84 68.46
v 145.81 -170.51 68.46
v 153.10 -164.84 54.80
v 149.06 -159.65 54.80
v 148.94 -158.79 68.80
v 153.10 -164.84 68.46
v 149.06 -159.65 54.80
v 141.77 -165.31 54.80
v 141.77 -165.31 68.46
v 148.94 -158.79 68.80
v 137.50 -205.59 72.00
v 140.34 -207.65 72.00
v 142.09 -202.26 78.00
v 140.34 -207.65 72.00
v 143.84 -207.65 72.00
v 142.09 -202.26 78.00
v 143.84 -207.65 72.00
v 145.49 -204.73 72.00
v 142.09 -202.26 78.00
v 145.49 -204.73 72.00
v 147.76 -202.26 72.00
v 142.09 -202.26 78.00
v -172.03 -22.11 40.80
v -172.89 -29.27 40.80
v -179.91 -28.42 40.80
v -179.05 -21.27 40.80
v -179.05 -21.27 52.69
v -179.91 -28.42 52.69
v -172.89 -29.27 52.69
v -172.03 -22.11 52.69
v -136.49 -155.56 54.74
v -140.94 -147.30 54.74
v -138.72 -151.43 60.30
v -131.76 -147.69 60.30
v -136.49 -155.56 54.74
v -131.76 -147.69 60.30
v -129.54 -151.82 54.74
v -137.18 -152.28 45.63
v -136.09 -153.28 45.63
v -136.09 -153.28 47.66
v -137.18 -152.28 47.66
v -136.09 -153.28 45.63
v -137.18 -152.28 45.63
v -137.18 -152.28 47.66
v -136.09 -153.28 47.66
v -136.09 -153.28 45.63
v -133.73 -153.51 45.63
v -133.73 -153.51 47.66
v -136.09 -153.28 47.66
v -133.73 -153.51 45.63
v -136.09 -153.28 45.63
v -136.09 -153.28 47.66
v -133.73 -153.51 47.66
v -127.21 -172.41 40.80
v -122.17 -179.36 40.80
v -122.17 -179.36 49.03
v -127.21 -172.41 49.03
v -122.17 -179.36 40.80
v -116.34 -175.13 40.80
v -116.34 -175.13 49.03
v -122.17 -179.36 49.03
v -116.34 -175.13 40.80
v -121.38 -168.18 40.80
v -121.38 -168.18 49.03
v -116.34 -175.13 49.03
v -121.38 -168.18 40.80
v -127.21 -172.41 40.80
v -127.21 -172.41 49.03
v -121.38 -168.18 49.03
v -121.38 -168.18 49.03
v -116.34 -175.13 49.03
v -122.17 -179.36 49.03
v -127.70 -172.33 49.03
v -127.70 -172.33 52.19
v -122.25 -179.85 52.19
v -115.85 -175.21 52.19
v -121.31 -167.69 52.19
v -127.70 -172.33 49.03
v -122.17 -179.36 49.03
v -122.25 -179.85 52.19
v -127.70 -172.33 52.19
v -122.17 -179.36 49.03
v -116.34 -175.13 49.03
v -115.85 -175.21 52.19
v -122.25 -179.85 52.19
v -116.34 -175.13 49.03
v -121.38 -168.18 49.03
v -121.31 -167.69 52.19
v -115.85 -175.21 52.19
v -121.38 -168.18 49.03
v -127.70 -172.33 49.03
v -127.70 -172.33 52.19
v -121.31 -167.69 52.19
v -122.25 -179.85 52.19
v -127.70 -172.33 52.19
v -125.18 -176.24 58.03
v -118.38 -171.30 58.03
v -125.18 -176.24 58.03
v -121.31 -167.69 52.19
v -115.85 -175.21 52.19
v -118.38 -171.30 58.03
v -103.02 -163.72 45.63
v -103.83 -162.60 45.63
v -103.83 -162.60 47.66
v -103.02 -163.72 47.66
v -103.83 -162.60 45.63
v -104.23 -162.89 45.63
v -104.23 -162.89 47.66
v -103.83 -162.60 47.66
v -101.08 -162.60 45.63
v -100.67 -164.00 45.63
v -103.02 -163.72 45.63
v -103.02 -163.72 47.66
v -100.67 -164.00 47.66
v -101.08 -162.60 47.66
v -103.02 -163.72 45.63
v -100.67 -164.00 45.63
v -100.67 -164.00 47.66
v -103.02 -163.72 47.66
v -100.67 -164.00 45.63
v -101.08 -162.60 45.63
v -101.08 -162.60 47.66
v -100.67 -164.00 47.66
v -101.08 -162.60 49.70
v -100.67 -164.00 49.70
v -103.02 -163.72 49.70
v -103.02 -163.72 51.73
v -100.67 -164.00 51.73
v -101.08 -162.60 51.73
v -103.02 -163.72 49.70
v -100.67 -164.00 49.70
v -100.67 -164.00 51.73
v -103.02 -163.72 51.73
v -100.67 -164.00 49.70
v -101.08 -162.60 49.70
v -101.08 -162.60 51.73
v -100.67 -164.00 51.73
v -101.08 -162.60 49.70
v -103.02 -163.72 49.70
v -103.02 -163.72 51.73
v -101.08 -162.60 51.73
v -100.69 -158.16 54.76
v -100.04 -159.05 54.76
v -100.04 -159.05 57.96
v -100.69 -158.16 57.96
v -100.04 -159.05 54.76
v -100.69 -158.16 54.76
v -100.69 -158.16 57.96
v -100.04 -159.05 57.96
v -102.06 -189.12 40.80
v -96.06 -195.32 40.80
v -101.40 -200.49 40.80
v -107.40 -194.28 40.80
v -107.40 -194.28 53.11
v -101.40 -200.49 53.11
v -96.06 -195.32 53.11
v -102.06 -189.12 53.11
v -107.40 -194.28 40.80
v -101.40 -200.49 40.80
v -101.40 -200.49 53.11
v -107.40 -194.28 53.11
v -101.40 -200.49 40.80
v -96.06 -195.32 40.80
v -96.06 -195.32 53.11
v -101.40 -200.49 53.11
v -96.06 -195.32 40.80
v -102.06 -189.12 40.80
v -102.06 -189.12 53.11
v -96.06 -195.32 53.11
v -74.07 -201.56 49.56
v -67.31 -207.19 49.56
v -67.31 -207.19 52.96
v -74.56 -201.62 52.96
v -67.31 -207.19 49.56
v -63.28 -201.38 49.56
v -62.80 -201.31 52.96
v -67.31 -207.19 52.96
v -63.28 -201.38 49.56
v -70.05 -195.74 49.56
v -70.05 -195.74 52.96
v -62.80 -201.31 52.96
v -70.05 -195.74 49.56
v -74.07 -201.56 49.56
v -74.56 -201.62 52.96
v -70.05 -195.74 52.96
v -67.31 -207.19 52.96
v -74.92 -201.67 52.96
v -71.09 -204.61 58.71
v -66.27 -198.33 58.71
v -71.09 -204.61 58.71
v -70.05 -195.74 52.96
v -62.80 -201.31 52.96
v -66.27 -198.33 58.71
v -74.92 -201.67 52.96
v -70.05 -195.74 52.96
v -71.09 -204.61 58.71
v -67.31 -207.19 52.96
v -66.27 -198.33 58.71
v -62.80 -201.31 52.96
v -70.85 -204.45 45.27
v -69.70 -205.33 45.27
v -69.70 -205.33 46.95
v -70.85 -204.45 46.95
v -69.70 -205.33 45.27
v -70.85 -204.45 45.27
v -70.85 -204.45 46.95
v -69.70 -205.33 46.95
v -67.95 -204.45 45.27
v -66.80 -205.33 45.27
v -66.80 -205.33 46.95
v -67.95 -204.45 46.95
v -66.80 -205.33 45.27
v -67.95 -204.45 45.27
v -67.95 -204.45 46.95
v -66.80 -205.33 46.95
v -66.37 -199.47 52.96
v -65.50 -200.14 52.96
v -67.04 -200.35 52.96
v -67.04 -200.35 56.16
v -65.50 -200.14 56.16
v -66.37 -199.47 56.16
v -67.04 -200.35 52.96
v -65.50 -200.14 52.96
v -65.50 -200.14 56.16
v -67.04 -200.35 56.16
v -65.50 -200.14 52.96
v -66.37 -199.47 52.96
v -66.37 -199.47 56.16
v -65.50 -200.14 56.16
v -66.37 -199.47 52.96
v -67.04 -200.35 52.96
v -67.04 -200.35 56.16
v -66.37 -199.47 56.16
v -62.37 -186.73 40.80
v -56.08 -191.56 40.80
v -60.82 -197.73 40.80
v -67.10 -192.91 40.80
v -67.10 -192.91 53.72
v -60.82 -197.73 53.72
v -56.08 -191.56 53.72
v -62.37 -186.73 53.72
v -67.10 -192.91 40.80
v -60.82 -197.73 40.80
v -60.82 -197.73 53.72
v -67.10 -192.91 53.72
v -60.82 -197.73 40.80
v -56.08 -191.56 40.80
v -56.08 -191.56 53.72
v -60.82 -197.73 53.72
v -56.08 -191.56 40.80
v -62.37 -186.73 40.80
v -62.37 -186.73 53.72
v -56.08 -191.56 53.72
v -62.37 -186.73 40.80
v -67.10 -192.91 40.80
v -67.10 -192.91 53.72
v -62.37 -186.73 53.72
v -62.37 -186.73 53.72
v -56.08 -191.56 53.72
v -60.75 -198.22 53.72
v -67.10 -192.91 53.72
v -48.97 -217.41 54.96
v -52.14 -223.23 54.96
v -52.61 -223.37 60.80
v -49.10 -216.93 60.80
v -44.63 -227.72 60.80
v -52.95 -223.47 60.80
v -48.74 -225.76 66.51
v -44.99 -218.89 66.51
v -48.74 -225.76 66.51
v -49.10 -216.93 60.80
v -41.12 -221.28 60.80
v -44.99 -218.89 66.51
v -52.95 -223.47 60.80
v -49.10 -216.93 60.80
v -48.74 -225.76 66.51
v -44.63 -227.72 60.80
v -44.99 -218.89 66.51
v -41.12 -221.28 60.80
v -49.05 -225.39 46.84
v -47.79 -226.07 46.84
v -47.79 -226.07 50.08
v -49.05 -225.39 50.08
v -40.81 -204.23 54.88
v -34.94 -207.44 54.88
v -31.30 -200.77 54.88
v -37.18 -197.56 54.88
v -40.81 -204.23 40.80
v -34.94 -207.44 40.80
v -34.94 -207.44 54.88
v -40.81 -204.23 54.88
v -34.94 -207.44 40.80
v -31.30 -200.77 40.80
v -31.30 -200.77 54.88
v -34.94 -207.44 54.88
v -31.30 -200.77 40.80
v -37.18 -197.56 40.80
v -37.18 -197.56 54.88
v -31.30 -200.77 54.88
v -37.18 -197.56 40.80
v -40.81 -204.23 40.80
v -40.81 -204.23 54.88
v -37.18 -197.56 54.88
v -37.18 -197.56 54.88
v -31.30 -200.77 54.88
v -34.94 -207.44 54.88
v -40.81 -204.23 54.88
v -34.59 -206.65 53.24
v -36.79 -206.65 53.24
v -36.79 -206.65 56.46
v -34.59 -206.65 56.46
v -20.22 -227.42 40.80
v -11.80 -230.38 40.80
v -13.97 -236.54 40.80
v -22.39 -233.59 40.80
v -22.39 -233.59 51.96
v -13.97 -236.54 51.96
v -11.80 -230.38 51.96
v -20.22 -227.42 51.96
v -22.39 -233.59 40.80
v -13.97 -236.54 40.80
v -13.97 -236.54 51.96
v -22.39 -233.59 51.96
v -13.97 -236.54 40.80
v -11.80 -230.38 40.80
v -11.80 -230.38 51.96
v -13.97 -236.54 51.96
v -11.80 -230.38 40.80
v -20.22 -227.42 40.80
v -20.22 -227.42 51.96
v -11.80 -230.38 51.96
v -17.99 -235.62 45.97
v -19.45 -235.10 45.97
v -19.45 -235.10 48.34
v -17.99 -235.62 48.34
v -16.36 -235.10 45.97
v -14.74 -235.15 45.97
v -14.90 -235.62 45.97
v -16.36 -235.10 48.34
v -14.90 -235.62 48.34
v -14.74 -235.15 48.34
v -16.36 -235.10 45.97
v -14.90 -235.62 45.97
v -14.90 -235.62 48.34
v -16.36 -235.10 48.34
v -14.90 -235.62 45.97
v -14.74 -235.15 45.97
v -14.74 -235.15 48.34
v -14.90 -235.62 48.34
v -14.74 -235.15 45.97
v -16.36 -235.10 45.97
v -16.36 -235.10 48.34
v -14.74 -235.15 48.34
v -14.79 -225.40 62.47
v -16.43 -216.35 56.77
v -7.85 -219.35 56.77
v -12.06 -217.62 62.47
v -19.77 -224.14 56.00
v -16.43 -216.35 56.77
v -14.79 -225.40 62.47
v -10.42 -226.67 56.77
v -12.06 -217.62 62.47
v -7.85 -219.35 56.77
v -15.62 -224.91 46.03
v -14.26 -225.38 46.03
v -14.26 -225.38 48.47
v -15.62 -224.91 48.47
v -14.26 -225.38 46.03
v -15.62 -224.91 46.03
v -15.62 -224.91 48.47
v -14.26 -225.38 48.47
v -15.62 -224.91 50.90
v -14.26 -225.38 50.90
v -14.26 -225.38 53.33
v -15.62 -224.91 53.33
v 17.16 -245.13 45.79
v 15.73 -244.01 45.34
v 15.73 -244.01 47.07
v 15.65 -244.49 47.07
v 15.73 -244.01 45.34
v 14.40 -243.78 45.34
v 14.40 -243.78 47.07
v 15.73 -244.01 47.07
v 14.40 -243.78 45.34
v 14.32 -244.26 45.34
v 14.32 -244.26 47.07
v 14.40 -243.78 47.07
v 14.40 -243.78 48.81
v 15.73 -244.01 48.81
v 15.65 -244.49 48.81
v 14.32 -244.26 48.81
v 14.32 -244.26 48.81
v 15.65 -244.49 48.81
v 15.73 -244.01 48.81
v 14.40 -243.78 48.81
v 15.34 -239.43 53.28
v 16.43 -239.61 53.28
v 16.43 -239.61 56.48
v 15.34 -239.43 56.48
v 16.43 -239.61 53.28
v 15.34 -239.43 53.28
v 15.34 -239.43 56.48
v 16.43 -239.61 56.48
v 12.38 -225.68 40.80
v 19.78 -226.95 40.80
v 18.74 -233.04 40.80
v 11.33 -231.77 40.80
v 11.33 -231.77 52.46
v 18.74 -233.04 52.46
v 19.78 -226.95 52.46
v 12.38 -225.68 52.46
v 11.33 -231.77 40.80
v 18.74 -233.04 40.80
v 18.74 -233.04 52.46
v 11.33 -231.77 52.46
v 18.74 -233.04 40.80
v 19.78 -226.95 40.80
v 19.78 -226.95 52.46
v 18.74 -233.04 52.46
v 19.78 -226.95 40.80
v 12.38 -225.68 40.80
v 12.38 -225.68 52.46
v 19.78 -226.95 52.46
v 14.17 -214.09 40.80
v 21.95 -215.43 40.80
v 20.70 -222.70 40.80
v 12.92 -221.36 40.80
v 12.92 -221.36 53.05
v 20.70 -222.70 53.05
v 21.95 -215.43 53.05
v 14.17 -214.09 53.05
v 12.92 -221.36 40.80
v 20.70 -222.70 40.80
v 20.70 -222.70 53.05
v 12.92 -221.36 53.05
v 20.70 -222.70 40.80
v 21.95 -215.43 40.80
v 21.95 -215.43 53.05
v 20.70 -222.70 53.05
v 21.95 -215.43 40.80
v 14.17 -214.09 40.80
v 14.17 -214.09 53.05
v 21.95 -215.43 53.05
v 14.17 -214.09 40.80
v 12.92 -221.36 40.80
v 12.92 -221.36 53.05
v 14.17 -214.09 53.05
v 20.99 -223.10 58.02
v 12.52 -221.65 58.02
v 16.71 -222.62 63.39
v 18.16 -214.17 63.39
v 16.71 -222.62 63.39
v 13.88 -213.69 58.02
v 22.36 -215.15 58.02
v 18.16 -214.17 63.39
v 12.52 -221.65 58.02
v 13.88 -213.69 58.02
v 16.71 -222.62 63.39
v 20.99 -223.10 58.02
v 18.16 -214.17 63.39
v 22.36 -215.15 58.02
v 16.80 -221.83 46.28
v 16.72 -222.31 46.28
v 15.40 -222.09 46.28
v 15.40 -222.09 48.97
v 16.72 -222.31 48.97
v 16.80 -221.83 48.97
v 15.40 -222.09 46.28
v 16.72 -222.31 46.28
v 16.72 -222.31 48.97
v 15.40 -222.09 48.97
v 16.72 -222.31 46.28
v 16.80 -221.83 46.28
v 16.80 -221.83 48.97
v 16.72 -222.31 48.97
v 16.80 -221.83 46.28
v 15.40 -222.09 46.28
v 15.40 -222.09 48.97
v 16.80 -221.83 48.97
v 18.07 -222.09 46.28
v 19.39 -222.31 46.28
v 19.39 -222.31 48.97
v 18.07 -222.09 48.97
v 19.39 -222.31 46.28
v 18.07 -222.09 46.28
v 18.07 -222.09 48.97
v 19.39 -222.31 48.97
v 16.80 -221.83 51.65
v 16.72 -222.31 51.65
v 15.40 -222.09 51.65
v 41.50 -249.43 60.87
v 41.25 -244.89 66.56
v 41.50 -240.36 60.87
v 50.75 -249.68 60.87
v 50.75 -240.11 60.87
v 50.75 -244.89 66.56
v 43.87 -249.20 46.85
v 45.29 -249.20 46.85
v 45.29 -249.20 50.11
v 43.87 -249.20 50.11
v 45.29 -249.20 46.85
v 43.87 -249.20 46.85
v 43.87 -249.20 50.11
v 45.29 -249.20 50.11
v 43.87 -249.20 53.36
v 45.29 -249.20 53.36
v 45.29 -249.20 56.61
v 41.85 -249.08 55.01
v 45.29 -249.20 53.36
v 43.87 -249.20 53.36
v 41.85 -249.08 55.01
v 45.29 -249.20 56.61
v 41.22 -230.09 56.00
v 50.16 -229.97 55.07
v 50.51 -237.72 55.07
v 41.49 -237.72 55.07
v 41.49 -237.72 60.95
v 50.51 -237.72 60.95
v 50.51 -229.62 60.95
v 41.49 -229.62 60.95
v 41.49 -237.72 55.07
v 50.51 -237.72 55.07
v 50.51 -237.72 60.95
v 41.49 -237.72 60.95
v 50.51 -237.72 55.07
v 50.16 -229.97 55.07
v 50.51 -229.62 60.95
v 50.51 -237.72 60.95
v 50.16 -229.97 55.07
v 41.22 -230.09 56.00
v 41.49 -229.62 60.95
v 50.51 -229.62 60.95
v 41.22 -230.09 56.00
v 41.49 -237.72 55.07
v 41.49 -237.72 60.95
v 41.49 -229.62 60.95
v 41.50 -225.58 40.80
v 50.50 -225.58 40.80
v 50.50 -225.58 49.34
v 41.50 -225.58 49.34
v 50.50 -225.58 40.80
v 50.50 -219.30 40.80
v 50.50 -219.30 49.34
v 50.50 -225.58 49.34
v 50.50 -219.30 40.80
v 41.50 -219.30 40.80
v 41.50 -219.30 49.34
v 50.50 -219.30 49.34
v 41.50 -219.30 40.80
v 41.50 -225.58 40.80
v 41.50 -225.58 49.34
v 41.50 -219.30 49.34
v 51.10 -226.18 49.34
v 41.50 -225.58 49.34
v 46.00 -226.18 55.46
v 46.00 -218.70 55.46
v 46.00 -226.18 55.46
v 41.50 -219.30 49.34
v 51.10 -218.70 49.34
v 46.00 -218.70 55.46
v 79.97 -222.79 53.92
v 70.44 -225.03 53.92
v 75.55 -224.16 60.16
v 74.20 -216.28 60.16
v 75.55 -224.16 60.16
v 69.78 -217.65 53.92
v 79.31 -215.40 53.92
v 74.20 -216.28 60.16
v 70.44 -225.03 53.92
v 69.78 -217.65 53.92
v 75.55 -224.16 60.16
v 79.97 -222.79 53.92
v 74.20 -216.28 60.16
v 79.31 -215.40 53.92
v 72.53 -223.86 45.46
v 74.11 -223.59 45.46
v 74.11 -223.59 47.33
v 72.53 -223.86 47.33
v 74.11 -223.59 45.46
v 72.53 -223.86 45.46
v 72.53 -223.86 47.33
v 74.11 -223.59 47.33
v 103.75 -230.37 40.80
v 112.26 -227.39 40.80
v 114.49 -233.74 40.80
v 105.98 -236.72 40.80
v 105.98 -236.72 49.53
v 114.49 -233.74 49.53
v 112.26 -227.39 49.53
v 103.75 -230.37 49.53
v 105.98 -236.72 40.80
v 114.49 -233.74 40.80
v 114.49 -233.74 49.53
v 105.98 -236.72 49.53
v 114.49 -233.74 40.80
v 112.26 -227.39 40.80
v 112.26 -227.39 49.53
v 114.49 -233.74 49.53
v 112.26 -227.39 40.80
v 103.75 -230.37 40.80
v 103.75 -230.37 49.53
v 112.26 -227.39 49.53
v 103.75 -230.37 40.80
v 105.98 -236.72 40.80
v 105.98 -236.72 49.53
v 103.75 -230.37 49.53
v 111.99 -230.13 52.92
v 111.31 -231.53 52.92
v 111.31 -231.53 56.12
v 111.99 -230.13 56.12
v 101.17 -219.73 40.80
v 107.64 -217.46 40.80
v 109.72 -223.42 40.80
v 103.25 -225.69 40.80
v 103.25 -225.69 50.83
v 109.72 -223.42 50.83
v 107.64 -217.46 50.83
v 101.17 -219.73 50.83
v 103.25 -225.69 40.80
v 109.72 -223.42 40.80
v 109.72 -223.42 50.83
v 103.25 -225.69 50.83
v 109.72 -223.42 40.80
v 107.64 -217.46 40.80
v 107.64 -217.46 50.83
v 109.72 -223.42 50.83
v 107.64 -217.46 40.80
v 101.17 -219.73 40.80
v 101.17 -219.73 50.83
v 107.64 -217.46 50.83
v 104.77 -224.19 47.34
v 103.86 -225.02 47.34
v 103.86 -225.02 48.59
v 104.77 -224.19 48.59
v 106.12 -225.02 47.34
v 107.03 -224.19 47.34
v 107.03 -224.19 48.59
v 106.12 -225.02 48.59
v 107.03 -224.19 47.34
v 106.12 -225.02 47.34
v 106.12 -225.02 48.59
v 107.03 -224.19 48.59
v 96.75 -208.77 40.80
v 104.24 -206.14 40.80
v 106.80 -213.42 40.80
v 99.30 -216.05 40.80
v 99.30 -216.05 53.42
v 106.80 -213.42 53.42
v 104.24 -206.14 53.42
v 96.75 -208.77 53.42
v 99.30 -216.05 40.80
v 106.80 -213.42 40.80
v 106.80 -213.42 53.42
v 99.30 -216.05 53.42
v 141.27 -218.63 51.01
v 137.49 -210.97 51.01
v 137.49 -210.97 55.06
v 141.74 -218.77 55.06
v 137.49 -210.97 51.01
v 130.54 -215.16 51.01
v 130.07 -215.02 55.06
v 137.49 -210.97 55.06
v 130.54 -215.16 51.01
v 134.46 -222.34 51.01
v 134.32 -222.81 55.06
v 130.07 -215.02 55.06
v 134.32 -222.81 55.06
v 141.74 -218.77 55.06
v 139.84 -214.75 60.62
v 131.97 -219.04 60.62
v 129.73 -214.92 55.06
v 131.97 -219.04 60.62
v 139.84 -214.75 60.62
v 137.49 -210.97 55.06
v 134.32 -222.81 55.06
v 131.97 -219.04 60.62
v 129.73 -214.92 55.06
v 130.13 -210.59 46.25
v 132.49 -210.59 46.25
v 132.49 -210.59 48.90
v 130.13 -210.59 48.90
v 132.49 -210.59 46.25
v 130.13 -210.59 46.25
v 130.13 -210.59 48.90
v 132.49 -210.59 48.90
v 129.09 -211.16 51.55
v 130.13 -210.59 51.55
v 130.13 -210.59 54.20
v 129.09 -211.16 54.20
v 130.13 -210.59 51.55
v 129.09 -211.16 51.55
v 129.09 -211.16 54.20
v 130.13 -210.59 54.20
v 130.13 -210.59 51.55
v 132.49 -210.59 51.55
v 132.49 -210.59 54.20
v 130.13 -210.59 54.20
v 132.49 -210.59 51.55
v 130.13 -210.59 51.55
v 130.13 -210.59 54.20
v 132.49 -210.59 54.20
v 120.02 -196.93 40.80
v 127.72 -192.73 40.80
v 130.85 -198.47 40.80
v 123.16 -202.67 40.80
v 123.16 -202.67 53.77
v 130.85 -198.47 53.77
v 127.72 -192.73 53.77
v 120.02 -196.93 53.77
v 123.16 -202.67 40.80
v 130.85 -198.47 40.80
v 130.85 -198.47 53.77
v 123.16 -202.67 53.77
v 130.85 -198.47 40.80
v 127.72 -192.73 40.80
v 127.72 -192.73 53.77
v 130.85 -198.47 53.77
v 127.72 -192.73 40.80
v 120.02 -196.93 40.80
v 120.02 -196.93 53.77
v 127.72 -192.73 53.77
v 120.02 -196.93 40.80
v 123.16 -202.67 40.80
v 123.16 -202.67 53.77
v 120.02 -196.93 53.77
v 155.19 -200.02 50.78
v 159.90 -206.16 50.78
v 159.84 -206.65 54.74
v 154.70 -199.96 54.74
v 159.79 -207.00 54.74
v 165.91 -202.00 54.74
v 163.54 -198.50 60.00
v 157.07 -203.46 60.00
v 154.70 -199.96 54.74
v 157.07 -203.46 60.00
v 163.54 -198.50 60.00
v 160.77 -195.30 54.74
v 159.79 -207.00 54.74
v 157.07 -203.46 60.00
v 154.70 -199.96 54.74
v 165.91 -202.00 54.74
v 160.77 -195.30 54.74
v 163.54 -198.50 60.00
v 158.85 -205.27 45.63
v 159.76 -204.57 45.63
v 159.76 -204.57 47.66
v 158.85 -205.27 47.66
v 159.76 -204.57 45.63
v 158.85 -205.27 45.63
v 158.85 -205.27 47.66
v 159.76 -204.57 47.66
v 161.15 -205.27 45.63
v 162.06 -204.57 45.63
v 162.06 -204.57 47.66
v 161.15 -205.27 47.66
v 162.06 -204.57 45.63
v 161.15 -205.27 45.63
v 161.15 -205.27 47.66
v 162.06 -204.57 47.66
v 158.85 -205.27 49.68
v 159.76 -204.57 49.68
v 159.76 -204.57 51.71
v 159.90 -206.16 50.78
v 159.76 -204.57 49.68
v 158.85 -205.27 49.68
v 159.90 -206.16 50.78
v 159.76 -204.57 51.71
v 161.15 -205.27 49.68
v 162.06 -204.57 49.68
v 162.06 -204.57 51.71
v 161.15 -205.27 51.71
v 162.06 -204.57 49.68
v 161.15 -205.27 49.68
v 161.15 -205.27 51.71
v 162.06 -204.57 51.71
v 162.48 -198.88 54.74
v 163.15 -199.75 54.74
v 162.28 -200.42 54.74
v 162.28 -200.42 57.94
v 163.15 -199.75 57.94
v 162.48 -198.88 57.94
v 162.28 -200.42 54.74
v 163.15 -199.75 54.74
v 163.15 -199.75 57.94
v 162.28 -200.42 57.94
v 163.15 -199.75 54.74
v 162.48 -198.88 54.74
v 162.48 -198.88 57.94
v 163.15 -199.75 57.94
v 162.48 -198.88 54.74
v 162.28 -200.42 54.74
v 162.28 -200.42 57.94
v 162.48 -198.88 57.94
v 148.34 -191.26 40.80
v 154.01 -186.90 40.80
v 158.97 -193.35 40.80
v 153.29 -197.71 40.80
v 153.29 -197.71 52.80
v 158.97 -193.35 52.80
v 154.01 -186.90 52.80
v 148.34 -191.26 52.80
v 153.29 -197.71 40.80
v 158.97 -193.35 40.80
v 158.97 -193.35 52.80
v 153.29 -197.71 52.80
v 158.97 -193.35 40.80
v 154.01 -186.90 40.80
v 154.01 -186.90 52.80
v 158.97 -193.35 52.80
v 154.01 -186.90 40.80
v 148.34 -191.26 40.80
v 148.34 -191.26 52.80
v 154.01 -186.90 52.80
v 148.34 -191.26 40.80
v 153.29 -197.71 40.80
v 153.29 -197.71 52.80
v 148.34 -191.26 52.80
v 145.02 -187.78 45.60
v 145.32 -188.17 45.60
v 145.32 -188.17 47.59
v 145.02 -187.78 47.59
v 147.94 -188.17 45.60
v 148.67 -186.98 45.60
v 148.67 -186.98 47.59
v 147.94 -188.17 47.59
v 148.67 -186.98 45.60
v 147.94 -188.17 45.60
v 147.94 -188.17 47.59
v 148.67 -186.98 47.59
v 145.02 -187.78 49.59
v 146.06 -186.98 49.59
v 145.32 -188.17 49.59
v 145.32 -188.17 51.59
v 146.06 -186.98 51.59
v 145.02 -187.78 51.59
v 145.32 -188.17 49.59
v 146.06 -186.98 49.59
v 146.06 -186.98 51.59
v 145.32 -188.17 51.59
v 177.38 -172.40 49.64
v 170.78 -179.23 49.64
v 170.29 -179.23 53.08
v 177.38 -171.90 53.08
v 170.78 -179.23 49.64
v 175.61 -183.89 49.64
v 175.62 -184.38 53.08
v 170.29 -179.23 53.08
v 175.62 -184.38 53.08
v 170.29 -179.23 53.08
v 179.34 -180.89 59.54
v 163.35 -171.00 40.80
v 168.91 -165.25 40.80
v 173.51 -169.69 40.80
v 167.95 -175.44 40.80
v 167.95 -175.44 51.44
v 173.51 -169.69 51.44
v 168.91 -165.25 51.44
v 163.35 -171.00 51.44
v 167.95 -175.44 40.80
v 173.51 -169.69 40.80
v 173.51 -169.69 51.44
v 167.95 -175.44 51.44
v -53.57 -236.23 34.00
v -50.97 -236.23 34.00
v -50.97 -236.23 58.00
v -53.57 -236.23 58.00
v -50.97 -236.23 34.00
v -48.87 -234.71 34.00
v -48.87 -234.71 58.00
v -50.97 -236.23 58.00
v -48.87 -234.71 34.00
v -48.07 -232.24 34.00
v -48.07 -232.24 58.00
v -48.87 -234.71 58.00
v -48.07 -232.24 58.00
v -48.87 -229.77 58.00
v -50.97 -228.24 58.00
v -53.57 -228.24 58.00
v -55.67 -229.77 58.00
v -56.47 -232.24 58.00
v -55.67 -234.71 58.00
v -53.57 -236.23 58.00
v -50.97 -236.23 58.00
v -48.87 -234.71 58.00
v -48.07 -232.24 58.00
v -47.68 -228.91 58.00
v -52.27 -232.24 64.00
v -47.68 -228.91 58.00
v -50.52 -226.85 58.00
v -52.27 -232.24 64.00
v 142.44 -230.49 34.00
v 144.53 -228.96 34.00
v 144.53 -228.96 58.00
v 142.44 -230.49 58.00
v 144.53 -228.96 34.00
v 145.34 -226.49 34.00
v 145.34 -226.49 58.00
v 144.53 -228.96 58.00
v 145.34 -226.49 58.00
v 144.53 -224.02 58.00
v 142.44 -222.50 58.00
v 139.84 -222.50 58.00
v 137.74 -224.02 58.00
v 136.94 -226.49 58.00
v 137.74 -228.96 58.00
v 139.84 -230.49 58.00
v 142.44 -230.49 58.00
v 144.53 -228.96 58.00
v 145.34 -226.49 58.00
v 145.72 -223.16 58.00
v 141.14 -226.49 64.00
v 145.72 -223.16 58.00
v 142.89 -221.10 58.00
v 141.14 -226.49 64.00
v 142.89 -221.10 58.00
v 139.38 -221.10 58.00
v 141.14 -226.49 64.00
v 139.38 -221.10 58.00
v 137.74 -224.02 58.00
v 141.14 -226.49 64.00
v 137.74 -224.02 58.00
v 135.47 -226.49 58.00
v 141.14 -226.49 64.00
v 135.47 -226.49 58.00
v 137.74 -228.96 58.00
v 141.14 -226.49 64.00
v 137.74 -228.96 58.00
v 139.38 -231.88 58.00
v 141.14 -226.49 64.00
v 139.38 -231.88 58.00
v 142.89 -231.88 58.00
v 141.14 -226.49 64.00
v 142.89 -231.88 58.00
v 145.72 -229.82 58.00
v 141.14 -226.49 64.00
v -178.05 30.74 32.77
v -175.80 30.74 32.77
v -175.80 30.74 33.94
v -178.05 30.74 33.94
v -178.05 30.74 33.94
v -178.45 29.69 33.94
v -178.45 29.69 36.28
v -178.05 30.74 36.28
v -178.45 29.69 33.94
v -178.05 30.74 33.94
v -178.05 30.74 36.28
v -178.45 29.69 36.28
v -175.80 30.74 33.94
v -178.05 30.74 33.94
v -178.05 30.74 36.28
v -175.80 30.74 36.28
v -178.05 30.74 33.94
v -175.80 30.74 33.94
v -175.80 30.74 36.28
v -178.05 30.74 36.28
v -175.16 36.35 38.45
v -174.53 34.92 38.45
v -174.53 34.92 41.65
v -175.16 36.35 41.65
v -172.69 8.31 28.80
v -174.45 1.21 28.80
v -180.28 2.67 28.80
v -178.51 9.76 28.80
v -178.51 9.76 38.98
v -180.28 2.67 38.98
v -174.45 1.21 38.98
v -172.69 8.31 38.98
v -178.51 9.76 28.80
v -180.28 2.67 28.80
v -180.28 2.67 38.98
v -178.51 9.76 38.98
v -180.28 2.67 28.80
v -174.45 1.21 28.80
v -174.45 1.21 38.98
v -180.28 2.67 38.98
v -172.69 8.31 28.80
v -178.51 9.76 28.80
v -178.51 9.76 38.98
v -172.69 8.31 38.98
v -172.69 8.31 38.98
v -174.45 1.21 38.98
v -180.71 2.41 38.98
v -178.51 9.76 38.98
v -214.56 -16.14 42.39
v -206.57 -12.46 36.92
v -208.21 -20.97 36.92
v -207.13 -17.05 42.39
v -213.47 -12.22 36.92
v -206.57 -12.46 36.92
v -214.56 -16.14 42.39
v -214.45 -20.20 36.92
v -207.13 -17.05 42.39
v -208.21 -20.97 36.92
v -212.37 -18.90 32.46
v -212.54 -20.26 32.46
v -212.54 -20.26 33.33
v -212.37 -18.90 33.33
v -212.54 -20.26 32.46
v -212.37 -18.90 32.46
v -212.37 -18.90 33.33
v -212.54 -20.26 33.33
v -209.63 -18.90 32.46
v -209.80 -20.26 32.46
v -209.80 -20.26 33.33
v -209.63 -18.90 33.33
v -209.80 -20.26 32.46
v -209.63 -18.90 32.46
v -209.63 -18.90 33.33
v -209.80 -20.26 33.33
v -207.91 -14.94 36.92
v -208.04 -16.03 36.92
v -209.13 -15.89 36.92
v -209.00 -14.80 36.92
v -209.00 -14.80 40.12
v -209.13 -15.89 40.12
v -208.04 -16.03 40.12
v -207.91 -14.94 40.12
v -209.00 -14.80 36.92
v -209.13 -15.89 36.92
v -209.13 -15.89 40.12
v -209.00 -14.80 40.12
v -209.13 -15.89 36.92
v -208.04 -16.03 36.92
v -208.04 -16.03 40.12
v -209.13 -15.89 40.12
v -208.04 -16.03 36.92
v -207.91 -14.94 36.92
v -207.91 -14.94 40.12
v -208.04 -16.03 40.12
v -202.10 -22.07 49.08
v -192.83 -22.95 49.08
v -197.35 -22.65 54.76
v -197.77 -21.76 34.90
v -197.93 -23.02 34.90
v -198.41 -22.96 34.90
v -198.26 -21.70 34.90
v -198.26 -21.70 38.19
v -198.41 -22.96 38.19
v -197.93 -23.02 38.19
v -197.77 -21.76 38.19
v -198.26 -21.70 34.90
v -198.41 -22.96 34.90
v -198.41 -22.96 38.19
v -198.26 -21.70 38.19
v -198.41 -22.96 34.90
v -197.93 -23.02 34.90
v -197.93 -23.02 38.19
v -198.41 -22.96 38.19
v -197.93 -23.02 34.90
v -197.77 -21.76 34.90
v -197.77 -21.76 38.19
v -197.93 -23.02 38.19
v -197.77 -21.76 41.49
v -197.93 -23.02 41.49
v -198.41 -22.96 41.49
v -198.26 -21.70 41.49
v -198.26 -21.70 44.78
v -198.41 -22.96 44.78
v -197.93 -23.02 44.78
v -197.77 -21.76 44.78
v -198.26 -21.70 41.49
v -198.41 -22.96 41.49
v -198.41 -22.96 44.78
v -198.26 -21.70 44.78
v -198.41 -22.96 41.49
v -197.93 -23.02 41.49
v -197.93 -23.02 44.78
v -198.41 -22.96 44.78
v -197.93 -23.02 41.49
v -197.77 -21.76 41.49
v -197.77 -21.76 44.78
v -197.93 -23.02 44.78
v -197.77 -21.76 41.49
v -198.26 -21.70 41.49
v -198.26 -21.70 44.78
v -197.77 -21.76 44.78
v -204.81 -41.69 28.80
v -212.31 -41.69 28.80
v -212.31 -41.69 40.53
v -204.81 -41.69 40.53
v -212.91 -50.91 40.53
v -212.31 -41.69 40.53
v -212.91 -46.00 46.39
v -204.21 -46.00 46.39
v -212.91 -46.00 46.39
v -204.21 -41.09 40.53
v -204.21 -50.91 40.53
v -204.21 -46.00 46.39
v -212.31 -41.69 40.53
v -204.21 -41.09 40.53
v -212.91 -46.00 46.39
v -212.91 -50.91 40.53
v -204.21 -46.00 46.39
v -204.21 -50.91 40.53
v -191.57 -41.76 28.80
v -191.57 -50.24 28.80
v -197.78 -50.24 28.80
v -197.78 -41.76 28.80
v -179.44 -49.88 32.41
v -179.44 -48.28 32.41
v -179.44 -48.28 33.21
v -179.44 -49.88 33.21
v -182.14 -48.28 33.21
v -182.14 -49.88 33.21
v -182.63 -49.88 33.21
v -182.63 -48.28 33.21
v -182.63 -48.28 33.21
v -182.63 -49.88 33.21
v -182.14 -49.88 33.21
v -182.14 -48.28 33.21
v -195.88 -68.94 28.80
v -194.76 -78.08 28.80
v -201.69 -78.93 28.80
v -202.81 -69.78 28.80
v -202.81 -69.78 43.12
v -201.69 -78.93 43.12
v -194.76 -78.08 43.12
v -195.88 -68.94 43.12
v -202.81 -69.78 28.80
v -201.69 -78.93 28.80
v -201.69 -78.93 43.12
v -202.81 -69.78 43.12
v -201.69 -78.93 28.80
v -194.76 -78.08 28.80
v -194.76 -78.08 43.12
v -201.69 -78.93 43.12
v -194.76 -78.08 28.80
v -195.88 -68.94 28.80
v -195.88 -68.94 43.12
v -194.76 -78.08 43.12
v -195.88 -68.94 28.80
v -202.81 -69.78 28.80
v -202.81 -69.78 43.12
v -195.88 -68.94 43.12
v -195.57 -68.55 43.12
v -194.76 -78.08 43.12
v -201.99 -79.32 43.12
v -202.81 -69.78 43.12
v -203.20 -69.48 49.02
v -201.99 -79.32 49.02
v -194.37 -78.39 49.02
v -195.57 -68.55 49.02
v -202.81 -69.78 43.12
v -201.99 -79.32 43.12
v -201.99 -79.32 49.02
v -203.20 -69.48 49.02
v -201.99 -79.32 49.02
v -194.73 -73.44 55.28
v -194.37 -78.39 49.02
v -200.73 -76.53 34.88
v -200.05 -78.06 34.88
v -200.53 -78.12 34.88
v -200.73 -76.53 38.17
v -200.53 -78.12 38.17
v -200.05 -78.06 38.17
v -200.73 -76.53 34.88
v -200.53 -78.12 34.88
v -200.53 -78.12 38.17
v -200.73 -76.53 38.17
v -200.53 -78.12 34.88
v -200.05 -78.06 34.88
v -200.05 -78.06 38.17
v -200.53 -78.12 38.17
v -200.05 -78.06 34.88
v -200.73 -76.53 34.88
v -200.73 -76.53 38.17
v -200.05 -78.06 38.17
v -196.82 -72.21 52.22
v -196.69 -73.30 52.22
v -195.59 -73.17 52.22
v -195.73 -72.07 52.22
v -196.82 -72.21 49.02
v -196.69 -73.30 49.02
v -196.69 -73.30 52.22
v -196.82 -72.21 52.22
v -196.69 -73.30 49.02
v -195.59 -73.17 49.02
v -195.59 -73.17 52.22
v -196.69 -73.30 52.22
v -195.59 -73.17 49.02
v -195.73 -72.07 49.02
v -195.73 -72.07 52.22
v -195.59 -73.17 52.22
v -195.73 -72.07 49.02
v -196.82 -72.21 49.02
v -196.82 -72.21 52.22
v -195.73 -72.07 52.22
v -181.84 -67.88 28.80
v -180.88 -75.73 28.80
v -189.10 -76.74 28.80
v -190.06 -68.88 28.80
v -190.06 -68.88 42.84
v -189.10 -76.74 42.84
v -180.88 -75.73 42.84
v -181.84 -67.88 42.84
v -190.06 -68.88 28.80
v -189.10 -76.74 28.80
v -189.10 -76.74 42.84
v -190.06 -68.88 42.84
v -189.10 -76.74 28.80
v -180.88 -75.73 28.80
v -180.88 -75.73 42.84
v -189.10 -76.74 42.84
v -180.88 -75.73 28.80
v -181.84 -67.88 28.80
v -181.84 -67.88 42.84
v -180.88 -75.73 42.84
v -181.84 -67.88 28.80
v -190.06 -68.88 28.80
v -190.06 -68.88 42.84
v -181.84 -67.88 42.84
v -181.84 -67.88 42.84
v -180.88 -75.73 42.84
v -189.41 -77.13 42.84
v -190.06 -68.88 42.84
v -175.96 -66.89 28.80
v -174.94 -75.27 28.80
v -174.94 -75.27 36.64
v -175.96 -66.89 36.64
v -176.35 -66.59 36.64
v -174.94 -75.27 36.64
v -175.24 -75.66 39.63
v -176.35 -66.59 39.63
v -184.27 -95.25 28.80
v -181.46 -103.02 29.88
v -188.98 -104.78 28.80
v -190.94 -96.91 28.80
v -190.94 -96.91 39.44
v -188.98 -104.78 39.44
v -182.31 -103.12 39.44
v -184.27 -95.25 39.44
v -190.94 -96.91 28.80
v -188.98 -104.78 28.80
v -188.98 -104.78 39.44
v -190.94 -96.91 39.44
v -188.98 -104.78 28.80
v -181.46 -103.02 29.88
v -182.31 -103.12 39.44
v -188.98 -104.78 39.44
v -168.71 -154.44 53.70
v -163.38 -145.98 47.55
v -158.37 -154.64 47.55
v -160.82 -150.14 53.70
v -170.82 -150.05 47.55
v -163.38 -145.98 47.55
v -168.71 -154.44 53.70
v -166.15 -158.60 47.55
v -160.82 -150.14 53.70
v -158.37 -154.64 47.55
v -166.93 -155.49 34.59
v -166.17 -156.87 34.59
v -166.17 -156.87 37.58
v -166.93 -155.49 37.58
v -166.17 -156.87 34.59
v -166.93 -155.49 34.59
v -166.93 -155.49 37.58
v -166.17 -156.87 37.58
v -163.79 -155.49 34.59
v -162.60 -156.63 34.59
v -163.03 -156.87 34.59
v -163.79 -155.49 37.58
v -163.03 -156.87 37.58
v -162.60 -156.63 37.58
v -163.79 -155.49 34.59
v -163.03 -156.87 34.59
v -163.03 -156.87 37.58
v -163.79 -155.49 37.58
v -163.03 -156.87 34.59
v -162.60 -156.63 34.59
v -162.60 -156.63 37.58
v -163.03 -156.87 37.58
v -162.60 -156.63 34.59
v -163.79 -155.49 34.59
v -163.79 -155.49 37.58
v -162.60 -156.63 37.58
v -166.93 -155.49 40.57
v -166.17 -156.87 40.57
v -166.01 -158.13 42.10
v -166.93 -155.49 43.56
v -166.17 -156.87 40.57
v -166.93 -155.49 40.57
v -166.93 -155.49 43.56
v -166.01 -158.13 42.10
v -156.31 -177.16 43.04
v -149.02 -172.54 43.04
v -153.47 -181.01 48.73
v -150.64 -184.86 43.04
v -146.06 -175.55 48.73
v -144.06 -179.28 43.04
v -148.15 -176.81 43.04
v -146.61 -177.05 43.04
v -146.61 -177.05 46.24
v -148.15 -176.81 46.24
v -146.61 -177.05 43.04
v -148.15 -176.81 43.04
v -148.15 -176.81 46.24
v -146.61 -177.05 46.24
v -145.01 -170.02 43.44
v -140.46 -176.19 43.44
v -133.60 -171.15 43.44
v -138.15 -164.97 43.44
v -144.52 -170.09 39.27
v -140.46 -176.19 39.27
v -140.46 -176.19 43.44
v -145.01 -170.02 43.44
v -140.46 -176.19 39.27
v -134.09 -171.07 39.27
v -133.60 -171.15 43.44
v -140.46 -176.19 43.44
v -134.09 -171.07 39.27
v -138.15 -164.97 39.27
v -138.15 -164.97 43.44
v -133.60 -171.15 43.44
v -138.15 -164.97 39.27
v -144.52 -170.09 39.27
v -145.01 -170.02 43.44
v -138.15 -164.97 43.44
v -145.35 -169.96 43.44
v -140.46 -176.19 43.44
v -136.88 -173.87 48.75
v -141.73 -167.29 48.75
v -138.15 -164.97 43.44
v -141.73 -167.29 48.75
v -136.88 -173.87 48.75
v -133.60 -171.15 43.44
v -145.35 -169.96 43.44
v -141.73 -167.29 48.75
v -138.15 -164.97 43.44
v -134.94 -162.51 41.19
v -130.17 -167.98 41.19
v -126.52 -166.04 46.75
v -131.16 -159.73 46.75
v -127.52 -157.79 41.19
v -131.16 -159.73 46.75
v -126.52 -166.04 46.75
v -122.75 -163.26 41.19
v -134.94 -162.51 41.19
v -131.16 -159.73 46.75
v -127.52 -157.79 41.19
v -130.17 -167.98 41.19
v -122.75 -163.26 41.19
v -126.52 -166.04 46.75
v -133.11 -200.80 40.34
v -128.06 -205.96 40.34
v -122.58 -200.59 40.34
v -127.63 -195.43 40.34
v -127.63 -195.43 40.34
v -122.58 -200.59 40.34
v -128.06 -205.96 40.34
v -133.11 -200.80 40.34
v -70.00 -221.40 41.19
v -66.09 -213.60 41.19
v -65.72 -223.99 47.51
v -61.20 -226.13 41.19
v -61.47 -216.09 47.51
v -57.19 -218.68 41.19
v -61.74 -218.93 41.19
v -60.77 -219.46 41.19
v -60.77 -219.46 44.39
v -61.74 -218.93 44.39
v -60.77 -219.46 41.19
v -61.74 -218.93 41.19
v -61.74 -218.93 44.39
v -60.77 -219.46 44.39
v -55.77 -214.62 38.96
v -64.20 -210.76 38.96
v -59.86 -213.09 44.84
v -55.76 -205.47 44.84
v -59.86 -213.09 44.84
v -59.85 -203.95 38.96
v -52.23 -208.05 38.96
v -55.76 -205.47 44.84
v 2.81 -232.90 49.17
v -5.85 -231.43 49.17
v -1.56 -232.41 54.67
v -0.11 -223.84 54.67
v -1.56 -232.41 54.67
v -4.48 -223.35 49.17
v 4.47 -224.61 49.17
v -0.11 -223.84 54.67
v -5.85 -231.43 49.17
v -4.48 -223.35 49.17
v -1.56 -232.41 54.67
v 2.81 -232.90 49.17
v -0.11 -223.84 54.67
v 4.47 -224.61 49.17
v -2.93 -231.88 41.54
v -1.57 -232.11 41.54
v -1.57 -232.11 44.86
v -2.93 -231.88 44.86
v -1.57 -232.11 41.54
v -2.93 -231.88 41.54
v -2.93 -231.88 44.86
v -1.57 -232.11 44.86
v 67.08 -254.16 41.72
v 67.98 -252.89 41.72
v 67.98 -252.89 44.92
v 67.08 -254.16 44.92
v 67.98 -252.89 41.72
v 67.08 -254.16 41.72
v 67.08 -254.16 44.92
v 67.98 -252.89 44.92
v 68.96 -246.62 39.23
v 59.25 -248.27 39.23
v 64.11 -247.44 45.11
v 62.52 -238.08 45.11
v 64.11 -247.44 45.11
v 58.36 -239.39 39.23
v 67.38 -237.26 39.23
v 62.52 -238.08 45.11
v 59.25 -248.27 39.23
v 58.36 -239.39 39.23
v 64.11 -247.44 45.11
v 68.96 -246.62 39.23
v 62.52 -238.08 45.11
v 67.38 -237.26 39.23
v 65.32 -242.02 42.43
v 66.40 -241.83 42.43
v 65.13 -240.93 42.43
v 65.32 -242.02 39.23
v 66.40 -241.83 39.23
v 66.40 -241.83 42.43
v 65.32 -242.02 42.43
v 66.40 -241.83 39.23
v 65.13 -240.93 39.23
v 65.13 -240.93 42.43
v 66.40 -241.83 42.43
v 65.13 -240.93 39.23
v 65.32 -242.02 39.23
v 65.32 -242.02 42.43
v 65.13 -240.93 42.43
v 57.50 -235.69 42.49
v 66.47 -234.17 42.49
v 65.01 -225.51 42.49
v 56.04 -227.03 42.49
v 57.50 -235.69 38.61
v 66.07 -233.89 38.61
v 66.47 -234.17 42.49
v 57.50 -235.69 42.49
v 66.07 -233.89 38.61
v 64.72 -225.92 38.61
v 65.01 -225.51 42.49
v 66.47 -234.17 42.49
v 64.72 -225.92 38.61
v 56.44 -227.32 38.61
v 56.04 -227.03 42.49
v 65.01 -225.51 42.49
v -180.38 71.11 22.00
v -181.19 73.58 22.00
v -181.19 73.58 46.00
v -180.38 71.11 46.00
v -181.19 73.58 22.00
v -183.29 75.10 22.00
v -183.29 75.10 46.00
v -181.19 73.58 46.00
v -183.29 75.10 22.00
v -185.88 75.10 22.00
v -185.88 75.10 46.00
v -183.29 75.10 46.00
v -185.88 75.10 22.00
v -187.98 73.58 22.00
v -187.98 73.58 46.00
v -185.88 75.10 46.00
v -187.98 73.58 22.00
v -188.78 71.11 22.00
v -188.78 71.11 46.00
v -187.98 73.58 46.00
v -188.78 71.11 22.00
v -187.98 68.64 22.00
v -187.98 68.64 46.00
v -188.78 71.11 46.00
v -186.34 65.72 46.00
v -182.83 65.72 46.00
v -184.59 71.11 52.00
v -182.83 65.72 46.00
v -180.00 67.78 46.00
v -184.59 71.11 52.00
v -180.00 67.78 46.00
v -180.38 71.11 46.00
v -184.59 71.11 52.00
v -195.03 -103.16 22.00
v -195.84 -100.69 22.00
v -195.84 -100.69 46.00
v -195.03 -103.16 46.00
v -195.84 -100.69 22.00
v -200.53 -99.17 22.00
v -200.53 -99.17 46.00
v -195.84 -100.69 46.00
v -200.53 -99.17 22.00
v -202.63 -100.69 22.00
v -202.63 -100.69 46.00
v -200.53 -99.17 46.00
v -70.96 -241.55 46.00
v -71.76 -239.08 46.00
v -73.86 -237.55 46.00
v -76.46 -237.55 46.00
v -78.56 -239.08 46.00
v -79.36 -241.55 46.00
v -78.56 -244.02 46.00
v -76.46 -245.54 46.00
v -73.86 -245.54 46.00
v -71.76 -244.02 46.00
v -69.49 -241.55 46.00
v -71.76 -239.08 46.00
v -75.16 -241.55 52.00
v -71.76 -239.08 46.00
v -73.86 -237.55 46.00
v -75.16 -241.55 52.00
v -73.86 -237.55 46.00
v -76.46 -237.55 46.00
v -75.16 -241.55 52.00
v -76.46 -237.55 46.00
v -79.75 -238.21 46.00
v -75.16 -241.55 52.00
v -79.75 -238.21 46.00
v -79.36 -241.55 46.00
v -75.16 -241.55 52.00
v -79.36 -241.55 46.00
v -79.75 -244.88 46.00
v -75.16 -241.55 52.00
v -79.75 -244.88 46.00
v -76.91 -246.94 46.00
v -75.16 -241.55 52.00
v -76.91 -246.94 46.00
v -73.41 -246.94 46.00
v -75.16 -241.55 52.00
v -73.41 -246.94 46.00
v -70.57 -244.88 46.00
v -75.16 -241.55 52.00
v -70.57 -244.88 46.00
v -69.49 -241.55 46.00
v -75.16 -241.55 52.00
v 137.19 -237.52 46.00
v 136.39 -235.05 46.00
v 131.70 -233.53 46.00
v 129.60 -235.05 46.00
v 128.79 -237.52 46.00
v 129.60 -239.99 46.00
v 131.70 -241.51 46.00
v 134.29 -241.51 46.00
v 71.01 -158.82 78.93
v 69.50 -154.54 77.24
v 69.95 -155.81 79.41
v 71.20 -159.36 79.41
v 69.50 -154.54 77.24
v 67.62 -156.41 77.48
v 67.69 -156.60 79.41
v 69.95 -155.81 79.41
v 70.14 -156.34 79.41
v 71.20 -159.36 79.41
v 69.12 -160.69 79.41
v 67.69 -156.60 79.41
v 67.69 -156.60 79.41
v 69.12 -160.69 79.41
v 71.20 -159.36 79.41
v 70.14 -156.34 79.41
v 70.14 -156.34 79.41
v 71.20 -159.36 79.41
v 69.12 -160.69 79.41
v 67.69 -156.60 79.41
v 67.69 -156.60 79.41
v 69.12 -160.69 79.41
v 71.20 -159.36 79.41
v 70.14 -156.34 79.41
v 71.20 -159.36 79.41
v 72.70 -163.64 81.10
v 72.51 -163.11 80.86
v 69.12 -160.69 79.41
v 69.12 -160.69 79.41
v 72.51 -163.11 80.86
v 72.70 -163.64 81.10
v 71.20 -159.36 79.41
v 71.76 -160.97 79.90
v 72.70 -163.64 81.10
v 72.51 -163.11 80.86
v 69.12 -160.69 79.41
v 69.38 -161.42 81.58
v 70.63 -164.97 81.58
v 72.89 -164.18 81.58
v 71.64 -160.62 81.58
v 69.12 -160.69 79.41
v 72.51 -163.11 80.86
v 70.63 -164.97 81.58
v 69.38 -161.42 81.58
v 72.51 -163.11 80.86
v 72.70 -163.64 81.10
v 72.89 -164.18 81.58
v 70.63 -164.97 81.58
v 72.89 -164.18 81.58
v 74.02 -167.39 82.79
v 71.57 -167.65 82.55
v 70.63 -164.97 81.58
v 70.63 -164.97 81.58
v 71.57 -167.65 82.55
v 74.02 -167.39 82.79
v 72.89 -164.18 81.58
v 72.89 -164.18 81.58
v 74.02 -167.39 82.79
v 71.57 -167.65 82.55
v 70.81 -165.51 81.59
v 70.81 -165.51 81.59
v 71.57 -167.65 82.55
v 74.02 -167.39 82.79
v 72.89 -164.18 81.58
v 72.89 -164.18 81.58
v 74.02 -167.39 82.79
v 71.57 -167.65 82.55
v 70.81 -165.51 81.59
v 70.81 -165.51 81.59
v 71.57 -167.65 82.55
v 74.02 -167.39 82.79
v 72.89 -164.18 81.58
v 136.74 -163.51 57.21
v 136.94 -167.36 57.21
v 134.55 -167.49 57.21
v 134.34 -163.64 57.21
v 134.34 -163.64 57.21
v 134.55 -167.49 57.21
v 136.94 -167.36 57.21
v 136.74 -163.51 57.21
v 136.93 -167.03 57.21
v 136.94 -167.36 57.21
v 134.55 -167.49 57.21
v 134.53 -167.16 57.21
v 134.53 -167.16 57.21
v 134.55 -167.49 57.21
v 136.94 -167.36 57.21
v 136.93 -167.03 57.21
v 136.93 -167.03 57.21
v 136.94 -167.36 57.21
v 134.55 -167.49 57.21
v 134.53 -167.16 57.21
v 134.53 -167.16 57.21
v 134.55 -167.49 57.21
v 136.94 -167.36 57.21
v 136.93 -167.03 57.21
v 136.95 -167.43 59.86
v 137.17 -171.60 60.34
v 134.78 -171.73 60.34
v 134.53 -167.23 59.62
v 134.53 -167.23 59.62
v 134.78 -171.73 60.34
v 137.17 -171.60 60.34
v 136.95 -167.43 59.86
v 136.95 -167.43 59.86
v 137.17 -171.60 60.34
v 134.78 -171.73 60.34
v 134.53 -167.23 59.62
v 134.53 -167.23 59.62
v 134.78 -171.73 60.34
v 137.17 -171.60 60.34
v 136.95 -167.43 59.86
v 136.95 -167.43 59.86
v 137.17 -171.60 60.34
v 134.78 -171.73 60.34
v 134.71 -170.43 59.62
v 134.71 -170.43 59.62
v 134.78 -171.73 60.34
v 137.17 -171.60 60.34
v 136.95 -167.43 59.86
v 137.30 -173.95 64.69
v 137.42 -176.17 63.96
v 135.02 -176.29 63.96
v 134.90 -174.08 64.69
v 134.90 -174.08 64.69
v 135.02 -176.29 63.96
v 137.42 -176.17 63.96
v 137.30 -173.95 64.69
v 137.30 -173.95 64.69
v 137.42 -176.17 63.96
v 135.02 -176.29 63.96
v 134.90 -174.08 64.69
v 134.90 -174.08 64.69
v 135.02 -176.29 63.96
v 137.42 -176.17 63.96
v 137.30 -173.95 64.69
v 137.30 -173.95 64.69
v 137.42 -176.17 63.96
v 135.12 -178.25 65.17
v 134.90 -174.08 64.69
v 134.90 -174.08 64.69
v 135.12 -178.25 65.17
v 137.42 -176.17 63.96
v 137.30 -173.95 64.69
v 137.30 -173.95 64.69
v 137.54 -178.45 65.41
v 135.12 -178.25 65.17
v 134.90 -174.08 64.69
v 134.90 -174.08 64.69
v 135.12 -178.25 65.17
v 137.54 -178.45 65.41
v 137.30 -173.95 64.69
v 137.30 -173.95 64.69
v 137.54 -178.45 65.41
v 135.12 -178.25 65.17
v 134.90 -174.08 64.69
v 134.90 -174.08 64.69
v 135.12 -178.25 65.17
v 137.54 -178.45 65.41
v 137.30 -173.95 64.69
v 137.30 -173.95 64.69
v 137.54 -178.45 65.41
v 135.12 -178.25 65.17
v 134.90 -174.08 64.69
v 134.99 -175.71 66.14
v 135.18 -179.23 66.14
v 137.57 -179.10 66.14
v 137.38 -175.58 66.14
v 93.22 -164.00 59.60
v 92.17 -161.45 59.60
v 89.62 -164.00 66.50
v 92.17 -161.45 59.60
v 89.62 -160.40 59.60
v 89.62 -164.00 66.50
v 89.62 -160.40 59.60
v 87.08 -161.45 59.60
v 89.62 -164.00 66.50
v 87.08 -161.45 59.60
v 86.02 -164.00 59.60
v 89.62 -164.00 66.50
v 86.02 -164.00 59.60
v 87.08 -166.54 59.60
v 89.62 -164.00 66.50
v 87.08 -166.54 59.60
v 89.62 -167.60 59.60
v 89.62 -164.00 66.50
v 11.94 -147.49 79.50
v 14.58 -161.24 79.50
v 14.58 -161.24 82.00
v 11.94 -147.49 82.00
v -67.32 -148.10 45.01
v -49.45 -154.99 45.01
v -53.04 -164.32 45.01
v -70.91 -157.43 45.01
v -70.91 -157.43 71.57
v -53.04 -164.32 71.57
v -49.45 -154.99 71.57
v -67.32 -148.10 71.57
v -70.91 -157.43 45.01
v -53.04 -164.32 45.01
v -53.04 -164.32 71.57
v -70.91 -157.43 71.57
v -53.04 -164.32 45.01
v -49.45 -154.99 45.01
v -49.45 -154.99 71.57
v -53.04 -164.32 71.57
v -49.45 -154.99 45.01
v -67.32 -148.10 45.01
v -67.32 -148.10 71.57
v -49.45 -154.99 71.57
v -22.40 -204.54 28.79
v -35.34 -202.70 28.79
v -35.34 -202.70 58.02
v -24.04 -202.99 59.29
v -35.34 -202.70 28.79
v -36.75 -212.60 28.79
v -36.75 -212.60 58.02
v -35.34 -202.70 58.02
v 22.75 -230.41 58.64
v 33.70 -229.06 58.64
v 32.48 -219.13 58.64
v 21.53 -220.48 58.64
v 22.75 -230.41 32.64
v 33.70 -229.06 32.64
v 33.70 -229.06 58.64
v 22.75 -230.41 58.64
v 33.70 -229.06 32.64
v 32.48 -219.13 32.64
v 32.48 -219.13 58.64
v 33.70 -229.06 58.64
v 32.48 -219.13 32.64
v 21.53 -220.48 32.64
v 21.53 -220.48 58.64
v 32.48 -219.13 58.64
v 136.23 -212.49 59.07
v 153.70 -200.22 59.07
v 147.95 -192.03 59.07
v 130.48 -204.31 59.07
v 136.23 -212.49 32.08
v 153.70 -200.22 32.08
v 153.70 -200.22 59.07
v 136.23 -212.49 59.07
v 153.70 -200.22 32.08
v 147.95 -192.03 32.08
v 147.95 -192.03 59.07
v 153.70 -200.22 59.07
v 147.95 -192.03 32.08
v 130.48 -204.31 32.08
v 130.48 -204.31 59.07
v 147.95 -192.03 59.07
v 130.48 -204.31 32.08
v 136.23 -212.49 32.08
v 136.23 -212.49 59.07
v 130.48 -204.31 59.07
v -93.40 -170.35 51.50
v -64.17 -183.38 51.50
v -69.87 -196.16 51.50
v -99.10 -183.14 51.50
v 124.97 -205.73 51.50
v 133.02 -217.19 51.50
v 133.02 -217.19 54.00
v 124.97 -205.73 54.00
v -176.45 14.41 25.62
v -176.91 -6.64 25.62
v -186.91 -6.42 25.62
v -186.45 14.63 25.62
v -186.45 14.63 43.98
v -186.91 -6.42 43.98
v -176.91 -6.64 43.98
v -176.45 14.41 43.98
v -186.45 14.63 25.62
v -186.91 -6.42 25.62
v -186.91 -6.42 43.98
v -186.45 14.63 43.98
v -186.91 -6.42 25.62
v -176.91 -6.64 25.62
v -176.91 -6.64 43.98
v -186.91 -6.42 43.98
v -176.91 -6.64 25.62
v -176.45 14.41 25.62
v -176.45 14.41 43.98
v -176.91 -6.64 43.98
v -176.45 14.41 25.62
v -186.45 14.63 25.62
v -186.45 14.63 43.98
v -176.45 14.41 43.98
v -185.54 -39.60 20.49
v -179.40 -61.73 20.49
v -189.03 -64.40 20.49
v -195.18 -42.27 20.49
v -195.18 -42.27 44.57
v -189.03 -64.40 44.57
v -179.40 -61.73 44.57
v -185.54 -39.60 44.57
v -195.18 -42.27 20.49
v -189.03 -64.40 20.49
v -189.03 -64.40 44.57
v -195.18 -42.27 44.57
v -189.03 -64.40 20.49
v -179.40 -61.73 20.49
v -179.40 -61.73 44.57
v -189.03 -64.40 44.57
v -179.40 -61.73 20.49
v -185.54 -39.60 20.49
v -185.54 -39.60 44.57
v -179.40 -61.73 44.57
v -185.54 -39.60 20.49
v -195.18 -42.27 20.49
v -195.18 -42.27 44.57
v -185.54 -39.60 44.57
v -147.75 -146.54 20.93
v -136.98 -156.65 20.93
v -143.83 -163.94 20.93
v -154.59 -153.83 20.93
v -154.59 -153.83 45.63
v -143.83 -163.94 45.63
v -136.98 -156.65 45.63
v -147.75 -146.54 45.63
v -154.59 -153.83 20.93
v -143.83 -163.94 20.93
v -143.83 -163.94 45.63
v -154.59 -153.83 45.63
v -136.98 -156.65 20.93
v -147.75 -146.54 20.93
v -147.75 -146.54 45.63
v -136.98 -156.65 45.63
v -147.75 -146.54 20.93
v -154.59 -153.83 20.93
v -154.59 -153.83 45.63
v -147.75 -146.54 45.63
v -121.69 -202.63 44.26
v -103.74 -212.38 44.26
v -98.97 -203.59 44.26
v -116.91 -193.84 44.26
v -63.53 -234.83 43.80
v -43.20 -239.41 43.80
v -41.01 -229.65 43.80
v -61.34 -225.07 43.80
v 0.54 -256.81 43.62
v 23.52 -255.73 43.62
v 23.05 -245.74 43.62
v 0.07 -246.82 43.62
v 74.35 -260.69 45.93
v 89.84 -255.76 45.93
v 86.81 -246.23 45.93
v 71.32 -251.16 45.93
v 135.51 -235.89 43.03
v 152.06 -225.58 43.03
v 146.77 -217.09 43.03
v 130.22 -227.40 43.03
v -186.80 79.27 32.42
v -191.70 66.54 32.42
v -182.37 62.95 32.42
v -177.47 75.68 32.42
v -200.38 -85.73 25.50
v -185.66 -114.15 25.50
v -198.09 -120.59 25.50
v -212.81 -92.17 25.50
v -212.81 -92.17 28.00
v -198.09 -120.59 28.00
v -185.66 -114.15 28.00
v -200.38 -85.73 28.00
v -212.81 -92.17 25.50
v -198.09 -120.59 25.50
v -198.09 -120.59 28.00
v -212.81 -92.17 28.00
v -198.09 -120.59 25.50
v -185.66 -114.15 25.50
v -185.66 -114.15 28.00
v -198.09 -120.59 28.00
v -185.66 -114.15 25.50
v -200.38 -85.73 25.50
v -200.38 -85.73 28.00
v -185.66 -114.15 28.00
v -200.38 -85.73 25.50
v -212.81 -92.17 25.50
v -212.81 -92.17 28.00
v -200.38 -85.73 28.00
