# Castle & Palace — cliff LOD
mtllib cliff.mtl

usemtl mat_rock
v 161.28 149.96 12.00
v 128.91 165.88 12.00
v 128.91 165.88 22.00
v 161.28 149.96 22.00
v 128.91 165.88 12.00
v 93.09 174.81 12.00
v 93.09 174.81 22.00
v 128.91 165.88 22.00
v 93.09 174.81 12.00
v 56.09 176.61 12.00
v 56.09 176.61 22.00
v 93.09 174.81 22.00
v 56.09 176.61 12.00
v 20.00 174.88 12.00
v 20.00 174.88 22.00
v 56.09 176.61 22.00
v 20.00 174.88 12.00
v -15.57 173.53 12.00
v -15.57 173.53 22.00
v 20.00 174.88 22.00
v -15.57 173.53 12.00
v -52.38 172.74 12.00
v -52.38 172.74 22.00
v -15.57 173.53 22.00
v -52.38 172.74 12.00
v -90.35 168.58 12.00
v -90.35 168.58 22.00
v -52.38 172.74 22.00
v -90.35 168.58 12.00
v -126.44 156.81 12.00
v -126.44 156.81 22.00
v -90.35 168.58 22.00
v -126.44 156.81 12.00
v -157.16 136.80 12.00
v -157.16 136.80 22.00
v -126.44 156.81 22.00
v -157.16 136.80 12.00
v -181.97 111.62 12.00
v -181.97 111.62 22.00
v -157.16 136.80 22.00
v -181.97 111.62 12.00
v -203.28 84.68 12.00
v -203.28 84.68 22.00
v -181.97 111.62 22.00
v -203.28 84.68 12.00
v -222.87 56.83 12.00
v -222.87 56.83 22.00
v -203.28 84.68 22.00
v -222.87 56.83 12.00
v -238.71 26.95 12.00
v -238.71 26.95 22.00
v -222.87 56.83 22.00
v -238.71 26.95 12.00
v -246.22 -5.28 12.00
v -246.22 -5.28 22.00
v -238.71 26.95 22.00
v -246.22 -5.28 12.00
v -243.00 -38.00 12.00
v -243.00 -38.00 22.00
v -246.22 -5.28 22.00
v -243.00 -38.00 12.00
v -231.84 -68.96 12.00
v -231.84 -68.96 22.00
v -243.00 -38.00 22.00
v -231.84 -68.96 12.00
v -218.55 -97.89 12.00
v -218.55 -97.89 22.00
v -231.84 -68.96 22.00
v -218.55 -97.89 12.00
v -206.66 -126.50 12.00
v -206.66 -126.50 22.00
v -218.55 -97.89 22.00
v -206.66 -126.50 12.00
v -194.46 -155.83 12.00
v -194.46 -155.83 22.00
v -206.66 -126.50 22.00
v 276.83 -20.00 12.00
v 283.13 14.28 12.00
v 279.57 49.11 12.00
v 264.08 81.39 12.00
v 240.07 109.41 12.00
v 212.86 134.20 12.00
v 184.82 157.54 12.00
v 154.50 178.79 12.00
v 119.94 194.63 12.00
v 81.88 202.33 12.00
v 43.28 203.09 12.00
v 6.00 201.43 12.00
v -30.92 200.89 12.00
v -69.22 200.39 12.00
v -108.29 195.30 12.00
v -144.82 181.90 12.00
v -176.00 160.69 12.00
v -202.26 135.24 12.00
v -226.16 108.35 12.00
v -248.29 79.91 12.00
v -265.15 48.49 12.00
v -271.86 14.37 12.00
v -267.17 -20.00 12.00
v -255.33 -52.32 12.00
v -242.39 -82.74 12.00
v -230.76 -113.02 12.00
v -217.57 -143.61 12.00
v -198.27 -172.27 12.00
v -171.43 -196.16 12.00
v -139.61 -214.92 12.00
v -106.05 -231.07 12.00
v -71.38 -246.71 12.00
v -34.13 -260.15 12.00
v 6.00 -266.57 12.00
v 46.50 -262.35 12.00
v 84.04 -248.66 12.00
v 117.69 -230.41 12.00
v 149.28 -211.81 12.00
v 180.25 -193.00 12.00
v 208.87 -171.23 12.00
v 231.49 -144.67 12.00
v 246.55 -114.51 12.00
v 256.81 -83.36 12.00
v 266.60 -52.23 12.00
v 145.17 148.52 17.33
v 133.90 158.76 17.33
v 141.97 167.64 17.33
v 153.24 157.41 17.33
v -223.78 28.36 22.61
v -225.54 4.02 22.61
v -237.51 4.88 22.61
v -235.75 29.23 22.61
v -235.75 29.23 30.00
v -237.51 4.88 30.00
v -225.54 4.02 30.00
v -223.78 28.36 30.00
v -235.75 29.23 22.61
v -237.51 4.88 22.61
v -237.51 4.88 30.00
v -235.75 29.23 30.00
v -237.51 4.88 22.61
v -225.54 4.02 22.61
v -225.54 4.02 30.00
v -237.51 4.88 30.00
v -238.12 -37.32 21.76
v -233.39 -60.19 21.76
v -233.39 -60.19 30.00
v -238.12 -37.32 30.00
v -226.37 -34.89 21.76
v -238.12 -37.32 21.76
v -238.12 -37.32 30.00
v -226.37 -34.89 30.00
v 134.79 140.49 13.06
v 126.90 147.66 13.06
v 133.62 155.06 13.06
v 141.52 147.89 13.06
v 68.13 152.78 11.61
v 57.71 157.01 11.61
v 61.47 166.28 11.61
v 71.89 162.05 11.61
v 6.45 151.86 14.38
v -14.77 151.27 14.38
v -15.04 161.27 14.38
v 6.17 161.85 14.38
v -67.19 150.83 12.05
v -81.06 143.84 12.05
v -85.56 152.78 12.05
v -71.68 159.76 12.05
v -129.83 127.48 14.09
v -145.16 109.71 14.09
v -152.73 116.25 14.09
v -137.41 134.01 14.09
v -177.47 75.68 13.34
v -182.37 62.95 13.34
v -191.70 66.54 13.34
v -186.80 79.27 13.34
v -211.73 23.22 15.53
v -212.87 7.38 15.53
v -222.84 8.10 15.53
v -221.70 23.94 15.53
v -219.15 -37.24 14.62
v -215.94 -52.74 14.62
v -225.74 -54.76 14.62
v -228.94 -39.26 14.62
v -198.33 -94.04 10.65
v -191.26 -107.69 10.65
v -200.14 -112.28 10.65
v -207.21 -98.63 10.65
v -177.10 -149.89 10.90
v -167.66 -160.38 10.90
v -175.10 -167.07 10.90
v -184.54 -156.58 10.90
v 134.53 155.18 3.81
v 117.14 168.69 3.81
v 123.28 176.59 3.81
v 140.67 163.07 3.81
v 140.67 163.07 3.81
v 123.28 176.59 3.81
v 123.28 176.59 25.73
v 140.67 163.07 25.73
v 123.28 176.59 3.81
v 117.14 168.69 3.81
v 117.14 168.69 25.73
v 123.28 176.59 25.73
v 117.14 168.69 3.81
v 134.53 155.18 3.81
v 134.53 155.18 25.73
v 117.14 168.69 25.73
v 134.53 155.18 3.81
v 140.67 163.07 3.81
v 140.67 163.07 25.73
v 134.53 155.18 25.73
v 59.69 170.22 1.22
v 49.46 173.47 1.22
v 52.49 183.00 1.22
v 62.72 179.75 1.22
v 62.72 179.75 1.22
v 52.49 183.00 1.22
v 52.49 183.00 23.17
v 62.72 179.75 23.17
v 52.49 183.00 1.22
v 49.46 173.47 1.22
v 49.46 173.47 23.17
v 52.49 183.00 23.17
v 49.46 173.47 1.22
v 59.69 170.22 1.22
v 59.69 170.22 23.17
v 49.46 173.47 23.17
v 59.69 170.22 1.22
v 62.72 179.75 1.22
v 62.72 179.75 23.17
v 59.69 170.22 23.17
v -3.19 169.62 1.72
v -27.06 167.48 1.72
v -27.95 177.44 1.72
v -4.09 179.59 1.72
v -4.09 179.59 1.72
v -27.95 177.44 1.72
v -27.95 177.44 24.99
v -4.09 179.59 24.99
v -27.95 177.44 1.72
v -27.06 167.48 1.72
v -27.06 167.48 24.99
v -27.95 177.44 24.99
v -27.06 167.48 1.72
v -3.19 169.62 1.72
v -3.19 169.62 24.99
v -27.06 167.48 24.99
v -3.19 169.62 1.72
v -4.09 179.59 1.72
v -4.09 179.59 24.99
v -3.19 169.62 24.99
v -81.34 167.74 2.11
v -94.63 160.61 2.11
v -99.36 169.43 2.11
v -86.06 176.55 2.11
v -86.06 176.55 2.11
v -99.36 169.43 2.11
v -99.36 169.43 24.22
v -86.06 176.55 24.22
v -99.36 169.43 2.11
v -94.63 160.61 2.11
v -94.63 160.61 24.22
v -99.36 169.43 24.22
v -94.63 160.61 2.11
v -81.34 167.74 2.11
v -81.34 167.74 24.22
v -94.63 160.61 24.22
v -81.34 167.74 2.11
v -86.06 176.55 2.11
v -86.06 176.55 24.22
v -81.34 167.74 24.22
v -149.31 138.21 -1.50
v -157.47 128.83 -1.50
v -165.01 135.40 -1.50
v -156.85 144.77 -1.50
v -156.85 144.77 -1.50
v -165.01 135.40 -1.50
v -165.01 135.40 25.91
v -156.85 144.77 25.91
v -165.01 135.40 -1.50
v -157.47 128.83 -1.50
v -157.47 128.83 25.91
v -165.01 135.40 25.91
v -157.47 128.83 -1.50
v -149.31 138.21 -1.50
v -149.31 138.21 25.91
v -157.47 128.83 25.91
v -149.31 138.21 -1.50
v -156.85 144.77 -1.50
v -156.85 144.77 25.91
v -149.31 138.21 25.91
v -195.95 89.27 1.82
v -201.38 76.24 1.82
v -210.61 80.09 1.82
v -205.18 93.12 1.82
v -205.18 93.12 1.82
v -210.61 80.09 1.82
v -210.61 80.09 25.36
v -205.18 93.12 25.36
v -210.61 80.09 1.82
v -201.38 76.24 1.82
v -201.38 76.24 25.36
v -210.61 80.09 25.36
v -201.38 76.24 1.82
v -195.95 89.27 1.82
v -195.95 89.27 25.36
v -201.38 76.24 25.36
v -195.95 89.27 1.82
v -205.18 93.12 1.82
v -205.18 93.12 25.36
v -195.95 89.27 25.36
v -232.44 37.86 4.99
v -235.03 14.91 4.99
v -244.97 16.03 4.99
v -242.38 38.98 4.99
v -242.38 38.98 23.32
v -244.97 16.03 23.32
v -235.03 14.91 23.32
v -232.44 37.86 23.32
v -242.38 38.98 4.99
v -244.97 16.03 4.99
v -244.97 16.03 23.32
v -242.38 38.98 23.32
v -244.97 16.03 4.99
v -235.03 14.91 4.99
v -235.03 14.91 23.32
v -244.97 16.03 23.32
v -235.03 14.91 4.99
v -232.44 37.86 4.99
v -232.44 37.86 23.32
v -235.03 14.91 23.32
v -232.44 37.86 4.99
v -242.38 38.98 4.99
v -242.38 38.98 23.32
v -232.44 37.86 23.32
v -239.45 -28.35 -0.24
v -236.67 -46.11 -0.24
v -246.55 -47.65 -0.24
v -249.33 -29.89 -0.24
v -249.33 -29.89 23.40
v -246.55 -47.65 23.40
v -236.67 -46.11 23.40
v -239.45 -28.35 23.40
v -249.33 -29.89 -0.24
v -246.55 -47.65 -0.24
v -246.55 -47.65 23.40
v -249.33 -29.89 23.40
v -246.55 -47.65 -0.24
v -236.67 -46.11 -0.24
v -236.67 -46.11 23.40
v -246.55 -47.65 23.40
v -236.67 -46.11 -0.24
v -239.45 -28.35 -0.24
v -239.45 -28.35 23.40
v -236.67 -46.11 23.40
v -239.45 -28.35 -0.24
v -249.33 -29.89 -0.24
v -249.33 -29.89 23.40
v -239.45 -28.35 23.40
v -216.55 -90.14 5.43
v -211.43 -101.55 5.43
v -220.56 -105.64 5.43
v -225.67 -94.22 5.43
v -225.67 -94.22 5.43
v -220.56 -105.64 5.43
v -220.56 -105.64 25.75
v -225.67 -94.22 25.75
v -220.56 -105.64 5.43
v -211.43 -101.55 5.43
v -211.43 -101.55 25.75
v -220.56 -105.64 25.75
v -211.43 -101.55 5.43
v -216.55 -90.14 5.43
v -216.55 -90.14 25.75
v -211.43 -101.55 25.75
v -216.55 -90.14 5.43
v -225.67 -94.22 5.43
v -225.67 -94.22 25.75
v -216.55 -90.14 25.75
v -194.10 -148.28 6.24
v -187.01 -157.13 6.24
v -194.81 -163.38 6.24
v -201.91 -154.54 6.24
v -201.91 -154.54 6.24
v -194.81 -163.38 6.24
v -194.81 -163.38 24.35
v -201.91 -154.54 24.35
v -187.01 -157.13 6.24
v -194.10 -148.28 6.24
v -194.10 -148.28 24.35
v -187.01 -157.13 24.35
v -194.10 -148.28 6.24
v -201.91 -154.54 6.24
v -201.91 -154.54 24.35
v -194.10 -148.28 24.35

usemtl mat_rock_wet
v 184.82 157.54 -2.00
v 154.50 178.79 -2.00
v 154.50 178.79 12.00
v 184.82 157.54 12.00
v 154.50 178.79 -2.00
v 119.94 194.63 -2.00
v 119.94 194.63 12.00
v 154.50 178.79 12.00
v 119.94 194.63 -2.00
v 81.88 202.33 -2.00
v 81.88 202.33 12.00
v 119.94 194.63 12.00
v 81.88 202.33 -2.00
v 43.28 203.09 -2.00
v 43.28 203.09 12.00
v 81.88 202.33 12.00
v 43.28 203.09 -2.00
v 6.00 201.43 -2.00
v 6.00 201.43 12.00
v 43.28 203.09 12.00
v 6.00 201.43 -2.00
v -30.92 200.89 -2.00
v -30.92 200.89 12.00
v 6.00 201.43 12.00
v -30.92 200.89 -2.00
v -69.22 200.39 -2.00
v -69.22 200.39 12.00
v -30.92 200.89 12.00
v -69.22 200.39 -2.00
v -108.29 195.30 -2.00
v -108.29 195.30 12.00
v -69.22 200.39 12.00
v -108.29 195.30 -2.00
v -144.82 181.90 -2.00
v -144.82 181.90 12.00
v -108.29 195.30 12.00
v -144.82 181.90 -2.00
v -176.00 160.69 -2.00
v -176.00 160.69 12.00
v -144.82 181.90 12.00
v -176.00 160.69 -2.00
v -202.26 135.24 -2.00
v -202.26 135.24 12.00
v -176.00 160.69 12.00
v -202.26 135.24 -2.00
v -226.16 108.35 -2.00
v -226.16 108.35 12.00
v -202.26 135.24 12.00
v -226.16 108.35 -2.00
v -248.29 79.91 -2.00
v -248.29 79.91 12.00
v -226.16 108.35 12.00
v -248.29 79.91 -2.00
v -265.15 48.49 -2.00
v -265.15 48.49 12.00
v -248.29 79.91 12.00
v -265.15 48.49 -2.00
v -271.86 14.37 -2.00
v -271.86 14.37 12.00
v -265.15 48.49 12.00
v -271.86 14.37 -2.00
v -267.17 -20.00 -2.00
v -267.17 -20.00 12.00
v -271.86 14.37 12.00
v -267.17 -20.00 -2.00
v -255.33 -52.32 -2.00
v -255.33 -52.32 12.00
v -267.17 -20.00 12.00
v -255.33 -52.32 -2.00
v -242.39 -82.74 -2.00
v -242.39 -82.74 12.00
v -255.33 -52.32 12.00
v -242.39 -82.74 -2.00
v -230.76 -113.02 -2.00
v -230.76 -113.02 12.00
v -242.39 -82.74 12.00
v -230.76 -113.02 -2.00
v -217.57 -143.61 -2.00
v -217.57 -143.61 12.00
v -230.76 -113.02 12.00
v -217.57 -143.61 -2.00
v -198.27 -172.27 -2.00
v -198.27 -172.27 12.00
v -217.57 -143.61 12.00
v 180.18 188.32 -30.00
v 148.08 211.29 -30.00
v 148.08 211.29 -2.00
v 180.18 188.32 -2.00
v 148.08 211.29 -30.00
v 110.65 227.08 -30.00
v 110.65 227.08 -2.00
v 148.08 211.29 -2.00
v 110.65 227.08 -30.00
v 69.81 233.70 -30.00
v 69.81 233.70 -2.00
v 110.65 227.08 -2.00
v 69.81 233.70 -30.00
v 29.09 233.75 -30.00
v 29.09 233.75 -2.00
v 69.81 233.70 -2.00
v 29.09 233.75 -30.00
v -10.00 232.43 -30.00
v -10.00 232.43 -2.00
v 29.09 233.75 -2.00
v -10.00 232.43 -30.00
v -48.89 232.56 -30.00
v -48.89 232.56 -2.00
v -10.00 232.43 -2.00
v -48.89 232.56 -30.00
v -89.17 231.80 -30.00
v -89.17 231.80 -2.00
v -48.89 232.56 -2.00
v -89.17 231.80 -30.00
v -129.62 225.12 -30.00
v -129.62 225.12 -2.00
v -89.17 231.80 -2.00
v -129.62 225.12 -30.00
v -166.89 209.69 -30.00
v -166.89 209.69 -2.00
v -129.62 225.12 -2.00
v -166.89 209.69 -30.00
v -199.04 187.18 -30.00
v -199.04 187.18 -2.00
v -166.89 209.69 -2.00
v -199.04 187.18 -30.00
v -227.49 161.41 -30.00
v -227.49 161.41 -2.00
v -199.04 187.18 -2.00
v -227.49 161.41 -30.00
v -254.59 134.30 -30.00
v -254.59 134.30 -2.00
v -227.49 161.41 -2.00
v -254.59 134.30 -30.00
v -279.51 104.73 -30.00
v -279.51 104.73 -2.00
v -254.59 134.30 -2.00
v -279.51 104.73 -30.00
v -297.36 71.16 -30.00
v -297.36 71.16 -2.00
v -279.51 104.73 -2.00
v -297.36 71.16 -30.00
v -303.29 34.56 -30.00
v -303.29 34.56 -2.00
v -297.36 71.16 -2.00
v -303.29 34.56 -30.00
v -297.47 -2.00 -30.00
v -297.47 -2.00 -2.00
v -303.29 34.56 -2.00
v -297.47 -2.00 -30.00
v -285.38 -36.33 -30.00
v -285.38 -36.33 -2.00
v -297.47 -2.00 -2.00
v -285.38 -36.33 -30.00
v -272.90 -68.94 -30.00
v -272.90 -68.94 -2.00
v -285.38 -36.33 -2.00
v -272.90 -68.94 -30.00
v -261.08 -101.43 -30.00
v -261.08 -101.43 -2.00
v -272.90 -68.94 -2.00
v -261.08 -101.43 -30.00
v -246.08 -133.56 -30.00
v -246.08 -133.56 -2.00
v -261.08 -101.43 -2.00
v -246.08 -133.56 -30.00
v -223.85 -162.69 -30.00
v -223.85 -162.69 -2.00
v -246.08 -133.56 -2.00
v 274.53 -2.00 -2.00
v 280.79 34.26 -2.00
v 275.93 70.80 -2.00
v 259.23 104.62 -2.00
v 235.12 134.60 -2.00
v 208.43 162.13 -2.00
v 180.18 188.32 -2.00
v 148.08 211.29 -2.00
v 110.65 227.08 -2.00
v 69.81 233.70 -2.00
v 29.09 233.75 -2.00
v -10.00 232.43 -2.00
v -48.89 232.56 -2.00
v -89.17 231.80 -2.00
v -129.62 225.12 -2.00
v -166.89 209.69 -2.00
v -199.04 187.18 -2.00
v -227.49 161.41 -2.00
v -254.59 134.30 -2.00
v -279.51 104.73 -2.00
v -297.36 71.16 -2.00
v -303.29 34.56 -2.00
v -297.47 -2.00 -2.00
v -285.38 -36.33 -2.00
v -272.90 -68.94 -2.00
v -261.08 -101.43 -2.00
v -246.08 -133.56 -2.00
v -223.85 -162.69 -2.00
v -194.40 -186.53 -2.00
v -161.17 -205.97 -2.00
v -126.97 -224.09 -2.00
v -91.34 -242.21 -2.00
v -52.31 -257.20 -2.00
v -10.00 -263.57 -2.00
v 32.51 -258.39 -2.00
v 71.98 -244.11 -2.00
v 108.00 -226.05 -2.00
v 142.36 -207.57 -2.00
v 175.54 -187.67 -2.00
v 204.80 -163.40 -2.00
v 226.61 -133.85 -2.00
v 240.80 -101.32 -2.00
v 251.47 -68.58 -2.00
v 262.89 -36.02 -2.00
v 178.50 215.84 -60.00
v 144.36 240.74 -60.00
v 144.36 240.74 -30.00
v 178.50 215.84 -30.00
v 144.36 240.74 -60.00
v 104.06 256.99 -60.00
v 104.06 256.99 -30.00
v 144.36 240.74 -30.00
v 104.06 256.99 -60.00
v 60.40 263.18 -60.00
v 60.40 263.18 -30.00
v 104.06 256.99 -30.00
v 60.40 263.18 -60.00
v 17.29 262.95 -60.00
v 17.29 262.95 -30.00
v 60.40 263.18 -30.00
v 17.29 262.95 -60.00
v -24.00 261.89 -60.00
v -24.00 261.89 -30.00
v 17.29 262.95 -30.00
v -24.00 261.89 -60.00
v -65.17 262.23 -60.00
v -65.17 262.23 -30.00
v -24.00 261.89 -30.00
v -65.17 262.23 -60.00
v -107.60 260.79 -60.00
v -107.60 260.79 -30.00
v -65.17 262.23 -30.00
v -107.60 260.79 -60.00
v -149.67 252.38 -60.00
v -149.67 252.38 -30.00
v -107.60 260.79 -30.00
v -149.67 252.38 -60.00
v -188.10 234.91 -60.00
v -188.10 234.91 -30.00
v -149.67 252.38 -30.00
v -188.10 234.91 -60.00
v -221.68 210.94 -60.00
v -221.68 210.94 -30.00
v -188.10 234.91 -30.00
v -221.68 210.94 -60.00
v -252.44 184.35 -60.00
v -252.44 184.35 -30.00
v -221.68 210.94 -30.00
v -252.44 184.35 -60.00
v -282.48 156.31 -60.00
v -282.48 156.31 -30.00
v -252.44 184.35 -30.00
v -282.48 156.31 -60.00
v -309.84 124.98 -60.00
v -309.84 124.98 -30.00
v -282.48 156.31 -30.00
v -309.84 124.98 -60.00
v -328.71 88.81 -60.00
v -328.71 88.81 -30.00
v -309.84 124.98 -30.00
v -328.71 88.81 -60.00
v -334.41 49.31 -60.00
v -334.41 49.31 -30.00
v -328.71 88.81 -30.00
v -334.41 49.31 -60.00
v -328.09 10.00 -60.00
v -328.09 10.00 -30.00
v -334.41 49.31 -30.00
v -328.09 10.00 -60.00
v -315.99 -26.98 -60.00
v -315.99 -26.98 -30.00
v -328.09 10.00 -30.00
v -315.99 -26.98 -60.00
v -303.64 -62.32 -60.00
v -303.64 -62.32 -30.00
v -315.99 -26.98 -30.00
v -303.64 -62.32 -60.00
v -291.12 -97.45 -60.00
v -291.12 -97.45 -30.00
v -303.64 -62.32 -30.00
v -291.12 -97.45 -60.00
v -274.06 -131.55 -60.00
v -274.06 -131.55 -30.00
v -291.12 -97.45 -30.00
v -274.06 -131.55 -60.00
v -249.00 -161.72 -60.00
v -249.00 -161.72 -30.00
v -274.06 -131.55 -30.00
v 275.91 10.00 -30.00
v 281.86 48.73 -30.00
v 275.89 87.56 -30.00
v 258.30 123.55 -30.00
v 234.06 156.07 -30.00
v 207.48 186.66 -30.00
v 178.50 215.84 -30.00
v 144.36 240.74 -30.00
v 104.06 256.99 -30.00
v 60.40 263.18 -30.00
v 17.29 262.95 -30.00
v -24.00 261.89 -30.00
v -65.17 262.23 -30.00
v -107.60 260.79 -30.00
v -149.67 252.38 -30.00
v -188.10 234.91 -30.00
v -221.68 210.94 -30.00
v -252.44 184.35 -30.00
v -282.48 156.31 -30.00
v -309.84 124.98 -30.00
v -328.71 88.81 -30.00
v -334.41 49.31 -30.00
v -328.09 10.00 -30.00
v -315.99 -26.98 -30.00
v -303.64 -62.32 -30.00
v -291.12 -97.45 -30.00
v -274.06 -131.55 -30.00
v -249.00 -161.72 -30.00
v -217.03 -186.22 -30.00
v -182.19 -206.81 -30.00
v -146.85 -226.93 -30.00
v -109.76 -247.27 -30.00
v -68.67 -263.64 -30.00
v -24.00 -270.11 -30.00
v 20.79 -264.36 -30.00
v 62.56 -249.66 -30.00
v 101.24 -231.55 -30.00
v 138.44 -212.64 -30.00
v 173.86 -191.12 -30.00
v 204.03 -164.04 -30.00
v 225.64 -131.31 -30.00
v 239.58 -96.02 -30.00
v 250.82 -61.08 -30.00
v 263.44 -26.40 -30.00

usemtl mat_granite
v -238.71 26.95 22.00
v -246.22 -5.28 22.00
v -242.25 -5.76 22.00
v -234.83 25.97 22.00
v -246.22 -5.28 37.00
v -238.71 26.95 37.00
v -234.83 25.97 37.00
v -242.25 -5.76 37.00
v -234.83 25.97 22.00
v -242.25 -5.76 22.00
v -242.25 -5.76 37.00
v -234.83 25.97 37.00
v -246.22 -5.28 22.00
v -243.00 -38.00 22.00
v -239.00 -38.00 22.00
v -242.25 -5.76 22.00
v -243.00 -38.00 37.00
v -246.22 -5.28 37.00
v -242.25 -5.76 37.00
v -239.00 -38.00 37.00
v -242.25 -5.76 22.00
v -239.00 -38.00 22.00
v -239.00 -38.00 37.00
v -242.25 -5.76 37.00
v -243.00 -38.00 22.00
v -231.84 -68.96 22.00
v -227.87 -68.47 22.00
v -239.00 -38.00 22.00
v -231.84 -68.96 37.00
v -243.00 -38.00 37.00
v -239.00 -38.00 37.00
v -227.87 -68.47 37.00
v -239.00 -38.00 22.00
v -227.87 -68.47 22.00
v -227.87 -68.47 37.00
v -239.00 -38.00 37.00
v -236.94 28.25 37.00
v -237.76 24.96 37.00
v -240.48 25.64 37.00
v -239.65 28.93 37.00
v -239.65 28.93 38.35
v -240.48 25.64 38.35
v -237.76 24.96 38.35
v -236.94 28.25 38.35
v -239.65 28.93 37.00
v -240.48 25.64 37.00
v -240.48 25.64 38.35
v -239.65 28.93 38.35
v -240.48 25.64 37.00
v -237.76 24.96 37.00
v -237.76 24.96 38.35
v -240.48 25.64 38.35
v -237.76 24.96 37.00
v -236.94 28.25 37.00
v -236.94 28.25 38.35
v -237.76 24.96 38.35
v -236.94 28.25 37.00
v -239.65 28.93 37.00
v -239.65 28.93 38.35
v -236.94 28.25 38.35
v -241.60 -36.30 37.00
v -241.60 -39.70 37.00
v -244.40 -39.70 37.00
v -244.40 -36.30 37.00
v -244.40 -36.30 38.35
v -244.40 -39.70 38.35
v -241.60 -39.70 38.35
v -241.60 -36.30 38.35
v -244.40 -36.30 37.00
v -244.40 -39.70 37.00
v -244.40 -39.70 38.35
v -244.40 -36.30 38.35
v -244.40 -39.70 37.00
v -241.60 -39.70 37.00
v -241.60 -39.70 38.35
v -244.40 -39.70 38.35
v -241.60 -39.70 37.00
v -241.60 -36.30 37.00
v -241.60 -36.30 38.35
v -241.60 -39.70 38.35
v -241.60 -36.30 37.00
v -244.40 -36.30 37.00
v -244.40 -36.30 38.35
v -241.60 -36.30 38.35
v -229.81 26.95 16.00
v -231.00 31.40 16.00
v -231.00 31.40 46.00
v -229.81 26.95 46.00
v -231.00 31.40 16.00
v -234.26 34.65 16.00
v -234.26 34.65 46.00
v -231.00 31.40 46.00
v -234.26 34.65 16.00
v -238.71 35.85 16.00
v -238.71 35.85 46.00
v -234.26 34.65 46.00
v -238.71 35.85 16.00
v -243.16 34.65 16.00
v -243.16 34.65 46.00
v -238.71 35.85 46.00
v -243.16 34.65 16.00
v -246.41 31.40 16.00
v -246.41 31.40 46.00
v -243.16 34.65 46.00
v -246.41 31.40 16.00
v -247.61 26.95 16.00
v -247.61 26.95 46.00
v -246.41 31.40 46.00
v -247.61 26.95 16.00
v -246.41 22.50 16.00
v -246.41 22.50 46.00
v -247.61 26.95 46.00
v -246.41 22.50 16.00
v -243.16 19.24 16.00
v -243.16 19.24 46.00
v -246.41 22.50 46.00
v -243.16 19.24 16.00
v -238.71 18.05 16.00
v -238.71 18.05 46.00
v -243.16 19.24 46.00
v -238.71 18.05 16.00
v -234.26 19.24 16.00
v -234.26 19.24 46.00
v -238.71 18.05 46.00
v -234.26 19.24 16.00
v -231.00 22.50 16.00
v -231.00 22.50 46.00
v -234.26 19.24 46.00
v -231.00 22.50 16.00
v -229.81 26.95 16.00
v -229.81 26.95 46.00
v -231.00 22.50 46.00
v -229.81 26.95 46.00
v -231.00 31.40 46.00
v -234.26 34.65 46.00
v -238.71 35.85 46.00
v -243.16 34.65 46.00
v -246.41 31.40 46.00
v -247.61 26.95 46.00
v -246.41 22.50 46.00
v -243.16 19.24 46.00
v -238.71 18.05 46.00
v -234.26 19.24 46.00
v -231.00 22.50 46.00
v -231.27 27.70 42.40
v -229.77 27.70 42.40
v -229.77 26.20 42.40
v -231.27 26.20 42.40
v -231.27 26.20 44.00
v -229.77 26.20 44.00
v -229.77 27.70 44.00
v -231.27 27.70 44.00
v -231.27 26.20 42.40
v -229.77 26.20 42.40
v -229.77 26.20 44.00
v -231.27 26.20 44.00
v -229.77 27.70 42.40
v -231.27 27.70 42.40
v -231.27 27.70 44.00
v -229.77 27.70 44.00
v -231.27 27.70 42.40
v -231.27 26.20 42.40
v -231.27 26.20 44.00
v -231.27 27.70 44.00
v -232.33 30.85 42.40
v -230.98 31.50 42.40
v -230.33 30.15 42.40
v -231.68 29.50 42.40
v -231.68 29.50 44.00
v -230.33 30.15 44.00
v -230.98 31.50 44.00
v -232.33 30.85 44.00
v -231.68 29.50 42.40
v -230.33 30.15 42.40
v -230.33 30.15 44.00
v -231.68 29.50 44.00
v -230.33 30.15 42.40
v -230.98 31.50 42.40
v -230.98 31.50 44.00
v -230.33 30.15 44.00
v -230.98 31.50 42.40
v -232.33 30.85 42.40
v -232.33 30.85 44.00
v -230.98 31.50 44.00
v -232.33 30.85 42.40
v -231.68 29.50 42.40
v -231.68 29.50 44.00
v -232.33 30.85 44.00
v -234.66 33.23 42.40
v -233.72 34.40 42.40
v -232.55 33.47 42.40
v -233.48 32.29 42.40
v -233.48 32.29 44.00
v -232.55 33.47 44.00
v -233.72 34.40 44.00
v -234.66 33.23 44.00
v -233.48 32.29 42.40
v -232.55 33.47 42.40
v -232.55 33.47 44.00
v -233.48 32.29 44.00
v -232.55 33.47 42.40
v -233.72 34.40 42.40
v -233.72 34.40 44.00
v -232.55 33.47 44.00
v -233.72 34.40 42.40
v -234.66 33.23 42.40
v -234.66 33.23 44.00
v -233.72 34.40 44.00
v -234.66 33.23 42.40
v -233.48 32.29 42.40
v -233.48 32.29 44.00
v -234.66 33.23 44.00
v -237.78 34.36 42.40
v -237.45 35.83 42.40
v -235.99 35.49 42.40
v -236.32 34.03 42.40
v -236.32 34.03 44.00
v -235.99 35.49 44.00
v -237.45 35.83 44.00
v -237.78 34.36 44.00
v -236.32 34.03 42.40
v -235.99 35.49 42.40
v -235.99 35.49 44.00
v -236.32 34.03 44.00
v -235.99 35.49 42.40
v -237.45 35.83 42.40
v -237.45 35.83 44.00
v -235.99 35.49 44.00
v -237.45 35.83 42.40
v -237.78 34.36 42.40
v -237.78 34.36 44.00
v -237.45 35.83 44.00
v -237.78 34.36 42.40
v -236.32 34.03 42.40
v -236.32 34.03 44.00
v -237.78 34.36 44.00
v -241.09 34.03 42.40
v -241.43 35.49 42.40
v -239.97 35.83 42.40
v -239.63 34.36 42.40
v -239.63 34.36 44.00
v -239.97 35.83 44.00
v -241.43 35.49 44.00
v -241.09 34.03 44.00
v -239.63 34.36 42.40
v -239.97 35.83 42.40
v -239.97 35.83 44.00
v -239.63 34.36 44.00
v -239.97 35.83 42.40
v -241.43 35.49 42.40
v -241.43 35.49 44.00
v -239.97 35.83 44.00
v -241.43 35.49 42.40
v -241.09 34.03 42.40
v -241.09 34.03 44.00
v -241.43 35.49 44.00
v -241.09 34.03 42.40
v -239.63 34.36 42.40
v -239.63 34.36 44.00
v -241.09 34.03 44.00
v -243.93 32.29 42.40
v -244.87 33.47 42.40
v -243.69 34.40 42.40
v -242.76 33.23 42.40
v -242.76 33.23 44.00
v -243.69 34.40 44.00
v -244.87 33.47 44.00
v -243.93 32.29 44.00
v -242.76 33.23 42.40
v -243.69 34.40 42.40
v -243.69 34.40 44.00
v -242.76 33.23 44.00
v -243.69 34.40 42.40
v -244.87 33.47 42.40
v -244.87 33.47 44.00
v -243.69 34.40 44.00
v -244.87 33.47 42.40
v -243.93 32.29 42.40
v -243.93 32.29 44.00
v -244.87 33.47 44.00
v -243.93 32.29 42.40
v -242.76 33.23 42.40
v -242.76 33.23 44.00
v -243.93 32.29 44.00
v -245.73 29.50 42.40
v -247.09 30.15 42.40
v -246.43 31.50 42.40
v -245.08 30.85 42.40
v -245.08 30.85 44.00
v -246.43 31.50 44.00
v -247.09 30.15 44.00
v -245.73 29.50 44.00
v -245.08 30.85 42.40
v -246.43 31.50 42.40
v -246.43 31.50 44.00
v -245.08 30.85 44.00
v -246.43 31.50 42.40
v -247.09 30.15 42.40
v -247.09 30.15 44.00
v -246.43 31.50 44.00
v -247.09 30.15 42.40
v -245.73 29.50 42.40
v -245.73 29.50 44.00
v -247.09 30.15 44.00
v -245.73 29.50 42.40
v -245.08 30.85 42.40
v -245.08 30.85 44.00
v -245.73 29.50 44.00
v -246.15 26.20 42.40
v -247.65 26.20 42.40
v -247.65 27.70 42.40
v -246.15 27.70 42.40
v -246.15 27.70 44.00
v -247.65 27.70 44.00
v -247.65 26.20 44.00
v -246.15 26.20 44.00
v -246.15 27.70 42.40
v -247.65 27.70 42.40
v -247.65 27.70 44.00
v -246.15 27.70 44.00
v -247.65 27.70 42.40
v -247.65 26.20 42.40
v -247.65 26.20 44.00
v -247.65 27.70 44.00
v -247.65 26.20 42.40
v -246.15 26.20 42.40
v -246.15 26.20 44.00
v -247.65 26.20 44.00
v -246.15 26.20 42.40
v -246.15 27.70 42.40
v -246.15 27.70 44.00
v -246.15 26.20 44.00
v -245.08 23.04 42.40
v -246.43 22.39 42.40
v -247.09 23.74 42.40
v -245.73 24.39 42.40
v -245.73 24.39 44.00
v -247.09 23.74 44.00
v -246.43 22.39 44.00
v -245.08 23.04 44.00
v -245.73 24.39 42.40
v -247.09 23.74 42.40
v -247.09 23.74 44.00
v -245.73 24.39 44.00
v -247.09 23.74 42.40
v -246.43 22.39 42.40
v -246.43 22.39 44.00
v -247.09 23.74 44.00
v -246.43 22.39 42.40
v -245.08 23.04 42.40
v -245.08 23.04 44.00
v -246.43 22.39 44.00
v -245.08 23.04 42.40
v -245.73 24.39 42.40
v -245.73 24.39 44.00
v -245.08 23.04 44.00
v -242.76 20.66 42.40
v -243.69 19.49 42.40
v -244.87 20.43 42.40
v -243.93 21.60 42.40
v -243.93 21.60 44.00
v -244.87 20.43 44.00
v -243.69 19.49 44.00
v -242.76 20.66 44.00
v -243.93 21.60 42.40
v -244.87 20.43 42.40
v -244.87 20.43 44.00
v -243.93 21.60 44.00
v -244.87 20.43 42.40
v -243.69 19.49 42.40
v -243.69 19.49 44.00
v -244.87 20.43 44.00
v -243.69 19.49 42.40
v -242.76 20.66 42.40
v -242.76 20.66 44.00
v -243.69 19.49 44.00
v -242.76 20.66 42.40
v -243.93 21.60 42.40
v -243.93 21.60 44.00
v -242.76 20.66 44.00
v -239.63 19.53 42.40
v -239.97 18.07 42.40
v -241.43 18.40 42.40
v -241.09 19.86 42.40
v -241.09 19.86 44.00
v -241.43 18.40 44.00
v -239.97 18.07 44.00
v -239.63 19.53 44.00
v -241.09 19.86 42.40
v -241.43 18.40 42.40
v -241.43 18.40 44.00
v -241.09 19.86 44.00
v -241.43 18.40 42.40
v -239.97 18.07 42.40
v -239.97 18.07 44.00
v -241.43 18.40 44.00
v -239.97 18.07 42.40
v -239.63 19.53 42.40
v -239.63 19.53 44.00
v -239.97 18.07 44.00
v -239.63 19.53 42.40
v -241.09 19.86 42.40
v -241.09 19.86 44.00
v -239.63 19.53 44.00
v -236.32 19.86 42.40
v -235.99 18.40 42.40
v -237.45 18.07 42.40
v -237.78 19.53 42.40
v -237.78 19.53 44.00
v -237.45 18.07 44.00
v -235.99 18.40 44.00
v -236.32 19.86 44.00
v -237.78 19.53 42.40
v -237.45 18.07 42.40
v -237.45 18.07 44.00
v -237.78 19.53 44.00
v -237.45 18.07 42.40
v -235.99 18.40 42.40
v -235.99 18.40 44.00
v -237.45 18.07 44.00
v -235.99 18.40 42.40
v -236.32 19.86 42.40
v -236.32 19.86 44.00
v -235.99 18.40 44.00
v -236.32 19.86 42.40
v -237.78 19.53 42.40
v -237.78 19.53 44.00
v -236.32 19.86 44.00
v -233.48 21.60 42.40
v -232.55 20.43 42.40
v -233.72 19.49 42.40
v -234.66 20.66 42.40
v -234.66 20.66 44.00
v -233.72 19.49 44.00
v -232.55 20.43 44.00
v -233.48 21.60 44.00
v -234.66 20.66 42.40
v -233.72 19.49 42.40
v -233.72 19.49 44.00
v -234.66 20.66 44.00
v -233.72 19.49 42.40
v -232.55 20.43 42.40
v -232.55 20.43 44.00
v -233.72 19.49 44.00
v -232.55 20.43 42.40
v -233.48 21.60 42.40
v -233.48 21.60 44.00
v -232.55 20.43 44.00
v -233.48 21.60 42.40
v -234.66 20.66 42.40
v -234.66 20.66 44.00
v -233.48 21.60 44.00
v -231.68 24.39 42.40
v -230.33 23.74 42.40
v -230.98 22.39 42.40
v -232.33 23.04 42.40
v -232.33 23.04 44.00
v -230.98 22.39 44.00
v -230.33 23.74 44.00
v -231.68 24.39 44.00
v -232.33 23.04 42.40
v -230.98 22.39 42.40
v -230.98 22.39 44.00
v -232.33 23.04 44.00
v -230.98 22.39 42.40
v -230.33 23.74 42.40
v -230.33 23.74 44.00
v -230.98 22.39 44.00
v -230.33 23.74 42.40
v -231.68 24.39 42.40
v -231.68 24.39 44.00
v -230.33 23.74 44.00
v -231.68 24.39 42.40
v -232.33 23.04 42.40
v -232.33 23.04 44.00
v -231.68 24.39 44.00
v -229.89 31.19 44.00
v -232.60 34.60 44.00
v -232.60 34.60 46.40
v -229.89 31.19 46.40
v -232.60 34.60 44.00
v -236.53 36.49 44.00
v -236.53 36.49 46.40
v -232.60 34.60 46.40
v -236.53 36.49 44.00
v -240.89 36.49 44.00
v -240.89 36.49 46.40
v -236.53 36.49 46.40
v -240.89 36.49 44.00
v -244.81 34.60 44.00
v -244.81 34.60 46.40
v -240.89 36.49 46.40
v -244.81 34.60 44.00
v -247.53 31.19 44.00
v -247.53 31.19 46.40
v -244.81 34.60 46.40
v -247.53 31.19 44.00
v -248.50 26.95 44.00
v -248.50 26.95 46.40
v -247.53 31.19 46.40
v -248.50 26.95 44.00
v -247.53 22.70 44.00
v -247.53 22.70 46.40
v -248.50 26.95 46.40
v -247.53 22.70 44.00
v -244.81 19.29 44.00
v -244.81 19.29 46.40
v -247.53 22.70 46.40
v -244.81 19.29 44.00
v -240.89 17.40 44.00
v -240.89 17.40 46.40
v -244.81 19.29 46.40
v -240.89 17.40 44.00
v -236.53 17.40 44.00
v -236.53 17.40 46.40
v -240.89 17.40 46.40
v -236.53 17.40 44.00
v -232.60 19.29 44.00
v -232.60 19.29 46.40
v -236.53 17.40 46.40
v -232.60 19.29 44.00
v -229.89 22.70 44.00
v -229.89 22.70 46.40
v -232.60 19.29 46.40
v -8.04 -178.12 94.00
v -8.91 -174.87 94.00
v -11.29 -172.49 94.00
v -14.54 -171.62 94.00
v -17.79 -172.49 94.00
v -20.16 -174.87 94.00
v -21.04 -178.12 94.00
v -20.16 -181.37 94.00
v -17.79 -183.75 94.00
v -14.54 -184.62 94.00
v -11.29 -183.75 94.00
v -8.91 -181.37 94.00
v -9.31 -177.37 90.40
v -7.81 -177.37 90.40
v -7.81 -178.87 90.40
v -9.31 -178.87 90.40
v -9.31 -178.87 92.00
v -7.81 -178.87 92.00
v -7.81 -177.37 92.00
v -9.31 -177.37 92.00
v -9.31 -178.87 90.40
v -7.81 -178.87 90.40
v -7.81 -178.87 92.00
v -9.31 -178.87 92.00
v -7.81 -178.87 90.40
v -7.81 -177.37 90.40
v -7.81 -177.37 92.00
v -7.81 -178.87 92.00
v -7.81 -177.37 90.40
v -9.31 -177.37 90.40
v -9.31 -177.37 92.00
v -7.81 -177.37 92.00
v -9.31 -177.37 90.40
v -9.31 -178.87 90.40
v -9.31 -178.87 92.00
v -9.31 -177.37 92.00
v -10.15 -175.18 90.40
v -8.80 -174.53 90.40
v -8.15 -175.88 90.40
v -9.50 -176.53 90.40
v -9.50 -176.53 92.00
v -8.15 -175.88 92.00
v -8.80 -174.53 92.00
v -10.15 -175.18 92.00
v -9.50 -176.53 90.40
v -8.15 -175.88 90.40
v -8.15 -175.88 92.00
v -9.50 -176.53 92.00
v -8.15 -175.88 90.40
v -8.80 -174.53 90.40
v -8.80 -174.53 92.00
v -8.15 -175.88 92.00
v -8.80 -174.53 90.40
v -10.15 -175.18 90.40
v -10.15 -175.18 92.00
v -8.80 -174.53 92.00
v -10.15 -175.18 90.40
v -9.50 -176.53 90.40
v -9.50 -176.53 92.00
v -10.15 -175.18 92.00
v -11.86 -173.57 90.40
v -10.93 -172.39 90.40
v -9.75 -173.33 90.40
v -10.69 -174.50 90.40
v -10.69 -174.50 92.00
v -9.75 -173.33 92.00
v -10.93 -172.39 92.00
v -11.86 -173.57 92.00
v -10.69 -174.50 90.40
v -9.75 -173.33 90.40
v -9.75 -173.33 92.00
v -10.69 -174.50 92.00
v -9.75 -173.33 90.40
v -10.93 -172.39 90.40
v -10.93 -172.39 92.00
v -9.75 -173.33 92.00
v -10.93 -172.39 90.40
v -11.86 -173.57 90.40
v -11.86 -173.57 92.00
v -10.93 -172.39 92.00
v -11.86 -173.57 90.40
v -10.69 -174.50 90.40
v -10.69 -174.50 92.00
v -11.86 -173.57 92.00
v -14.10 -172.86 90.40
v -13.77 -171.40 90.40
v -12.31 -171.73 90.40
v -12.64 -173.19 90.40
v -12.64 -173.19 92.00
v -12.31 -171.73 92.00
v -13.77 -171.40 92.00
v -14.10 -172.86 92.00
v -12.64 -173.19 90.40
v -12.31 -171.73 90.40
v -12.31 -171.73 92.00
v -12.64 -173.19 92.00
v -12.31 -171.73 90.40
v -13.77 -171.40 90.40
v -13.77 -171.40 92.00
v -12.31 -171.73 92.00
v -13.77 -171.40 90.40
v -14.10 -172.86 90.40
v -14.10 -172.86 92.00
v -13.77 -171.40 92.00
v -14.10 -172.86 90.40
v -12.64 -173.19 90.40
v -12.64 -173.19 92.00
v -14.10 -172.86 92.00
v -16.43 -173.19 90.40
v -16.76 -171.73 90.40
v -15.30 -171.40 90.40
v -14.97 -172.86 90.40
v -14.97 -172.86 92.00
v -15.30 -171.40 92.00
v -16.76 -171.73 92.00
v -16.43 -173.19 92.00
v -14.97 -172.86 90.40
v -15.30 -171.40 90.40
v -15.30 -171.40 92.00
v -14.97 -172.86 92.00
v -15.30 -171.40 90.40
v -16.76 -171.73 90.40
v -16.76 -171.73 92.00
v -15.30 -171.40 92.00
v -16.76 -171.73 90.40
v -16.43 -173.19 90.40
v -16.43 -173.19 92.00
v -16.76 -171.73 92.00
v -16.43 -173.19 90.40
v -14.97 -172.86 90.40
v -14.97 -172.86 92.00
v -16.43 -173.19 92.00
v -18.38 -174.50 90.40
v -19.32 -173.33 90.40
v -18.14 -172.39 90.40
v -17.21 -173.57 90.40
v -17.21 -173.57 92.00
v -18.14 -172.39 92.00
v -19.32 -173.33 92.00
v -18.38 -174.50 92.00
v -17.21 -173.57 90.40
v -18.14 -172.39 90.40
v -18.14 -172.39 92.00
v -17.21 -173.57 92.00
v -18.14 -172.39 90.40
v -19.32 -173.33 90.40
v -19.32 -173.33 92.00
v -18.14 -172.39 92.00
v -19.32 -173.33 90.40
v -18.38 -174.50 90.40
v -18.38 -174.50 92.00
v -19.32 -173.33 92.00
v -18.38 -174.50 90.40
v -17.21 -173.57 90.40
v -17.21 -173.57 92.00
v -18.38 -174.50 92.00
v -19.57 -176.53 90.40
v -20.93 -175.88 90.40
v -20.27 -174.53 90.40
v -18.92 -175.18 90.40
v -18.92 -175.18 92.00
v -20.27 -174.53 92.00
v -20.93 -175.88 92.00
v -19.57 -176.53 92.00
v -18.92 -175.18 90.40
v -20.27 -174.53 90.40
v -20.27 -174.53 92.00
v -18.92 -175.18 92.00
v -20.27 -174.53 90.40
v -20.93 -175.88 90.40
v -20.93 -175.88 92.00
v -20.27 -174.53 92.00
v -20.93 -175.88 90.40
v -19.57 -176.53 90.40
v -19.57 -176.53 92.00
v -20.93 -175.88 92.00
v -19.57 -176.53 90.40
v -18.92 -175.18 90.40
v -18.92 -175.18 92.00
v -19.57 -176.53 92.00
v -19.77 -178.87 90.40
v -21.27 -178.87 90.40
v -21.27 -177.37 90.40
v -19.77 -177.37 90.40
v -19.77 -177.37 92.00
v -21.27 -177.37 92.00
v -21.27 -178.87 92.00
v -19.77 -178.87 92.00
v -19.77 -177.37 90.40
v -21.27 -177.37 90.40
v -21.27 -177.37 92.00
v -19.77 -177.37 92.00
v -21.27 -177.37 90.40
v -21.27 -178.87 90.40
v -21.27 -178.87 92.00
v -21.27 -177.37 92.00
v -21.27 -178.87 90.40
v -19.77 -178.87 90.40
v -19.77 -178.87 92.00
v -21.27 -178.87 92.00
v -19.77 -178.87 90.40
v -19.77 -177.37 90.40
v -19.77 -177.37 92.00
v -19.77 -178.87 92.00
v -18.92 -181.07 90.40
v -20.27 -181.72 90.40
v -20.93 -180.37 90.40
v -19.57 -179.72 90.40
v -19.57 -179.72 92.00
v -20.93 -180.37 92.00
v -20.27 -181.72 92.00
v -18.92 -181.07 92.00
v -19.57 -179.72 90.40
v -20.93 -180.37 90.40
v -20.93 -180.37 92.00
v -19.57 -179.72 92.00
v -20.93 -180.37 90.40
v -20.27 -181.72 90.40
v -20.27 -181.72 92.00
v -20.93 -180.37 92.00
v -20.27 -181.72 90.40
v -18.92 -181.07 90.40
v -18.92 -181.07 92.00
v -20.27 -181.72 92.00
v -18.92 -181.07 90.40
v -19.57 -179.72 90.40
v -19.57 -179.72 92.00
v -18.92 -181.07 92.00
v -17.21 -182.68 90.40
v -18.14 -183.85 90.40
v -19.32 -182.92 90.40
v -18.38 -181.75 90.40
v -18.38 -181.75 92.00
v -19.32 -182.92 92.00
v -18.14 -183.85 92.00
v -17.21 -182.68 92.00
v -18.38 -181.75 90.40
v -19.32 -182.92 90.40
v -19.32 -182.92 92.00
v -18.38 -181.75 92.00
v -19.32 -182.92 90.40
v -18.14 -183.85 90.40
v -18.14 -183.85 92.00
v -19.32 -182.92 92.00
v -18.14 -183.85 90.40
v -17.21 -182.68 90.40
v -17.21 -182.68 92.00
v -18.14 -183.85 92.00
v -17.21 -182.68 90.40
v -18.38 -181.75 90.40
v -18.38 -181.75 92.00
v -17.21 -182.68 92.00
v -14.97 -183.39 90.40
v -15.30 -184.85 90.40
v -16.76 -184.52 90.40
v -16.43 -183.06 90.40
v -16.43 -183.06 92.00
v -16.76 -184.52 92.00
v -15.30 -184.85 92.00
v -14.97 -183.39 92.00
v -16.43 -183.06 90.40
v -16.76 -184.52 90.40
v -16.76 -184.52 92.00
v -16.43 -183.06 92.00
v -16.76 -184.52 90.40
v -15.30 -184.85 90.40
v -15.30 -184.85 92.00
v -16.76 -184.52 92.00
v -15.30 -184.85 90.40
v -14.97 -183.39 90.40
v -14.97 -183.39 92.00
v -15.30 -184.85 92.00
v -14.97 -183.39 90.40
v -16.43 -183.06 90.40
v -16.43 -183.06 92.00
v -14.97 -183.39 92.00
v -12.64 -183.06 90.40
v -12.31 -184.52 90.40
v -13.77 -184.85 90.40
v -14.10 -183.39 90.40
v -14.10 -183.39 92.00
v -13.77 -184.85 92.00
v -12.31 -184.52 92.00
v -12.64 -183.06 92.00
v -14.10 -183.39 90.40
v -13.77 -184.85 90.40
v -13.77 -184.85 92.00
v -14.10 -183.39 92.00
v -13.77 -184.85 90.40
v -12.31 -184.52 90.40
v -12.31 -184.52 92.00
v -13.77 -184.85 92.00
v -12.31 -184.52 90.40
v -12.64 -183.06 90.40
v -12.64 -183.06 92.00
v -12.31 -184.52 92.00
v -12.64 -183.06 90.40
v -14.10 -183.39 90.40
v -14.10 -183.39 92.00
v -12.64 -183.06 92.00
v -10.69 -181.75 90.40
v -9.75 -182.92 90.40
v -10.93 -183.85 90.40
v -11.86 -182.68 90.40
v -11.86 -182.68 92.00
v -10.93 -183.85 92.00
v -9.75 -182.92 92.00
v -10.69 -181.75 92.00
v -11.86 -182.68 90.40
v -10.93 -183.85 90.40
v -10.93 -183.85 92.00
v -11.86 -182.68 92.00
v -10.93 -183.85 90.40
v -9.75 -182.92 90.40
v -9.75 -182.92 92.00
v -10.93 -183.85 92.00
v -9.75 -182.92 90.40
v -10.69 -181.75 90.40
v -10.69 -181.75 92.00
v -9.75 -182.92 92.00
v -10.69 -181.75 90.40
v -11.86 -182.68 90.40
v -11.86 -182.68 92.00
v -10.69 -181.75 92.00
v -9.50 -179.72 90.40
v -8.15 -180.37 90.40
v -8.80 -181.72 90.40
v -10.15 -181.07 90.40
v -10.15 -181.07 92.00
v -8.80 -181.72 92.00
v -8.15 -180.37 92.00
v -9.50 -179.72 92.00
v -10.15 -181.07 90.40
v -8.80 -181.72 90.40
v -8.80 -181.72 92.00
v -10.15 -181.07 92.00
v -8.80 -181.72 90.40
v -8.15 -180.37 90.40
v -8.15 -180.37 92.00
v -8.80 -181.72 92.00
v -8.15 -180.37 90.40
v -9.50 -179.72 90.40
v -9.50 -179.72 92.00
v -8.15 -180.37 92.00
v -9.50 -179.72 90.40
v -10.15 -181.07 90.40
v -10.15 -181.07 92.00
v -9.50 -179.72 92.00
v -7.39 -178.12 92.00
v -8.09 -175.02 92.00
v -8.09 -175.02 94.40
v -7.39 -178.12 94.40
v -8.09 -175.02 92.00
v -10.08 -172.53 92.00
v -10.08 -172.53 94.40
v -8.09 -175.02 94.40
v -10.08 -172.53 92.00
v -12.95 -171.15 92.00
v -12.95 -171.15 94.40
v -10.08 -172.53 94.40
v -12.95 -171.15 92.00
v -16.13 -171.15 92.00
v -16.13 -171.15 94.40
v -12.95 -171.15 94.40
v -16.13 -171.15 92.00
v -18.99 -172.53 92.00
v -18.99 -172.53 94.40
v -16.13 -171.15 94.40
v -18.99 -172.53 92.00
v -20.98 -175.02 92.00
v -20.98 -175.02 94.40
v -18.99 -172.53 94.40
v -20.98 -175.02 92.00
v -21.69 -178.12 92.00
v -21.69 -178.12 94.40
v -20.98 -175.02 94.40
v -21.69 -178.12 92.00
v -20.98 -181.23 92.00
v -20.98 -181.23 94.40
v -21.69 -178.12 94.40
v -20.98 -181.23 92.00
v -18.99 -183.71 92.00
v -18.99 -183.71 94.40
v -20.98 -181.23 94.40
v -18.99 -183.71 92.00
v -16.13 -185.09 92.00
v -16.13 -185.09 94.40
v -18.99 -183.71 94.40
v -16.13 -185.09 92.00
v -12.95 -185.09 92.00
v -12.95 -185.09 94.40
v -16.13 -185.09 94.40
v -12.95 -185.09 92.00
v -10.08 -183.71 92.00
v -10.08 -183.71 94.40
v -12.95 -185.09 94.40
v -10.08 -183.71 92.00
v -8.09 -181.23 92.00
v -8.09 -181.23 94.40
v -10.08 -183.71 94.40
v -8.09 -181.23 92.00
v -7.39 -178.12 92.00
v -7.39 -178.12 94.40
v -8.09 -181.23 94.40
v 122.28 -184.22 94.00
v 121.09 -179.77 94.00
v 117.83 -176.51 94.00
v 113.38 -175.32 94.00
v 108.93 -176.51 94.00
v 105.67 -179.77 94.00
v 104.48 -184.22 94.00
v 105.67 -188.67 94.00
v 108.93 -191.93 94.00
v 113.38 -193.12 94.00
v 117.83 -191.93 94.00
v 121.09 -188.67 94.00
v 120.82 -183.47 90.40
v 122.32 -183.47 90.40
v 122.32 -184.97 90.40
v 120.82 -184.97 90.40
v 120.82 -184.97 92.00
v 122.32 -184.97 92.00
v 122.32 -183.47 92.00
v 120.82 -183.47 92.00
v 120.82 -184.97 90.40
v 122.32 -184.97 90.40
v 122.32 -184.97 92.00
v 120.82 -184.97 92.00
v 122.32 -184.97 90.40
v 122.32 -183.47 90.40
v 122.32 -183.47 92.00
v 122.32 -184.97 92.00
v 122.32 -183.47 90.40
v 120.82 -183.47 90.40
v 120.82 -183.47 92.00
v 122.32 -183.47 92.00
v 120.82 -183.47 90.40
v 120.82 -184.97 90.40
v 120.82 -184.97 92.00
v 120.82 -183.47 92.00
v 119.76 -180.32 90.40
v 121.11 -179.67 90.40
v 121.76 -181.02 90.40
v 120.41 -181.67 90.40
v 120.41 -181.67 92.00
v 121.76 -181.02 92.00
v 121.11 -179.67 92.00
v 119.76 -180.32 92.00
v 120.41 -181.67 90.40
v 121.76 -181.02 90.40
v 121.76 -181.02 92.00
v 120.41 -181.67 92.00
v 121.76 -181.02 90.40
v 121.11 -179.67 90.40
v 121.11 -179.67 92.00
v 121.76 -181.02 92.00
v 121.11 -179.67 90.40
v 119.76 -180.32 90.40
v 119.76 -180.32 92.00
v 121.11 -179.67 92.00
v 119.76 -180.32 90.40
v 120.41 -181.67 90.40
v 120.41 -181.67 92.00
v 119.76 -180.32 92.00
v 117.43 -177.94 90.40
v 118.37 -176.77 90.40
v 119.54 -177.70 90.40
v 118.61 -178.87 90.40
v 118.61 -178.87 92.00
v 119.54 -177.70 92.00
v 118.37 -176.77 92.00
v 117.43 -177.94 92.00
v 118.61 -178.87 90.40
v 119.54 -177.70 90.40
v 119.54 -177.70 92.00
v 118.61 -178.87 92.00
v 119.54 -177.70 90.40
v 118.37 -176.77 90.40
v 118.37 -176.77 92.00
v 119.54 -177.70 92.00
v 118.37 -176.77 90.40
v 117.43 -177.94 90.40
v 117.43 -177.94 92.00
v 118.37 -176.77 92.00
v 117.43 -177.94 90.40
v 118.61 -178.87 90.40
v 118.61 -178.87 92.00
v 117.43 -177.94 92.00
v 114.31 -176.80 90.40
v 114.64 -175.34 90.40
v 116.10 -175.68 90.40
v 115.77 -177.14 90.40
v 115.77 -177.14 92.00
v 116.10 -175.68 92.00
v 114.64 -175.34 92.00
v 114.31 -176.80 92.00
v 115.77 -177.14 90.40
v 116.10 -175.68 90.40
v 116.10 -175.68 92.00
v 115.77 -177.14 92.00
v 116.10 -175.68 90.40
v 114.64 -175.34 90.40
v 114.64 -175.34 92.00
v 116.10 -175.68 92.00
v 114.64 -175.34 90.40
v 114.31 -176.80 90.40
v 114.31 -176.80 92.00
v 114.64 -175.34 92.00
v 114.31 -176.80 90.40
v 115.77 -177.14 90.40
v 115.77 -177.14 92.00
v 114.31 -176.80 92.00
v 111.00 -177.14 90.40
v 110.66 -175.68 90.40
v 112.12 -175.34 90.40
v 112.46 -176.80 90.40
v 112.46 -176.80 92.00
v 112.12 -175.34 92.00
v 110.66 -175.68 92.00
v 111.00 -177.14 92.00
v 112.46 -176.80 90.40
v 112.12 -175.34 90.40
v 112.12 -175.34 92.00
v 112.46 -176.80 92.00
v 112.12 -175.34 90.40
v 110.66 -175.68 90.40
v 110.66 -175.68 92.00
v 112.12 -175.34 92.00
v 110.66 -175.68 90.40
v 111.00 -177.14 90.40
v 111.00 -177.14 92.00
v 110.66 -175.68 92.00
v 111.00 -177.14 90.40
v 112.46 -176.80 90.40
v 112.46 -176.80 92.00
v 111.00 -177.14 92.00
v 108.16 -178.87 90.40
v 107.22 -177.70 90.40
v 108.39 -176.77 90.40
v 109.33 -177.94 90.40
v 109.33 -177.94 92.00
v 108.39 -176.77 92.00
v 107.22 -177.70 92.00
v 108.16 -178.87 92.00
v 109.33 -177.94 90.40
v 108.39 -176.77 90.40
v 108.39 -176.77 92.00
v 109.33 -177.94 92.00
v 108.39 -176.77 90.40
v 107.22 -177.70 90.40
v 107.22 -177.70 92.00
v 108.39 -176.77 92.00
v 107.22 -177.70 90.40
v 108.16 -178.87 90.40
v 108.16 -178.87 92.00
v 107.22 -177.70 92.00
v 108.16 -178.87 90.40
v 109.33 -177.94 90.40
v 109.33 -177.94 92.00
v 108.16 -178.87 92.00
v 106.36 -181.67 90.40
v 105.00 -181.02 90.40
v 105.65 -179.67 90.40
v 107.00 -180.32 90.40
v 107.00 -180.32 92.00
v 105.65 -179.67 92.00
v 105.00 -181.02 92.00
v 106.36 -181.67 92.00
v 107.00 -180.32 90.40
v 105.65 -179.67 90.40
v 105.65 -179.67 92.00
v 107.00 -180.32 92.00
v 105.65 -179.67 90.40
v 105.00 -181.02 90.40
v 105.00 -181.02 92.00
v 105.65 -179.67 92.00
v 105.00 -181.02 90.40
v 106.36 -181.67 90.40
v 106.36 -181.67 92.00
v 105.00 -181.02 92.00
v 106.36 -181.67 90.40
v 107.00 -180.32 90.40
v 107.00 -180.32 92.00
v 106.36 -181.67 92.00
v 105.94 -184.97 90.40
v 104.44 -184.97 90.40
v 104.44 -183.47 90.40
v 105.94 -183.47 90.40
v 105.94 -183.47 92.00
v 104.44 -183.47 92.00
v 104.44 -184.97 92.00
v 105.94 -184.97 92.00
v 105.94 -183.47 90.40
v 104.44 -183.47 90.40
v 104.44 -183.47 92.00
v 105.94 -183.47 92.00
v 104.44 -183.47 90.40
v 104.44 -184.97 90.40
v 104.44 -184.97 92.00
v 104.44 -183.47 92.00
v 104.44 -184.97 90.40
v 105.94 -184.97 90.40
v 105.94 -184.97 92.00
v 104.44 -184.97 92.00
v 105.94 -184.97 90.40
v 105.94 -183.47 90.40
v 105.94 -183.47 92.00
v 105.94 -184.97 92.00
v 107.00 -188.12 90.40
v 105.65 -188.78 90.40
v 105.00 -187.42 90.40
v 106.36 -186.77 90.40
v 106.36 -186.77 92.00
v 105.00 -187.42 92.00
v 105.65 -188.78 92.00
v 107.00 -188.12 92.00
v 106.36 -186.77 90.40
v 105.00 -187.42 90.40
v 105.00 -187.42 92.00
v 106.36 -186.77 92.00
v 105.00 -187.42 90.40
v 105.65 -188.78 90.40
v 105.65 -188.78 92.00
v 105.00 -187.42 92.00
v 105.65 -188.78 90.40
v 107.00 -188.12 90.40
v 107.00 -188.12 92.00
v 105.65 -188.78 92.00
v 107.00 -188.12 90.40
v 106.36 -186.77 90.40
v 106.36 -186.77 92.00
v 107.00 -188.12 92.00
v 109.33 -190.50 90.40
v 108.39 -191.68 90.40
v 107.22 -190.74 90.40
v 108.16 -189.57 90.40
v 108.16 -189.57 92.00
v 107.22 -190.74 92.00
v 108.39 -191.68 92.00
v 109.33 -190.50 92.00
v 108.16 -189.57 90.40
v 107.22 -190.74 90.40
v 107.22 -190.74 92.00
v 108.16 -189.57 92.00
v 107.22 -190.74 90.40
v 108.39 -191.68 90.40
v 108.39 -191.68 92.00
v 107.22 -190.74 92.00
v 108.39 -191.68 90.40
v 109.33 -190.50 90.40
v 109.33 -190.50 92.00
v 108.39 -191.68 92.00
v 109.33 -190.50 90.40
v 108.16 -189.57 90.40
v 108.16 -189.57 92.00
v 109.33 -190.50 92.00
v 112.46 -191.64 90.40
v 112.12 -193.10 90.40
v 110.66 -192.77 90.40
v 111.00 -191.31 90.40
v 111.00 -191.31 92.00
v 110.66 -192.77 92.00
v 112.12 -193.10 92.00
v 112.46 -191.64 92.00
v 111.00 -191.31 90.40
v 110.66 -192.77 90.40
v 110.66 -192.77 92.00
v 111.00 -191.31 92.00
v 110.66 -192.77 90.40
v 112.12 -193.10 90.40
v 112.12 -193.10 92.00
v 110.66 -192.77 92.00
v 112.12 -193.10 90.40
v 112.46 -191.64 90.40
v 112.46 -191.64 92.00
v 112.12 -193.10 92.00
v 112.46 -191.64 90.40
v 111.00 -191.31 90.40
v 111.00 -191.31 92.00
v 112.46 -191.64 92.00
v 115.77 -191.31 90.40
v 116.10 -192.77 90.40
v 114.64 -193.10 90.40
v 114.31 -191.64 90.40
v 114.31 -191.64 92.00
v 114.64 -193.10 92.00
v 116.10 -192.77 92.00
v 115.77 -191.31 92.00
v 114.31 -191.64 90.40
v 114.64 -193.10 90.40
v 114.64 -193.10 92.00
v 114.31 -191.64 92.00
v 114.64 -193.10 90.40
v 116.10 -192.77 90.40
v 116.10 -192.77 92.00
v 114.64 -193.10 92.00
v 116.10 -192.77 90.40
v 115.77 -191.31 90.40
v 115.77 -191.31 92.00
v 116.10 -192.77 92.00
v 115.77 -191.31 90.40
v 114.31 -191.64 90.40
v 114.31 -191.64 92.00
v 115.77 -191.31 92.00
v 118.61 -189.57 90.40
v 119.54 -190.74 90.40
v 118.37 -191.68 90.40
v 117.43 -190.50 90.40
v 117.43 -190.50 92.00
v 118.37 -191.68 92.00
v 119.54 -190.74 92.00
v 118.61 -189.57 92.00
v 117.43 -190.50 90.40
v 118.37 -191.68 90.40
v 118.37 -191.68 92.00
v 117.43 -190.50 92.00
v 118.37 -191.68 90.40
v 119.54 -190.74 90.40
v 119.54 -190.74 92.00
v 118.37 -191.68 92.00
v 119.54 -190.74 90.40
v 118.61 -189.57 90.40
v 118.61 -189.57 92.00
v 119.54 -190.74 92.00
v 118.61 -189.57 90.40
v 117.43 -190.50 90.40
v 117.43 -190.50 92.00
v 118.61 -189.57 92.00
v 120.41 -186.77 90.40
v 121.76 -187.42 90.40
v 121.11 -188.78 90.40
v 119.76 -188.12 90.40
v 119.76 -188.12 92.00
v 121.11 -188.78 92.00
v 121.76 -187.42 92.00
v 120.41 -186.77 92.00
v 119.76 -188.12 90.40
v 121.11 -188.78 90.40
v 121.11 -188.78 92.00
v 119.76 -188.12 92.00
v 121.11 -188.78 90.40
v 121.76 -187.42 90.40
v 121.76 -187.42 92.00
v 121.11 -188.78 92.00
v 121.76 -187.42 90.40
v 120.41 -186.77 90.40
v 120.41 -186.77 92.00
v 121.76 -187.42 92.00
v 120.41 -186.77 90.40
v 119.76 -188.12 90.40
v 119.76 -188.12 92.00
v 120.41 -186.77 92.00
v 123.17 -184.22 92.00
v 122.20 -179.97 92.00
v 122.20 -179.97 94.40
v 123.17 -184.22 94.40
v 122.20 -179.97 92.00
v 119.48 -176.57 92.00
v 119.48 -176.57 94.40
v 122.20 -179.97 94.40
v 119.48 -176.57 92.00
v 115.56 -174.68 92.00
v 115.56 -174.68 94.40
v 119.48 -176.57 94.40
v 115.56 -174.68 92.00
v 111.20 -174.68 92.00
v 111.20 -174.68 94.40
v 115.56 -174.68 94.40
v 111.20 -174.68 92.00
v 107.28 -176.57 92.00
v 107.28 -176.57 94.40
v 111.20 -174.68 94.40
v 107.28 -176.57 92.00
v 104.56 -179.97 92.00
v 104.56 -179.97 94.40
v 107.28 -176.57 94.40
v 104.56 -179.97 92.00
v 103.59 -184.22 92.00
v 103.59 -184.22 94.40
v 104.56 -179.97 94.40
v 103.59 -184.22 92.00
v 104.56 -188.47 92.00
v 104.56 -188.47 94.40
v 103.59 -184.22 94.40
v 104.56 -188.47 92.00
v 107.28 -191.88 92.00
v 107.28 -191.88 94.40
v 104.56 -188.47 94.40
v 107.28 -191.88 92.00
v 111.20 -193.77 92.00
v 111.20 -193.77 94.40
v 107.28 -191.88 94.40
v 111.20 -193.77 92.00
v 115.56 -193.77 92.00
v 115.56 -193.77 94.40
v 111.20 -193.77 94.40
v 115.56 -193.77 92.00
v 119.48 -191.88 92.00
v 119.48 -191.88 94.40
v 115.56 -193.77 94.40
v 119.48 -191.88 92.00
v 122.20 -188.47 92.00
v 122.20 -188.47 94.40
v 119.48 -191.88 94.40
v 122.20 -188.47 92.00
v 123.17 -184.22 92.00
v 123.17 -184.22 94.40
v 122.20 -188.47 94.40
v -8.61 -169.51 91.64
v -7.64 -170.04 91.64
v -7.11 -169.08 91.64
v -8.07 -168.54 91.64
v -8.61 -169.51 88.44
v -7.64 -170.04 88.44
v -7.64 -170.04 91.64
v -8.61 -169.51 91.64
v -7.64 -170.04 88.44
v -7.11 -169.08 88.44
v -7.11 -169.08 91.64
v -7.64 -170.04 91.64
v -7.11 -169.08 88.44
v -8.07 -168.54 88.44
v -8.07 -168.54 91.64
v -7.11 -169.08 91.64
v -8.07 -168.54 88.44
v -8.61 -169.51 88.44
v -8.61 -169.51 91.64
v -8.07 -168.54 91.64

usemtl mat_slate
v -227.14 26.95 48.00
v -228.69 32.73 48.00
v -238.71 26.95 64.47
v -228.69 32.73 48.00
v -232.92 36.97 48.00
v -238.71 26.95 64.47
v -232.92 36.97 48.00
v -238.71 38.52 48.00
v -238.71 26.95 64.47
v -238.71 38.52 48.00
v -244.49 36.97 48.00
v -238.71 26.95 64.47
v -244.49 36.97 48.00
v -248.73 32.73 48.00
v -238.71 26.95 64.47
v -248.73 32.73 48.00
v -250.28 26.95 48.00
v -238.71 26.95 64.47
v -250.28 26.95 48.00
v -248.73 21.16 48.00
v -238.71 26.95 64.47
v -248.73 21.16 48.00
v -244.49 16.93 48.00
v -238.71 26.95 64.47
v -244.49 16.93 48.00
v -238.71 15.38 48.00
v -238.71 26.95 64.47
v -238.71 15.38 48.00
v -232.92 16.93 48.00
v -238.71 26.95 64.47
v -232.92 16.93 48.00
v -228.69 21.16 48.00
v -238.71 26.95 64.47
v -228.69 21.16 48.00
v -227.14 26.95 48.00
v -238.71 26.95 64.47

usemtl mat_gilded
v -238.31 26.95 64.47
v -238.51 27.29 64.47
v -238.51 27.29 68.47
v -238.31 26.95 68.47
v -238.51 27.29 64.47
v -238.91 27.29 64.47
v -238.91 27.29 68.47
v -238.51 27.29 68.47
v -238.91 27.29 64.47
v -239.11 26.95 64.47
v -239.11 26.95 68.47
v -238.91 27.29 68.47
v -239.11 26.95 64.47
v -238.91 26.60 64.47
v -238.91 26.60 68.47
v -239.11 26.95 68.47
v -238.91 26.60 64.47
v -238.51 26.60 64.47
v -238.51 26.60 68.47
v -238.91 26.60 68.47
v -238.51 26.60 64.47
v -238.31 26.95 64.47
v -238.31 26.95 68.47
v -238.51 26.60 68.47
v -238.31 26.95 68.47
v -238.51 27.29 68.47
v -238.91 27.29 68.47
v -239.11 26.95 68.47
v -238.91 26.60 68.47
v -238.51 26.60 68.47
v -181.28 4.00 90.47
v -181.48 4.34 90.47
v -181.88 4.34 90.47
v -182.08 4.00 90.47
v -181.88 3.65 90.47
v -181.48 3.65 90.47
v 113.19 -242.53 90.47
v 112.99 -242.19 90.47
v 112.59 -242.19 90.47
v 112.39 -242.53 90.47
v 112.59 -242.88 90.47
v 112.99 -242.88 90.47

usemtl mat_terracotta
v -7.94 -176.45 88.44
v -16.61 -171.65 88.44
v -12.28 -174.05 94.37
v -8.38 -167.00 94.37
v -12.28 -174.05 94.37
v -12.71 -164.60 88.44
v -4.04 -169.41 88.44
v -8.38 -167.00 94.37
v -16.61 -171.65 88.44
v -12.71 -164.60 88.44
v -12.28 -174.05 94.37
v -7.94 -176.45 88.44
v -8.38 -167.00 94.37
v -4.04 -169.41 88.44

usemtl mat_foam
v -116.76 -87.43 0.40
v -84.76 -87.43 0.40
v -84.76 -117.43 0.40
v -116.76 -117.43 0.40
v -116.76 -117.43 3.20
v -84.76 -117.43 3.20
v -84.76 -87.43 3.20
v -116.76 -87.43 3.20
v -116.76 -117.43 0.40
v -84.76 -117.43 0.40
v -84.76 -117.43 3.20
v -116.76 -117.43 3.20
v -84.76 -117.43 0.40
v -84.76 -87.43 0.40
v -84.76 -87.43 3.20
v -84.76 -117.43 3.20
v -84.76 -87.43 0.40
v -116.76 -87.43 0.40
v -116.76 -87.43 3.20
v -84.76 -87.43 3.20
v -116.76 -87.43 0.40
v -116.76 -117.43 0.40
v -116.76 -117.43 3.20
v -116.76 -87.43 3.20

usemtl mat_water
v -8470.59 -0.00 -18.00
v -9000.00 -0.00 -18.00
v -9000.00 -0.00 0.00
v -8470.59 -0.00 0.00
v -9000.00 529.41 -18.00
v -8470.59 529.41 -18.00
v -8470.59 0.00 -18.00
v -9000.00 0.00 -18.00
v -9000.00 0.00 0.00
v -8470.59 0.00 0.00
v -8470.59 529.41 0.00
v -9000.00 529.41 0.00
v -9000.00 0.00 -18.00
v -8470.59 0.00 -18.00
v -8470.59 0.00 0.00
v -9000.00 0.00 0.00
v -8470.59 0.00 -18.00
v -8470.59 529.41 -18.00
v -8470.59 529.41 0.00
v -8470.59 0.00 0.00
v -8470.59 529.41 -18.00
v -9000.00 529.41 -18.00
v -9000.00 529.41 0.00
v -8470.59 529.41 0.00
v -9000.00 529.41 -18.00
v -9000.00 0.00 -18.00
v -9000.00 0.00 0.00
v -9000.00 529.41 0.00
v -9000.00 1058.82 -18.00
v -8470.59 1058.82 -18.00
v -8470.59 529.41 -18.00
v -9000.00 529.41 -18.00
v -9000.00 529.41 0.00
v -8470.59 529.41 0.00
v -8470.59 1058.82 0.00
v -9000.00 1058.82 0.00
v -9000.00 529.41 -18.00
v -8470.59 529.41 -18.00
v -8470.59 529.41 0.00
v -9000.00 529.41 0.00
v -8470.59 529.41 -18.00
v -8470.59 1058.82 -18.00
v -8470.59 1058.82 0.00
v -8470.59 529.41 0.00
v -8470.59 1058.82 -18.00
v -9000.00 1058.82 -18.00
v -9000.00 1058.82 0.00
v -8470.59 1058.82 0.00
v -9000.00 1058.82 -18.00
v -9000.00 529.41 -18.00
v -9000.00 529.41 0.00
v -9000.00 1058.82 0.00
v -9000.00 1588.23 -18.00
v -8470.59 1588.23 -18.00
v -8470.59 1058.82 -18.00
v -9000.00 1058.82 -18.00
v -9000.00 1058.82 0.00
v -8470.59 1058.82 0.00
v -8470.59 1588.23 0.00
v -9000.00 1588.23 0.00
v -9000.00 1058.82 -18.00
v -8470.59 1058.82 -18.00
v -8470.59 1058.82 0.00
v -9000.00 1058.82 0.00
v -8470.59 1058.82 -18.00
v -8470.59 1588.23 -18.00
v -8470.59 1588.23 0.00
v -8470.59 1058.82 0.00
v -8470.59 1588.23 -18.00
v -9000.00 1588.23 -18.00
v -9000.00 1588.23 0.00
v -8470.59 1588.23 0.00
v -9000.00 1588.23 -18.00
v -9000.00 1058.82 -18.00
v -9000.00 1058.82 0.00
v -9000.00 1588.23 0.00
v -9000.00 2117.65 -18.00
v -8470.59 2117.65 -18.00
v -8470.59 1588.23 -18.00
v -9000.00 1588.23 -18.00
v -9000.00 1588.23 0.00
v -8470.59 1588.23 0.00
v -8470.59 2117.65 0.00
v -9000.00 2117.65 0.00
v -9000.00 1588.23 -18.00
v -8470.59 1588.23 -18.00
v -8470.59 1588.23 0.00
v -9000.00 1588.23 0.00
v -8470.59 1588.23 -18.00
v -8470.59 2117.65 -18.00
v -8470.59 2117.65 0.00
v -8470.59 1588.23 0.00
v -8470.59 2117.65 -18.00
v -9000.00 2117.65 -18.00
v -9000.00 2117.65 0.00
v -8470.59 2117.65 0.00
v -9000.00 2117.65 -18.00
v -9000.00 1588.23 -18.00
v -9000.00 1588.23 0.00
v -9000.00 2117.65 0.00
v -9000.00 2647.06 -18.00
v -8470.59 2647.06 -18.00
v -8470.59 2117.65 -18.00
v -9000.00 2117.65 -18.00
v -9000.00 2117.65 0.00
v -8470.59 2117.65 0.00
v -8470.59 2647.06 0.00
v -9000.00 2647.06 0.00
v -9000.00 2117.65 -18.00
v -8470.59 2117.65 -18.00
v -8470.59 2117.65 0.00
v -9000.00 2117.65 0.00
v -8470.59 2117.65 -18.00
v -8470.59 2647.06 -18.00
v -8470.59 2647.06 0.00
v -8470.59 2117.65 0.00
v -8470.59 2647.06 -18.00
v -9000.00 2647.06 -18.00
v -9000.00 2647.06 0.00
v -8470.59 2647.06 0.00
v -9000.00 2647.06 -18.00
v -9000.00 2117.65 -18.00
v -9000.00 2117.65 0.00
v -9000.00 2647.06 0.00
v -9000.00 3176.47 -18.00
v -8470.59 3176.47 -18.00
v -8470.59 2647.06 -18.00
v -9000.00 2647.06 -18.00
v -9000.00 2647.06 0.00
v -8470.59 2647.06 0.00
v -8470.59 3176.47 0.00
v -9000.00 3176.47 0.00
v -9000.00 2647.06 -18.00
v -8470.59 2647.06 -18.00
v -8470.59 2647.06 0.00
v -9000.00 2647.06 0.00
v -8470.59 2647.06 -18.00
v -8470.59 3176.47 -18.00
v -8470.59 3176.47 0.00
v -8470.59 2647.06 0.00
v -8470.59 3176.47 -18.00
v -9000.00 3176.47 -18.00
v -9000.00 3176.47 0.00
v -8470.59 3176.47 0.00
v -9000.00 3176.47 -18.00
v -9000.00 2647.06 -18.00
v -9000.00 2647.06 0.00
v -9000.00 3176.47 0.00
v -9000.00 3705.88 -18.00
v -8470.59 3705.88 -18.00
v -8470.59 3176.47 -18.00
v -9000.00 3176.47 -18.00
v -9000.00 3176.47 0.00
v -8470.59 3176.47 0.00
v -8470.59 3705.88 0.00
v -9000.00 3705.88 0.00
v -9000.00 3176.47 -18.00
v -8470.59 3176.47 -18.00
v -8470.59 3176.47 0.00
v -9000.00 3176.47 0.00
v -8470.59 3176.47 -18.00
v -8470.59 3705.88 -18.00
v -8470.59 3705.88 0.00
v -8470.59 3176.47 0.00
v -8470.59 3705.88 -18.00
v -9000.00 3705.88 -18.00
v -9000.00 3705.88 0.00
v -8470.59 3705.88 0.00
v -9000.00 3705.88 -18.00
v -9000.00 3176.47 -18.00
v -9000.00 3176.47 0.00
v -9000.00 3705.88 0.00
v -9000.00 4235.29 -18.00
v -8470.59 4235.29 -18.00
v -8470.59 3705.88 -18.00
v -9000.00 3705.88 -18.00
v -9000.00 3705.88 0.00
v -8470.59 3705.88 0.00
v -8470.59 4235.29 0.00
v -9000.00 4235.29 0.00
v -9000.00 3705.88 -18.00
v -8470.59 3705.88 -18.00
v -8470.59 3705.88 0.00
v -9000.00 3705.88 0.00
v -8470.59 3705.88 -18.00
v -8470.59 4235.29 -18.00
v -8470.59 4235.29 0.00
v -8470.59 3705.88 0.00
v -8470.59 4235.29 -18.00
v -9000.00 4235.29 -18.00
v -9000.00 4235.29 0.00
v -8470.59 4235.29 0.00
v -9000.00 4235.29 -18.00
v -9000.00 3705.88 -18.00
v -9000.00 3705.88 0.00
v -9000.00 4235.29 0.00
v -9000.00 4764.71 -18.00
v -8470.59 4764.71 -18.00
v -8470.59 4235.29 -18.00
v -9000.00 4235.29 -18.00
v -9000.00 4235.29 0.00
v -8470.59 4235.29 0.00
v -8470.59 4764.71 0.00
v -9000.00 4764.71 0.00
v -9000.00 4235.29 -18.00
v -8470.59 4235.29 -18.00
v -8470.59 4235.29 0.00
v -9000.00 4235.29 0.00
v -8470.59 4235.29 -18.00
v -8470.59 4764.71 -18.00
v -8470.59 4764.71 0.00
v -8470.59 4235.29 0.00
v -8470.59 4764.71 -18.00
v -9000.00 4764.71 -18.00
v -9000.00 4764.71 0.00
v -8470.59 4764.71 0.00
v -9000.00 4764.71 -18.00
v -9000.00 4235.29 -18.00
v -9000.00 4235.29 0.00
v -9000.00 4764.71 0.00
v -9000.00 5294.12 -18.00
v -8470.59 5294.12 -18.00
v -8470.59 4764.71 -18.00
v -9000.00 4764.71 -18.00
v -9000.00 4764.71 0.00
v -8470.59 4764.71 0.00
v -8470.59 5294.12 0.00
v -9000.00 5294.12 0.00
v -9000.00 4764.71 -18.00
v -8470.59 4764.71 -18.00
v -8470.59 4764.71 0.00
v -9000.00 4764.71 0.00
v -8470.59 4764.71 -18.00
v -8470.59 5294.12 -18.00
v -8470.59 5294.12 0.00
v -8470.59 4764.71 0.00
v -8470.59 5294.12 -18.00
v -9000.00 5294.12 -18.00
v -9000.00 5294.12 0.00
v -8470.59 5294.12 0.00
v -9000.00 5294.12 -18.00
v -9000.00 4764.71 -18.00
v -9000.00 4764.71 0.00
v -9000.00 5294.12 0.00
v -9000.00 5823.53 -18.00
v -8470.59 5823.53 -18.00
v -8470.59 5294.12 -18.00
v -9000.00 5294.12 -18.00
v -9000.00 5294.12 0.00
v -8470.59 5294.12 0.00
v -8470.59 5823.53 0.00
v -9000.00 5823.53 0.00
v -9000.00 5294.12 -18.00
v -8470.59 5294.12 -18.00
v -8470.59 5294.12 0.00
v -9000.00 5294.12 0.00
v -8470.59 5294.12 -18.00
v -8470.59 5823.53 -18.00
v -8470.59 5823.53 0.00
v -8470.59 5294.12 0.00
v -8470.59 5823.53 -18.00
v -9000.00 5823.53 -18.00
v -9000.00 5823.53 0.00
v -8470.59 5823.53 0.00
v -9000.00 5823.53 -18.00
v -9000.00 5294.12 -18.00
v -9000.00 5294.12 0.00
v -9000.00 5823.53 0.00
v -9000.00 6352.94 -18.00
v -8470.59 6352.94 -18.00
v -8470.59 5823.53 -18.00
v -9000.00 5823.53 -18.00
v -9000.00 5823.53 0.00
v -8470.59 5823.53 0.00
v -8470.59 6352.94 0.00
v -9000.00 6352.94 0.00
v -9000.00 5823.53 -18.00
v -8470.59 5823.53 -18.00
v -8470.59 5823.53 0.00
v -9000.00 5823.53 0.00
v -8470.59 5823.53 -18.00
v -8470.59 6352.94 -18.00
v -8470.59 6352.94 0.00
v -8470.59 5823.53 0.00
v -8470.59 6352.94 -18.00
v -9000.00 6352.94 -18.00
v -9000.00 6352.94 0.00
v -8470.59 6352.94 0.00
v -9000.00 6352.94 -18.00
v -9000.00 5823.53 -18.00
v -9000.00 5823.53 0.00
v -9000.00 6352.94 0.00
v -9000.00 6882.35 -18.00
v -8470.59 6882.35 -18.00
v -8470.59 6352.94 -18.00
v -9000.00 6352.94 -18.00
v -9000.00 6352.94 0.00
v -8470.59 6352.94 0.00
v -8470.59 6882.35 0.00
v -9000.00 6882.35 0.00
v -9000.00 6352.94 -18.00
v -8470.59 6352.94 -18.00
v -8470.59 6352.94 0.00
v -9000.00 6352.94 0.00
v -8470.59 6352.94 -18.00
v -8470.59 6882.35 -18.00
v -8470.59 6882.35 0.00
v -8470.59 6352.94 0.00
v -8470.59 6882.35 -18.00
v -9000.00 6882.35 -18.00
v -9000.00 6882.35 0.00
v -8470.59 6882.35 0.00
v -9000.00 6882.35 -18.00
v -9000.00 6352.94 -18.00
v -9000.00 6352.94 0.00
v -9000.00 6882.35 0.00
v -9000.00 7411.77 -18.00
v -8470.59 7411.77 -18.00
v -8470.59 6882.35 -18.00
v -9000.00 6882.35 -18.00
v -9000.00 6882.35 0.00
v -8470.59 6882.35 0.00
v -8470.59 7411.77 0.00
v -9000.00 7411.77 0.00
v -9000.00 6882.35 -18.00
v -8470.59 6882.35 -18.00
v -8470.59 6882.35 0.00
v -9000.00 6882.35 0.00
v -8470.59 6882.35 -18.00
v -8470.59 7411.77 -18.00
v -8470.59 7411.77 0.00
v -8470.59 6882.35 0.00
v -8470.59 7411.77 -18.00
v -9000.00 7411.77 -18.00
v -9000.00 7411.77 0.00
v -8470.59 7411.77 0.00
v -9000.00 7411.77 -18.00
v -9000.00 6882.35 -18.00
v -9000.00 6882.35 0.00
v -9000.00 7411.77 0.00
v -9000.00 7941.18 -18.00
v -8470.59 7941.18 -18.00
v -8470.59 7411.77 -18.00
v -9000.00 7411.77 -18.00
v -9000.00 7411.77 0.00
v -8470.59 7411.77 0.00
v -8470.59 7941.18 0.00
v -9000.00 7941.18 0.00
v -9000.00 7411.77 -18.00
v -8470.59 7411.77 -18.00
v -8470.59 7411.77 0.00
v -9000.00 7411.77 0.00
v -8470.59 7411.77 -18.00
v -8470.59 7941.18 -18.00
v -8470.59 7941.18 0.00
v -8470.59 7411.77 0.00
v -8470.59 7941.18 -18.00
v -9000.00 7941.18 -18.00
v -9000.00 7941.18 0.00
v -8470.59 7941.18 0.00
v -9000.00 7941.18 -18.00
v -9000.00 7411.77 -18.00
v -9000.00 7411.77 0.00
v -9000.00 7941.18 0.00
v -9000.00 8470.59 -18.00
v -8470.59 8470.59 -18.00
v -8470.59 7941.18 -18.00
v -9000.00 7941.18 -18.00
v -9000.00 7941.18 0.00
v -8470.59 7941.18 0.00
v -8470.59 8470.59 0.00
v -9000.00 8470.59 0.00
v -9000.00 7941.18 -18.00
v -8470.59 7941.18 -18.00
v -8470.59 7941.18 0.00
v -9000.00 7941.18 0.00
v -8470.59 7941.18 -18.00
v -8470.59 8470.59 -18.00
v -8470.59 8470.59 0.00
v -8470.59 7941.18 0.00
v -8470.59 8470.59 -18.00
v -9000.00 8470.59 -18.00
v -9000.00 8470.59 0.00
v -8470.59 8470.59 0.00
v -9000.00 8470.59 -18.00
v -9000.00 7941.18 -18.00
v -9000.00 7941.18 0.00
v -9000.00 8470.59 0.00
v -9000.00 9000.00 -18.00
v -8470.59 9000.00 -18.00
v -8470.59 8470.59 -18.00
v -9000.00 8470.59 -18.00
v -9000.00 8470.59 0.00
v -8470.59 8470.59 0.00
v -8470.59 9000.00 0.00
v -9000.00 9000.00 0.00
v -9000.00 8470.59 -18.00
v -8470.59 8470.59 -18.00
v -8470.59 8470.59 0.00
v -9000.00 8470.59 0.00
v -8470.59 8470.59 -18.00
v -8470.59 9000.00 -18.00
v -8470.59 9000.00 0.00
v -8470.59 8470.59 0.00
v -8470.59 9000.00 -18.00
v -9000.00 9000.00 -18.00
v -9000.00 9000.00 0.00
v -8470.59 9000.00 0.00
v -9000.00 9000.00 -18.00
v -9000.00 8470.59 -18.00
v -9000.00 8470.59 0.00
v -9000.00 9000.00 0.00
v -7941.18 -0.00 -18.00
v -8470.59 -0.00 -18.00
v -8470.59 -0.00 0.00
v -7941.18 -0.00 0.00
v -8470.59 529.41 -18.00
v -7941.18 529.41 -18.00
v -7941.18 0.00 -18.00
v -8470.59 0.00 -18.00
v -8470.59 0.00 0.00
v -7941.18 0.00 0.00
v -7941.18 529.41 0.00
v -8470.59 529.41 0.00
v -8470.59 0.00 -18.00
v -7941.18 0.00 -18.00
v -7941.18 0.00 0.00
v -8470.59 0.00 0.00
v -7941.18 0.00 -18.00
v -7941.18 529.41 -18.00
v -7941.18 529.41 0.00
v -7941.18 0.00 0.00
v -7941.18 529.41 -18.00
v -8470.59 529.41 -18.00
v -8470.59 529.41 0.00
v -7941.18 529.41 0.00
v -8470.59 529.41 -18.00
v -8470.59 0.00 -18.00
v -8470.59 0.00 0.00
v -8470.59 529.41 0.00
v -8470.59 1058.82 -18.00
v -7941.18 1058.82 -18.00
v -7941.18 529.41 -18.00
v -8470.59 529.41 -18.00
v -8470.59 529.41 0.00
v -7941.18 529.41 0.00
v -7941.18 1058.82 0.00
v -8470.59 1058.82 0.00
v -8470.59 529.41 -18.00
v -7941.18 529.41 -18.00
v -7941.18 529.41 0.00
v -8470.59 529.41 0.00
v -7941.18 529.41 -18.00
v -7941.18 1058.82 -18.00
v -7941.18 1058.82 0.00
v -7941.18 529.41 0.00
v -7941.18 1058.82 -18.00
v -8470.59 1058.82 -18.00
v -8470.59 1058.82 0.00
v -7941.18 1058.82 0.00
v -8470.59 1058.82 -18.00
v -8470.59 529.41 -18.00
v -8470.59 529.41 0.00
v -8470.59 1058.82 0.00
v -8470.59 1588.23 -18.00
v -7941.18 1588.23 -18.00
v -7941.18 1058.82 -18.00
v -8470.59 1058.82 -18.00
v -8470.59 1058.82 0.00
v -7941.18 1058.82 0.00
v -7941.18 1588.23 0.00
v -8470.59 1588.23 0.00
v -8470.59 1058.82 -18.00
v -7941.18 1058.82 -18.00
v -7941.18 1058.82 0.00
v -8470.59 1058.82 0.00
v -7941.18 1058.82 -18.00
v -7941.18 1588.23 -18.00
v -7941.18 1588.23 0.00
v -7941.18 1058.82 0.00
v -7941.18 1588.23 -18.00
v -8470.59 1588.23 -18.00
v -8470.59 1588.23 0.00
v -7941.18 1588.23 0.00
v -8470.59 1588.23 -18.00
v -8470.59 1058.82 -18.00
v -8470.59 1058.82 0.00
v -8470.59 1588.23 0.00
v -8470.59 2117.65 -18.00
v -7941.18 2117.65 -18.00
v -7941.18 1588.23 -18.00
v -8470.59 1588.23 -18.00
v -8470.59 1588.23 0.00
v -7941.18 1588.23 0.00
v -7941.18 2117.65 0.00
v -8470.59 2117.65 0.00
v -8470.59 1588.23 -18.00
v -7941.18 1588.23 -18.00
v -7941.18 1588.23 0.00
v -8470.59 1588.23 0.00
v -7941.18 1588.23 -18.00
v -7941.18 2117.65 -18.00
v -7941.18 2117.65 0.00
v -7941.18 1588.23 0.00
v -7941.18 2117.65 -18.00
v -8470.59 2117.65 -18.00
v -8470.59 2117.65 0.00
v -7941.18 2117.65 0.00
v -8470.59 2117.65 -18.00
v -8470.59 1588.23 -18.00
v -8470.59 1588.23 0.00
v -8470.59 2117.65 0.00
v -8470.59 2647.06 -18.00
v -7941.18 2647.06 -18.00
v -7941.18 2117.65 -18.00
v -8470.59 2117.65 -18.00
v -8470.59 2117.65 0.00
v -7941.18 2117.65 0.00
v -7941.18 2647.06 0.00
v -8470.59 2647.06 0.00
v -8470.59 2117.65 -18.00
v -7941.18 2117.65 -18.00
v -7941.18 2117.65 0.00
v -8470.59 2117.65 0.00
v -7941.18 2117.65 -18.00
v -7941.18 2647.06 -18.00
v -7941.18 2647.06 0.00
v -7941.18 2117.65 0.00
v -7941.18 2647.06 -18.00
v -8470.59 2647.06 -18.00
v -8470.59 2647.06 0.00
v -7941.18 2647.06 0.00
v -8470.59 2647.06 -18.00
v -8470.59 2117.65 -18.00
v -8470.59 2117.65 0.00
v -8470.59 2647.06 0.00
v -8470.59 3176.47 -18.00
v -7941.18 3176.47 -18.00
v -7941.18 2647.06 -18.00
v -8470.59 2647.06 -18.00
v -8470.59 2647.06 0.00
v -7941.18 2647.06 0.00
v -7941.18 3176.47 0.00
v -8470.59 3176.47 0.00
v -8470.59 2647.06 -18.00
v -7941.18 2647.06 -18.00
v -7941.18 2647.06 0.00
v -8470.59 2647.06 0.00
v -7941.18 2647.06 -18.00
v -7941.18 3176.47 -18.00
v -7941.18 3176.47 0.00
v -7941.18 2647.06 0.00
v -7941.18 3176.47 -18.00
v -8470.59 3176.47 -18.00
v -8470.59 3176.47 0.00
v -7941.18 3176.47 0.00
v -8470.59 3176.47 -18.00
v -8470.59 2647.06 -18.00
v -8470.59 2647.06 0.00
v -8470.59 3176.47 0.00
v -8470.59 3705.88 -18.00
v -7941.18 3705.88 -18.00
v -7941.18 3176.47 -18.00
v -8470.59 3176.47 -18.00
v -8470.59 3176.47 0.00
v -7941.18 3176.47 0.00
v -7941.18 3705.88 0.00
v -8470.59 3705.88 0.00
v -8470.59 3176.47 -18.00
v -7941.18 3176.47 -18.00
v -7941.18 3176.47 0.00
v -8470.59 3176.47 0.00
v -7941.18 3176.47 -18.00
v -7941.18 3705.88 -18.00
v -7941.18 3705.88 0.00
v -7941.18 3176.47 0.00
v -7941.18 3705.88 -18.00
v -8470.59 3705.88 -18.00
v -8470.59 3705.88 0.00
v -7941.18 3705.88 0.00
v -8470.59 3705.88 -18.00
v -8470.59 3176.47 -18.00
v -8470.59 3176.47 0.00
v -8470.59 3705.88 0.00
v -8470.59 4235.29 -18.00
v -7941.18 4235.29 -18.00
v -7941.18 3705.88 -18.00
v -8470.59 3705.88 -18.00
v -8470.59 3705.88 0.00
v -7941.18 3705.88 0.00
v -7941.18 4235.29 0.00
v -8470.59 4235.29 0.00
v -8470.59 3705.88 -18.00
v -7941.18 3705.88 -18.00
v -7941.18 3705.88 0.00
v -8470.59 3705.88 0.00
v -7941.18 3705.88 -18.00
v -7941.18 4235.29 -18.00
v -7941.18 4235.29 0.00
v -7941.18 3705.88 0.00
v -7941.18 4235.29 -18.00
v -8470.59 4235.29 -18.00
v -8470.59 4235.29 0.00
v -7941.18 4235.29 0.00
v -8470.59 4235.29 -18.00
v -8470.59 3705.88 -18.00
v -8470.59 3705.88 0.00
v -8470.59 4235.29 0.00
v -8470.59 4764.71 -18.00
v -7941.18 4764.71 -18.00
v -7941.18 4235.29 -18.00
v -8470.59 4235.29 -18.00
v -8470.59 4235.29 0.00
v -7941.18 4235.29 0.00
v -7941.18 4764.71 0.00
v -8470.59 4764.71 0.00
v -8470.59 4235.29 -18.00
v -7941.18 4235.29 -18.00
v -7941.18 4235.29 0.00
v -8470.59 4235.29 0.00
v -7941.18 4235.29 -18.00
v -7941.18 4764.71 -18.00
v -7941.18 4764.71 0.00
v -7941.18 4235.29 0.00
v -7941.18 4764.71 -18.00
v -8470.59 4764.71 -18.00
v -8470.59 4764.71 0.00
v -7941.18 4764.71 0.00
v -8470.59 4764.71 -18.00
v -8470.59 4235.29 -18.00
v -8470.59 4235.29 0.00
v -8470.59 4764.71 0.00
v -8470.59 5294.12 -18.00
v -7941.18 5294.12 -18.00
v -7941.18 4764.71 -18.00
v -8470.59 4764.71 -18.00
v -8470.59 4764.71 0.00
v -7941.18 4764.71 0.00
v -7941.18 5294.12 0.00
v -8470.59 5294.12 0.00
v -8470.59 4764.71 -18.00
v -7941.18 4764.71 -18.00
v -7941.18 4764.71 0.00
v -8470.59 4764.71 0.00
v -7941.18 4764.71 -18.00
v -7941.18 5294.12 -18.00
v -7941.18 5294.12 0.00
v -7941.18 4764.71 0.00
v -7941.18 5294.12 -18.00
v -8470.59 5294.12 -18.00
v -8470.59 5294.12 0.00
v -7941.18 5294.12 0.00
v -8470.59 5294.12 -18.00
v -8470.59 4764.71 -18.00
v -8470.59 4764.71 0.00
v -8470.59 5294.12 0.00
v -8470.59 5823.53 -18.00
v -7941.18 5823.53 -18.00
v -7941.18 5294.12 -18.00
v -8470.59 5294.12 -18.00
v -8470.59 5294.12 0.00
v -7941.18 5294.12 0.00
v -7941.18 5823.53 0.00
v -8470.59 5823.53 0.00
v -8470.59 5294.12 -18.00
v -7941.18 5294.12 -18.00
v -7941.18 5294.12 0.00
v -8470.59 5294.12 0.00
v -7941.18 5294.12 -18.00
v -7941.18 5823.53 -18.00
v -7941.18 5823.53 0.00
v -7941.18 5294.12 0.00
v -7941.18 5823.53 -18.00
v -8470.59 5823.53 -18.00
v -8470.59 5823.53 0.00
v -7941.18 5823.53 0.00
v -8470.59 5823.53 -18.00
v -8470.59 5294.12 -18.00
v -8470.59 5294.12 0.00
v -8470.59 5823.53 0.00
v -8470.59 6352.94 -18.00
v -7941.18 6352.94 -18.00
v -7941.18 5823.53 -18.00
v -8470.59 5823.53 -18.00
v -8470.59 5823.53 0.00
v -7941.18 5823.53 0.00
v -7941.18 6352.94 0.00
v -8470.59 6352.94 0.00
v -8470.59 5823.53 -18.00
v -7941.18 5823.53 -18.00
v -7941.18 5823.53 0.00
v -8470.59 5823.53 0.00
v -7941.18 5823.53 -18.00
v -7941.18 6352.94 -18.00
v -7941.18 6352.94 0.00
v -7941.18 5823.53 0.00
v -7941.18 6352.94 -18.00
v -8470.59 6352.94 -18.00
v -8470.59 6352.94 0.00
v -7941.18 6352.94 0.00
v -8470.59 6352.94 -18.00
v -8470.59 5823.53 -18.00
v -8470.59 5823.53 0.00
v -8470.59 6352.94 0.00
v -8470.59 6882.35 -18.00
v -7941.18 6882.35 -18.00
v -7941.18 6352.94 -18.00
v -8470.59 6352.94 -18.00
v -8470.59 6352.94 0.00
v -7941.18 6352.94 0.00
v -7941.18 6882.35 0.00
v -8470.59 6882.35 0.00
v -8470.59 6352.94 -18.00
v -7941.18 6352.94 -18.00
v -7941.18 6352.94 0.00
v -8470.59 6352.94 0.00
v -7941.18 6352.94 -18.00
v -7941.18 6882.35 -18.00
v -7941.18 6882.35 0.00
v -7941.18 6352.94 0.00
v -7941.18 6882.35 -18.00
v -8470.59 6882.35 -18.00
v -8470.59 6882.35 0.00
v -7941.18 6882.35 0.00
v -8470.59 6882.35 -18.00
v -8470.59 6352.94 -18.00
v -8470.59 6352.94 0.00
v -8470.59 6882.35 0.00
v -8470.59 7411.77 -18.00
v -7941.18 7411.77 -18.00
v -7941.18 6882.35 -18.00
v -8470.59 6882.35 -18.00
v -8470.59 6882.35 0.00
v -7941.18 6882.35 0.00
v -7941.18 7411.77 0.00
v -8470.59 7411.77 0.00
v -8470.59 6882.35 -18.00
v -7941.18 6882.35 -18.00
v -7941.18 6882.35 0.00
v -8470.59 6882.35 0.00
v -7941.18 6882.35 -18.00
v -7941.18 7411.77 -18.00
v -7941.18 7411.77 0.00
v -7941.18 6882.35 0.00
v -7941.18 7411.77 -18.00
v -8470.59 7411.77 -18.00
v -8470.59 7411.77 0.00
v -7941.18 7411.77 0.00
v -8470.59 7411.77 -18.00
v -8470.59 6882.35 -18.00
v -8470.59 6882.35 0.00
v -8470.59 7411.77 0.00
v -8470.59 7941.18 -18.00
v -7941.18 7941.18 -18.00
v -7941.18 7411.77 -18.00
v -8470.59 7411.77 -18.00
v -8470.59 7411.77 0.00
v -7941.18 7411.77 0.00
v -7941.18 7941.18 0.00
v -8470.59 7941.18 0.00
v -8470.59 7411.77 -18.00
v -7941.18 7411.77 -18.00
v -7941.18 7411.77 0.00
v -8470.59 7411.77 0.00
v -7941.18 7411.77 -18.00
v -7941.18 7941.18 -18.00
v -7941.18 7941.18 0.00
v -7941.18 7411.77 0.00
v -7941.18 7941.18 -18.00
v -8470.59 7941.18 -18.00
v -8470.59 7941.18 0.00
v -7941.18 7941.18 0.00
v -8470.59 7941.18 -18.00
v -8470.59 7411.77 -18.00
v -8470.59 7411.77 0.00
v -8470.59 7941.18 0.00
v -8470.59 8470.59 -18.00
v -7941.18 8470.59 -18.00
v -7941.18 7941.18 -18.00
v -8470.59 7941.18 -18.00
v -8470.59 7941.18 0.00
v -7941.18 7941.18 0.00
v -7941.18 8470.59 0.00
v -8470.59 8470.59 0.00
v -8470.59 7941.18 -18.00
v -7941.18 7941.18 -18.00
v -7941.18 7941.18 0.00
v -8470.59 7941.18 0.00
v -7941.18 7941.18 -18.00
v -7941.18 8470.59 -18.00
v -7941.18 8470.59 0.00
v -7941.18 7941.18 0.00
v -7941.18 8470.59 -18.00
v -8470.59 8470.59 -18.00
v -8470.59 8470.59 0.00
v -7941.18 8470.59 0.00
v -8470.59 8470.59 -18.00
v -8470.59 7941.18 -18.00
v -8470.59 7941.18 0.00
v -8470.59 8470.59 0.00
v -8470.59 9000.00 -18.00
v -7941.18 9000.00 -18.00
v -7941.18 8470.59 -18.00
v -8470.59 8470.59 -18.00
v -8470.59 8470.59 0.00
v -7941.18 8470.59 0.00
v -7941.18 9000.00 0.00
v -8470.59 9000.00 0.00
v -8470.59 8470.59 -18.00
v -7941.18 8470.59 -18.00
v -7941.18 8470.59 0.00
v -8470.59 8470.59 0.00
v -7941.18 8470.59 -18.00
v -7941.18 9000.00 -18.00
v -7941.18 9000.00 0.00
v -7941.18 8470.59 0.00
v -7941.18 9000.00 -18.00
v -8470.59 9000.00 -18.00
v -8470.59 9000.00 0.00
v -7941.18 9000.00 0.00
v -8470.59 9000.00 -18.00
v -8470.59 8470.59 -18.00
v -8470.59 8470.59 0.00
v -8470.59 9000.00 0.00
v -7411.77 -0.00 -18.00
v -7941.18 -0.00 -18.00
v -7941.18 -0.00 0.00
v -7411.77 -0.00 0.00
v -7941.18 529.41 -18.00
v -7411.77 529.41 -18.00
v -7411.77 0.00 -18.00
v -7941.18 0.00 -18.00
v -7941.18 0.00 0.00
v -7411.77 0.00 0.00
v -7411.77 529.41 0.00
v -7941.18 529.41 0.00
v -7941.18 0.00 -18.00
v -7411.77 0.00 -18.00
v -7411.77 0.00 0.00
v -7941.18 0.00 0.00
v -7411.77 0.00 -18.00
v -7411.77 529.41 -18.00
v -7411.77 529.41 0.00
v -7411.77 0.00 0.00
v -7411.77 529.41 -18.00
v -7941.18 529.41 -18.00
v -7941.18 529.41 0.00
v -7411.77 529.41 0.00
v -7941.18 529.41 -18.00
v -7941.18 0.00 -18.00
v -7941.18 0.00 0.00
v -7941.18 529.41 0.00
v -7941.18 1058.82 -18.00
v -7411.77 1058.82 -18.00
v -7411.77 529.41 -18.00
v -7941.18 529.41 -18.00
v -7941.18 529.41 0.00
v -7411.77 529.41 0.00
v -7411.77 1058.82 0.00
v -7941.18 1058.82 0.00
v -7941.18 529.41 -18.00
v -7411.77 529.41 -18.00
v -7411.77 529.41 0.00
v -7941.18 529.41 0.00
v -7411.77 529.41 -18.00
v -7411.77 1058.82 -18.00
v -7411.77 1058.82 0.00
v -7411.77 529.41 0.00
v -7411.77 1058.82 -18.00
v -7941.18 1058.82 -18.00
v -7941.18 1058.82 0.00
v -7411.77 1058.82 0.00
v -7941.18 1058.82 -18.00
v -7941.18 529.41 -18.00
v -7941.18 529.41 0.00
v -7941.18 1058.82 0.00
v -7941.18 1588.23 -18.00
v -7411.77 1588.23 -18.00
v -7411.77 1058.82 -18.00
v -7941.18 1058.82 -18.00
v -7941.18 1058.82 0.00
v -7411.77 1058.82 0.00
v -7411.77 1588.23 0.00
v -7941.18 1588.23 0.00
v -7941.18 1058.82 -18.00
v -7411.77 1058.82 -18.00
v -7411.77 1058.82 0.00
v -7941.18 1058.82 0.00
v -7411.77 1058.82 -18.00
v -7411.77 1588.23 -18.00
v -7411.77 1588.23 0.00
v -7411.77 1058.82 0.00
v -7411.77 1588.23 -18.00
v -7941.18 1588.23 -18.00
v -7941.18 1588.23 0.00
v -7411.77 1588.23 0.00
v -7941.18 1588.23 -18.00
v -7941.18 1058.82 -18.00
v -7941.18 1058.82 0.00
v -7941.18 1588.23 0.00
v -7941.18 2117.65 -18.00
v -7411.77 2117.65 -18.00
v -7411.77 1588.23 -18.00
v -7941.18 1588.23 -18.00
v -7941.18 1588.23 0.00
v -7411.77 1588.23 0.00
v -7411.77 2117.65 0.00
v -7941.18 2117.65 0.00
v -7941.18 1588.23 -18.00
v -7411.77 1588.23 -18.00
v -7411.77 1588.23 0.00
v -7941.18 1588.23 0.00
v -7411.77 1588.23 -18.00
v -7411.77 2117.65 -18.00
v -7411.77 2117.65 0.00
v -7411.77 1588.23 0.00
v -7411.77 2117.65 -18.00
v -7941.18 2117.65 -18.00
v -7941.18 2117.65 0.00
v -7411.77 2117.65 0.00
v -7941.18 2117.65 -18.00
v -7941.18 1588.23 -18.00
v -7941.18 1588.23 0.00
v -7941.18 2117.65 0.00
v -7941.18 2647.06 -18.00
v -7411.77 2647.06 -18.00
v -7411.77 2117.65 -18.00
v -7941.18 2117.65 -18.00
v -7941.18 2117.65 0.00
v -7411.77 2117.65 0.00
v -7411.77 2647.06 0.00
v -7941.18 2647.06 0.00
v -7941.18 2117.65 -18.00
v -7411.77 2117.65 -18.00
v -7411.77 2117.65 0.00
v -7941.18 2117.65 0.00
v -7411.77 2117.65 -18.00
v -7411.77 2647.06 -18.00
v -7411.77 2647.06 0.00
v -7411.77 2117.65 0.00
v -7411.77 2647.06 -18.00
v -7941.18 2647.06 -18.00
v -7941.18 2647.06 0.00
v -7411.77 2647.06 0.00
v -7941.18 2647.06 -18.00
v -7941.18 2117.65 -18.00
v -7941.18 2117.65 0.00
v -7941.18 2647.06 0.00
v -7941.18 3176.47 -18.00
v -7411.77 3176.47 -18.00
v -7411.77 2647.06 -18.00
v -7941.18 2647.06 -18.00
v -7941.18 2647.06 0.00
v -7411.77 2647.06 0.00
v -7411.77 3176.47 0.00
v -7941.18 3176.47 0.00
v -7941.18 2647.06 -18.00
v -7411.77 2647.06 -18.00
v -7411.77 2647.06 0.00
v -7941.18 2647.06 0.00
v -7411.77 2647.06 -18.00
v -7411.77 3176.47 -18.00
v -7411.77 3176.47 0.00
v -7411.77 2647.06 0.00
v -7411.77 3176.47 -18.00
v -7941.18 3176.47 -18.00
v -7941.18 3176.47 0.00
v -7411.77 3176.47 0.00
v -7941.18 3176.47 -18.00
v -7941.18 2647.06 -18.00
v -7941.18 2647.06 0.00
v -7941.18 3176.47 0.00
v -7941.18 3705.88 -18.00
v -7411.77 3705.88 -18.00
v -7411.77 3176.47 -18.00
v -7941.18 3176.47 -18.00
v -7941.18 3176.47 0.00
v -7411.77 3176.47 0.00
v -7411.77 3705.88 0.00
v -7941.18 3705.88 0.00
v -7941.18 3176.47 -18.00
v -7411.77 3176.47 -18.00
v -7411.77 3176.47 0.00
v -7941.18 3176.47 0.00
v -7411.77 3176.47 -18.00
v -7411.77 3705.88 -18.00
v -7411.77 3705.88 0.00
v -7411.77 3176.47 0.00
v -7411.77 3705.88 -18.00
v -7941.18 3705.88 -18.00
v -7941.18 3705.88 0.00
v -7411.77 3705.88 0.00
v -7941.18 3705.88 -18.00
v -7941.18 3176.47 -18.00
v -7941.18 3176.47 0.00
v -7941.18 3705.88 0.00
v -7941.18 4235.29 -18.00
v -7411.77 4235.29 -18.00
v -7411.77 3705.88 -18.00
v -7941.18 3705.88 -18.00
v -7941.18 3705.88 0.00
v -7411.77 3705.88 0.00
v -7411.77 4235.29 0.00
v -7941.18 4235.29 0.00
v -7941.18 3705.88 -18.00
v -7411.77 3705.88 -18.00
v -7411.77 3705.88 0.00
v -7941.18 3705.88 0.00
v -7411.77 3705.88 -18.00
v -7411.77 4235.29 -18.00
v -7411.77 4235.29 0.00
v -7411.77 3705.88 0.00
v -7411.77 4235.29 -18.00
v -7941.18 4235.29 -18.00
v -7941.18 4235.29 0.00
v -7411.77 4235.29 0.00
v -7941.18 4235.29 -18.00
v -7941.18 3705.88 -18.00
v -7941.18 3705.88 0.00
v -7941.18 4235.29 0.00
v -7941.18 4764.71 -18.00
v -7411.77 4764.71 -18.00
v -7411.77 4235.29 -18.00
v -7941.18 4235.29 -18.00
v -7941.18 4235.29 0.00
v -7411.77 4235.29 0.00
v -7411.77 4764.71 0.00
v -7941.18 4764.71 0.00
v -7941.18 4235.29 -18.00
v -7411.77 4235.29 -18.00
v -7411.77 4235.29 0.00
v -7941.18 4235.29 0.00
v -7411.77 4235.29 -18.00
v -7411.77 4764.71 -18.00
v -7411.77 4764.71 0.00
v -7411.77 4235.29 0.00
v -7411.77 4764.71 -18.00
v -7941.18 4764.71 -18.00
v -7941.18 4764.71 0.00
v -7411.77 4764.71 0.00
v -7941.18 4764.71 -18.00
v -7941.18 4235.29 -18.00
v -7941.18 4235.29 0.00
v -7941.18 4764.71 0.00
v -7941.18 5294.12 -18.00
v -7411.77 5294.12 -18.00
v -7411.77 4764.71 -18.00
v -7941.18 4764.71 -18.00
v -7941.18 4764.71 0.00
v -7411.77 4764.71 0.00
v -7411.77 5294.12 0.00
v -7941.18 5294.12 0.00
v -7941.18 4764.71 -18.00
v -7411.77 4764.71 -18.00
v -7411.77 4764.71 0.00
v -7941.18 4764.71 0.00
v -7411.77 4764.71 -18.00
v -7411.77 5294.12 -18.00
v -7411.77 5294.12 0.00
v -7411.77 4764.71 0.00
v -7411.77 5294.12 -18.00
v -7941.18 5294.12 -18.00
v -7941.18 5294.12 0.00
v -7411.77 5294.12 0.00
v -7941.18 5294.12 -18.00
v -7941.18 4764.71 -18.00
v -7941.18 4764.71 0.00
v -7941.18 5294.12 0.00
v -7941.18 5823.53 -18.00
v -7411.77 5823.53 -18.00
v -7411.77 5294.12 -18.00
v -7941.18 5294.12 -18.00
v -7941.18 5294.12 0.00
v -7411.77 5294.12 0.00
v -7411.77 5823.53 0.00
v -7941.18 5823.53 0.00
v -7941.18 5294.12 -18.00
v -7411.77 5294.12 -18.00
v -7411.77 5294.12 0.00
v -7941.18 5294.12 0.00
v -7411.77 5294.12 -18.00
v -7411.77 5823.53 -18.00
v -7411.77 5823.53 0.00
v -7411.77 5294.12 0.00
v -7411.77 5823.53 -18.00
v -7941.18 5823.53 -18.00
v -7941.18 5823.53 0.00
v -7411.77 5823.53 0.00
v -7941.18 5823.53 -18.00
v -7941.18 5294.12 -18.00
v -7941.18 5294.12 0.00
v -7941.18 5823.53 0.00
v -7941.18 6352.94 -18.00
v -7411.77 6352.94 -18.00
v -7411.77 5823.53 -18.00
v -7941.18 5823.53 -18.00
v -7941.18 5823.53 0.00
v -7411.77 5823.53 0.00
v -7411.77 6352.94 0.00
v -7941.18 6352.94 0.00
v -7941.18 5823.53 -18.00
v -7411.77 5823.53 -18.00
v -7411.77 5823.53 0.00
v -7941.18 5823.53 0.00
v -7411.77 5823.53 -18.00
v -7411.77 6352.94 -18.00
v -7411.77 6352.94 0.00
v -7411.77 5823.53 0.00
v -7411.77 6352.94 -18.00
v -7941.18 6352.94 -18.00
v -7941.18 6352.94 0.00
v -7411.77 6352.94 0.00
v -7941.18 6352.94 -18.00
v -7941.18 5823.53 -18.00
v -7941.18 5823.53 0.00
v -7941.18 6352.94 0.00
v -7941.18 6882.35 -18.00
v -7411.77 6882.35 -18.00
v -7411.77 6352.94 -18.00
v -7941.18 6352.94 -18.00
v -7941.18 6352.94 0.00
v -7411.77 6352.94 0.00
v -7411.77 6882.35 0.00
v -7941.18 6882.35 0.00
v -7941.18 6352.94 -18.00
v -7411.77 6352.94 -18.00
v -7411.77 6352.94 0.00
v -7941.18 6352.94 0.00
v -7411.77 6352.94 -18.00
v -7411.77 6882.35 -18.00
v -7411.77 6882.35 0.00
v -7411.77 6352.94 0.00
v -7411.77 6882.35 -18.00
v -7941.18 6882.35 -18.00
v -7941.18 6882.35 0.00
v -7411.77 6882.35 0.00
v -7941.18 6882.35 -18.00
v -7941.18 6352.94 -18.00
v -7941.18 6352.94 0.00
v -7941.18 6882.35 0.00
v -7941.18 7411.77 -18.00
v -7411.77 7411.77 -18.00
v -7411.77 6882.35 -18.00
v -7941.18 6882.35 -18.00
v -7941.18 6882.35 0.00
v -7411.77 6882.35 0.00
v -7411.77 7411.77 0.00
v -7941.18 7411.77 0.00
v -7941.18 6882.35 -18.00
v -7411.77 6882.35 -18.00
v -7411.77 6882.35 0.00
v -7941.18 6882.35 0.00
v -7411.77 6882.35 -18.00
v -7411.77 7411.77 -18.00
v -7411.77 7411.77 0.00
v -7411.77 6882.35 0.00
v -7411.77 7411.77 -18.00
v -7941.18 7411.77 -18.00
v -7941.18 7411.77 0.00
v -7411.77 7411.77 0.00
v -7941.18 7411.77 -18.00
v -7941.18 6882.35 -18.00
v -7941.18 6882.35 0.00
v -7941.18 7411.77 0.00
v -7941.18 7941.18 -18.00
v -7411.77 7941.18 -18.00
v -7411.77 7411.77 -18.00
v -7941.18 7411.77 -18.00
v -7941.18 7411.77 0.00
v -7411.77 7411.77 0.00
v -7411.77 7941.18 0.00
v -7941.18 7941.18 0.00
v -7941.18 7411.77 -18.00
v -7411.77 7411.77 -18.00
v -7411.77 7411.77 0.00
v -7941.18 7411.77 0.00
v -7411.77 7411.77 -18.00
v -7411.77 7941.18 -18.00
v -7411.77 7941.18 0.00
v -7411.77 7411.77 0.00
v -7411.77 7941.18 -18.00
v -7941.18 7941.18 -18.00
v -7941.18 7941.18 0.00
v -7411.77 7941.18 0.00
v -7941.18 7941.18 -18.00
v -7941.18 7411.77 -18.00
v -7941.18 7411.77 0.00
v -7941.18 7941.18 0.00
v -7941.18 8470.59 -18.00
v -7411.77 8470.59 -18.00
v -7411.77 7941.18 -18.00
v -7941.18 7941.18 -18.00
v -7941.18 7941.18 0.00
v -7411.77 7941.18 0.00
v -7411.77 8470.59 0.00
v -7941.18 8470.59 0.00
v -7941.18 7941.18 -18.00
v -7411.77 7941.18 -18.00
v -7411.77 7941.18 0.00
v -7941.18 7941.18 0.00
v -7411.77 7941.18 -18.00
v -7411.77 8470.59 -18.00
v -7411.77 8470.59 0.00
v -7411.77 7941.18 0.00
v -7411.77 8470.59 -18.00
v -7941.18 8470.59 -18.00
v -7941.18 8470.59 0.00
v -7411.77 8470.59 0.00
v -7941.18 8470.59 -18.00
v -7941.18 7941.18 -18.00
v -7941.18 7941.18 0.00
v -7941.18 8470.59 0.00
v -7941.18 9000.00 -18.00
v -7411.77 9000.00 -18.00
v -7411.77 8470.59 -18.00
v -7941.18 8470.59 -18.00
v -7941.18 8470.59 0.00
v -7411.77 8470.59 0.00
v -7411.77 9000.00 0.00
v -7941.18 9000.00 0.00
v -7941.18 8470.59 -18.00
v -7411.77 8470.59 -18.00
v -7411.77 8470.59 0.00
v -7941.18 8470.59 0.00
v -7411.77 8470.59 -18.00
v -7411.77 9000.00 -18.00
v -7411.77 9000.00 0.00
v -7411.77 8470.59 0.00
v -7411.77 9000.00 -18.00
v -7941.18 9000.00 -18.00
v -7941.18 9000.00 0.00
v -7411.77 9000.00 0.00
v -7941.18 9000.00 -18.00
v -7941.18 8470.59 -18.00
v -7941.18 8470.59 0.00
v -7941.18 9000.00 0.00
v -6882.35 -0.00 -18.00
v -7411.77 -0.00 -18.00
v -7411.77 -0.00 0.00
v -6882.35 -0.00 0.00
v -7411.77 529.41 -18.00
v -6882.35 529.41 -18.00
v -6882.35 0.00 -18.00
v -7411.77 0.00 -18.00
v -7411.77 0.00 0.00
v -6882.35 0.00 0.00
v -6882.35 529.41 0.00
v -7411.77 529.41 0.00
v -7411.77 0.00 -18.00
v -6882.35 0.00 -18.00
v -6882.35 0.00 0.00
v -7411.77 0.00 0.00
v -6882.35 0.00 -18.00
v -6882.35 529.41 -18.00
v -6882.35 529.41 0.00
v -6882.35 0.00 0.00
v -6882.35 529.41 -18.00
v -7411.77 529.41 -18.00
v -7411.77 529.41 0.00
v -6882.35 529.41 0.00
v -7411.77 529.41 -18.00
v -7411.77 0.00 -18.00
v -7411.77 0.00 0.00
v -7411.77 529.41 0.00
v -7411.77 1058.82 -18.00
v -6882.35 1058.82 -18.00
v -6882.35 529.41 -18.00
v -7411.77 529.41 -18.00
v -7411.77 529.41 0.00
v -6882.35 529.41 0.00
v -6882.35 1058.82 0.00
v -7411.77 1058.82 0.00
v -7411.77 529.41 -18.00
v -6882.35 529.41 -18.00
v -6882.35 529.41 0.00
v -7411.77 529.41 0.00
v -6882.35 529.41 -18.00
v -6882.35 1058.82 -18.00
v -6882.35 1058.82 0.00
v -6882.35 529.41 0.00
v -6882.35 1058.82 -18.00
v -7411.77 1058.82 -18.00
v -7411.77 1058.82 0.00
v -6882.35 1058.82 0.00
v -7411.77 1058.82 -18.00
v -7411.77 529.41 -18.00
v -7411.77 529.41 0.00
v -7411.77 1058.82 0.00
v -7411.77 1588.23 -18.00
v -6882.35 1588.23 -18.00
v -6882.35 1058.82 -18.00
v -7411.77 1058.82 -18.00
v -7411.77 1058.82 0.00
v -6882.35 1058.82 0.00
v -6882.35 1588.23 0.00
v -7411.77 1588.23 0.00
v -7411.77 1058.82 -18.00
v -6882.35 1058.82 -18.00
v -6882.35 1058.82 0.00
v -7411.77 1058.82 0.00
v -6882.35 1058.82 -18.00
v -6882.35 1588.23 -18.00
v -6882.35 1588.23 0.00
v -6882.35 1058.82 0.00
v -6882.35 1588.23 -18.00
v -7411.77 1588.23 -18.00
v -7411.77 1588.23 0.00
v -6882.35 1588.23 0.00
v -7411.77 1588.23 -18.00
v -7411.77 1058.82 -18.00
v -7411.77 1058.82 0.00
v -7411.77 1588.23 0.00
v -7411.77 2117.65 -18.00
v -6882.35 2117.65 -18.00
v -6882.35 1588.23 -18.00
v -7411.77 1588.23 -18.00
v -7411.77 1588.23 0.00
v -6882.35 1588.23 0.00
v -6882.35 2117.65 0.00
v -7411.77 2117.65 0.00
v -7411.77 1588.23 -18.00
v -6882.35 1588.23 -18.00
v -6882.35 1588.23 0.00
v -7411.77 1588.23 0.00
v -6882.35 1588.23 -18.00
v -6882.35 2117.65 -18.00
v -6882.35 2117.65 0.00
v -6882.35 1588.23 0.00
v -6882.35 2117.65 -18.00
v -7411.77 2117.65 -18.00
v -7411.77 2117.65 0.00
v -6882.35 2117.65 0.00
v -7411.77 2117.65 -18.00
v -7411.77 1588.23 -18.00
v -7411.77 1588.23 0.00
v -7411.77 2117.65 0.00
v -7411.77 2647.06 -18.00
v -6882.35 2647.06 -18.00
v -6882.35 2117.65 -18.00
v -7411.77 2117.65 -18.00
v -7411.77 2117.65 0.00
v -6882.35 2117.65 0.00
v -6882.35 2647.06 0.00
v -7411.77 2647.06 0.00
v -7411.77 2117.65 -18.00
v -6882.35 2117.65 -18.00
v -6882.35 2117.65 0.00
v -7411.77 2117.65 0.00
v -6882.35 2117.65 -18.00
v -6882.35 2647.06 -18.00
v -6882.35 2647.06 0.00
v -6882.35 2117.65 0.00
v -6882.35 2647.06 -18.00
v -7411.77 2647.06 -18.00
v -7411.77 2647.06 0.00
v -6882.35 2647.06 0.00
v -7411.77 2647.06 -18.00
v -7411.77 2117.65 -18.00
v -7411.77 2117.65 0.00
v -7411.77 2647.06 0.00
v -7411.77 3176.47 -18.00
v -6882.35 3176.47 -18.00
v -6882.35 2647.06 -18.00
v -7411.77 2647.06 -18.00
v -7411.77 2647.06 0.00
v -6882.35 2647.06 0.00
v -6882.35 3176.47 0.00
v -7411.77 3176.47 0.00
v -7411.77 2647.06 -18.00
v -6882.35 2647.06 -18.00
v -6882.35 2647.06 0.00
v -7411.77 2647.06 0.00
v -6882.35 2647.06 -18.00
v -6882.35 3176.47 -18.00
v -6882.35 3176.47 0.00
v -6882.35 2647.06 0.00
v -6882.35 3176.47 -18.00
v -7411.77 3176.47 -18.00
v -7411.77 3176.47 0.00
v -6882.35 3176.47 0.00
v -7411.77 3176.47 -18.00
v -7411.77 2647.06 -18.00
v -7411.77 2647.06 0.00
v -7411.77 3176.47 0.00
v -7411.77 3705.88 -18.00
v -6882.35 3705.88 -18.00
v -6882.35 3176.47 -18.00
v -7411.77 3176.47 -18.00
v -7411.77 3176.47 0.00
v -6882.35 3176.47 0.00
v -6882.35 3705.88 0.00
v -7411.77 3705.88 0.00
v -7411.77 3176.47 -18.00
v -6882.35 3176.47 -18.00
v -6882.35 3176.47 0.00
v -7411.77 3176.47 0.00
v -6882.35 3176.47 -18.00
v -6882.35 3705.88 -18.00
v -6882.35 3705.88 0.00
v -6882.35 3176.47 0.00
v -6882.35 3705.88 -18.00
v -7411.77 3705.88 -18.00
v -7411.77 3705.88 0.00
v -6882.35 3705.88 0.00
v -7411.77 3705.88 -18.00
v -7411.77 3176.47 -18.00
v -7411.77 3176.47 0.00
v -7411.77 3705.88 0.00
v -7411.77 4235.29 -18.00
v -6882.35 4235.29 -18.00
v -6882.35 3705.88 -18.00
v -7411.77 3705.88 -18.00
v -7411.77 3705.88 0.00
v -6882.35 3705.88 0.00
v -6882.35 4235.29 0.00
v -7411.77 4235.29 0.00
v -7411.77 3705.88 -18.00
v -6882.35 3705.88 -18.00
v -6882.35 3705.88 0.00
v -7411.77 3705.88 0.00
v -6882.35 3705.88 -18.00
v -6882.35 4235.29 -18.00
v -6882.35 4235.29 0.00
v -6882.35 3705.88 0.00
v -6882.35 4235.29 -18.00
v -7411.77 4235.29 -18.00
v -7411.77 4235.29 0.00
v -6882.35 4235.29 0.00
v -7411.77 4235.29 -18.00
v -7411.77 3705.88 -18.00
v -7411.77 3705.88 0.00
v -7411.77 4235.29 0.00
v -7411.77 4764.71 -18.00
v -6882.35 4764.71 -18.00
v -6882.35 4235.29 -18.00
v -7411.77 4235.29 -18.00
v -7411.77 4235.29 0.00
v -6882.35 4235.29 0.00
v -6882.35 4764.71 0.00
v -7411.77 4764.71 0.00
v -7411.77 4235.29 -18.00
v -6882.35 4235.29 -18.00
v -6882.35 4235.29 0.00
v -7411.77 4235.29 0.00
v -6882.35 4235.29 -18.00
v -6882.35 4764.71 -18.00
v -6882.35 4764.71 0.00
v -6882.35 4235.29 0.00
v -6882.35 4764.71 -18.00
v -7411.77 4764.71 -18.00
v -7411.77 4764.71 0.00
v -6882.35 4764.71 0.00
v -7411.77 4764.71 -18.00
v -7411.77 4235.29 -18.00
v -7411.77 4235.29 0.00
v -7411.77 4764.71 0.00
v -7411.77 5294.12 -18.00
v -6882.35 5294.12 -18.00
v -6882.35 4764.71 -18.00
v -7411.77 4764.71 -18.00
v -7411.77 4764.71 0.00
v -6882.35 4764.71 0.00
v -6882.35 5294.12 0.00
v -7411.77 5294.12 0.00
v -7411.77 4764.71 -18.00
v -6882.35 4764.71 -18.00
v -6882.35 4764.71 0.00
v -7411.77 4764.71 0.00
v -6882.35 4764.71 -18.00
v -6882.35 5294.12 -18.00
v -6882.35 5294.12 0.00
v -6882.35 4764.71 0.00
v -6882.35 5294.12 -18.00
v -7411.77 5294.12 -18.00
v -7411.77 5294.12 0.00
v -6882.35 5294.12 0.00
v -7411.77 5294.12 -18.00
v -7411.77 4764.71 -18.00
v -7411.77 4764.71 0.00
v -7411.77 5294.12 0.00
v -7411.77 5823.53 -18.00
v -6882.35 5823.53 -18.00
v -6882.35 5294.12 -18.00
v -7411.77 5294.12 -18.00
v -7411.77 5294.12 0.00
v -6882.35 5294.12 0.00
v -6882.35 5823.53 0.00
v -7411.77 5823.53 0.00
v -7411.77 5294.12 -18.00
v -6882.35 5294.12 -18.00
v -6882.35 5294.12 0.00
v -7411.77 5294.12 0.00
v -6882.35 5294.12 -18.00
v -6882.35 5823.53 -18.00
v -6882.35 5823.53 0.00
v -6882.35 5294.12 0.00
v -6882.35 5823.53 -18.00
v -7411.77 5823.53 -18.00
v -7411.77 5823.53 0.00
v -6882.35 5823.53 0.00
v -7411.77 5823.53 -18.00
v -7411.77 5294.12 -18.00
v -7411.77 5294.12 0.00
v -7411.77 5823.53 0.00
v -7411.77 6352.94 -18.00
v -6882.35 6352.94 -18.00
v -6882.35 5823.53 -18.00
v -7411.77 5823.53 -18.00
v -7411.77 5823.53 0.00
v -6882.35 5823.53 0.00
v -6882.35 6352.94 0.00
v -7411.77 6352.94 0.00
v -7411.77 5823.53 -18.00
v -6882.35 5823.53 -18.00
v -6882.35 5823.53 0.00
v -7411.77 5823.53 0.00
v -6882.35 5823.53 -18.00
v -6882.35 6352.94 -18.00
v -6882.35 6352.94 0.00
v -6882.35 5823.53 0.00
v -6882.35 6352.94 -18.00
v -7411.77 6352.94 -18.00
v -7411.77 6352.94 0.00
v -6882.35 6352.94 0.00
v -7411.77 6352.94 -18.00
v -7411.77 5823.53 -18.00
v -7411.77 5823.53 0.00
v -7411.77 6352.94 0.00
v -7411.77 6882.35 -18.00
v -6882.35 6882.35 -18.00
v -6882.35 6352.94 -18.00
v -7411.77 6352.94 -18.00
v -7411.77 6352.94 0.00
v -6882.35 6352.94 0.00
v -6882.35 6882.35 0.00
v -7411.77 6882.35 0.00
v -7411.77 6352.94 -18.00
v -6882.35 6352.94 -18.00
v -6882.35 6352.94 0.00
v -7411.77 6352.94 0.00
v -6882.35 6352.94 -18.00
v -6882.35 6882.35 -18.00
v -6882.35 6882.35 0.00
v -6882.35 6352.94 0.00
v -6882.35 6882.35 -18.00
v -7411.77 6882.35 -18.00
v -7411.77 6882.35 0.00
v -6882.35 6882.35 0.00
v -7411.77 6882.35 -18.00
v -7411.77 6352.94 -18.00
v -7411.77 6352.94 0.00
v -7411.77 6882.35 0.00
v -7411.77 7411.77 -18.00
v -6882.35 7411.77 -18.00
v -6882.35 6882.35 -18.00
v -7411.77 6882.35 -18.00
v -7411.77 6882.35 0.00
v -6882.35 6882.35 0.00
v -6882.35 7411.77 0.00
v -7411.77 7411.77 0.00
v -7411.77 6882.35 -18.00
v -6882.35 6882.35 -18.00
v -6882.35 6882.35 0.00
v -7411.77 6882.35 0.00
v -6882.35 6882.35 -18.00
v -6882.35 7411.77 -18.00
v -6882.35 7411.77 0.00
v -6882.35 6882.35 0.00
v -6882.35 7411.77 -18.00
v -7411.77 7411.77 -18.00
v -7411.77 7411.77 0.00
v -6882.35 7411.77 0.00
v -7411.77 7411.77 -18.00
v -7411.77 6882.35 -18.00
v -7411.77 6882.35 0.00
v -7411.77 7411.77 0.00
v -7411.77 7941.18 -18.00
v -6882.35 7941.18 -18.00
v -6882.35 7411.77 -18.00
v -7411.77 7411.77 -18.00
v -7411.77 7411.77 0.00
v -6882.35 7411.77 0.00
v -6882.35 7941.18 0.00
v -7411.77 7941.18 0.00
v -7411.77 7411.77 -18.00
v -6882.35 7411.77 -18.00
v -6882.35 7411.77 0.00
v -7411.77 7411.77 0.00
v -6882.35 7411.77 -18.00
v -6882.35 7941.18 -18.00
v -6882.35 7941.18 0.00
v -6882.35 7411.77 0.00
v -6882.35 7941.18 -18.00
v -7411.77 7941.18 -18.00
v -7411.77 7941.18 0.00
v -6882.35 7941.18 0.00
v -7411.77 7941.18 -18.00
v -7411.77 7411.77 -18.00
v -7411.77 7411.77 0.00
v -7411.77 7941.18 0.00
v -7411.77 8470.59 -18.00
v -6882.35 8470.59 -18.00
v -6882.35 7941.18 -18.00
v -7411.77 7941.18 -18.00
v -7411.77 7941.18 0.00
v -6882.35 7941.18 0.00
v -6882.35 8470.59 0.00
v -7411.77 8470.59 0.00
v -7411.77 7941.18 -18.00
v -6882.35 7941.18 -18.00
v -6882.35 7941.18 0.00
v -7411.77 7941.18 0.00
v -6882.35 7941.18 -18.00
v -6882.35 8470.59 -18.00
v -6882.35 8470.59 0.00
v -6882.35 7941.18 0.00
v -6882.35 8470.59 -18.00
v -7411.77 8470.59 -18.00
v -7411.77 8470.59 0.00
v -6882.35 8470.59 0.00
v -7411.77 8470.59 -18.00
v -7411.77 7941.18 -18.00
v -7411.77 7941.18 0.00
v -7411.77 8470.59 0.00
v -7411.77 9000.00 -18.00
v -6882.35 9000.00 -18.00
v -6882.35 8470.59 -18.00
v -7411.77 8470.59 -18.00
v -7411.77 8470.59 0.00
v -6882.35 8470.59 0.00
v -6882.35 9000.00 0.00
v -7411.77 9000.00 0.00
v -7411.77 8470.59 -18.00
v -6882.35 8470.59 -18.00
v -6882.35 8470.59 0.00
v -7411.77 8470.59 0.00
v -6882.35 8470.59 -18.00
v -6882.35 9000.00 -18.00
v -6882.35 9000.00 0.00
v -6882.35 8470.59 0.00
v -6882.35 9000.00 -18.00
v -7411.77 9000.00 -18.00
v -7411.77 9000.00 0.00
v -6882.35 9000.00 0.00
v -7411.77 9000.00 -18.00
v -7411.77 8470.59 -18.00
v -7411.77 8470.59 0.00
v -7411.77 9000.00 0.00
v -6352.94 -0.00 -18.00
v -6882.35 -0.00 -18.00
v -6882.35 -0.00 0.00
v -6352.94 -0.00 0.00
v -6882.35 529.41 -18.00
v -6352.94 529.41 -18.00
v -6352.94 0.00 -18.00
v -6882.35 0.00 -18.00
v -6882.35 0.00 0.00
v -6352.94 0.00 0.00
v -6352.94 529.41 0.00
v -6882.35 529.41 0.00
v -6882.35 0.00 -18.00
v -6352.94 0.00 -18.00
v -6352.94 0.00 0.00
v -6882.35 0.00 0.00
v -6352.94 0.00 -18.00
v -6352.94 529.41 -18.00
v -6352.94 529.41 0.00
v -6352.94 0.00 0.00
v -6352.94 529.41 -18.00
v -6882.35 529.41 -18.00
v -6882.35 529.41 0.00
v -6352.94 529.41 0.00
v -6882.35 529.41 -18.00
v -6882.35 0.00 -18.00
v -6882.35 0.00 0.00
v -6882.35 529.41 0.00
v -6882.35 1058.82 -18.00
v -6352.94 1058.82 -18.00
v -6352.94 529.41 -18.00
v -6882.35 529.41 -18.00
v -6882.35 529.41 0.00
v -6352.94 529.41 0.00
v -6352.94 1058.82 0.00
v -6882.35 1058.82 0.00
v -6882.35 529.41 -18.00
v -6352.94 529.41 -18.00
v -6352.94 529.41 0.00
v -6882.35 529.41 0.00
v -6352.94 529.41 -18.00
v -6352.94 1058.82 -18.00
v -6352.94 1058.82 0.00
v -6352.94 529.41 0.00
v -6352.94 1058.82 -18.00
v -6882.35 1058.82 -18.00
v -6882.35 1058.82 0.00
v -6352.94 1058.82 0.00
v -6882.35 1058.82 -18.00
v -6882.35 529.41 -18.00
v -6882.35 529.41 0.00
v -6882.35 1058.82 0.00
v -6882.35 1588.23 -18.00
v -6352.94 1588.23 -18.00
v -6352.94 1058.82 -18.00
v -6882.35 1058.82 -18.00
v -6882.35 1058.82 0.00
v -6352.94 1058.82 0.00
v -6352.94 1588.23 0.00
v -6882.35 1588.23 0.00
v -6882.35 1058.82 -18.00
v -6352.94 1058.82 -18.00
v -6352.94 1058.82 0.00
v -6882.35 1058.82 0.00
v -6352.94 1058.82 -18.00
v -6352.94 1588.23 -18.00
v -6352.94 1588.23 0.00
v -6352.94 1058.82 0.00
v -6352.94 1588.23 -18.00
v -6882.35 1588.23 -18.00
v -6882.35 1588.23 0.00
v -6352.94 1588.23 0.00
v -6882.35 1588.23 -18.00
v -6882.35 1058.82 -18.00
v -6882.35 1058.82 0.00
v -6882.35 1588.23 0.00
v -6882.35 2117.65 -18.00
v -6352.94 2117.65 -18.00
v -6352.94 1588.23 -18.00
v -6882.35 1588.23 -18.00
v -6882.35 1588.23 0.00
v -6352.94 1588.23 0.00
v -6352.94 2117.65 0.00
v -6882.35 2117.65 0.00
v -6882.35 1588.23 -18.00
v -6352.94 1588.23 -18.00
v -6352.94 1588.23 0.00
v -6882.35 1588.23 0.00
v -6352.94 1588.23 -18.00
v -6352.94 2117.65 -18.00
v -6352.94 2117.65 0.00
v -6352.94 1588.23 0.00
v -6352.94 2117.65 -18.00
v -6882.35 2117.65 -18.00
v -6882.35 2117.65 0.00
v -6352.94 2117.65 0.00
v -6882.35 2117.65 -18.00
v -6882.35 1588.23 -18.00
v -6882.35 1588.23 0.00
v -6882.35 2117.65 0.00
v -6882.35 2647.06 -18.00
v -6352.94 2647.06 -18.00
v -6352.94 2117.65 -18.00
v -6882.35 2117.65 -18.00
v -6882.35 2117.65 0.00
v -6352.94 2117.65 0.00
v -6352.94 2647.06 0.00
v -6882.35 2647.06 0.00
v -6882.35 2117.65 -18.00
v -6352.94 2117.65 -18.00
v -6352.94 2117.65 0.00
v -6882.35 2117.65 0.00
v -6352.94 2117.65 -18.00
v -6352.94 2647.06 -18.00
v -6352.94 2647.06 0.00
v -6352.94 2117.65 0.00
v -6352.94 2647.06 -18.00
v -6882.35 2647.06 -18.00
v -6882.35 2647.06 0.00
v -6352.94 2647.06 0.00
v -6882.35 2647.06 -18.00
v -6882.35 2117.65 -18.00
v -6882.35 2117.65 0.00
v -6882.35 2647.06 0.00
v -6882.35 3176.47 -18.00
v -6352.94 3176.47 -18.00
v -6352.94 2647.06 -18.00
v -6882.35 2647.06 -18.00
v -6882.35 2647.06 0.00
v -6352.94 2647.06 0.00
v -6352.94 3176.47 0.00
v -6882.35 3176.47 0.00
v -6882.35 2647.06 -18.00
v -6352.94 2647.06 -18.00
v -6352.94 2647.06 0.00
v -6882.35 2647.06 0.00
v -6352.94 2647.06 -18.00
v -6352.94 3176.47 -18.00
v -6352.94 3176.47 0.00
v -6352.94 2647.06 0.00
v -6352.94 3176.47 -18.00
v -6882.35 3176.47 -18.00
v -6882.35 3176.47 0.00
v -6352.94 3176.47 0.00
v -6882.35 3176.47 -18.00
v -6882.35 2647.06 -18.00
v -6882.35 2647.06 0.00
v -6882.35 3176.47 0.00
v -6882.35 3705.88 -18.00
v -6352.94 3705.88 -18.00
v -6352.94 3176.47 -18.00
v -6882.35 3176.47 -18.00
v -6882.35 3176.47 0.00
v -6352.94 3176.47 0.00
v -6352.94 3705.88 0.00
v -6882.35 3705.88 0.00
v -6882.35 3176.47 -18.00
v -6352.94 3176.47 -18.00
v -6352.94 3176.47 0.00
v -6882.35 3176.47 0.00
v -6352.94 3176.47 -18.00
v -6352.94 3705.88 -18.00
v -6352.94 3705.88 0.00
v -6352.94 3176.47 0.00
v -6352.94 3705.88 -18.00
v -6882.35 3705.88 -18.00
v -6882.35 3705.88 0.00
v -6352.94 3705.88 0.00
v -6882.35 3705.88 -18.00
v -6882.35 3176.47 -18.00
v -6882.35 3176.47 0.00
v -6882.35 3705.88 0.00
v -6882.35 4235.29 -18.00
v -6352.94 4235.29 -18.00
v -6352.94 3705.88 -18.00
v -6882.35 3705.88 -18.00
v -6882.35 3705.88 0.00
v -6352.94 3705.88 0.00
v -6352.94 4235.29 0.00
v -6882.35 4235.29 0.00
v -6882.35 3705.88 -18.00
v -6352.94 3705.88 -18.00
v -6352.94 3705.88 0.00
v -6882.35 3705.88 0.00
v -6352.94 3705.88 -18.00
v -6352.94 4235.29 -18.00
v -6352.94 4235.29 0.00
v -6352.94 3705.88 0.00
v -6352.94 4235.29 -18.00
v -6882.35 4235.29 -18.00
v -6882.35 4235.29 0.00
v -6352.94 4235.29 0.00
v -6882.35 4235.29 -18.00
v -6882.35 3705.88 -18.00
v -6882.35 3705.88 0.00
v -6882.35 4235.29 0.00
v -6882.35 4764.71 -18.00
v -6352.94 4764.71 -18.00
v -6352.94 4235.29 -18.00
v -6882.35 4235.29 -18.00
v -6882.35 4235.29 0.00
v -6352.94 4235.29 0.00
v -6352.94 4764.71 0.00
v -6882.35 4764.71 0.00
v -6882.35 4235.29 -18.00
v -6352.94 4235.29 -18.00
v -6352.94 4235.29 0.00
v -6882.35 4235.29 0.00
v -6352.94 4235.29 -18.00
v -6352.94 4764.71 -18.00
v -6352.94 4764.71 0.00
v -6352.94 4235.29 0.00
v -6352.94 4764.71 -18.00
v -6882.35 4764.71 -18.00
v -6882.35 4764.71 0.00
v -6352.94 4764.71 0.00
v -6882.35 4764.71 -18.00
v -6882.35 4235.29 -18.00
v -6882.35 4235.29 0.00
v -6882.35 4764.71 0.00
v -6882.35 5294.12 -18.00
v -6352.94 5294.12 -18.00
v -6352.94 4764.71 -18.00
v -6882.35 4764.71 -18.00
v -6882.35 4764.71 0.00
v -6352.94 4764.71 0.00
v -6352.94 5294.12 0.00
v -6882.35 5294.12 0.00
v -6882.35 4764.71 -18.00
v -6352.94 4764.71 -18.00
v -6352.94 4764.71 0.00
v -6882.35 4764.71 0.00
v -6352.94 4764.71 -18.00
v -6352.94 5294.12 -18.00
v -6352.94 5294.12 0.00
v -6352.94 4764.71 0.00
v -6352.94 5294.12 -18.00
v -6882.35 5294.12 -18.00
v -6882.35 5294.12 0.00
v -6352.94 5294.12 0.00
v -6882.35 5294.12 -18.00
v -6882.35 4764.71 -18.00
v -6882.35 4764.71 0.00
v -6882.35 5294.12 0.00
v -6882.35 5823.53 -18.00
v -6352.94 5823.53 -18.00
v -6352.94 5294.12 -18.00
v -6882.35 5294.12 -18.00
v -6882.35 5294.12 0.00
v -6352.94 5294.12 0.00
v -6352.94 5823.53 0.00
v -6882.35 5823.53 0.00
v -6882.35 5294.12 -18.00
v -6352.94 5294.12 -18.00
v -6352.94 5294.12 0.00
v -6882.35 5294.12 0.00
v -6352.94 5294.12 -18.00
v -6352.94 5823.53 -18.00
v -6352.94 5823.53 0.00
v -6352.94 5294.12 0.00
v -6352.94 5823.53 -18.00
v -6882.35 5823.53 -18.00
v -6882.35 5823.53 0.00
v -6352.94 5823.53 0.00
v -6882.35 5823.53 -18.00
v -6882.35 5294.12 -18.00
v -6882.35 5294.12 0.00
v -6882.35 5823.53 0.00
v -6882.35 6352.94 -18.00
v -6352.94 6352.94 -18.00
v -6352.94 5823.53 -18.00
v -6882.35 5823.53 -18.00
v -6882.35 5823.53 0.00
v -6352.94 5823.53 0.00
v -6352.94 6352.94 0.00
v -6882.35 6352.94 0.00
v -6882.35 5823.53 -18.00
v -6352.94 5823.53 -18.00
v -6352.94 5823.53 0.00
v -6882.35 5823.53 0.00
v -6352.94 5823.53 -18.00
v -6352.94 6352.94 -18.00
v -6352.94 6352.94 0.00
v -6352.94 5823.53 0.00
v -6352.94 6352.94 -18.00
v -6882.35 6352.94 -18.00
v -6882.35 6352.94 0.00
v -6352.94 6352.94 0.00
v -6882.35 6352.94 -18.00
v -6882.35 5823.53 -18.00
v -6882.35 5823.53 0.00
v -6882.35 6352.94 0.00
v -6882.35 6882.35 -18.00
v -6352.94 6882.35 -18.00
v -6352.94 6352.94 -18.00
v -6882.35 6352.94 -18.00
v -6882.35 6352.94 0.00
v -6352.94 6352.94 0.00
v -6352.94 6882.35 0.00
v -6882.35 6882.35 0.00
v -6882.35 6352.94 -18.00
v -6352.94 6352.94 -18.00
v -6352.94 6352.94 0.00
v -6882.35 6352.94 0.00
v -6352.94 6352.94 -18.00
v -6352.94 6882.35 -18.00
v -6352.94 6882.35 0.00
v -6352.94 6352.94 0.00
v -6352.94 6882.35 -18.00
v -6882.35 6882.35 -18.00
v -6882.35 6882.35 0.00
v -6352.94 6882.35 0.00
v -6882.35 6882.35 -18.00
v -6882.35 6352.94 -18.00
v -6882.35 6352.94 0.00
v -6882.35 6882.35 0.00
v -6882.35 7411.77 -18.00
v -6352.94 7411.77 -18.00
v -6352.94 6882.35 -18.00
v -6882.35 6882.35 -18.00
v -6882.35 6882.35 0.00
v -6352.94 6882.35 0.00
v -6352.94 7411.77 0.00
v -6882.35 7411.77 0.00
v -6882.35 6882.35 -18.00
v -6352.94 6882.35 -18.00
v -6352.94 6882.35 0.00
v -6882.35 6882.35 0.00
v -6352.94 6882.35 -18.00
v -6352.94 7411.77 -18.00
v -6352.94 7411.77 0.00
v -6352.94 6882.35 0.00
v -6352.94 7411.77 -18.00
v -6882.35 7411.77 -18.00
v -6882.35 7411.77 0.00
v -6352.94 7411.77 0.00
v -6882.35 7411.77 -18.00
v -6882.35 6882.35 -18.00
v -6882.35 6882.35 0.00
v -6882.35 7411.77 0.00
v -6882.35 7941.18 -18.00
v -6352.94 7941.18 -18.00
v -6352.94 7411.77 -18.00
v -6882.35 7411.77 -18.00
v -6882.35 7411.77 0.00
v -6352.94 7411.77 0.00
v -6352.94 7941.18 0.00
v -6882.35 7941.18 0.00
v -6882.35 7411.77 -18.00
v -6352.94 7411.77 -18.00
v -6352.94 7411.77 0.00
v -6882.35 7411.77 0.00
v -6352.94 7411.77 -18.00
v -6352.94 7941.18 -18.00
v -6352.94 7941.18 0.00
v -6352.94 7411.77 0.00
v -6352.94 7941.18 -18.00
v -6882.35 7941.18 -18.00
v -6882.35 7941.18 0.00
v -6352.94 7941.18 0.00
v -6882.35 7941.18 -18.00
v -6882.35 7411.77 -18.00
v -6882.35 7411.77 0.00
v -6882.35 7941.18 0.00
v -6882.35 8470.59 -18.00
v -6352.94 8470.59 -18.00
v -6352.94 7941.18 -18.00
v -6882.35 7941.18 -18.00
v -6882.35 7941.18 0.00
v -6352.94 7941.18 0.00
v -6352.94 8470.59 0.00
v -6882.35 8470.59 0.00
v -6882.35 7941.18 -18.00
v -6352.94 7941.18 -18.00
v -6352.94 7941.18 0.00
v -6882.35 7941.18 0.00
v -6352.94 7941.18 -18.00
v -6352.94 8470.59 -18.00
v -6352.94 8470.59 0.00
v -6352.94 7941.18 0.00
v -6352.94 8470.59 -18.00
v -6882.35 8470.59 -18.00
v -6882.35 8470.59 0.00
v -6352.94 8470.59 0.00
v -6882.35 8470.59 -18.00
v -6882.35 7941.18 -18.00
v -6882.35 7941.18 0.00
v -6882.35 8470.59 0.00
v -6882.35 9000.00 -18.00
v -6352.94 9000.00 -18.00
v -6352.94 8470.59 -18.00
v -6882.35 8470.59 -18.00
v -6882.35 8470.59 0.00
v -6352.94 8470.59 0.00
v -6352.94 9000.00 0.00
v -6882.35 9000.00 0.00
v -6882.35 8470.59 -18.00
v -6352.94 8470.59 -18.00
v -6352.94 8470.59 0.00
v -6882.35 8470.59 0.00
v -6352.94 8470.59 -18.00
v -6352.94 9000.00 -18.00
v -6352.94 9000.00 0.00
v -6352.94 8470.59 0.00
v -6352.94 9000.00 -18.00
v -6882.35 9000.00 -18.00
v -6882.35 9000.00 0.00
v -6352.94 9000.00 0.00
v -6882.35 9000.00 -18.00
v -6882.35 8470.59 -18.00
v -6882.35 8470.59 0.00
v -6882.35 9000.00 0.00
v -5823.53 -0.00 -18.00
v -6352.94 -0.00 -18.00
v -6352.94 -0.00 0.00
v -5823.53 -0.00 0.00
v -6352.94 529.41 -18.00
v -5823.53 529.41 -18.00
v -5823.53 0.00 -18.00
v -6352.94 0.00 -18.00
v -6352.94 0.00 0.00
v -5823.53 0.00 0.00
v -5823.53 529.41 0.00
v -6352.94 529.41 0.00
v -6352.94 0.00 -18.00
v -5823.53 0.00 -18.00
v -5823.53 0.00 0.00
v -6352.94 0.00 0.00
v -5823.53 0.00 -18.00
v -5823.53 529.41 -18.00
v -5823.53 529.41 0.00
v -5823.53 0.00 0.00
v -5823.53 529.41 -18.00
v -6352.94 529.41 -18.00
v -6352.94 529.41 0.00
v -5823.53 529.41 0.00
v -6352.94 529.41 -18.00
v -6352.94 0.00 -18.00
v -6352.94 0.00 0.00
v -6352.94 529.41 0.00
v -6352.94 1058.82 -18.00
v -5823.53 1058.82 -18.00
v -5823.53 529.41 -18.00
v -6352.94 529.41 -18.00
v -6352.94 529.41 0.00
v -5823.53 529.41 0.00
v -5823.53 1058.82 0.00
v -6352.94 1058.82 0.00
v -6352.94 529.41 -18.00
v -5823.53 529.41 -18.00
v -5823.53 529.41 0.00
v -6352.94 529.41 0.00
v -5823.53 529.41 -18.00
v -5823.53 1058.82 -18.00
v -5823.53 1058.82 0.00
v -5823.53 529.41 0.00
v -5823.53 1058.82 -18.00
v -6352.94 1058.82 -18.00
v -6352.94 1058.82 0.00
v -5823.53 1058.82 0.00
v -6352.94 1058.82 -18.00
v -6352.94 529.41 -18.00
v -6352.94 529.41 0.00
v -6352.94 1058.82 0.00
v -6352.94 1588.23 -18.00
v -5823.53 1588.23 -18.00
v -5823.53 1058.82 -18.00
v -6352.94 1058.82 -18.00
v -6352.94 1058.82 0.00
v -5823.53 1058.82 0.00
v -5823.53 1588.23 0.00
v -6352.94 1588.23 0.00
v -6352.94 1058.82 -18.00
v -5823.53 1058.82 -18.00
v -5823.53 1058.82 0.00
v -6352.94 1058.82 0.00
v -5823.53 1058.82 -18.00
v -5823.53 1588.23 -18.00
v -5823.53 1588.23 0.00
v -5823.53 1058.82 0.00
v -5823.53 1588.23 -18.00
v -6352.94 1588.23 -18.00
v -6352.94 1588.23 0.00
v -5823.53 1588.23 0.00
v -6352.94 1588.23 -18.00
v -6352.94 1058.82 -18.00
v -6352.94 1058.82 0.00
v -6352.94 1588.23 0.00
v -6352.94 2117.65 -18.00
v -5823.53 2117.65 -18.00
v -5823.53 1588.23 -18.00
v -6352.94 1588.23 -18.00
v -6352.94 1588.23 0.00
v -5823.53 1588.23 0.00
v -5823.53 2117.65 0.00
v -6352.94 2117.65 0.00
v -6352.94 1588.23 -18.00
v -5823.53 1588.23 -18.00
v -5823.53 1588.23 0.00
v -6352.94 1588.23 0.00
v -5823.53 1588.23 -18.00
v -5823.53 2117.65 -18.00
v -5823.53 2117.65 0.00
v -5823.53 1588.23 0.00
v -5823.53 2117.65 -18.00
v -6352.94 2117.65 -18.00
v -6352.94 2117.65 0.00
v -5823.53 2117.65 0.00
v -6352.94 2117.65 -18.00
v -6352.94 1588.23 -18.00
v -6352.94 1588.23 0.00
v -6352.94 2117.65 0.00
v -6352.94 2647.06 -18.00
v -5823.53 2647.06 -18.00
v -5823.53 2117.65 -18.00
v -6352.94 2117.65 -18.00
v -6352.94 2117.65 0.00
v -5823.53 2117.65 0.00
v -5823.53 2647.06 0.00
v -6352.94 2647.06 0.00
v -6352.94 2117.65 -18.00
v -5823.53 2117.65 -18.00
v -5823.53 2117.65 0.00
v -6352.94 2117.65 0.00
v -5823.53 2117.65 -18.00
v -5823.53 2647.06 -18.00
v -5823.53 2647.06 0.00
v -5823.53 2117.65 0.00
v -5823.53 2647.06 -18.00
v -6352.94 2647.06 -18.00
v -6352.94 2647.06 0.00
v -5823.53 2647.06 0.00
v -6352.94 2647.06 -18.00
v -6352.94 2117.65 -18.00
v -6352.94 2117.65 0.00
v -6352.94 2647.06 0.00
v -6352.94 3176.47 -18.00
v -5823.53 3176.47 -18.00
v -5823.53 2647.06 -18.00
v -6352.94 2647.06 -18.00
v -6352.94 2647.06 0.00
v -5823.53 2647.06 0.00
v -5823.53 3176.47 0.00
v -6352.94 3176.47 0.00
v -6352.94 2647.06 -18.00
v -5823.53 2647.06 -18.00
v -5823.53 2647.06 0.00
v -6352.94 2647.06 0.00
v -5823.53 2647.06 -18.00
v -5823.53 3176.47 -18.00
v -5823.53 3176.47 0.00
v -5823.53 2647.06 0.00
v -5823.53 3176.47 -18.00
v -6352.94 3176.47 -18.00
v -6352.94 3176.47 0.00
v -5823.53 3176.47 0.00
v -6352.94 3176.47 -18.00
v -6352.94 2647.06 -18.00
v -6352.94 2647.06 0.00
v -6352.94 3176.47 0.00
v -6352.94 3705.88 -18.00
v -5823.53 3705.88 -18.00
v -5823.53 3176.47 -18.00
v -6352.94 3176.47 -18.00
v -6352.94 3176.47 0.00
v -5823.53 3176.47 0.00
v -5823.53 3705.88 0.00
v -6352.94 3705.88 0.00
v -6352.94 3176.47 -18.00
v -5823.53 3176.47 -18.00
v -5823.53 3176.47 0.00
v -6352.94 3176.47 0.00
v -5823.53 3176.47 -18.00
v -5823.53 3705.88 -18.00
v -5823.53 3705.88 0.00
v -5823.53 3176.47 0.00
v -5823.53 3705.88 -18.00
v -6352.94 3705.88 -18.00
v -6352.94 3705.88 0.00
v -5823.53 3705.88 0.00
v -6352.94 3705.88 -18.00
v -6352.94 3176.47 -18.00
v -6352.94 3176.47 0.00
v -6352.94 3705.88 0.00
v -6352.94 4235.29 -18.00
v -5823.53 4235.29 -18.00
v -5823.53 3705.88 -18.00
v -6352.94 3705.88 -18.00
v -6352.94 3705.88 0.00
v -5823.53 3705.88 0.00
v -5823.53 4235.29 0.00
v -6352.94 4235.29 0.00
v -6352.94 3705.88 -18.00
v -5823.53 3705.88 -18.00
v -5823.53 3705.88 0.00
v -6352.94 3705.88 0.00
v -5823.53 3705.88 -18.00
v -5823.53 4235.29 -18.00
v -5823.53 4235.29 0.00
v -5823.53 3705.88 0.00
v -5823.53 4235.29 -18.00
v -6352.94 4235.29 -18.00
v -6352.94 4235.29 0.00
v -5823.53 4235.29 0.00
v -6352.94 4235.29 -18.00
v -6352.94 3705.88 -18.00
v -6352.94 3705.88 0.00
v -6352.94 4235.29 0.00
v -6352.94 4764.71 -18.00
v -5823.53 4764.71 -18.00
v -5823.53 4235.29 -18.00
v -6352.94 4235.29 -18.00
v -6352.94 4235.29 0.00
v -5823.53 4235.29 0.00
v -5823.53 4764.71 0.00
v -6352.94 4764.71 0.00
v -6352.94 4235.29 -18.00
v -5823.53 4235.29 -18.00
v -5823.53 4235.29 0.00
v -6352.94 4235.29 0.00
v -5823.53 4235.29 -18.00
v -5823.53 4764.71 -18.00
v -5823.53 4764.71 0.00
v -5823.53 4235.29 0.00
v -5823.53 4764.71 -18.00
v -6352.94 4764.71 -18.00
v -6352.94 4764.71 0.00
v -5823.53 4764.71 0.00
v -6352.94 4764.71 -18.00
v -6352.94 4235.29 -18.00
v -6352.94 4235.29 0.00
v -6352.94 4764.71 0.00
v -6352.94 5294.12 -18.00
v -5823.53 5294.12 -18.00
v -5823.53 4764.71 -18.00
v -6352.94 4764.71 -18.00
v -6352.94 4764.71 0.00
v -5823.53 4764.71 0.00
v -5823.53 5294.12 0.00
v -6352.94 5294.12 0.00
v -6352.94 4764.71 -18.00
v -5823.53 4764.71 -18.00
v -5823.53 4764.71 0.00
v -6352.94 4764.71 0.00
v -5823.53 4764.71 -18.00
v -5823.53 5294.12 -18.00
v -5823.53 5294.12 0.00
v -5823.53 4764.71 0.00
v -5823.53 5294.12 -18.00
v -6352.94 5294.12 -18.00
v -6352.94 5294.12 0.00
v -5823.53 5294.12 0.00
v -6352.94 5294.12 -18.00
v -6352.94 4764.71 -18.00
v -6352.94 4764.71 0.00
v -6352.94 5294.12 0.00
v -6352.94 5823.53 -18.00
v -5823.53 5823.53 -18.00
v -5823.53 5294.12 -18.00
v -6352.94 5294.12 -18.00
v -6352.94 5294.12 0.00
v -5823.53 5294.12 0.00
v -5823.53 5823.53 0.00
v -6352.94 5823.53 0.00
v -6352.94 5294.12 -18.00
v -5823.53 5294.12 -18.00
v -5823.53 5294.12 0.00
v -6352.94 5294.12 0.00
v -5823.53 5294.12 -18.00
v -5823.53 5823.53 -18.00
v -5823.53 5823.53 0.00
v -5823.53 5294.12 0.00
v -5823.53 5823.53 -18.00
v -6352.94 5823.53 -18.00
v -6352.94 5823.53 0.00
v -5823.53 5823.53 0.00
v -6352.94 5823.53 -18.00
v -6352.94 5294.12 -18.00
v -6352.94 5294.12 0.00
v -6352.94 5823.53 0.00
v -6352.94 6352.94 -18.00
v -5823.53 6352.94 -18.00
v -5823.53 5823.53 -18.00
v -6352.94 5823.53 -18.00
v -6352.94 5823.53 0.00
v -5823.53 5823.53 0.00
v -5823.53 6352.94 0.00
v -6352.94 6352.94 0.00
v -6352.94 5823.53 -18.00
v -5823.53 5823.53 -18.00
v -5823.53 5823.53 0.00
v -6352.94 5823.53 0.00
v -5823.53 5823.53 -18.00
v -5823.53 6352.94 -18.00
v -5823.53 6352.94 0.00
v -5823.53 5823.53 0.00
v -5823.53 6352.94 -18.00
v -6352.94 6352.94 -18.00
v -6352.94 6352.94 0.00
v -5823.53 6352.94 0.00
v -6352.94 6352.94 -18.00
v -6352.94 5823.53 -18.00
v -6352.94 5823.53 0.00
v -6352.94 6352.94 0.00
v -6352.94 6882.35 -18.00
v -5823.53 6882.35 -18.00
v -5823.53 6352.94 -18.00
v -6352.94 6352.94 -18.00
v -6352.94 6352.94 0.00
v -5823.53 6352.94 0.00
v -5823.53 6882.35 0.00
v -6352.94 6882.35 0.00
v -6352.94 6352.94 -18.00
v -5823.53 6352.94 -18.00
v -5823.53 6352.94 0.00
v -6352.94 6352.94 0.00
v -5823.53 6352.94 -18.00
v -5823.53 6882.35 -18.00
v -5823.53 6882.35 0.00
v -5823.53 6352.94 0.00
v -5823.53 6882.35 -18.00
v -6352.94 6882.35 -18.00
v -6352.94 6882.35 0.00
v -5823.53 6882.35 0.00
v -6352.94 6882.35 -18.00
v -6352.94 6352.94 -18.00
v -6352.94 6352.94 0.00
v -6352.94 6882.35 0.00
v -6352.94 7411.77 -18.00
v -5823.53 7411.77 -18.00
v -5823.53 6882.35 -18.00
v -6352.94 6882.35 -18.00
v -6352.94 6882.35 0.00
v -5823.53 6882.35 0.00
v -5823.53 7411.77 0.00
v -6352.94 7411.77 0.00
v -6352.94 6882.35 -18.00
v -5823.53 6882.35 -18.00
v -5823.53 6882.35 0.00
v -6352.94 6882.35 0.00
v -5823.53 6882.35 -18.00
v -5823.53 7411.77 -18.00
v -5823.53 7411.77 0.00
v -5823.53 6882.35 0.00
v -5823.53 7411.77 -18.00
v -6352.94 7411.77 -18.00
v -6352.94 7411.77 0.00
v -5823.53 7411.77 0.00
v -6352.94 7411.77 -18.00
v -6352.94 6882.35 -18.00
v -6352.94 6882.35 0.00
v -6352.94 7411.77 0.00
v -6352.94 7941.18 -18.00
v -5823.53 7941.18 -18.00
v -5823.53 7411.77 -18.00
v -6352.94 7411.77 -18.00
v -6352.94 7411.77 0.00
v -5823.53 7411.77 0.00
v -5823.53 7941.18 0.00
v -6352.94 7941.18 0.00
v -6352.94 7411.77 -18.00
v -5823.53 7411.77 -18.00
v -5823.53 7411.77 0.00
v -6352.94 7411.77 0.00
v -5823.53 7411.77 -18.00
v -5823.53 7941.18 -18.00
v -5823.53 7941.18 0.00
v -5823.53 7411.77 0.00
v -5823.53 7941.18 -18.00
v -6352.94 7941.18 -18.00
v -6352.94 7941.18 0.00
v -5823.53 7941.18 0.00
v -6352.94 7941.18 -18.00
v -6352.94 7411.77 -18.00
v -6352.94 7411.77 0.00
v -6352.94 7941.18 0.00
v -6352.94 8470.59 -18.00
v -5823.53 8470.59 -18.00
v -5823.53 7941.18 -18.00
v -6352.94 7941.18 -18.00
v -6352.94 7941.18 0.00
v -5823.53 7941.18 0.00
v -5823.53 8470.59 0.00
v -6352.94 8470.59 0.00
v -6352.94 7941.18 -18.00
v -5823.53 7941.18 -18.00
v -5823.53 7941.18 0.00
v -6352.94 7941.18 0.00
v -5823.53 7941.18 -18.00
v -5823.53 8470.59 -18.00
v -5823.53 8470.59 0.00
v -5823.53 7941.18 0.00
v -5823.53 8470.59 -18.00
v -6352.94 8470.59 -18.00
v -6352.94 8470.59 0.00
v -5823.53 8470.59 0.00
v -6352.94 8470.59 -18.00
v -6352.94 7941.18 -18.00
v -6352.94 7941.18 0.00
v -6352.94 8470.59 0.00
v -6352.94 9000.00 -18.00
v -5823.53 9000.00 -18.00
v -5823.53 8470.59 -18.00
v -6352.94 8470.59 -18.00
v -6352.94 8470.59 0.00
v -5823.53 8470.59 0.00
v -5823.53 9000.00 0.00
v -6352.94 9000.00 0.00
v -6352.94 8470.59 -18.00
v -5823.53 8470.59 -18.00
v -5823.53 8470.59 0.00
v -6352.94 8470.59 0.00
v -5823.53 8470.59 -18.00
v -5823.53 9000.00 -18.00
v -5823.53 9000.00 0.00
v -5823.53 8470.59 0.00
v -5823.53 9000.00 -18.00
v -6352.94 9000.00 -18.00
v -6352.94 9000.00 0.00
v -5823.53 9000.00 0.00
v -6352.94 9000.00 -18.00
v -6352.94 8470.59 -18.00
v -6352.94 8470.59 0.00
v -6352.94 9000.00 0.00
v -5294.12 -0.00 -18.00
v -5823.53 -0.00 -18.00
v -5823.53 -0.00 0.00
v -5294.12 -0.00 0.00
v -5823.53 529.41 -18.00
v -5294.12 529.41 -18.00
v -5294.12 0.00 -18.00
v -5823.53 0.00 -18.00
v -5823.53 0.00 0.00
v -5294.12 0.00 0.00
v -5294.12 529.41 0.00
v -5823.53 529.41 0.00
v -5823.53 0.00 -18.00
v -5294.12 0.00 -18.00
v -5294.12 0.00 0.00
v -5823.53 0.00 0.00
v -5294.12 0.00 -18.00
v -5294.12 529.41 -18.00
v -5294.12 529.41 0.00
v -5294.12 0.00 0.00
v -5294.12 529.41 -18.00
v -5823.53 529.41 -18.00
v -5823.53 529.41 0.00
v -5294.12 529.41 0.00
v -5823.53 529.41 -18.00
v -5823.53 0.00 -18.00
v -5823.53 0.00 0.00
v -5823.53 529.41 0.00
v -5823.53 1058.82 -18.00
v -5294.12 1058.82 -18.00
v -5294.12 529.41 -18.00
v -5823.53 529.41 -18.00
v -5823.53 529.41 0.00
v -5294.12 529.41 0.00
v -5294.12 1058.82 0.00
v -5823.53 1058.82 0.00
v -5823.53 529.41 -18.00
v -5294.12 529.41 -18.00
v -5294.12 529.41 0.00
v -5823.53 529.41 0.00
v -5294.12 529.41 -18.00
v -5294.12 1058.82 -18.00
v -5294.12 1058.82 0.00
v -5294.12 529.41 0.00
v -5294.12 1058.82 -18.00
v -5823.53 1058.82 -18.00
v -5823.53 1058.82 0.00
v -5294.12 1058.82 0.00
v -5823.53 1058.82 -18.00
v -5823.53 529.41 -18.00
v -5823.53 529.41 0.00
v -5823.53 1058.82 0.00
v -5823.53 1588.23 -18.00
v -5294.12 1588.23 -18.00
v -5294.12 1058.82 -18.00
v -5823.53 1058.82 -18.00
v -5823.53 1058.82 0.00
v -5294.12 1058.82 0.00
v -5294.12 1588.23 0.00
v -5823.53 1588.23 0.00
v -5823.53 1058.82 -18.00
v -5294.12 1058.82 -18.00
v -5294.12 1058.82 0.00
v -5823.53 1058.82 0.00
v -5294.12 1058.82 -18.00
v -5294.12 1588.23 -18.00
v -5294.12 1588.23 0.00
v -5294.12 1058.82 0.00
v -5294.12 1588.23 -18.00
v -5823.53 1588.23 -18.00
v -5823.53 1588.23 0.00
v -5294.12 1588.23 0.00
v -5823.53 1588.23 -18.00
v -5823.53 1058.82 -18.00
v -5823.53 1058.82 0.00
v -5823.53 1588.23 0.00
v -5823.53 2117.65 -18.00
v -5294.12 2117.65 -18.00
v -5294.12 1588.23 -18.00
v -5823.53 1588.23 -18.00
v -5823.53 1588.23 0.00
v -5294.12 1588.23 0.00
v -5294.12 2117.65 0.00
v -5823.53 2117.65 0.00
v -5823.53 1588.23 -18.00
v -5294.12 1588.23 -18.00
v -5294.12 1588.23 0.00
v -5823.53 1588.23 0.00
v -5294.12 1588.23 -18.00
v -5294.12 2117.65 -18.00
v -5294.12 2117.65 0.00
v -5294.12 1588.23 0.00
v -5294.12 2117.65 -18.00
v -5823.53 2117.65 -18.00
v -5823.53 2117.65 0.00
v -5294.12 2117.65 0.00
v -5823.53 2117.65 -18.00
v -5823.53 1588.23 -18.00
v -5823.53 1588.23 0.00
v -5823.53 2117.65 0.00
v -5823.53 2647.06 -18.00
v -5294.12 2647.06 -18.00
v -5294.12 2117.65 -18.00
v -5823.53 2117.65 -18.00
v -5823.53 2117.65 0.00
v -5294.12 2117.65 0.00
v -5294.12 2647.06 0.00
v -5823.53 2647.06 0.00
v -5823.53 2117.65 -18.00
v -5294.12 2117.65 -18.00
v -5294.12 2117.65 0.00
v -5823.53 2117.65 0.00
v -5294.12 2117.65 -18.00
v -5294.12 2647.06 -18.00
v -5294.12 2647.06 0.00
v -5294.12 2117.65 0.00
v -5294.12 2647.06 -18.00
v -5823.53 2647.06 -18.00
v -5823.53 2647.06 0.00
v -5294.12 2647.06 0.00
v -5823.53 2647.06 -18.00
v -5823.53 2117.65 -18.00
v -5823.53 2117.65 0.00
v -5823.53 2647.06 0.00
v -5823.53 3176.47 -18.00
v -5294.12 3176.47 -18.00
v -5294.12 2647.06 -18.00
v -5823.53 2647.06 -18.00
v -5823.53 2647.06 0.00
v -5294.12 2647.06 0.00
v -5294.12 3176.47 0.00
v -5823.53 3176.47 0.00
v -5823.53 2647.06 -18.00
v -5294.12 2647.06 -18.00
v -5294.12 2647.06 0.00
v -5823.53 2647.06 0.00
v -5294.12 2647.06 -18.00
v -5294.12 3176.47 -18.00
v -5294.12 3176.47 0.00
v -5294.12 2647.06 0.00
v -5294.12 3176.47 -18.00
v -5823.53 3176.47 -18.00
v -5823.53 3176.47 0.00
v -5294.12 3176.47 0.00
v -5823.53 3176.47 -18.00
v -5823.53 2647.06 -18.00
v -5823.53 2647.06 0.00
v -5823.53 3176.47 0.00
v -5823.53 3705.88 -18.00
v -5294.12 3705.88 -18.00
v -5294.12 3176.47 -18.00
v -5823.53 3176.47 -18.00
v -5823.53 3176.47 0.00
v -5294.12 3176.47 0.00
v -5294.12 3705.88 0.00
v -5823.53 3705.88 0.00
v -5823.53 3176.47 -18.00
v -5294.12 3176.47 -18.00
v -5294.12 3176.47 0.00
v -5823.53 3176.47 0.00
v -5294.12 3176.47 -18.00
v -5294.12 3705.88 -18.00
v -5294.12 3705.88 0.00
v -5294.12 3176.47 0.00
v -5294.12 3705.88 -18.00
v -5823.53 3705.88 -18.00
v -5823.53 3705.88 0.00
v -5294.12 3705.88 0.00
v -5823.53 3705.88 -18.00
v -5823.53 3176.47 -18.00
v -5823.53 3176.47 0.00
v -5823.53 3705.88 0.00
v -5823.53 4235.29 -18.00
v -5294.12 4235.29 -18.00
v -5294.12 3705.88 -18.00
v -5823.53 3705.88 -18.00
v -5823.53 3705.88 0.00
v -5294.12 3705.88 0.00
v -5294.12 4235.29 0.00
v -5823.53 4235.29 0.00
v -5823.53 3705.88 -18.00
v -5294.12 3705.88 -18.00
v -5294.12 3705.88 0.00
v -5823.53 3705.88 0.00
v -5294.12 3705.88 -18.00
v -5294.12 4235.29 -18.00
v -5294.12 4235.29 0.00
v -5294.12 3705.88 0.00
v -5294.12 4235.29 -18.00
v -5823.53 4235.29 -18.00
v -5823.53 4235.29 0.00
v -5294.12 4235.29 0.00
v -5823.53 4235.29 -18.00
v -5823.53 3705.88 -18.00
v -5823.53 3705.88 0.00
v -5823.53 4235.29 0.00
v -5823.53 4764.71 -18.00
v -5294.12 4764.71 -18.00
v -5294.12 4235.29 -18.00
v -5823.53 4235.29 -18.00
v -5823.53 4235.29 0.00
v -5294.12 4235.29 0.00
v -5294.12 4764.71 0.00
v -5823.53 4764.71 0.00
v -5823.53 4235.29 -18.00
v -5294.12 4235.29 -18.00
v -5294.12 4235.29 0.00
v -5823.53 4235.29 0.00
v -5294.12 4235.29 -18.00
v -5294.12 4764.71 -18.00
v -5294.12 4764.71 0.00
v -5294.12 4235.29 0.00
v -5294.12 4764.71 -18.00
v -5823.53 4764.71 -18.00
v -5823.53 4764.71 0.00
v -5294.12 4764.71 0.00
v -5823.53 4764.71 -18.00
v -5823.53 4235.29 -18.00
v -5823.53 4235.29 0.00
v -5823.53 4764.71 0.00
v -5823.53 5294.12 -18.00
v -5294.12 5294.12 -18.00
v -5294.12 4764.71 -18.00
v -5823.53 4764.71 -18.00
v -5823.53 4764.71 0.00
v -5294.12 4764.71 0.00
v -5294.12 5294.12 0.00
v -5823.53 5294.12 0.00
v -5823.53 4764.71 -18.00
v -5294.12 4764.71 -18.00
v -5294.12 4764.71 0.00
v -5823.53 4764.71 0.00
v -5294.12 4764.71 -18.00
v -5294.12 5294.12 -18.00
v -5294.12 5294.12 0.00
v -5294.12 4764.71 0.00
v -5294.12 5294.12 -18.00
v -5823.53 5294.12 -18.00
v -5823.53 5294.12 0.00
v -5294.12 5294.12 0.00
v -5823.53 5294.12 -18.00
v -5823.53 4764.71 -18.00
v -5823.53 4764.71 0.00
v -5823.53 5294.12 0.00
v -5823.53 5823.53 -18.00
v -5294.12 5823.53 -18.00
v -5294.12 5294.12 -18.00
v -5823.53 5294.12 -18.00
v -5823.53 5294.12 0.00
v -5294.12 5294.12 0.00
v -5294.12 5823.53 0.00
v -5823.53 5823.53 0.00
v -5823.53 5294.12 -18.00
v -5294.12 5294.12 -18.00
v -5294.12 5294.12 0.00
v -5823.53 5294.12 0.00
v -5294.12 5294.12 -18.00
v -5294.12 5823.53 -18.00
v -5294.12 5823.53 0.00
v -5294.12 5294.12 0.00
v -5294.12 5823.53 -18.00
v -5823.53 5823.53 -18.00
v -5823.53 5823.53 0.00
v -5294.12 5823.53 0.00
v -5823.53 5823.53 -18.00
v -5823.53 5294.12 -18.00
v -5823.53 5294.12 0.00
v -5823.53 5823.53 0.00
v -5823.53 6352.94 -18.00
v -5294.12 6352.94 -18.00
v -5294.12 5823.53 -18.00
v -5823.53 5823.53 -18.00
v -5823.53 5823.53 0.00
v -5294.12 5823.53 0.00
v -5294.12 6352.94 0.00
v -5823.53 6352.94 0.00
v -5823.53 5823.53 -18.00
v -5294.12 5823.53 -18.00
v -5294.12 5823.53 0.00
v -5823.53 5823.53 0.00
v -5294.12 5823.53 -18.00
v -5294.12 6352.94 -18.00
v -5294.12 6352.94 0.00
v -5294.12 5823.53 0.00
v -5294.12 6352.94 -18.00
v -5823.53 6352.94 -18.00
v -5823.53 6352.94 0.00
v -5294.12 6352.94 0.00
v -5823.53 6352.94 -18.00
v -5823.53 5823.53 -18.00
v -5823.53 5823.53 0.00
v -5823.53 6352.94 0.00
v -5823.53 6882.35 -18.00
v -5294.12 6882.35 -18.00
v -5294.12 6352.94 -18.00
v -5823.53 6352.94 -18.00
v -5823.53 6352.94 0.00
v -5294.12 6352.94 0.00
v -5294.12 6882.35 0.00
v -5823.53 6882.35 0.00
v -5823.53 6352.94 -18.00
v -5294.12 6352.94 -18.00
v -5294.12 6352.94 0.00
v -5823.53 6352.94 0.00
v -5294.12 6352.94 -18.00
v -5294.12 6882.35 -18.00
v -5294.12 6882.35 0.00
v -5294.12 6352.94 0.00
v -5294.12 6882.35 -18.00
v -5823.53 6882.35 -18.00
v -5823.53 6882.35 0.00
v -5294.12 6882.35 0.00
v -5823.53 6882.35 -18.00
v -5823.53 6352.94 -18.00
v -5823.53 6352.94 0.00
v -5823.53 6882.35 0.00
v -5823.53 7411.77 -18.00
v -5294.12 7411.77 -18.00
v -5294.12 6882.35 -18.00
v -5823.53 6882.35 -18.00
v -5823.53 6882.35 0.00
v -5294.12 6882.35 0.00
v -5294.12 7411.77 0.00
v -5823.53 7411.77 0.00
v -5823.53 6882.35 -18.00
v -5294.12 6882.35 -18.00
v -5294.12 6882.35 0.00
v -5823.53 6882.35 0.00
v -5294.12 6882.35 -18.00
v -5294.12 7411.77 -18.00
v -5294.12 7411.77 0.00
v -5294.12 6882.35 0.00
v -5294.12 7411.77 -18.00
v -5823.53 7411.77 -18.00
v -5823.53 7411.77 0.00
v -5294.12 7411.77 0.00
v -5823.53 7411.77 -18.00
v -5823.53 6882.35 -18.00
v -5823.53 6882.35 0.00
v -5823.53 7411.77 0.00
v -5823.53 7941.18 -18.00
v -5294.12 7941.18 -18.00
v -5294.12 7411.77 -18.00
v -5823.53 7411.77 -18.00
v -5823.53 7411.77 0.00
v -5294.12 7411.77 0.00
v -5294.12 7941.18 0.00
v -5823.53 7941.18 0.00
v -5823.53 7411.77 -18.00
v -5294.12 7411.77 -18.00
v -5294.12 7411.77 0.00
v -5823.53 7411.77 0.00
v -5294.12 7411.77 -18.00
v -5294.12 7941.18 -18.00
v -5294.12 7941.18 0.00
v -5294.12 7411.77 0.00
v -5294.12 7941.18 -18.00
v -5823.53 7941.18 -18.00
v -5823.53 7941.18 0.00
v -5294.12 7941.18 0.00
v -5823.53 7941.18 -18.00
v -5823.53 7411.77 -18.00
v -5823.53 7411.77 0.00
v -5823.53 7941.18 0.00
v -5823.53 8470.59 -18.00
v -5294.12 8470.59 -18.00
v -5294.12 7941.18 -18.00
v -5823.53 7941.18 -18.00
v -5823.53 7941.18 0.00
v -5294.12 7941.18 0.00
v -5294.12 8470.59 0.00
v -5823.53 8470.59 0.00
v -5823.53 7941.18 -18.00
v -5294.12 7941.18 -18.00
v -5294.12 7941.18 0.00
v -5823.53 7941.18 0.00
v -5294.12 7941.18 -18.00
v -5294.12 8470.59 -18.00
v -5294.12 8470.59 0.00
v -5294.12 7941.18 0.00
v -5294.12 8470.59 -18.00
v -5823.53 8470.59 -18.00
v -5823.53 8470.59 0.00
v -5294.12 8470.59 0.00
v -5823.53 8470.59 -18.00
v -5823.53 7941.18 -18.00
v -5823.53 7941.18 0.00
v -5823.53 8470.59 0.00
v -5823.53 9000.00 -18.00
v -5294.12 9000.00 -18.00
v -5294.12 8470.59 -18.00
v -5823.53 8470.59 -18.00
v -5823.53 8470.59 0.00
v -5294.12 8470.59 0.00
v -5294.12 9000.00 0.00
v -5823.53 9000.00 0.00
v -5823.53 8470.59 -18.00
v -5294.12 8470.59 -18.00
v -5294.12 8470.59 0.00
v -5823.53 8470.59 0.00
v -5294.12 8470.59 -18.00
v -5294.12 9000.00 -18.00
v -5294.12 9000.00 0.00
v -5294.12 8470.59 0.00
v -5294.12 9000.00 -18.00
v -5823.53 9000.00 -18.00
v -5823.53 9000.00 0.00
v -5294.12 9000.00 0.00
v -5823.53 9000.00 -18.00
v -5823.53 8470.59 -18.00
v -5823.53 8470.59 0.00
v -5823.53 9000.00 0.00
v -4764.71 -0.00 -18.00
v -5294.12 -0.00 -18.00
v -5294.12 -0.00 0.00
v -4764.71 -0.00 0.00
v -5294.12 529.41 -18.00
v -4764.71 529.41 -18.00
v -4764.71 0.00 -18.00
v -5294.12 0.00 -18.00
v -5294.12 0.00 0.00
v -4764.71 0.00 0.00
v -4764.71 529.41 0.00
v -5294.12 529.41 0.00
v -5294.12 0.00 -18.00
v -4764.71 0.00 -18.00
v -4764.71 0.00 0.00
v -5294.12 0.00 0.00
v -4764.71 0.00 -18.00
v -4764.71 529.41 -18.00
v -4764.71 529.41 0.00
v -4764.71 0.00 0.00
v -4764.71 529.41 -18.00
v -5294.12 529.41 -18.00
v -5294.12 529.41 0.00
v -4764.71 529.41 0.00
v -5294.12 529.41 -18.00
v -5294.12 0.00 -18.00
v -5294.12 0.00 0.00
v -5294.12 529.41 0.00
v -5294.12 1058.82 -18.00
v -4764.71 1058.82 -18.00
v -4764.71 529.41 -18.00
v -5294.12 529.41 -18.00
v -5294.12 529.41 0.00
v -4764.71 529.41 0.00
v -4764.71 1058.82 0.00
v -5294.12 1058.82 0.00
v -5294.12 529.41 -18.00
v -4764.71 529.41 -18.00
v -4764.71 529.41 0.00
v -5294.12 529.41 0.00
v -4764.71 529.41 -18.00
v -4764.71 1058.82 -18.00
v -4764.71 1058.82 0.00
v -4764.71 529.41 0.00
v -4764.71 1058.82 -18.00
v -5294.12 1058.82 -18.00
v -5294.12 1058.82 0.00
v -4764.71 1058.82 0.00
v -5294.12 1058.82 -18.00
v -5294.12 529.41 -18.00
v -5294.12 529.41 0.00
v -5294.12 1058.82 0.00
v -5294.12 1588.23 -18.00
v -4764.71 1588.23 -18.00
v -4764.71 1058.82 -18.00
v -5294.12 1058.82 -18.00
v -5294.12 1058.82 0.00
v -4764.71 1058.82 0.00
v -4764.71 1588.23 0.00
v -5294.12 1588.23 0.00
v -5294.12 1058.82 -18.00
v -4764.71 1058.82 -18.00
v -4764.71 1058.82 0.00
v -5294.12 1058.82 0.00
v -4764.71 1058.82 -18.00
v -4764.71 1588.23 -18.00
v -4764.71 1588.23 0.00
v -4764.71 1058.82 0.00
v -4764.71 1588.23 -18.00
v -5294.12 1588.23 -18.00
v -5294.12 1588.23 0.00
v -4764.71 1588.23 0.00
v -5294.12 1588.23 -18.00
v -5294.12 1058.82 -18.00
v -5294.12 1058.82 0.00
v -5294.12 1588.23 0.00
v -5294.12 2117.65 -18.00
v -4764.71 2117.65 -18.00
v -4764.71 1588.23 -18.00
v -5294.12 1588.23 -18.00
v -5294.12 1588.23 0.00
v -4764.71 1588.23 0.00
v -4764.71 2117.65 0.00
v -5294.12 2117.65 0.00
v -5294.12 1588.23 -18.00
v -4764.71 1588.23 -18.00
v -4764.71 1588.23 0.00
v -5294.12 1588.23 0.00
v -4764.71 1588.23 -18.00
v -4764.71 2117.65 -18.00
v -4764.71 2117.65 0.00
v -4764.71 1588.23 0.00
v -4764.71 2117.65 -18.00
v -5294.12 2117.65 -18.00
v -5294.12 2117.65 0.00
v -4764.71 2117.65 0.00
v -5294.12 2117.65 -18.00
v -5294.12 1588.23 -18.00
v -5294.12 1588.23 0.00
v -5294.12 2117.65 0.00
v -5294.12 2647.06 -18.00
v -4764.71 2647.06 -18.00
v -4764.71 2117.65 -18.00
v -5294.12 2117.65 -18.00
v -5294.12 2117.65 0.00
v -4764.71 2117.65 0.00
v -4764.71 2647.06 0.00
v -5294.12 2647.06 0.00
v -5294.12 2117.65 -18.00
v -4764.71 2117.65 -18.00
v -4764.71 2117.65 0.00
v -5294.12 2117.65 0.00
v -4764.71 2117.65 -18.00
v -4764.71 2647.06 -18.00
v -4764.71 2647.06 0.00
v -4764.71 2117.65 0.00
v -4764.71 2647.06 -18.00
v -5294.12 2647.06 -18.00
v -5294.12 2647.06 0.00
v -4764.71 2647.06 0.00
v -5294.12 2647.06 -18.00
v -5294.12 2117.65 -18.00
v -5294.12 2117.65 0.00
v -5294.12 2647.06 0.00
v -5294.12 3176.47 -18.00
v -4764.71 3176.47 -18.00
v -4764.71 2647.06 -18.00
v -5294.12 2647.06 -18.00
v -5294.12 2647.06 0.00
v -4764.71 2647.06 0.00
v -4764.71 3176.47 0.00
v -5294.12 3176.47 0.00
v -5294.12 2647.06 -18.00
v -4764.71 2647.06 -18.00
v -4764.71 2647.06 0.00
v -5294.12 2647.06 0.00
v -4764.71 2647.06 -18.00
v -4764.71 3176.47 -18.00
v -4764.71 3176.47 0.00
v -4764.71 2647.06 0.00
v -4764.71 3176.47 -18.00
v -5294.12 3176.47 -18.00
v -5294.12 3176.47 0.00
v -4764.71 3176.47 0.00
v -5294.12 3176.47 -18.00
v -5294.12 2647.06 -18.00
v -5294.12 2647.06 0.00
v -5294.12 3176.47 0.00
v -5294.12 3705.88 -18.00
v -4764.71 3705.88 -18.00
v -4764.71 3176.47 -18.00
v -5294.12 3176.47 -18.00
v -5294.12 3176.47 0.00
v -4764.71 3176.47 0.00
v -4764.71 3705.88 0.00
v -5294.12 3705.88 0.00
v -5294.12 3176.47 -18.00
v -4764.71 3176.47 -18.00
v -4764.71 3176.47 0.00
v -5294.12 3176.47 0.00
v -4764.71 3176.47 -18.00
v -4764.71 3705.88 -18.00
v -4764.71 3705.88 0.00
v -4764.71 3176.47 0.00
v -4764.71 3705.88 -18.00
v -5294.12 3705.88 -18.00
v -5294.12 3705.88 0.00
v -4764.71 3705.88 0.00
v -5294.12 3705.88 -18.00
v -5294.12 3176.47 -18.00
v -5294.12 3176.47 0.00
v -5294.12 3705.88 0.00
v -5294.12 4235.29 -18.00
v -4764.71 4235.29 -18.00
v -4764.71 3705.88 -18.00
v -5294.12 3705.88 -18.00
v -5294.12 3705.88 0.00
v -4764.71 3705.88 0.00
v -4764.71 4235.29 0.00
v -5294.12 4235.29 0.00
v -5294.12 3705.88 -18.00
v -4764.71 3705.88 -18.00
v -4764.71 3705.88 0.00
v -5294.12 3705.88 0.00
v -4764.71 3705.88 -18.00
v -4764.71 4235.29 -18.00
v -4764.71 4235.29 0.00
v -4764.71 3705.88 0.00
v -4764.71 4235.29 -18.00
v -5294.12 4235.29 -18.00
v -5294.12 4235.29 0.00
v -4764.71 4235.29 0.00
v -5294.12 4235.29 -18.00
v -5294.12 3705.88 -18.00
v -5294.12 3705.88 0.00
v -5294.12 4235.29 0.00
v -5294.12 4764.71 -18.00
v -4764.71 4764.71 -18.00
v -4764.71 4235.29 -18.00
v -5294.12 4235.29 -18.00
v -5294.12 4235.29 0.00
v -4764.71 4235.29 0.00
v -4764.71 4764.71 0.00
v -5294.12 4764.71 0.00
v -5294.12 4235.29 -18.00
v -4764.71 4235.29 -18.00
v -4764.71 4235.29 0.00
v -5294.12 4235.29 0.00
v -4764.71 4235.29 -18.00
v -4764.71 4764.71 -18.00
v -4764.71 4764.71 0.00
v -4764.71 4235.29 0.00
v -4764.71 4764.71 -18.00
v -5294.12 4764.71 -18.00
v -5294.12 4764.71 0.00
v -4764.71 4764.71 0.00
v -5294.12 4764.71 -18.00
v -5294.12 4235.29 -18.00
v -5294.12 4235.29 0.00
v -5294.12 4764.71 0.00
v -5294.12 5294.12 -18.00
v -4764.71 5294.12 -18.00
v -4764.71 4764.71 -18.00
v -5294.12 4764.71 -18.00
v -5294.12 4764.71 0.00
v -4764.71 4764.71 0.00
v -4764.71 5294.12 0.00
v -5294.12 5294.12 0.00
v -5294.12 4764.71 -18.00
v -4764.71 4764.71 -18.00
v -4764.71 4764.71 0.00
v -5294.12 4764.71 0.00
v -4764.71 4764.71 -18.00
v -4764.71 5294.12 -18.00
v -4764.71 5294.12 0.00
v -4764.71 4764.71 0.00
v -4764.71 5294.12 -18.00
v -5294.12 5294.12 -18.00
v -5294.12 5294.12 0.00
v -4764.71 5294.12 0.00
v -5294.12 5294.12 -18.00
v -5294.12 4764.71 -18.00
v -5294.12 4764.71 0.00
v -5294.12 5294.12 0.00
v -5294.12 5823.53 -18.00
v -4764.71 5823.53 -18.00
v -4764.71 5294.12 -18.00
v -5294.12 5294.12 -18.00
v -5294.12 5294.12 0.00
v -4764.71 5294.12 0.00
v -4764.71 5823.53 0.00
v -5294.12 5823.53 0.00
v -5294.12 5294.12 -18.00
v -4764.71 5294.12 -18.00
v -4764.71 5294.12 0.00
v -5294.12 5294.12 0.00
v -4764.71 5294.12 -18.00
v -4764.71 5823.53 -18.00
v -4764.71 5823.53 0.00
v -4764.71 5294.12 0.00
v -4764.71 5823.53 -18.00
v -5294.12 5823.53 -18.00
v -5294.12 5823.53 0.00
v -4764.71 5823.53 0.00
v -5294.12 5823.53 -18.00
v -5294.12 5294.12 -18.00
v -5294.12 5294.12 0.00
v -5294.12 5823.53 0.00
v -5294.12 6352.94 -18.00
v -4764.71 6352.94 -18.00
v -4764.71 5823.53 -18.00
v -5294.12 5823.53 -18.00
v -5294.12 5823.53 0.00
v -4764.71 5823.53 0.00
v -4764.71 6352.94 0.00
v -5294.12 6352.94 0.00
v -5294.12 5823.53 -18.00
v -4764.71 5823.53 -18.00
v -4764.71 5823.53 0.00
v -5294.12 5823.53 0.00
v -4764.71 5823.53 -18.00
v -4764.71 6352.94 -18.00
v -4764.71 6352.94 0.00
v -4764.71 5823.53 0.00
v -4764.71 6352.94 -18.00
v -5294.12 6352.94 -18.00
v -5294.12 6352.94 0.00
v -4764.71 6352.94 0.00
v -5294.12 6352.94 -18.00
v -5294.12 5823.53 -18.00
v -5294.12 5823.53 0.00
v -5294.12 6352.94 0.00
v -5294.12 6882.35 -18.00
v -4764.71 6882.35 -18.00
v -4764.71 6352.94 -18.00
v -5294.12 6352.94 -18.00
v -5294.12 6352.94 0.00
v -4764.71 6352.94 0.00
v -4764.71 6882.35 0.00
v -5294.12 6882.35 0.00
v -5294.12 6352.94 -18.00
v -4764.71 6352.94 -18.00
v -4764.71 6352.94 0.00
v -5294.12 6352.94 0.00
v -4764.71 6352.94 -18.00
v -4764.71 6882.35 -18.00
v -4764.71 6882.35 0.00
v -4764.71 6352.94 0.00
v -4764.71 6882.35 -18.00
v -5294.12 6882.35 -18.00
v -5294.12 6882.35 0.00
v -4764.71 6882.35 0.00
v -5294.12 6882.35 -18.00
v -5294.12 6352.94 -18.00
v -5294.12 6352.94 0.00
v -5294.12 6882.35 0.00
v -5294.12 7411.77 -18.00
v -4764.71 7411.77 -18.00
v -4764.71 6882.35 -18.00
v -5294.12 6882.35 -18.00
v -5294.12 6882.35 0.00
v -4764.71 6882.35 0.00
v -4764.71 7411.77 0.00
v -5294.12 7411.77 0.00
v -5294.12 6882.35 -18.00
v -4764.71 6882.35 -18.00
v -4764.71 6882.35 0.00
v -5294.12 6882.35 0.00
v -4764.71 6882.35 -18.00
v -4764.71 7411.77 -18.00
v -4764.71 7411.77 0.00
v -4764.71 6882.35 0.00
v -4764.71 7411.77 -18.00
v -5294.12 7411.77 -18.00
v -5294.12 7411.77 0.00
v -4764.71 7411.77 0.00
v -5294.12 7411.77 -18.00
v -5294.12 6882.35 -18.00
v -5294.12 6882.35 0.00
v -5294.12 7411.77 0.00
v -5294.12 7941.18 -18.00
v -4764.71 7941.18 -18.00
v -4764.71 7411.77 -18.00
v -5294.12 7411.77 -18.00
v -5294.12 7411.77 0.00
v -4764.71 7411.77 0.00
v -4764.71 7941.18 0.00
v -5294.12 7941.18 0.00
v -5294.12 7411.77 -18.00
v -4764.71 7411.77 -18.00
v -4764.71 7411.77 0.00
v -5294.12 7411.77 0.00
v -4764.71 7411.77 -18.00
v -4764.71 7941.18 -18.00
v -4764.71 7941.18 0.00
v -4764.71 7411.77 0.00
v -4764.71 7941.18 -18.00
v -5294.12 7941.18 -18.00
v -5294.12 7941.18 0.00
v -4764.71 7941.18 0.00
v -5294.12 7941.18 -18.00
v -5294.12 7411.77 -18.00
v -5294.12 7411.77 0.00
v -5294.12 7941.18 0.00
v -5294.12 8470.59 -18.00
v -4764.71 8470.59 -18.00
v -4764.71 7941.18 -18.00
v -5294.12 7941.18 -18.00
v -5294.12 7941.18 0.00
v -4764.71 7941.18 0.00
v -4764.71 8470.59 0.00
v -5294.12 8470.59 0.00
v -5294.12 7941.18 -18.00
v -4764.71 7941.18 -18.00
v -4764.71 7941.18 0.00
v -5294.12 7941.18 0.00
v -4764.71 7941.18 -18.00
v -4764.71 8470.59 -18.00
v -4764.71 8470.59 0.00
v -4764.71 7941.18 0.00
v -4764.71 8470.59 -18.00
v -5294.12 8470.59 -18.00
v -5294.12 8470.59 0.00
v -4764.71 8470.59 0.00
v -5294.12 8470.59 -18.00
v -5294.12 7941.18 -18.00
v -5294.12 7941.18 0.00
v -5294.12 8470.59 0.00
v -5294.12 9000.00 -18.00
v -4764.71 9000.00 -18.00
v -4764.71 8470.59 -18.00
v -5294.12 8470.59 -18.00
v -5294.12 8470.59 0.00
v -4764.71 8470.59 0.00
v -4764.71 9000.00 0.00
v -5294.12 9000.00 0.00
v -5294.12 8470.59 -18.00
v -4764.71 8470.59 -18.00
v -4764.71 8470.59 0.00
v -5294.12 8470.59 0.00
v -4764.71 8470.59 -18.00
v -4764.71 9000.00 -18.00
v -4764.71 9000.00 0.00
v -4764.71 8470.59 0.00
v -4764.71 9000.00 -18.00
v -5294.12 9000.00 -18.00
v -5294.12 9000.00 0.00
v -4764.71 9000.00 0.00
v -5294.12 9000.00 -18.00
v -5294.12 8470.59 -18.00
v -5294.12 8470.59 0.00
v -5294.12 9000.00 0.00
v -4235.29 -0.00 -18.00
v -4764.71 -0.00 -18.00
v -4764.71 -0.00 0.00
v -4235.29 -0.00 0.00
v -4764.71 529.41 -18.00
v -4235.29 529.41 -18.00
v -4235.29 0.00 -18.00
v -4764.71 0.00 -18.00
v -4764.71 0.00 0.00
v -4235.29 0.00 0.00
v -4235.29 529.41 0.00
v -4764.71 529.41 0.00
v -4764.71 0.00 -18.00
v -4235.29 0.00 -18.00
v -4235.29 0.00 0.00
v -4764.71 0.00 0.00
v -4235.29 0.00 -18.00
v -4235.29 529.41 -18.00
v -4235.29 529.41 0.00
v -4235.29 0.00 0.00
v -4235.29 529.41 -18.00
v -4764.71 529.41 -18.00
v -4764.71 529.41 0.00
v -4235.29 529.41 0.00
v -4764.71 529.41 -18.00
v -4764.71 0.00 -18.00
v -4764.71 0.00 0.00
v -4764.71 529.41 0.00
v -4764.71 1058.82 -18.00
v -4235.29 1058.82 -18.00
v -4235.29 529.41 -18.00
v -4764.71 529.41 -18.00
v -4764.71 529.41 0.00
v -4235.29 529.41 0.00
v -4235.29 1058.82 0.00
v -4764.71 1058.82 0.00
v -4764.71 529.41 -18.00
v -4235.29 529.41 -18.00
v -4235.29 529.41 0.00
v -4764.71 529.41 0.00
v -4235.29 529.41 -18.00
v -4235.29 1058.82 -18.00
v -4235.29 1058.82 0.00
v -4235.29 529.41 0.00
v -4235.29 1058.82 -18.00
v -4764.71 1058.82 -18.00
v -4764.71 1058.82 0.00
v -4235.29 1058.82 0.00
v -4764.71 1058.82 -18.00
v -4764.71 529.41 -18.00
v -4764.71 529.41 0.00
v -4764.71 1058.82 0.00
v -4764.71 1588.23 -18.00
v -4235.29 1588.23 -18.00
v -4235.29 1058.82 -18.00
v -4764.71 1058.82 -18.00
v -4764.71 1058.82 0.00
v -4235.29 1058.82 0.00
v -4235.29 1588.23 0.00
v -4764.71 1588.23 0.00
v -4764.71 1058.82 -18.00
v -4235.29 1058.82 -18.00
v -4235.29 1058.82 0.00
v -4764.71 1058.82 0.00
v -4235.29 1058.82 -18.00
v -4235.29 1588.23 -18.00
v -4235.29 1588.23 0.00
v -4235.29 1058.82 0.00
v -4235.29 1588.23 -18.00
v -4764.71 1588.23 -18.00
v -4764.71 1588.23 0.00
v -4235.29 1588.23 0.00
v -4764.71 1588.23 -18.00
v -4764.71 1058.82 -18.00
v -4764.71 1058.82 0.00
v -4764.71 1588.23 0.00
v -4764.71 2117.65 -18.00
v -4235.29 2117.65 -18.00
v -4235.29 1588.23 -18.00
v -4764.71 1588.23 -18.00
v -4764.71 1588.23 0.00
v -4235.29 1588.23 0.00
v -4235.29 2117.65 0.00
v -4764.71 2117.65 0.00
v -4764.71 1588.23 -18.00
v -4235.29 1588.23 -18.00
v -4235.29 1588.23 0.00
v -4764.71 1588.23 0.00
v -4235.29 1588.23 -18.00
v -4235.29 2117.65 -18.00
v -4235.29 2117.65 0.00
v -4235.29 1588.23 0.00
v -4235.29 2117.65 -18.00
v -4764.71 2117.65 -18.00
v -4764.71 2117.65 0.00
v -4235.29 2117.65 0.00
v -4764.71 2117.65 -18.00
v -4764.71 1588.23 -18.00
v -4764.71 1588.23 0.00
v -4764.71 2117.65 0.00
v -4764.71 2647.06 -18.00
v -4235.29 2647.06 -18.00
v -4235.29 2117.65 -18.00
v -4764.71 2117.65 -18.00
v -4764.71 2117.65 0.00
v -4235.29 2117.65 0.00
v -4235.29 2647.06 0.00
v -4764.71 2647.06 0.00
v -4764.71 2117.65 -18.00
v -4235.29 2117.65 -18.00
v -4235.29 2117.65 0.00
v -4764.71 2117.65 0.00
v -4235.29 2117.65 -18.00
v -4235.29 2647.06 -18.00
v -4235.29 2647.06 0.00
v -4235.29 2117.65 0.00
v -4235.29 2647.06 -18.00
v -4764.71 2647.06 -18.00
v -4764.71 2647.06 0.00
v -4235.29 2647.06 0.00
v -4764.71 2647.06 -18.00
v -4764.71 2117.65 -18.00
v -4764.71 2117.65 0.00
v -4764.71 2647.06 0.00
v -4764.71 3176.47 -18.00
v -4235.29 3176.47 -18.00
v -4235.29 2647.06 -18.00
v -4764.71 2647.06 -18.00
v -4764.71 2647.06 0.00
v -4235.29 2647.06 0.00
v -4235.29 3176.47 0.00
v -4764.71 3176.47 0.00
v -4764.71 2647.06 -18.00
v -4235.29 2647.06 -18.00
v -4235.29 2647.06 0.00
v -4764.71 2647.06 0.00
v -4235.29 2647.06 -18.00
v -4235.29 3176.47 -18.00
v -4235.29 3176.47 0.00
v -4235.29 2647.06 0.00
v -4235.29 3176.47 -18.00
v -4764.71 3176.47 -18.00
v -4764.71 3176.47 0.00
v -4235.29 3176.47 0.00
v -4764.71 3176.47 -18.00
v -4764.71 2647.06 -18.00
v -4764.71 2647.06 0.00
v -4764.71 3176.47 0.00
v -4764.71 3705.88 -18.00
v -4235.29 3705.88 -18.00
v -4235.29 3176.47 -18.00
v -4764.71 3176.47 -18.00
v -4764.71 3176.47 0.00
v -4235.29 3176.47 0.00
v -4235.29 3705.88 0.00
v -4764.71 3705.88 0.00
v -4764.71 3176.47 -18.00
v -4235.29 3176.47 -18.00
v -4235.29 3176.47 0.00
v -4764.71 3176.47 0.00
v -4235.29 3176.47 -18.00
v -4235.29 3705.88 -18.00
v -4235.29 3705.88 0.00
v -4235.29 3176.47 0.00
v -4235.29 3705.88 -18.00
v -4764.71 3705.88 -18.00
v -4764.71 3705.88 0.00
v -4235.29 3705.88 0.00
v -4764.71 3705.88 -18.00
v -4764.71 3176.47 -18.00
v -4764.71 3176.47 0.00
v -4764.71 3705.88 0.00
v -4764.71 4235.29 -18.00
v -4235.29 4235.29 -18.00
v -4235.29 3705.88 -18.00
v -4764.71 3705.88 -18.00
v -4764.71 3705.88 0.00
v -4235.29 3705.88 0.00
v -4235.29 4235.29 0.00
v -4764.71 4235.29 0.00
v -4764.71 3705.88 -18.00
v -4235.29 3705.88 -18.00
v -4235.29 3705.88 0.00
v -4764.71 3705.88 0.00
v -4235.29 3705.88 -18.00
v -4235.29 4235.29 -18.00
v -4235.29 4235.29 0.00
v -4235.29 3705.88 0.00
v -4235.29 4235.29 -18.00
v -4764.71 4235.29 -18.00
v -4764.71 4235.29 0.00
v -4235.29 4235.29 0.00
v -4764.71 4235.29 -18.00
v -4764.71 3705.88 -18.00
v -4764.71 3705.88 0.00
v -4764.71 4235.29 0.00
v -4764.71 4764.71 -18.00
v -4235.29 4764.71 -18.00
v -4235.29 4235.29 -18.00
v -4764.71 4235.29 -18.00
v -4764.71 4235.29 0.00
v -4235.29 4235.29 0.00
v -4235.29 4764.71 0.00
v -4764.71 4764.71 0.00
v -4764.71 4235.29 -18.00
v -4235.29 4235.29 -18.00
v -4235.29 4235.29 0.00
v -4764.71 4235.29 0.00
v -4235.29 4235.29 -18.00
v -4235.29 4764.71 -18.00
v -4235.29 4764.71 0.00
v -4235.29 4235.29 0.00
v -4235.29 4764.71 -18.00
v -4764.71 4764.71 -18.00
v -4764.71 4764.71 0.00
v -4235.29 4764.71 0.00
v -4764.71 4764.71 -18.00
v -4764.71 4235.29 -18.00
v -4764.71 4235.29 0.00
v -4764.71 4764.71 0.00
v -4764.71 5294.12 -18.00
v -4235.29 5294.12 -18.00
v -4235.29 4764.71 -18.00
v -4764.71 4764.71 -18.00
v -4764.71 4764.71 0.00
v -4235.29 4764.71 0.00
v -4235.29 5294.12 0.00
v -4764.71 5294.12 0.00
v -4764.71 4764.71 -18.00
v -4235.29 4764.71 -18.00
v -4235.29 4764.71 0.00
v -4764.71 4764.71 0.00
v -4235.29 4764.71 -18.00
v -4235.29 5294.12 -18.00
v -4235.29 5294.12 0.00
v -4235.29 4764.71 0.00
v -4235.29 5294.12 -18.00
v -4764.71 5294.12 -18.00
v -4764.71 5294.12 0.00
v -4235.29 5294.12 0.00
v -4764.71 5294.12 -18.00
v -4764.71 4764.71 -18.00
v -4764.71 4764.71 0.00
v -4764.71 5294.12 0.00
v -4764.71 5823.53 -18.00
v -4235.29 5823.53 -18.00
v -4235.29 5294.12 -18.00
v -4764.71 5294.12 -18.00
v -4764.71 5294.12 0.00
v -4235.29 5294.12 0.00
v -4235.29 5823.53 0.00
v -4764.71 5823.53 0.00
v -4764.71 5294.12 -18.00
v -4235.29 5294.12 -18.00
v -4235.29 5294.12 0.00
v -4764.71 5294.12 0.00
v -4235.29 5294.12 -18.00
v -4235.29 5823.53 -18.00
v -4235.29 5823.53 0.00
v -4235.29 5294.12 0.00
v -4235.29 5823.53 -18.00
v -4764.71 5823.53 -18.00
v -4764.71 5823.53 0.00
v -4235.29 5823.53 0.00
v -4764.71 5823.53 -18.00
v -4764.71 5294.12 -18.00
v -4764.71 5294.12 0.00
v -4764.71 5823.53 0.00
v -4764.71 6352.94 -18.00
v -4235.29 6352.94 -18.00
v -4235.29 5823.53 -18.00
v -4764.71 5823.53 -18.00
v -4764.71 5823.53 0.00
v -4235.29 5823.53 0.00
v -4235.29 6352.94 0.00
v -4764.71 6352.94 0.00
v -4764.71 5823.53 -18.00
v -4235.29 5823.53 -18.00
v -4235.29 5823.53 0.00
v -4764.71 5823.53 0.00
v -4235.29 5823.53 -18.00
v -4235.29 6352.94 -18.00
v -4235.29 6352.94 0.00
v -4235.29 5823.53 0.00
v -4235.29 6352.94 -18.00
v -4764.71 6352.94 -18.00
v -4764.71 6352.94 0.00
v -4235.29 6352.94 0.00
v -4764.71 6352.94 -18.00
v -4764.71 5823.53 -18.00
v -4764.71 5823.53 0.00
v -4764.71 6352.94 0.00
v -4764.71 6882.35 -18.00
v -4235.29 6882.35 -18.00
v -4235.29 6352.94 -18.00
v -4764.71 6352.94 -18.00
v -4764.71 6352.94 0.00
v -4235.29 6352.94 0.00
v -4235.29 6882.35 0.00
v -4764.71 6882.35 0.00
v -4764.71 6352.94 -18.00
v -4235.29 6352.94 -18.00
v -4235.29 6352.94 0.00
v -4764.71 6352.94 0.00
v -4235.29 6352.94 -18.00
v -4235.29 6882.35 -18.00
v -4235.29 6882.35 0.00
v -4235.29 6352.94 0.00
v -4235.29 6882.35 -18.00
v -4764.71 6882.35 -18.00
v -4764.71 6882.35 0.00
v -4235.29 6882.35 0.00
v -4764.71 6882.35 -18.00
v -4764.71 6352.94 -18.00
v -4764.71 6352.94 0.00
v -4764.71 6882.35 0.00
v -4764.71 7411.77 -18.00
v -4235.29 7411.77 -18.00
v -4235.29 6882.35 -18.00
v -4764.71 6882.35 -18.00
v -4764.71 6882.35 0.00
v -4235.29 6882.35 0.00
v -4235.29 7411.77 0.00
v -4764.71 7411.77 0.00
v -4764.71 6882.35 -18.00
v -4235.29 6882.35 -18.00
v -4235.29 6882.35 0.00
v -4764.71 6882.35 0.00
v -4235.29 6882.35 -18.00
v -4235.29 7411.77 -18.00
v -4235.29 7411.77 0.00
v -4235.29 6882.35 0.00
v -4235.29 7411.77 -18.00
v -4764.71 7411.77 -18.00
v -4764.71 7411.77 0.00
v -4235.29 7411.77 0.00
v -4764.71 7411.77 -18.00
v -4764.71 6882.35 -18.00
v -4764.71 6882.35 0.00
v -4764.71 7411.77 0.00
v -4764.71 7941.18 -18.00
v -4235.29 7941.18 -18.00
v -4235.29 7411.77 -18.00
v -4764.71 7411.77 -18.00
v -4764.71 7411.77 0.00
v -4235.29 7411.77 0.00
v -4235.29 7941.18 0.00
v -4764.71 7941.18 0.00
v -4764.71 7411.77 -18.00
v -4235.29 7411.77 -18.00
v -4235.29 7411.77 0.00
v -4764.71 7411.77 0.00
v -4235.29 7411.77 -18.00
v -4235.29 7941.18 -18.00
v -4235.29 7941.18 0.00
v -4235.29 7411.77 0.00
v -4235.29 7941.18 -18.00
v -4764.71 7941.18 -18.00
v -4764.71 7941.18 0.00
v -4235.29 7941.18 0.00
v -4764.71 7941.18 -18.00
v -4764.71 7411.77 -18.00
v -4764.71 7411.77 0.00
v -4764.71 7941.18 0.00
v -4764.71 8470.59 -18.00
v -4235.29 8470.59 -18.00
v -4235.29 7941.18 -18.00
v -4764.71 7941.18 -18.00
v -4764.71 7941.18 0.00
v -4235.29 7941.18 0.00
v -4235.29 8470.59 0.00
v -4764.71 8470.59 0.00
v -4764.71 7941.18 -18.00
v -4235.29 7941.18 -18.00
v -4235.29 7941.18 0.00
v -4764.71 7941.18 0.00
v -4235.29 7941.18 -18.00
v -4235.29 8470.59 -18.00
v -4235.29 8470.59 0.00
v -4235.29 7941.18 0.00
v -4235.29 8470.59 -18.00
v -4764.71 8470.59 -18.00
v -4764.71 8470.59 0.00
v -4235.29 8470.59 0.00
v -4764.71 8470.59 -18.00
v -4764.71 7941.18 -18.00
v -4764.71 7941.18 0.00
v -4764.71 8470.59 0.00
v -4764.71 9000.00 -18.00
v -4235.29 9000.00 -18.00
v -4235.29 8470.59 -18.00
v -4764.71 8470.59 -18.00
v -4764.71 8470.59 0.00
v -4235.29 8470.59 0.00
v -4235.29 9000.00 0.00
v -4764.71 9000.00 0.00
v -4764.71 8470.59 -18.00
v -4235.29 8470.59 -18.00
v -4235.29 8470.59 0.00
v -4764.71 8470.59 0.00
v -4235.29 8470.59 -18.00
v -4235.29 9000.00 -18.00
v -4235.29 9000.00 0.00
v -4235.29 8470.59 0.00
v -4235.29 9000.00 -18.00
v -4764.71 9000.00 -18.00
v -4764.71 9000.00 0.00
v -4235.29 9000.00 0.00
v -4764.71 9000.00 -18.00
v -4764.71 8470.59 -18.00
v -4764.71 8470.59 0.00
v -4764.71 9000.00 0.00
v -3705.88 -0.00 -18.00
v -4235.29 -0.00 -18.00
v -4235.29 -0.00 0.00
v -3705.88 -0.00 0.00
v -4235.29 529.41 -18.00
v -3705.88 529.41 -18.00
v -3705.88 0.00 -18.00
v -4235.29 0.00 -18.00
v -4235.29 0.00 0.00
v -3705.88 0.00 0.00
v -3705.88 529.41 0.00
v -4235.29 529.41 0.00
v -4235.29 0.00 -18.00
v -3705.88 0.00 -18.00
v -3705.88 0.00 0.00
v -4235.29 0.00 0.00
v -3705.88 0.00 -18.00
v -3705.88 529.41 -18.00
v -3705.88 529.41 0.00
v -3705.88 0.00 0.00
v -3705.88 529.41 -18.00
v -4235.29 529.41 -18.00
v -4235.29 529.41 0.00
v -3705.88 529.41 0.00
v -4235.29 529.41 -18.00
v -4235.29 0.00 -18.00
v -4235.29 0.00 0.00
v -4235.29 529.41 0.00
v -4235.29 1058.82 -18.00
v -3705.88 1058.82 -18.00
v -3705.88 529.41 -18.00
v -4235.29 529.41 -18.00
v -4235.29 529.41 0.00
v -3705.88 529.41 0.00
v -3705.88 1058.82 0.00
v -4235.29 1058.82 0.00
v -4235.29 529.41 -18.00
v -3705.88 529.41 -18.00
v -3705.88 529.41 0.00
v -4235.29 529.41 0.00
v -3705.88 529.41 -18.00
v -3705.88 1058.82 -18.00
v -3705.88 1058.82 0.00
v -3705.88 529.41 0.00
v -3705.88 1058.82 -18.00
v -4235.29 1058.82 -18.00
v -4235.29 1058.82 0.00
v -3705.88 1058.82 0.00
v -4235.29 1058.82 -18.00
v -4235.29 529.41 -18.00
v -4235.29 529.41 0.00
v -4235.29 1058.82 0.00
v -4235.29 1588.23 -18.00
v -3705.88 1588.23 -18.00
v -3705.88 1058.82 -18.00
v -4235.29 1058.82 -18.00
v -4235.29 1058.82 0.00
v -3705.88 1058.82 0.00
v -3705.88 1588.23 0.00
v -4235.29 1588.23 0.00
v -4235.29 1058.82 -18.00
v -3705.88 1058.82 -18.00
v -3705.88 1058.82 0.00
v -4235.29 1058.82 0.00
v -3705.88 1058.82 -18.00
v -3705.88 1588.23 -18.00
v -3705.88 1588.23 0.00
v -3705.88 1058.82 0.00
v -3705.88 1588.23 -18.00
v -4235.29 1588.23 -18.00
v -4235.29 1588.23 0.00
v -3705.88 1588.23 0.00
v -4235.29 1588.23 -18.00
v -4235.29 1058.82 -18.00
v -4235.29 1058.82 0.00
v -4235.29 1588.23 0.00
v -4235.29 2117.65 -18.00
v -3705.88 2117.65 -18.00
v -3705.88 1588.23 -18.00
v -4235.29 1588.23 -18.00
v -4235.29 1588.23 0.00
v -3705.88 1588.23 0.00
v -3705.88 2117.65 0.00
v -4235.29 2117.65 0.00
v -4235.29 1588.23 -18.00
v -3705.88 1588.23 -18.00
v -3705.88 1588.23 0.00
v -4235.29 1588.23 0.00
v -3705.88 1588.23 -18.00
v -3705.88 2117.65 -18.00
v -3705.88 2117.65 0.00
v -3705.88 1588.23 0.00
v -3705.88 2117.65 -18.00
v -4235.29 2117.65 -18.00
v -4235.29 2117.65 0.00
v -3705.88 2117.65 0.00
v -4235.29 2117.65 -18.00
v -4235.29 1588.23 -18.00
v -4235.29 1588.23 0.00
v -4235.29 2117.65 0.00
v -4235.29 2647.06 -18.00
v -3705.88 2647.06 -18.00
v -3705.88 2117.65 -18.00
v -4235.29 2117.65 -18.00
v -4235.29 2117.65 0.00
v -3705.88 2117.65 0.00
v -3705.88 2647.06 0.00
v -4235.29 2647.06 0.00
v -4235.29 2117.65 -18.00
v -3705.88 2117.65 -18.00
v -3705.88 2117.65 0.00
v -4235.29 2117.65 0.00
v -3705.88 2117.65 -18.00
v -3705.88 2647.06 -18.00
v -3705.88 2647.06 0.00
v -3705.88 2117.65 0.00
v -3705.88 2647.06 -18.00
v -4235.29 2647.06 -18.00
v -4235.29 2647.06 0.00
v -3705.88 2647.06 0.00
v -4235.29 2647.06 -18.00
v -4235.29 2117.65 -18.00
v -4235.29 2117.65 0.00
v -4235.29 2647.06 0.00
v -4235.29 3176.47 -18.00
v -3705.88 3176.47 -18.00
v -3705.88 2647.06 -18.00
v -4235.29 2647.06 -18.00
v -4235.29 2647.06 0.00
v -3705.88 2647.06 0.00
v -3705.88 3176.47 0.00
v -4235.29 3176.47 0.00
v -4235.29 2647.06 -18.00
v -3705.88 2647.06 -18.00
v -3705.88 2647.06 0.00
v -4235.29 2647.06 0.00
v -3705.88 2647.06 -18.00
v -3705.88 3176.47 -18.00
v -3705.88 3176.47 0.00
v -3705.88 2647.06 0.00
v -3705.88 3176.47 -18.00
v -4235.29 3176.47 -18.00
v -4235.29 3176.47 0.00
v -3705.88 3176.47 0.00
v -4235.29 3176.47 -18.00
v -4235.29 2647.06 -18.00
v -4235.29 2647.06 0.00
v -4235.29 3176.47 0.00
v -4235.29 3705.88 -18.00
v -3705.88 3705.88 -18.00
v -3705.88 3176.47 -18.00
v -4235.29 3176.47 -18.00
v -4235.29 3176.47 0.00
v -3705.88 3176.47 0.00
v -3705.88 3705.88 0.00
v -4235.29 3705.88 0.00
v -4235.29 3176.47 -18.00
v -3705.88 3176.47 -18.00
v -3705.88 3176.47 0.00
v -4235.29 3176.47 0.00
v -3705.88 3176.47 -18.00
v -3705.88 3705.88 -18.00
v -3705.88 3705.88 0.00
v -3705.88 3176.47 0.00
v -3705.88 3705.88 -18.00
v -4235.29 3705.88 -18.00
v -4235.29 3705.88 0.00
v -3705.88 3705.88 0.00
v -4235.29 3705.88 -18.00
v -4235.29 3176.47 -18.00
v -4235.29 3176.47 0.00
v -4235.29 3705.88 0.00
v -4235.29 4235.29 -18.00
v -3705.88 4235.29 -18.00
v -3705.88 3705.88 -18.00
v -4235.29 3705.88 -18.00
v -4235.29 3705.88 0.00
v -3705.88 3705.88 0.00
v -3705.88 4235.29 0.00
v -4235.29 4235.29 0.00
v -4235.29 3705.88 -18.00
v -3705.88 3705.88 -18.00
v -3705.88 3705.88 0.00
v -4235.29 3705.88 0.00
v -3705.88 3705.88 -18.00
v -3705.88 4235.29 -18.00
v -3705.88 4235.29 0.00
v -3705.88 3705.88 0.00
v -3705.88 4235.29 -18.00
v -4235.29 4235.29 -18.00
v -4235.29 4235.29 0.00
v -3705.88 4235.29 0.00
v -4235.29 4235.29 -18.00
v -4235.29 3705.88 -18.00
v -4235.29 3705.88 0.00
v -4235.29 4235.29 0.00
v -4235.29 4764.71 -18.00
v -3705.88 4764.71 -18.00
v -3705.88 4235.29 -18.00
v -4235.29 4235.29 -18.00
v -4235.29 4235.29 0.00
v -3705.88 4235.29 0.00
v -3705.88 4764.71 0.00
v -4235.29 4764.71 0.00
v -4235.29 4235.29 -18.00
v -3705.88 4235.29 -18.00
v -3705.88 4235.29 0.00
v -4235.29 4235.29 0.00
v -3705.88 4235.29 -18.00
v -3705.88 4764.71 -18.00
v -3705.88 4764.71 0.00
v -3705.88 4235.29 0.00
v -3705.88 4764.71 -18.00
v -4235.29 4764.71 -18.00
v -4235.29 4764.71 0.00
v -3705.88 4764.71 0.00
v -4235.29 4764.71 -18.00
v -4235.29 4235.29 -18.00
v -4235.29 4235.29 0.00
v -4235.29 4764.71 0.00
v -4235.29 5294.12 -18.00
v -3705.88 5294.12 -18.00
v -3705.88 4764.71 -18.00
v -4235.29 4764.71 -18.00
v -4235.29 4764.71 0.00
v -3705.88 4764.71 0.00
v -3705.88 5294.12 0.00
v -4235.29 5294.12 0.00
v -4235.29 4764.71 -18.00
v -3705.88 4764.71 -18.00
v -3705.88 4764.71 0.00
v -4235.29 4764.71 0.00
v -3705.88 4764.71 -18.00
v -3705.88 5294.12 -18.00
v -3705.88 5294.12 0.00
v -3705.88 4764.71 0.00
v -3705.88 5294.12 -18.00
v -4235.29 5294.12 -18.00
v -4235.29 5294.12 0.00
v -3705.88 5294.12 0.00
v -4235.29 5294.12 -18.00
v -4235.29 4764.71 -18.00
v -4235.29 4764.71 0.00
v -4235.29 5294.12 0.00
v -4235.29 5823.53 -18.00
v -3705.88 5823.53 -18.00
v -3705.88 5294.12 -18.00
v -4235.29 5294.12 -18.00
v -4235.29 5294.12 0.00
v -3705.88 5294.12 0.00
v -3705.88 5823.53 0.00
v -4235.29 5823.53 0.00
v -4235.29 5294.12 -18.00
v -3705.88 5294.12 -18.00
v -3705.88 5294.12 0.00
v -4235.29 5294.12 0.00
v -3705.88 5294.12 -18.00
v -3705.88 5823.53 -18.00
v -3705.88 5823.53 0.00
v -3705.88 5294.12 0.00
v -3705.88 5823.53 -18.00
v -4235.29 5823.53 -18.00
v -4235.29 5823.53 0.00
v -3705.88 5823.53 0.00
v -4235.29 5823.53 -18.00
v -4235.29 5294.12 -18.00
v -4235.29 5294.12 0.00
v -4235.29 5823.53 0.00
v -4235.29 6352.94 -18.00
v -3705.88 6352.94 -18.00
v -3705.88 5823.53 -18.00
v -4235.29 5823.53 -18.00
v -4235.29 5823.53 0.00
v -3705.88 5823.53 0.00
v -3705.88 6352.94 0.00
v -4235.29 6352.94 0.00
v -4235.29 5823.53 -18.00
v -3705.88 5823.53 -18.00
v -3705.88 5823.53 0.00
v -4235.29 5823.53 0.00
v -3705.88 5823.53 -18.00
v -3705.88 6352.94 -18.00
v -3705.88 6352.94 0.00
v -3705.88 5823.53 0.00
v -3705.88 6352.94 -18.00
v -4235.29 6352.94 -18.00
v -4235.29 6352.94 0.00
v -3705.88 6352.94 0.00
v -4235.29 6352.94 -18.00
v -4235.29 5823.53 -18.00
v -4235.29 5823.53 0.00
v -4235.29 6352.94 0.00
v -4235.29 6882.35 -18.00
v -3705.88 6882.35 -18.00
v -3705.88 6352.94 -18.00
v -4235.29 6352.94 -18.00
v -4235.29 6352.94 0.00
v -3705.88 6352.94 0.00
v -3705.88 6882.35 0.00
v -4235.29 6882.35 0.00
v -4235.29 6352.94 -18.00
v -3705.88 6352.94 -18.00
v -3705.88 6352.94 0.00
v -4235.29 6352.94 0.00
v -3705.88 6352.94 -18.00
v -3705.88 6882.35 -18.00
v -3705.88 6882.35 0.00
v -3705.88 6352.94 0.00
v -3705.88 6882.35 -18.00
v -4235.29 6882.35 -18.00
v -4235.29 6882.35 0.00
v -3705.88 6882.35 0.00
v -4235.29 6882.35 -18.00
v -4235.29 6352.94 -18.00
v -4235.29 6352.94 0.00
v -4235.29 6882.35 0.00
v -4235.29 7411.77 -18.00
v -3705.88 7411.77 -18.00
v -3705.88 6882.35 -18.00
v -4235.29 6882.35 -18.00
v -4235.29 6882.35 0.00
v -3705.88 6882.35 0.00
v -3705.88 7411.77 0.00
v -4235.29 7411.77 0.00
v -4235.29 6882.35 -18.00
v -3705.88 6882.35 -18.00
v -3705.88 6882.35 0.00
v -4235.29 6882.35 0.00
v -3705.88 6882.35 -18.00
v -3705.88 7411.77 -18.00
v -3705.88 7411.77 0.00
v -3705.88 6882.35 0.00
v -3705.88 7411.77 -18.00
v -4235.29 7411.77 -18.00
v -4235.29 7411.77 0.00
v -3705.88 7411.77 0.00
v -4235.29 7411.77 -18.00
v -4235.29 6882.35 -18.00
v -4235.29 6882.35 0.00
v -4235.29 7411.77 0.00
v -4235.29 7941.18 -18.00
v -3705.88 7941.18 -18.00
v -3705.88 7411.77 -18.00
v -4235.29 7411.77 -18.00
v -4235.29 7411.77 0.00
v -3705.88 7411.77 0.00
v -3705.88 7941.18 0.00
v -4235.29 7941.18 0.00
v -4235.29 7411.77 -18.00
v -3705.88 7411.77 -18.00
v -3705.88 7411.77 0.00
v -4235.29 7411.77 0.00
v -3705.88 7411.77 -18.00
v -3705.88 7941.18 -18.00
v -3705.88 7941.18 0.00
v -3705.88 7411.77 0.00
v -3705.88 7941.18 -18.00
v -4235.29 7941.18 -18.00
v -4235.29 7941.18 0.00
v -3705.88 7941.18 0.00
v -4235.29 7941.18 -18.00
v -4235.29 7411.77 -18.00
v -4235.29 7411.77 0.00
v -4235.29 7941.18 0.00
v -4235.29 8470.59 -18.00
v -3705.88 8470.59 -18.00
v -3705.88 7941.18 -18.00
v -4235.29 7941.18 -18.00
v -4235.29 7941.18 0.00
v -3705.88 7941.18 0.00
v -3705.88 8470.59 0.00
v -4235.29 8470.59 0.00
v -4235.29 7941.18 -18.00
v -3705.88 7941.18 -18.00
v -3705.88 7941.18 0.00
v -4235.29 7941.18 0.00
v -3705.88 7941.18 -18.00
v -3705.88 8470.59 -18.00
v -3705.88 8470.59 0.00
v -3705.88 7941.18 0.00
v -3705.88 8470.59 -18.00
v -4235.29 8470.59 -18.00
v -4235.29 8470.59 0.00
v -3705.88 8470.59 0.00
v -4235.29 8470.59 -18.00
v -4235.29 7941.18 -18.00
v -4235.29 7941.18 0.00
v -4235.29 8470.59 0.00
v -4235.29 9000.00 -18.00
v -3705.88 9000.00 -18.00
v -3705.88 8470.59 -18.00
v -4235.29 8470.59 -18.00
v -4235.29 8470.59 0.00
v -3705.88 8470.59 0.00
v -3705.88 9000.00 0.00
v -4235.29 9000.00 0.00
v -4235.29 8470.59 -18.00
v -3705.88 8470.59 -18.00
v -3705.88 8470.59 0.00
v -4235.29 8470.59 0.00
v -3705.88 8470.59 -18.00
v -3705.88 9000.00 -18.00
v -3705.88 9000.00 0.00
v -3705.88 8470.59 0.00
v -3705.88 9000.00 -18.00
v -4235.29 9000.00 -18.00
v -4235.29 9000.00 0.00
v -3705.88 9000.00 0.00
v -4235.29 9000.00 -18.00
v -4235.29 8470.59 -18.00
v -4235.29 8470.59 0.00
v -4235.29 9000.00 0.00
v -3176.47 -0.00 -18.00
v -3705.88 -0.00 -18.00
v -3705.88 -0.00 0.00
v -3176.47 -0.00 0.00
v -3705.88 529.41 -18.00
v -3176.47 529.41 -18.00
v -3176.47 0.00 -18.00
v -3705.88 0.00 -18.00
v -3705.88 0.00 0.00
v -3176.47 0.00 0.00
v -3176.47 529.41 0.00
v -3705.88 529.41 0.00
v -3705.88 0.00 -18.00
v -3176.47 0.00 -18.00
v -3176.47 0.00 0.00
v -3705.88 0.00 0.00
v -3176.47 0.00 -18.00
v -3176.47 529.41 -18.00
v -3176.47 529.41 0.00
v -3176.47 0.00 0.00
v -3176.47 529.41 -18.00
v -3705.88 529.41 -18.00
v -3705.88 529.41 0.00
v -3176.47 529.41 0.00
v -3705.88 529.41 -18.00
v -3705.88 0.00 -18.00
v -3705.88 0.00 0.00
v -3705.88 529.41 0.00
v -3705.88 1058.82 -18.00
v -3176.47 1058.82 -18.00
v -3176.47 529.41 -18.00
v -3705.88 529.41 -18.00
v -3705.88 529.41 0.00
v -3176.47 529.41 0.00
v -3176.47 1058.82 0.00
v -3705.88 1058.82 0.00
v -3705.88 529.41 -18.00
v -3176.47 529.41 -18.00
v -3176.47 529.41 0.00
v -3705.88 529.41 0.00
v -3176.47 529.41 -18.00
v -3176.47 1058.82 -18.00
v -3176.47 1058.82 0.00
v -3176.47 529.41 0.00
v -3176.47 1058.82 -18.00
v -3705.88 1058.82 -18.00
v -3705.88 1058.82 0.00
v -3176.47 1058.82 0.00
v -3705.88 1058.82 -18.00
v -3705.88 529.41 -18.00
v -3705.88 529.41 0.00
v -3705.88 1058.82 0.00
v -3705.88 1588.23 -18.00
v -3176.47 1588.23 -18.00
v -3176.47 1058.82 -18.00
v -3705.88 1058.82 -18.00
v -3705.88 1058.82 0.00
v -3176.47 1058.82 0.00
v -3176.47 1588.23 0.00
v -3705.88 1588.23 0.00
v -3705.88 1058.82 -18.00
v -3176.47 1058.82 -18.00
v -3176.47 1058.82 0.00
v -3705.88 1058.82 0.00
v -3176.47 1058.82 -18.00
v -3176.47 1588.23 -18.00
v -3176.47 1588.23 0.00
v -3176.47 1058.82 0.00
v -3176.47 1588.23 -18.00
v -3705.88 1588.23 -18.00
v -3705.88 1588.23 0.00
v -3176.47 1588.23 0.00
v -3705.88 1588.23 -18.00
v -3705.88 1058.82 -18.00
v -3705.88 1058.82 0.00
v -3705.88 1588.23 0.00
v -3705.88 2117.65 -18.00
v -3176.47 2117.65 -18.00
v -3176.47 1588.23 -18.00
v -3705.88 1588.23 -18.00
v -3705.88 1588.23 0.00
v -3176.47 1588.23 0.00
v -3176.47 2117.65 0.00
v -3705.88 2117.65 0.00
v -3705.88 1588.23 -18.00
v -3176.47 1588.23 -18.00
v -3176.47 1588.23 0.00
v -3705.88 1588.23 0.00
v -3176.47 1588.23 -18.00
v -3176.47 2117.65 -18.00
v -3176.47 2117.65 0.00
v -3176.47 1588.23 0.00
v -3176.47 2117.65 -18.00
v -3705.88 2117.65 -18.00
v -3705.88 2117.65 0.00
v -3176.47 2117.65 0.00
v -3705.88 2117.65 -18.00
v -3705.88 1588.23 -18.00
v -3705.88 1588.23 0.00
v -3705.88 2117.65 0.00
v -3705.88 2647.06 -18.00
v -3176.47 2647.06 -18.00
v -3176.47 2117.65 -18.00
v -3705.88 2117.65 -18.00
v -3705.88 2117.65 0.00
v -3176.47 2117.65 0.00
v -3176.47 2647.06 0.00
v -3705.88 2647.06 0.00
v -3705.88 2117.65 -18.00
v -3176.47 2117.65 -18.00
v -3176.47 2117.65 0.00
v -3705.88 2117.65 0.00
v -3176.47 2117.65 -18.00
v -3176.47 2647.06 -18.00
v -3176.47 2647.06 0.00
v -3176.47 2117.65 0.00
v -3176.47 2647.06 -18.00
v -3705.88 2647.06 -18.00
v -3705.88 2647.06 0.00
v -3176.47 2647.06 0.00
v -3705.88 2647.06 -18.00
v -3705.88 2117.65 -18.00
v -3705.88 2117.65 0.00
v -3705.88 2647.06 0.00
v -3705.88 3176.47 -18.00
v -3176.47 3176.47 -18.00
v -3176.47 2647.06 -18.00
v -3705.88 2647.06 -18.00
v -3705.88 2647.06 0.00
v -3176.47 2647.06 0.00
v -3176.47 3176.47 0.00
v -3705.88 3176.47 0.00
v -3705.88 2647.06 -18.00
v -3176.47 2647.06 -18.00
v -3176.47 2647.06 0.00
v -3705.88 2647.06 0.00
v -3176.47 2647.06 -18.00
v -3176.47 3176.47 -18.00
v -3176.47 3176.47 0.00
v -3176.47 2647.06 0.00
v -3176.47 3176.47 -18.00
v -3705.88 3176.47 -18.00
v -3705.88 3176.47 0.00
v -3176.47 3176.47 0.00
v -3705.88 3176.47 -18.00
v -3705.88 2647.06 -18.00
v -3705.88 2647.06 0.00
v -3705.88 3176.47 0.00
v -3705.88 3705.88 -18.00
v -3176.47 3705.88 -18.00
v -3176.47 3176.47 -18.00
v -3705.88 3176.47 -18.00
v -3705.88 3176.47 0.00
v -3176.47 3176.47 0.00
v -3176.47 3705.88 0.00
v -3705.88 3705.88 0.00
v -3705.88 3176.47 -18.00
v -3176.47 3176.47 -18.00
v -3176.47 3176.47 0.00
v -3705.88 3176.47 0.00
v -3176.47 3176.47 -18.00
v -3176.47 3705.88 -18.00
v -3176.47 3705.88 0.00
v -3176.47 3176.47 0.00
v -3176.47 3705.88 -18.00
v -3705.88 3705.88 -18.00
v -3705.88 3705.88 0.00
v -3176.47 3705.88 0.00
v -3705.88 3705.88 -18.00
v -3705.88 3176.47 -18.00
v -3705.88 3176.47 0.00
v -3705.88 3705.88 0.00
v -3705.88 4235.29 -18.00
v -3176.47 4235.29 -18.00
v -3176.47 3705.88 -18.00
v -3705.88 3705.88 -18.00
v -3705.88 3705.88 0.00
v -3176.47 3705.88 0.00
v -3176.47 4235.29 0.00
v -3705.88 4235.29 0.00
v -3705.88 3705.88 -18.00
v -3176.47 3705.88 -18.00
v -3176.47 3705.88 0.00
v -3705.88 3705.88 0.00
v -3176.47 3705.88 -18.00
v -3176.47 4235.29 -18.00
v -3176.47 4235.29 0.00
v -3176.47 3705.88 0.00
v -3176.47 4235.29 -18.00
v -3705.88 4235.29 -18.00
v -3705.88 4235.29 0.00
v -3176.47 4235.29 0.00
v -3705.88 4235.29 -18.00
v -3705.88 3705.88 -18.00
v -3705.88 3705.88 0.00
v -3705.88 4235.29 0.00
v -3705.88 4764.71 -18.00
v -3176.47 4764.71 -18.00
v -3176.47 4235.29 -18.00
v -3705.88 4235.29 -18.00
v -3705.88 4235.29 0.00
v -3176.47 4235.29 0.00
v -3176.47 4764.71 0.00
v -3705.88 4764.71 0.00
v -3705.88 4235.29 -18.00
v -3176.47 4235.29 -18.00
v -3176.47 4235.29 0.00
v -3705.88 4235.29 0.00
v -3176.47 4235.29 -18.00
v -3176.47 4764.71 -18.00
v -3176.47 4764.71 0.00
v -3176.47 4235.29 0.00
v -3176.47 4764.71 -18.00
v -3705.88 4764.71 -18.00
v -3705.88 4764.71 0.00
v -3176.47 4764.71 0.00
v -3705.88 4764.71 -18.00
v -3705.88 4235.29 -18.00
v -3705.88 4235.29 0.00
v -3705.88 4764.71 0.00
v -3705.88 5294.12 -18.00
v -3176.47 5294.12 -18.00
v -3176.47 4764.71 -18.00
v -3705.88 4764.71 -18.00
v -3705.88 4764.71 0.00
v -3176.47 4764.71 0.00
v -3176.47 5294.12 0.00
v -3705.88 5294.12 0.00
v -3705.88 4764.71 -18.00
v -3176.47 4764.71 -18.00
v -3176.47 4764.71 0.00
v -3705.88 4764.71 0.00
v -3176.47 4764.71 -18.00
v -3176.47 5294.12 -18.00
v -3176.47 5294.12 0.00
v -3176.47 4764.71 0.00
v -3176.47 5294.12 -18.00
v -3705.88 5294.12 -18.00
v -3705.88 5294.12 0.00
v -3176.47 5294.12 0.00
v -3705.88 5294.12 -18.00
v -3705.88 4764.71 -18.00
v -3705.88 4764.71 0.00
v -3705.88 5294.12 0.00
v -3705.88 5823.53 -18.00
v -3176.47 5823.53 -18.00
v -3176.47 5294.12 -18.00
v -3705.88 5294.12 -18.00
v -3705.88 5294.12 0.00
v -3176.47 5294.12 0.00
v -3176.47 5823.53 0.00
v -3705.88 5823.53 0.00
v -3705.88 5294.12 -18.00
v -3176.47 5294.12 -18.00
v -3176.47 5294.12 0.00
v -3705.88 5294.12 0.00
v -3176.47 5294.12 -18.00
v -3176.47 5823.53 -18.00
v -3176.47 5823.53 0.00
v -3176.47 5294.12 0.00
v -3176.47 5823.53 -18.00
v -3705.88 5823.53 -18.00
v -3705.88 5823.53 0.00
v -3176.47 5823.53 0.00
v -3705.88 5823.53 -18.00
v -3705.88 5294.12 -18.00
v -3705.88 5294.12 0.00
v -3705.88 5823.53 0.00
v -3705.88 6352.94 -18.00
v -3176.47 6352.94 -18.00
v -3176.47 5823.53 -18.00
v -3705.88 5823.53 -18.00
v -3705.88 5823.53 0.00
v -3176.47 5823.53 0.00
v -3176.47 6352.94 0.00
v -3705.88 6352.94 0.00
v -3705.88 5823.53 -18.00
v -3176.47 5823.53 -18.00
v -3176.47 5823.53 0.00
v -3705.88 5823.53 0.00
v -3176.47 5823.53 -18.00
v -3176.47 6352.94 -18.00
v -3176.47 6352.94 0.00
v -3176.47 5823.53 0.00
v -3176.47 6352.94 -18.00
v -3705.88 6352.94 -18.00
v -3705.88 6352.94 0.00
v -3176.47 6352.94 0.00
v -3705.88 6352.94 -18.00
v -3705.88 5823.53 -18.00
v -3705.88 5823.53 0.00
v -3705.88 6352.94 0.00
v -3705.88 6882.35 -18.00
v -3176.47 6882.35 -18.00
v -3176.47 6352.94 -18.00
v -3705.88 6352.94 -18.00
v -3705.88 6352.94 0.00
v -3176.47 6352.94 0.00
v -3176.47 6882.35 0.00
v -3705.88 6882.35 0.00
v -3705.88 6352.94 -18.00
v -3176.47 6352.94 -18.00
v -3176.47 6352.94 0.00
v -3705.88 6352.94 0.00
v -3176.47 6352.94 -18.00
v -3176.47 6882.35 -18.00
v -3176.47 6882.35 0.00
v -3176.47 6352.94 0.00
v -3176.47 6882.35 -18.00
v -3705.88 6882.35 -18.00
v -3705.88 6882.35 0.00
v -3176.47 6882.35 0.00
v -3705.88 6882.35 -18.00
v -3705.88 6352.94 -18.00
v -3705.88 6352.94 0.00
v -3705.88 6882.35 0.00
v -3705.88 7411.77 -18.00
v -3176.47 7411.77 -18.00
v -3176.47 6882.35 -18.00
v -3705.88 6882.35 -18.00
v -3705.88 6882.35 0.00
v -3176.47 6882.35 0.00
v -3176.47 7411.77 0.00
v -3705.88 7411.77 0.00
v -3705.88 6882.35 -18.00
v -3176.47 6882.35 -18.00
v -3176.47 6882.35 0.00
v -3705.88 6882.35 0.00
v -3176.47 6882.35 -18.00
v -3176.47 7411.77 -18.00
v -3176.47 7411.77 0.00
v -3176.47 6882.35 0.00
v -3176.47 7411.77 -18.00
v -3705.88 7411.77 -18.00
v -3705.88 7411.77 0.00
v -3176.47 7411.77 0.00
v -3705.88 7411.77 -18.00
v -3705.88 6882.35 -18.00
v -3705.88 6882.35 0.00
v -3705.88 7411.77 0.00
v -3705.88 7941.18 -18.00
v -3176.47 7941.18 -18.00
v -3176.47 7411.77 -18.00
v -3705.88 7411.77 -18.00
v -3705.88 7411.77 0.00
v -3176.47 7411.77 0.00
v -3176.47 7941.18 0.00
v -3705.88 7941.18 0.00
v -3705.88 7411.77 -18.00
v -3176.47 7411.77 -18.00
v -3176.47 7411.77 0.00
v -3705.88 7411.77 0.00
v -3176.47 7411.77 -18.00
v -3176.47 7941.18 -18.00
v -3176.47 7941.18 0.00
v -3176.47 7411.77 0.00
v -3176.47 7941.18 -18.00
v -3705.88 7941.18 -18.00
v -3705.88 7941.18 0.00
v -3176.47 7941.18 0.00
v -3705.88 7941.18 -18.00
v -3705.88 7411.77 -18.00
v -3705.88 7411.77 0.00
v -3705.88 7941.18 0.00
v -3705.88 8470.59 -18.00
v -3176.47 8470.59 -18.00
v -3176.47 7941.18 -18.00
v -3705.88 7941.18 -18.00
v -3705.88 7941.18 0.00
v -3176.47 7941.18 0.00
v -3176.47 8470.59 0.00
v -3705.88 8470.59 0.00
v -3705.88 7941.18 -18.00
v -3176.47 7941.18 -18.00
v -3176.47 7941.18 0.00
v -3705.88 7941.18 0.00
v -3176.47 7941.18 -18.00
v -3176.47 8470.59 -18.00
v -3176.47 8470.59 0.00
v -3176.47 7941.18 0.00
v -3176.47 8470.59 -18.00
v -3705.88 8470.59 -18.00
v -3705.88 8470.59 0.00
v -3176.47 8470.59 0.00
v -3705.88 8470.59 -18.00
v -3705.88 7941.18 -18.00
v -3705.88 7941.18 0.00
v -3705.88 8470.59 0.00
v -3705.88 9000.00 -18.00
v -3176.47 9000.00 -18.00
v -3176.47 8470.59 -18.00
v -3705.88 8470.59 -18.00
v -3705.88 8470.59 0.00
v -3176.47 8470.59 0.00
v -3176.47 9000.00 0.00
v -3705.88 9000.00 0.00
v -3705.88 8470.59 -18.00
v -3176.47 8470.59 -18.00
v -3176.47 8470.59 0.00
v -3705.88 8470.59 0.00
v -3176.47 8470.59 -18.00
v -3176.47 9000.00 -18.00
v -3176.47 9000.00 0.00
v -3176.47 8470.59 0.00
v -3176.47 9000.00 -18.00
v -3705.88 9000.00 -18.00
v -3705.88 9000.00 0.00
v -3176.47 9000.00 0.00
v -3705.88 9000.00 -18.00
v -3705.88 8470.59 -18.00
v -3705.88 8470.59 0.00
v -3705.88 9000.00 0.00
v -2647.06 -0.00 -18.00
v -3176.47 -0.00 -18.00
v -3176.47 -0.00 0.00
v -2647.06 -0.00 0.00
v -3176.47 529.41 -18.00
v -2647.06 529.41 -18.00
v -2647.06 0.00 -18.00
v -3176.47 0.00 -18.00
v -3176.47 0.00 0.00
v -2647.06 0.00 0.00
v -2647.06 529.41 0.00
v -3176.47 529.41 0.00
v -3176.47 0.00 -18.00
v -2647.06 0.00 -18.00
v -2647.06 0.00 0.00
v -3176.47 0.00 0.00
v -2647.06 0.00 -18.00
v -2647.06 529.41 -18.00
v -2647.06 529.41 0.00
v -2647.06 0.00 0.00
v -2647.06 529.41 -18.00
v -3176.47 529.41 -18.00
v -3176.47 529.41 0.00
v -2647.06 529.41 0.00
v -3176.47 529.41 -18.00
v -3176.47 0.00 -18.00
v -3176.47 0.00 0.00
v -3176.47 529.41 0.00
v -3176.47 1058.82 -18.00
v -2647.06 1058.82 -18.00
v -2647.06 529.41 -18.00
v -3176.47 529.41 -18.00
v -3176.47 529.41 0.00
v -2647.06 529.41 0.00
v -2647.06 1058.82 0.00
v -3176.47 1058.82 0.00
v -3176.47 529.41 -18.00
v -2647.06 529.41 -18.00
v -2647.06 529.41 0.00
v -3176.47 529.41 0.00
v -2647.06 529.41 -18.00
v -2647.06 1058.82 -18.00
v -2647.06 1058.82 0.00
v -2647.06 529.41 0.00
v -2647.06 1058.82 -18.00
v -3176.47 1058.82 -18.00
v -3176.47 1058.82 0.00
v -2647.06 1058.82 0.00
v -3176.47 1058.82 -18.00
v -3176.47 529.41 -18.00
v -3176.47 529.41 0.00
v -3176.47 1058.82 0.00
v -3176.47 1588.23 -18.00
v -2647.06 1588.23 -18.00
v -2647.06 1058.82 -18.00
v -3176.47 1058.82 -18.00
v -3176.47 1058.82 0.00
v -2647.06 1058.82 0.00
v -2647.06 1588.23 0.00
v -3176.47 1588.23 0.00
v -3176.47 1058.82 -18.00
v -2647.06 1058.82 -18.00
v -2647.06 1058.82 0.00
v -3176.47 1058.82 0.00
v -2647.06 1058.82 -18.00
v -2647.06 1588.23 -18.00
v -2647.06 1588.23 0.00
v -2647.06 1058.82 0.00
v -2647.06 1588.23 -18.00
v -3176.47 1588.23 -18.00
v -3176.47 1588.23 0.00
v -2647.06 1588.23 0.00
v -3176.47 1588.23 -18.00
v -3176.47 1058.82 -18.00
v -3176.47 1058.82 0.00
v -3176.47 1588.23 0.00
v -3176.47 2117.65 -18.00
v -2647.06 2117.65 -18.00
v -2647.06 1588.23 -18.00
v -3176.47 1588.23 -18.00
v -3176.47 1588.23 0.00
v -2647.06 1588.23 0.00
v -2647.06 2117.65 0.00
v -3176.47 2117.65 0.00
v -3176.47 1588.23 -18.00
v -2647.06 1588.23 -18.00
v -2647.06 1588.23 0.00
v -3176.47 1588.23 0.00
v -2647.06 1588.23 -18.00
v -2647.06 2117.65 -18.00
v -2647.06 2117.65 0.00
v -2647.06 1588.23 0.00
v -2647.06 2117.65 -18.00
v -3176.47 2117.65 -18.00
v -3176.47 2117.65 0.00
v -2647.06 2117.65 0.00
v -3176.47 2117.65 -18.00
v -3176.47 1588.23 -18.00
v -3176.47 1588.23 0.00
v -3176.47 2117.65 0.00
v -3176.47 2647.06 -18.00
v -2647.06 2647.06 -18.00
v -2647.06 2117.65 -18.00
v -3176.47 2117.65 -18.00
v -3176.47 2117.65 0.00
v -2647.06 2117.65 0.00
v -2647.06 2647.06 0.00
v -3176.47 2647.06 0.00
v -3176.47 2117.65 -18.00
v -2647.06 2117.65 -18.00
v -2647.06 2117.65 0.00
v -3176.47 2117.65 0.00
v -2647.06 2117.65 -18.00
v -2647.06 2647.06 -18.00
v -2647.06 2647.06 0.00
v -2647.06 2117.65 0.00
v -2647.06 2647.06 -18.00
v -3176.47 2647.06 -18.00
v -3176.47 2647.06 0.00
v -2647.06 2647.06 0.00
v -3176.47 2647.06 -18.00
v -3176.47 2117.65 -18.00
v -3176.47 2117.65 0.00
v -3176.47 2647.06 0.00
v -3176.47 3176.47 -18.00
v -2647.06 3176.47 -18.00
v -2647.06 2647.06 -18.00
v -3176.47 2647.06 -18.00
v -3176.47 2647.06 0.00
v -2647.06 2647.06 0.00
v -2647.06 3176.47 0.00
v -3176.47 3176.47 0.00
v -3176.47 2647.06 -18.00
v -2647.06 2647.06 -18.00
v -2647.06 2647.06 0.00
v -3176.47 2647.06 0.00
v -2647.06 2647.06 -18.00
v -2647.06 3176.47 -18.00
v -2647.06 3176.47 0.00
v -2647.06 2647.06 0.00
v -2647.06 3176.47 -18.00
v -3176.47 3176.47 -18.00
v -3176.47 3176.47 0.00
v -2647.06 3176.47 0.00
v -3176.47 3176.47 -18.00
v -3176.47 2647.06 -18.00
v -3176.47 2647.06 0.00
v -3176.47 3176.47 0.00
v -3176.47 3705.88 -18.00
v -2647.06 3705.88 -18.00
v -2647.06 3176.47 -18.00
v -3176.47 3176.47 -18.00
v -3176.47 3176.47 0.00
v -2647.06 3176.47 0.00
v -2647.06 3705.88 0.00
v -3176.47 3705.88 0.00
v -3176.47 3176.47 -18.00
v -2647.06 3176.47 -18.00
v -2647.06 3176.47 0.00
v -3176.47 3176.47 0.00
v -2647.06 3176.47 -18.00
v -2647.06 3705.88 -18.00
v -2647.06 3705.88 0.00
v -2647.06 3176.47 0.00
v -2647.06 3705.88 -18.00
v -3176.47 3705.88 -18.00
v -3176.47 3705.88 0.00
v -2647.06 3705.88 0.00
v -3176.47 3705.88 -18.00
v -3176.47 3176.47 -18.00
v -3176.47 3176.47 0.00
v -3176.47 3705.88 0.00
v -3176.47 4235.29 -18.00
v -2647.06 4235.29 -18.00
v -2647.06 3705.88 -18.00
v -3176.47 3705.88 -18.00
v -3176.47 3705.88 0.00
v -2647.06 3705.88 0.00
v -2647.06 4235.29 0.00
v -3176.47 4235.29 0.00
v -3176.47 3705.88 -18.00
v -2647.06 3705.88 -18.00
v -2647.06 3705.88 0.00
v -3176.47 3705.88 0.00
v -2647.06 3705.88 -18.00
v -2647.06 4235.29 -18.00
v -2647.06 4235.29 0.00
v -2647.06 3705.88 0.00
v -2647.06 4235.29 -18.00
v -3176.47 4235.29 -18.00
v -3176.47 4235.29 0.00
v -2647.06 4235.29 0.00
v -3176.47 4235.29 -18.00
v -3176.47 3705.88 -18.00
v -3176.47 3705.88 0.00
v -3176.47 4235.29 0.00
v -3176.47 4764.71 -18.00
v -2647.06 4764.71 -18.00
v -2647.06 4235.29 -18.00
v -3176.47 4235.29 -18.00
v -3176.47 4235.29 0.00
v -2647.06 4235.29 0.00
v -2647.06 4764.71 0.00
v -3176.47 4764.71 0.00
v -3176.47 4235.29 -18.00
v -2647.06 4235.29 -18.00
v -2647.06 4235.29 0.00
v -3176.47 4235.29 0.00
v -2647.06 4235.29 -18.00
v -2647.06 4764.71 -18.00
v -2647.06 4764.71 0.00
v -2647.06 4235.29 0.00
v -2647.06 4764.71 -18.00
v -3176.47 4764.71 -18.00
v -3176.47 4764.71 0.00
v -2647.06 4764.71 0.00
v -3176.47 4764.71 -18.00
v -3176.47 4235.29 -18.00
v -3176.47 4235.29 0.00
v -3176.47 4764.71 0.00
v -3176.47 5294.12 -18.00
v -2647.06 5294.12 -18.00
v -2647.06 4764.71 -18.00
v -3176.47 4764.71 -18.00
v -3176.47 4764.71 0.00
v -2647.06 4764.71 0.00
v -2647.06 5294.12 0.00
v -3176.47 5294.12 0.00
v -3176.47 4764.71 -18.00
v -2647.06 4764.71 -18.00
v -2647.06 4764.71 0.00
v -3176.47 4764.71 0.00
v -2647.06 4764.71 -18.00
v -2647.06 5294.12 -18.00
v -2647.06 5294.12 0.00
v -2647.06 4764.71 0.00
v -2647.06 5294.12 -18.00
v -3176.47 5294.12 -18.00
v -3176.47 5294.12 0.00
v -2647.06 5294.12 0.00
v -3176.47 5294.12 -18.00
v -3176.47 4764.71 -18.00
v -3176.47 4764.71 0.00
v -3176.47 5294.12 0.00
v -3176.47 5823.53 -18.00
v -2647.06 5823.53 -18.00
v -2647.06 5294.12 -18.00
v -3176.47 5294.12 -18.00
v -3176.47 5294.12 0.00
v -2647.06 5294.12 0.00
v -2647.06 5823.53 0.00
v -3176.47 5823.53 0.00
v -3176.47 5294.12 -18.00
v -2647.06 5294.12 -18.00
v -2647.06 5294.12 0.00
v -3176.47 5294.12 0.00
v -2647.06 5294.12 -18.00
v -2647.06 5823.53 -18.00
v -2647.06 5823.53 0.00
v -2647.06 5294.12 0.00
v -2647.06 5823.53 -18.00
v -3176.47 5823.53 -18.00
v -3176.47 5823.53 0.00
v -2647.06 5823.53 0.00
v -3176.47 5823.53 -18.00
v -3176.47 5294.12 -18.00
v -3176.47 5294.12 0.00
v -3176.47 5823.53 0.00
v -3176.47 6352.94 -18.00
v -2647.06 6352.94 -18.00
v -2647.06 5823.53 -18.00
v -3176.47 5823.53 -18.00
v -3176.47 5823.53 0.00
v -2647.06 5823.53 0.00
v -2647.06 6352.94 0.00
v -3176.47 6352.94 0.00
v -3176.47 5823.53 -18.00
v -2647.06 5823.53 -18.00
v -2647.06 5823.53 0.00
v -3176.47 5823.53 0.00
v -2647.06 5823.53 -18.00
v -2647.06 6352.94 -18.00
v -2647.06 6352.94 0.00
v -2647.06 5823.53 0.00
v -2647.06 6352.94 -18.00
v -3176.47 6352.94 -18.00
v -3176.47 6352.94 0.00
v -2647.06 6352.94 0.00
v -3176.47 6352.94 -18.00
v -3176.47 5823.53 -18.00
v -3176.47 5823.53 0.00
v -3176.47 6352.94 0.00
v -3176.47 6882.35 -18.00
v -2647.06 6882.35 -18.00
v -2647.06 6352.94 -18.00
v -3176.47 6352.94 -18.00
v -3176.47 6352.94 0.00
v -2647.06 6352.94 0.00
v -2647.06 6882.35 0.00
v -3176.47 6882.35 0.00
v -3176.47 6352.94 -18.00
v -2647.06 6352.94 -18.00
v -2647.06 6352.94 0.00
v -3176.47 6352.94 0.00
v -2647.06 6352.94 -18.00
v -2647.06 6882.35 -18.00
v -2647.06 6882.35 0.00
v -2647.06 6352.94 0.00
v -2647.06 6882.35 -18.00
v -3176.47 6882.35 -18.00
v -3176.47 6882.35 0.00
v -2647.06 6882.35 0.00
v -3176.47 6882.35 -18.00
v -3176.47 6352.94 -18.00
v -3176.47 6352.94 0.00
v -3176.47 6882.35 0.00
v -3176.47 7411.77 -18.00
v -2647.06 7411.77 -18.00
v -2647.06 6882.35 -18.00
v -3176.47 6882.35 -18.00
v -3176.47 6882.35 0.00
v -2647.06 6882.35 0.00
v -2647.06 7411.77 0.00
v -3176.47 7411.77 0.00
v -3176.47 6882.35 -18.00
v -2647.06 6882.35 -18.00
v -2647.06 6882.35 0.00
v -3176.47 6882.35 0.00
v -2647.06 6882.35 -18.00
v -2647.06 7411.77 -18.00
v -2647.06 7411.77 0.00
v -2647.06 6882.35 0.00
v -2647.06 7411.77 -18.00
v -3176.47 7411.77 -18.00
v -3176.47 7411.77 0.00
v -2647.06 7411.77 0.00
v -3176.47 7411.77 -18.00
v -3176.47 6882.35 -18.00
v -3176.47 6882.35 0.00
v -3176.47 7411.77 0.00
v -3176.47 7941.18 -18.00
v -2647.06 7941.18 -18.00
v -2647.06 7411.77 -18.00
v -3176.47 7411.77 -18.00
v -3176.47 7411.77 0.00
v -2647.06 7411.77 0.00
v -2647.06 7941.18 0.00
v -3176.47 7941.18 0.00
v -3176.47 7411.77 -18.00
v -2647.06 7411.77 -18.00
v -2647.06 7411.77 0.00
v -3176.47 7411.77 0.00
v -2647.06 7411.77 -18.00
v -2647.06 7941.18 -18.00
v -2647.06 7941.18 0.00
v -2647.06 7411.77 0.00
v -2647.06 7941.18 -18.00
v -3176.47 7941.18 -18.00
v -3176.47 7941.18 0.00
v -2647.06 7941.18 0.00
v -3176.47 7941.18 -18.00
v -3176.47 7411.77 -18.00
v -3176.47 7411.77 0.00
v -3176.47 7941.18 0.00
v -3176.47 8470.59 -18.00
v -2647.06 8470.59 -18.00
v -2647.06 7941.18 -18.00
v -3176.47 7941.18 -18.00
v -3176.47 7941.18 0.00
v -2647.06 7941.18 0.00
v -2647.06 8470.59 0.00
v -3176.47 8470.59 0.00
v -3176.47 7941.18 -18.00
v -2647.06 7941.18 -18.00
v -2647.06 7941.18 0.00
v -3176.47 7941.18 0.00
v -2647.06 7941.18 -18.00
v -2647.06 8470.59 -18.00
v -2647.06 8470.59 0.00
v -2647.06 7941.18 0.00
v -2647.06 8470.59 -18.00
v -3176.47 8470.59 -18.00
v -3176.47 8470.59 0.00
v -2647.06 8470.59 0.00
v -3176.47 8470.59 -18.00
v -3176.47 7941.18 -18.00
v -3176.47 7941.18 0.00
v -3176.47 8470.59 0.00
v -3176.47 9000.00 -18.00
v -2647.06 9000.00 -18.00
v -2647.06 8470.59 -18.00
v -3176.47 8470.59 -18.00
v -3176.47 8470.59 0.00
v -2647.06 8470.59 0.00
v -2647.06 9000.00 0.00
v -3176.47 9000.00 0.00
v -3176.47 8470.59 -18.00
v -2647.06 8470.59 -18.00
v -2647.06 8470.59 0.00
v -3176.47 8470.59 0.00
v -2647.06 8470.59 -18.00
v -2647.06 9000.00 -18.00
v -2647.06 9000.00 0.00
v -2647.06 8470.59 0.00
v -2647.06 9000.00 -18.00
v -3176.47 9000.00 -18.00
v -3176.47 9000.00 0.00
v -2647.06 9000.00 0.00
v -3176.47 9000.00 -18.00
v -3176.47 8470.59 -18.00
v -3176.47 8470.59 0.00
v -3176.47 9000.00 0.00
v -2117.65 -0.00 -18.00
v -2647.06 -0.00 -18.00
v -2647.06 -0.00 0.00
v -2117.65 -0.00 0.00
v -2647.06 529.41 -18.00
v -2117.65 529.41 -18.00
v -2117.65 0.00 -18.00
v -2647.06 0.00 -18.00
v -2647.06 0.00 0.00
v -2117.65 0.00 0.00
v -2117.65 529.41 0.00
v -2647.06 529.41 0.00
v -2647.06 0.00 -18.00
v -2117.65 0.00 -18.00
v -2117.65 0.00 0.00
v -2647.06 0.00 0.00
v -2117.65 0.00 -18.00
v -2117.65 529.41 -18.00
v -2117.65 529.41 0.00
v -2117.65 0.00 0.00
v -2117.65 529.41 -18.00
v -2647.06 529.41 -18.00
v -2647.06 529.41 0.00
v -2117.65 529.41 0.00
v -2647.06 529.41 -18.00
v -2647.06 0.00 -18.00
v -2647.06 0.00 0.00
v -2647.06 529.41 0.00
v -2647.06 1058.82 -18.00
v -2117.65 1058.82 -18.00
v -2117.65 529.41 -18.00
v -2647.06 529.41 -18.00
v -2647.06 529.41 0.00
v -2117.65 529.41 0.00
v -2117.65 1058.82 0.00
v -2647.06 1058.82 0.00
v -2647.06 529.41 -18.00
v -2117.65 529.41 -18.00
v -2117.65 529.41 0.00
v -2647.06 529.41 0.00
v -2117.65 529.41 -18.00
v -2117.65 1058.82 -18.00
v -2117.65 1058.82 0.00
v -2117.65 529.41 0.00
v -2117.65 1058.82 -18.00
v -2647.06 1058.82 -18.00
v -2647.06 1058.82 0.00
v -2117.65 1058.82 0.00
v -2647.06 1058.82 -18.00
v -2647.06 529.41 -18.00
v -2647.06 529.41 0.00
v -2647.06 1058.82 0.00
v -2647.06 1588.23 -18.00
v -2117.65 1588.23 -18.00
v -2117.65 1058.82 -18.00
v -2647.06 1058.82 -18.00
v -2647.06 1058.82 0.00
v -2117.65 1058.82 0.00
v -2117.65 1588.23 0.00
v -2647.06 1588.23 0.00
v -2647.06 1058.82 -18.00
v -2117.65 1058.82 -18.00
v -2117.65 1058.82 0.00
v -2647.06 1058.82 0.00
v -2117.65 1058.82 -18.00
v -2117.65 1588.23 -18.00
v -2117.65 1588.23 0.00
v -2117.65 1058.82 0.00
v -2117.65 1588.23 -18.00
v -2647.06 1588.23 -18.00
v -2647.06 1588.23 0.00
v -2117.65 1588.23 0.00
v -2647.06 1588.23 -18.00
v -2647.06 1058.82 -18.00
v -2647.06 1058.82 0.00
v -2647.06 1588.23 0.00
v -2647.06 2117.65 -18.00
v -2117.65 2117.65 -18.00
v -2117.65 1588.23 -18.00
v -2647.06 1588.23 -18.00
v -2647.06 1588.23 0.00
v -2117.65 1588.23 0.00
v -2117.65 2117.65 0.00
v -2647.06 2117.65 0.00
v -2647.06 1588.23 -18.00
v -2117.65 1588.23 -18.00
v -2117.65 1588.23 0.00
v -2647.06 1588.23 0.00
v -2117.65 1588.23 -18.00
v -2117.65 2117.65 -18.00
v -2117.65 2117.65 0.00
v -2117.65 1588.23 0.00
v -2117.65 2117.65 -18.00
v -2647.06 2117.65 -18.00
v -2647.06 2117.65 0.00
v -2117.65 2117.65 0.00
v -2647.06 2117.65 -18.00
v -2647.06 1588.23 -18.00
v -2647.06 1588.23 0.00
v -2647.06 2117.65 0.00
v -2647.06 2647.06 -18.00
v -2117.65 2647.06 -18.00
v -2117.65 2117.65 -18.00
v -2647.06 2117.65 -18.00
v -2647.06 2117.65 0.00
v -2117.65 2117.65 0.00
v -2117.65 2647.06 0.00
v -2647.06 2647.06 0.00
v -2647.06 2117.65 -18.00
v -2117.65 2117.65 -18.00
v -2117.65 2117.65 0.00
v -2647.06 2117.65 0.00
v -2117.65 2117.65 -18.00
v -2117.65 2647.06 -18.00
v -2117.65 2647.06 0.00
v -2117.65 2117.65 0.00
v -2117.65 2647.06 -18.00
v -2647.06 2647.06 -18.00
v -2647.06 2647.06 0.00
v -2117.65 2647.06 0.00
v -2647.06 2647.06 -18.00
v -2647.06 2117.65 -18.00
v -2647.06 2117.65 0.00
v -2647.06 2647.06 0.00
v -2647.06 3176.47 -18.00
v -2117.65 3176.47 -18.00
v -2117.65 2647.06 -18.00
v -2647.06 2647.06 -18.00
v -2647.06 2647.06 0.00
v -2117.65 2647.06 0.00
v -2117.65 3176.47 0.00
v -2647.06 3176.47 0.00
v -2647.06 2647.06 -18.00
v -2117.65 2647.06 -18.00
v -2117.65 2647.06 0.00
v -2647.06 2647.06 0.00
v -2117.65 2647.06 -18.00
v -2117.65 3176.47 -18.00
v -2117.65 3176.47 0.00
v -2117.65 2647.06 0.00
v -2117.65 3176.47 -18.00
v -2647.06 3176.47 -18.00
v -2647.06 3176.47 0.00
v -2117.65 3176.47 0.00
v -2647.06 3176.47 -18.00
v -2647.06 2647.06 -18.00
v -2647.06 2647.06 0.00
v -2647.06 3176.47 0.00
v -2647.06 3705.88 -18.00
v -2117.65 3705.88 -18.00
v -2117.65 3176.47 -18.00
v -2647.06 3176.47 -18.00
v -2647.06 3176.47 0.00
v -2117.65 3176.47 0.00
v -2117.65 3705.88 0.00
v -2647.06 3705.88 0.00
v -2647.06 3176.47 -18.00
v -2117.65 3176.47 -18.00
v -2117.65 3176.47 0.00
v -2647.06 3176.47 0.00
v -2117.65 3176.47 -18.00
v -2117.65 3705.88 -18.00
v -2117.65 3705.88 0.00
v -2117.65 3176.47 0.00
v -2117.65 3705.88 -18.00
v -2647.06 3705.88 -18.00
v -2647.06 3705.88 0.00
v -2117.65 3705.88 0.00
v -2647.06 3705.88 -18.00
v -2647.06 3176.47 -18.00
v -2647.06 3176.47 0.00
v -2647.06 3705.88 0.00
v -2647.06 4235.29 -18.00
v -2117.65 4235.29 -18.00
v -2117.65 3705.88 -18.00
v -2647.06 3705.88 -18.00
v -2647.06 3705.88 0.00
v -2117.65 3705.88 0.00
v -2117.65 4235.29 0.00
v -2647.06 4235.29 0.00
v -2647.06 3705.88 -18.00
v -2117.65 3705.88 -18.00
v -2117.65 3705.88 0.00
v -2647.06 3705.88 0.00
v -2117.65 3705.88 -18.00
v -2117.65 4235.29 -18.00
v -2117.65 4235.29 0.00
v -2117.65 3705.88 0.00
v -2117.65 4235.29 -18.00
v -2647.06 4235.29 -18.00
v -2647.06 4235.29 0.00
v -2117.65 4235.29 0.00
v -2647.06 4235.29 -18.00
v -2647.06 3705.88 -18.00
v -2647.06 3705.88 0.00
v -2647.06 4235.29 0.00
v -2647.06 4764.71 -18.00
v -2117.65 4764.71 -18.00
v -2117.65 4235.29 -18.00
v -2647.06 4235.29 -18.00
v -2647.06 4235.29 0.00
v -2117.65 4235.29 0.00
v -2117.65 4764.71 0.00
v -2647.06 4764.71 0.00
v -2647.06 4235.29 -18.00
v -2117.65 4235.29 -18.00
v -2117.65 4235.29 0.00
v -2647.06 4235.29 0.00
v -2117.65 4235.29 -18.00
v -2117.65 4764.71 -18.00
v -2117.65 4764.71 0.00
v -2117.65 4235.29 0.00
v -2117.65 4764.71 -18.00
v -2647.06 4764.71 -18.00
v -2647.06 4764.71 0.00
v -2117.65 4764.71 0.00
v -2647.06 4764.71 -18.00
v -2647.06 4235.29 -18.00
v -2647.06 4235.29 0.00
v -2647.06 4764.71 0.00
v -2647.06 5294.12 -18.00
v -2117.65 5294.12 -18.00
v -2117.65 4764.71 -18.00
v -2647.06 4764.71 -18.00
v -2647.06 4764.71 0.00
v -2117.65 4764.71 0.00
v -2117.65 5294.12 0.00
v -2647.06 5294.12 0.00
v -2647.06 4764.71 -18.00
v -2117.65 4764.71 -18.00
v -2117.65 4764.71 0.00
v -2647.06 4764.71 0.00
v -2117.65 4764.71 -18.00
v -2117.65 5294.12 -18.00
v -2117.65 5294.12 0.00
v -2117.65 4764.71 0.00
v -2117.65 5294.12 -18.00
v -2647.06 5294.12 -18.00
v -2647.06 5294.12 0.00
v -2117.65 5294.12 0.00
v -2647.06 5294.12 -18.00
v -2647.06 4764.71 -18.00
v -2647.06 4764.71 0.00
v -2647.06 5294.12 0.00
v -2647.06 5823.53 -18.00
v -2117.65 5823.53 -18.00
v -2117.65 5294.12 -18.00
v -2647.06 5294.12 -18.00
v -2647.06 5294.12 0.00
v -2117.65 5294.12 0.00
v -2117.65 5823.53 0.00
v -2647.06 5823.53 0.00
v -2647.06 5294.12 -18.00
v -2117.65 5294.12 -18.00
v -2117.65 5294.12 0.00
v -2647.06 5294.12 0.00
v -2117.65 5294.12 -18.00
v -2117.65 5823.53 -18.00
v -2117.65 5823.53 0.00
v -2117.65 5294.12 0.00
v -2117.65 5823.53 -18.00
v -2647.06 5823.53 -18.00
v -2647.06 5823.53 0.00
v -2117.65 5823.53 0.00
v -2647.06 5823.53 -18.00
v -2647.06 5294.12 -18.00
v -2647.06 5294.12 0.00
v -2647.06 5823.53 0.00
v -2647.06 6352.94 -18.00
v -2117.65 6352.94 -18.00
v -2117.65 5823.53 -18.00
v -2647.06 5823.53 -18.00
v -2647.06 5823.53 0.00
v -2117.65 5823.53 0.00
v -2117.65 6352.94 0.00
v -2647.06 6352.94 0.00
v -2647.06 5823.53 -18.00
v -2117.65 5823.53 -18.00
v -2117.65 5823.53 0.00
v -2647.06 5823.53 0.00
v -2117.65 5823.53 -18.00
v -2117.65 6352.94 -18.00
v -2117.65 6352.94 0.00
v -2117.65 5823.53 0.00
v -2117.65 6352.94 -18.00
v -2647.06 6352.94 -18.00
v -2647.06 6352.94 0.00
v -2117.65 6352.94 0.00
v -2647.06 6352.94 -18.00
v -2647.06 5823.53 -18.00
v -2647.06 5823.53 0.00
v -2647.06 6352.94 0.00
v -2647.06 6882.35 -18.00
v -2117.65 6882.35 -18.00
v -2117.65 6352.94 -18.00
v -2647.06 6352.94 -18.00
v -2647.06 6352.94 0.00
v -2117.65 6352.94 0.00
v -2117.65 6882.35 0.00
v -2647.06 6882.35 0.00
v -2647.06 6352.94 -18.00
v -2117.65 6352.94 -18.00
v -2117.65 6352.94 0.00
v -2647.06 6352.94 0.00
v -2117.65 6352.94 -18.00
v -2117.65 6882.35 -18.00
v -2117.65 6882.35 0.00
v -2117.65 6352.94 0.00
v -2117.65 6882.35 -18.00
v -2647.06 6882.35 -18.00
v -2647.06 6882.35 0.00
v -2117.65 6882.35 0.00
v -2647.06 6882.35 -18.00
v -2647.06 6352.94 -18.00
v -2647.06 6352.94 0.00
v -2647.06 6882.35 0.00
v -2647.06 7411.77 -18.00
v -2117.65 7411.77 -18.00
v -2117.65 6882.35 -18.00
v -2647.06 6882.35 -18.00
v -2647.06 6882.35 0.00
v -2117.65 6882.35 0.00
v -2117.65 7411.77 0.00
v -2647.06 7411.77 0.00
v -2647.06 6882.35 -18.00
v -2117.65 6882.35 -18.00
v -2117.65 6882.35 0.00
v -2647.06 6882.35 0.00
v -2117.65 6882.35 -18.00
v -2117.65 7411.77 -18.00
v -2117.65 7411.77 0.00
v -2117.65 6882.35 0.00
v -2117.65 7411.77 -18.00
v -2647.06 7411.77 -18.00
v -2647.06 7411.77 0.00
v -2117.65 7411.77 0.00
v -2647.06 7411.77 -18.00
v -2647.06 6882.35 -18.00
v -2647.06 6882.35 0.00
v -2647.06 7411.77 0.00
v -2647.06 7941.18 -18.00
v -2117.65 7941.18 -18.00
v -2117.65 7411.77 -18.00
v -2647.06 7411.77 -18.00
v -2647.06 7411.77 0.00
v -2117.65 7411.77 0.00
v -2117.65 7941.18 0.00
v -2647.06 7941.18 0.00
v -2647.06 7411.77 -18.00
v -2117.65 7411.77 -18.00
v -2117.65 7411.77 0.00
v -2647.06 7411.77 0.00
v -2117.65 7411.77 -18.00
v -2117.65 7941.18 -18.00
v -2117.65 7941.18 0.00
v -2117.65 7411.77 0.00
v -2117.65 7941.18 -18.00
v -2647.06 7941.18 -18.00
v -2647.06 7941.18 0.00
v -2117.65 7941.18 0.00
v -2647.06 7941.18 -18.00
v -2647.06 7411.77 -18.00
v -2647.06 7411.77 0.00
v -2647.06 7941.18 0.00
v -2647.06 8470.59 -18.00
v -2117.65 8470.59 -18.00
v -2117.65 7941.18 -18.00
v -2647.06 7941.18 -18.00
v -2647.06 7941.18 0.00
v -2117.65 7941.18 0.00
v -2117.65 8470.59 0.00
v -2647.06 8470.59 0.00
v -2647.06 7941.18 -18.00
v -2117.65 7941.18 -18.00
v -2117.65 7941.18 0.00
v -2647.06 7941.18 0.00
v -2117.65 7941.18 -18.00
v -2117.65 8470.59 -18.00
v -2117.65 8470.59 0.00
v -2117.65 7941.18 0.00
v -2117.65 8470.59 -18.00
v -2647.06 8470.59 -18.00
v -2647.06 8470.59 0.00
v -2117.65 8470.59 0.00
v -2647.06 8470.59 -18.00
v -2647.06 7941.18 -18.00
v -2647.06 7941.18 0.00
v -2647.06 8470.59 0.00
v -2647.06 9000.00 -18.00
v -2117.65 9000.00 -18.00
v -2117.65 8470.59 -18.00
v -2647.06 8470.59 -18.00
v -2647.06 8470.59 0.00
v -2117.65 8470.59 0.00
v -2117.65 9000.00 0.00
v -2647.06 9000.00 0.00
v -2647.06 8470.59 -18.00
v -2117.65 8470.59 -18.00
v -2117.65 8470.59 0.00
v -2647.06 8470.59 0.00
v -2117.65 8470.59 -18.00
v -2117.65 9000.00 -18.00
v -2117.65 9000.00 0.00
v -2117.65 8470.59 0.00
v -2117.65 9000.00 -18.00
v -2647.06 9000.00 -18.00
v -2647.06 9000.00 0.00
v -2117.65 9000.00 0.00
v -2647.06 9000.00 -18.00
v -2647.06 8470.59 -18.00
v -2647.06 8470.59 0.00
v -2647.06 9000.00 0.00
v -1588.23 -0.00 -18.00
v -2117.65 -0.00 -18.00
v -2117.65 -0.00 0.00
v -1588.23 -0.00 0.00
v -2117.65 529.41 -18.00
v -1588.23 529.41 -18.00
v -1588.23 0.00 -18.00
v -2117.65 0.00 -18.00
v -2117.65 0.00 0.00
v -1588.23 0.00 0.00
v -1588.23 529.41 0.00
v -2117.65 529.41 0.00
v -2117.65 0.00 -18.00
v -1588.23 0.00 -18.00
v -1588.23 0.00 0.00
v -2117.65 0.00 0.00
v -1588.23 0.00 -18.00
v -1588.23 529.41 -18.00
v -1588.23 529.41 0.00
v -1588.23 0.00 0.00
v -1588.23 529.41 -18.00
v -2117.65 529.41 -18.00
v -2117.65 529.41 0.00
v -1588.23 529.41 0.00
v -2117.65 529.41 -18.00
v -2117.65 0.00 -18.00
v -2117.65 0.00 0.00
v -2117.65 529.41 0.00
v -2117.65 1058.82 -18.00
v -1588.23 1058.82 -18.00
v -1588.23 529.41 -18.00
v -2117.65 529.41 -18.00
v -2117.65 529.41 0.00
v -1588.23 529.41 0.00
v -1588.23 1058.82 0.00
v -2117.65 1058.82 0.00
v -2117.65 529.41 -18.00
v -1588.23 529.41 -18.00
v -1588.23 529.41 0.00
v -2117.65 529.41 0.00
v -1588.23 529.41 -18.00
v -1588.23 1058.82 -18.00
v -1588.23 1058.82 0.00
v -1588.23 529.41 0.00
v -1588.23 1058.82 -18.00
v -2117.65 1058.82 -18.00
v -2117.65 1058.82 0.00
v -1588.23 1058.82 0.00
v -2117.65 1058.82 -18.00
v -2117.65 529.41 -18.00
v -2117.65 529.41 0.00
v -2117.65 1058.82 0.00
v -2117.65 1588.23 -18.00
v -1588.23 1588.23 -18.00
v -1588.23 1058.82 -18.00
v -2117.65 1058.82 -18.00
v -2117.65 1058.82 0.00
v -1588.23 1058.82 0.00
v -1588.23 1588.23 0.00
v -2117.65 1588.23 0.00
v -2117.65 1058.82 -18.00
v -1588.23 1058.82 -18.00
v -1588.23 1058.82 0.00
v -2117.65 1058.82 0.00
v -1588.23 1058.82 -18.00
v -1588.23 1588.23 -18.00
v -1588.23 1588.23 0.00
v -1588.23 1058.82 0.00
v -1588.23 1588.23 -18.00
v -2117.65 1588.23 -18.00
v -2117.65 1588.23 0.00
v -1588.23 1588.23 0.00
v -2117.65 1588.23 -18.00
v -2117.65 1058.82 -18.00
v -2117.65 1058.82 0.00
v -2117.65 1588.23 0.00
v -2117.65 2117.65 -18.00
v -1588.23 2117.65 -18.00
v -1588.23 1588.23 -18.00
v -2117.65 1588.23 -18.00
v -2117.65 1588.23 0.00
v -1588.23 1588.23 0.00
v -1588.23 2117.65 0.00
v -2117.65 2117.65 0.00
v -2117.65 1588.23 -18.00
v -1588.23 1588.23 -18.00
v -1588.23 1588.23 0.00
v -2117.65 1588.23 0.00
v -1588.23 1588.23 -18.00
v -1588.23 2117.65 -18.00
v -1588.23 2117.65 0.00
v -1588.23 1588.23 0.00
v -1588.23 2117.65 -18.00
v -2117.65 2117.65 -18.00
v -2117.65 2117.65 0.00
v -1588.23 2117.65 0.00
v -2117.65 2117.65 -18.00
v -2117.65 1588.23 -18.00
v -2117.65 1588.23 0.00
v -2117.65 2117.65 0.00
v -2117.65 2647.06 -18.00
v -1588.23 2647.06 -18.00
v -1588.23 2117.65 -18.00
v -2117.65 2117.65 -18.00
v -2117.65 2117.65 0.00
v -1588.23 2117.65 0.00
v -1588.23 2647.06 0.00
v -2117.65 2647.06 0.00
v -2117.65 2117.65 -18.00
v -1588.23 2117.65 -18.00
v -1588.23 2117.65 0.00
v -2117.65 2117.65 0.00
v -1588.23 2117.65 -18.00
v -1588.23 2647.06 -18.00
v -1588.23 2647.06 0.00
v -1588.23 2117.65 0.00
v -1588.23 2647.06 -18.00
v -2117.65 2647.06 -18.00
v -2117.65 2647.06 0.00
v -1588.23 2647.06 0.00
v -2117.65 2647.06 -18.00
v -2117.65 2117.65 -18.00
v -2117.65 2117.65 0.00
v -2117.65 2647.06 0.00
v -2117.65 3176.47 -18.00
v -1588.23 3176.47 -18.00
v -1588.23 2647.06 -18.00
v -2117.65 2647.06 -18.00
v -2117.65 2647.06 0.00
v -1588.23 2647.06 0.00
v -1588.23 3176.47 0.00
v -2117.65 3176.47 0.00
v -2117.65 2647.06 -18.00
v -1588.23 2647.06 -18.00
v -1588.23 2647.06 0.00
v -2117.65 2647.06 0.00
v -1588.23 2647.06 -18.00
v -1588.23 3176.47 -18.00
v -1588.23 3176.47 0.00
v -1588.23 2647.06 0.00
v -1588.23 3176.47 -18.00
v -2117.65 3176.47 -18.00
v -2117.65 3176.47 0.00
v -1588.23 3176.47 0.00
v -2117.65 3176.47 -18.00
v -2117.65 2647.06 -18.00
v -2117.65 2647.06 0.00
v -2117.65 3176.47 0.00
v -2117.65 3705.88 -18.00
v -1588.23 3705.88 -18.00
v -1588.23 3176.47 -18.00
v -2117.65 3176.47 -18.00
v -2117.65 3176.47 0.00
v -1588.23 3176.47 0.00
v -1588.23 3705.88 0.00
v -2117.65 3705.88 0.00
v -2117.65 3176.47 -18.00
v -1588.23 3176.47 -18.00
v -1588.23 3176.47 0.00
v -2117.65 3176.47 0.00
v -1588.23 3176.47 -18.00
v -1588.23 3705.88 -18.00
v -1588.23 3705.88 0.00
v -1588.23 3176.47 0.00
v -1588.23 3705.88 -18.00
v -2117.65 3705.88 -18.00
v -2117.65 3705.88 0.00
v -1588.23 3705.88 0.00
v -2117.65 3705.88 -18.00
v -2117.65 3176.47 -18.00
v -2117.65 3176.47 0.00
v -2117.65 3705.88 0.00
v -2117.65 4235.29 -18.00
v -1588.23 4235.29 -18.00
v -1588.23 3705.88 -18.00
v -2117.65 3705.88 -18.00
v -2117.65 3705.88 0.00
v -1588.23 3705.88 0.00
v -1588.23 4235.29 0.00
v -2117.65 4235.29 0.00
v -2117.65 3705.88 -18.00
v -1588.23 3705.88 -18.00
v -1588.23 3705.88 0.00
v -2117.65 3705.88 0.00
v -1588.23 3705.88 -18.00
v -1588.23 4235.29 -18.00
v -1588.23 4235.29 0.00
v -1588.23 3705.88 0.00
v -1588.23 4235.29 -18.00
v -2117.65 4235.29 -18.00
v -2117.65 4235.29 0.00
v -1588.23 4235.29 0.00
v -2117.65 4235.29 -18.00
v -2117.65 3705.88 -18.00
v -2117.65 3705.88 0.00
v -2117.65 4235.29 0.00
v -2117.65 4764.71 -18.00
v -1588.23 4764.71 -18.00
v -1588.23 4235.29 -18.00
v -2117.65 4235.29 -18.00
v -2117.65 4235.29 0.00
v -1588.23 4235.29 0.00
v -1588.23 4764.71 0.00
v -2117.65 4764.71 0.00
v -2117.65 4235.29 -18.00
v -1588.23 4235.29 -18.00
v -1588.23 4235.29 0.00
v -2117.65 4235.29 0.00
v -1588.23 4235.29 -18.00
v -1588.23 4764.71 -18.00
v -1588.23 4764.71 0.00
v -1588.23 4235.29 0.00
v -1588.23 4764.71 -18.00
v -2117.65 4764.71 -18.00
v -2117.65 4764.71 0.00
v -1588.23 4764.71 0.00
v -2117.65 4764.71 -18.00
v -2117.65 4235.29 -18.00
v -2117.65 4235.29 0.00
v -2117.65 4764.71 0.00
v -2117.65 5294.12 -18.00
v -1588.23 5294.12 -18.00
v -1588.23 4764.71 -18.00
v -2117.65 4764.71 -18.00
v -2117.65 4764.71 0.00
v -1588.23 4764.71 0.00
v -1588.23 5294.12 0.00
v -2117.65 5294.12 0.00
v -2117.65 4764.71 -18.00
v -1588.23 4764.71 -18.00
v -1588.23 4764.71 0.00
v -2117.65 4764.71 0.00
v -1588.23 4764.71 -18.00
v -1588.23 5294.12 -18.00
v -1588.23 5294.12 0.00
v -1588.23 4764.71 0.00
v -1588.23 5294.12 -18.00
v -2117.65 5294.12 -18.00
v -2117.65 5294.12 0.00
v -1588.23 5294.12 0.00
v -2117.65 5294.12 -18.00
v -2117.65 4764.71 -18.00
v -2117.65 4764.71 0.00
v -2117.65 5294.12 0.00
v -2117.65 5823.53 -18.00
v -1588.23 5823.53 -18.00
v -1588.23 5294.12 -18.00
v -2117.65 5294.12 -18.00
v -2117.65 5294.12 0.00
v -1588.23 5294.12 0.00
v -1588.23 5823.53 0.00
v -2117.65 5823.53 0.00
v -2117.65 5294.12 -18.00
v -1588.23 5294.12 -18.00
v -1588.23 5294.12 0.00
v -2117.65 5294.12 0.00
v -1588.23 5294.12 -18.00
v -1588.23 5823.53 -18.00
v -1588.23 5823.53 0.00
v -1588.23 5294.12 0.00
v -1588.23 5823.53 -18.00
v -2117.65 5823.53 -18.00
v -2117.65 5823.53 0.00
v -1588.23 5823.53 0.00
v -2117.65 5823.53 -18.00
v -2117.65 5294.12 -18.00
v -2117.65 5294.12 0.00
v -2117.65 5823.53 0.00
v -2117.65 6352.94 -18.00
v -1588.23 6352.94 -18.00
v -1588.23 5823.53 -18.00
v -2117.65 5823.53 -18.00
v -2117.65 5823.53 0.00
v -1588.23 5823.53 0.00
v -1588.23 6352.94 0.00
v -2117.65 6352.94 0.00
v -2117.65 5823.53 -18.00
v -1588.23 5823.53 -18.00
v -1588.23 5823.53 0.00
v -2117.65 5823.53 0.00
v -1588.23 5823.53 -18.00
v -1588.23 6352.94 -18.00
v -1588.23 6352.94 0.00
v -1588.23 5823.53 0.00
v -1588.23 6352.94 -18.00
v -2117.65 6352.94 -18.00
v -2117.65 6352.94 0.00
v -1588.23 6352.94 0.00
v -2117.65 6352.94 -18.00
v -2117.65 5823.53 -18.00
v -2117.65 5823.53 0.00
v -2117.65 6352.94 0.00
v -2117.65 6882.35 -18.00
v -1588.23 6882.35 -18.00
v -1588.23 6352.94 -18.00
v -2117.65 6352.94 -18.00
v -2117.65 6352.94 0.00
v -1588.23 6352.94 0.00
v -1588.23 6882.35 0.00
v -2117.65 6882.35 0.00
v -2117.65 6352.94 -18.00
v -1588.23 6352.94 -18.00
v -1588.23 6352.94 0.00
v -2117.65 6352.94 0.00
v -1588.23 6352.94 -18.00
v -1588.23 6882.35 -18.00
v -1588.23 6882.35 0.00
v -1588.23 6352.94 0.00
v -1588.23 6882.35 -18.00
v -2117.65 6882.35 -18.00
v -2117.65 6882.35 0.00
v -1588.23 6882.35 0.00
v -2117.65 6882.35 -18.00
v -2117.65 6352.94 -18.00
v -2117.65 6352.94 0.00
v -2117.65 6882.35 0.00
v -2117.65 7411.77 -18.00
v -1588.23 7411.77 -18.00
v -1588.23 6882.35 -18.00
v -2117.65 6882.35 -18.00
v -2117.65 6882.35 0.00
v -1588.23 6882.35 0.00
v -1588.23 7411.77 0.00
v -2117.65 7411.77 0.00
v -2117.65 6882.35 -18.00
v -1588.23 6882.35 -18.00
v -1588.23 6882.35 0.00
v -2117.65 6882.35 0.00
v -1588.23 6882.35 -18.00
v -1588.23 7411.77 -18.00
v -1588.23 7411.77 0.00
v -1588.23 6882.35 0.00
v -1588.23 7411.77 -18.00
v -2117.65 7411.77 -18.00
v -2117.65 7411.77 0.00
v -1588.23 7411.77 0.00
v -2117.65 7411.77 -18.00
v -2117.65 6882.35 -18.00
v -2117.65 6882.35 0.00
v -2117.65 7411.77 0.00
v -2117.65 7941.18 -18.00
v -1588.23 7941.18 -18.00
v -1588.23 7411.77 -18.00
v -2117.65 7411.77 -18.00
v -2117.65 7411.77 0.00
v -1588.23 7411.77 0.00
v -1588.23 7941.18 0.00
v -2117.65 7941.18 0.00
v -2117.65 7411.77 -18.00
v -1588.23 7411.77 -18.00
v -1588.23 7411.77 0.00
v -2117.65 7411.77 0.00
v -1588.23 7411.77 -18.00
v -1588.23 7941.18 -18.00
v -1588.23 7941.18 0.00
v -1588.23 7411.77 0.00
v -1588.23 7941.18 -18.00
v -2117.65 7941.18 -18.00
v -2117.65 7941.18 0.00
v -1588.23 7941.18 0.00
v -2117.65 7941.18 -18.00
v -2117.65 7411.77 -18.00
v -2117.65 7411.77 0.00
v -2117.65 7941.18 0.00
v -2117.65 8470.59 -18.00
v -1588.23 8470.59 -18.00
v -1588.23 7941.18 -18.00
v -2117.65 7941.18 -18.00
v -2117.65 7941.18 0.00
v -1588.23 7941.18 0.00
v -1588.23 8470.59 0.00
v -2117.65 8470.59 0.00
v -2117.65 7941.18 -18.00
v -1588.23 7941.18 -18.00
v -1588.23 7941.18 0.00
v -2117.65 7941.18 0.00
v -1588.23 7941.18 -18.00
v -1588.23 8470.59 -18.00
v -1588.23 8470.59 0.00
v -1588.23 7941.18 0.00
v -1588.23 8470.59 -18.00
v -2117.65 8470.59 -18.00
v -2117.65 8470.59 0.00
v -1588.23 8470.59 0.00
v -2117.65 8470.59 -18.00
v -2117.65 7941.18 -18.00
v -2117.65 7941.18 0.00
v -2117.65 8470.59 0.00
v -2117.65 9000.00 -18.00
v -1588.23 9000.00 -18.00
v -1588.23 8470.59 -18.00
v -2117.65 8470.59 -18.00
v -2117.65 8470.59 0.00
v -1588.23 8470.59 0.00
v -1588.23 9000.00 0.00
v -2117.65 9000.00 0.00
v -2117.65 8470.59 -18.00
v -1588.23 8470.59 -18.00
v -1588.23 8470.59 0.00
v -2117.65 8470.59 0.00
v -1588.23 8470.59 -18.00
v -1588.23 9000.00 -18.00
v -1588.23 9000.00 0.00
v -1588.23 8470.59 0.00
v -1588.23 9000.00 -18.00
v -2117.65 9000.00 -18.00
v -2117.65 9000.00 0.00
v -1588.23 9000.00 0.00
v -2117.65 9000.00 -18.00
v -2117.65 8470.59 -18.00
v -2117.65 8470.59 0.00
v -2117.65 9000.00 0.00
v -1058.82 -0.00 -18.00
v -1588.23 -0.00 -18.00
v -1588.23 -0.00 0.00
v -1058.82 -0.00 0.00
v -1588.23 529.41 -18.00
v -1058.82 529.41 -18.00
v -1058.82 0.00 -18.00
v -1588.23 0.00 -18.00
v -1588.23 0.00 0.00
v -1058.82 0.00 0.00
v -1058.82 529.41 0.00
v -1588.23 529.41 0.00
v -1588.23 0.00 -18.00
v -1058.82 0.00 -18.00
v -1058.82 0.00 0.00
v -1588.23 0.00 0.00
v -1058.82 0.00 -18.00
v -1058.82 529.41 -18.00
v -1058.82 529.41 0.00
v -1058.82 0.00 0.00
v -1058.82 529.41 -18.00
v -1588.23 529.41 -18.00
v -1588.23 529.41 0.00
v -1058.82 529.41 0.00
v -1588.23 529.41 -18.00
v -1588.23 0.00 -18.00
v -1588.23 0.00 0.00
v -1588.23 529.41 0.00
v -1588.23 1058.82 -18.00
v -1058.82 1058.82 -18.00
v -1058.82 529.41 -18.00
v -1588.23 529.41 -18.00
v -1588.23 529.41 0.00
v -1058.82 529.41 0.00
v -1058.82 1058.82 0.00
v -1588.23 1058.82 0.00
v -1588.23 529.41 -18.00
v -1058.82 529.41 -18.00
v -1058.82 529.41 0.00
v -1588.23 529.41 0.00
v -1058.82 529.41 -18.00
v -1058.82 1058.82 -18.00
v -1058.82 1058.82 0.00
v -1058.82 529.41 0.00
v -1058.82 1058.82 -18.00
v -1588.23 1058.82 -18.00
v -1588.23 1058.82 0.00
v -1058.82 1058.82 0.00
v -1588.23 1058.82 -18.00
v -1588.23 529.41 -18.00
v -1588.23 529.41 0.00
v -1588.23 1058.82 0.00
v -1588.23 1588.23 -18.00
v -1058.82 1588.23 -18.00
v -1058.82 1058.82 -18.00
v -1588.23 1058.82 -18.00
v -1588.23 1058.82 0.00
v -1058.82 1058.82 0.00
v -1058.82 1588.23 0.00
v -1588.23 1588.23 0.00
v -1588.23 1058.82 -18.00
v -1058.82 1058.82 -18.00
v -1058.82 1058.82 0.00
v -1588.23 1058.82 0.00
v -1058.82 1058.82 -18.00
v -1058.82 1588.23 -18.00
v -1058.82 1588.23 0.00
v -1058.82 1058.82 0.00
v -1058.82 1588.23 -18.00
v -1588.23 1588.23 -18.00
v -1588.23 1588.23 0.00
v -1058.82 1588.23 0.00
v -1588.23 1588.23 -18.00
v -1588.23 1058.82 -18.00
v -1588.23 1058.82 0.00
v -1588.23 1588.23 0.00
v -1588.23 2117.65 -18.00
v -1058.82 2117.65 -18.00
v -1058.82 1588.23 -18.00
v -1588.23 1588.23 -18.00
v -1588.23 1588.23 0.00
v -1058.82 1588.23 0.00
v -1058.82 2117.65 0.00
v -1588.23 2117.65 0.00
v -1588.23 1588.23 -18.00
v -1058.82 1588.23 -18.00
v -1058.82 1588.23 0.00
v -1588.23 1588.23 0.00
v -1058.82 1588.23 -18.00
v -1058.82 2117.65 -18.00
v -1058.82 2117.65 0.00
v -1058.82 1588.23 0.00
v -1058.82 2117.65 -18.00
v -1588.23 2117.65 -18.00
v -1588.23 2117.65 0.00
v -1058.82 2117.65 0.00
v -1588.23 2117.65 -18.00
v -1588.23 1588.23 -18.00
v -1588.23 1588.23 0.00
v -1588.23 2117.65 0.00
v -1588.23 2647.06 -18.00
v -1058.82 2647.06 -18.00
v -1058.82 2117.65 -18.00
v -1588.23 2117.65 -18.00
v -1588.23 2117.65 0.00
v -1058.82 2117.65 0.00
v -1058.82 2647.06 0.00
v -1588.23 2647.06 0.00
v -1588.23 2117.65 -18.00
v -1058.82 2117.65 -18.00
v -1058.82 2117.65 0.00
v -1588.23 2117.65 0.00
v -1058.82 2117.65 -18.00
v -1058.82 2647.06 -18.00
v -1058.82 2647.06 0.00
v -1058.82 2117.65 0.00
v -1058.82 2647.06 -18.00
v -1588.23 2647.06 -18.00
v -1588.23 2647.06 0.00
v -1058.82 2647.06 0.00
v -1588.23 2647.06 -18.00
v -1588.23 2117.65 -18.00
v -1588.23 2117.65 0.00
v -1588.23 2647.06 0.00
v -1588.23 3176.47 -18.00
v -1058.82 3176.47 -18.00
v -1058.82 2647.06 -18.00
v -1588.23 2647.06 -18.00
v -1588.23 2647.06 0.00
v -1058.82 2647.06 0.00
v -1058.82 3176.47 0.00
v -1588.23 3176.47 0.00
v -1588.23 2647.06 -18.00
v -1058.82 2647.06 -18.00
v -1058.82 2647.06 0.00
v -1588.23 2647.06 0.00
v -1058.82 2647.06 -18.00
v -1058.82 3176.47 -18.00
v -1058.82 3176.47 0.00
v -1058.82 2647.06 0.00
v -1058.82 3176.47 -18.00
v -1588.23 3176.47 -18.00
v -1588.23 3176.47 0.00
v -1058.82 3176.47 0.00
v -1588.23 3176.47 -18.00
v -1588.23 2647.06 -18.00
v -1588.23 2647.06 0.00
v -1588.23 3176.47 0.00
v -1588.23 3705.88 -18.00
v -1058.82 3705.88 -18.00
v -1058.82 3176.47 -18.00
v -1588.23 3176.47 -18.00
v -1588.23 3176.47 0.00
v -1058.82 3176.47 0.00
v -1058.82 3705.88 0.00
v -1588.23 3705.88 0.00
v -1588.23 3176.47 -18.00
v -1058.82 3176.47 -18.00
v -1058.82 3176.47 0.00
v -1588.23 3176.47 0.00
v -1058.82 3176.47 -18.00
v -1058.82 3705.88 -18.00
v -1058.82 3705.88 0.00
v -1058.82 3176.47 0.00
v -1058.82 3705.88 -18.00
v -1588.23 3705.88 -18.00
v -1588.23 3705.88 0.00
v -1058.82 3705.88 0.00
v -1588.23 3705.88 -18.00
v -1588.23 3176.47 -18.00
v -1588.23 3176.47 0.00
v -1588.23 3705.88 0.00
v -1588.23 4235.29 -18.00
v -1058.82 4235.29 -18.00
v -1058.82 3705.88 -18.00
v -1588.23 3705.88 -18.00
v -1588.23 3705.88 0.00
v -1058.82 3705.88 0.00
v -1058.82 4235.29 0.00
v -1588.23 4235.29 0.00
v -1588.23 3705.88 -18.00
v -1058.82 3705.88 -18.00
v -1058.82 3705.88 0.00
v -1588.23 3705.88 0.00
v -1058.82 3705.88 -18.00
v -1058.82 4235.29 -18.00
v -1058.82 4235.29 0.00
v -1058.82 3705.88 0.00
v -1058.82 4235.29 -18.00
v -1588.23 4235.29 -18.00
v -1588.23 4235.29 0.00
v -1058.82 4235.29 0.00
v -1588.23 4235.29 -18.00
v -1588.23 3705.88 -18.00
v -1588.23 3705.88 0.00
v -1588.23 4235.29 0.00
v -1588.23 4764.71 -18.00
v -1058.82 4764.71 -18.00
v -1058.82 4235.29 -18.00
v -1588.23 4235.29 -18.00
v -1588.23 4235.29 0.00
v -1058.82 4235.29 0.00
v -1058.82 4764.71 0.00
v -1588.23 4764.71 0.00
v -1588.23 4235.29 -18.00
v -1058.82 4235.29 -18.00
v -1058.82 4235.29 0.00
v -1588.23 4235.29 0.00
v -1058.82 4235.29 -18.00
v -1058.82 4764.71 -18.00
v -1058.82 4764.71 0.00
v -1058.82 4235.29 0.00
v -1058.82 4764.71 -18.00
v -1588.23 4764.71 -18.00
v -1588.23 4764.71 0.00
v -1058.82 4764.71 0.00
v -1588.23 4764.71 -18.00
v -1588.23 4235.29 -18.00
v -1588.23 4235.29 0.00
v -1588.23 4764.71 0.00
v -1588.23 5294.12 -18.00
v -1058.82 5294.12 -18.00
v -1058.82 4764.71 -18.00
v -1588.23 4764.71 -18.00
v -1588.23 4764.71 0.00
v -1058.82 4764.71 0.00
v -1058.82 5294.12 0.00
v -1588.23 5294.12 0.00
v -1588.23 4764.71 -18.00
v -1058.82 4764.71 -18.00
v -1058.82 4764.71 0.00
v -1588.23 4764.71 0.00
v -1058.82 4764.71 -18.00
v -1058.82 5294.12 -18.00
v -1058.82 5294.12 0.00
v -1058.82 4764.71 0.00
v -1058.82 5294.12 -18.00
v -1588.23 5294.12 -18.00
v -1588.23 5294.12 0.00
v -1058.82 5294.12 0.00
v -1588.23 5294.12 -18.00
v -1588.23 4764.71 -18.00
v -1588.23 4764.71 0.00
v -1588.23 5294.12 0.00
v -1588.23 5823.53 -18.00
v -1058.82 5823.53 -18.00
v -1058.82 5294.12 -18.00
v -1588.23 5294.12 -18.00
v -1588.23 5294.12 0.00
v -1058.82 5294.12 0.00
v -1058.82 5823.53 0.00
v -1588.23 5823.53 0.00
v -1588.23 5294.12 -18.00
v -1058.82 5294.12 -18.00
v -1058.82 5294.12 0.00
v -1588.23 5294.12 0.00
v -1058.82 5294.12 -18.00
v -1058.82 5823.53 -18.00
v -1058.82 5823.53 0.00
v -1058.82 5294.12 0.00
v -1058.82 5823.53 -18.00
v -1588.23 5823.53 -18.00
v -1588.23 5823.53 0.00
v -1058.82 5823.53 0.00
v -1588.23 5823.53 -18.00
v -1588.23 5294.12 -18.00
v -1588.23 5294.12 0.00
v -1588.23 5823.53 0.00
v -1588.23 6352.94 -18.00
v -1058.82 6352.94 -18.00
v -1058.82 5823.53 -18.00
v -1588.23 5823.53 -18.00
v -1588.23 5823.53 0.00
v -1058.82 5823.53 0.00
v -1058.82 6352.94 0.00
v -1588.23 6352.94 0.00
v -1588.23 5823.53 -18.00
v -1058.82 5823.53 -18.00
v -1058.82 5823.53 0.00
v -1588.23 5823.53 0.00
v -1058.82 5823.53 -18.00
v -1058.82 6352.94 -18.00
v -1058.82 6352.94 0.00
v -1058.82 5823.53 0.00
v -1058.82 6352.94 -18.00
v -1588.23 6352.94 -18.00
v -1588.23 6352.94 0.00
v -1058.82 6352.94 0.00
v -1588.23 6352.94 -18.00
v -1588.23 5823.53 -18.00
v -1588.23 5823.53 0.00
v -1588.23 6352.94 0.00
v -1588.23 6882.35 -18.00
v -1058.82 6882.35 -18.00
v -1058.82 6352.94 -18.00
v -1588.23 6352.94 -18.00
v -1588.23 6352.94 0.00
v -1058.82 6352.94 0.00
v -1058.82 6882.35 0.00
v -1588.23 6882.35 0.00
v -1588.23 6352.94 -18.00
v -1058.82 6352.94 -18.00
v -1058.82 6352.94 0.00
v -1588.23 6352.94 0.00
v -1058.82 6352.94 -18.00
v -1058.82 6882.35 -18.00
v -1058.82 6882.35 0.00
v -1058.82 6352.94 0.00
v -1058.82 6882.35 -18.00
v -1588.23 6882.35 -18.00
v -1588.23 6882.35 0.00
v -1058.82 6882.35 0.00
v -1588.23 6882.35 -18.00
v -1588.23 6352.94 -18.00
v -1588.23 6352.94 0.00
v -1588.23 6882.35 0.00
v -1588.23 7411.77 -18.00
v -1058.82 7411.77 -18.00
v -1058.82 6882.35 -18.00
v -1588.23 6882.35 -18.00
v -1588.23 6882.35 0.00
v -1058.82 6882.35 0.00
v -1058.82 7411.77 0.00
v -1588.23 7411.77 0.00
v -1588.23 6882.35 -18.00
v -1058.82 6882.35 -18.00
v -1058.82 6882.35 0.00
v -1588.23 6882.35 0.00
v -1058.82 6882.35 -18.00
v -1058.82 7411.77 -18.00
v -1058.82 7411.77 0.00
v -1058.82 6882.35 0.00
v -1058.82 7411.77 -18.00
v -1588.23 7411.77 -18.00
v -1588.23 7411.77 0.00
v -1058.82 7411.77 0.00
v -1588.23 7411.77 -18.00
v -1588.23 6882.35 -18.00
v -1588.23 6882.35 0.00
v -1588.23 7411.77 0.00
v -1588.23 7941.18 -18.00
v -1058.82 7941.18 -18.00
v -1058.82 7411.77 -18.00
v -1588.23 7411.77 -18.00
v -1588.23 7411.77 0.00
v -1058.82 7411.77 0.00
v -1058.82 7941.18 0.00
v -1588.23 7941.18 0.00
v -1588.23 7411.77 -18.00
v -1058.82 7411.77 -18.00
v -1058.82 7411.77 0.00
v -1588.23 7411.77 0.00
v -1058.82 7411.77 -18.00
v -1058.82 7941.18 -18.00
v -1058.82 7941.18 0.00
v -1058.82 7411.77 0.00
v -1058.82 7941.18 -18.00
v -1588.23 7941.18 -18.00
v -1588.23 7941.18 0.00
v -1058.82 7941.18 0.00
v -1588.23 7941.18 -18.00
v -1588.23 7411.77 -18.00
v -1588.23 7411.77 0.00
v -1588.23 7941.18 0.00
v -1588.23 8470.59 -18.00
v -1058.82 8470.59 -18.00
v -1058.82 7941.18 -18.00
v -1588.23 7941.18 -18.00
v -1588.23 7941.18 0.00
v -1058.82 7941.18 0.00
v -1058.82 8470.59 0.00
v -1588.23 8470.59 0.00
v -1588.23 7941.18 -18.00
v -1058.82 7941.18 -18.00
v -1058.82 7941.18 0.00
v -1588.23 7941.18 0.00
v -1058.82 7941.18 -18.00
v -1058.82 8470.59 -18.00
v -1058.82 8470.59 0.00
v -1058.82 7941.18 0.00
v -1058.82 8470.59 -18.00
v -1588.23 8470.59 -18.00
v -1588.23 8470.59 0.00
v -1058.82 8470.59 0.00
v -1588.23 8470.59 -18.00
v -1588.23 7941.18 -18.00
v -1588.23 7941.18 0.00
v -1588.23 8470.59 0.00
v -1588.23 9000.00 -18.00
v -1058.82 9000.00 -18.00
v -1058.82 8470.59 -18.00
v -1588.23 8470.59 -18.00
v -1588.23 8470.59 0.00
v -1058.82 8470.59 0.00
v -1058.82 9000.00 0.00
v -1588.23 9000.00 0.00
v -1588.23 8470.59 -18.00
v -1058.82 8470.59 -18.00
v -1058.82 8470.59 0.00
v -1588.23 8470.59 0.00
v -1058.82 8470.59 -18.00
v -1058.82 9000.00 -18.00
v -1058.82 9000.00 0.00
v -1058.82 8470.59 0.00
v -1058.82 9000.00 -18.00
v -1588.23 9000.00 -18.00
v -1588.23 9000.00 0.00
v -1058.82 9000.00 0.00
v -1588.23 9000.00 -18.00
v -1588.23 8470.59 -18.00
v -1588.23 8470.59 0.00
v -1588.23 9000.00 0.00
v -529.41 -0.00 -18.00
v -1058.82 -0.00 -18.00
v -1058.82 -0.00 0.00
v -529.41 -0.00 0.00
v -1058.82 529.41 -18.00
v -529.41 529.41 -18.00
v -529.41 0.00 -18.00
v -1058.82 0.00 -18.00
v -1058.82 0.00 0.00
v -529.41 0.00 0.00
v -529.41 529.41 0.00
v -1058.82 529.41 0.00
v -1058.82 0.00 -18.00
v -529.41 0.00 -18.00
v -529.41 0.00 0.00
v -1058.82 0.00 0.00
v -529.41 0.00 -18.00
v -529.41 529.41 -18.00
v -529.41 529.41 0.00
v -529.41 0.00 0.00
v -529.41 529.41 -18.00
v -1058.82 529.41 -18.00
v -1058.82 529.41 0.00
v -529.41 529.41 0.00
v -1058.82 529.41 -18.00
v -1058.82 0.00 -18.00
v -1058.82 0.00 0.00
v -1058.82 529.41 0.00
v -1058.82 1058.82 -18.00
v -529.41 1058.82 -18.00
v -529.41 529.41 -18.00
v -1058.82 529.41 -18.00
v -1058.82 529.41 0.00
v -529.41 529.41 0.00
v -529.41 1058.82 0.00
v -1058.82 1058.82 0.00
v -1058.82 529.41 -18.00
v -529.41 529.41 -18.00
v -529.41 529.41 0.00
v -1058.82 529.41 0.00
v -529.41 529.41 -18.00
v -529.41 1058.82 -18.00
v -529.41 1058.82 0.00
v -529.41 529.41 0.00
v -529.41 1058.82 -18.00
v -1058.82 1058.82 -18.00
v -1058.82 1058.82 0.00
v -529.41 1058.82 0.00
v -1058.82 1058.82 -18.00
v -1058.82 529.41 -18.00
v -1058.82 529.41 0.00
v -1058.82 1058.82 0.00
v -1058.82 1588.23 -18.00
v -529.41 1588.23 -18.00
v -529.41 1058.82 -18.00
v -1058.82 1058.82 -18.00
v -1058.82 1058.82 0.00
v -529.41 1058.82 0.00
v -529.41 1588.23 0.00
v -1058.82 1588.23 0.00
v -1058.82 1058.82 -18.00
v -529.41 1058.82 -18.00
v -529.41 1058.82 0.00
v -1058.82 1058.82 0.00
v -529.41 1058.82 -18.00
v -529.41 1588.23 -18.00
v -529.41 1588.23 0.00
v -529.41 1058.82 0.00
v -529.41 1588.23 -18.00
v -1058.82 1588.23 -18.00
v -1058.82 1588.23 0.00
v -529.41 1588.23 0.00
v -1058.82 1588.23 -18.00
v -1058.82 1058.82 -18.00
v -1058.82 1058.82 0.00
v -1058.82 1588.23 0.00
v -1058.82 2117.65 -18.00
v -529.41 2117.65 -18.00
v -529.41 1588.23 -18.00
v -1058.82 1588.23 -18.00
v -1058.82 1588.23 0.00
v -529.41 1588.23 0.00
v -529.41 2117.65 0.00
v -1058.82 2117.65 0.00
v -1058.82 1588.23 -18.00
v -529.41 1588.23 -18.00
v -529.41 1588.23 0.00
v -1058.82 1588.23 0.00
v -529.41 1588.23 -18.00
v -529.41 2117.65 -18.00
v -529.41 2117.65 0.00
v -529.41 1588.23 0.00
v -529.41 2117.65 -18.00
v -1058.82 2117.65 -18.00
v -1058.82 2117.65 0.00
v -529.41 2117.65 0.00
v -1058.82 2117.65 -18.00
v -1058.82 1588.23 -18.00
v -1058.82 1588.23 0.00
v -1058.82 2117.65 0.00
v -1058.82 2647.06 -18.00
v -529.41 2647.06 -18.00
v -529.41 2117.65 -18.00
v -1058.82 2117.65 -18.00
v -1058.82 2117.65 0.00
v -529.41 2117.65 0.00
v -529.41 2647.06 0.00
v -1058.82 2647.06 0.00
v -1058.82 2117.65 -18.00
v -529.41 2117.65 -18.00
v -529.41 2117.65 0.00
v -1058.82 2117.65 0.00
v -529.41 2117.65 -18.00
v -529.41 2647.06 -18.00
v -529.41 2647.06 0.00
v -529.41 2117.65 0.00
v -529.41 2647.06 -18.00
v -1058.82 2647.06 -18.00
v -1058.82 2647.06 0.00
v -529.41 2647.06 0.00
v -1058.82 2647.06 -18.00
v -1058.82 2117.65 -18.00
v -1058.82 2117.65 0.00
v -1058.82 2647.06 0.00
v -1058.82 3176.47 -18.00
v -529.41 3176.47 -18.00
v -529.41 2647.06 -18.00
v -1058.82 2647.06 -18.00
v -1058.82 2647.06 0.00
v -529.41 2647.06 0.00
v -529.41 3176.47 0.00
v -1058.82 3176.47 0.00
v -1058.82 2647.06 -18.00
v -529.41 2647.06 -18.00
v -529.41 2647.06 0.00
v -1058.82 2647.06 0.00
v -529.41 2647.06 -18.00
v -529.41 3176.47 -18.00
v -529.41 3176.47 0.00
v -529.41 2647.06 0.00
v -529.41 3176.47 -18.00
v -1058.82 3176.47 -18.00
v -1058.82 3176.47 0.00
v -529.41 3176.47 0.00
v -1058.82 3176.47 -18.00
v -1058.82 2647.06 -18.00
v -1058.82 2647.06 0.00
v -1058.82 3176.47 0.00
v -1058.82 3705.88 -18.00
v -529.41 3705.88 -18.00
v -529.41 3176.47 -18.00
v -1058.82 3176.47 -18.00
v -1058.82 3176.47 0.00
v -529.41 3176.47 0.00
v -529.41 3705.88 0.00
v -1058.82 3705.88 0.00
v -1058.82 3176.47 -18.00
v -529.41 3176.47 -18.00
v -529.41 3176.47 0.00
v -1058.82 3176.47 0.00
v -529.41 3176.47 -18.00
v -529.41 3705.88 -18.00
v -529.41 3705.88 0.00
v -529.41 3176.47 0.00
v -529.41 3705.88 -18.00
v -1058.82 3705.88 -18.00
v -1058.82 3705.88 0.00
v -529.41 3705.88 0.00
v -1058.82 3705.88 -18.00
v -1058.82 3176.47 -18.00
v -1058.82 3176.47 0.00
v -1058.82 3705.88 0.00
v -1058.82 4235.29 -18.00
v -529.41 4235.29 -18.00
v -529.41 3705.88 -18.00
v -1058.82 3705.88 -18.00
v -1058.82 3705.88 0.00
v -529.41 3705.88 0.00
v -529.41 4235.29 0.00
v -1058.82 4235.29 0.00
v -1058.82 3705.88 -18.00
v -529.41 3705.88 -18.00
v -529.41 3705.88 0.00
v -1058.82 3705.88 0.00
v -529.41 3705.88 -18.00
v -529.41 4235.29 -18.00
v -529.41 4235.29 0.00
v -529.41 3705.88 0.00
v -529.41 4235.29 -18.00
v -1058.82 4235.29 -18.00
v -1058.82 4235.29 0.00
v -529.41 4235.29 0.00
v -1058.82 4235.29 -18.00
v -1058.82 3705.88 -18.00
v -1058.82 3705.88 0.00
v -1058.82 4235.29 0.00
v -1058.82 4764.71 -18.00
v -529.41 4764.71 -18.00
v -529.41 4235.29 -18.00
v -1058.82 4235.29 -18.00
v -1058.82 4235.29 0.00
v -529.41 4235.29 0.00
v -529.41 4764.71 0.00
v -1058.82 4764.71 0.00
v -1058.82 4235.29 -18.00
v -529.41 4235.29 -18.00
v -529.41 4235.29 0.00
v -1058.82 4235.29 0.00
v -529.41 4235.29 -18.00
v -529.41 4764.71 -18.00
v -529.41 4764.71 0.00
v -529.41 4235.29 0.00
v -529.41 4764.71 -18.00
v -1058.82 4764.71 -18.00
v -1058.82 4764.71 0.00
v -529.41 4764.71 0.00
v -1058.82 4764.71 -18.00
v -1058.82 4235.29 -18.00
v -1058.82 4235.29 0.00
v -1058.82 4764.71 0.00
v -1058.82 5294.12 -18.00
v -529.41 5294.12 -18.00
v -529.41 4764.71 -18.00
v -1058.82 4764.71 -18.00
v -1058.82 4764.71 0.00
v -529.41 4764.71 0.00
v -529.41 5294.12 0.00
v -1058.82 5294.12 0.00
v -1058.82 4764.71 -18.00
v -529.41 4764.71 -18.00
v -529.41 4764.71 0.00
v -1058.82 4764.71 0.00
v -529.41 4764.71 -18.00
v -529.41 5294.12 -18.00
v -529.41 5294.12 0.00
v -529.41 4764.71 0.00
v -529.41 5294.12 -18.00
v -1058.82 5294.12 -18.00
v -1058.82 5294.12 0.00
v -529.41 5294.12 0.00
v -1058.82 5294.12 -18.00
v -1058.82 4764.71 -18.00
v -1058.82 4764.71 0.00
v -1058.82 5294.12 0.00
v -1058.82 5823.53 -18.00
v -529.41 5823.53 -18.00
v -529.41 5294.12 -18.00
v -1058.82 5294.12 -18.00
v -1058.82 5294.12 0.00
v -529.41 5294.12 0.00
v -529.41 5823.53 0.00
v -1058.82 5823.53 0.00
v -1058.82 5294.12 -18.00
v -529.41 5294.12 -18.00
v -529.41 5294.12 0.00
v -1058.82 5294.12 0.00
v -529.41 5294.12 -18.00
v -529.41 5823.53 -18.00
v -529.41 5823.53 0.00
v -529.41 5294.12 0.00
v -529.41 5823.53 -18.00
v -1058.82 5823.53 -18.00
v -1058.82 5823.53 0.00
v -529.41 5823.53 0.00
v -1058.82 5823.53 -18.00
v -1058.82 5294.12 -18.00
v -1058.82 5294.12 0.00
v -1058.82 5823.53 0.00
v -1058.82 6352.94 -18.00
v -529.41 6352.94 -18.00
v -529.41 5823.53 -18.00
v -1058.82 5823.53 -18.00
v -1058.82 5823.53 0.00
v -529.41 5823.53 0.00
v -529.41 6352.94 0.00
v -1058.82 6352.94 0.00
v -1058.82 5823.53 -18.00
v -529.41 5823.53 -18.00
v -529.41 5823.53 0.00
v -1058.82 5823.53 0.00
v -529.41 5823.53 -18.00
v -529.41 6352.94 -18.00
v -529.41 6352.94 0.00
v -529.41 5823.53 0.00
v -529.41 6352.94 -18.00
v -1058.82 6352.94 -18.00
v -1058.82 6352.94 0.00
v -529.41 6352.94 0.00
v -1058.82 6352.94 -18.00
v -1058.82 5823.53 -18.00
v -1058.82 5823.53 0.00
v -1058.82 6352.94 0.00
v -1058.82 6882.35 -18.00
v -529.41 6882.35 -18.00
v -529.41 6352.94 -18.00
v -1058.82 6352.94 -18.00
v -1058.82 6352.94 0.00
v -529.41 6352.94 0.00
v -529.41 6882.35 0.00
v -1058.82 6882.35 0.00
v -1058.82 6352.94 -18.00
v -529.41 6352.94 -18.00
v -529.41 6352.94 0.00
v -1058.82 6352.94 0.00
v -529.41 6352.94 -18.00
v -529.41 6882.35 -18.00
v -529.41 6882.35 0.00
v -529.41 6352.94 0.00
v -529.41 6882.35 -18.00
v -1058.82 6882.35 -18.00
v -1058.82 6882.35 0.00
v -529.41 6882.35 0.00
v -1058.82 6882.35 -18.00
v -1058.82 6352.94 -18.00
v -1058.82 6352.94 0.00
v -1058.82 6882.35 0.00
v -1058.82 7411.77 -18.00
v -529.41 7411.77 -18.00
v -529.41 6882.35 -18.00
v -1058.82 6882.35 -18.00
v -1058.82 6882.35 0.00
v -529.41 6882.35 0.00
v -529.41 7411.77 0.00
v -1058.82 7411.77 0.00
v -1058.82 6882.35 -18.00
v -529.41 6882.35 -18.00
v -529.41 6882.35 0.00
v -1058.82 6882.35 0.00
v -529.41 6882.35 -18.00
v -529.41 7411.77 -18.00
v -529.41 7411.77 0.00
v -529.41 6882.35 0.00
v -529.41 7411.77 -18.00
v -1058.82 7411.77 -18.00
v -1058.82 7411.77 0.00
v -529.41 7411.77 0.00
v -1058.82 7411.77 -18.00
v -1058.82 6882.35 -18.00
v -1058.82 6882.35 0.00
v -1058.82 7411.77 0.00
v -1058.82 7941.18 -18.00
v -529.41 7941.18 -18.00
v -529.41 7411.77 -18.00
v -1058.82 7411.77 -18.00
v -1058.82 7411.77 0.00
v -529.41 7411.77 0.00
v -529.41 7941.18 0.00
v -1058.82 7941.18 0.00
v -1058.82 7411.77 -18.00
v -529.41 7411.77 -18.00
v -529.41 7411.77 0.00
v -1058.82 7411.77 0.00
v -529.41 7411.77 -18.00
v -529.41 7941.18 -18.00
v -529.41 7941.18 0.00
v -529.41 7411.77 0.00
v -529.41 7941.18 -18.00
v -1058.82 7941.18 -18.00
v -1058.82 7941.18 0.00
v -529.41 7941.18 0.00
v -1058.82 7941.18 -18.00
v -1058.82 7411.77 -18.00
v -1058.82 7411.77 0.00
v -1058.82 7941.18 0.00
v -1058.82 8470.59 -18.00
v -529.41 8470.59 -18.00
v -529.41 7941.18 -18.00
v -1058.82 7941.18 -18.00
v -1058.82 7941.18 0.00
v -529.41 7941.18 0.00
v -529.41 8470.59 0.00
v -1058.82 8470.59 0.00
v -1058.82 7941.18 -18.00
v -529.41 7941.18 -18.00
v -529.41 7941.18 0.00
v -1058.82 7941.18 0.00
v -529.41 7941.18 -18.00
v -529.41 8470.59 -18.00
v -529.41 8470.59 0.00
v -529.41 7941.18 0.00
v -529.41 8470.59 -18.00
v -1058.82 8470.59 -18.00
v -1058.82 8470.59 0.00
v -529.41 8470.59 0.00
v -1058.82 8470.59 -18.00
v -1058.82 7941.18 -18.00
v -1058.82 7941.18 0.00
v -1058.82 8470.59 0.00
v -1058.82 9000.00 -18.00
v -529.41 9000.00 -18.00
v -529.41 8470.59 -18.00
v -1058.82 8470.59 -18.00
v -1058.82 8470.59 0.00
v -529.41 8470.59 0.00
v -529.41 9000.00 0.00
v -1058.82 9000.00 0.00
v -1058.82 8470.59 -18.00
v -529.41 8470.59 -18.00
v -529.41 8470.59 0.00
v -1058.82 8470.59 0.00
v -529.41 8470.59 -18.00
v -529.41 9000.00 -18.00
v -529.41 9000.00 0.00
v -529.41 8470.59 0.00
v -529.41 9000.00 -18.00
v -1058.82 9000.00 -18.00
v -1058.82 9000.00 0.00
v -529.41 9000.00 0.00
v -1058.82 9000.00 -18.00
v -1058.82 8470.59 -18.00
v -1058.82 8470.59 0.00
v -1058.82 9000.00 0.00
v -0.00 -0.00 -18.00
v -529.41 -0.00 -18.00
v -529.41 -0.00 0.00
v -0.00 -0.00 0.00
v -529.41 529.41 -18.00
v -0.00 529.41 -18.00
v -0.00 0.00 -18.00
v -529.41 0.00 -18.00
v -529.41 0.00 0.00
v -0.00 0.00 0.00
v -0.00 529.41 0.00
v -529.41 529.41 0.00
v -529.41 0.00 -18.00
v -0.00 0.00 -18.00
v -0.00 0.00 0.00
v -529.41 0.00 0.00
v -0.00 0.00 -18.00
v -0.00 529.41 -18.00
v -0.00 529.41 0.00
v -0.00 0.00 0.00
v -0.00 529.41 -18.00
v -529.41 529.41 -18.00
v -529.41 529.41 0.00
v -0.00 529.41 0.00
v -529.41 529.41 -18.00
v -529.41 0.00 -18.00
v -529.41 0.00 0.00
v -529.41 529.41 0.00
v -529.41 1058.82 -18.00
v -0.00 1058.82 -18.00
v -0.00 529.41 -18.00
v -529.41 529.41 -18.00
v -529.41 529.41 0.00
v -0.00 529.41 0.00
v -0.00 1058.82 0.00
v -529.41 1058.82 0.00
v -529.41 529.41 -18.00
v -0.00 529.41 -18.00
v -0.00 529.41 0.00
v -529.41 529.41 0.00
v -0.00 529.41 -18.00
v -0.00 1058.82 -18.00
v -0.00 1058.82 0.00
v -0.00 529.41 0.00
v -0.00 1058.82 -18.00
v -529.41 1058.82 -18.00
v -529.41 1058.82 0.00
v -0.00 1058.82 0.00
v -529.41 1058.82 -18.00
v -529.41 529.41 -18.00
v -529.41 529.41 0.00
v -529.41 1058.82 0.00
v -529.41 1588.23 -18.00
v -0.00 1588.23 -18.00
v -0.00 1058.82 -18.00
v -529.41 1058.82 -18.00
v -529.41 1058.82 0.00
v -0.00 1058.82 0.00
v -0.00 1588.23 0.00
v -529.41 1588.23 0.00
v -529.41 1058.82 -18.00
v -0.00 1058.82 -18.00
v -0.00 1058.82 0.00
v -529.41 1058.82 0.00
v -0.00 1058.82 -18.00
v -0.00 1588.23 -18.00
v -0.00 1588.23 0.00
v -0.00 1058.82 0.00
v -0.00 1588.23 -18.00
v -529.41 1588.23 -18.00
v -529.41 1588.23 0.00
v -0.00 1588.23 0.00
v -529.41 1588.23 -18.00
v -529.41 1058.82 -18.00
v -529.41 1058.82 0.00
v -529.41 1588.23 0.00
v -529.41 2117.65 -18.00
v -0.00 2117.65 -18.00
v -0.00 1588.23 -18.00
v -529.41 1588.23 -18.00
v -529.41 1588.23 0.00
v -0.00 1588.23 0.00
v -0.00 2117.65 0.00
v -529.41 2117.65 0.00
v -529.41 1588.23 -18.00
v -0.00 1588.23 -18.00
v -0.00 1588.23 0.00
v -529.41 1588.23 0.00
v -0.00 1588.23 -18.00
v -0.00 2117.65 -18.00
v -0.00 2117.65 0.00
v -0.00 1588.23 0.00
v -0.00 2117.65 -18.00
v -529.41 2117.65 -18.00
v -529.41 2117.65 0.00
v -0.00 2117.65 0.00
v -529.41 2117.65 -18.00
v -529.41 1588.23 -18.00
v -529.41 1588.23 0.00
v -529.41 2117.65 0.00
v -529.41 2647.06 -18.00
v -0.00 2647.06 -18.00
v -0.00 2117.65 -18.00
v -529.41 2117.65 -18.00
v -529.41 2117.65 0.00
v -0.00 2117.65 0.00
v -0.00 2647.06 0.00
v -529.41 2647.06 0.00
v -529.41 2117.65 -18.00
v -0.00 2117.65 -18.00
v -0.00 2117.65 0.00
v -529.41 2117.65 0.00
v -0.00 2117.65 -18.00
v -0.00 2647.06 -18.00
v -0.00 2647.06 0.00
v -0.00 2117.65 0.00
v -0.00 2647.06 -18.00
v -529.41 2647.06 -18.00
v -529.41 2647.06 0.00
v -0.00 2647.06 0.00
v -529.41 2647.06 -18.00
v -529.41 2117.65 -18.00
v -529.41 2117.65 0.00
v -529.41 2647.06 0.00
v -529.41 3176.47 -18.00
v -0.00 3176.47 -18.00
v -0.00 2647.06 -18.00
v -529.41 2647.06 -18.00
v -529.41 2647.06 0.00
v -0.00 2647.06 0.00
v -0.00 3176.47 0.00
v -529.41 3176.47 0.00
v -529.41 2647.06 -18.00
v -0.00 2647.06 -18.00
v -0.00 2647.06 0.00
v -529.41 2647.06 0.00
v -0.00 2647.06 -18.00
v -0.00 3176.47 -18.00
v -0.00 3176.47 0.00
v -0.00 2647.06 0.00
v -0.00 3176.47 -18.00
v -529.41 3176.47 -18.00
v -529.41 3176.47 0.00
v -0.00 3176.47 0.00
v -529.41 3176.47 -18.00
v -529.41 2647.06 -18.00
v -529.41 2647.06 0.00
v -529.41 3176.47 0.00
v -529.41 3705.88 -18.00
v -0.00 3705.88 -18.00
v -0.00 3176.47 -18.00
v -529.41 3176.47 -18.00
v -529.41 3176.47 0.00
v -0.00 3176.47 0.00
v -0.00 3705.88 0.00
v -529.41 3705.88 0.00
v -529.41 3176.47 -18.00
v -0.00 3176.47 -18.00
v -0.00 3176.47 0.00
v -529.41 3176.47 0.00
v -0.00 3176.47 -18.00
v -0.00 3705.88 -18.00
v -0.00 3705.88 0.00
v -0.00 3176.47 0.00
v -0.00 3705.88 -18.00
v -529.41 3705.88 -18.00
v -529.41 3705.88 0.00
v -0.00 3705.88 0.00
v -529.41 3705.88 -18.00
v -529.41 3176.47 -18.00
v -529.41 3176.47 0.00
v -529.41 3705.88 0.00
v -529.41 4235.29 -18.00
v -0.00 4235.29 -18.00
v -0.00 3705.88 -18.00
v -529.41 3705.88 -18.00
v -529.41 3705.88 0.00
v -0.00 3705.88 0.00
v -0.00 4235.29 0.00
v -529.41 4235.29 0.00
v -529.41 3705.88 -18.00
v -0.00 3705.88 -18.00
v -0.00 3705.88 0.00
v -529.41 3705.88 0.00
v -0.00 3705.88 -18.00
v -0.00 4235.29 -18.00
v -0.00 4235.29 0.00
v -0.00 3705.88 0.00
v -0.00 4235.29 -18.00
v -529.41 4235.29 -18.00
v -529.41 4235.29 0.00
v -0.00 4235.29 0.00
v -529.41 4235.29 -18.00
v -529.41 3705.88 -18.00
v -529.41 3705.88 0.00
v -529.41 4235.29 0.00
v -529.41 4764.71 -18.00
v -0.00 4764.71 -18.00
v -0.00 4235.29 -18.00
v -529.41 4235.29 -18.00
v -529.41 4235.29 0.00
v -0.00 4235.29 0.00
v -0.00 4764.71 0.00
v -529.41 4764.71 0.00
v -529.41 4235.29 -18.00
v -0.00 4235.29 -18.00
v -0.00 4235.29 0.00
v -529.41 4235.29 0.00
v -0.00 4235.29 -18.00
v -0.00 4764.71 -18.00
v -0.00 4764.71 0.00
v -0.00 4235.29 0.00
v -0.00 4764.71 -18.00
v -529.41 4764.71 -18.00
v -529.41 4764.71 0.00
v -0.00 4764.71 0.00
v -529.41 4764.71 -18.00
v -529.41 4235.29 -18.00
v -529.41 4235.29 0.00
v -529.41 4764.71 0.00
v -529.41 5294.12 -18.00
v -0.00 5294.12 -18.00
v -0.00 4764.71 -18.00
v -529.41 4764.71 -18.00
v -529.41 4764.71 0.00
v -0.00 4764.71 0.00
v -0.00 5294.12 0.00
v -529.41 5294.12 0.00
v -529.41 4764.71 -18.00
v -0.00 4764.71 -18.00
v -0.00 4764.71 0.00
v -529.41 4764.71 0.00
v -0.00 4764.71 -18.00
v -0.00 5294.12 -18.00
v -0.00 5294.12 0.00
v -0.00 4764.71 0.00
v -0.00 5294.12 -18.00
v -529.41 5294.12 -18.00
v -529.41 5294.12 0.00
v -0.00 5294.12 0.00
v -529.41 5294.12 -18.00
v -529.41 4764.71 -18.00
v -529.41 4764.71 0.00
v -529.41 5294.12 0.00
v -529.41 5823.53 -18.00
v -0.00 5823.53 -18.00
v -0.00 5294.12 -18.00
v -529.41 5294.12 -18.00
v -529.41 5294.12 0.00
v -0.00 5294.12 0.00
v -0.00 5823.53 0.00
v -529.41 5823.53 0.00
v -529.41 5294.12 -18.00
v -0.00 5294.12 -18.00
v -0.00 5294.12 0.00
v -529.41 5294.12 0.00
v -0.00 5294.12 -18.00
v -0.00 5823.53 -18.00
v -0.00 5823.53 0.00
v -0.00 5294.12 0.00
v -0.00 5823.53 -18.00
v -529.41 5823.53 -18.00
v -529.41 5823.53 0.00
v -0.00 5823.53 0.00
v -529.41 5823.53 -18.00
v -529.41 5294.12 -18.00
v -529.41 5294.12 0.00
v -529.41 5823.53 0.00
v -529.41 6352.94 -18.00
v -0.00 6352.94 -18.00
v -0.00 5823.53 -18.00
v -529.41 5823.53 -18.00
v -529.41 5823.53 0.00
v -0.00 5823.53 0.00
v -0.00 6352.94 0.00
v -529.41 6352.94 0.00
v -529.41 5823.53 -18.00
v -0.00 5823.53 -18.00
v -0.00 5823.53 0.00
v -529.41 5823.53 0.00
v -0.00 5823.53 -18.00
v -0.00 6352.94 -18.00
v -0.00 6352.94 0.00
v -0.00 5823.53 0.00
v -0.00 6352.94 -18.00
v -529.41 6352.94 -18.00
v -529.41 6352.94 0.00
v -0.00 6352.94 0.00
v -529.41 6352.94 -18.00
v -529.41 5823.53 -18.00
v -529.41 5823.53 0.00
v -529.41 6352.94 0.00
v -529.41 6882.35 -18.00
v -0.00 6882.35 -18.00
v -0.00 6352.94 -18.00
v -529.41 6352.94 -18.00
v -529.41 6352.94 0.00
v -0.00 6352.94 0.00
v -0.00 6882.35 0.00
v -529.41 6882.35 0.00
v -529.41 6352.94 -18.00
v -0.00 6352.94 -18.00
v -0.00 6352.94 0.00
v -529.41 6352.94 0.00
v -0.00 6352.94 -18.00
v -0.00 6882.35 -18.00
v -0.00 6882.35 0.00
v -0.00 6352.94 0.00
v -0.00 6882.35 -18.00
v -529.41 6882.35 -18.00
v -529.41 6882.35 0.00
v -0.00 6882.35 0.00
v -529.41 6882.35 -18.00
v -529.41 6352.94 -18.00
v -529.41 6352.94 0.00
v -529.41 6882.35 0.00
v -529.41 7411.77 -18.00
v -0.00 7411.77 -18.00
v -0.00 6882.35 -18.00
v -529.41 6882.35 -18.00
v -529.41 6882.35 0.00
v -0.00 6882.35 0.00
v -0.00 7411.77 0.00
v -529.41 7411.77 0.00
v -529.41 6882.35 -18.00
v -0.00 6882.35 -18.00
v -0.00 6882.35 0.00
v -529.41 6882.35 0.00
v -0.00 6882.35 -18.00
v -0.00 7411.77 -18.00
v -0.00 7411.77 0.00
v -0.00 6882.35 0.00
v -0.00 7411.77 -18.00
v -529.41 7411.77 -18.00
v -529.41 7411.77 0.00
v -0.00 7411.77 0.00
v -529.41 7411.77 -18.00
v -529.41 6882.35 -18.00
v -529.41 6882.35 0.00
v -529.41 7411.77 0.00
v -529.41 7941.18 -18.00
v -0.00 7941.18 -18.00
v -0.00 7411.77 -18.00
v -529.41 7411.77 -18.00
v -529.41 7411.77 0.00
v -0.00 7411.77 0.00
v -0.00 7941.18 0.00
v -529.41 7941.18 0.00
v -529.41 7411.77 -18.00
v -0.00 7411.77 -18.00
v -0.00 7411.77 0.00
v -529.41 7411.77 0.00
v -0.00 7411.77 -18.00
v -0.00 7941.18 -18.00
v -0.00 7941.18 0.00
v -0.00 7411.77 0.00
v -0.00 7941.18 -18.00
v -529.41 7941.18 -18.00
v -529.41 7941.18 0.00
v -0.00 7941.18 0.00
v -529.41 7941.18 -18.00
v -529.41 7411.77 -18.00
v -529.41 7411.77 0.00
v -529.41 7941.18 0.00
v -529.41 8470.59 -18.00
v -0.00 8470.59 -18.00
v -0.00 7941.18 -18.00
v -529.41 7941.18 -18.00
v -529.41 7941.18 0.00
v -0.00 7941.18 0.00
v -0.00 8470.59 0.00
v -529.41 8470.59 0.00
v -529.41 7941.18 -18.00
v -0.00 7941.18 -18.00
v -0.00 7941.18 0.00
v -529.41 7941.18 0.00
v -0.00 7941.18 -18.00
v -0.00 8470.59 -18.00
v -0.00 8470.59 0.00
v -0.00 7941.18 0.00
v -0.00 8470.59 -18.00
v -529.41 8470.59 -18.00
v -529.41 8470.59 0.00
v -0.00 8470.59 0.00
v -529.41 8470.59 -18.00
v -529.41 7941.18 -18.00
v -529.41 7941.18 0.00
v -529.41 8470.59 0.00
v -529.41 9000.00 -18.00
v -0.00 9000.00 -18.00
v -0.00 8470.59 -18.00
v -529.41 8470.59 -18.00
v -529.41 8470.59 0.00
v -0.00 8470.59 0.00
v -0.00 9000.00 0.00
v -529.41 9000.00 0.00
v -529.41 8470.59 -18.00
v -0.00 8470.59 -18.00
v -0.00 8470.59 0.00
v -529.41 8470.59 0.00
v -0.00 8470.59 -18.00
v -0.00 9000.00 -18.00
v -0.00 9000.00 0.00
v -0.00 8470.59 0.00
v -0.00 9000.00 -18.00
v -529.41 9000.00 -18.00
v -529.41 9000.00 0.00
v -0.00 9000.00 0.00
v -529.41 9000.00 -18.00
v -529.41 8470.59 -18.00
v -529.41 8470.59 0.00
v -529.41 9000.00 0.00
v 0.00 529.41 -18.00
v 0.00 0.00 -18.00
v 0.00 0.00 0.00
v 0.00 529.41 0.00
v 0.00 1058.82 -18.00
v 0.00 529.41 -18.00
v 0.00 529.41 0.00
v 0.00 1058.82 0.00
v 0.00 1588.23 -18.00
v 0.00 1058.82 -18.00
v 0.00 1058.82 0.00
v 0.00 1588.23 0.00
v 0.00 2117.65 -18.00
v 0.00 1588.23 -18.00
v 0.00 1588.23 0.00
v 0.00 2117.65 0.00
v 0.00 2647.06 -18.00
v 0.00 2117.65 -18.00
v 0.00 2117.65 0.00
v 0.00 2647.06 0.00
v 0.00 3176.47 -18.00
v 0.00 2647.06 -18.00
v 0.00 2647.06 0.00
v 0.00 3176.47 0.00
v 0.00 3705.88 -18.00
v 0.00 3176.47 -18.00
v 0.00 3176.47 0.00
v 0.00 3705.88 0.00
v 0.00 4235.29 -18.00
v 0.00 3705.88 -18.00
v 0.00 3705.88 0.00
v 0.00 4235.29 0.00
v 0.00 4764.71 -18.00
v 0.00 4235.29 -18.00
v 0.00 4235.29 0.00
v 0.00 4764.71 0.00
v 0.00 5294.12 -18.00
v 0.00 4764.71 -18.00
v 0.00 4764.71 0.00
v 0.00 5294.12 0.00
v 0.00 5823.53 -18.00
v 0.00 5294.12 -18.00
v 0.00 5294.12 0.00
v 0.00 5823.53 0.00
v 0.00 6352.94 -18.00
v 0.00 5823.53 -18.00
v 0.00 5823.53 0.00
v 0.00 6352.94 0.00
v 0.00 6882.35 -18.00
v 0.00 6352.94 -18.00
v 0.00 6352.94 0.00
v 0.00 6882.35 0.00
v 0.00 7411.77 -18.00
v 0.00 6882.35 -18.00
v 0.00 6882.35 0.00
v 0.00 7411.77 0.00
v 0.00 7941.18 -18.00
v 0.00 7411.77 -18.00
v 0.00 7411.77 0.00
v 0.00 7941.18 0.00
v 0.00 8470.59 -18.00
v 0.00 7941.18 -18.00
v 0.00 7941.18 0.00
v 0.00 8470.59 0.00
v 0.00 9000.00 -18.00
v 0.00 8470.59 -18.00
v 0.00 8470.59 0.00
v 0.00 9000.00 0.00

usemtl mat_mountain
v -1994.93 1852.37 0.00
v -1961.43 2021.66 0.00
v -2098.07 1960.48 124.16
v -2094.74 1844.15 116.46
v -1961.43 2021.66 0.00
v -2147.46 2021.81 0.00
v -2173.01 1953.57 108.06
v -2098.07 1960.48 124.16
v -2147.46 2021.81 0.00
v -2268.92 2158.91 0.00
v -2228.23 1981.14 90.42
v -2173.01 1953.57 108.06
v -2268.92 2158.91 0.00
v -2385.74 2038.06 0.00
v -2298.44 1925.38 92.22
v -2228.23 1981.14 90.42
v -2385.74 2038.06 0.00
v -2391.43 1901.28 0.00
v -2337.78 1866.51 92.09
v -2298.44 1925.38 92.22
v -2391.43 1901.28 0.00
v -2407.69 1798.68 0.00
v -2330.82 1793.42 101.95
v -2337.78 1866.51 92.09
v -2407.69 1798.68 0.00
v -2359.72 1696.71 0.00
v -2312.54 1764.10 123.74
v -2330.82 1793.42 101.95
v -2359.72 1696.71 0.00
v -2250.14 1676.40 0.00
v -2277.26 1717.96 100.94
v -2312.54 1764.10 123.74
v -2250.14 1676.40 0.00
v -2096.32 1570.94 0.00
v -2188.77 1740.73 113.67
v -2277.26 1717.96 100.94
v -2096.32 1570.94 0.00
v -1976.43 1692.73 0.00
v -2117.40 1803.39 118.64
v -2188.77 1740.73 113.67
v -1976.43 1692.73 0.00
v -1994.93 1852.37 0.00
v -2094.74 1844.15 116.46
v -2117.40 1803.39 118.64
v -2319.08 1364.89 0.00
v -2318.06 1638.01 0.00
v -2627.37 1504.47 124.82
v -2581.19 1332.35 126.19
v -2318.06 1638.01 0.00
v -2551.14 1785.09 0.00
v -2710.91 1471.32 121.21
v -2627.37 1504.47 124.82
v -2551.14 1785.09 0.00
v -2790.05 1691.87 0.00
v -2773.43 1584.71 152.06
v -2710.91 1471.32 121.21
v -2790.05 1691.87 0.00
v -2979.93 1638.28 0.00
v -2883.30 1525.23 114.45
v -2773.43 1584.71 152.06
v -2979.93 1638.28 0.00
v -3088.26 1466.26 0.00
v -2922.67 1359.30 130.18
v -2883.30 1525.23 114.45
v -3088.26 1466.26 0.00
v -3173.94 1238.37 0.00
v -2967.47 1328.34 146.13
v -2922.67 1359.30 130.18
v -3173.94 1238.37 0.00
v -2935.26 1143.06 0.00
v -2938.48 1211.19 147.49
v -2967.47 1328.34 146.13
v -2935.26 1143.06 0.00
v -2788.03 1052.01 0.00
v -2773.55 1208.40 153.87
v -2938.48 1211.19 147.49
v -2788.03 1052.01 0.00
v -2560.23 964.60 0.00
v -2620.11 1190.14 146.75
v -2773.55 1208.40 153.87
v -2560.23 964.60 0.00
v -2441.74 1171.26 0.00
v -2547.36 1273.06 146.59
v -2620.11 1190.14 146.75
v -2441.74 1171.26 0.00
v -2319.08 1364.89 0.00
v -2581.19 1332.35 126.19
v -2547.36 1273.06 146.59
v -2653.15 1444.82 0.00
v -2735.53 1602.88 0.00
v -2909.81 1538.30 100.22
v -2886.83 1458.53 119.58
v -2735.53 1602.88 0.00
v -2864.89 1700.10 0.00
v -2918.46 1572.30 124.30
v -2909.81 1538.30 100.22
v -2864.89 1700.10 0.00
v -3029.10 1776.05 0.00
v -3008.70 1599.55 96.96
v -2918.46 1572.30 124.30
v -3029.10 1776.05 0.00
v -3128.96 1615.03 0.00
v -3053.13 1498.73 102.12
v -3008.70 1599.55 96.96
v -3128.96 1615.03 0.00
v -3205.62 1510.64 0.00
v -3146.81 1506.75 118.77
v -3053.13 1498.73 102.12
v -3205.62 1510.64 0.00
v -3181.74 1386.02 0.00
v -3097.39 1370.28 107.21
v -3146.81 1506.75 118.77
v -3181.74 1386.02 0.00
v -3191.54 1202.39 0.00
v -3098.86 1310.83 105.81
v -3097.39 1370.28 107.21
v -3191.54 1202.39 0.00
v -3009.59 1249.27 0.00
v -2994.36 1300.02 110.61
v -3098.86 1310.83 105.81
v -3009.59 1249.27 0.00
v -2850.88 1158.87 0.00
v -2917.79 1281.30 104.64
v -2994.36 1300.02 110.61
v -2850.88 1158.87 0.00
v -2715.40 1273.83 0.00
v -2880.61 1350.09 127.33
v -2917.79 1281.30 104.64
v -2715.40 1273.83 0.00
v -2653.15 1444.82 0.00
v -2886.83 1458.53 119.58
v -2880.61 1350.09 127.33
v -1910.84 1866.78 0.00
v -2054.92 2117.92 0.00
v -2351.25 1921.64 156.17
v -2270.20 1845.91 131.68
v -2054.92 2117.92 0.00
v -2312.28 2158.93 0.00
v -2402.01 2076.77 150.31
v -2351.25 1921.64 156.17
v -2312.28 2158.93 0.00
v -2504.90 2278.58 0.00
v -2437.41 1969.15 140.45
v -2402.01 2076.77 150.31
v -2504.90 2278.58 0.00
v -2667.38 2122.61 0.00
v -2601.90 2091.73 120.31
v -2437.41 1969.15 140.45
v -2667.38 2122.61 0.00
v -2747.98 1955.54 0.00
v -2688.84 1997.49 130.12
v -2601.90 2091.73 120.31
v -2747.98 1955.54 0.00
v -2939.69 1721.73 0.00
v -2687.80 1763.04 157.19
v -2688.84 1997.49 130.12
v -2939.69 1721.73 0.00
v -2779.04 1482.09 0.00
v -2528.80 1710.64 133.56
v -2687.80 1763.04 157.19
v -2779.04 1482.09 0.00
v -2497.76 1504.69 0.00
v -2491.29 1635.31 126.55
v -2528.80 1710.64 133.56
v -2497.76 1504.69 0.00
v -2264.86 1470.82 0.00
v -2386.54 1730.96 119.16
v -2491.29 1635.31 126.55
v -2264.86 1470.82 0.00
v -1989.60 1573.67 0.00
v -2241.22 1759.13 160.97
v -2386.54 1730.96 119.16
v -1989.60 1573.67 0.00
v -1910.84 1866.78 0.00
v -2270.20 1845.91 131.68
v -2241.22 1759.13 160.97
v -2990.53 144.75 0.00
v -3067.41 368.12 0.00
v -3276.75 250.20 144.23
v -3167.09 187.92 183.90
v -3067.41 368.12 0.00
v -3264.36 474.55 0.00
v -3366.84 268.12 185.54
v -3276.75 250.20 144.23
v -3264.36 474.55 0.00
v -3477.77 581.44 0.00
v -3436.90 257.85 151.25
v -3366.84 268.12 185.54
v -3477.77 581.44 0.00
v -3718.85 495.44 0.00
v -3573.58 281.76 160.78
v -3436.90 257.85 151.25
v -3718.85 495.44 0.00
v -3899.67 287.07 0.00
v -3623.54 246.32 172.51
v -3573.58 281.76 160.78
v -3899.67 287.07 0.00
v -3789.45 34.80 0.00
v -3600.80 31.88 153.55
v -3623.54 246.32 172.51
v -3789.45 34.80 0.00
v -3767.52 -262.10 0.00
v -3483.64 -1.82 168.95
v -3600.80 31.88 153.55
v -3767.52 -262.10 0.00
v -3466.48 -213.44 0.00
v -3506.46 -30.74 161.61
v -3483.64 -1.82 168.95
v -3466.48 -213.44 0.00
v -3178.98 -372.01 0.00
v -3314.28 -38.26 181.60
v -3506.46 -30.74 161.61
v -3178.98 -372.01 0.00
v -2956.05 -150.18 0.00
v -3201.76 62.48 141.59
v -3314.28 -38.26 181.60
v -2956.05 -150.18 0.00
v -2990.53 144.75 0.00
v -3167.09 187.92 183.90
v -3201.76 62.48 141.59
v -3471.58 11.66 0.00
v -3509.18 220.25 0.00
v -3690.03 90.58 145.21
v -3659.25 23.74 154.18
v -3509.18 220.25 0.00
v -3700.83 302.70 0.00
v -3750.64 136.37 149.23
v -3690.03 90.58 145.21
v -3700.83 302.70 0.00
v -3876.81 311.20 0.00
v -3833.23 205.84 127.09
v -3750.64 136.37 149.23
v -3876.81 311.20 0.00
v -4039.40 249.00 0.00
v -3990.21 136.02 131.36
v -3833.23 205.84 127.09
v -4039.40 249.00 0.00
v -4071.01 81.33 0.00
v -4007.08 74.57 162.64
v -3990.21 136.02 131.36
v -4071.01 81.33 0.00
v -4135.84 -77.04 0.00
v -3932.19 -42.41 153.65
v -4007.08 74.57 162.64
v -4135.84 -77.04 0.00
v -4087.16 -280.79 0.00
v -3922.32 -115.08 145.95
v -3932.19 -42.41 153.65
v -4087.16 -280.79 0.00
v -3866.15 -213.69 0.00
v -3814.88 -165.96 161.19
v -3922.32 -115.08 145.95
v -3866.15 -213.69 0.00
v -3675.05 -335.83 0.00
v -3750.86 -119.41 134.58
v -3814.88 -165.96 161.19
v -3675.05 -335.83 0.00
v -3529.16 -184.08 0.00
v -3698.20 -78.33 127.59
v -3750.86 -119.41 134.58
v -3529.16 -184.08 0.00
v -3471.58 11.66 0.00
v -3659.25 23.74 154.18
v -3698.20 -78.33 127.59
v -3608.26 9.89 0.00
v -3797.47 120.77 0.00
v -3918.37 -110.92 164.85
v -3786.94 -174.40 219.98
v -3797.47 120.77 0.00
v -3986.27 59.71 0.00
v -3974.43 -58.08 197.46
v -3918.37 -110.92 164.85
v -3986.27 59.71 0.00
v -4116.30 -13.75 0.00
v -4088.67 -111.49 200.86
v -3974.43 -58.08 197.46
v -4116.30 -13.75 0.00
v -4360.35 -87.12 0.00
v -4178.47 -118.42 171.42
v -4088.67 -111.49 200.86
v -4360.35 -87.12 0.00
v -4242.95 -294.96 0.00
v -4066.13 -232.16 180.29
v -4178.47 -118.42 171.42
v -4242.95 -294.96 0.00
v -4111.45 -397.21 0.00
v -4033.10 -303.09 211.80
v -4066.13 -232.16 180.29
v -4111.45 -397.21 0.00
v -3998.65 -562.39 0.00
v -3960.07 -397.07 159.82
v -4033.10 -303.09 211.80
v -3998.65 -562.39 0.00
v -3851.29 -419.46 0.00
v -3845.31 -415.98 159.39
v -3960.07 -397.07 159.82
v -3851.29 -419.46 0.00
v -3644.21 -403.34 0.00
v -3815.31 -302.98 214.16
v -3845.31 -415.98 159.39
v -3644.21 -403.34 0.00
v -3609.00 -208.28 0.00
v -3751.11 -237.92 181.27
v -3815.31 -302.98 214.16
v -973.66 -3973.58 0.00
v -997.40 -3809.00 0.00
v -1082.95 -3891.21 171.87
v -1112.14 -4002.97 156.55
v -997.40 -3809.00 0.00
v -1147.27 -3740.99 0.00
v -1176.22 -3848.82 160.92
v -1082.95 -3891.21 171.87
v -1147.27 -3740.99 0.00
v -1293.39 -3696.10 0.00
v -1306.21 -3840.55 154.88
v -1176.22 -3848.82 160.92
v -1293.39 -3696.10 0.00
v -1402.12 -3802.05 0.00
v -1313.54 -3903.01 170.68
v -1306.21 -3840.55 154.88
v -1402.12 -3802.05 0.00
v -1480.78 -3906.84 0.00
v -1361.28 -3941.17 150.94
v -1313.54 -3903.01 170.68
v -1480.78 -3906.84 0.00
v -1439.88 -4028.31 0.00
v -1411.29 -3978.50 155.97
v -1361.28 -3941.17 150.94
v -1439.88 -4028.31 0.00
v -1463.32 -4215.73 0.00
v -1344.59 -4045.79 152.25
v -1411.29 -3978.50 155.97
v -1463.32 -4215.73 0.00
v -1282.72 -4176.82 0.00
v -1307.59 -4127.08 150.73
v -1344.59 -4045.79 152.25
v -1282.72 -4176.82 0.00
v -1164.78 -4167.84 0.00
v -1192.60 -4082.41 123.43
v -1307.59 -4127.08 150.73
v -1164.78 -4167.84 0.00
v -1025.54 -4120.07 0.00
v -1187.52 -4052.37 122.48
v -1192.60 -4082.41 123.43
v -1025.54 -4120.07 0.00
v -973.66 -3973.58 0.00
v -1112.14 -4002.97 156.55
v -1187.52 -4052.37 122.48
v -886.27 -3959.45 0.00
v -1084.39 -3812.32 0.00
v -1187.33 -3907.80 138.38
v -1140.81 -3988.54 159.56
v -1084.39 -3812.32 0.00
v -1181.60 -3670.99 0.00
v -1187.52 -3765.56 158.16
v -1187.33 -3907.80 138.38
v -1181.60 -3670.99 0.00
v -1357.83 -3649.95 0.00
v -1343.41 -3865.02 145.33
v -1187.52 -3765.56 158.16
v -1357.83 -3649.95 0.00
v -1590.88 -3639.15 0.00
v -1420.80 -3825.91 156.89
v -1343.41 -3865.02 145.33
v -1590.88 -3639.15 0.00
v -1605.42 -3873.68 0.00
v -1437.30 -3935.71 131.68
v -1420.80 -3825.91 156.89
v -1605.42 -3873.68 0.00
v -1611.21 -4046.91 0.00
v -1426.03 -3975.53 122.05
v -1437.30 -3935.71 131.68
v -1611.21 -4046.91 0.00
v -1602.53 -4293.20 0.00
v -1440.07 -4148.36 140.99
v -1426.03 -3975.53 122.05
v -1602.53 -4293.20 0.00
v -1355.78 -4254.66 0.00
v -1307.17 -4136.31 128.22
v -1440.07 -4148.36 140.99
v -1355.78 -4254.66 0.00
v -1135.16 -4349.60 0.00
v -1212.44 -4105.15 159.31
v -1307.17 -4136.31 128.22
v -1135.16 -4349.60 0.00
v -1047.84 -4130.07 0.00
v -1211.58 -4060.93 162.53
v -1212.44 -4105.15 159.31
v -1047.84 -4130.07 0.00
v -886.27 -3959.45 0.00
v -1140.81 -3988.54 159.56
v -1211.58 -4060.93 162.53
v -1513.46 -3616.47 0.00
v -1560.91 -3343.01 0.00
v -1816.49 -3451.41 91.46
v -1825.02 -3614.40 100.71
v -1560.91 -3343.01 0.00
v -1777.66 -3159.38 0.00
v -1904.95 -3464.54 84.78
v -1816.49 -3451.41 91.46
v -1777.66 -3159.38 0.00
v -2051.80 -3161.69 0.00
v -1992.64 -3321.43 93.32
v -1904.95 -3464.54 84.78
v -2051.80 -3161.69 0.00
v -2233.66 -3331.13 0.00
v -2100.70 -3454.16 86.30
v -1992.64 -3321.43 93.32
v -2233.66 -3331.13 0.00
v -2304.67 -3523.02 0.00
v -2204.41 -3546.33 78.49
v -2100.70 -3454.16 86.30
v -2304.67 -3523.02 0.00
v -2525.00 -3774.61 0.00
v -2226.05 -3667.95 97.64
v -2204.41 -3546.33 78.49
v -2525.00 -3774.61 0.00
v -2225.55 -3892.45 0.00
v -2101.21 -3744.76 94.68
v -2226.05 -3667.95 97.64
v -2225.55 -3892.45 0.00
v -2057.59 -4111.53 0.00
v -1961.56 -3719.90 84.99
v -2101.21 -3744.76 94.68
v -2057.59 -4111.53 0.00
v -1800.37 -4023.84 0.00
v -1901.13 -3781.09 95.90
v -1961.56 -3719.90 84.99
v -1800.37 -4023.84 0.00
v -1631.93 -3844.28 0.00
v -1759.91 -3758.09 86.10
v -1901.13 -3781.09 95.90
v -1631.93 -3844.28 0.00
v -1513.46 -3616.47 0.00
v -1825.02 -3614.40 100.71
v -1759.91 -3758.09 86.10
v -1292.01 -3721.81 0.00
v -1186.64 -3437.03 0.00
v -1489.64 -3652.38 176.27
v -1474.86 -3685.51 164.94
v -1186.64 -3437.03 0.00
v -1458.40 -3346.59 0.00
v -1512.44 -3541.10 167.22
v -1489.64 -3652.38 176.27
v -1458.40 -3346.59 0.00
v -1681.77 -3360.04 0.00
v -1656.94 -3546.61 140.32
v -1512.44 -3541.10 167.22
v -1681.77 -3360.04 0.00
v -1877.42 -3435.98 0.00
v -1802.89 -3561.92 163.85
v -1656.94 -3546.61 140.32
v -1877.42 -3435.98 0.00
v -1917.38 -3637.35 0.00
v -1899.77 -3655.38 130.82
v -1802.89 -3561.92 163.85
v -1917.38 -3637.35 0.00
v -1955.45 -3817.44 0.00
v -1753.05 -3802.44 162.13
v -1899.77 -3655.38 130.82
v -1955.45 -3817.44 0.00
v -1978.10 -4123.82 0.00
v -1727.66 -3854.53 131.52
v -1753.05 -3802.44 162.13
v -1978.10 -4123.82 0.00
v -1684.38 -4101.74 0.00
v -1683.79 -3935.61 156.86
v -1727.66 -3854.53 131.52
v -1684.38 -4101.74 0.00
v -1454.44 -4105.70 0.00
v -1549.56 -3930.44 146.55
v -1683.79 -3935.61 156.86
v -1454.44 -4105.70 0.00
v -1294.79 -3937.08 0.00
v -1405.74 -3890.69 180.01
v -1549.56 -3930.44 146.55
v -1294.79 -3937.08 0.00
v -1292.01 -3721.81 0.00
v -1474.86 -3685.51 164.94
v -1405.74 -3890.69 180.01
