# Castle & Palace — palace LOD
mtllib palace.mtl

usemtl mat_rock
v 96.00 0.00 98.00
v 98.04 10.87 98.00
v 98.04 10.87 112.00
v 96.00 0.00 112.00
v 98.04 10.87 98.00
v 96.24 21.78 98.00
v 96.24 21.78 112.00
v 98.04 10.87 112.00
v 96.24 21.78 98.00
v 90.44 31.84 98.00
v 90.44 31.84 112.00
v 96.24 21.78 112.00
v 90.44 31.84 98.00
v 82.21 40.73 98.00
v 82.21 40.73 112.00
v 90.44 31.84 112.00
v 82.21 40.73 98.00
v 73.18 48.88 98.00
v 73.18 48.88 112.00
v 82.21 40.73 112.00
v 73.18 48.88 98.00
v 63.66 56.63 98.00
v 63.66 56.63 112.00
v 73.18 48.88 112.00
v 63.66 56.63 98.00
v 52.86 63.41 98.00
v 52.86 63.41 112.00
v 63.66 56.63 112.00
v 52.86 63.41 98.00
v 40.32 68.06 98.00
v 40.32 68.06 112.00
v 52.86 63.41 112.00
v 40.32 68.06 98.00
v 26.68 70.03 98.00
v 26.68 70.03 112.00
v 40.32 68.06 112.00
v 26.68 70.03 98.00
v 13.08 70.15 98.00
v 13.08 70.15 112.00
v 26.68 70.03 112.00
v 13.08 70.15 98.00
v 0.00 69.93 98.00
v 0.00 69.93 112.00
v 13.08 70.15 112.00
v 0.00 69.93 98.00
v -13.08 70.15 98.00
v -13.08 70.15 112.00
v 0.00 69.93 112.00
v -13.08 70.15 98.00
v -26.68 70.03 98.00
v -26.68 70.03 112.00
v -13.08 70.15 112.00
v -26.68 70.03 98.00
v -40.32 68.06 98.00
v -40.32 68.06 112.00
v -26.68 70.03 112.00
v -40.32 68.06 98.00
v -52.86 63.41 98.00
v -52.86 63.41 112.00
v -40.32 68.06 112.00
v -52.86 63.41 98.00
v -63.66 56.63 98.00
v -63.66 56.63 112.00
v -52.86 63.41 112.00
v -63.66 56.63 98.00
v -73.18 48.88 98.00
v -73.18 48.88 112.00
v -63.66 56.63 112.00
v -73.18 48.88 98.00
v -82.21 40.73 98.00
v -82.21 40.73 112.00
v -73.18 48.88 112.00
v -82.21 40.73 98.00
v -90.44 31.84 98.00
v -90.44 31.84 112.00
v -82.21 40.73 112.00
v -90.44 31.84 98.00
v -96.24 21.78 98.00
v -96.24 21.78 112.00
v -90.44 31.84 112.00
v -96.24 21.78 98.00
v -98.04 10.87 98.00
v -98.04 10.87 112.00
v -96.24 21.78 112.00
v -98.04 10.87 98.00
v -96.00 0.00 98.00
v -96.00 0.00 112.00
v -98.04 10.87 112.00
v -96.00 0.00 98.00
v -92.01 -10.20 98.00
v -92.01 -10.20 112.00
v -96.00 0.00 112.00
v -92.01 -10.20 98.00
v -87.99 -19.91 98.00
v -87.99 -19.91 112.00
v -92.01 -10.20 112.00
v -87.99 -19.91 98.00
v -84.21 -29.64 98.00
v -84.21 -29.64 112.00
v -87.99 -19.91 112.00
v -84.21 -29.64 98.00
v -79.31 -39.29 98.00
v -79.31 -39.29 112.00
v -84.21 -29.64 112.00
v -79.31 -39.29 98.00
v -71.93 -48.04 98.00
v -71.93 -48.04 112.00
v -79.31 -39.29 112.00
v -71.93 -48.04 98.00
v -62.08 -55.22 98.00
v -62.08 -55.22 112.00
v -71.93 -48.04 112.00
v -62.08 -55.22 98.00
v -50.94 -61.10 98.00
v -50.94 -61.10 112.00
v -62.08 -55.22 112.00
v -50.94 -61.10 98.00
v -39.44 -66.57 98.00
v -39.44 -66.57 112.00
v -50.94 -61.10 112.00
v -39.44 -66.57 98.00
v -27.41 -71.97 98.00
v -27.41 -71.97 112.00
v -39.44 -66.57 112.00
v -27.41 -71.97 98.00
v -14.24 -76.35 98.00
v -14.24 -76.35 112.00
v -27.41 -71.97 112.00
v -14.24 -76.35 98.00
v -0.00 -78.07 98.00
v -0.00 -78.07 112.00
v -14.24 -76.35 112.00
v -0.00 -78.07 98.00
v 14.24 -76.35 98.00
v 14.24 -76.35 112.00
v -0.00 -78.07 112.00
v 14.24 -76.35 98.00
v 27.41 -71.97 98.00
v 27.41 -71.97 112.00
v 14.24 -76.35 112.00
v 27.41 -71.97 98.00
v 39.44 -66.57 98.00
v 39.44 -66.57 112.00
v 27.41 -71.97 112.00
v 39.44 -66.57 98.00
v 50.94 -61.10 98.00
v 50.94 -61.10 112.00
v 39.44 -66.57 112.00
v 50.94 -61.10 98.00
v 62.08 -55.22 98.00
v 62.08 -55.22 112.00
v 50.94 -61.10 112.00
v 62.08 -55.22 98.00
v 71.93 -48.04 98.00
v 71.93 -48.04 112.00
v 62.08 -55.22 112.00
v 71.93 -48.04 98.00
v 79.31 -39.29 98.00
v 79.31 -39.29 112.00
v 71.93 -48.04 112.00
v 79.31 -39.29 98.00
v 84.21 -29.64 98.00
v 84.21 -29.64 112.00
v 79.31 -39.29 112.00
v 84.21 -29.64 98.00
v 87.99 -19.91 98.00
v 87.99 -19.91 112.00
v 84.21 -29.64 112.00
v 87.99 -19.91 98.00
v 92.01 -10.20 98.00
v 92.01 -10.20 112.00
v 87.99 -19.91 112.00
v 92.01 -10.20 98.00
v 96.00 0.00 98.00
v 96.00 0.00 112.00
v 92.01 -10.20 112.00

usemtl mat_cobble
v 96.00 0.00 112.00
v 98.04 10.87 112.00
v 96.24 21.78 112.00
v 90.44 31.84 112.00
v 82.21 40.73 112.00
v 73.18 48.88 112.00
v 63.66 56.63 112.00
v 52.86 63.41 112.00
v 40.32 68.06 112.00
v 26.68 70.03 112.00
v 13.08 70.15 112.00
v 0.00 69.93 112.00
v -13.08 70.15 112.00
v -26.68 70.03 112.00
v -40.32 68.06 112.00
v -52.86 63.41 112.00
v -63.66 56.63 112.00
v -73.18 48.88 112.00
v -82.21 40.73 112.00
v -90.44 31.84 112.00
v -96.24 21.78 112.00
v -98.04 10.87 112.00
v -96.00 0.00 112.00
v -92.01 -10.20 112.00
v -87.99 -19.91 112.00
v -84.21 -29.64 112.00
v -79.31 -39.29 112.00
v -71.93 -48.04 112.00
v -62.08 -55.22 112.00
v -50.94 -61.10 112.00
v -39.44 -66.57 112.00
v -27.41 -71.97 112.00
v -14.24 -76.35 112.00
v -0.00 -78.07 112.00
v 14.24 -76.35 112.00
v 27.41 -71.97 112.00
v 39.44 -66.57 112.00
v 50.94 -61.10 112.00
v 62.08 -55.22 112.00
v 71.93 -48.04 112.00
v 79.31 -39.29 112.00
v 84.21 -29.64 112.00
v 87.99 -19.91 112.00
v 92.01 -10.20 112.00

usemtl mat_slate
v 254.54 -40.00 96.00
v 253.40 -35.77 96.00
v 246.09 -40.00 108.03
v 253.40 -35.77 96.00
v 250.31 -32.68 96.00
v 246.09 -40.00 108.03
v 250.31 -32.68 96.00
v 246.09 -31.55 96.00
v 246.09 -40.00 108.03
v 246.09 -31.55 96.00
v 241.86 -32.68 96.00
v 246.09 -40.00 108.03
v 241.86 -32.68 96.00
v 238.77 -35.77 96.00
v 246.09 -40.00 108.03
v 238.77 -35.77 96.00
v 237.64 -40.00 96.00
v 246.09 -40.00 108.03
v 237.64 -40.00 96.00
v 238.77 -44.23 96.00
v 246.09 -40.00 108.03
v 238.77 -44.23 96.00
v 241.86 -47.32 96.00
v 246.09 -40.00 108.03
v 241.86 -47.32 96.00
v 246.09 -48.45 96.00
v 246.09 -40.00 108.03
v 246.09 -48.45 96.00
v 250.31 -47.32 96.00
v 246.09 -40.00 108.03
v 250.31 -47.32 96.00
v 253.40 -44.23 96.00
v 246.09 -40.00 108.03
v 253.40 -44.23 96.00
v 254.54 -40.00 96.00
v 246.09 -40.00 108.03
v 209.37 56.98 96.00
v 207.81 62.76 96.00
v 197.79 56.98 112.47
v 207.81 62.76 96.00
v 203.58 67.00 96.00
v 197.79 56.98 112.47
v 203.58 67.00 96.00
v 197.79 68.55 96.00
v 197.79 56.98 112.47
v 197.79 68.55 96.00
v 192.01 67.00 96.00
v 197.79 56.98 112.47
v 192.01 67.00 96.00
v 187.78 62.76 96.00
v 197.79 56.98 112.47
v 187.78 62.76 96.00
v 186.22 56.98 96.00
v 197.79 56.98 112.47
v 186.22 56.98 96.00
v 187.78 51.19 96.00
v 197.79 56.98 112.47
v 187.78 51.19 96.00
v 192.01 46.96 96.00
v 197.79 56.98 112.47
v 192.01 46.96 96.00
v 197.79 45.41 96.00
v 197.79 56.98 112.47
v 197.79 45.41 96.00
v 203.58 46.96 96.00
v 197.79 56.98 112.47
v 203.58 46.96 96.00
v 207.81 51.19 96.00
v 197.79 56.98 112.47
v 207.81 51.19 96.00
v 209.37 56.98 96.00
v 197.79 56.98 112.47
v 97.15 104.10 96.00
v 95.81 109.11 96.00
v 87.14 104.10 110.25
v 95.81 109.11 96.00
v 92.14 112.77 96.00
v 87.14 104.10 110.25
v 92.14 112.77 96.00
v 87.14 114.11 96.00
v 87.14 104.10 110.25
v 87.14 114.11 96.00
v 82.13 112.77 96.00
v 87.14 104.10 110.25
v 82.13 112.77 96.00
v 78.47 109.11 96.00
v 87.14 104.10 110.25
v 78.47 109.11 96.00
v 77.13 104.10 96.00
v 87.14 104.10 110.25
v 77.13 104.10 96.00
v 78.47 99.10 96.00
v 87.14 104.10 110.25
v 78.47 99.10 96.00
v 82.13 95.44 96.00
v 87.14 104.10 110.25
v 82.13 95.44 96.00
v 87.14 94.09 96.00
v 87.14 104.10 110.25
v 87.14 94.09 96.00
v 92.14 95.44 96.00
v 87.14 104.10 110.25
v 92.14 95.44 96.00
v 95.81 99.10 96.00
v 87.14 104.10 110.25
v 95.81 99.10 96.00
v 97.15 104.10 96.00
v 87.14 104.10 110.25
v -32.70 92.28 96.00
v -33.83 96.51 96.00
v -41.15 92.28 108.03
v -33.83 96.51 96.00
v -36.92 99.60 96.00
v -41.15 92.28 108.03
v -36.92 99.60 96.00
v -41.15 100.73 96.00
v -41.15 92.28 108.03
v -41.15 100.73 96.00
v -45.37 99.60 96.00
v -41.15 92.28 108.03
v -45.37 99.60 96.00
v -48.47 96.51 96.00
v -41.15 92.28 108.03
v -48.47 96.51 96.00
v -49.60 92.28 96.00
v -41.15 92.28 108.03
v -49.60 92.28 96.00
v -48.47 88.06 96.00
v -41.15 92.28 108.03
v -48.47 88.06 96.00
v -45.37 84.96 96.00
v -41.15 92.28 108.03
v -45.37 84.96 96.00
v -41.15 83.83 96.00
v -41.15 92.28 108.03
v -41.15 83.83 96.00
v -36.92 84.96 96.00
v -41.15 92.28 108.03
v -36.92 84.96 96.00
v -33.83 88.06 96.00
v -41.15 92.28 108.03
v -33.83 88.06 96.00
v -32.70 92.28 96.00
v -41.15 92.28 108.03
v -102.99 2.73 96.00
v -104.54 8.51 96.00
v -114.56 2.73 112.47
v -104.54 8.51 96.00
v -108.77 12.75 96.00
v -114.56 2.73 112.47
v -108.77 12.75 96.00
v -114.56 14.30 96.00
v -114.56 2.73 112.47
v -114.56 14.30 96.00
v -120.34 12.75 96.00
v -114.56 2.73 112.47
v -120.34 12.75 96.00
v -124.58 8.51 96.00
v -114.56 2.73 112.47
v -124.58 8.51 96.00
v -126.13 2.73 96.00
v -114.56 2.73 112.47
v -126.13 2.73 96.00
v -124.58 -3.06 96.00
v -114.56 2.73 112.47
v -124.58 -3.06 96.00
v -120.34 -7.29 96.00
v -114.56 2.73 112.47
v -120.34 -7.29 96.00
v -114.56 -8.84 96.00
v -114.56 2.73 112.47
v -114.56 -8.84 96.00
v -108.77 -7.29 96.00
v -114.56 2.73 112.47
v -108.77 -7.29 96.00
v -104.54 -3.06 96.00
v -114.56 2.73 112.47
v -104.54 -3.06 96.00
v -102.99 2.73 96.00
v -114.56 2.73 112.47
v -86.11 -99.51 96.00
v -87.45 -94.51 96.00
v -96.12 -99.51 110.25
v -87.45 -94.51 96.00
v -91.11 -90.84 96.00
v -96.12 -99.51 110.25
v -91.11 -90.84 96.00
v -96.12 -89.50 96.00
v -96.12 -99.51 110.25
v -96.12 -89.50 96.00
v -101.12 -90.84 96.00
v -96.12 -99.51 110.25
v -101.12 -90.84 96.00
v -104.79 -94.51 96.00
v -96.12 -99.51 110.25
v -104.79 -94.51 96.00
v -106.13 -99.51 96.00
v -96.12 -99.51 110.25
v -106.13 -99.51 96.00
v -104.79 -104.52 96.00
v -96.12 -99.51 110.25
v -104.79 -104.52 96.00
v -101.12 -108.18 96.00
v -96.12 -99.51 110.25
v -101.12 -108.18 96.00
v -96.12 -109.52 96.00
v -96.12 -99.51 110.25
v -96.12 -109.52 96.00
v -91.11 -108.18 96.00
v -96.12 -99.51 110.25
v -91.11 -108.18 96.00
v -87.45 -104.52 96.00
v -96.12 -99.51 110.25
v -87.45 -104.52 96.00
v -86.11 -99.51 96.00
v -96.12 -99.51 110.25
v -6.09 -178.12 96.00
v -7.22 -173.90 96.00
v -14.54 -178.12 108.03
v -7.22 -173.90 96.00
v -10.31 -170.81 96.00
v -14.54 -178.12 108.03
v -10.31 -170.81 96.00
v -14.54 -169.67 96.00
v -14.54 -178.12 108.03
v -14.54 -169.67 96.00
v -18.76 -170.81 96.00
v -14.54 -178.12 108.03
v -18.76 -170.81 96.00
v -21.85 -173.90 96.00
v -14.54 -178.12 108.03
v -21.85 -173.90 96.00
v -22.99 -178.12 96.00
v -14.54 -178.12 108.03
v -22.99 -178.12 96.00
v -21.85 -182.35 96.00
v -14.54 -178.12 108.03
v -21.85 -182.35 96.00
v -18.76 -185.44 96.00
v -14.54 -178.12 108.03
v -18.76 -185.44 96.00
v -14.54 -186.57 96.00
v -14.54 -178.12 108.03
v -14.54 -186.57 96.00
v -10.31 -185.44 96.00
v -14.54 -178.12 108.03
v -10.31 -185.44 96.00
v -7.22 -182.35 96.00
v -14.54 -178.12 108.03
v -7.22 -182.35 96.00
v -6.09 -178.12 96.00
v -14.54 -178.12 108.03
v 124.95 -184.22 96.00
v 123.40 -178.44 96.00
v 113.38 -184.22 112.47
v 123.40 -178.44 96.00
v 119.17 -174.20 96.00
v 113.38 -184.22 112.47
v 119.17 -174.20 96.00
v 113.38 -172.65 96.00
v 113.38 -184.22 112.47
v 113.38 -172.65 96.00
v 107.60 -174.20 96.00
v 113.38 -184.22 112.47
v 107.60 -174.20 96.00
v 103.36 -178.44 96.00
v 113.38 -184.22 112.47
v 103.36 -178.44 96.00
v 101.81 -184.22 96.00
v 113.38 -184.22 112.47
v 101.81 -184.22 96.00
v 103.36 -190.01 96.00
v 113.38 -184.22 112.47
v 103.36 -190.01 96.00
v 107.60 -194.24 96.00
v 113.38 -184.22 112.47
v 107.60 -194.24 96.00
v 113.38 -195.79 96.00
v 113.38 -184.22 112.47
v 113.38 -195.79 96.00
v 119.17 -194.24 96.00
v 113.38 -184.22 112.47
v 119.17 -194.24 96.00
v 123.40 -190.01 96.00
v 113.38 -184.22 112.47
v 123.40 -190.01 96.00
v 124.95 -184.22 96.00
v 113.38 -184.22 112.47
v 224.20 -120.61 96.00
v 222.86 -115.61 96.00
v 214.19 -120.61 110.25
v 222.86 -115.61 96.00
v 219.20 -111.94 96.00
v 214.19 -120.61 110.25
v 219.20 -111.94 96.00
v 214.19 -110.60 96.00
v 214.19 -120.61 110.25
v 214.19 -110.60 96.00
v 209.19 -111.94 96.00
v 214.19 -120.61 110.25
v 209.19 -111.94 96.00
v 205.52 -115.61 96.00
v 214.19 -120.61 110.25
v 205.52 -115.61 96.00
v 204.18 -120.61 96.00
v 214.19 -120.61 110.25
v 204.18 -120.61 96.00
v 205.52 -125.62 96.00
v 214.19 -120.61 110.25
v 205.52 -125.62 96.00
v 209.19 -129.28 96.00
v 214.19 -120.61 110.25
v 209.19 -129.28 96.00
v 214.19 -130.62 96.00
v 214.19 -120.61 110.25
v 214.19 -130.62 96.00
v 219.20 -129.28 96.00
v 214.19 -120.61 110.25
v 219.20 -129.28 96.00
v 222.86 -125.62 96.00
v 214.19 -120.61 110.25
v 222.86 -125.62 96.00
v 224.20 -120.61 96.00
v 214.19 -120.61 110.25
v 65.80 -43.80 144.00
v -65.80 -43.80 144.00
v 0.00 -43.80 176.00
v 0.00 43.80 176.00
v 0.00 -43.80 176.00
v -65.80 43.80 144.00
v 65.80 43.80 144.00
v 0.00 43.80 176.00
v -65.80 -43.80 144.00
v -65.80 43.80 144.00
v 0.00 -43.80 176.00
v 65.80 -43.80 144.00
v 0.00 43.80 176.00
v 65.80 43.80 144.00
v 37.30 -29.30 160.00
v -37.30 -29.30 160.00
v 0.00 -29.30 177.00
v 0.00 29.30 177.00
v 0.00 -29.30 177.00
v -37.30 29.30 160.00
v 37.30 29.30 160.00
v 0.00 29.30 177.00
v -37.30 -29.30 160.00
v -37.30 29.30 160.00
v 0.00 -29.30 177.00
v 37.30 -29.30 160.00
v 0.00 29.30 177.00
v 37.30 29.30 160.00
v -59.50 -6.00 170.00
v -60.30 -1.98 170.00
v -70.00 -6.00 192.00
v -60.30 -1.98 170.00
v -62.58 1.43 170.00
v -70.00 -6.00 192.00
v -62.58 1.43 170.00
v -65.98 3.70 170.00
v -70.00 -6.00 192.00
v -65.98 3.70 170.00
v -70.00 4.50 170.00
v -70.00 -6.00 192.00
v -70.00 4.50 170.00
v -74.02 3.70 170.00
v -70.00 -6.00 192.00
v -74.02 3.70 170.00
v -77.42 1.43 170.00
v -70.00 -6.00 192.00
v -77.42 1.43 170.00
v -79.70 -1.98 170.00
v -70.00 -6.00 192.00
v -79.70 -1.98 170.00
v -80.50 -6.00 170.00
v -70.00 -6.00 192.00
v -80.50 -6.00 170.00
v -79.70 -10.02 170.00
v -70.00 -6.00 192.00
v -79.70 -10.02 170.00
v -77.42 -13.43 170.00
v -70.00 -6.00 192.00
v -77.42 -13.43 170.00
v -74.02 -15.70 170.00
v -70.00 -6.00 192.00
v -74.02 -15.70 170.00
v -70.00 -16.50 170.00
v -70.00 -6.00 192.00
v -70.00 -16.50 170.00
v -65.98 -15.70 170.00
v -70.00 -6.00 192.00
v -65.98 -15.70 170.00
v -62.58 -13.43 170.00
v -70.00 -6.00 192.00
v -62.58 -13.43 170.00
v -60.30 -10.02 170.00
v -70.00 -6.00 192.00
v -60.30 -10.02 170.00
v -59.50 -6.00 170.00
v -70.00 -6.00 192.00
v 80.50 -6.00 170.00
v 79.70 -1.98 170.00
v 70.00 -6.00 192.00
v 79.70 -1.98 170.00
v 77.42 1.43 170.00
v 70.00 -6.00 192.00
v 77.42 1.43 170.00
v 74.02 3.70 170.00
v 70.00 -6.00 192.00
v 74.02 3.70 170.00
v 70.00 4.50 170.00
v 70.00 -6.00 192.00
v 70.00 4.50 170.00
v 65.98 3.70 170.00
v 70.00 -6.00 192.00
v 65.98 3.70 170.00
v 62.58 1.43 170.00
v 70.00 -6.00 192.00
v 62.58 1.43 170.00
v 60.30 -1.98 170.00
v 70.00 -6.00 192.00
v 60.30 -1.98 170.00
v 59.50 -6.00 170.00
v 70.00 -6.00 192.00
v 59.50 -6.00 170.00
v 60.30 -10.02 170.00
v 70.00 -6.00 192.00
v 60.30 -10.02 170.00
v 62.58 -13.43 170.00
v 70.00 -6.00 192.00
v 62.58 -13.43 170.00
v 65.98 -15.70 170.00
v 70.00 -6.00 192.00
v 65.98 -15.70 170.00
v 70.00 -16.50 170.00
v 70.00 -6.00 192.00
v 70.00 -16.50 170.00
v 74.02 -15.70 170.00
v 70.00 -6.00 192.00
v 74.02 -15.70 170.00
v 77.42 -13.43 170.00
v 70.00 -6.00 192.00
v 77.42 -13.43 170.00
v 79.70 -10.02 170.00
v 70.00 -6.00 192.00
v 79.70 -10.02 170.00
v 80.50 -6.00 170.00
v 70.00 -6.00 192.00
v 17.50 0.00 200.00
v 16.45 5.99 200.00
v 0.00 0.00 238.00
v 16.45 5.99 200.00
v 13.41 11.25 200.00
v 0.00 0.00 238.00
v 13.41 11.25 200.00
v 8.75 15.15 200.00
v 0.00 0.00 238.00
v 8.75 15.15 200.00
v 3.04 17.23 200.00
v 0.00 0.00 238.00
v 3.04 17.23 200.00
v -3.04 17.23 200.00
v 0.00 0.00 238.00
v -3.04 17.23 200.00
v -8.75 15.15 200.00
v 0.00 0.00 238.00
v -8.75 15.15 200.00
v -13.41 11.25 200.00
v 0.00 0.00 238.00
v -13.41 11.25 200.00
v -16.45 5.99 200.00
v 0.00 0.00 238.00
v -16.45 5.99 200.00
v -17.50 0.00 200.00
v 0.00 0.00 238.00
v -17.50 0.00 200.00
v -16.45 -5.99 200.00
v 0.00 0.00 238.00
v -16.45 -5.99 200.00
v -13.41 -11.25 200.00
v 0.00 0.00 238.00
v -13.41 -11.25 200.00
v -8.75 -15.15 200.00
v 0.00 0.00 238.00
v -8.75 -15.15 200.00
v -3.04 -17.23 200.00
v 0.00 0.00 238.00
v -3.04 -17.23 200.00
v 3.04 -17.23 200.00
v 0.00 0.00 238.00
v 3.04 -17.23 200.00
v 8.75 -15.15 200.00
v 0.00 0.00 238.00
v 8.75 -15.15 200.00
v 13.41 -11.25 200.00
v 0.00 0.00 238.00
v 13.41 -11.25 200.00
v 16.45 -5.99 200.00
v 0.00 0.00 238.00
v 16.45 -5.99 200.00
v 17.50 0.00 200.00
v 0.00 0.00 238.00
v -47.47 32.00 176.00
v -48.72 35.84 176.00
v -54.00 32.00 191.18
v -48.72 35.84 176.00
v -51.98 38.21 176.00
v -54.00 32.00 191.18
v -51.98 38.21 176.00
v -56.02 38.21 176.00
v -54.00 32.00 191.18
v -56.02 38.21 176.00
v -59.28 35.84 176.00
v -54.00 32.00 191.18
v -59.28 35.84 176.00
v -60.53 32.00 176.00
v -54.00 32.00 191.18
v -60.53 32.00 176.00
v -59.28 28.16 176.00
v -54.00 32.00 191.18
v -59.28 28.16 176.00
v -56.02 25.79 176.00
v -54.00 32.00 191.18
v -56.02 25.79 176.00
v -51.98 25.79 176.00
v -54.00 32.00 191.18
v -51.98 25.79 176.00
v -48.72 28.16 176.00
v -54.00 32.00 191.18
v -48.72 28.16 176.00
v -47.47 32.00 176.00
v -54.00 32.00 191.18
v 60.53 32.00 176.00
v 59.28 35.84 176.00
v 54.00 32.00 191.18
v 59.28 35.84 176.00
v 56.02 38.21 176.00
v 54.00 32.00 191.18
v 56.02 38.21 176.00
v 51.98 38.21 176.00
v 54.00 32.00 191.18
v 51.98 38.21 176.00
v 48.72 35.84 176.00
v 54.00 32.00 191.18
v 48.72 35.84 176.00
v 47.47 32.00 176.00
v 54.00 32.00 191.18
v 47.47 32.00 176.00
v 48.72 28.16 176.00
v 54.00 32.00 191.18
v 48.72 28.16 176.00
v 51.98 25.79 176.00
v 54.00 32.00 191.18
v 51.98 25.79 176.00
v 56.02 25.79 176.00
v 54.00 32.00 191.18
v 56.02 25.79 176.00
v 59.28 28.16 176.00
v 54.00 32.00 191.18
v 59.28 28.16 176.00
v 60.53 32.00 176.00
v 54.00 32.00 191.18
v -47.47 -34.00 176.00
v -48.72 -30.16 176.00
v -54.00 -34.00 191.18
v -48.72 -30.16 176.00
v -51.98 -27.79 176.00
v -54.00 -34.00 191.18
v -51.98 -27.79 176.00
v -56.02 -27.79 176.00
v -54.00 -34.00 191.18
v -56.02 -27.79 176.00
v -59.28 -30.16 176.00
v -54.00 -34.00 191.18
v -59.28 -30.16 176.00
v -60.53 -34.00 176.00
v -54.00 -34.00 191.18
v -60.53 -34.00 176.00
v -59.28 -37.84 176.00
v -54.00 -34.00 191.18
v -59.28 -37.84 176.00
v -56.02 -40.21 176.00
v -54.00 -34.00 191.18
v -56.02 -40.21 176.00
v -51.98 -40.21 176.00
v -54.00 -34.00 191.18
v -51.98 -40.21 176.00
v -48.72 -37.84 176.00
v -54.00 -34.00 191.18
v -48.72 -37.84 176.00
v -47.47 -34.00 176.00
v -54.00 -34.00 191.18
v 60.53 -34.00 176.00
v 59.28 -30.16 176.00
v 54.00 -34.00 191.18
v 59.28 -30.16 176.00
v 56.02 -27.79 176.00
v 54.00 -34.00 191.18
v 56.02 -27.79 176.00
v 51.98 -27.79 176.00
v 54.00 -34.00 191.18
v 51.98 -27.79 176.00
v 48.72 -30.16 176.00
v 54.00 -34.00 191.18
v 48.72 -30.16 176.00
v 47.47 -34.00 176.00
v 54.00 -34.00 191.18
v 47.47 -34.00 176.00
v 48.72 -37.84 176.00
v 54.00 -34.00 191.18
v 48.72 -37.84 176.00
v 51.98 -40.21 176.00
v 54.00 -34.00 191.18
v 51.98 -40.21 176.00
v 56.02 -40.21 176.00
v 54.00 -34.00 191.18
v 56.02 -40.21 176.00
v 59.28 -37.84 176.00
v 54.00 -34.00 191.18
v 59.28 -37.84 176.00
v 60.53 -34.00 176.00
v 54.00 -34.00 191.18
v -23.46 36.00 164.00
v -24.32 38.67 164.00
v -28.00 36.00 174.56
v -24.32 38.67 164.00
v -26.60 40.32 164.00
v -28.00 36.00 174.56
v -26.60 40.32 164.00
v -29.40 40.32 164.00
v -28.00 36.00 174.56
v -29.40 40.32 164.00
v -31.68 38.67 164.00
v -28.00 36.00 174.56
v -31.68 38.67 164.00
v -32.54 36.00 164.00
v -28.00 36.00 174.56
v -32.54 36.00 164.00
v -31.68 33.33 164.00
v -28.00 36.00 174.56
v -31.68 33.33 164.00
v -29.40 31.68 164.00
v -28.00 36.00 174.56
v -29.40 31.68 164.00
v -26.60 31.68 164.00
v -28.00 36.00 174.56
v -26.60 31.68 164.00
v -24.32 33.33 164.00
v -28.00 36.00 174.56
v -24.32 33.33 164.00
v -23.46 36.00 164.00
v -28.00 36.00 174.56
v 32.54 36.00 164.00
v 31.68 38.67 164.00
v 28.00 36.00 174.56
v 31.68 38.67 164.00
v 29.40 40.32 164.00
v 28.00 36.00 174.56
v 29.40 40.32 164.00
v 26.60 40.32 164.00
v 28.00 36.00 174.56
v 26.60 40.32 164.00
v 24.32 38.67 164.00
v 28.00 36.00 174.56
v 24.32 38.67 164.00
v 23.46 36.00 164.00
v 28.00 36.00 174.56
v 23.46 36.00 164.00
v 24.32 33.33 164.00
v 28.00 36.00 174.56
v 24.32 33.33 164.00
v 26.60 31.68 164.00
v 28.00 36.00 174.56
v 26.60 31.68 164.00
v 29.40 31.68 164.00
v 28.00 36.00 174.56
v 29.40 31.68 164.00
v 31.68 33.33 164.00
v 28.00 36.00 174.56
v 31.68 33.33 164.00
v 32.54 36.00 164.00
v 28.00 36.00 174.56
v -23.46 -38.00 164.00
v -24.32 -35.33 164.00
v -28.00 -38.00 174.56
v -24.32 -35.33 164.00
v -26.60 -33.68 164.00
v -28.00 -38.00 174.56
v -26.60 -33.68 164.00
v -29.40 -33.68 164.00
v -28.00 -38.00 174.56
v -29.40 -33.68 164.00
v -31.68 -35.33 164.00
v -28.00 -38.00 174.56
v -31.68 -35.33 164.00
v -32.54 -38.00 164.00
v -28.00 -38.00 174.56
v -32.54 -38.00 164.00
v -31.68 -40.67 164.00
v -28.00 -38.00 174.56
v -31.68 -40.67 164.00
v -29.40 -42.32 164.00
v -28.00 -38.00 174.56
v -29.40 -42.32 164.00
v -26.60 -42.32 164.00
v -28.00 -38.00 174.56
v -26.60 -42.32 164.00
v -24.32 -40.67 164.00
v -28.00 -38.00 174.56
v -24.32 -40.67 164.00
v -23.46 -38.00 164.00
v -28.00 -38.00 174.56
v 32.54 -38.00 164.00
v 31.68 -35.33 164.00
v 28.00 -38.00 174.56
v 31.68 -35.33 164.00
v 29.40 -33.68 164.00
v 28.00 -38.00 174.56
v 29.40 -33.68 164.00
v 26.60 -33.68 164.00
v 28.00 -38.00 174.56
v 26.60 -33.68 164.00
v 24.32 -35.33 164.00
v 28.00 -38.00 174.56
v 24.32 -35.33 164.00
v 23.46 -38.00 164.00
v 28.00 -38.00 174.56
v 23.46 -38.00 164.00
v 24.32 -40.67 164.00
v 28.00 -38.00 174.56
v 24.32 -40.67 164.00
v 26.60 -42.32 164.00
v 28.00 -38.00 174.56
v 26.60 -42.32 164.00
v 29.40 -42.32 164.00
v 28.00 -38.00 174.56
v 29.40 -42.32 164.00
v 31.68 -40.67 164.00
v 28.00 -38.00 174.56
v 31.68 -40.67 164.00
v 32.54 -38.00 164.00
v 28.00 -38.00 174.56

usemtl mat_gilded
v 246.49 -40.00 108.03
v 246.29 -39.65 108.03
v 246.29 -39.65 112.03
v 246.49 -40.00 112.03
v 246.29 -39.65 108.03
v 245.89 -39.65 108.03
v 245.89 -39.65 112.03
v 246.29 -39.65 112.03
v 245.89 -39.65 108.03
v 245.69 -40.00 108.03
v 245.69 -40.00 112.03
v 245.89 -39.65 112.03
v 245.69 -40.00 108.03
v 245.89 -40.35 108.03
v 245.89 -40.35 112.03
v 245.69 -40.00 112.03
v 245.89 -40.35 108.03
v 246.29 -40.35 108.03
v 246.29 -40.35 112.03
v 245.89 -40.35 112.03
v 246.29 -40.35 108.03
v 246.49 -40.00 108.03
v 246.49 -40.00 112.03
v 246.29 -40.35 112.03
v 246.49 -40.00 112.03
v 246.29 -39.65 112.03
v 245.89 -39.65 112.03
v 245.69 -40.00 112.03
v 245.89 -40.35 112.03
v 246.29 -40.35 112.03
v 198.19 56.98 112.47
v 198.00 57.33 112.47
v 198.00 57.33 116.47
v 198.19 56.98 116.47
v 198.00 57.33 112.47
v 197.59 57.33 112.47
v 197.59 57.33 116.47
v 198.00 57.33 116.47
v 197.59 57.33 112.47
v 197.40 56.98 112.47
v 197.40 56.98 116.47
v 197.59 57.33 116.47
v 197.40 56.98 112.47
v 197.59 56.63 112.47
v 197.59 56.63 116.47
v 197.40 56.98 116.47
v 197.59 56.63 112.47
v 198.00 56.63 112.47
v 198.00 56.63 116.47
v 197.59 56.63 116.47
v 198.00 56.63 112.47
v 198.19 56.98 112.47
v 198.19 56.98 116.47
v 198.00 56.63 116.47
v 198.19 56.98 116.47
v 198.00 57.33 116.47
v 197.59 57.33 116.47
v 197.40 56.98 116.47
v 197.59 56.63 116.47
v 198.00 56.63 116.47
v 87.54 104.10 110.25
v 87.34 104.45 110.25
v 87.34 104.45 114.25
v 87.54 104.10 114.25
v 87.34 104.45 110.25
v 86.94 104.45 110.25
v 86.94 104.45 114.25
v 87.34 104.45 114.25
v 86.94 104.45 110.25
v 86.74 104.10 110.25
v 86.74 104.10 114.25
v 86.94 104.45 114.25
v 86.74 104.10 110.25
v 86.94 103.76 110.25
v 86.94 103.76 114.25
v 86.74 104.10 114.25
v 86.94 103.76 110.25
v 87.34 103.76 110.25
v 87.34 103.76 114.25
v 86.94 103.76 114.25
v 87.34 103.76 110.25
v 87.54 104.10 110.25
v 87.54 104.10 114.25
v 87.34 103.76 114.25
v 87.54 104.10 114.25
v 87.34 104.45 114.25
v 86.94 104.45 114.25
v 86.74 104.10 114.25
v 86.94 103.76 114.25
v 87.34 103.76 114.25
v -40.75 92.28 108.03
v -40.95 92.63 108.03
v -40.95 92.63 112.03
v -40.75 92.28 112.03
v -40.95 92.63 108.03
v -41.35 92.63 108.03
v -41.35 92.63 112.03
v -40.95 92.63 112.03
v -41.35 92.63 108.03
v -41.55 92.28 108.03
v -41.55 92.28 112.03
v -41.35 92.63 112.03
v -41.55 92.28 108.03
v -41.35 91.94 108.03
v -41.35 91.94 112.03
v -41.55 92.28 112.03
v -41.35 91.94 108.03
v -40.95 91.94 108.03
v -40.95 91.94 112.03
v -41.35 91.94 112.03
v -40.95 91.94 108.03
v -40.75 92.28 108.03
v -40.75 92.28 112.03
v -40.95 91.94 112.03
v -40.75 92.28 112.03
v -40.95 92.63 112.03
v -41.35 92.63 112.03
v -41.55 92.28 112.03
v -41.35 91.94 112.03
v -40.95 91.94 112.03
v -114.16 2.73 112.47
v -114.36 3.07 112.47
v -114.36 3.07 116.47
v -114.16 2.73 116.47
v -114.36 3.07 112.47
v -114.76 3.07 112.47
v -114.76 3.07 116.47
v -114.36 3.07 116.47
v -114.76 3.07 112.47
v -114.96 2.73 112.47
v -114.96 2.73 116.47
v -114.76 3.07 116.47
v -114.96 2.73 112.47
v -114.76 2.38 112.47
v -114.76 2.38 116.47
v -114.96 2.73 116.47
v -114.76 2.38 112.47
v -114.36 2.38 112.47
v -114.36 2.38 116.47
v -114.76 2.38 116.47
v -114.36 2.38 112.47
v -114.16 2.73 112.47
v -114.16 2.73 116.47
v -114.36 2.38 116.47
v -114.16 2.73 116.47
v -114.36 3.07 116.47
v -114.76 3.07 116.47
v -114.96 2.73 116.47
v -114.76 2.38 116.47
v -114.36 2.38 116.47
v -95.72 -99.51 110.25
v -95.92 -99.17 110.25
v -95.92 -99.17 114.25
v -95.72 -99.51 114.25
v -95.92 -99.17 110.25
v -96.32 -99.17 110.25
v -96.32 -99.17 114.25
v -95.92 -99.17 114.25
v -96.32 -99.17 110.25
v -96.52 -99.51 110.25
v -96.52 -99.51 114.25
v -96.32 -99.17 114.25
v -96.52 -99.51 110.25
v -96.32 -99.86 110.25
v -96.32 -99.86 114.25
v -96.52 -99.51 114.25
v -96.32 -99.86 110.25
v -95.92 -99.86 110.25
v -95.92 -99.86 114.25
v -96.32 -99.86 114.25
v -95.92 -99.86 110.25
v -95.72 -99.51 110.25
v -95.72 -99.51 114.25
v -95.92 -99.86 114.25
v -95.72 -99.51 114.25
v -95.92 -99.17 114.25
v -96.32 -99.17 114.25
v -96.52 -99.51 114.25
v -96.32 -99.86 114.25
v -95.92 -99.86 114.25
v -14.14 -178.12 108.03
v -14.34 -177.78 108.03
v -14.34 -177.78 112.03
v -14.14 -178.12 112.03
v -14.34 -177.78 108.03
v -14.74 -177.78 108.03
v -14.74 -177.78 112.03
v -14.34 -177.78 112.03
v -14.74 -177.78 108.03
v -14.94 -178.12 108.03
v -14.94 -178.12 112.03
v -14.74 -177.78 112.03
v -14.94 -178.12 108.03
v -14.74 -178.47 108.03
v -14.74 -178.47 112.03
v -14.94 -178.12 112.03
v -14.74 -178.47 108.03
v -14.34 -178.47 108.03
v -14.34 -178.47 112.03
v -14.74 -178.47 112.03
v -14.34 -178.47 108.03
v -14.14 -178.12 108.03
v -14.14 -178.12 112.03
v -14.34 -178.47 112.03
v -14.14 -178.12 112.03
v -14.34 -177.78 112.03
v -14.74 -177.78 112.03
v -14.94 -178.12 112.03
v -14.74 -178.47 112.03
v -14.34 -178.47 112.03
v 113.78 -184.22 112.47
v 113.58 -183.88 112.47
v 113.58 -183.88 116.47
v 113.78 -184.22 116.47
v 113.58 -183.88 112.47
v 113.18 -183.88 112.47
v 113.18 -183.88 116.47
v 113.58 -183.88 116.47
v 113.18 -183.88 112.47
v 112.98 -184.22 112.47
v 112.98 -184.22 116.47
v 113.18 -183.88 116.47
v 112.98 -184.22 112.47
v 113.18 -184.57 112.47
v 113.18 -184.57 116.47
v 112.98 -184.22 116.47
v 113.18 -184.57 112.47
v 113.58 -184.57 112.47
v 113.58 -184.57 116.47
v 113.18 -184.57 116.47
v 113.58 -184.57 112.47
v 113.78 -184.22 112.47
v 113.78 -184.22 116.47
v 113.58 -184.57 116.47
v 113.78 -184.22 116.47
v 113.58 -183.88 116.47
v 113.18 -183.88 116.47
v 112.98 -184.22 116.47
v 113.18 -184.57 116.47
v 113.58 -184.57 116.47
v 214.59 -120.61 110.25
v 214.39 -120.26 110.25
v 214.39 -120.26 114.25
v 214.59 -120.61 114.25
v 214.39 -120.26 110.25
v 213.99 -120.26 110.25
v 213.99 -120.26 114.25
v 214.39 -120.26 114.25
v 213.99 -120.26 110.25
v 213.79 -120.61 110.25
v 213.79 -120.61 114.25
v 213.99 -120.26 114.25
v 213.79 -120.61 110.25
v 213.99 -120.96 110.25
v 213.99 -120.96 114.25
v 213.79 -120.61 114.25
v 213.99 -120.96 110.25
v 214.39 -120.96 110.25
v 214.39 -120.96 114.25
v 213.99 -120.96 114.25
v 214.39 -120.96 110.25
v 214.59 -120.61 110.25
v 214.59 -120.61 114.25
v 214.39 -120.96 114.25
v 214.59 -120.61 114.25
v 214.39 -120.26 114.25
v 213.99 -120.26 114.25
v 213.79 -120.61 114.25
v 213.99 -120.96 114.25
v 214.39 -120.96 114.25
v -69.55 -6.00 192.00
v -69.78 -5.61 192.00
v -69.78 -5.61 198.00
v -69.55 -6.00 198.00
v -69.78 -5.61 192.00
v -70.22 -5.61 192.00
v -70.22 -5.61 198.00
v -69.78 -5.61 198.00
v -70.22 -5.61 192.00
v -70.45 -6.00 192.00
v -70.45 -6.00 198.00
v -70.22 -5.61 198.00
v -70.45 -6.00 192.00
v -70.22 -6.39 192.00
v -70.22 -6.39 198.00
v -70.45 -6.00 198.00
v -70.22 -6.39 192.00
v -69.78 -6.39 192.00
v -69.78 -6.39 198.00
v -70.22 -6.39 198.00
v -69.78 -6.39 192.00
v -69.55 -6.00 192.00
v -69.55 -6.00 198.00
v -69.78 -6.39 198.00
v -69.55 -6.00 198.00
v -69.78 -5.61 198.00
v -70.22 -5.61 198.00
v -70.45 -6.00 198.00
v -70.22 -6.39 198.00
v -69.78 -6.39 198.00
v 70.45 -6.00 192.00
v 70.22 -5.61 192.00
v 70.22 -5.61 198.00
v 70.45 -6.00 198.00
v 70.22 -5.61 192.00
v 69.78 -5.61 192.00
v 69.78 -5.61 198.00
v 70.22 -5.61 198.00
v 69.78 -5.61 192.00
v 69.55 -6.00 192.00
v 69.55 -6.00 198.00
v 69.78 -5.61 198.00
v 69.55 -6.00 192.00
v 69.78 -6.39 192.00
v 69.78 -6.39 198.00
v 69.55 -6.00 198.00
v 69.78 -6.39 192.00
v 70.22 -6.39 192.00
v 70.22 -6.39 198.00
v 69.78 -6.39 198.00
v 70.22 -6.39 192.00
v 70.45 -6.00 192.00
v 70.45 -6.00 198.00
v 70.22 -6.39 198.00
v 70.45 -6.00 198.00
v 70.22 -5.61 198.00
v 69.78 -5.61 198.00
v 69.55 -6.00 198.00
v 69.78 -6.39 198.00
v 70.22 -6.39 198.00
v 0.60 0.00 238.00
v 0.30 0.52 238.00
v 0.30 0.52 246.00
v 0.60 0.00 246.00
v 0.30 0.52 238.00
v -0.30 0.52 238.00
v -0.30 0.52 246.00
v 0.30 0.52 246.00
v -0.30 0.52 238.00
v -0.60 0.00 238.00
v -0.60 0.00 246.00
v -0.30 0.52 246.00
v -0.60 0.00 238.00
v -0.30 -0.52 238.00
v -0.30 -0.52 246.00
v -0.60 0.00 246.00
v -0.30 -0.52 238.00
v 0.30 -0.52 238.00
v 0.30 -0.52 246.00
v -0.30 -0.52 246.00
v 0.30 -0.52 238.00
v 0.60 0.00 238.00
v 0.60 0.00 246.00
v 0.30 -0.52 246.00
v 0.60 0.00 246.00
v 0.30 0.52 246.00
v -0.30 0.52 246.00
v -0.60 0.00 246.00
v -0.30 -0.52 246.00
v 0.30 -0.52 246.00

usemtl mat_sandstone
v -64.00 42.00 104.00
v 64.00 42.00 104.00
v 64.00 -42.00 104.00
v -64.00 -42.00 104.00
v -64.00 -42.00 144.00
v 64.00 -42.00 144.00
v 64.00 42.00 144.00
v -64.00 42.00 144.00
v -64.00 -42.00 104.00
v 64.00 -42.00 104.00
v 64.00 -42.00 144.00
v -64.00 -42.00 144.00
v 64.00 -42.00 104.00
v 64.00 42.00 104.00
v 64.00 42.00 144.00
v 64.00 -42.00 144.00
v 64.00 42.00 104.00
v -64.00 42.00 104.00
v -64.00 42.00 144.00
v 64.00 42.00 144.00
v -64.00 42.00 104.00
v -64.00 -42.00 104.00
v -64.00 -42.00 144.00
v -64.00 42.00 144.00
v -36.00 28.00 144.00
v 36.00 28.00 144.00
v 36.00 -28.00 144.00
v -36.00 -28.00 144.00
v -36.00 -28.00 160.00
v 36.00 -28.00 160.00
v 36.00 28.00 160.00
v -36.00 28.00 160.00
v -36.00 -28.00 144.00
v 36.00 -28.00 144.00
v 36.00 -28.00 160.00
v -36.00 -28.00 160.00
v 36.00 -28.00 144.00
v 36.00 28.00 144.00
v 36.00 28.00 160.00
v 36.00 -28.00 160.00
v 36.00 28.00 144.00
v -36.00 28.00 144.00
v -36.00 28.00 160.00
v 36.00 28.00 160.00
v -36.00 28.00 144.00
v -36.00 -28.00 144.00
v -36.00 -28.00 160.00
v -36.00 28.00 160.00
v -61.50 -6.00 102.00
v -62.15 -2.75 102.00
v -62.15 -2.75 168.00
v -61.50 -6.00 168.00
v -62.15 -2.75 102.00
v -63.99 0.01 102.00
v -63.99 0.01 168.00
v -62.15 -2.75 168.00
v -63.99 0.01 102.00
v -66.75 1.85 102.00
v -66.75 1.85 168.00
v -63.99 0.01 168.00
v -66.75 1.85 102.00
v -70.00 2.50 102.00
v -70.00 2.50 168.00
v -66.75 1.85 168.00
v -70.00 2.50 102.00
v -73.25 1.85 102.00
v -73.25 1.85 168.00
v -70.00 2.50 168.00
v -73.25 1.85 102.00
v -76.01 0.01 102.00
v -76.01 0.01 168.00
v -73.25 1.85 168.00
v -76.01 0.01 102.00
v -77.85 -2.75 102.00
v -77.85 -2.75 168.00
v -76.01 0.01 168.00
v -77.85 -2.75 102.00
v -78.50 -6.00 102.00
v -78.50 -6.00 168.00
v -77.85 -2.75 168.00
v -78.50 -6.00 102.00
v -77.85 -9.25 102.00
v -77.85 -9.25 168.00
v -78.50 -6.00 168.00
v -77.85 -9.25 102.00
v -76.01 -12.01 102.00
v -76.01 -12.01 168.00
v -77.85 -9.25 168.00
v -76.01 -12.01 102.00
v -73.25 -13.85 102.00
v -73.25 -13.85 168.00
v -76.01 -12.01 168.00
v -73.25 -13.85 102.00
v -70.00 -14.50 102.00
v -70.00 -14.50 168.00
v -73.25 -13.85 168.00
v -70.00 -14.50 102.00
v -66.75 -13.85 102.00
v -66.75 -13.85 168.00
v -70.00 -14.50 168.00
v -66.75 -13.85 102.00
v -63.99 -12.01 102.00
v -63.99 -12.01 168.00
v -66.75 -13.85 168.00
v -63.99 -12.01 102.00
v -62.15 -9.25 102.00
v -62.15 -9.25 168.00
v -63.99 -12.01 168.00
v -62.15 -9.25 102.00
v -61.50 -6.00 102.00
v -61.50 -6.00 168.00
v -62.15 -9.25 168.00
v -61.50 -6.00 168.00
v -62.15 -2.75 168.00
v -63.99 0.01 168.00
v -66.75 1.85 168.00
v -70.00 2.50 168.00
v -73.25 1.85 168.00
v -76.01 0.01 168.00
v -77.85 -2.75 168.00
v -78.50 -6.00 168.00
v -77.85 -9.25 168.00
v -76.01 -12.01 168.00
v -73.25 -13.85 168.00
v -70.00 -14.50 168.00
v -66.75 -13.85 168.00
v -63.99 -12.01 168.00
v -62.15 -9.25 168.00
v -62.93 -5.25 164.40
v -61.43 -5.25 164.40
v -61.43 -6.75 164.40
v -62.93 -6.75 164.40
v -62.93 -6.75 166.00
v -61.43 -6.75 166.00
v -61.43 -5.25 166.00
v -62.93 -5.25 166.00
v -62.93 -6.75 164.40
v -61.43 -6.75 164.40
v -61.43 -6.75 166.00
v -62.93 -6.75 166.00
v -61.43 -6.75 164.40
v -61.43 -5.25 164.40
v -61.43 -5.25 166.00
v -61.43 -6.75 166.00
v -61.43 -5.25 164.40
v -62.93 -5.25 164.40
v -62.93 -5.25 166.00
v -61.43 -5.25 166.00
v -62.93 -5.25 164.40
v -62.93 -6.75 164.40
v -62.93 -6.75 166.00
v -62.93 -5.25 166.00
v -63.96 -2.26 164.40
v -62.60 -1.61 164.40
v -61.95 -2.96 164.40
v -63.30 -3.61 164.40
v -63.30 -3.61 166.00
v -61.95 -2.96 166.00
v -62.60 -1.61 166.00
v -63.96 -2.26 166.00
v -63.30 -3.61 164.40
v -61.95 -2.96 164.40
v -61.95 -2.96 166.00
v -63.30 -3.61 166.00
v -61.95 -2.96 164.40
v -62.60 -1.61 164.40
v -62.60 -1.61 166.00
v -61.95 -2.96 166.00
v -62.60 -1.61 164.40
v -63.96 -2.26 164.40
v -63.96 -2.26 166.00
v -62.60 -1.61 166.00
v -63.96 -2.26 164.40
v -63.30 -3.61 164.40
v -63.30 -3.61 166.00
v -63.96 -2.26 166.00
v -66.18 -0.01 164.40
v -65.24 1.17 164.40
v -64.07 0.23 164.40
v -65.01 -0.94 164.40
v -65.01 -0.94 166.00
v -64.07 0.23 166.00
v -65.24 1.17 166.00
v -66.18 -0.01 166.00
v -65.01 -0.94 164.40
v -64.07 0.23 164.40
v -64.07 0.23 166.00
v -65.01 -0.94 166.00
v -64.07 0.23 164.40
v -65.24 1.17 164.40
v -65.24 1.17 166.00
v -64.07 0.23 166.00
v -65.24 1.17 164.40
v -66.18 -0.01 164.40
v -66.18 -0.01 166.00
v -65.24 1.17 166.00
v -66.18 -0.01 164.40
v -65.01 -0.94 164.40
v -65.01 -0.94 166.00
v -66.18 -0.01 166.00
v -69.16 1.06 164.40
v -68.82 2.52 164.40
v -67.36 2.19 164.40
v -67.70 0.73 164.40
v -67.70 0.73 166.00
v -67.36 2.19 166.00
v -68.82 2.52 166.00
v -69.16 1.06 166.00
v -67.70 0.73 164.40
v -67.36 2.19 164.40
v -67.36 2.19 166.00
v -67.70 0.73 166.00
v -67.36 2.19 164.40
v -68.82 2.52 164.40
v -68.82 2.52 166.00
v -67.36 2.19 166.00
v -68.82 2.52 164.40
v -69.16 1.06 164.40
v -69.16 1.06 166.00
v -68.82 2.52 166.00
v -69.16 1.06 164.40
v -67.70 0.73 164.40
v -67.70 0.73 166.00
v -69.16 1.06 166.00
v -72.30 0.73 164.40
v -72.64 2.19 164.40
v -71.18 2.52 164.40
v -70.84 1.06 164.40
v -70.84 1.06 166.00
v -71.18 2.52 166.00
v -72.64 2.19 166.00
v -72.30 0.73 166.00
v -70.84 1.06 164.40
v -71.18 2.52 164.40
v -71.18 2.52 166.00
v -70.84 1.06 166.00
v -71.18 2.52 164.40
v -72.64 2.19 164.40
v -72.64 2.19 166.00
v -71.18 2.52 166.00
v -72.64 2.19 164.40
v -72.30 0.73 164.40
v -72.30 0.73 166.00
v -72.64 2.19 166.00
v -72.30 0.73 164.40
v -70.84 1.06 164.40
v -70.84 1.06 166.00
v -72.30 0.73 166.00
v -74.99 -0.94 164.40
v -75.93 0.23 164.40
v -74.76 1.17 164.40
v -73.82 -0.01 164.40
v -73.82 -0.01 166.00
v -74.76 1.17 166.00
v -75.93 0.23 166.00
v -74.99 -0.94 166.00
v -73.82 -0.01 164.40
v -74.76 1.17 164.40
v -74.76 1.17 166.00
v -73.82 -0.01 166.00
v -74.76 1.17 164.40
v -75.93 0.23 164.40
v -75.93 0.23 166.00
v -74.76 1.17 166.00
v -75.93 0.23 164.40
v -74.99 -0.94 164.40
v -74.99 -0.94 166.00
v -75.93 0.23 166.00
v -74.99 -0.94 164.40
v -73.82 -0.01 164.40
v -73.82 -0.01 166.00
v -74.99 -0.94 166.00
v -76.69 -3.61 164.40
v -78.05 -2.96 164.40
v -77.40 -1.61 164.40
v -76.04 -2.26 164.40
v -76.04 -2.26 166.00
v -77.40 -1.61 166.00
v -78.05 -2.96 166.00
v -76.69 -3.61 166.00
v -76.04 -2.26 164.40
v -77.40 -1.61 164.40
v -77.40 -1.61 166.00
v -76.04 -2.26 166.00
v -77.40 -1.61 164.40
v -78.05 -2.96 164.40
v -78.05 -2.96 166.00
v -77.40 -1.61 166.00
v -78.05 -2.96 164.40
v -76.69 -3.61 164.40
v -76.69 -3.61 166.00
v -78.05 -2.96 166.00
v -76.69 -3.61 164.40
v -76.04 -2.26 164.40
v -76.04 -2.26 166.00
v -76.69 -3.61 166.00
v -77.07 -6.75 164.40
v -78.57 -6.75 164.40
v -78.57 -5.25 164.40
v -77.07 -5.25 164.40
v -77.07 -5.25 166.00
v -78.57 -5.25 166.00
v -78.57 -6.75 166.00
v -77.07 -6.75 166.00
v -77.07 -5.25 164.40
v -78.57 -5.25 164.40
v -78.57 -5.25 166.00
v -77.07 -5.25 166.00
v -78.57 -5.25 164.40
v -78.57 -6.75 164.40
v -78.57 -6.75 166.00
v -78.57 -5.25 166.00
v -78.57 -6.75 164.40
v -77.07 -6.75 164.40
v -77.07 -6.75 166.00
v -78.57 -6.75 166.00
v -77.07 -6.75 164.40
v -77.07 -5.25 164.40
v -77.07 -5.25 166.00
v -77.07 -6.75 166.00
v -76.04 -9.74 164.40
v -77.40 -10.39 164.40
v -78.05 -9.04 164.40
v -76.69 -8.39 164.40
v -76.69 -8.39 166.00
v -78.05 -9.04 166.00
v -77.40 -10.39 166.00
v -76.04 -9.74 166.00
v -76.69 -8.39 164.40
v -78.05 -9.04 164.40
v -78.05 -9.04 166.00
v -76.69 -8.39 166.00
v -78.05 -9.04 164.40
v -77.40 -10.39 164.40
v -77.40 -10.39 166.00
v -78.05 -9.04 166.00
v -77.40 -10.39 164.40
v -76.04 -9.74 164.40
v -76.04 -9.74 166.00
v -77.40 -10.39 166.00
v -76.04 -9.74 164.40
v -76.69 -8.39 164.40
v -76.69 -8.39 166.00
v -76.04 -9.74 166.00
v -73.82 -11.99 164.40
v -74.76 -13.17 164.40
v -75.93 -12.23 164.40
v -74.99 -11.06 164.40
v -74.99 -11.06 166.00
v -75.93 -12.23 166.00
v -74.76 -13.17 166.00
v -73.82 -11.99 166.00
v -74.99 -11.06 164.40
v -75.93 -12.23 164.40
v -75.93 -12.23 166.00
v -74.99 -11.06 166.00
v -75.93 -12.23 164.40
v -74.76 -13.17 164.40
v -74.76 -13.17 166.00
v -75.93 -12.23 166.00
v -74.76 -13.17 164.40
v -73.82 -11.99 164.40
v -73.82 -11.99 166.00
v -74.76 -13.17 166.00
v -73.82 -11.99 164.40
v -74.99 -11.06 164.40
v -74.99 -11.06 166.00
v -73.82 -11.99 166.00
v -70.84 -13.06 164.40
v -71.18 -14.52 164.40
v -72.64 -14.19 164.40
v -72.30 -12.73 164.40
v -72.30 -12.73 166.00
v -72.64 -14.19 166.00
v -71.18 -14.52 166.00
v -70.84 -13.06 166.00
v -72.30 -12.73 164.40
v -72.64 -14.19 164.40
v -72.64 -14.19 166.00
v -72.30 -12.73 166.00
v -72.64 -14.19 164.40
v -71.18 -14.52 164.40
v -71.18 -14.52 166.00
v -72.64 -14.19 166.00
v -71.18 -14.52 164.40
v -70.84 -13.06 164.40
v -70.84 -13.06 166.00
v -71.18 -14.52 166.00
v -70.84 -13.06 164.40
v -72.30 -12.73 164.40
v -72.30 -12.73 166.00
v -70.84 -13.06 166.00
v -67.70 -12.73 164.40
v -67.36 -14.19 164.40
v -68.82 -14.52 164.40
v -69.16 -13.06 164.40
v -69.16 -13.06 166.00
v -68.82 -14.52 166.00
v -67.36 -14.19 166.00
v -67.70 -12.73 166.00
v -69.16 -13.06 164.40
v -68.82 -14.52 164.40
v -68.82 -14.52 166.00
v -69.16 -13.06 166.00
v -68.82 -14.52 164.40
v -67.36 -14.19 164.40
v -67.36 -14.19 166.00
v -68.82 -14.52 166.00
v -67.36 -14.19 164.40
v -67.70 -12.73 164.40
v -67.70 -12.73 166.00
v -67.36 -14.19 166.00
v -67.70 -12.73 164.40
v -69.16 -13.06 164.40
v -69.16 -13.06 166.00
v -67.70 -12.73 166.00
v -65.01 -11.06 164.40
v -64.07 -12.23 164.40
v -65.24 -13.17 164.40
v -66.18 -11.99 164.40
v -66.18 -11.99 166.00
v -65.24 -13.17 166.00
v -64.07 -12.23 166.00
v -65.01 -11.06 166.00
v -66.18 -11.99 164.40
v -65.24 -13.17 164.40
v -65.24 -13.17 166.00
v -66.18 -11.99 166.00
v -65.24 -13.17 164.40
v -64.07 -12.23 164.40
v -64.07 -12.23 166.00
v -65.24 -13.17 166.00
v -64.07 -12.23 164.40
v -65.01 -11.06 164.40
v -65.01 -11.06 166.00
v -64.07 -12.23 166.00
v -65.01 -11.06 164.40
v -66.18 -11.99 164.40
v -66.18 -11.99 166.00
v -65.01 -11.06 166.00
v -63.30 -8.39 164.40
v -61.95 -9.04 164.40
v -62.60 -10.39 164.40
v -63.96 -9.74 164.40
v -63.96 -9.74 166.00
v -62.60 -10.39 166.00
v -61.95 -9.04 166.00
v -63.30 -8.39 166.00
v -63.96 -9.74 164.40
v -62.60 -10.39 164.40
v -62.60 -10.39 166.00
v -63.96 -9.74 166.00
v -62.60 -10.39 164.40
v -61.95 -9.04 164.40
v -61.95 -9.04 166.00
v -62.60 -10.39 166.00
v -61.95 -9.04 164.40
v -63.30 -8.39 164.40
v -63.30 -8.39 166.00
v -61.95 -9.04 166.00
v -63.30 -8.39 164.40
v -63.96 -9.74 164.40
v -63.96 -9.74 166.00
v -63.30 -8.39 166.00
v -60.65 -6.00 166.00
v -61.58 -1.94 166.00
v -61.58 -1.94 168.40
v -60.65 -6.00 168.40
v -61.58 -1.94 166.00
v -64.17 1.31 166.00
v -64.17 1.31 168.40
v -61.58 -1.94 168.40
v -64.17 1.31 166.00
v -67.92 3.12 166.00
v -67.92 3.12 168.40
v -64.17 1.31 168.40
v -67.92 3.12 166.00
v -72.08 3.12 166.00
v -72.08 3.12 168.40
v -67.92 3.12 168.40
v -72.08 3.12 166.00
v -75.83 1.31 166.00
v -75.83 1.31 168.40
v -72.08 3.12 168.40
v -75.83 1.31 166.00
v -78.42 -1.94 166.00
v -78.42 -1.94 168.40
v -75.83 1.31 168.40
v -78.42 -1.94 166.00
v -79.35 -6.00 166.00
v -79.35 -6.00 168.40
v -78.42 -1.94 168.40
v -79.35 -6.00 166.00
v -78.42 -10.06 166.00
v -78.42 -10.06 168.40
v -79.35 -6.00 168.40
v -78.42 -10.06 166.00
v -75.83 -13.31 166.00
v -75.83 -13.31 168.40
v -78.42 -10.06 168.40
v -75.83 -13.31 166.00
v -72.08 -15.12 166.00
v -72.08 -15.12 168.40
v -75.83 -13.31 168.40
v -72.08 -15.12 166.00
v -67.92 -15.12 166.00
v -67.92 -15.12 168.40
v -72.08 -15.12 168.40
v -67.92 -15.12 166.00
v -64.17 -13.31 166.00
v -64.17 -13.31 168.40
v -67.92 -15.12 168.40
v -64.17 -13.31 166.00
v -61.58 -10.06 166.00
v -61.58 -10.06 168.40
v -64.17 -13.31 168.40
v -61.58 -10.06 166.00
v -60.65 -6.00 166.00
v -60.65 -6.00 168.40
v -61.58 -10.06 168.40
v 78.50 -6.00 102.00
v 77.85 -2.75 102.00
v 77.85 -2.75 168.00
v 78.50 -6.00 168.00
v 77.85 -2.75 102.00
v 76.01 0.01 102.00
v 76.01 0.01 168.00
v 77.85 -2.75 168.00
v 76.01 0.01 102.00
v 73.25 1.85 102.00
v 73.25 1.85 168.00
v 76.01 0.01 168.00
v 73.25 1.85 102.00
v 70.00 2.50 102.00
v 70.00 2.50 168.00
v 73.25 1.85 168.00
v 70.00 2.50 102.00
v 66.75 1.85 102.00
v 66.75 1.85 168.00
v 70.00 2.50 168.00
v 66.75 1.85 102.00
v 63.99 0.01 102.00
v 63.99 0.01 168.00
v 66.75 1.85 168.00
v 63.99 0.01 102.00
v 62.15 -2.75 102.00
v 62.15 -2.75 168.00
v 63.99 0.01 168.00
v 62.15 -2.75 102.00
v 61.50 -6.00 102.00
v 61.50 -6.00 168.00
v 62.15 -2.75 168.00
v 61.50 -6.00 102.00
v 62.15 -9.25 102.00
v 62.15 -9.25 168.00
v 61.50 -6.00 168.00
v 62.15 -9.25 102.00
v 63.99 -12.01 102.00
v 63.99 -12.01 168.00
v 62.15 -9.25 168.00
v 63.99 -12.01 102.00
v 66.75 -13.85 102.00
v 66.75 -13.85 168.00
v 63.99 -12.01 168.00
v 66.75 -13.85 102.00
v 70.00 -14.50 102.00
v 70.00 -14.50 168.00
v 66.75 -13.85 168.00
v 70.00 -14.50 102.00
v 73.25 -13.85 102.00
v 73.25 -13.85 168.00
v 70.00 -14.50 168.00
v 73.25 -13.85 102.00
v 76.01 -12.01 102.00
v 76.01 -12.01 168.00
v 73.25 -13.85 168.00
v 76.01 -12.01 102.00
v 77.85 -9.25 102.00
v 77.85 -9.25 168.00
v 76.01 -12.01 168.00
v 77.85 -9.25 102.00
v 78.50 -6.00 102.00
v 78.50 -6.00 168.00
v 77.85 -9.25 168.00
v 78.50 -6.00 168.00
v 77.85 -2.75 168.00
v 76.01 0.01 168.00
v 73.25 1.85 168.00
v 70.00 2.50 168.00
v 66.75 1.85 168.00
v 63.99 0.01 168.00
v 62.15 -2.75 168.00
v 61.50 -6.00 168.00
v 62.15 -9.25 168.00
v 63.99 -12.01 168.00
v 66.75 -13.85 168.00
v 70.00 -14.50 168.00
v 73.25 -13.85 168.00
v 76.01 -12.01 168.00
v 77.85 -9.25 168.00
v 77.07 -5.25 164.40
v 78.57 -5.25 164.40
v 78.57 -6.75 164.40
v 77.07 -6.75 164.40
v 77.07 -6.75 166.00
v 78.57 -6.75 166.00
v 78.57 -5.25 166.00
v 77.07 -5.25 166.00
v 77.07 -6.75 164.40
v 78.57 -6.75 164.40
v 78.57 -6.75 166.00
v 77.07 -6.75 166.00
v 78.57 -6.75 164.40
v 78.57 -5.25 164.40
v 78.57 -5.25 166.00
v 78.57 -6.75 166.00
v 78.57 -5.25 164.40
v 77.07 -5.25 164.40
v 77.07 -5.25 166.00
v 78.57 -5.25 166.00
v 77.07 -5.25 164.40
v 77.07 -6.75 164.40
v 77.07 -6.75 166.00
v 77.07 -5.25 166.00
v 76.04 -2.26 164.40
v 77.40 -1.61 164.40
v 78.05 -2.96 164.40
v 76.69 -3.61 164.40
v 76.69 -3.61 166.00
v 78.05 -2.96 166.00
v 77.40 -1.61 166.00
v 76.04 -2.26 166.00
v 76.69 -3.61 164.40
v 78.05 -2.96 164.40
v 78.05 -2.96 166.00
v 76.69 -3.61 166.00
v 78.05 -2.96 164.40
v 77.40 -1.61 164.40
v 77.40 -1.61 166.00
v 78.05 -2.96 166.00
v 77.40 -1.61 164.40
v 76.04 -2.26 164.40
v 76.04 -2.26 166.00
v 77.40 -1.61 166.00
v 76.04 -2.26 164.40
v 76.69 -3.61 164.40
v 76.69 -3.61 166.00
v 76.04 -2.26 166.00
v 73.82 -0.01 164.40
v 74.76 1.17 164.40
v 75.93 0.23 164.40
v 74.99 -0.94 164.40
v 74.99 -0.94 166.00
v 75.93 0.23 166.00
v 74.76 1.17 166.00
v 73.82 -0.01 166.00
v 74.99 -0.94 164.40
v 75.93 0.23 164.40
v 75.93 0.23 166.00
v 74.99 -0.94 166.00
v 75.93 0.23 164.40
v 74.76 1.17 164.40
v 74.76 1.17 166.00
v 75.93 0.23 166.00
v 74.76 1.17 164.40
v 73.82 -0.01 164.40
v 73.82 -0.01 166.00
v 74.76 1.17 166.00
v 73.82 -0.01 164.40
v 74.99 -0.94 164.40
v 74.99 -0.94 166.00
v 73.82 -0.01 166.00
v 70.84 1.06 164.40
v 71.18 2.52 164.40
v 72.64 2.19 164.40
v 72.30 0.73 164.40
v 72.30 0.73 166.00
v 72.64 2.19 166.00
v 71.18 2.52 166.00
v 70.84 1.06 166.00
v 72.30 0.73 164.40
v 72.64 2.19 164.40
v 72.64 2.19 166.00
v 72.30 0.73 166.00
v 72.64 2.19 164.40
v 71.18 2.52 164.40
v 71.18 2.52 166.00
v 72.64 2.19 166.00
v 71.18 2.52 164.40
v 70.84 1.06 164.40
v 70.84 1.06 166.00
v 71.18 2.52 166.00
v 70.84 1.06 164.40
v 72.30 0.73 164.40
v 72.30 0.73 166.00
v 70.84 1.06 166.00
v 67.70 0.73 164.40
v 67.36 2.19 164.40
v 68.82 2.52 164.40
v 69.16 1.06 164.40
v 69.16 1.06 166.00
v 68.82 2.52 166.00
v 67.36 2.19 166.00
v 67.70 0.73 166.00
v 69.16 1.06 164.40
v 68.82 2.52 164.40
v 68.82 2.52 166.00
v 69.16 1.06 166.00
v 68.82 2.52 164.40
v 67.36 2.19 164.40
v 67.36 2.19 166.00
v 68.82 2.52 166.00
v 67.36 2.19 164.40
v 67.70 0.73 164.40
v 67.70 0.73 166.00
v 67.36 2.19 166.00
v 67.70 0.73 164.40
v 69.16 1.06 164.40
v 69.16 1.06 166.00
v 67.70 0.73 166.00
v 65.01 -0.94 164.40
v 64.07 0.23 164.40
v 65.24 1.17 164.40
v 66.18 -0.01 164.40
v 66.18 -0.01 166.00
v 65.24 1.17 166.00
v 64.07 0.23 166.00
v 65.01 -0.94 166.00
v 66.18 -0.01 164.40
v 65.24 1.17 164.40
v 65.24 1.17 166.00
v 66.18 -0.01 166.00
v 65.24 1.17 164.40
v 64.07 0.23 164.40
v 64.07 0.23 166.00
v 65.24 1.17 166.00
v 64.07 0.23 164.40
v 65.01 -0.94 164.40
v 65.01 -0.94 166.00
v 64.07 0.23 166.00
v 65.01 -0.94 164.40
v 66.18 -0.01 164.40
v 66.18 -0.01 166.00
v 65.01 -0.94 166.00
v 63.30 -3.61 164.40
v 61.95 -2.96 164.40
v 62.60 -1.61 164.40
v 63.96 -2.26 164.40
v 63.96 -2.26 166.00
v 62.60 -1.61 166.00
v 61.95 -2.96 166.00
v 63.30 -3.61 166.00
v 63.96 -2.26 164.40
v 62.60 -1.61 164.40
v 62.60 -1.61 166.00
v 63.96 -2.26 166.00
v 62.60 -1.61 164.40
v 61.95 -2.96 164.40
v 61.95 -2.96 166.00
v 62.60 -1.61 166.00
v 61.95 -2.96 164.40
v 63.30 -3.61 164.40
v 63.30 -3.61 166.00
v 61.95 -2.96 166.00
v 63.30 -3.61 164.40
v 63.96 -2.26 164.40
v 63.96 -2.26 166.00
v 63.30 -3.61 166.00
v 62.93 -6.75 164.40
v 61.43 -6.75 164.40
v 61.43 -5.25 164.40
v 62.93 -5.25 164.40
v 62.93 -5.25 166.00
v 61.43 -5.25 166.00
v 61.43 -6.75 166.00
v 62.93 -6.75 166.00
v 62.93 -5.25 164.40
v 61.43 -5.25 164.40
v 61.43 -5.25 166.00
v 62.93 -5.25 166.00
v 61.43 -5.25 164.40
v 61.43 -6.75 164.40
v 61.43 -6.75 166.00
v 61.43 -5.25 166.00
v 61.43 -6.75 164.40
v 62.93 -6.75 164.40
v 62.93 -6.75 166.00
v 61.43 -6.75 166.00
v 62.93 -6.75 164.40
v 62.93 -5.25 164.40
v 62.93 -5.25 166.00
v 62.93 -6.75 166.00
v 63.96 -9.74 164.40
v 62.60 -10.39 164.40
v 61.95 -9.04 164.40
v 63.30 -8.39 164.40
v 63.30 -8.39 166.00
v 61.95 -9.04 166.00
v 62.60 -10.39 166.00
v 63.96 -9.74 166.00
v 63.30 -8.39 164.40
v 61.95 -9.04 164.40
v 61.95 -9.04 166.00
v 63.30 -8.39 166.00
v 61.95 -9.04 164.40
v 62.60 -10.39 164.40
v 62.60 -10.39 166.00
v 61.95 -9.04 166.00
v 62.60 -10.39 164.40
v 63.96 -9.74 164.40
v 63.96 -9.74 166.00
v 62.60 -10.39 166.00
v 63.96 -9.74 164.40
v 63.30 -8.39 164.40
v 63.30 -8.39 166.00
v 63.96 -9.74 166.00
v 66.18 -11.99 164.40
v 65.24 -13.17 164.40
v 64.07 -12.23 164.40
v 65.01 -11.06 164.40
v 65.01 -11.06 166.00
v 64.07 -12.23 166.00
v 65.24 -13.17 166.00
v 66.18 -11.99 166.00
v 65.01 -11.06 164.40
v 64.07 -12.23 164.40
v 64.07 -12.23 166.00
v 65.01 -11.06 166.00
v 64.07 -12.23 164.40
v 65.24 -13.17 164.40
v 65.24 -13.17 166.00
v 64.07 -12.23 166.00
v 65.24 -13.17 164.40
v 66.18 -11.99 164.40
v 66.18 -11.99 166.00
v 65.24 -13.17 166.00
v 66.18 -11.99 164.40
v 65.01 -11.06 164.40
v 65.01 -11.06 166.00
v 66.18 -11.99 166.00
v 69.16 -13.06 164.40
v 68.82 -14.52 164.40
v 67.36 -14.19 164.40
v 67.70 -12.73 164.40
v 67.70 -12.73 166.00
v 67.36 -14.19 166.00
v 68.82 -14.52 166.00
v 69.16 -13.06 166.00
v 67.70 -12.73 164.40
v 67.36 -14.19 164.40
v 67.36 -14.19 166.00
v 67.70 -12.73 166.00
v 67.36 -14.19 164.40
v 68.82 -14.52 164.40
v 68.82 -14.52 166.00
v 67.36 -14.19 166.00
v 68.82 -14.52 164.40
v 69.16 -13.06 164.40
v 69.16 -13.06 166.00
v 68.82 -14.52 166.00
v 69.16 -13.06 164.40
v 67.70 -12.73 164.40
v 67.70 -12.73 166.00
v 69.16 -13.06 166.00
v 72.30 -12.73 164.40
v 72.64 -14.19 164.40
v 71.18 -14.52 164.40
v 70.84 -13.06 164.40
v 70.84 -13.06 166.00
v 71.18 -14.52 166.00
v 72.64 -14.19 166.00
v 72.30 -12.73 166.00
v 70.84 -13.06 164.40
v 71.18 -14.52 164.40
v 71.18 -14.52 166.00
v 70.84 -13.06 166.00
v 71.18 -14.52 164.40
v 72.64 -14.19 164.40
v 72.64 -14.19 166.00
v 71.18 -14.52 166.00
v 72.64 -14.19 164.40
v 72.30 -12.73 164.40
v 72.30 -12.73 166.00
v 72.64 -14.19 166.00
v 72.30 -12.73 164.40
v 70.84 -13.06 164.40
v 70.84 -13.06 166.00
v 72.30 -12.73 166.00
v 74.99 -11.06 164.40
v 75.93 -12.23 164.40
v 74.76 -13.17 164.40
v 73.82 -11.99 164.40
v 73.82 -11.99 166.00
v 74.76 -13.17 166.00
v 75.93 -12.23 166.00
v 74.99 -11.06 166.00
v 73.82 -11.99 164.40
v 74.76 -13.17 164.40
v 74.76 -13.17 166.00
v 73.82 -11.99 166.00
v 74.76 -13.17 164.40
v 75.93 -12.23 164.40
v 75.93 -12.23 166.00
v 74.76 -13.17 166.00
v 75.93 -12.23 164.40
v 74.99 -11.06 164.40
v 74.99 -11.06 166.00
v 75.93 -12.23 166.00
v 74.99 -11.06 164.40
v 73.82 -11.99 164.40
v 73.82 -11.99 166.00
v 74.99 -11.06 166.00
v 76.69 -8.39 164.40
v 78.05 -9.04 164.40
v 77.40 -10.39 164.40
v 76.04 -9.74 164.40
v 76.04 -9.74 166.00
v 77.40 -10.39 166.00
v 78.05 -9.04 166.00
v 76.69 -8.39 166.00
v 76.04 -9.74 164.40
v 77.40 -10.39 164.40
v 77.40 -10.39 166.00
v 76.04 -9.74 166.00
v 77.40 -10.39 164.40
v 78.05 -9.04 164.40
v 78.05 -9.04 166.00
v 77.40 -10.39 166.00
v 78.05 -9.04 164.40
v 76.69 -8.39 164.40
v 76.69 -8.39 166.00
v 78.05 -9.04 166.00
v 76.69 -8.39 164.40
v 76.04 -9.74 164.40
v 76.04 -9.74 166.00
v 76.69 -8.39 166.00
v 79.35 -6.00 166.00
v 78.42 -1.94 166.00
v 78.42 -1.94 168.40
v 79.35 -6.00 168.40
v 78.42 -1.94 166.00
v 75.83 1.31 166.00
v 75.83 1.31 168.40
v 78.42 -1.94 168.40
v 75.83 1.31 166.00
v 72.08 3.12 166.00
v 72.08 3.12 168.40
v 75.83 1.31 168.40
v 72.08 3.12 166.00
v 67.92 3.12 166.00
v 67.92 3.12 168.40
v 72.08 3.12 168.40
v 67.92 3.12 166.00
v 64.17 1.31 166.00
v 64.17 1.31 168.40
v 67.92 3.12 168.40
v 64.17 1.31 166.00
v 61.58 -1.94 166.00
v 61.58 -1.94 168.40
v 64.17 1.31 168.40
v 61.58 -1.94 166.00
v 60.65 -6.00 166.00
v 60.65 -6.00 168.40
v 61.58 -1.94 168.40
v 60.65 -6.00 166.00
v 61.58 -10.06 166.00
v 61.58 -10.06 168.40
v 60.65 -6.00 168.40
v 61.58 -10.06 166.00
v 64.17 -13.31 166.00
v 64.17 -13.31 168.40
v 61.58 -10.06 168.40
v 64.17 -13.31 166.00
v 67.92 -15.12 166.00
v 67.92 -15.12 168.40
v 64.17 -13.31 168.40
v 67.92 -15.12 166.00
v 72.08 -15.12 166.00
v 72.08 -15.12 168.40
v 67.92 -15.12 168.40
v 72.08 -15.12 166.00
v 75.83 -13.31 166.00
v 75.83 -13.31 168.40
v 72.08 -15.12 168.40
v 75.83 -13.31 166.00
v 78.42 -10.06 166.00
v 78.42 -10.06 168.40
v 75.83 -13.31 168.40
v 78.42 -10.06 166.00
v 79.35 -6.00 166.00
v 79.35 -6.00 168.40
v 78.42 -10.06 168.40
v -16.00 16.00 142.00
v 16.00 16.00 142.00
v 16.00 -16.00 142.00
v -16.00 -16.00 142.00
v -16.00 -16.00 200.00
v 16.00 -16.00 200.00
v 16.00 16.00 200.00
v -16.00 16.00 200.00
v -16.00 -16.00 142.00
v 16.00 -16.00 142.00
v 16.00 -16.00 200.00
v -16.00 -16.00 200.00
v 16.00 -16.00 142.00
v 16.00 16.00 142.00
v 16.00 16.00 200.00
v 16.00 -16.00 200.00
v 16.00 16.00 142.00
v -16.00 16.00 142.00
v -16.00 16.00 200.00
v 16.00 16.00 200.00
v -16.00 16.00 142.00
v -16.00 -16.00 142.00
v -16.00 -16.00 200.00
v -16.00 16.00 200.00
v -49.40 32.00 128.00
v -50.28 34.70 128.00
v -50.28 34.70 176.00
v -49.40 32.00 176.00
v -50.28 34.70 128.00
v -52.58 36.38 128.00
v -52.58 36.38 176.00
v -50.28 34.70 176.00
v -52.58 36.38 128.00
v -55.42 36.38 128.00
v -55.42 36.38 176.00
v -52.58 36.38 176.00
v -55.42 36.38 128.00
v -57.72 34.70 128.00
v -57.72 34.70 176.00
v -55.42 36.38 176.00
v -57.72 34.70 128.00
v -58.60 32.00 128.00
v -58.60 32.00 176.00
v -57.72 34.70 176.00
v -58.60 32.00 128.00
v -57.72 29.30 128.00
v -57.72 29.30 176.00
v -58.60 32.00 176.00
v -57.72 29.30 128.00
v -55.42 27.62 128.00
v -55.42 27.62 176.00
v -57.72 29.30 176.00
v -55.42 27.62 128.00
v -52.58 27.62 128.00
v -52.58 27.62 176.00
v -55.42 27.62 176.00
v -52.58 27.62 128.00
v -50.28 29.30 128.00
v -50.28 29.30 176.00
v -52.58 27.62 176.00
v -50.28 29.30 128.00
v -49.40 32.00 128.00
v -49.40 32.00 176.00
v -50.28 29.30 176.00
v -49.40 32.00 176.00
v -50.28 34.70 176.00
v -52.58 36.38 176.00
v -55.42 36.38 176.00
v -57.72 34.70 176.00
v -58.60 32.00 176.00
v -57.72 29.30 176.00
v -55.42 27.62 176.00
v -52.58 27.62 176.00
v -50.28 29.30 176.00
v 58.60 32.00 128.00
v 57.72 34.70 128.00
v 57.72 34.70 176.00
v 58.60 32.00 176.00
v 57.72 34.70 128.00
v 55.42 36.38 128.00
v 55.42 36.38 176.00
v 57.72 34.70 176.00
v 55.42 36.38 128.00
v 52.58 36.38 128.00
v 52.58 36.38 176.00
v 55.42 36.38 176.00
v 52.58 36.38 128.00
v 50.28 34.70 128.00
v 50.28 34.70 176.00
v 52.58 36.38 176.00
v 50.28 34.70 128.00
v 49.40 32.00 128.00
v 49.40 32.00 176.00
v 50.28 34.70 176.00
v 49.40 32.00 128.00
v 50.28 29.30 128.00
v 50.28 29.30 176.00
v 49.40 32.00 176.00
v 50.28 29.30 128.00
v 52.58 27.62 128.00
v 52.58 27.62 176.00
v 50.28 29.30 176.00
v 52.58 27.62 128.00
v 55.42 27.62 128.00
v 55.42 27.62 176.00
v 52.58 27.62 176.00
v 55.42 27.62 128.00
v 57.72 29.30 128.00
v 57.72 29.30 176.00
v 55.42 27.62 176.00
v 57.72 29.30 128.00
v 58.60 32.00 128.00
v 58.60 32.00 176.00
v 57.72 29.30 176.00
v 58.60 32.00 176.00
v 57.72 34.70 176.00
v 55.42 36.38 176.00
v 52.58 36.38 176.00
v 50.28 34.70 176.00
v 49.40 32.00 176.00
v 50.28 29.30 176.00
v 52.58 27.62 176.00
v 55.42 27.62 176.00
v 57.72 29.30 176.00
v -49.40 -34.00 128.00
v -50.28 -31.30 128.00
v -50.28 -31.30 176.00
v -49.40 -34.00 176.00
v -50.28 -31.30 128.00
v -52.58 -29.62 128.00
v -52.58 -29.62 176.00
v -50.28 -31.30 176.00
v -52.58 -29.62 128.00
v -55.42 -29.62 128.00
v -55.42 -29.62 176.00
v -52.58 -29.62 176.00
v -55.42 -29.62 128.00
v -57.72 -31.30 128.00
v -57.72 -31.30 176.00
v -55.42 -29.62 176.00
v -57.72 -31.30 128.00
v -58.60 -34.00 128.00
v -58.60 -34.00 176.00
v -57.72 -31.30 176.00
v -58.60 -34.00 128.00
v -57.72 -36.70 128.00
v -57.72 -36.70 176.00
v -58.60 -34.00 176.00
v -57.72 -36.70 128.00
v -55.42 -38.38 128.00
v -55.42 -38.38 176.00
v -57.72 -36.70 176.00
v -55.42 -38.38 128.00
v -52.58 -38.38 128.00
v -52.58 -38.38 176.00
v -55.42 -38.38 176.00
v -52.58 -38.38 128.00
v -50.28 -36.70 128.00
v -50.28 -36.70 176.00
v -52.58 -38.38 176.00
v -50.28 -36.70 128.00
v -49.40 -34.00 128.00
v -49.40 -34.00 176.00
v -50.28 -36.70 176.00
v -49.40 -34.00 176.00
v -50.28 -31.30 176.00
v -52.58 -29.62 176.00
v -55.42 -29.62 176.00
v -57.72 -31.30 176.00
v -58.60 -34.00 176.00
v -57.72 -36.70 176.00
v -55.42 -38.38 176.00
v -52.58 -38.38 176.00
v -50.28 -36.70 176.00
v 58.60 -34.00 128.00
v 57.72 -31.30 128.00
v 57.72 -31.30 176.00
v 58.60 -34.00 176.00
v 57.72 -31.30 128.00
v 55.42 -29.62 128.00
v 55.42 -29.62 176.00
v 57.72 -31.30 176.00
v 55.42 -29.62 128.00
v 52.58 -29.62 128.00
v 52.58 -29.62 176.00
v 55.42 -29.62 176.00
v 52.58 -29.62 128.00
v 50.28 -31.30 128.00
v 50.28 -31.30 176.00
v 52.58 -29.62 176.00
v 50.28 -31.30 128.00
v 49.40 -34.00 128.00
v 49.40 -34.00 176.00
v 50.28 -31.30 176.00
v 49.40 -34.00 128.00
v 50.28 -36.70 128.00
v 50.28 -36.70 176.00
v 49.40 -34.00 176.00
v 50.28 -36.70 128.00
v 52.58 -38.38 128.00
v 52.58 -38.38 176.00
v 50.28 -36.70 176.00
v 52.58 -38.38 128.00
v 55.42 -38.38 128.00
v 55.42 -38.38 176.00
v 52.58 -38.38 176.00
v 55.42 -38.38 128.00
v 57.72 -36.70 128.00
v 57.72 -36.70 176.00
v 55.42 -38.38 176.00
v 57.72 -36.70 128.00
v 58.60 -34.00 128.00
v 58.60 -34.00 176.00
v 57.72 -36.70 176.00
v 58.60 -34.00 176.00
v 57.72 -31.30 176.00
v 55.42 -29.62 176.00
v 52.58 -29.62 176.00
v 50.28 -31.30 176.00
v 49.40 -34.00 176.00
v 50.28 -36.70 176.00
v 52.58 -38.38 176.00
v 55.42 -38.38 176.00
v 57.72 -36.70 176.00
v -24.80 36.00 128.00
v -25.41 37.88 128.00
v -25.41 37.88 164.00
v -24.80 36.00 164.00
v -25.41 37.88 128.00
v -27.01 39.04 128.00
v -27.01 39.04 164.00
v -25.41 37.88 164.00
v -27.01 39.04 128.00
v -28.99 39.04 128.00
v -28.99 39.04 164.00
v -27.01 39.04 164.00
v -28.99 39.04 128.00
v -30.59 37.88 128.00
v -30.59 37.88 164.00
v -28.99 39.04 164.00
v -30.59 37.88 128.00
v -31.20 36.00 128.00
v -31.20 36.00 164.00
v -30.59 37.88 164.00
v -31.20 36.00 128.00
v -30.59 34.12 128.00
v -30.59 34.12 164.00
v -31.20 36.00 164.00
v -30.59 34.12 128.00
v -28.99 32.96 128.00
v -28.99 32.96 164.00
v -30.59 34.12 164.00
v -28.99 32.96 128.00
v -27.01 32.96 128.00
v -27.01 32.96 164.00
v -28.99 32.96 164.00
v -27.01 32.96 128.00
v -25.41 34.12 128.00
v -25.41 34.12 164.00
v -27.01 32.96 164.00
v -25.41 34.12 128.00
v -24.80 36.00 128.00
v -24.80 36.00 164.00
v -25.41 34.12 164.00
v -24.80 36.00 164.00
v -25.41 37.88 164.00
v -27.01 39.04 164.00
v -28.99 39.04 164.00
v -30.59 37.88 164.00
v -31.20 36.00 164.00
v -30.59 34.12 164.00
v -28.99 32.96 164.00
v -27.01 32.96 164.00
v -25.41 34.12 164.00
v 31.20 36.00 128.00
v 30.59 37.88 128.00
v 30.59 37.88 164.00
v 31.20 36.00 164.00
v 30.59 37.88 128.00
v 28.99 39.04 128.00
v 28.99 39.04 164.00
v 30.59 37.88 164.00
v 28.99 39.04 128.00
v 27.01 39.04 128.00
v 27.01 39.04 164.00
v 28.99 39.04 164.00
v 27.01 39.04 128.00
v 25.41 37.88 128.00
v 25.41 37.88 164.00
v 27.01 39.04 164.00
v 25.41 37.88 128.00
v 24.80 36.00 128.00
v 24.80 36.00 164.00
v 25.41 37.88 164.00
v 24.80 36.00 128.00
v 25.41 34.12 128.00
v 25.41 34.12 164.00
v 24.80 36.00 164.00
v 25.41 34.12 128.00
v 27.01 32.96 128.00
v 27.01 32.96 164.00
v 25.41 34.12 164.00
v 27.01 32.96 128.00
v 28.99 32.96 128.00
v 28.99 32.96 164.00
v 27.01 32.96 164.00
v 28.99 32.96 128.00
v 30.59 34.12 128.00
v 30.59 34.12 164.00
v 28.99 32.96 164.00
v 30.59 34.12 128.00
v 31.20 36.00 128.00
v 31.20 36.00 164.00
v 30.59 34.12 164.00
v 31.20 36.00 164.00
v 30.59 37.88 164.00
v 28.99 39.04 164.00
v 27.01 39.04 164.00
v 25.41 37.88 164.00
v 24.80 36.00 164.00
v 25.41 34.12 164.00
v 27.01 32.96 164.00
v 28.99 32.96 164.00
v 30.59 34.12 164.00
v -24.80 -38.00 128.00
v -25.41 -36.12 128.00
v -25.41 -36.12 164.00
v -24.80 -38.00 164.00
v -25.41 -36.12 128.00
v -27.01 -34.96 128.00
v -27.01 -34.96 164.00
v -25.41 -36.12 164.00
v -27.01 -34.96 128.00
v -28.99 -34.96 128.00
v -28.99 -34.96 164.00
v -27.01 -34.96 164.00
v -28.99 -34.96 128.00
v -30.59 -36.12 128.00
v -30.59 -36.12 164.00
v -28.99 -34.96 164.00
v -30.59 -36.12 128.00
v -31.20 -38.00 128.00
v -31.20 -38.00 164.00
v -30.59 -36.12 164.00
v -31.20 -38.00 128.00
v -30.59 -39.88 128.00
v -30.59 -39.88 164.00
v -31.20 -38.00 164.00
v -30.59 -39.88 128.00
v -28.99 -41.04 128.00
v -28.99 -41.04 164.00
v -30.59 -39.88 164.00
v -28.99 -41.04 128.00
v -27.01 -41.04 128.00
v -27.01 -41.04 164.00
v -28.99 -41.04 164.00
v -27.01 -41.04 128.00
v -25.41 -39.88 128.00
v -25.41 -39.88 164.00
v -27.01 -41.04 164.00
v -25.41 -39.88 128.00
v -24.80 -38.00 128.00
v -24.80 -38.00 164.00
v -25.41 -39.88 164.00
v -24.80 -38.00 164.00
v -25.41 -36.12 164.00
v -27.01 -34.96 164.00
v -28.99 -34.96 164.00
v -30.59 -36.12 164.00
v -31.20 -38.00 164.00
v -30.59 -39.88 164.00
v -28.99 -41.04 164.00
v -27.01 -41.04 164.00
v -25.41 -39.88 164.00
v 31.20 -38.00 128.00
v 30.59 -36.12 128.00
v 30.59 -36.12 164.00
v 31.20 -38.00 164.00
v 30.59 -36.12 128.00
v 28.99 -34.96 128.00
v 28.99 -34.96 164.00
v 30.59 -36.12 164.00
v 28.99 -34.96 128.00
v 27.01 -34.96 128.00
v 27.01 -34.96 164.00
v 28.99 -34.96 164.00
v 27.01 -34.96 128.00
v 25.41 -36.12 128.00
v 25.41 -36.12 164.00
v 27.01 -34.96 164.00
v 25.41 -36.12 128.00
v 24.80 -38.00 128.00
v 24.80 -38.00 164.00
v 25.41 -36.12 164.00
v 24.80 -38.00 128.00
v 25.41 -39.88 128.00
v 25.41 -39.88 164.00
v 24.80 -38.00 164.00
v 25.41 -39.88 128.00
v 27.01 -41.04 128.00
v 27.01 -41.04 164.00
v 25.41 -39.88 164.00
v 27.01 -41.04 128.00
v 28.99 -41.04 128.00
v 28.99 -41.04 164.00
v 27.01 -41.04 164.00
v 28.99 -41.04 128.00
v 30.59 -39.88 128.00
v 30.59 -39.88 164.00
v 28.99 -41.04 164.00
v 30.59 -39.88 128.00
v 31.20 -38.00 128.00
v 31.20 -38.00 164.00
v 30.59 -39.88 164.00
v 31.20 -38.00 164.00
v 30.59 -36.12 164.00
v 28.99 -34.96 164.00
v 27.01 -34.96 164.00
v 25.41 -36.12 164.00
v 24.80 -38.00 164.00
v 25.41 -39.88 164.00
v 27.01 -41.04 164.00
v 28.99 -41.04 164.00
v 30.59 -39.88 164.00
v -60.00 -42.00 124.00
v -55.80 -42.00 124.00
v -55.80 -54.00 140.00
v -60.00 -54.00 140.00
v -60.00 42.00 124.00
v -55.80 42.00 124.00
v -55.80 54.00 140.00
v -60.00 54.00 140.00
v -50.80 -42.00 124.00
v -46.60 -42.00 124.00
v -46.60 -54.00 140.00
v -50.80 -54.00 140.00
v -50.80 42.00 124.00
v -46.60 42.00 124.00
v -46.60 54.00 140.00
v -50.80 54.00 140.00
v -41.60 -42.00 124.00
v -37.40 -42.00 124.00
v -37.40 -54.00 140.00
v -41.60 -54.00 140.00
v -41.60 42.00 124.00
v -37.40 42.00 124.00
v -37.40 54.00 140.00
v -41.60 54.00 140.00
v -32.40 -42.00 124.00
v -28.20 -42.00 124.00
v -28.20 -54.00 140.00
v -32.40 -54.00 140.00
v -32.40 42.00 124.00
v -28.20 42.00 124.00
v -28.20 54.00 140.00
v -32.40 54.00 140.00
v -23.20 -42.00 124.00
v -19.00 -42.00 124.00
v -19.00 -54.00 140.00
v -23.20 -54.00 140.00
v -23.20 42.00 124.00
v -19.00 42.00 124.00
v -19.00 54.00 140.00
v -23.20 54.00 140.00
v -14.00 -42.00 124.00
v -9.80 -42.00 124.00
v -9.80 -54.00 140.00
v -14.00 -54.00 140.00
v -14.00 42.00 124.00
v -9.80 42.00 124.00
v -9.80 54.00 140.00
v -14.00 54.00 140.00
v -4.80 -42.00 124.00
v -0.60 -42.00 124.00
v -0.60 -54.00 140.00
v -4.80 -54.00 140.00
v -4.80 42.00 124.00
v -0.60 42.00 124.00
v -0.60 54.00 140.00
v -4.80 54.00 140.00
v 4.40 -42.00 124.00
v 8.60 -42.00 124.00
v 8.60 -54.00 140.00
v 4.40 -54.00 140.00
v 4.40 42.00 124.00
v 8.60 42.00 124.00
v 8.60 54.00 140.00
v 4.40 54.00 140.00
v 13.60 -42.00 124.00
v 17.80 -42.00 124.00
v 17.80 -54.00 140.00
v 13.60 -54.00 140.00
v 13.60 42.00 124.00
v 17.80 42.00 124.00
v 17.80 54.00 140.00
v 13.60 54.00 140.00
v 22.80 -42.00 124.00
v 27.00 -42.00 124.00
v 27.00 -54.00 140.00
v 22.80 -54.00 140.00
v 22.80 42.00 124.00
v 27.00 42.00 124.00
v 27.00 54.00 140.00
v 22.80 54.00 140.00
v 32.00 -42.00 124.00
v 36.20 -42.00 124.00
v 36.20 -54.00 140.00
v 32.00 -54.00 140.00
v 32.00 42.00 124.00
v 36.20 42.00 124.00
v 36.20 54.00 140.00
v 32.00 54.00 140.00
v 41.20 -42.00 124.00
v 45.40 -42.00 124.00
v 45.40 -54.00 140.00
v 41.20 -54.00 140.00
v 41.20 42.00 124.00
v 45.40 42.00 124.00
v 45.40 54.00 140.00
v 41.20 54.00 140.00
v 50.40 -42.00 124.00
v 54.60 -42.00 124.00
v 54.60 -54.00 140.00
v 50.40 -54.00 140.00
v 50.40 42.00 124.00
v 54.60 42.00 124.00
v 54.60 54.00 140.00
v 50.40 54.00 140.00
v 59.60 -42.00 124.00
v 63.80 -42.00 124.00
v 63.80 -54.00 140.00
v 59.60 -54.00 140.00
v 59.60 42.00 124.00
v 63.80 42.00 124.00
v 63.80 54.00 140.00
v 59.60 54.00 140.00

usemtl mat_window
v -50.27 -41.88 121.20
v -42.53 -41.88 121.20
v -42.53 -42.52 121.20
v -50.27 -42.52 121.20
v -50.27 -42.52 126.40
v -42.53 -42.52 126.40
v -42.53 -41.88 126.40
v -50.27 -41.88 126.40
v -50.27 -42.52 121.20
v -42.53 -42.52 121.20
v -42.53 -42.52 126.40
v -50.27 -42.52 126.40
v -42.53 -42.52 121.20
v -42.53 -41.88 121.20
v -42.53 -41.88 126.40
v -42.53 -42.52 126.40
v -42.53 -41.88 121.20
v -50.27 -41.88 121.20
v -50.27 -41.88 126.40
v -42.53 -41.88 126.40
v -50.27 -41.88 121.20
v -50.27 -42.52 121.20
v -50.27 -42.52 126.40
v -50.27 -41.88 126.40
v -34.80 -41.88 121.20
v -27.07 -41.88 121.20
v -27.07 -42.52 121.20
v -34.80 -42.52 121.20
v -34.80 -42.52 126.40
v -27.07 -42.52 126.40
v -27.07 -41.88 126.40
v -34.80 -41.88 126.40
v -34.80 -42.52 121.20
v -27.07 -42.52 121.20
v -27.07 -42.52 126.40
v -34.80 -42.52 126.40
v -27.07 -42.52 121.20
v -27.07 -41.88 121.20
v -27.07 -41.88 126.40
v -27.07 -42.52 126.40
v -27.07 -41.88 121.20
v -34.80 -41.88 121.20
v -34.80 -41.88 126.40
v -27.07 -41.88 126.40
v -34.80 -41.88 121.20
v -34.80 -42.52 121.20
v -34.80 -42.52 126.40
v -34.80 -41.88 126.40
v -19.33 -41.88 121.20
v -11.60 -41.88 121.20
v -11.60 -42.52 121.20
v -19.33 -42.52 121.20
v -19.33 -42.52 126.40
v -11.60 -42.52 126.40
v -11.60 -41.88 126.40
v -19.33 -41.88 126.40
v -19.33 -42.52 121.20
v -11.60 -42.52 121.20
v -11.60 -42.52 126.40
v -19.33 -42.52 126.40
v -11.60 -42.52 121.20
v -11.60 -41.88 121.20
v -11.60 -41.88 126.40
v -11.60 -42.52 126.40
v -11.60 -41.88 121.20
v -19.33 -41.88 121.20
v -19.33 -41.88 126.40
v -11.60 -41.88 126.40
v -19.33 -41.88 121.20
v -19.33 -42.52 121.20
v -19.33 -42.52 126.40
v -19.33 -41.88 126.40
v -3.87 -41.88 121.20
v 3.87 -41.88 121.20
v 3.87 -42.52 121.20
v -3.87 -42.52 121.20
v -3.87 -42.52 126.40
v 3.87 -42.52 126.40
v 3.87 -41.88 126.40
v -3.87 -41.88 126.40
v -3.87 -42.52 121.20
v 3.87 -42.52 121.20
v 3.87 -42.52 126.40
v -3.87 -42.52 126.40
v 3.87 -42.52 121.20
v 3.87 -41.88 121.20
v 3.87 -41.88 126.40
v 3.87 -42.52 126.40
v 3.87 -41.88 121.20
v -3.87 -41.88 121.20
v -3.87 -41.88 126.40
v 3.87 -41.88 126.40
v -3.87 -41.88 121.20
v -3.87 -42.52 121.20
v -3.87 -42.52 126.40
v -3.87 -41.88 126.40
v 11.60 -41.88 121.20
v 19.33 -41.88 121.20
v 19.33 -42.52 121.20
v 11.60 -42.52 121.20
v 11.60 -42.52 126.40
v 19.33 -42.52 126.40
v 19.33 -41.88 126.40
v 11.60 -41.88 126.40
v 11.60 -42.52 121.20
v 19.33 -42.52 121.20
v 19.33 -42.52 126.40
v 11.60 -42.52 126.40
v 19.33 -42.52 121.20
v 19.33 -41.88 121.20
v 19.33 -41.88 126.40
v 19.33 -42.52 126.40
v 19.33 -41.88 121.20
v 11.60 -41.88 121.20
v 11.60 -41.88 126.40
v 19.33 -41.88 126.40
v 11.60 -41.88 121.20
v 11.60 -42.52 121.20
v 11.60 -42.52 126.40
v 11.60 -41.88 126.40
v 27.07 -41.88 121.20
v 34.80 -41.88 121.20
v 34.80 -42.52 121.20
v 27.07 -42.52 121.20
v 27.07 -42.52 126.40
v 34.80 -42.52 126.40
v 34.80 -41.88 126.40
v 27.07 -41.88 126.40
v 27.07 -42.52 121.20
v 34.80 -42.52 121.20
v 34.80 -42.52 126.40
v 27.07 -42.52 126.40
v 34.80 -42.52 121.20
v 34.80 -41.88 121.20
v 34.80 -41.88 126.40
v 34.80 -42.52 126.40
v 34.80 -41.88 121.20
v 27.07 -41.88 121.20
v 27.07 -41.88 126.40
v 34.80 -41.88 126.40
v 27.07 -41.88 121.20
v 27.07 -42.52 121.20
v 27.07 -42.52 126.40
v 27.07 -41.88 126.40
v 42.53 -41.88 121.20
v 50.27 -41.88 121.20
v 50.27 -42.52 121.20
v 42.53 -42.52 121.20
v 42.53 -42.52 126.40
v 50.27 -42.52 126.40
v 50.27 -41.88 126.40
v 42.53 -41.88 126.40
v 42.53 -42.52 121.20
v 50.27 -42.52 121.20
v 50.27 -42.52 126.40
v 42.53 -42.52 126.40
v 50.27 -42.52 121.20
v 50.27 -41.88 121.20
v 50.27 -41.88 126.40
v 50.27 -42.52 126.40
v 50.27 -41.88 121.20
v 42.53 -41.88 121.20
v 42.53 -41.88 126.40
v 50.27 -41.88 126.40
v 42.53 -41.88 121.20
v 42.53 -42.52 121.20
v 42.53 -42.52 126.40
v 42.53 -41.88 126.40
v -34.80 -41.88 131.60
v -27.07 -41.88 131.60
v -27.07 -42.52 131.60
v -34.80 -42.52 131.60
v -34.80 -42.52 136.80
v -27.07 -42.52 136.80
v -27.07 -41.88 136.80
v -34.80 -41.88 136.80
v -34.80 -42.52 131.60
v -27.07 -42.52 131.60
v -27.07 -42.52 136.80
v -34.80 -42.52 136.80
v -27.07 -42.52 131.60
v -27.07 -41.88 131.60
v -27.07 -41.88 136.80
v -27.07 -42.52 136.80
v -27.07 -41.88 131.60
v -34.80 -41.88 131.60
v -34.80 -41.88 136.80
v -27.07 -41.88 136.80
v -34.80 -41.88 131.60
v -34.80 -42.52 131.60
v -34.80 -42.52 136.80
v -34.80 -41.88 136.80
v -19.33 -41.88 131.60
v -11.60 -41.88 131.60
v -11.60 -42.52 131.60
v -19.33 -42.52 131.60
v -19.33 -42.52 136.80
v -11.60 -42.52 136.80
v -11.60 -41.88 136.80
v -19.33 -41.88 136.80
v -19.33 -42.52 131.60
v -11.60 -42.52 131.60
v -11.60 -42.52 136.80
v -19.33 -42.52 136.80
v -11.60 -42.52 131.60
v -11.60 -41.88 131.60
v -11.60 -41.88 136.80
v -11.60 -42.52 136.80
v -11.60 -41.88 131.60
v -19.33 -41.88 131.60
v -19.33 -41.88 136.80
v -11.60 -41.88 136.80
v -19.33 -41.88 131.60
v -19.33 -42.52 131.60
v -19.33 -42.52 136.80
v -19.33 -41.88 136.80
v -3.87 -41.88 131.60
v 3.87 -41.88 131.60
v 3.87 -42.52 131.60
v -3.87 -42.52 131.60
v -3.87 -42.52 136.80
v 3.87 -42.52 136.80
v 3.87 -41.88 136.80
v -3.87 -41.88 136.80
v -3.87 -42.52 131.60
v 3.87 -42.52 131.60
v 3.87 -42.52 136.80
v -3.87 -42.52 136.80
v 3.87 -42.52 131.60
v 3.87 -41.88 131.60
v 3.87 -41.88 136.80
v 3.87 -42.52 136.80
v 3.87 -41.88 131.60
v -3.87 -41.88 131.60
v -3.87 -41.88 136.80
v 3.87 -41.88 136.80
v -3.87 -41.88 131.60
v -3.87 -42.52 131.60
v -3.87 -42.52 136.80
v -3.87 -41.88 136.80
v 11.60 -41.88 131.60
v 19.33 -41.88 131.60
v 19.33 -42.52 131.60
v 11.60 -42.52 131.60
v 11.60 -42.52 136.80
v 19.33 -42.52 136.80
v 19.33 -41.88 136.80
v 11.60 -41.88 136.80
v 11.60 -42.52 131.60
v 19.33 -42.52 131.60
v 19.33 -42.52 136.80
v 11.60 -42.52 136.80
v 19.33 -42.52 131.60
v 19.33 -41.88 131.60
v 19.33 -41.88 136.80
v 19.33 -42.52 136.80
v 19.33 -41.88 131.60
v 11.60 -41.88 131.60
v 11.60 -41.88 136.80
v 19.33 -41.88 136.80
v 11.60 -41.88 131.60
v 11.60 -42.52 131.60
v 11.60 -42.52 136.80
v 11.60 -41.88 136.80
v 27.07 -41.88 131.60
v 34.80 -41.88 131.60
v 34.80 -42.52 131.60
v 27.07 -42.52 131.60
v 27.07 -42.52 136.80
v 34.80 -42.52 136.80
v 34.80 -41.88 136.80
v 27.07 -41.88 136.80
v 27.07 -42.52 131.60
v 34.80 -42.52 131.60
v 34.80 -42.52 136.80
v 27.07 -42.52 136.80
v 34.80 -42.52 131.60
v 34.80 -41.88 131.60
v 34.80 -41.88 136.80
v 34.80 -42.52 136.80
v 34.80 -41.88 131.60
v 27.07 -41.88 131.60
v 27.07 -41.88 136.80
v 34.80 -41.88 136.80
v 27.07 -41.88 131.60
v 27.07 -42.52 131.60
v 27.07 -42.52 136.80
v 27.07 -41.88 136.80
v 42.53 -41.88 131.60
v 50.27 -41.88 131.60
v 50.27 -42.52 131.60
v 42.53 -42.52 131.60
v 42.53 -42.52 136.80
v 50.27 -42.52 136.80
v 50.27 -41.88 136.80
v 42.53 -41.88 136.80
v 42.53 -42.52 131.60
v 50.27 -42.52 131.60
v 50.27 -42.52 136.80
v 42.53 -42.52 136.80
v 50.27 -42.52 131.60
v 50.27 -41.88 131.60
v 50.27 -41.88 136.80
v 50.27 -42.52 136.80
v 50.27 -41.88 131.60
v 42.53 -41.88 131.60
v 42.53 -41.88 136.80
v 50.27 -41.88 136.80
v 42.53 -41.88 131.60
v 42.53 -42.52 131.60
v 42.53 -42.52 136.80
v 42.53 -41.88 136.80
v -10.71 -15.88 157.71
v -6.43 -15.88 157.71
v -6.43 -16.52 157.71
v -10.71 -16.52 157.71
v -10.71 -16.52 163.43
v -6.43 -16.52 163.43
v -6.43 -15.88 163.43
v -10.71 -15.88 163.43
v -10.71 -16.52 157.71
v -6.43 -16.52 157.71
v -6.43 -16.52 163.43
v -10.71 -16.52 163.43
v -6.43 -16.52 157.71
v -6.43 -15.88 157.71
v -6.43 -15.88 163.43
v -6.43 -16.52 163.43
v -6.43 -15.88 157.71
v -10.71 -15.88 157.71
v -10.71 -15.88 163.43
v -6.43 -15.88 163.43
v -10.71 -15.88 157.71
v -10.71 -16.52 157.71
v -10.71 -16.52 163.43
v -10.71 -15.88 163.43
v 6.43 -15.88 157.71
v 10.71 -15.88 157.71
v 10.71 -16.52 157.71
v 6.43 -16.52 157.71
v 6.43 -16.52 163.43
v 10.71 -16.52 163.43
v 10.71 -15.88 163.43
v 6.43 -15.88 163.43
v 6.43 -16.52 157.71
v 10.71 -16.52 157.71
v 10.71 -16.52 163.43
v 6.43 -16.52 163.43
v 10.71 -16.52 157.71
v 10.71 -15.88 157.71
v 10.71 -15.88 163.43
v 10.71 -16.52 163.43
v 10.71 -15.88 157.71
v 6.43 -15.88 157.71
v 6.43 -15.88 163.43
v 10.71 -15.88 163.43
v 6.43 -15.88 157.71
v 6.43 -16.52 157.71
v 6.43 -16.52 163.43
v 6.43 -15.88 163.43
v -10.71 -15.88 169.14
v -6.43 -15.88 169.14
v -6.43 -16.52 169.14
v -10.71 -16.52 169.14
v -10.71 -16.52 174.86
v -6.43 -16.52 174.86
v -6.43 -15.88 174.86
v -10.71 -15.88 174.86
v -10.71 -16.52 169.14
v -6.43 -16.52 169.14
v -6.43 -16.52 174.86
v -10.71 -16.52 174.86
v -6.43 -16.52 169.14
v -6.43 -15.88 169.14
v -6.43 -15.88 174.86
v -6.43 -16.52 174.86
v -6.43 -15.88 169.14
v -10.71 -15.88 169.14
v -10.71 -15.88 174.86
v -6.43 -15.88 174.86
v -10.71 -15.88 169.14
v -10.71 -16.52 169.14
v -10.71 -16.52 174.86
v -10.71 -15.88 174.86
v -2.14 -15.88 169.14
v 2.14 -15.88 169.14
v 2.14 -16.52 169.14
v -2.14 -16.52 169.14
v -2.14 -16.52 174.86
v 2.14 -16.52 174.86
v 2.14 -15.88 174.86
v -2.14 -15.88 174.86
v -2.14 -16.52 169.14
v 2.14 -16.52 169.14
v 2.14 -16.52 174.86
v -2.14 -16.52 174.86
v 2.14 -16.52 169.14
v 2.14 -15.88 169.14
v 2.14 -15.88 174.86
v 2.14 -16.52 174.86
v 2.14 -15.88 169.14
v -2.14 -15.88 169.14
v -2.14 -15.88 174.86
v 2.14 -15.88 174.86
v -2.14 -15.88 169.14
v -2.14 -16.52 169.14
v -2.14 -16.52 174.86
v -2.14 -15.88 174.86
v 6.43 -15.88 169.14
v 10.71 -15.88 169.14
v 10.71 -16.52 169.14
v 6.43 -16.52 169.14
v 6.43 -16.52 174.86
v 10.71 -16.52 174.86
v 10.71 -15.88 174.86
v 6.43 -15.88 174.86
v 6.43 -16.52 169.14
v 10.71 -16.52 169.14
v 10.71 -16.52 174.86
v 6.43 -16.52 174.86
v 10.71 -16.52 169.14
v 10.71 -15.88 169.14
v 10.71 -15.88 174.86
v 10.71 -16.52 174.86
v 10.71 -15.88 169.14
v 6.43 -15.88 169.14
v 6.43 -15.88 174.86
v 10.71 -15.88 174.86
v 6.43 -15.88 169.14
v 6.43 -16.52 169.14
v 6.43 -16.52 174.86
v 6.43 -15.88 174.86
v -10.71 -15.88 180.57
v -6.43 -15.88 180.57
v -6.43 -16.52 180.57
v -10.71 -16.52 180.57
v -10.71 -16.52 186.29
v -6.43 -16.52 186.29
v -6.43 -15.88 186.29
v -10.71 -15.88 186.29
v -10.71 -16.52 180.57
v -6.43 -16.52 180.57
v -6.43 -16.52 186.29
v -10.71 -16.52 186.29
v -6.43 -16.52 180.57
v -6.43 -15.88 180.57
v -6.43 -15.88 186.29
v -6.43 -16.52 186.29
v -6.43 -15.88 180.57
v -10.71 -15.88 180.57
v -10.71 -15.88 186.29
v -6.43 -15.88 186.29
v -10.71 -15.88 180.57
v -10.71 -16.52 180.57
v -10.71 -16.52 186.29
v -10.71 -15.88 186.29
v -2.14 -15.88 180.57
v 2.14 -15.88 180.57
v 2.14 -16.52 180.57
v -2.14 -16.52 180.57
v -2.14 -16.52 186.29
v 2.14 -16.52 186.29
v 2.14 -15.88 186.29
v -2.14 -15.88 186.29
v -2.14 -16.52 180.57
v 2.14 -16.52 180.57
v 2.14 -16.52 186.29
v -2.14 -16.52 186.29
v 2.14 -16.52 180.57
v 2.14 -15.88 180.57
v 2.14 -15.88 186.29
v 2.14 -16.52 186.29
v 2.14 -15.88 180.57
v -2.14 -15.88 180.57
v -2.14 -15.88 186.29
v 2.14 -15.88 186.29
v -2.14 -15.88 180.57
v -2.14 -16.52 180.57
v -2.14 -16.52 186.29
v -2.14 -15.88 186.29

usemtl mat_window_lit
v -50.27 -41.88 131.60
v -42.53 -41.88 131.60
v -42.53 -42.52 131.60
v -50.27 -42.52 131.60
v -50.27 -42.52 136.80
v -42.53 -42.52 136.80
v -42.53 -41.88 136.80
v -50.27 -41.88 136.80
v -50.27 -42.52 131.60
v -42.53 -42.52 131.60
v -42.53 -42.52 136.80
v -50.27 -42.52 136.80
v -42.53 -42.52 131.60
v -42.53 -41.88 131.60
v -42.53 -41.88 136.80
v -42.53 -42.52 136.80
v -42.53 -41.88 131.60
v -50.27 -41.88 131.60
v -50.27 -41.88 136.80
v -42.53 -41.88 136.80
v -50.27 -41.88 131.60
v -50.27 -42.52 131.60
v -50.27 -42.52 136.80
v -50.27 -41.88 136.80
v -2.14 -15.88 157.71
v 2.14 -15.88 157.71
v 2.14 -16.52 157.71
v -2.14 -16.52 157.71
v -2.14 -16.52 163.43
v 2.14 -16.52 163.43
v 2.14 -15.88 163.43
v -2.14 -15.88 163.43
v -2.14 -16.52 157.71
v 2.14 -16.52 157.71
v 2.14 -16.52 163.43
v -2.14 -16.52 163.43
v 2.14 -16.52 157.71
v 2.14 -15.88 157.71
v 2.14 -15.88 163.43
v 2.14 -16.52 163.43
v 2.14 -15.88 157.71
v -2.14 -15.88 157.71
v -2.14 -15.88 163.43
v 2.14 -15.88 163.43
v -2.14 -15.88 157.71
v -2.14 -16.52 157.71
v -2.14 -16.52 163.43
v -2.14 -15.88 163.43
v 6.43 -15.88 180.57
v 10.71 -15.88 180.57
v 10.71 -16.52 180.57
v 6.43 -16.52 180.57
v 6.43 -16.52 186.29
v 10.71 -16.52 186.29
v 10.71 -15.88 186.29
v 6.43 -15.88 186.29
v 6.43 -16.52 180.57
v 10.71 -16.52 180.57
v 10.71 -16.52 186.29
v 6.43 -16.52 186.29
v 10.71 -16.52 180.57
v 10.71 -15.88 180.57
v 10.71 -15.88 186.29
v 10.71 -16.52 186.29
v 10.71 -15.88 180.57
v 6.43 -15.88 180.57
v 6.43 -15.88 186.29
v 10.71 -15.88 186.29
v 6.43 -15.88 180.57
v 6.43 -16.52 180.57
v 6.43 -16.52 186.29
v 6.43 -15.88 186.29

usemtl mat_banner
v -54.00 36.00 168.00
v -46.50 36.00 168.00
v -46.50 36.00 146.00
v -54.00 36.00 146.00
v 54.00 36.00 168.00
v 61.50 36.00 168.00
v 61.50 36.00 146.00
v 54.00 36.00 146.00
v -70.00 -6.00 168.00
v -62.50 -6.00 168.00
v -62.50 -6.00 146.00
v -70.00 -6.00 146.00
v 70.00 -6.00 168.00
v 77.50 -6.00 168.00
v 77.50 -6.00 146.00
v 70.00 -6.00 146.00

usemtl mat_marble
v -22.00 -2.00 112.20
v 22.00 -2.00 112.20
v 22.00 -14.00 112.20
v -22.00 -14.00 112.20
v -22.00 -14.00 113.20
v 22.00 -14.00 113.20
v 22.00 -2.00 113.20
v -22.00 -2.00 113.20
v -22.00 -14.00 112.20
v 22.00 -14.00 112.20
v 22.00 -14.00 113.20
v -22.00 -14.00 113.20
v 22.00 -14.00 112.20
v 22.00 -2.00 112.20
v 22.00 -2.00 113.20
v 22.00 -14.00 113.20
v 22.00 -2.00 112.20
v -22.00 -2.00 112.20
v -22.00 -2.00 113.20
v 22.00 -2.00 113.20
v -22.00 -2.00 112.20
v -22.00 -14.00 112.20
v -22.00 -14.00 113.20
v -22.00 -2.00 113.20

usemtl mat_wood
v 82.70 -6.00 98.00
v 82.35 -5.39 98.00
v 82.35 -5.39 103.00
v 82.70 -6.00 103.00
v 82.35 -5.39 98.00
v 81.65 -5.39 98.00
v 81.65 -5.39 103.00
v 82.35 -5.39 103.00
v 81.65 -5.39 98.00
v 81.30 -6.00 98.00
v 81.30 -6.00 103.00
v 81.65 -5.39 103.00
v 81.30 -6.00 98.00
v 81.65 -6.61 98.00
v 81.65 -6.61 103.00
v 81.30 -6.00 103.00
v 81.65 -6.61 98.00
v 82.35 -6.61 98.00
v 82.35 -6.61 103.00
v 81.65 -6.61 103.00
v 82.35 -6.61 98.00
v 82.70 -6.00 98.00
v 82.70 -6.00 103.00
v 82.35 -6.61 103.00
v 82.70 -6.00 103.00
v 82.35 -5.39 103.00
v 81.65 -5.39 103.00
v 81.30 -6.00 103.00
v 81.65 -6.61 103.00
v 82.35 -6.61 103.00
v 82.06 0.26 98.00
v 81.71 0.86 98.00
v 81.71 0.86 103.00
v 82.06 0.26 103.00
v 81.71 0.86 98.00
v 81.01 0.86 98.00
v 81.01 0.86 103.00
v 81.71 0.86 103.00
v 81.01 0.86 98.00
v 80.66 0.26 98.00
v 80.66 0.26 103.00
v 81.01 0.86 103.00
v 80.66 0.26 98.00
v 81.01 -0.35 98.00
v 81.01 -0.35 103.00
v 80.66 0.26 103.00
v 81.01 -0.35 98.00
v 81.71 -0.35 98.00
v 81.71 -0.35 103.00
v 81.01 -0.35 103.00
v 81.71 -0.35 98.00
v 82.06 0.26 98.00
v 82.06 0.26 103.00
v 81.71 -0.35 103.00
v 82.06 0.26 103.00
v 81.71 0.86 103.00
v 81.01 0.86 103.00
v 80.66 0.26 103.00
v 81.01 -0.35 103.00
v 81.71 -0.35 103.00
v 80.16 6.36 98.00
v 79.81 6.97 98.00
v 79.81 6.97 103.00
v 80.16 6.36 103.00
v 79.81 6.97 98.00
v 79.11 6.97 98.00
v 79.11 6.97 103.00
v 79.81 6.97 103.00
v 79.11 6.97 98.00
v 78.75 6.36 98.00
v 78.75 6.36 103.00
v 79.11 6.97 103.00
v 78.75 6.36 98.00
v 79.11 5.75 98.00
v 79.11 5.75 103.00
v 78.75 6.36 103.00
v 79.11 5.75 98.00
v 79.81 5.75 98.00
v 79.81 5.75 103.00
v 79.11 5.75 103.00
v 79.81 5.75 98.00
v 80.16 6.36 98.00
v 80.16 6.36 103.00
v 79.81 5.75 103.00
v 80.16 6.36 103.00
v 79.81 6.97 103.00
v 79.11 6.97 103.00
v 78.75 6.36 103.00
v 79.11 5.75 103.00
v 79.81 5.75 103.00
v 77.03 12.16 98.00
v 76.68 12.77 98.00
v 76.68 12.77 103.00
v 77.03 12.16 103.00
v 76.68 12.77 98.00
v 75.98 12.77 98.00
v 75.98 12.77 103.00
v 76.68 12.77 103.00
v 75.98 12.77 98.00
v 75.63 12.16 98.00
v 75.63 12.16 103.00
v 75.98 12.77 103.00
v 75.63 12.16 98.00
v 75.98 11.55 98.00
v 75.98 11.55 103.00
v 75.63 12.16 103.00
v 75.98 11.55 98.00
v 76.68 11.55 98.00
v 76.68 11.55 103.00
v 75.98 11.55 103.00
v 76.68 11.55 98.00
v 77.03 12.16 98.00
v 77.03 12.16 103.00
v 76.68 11.55 103.00
v 77.03 12.16 103.00
v 76.68 12.77 103.00
v 75.98 12.77 103.00
v 75.63 12.16 103.00
v 75.98 11.55 103.00
v 76.68 11.55 103.00
v 72.77 17.51 98.00
v 72.42 18.12 98.00
v 72.42 18.12 103.00
v 72.77 17.51 103.00
v 72.42 18.12 98.00
v 71.72 18.12 98.00
v 71.72 18.12 103.00
v 72.42 18.12 103.00
v 71.72 18.12 98.00
v 71.37 17.51 98.00
v 71.37 17.51 103.00
v 71.72 18.12 103.00
v 71.37 17.51 98.00
v 71.72 16.91 98.00
v 71.72 16.91 103.00
v 71.37 17.51 103.00
v 71.72 16.91 98.00
v 72.42 16.91 98.00
v 72.42 16.91 103.00
v 71.72 16.91 103.00
v 72.42 16.91 98.00
v 72.77 17.51 98.00
v 72.77 17.51 103.00
v 72.42 16.91 103.00
v 72.77 17.51 103.00
v 72.42 18.12 103.00
v 71.72 18.12 103.00
v 71.37 17.51 103.00
v 71.72 16.91 103.00
v 72.42 16.91 103.00
v 67.47 22.28 98.00
v 67.12 22.89 98.00
v 67.12 22.89 103.00
v 67.47 22.28 103.00
v 67.12 22.89 98.00
v 66.42 22.89 98.00
v 66.42 22.89 103.00
v 67.12 22.89 103.00
v 66.42 22.89 98.00
v 66.07 22.28 98.00
v 66.07 22.28 103.00
v 66.42 22.89 103.00
v 66.07 22.28 98.00
v 66.42 21.68 98.00
v 66.42 21.68 103.00
v 66.07 22.28 103.00
v 66.42 21.68 98.00
v 67.12 21.68 98.00
v 67.12 21.68 103.00
v 66.42 21.68 103.00
v 67.12 21.68 98.00
v 67.47 22.28 98.00
v 67.47 22.28 103.00
v 67.12 21.68 103.00
v 67.47 22.28 103.00
v 67.12 22.89 103.00
v 66.42 22.89 103.00
v 66.07 22.28 103.00
v 66.42 21.68 103.00
v 67.12 21.68 103.00
v 61.27 26.36 98.00
v 60.91 26.97 98.00
v 60.91 26.97 103.00
v 61.27 26.36 103.00
v 60.91 26.97 98.00
v 60.22 26.97 98.00
v 60.22 26.97 103.00
v 60.91 26.97 103.00
v 60.22 26.97 98.00
v 59.87 26.36 98.00
v 59.87 26.36 103.00
v 60.22 26.97 103.00
v 59.87 26.36 98.00
v 60.22 25.75 98.00
v 60.22 25.75 103.00
v 59.87 26.36 103.00
v 60.22 25.75 98.00
v 60.91 25.75 98.00
v 60.91 25.75 103.00
v 60.22 25.75 103.00
v 60.91 25.75 98.00
v 61.27 26.36 98.00
v 61.27 26.36 103.00
v 60.91 25.75 103.00
v 61.27 26.36 103.00
v 60.91 26.97 103.00
v 60.22 26.97 103.00
v 59.87 26.36 103.00
v 60.22 25.75 103.00
v 60.91 25.75 103.00
v 54.31 29.64 98.00
v 53.96 30.25 98.00
v 53.96 30.25 103.00
v 54.31 29.64 103.00
v 53.96 30.25 98.00
v 53.26 30.25 98.00
v 53.26 30.25 103.00
v 53.96 30.25 103.00
v 53.26 30.25 98.00
v 52.91 29.64 98.00
v 52.91 29.64 103.00
v 53.26 30.25 103.00
v 52.91 29.64 98.00
v 53.26 29.03 98.00
v 53.26 29.03 103.00
v 52.91 29.64 103.00
v 53.26 29.03 98.00
v 53.96 29.03 98.00
v 53.96 29.03 103.00
v 53.26 29.03 103.00
v 53.96 29.03 98.00
v 54.31 29.64 98.00
v 54.31 29.64 103.00
v 53.96 29.03 103.00
v 54.31 29.64 103.00
v 53.96 30.25 103.00
v 53.26 30.25 103.00
v 52.91 29.64 103.00
v 53.26 29.03 103.00
v 53.96 29.03 103.00
v 46.77 32.04 98.00
v 46.42 32.65 98.00
v 46.42 32.65 103.00
v 46.77 32.04 103.00
v 46.42 32.65 98.00
v 45.72 32.65 98.00
v 45.72 32.65 103.00
v 46.42 32.65 103.00
v 45.72 32.65 98.00
v 45.37 32.04 98.00
v 45.37 32.04 103.00
v 45.72 32.65 103.00
v 45.37 32.04 98.00
v 45.72 31.44 98.00
v 45.72 31.44 103.00
v 45.37 32.04 103.00
v 45.72 31.44 98.00
v 46.42 31.44 98.00
v 46.42 31.44 103.00
v 45.72 31.44 103.00
v 46.42 31.44 98.00
v 46.77 32.04 98.00
v 46.77 32.04 103.00
v 46.42 31.44 103.00
v 46.77 32.04 103.00
v 46.42 32.65 103.00
v 45.72 32.65 103.00
v 45.37 32.04 103.00
v 45.72 31.44 103.00
v 46.42 31.44 103.00
v 38.84 33.51 98.00
v 38.48 34.11 98.00
v 38.48 34.11 103.00
v 38.84 33.51 103.00
v 38.48 34.11 98.00
v 37.78 34.11 98.00
v 37.78 34.11 103.00
v 38.48 34.11 103.00
v 37.78 34.11 98.00
v 37.44 33.51 98.00
v 37.44 33.51 103.00
v 37.78 34.11 103.00
v 37.44 33.51 98.00
v 37.78 32.90 98.00
v 37.78 32.90 103.00
v 37.44 33.51 103.00
v 37.78 32.90 98.00
v 38.48 32.90 98.00
v 38.48 32.90 103.00
v 37.78 32.90 103.00
v 38.48 32.90 98.00
v 38.84 33.51 98.00
v 38.84 33.51 103.00
v 38.48 32.90 103.00
v 38.84 33.51 103.00
v 38.48 34.11 103.00
v 37.78 34.11 103.00
v 37.44 33.51 103.00
v 37.78 32.90 103.00
v 38.48 32.90 103.00
v 30.70 34.00 98.00
v 30.35 34.61 98.00
v 30.35 34.61 103.00
v 30.70 34.00 103.00
v 30.35 34.61 98.00
v 29.65 34.61 98.00
v 29.65 34.61 103.00
v 30.35 34.61 103.00
v 29.65 34.61 98.00
v 29.30 34.00 98.00
v 29.30 34.00 103.00
v 29.65 34.61 103.00
v 29.30 34.00 98.00
v 29.65 33.39 98.00
v 29.65 33.39 103.00
v 29.30 34.00 103.00
v 29.65 33.39 98.00
v 30.35 33.39 98.00
v 30.35 33.39 103.00
v 29.65 33.39 103.00
v 30.35 33.39 98.00
v 30.70 34.00 98.00
v 30.70 34.00 103.00
v 30.35 33.39 103.00
v 30.70 34.00 103.00
v 30.35 34.61 103.00
v 29.65 34.61 103.00
v 29.30 34.00 103.00
v 29.65 33.39 103.00
v 30.35 33.39 103.00
v 22.57 33.51 98.00
v 22.21 34.11 98.00
v 22.21 34.11 103.00
v 22.57 33.51 103.00
v 22.21 34.11 98.00
v 21.52 34.11 98.00
v 21.52 34.11 103.00
v 22.21 34.11 103.00
v 21.52 34.11 98.00
v 21.16 33.51 98.00
v 21.16 33.51 103.00
v 21.52 34.11 103.00
v 21.16 33.51 98.00
v 21.52 32.90 98.00
v 21.52 32.90 103.00
v 21.16 33.51 103.00
v 21.52 32.90 98.00
v 22.21 32.90 98.00
v 22.21 32.90 103.00
v 21.52 32.90 103.00
v 22.21 32.90 98.00
v 22.57 33.51 98.00
v 22.57 33.51 103.00
v 22.21 32.90 103.00
v 22.57 33.51 103.00
v 22.21 34.11 103.00
v 21.52 34.11 103.00
v 21.16 33.51 103.00
v 21.52 32.90 103.00
v 22.21 32.90 103.00
v 14.63 32.04 98.00
v 14.28 32.65 98.00
v 14.28 32.65 103.00
v 14.63 32.04 103.00
v 14.28 32.65 98.00
v 13.58 32.65 98.00
v 13.58 32.65 103.00
v 14.28 32.65 103.00
v 13.58 32.65 98.00
v 13.23 32.04 98.00
v 13.23 32.04 103.00
v 13.58 32.65 103.00
v 13.23 32.04 98.00
v 13.58 31.44 98.00
v 13.58 31.44 103.00
v 13.23 32.04 103.00
v 13.58 31.44 98.00
v 14.28 31.44 98.00
v 14.28 31.44 103.00
v 13.58 31.44 103.00
v 14.28 31.44 98.00
v 14.63 32.04 98.00
v 14.63 32.04 103.00
v 14.28 31.44 103.00
v 14.63 32.04 103.00
v 14.28 32.65 103.00
v 13.58 32.65 103.00
v 13.23 32.04 103.00
v 13.58 31.44 103.00
v 14.28 31.44 103.00
v 7.09 29.64 98.00
v 6.74 30.25 98.00
v 6.74 30.25 103.00
v 7.09 29.64 103.00
v 6.74 30.25 98.00
v 6.04 30.25 98.00
v 6.04 30.25 103.00
v 6.74 30.25 103.00
v 6.04 30.25 98.00
v 5.69 29.64 98.00
v 5.69 29.64 103.00
v 6.04 30.25 103.00
v 5.69 29.64 98.00
v 6.04 29.03 98.00
v 6.04 29.03 103.00
v 5.69 29.64 103.00
v 6.04 29.03 98.00
v 6.74 29.03 98.00
v 6.74 29.03 103.00
v 6.04 29.03 103.00
v 6.74 29.03 98.00
v 7.09 29.64 98.00
v 7.09 29.64 103.00
v 6.74 29.03 103.00
v 7.09 29.64 103.00
v 6.74 30.25 103.00
v 6.04 30.25 103.00
v 5.69 29.64 103.00
v 6.04 29.03 103.00
v 6.74 29.03 103.00
v 0.14 26.36 98.00
v -0.21 26.97 98.00
v -0.21 26.97 103.00
v 0.14 26.36 103.00
v -0.21 26.97 98.00
v -0.92 26.97 98.00
v -0.92 26.97 103.00
v -0.21 26.97 103.00
v -0.92 26.97 98.00
v -1.26 26.36 98.00
v -1.26 26.36 103.00
v -0.92 26.97 103.00
v -1.26 26.36 98.00
v -0.92 25.75 98.00
v -0.92 25.75 103.00
v -1.26 26.36 103.00
v -0.92 25.75 98.00
v -0.21 25.75 98.00
v -0.21 25.75 103.00
v -0.92 25.75 103.00
v -0.21 25.75 98.00
v 0.14 26.36 98.00
v 0.14 26.36 103.00
v -0.21 25.75 103.00
v 0.14 26.36 103.00
v -0.21 26.97 103.00
v -0.92 26.97 103.00
v -1.26 26.36 103.00
v -0.92 25.75 103.00
v -0.21 25.75 103.00
v -6.07 22.28 98.00
v -6.42 22.89 98.00
v -6.42 22.89 103.00
v -6.07 22.28 103.00
v -6.42 22.89 98.00
v -7.12 22.89 98.00
v -7.12 22.89 103.00
v -6.42 22.89 103.00
v -7.12 22.89 98.00
v -7.47 22.28 98.00
v -7.47 22.28 103.00
v -7.12 22.89 103.00
v -7.47 22.28 98.00
v -7.12 21.68 98.00
v -7.12 21.68 103.00
v -7.47 22.28 103.00
v -7.12 21.68 98.00
v -6.42 21.68 98.00
v -6.42 21.68 103.00
v -7.12 21.68 103.00
v -6.42 21.68 98.00
v -6.07 22.28 98.00
v -6.07 22.28 103.00
v -6.42 21.68 103.00
v -6.07 22.28 103.00
v -6.42 22.89 103.00
v -7.12 22.89 103.00
v -7.47 22.28 103.00
v -7.12 21.68 103.00
v -6.42 21.68 103.00
v -11.37 17.51 98.00
v -11.72 18.12 98.00
v -11.72 18.12 103.00
v -11.37 17.51 103.00
v -11.72 18.12 98.00
v -12.42 18.12 98.00
v -12.42 18.12 103.00
v -11.72 18.12 103.00
v -12.42 18.12 98.00
v -12.77 17.51 98.00
v -12.77 17.51 103.00
v -12.42 18.12 103.00
v -12.77 17.51 98.00
v -12.42 16.91 98.00
v -12.42 16.91 103.00
v -12.77 17.51 103.00
v -12.42 16.91 98.00
v -11.72 16.91 98.00
v -11.72 16.91 103.00
v -12.42 16.91 103.00
v -11.72 16.91 98.00
v -11.37 17.51 98.00
v -11.37 17.51 103.00
v -11.72 16.91 103.00
v -11.37 17.51 103.00
v -11.72 18.12 103.00
v -12.42 18.12 103.00
v -12.77 17.51 103.00
v -12.42 16.91 103.00
v -11.72 16.91 103.00
v -15.63 12.16 98.00
v -15.98 12.77 98.00
v -15.98 12.77 103.00
v -15.63 12.16 103.00
v -15.98 12.77 98.00
v -16.68 12.77 98.00
v -16.68 12.77 103.00
v -15.98 12.77 103.00
v -16.68 12.77 98.00
v -17.03 12.16 98.00
v -17.03 12.16 103.00
v -16.68 12.77 103.00
v -17.03 12.16 98.00
v -16.68 11.55 98.00
v -16.68 11.55 103.00
v -17.03 12.16 103.00
v -16.68 11.55 98.00
v -15.98 11.55 98.00
v -15.98 11.55 103.00
v -16.68 11.55 103.00
v -15.98 11.55 98.00
v -15.63 12.16 98.00
v -15.63 12.16 103.00
v -15.98 11.55 103.00
v -15.63 12.16 103.00
v -15.98 12.77 103.00
v -16.68 12.77 103.00
v -17.03 12.16 103.00
v -16.68 11.55 103.00
v -15.98 11.55 103.00
v -18.75 6.36 98.00
v -19.11 6.97 98.00
v -19.11 6.97 103.00
v -18.75 6.36 103.00
v -19.11 6.97 98.00
v -19.80 6.97 98.00
v -19.80 6.97 103.00
v -19.11 6.97 103.00
v -19.80 6.97 98.00
v -20.16 6.36 98.00
v -20.16 6.36 103.00
v -19.80 6.97 103.00
v -20.16 6.36 98.00
v -19.80 5.75 98.00
v -19.80 5.75 103.00
v -20.16 6.36 103.00
v -19.80 5.75 98.00
v -19.11 5.75 98.00
v -19.11 5.75 103.00
v -19.80 5.75 103.00
v -19.11 5.75 98.00
v -18.75 6.36 98.00
v -18.75 6.36 103.00
v -19.11 5.75 103.00
v -18.75 6.36 103.00
v -19.11 6.97 103.00
v -19.80 6.97 103.00
v -20.16 6.36 103.00
v -19.80 5.75 103.00
v -19.11 5.75 103.00
v -20.66 0.26 98.00
v -21.01 0.86 98.00
v -21.01 0.86 103.00
v -20.66 0.26 103.00
v -21.01 0.86 98.00
v -21.71 0.86 98.00
v -21.71 0.86 103.00
v -21.01 0.86 103.00
v -21.71 0.86 98.00
v -22.06 0.26 98.00
v -22.06 0.26 103.00
v -21.71 0.86 103.00
v -22.06 0.26 98.00
v -21.71 -0.35 98.00
v -21.71 -0.35 103.00
v -22.06 0.26 103.00
v -21.71 -0.35 98.00
v -21.01 -0.35 98.00
v -21.01 -0.35 103.00
v -21.71 -0.35 103.00
v -21.01 -0.35 98.00
v -20.66 0.26 98.00
v -20.66 0.26 103.00
v -21.01 -0.35 103.00
v -20.66 0.26 103.00
v -21.01 0.86 103.00
v -21.71 0.86 103.00
v -22.06 0.26 103.00
v -21.71 -0.35 103.00
v -21.01 -0.35 103.00
v -21.30 -6.00 98.00
v -21.65 -5.39 98.00
v -21.65 -5.39 103.00
v -21.30 -6.00 103.00
v -21.65 -5.39 98.00
v -22.35 -5.39 98.00
v -22.35 -5.39 103.00
v -21.65 -5.39 103.00
v -22.35 -5.39 98.00
v -22.70 -6.00 98.00
v -22.70 -6.00 103.00
v -22.35 -5.39 103.00
v -22.70 -6.00 98.00
v -22.35 -6.61 98.00
v -22.35 -6.61 103.00
v -22.70 -6.00 103.00
v -22.35 -6.61 98.00
v -21.65 -6.61 98.00
v -21.65 -6.61 103.00
v -22.35 -6.61 103.00
v -21.65 -6.61 98.00
v -21.30 -6.00 98.00
v -21.30 -6.00 103.00
v -21.65 -6.61 103.00
v -21.30 -6.00 103.00
v -21.65 -5.39 103.00
v -22.35 -5.39 103.00
v -22.70 -6.00 103.00
v -22.35 -6.61 103.00
v -21.65 -6.61 103.00
v -20.66 -12.26 98.00
v -21.01 -11.65 98.00
v -21.01 -11.65 103.00
v -20.66 -12.26 103.00
v -21.01 -11.65 98.00
v -21.71 -11.65 98.00
v -21.71 -11.65 103.00
v -21.01 -11.65 103.00
v -21.71 -11.65 98.00
v -22.06 -12.26 98.00
v -22.06 -12.26 103.00
v -21.71 -11.65 103.00
v -22.06 -12.26 98.00
v -21.71 -12.86 98.00
v -21.71 -12.86 103.00
v -22.06 -12.26 103.00
v -21.71 -12.86 98.00
v -21.01 -12.86 98.00
v -21.01 -12.86 103.00
v -21.71 -12.86 103.00
v -21.01 -12.86 98.00
v -20.66 -12.26 98.00
v -20.66 -12.26 103.00
v -21.01 -12.86 103.00
v -20.66 -12.26 103.00
v -21.01 -11.65 103.00
v -21.71 -11.65 103.00
v -22.06 -12.26 103.00
v -21.71 -12.86 103.00
v -21.01 -12.86 103.00
v -18.75 -18.36 98.00
v -19.11 -17.75 98.00
v -19.11 -17.75 103.00
v -18.75 -18.36 103.00
v -19.11 -17.75 98.00
v -19.80 -17.75 98.00
v -19.80 -17.75 103.00
v -19.11 -17.75 103.00
v -19.80 -17.75 98.00
v -20.16 -18.36 98.00
v -20.16 -18.36 103.00
v -19.80 -17.75 103.00
v -20.16 -18.36 98.00
v -19.80 -18.97 98.00
v -19.80 -18.97 103.00
v -20.16 -18.36 103.00
v -19.80 -18.97 98.00
v -19.11 -18.97 98.00
v -19.11 -18.97 103.00
v -19.80 -18.97 103.00
v -19.11 -18.97 98.00
v -18.75 -18.36 98.00
v -18.75 -18.36 103.00
v -19.11 -18.97 103.00
v -18.75 -18.36 103.00
v -19.11 -17.75 103.00
v -19.80 -17.75 103.00
v -20.16 -18.36 103.00
v -19.80 -18.97 103.00
v -19.11 -18.97 103.00
v -15.63 -24.16 98.00
v -15.98 -23.55 98.00
v -15.98 -23.55 103.00
v -15.63 -24.16 103.00
v -15.98 -23.55 98.00
v -16.68 -23.55 98.00
v -16.68 -23.55 103.00
v -15.98 -23.55 103.00
v -16.68 -23.55 98.00
v -17.03 -24.16 98.00
v -17.03 -24.16 103.00
v -16.68 -23.55 103.00
v -17.03 -24.16 98.00
v -16.68 -24.77 98.00
v -16.68 -24.77 103.00
v -17.03 -24.16 103.00
v -16.68 -24.77 98.00
v -15.98 -24.77 98.00
v -15.98 -24.77 103.00
v -16.68 -24.77 103.00
v -15.98 -24.77 98.00
v -15.63 -24.16 98.00
v -15.63 -24.16 103.00
v -15.98 -24.77 103.00
v -15.63 -24.16 103.00
v -15.98 -23.55 103.00
v -16.68 -23.55 103.00
v -17.03 -24.16 103.00
v -16.68 -24.77 103.00
v -15.98 -24.77 103.00
v -11.37 -29.51 98.00
v -11.72 -28.91 98.00
v -11.72 -28.91 103.00
v -11.37 -29.51 103.00
v -11.72 -28.91 98.00
v -12.42 -28.91 98.00
v -12.42 -28.91 103.00
v -11.72 -28.91 103.00
v -12.42 -28.91 98.00
v -12.77 -29.51 98.00
v -12.77 -29.51 103.00
v -12.42 -28.91 103.00
v -12.77 -29.51 98.00
v -12.42 -30.12 98.00
v -12.42 -30.12 103.00
v -12.77 -29.51 103.00
v -12.42 -30.12 98.00
v -11.72 -30.12 98.00
v -11.72 -30.12 103.00
v -12.42 -30.12 103.00
v -11.72 -30.12 98.00
v -11.37 -29.51 98.00
v -11.37 -29.51 103.00
v -11.72 -30.12 103.00
v -11.37 -29.51 103.00
v -11.72 -28.91 103.00
v -12.42 -28.91 103.00
v -12.77 -29.51 103.00
v -12.42 -30.12 103.00
v -11.72 -30.12 103.00
v -6.07 -34.28 98.00
v -6.42 -33.68 98.00
v -6.42 -33.68 103.00
v -6.07 -34.28 103.00
v -6.42 -33.68 98.00
v -7.12 -33.68 98.00
v -7.12 -33.68 103.00
v -6.42 -33.68 103.00
v -7.12 -33.68 98.00
v -7.47 -34.28 98.00
v -7.47 -34.28 103.00
v -7.12 -33.68 103.00
v -7.47 -34.28 98.00
v -7.12 -34.89 98.00
v -7.12 -34.89 103.00
v -7.47 -34.28 103.00
v -7.12 -34.89 98.00
v -6.42 -34.89 98.00
v -6.42 -34.89 103.00
v -7.12 -34.89 103.00
v -6.42 -34.89 98.00
v -6.07 -34.28 98.00
v -6.07 -34.28 103.00
v -6.42 -34.89 103.00
v -6.07 -34.28 103.00
v -6.42 -33.68 103.00
v -7.12 -33.68 103.00
v -7.47 -34.28 103.00
v -7.12 -34.89 103.00
v -6.42 -34.89 103.00
v 0.14 -38.36 98.00
v -0.21 -37.75 98.00
v -0.21 -37.75 103.00
v 0.14 -38.36 103.00
v -0.21 -37.75 98.00
v -0.92 -37.75 98.00
v -0.92 -37.75 103.00
v -0.21 -37.75 103.00
v -0.92 -37.75 98.00
v -1.26 -38.36 98.00
v -1.26 -38.36 103.00
v -0.92 -37.75 103.00
v -1.26 -38.36 98.00
v -0.92 -38.97 98.00
v -0.92 -38.97 103.00
v -1.26 -38.36 103.00
v -0.92 -38.97 98.00
v -0.21 -38.97 98.00
v -0.21 -38.97 103.00
v -0.92 -38.97 103.00
v -0.21 -38.97 98.00
v 0.14 -38.36 98.00
v 0.14 -38.36 103.00
v -0.21 -38.97 103.00
v 0.14 -38.36 103.00
v -0.21 -37.75 103.00
v -0.92 -37.75 103.00
v -1.26 -38.36 103.00
v -0.92 -38.97 103.00
v -0.21 -38.97 103.00
v 7.09 -41.64 98.00
v 6.74 -41.03 98.00
v 6.74 -41.03 103.00
v 7.09 -41.64 103.00
v 6.74 -41.03 98.00
v 6.04 -41.03 98.00
v 6.04 -41.03 103.00
v 6.74 -41.03 103.00
v 6.04 -41.03 98.00
v 5.69 -41.64 98.00
v 5.69 -41.64 103.00
v 6.04 -41.03 103.00
v 5.69 -41.64 98.00
v 6.04 -42.25 98.00
v 6.04 -42.25 103.00
v 5.69 -41.64 103.00
v 6.04 -42.25 98.00
v 6.74 -42.25 98.00
v 6.74 -42.25 103.00
v 6.04 -42.25 103.00
v 6.74 -42.25 98.00
v 7.09 -41.64 98.00
v 7.09 -41.64 103.00
v 6.74 -42.25 103.00
v 7.09 -41.64 103.00
v 6.74 -41.03 103.00
v 6.04 -41.03 103.00
v 5.69 -41.64 103.00
v 6.04 -42.25 103.00
v 6.74 -42.25 103.00
v 14.63 -44.04 98.00
v 14.28 -43.44 98.00
v 14.28 -43.44 103.00
v 14.63 -44.04 103.00
v 14.28 -43.44 98.00
v 13.58 -43.44 98.00
v 13.58 -43.44 103.00
v 14.28 -43.44 103.00
v 13.58 -43.44 98.00
v 13.23 -44.04 98.00
v 13.23 -44.04 103.00
v 13.58 -43.44 103.00
v 13.23 -44.04 98.00
v 13.58 -44.65 98.00
v 13.58 -44.65 103.00
v 13.23 -44.04 103.00
v 13.58 -44.65 98.00
v 14.28 -44.65 98.00
v 14.28 -44.65 103.00
v 13.58 -44.65 103.00
v 14.28 -44.65 98.00
v 14.63 -44.04 98.00
v 14.63 -44.04 103.00
v 14.28 -44.65 103.00
v 14.63 -44.04 103.00
v 14.28 -43.44 103.00
v 13.58 -43.44 103.00
v 13.23 -44.04 103.00
v 13.58 -44.65 103.00
v 14.28 -44.65 103.00
v 22.57 -45.51 98.00
v 22.21 -44.90 98.00
v 22.21 -44.90 103.00
v 22.57 -45.51 103.00
v 22.21 -44.90 98.00
v 21.52 -44.90 98.00
v 21.52 -44.90 103.00
v 22.21 -44.90 103.00
v 21.52 -44.90 98.00
v 21.16 -45.51 98.00
v 21.16 -45.51 103.00
v 21.52 -44.90 103.00
v 21.16 -45.51 98.00
v 21.52 -46.11 98.00
v 21.52 -46.11 103.00
v 21.16 -45.51 103.00
v 21.52 -46.11 98.00
v 22.21 -46.11 98.00
v 22.21 -46.11 103.00
v 21.52 -46.11 103.00
v 22.21 -46.11 98.00
v 22.57 -45.51 98.00
v 22.57 -45.51 103.00
v 22.21 -46.11 103.00
v 22.57 -45.51 103.00
v 22.21 -44.90 103.00
v 21.52 -44.90 103.00
v 21.16 -45.51 103.00
v 21.52 -46.11 103.00
v 22.21 -46.11 103.00
v 30.70 -46.00 98.00
v 30.35 -45.39 98.00
v 30.35 -45.39 103.00
v 30.70 -46.00 103.00
v 30.35 -45.39 98.00
v 29.65 -45.39 98.00
v 29.65 -45.39 103.00
v 30.35 -45.39 103.00
v 29.65 -45.39 98.00
v 29.30 -46.00 98.00
v 29.30 -46.00 103.00
v 29.65 -45.39 103.00
v 29.30 -46.00 98.00
v 29.65 -46.61 98.00
v 29.65 -46.61 103.00
v 29.30 -46.00 103.00
v 29.65 -46.61 98.00
v 30.35 -46.61 98.00
v 30.35 -46.61 103.00
v 29.65 -46.61 103.00
v 30.35 -46.61 98.00
v 30.70 -46.00 98.00
v 30.70 -46.00 103.00
v 30.35 -46.61 103.00
v 30.70 -46.00 103.00
v 30.35 -45.39 103.00
v 29.65 -45.39 103.00
v 29.30 -46.00 103.00
v 29.65 -46.61 103.00
v 30.35 -46.61 103.00
v 38.84 -45.51 98.00
v 38.48 -44.90 98.00
v 38.48 -44.90 103.00
v 38.84 -45.51 103.00
v 38.48 -44.90 98.00
v 37.78 -44.90 98.00
v 37.78 -44.90 103.00
v 38.48 -44.90 103.00
v 37.78 -44.90 98.00
v 37.44 -45.51 98.00
v 37.44 -45.51 103.00
v 37.78 -44.90 103.00
v 37.44 -45.51 98.00
v 37.78 -46.11 98.00
v 37.78 -46.11 103.00
v 37.44 -45.51 103.00
v 37.78 -46.11 98.00
v 38.48 -46.11 98.00
v 38.48 -46.11 103.00
v 37.78 -46.11 103.00
v 38.48 -46.11 98.00
v 38.84 -45.51 98.00
v 38.84 -45.51 103.00
v 38.48 -46.11 103.00
v 38.84 -45.51 103.00
v 38.48 -44.90 103.00
v 37.78 -44.90 103.00
v 37.44 -45.51 103.00
v 37.78 -46.11 103.00
v 38.48 -46.11 103.00
v 46.77 -44.04 98.00
v 46.42 -43.44 98.00
v 46.42 -43.44 103.00
v 46.77 -44.04 103.00
v 46.42 -43.44 98.00
v 45.72 -43.44 98.00
v 45.72 -43.44 103.00
v 46.42 -43.44 103.00
v 45.72 -43.44 98.00
v 45.37 -44.04 98.00
v 45.37 -44.04 103.00
v 45.72 -43.44 103.00
v 45.37 -44.04 98.00
v 45.72 -44.65 98.00
v 45.72 -44.65 103.00
v 45.37 -44.04 103.00
v 45.72 -44.65 98.00
v 46.42 -44.65 98.00
v 46.42 -44.65 103.00
v 45.72 -44.65 103.00
v 46.42 -44.65 98.00
v 46.77 -44.04 98.00
v 46.77 -44.04 103.00
v 46.42 -44.65 103.00
v 46.77 -44.04 103.00
v 46.42 -43.44 103.00
v 45.72 -43.44 103.00
v 45.37 -44.04 103.00
v 45.72 -44.65 103.00
v 46.42 -44.65 103.00
v 54.31 -41.64 98.00
v 53.96 -41.03 98.00
v 53.96 -41.03 103.00
v 54.31 -41.64 103.00
v 53.96 -41.03 98.00
v 53.26 -41.03 98.00
v 53.26 -41.03 103.00
v 53.96 -41.03 103.00
v 53.26 -41.03 98.00
v 52.91 -41.64 98.00
v 52.91 -41.64 103.00
v 53.26 -41.03 103.00
v 52.91 -41.64 98.00
v 53.26 -42.25 98.00
v 53.26 -42.25 103.00
v 52.91 -41.64 103.00
v 53.26 -42.25 98.00
v 53.96 -42.25 98.00
v 53.96 -42.25 103.00
v 53.26 -42.25 103.00
v 53.96 -42.25 98.00
v 54.31 -41.64 98.00
v 54.31 -41.64 103.00
v 53.96 -42.25 103.00
v 54.31 -41.64 103.00
v 53.96 -41.03 103.00
v 53.26 -41.03 103.00
v 52.91 -41.64 103.00
v 53.26 -42.25 103.00
v 53.96 -42.25 103.00
v 61.27 -38.36 98.00
v 60.91 -37.75 98.00
v 60.91 -37.75 103.00
v 61.27 -38.36 103.00
v 60.91 -37.75 98.00
v 60.22 -37.75 98.00
v 60.22 -37.75 103.00
v 60.91 -37.75 103.00
v 60.22 -37.75 98.00
v 59.87 -38.36 98.00
v 59.87 -38.36 103.00
v 60.22 -37.75 103.00
v 59.87 -38.36 98.00
v 60.22 -38.97 98.00
v 60.22 -38.97 103.00
v 59.87 -38.36 103.00
v 60.22 -38.97 98.00
v 60.91 -38.97 98.00
v 60.91 -38.97 103.00
v 60.22 -38.97 103.00
v 60.91 -38.97 98.00
v 61.27 -38.36 98.00
v 61.27 -38.36 103.00
v 60.91 -38.97 103.00
v 61.27 -38.36 103.00
v 60.91 -37.75 103.00
v 60.22 -37.75 103.00
v 59.87 -38.36 103.00
v 60.22 -38.97 103.00
v 60.91 -38.97 103.00
v 67.47 -34.28 98.00
v 67.12 -33.68 98.00
v 67.12 -33.68 103.00
v 67.47 -34.28 103.00
v 67.12 -33.68 98.00
v 66.42 -33.68 98.00
v 66.42 -33.68 103.00
v 67.12 -33.68 103.00
v 66.42 -33.68 98.00
v 66.07 -34.28 98.00
v 66.07 -34.28 103.00
v 66.42 -33.68 103.00
v 66.07 -34.28 98.00
v 66.42 -34.89 98.00
v 66.42 -34.89 103.00
v 66.07 -34.28 103.00
v 66.42 -34.89 98.00
v 67.12 -34.89 98.00
v 67.12 -34.89 103.00
v 66.42 -34.89 103.00
v 67.12 -34.89 98.00
v 67.47 -34.28 98.00
v 67.47 -34.28 103.00
v 67.12 -34.89 103.00
v 67.47 -34.28 103.00
v 67.12 -33.68 103.00
v 66.42 -33.68 103.00
v 66.07 -34.28 103.00
v 66.42 -34.89 103.00
v 67.12 -34.89 103.00
v 72.77 -29.51 98.00
v 72.42 -28.91 98.00
v 72.42 -28.91 103.00
v 72.77 -29.51 103.00
v 72.42 -28.91 98.00
v 71.72 -28.91 98.00
v 71.72 -28.91 103.00
v 72.42 -28.91 103.00
v 71.72 -28.91 98.00
v 71.37 -29.51 98.00
v 71.37 -29.51 103.00
v 71.72 -28.91 103.00
v 71.37 -29.51 98.00
v 71.72 -30.12 98.00
v 71.72 -30.12 103.00
v 71.37 -29.51 103.00
v 71.72 -30.12 98.00
v 72.42 -30.12 98.00
v 72.42 -30.12 103.00
v 71.72 -30.12 103.00
v 72.42 -30.12 98.00
v 72.77 -29.51 98.00
v 72.77 -29.51 103.00
v 72.42 -30.12 103.00
v 72.77 -29.51 103.00
v 72.42 -28.91 103.00
v 71.72 -28.91 103.00
v 71.37 -29.51 103.00
v 71.72 -30.12 103.00
v 72.42 -30.12 103.00
v 77.03 -24.16 98.00
v 76.68 -23.55 98.00
v 76.68 -23.55 103.00
v 77.03 -24.16 103.00
v 76.68 -23.55 98.00
v 75.98 -23.55 98.00
v 75.98 -23.55 103.00
v 76.68 -23.55 103.00
v 75.98 -23.55 98.00
v 75.63 -24.16 98.00
v 75.63 -24.16 103.00
v 75.98 -23.55 103.00
v 75.63 -24.16 98.00
v 75.98 -24.77 98.00
v 75.98 -24.77 103.00
v 75.63 -24.16 103.00
v 75.98 -24.77 98.00
v 76.68 -24.77 98.00
v 76.68 -24.77 103.00
v 75.98 -24.77 103.00
v 76.68 -24.77 98.00
v 77.03 -24.16 98.00
v 77.03 -24.16 103.00
v 76.68 -24.77 103.00
v 77.03 -24.16 103.00
v 76.68 -23.55 103.00
v 75.98 -23.55 103.00
v 75.63 -24.16 103.00
v 75.98 -24.77 103.00
v 76.68 -24.77 103.00
v 80.16 -18.36 98.00
v 79.81 -17.75 98.00
v 79.81 -17.75 103.00
v 80.16 -18.36 103.00
v 79.81 -17.75 98.00
v 79.11 -17.75 98.00
v 79.11 -17.75 103.00
v 79.81 -17.75 103.00
v 79.11 -17.75 98.00
v 78.75 -18.36 98.00
v 78.75 -18.36 103.00
v 79.11 -17.75 103.00
v 78.75 -18.36 98.00
v 79.11 -18.97 98.00
v 79.11 -18.97 103.00
v 78.75 -18.36 103.00
v 79.11 -18.97 98.00
v 79.81 -18.97 98.00
v 79.81 -18.97 103.00
v 79.11 -18.97 103.00
v 79.81 -18.97 98.00
v 80.16 -18.36 98.00
v 80.16 -18.36 103.00
v 79.81 -18.97 103.00
v 80.16 -18.36 103.00
v 79.81 -17.75 103.00
v 79.11 -17.75 103.00
v 78.75 -18.36 103.00
v 79.11 -18.97 103.00
v 79.81 -18.97 103.00
v 82.06 -12.26 98.00
v 81.71 -11.65 98.00
v 81.71 -11.65 103.00
v 82.06 -12.26 103.00
v 81.71 -11.65 98.00
v 81.01 -11.65 98.00
v 81.01 -11.65 103.00
v 81.71 -11.65 103.00
v 81.01 -11.65 98.00
v 80.66 -12.26 98.00
v 80.66 -12.26 103.00
v 81.01 -11.65 103.00
v 80.66 -12.26 98.00
v 81.01 -12.86 98.00
v 81.01 -12.86 103.00
v 80.66 -12.26 103.00
v 81.01 -12.86 98.00
v 81.71 -12.86 98.00
v 81.71 -12.86 103.00
v 81.01 -12.86 103.00
v 81.71 -12.86 98.00
v 82.06 -12.26 98.00
v 82.06 -12.26 103.00
v 81.71 -12.86 103.00
v 82.06 -12.26 103.00
v 81.71 -11.65 103.00
v 81.01 -11.65 103.00
v 80.66 -12.26 103.00
v 81.01 -12.86 103.00
v 81.71 -12.86 103.00

usemtl mat_grass
v 86.20 -6.00 102.00
v 84.97 -3.03 102.00
v 82.00 -6.00 110.00
v 84.97 -3.03 102.00
v 82.00 -1.80 102.00
v 82.00 -6.00 110.00
v 82.00 -1.80 102.00
v 79.03 -3.03 102.00
v 82.00 -6.00 110.00
v 79.03 -3.03 102.00
v 77.80 -6.00 102.00
v 82.00 -6.00 110.00
v 77.80 -6.00 102.00
v 79.03 -8.97 102.00
v 82.00 -6.00 110.00
v 79.03 -8.97 102.00
v 82.00 -10.20 102.00
v 82.00 -6.00 110.00
v 82.00 -10.20 102.00
v 84.97 -8.97 102.00
v 82.00 -6.00 110.00
v 84.97 -8.97 102.00
v 86.20 -6.00 102.00
v 82.00 -6.00 110.00
v 85.56 0.26 102.00
v 84.33 3.23 102.00
v 81.36 0.26 110.00
v 84.33 3.23 102.00
v 81.36 4.46 102.00
v 81.36 0.26 110.00
v 81.36 4.46 102.00
v 78.39 3.23 102.00
v 81.36 0.26 110.00
v 78.39 3.23 102.00
v 77.16 0.26 102.00
v 81.36 0.26 110.00
v 77.16 0.26 102.00
v 78.39 -2.71 102.00
v 81.36 0.26 110.00
v 78.39 -2.71 102.00
v 81.36 -3.94 102.00
v 81.36 0.26 110.00
v 81.36 -3.94 102.00
v 84.33 -2.71 102.00
v 81.36 0.26 110.00
v 84.33 -2.71 102.00
v 85.56 0.26 102.00
v 81.36 0.26 110.00
v 83.66 6.36 102.00
v 82.42 9.33 102.00
v 79.45 6.36 110.00
v 82.42 9.33 102.00
v 79.45 10.56 102.00
v 79.45 6.36 110.00
v 79.45 10.56 102.00
v 76.48 9.33 102.00
v 79.45 6.36 110.00
v 76.48 9.33 102.00
v 75.25 6.36 102.00
v 79.45 6.36 110.00
v 75.25 6.36 102.00
v 76.48 3.39 102.00
v 79.45 6.36 110.00
v 76.48 3.39 102.00
v 79.45 2.16 102.00
v 79.45 6.36 110.00
v 79.45 2.16 102.00
v 82.42 3.39 102.00
v 79.45 6.36 110.00
v 82.42 3.39 102.00
v 83.66 6.36 102.00
v 79.45 6.36 110.00
v 80.53 12.16 102.00
v 79.30 15.13 102.00
v 76.33 12.16 110.00
v 79.30 15.13 102.00
v 76.33 16.36 102.00
v 76.33 12.16 110.00
v 76.33 16.36 102.00
v 73.36 15.13 102.00
v 76.33 12.16 110.00
v 73.36 15.13 102.00
v 72.13 12.16 102.00
v 76.33 12.16 110.00
v 72.13 12.16 102.00
v 73.36 9.19 102.00
v 76.33 12.16 110.00
v 73.36 9.19 102.00
v 76.33 7.96 102.00
v 76.33 12.16 110.00
v 76.33 7.96 102.00
v 79.30 9.19 102.00
v 76.33 12.16 110.00
v 79.30 9.19 102.00
v 80.53 12.16 102.00
v 76.33 12.16 110.00
v 76.27 17.51 102.00
v 75.04 20.48 102.00
v 72.07 17.51 110.00
v 75.04 20.48 102.00
v 72.07 21.71 102.00
v 72.07 17.51 110.00
v 72.07 21.71 102.00
v 69.10 20.48 102.00
v 72.07 17.51 110.00
v 69.10 20.48 102.00
v 67.87 17.51 102.00
v 72.07 17.51 110.00
v 67.87 17.51 102.00
v 69.10 14.54 102.00
v 72.07 17.51 110.00
v 69.10 14.54 102.00
v 72.07 13.31 102.00
v 72.07 17.51 110.00
v 72.07 13.31 102.00
v 75.04 14.54 102.00
v 72.07 17.51 110.00
v 75.04 14.54 102.00
v 76.27 17.51 102.00
v 72.07 17.51 110.00
v 70.97 22.28 102.00
v 69.74 25.25 102.00
v 66.77 22.28 110.00
v 69.74 25.25 102.00
v 66.77 26.48 102.00
v 66.77 22.28 110.00
v 66.77 26.48 102.00
v 63.80 25.25 102.00
v 66.77 22.28 110.00
v 63.80 25.25 102.00
v 62.57 22.28 102.00
v 66.77 22.28 110.00
v 62.57 22.28 102.00
v 63.80 19.31 102.00
v 66.77 22.28 110.00
v 63.80 19.31 102.00
v 66.77 18.08 102.00
v 66.77 22.28 110.00
v 66.77 18.08 102.00
v 69.74 19.31 102.00
v 66.77 22.28 110.00
v 69.74 19.31 102.00
v 70.97 22.28 102.00
v 66.77 22.28 110.00
v 64.77 26.36 102.00
v 63.53 29.33 102.00
v 60.56 26.36 110.00
v 63.53 29.33 102.00
v 60.56 30.56 102.00
v 60.56 26.36 110.00
v 60.56 30.56 102.00
v 57.59 29.33 102.00
v 60.56 26.36 110.00
v 57.59 29.33 102.00
v 56.37 26.36 102.00
v 60.56 26.36 110.00
v 56.37 26.36 102.00
v 57.59 23.39 102.00
v 60.56 26.36 110.00
v 57.59 23.39 102.00
v 60.56 22.16 102.00
v 60.56 26.36 110.00
v 60.56 22.16 102.00
v 63.53 23.39 102.00
v 60.56 26.36 110.00
v 63.53 23.39 102.00
v 64.77 26.36 102.00
v 60.56 26.36 110.00
v 57.81 29.64 102.00
v 56.58 32.61 102.00
v 53.61 29.64 110.00
v 56.58 32.61 102.00
v 53.61 33.84 102.00
v 53.61 29.64 110.00
v 53.61 33.84 102.00
v 50.64 32.61 102.00
v 53.61 29.64 110.00
v 50.64 32.61 102.00
v 49.41 29.64 102.00
v 53.61 29.64 110.00
v 49.41 29.64 102.00
v 50.64 26.67 102.00
v 53.61 29.64 110.00
v 50.64 26.67 102.00
v 53.61 25.44 102.00
v 53.61 29.64 110.00
v 53.61 25.44 102.00
v 56.58 26.67 102.00
v 53.61 29.64 110.00
v 56.58 26.67 102.00
v 57.81 29.64 102.00
v 53.61 29.64 110.00
v 50.27 32.04 102.00
v 49.04 35.01 102.00
v 46.07 32.04 110.00
v 49.04 35.01 102.00
v 46.07 36.24 102.00
v 46.07 32.04 110.00
v 46.07 36.24 102.00
v 43.10 35.01 102.00
v 46.07 32.04 110.00
v 43.10 35.01 102.00
v 41.87 32.04 102.00
v 46.07 32.04 110.00
v 41.87 32.04 102.00
v 43.10 29.07 102.00
v 46.07 32.04 110.00
v 43.10 29.07 102.00
v 46.07 27.84 102.00
v 46.07 32.04 110.00
v 46.07 27.84 102.00
v 49.04 29.07 102.00
v 46.07 32.04 110.00
v 49.04 29.07 102.00
v 50.27 32.04 102.00
v 46.07 32.04 110.00
v 42.34 33.51 102.00
v 41.10 36.48 102.00
v 38.13 33.51 110.00
v 41.10 36.48 102.00
v 38.13 37.71 102.00
v 38.13 33.51 110.00
v 38.13 37.71 102.00
v 35.16 36.48 102.00
v 38.13 33.51 110.00
v 35.16 36.48 102.00
v 33.94 33.51 102.00
v 38.13 33.51 110.00
v 33.94 33.51 102.00
v 35.16 30.54 102.00
v 38.13 33.51 110.00
v 35.16 30.54 102.00
v 38.13 29.31 102.00
v 38.13 33.51 110.00
v 38.13 29.31 102.00
v 41.10 30.54 102.00
v 38.13 33.51 110.00
v 41.10 30.54 102.00
v 42.34 33.51 102.00
v 38.13 33.51 110.00
v 34.20 34.00 102.00
v 32.97 36.97 102.00
v 30.00 34.00 110.00
v 32.97 36.97 102.00
v 30.00 38.20 102.00
v 30.00 34.00 110.00
v 30.00 38.20 102.00
v 27.03 36.97 102.00
v 30.00 34.00 110.00
v 27.03 36.97 102.00
v 25.80 34.00 102.00
v 30.00 34.00 110.00
v 25.80 34.00 102.00
v 27.03 31.03 102.00
v 30.00 34.00 110.00
v 27.03 31.03 102.00
v 30.00 29.80 102.00
v 30.00 34.00 110.00
v 30.00 29.80 102.00
v 32.97 31.03 102.00
v 30.00 34.00 110.00
v 32.97 31.03 102.00
v 34.20 34.00 102.00
v 30.00 34.00 110.00
v 26.07 33.51 102.00
v 24.84 36.48 102.00
v 21.86 33.51 110.00
v 24.84 36.48 102.00
v 21.86 37.71 102.00
v 21.86 33.51 110.00
v 21.86 37.71 102.00
v 18.90 36.48 102.00
v 21.86 33.51 110.00
v 18.90 36.48 102.00
v 17.66 33.51 102.00
v 21.86 33.51 110.00
v 17.66 33.51 102.00
v 18.90 30.54 102.00
v 21.86 33.51 110.00
v 18.90 30.54 102.00
v 21.86 29.31 102.00
v 21.86 33.51 110.00
v 21.86 29.31 102.00
v 24.84 30.54 102.00
v 21.86 33.51 110.00
v 24.84 30.54 102.00
v 26.07 33.51 102.00
v 21.86 33.51 110.00
v 18.13 32.04 102.00
v 16.90 35.01 102.00
v 13.93 32.04 110.00
v 16.90 35.01 102.00
v 13.93 36.24 102.00
v 13.93 32.04 110.00
v 13.93 36.24 102.00
v 10.96 35.01 102.00
v 13.93 32.04 110.00
v 10.96 35.01 102.00
v 9.73 32.04 102.00
v 13.93 32.04 110.00
v 9.73 32.04 102.00
v 10.96 29.07 102.00
v 13.93 32.04 110.00
v 10.96 29.07 102.00
v 13.93 27.84 102.00
v 13.93 32.04 110.00
v 13.93 27.84 102.00
v 16.90 29.07 102.00
v 13.93 32.04 110.00
v 16.90 29.07 102.00
v 18.13 32.04 102.00
v 13.93 32.04 110.00
v 10.59 29.64 102.00
v 9.36 32.61 102.00
v 6.39 29.64 110.00
v 9.36 32.61 102.00
v 6.39 33.84 102.00
v 6.39 29.64 110.00
v 6.39 33.84 102.00
v 3.42 32.61 102.00
v 6.39 29.64 110.00
v 3.42 32.61 102.00
v 2.19 29.64 102.00
v 6.39 29.64 110.00
v 2.19 29.64 102.00
v 3.42 26.67 102.00
v 6.39 29.64 110.00
v 3.42 26.67 102.00
v 6.39 25.44 102.00
v 6.39 29.64 110.00
v 6.39 25.44 102.00
v 9.36 26.67 102.00
v 6.39 29.64 110.00
v 9.36 26.67 102.00
v 10.59 29.64 102.00
v 6.39 29.64 110.00
v 3.63 26.36 102.00
v 2.40 29.33 102.00
v -0.56 26.36 110.00
v 2.40 29.33 102.00
v -0.56 30.56 102.00
v -0.56 26.36 110.00
v -0.56 30.56 102.00
v -3.54 29.33 102.00
v -0.56 26.36 110.00
v -3.54 29.33 102.00
v -4.76 26.36 102.00
v -0.56 26.36 110.00
v -4.76 26.36 102.00
v -3.54 23.39 102.00
v -0.56 26.36 110.00
v -3.54 23.39 102.00
v -0.56 22.16 102.00
v -0.56 26.36 110.00
v -0.56 22.16 102.00
v 2.40 23.39 102.00
v -0.56 26.36 110.00
v 2.40 23.39 102.00
v 3.63 26.36 102.00
v -0.56 26.36 110.00
v -2.57 22.28 102.00
v -3.80 25.25 102.00
v -6.77 22.28 110.00
v -3.80 25.25 102.00
v -6.77 26.48 102.00
v -6.77 22.28 110.00
v -6.77 26.48 102.00
v -9.74 25.25 102.00
v -6.77 22.28 110.00
v -9.74 25.25 102.00
v -10.97 22.28 102.00
v -6.77 22.28 110.00
v -10.97 22.28 102.00
v -9.74 19.31 102.00
v -6.77 22.28 110.00
v -9.74 19.31 102.00
v -6.77 18.08 102.00
v -6.77 22.28 110.00
v -6.77 18.08 102.00
v -3.80 19.31 102.00
v -6.77 22.28 110.00
v -3.80 19.31 102.00
v -2.57 22.28 102.00
v -6.77 22.28 110.00
v -7.87 17.51 102.00
v -9.10 20.48 102.00
v -12.07 17.51 110.00
v -9.10 20.48 102.00
v -12.07 21.71 102.00
v -12.07 17.51 110.00
v -12.07 21.71 102.00
v -15.04 20.48 102.00
v -12.07 17.51 110.00
v -15.04 20.48 102.00
v -16.27 17.51 102.00
v -12.07 17.51 110.00
v -16.27 17.51 102.00
v -15.04 14.54 102.00
v -12.07 17.51 110.00
v -15.04 14.54 102.00
v -12.07 13.31 102.00
v -12.07 17.51 110.00
v -12.07 13.31 102.00
v -9.10 14.54 102.00
v -12.07 17.51 110.00
v -9.10 14.54 102.00
v -7.87 17.51 102.00
v -12.07 17.51 110.00
v -12.13 12.16 102.00
v -13.36 15.13 102.00
v -16.33 12.16 110.00
v -13.36 15.13 102.00
v -16.33 16.36 102.00
v -16.33 12.16 110.00
v -16.33 16.36 102.00
v -19.30 15.13 102.00
v -16.33 12.16 110.00
v -19.30 15.13 102.00
v -20.53 12.16 102.00
v -16.33 12.16 110.00
v -20.53 12.16 102.00
v -19.30 9.19 102.00
v -16.33 12.16 110.00
v -19.30 9.19 102.00
v -16.33 7.96 102.00
v -16.33 12.16 110.00
v -16.33 7.96 102.00
v -13.36 9.19 102.00
v -16.33 12.16 110.00
v -13.36 9.19 102.00
v -12.13 12.16 102.00
v -16.33 12.16 110.00
v -15.26 6.36 102.00
v -16.48 9.33 102.00
v -19.45 6.36 110.00
v -16.48 9.33 102.00
v -19.45 10.56 102.00
v -19.45 6.36 110.00
v -19.45 10.56 102.00
v -22.43 9.33 102.00
v -19.45 6.36 110.00
v -22.43 9.33 102.00
v -23.66 6.36 102.00
v -19.45 6.36 110.00
v -23.66 6.36 102.00
v -22.43 3.39 102.00
v -19.45 6.36 110.00
v -22.43 3.39 102.00
v -19.45 2.16 102.00
v -19.45 6.36 110.00
v -19.45 2.16 102.00
v -16.48 3.39 102.00
v -19.45 6.36 110.00
v -16.48 3.39 102.00
v -15.26 6.36 102.00
v -19.45 6.36 110.00
v -17.16 0.26 102.00
v -18.39 3.23 102.00
v -21.36 0.26 110.00
v -18.39 3.23 102.00
v -21.36 4.46 102.00
v -21.36 0.26 110.00
v -21.36 4.46 102.00
v -24.33 3.23 102.00
v -21.36 0.26 110.00
v -24.33 3.23 102.00
v -25.56 0.26 102.00
v -21.36 0.26 110.00
v -25.56 0.26 102.00
v -24.33 -2.71 102.00
v -21.36 0.26 110.00
v -24.33 -2.71 102.00
v -21.36 -3.94 102.00
v -21.36 0.26 110.00
v -21.36 -3.94 102.00
v -18.39 -2.71 102.00
v -21.36 0.26 110.00
v -18.39 -2.71 102.00
v -17.16 0.26 102.00
v -21.36 0.26 110.00
v -17.80 -6.00 102.00
v -19.03 -3.03 102.00
v -22.00 -6.00 110.00
v -19.03 -3.03 102.00
v -22.00 -1.80 102.00
v -22.00 -6.00 110.00
v -22.00 -1.80 102.00
v -24.97 -3.03 102.00
v -22.00 -6.00 110.00
v -24.97 -3.03 102.00
v -26.20 -6.00 102.00
v -22.00 -6.00 110.00
v -26.20 -6.00 102.00
v -24.97 -8.97 102.00
v -22.00 -6.00 110.00
v -24.97 -8.97 102.00
v -22.00 -10.20 102.00
v -22.00 -6.00 110.00
v -22.00 -10.20 102.00
v -19.03 -8.97 102.00
v -22.00 -6.00 110.00
v -19.03 -8.97 102.00
v -17.80 -6.00 102.00
v -22.00 -6.00 110.00
v -17.16 -12.26 102.00
v -18.39 -9.29 102.00
v -21.36 -12.26 110.00
v -18.39 -9.29 102.00
v -21.36 -8.06 102.00
v -21.36 -12.26 110.00
v -21.36 -8.06 102.00
v -24.33 -9.29 102.00
v -21.36 -12.26 110.00
v -24.33 -9.29 102.00
v -25.56 -12.26 102.00
v -21.36 -12.26 110.00
v -25.56 -12.26 102.00
v -24.33 -15.23 102.00
v -21.36 -12.26 110.00
v -24.33 -15.23 102.00
v -21.36 -16.46 102.00
v -21.36 -12.26 110.00
v -21.36 -16.46 102.00
v -18.39 -15.23 102.00
v -21.36 -12.26 110.00
v -18.39 -15.23 102.00
v -17.16 -12.26 102.00
v -21.36 -12.26 110.00
v -15.26 -18.36 102.00
v -16.48 -15.39 102.00
v -19.45 -18.36 110.00
v -16.48 -15.39 102.00
v -19.45 -14.16 102.00
v -19.45 -18.36 110.00
v -19.45 -14.16 102.00
v -22.43 -15.39 102.00
v -19.45 -18.36 110.00
v -22.43 -15.39 102.00
v -23.66 -18.36 102.00
v -19.45 -18.36 110.00
v -23.66 -18.36 102.00
v -22.43 -21.33 102.00
v -19.45 -18.36 110.00
v -22.43 -21.33 102.00
v -19.45 -22.56 102.00
v -19.45 -18.36 110.00
v -19.45 -22.56 102.00
v -16.48 -21.33 102.00
v -19.45 -18.36 110.00
v -16.48 -21.33 102.00
v -15.26 -18.36 102.00
v -19.45 -18.36 110.00
v -12.13 -24.16 102.00
v -13.36 -21.19 102.00
v -16.33 -24.16 110.00
v -13.36 -21.19 102.00
v -16.33 -19.96 102.00
v -16.33 -24.16 110.00
v -16.33 -19.96 102.00
v -19.30 -21.19 102.00
v -16.33 -24.16 110.00
v -19.30 -21.19 102.00
v -20.53 -24.16 102.00
v -16.33 -24.16 110.00
v -20.53 -24.16 102.00
v -19.30 -27.13 102.00
v -16.33 -24.16 110.00
v -19.30 -27.13 102.00
v -16.33 -28.36 102.00
v -16.33 -24.16 110.00
v -16.33 -28.36 102.00
v -13.36 -27.13 102.00
v -16.33 -24.16 110.00
v -13.36 -27.13 102.00
v -12.13 -24.16 102.00
v -16.33 -24.16 110.00
v -7.87 -29.51 102.00
v -9.10 -26.54 102.00
v -12.07 -29.51 110.00
v -9.10 -26.54 102.00
v -12.07 -25.31 102.00
v -12.07 -29.51 110.00
v -12.07 -25.31 102.00
v -15.04 -26.54 102.00
v -12.07 -29.51 110.00
v -15.04 -26.54 102.00
v -16.27 -29.51 102.00
v -12.07 -29.51 110.00
v -16.27 -29.51 102.00
v -15.04 -32.48 102.00
v -12.07 -29.51 110.00
v -15.04 -32.48 102.00
v -12.07 -33.71 102.00
v -12.07 -29.51 110.00
v -12.07 -33.71 102.00
v -9.10 -32.48 102.00
v -12.07 -29.51 110.00
v -9.10 -32.48 102.00
v -7.87 -29.51 102.00
v -12.07 -29.51 110.00
v -2.57 -34.28 102.00
v -3.80 -31.31 102.00
v -6.77 -34.28 110.00
v -3.80 -31.31 102.00
v -6.77 -30.08 102.00
v -6.77 -34.28 110.00
v -6.77 -30.08 102.00
v -9.74 -31.31 102.00
v -6.77 -34.28 110.00
v -9.74 -31.31 102.00
v -10.97 -34.28 102.00
v -6.77 -34.28 110.00
v -10.97 -34.28 102.00
v -9.74 -37.25 102.00
v -6.77 -34.28 110.00
v -9.74 -37.25 102.00
v -6.77 -38.48 102.00
v -6.77 -34.28 110.00
v -6.77 -38.48 102.00
v -3.80 -37.25 102.00
v -6.77 -34.28 110.00
v -3.80 -37.25 102.00
v -2.57 -34.28 102.00
v -6.77 -34.28 110.00
v 3.63 -38.36 102.00
v 2.40 -35.39 102.00
v -0.56 -38.36 110.00
v 2.40 -35.39 102.00
v -0.56 -34.16 102.00
v -0.56 -38.36 110.00
v -0.56 -34.16 102.00
v -3.54 -35.39 102.00
v -0.56 -38.36 110.00
v -3.54 -35.39 102.00
v -4.76 -38.36 102.00
v -0.56 -38.36 110.00
v -4.76 -38.36 102.00
v -3.54 -41.33 102.00
v -0.56 -38.36 110.00
v -3.54 -41.33 102.00
v -0.56 -42.56 102.00
v -0.56 -38.36 110.00
v -0.56 -42.56 102.00
v 2.40 -41.33 102.00
v -0.56 -38.36 110.00
v 2.40 -41.33 102.00
v 3.63 -38.36 102.00
v -0.56 -38.36 110.00
v 10.59 -41.64 102.00
v 9.36 -38.67 102.00
v 6.39 -41.64 110.00
v 9.36 -38.67 102.00
v 6.39 -37.44 102.00
v 6.39 -41.64 110.00
v 6.39 -37.44 102.00
v 3.42 -38.67 102.00
v 6.39 -41.64 110.00
v 3.42 -38.67 102.00
v 2.19 -41.64 102.00
v 6.39 -41.64 110.00
v 2.19 -41.64 102.00
v 3.42 -44.61 102.00
v 6.39 -41.64 110.00
v 3.42 -44.61 102.00
v 6.39 -45.84 102.00
v 6.39 -41.64 110.00
v 6.39 -45.84 102.00
v 9.36 -44.61 102.00
v 6.39 -41.64 110.00
v 9.36 -44.61 102.00
v 10.59 -41.64 102.00
v 6.39 -41.64 110.00
v 18.13 -44.04 102.00
v 16.90 -41.07 102.00
v 13.93 -44.04 110.00
v 16.90 -41.07 102.00
v 13.93 -39.84 102.00
v 13.93 -44.04 110.00
v 13.93 -39.84 102.00
v 10.96 -41.07 102.00
v 13.93 -44.04 110.00
v 10.96 -41.07 102.00
v 9.73 -44.04 102.00
v 13.93 -44.04 110.00
v 9.73 -44.04 102.00
v 10.96 -47.01 102.00
v 13.93 -44.04 110.00
v 10.96 -47.01 102.00
v 13.93 -48.24 102.00
v 13.93 -44.04 110.00
v 13.93 -48.24 102.00
v 16.90 -47.01 102.00
v 13.93 -44.04 110.00
v 16.90 -47.01 102.00
v 18.13 -44.04 102.00
v 13.93 -44.04 110.00
v 26.07 -45.51 102.00
v 24.84 -42.54 102.00
v 21.86 -45.51 110.00
v 24.84 -42.54 102.00
v 21.86 -41.31 102.00
v 21.86 -45.51 110.00
v 21.86 -41.31 102.00
v 18.90 -42.54 102.00
v 21.86 -45.51 110.00
v 18.90 -42.54 102.00
v 17.66 -45.51 102.00
v 21.86 -45.51 110.00
v 17.66 -45.51 102.00
v 18.90 -48.48 102.00
v 21.86 -45.51 110.00
v 18.90 -48.48 102.00
v 21.86 -49.71 102.00
v 21.86 -45.51 110.00
v 21.86 -49.71 102.00
v 24.84 -48.48 102.00
v 21.86 -45.51 110.00
v 24.84 -48.48 102.00
v 26.07 -45.51 102.00
v 21.86 -45.51 110.00
v 34.20 -46.00 102.00
v 32.97 -43.03 102.00
v 30.00 -46.00 110.00
v 32.97 -43.03 102.00
v 30.00 -41.80 102.00
v 30.00 -46.00 110.00
v 30.00 -41.80 102.00
v 27.03 -43.03 102.00
v 30.00 -46.00 110.00
v 27.03 -43.03 102.00
v 25.80 -46.00 102.00
v 30.00 -46.00 110.00
v 25.80 -46.00 102.00
v 27.03 -48.97 102.00
v 30.00 -46.00 110.00
v 27.03 -48.97 102.00
v 30.00 -50.20 102.00
v 30.00 -46.00 110.00
v 30.00 -50.20 102.00
v 32.97 -48.97 102.00
v 30.00 -46.00 110.00
v 32.97 -48.97 102.00
v 34.20 -46.00 102.00
v 30.00 -46.00 110.00
v 42.34 -45.51 102.00
v 41.10 -42.54 102.00
v 38.13 -45.51 110.00
v 41.10 -42.54 102.00
v 38.13 -41.31 102.00
v 38.13 -45.51 110.00
v 38.13 -41.31 102.00
v 35.16 -42.54 102.00
v 38.13 -45.51 110.00
v 35.16 -42.54 102.00
v 33.94 -45.51 102.00
v 38.13 -45.51 110.00
v 33.94 -45.51 102.00
v 35.16 -48.48 102.00
v 38.13 -45.51 110.00
v 35.16 -48.48 102.00
v 38.13 -49.71 102.00
v 38.13 -45.51 110.00
v 38.13 -49.71 102.00
v 41.10 -48.48 102.00
v 38.13 -45.51 110.00
v 41.10 -48.48 102.00
v 42.34 -45.51 102.00
v 38.13 -45.51 110.00
v 50.27 -44.04 102.00
v 49.04 -41.07 102.00
v 46.07 -44.04 110.00
v 49.04 -41.07 102.00
v 46.07 -39.84 102.00
v 46.07 -44.04 110.00
v 46.07 -39.84 102.00
v 43.10 -41.07 102.00
v 46.07 -44.04 110.00
v 43.10 -41.07 102.00
v 41.87 -44.04 102.00
v 46.07 -44.04 110.00
v 41.87 -44.04 102.00
v 43.10 -47.01 102.00
v 46.07 -44.04 110.00
v 43.10 -47.01 102.00
v 46.07 -48.24 102.00
v 46.07 -44.04 110.00
v 46.07 -48.24 102.00
v 49.04 -47.01 102.00
v 46.07 -44.04 110.00
v 49.04 -47.01 102.00
v 50.27 -44.04 102.00
v 46.07 -44.04 110.00
v 57.81 -41.64 102.00
v 56.58 -38.67 102.00
v 53.61 -41.64 110.00
v 56.58 -38.67 102.00
v 53.61 -37.44 102.00
v 53.61 -41.64 110.00
v 53.61 -37.44 102.00
v 50.64 -38.67 102.00
v 53.61 -41.64 110.00
v 50.64 -38.67 102.00
v 49.41 -41.64 102.00
v 53.61 -41.64 110.00
v 49.41 -41.64 102.00
v 50.64 -44.61 102.00
v 53.61 -41.64 110.00
v 50.64 -44.61 102.00
v 53.61 -45.84 102.00
v 53.61 -41.64 110.00
v 53.61 -45.84 102.00
v 56.58 -44.61 102.00
v 53.61 -41.64 110.00
v 56.58 -44.61 102.00
v 57.81 -41.64 102.00
v 53.61 -41.64 110.00
v 64.77 -38.36 102.00
v 63.53 -35.39 102.00
v 60.56 -38.36 110.00
v 63.53 -35.39 102.00
v 60.56 -34.16 102.00
v 60.56 -38.36 110.00
v 60.56 -34.16 102.00
v 57.59 -35.39 102.00
v 60.56 -38.36 110.00
v 57.59 -35.39 102.00
v 56.37 -38.36 102.00
v 60.56 -38.36 110.00
v 56.37 -38.36 102.00
v 57.59 -41.33 102.00
v 60.56 -38.36 110.00
v 57.59 -41.33 102.00
v 60.56 -42.56 102.00
v 60.56 -38.36 110.00
v 60.56 -42.56 102.00
v 63.53 -41.33 102.00
v 60.56 -38.36 110.00
v 63.53 -41.33 102.00
v 64.77 -38.36 102.00
v 60.56 -38.36 110.00
v 70.97 -34.28 102.00
v 69.74 -31.31 102.00
v 66.77 -34.28 110.00
v 69.74 -31.31 102.00
v 66.77 -30.08 102.00
v 66.77 -34.28 110.00
v 66.77 -30.08 102.00
v 63.80 -31.31 102.00
v 66.77 -34.28 110.00
v 63.80 -31.31 102.00
v 62.57 -34.28 102.00
v 66.77 -34.28 110.00
v 62.57 -34.28 102.00
v 63.80 -37.25 102.00
v 66.77 -34.28 110.00
v 63.80 -37.25 102.00
v 66.77 -38.48 102.00
v 66.77 -34.28 110.00
v 66.77 -38.48 102.00
v 69.74 -37.25 102.00
v 66.77 -34.28 110.00
v 69.74 -37.25 102.00
v 70.97 -34.28 102.00
v 66.77 -34.28 110.00
v 76.27 -29.51 102.00
v 75.04 -26.54 102.00
v 72.07 -29.51 110.00
v 75.04 -26.54 102.00
v 72.07 -25.31 102.00
v 72.07 -29.51 110.00
v 72.07 -25.31 102.00
v 69.10 -26.54 102.00
v 72.07 -29.51 110.00
v 69.10 -26.54 102.00
v 67.87 -29.51 102.00
v 72.07 -29.51 110.00
v 67.87 -29.51 102.00
v 69.10 -32.48 102.00
v 72.07 -29.51 110.00
v 69.10 -32.48 102.00
v 72.07 -33.71 102.00
v 72.07 -29.51 110.00
v 72.07 -33.71 102.00
v 75.04 -32.48 102.00
v 72.07 -29.51 110.00
v 75.04 -32.48 102.00
v 76.27 -29.51 102.00
v 72.07 -29.51 110.00
v 80.53 -24.16 102.00
v 79.30 -21.19 102.00
v 76.33 -24.16 110.00
v 79.30 -21.19 102.00
v 76.33 -19.96 102.00
v 76.33 -24.16 110.00
v 76.33 -19.96 102.00
v 73.36 -21.19 102.00
v 76.33 -24.16 110.00
v 73.36 -21.19 102.00
v 72.13 -24.16 102.00
v 76.33 -24.16 110.00
v 72.13 -24.16 102.00
v 73.36 -27.13 102.00
v 76.33 -24.16 110.00
v 73.36 -27.13 102.00
v 76.33 -28.36 102.00
v 76.33 -24.16 110.00
v 76.33 -28.36 102.00
v 79.30 -27.13 102.00
v 76.33 -24.16 110.00
v 79.30 -27.13 102.00
v 80.53 -24.16 102.00
v 76.33 -24.16 110.00
v 83.66 -18.36 102.00
v 82.42 -15.39 102.00
v 79.45 -18.36 110.00
v 82.42 -15.39 102.00
v 79.45 -14.16 102.00
v 79.45 -18.36 110.00
v 79.45 -14.16 102.00
v 76.48 -15.39 102.00
v 79.45 -18.36 110.00
v 76.48 -15.39 102.00
v 75.25 -18.36 102.00
v 79.45 -18.36 110.00
v 75.25 -18.36 102.00
v 76.48 -21.33 102.00
v 79.45 -18.36 110.00
v 76.48 -21.33 102.00
v 79.45 -22.56 102.00
v 79.45 -18.36 110.00
v 79.45 -22.56 102.00
v 82.42 -21.33 102.00
v 79.45 -18.36 110.00
v 82.42 -21.33 102.00
v 83.66 -18.36 102.00
v 79.45 -18.36 110.00
v 85.56 -12.26 102.00
v 84.33 -9.29 102.00
v 81.36 -12.26 110.00
v 84.33 -9.29 102.00
v 81.36 -8.06 102.00
v 81.36 -12.26 110.00
v 81.36 -8.06 102.00
v 78.39 -9.29 102.00
v 81.36 -12.26 110.00
v 78.39 -9.29 102.00
v 77.16 -12.26 102.00
v 81.36 -12.26 110.00
v 77.16 -12.26 102.00
v 78.39 -15.23 102.00
v 81.36 -12.26 110.00
v 78.39 -15.23 102.00
v 81.36 -16.46 102.00
v 81.36 -12.26 110.00
v 81.36 -16.46 102.00
v 84.33 -15.23 102.00
v 81.36 -12.26 110.00
v 84.33 -15.23 102.00
v 85.56 -12.26 102.00
v 81.36 -12.26 110.00
