# Castle & Palace — walls LOD
mtllib walls.mtl

usemtl mat_rock
v 28.97 -151.35 70.00
v 52.00 -153.80 70.00
v 52.00 -153.80 84.00
v 28.97 -151.35 84.00
v 52.00 -153.80 70.00
v 74.92 -150.74 70.00
v 74.92 -150.74 84.00
v 52.00 -153.80 84.00
v -60.18 -156.21 56.00
v -38.39 -168.75 56.00
v -38.39 -168.75 70.00
v -60.18 -156.21 70.00
v -38.39 -168.75 56.00
v -14.54 -178.12 56.00
v -14.54 -178.12 70.00
v -38.39 -168.75 70.00
v -14.54 -178.12 56.00
v 9.94 -186.13 56.00
v 9.94 -186.13 70.00
v -14.54 -178.12 70.00
v 9.94 -186.13 56.00
v 35.34 -192.84 56.00
v 35.34 -192.84 70.00
v 9.94 -186.13 70.00
v 35.34 -192.84 56.00
v 62.00 -195.98 56.00
v 62.00 -195.98 70.00
v 35.34 -192.84 70.00
v 62.00 -195.98 56.00
v 88.71 -193.09 56.00
v 88.71 -193.09 70.00
v 62.00 -195.98 70.00
v 88.71 -193.09 56.00
v 113.38 -184.22 56.00
v 113.38 -184.22 70.00
v 88.71 -193.09 70.00
v 113.38 -184.22 56.00
v 135.25 -172.19 56.00
v 135.25 -172.19 70.00
v 113.38 -184.22 70.00
v 135.25 -172.19 56.00
v 155.65 -160.09 56.00
v 155.65 -160.09 70.00
v 135.25 -172.19 70.00
v 155.65 -160.09 56.00
v 176.24 -148.66 56.00
v 176.24 -148.66 70.00
v 155.65 -160.09 70.00
v -113.28 -141.02 42.00
v -100.67 -163.69 42.00
v -100.67 -163.69 56.00
v -113.28 -141.02 56.00
v -100.67 -163.69 42.00
v -81.64 -183.26 42.00
v -81.64 -183.26 56.00
v -100.67 -163.69 56.00
v -81.64 -183.26 42.00
v -56.97 -197.94 42.00
v -56.97 -197.94 56.00
v -81.64 -183.26 56.00
v -56.97 -197.94 42.00
v -29.57 -208.57 42.00
v -29.57 -208.57 56.00
v -56.97 -197.94 56.00
v -29.57 -208.57 42.00
v -1.42 -217.33 42.00
v -1.42 -217.33 56.00
v -29.57 -208.57 56.00
v -1.42 -217.33 42.00
v 27.61 -224.77 42.00
v 27.61 -224.77 56.00
v -1.42 -217.33 56.00
v 27.61 -224.77 42.00
v 58.00 -228.65 42.00
v 58.00 -228.65 56.00
v 27.61 -224.77 56.00
v 58.00 -228.65 42.00
v 88.60 -225.97 42.00
v 88.60 -225.97 56.00
v 58.00 -228.65 56.00
v 88.60 -225.97 42.00
v 117.02 -216.22 42.00
v 117.02 -216.22 56.00
v 88.60 -225.97 56.00
v 117.02 -216.22 42.00
v 142.09 -202.26 42.00
v 142.09 -202.26 56.00
v 117.02 -216.22 56.00
v 142.09 -202.26 42.00
v 165.11 -187.82 42.00
v 165.11 -187.82 56.00
v 142.09 -202.26 56.00
v -168.46 30.03 30.00
v -181.68 4.00 30.00
v -181.68 4.00 42.00
v -168.46 30.03 42.00
v -181.68 4.00 30.00
v -188.89 -23.71 30.00
v -188.89 -23.71 42.00
v -181.68 4.00 42.00
v -188.89 -23.71 30.00
v -187.29 -52.00 30.00
v -187.29 -52.00 42.00
v -188.89 -23.71 42.00
v -187.29 -52.00 30.00
v -178.30 -79.01 30.00
v -178.30 -79.01 42.00
v -187.29 -52.00 42.00
v -184.59 71.11 22.00
v -202.47 44.16 22.00
v -202.47 44.16 30.00
v -184.59 71.11 30.00
v -202.47 44.16 22.00
v -217.28 15.66 22.00
v -217.28 15.66 30.00
v -202.47 44.16 30.00
v -217.28 15.66 22.00
v -224.86 -14.88 22.00
v -224.86 -14.88 30.00
v -217.28 15.66 30.00
v -224.86 -14.88 22.00
v -222.44 -46.00 22.00
v -222.44 -46.00 30.00
v -224.86 -14.88 30.00
v -222.44 -46.00 22.00
v -212.10 -75.56 22.00
v -212.10 -75.56 30.00
v -222.44 -46.00 30.00
v -212.10 -75.56 22.00
v -199.24 -103.16 22.00
v -199.24 -103.16 30.00
v -212.10 -75.56 30.00
v -199.24 -103.16 22.00
v -187.63 -130.40 22.00
v -187.63 -130.40 30.00
v -199.24 -103.16 30.00
v -187.63 -130.40 22.00
v -176.10 -158.48 22.00
v -176.10 -158.48 30.00
v -187.63 -130.40 30.00
v -25.89 -150.25 77.69
v -3.39 -152.43 77.69
v -3.39 -152.43 84.00
v -25.89 -150.25 84.00
v 20.73 -154.56 77.72
v 37.82 -151.29 77.72
v 40.07 -163.08 77.72
v 22.99 -166.35 77.72
v 22.99 -166.35 84.00
v 40.07 -163.08 84.00
v 37.82 -151.29 84.00
v 20.73 -154.56 84.00
v 22.99 -166.35 77.72
v 40.07 -163.08 77.72
v 40.07 -163.08 84.00
v 22.99 -166.35 84.00
v 40.07 -163.08 77.72
v 37.82 -151.29 77.72
v 37.82 -151.29 84.00
v 40.07 -163.08 84.00
v 37.82 -151.29 77.72
v 20.73 -154.56 77.72
v 20.73 -154.56 84.00
v 37.82 -151.29 84.00
v 20.73 -154.56 77.72
v 22.99 -166.35 77.72
v 22.99 -166.35 84.00
v 20.73 -154.56 84.00
v 65.34 -155.92 75.67
v 84.83 -146.23 75.67
v 90.17 -156.98 75.67
v 70.68 -166.67 75.67
v 70.68 -166.67 84.00
v 90.17 -156.98 84.00
v 84.83 -146.23 84.00
v 65.34 -155.92 84.00
v 70.68 -166.67 75.67
v 90.17 -156.98 75.67
v 90.17 -156.98 84.00
v 70.68 -166.67 84.00
v 90.17 -156.98 75.67
v 84.83 -146.23 75.67
v 84.83 -146.23 84.00
v 90.17 -156.98 84.00
v 84.83 -146.23 75.67
v 65.34 -155.92 75.67
v 65.34 -155.92 84.00
v 84.83 -146.23 84.00
v 65.34 -155.92 75.67
v 70.68 -166.67 75.67
v 70.68 -166.67 84.00
v 65.34 -155.92 84.00
v -66.32 -153.29 59.51
v -53.67 -158.17 59.51
v -57.99 -169.36 59.51
v -70.63 -164.49 59.51
v -70.63 -164.49 70.00
v -57.99 -169.36 70.00
v -53.67 -158.17 70.00
v -66.32 -153.29 70.00
v -70.63 -164.49 59.51
v -57.99 -169.36 59.51
v -57.99 -169.36 70.00
v -70.63 -164.49 70.00
v -57.99 -169.36 59.51
v -53.67 -158.17 59.51
v -53.67 -158.17 70.00
v -57.99 -169.36 70.00
v -53.67 -158.17 59.51
v -66.32 -153.29 59.51
v -66.32 -153.29 70.00
v -53.67 -158.17 70.00
v -66.32 -153.29 59.51
v -70.63 -164.49 59.51
v -70.63 -164.49 70.00
v -66.32 -153.29 70.00
v -23.07 -177.06 58.01
v -5.94 -178.45 58.01
v -6.92 -190.41 58.01
v -24.05 -189.02 58.01
v -24.05 -189.02 70.00
v -6.92 -190.41 70.00
v -5.94 -178.45 70.00
v -23.07 -177.06 70.00
v -24.05 -189.02 58.01
v -6.92 -190.41 58.01
v -6.92 -190.41 70.00
v -24.05 -189.02 70.00
v -6.92 -190.41 58.01
v -5.94 -178.45 58.01
v -5.94 -178.45 70.00
v -6.92 -190.41 70.00
v -5.94 -178.45 58.01
v -23.07 -177.06 58.01
v -23.07 -177.06 70.00
v -5.94 -178.45 70.00
v -23.07 -177.06 58.01
v -24.05 -189.02 58.01
v -24.05 -189.02 70.00
v -23.07 -177.06 70.00
v 26.12 -198.05 60.34
v 45.79 -194.44 60.34
v 47.96 -206.25 60.34
v 28.29 -209.85 60.34
v 28.29 -209.85 70.00
v 47.96 -206.25 70.00
v 45.79 -194.44 70.00
v 26.12 -198.05 70.00
v 28.29 -209.85 60.34
v 47.96 -206.25 60.34
v 47.96 -206.25 70.00
v 28.29 -209.85 70.00
v 47.96 -206.25 60.34
v 45.79 -194.44 60.34
v 45.79 -194.44 70.00
v 47.96 -206.25 70.00
v 45.79 -194.44 60.34
v 26.12 -198.05 60.34
v 26.12 -198.05 70.00
v 45.79 -194.44 70.00
v 26.12 -198.05 60.34
v 28.29 -209.85 60.34
v 28.29 -209.85 70.00
v 26.12 -198.05 70.00
v 80.20 -196.29 63.22
v 96.67 -188.72 63.22
v 101.68 -199.62 63.22
v 85.21 -207.19 63.22
v 85.21 -207.19 70.00
v 101.68 -199.62 70.00
v 96.67 -188.72 70.00
v 80.20 -196.29 70.00
v 85.21 -207.19 63.22
v 101.68 -199.62 63.22
v 101.68 -199.62 70.00
v 85.21 -207.19 70.00
v 101.68 -199.62 63.22
v 96.67 -188.72 63.22
v 96.67 -188.72 70.00
v 101.68 -199.62 70.00
v 96.67 -188.72 63.22
v 80.20 -196.29 63.22
v 80.20 -196.29 70.00
v 96.67 -188.72 70.00
v 80.20 -196.29 63.22
v 85.21 -207.19 63.22
v 85.21 -207.19 70.00
v 80.20 -196.29 70.00
v 133.71 -182.15 57.12
v 145.28 -173.06 57.12
v 152.70 -182.50 57.12
v 141.13 -191.58 57.12
v 141.13 -191.58 70.00
v 152.70 -182.50 70.00
v 145.28 -173.06 70.00
v 133.71 -182.15 70.00
v 141.13 -191.58 57.12
v 152.70 -182.50 57.12
v 152.70 -182.50 70.00
v 141.13 -191.58 70.00
v 152.70 -182.50 57.12
v 145.28 -173.06 57.12
v 145.28 -173.06 70.00
v 152.70 -182.50 70.00
v 145.28 -173.06 57.12
v 133.71 -182.15 57.12
v 133.71 -182.15 70.00
v 145.28 -173.06 70.00
v 133.71 -182.15 57.12
v 141.13 -191.58 57.12
v 141.13 -191.58 70.00
v 133.71 -182.15 70.00
v -130.19 -145.51 47.64
v -114.02 -158.51 47.64
v -114.02 -158.51 56.00
v -130.19 -145.51 56.00
v -114.02 -158.51 47.64
v -106.50 -149.15 47.64
v -106.50 -149.15 56.00
v -114.02 -158.51 56.00
v -94.51 -185.99 48.61
v -75.06 -194.65 48.61
v -79.94 -205.61 48.61
v -99.39 -196.95 48.61
v -99.39 -196.95 56.00
v -79.94 -205.61 56.00
v -75.06 -194.65 56.00
v -94.51 -185.99 56.00
v -99.39 -196.95 48.61
v -79.94 -205.61 48.61
v -79.94 -205.61 56.00
v -99.39 -196.95 56.00
v -79.94 -205.61 48.61
v -75.06 -194.65 48.61
v -75.06 -194.65 56.00
v -79.94 -205.61 56.00
v -75.06 -194.65 48.61
v -94.51 -185.99 48.61
v -94.51 -185.99 56.00
v -75.06 -194.65 56.00
v -94.51 -185.99 48.61
v -99.39 -196.95 48.61
v -99.39 -196.95 56.00
v -94.51 -185.99 56.00
v -41.64 -208.92 44.96
v -18.08 -212.26 44.96
v -19.77 -224.14 44.96
v -43.32 -220.80 44.96
v -43.32 -220.80 56.00
v -19.77 -224.14 56.00
v -18.08 -212.26 56.00
v -41.64 -208.92 56.00
v -43.32 -220.80 44.96
v -19.77 -224.14 44.96
v -19.77 -224.14 56.00
v -43.32 -220.80 56.00
v -19.77 -224.14 44.96
v -18.08 -212.26 44.96
v -18.08 -212.26 56.00
v -19.77 -224.14 56.00
v -18.08 -212.26 44.96
v -41.64 -208.92 44.96
v -41.64 -208.92 56.00
v -18.08 -212.26 56.00
v -41.64 -208.92 44.96
v -43.32 -220.80 44.96
v -43.32 -220.80 56.00
v -41.64 -208.92 56.00
v 15.70 -233.22 45.79
v 41.22 -230.09 45.79
v 42.68 -242.00 45.79
v 17.16 -245.13 45.79
v 17.16 -245.13 56.00
v 42.68 -242.00 56.00
v 41.22 -230.09 56.00
v 15.70 -233.22 56.00
v 17.16 -245.13 45.79
v 42.68 -242.00 45.79
v 42.68 -242.00 56.00
v 17.16 -245.13 56.00
v 42.68 -242.00 45.79
v 41.22 -230.09 45.79
v 41.22 -230.09 56.00
v 42.68 -242.00 56.00
v 41.22 -230.09 45.79
v 15.70 -233.22 45.79
v 15.70 -233.22 56.00
v 41.22 -230.09 56.00
v 15.70 -233.22 45.79
v 17.16 -245.13 45.79
v 17.16 -245.13 56.00
v 15.70 -233.22 56.00
v 81.11 -237.12 50.41
v 101.67 -229.06 50.41
v 106.05 -240.23 50.41
v 85.49 -248.29 50.41
v 85.49 -248.29 56.00
v 106.05 -240.23 56.00
v 101.67 -229.06 56.00
v 81.11 -237.12 56.00
v 85.49 -248.29 50.41
v 106.05 -240.23 50.41
v 106.05 -240.23 56.00
v 85.49 -248.29 56.00
v 106.05 -240.23 50.41
v 101.67 -229.06 50.41
v 101.67 -229.06 56.00
v 106.05 -240.23 56.00
v 101.67 -229.06 50.41
v 81.11 -237.12 50.41
v 81.11 -237.12 56.00
v 101.67 -229.06 56.00
v 81.11 -237.12 50.41
v 85.49 -248.29 50.41
v 85.49 -248.29 56.00
v 81.11 -237.12 56.00
v 136.28 -216.10 44.12
v 157.07 -201.49 44.12
v 163.97 -211.31 44.12
v 143.18 -225.92 44.12
v 143.18 -225.92 56.00
v 163.97 -211.31 56.00
v 157.07 -201.49 56.00
v 136.28 -216.10 56.00
v 143.18 -225.92 44.12
v 163.97 -211.31 44.12
v 163.97 -211.31 56.00
v 143.18 -225.92 56.00
v 163.97 -211.31 44.12
v 157.07 -201.49 44.12
v 157.07 -201.49 56.00
v 163.97 -211.31 56.00
v 157.07 -201.49 44.12
v 136.28 -216.10 44.12
v 136.28 -216.10 56.00
v 157.07 -201.49 56.00
v 136.28 -216.10 44.12
v 143.18 -225.92 44.12
v 143.18 -225.92 56.00
v 136.28 -216.10 56.00
v -179.12 16.90 32.06
v -179.69 -9.01 32.06
v -191.69 -8.74 32.06
v -191.12 17.16 32.06
v -191.12 17.16 42.00
v -191.69 -8.74 42.00
v -179.69 -9.01 42.00
v -179.12 16.90 42.00
v -191.12 17.16 32.06
v -191.69 -8.74 32.06
v -191.69 -8.74 42.00
v -191.12 17.16 42.00
v -191.69 -8.74 32.06
v -179.69 -9.01 32.06
v -179.69 -9.01 42.00
v -191.69 -8.74 42.00
v -179.69 -9.01 32.06
v -179.12 16.90 32.06
v -179.12 16.90 42.00
v -179.69 -9.01 42.00
v -179.12 16.90 32.06
v -191.12 17.16 32.06
v -191.12 17.16 42.00
v -179.12 16.90 42.00
v -192.39 -41.01 36.97
v -185.99 -64.05 36.97
v -197.55 -67.26 36.97
v -203.95 -44.22 36.97
v -203.95 -44.22 42.00
v -197.55 -67.26 42.00
v -185.99 -64.05 42.00
v -192.39 -41.01 42.00
v -203.95 -44.22 36.97
v -197.55 -67.26 36.97
v -197.55 -67.26 42.00
v -203.95 -44.22 42.00
v -197.55 -67.26 36.97
v -185.99 -64.05 36.97
v -185.99 -64.05 42.00
v -197.55 -67.26 42.00
v -185.99 -64.05 36.97
v -192.39 -41.01 36.97
v -192.39 -41.01 42.00
v -185.99 -64.05 42.00
v -192.39 -41.01 36.97
v -203.95 -44.22 36.97
v -203.95 -44.22 42.00
v -192.39 -41.01 42.00
v -181.46 -103.02 29.88
v -171.99 -118.15 29.88
v -171.99 -118.15 42.00
v -181.46 -103.02 42.00
v -171.28 -96.65 29.88
v -181.46 -103.02 29.88
v -181.46 -103.02 42.00
v -171.28 -96.65 42.00
v -161.87 -160.99 42.00
v -150.52 -171.65 42.00
v -142.31 -162.90 42.00
v -153.65 -152.25 42.00
v -142.31 -162.90 29.07
v -153.65 -152.25 29.07
v -153.65 -152.25 42.00
v -142.31 -162.90 42.00
v -153.65 -152.25 29.07
v -161.87 -160.99 29.07
v -161.87 -160.99 42.00
v -153.65 -152.25 42.00
v -124.07 -214.18 42.00
v -112.13 -220.66 42.00
v -106.40 -210.12 42.00
v -118.34 -203.64 42.00
v -61.27 -242.99 42.00
v -48.75 -245.81 42.00
v -46.11 -234.10 42.00
v -58.63 -231.28 42.00
v 1.32 -271.89 42.00
v 24.15 -270.82 42.00
v 23.58 -258.83 42.00
v 0.76 -259.90 42.00
v 74.50 -270.44 42.00
v 95.35 -263.81 42.00
v 91.72 -252.38 42.00
v 70.87 -259.00 42.00
v 138.17 -244.37 42.00
v 158.49 -231.71 42.00
v 152.15 -221.52 42.00
v 131.82 -234.18 42.00
v -181.25 80.64 22.61
v -188.50 61.81 22.61
v -199.70 66.12 22.61
v -192.45 84.95 22.61
v -192.45 84.95 30.00
v -199.70 66.12 30.00
v -188.50 61.81 30.00
v -181.25 80.64 30.00
v -192.45 84.95 22.61
v -199.70 66.12 22.61
v -199.70 66.12 30.00
v -192.45 84.95 30.00
v -199.70 66.12 22.61
v -188.50 61.81 22.61
v -188.50 61.81 30.00
v -199.70 66.12 30.00
v -188.50 61.81 22.61
v -181.25 80.64 22.61
v -181.25 80.64 30.00
v -188.50 61.81 30.00
v -181.25 80.64 22.61
v -192.45 84.95 22.61
v -192.45 84.95 30.00
v -181.25 80.64 30.00
v -225.54 4.02 22.61
v -223.78 28.36 22.61
v -223.78 28.36 30.00
v -225.54 4.02 30.00
v -223.78 28.36 22.61
v -235.75 29.23 22.61
v -235.75 29.23 30.00
v -223.78 28.36 30.00
v -226.37 -34.89 21.76
v -221.64 -57.76 21.76
v -233.39 -60.19 21.76
v -238.12 -37.32 21.76
v -238.12 -37.32 30.00
v -233.39 -60.19 30.00
v -221.64 -57.76 30.00
v -226.37 -34.89 30.00
v -233.39 -60.19 21.76
v -221.64 -57.76 21.76
v -221.64 -57.76 30.00
v -233.39 -60.19 30.00
v -221.64 -57.76 21.76
v -226.37 -34.89 21.76
v -226.37 -34.89 30.00
v -221.64 -57.76 30.00
v -210.01 -101.27 20.86
v -203.91 -113.05 20.86
v -214.57 -118.56 20.86
v -220.66 -106.79 20.86
v -220.66 -106.79 30.00
v -214.57 -118.56 30.00
v -203.91 -113.05 30.00
v -210.01 -101.27 30.00
v -220.66 -106.79 20.86
v -214.57 -118.56 20.86
v -214.57 -118.56 30.00
v -220.66 -106.79 30.00
v -214.57 -118.56 20.86
v -203.91 -113.05 20.86
v -203.91 -113.05 30.00
v -214.57 -118.56 30.00
v -203.91 -113.05 20.86
v -210.01 -101.27 20.86
v -210.01 -101.27 30.00
v -203.91 -113.05 30.00
v -210.01 -101.27 20.86
v -220.66 -106.79 20.86
v -220.66 -106.79 30.00
v -210.01 -101.27 30.00
v -182.80 -155.39 19.78
v -191.72 -163.42 19.78
v -191.72 -163.42 30.00
v -182.80 -155.39 30.00
v 22.73 -147.46 60.36
v 33.34 -145.42 60.36
v 35.22 -155.25 60.36
v 24.61 -157.28 60.36
v 24.61 -157.28 85.10
v 35.22 -155.25 85.10
v 33.34 -145.42 85.10
v 22.73 -147.46 85.10
v 24.61 -157.28 60.36
v 35.22 -155.25 60.36
v 35.22 -155.25 85.10
v 24.61 -157.28 85.10
v 35.22 -155.25 60.36
v 33.34 -145.42 60.36
v 33.34 -145.42 85.10
v 35.22 -155.25 85.10
v 22.73 -147.46 60.36
v 24.61 -157.28 60.36
v 24.61 -157.28 85.10
v 22.73 -147.46 85.10
v 62.59 -151.28 62.78
v 82.79 -141.25 62.78
v 87.24 -150.20 62.78
v 67.04 -160.24 62.78
v 67.04 -160.24 86.86
v 87.24 -150.20 86.86
v 82.79 -141.25 86.86
v 62.59 -151.28 86.86
v 67.04 -160.24 62.78
v 87.24 -150.20 62.78
v 87.24 -150.20 86.86
v 67.04 -160.24 86.86
v 62.59 -151.28 62.78
v 67.04 -160.24 62.78
v 67.04 -160.24 86.86
v 62.59 -151.28 86.86
v 11.94 -147.49 79.50
v 43.37 -141.47 79.50
v 46.01 -155.22 79.50
v 14.58 -161.24 79.50
v 14.58 -161.24 82.00
v 46.01 -155.22 82.00
v 43.37 -141.47 82.00
v 11.94 -147.49 82.00
v 14.58 -161.24 79.50
v 46.01 -155.22 79.50
v 46.01 -155.22 82.00
v 14.58 -161.24 82.00
v 11.94 -147.49 79.50
v 14.58 -161.24 79.50
v 14.58 -161.24 82.00
v 11.94 -147.49 82.00
v -67.32 -148.10 45.01
v -49.45 -154.99 45.01
v -53.04 -164.32 45.01
v -70.91 -157.43 45.01
v -70.91 -157.43 71.57
v -53.04 -164.32 71.57
v -49.45 -154.99 71.57
v -67.32 -148.10 71.57
v -70.91 -157.43 45.01
v -53.04 -164.32 45.01
v -53.04 -164.32 71.57
v -70.91 -157.43 71.57
v -53.04 -164.32 45.01
v -49.45 -154.99 45.01
v -49.45 -154.99 71.57
v -53.04 -164.32 71.57
v -49.45 -154.99 45.01
v -67.32 -148.10 45.01
v -67.32 -148.10 71.57
v -49.45 -154.99 71.57
v -67.32 -148.10 45.01
v -70.91 -157.43 45.01
v -70.91 -157.43 71.57
v -67.32 -148.10 71.57
v -21.91 -172.50 47.04
v -6.35 -173.78 47.04
v -7.17 -183.74 47.04
v -22.72 -182.47 47.04
v -22.72 -182.47 73.60
v -7.17 -183.74 73.60
v -6.35 -173.78 73.60
v -21.91 -172.50 73.60
v -22.72 -182.47 47.04
v -7.17 -183.74 47.04
v -7.17 -183.74 73.60
v -22.72 -182.47 73.60
v -7.17 -183.74 47.04
v -6.35 -173.78 47.04
v -6.35 -173.78 73.60
v -7.17 -183.74 73.60
v -6.35 -173.78 47.04
v -21.91 -172.50 47.04
v -21.91 -172.50 73.60
v -6.35 -173.78 73.60
v -21.91 -172.50 47.04
v -22.72 -182.47 47.04
v -22.72 -182.47 73.60
v -21.91 -172.50 73.60
v 28.24 -189.06 48.49
v 40.63 -186.79 48.49
v 42.43 -196.63 48.49
v 30.04 -198.90 48.49
v 30.04 -198.90 71.95
v 42.43 -196.63 71.95
v 40.63 -186.79 71.95
v 28.24 -189.06 71.95
v 30.04 -198.90 48.49
v 42.43 -196.63 48.49
v 42.43 -196.63 71.95
v 30.04 -198.90 71.95
v 42.43 -196.63 48.49
v 40.63 -186.79 48.49
v 40.63 -186.79 71.95
v 42.43 -196.63 71.95
v 40.63 -186.79 48.49
v 28.24 -189.06 48.49
v 28.24 -189.06 71.95
v 40.63 -186.79 71.95
v 28.24 -189.06 48.49
v 30.04 -198.90 48.49
v 30.04 -198.90 71.95
v 28.24 -189.06 71.95
v 81.69 -190.81 44.30
v 91.55 -186.28 44.30
v 95.72 -195.37 44.30
v 85.87 -199.90 44.30
v 85.87 -199.90 73.97
v 95.72 -195.37 73.97
v 91.55 -186.28 73.97
v 81.69 -190.81 73.97
v 85.87 -199.90 44.30
v 95.72 -195.37 44.30
v 95.72 -195.37 73.97
v 85.87 -199.90 73.97
v 95.72 -195.37 44.30
v 91.55 -186.28 44.30
v 91.55 -186.28 73.97
v 95.72 -195.37 73.97
v 91.55 -186.28 44.30
v 81.69 -190.81 44.30
v 81.69 -190.81 73.97
v 91.55 -186.28 73.97
v 81.69 -190.81 44.30
v 85.87 -199.90 44.30
v 85.87 -199.90 73.97
v 81.69 -190.81 73.97
v 122.99 -175.46 49.34
v 141.33 -161.06 49.34
v 147.50 -168.92 49.34
v 129.17 -183.32 49.34
v 129.17 -183.32 72.74
v 147.50 -168.92 72.74
v 141.33 -161.06 72.74
v 122.99 -175.46 72.74
v 129.17 -183.32 49.34
v 147.50 -168.92 49.34
v 147.50 -168.92 72.74
v 129.17 -183.32 72.74
v 147.50 -168.92 49.34
v 141.33 -161.06 49.34
v 141.33 -161.06 72.74
v 147.50 -168.92 72.74
v 141.33 -161.06 49.34
v 122.99 -175.46 49.34
v 122.99 -175.46 72.74
v 141.33 -161.06 72.74
v 122.99 -175.46 49.34
v 129.17 -183.32 49.34
v 129.17 -183.32 72.74
v 122.99 -175.46 72.74
v 165.44 -153.71 49.71
v 173.08 -160.16 49.71
v 173.08 -160.16 72.31
v 165.44 -153.71 72.31
v -89.85 -185.07 57.42
v -77.49 -190.58 57.42
v -73.42 -181.44 57.42
v -85.78 -175.94 57.42
v -89.85 -185.07 32.44
v -77.49 -190.58 32.44
v -77.49 -190.58 57.42
v -89.85 -185.07 57.42
v -77.49 -190.58 32.44
v -73.42 -181.44 32.44
v -73.42 -181.44 57.42
v -77.49 -190.58 57.42
v -73.42 -181.44 32.44
v -85.78 -175.94 32.44
v -85.78 -175.94 57.42
v -73.42 -181.44 57.42
v -85.78 -175.94 32.44
v -89.85 -185.07 32.44
v -89.85 -185.07 57.42
v -85.78 -175.94 57.42
v -36.75 -212.60 58.02
v -23.80 -214.44 58.02
v -22.40 -204.54 58.02
v -35.34 -202.70 58.02
v -36.75 -212.60 28.79
v -23.80 -214.44 28.79
v -23.80 -214.44 58.02
v -36.75 -212.60 58.02
v -23.80 -214.44 28.79
v -22.40 -204.54 28.79
v -22.40 -204.54 58.02
v -23.80 -214.44 58.02
v -22.40 -204.54 28.79
v -35.34 -202.70 28.79
v -35.34 -202.70 58.02
v -22.40 -204.54 58.02
v -35.34 -202.70 28.79
v -36.75 -212.60 28.79
v -36.75 -212.60 58.02
v -35.34 -202.70 58.02
v 22.75 -230.41 58.64
v 33.70 -229.06 58.64
v 32.48 -219.13 58.64
v 21.53 -220.48 58.64
v 22.75 -230.41 32.64
v 33.70 -229.06 32.64
v 33.70 -229.06 58.64
v 22.75 -230.41 58.64
v 33.70 -229.06 32.64
v 32.48 -219.13 32.64
v 32.48 -219.13 58.64
v 33.70 -229.06 58.64
v 32.48 -219.13 32.64
v 21.53 -220.48 32.64
v 21.53 -220.48 58.64
v 32.48 -219.13 58.64
v 21.53 -220.48 32.64
v 22.75 -230.41 32.64
v 22.75 -230.41 58.64
v 21.53 -220.48 58.64
v 85.24 -232.65 58.91
v 95.60 -228.59 58.91
v 91.95 -219.28 58.91
v 81.59 -223.34 58.91
v 85.24 -232.65 34.06
v 95.60 -228.59 34.06
v 95.60 -228.59 58.91
v 85.24 -232.65 58.91
v 95.60 -228.59 34.06
v 91.95 -219.28 34.06
v 91.95 -219.28 58.91
v 95.60 -228.59 58.91
v 91.95 -219.28 34.06
v 81.59 -223.34 34.06
v 81.59 -223.34 58.91
v 91.95 -219.28 58.91
v 81.59 -223.34 34.06
v 85.24 -232.65 34.06
v 85.24 -232.65 58.91
v 81.59 -223.34 58.91
v 136.23 -212.49 59.07
v 153.70 -200.22 59.07
v 147.95 -192.03 59.07
v 130.48 -204.31 59.07
v 136.23 -212.49 32.08
v 153.70 -200.22 32.08
v 153.70 -200.22 59.07
v 136.23 -212.49 59.07
v 153.70 -200.22 32.08
v 147.95 -192.03 32.08
v 147.95 -192.03 59.07
v 153.70 -200.22 59.07
v 147.95 -192.03 32.08
v 130.48 -204.31 32.08
v 130.48 -204.31 59.07
v 147.95 -192.03 59.07
v 130.48 -204.31 32.08
v 136.23 -212.49 32.08
v 136.23 -212.49 59.07
v 130.48 -204.31 59.07
v -93.40 -170.35 51.50
v -64.17 -183.38 51.50
v -69.87 -196.16 51.50
v -99.10 -183.14 51.50
v -99.10 -183.14 54.00
v -69.87 -196.16 54.00
v -64.17 -183.38 54.00
v -93.40 -170.35 54.00
v -99.10 -183.14 51.50
v -69.87 -196.16 51.50
v -69.87 -196.16 54.00
v -99.10 -183.14 54.00
v -69.87 -196.16 51.50
v -64.17 -183.38 51.50
v -64.17 -183.38 54.00
v -69.87 -196.16 54.00
v -64.17 -183.38 51.50
v -93.40 -170.35 51.50
v -93.40 -170.35 54.00
v -64.17 -183.38 54.00
v -93.40 -170.35 51.50
v -99.10 -183.14 51.50
v -99.10 -183.14 54.00
v -93.40 -170.35 54.00
v 10.88 -219.77 51.50
v 42.64 -215.87 51.50
v 44.35 -229.77 51.50
v 12.59 -233.67 51.50
v 12.59 -233.67 54.00
v 44.35 -229.77 54.00
v 42.64 -215.87 54.00
v 10.88 -219.77 54.00
v 12.59 -233.67 51.50
v 44.35 -229.77 51.50
v 44.35 -229.77 54.00
v 12.59 -233.67 54.00
v 44.35 -229.77 51.50
v 42.64 -215.87 51.50
v 42.64 -215.87 54.00
v 44.35 -229.77 54.00
v 42.64 -215.87 51.50
v 10.88 -219.77 51.50
v 10.88 -219.77 54.00
v 42.64 -215.87 54.00
v 10.88 -219.77 51.50
v 12.59 -233.67 51.50
v 12.59 -233.67 54.00
v 10.88 -219.77 54.00
v 124.97 -205.73 51.50
v 151.16 -187.34 51.50
v 159.21 -198.79 51.50
v 133.02 -217.19 51.50
v 133.02 -217.19 54.00
v 159.21 -198.79 54.00
v 151.16 -187.34 54.00
v 124.97 -205.73 54.00
v 133.02 -217.19 51.50
v 159.21 -198.79 51.50
v 159.21 -198.79 54.00
v 133.02 -217.19 54.00
v 159.21 -198.79 51.50
v 151.16 -187.34 51.50
v 151.16 -187.34 54.00
v 159.21 -198.79 54.00
v 151.16 -187.34 51.50
v 124.97 -205.73 51.50
v 124.97 -205.73 54.00
v 151.16 -187.34 54.00
v 124.97 -205.73 51.50
v 133.02 -217.19 51.50
v 133.02 -217.19 54.00
v 124.97 -205.73 54.00
v -176.45 14.41 25.62
v -176.91 -6.64 25.62
v -186.91 -6.42 25.62
v -186.45 14.63 25.62
v -186.45 14.63 43.98
v -186.91 -6.42 43.98
v -176.91 -6.64 43.98
v -176.45 14.41 43.98
v -186.45 14.63 25.62
v -186.91 -6.42 25.62
v -186.91 -6.42 43.98
v -186.45 14.63 43.98
v -186.91 -6.42 25.62
v -176.91 -6.64 25.62
v -176.91 -6.64 43.98
v -186.91 -6.42 43.98
v -176.91 -6.64 25.62
v -176.45 14.41 25.62
v -176.45 14.41 43.98
v -176.91 -6.64 43.98
v -176.45 14.41 25.62
v -186.45 14.63 25.62
v -186.45 14.63 43.98
v -176.45 14.41 43.98
v -185.54 -39.60 20.49
v -179.40 -61.73 20.49
v -189.03 -64.40 20.49
v -195.18 -42.27 20.49
v -195.18 -42.27 44.57
v -189.03 -64.40 44.57
v -179.40 -61.73 44.57
v -185.54 -39.60 44.57
v -195.18 -42.27 20.49
v -189.03 -64.40 20.49
v -189.03 -64.40 44.57
v -195.18 -42.27 44.57
v -189.03 -64.40 20.49
v -179.40 -61.73 20.49
v -179.40 -61.73 44.57
v -189.03 -64.40 44.57
v -179.40 -61.73 20.49
v -185.54 -39.60 20.49
v -185.54 -39.60 44.57
v -179.40 -61.73 44.57
v -185.54 -39.60 20.49
v -195.18 -42.27 20.49
v -195.18 -42.27 44.57
v -185.54 -39.60 44.57
v -147.75 -146.54 20.93
v -136.98 -156.65 20.93
v -143.83 -163.94 20.93
v -154.59 -153.83 20.93
v -154.59 -153.83 45.63
v -143.83 -163.94 45.63
v -136.98 -156.65 45.63
v -147.75 -146.54 45.63
v -154.59 -153.83 20.93
v -143.83 -163.94 20.93
v -143.83 -163.94 45.63
v -154.59 -153.83 45.63
v -136.98 -156.65 20.93
v -147.75 -146.54 20.93
v -147.75 -146.54 45.63
v -136.98 -156.65 45.63
v -147.75 -146.54 20.93
v -154.59 -153.83 20.93
v -154.59 -153.83 45.63
v -147.75 -146.54 45.63
v -121.69 -202.63 44.26
v -103.74 -212.38 44.26
v -98.97 -203.59 44.26
v -116.91 -193.84 44.26
v -63.53 -234.83 43.80
v -43.20 -239.41 43.80
v -41.01 -229.65 43.80
v -61.34 -225.07 43.80
v 0.54 -256.81 43.62
v 23.52 -255.73 43.62
v 23.05 -245.74 43.62
v 0.07 -246.82 43.62
v 74.35 -260.69 45.93
v 89.84 -255.76 45.93
v 86.81 -246.23 45.93
v 71.32 -251.16 45.93
v 135.51 -235.89 43.03
v 152.06 -225.58 43.03
v 146.77 -217.09 43.03
v 130.22 -227.40 43.03
v -186.80 79.27 32.42
v -191.70 66.54 32.42
v -182.37 62.95 32.42
v -177.47 75.68 32.42
v -186.80 79.27 13.34
v -191.70 66.54 13.34
v -191.70 66.54 32.42
v -186.80 79.27 32.42
v -191.70 66.54 13.34
v -182.37 62.95 13.34
v -182.37 62.95 32.42
v -191.70 66.54 32.42
v -182.37 62.95 13.34
v -177.47 75.68 13.34
v -177.47 75.68 32.42
v -182.37 62.95 32.42
v -177.47 75.68 13.34
v -186.80 79.27 13.34
v -186.80 79.27 32.42
v -177.47 75.68 32.42
v -221.70 23.94 31.39
v -222.84 8.10 31.39
v -212.87 7.38 31.39
v -211.73 23.22 31.39
v -221.70 23.94 15.53
v -222.84 8.10 15.53
v -222.84 8.10 31.39
v -221.70 23.94 31.39
v -222.84 8.10 15.53
v -212.87 7.38 15.53
v -212.87 7.38 31.39
v -222.84 8.10 31.39
v -212.87 7.38 15.53
v -211.73 23.22 15.53
v -211.73 23.22 31.39
v -212.87 7.38 31.39
v -211.73 23.22 15.53
v -221.70 23.94 15.53
v -221.70 23.94 31.39
v -211.73 23.22 31.39
v -228.94 -39.26 32.89
v -225.74 -54.76 32.89
v -215.94 -52.74 32.89
v -219.15 -37.24 32.89
v -228.94 -39.26 14.62
v -225.74 -54.76 14.62
v -225.74 -54.76 32.89
v -228.94 -39.26 32.89
v -225.74 -54.76 14.62
v -215.94 -52.74 14.62
v -215.94 -52.74 32.89
v -225.74 -54.76 32.89
v -215.94 -52.74 14.62
v -219.15 -37.24 14.62
v -219.15 -37.24 32.89
v -215.94 -52.74 32.89
v -219.15 -37.24 14.62
v -228.94 -39.26 14.62
v -228.94 -39.26 32.89
v -219.15 -37.24 32.89
v -207.21 -98.63 32.72
v -200.14 -112.28 32.72
v -191.26 -107.69 32.72
v -198.33 -94.04 32.72
v -207.21 -98.63 10.65
v -200.14 -112.28 10.65
v -200.14 -112.28 32.72
v -207.21 -98.63 32.72
v -200.14 -112.28 10.65
v -191.26 -107.69 10.65
v -191.26 -107.69 32.72
v -200.14 -112.28 32.72
v -191.26 -107.69 10.65
v -198.33 -94.04 10.65
v -198.33 -94.04 32.72
v -191.26 -107.69 32.72
v -198.33 -94.04 10.65
v -207.21 -98.63 10.65
v -207.21 -98.63 32.72
v -198.33 -94.04 32.72
v -184.54 -156.58 31.59
v -175.10 -167.07 31.59
v -167.66 -160.38 31.59
v -177.10 -149.89 31.59
v -167.66 -160.38 10.90
v -177.10 -149.89 10.90
v -177.10 -149.89 31.59
v -167.66 -160.38 31.59
v -177.10 -149.89 10.90
v -184.54 -156.58 10.90
v -184.54 -156.58 31.59
v -177.10 -149.89 31.59
v -209.15 31.12 25.50
v -211.45 -0.80 25.50
v -225.42 0.20 25.50
v -223.12 32.12 25.50
v -223.12 32.12 28.00
v -225.42 0.20 28.00
v -211.45 -0.80 28.00
v -209.15 31.12 28.00
v -223.12 32.12 25.50
v -225.42 0.20 25.50
v -225.42 0.20 28.00
v -223.12 32.12 28.00
v -225.42 0.20 25.50
v -211.45 -0.80 25.50
v -211.45 -0.80 28.00
v -225.42 0.20 28.00
v -211.45 -0.80 25.50
v -209.15 31.12 25.50
v -209.15 31.12 28.00
v -211.45 -0.80 28.00
v -209.15 31.12 25.50
v -223.12 32.12 25.50
v -223.12 32.12 28.00
v -209.15 31.12 28.00
v -200.38 -85.73 25.50
v -185.66 -114.15 25.50
v -198.09 -120.59 25.50
v -212.81 -92.17 25.50
v -212.81 -92.17 28.00
v -198.09 -120.59 28.00
v -185.66 -114.15 28.00
v -200.38 -85.73 28.00
v -212.81 -92.17 25.50
v -198.09 -120.59 25.50
v -198.09 -120.59 28.00
v -212.81 -92.17 28.00
v -198.09 -120.59 25.50
v -185.66 -114.15 25.50
v -185.66 -114.15 28.00
v -198.09 -120.59 28.00
v -185.66 -114.15 25.50
v -200.38 -85.73 25.50
v -200.38 -85.73 28.00
v -185.66 -114.15 28.00
v -200.38 -85.73 25.50
v -212.81 -92.17 25.50
v -212.81 -92.17 28.00
v -200.38 -85.73 28.00
v -205.18 93.12 25.36
v -210.61 80.09 25.36
v -201.38 76.24 25.36
v -195.95 89.27 25.36
v -225.67 -94.22 25.75
v -220.56 -105.64 25.75
v -211.43 -101.55 25.75
v -216.55 -90.14 25.75
v -201.91 -154.54 24.35
v -194.81 -163.38 24.35
v -187.01 -157.13 24.35
v -194.10 -148.28 24.35

usemtl mat_granite
v -181.97 111.62 22.00
v -203.28 84.68 22.00
v -199.77 82.75 22.00
v -178.75 109.24 22.00
v -203.28 84.68 37.00
v -181.97 111.62 37.00
v -178.75 109.24 37.00
v -199.77 82.75 37.00
v -178.75 109.24 22.00
v -199.77 82.75 22.00
v -199.77 82.75 37.00
v -178.75 109.24 37.00
v -203.28 84.68 22.00
v -222.87 56.83 22.00
v -219.14 55.37 22.00
v -199.77 82.75 22.00
v -222.87 56.83 37.00
v -203.28 84.68 37.00
v -199.77 82.75 37.00
v -219.14 55.37 37.00
v -199.77 82.75 22.00
v -219.14 55.37 22.00
v -219.14 55.37 37.00
v -199.77 82.75 37.00
v -222.87 56.83 22.00
v -238.71 26.95 22.00
v -234.83 25.97 22.00
v -219.14 55.37 22.00
v -238.71 26.95 37.00
v -222.87 56.83 37.00
v -219.14 55.37 37.00
v -234.83 25.97 37.00
v -219.14 55.37 22.00
v -234.83 25.97 22.00
v -234.83 25.97 37.00
v -219.14 55.37 37.00
v -231.84 -68.96 22.00
v -218.55 -97.89 22.00
v -214.67 -96.91 22.00
v -227.87 -68.47 22.00
v -218.55 -97.89 37.00
v -231.84 -68.96 37.00
v -227.87 -68.47 37.00
v -214.67 -96.91 37.00
v -227.87 -68.47 22.00
v -214.67 -96.91 22.00
v -214.67 -96.91 37.00
v -227.87 -68.47 37.00
v -218.55 -97.89 22.00
v -206.66 -126.50 22.00
v -202.94 -125.05 22.00
v -214.67 -96.91 22.00
v -206.66 -126.50 37.00
v -218.55 -97.89 37.00
v -214.67 -96.91 37.00
v -202.94 -125.05 37.00
v -214.67 -96.91 22.00
v -202.94 -125.05 22.00
v -202.94 -125.05 37.00
v -214.67 -96.91 37.00
v -206.66 -126.50 22.00
v -194.46 -155.83 22.00
v -190.95 -153.91 22.00
v -202.94 -125.05 22.00
v -194.46 -155.83 37.00
v -206.66 -126.50 37.00
v -202.94 -125.05 37.00
v -190.95 -153.91 37.00
v -202.94 -125.05 22.00
v -190.95 -153.91 22.00
v -190.95 -153.91 37.00
v -202.94 -125.05 37.00
v -201.23 85.50 37.00
v -202.87 82.52 37.00
v -205.32 83.86 37.00
v -203.69 86.84 37.00
v -203.69 86.84 38.35
v -205.32 83.86 38.35
v -202.87 82.52 38.35
v -201.23 85.50 38.35
v -203.69 86.84 37.00
v -205.32 83.86 37.00
v -205.32 83.86 38.35
v -203.69 86.84 38.35
v -205.32 83.86 37.00
v -202.87 82.52 37.00
v -202.87 82.52 38.35
v -205.32 83.86 38.35
v -202.87 82.52 37.00
v -201.23 85.50 37.00
v -201.23 85.50 38.35
v -202.87 82.52 38.35
v -201.23 85.50 37.00
v -203.69 86.84 37.00
v -203.69 86.84 38.35
v -201.23 85.50 38.35
v -217.61 -95.90 37.00
v -216.78 -99.19 37.00
v -219.50 -99.88 37.00
v -220.32 -96.58 37.00
v -220.32 -96.58 38.35
v -219.50 -99.88 38.35
v -216.78 -99.19 38.35
v -217.61 -95.90 38.35
v -220.32 -96.58 37.00
v -219.50 -99.88 37.00
v -219.50 -99.88 38.35
v -220.32 -96.58 38.35
v -219.50 -99.88 37.00
v -216.78 -99.19 37.00
v -216.78 -99.19 38.35
v -219.50 -99.88 38.35
v -216.78 -99.19 37.00
v -217.61 -95.90 37.00
v -217.61 -95.90 38.35
v -216.78 -99.19 38.35
v -217.61 -95.90 37.00
v -220.32 -96.58 37.00
v -220.32 -96.58 38.35
v -217.61 -95.90 38.35
v -194.05 -153.67 37.00
v -192.41 -156.65 37.00
v -194.87 -158.00 37.00
v -196.50 -155.02 37.00
v -196.50 -155.02 38.35
v -194.87 -158.00 38.35
v -192.41 -156.65 38.35
v -194.05 -153.67 38.35
v -196.50 -155.02 37.00
v -194.87 -158.00 37.00
v -194.87 -158.00 38.35
v -196.50 -155.02 38.35
v -194.87 -158.00 37.00
v -192.41 -156.65 37.00
v -192.41 -156.65 38.35
v -194.87 -158.00 38.35
v -192.41 -156.65 37.00
v -194.05 -153.67 37.00
v -194.05 -153.67 38.35
v -192.41 -156.65 38.35
v -194.05 -153.67 37.00
v -196.50 -155.02 37.00
v -196.50 -155.02 38.35
v -194.05 -153.67 38.35
v -229.77 26.20 42.40
v -229.77 27.70 42.40
v -229.77 27.70 44.00
v -229.77 26.20 44.00
v -228.92 26.95 44.00
v -229.89 31.19 44.00
v -229.89 31.19 46.40
v -228.92 26.95 46.40
v -229.89 22.70 44.00
v -228.92 26.95 44.00
v -228.92 26.95 46.40
v -229.89 22.70 46.40
v -198.97 -126.50 16.00
v -200.00 -122.65 16.00
v -200.00 -122.65 46.00
v -198.97 -126.50 46.00
v -200.00 -122.65 16.00
v -202.81 -119.83 16.00
v -202.81 -119.83 46.00
v -200.00 -122.65 46.00
v -202.81 -119.83 16.00
v -206.66 -118.80 16.00
v -206.66 -118.80 46.00
v -202.81 -119.83 46.00
v -206.66 -118.80 16.00
v -210.51 -119.83 16.00
v -210.51 -119.83 46.00
v -206.66 -118.80 46.00
v -210.51 -119.83 16.00
v -213.33 -122.65 16.00
v -213.33 -122.65 46.00
v -210.51 -119.83 46.00
v -213.33 -122.65 16.00
v -214.37 -126.50 16.00
v -214.37 -126.50 46.00
v -213.33 -122.65 46.00
v -214.37 -126.50 16.00
v -213.33 -130.35 16.00
v -213.33 -130.35 46.00
v -214.37 -126.50 46.00
v -213.33 -130.35 16.00
v -210.51 -133.17 16.00
v -210.51 -133.17 46.00
v -213.33 -130.35 46.00
v -210.51 -133.17 16.00
v -206.66 -134.20 16.00
v -206.66 -134.20 46.00
v -210.51 -133.17 46.00
v -206.66 -134.20 16.00
v -202.81 -133.17 16.00
v -202.81 -133.17 46.00
v -206.66 -134.20 46.00
v -202.81 -133.17 16.00
v -200.00 -130.35 16.00
v -200.00 -130.35 46.00
v -202.81 -133.17 46.00
v -200.00 -130.35 16.00
v -198.97 -126.50 16.00
v -198.97 -126.50 46.00
v -200.00 -130.35 46.00
v -198.97 -126.50 46.00
v -200.00 -122.65 46.00
v -202.81 -119.83 46.00
v -206.66 -118.80 46.00
v -210.51 -119.83 46.00
v -213.33 -122.65 46.00
v -214.37 -126.50 46.00
v -213.33 -130.35 46.00
v -210.51 -133.17 46.00
v -206.66 -134.20 46.00
v -202.81 -133.17 46.00
v -200.00 -130.35 46.00
v -200.33 -125.75 42.40
v -198.83 -125.75 42.40
v -198.83 -127.25 42.40
v -200.33 -127.25 42.40
v -200.33 -127.25 44.00
v -198.83 -127.25 44.00
v -198.83 -125.75 44.00
v -200.33 -125.75 44.00
v -200.33 -127.25 42.40
v -198.83 -127.25 42.40
v -198.83 -127.25 44.00
v -200.33 -127.25 44.00
v -198.83 -127.25 42.40
v -198.83 -125.75 42.40
v -198.83 -125.75 44.00
v -198.83 -127.25 44.00
v -198.83 -125.75 42.40
v -200.33 -125.75 42.40
v -200.33 -125.75 44.00
v -198.83 -125.75 44.00
v -200.33 -125.75 42.40
v -200.33 -127.25 42.40
v -200.33 -127.25 44.00
v -200.33 -125.75 44.00
v -201.28 -123.08 42.40
v -199.93 -122.43 42.40
v -199.28 -123.78 42.40
v -200.63 -124.43 42.40
v -200.63 -124.43 44.00
v -199.28 -123.78 44.00
v -199.93 -122.43 44.00
v -201.28 -123.08 44.00
v -200.63 -124.43 42.40
v -199.28 -123.78 42.40
v -199.28 -123.78 44.00
v -200.63 -124.43 44.00
v -199.28 -123.78 42.40
v -199.93 -122.43 42.40
v -199.93 -122.43 44.00
v -199.28 -123.78 44.00
v -199.93 -122.43 42.40
v -201.28 -123.08 42.40
v -201.28 -123.08 44.00
v -199.93 -122.43 44.00
v -201.28 -123.08 42.40
v -200.63 -124.43 42.40
v -200.63 -124.43 44.00
v -201.28 -123.08 44.00
v -203.30 -121.08 42.40
v -202.37 -119.91 42.40
v -201.19 -120.84 42.40
v -202.13 -122.02 42.40
v -202.13 -122.02 44.00
v -201.19 -120.84 44.00
v -202.37 -119.91 44.00
v -203.30 -121.08 44.00
v -202.13 -122.02 42.40
v -201.19 -120.84 42.40
v -201.19 -120.84 44.00
v -202.13 -122.02 44.00
v -201.19 -120.84 42.40
v -202.37 -119.91 42.40
v -202.37 -119.91 44.00
v -201.19 -120.84 44.00
v -202.37 -119.91 42.40
v -203.30 -121.08 42.40
v -203.30 -121.08 44.00
v -202.37 -119.91 44.00
v -203.30 -121.08 42.40
v -202.13 -122.02 42.40
v -202.13 -122.02 44.00
v -203.30 -121.08 44.00
v -205.99 -120.16 42.40
v -205.65 -118.70 42.40
v -204.19 -119.03 42.40
v -204.53 -120.49 42.40
v -204.53 -120.49 44.00
v -204.19 -119.03 44.00
v -205.65 -118.70 44.00
v -205.99 -120.16 44.00
v -204.53 -120.49 42.40
v -204.19 -119.03 42.40
v -204.19 -119.03 44.00
v -204.53 -120.49 44.00
v -204.19 -119.03 42.40
v -205.65 -118.70 42.40
v -205.65 -118.70 44.00
v -204.19 -119.03 44.00
v -205.65 -118.70 42.40
v -205.99 -120.16 42.40
v -205.99 -120.16 44.00
v -205.65 -118.70 44.00
v -205.99 -120.16 42.40
v -204.53 -120.49 42.40
v -204.53 -120.49 44.00
v -205.99 -120.16 44.00
v -208.81 -120.49 42.40
v -209.14 -119.03 42.40
v -207.68 -118.70 42.40
v -207.34 -120.16 42.40
v -207.34 -120.16 44.00
v -207.68 -118.70 44.00
v -209.14 -119.03 44.00
v -208.81 -120.49 44.00
v -207.34 -120.16 42.40
v -207.68 -118.70 42.40
v -207.68 -118.70 44.00
v -207.34 -120.16 44.00
v -207.68 -118.70 42.40
v -209.14 -119.03 42.40
v -209.14 -119.03 44.00
v -207.68 -118.70 44.00
v -209.14 -119.03 42.40
v -208.81 -120.49 42.40
v -208.81 -120.49 44.00
v -209.14 -119.03 44.00
v -208.81 -120.49 42.40
v -207.34 -120.16 42.40
v -207.34 -120.16 44.00
v -208.81 -120.49 44.00
v -211.20 -122.02 42.40
v -212.14 -120.84 42.40
v -210.96 -119.91 42.40
v -210.03 -121.08 42.40
v -210.03 -121.08 44.00
v -210.96 -119.91 44.00
v -212.14 -120.84 44.00
v -211.20 -122.02 44.00
v -210.03 -121.08 42.40
v -210.96 -119.91 42.40
v -210.96 -119.91 44.00
v -210.03 -121.08 44.00
v -210.96 -119.91 42.40
v -212.14 -120.84 42.40
v -212.14 -120.84 44.00
v -210.96 -119.91 44.00
v -212.14 -120.84 42.40
v -211.20 -122.02 42.40
v -211.20 -122.02 44.00
v -212.14 -120.84 44.00
v -211.20 -122.02 42.40
v -210.03 -121.08 42.40
v -210.03 -121.08 44.00
v -211.20 -122.02 44.00
v -212.70 -124.43 42.40
v -214.05 -123.78 42.40
v -213.40 -122.43 42.40
v -212.05 -123.08 42.40
v -212.05 -123.08 44.00
v -213.40 -122.43 44.00
v -214.05 -123.78 44.00
v -212.70 -124.43 44.00
v -212.05 -123.08 42.40
v -213.40 -122.43 42.40
v -213.40 -122.43 44.00
v -212.05 -123.08 44.00
v -213.40 -122.43 42.40
v -214.05 -123.78 42.40
v -214.05 -123.78 44.00
v -213.40 -122.43 44.00
v -214.05 -123.78 42.40
v -212.70 -124.43 42.40
v -212.70 -124.43 44.00
v -214.05 -123.78 44.00
v -212.70 -124.43 42.40
v -212.05 -123.08 42.40
v -212.05 -123.08 44.00
v -212.70 -124.43 44.00
v -213.00 -127.25 42.40
v -214.50 -127.25 42.40
v -214.50 -125.75 42.40
v -213.00 -125.75 42.40
v -213.00 -125.75 44.00
v -214.50 -125.75 44.00
v -214.50 -127.25 44.00
v -213.00 -127.25 44.00
v -213.00 -125.75 42.40
v -214.50 -125.75 42.40
v -214.50 -125.75 44.00
v -213.00 -125.75 44.00
v -214.50 -125.75 42.40
v -214.50 -127.25 42.40
v -214.50 -127.25 44.00
v -214.50 -125.75 44.00
v -214.50 -127.25 42.40
v -213.00 -127.25 42.40
v -213.00 -127.25 44.00
v -214.50 -127.25 44.00
v -213.00 -127.25 42.40
v -213.00 -125.75 42.40
v -213.00 -125.75 44.00
v -213.00 -127.25 44.00
v -212.05 -129.93 42.40
v -213.40 -130.58 42.40
v -214.05 -129.22 42.40
v -212.70 -128.57 42.40
v -212.70 -128.57 44.00
v -214.05 -129.22 44.00
v -213.40 -130.58 44.00
v -212.05 -129.93 44.00
v -212.70 -128.57 42.40
v -214.05 -129.22 42.40
v -214.05 -129.22 44.00
v -212.70 -128.57 44.00
v -214.05 -129.22 42.40
v -213.40 -130.58 42.40
v -213.40 -130.58 44.00
v -214.05 -129.22 44.00
v -213.40 -130.58 42.40
v -212.05 -129.93 42.40
v -212.05 -129.93 44.00
v -213.40 -130.58 44.00
v -212.05 -129.93 42.40
v -212.70 -128.57 42.40
v -212.70 -128.57 44.00
v -212.05 -129.93 44.00
v -210.03 -131.92 42.40
v -210.96 -133.09 42.40
v -212.14 -132.16 42.40
v -211.20 -130.99 42.40
v -211.20 -130.99 44.00
v -212.14 -132.16 44.00
v -210.96 -133.09 44.00
v -210.03 -131.92 44.00
v -211.20 -130.99 42.40
v -212.14 -132.16 42.40
v -212.14 -132.16 44.00
v -211.20 -130.99 44.00
v -212.14 -132.16 42.40
v -210.96 -133.09 42.40
v -210.96 -133.09 44.00
v -212.14 -132.16 44.00
v -210.96 -133.09 42.40
v -210.03 -131.92 42.40
v -210.03 -131.92 44.00
v -210.96 -133.09 44.00
v -210.03 -131.92 42.40
v -211.20 -130.99 42.40
v -211.20 -130.99 44.00
v -210.03 -131.92 44.00
v -207.34 -132.84 42.40
v -207.68 -134.31 42.40
v -209.14 -133.97 42.40
v -208.81 -132.51 42.40
v -208.81 -132.51 44.00
v -209.14 -133.97 44.00
v -207.68 -134.31 44.00
v -207.34 -132.84 44.00
v -208.81 -132.51 42.40
v -209.14 -133.97 42.40
v -209.14 -133.97 44.00
v -208.81 -132.51 44.00
v -209.14 -133.97 42.40
v -207.68 -134.31 42.40
v -207.68 -134.31 44.00
v -209.14 -133.97 44.00
v -207.68 -134.31 42.40
v -207.34 -132.84 42.40
v -207.34 -132.84 44.00
v -207.68 -134.31 44.00
v -207.34 -132.84 42.40
v -208.81 -132.51 42.40
v -208.81 -132.51 44.00
v -207.34 -132.84 44.00
v -204.53 -132.51 42.40
v -204.19 -133.97 42.40
v -205.65 -134.31 42.40
v -205.99 -132.84 42.40
v -205.99 -132.84 44.00
v -205.65 -134.31 44.00
v -204.19 -133.97 44.00
v -204.53 -132.51 44.00
v -205.99 -132.84 42.40
v -205.65 -134.31 42.40
v -205.65 -134.31 44.00
v -205.99 -132.84 44.00
v -205.65 -134.31 42.40
v -204.19 -133.97 42.40
v -204.19 -133.97 44.00
v -205.65 -134.31 44.00
v -204.19 -133.97 42.40
v -204.53 -132.51 42.40
v -204.53 -132.51 44.00
v -204.19 -133.97 44.00
v -204.53 -132.51 42.40
v -205.99 -132.84 42.40
v -205.99 -132.84 44.00
v -204.53 -132.51 44.00
v -202.13 -130.99 42.40
v -201.19 -132.16 42.40
v -202.37 -133.09 42.40
v -203.30 -131.92 42.40
v -203.30 -131.92 44.00
v -202.37 -133.09 44.00
v -201.19 -132.16 44.00
v -202.13 -130.99 44.00
v -203.30 -131.92 42.40
v -202.37 -133.09 42.40
v -202.37 -133.09 44.00
v -203.30 -131.92 44.00
v -202.37 -133.09 42.40
v -201.19 -132.16 42.40
v -201.19 -132.16 44.00
v -202.37 -133.09 44.00
v -201.19 -132.16 42.40
v -202.13 -130.99 42.40
v -202.13 -130.99 44.00
v -201.19 -132.16 44.00
v -202.13 -130.99 42.40
v -203.30 -131.92 42.40
v -203.30 -131.92 44.00
v -202.13 -130.99 44.00
v -200.63 -128.57 42.40
v -199.28 -129.22 42.40
v -199.93 -130.58 42.40
v -201.28 -129.93 42.40
v -201.28 -129.93 44.00
v -199.93 -130.58 44.00
v -199.28 -129.22 44.00
v -200.63 -128.57 44.00
v -201.28 -129.93 42.40
v -199.93 -130.58 42.40
v -199.93 -130.58 44.00
v -201.28 -129.93 44.00
v -199.93 -130.58 42.40
v -199.28 -129.22 42.40
v -199.28 -129.22 44.00
v -199.93 -130.58 44.00
v -199.28 -129.22 42.40
v -200.63 -128.57 42.40
v -200.63 -128.57 44.00
v -199.28 -129.22 44.00
v -200.63 -128.57 42.40
v -201.28 -129.93 42.40
v -201.28 -129.93 44.00
v -200.63 -128.57 44.00
v -198.19 -126.50 44.00
v -199.03 -122.83 44.00
v -199.03 -122.83 46.40
v -198.19 -126.50 46.40
v -199.03 -122.83 44.00
v -201.38 -119.88 44.00
v -201.38 -119.88 46.40
v -199.03 -122.83 46.40
v -201.38 -119.88 44.00
v -204.78 -118.24 44.00
v -204.78 -118.24 46.40
v -201.38 -119.88 46.40
v -204.78 -118.24 44.00
v -208.55 -118.24 44.00
v -208.55 -118.24 46.40
v -204.78 -118.24 46.40
v -208.55 -118.24 44.00
v -211.95 -119.88 44.00
v -211.95 -119.88 46.40
v -208.55 -118.24 46.40
v -211.95 -119.88 44.00
v -214.30 -122.83 44.00
v -214.30 -122.83 46.40
v -211.95 -119.88 46.40
v -214.30 -122.83 44.00
v -215.13 -126.50 44.00
v -215.13 -126.50 46.40
v -214.30 -122.83 46.40
v -215.13 -126.50 44.00
v -214.30 -130.18 44.00
v -214.30 -130.18 46.40
v -215.13 -126.50 46.40
v -214.30 -130.18 44.00
v -211.95 -133.12 44.00
v -211.95 -133.12 46.40
v -214.30 -130.18 46.40
v -211.95 -133.12 44.00
v -208.55 -134.76 44.00
v -208.55 -134.76 46.40
v -211.95 -133.12 46.40
v -208.55 -134.76 44.00
v -204.78 -134.76 44.00
v -204.78 -134.76 46.40
v -208.55 -134.76 46.40
v -204.78 -134.76 44.00
v -201.38 -133.12 44.00
v -201.38 -133.12 46.40
v -204.78 -134.76 46.40
v -201.38 -133.12 44.00
v -199.03 -130.18 44.00
v -199.03 -130.18 46.40
v -201.38 -133.12 46.40
v -199.03 -130.18 44.00
v -198.19 -126.50 44.00
v -198.19 -126.50 46.40
v -199.03 -130.18 46.40
v -82.27 -241.63 46.00
v -83.14 -238.38 46.00
v -85.52 -236.00 46.00
v -88.77 -235.13 46.00
v -92.02 -236.00 46.00
v -94.40 -238.38 46.00
v -95.27 -241.63 46.00
v -94.40 -244.88 46.00
v -92.02 -247.26 46.00
v -88.77 -248.13 46.00
v -85.52 -247.26 46.00
v -83.14 -244.88 46.00
v -83.54 -240.88 42.40
v -82.04 -240.88 42.40
v -82.04 -242.38 42.40
v -83.54 -242.38 42.40
v -83.54 -242.38 44.00
v -82.04 -242.38 44.00
v -82.04 -240.88 44.00
v -83.54 -240.88 44.00
v -83.54 -242.38 42.40
v -82.04 -242.38 42.40
v -82.04 -242.38 44.00
v -83.54 -242.38 44.00
v -82.04 -242.38 42.40
v -82.04 -240.88 42.40
v -82.04 -240.88 44.00
v -82.04 -242.38 44.00
v -82.04 -240.88 42.40
v -83.54 -240.88 42.40
v -83.54 -240.88 44.00
v -82.04 -240.88 44.00
v -83.54 -240.88 42.40
v -83.54 -242.38 42.40
v -83.54 -242.38 44.00
v -83.54 -240.88 44.00
v -84.39 -238.69 42.40
v -83.03 -238.04 42.40
v -82.38 -239.39 42.40
v -83.73 -240.04 42.40
v -83.73 -240.04 44.00
v -82.38 -239.39 44.00
v -83.03 -238.04 44.00
v -84.39 -238.69 44.00
v -83.73 -240.04 42.40
v -82.38 -239.39 42.40
v -82.38 -239.39 44.00
v -83.73 -240.04 44.00
v -82.38 -239.39 42.40
v -83.03 -238.04 42.40
v -83.03 -238.04 44.00
v -82.38 -239.39 44.00
v -83.03 -238.04 42.40
v -84.39 -238.69 42.40
v -84.39 -238.69 44.00
v -83.03 -238.04 44.00
v -84.39 -238.69 42.40
v -83.73 -240.04 42.40
v -83.73 -240.04 44.00
v -84.39 -238.69 44.00
v -86.10 -237.08 42.40
v -85.16 -235.90 42.40
v -83.99 -236.84 42.40
v -84.92 -238.01 42.40
v -84.92 -238.01 44.00
v -83.99 -236.84 44.00
v -85.16 -235.90 44.00
v -86.10 -237.08 44.00
v -84.92 -238.01 42.40
v -83.99 -236.84 42.40
v -83.99 -236.84 44.00
v -84.92 -238.01 44.00
v -83.99 -236.84 42.40
v -85.16 -235.90 42.40
v -85.16 -235.90 44.00
v -83.99 -236.84 44.00
v -85.16 -235.90 42.40
v -86.10 -237.08 42.40
v -86.10 -237.08 44.00
v -85.16 -235.90 44.00
v -86.10 -237.08 42.40
v -84.92 -238.01 42.40
v -84.92 -238.01 44.00
v -86.10 -237.08 44.00
v -88.34 -236.37 42.40
v -88.01 -234.90 42.40
v -86.54 -235.24 42.40
v -86.88 -236.70 42.40
v -86.88 -236.70 44.00
v -86.54 -235.24 44.00
v -88.01 -234.90 44.00
v -88.34 -236.37 44.00
v -86.88 -236.70 42.40
v -86.54 -235.24 42.40
v -86.54 -235.24 44.00
v -86.88 -236.70 44.00
v -86.54 -235.24 42.40
v -88.01 -234.90 42.40
v -88.01 -234.90 44.00
v -86.54 -235.24 44.00
v -88.01 -234.90 42.40
v -88.34 -236.37 42.40
v -88.34 -236.37 44.00
v -88.01 -234.90 44.00
v -88.34 -236.37 42.40
v -86.88 -236.70 42.40
v -86.88 -236.70 44.00
v -88.34 -236.37 44.00
v -90.67 -236.70 42.40
v -91.00 -235.24 42.40
v -89.54 -234.90 42.40
v -89.20 -236.37 42.40
v -89.20 -236.37 44.00
v -89.54 -234.90 44.00
v -91.00 -235.24 44.00
v -90.67 -236.70 44.00
v -89.20 -236.37 42.40
v -89.54 -234.90 42.40
v -89.54 -234.90 44.00
v -89.20 -236.37 44.00
v -89.54 -234.90 42.40
v -91.00 -235.24 42.40
v -91.00 -235.24 44.00
v -89.54 -234.90 44.00
v -91.00 -235.24 42.40
v -90.67 -236.70 42.40
v -90.67 -236.70 44.00
v -91.00 -235.24 44.00
v -90.67 -236.70 42.40
v -89.20 -236.37 42.40
v -89.20 -236.37 44.00
v -90.67 -236.70 44.00
v -92.62 -238.01 42.40
v -93.55 -236.84 42.40
v -92.38 -235.90 42.40
v -91.45 -237.08 42.40
v -91.45 -237.08 44.00
v -92.38 -235.90 44.00
v -93.55 -236.84 44.00
v -92.62 -238.01 44.00
v -91.45 -237.08 42.40
v -92.38 -235.90 42.40
v -92.38 -235.90 44.00
v -91.45 -237.08 44.00
v -92.38 -235.90 42.40
v -93.55 -236.84 42.40
v -93.55 -236.84 44.00
v -92.38 -235.90 44.00
v -93.55 -236.84 42.40
v -92.62 -238.01 42.40
v -92.62 -238.01 44.00
v -93.55 -236.84 44.00
v -92.62 -238.01 42.40
v -91.45 -237.08 42.40
v -91.45 -237.08 44.00
v -92.62 -238.01 44.00
v -93.81 -240.04 42.40
v -95.16 -239.39 42.40
v -94.51 -238.04 42.40
v -93.16 -238.69 42.40
v -93.16 -238.69 44.00
v -94.51 -238.04 44.00
v -95.16 -239.39 44.00
v -93.81 -240.04 44.00
v -93.16 -238.69 42.40
v -94.51 -238.04 42.40
v -94.51 -238.04 44.00
v -93.16 -238.69 44.00
v -94.51 -238.04 42.40
v -95.16 -239.39 42.40
v -95.16 -239.39 44.00
v -94.51 -238.04 44.00
v -95.16 -239.39 42.40
v -93.81 -240.04 42.40
v -93.81 -240.04 44.00
v -95.16 -239.39 44.00
v -93.81 -240.04 42.40
v -93.16 -238.69 42.40
v -93.16 -238.69 44.00
v -93.81 -240.04 44.00
v -94.00 -242.38 42.40
v -95.50 -242.38 42.40
v -95.50 -240.88 42.40
v -94.00 -240.88 42.40
v -94.00 -240.88 44.00
v -95.50 -240.88 44.00
v -95.50 -242.38 44.00
v -94.00 -242.38 44.00
v -94.00 -240.88 42.40
v -95.50 -240.88 42.40
v -95.50 -240.88 44.00
v -94.00 -240.88 44.00
v -95.50 -240.88 42.40
v -95.50 -242.38 42.40
v -95.50 -242.38 44.00
v -95.50 -240.88 44.00
v -95.50 -242.38 42.40
v -94.00 -242.38 42.40
v -94.00 -242.38 44.00
v -95.50 -242.38 44.00
v -94.00 -242.38 42.40
v -94.00 -240.88 42.40
v -94.00 -240.88 44.00
v -94.00 -242.38 44.00
v -93.16 -244.58 42.40
v -94.51 -245.23 42.40
v -95.16 -243.88 42.40
v -93.81 -243.23 42.40
v -93.81 -243.23 44.00
v -95.16 -243.88 44.00
v -94.51 -245.23 44.00
v -93.16 -244.58 44.00
v -93.81 -243.23 42.40
v -95.16 -243.88 42.40
v -95.16 -243.88 44.00
v -93.81 -243.23 44.00
v -95.16 -243.88 42.40
v -94.51 -245.23 42.40
v -94.51 -245.23 44.00
v -95.16 -243.88 44.00
v -94.51 -245.23 42.40
v -93.16 -244.58 42.40
v -93.16 -244.58 44.00
v -94.51 -245.23 44.00
v -93.16 -244.58 42.40
v -93.81 -243.23 42.40
v -93.81 -243.23 44.00
v -93.16 -244.58 44.00
v -91.45 -246.19 42.40
v -92.38 -247.36 42.40
v -93.55 -246.43 42.40
v -92.62 -245.25 42.40
v -92.62 -245.25 44.00
v -93.55 -246.43 44.00
v -92.38 -247.36 44.00
v -91.45 -246.19 44.00
v -92.62 -245.25 42.40
v -93.55 -246.43 42.40
v -93.55 -246.43 44.00
v -92.62 -245.25 44.00
v -93.55 -246.43 42.40
v -92.38 -247.36 42.40
v -92.38 -247.36 44.00
v -93.55 -246.43 44.00
v -92.38 -247.36 42.40
v -91.45 -246.19 42.40
v -91.45 -246.19 44.00
v -92.38 -247.36 44.00
v -91.45 -246.19 42.40
v -92.62 -245.25 42.40
v -92.62 -245.25 44.00
v -91.45 -246.19 44.00
v -89.20 -246.90 42.40
v -89.54 -248.36 42.40
v -91.00 -248.03 42.40
v -90.67 -246.56 42.40
v -90.67 -246.56 44.00
v -91.00 -248.03 44.00
v -89.54 -248.36 44.00
v -89.20 -246.90 44.00
v -90.67 -246.56 42.40
v -91.00 -248.03 42.40
v -91.00 -248.03 44.00
v -90.67 -246.56 44.00
v -91.00 -248.03 42.40
v -89.54 -248.36 42.40
v -89.54 -248.36 44.00
v -91.00 -248.03 44.00
v -89.54 -248.36 42.40
v -89.20 -246.90 42.40
v -89.20 -246.90 44.00
v -89.54 -248.36 44.00
v -89.20 -246.90 42.40
v -90.67 -246.56 42.40
v -90.67 -246.56 44.00
v -89.20 -246.90 44.00
v -86.88 -246.56 42.40
v -86.54 -248.03 42.40
v -88.01 -248.36 42.40
v -88.34 -246.90 42.40
v -88.34 -246.90 44.00
v -88.01 -248.36 44.00
v -86.54 -248.03 44.00
v -86.88 -246.56 44.00
v -88.34 -246.90 42.40
v -88.01 -248.36 42.40
v -88.01 -248.36 44.00
v -88.34 -246.90 44.00
v -88.01 -248.36 42.40
v -86.54 -248.03 42.40
v -86.54 -248.03 44.00
v -88.01 -248.36 44.00
v -86.54 -248.03 42.40
v -86.88 -246.56 42.40
v -86.88 -246.56 44.00
v -86.54 -248.03 44.00
v -86.88 -246.56 42.40
v -88.34 -246.90 42.40
v -88.34 -246.90 44.00
v -86.88 -246.56 44.00
v -84.92 -245.25 42.40
v -83.99 -246.43 42.40
v -85.16 -247.36 42.40
v -86.10 -246.19 42.40
v -86.10 -246.19 44.00
v -85.16 -247.36 44.00
v -83.99 -246.43 44.00
v -84.92 -245.25 44.00
v -86.10 -246.19 42.40
v -85.16 -247.36 42.40
v -85.16 -247.36 44.00
v -86.10 -246.19 44.00
v -85.16 -247.36 42.40
v -83.99 -246.43 42.40
v -83.99 -246.43 44.00
v -85.16 -247.36 44.00
v -83.99 -246.43 42.40
v -84.92 -245.25 42.40
v -84.92 -245.25 44.00
v -83.99 -246.43 44.00
v -84.92 -245.25 42.40
v -86.10 -246.19 42.40
v -86.10 -246.19 44.00
v -84.92 -245.25 44.00
v -83.73 -243.23 42.40
v -82.38 -243.88 42.40
v -83.03 -245.23 42.40
v -84.39 -244.58 42.40
v -84.39 -244.58 44.00
v -83.03 -245.23 44.00
v -82.38 -243.88 44.00
v -83.73 -243.23 44.00
v -84.39 -244.58 42.40
v -83.03 -245.23 42.40
v -83.03 -245.23 44.00
v -84.39 -244.58 44.00
v -83.03 -245.23 42.40
v -82.38 -243.88 42.40
v -82.38 -243.88 44.00
v -83.03 -245.23 44.00
v -82.38 -243.88 42.40
v -83.73 -243.23 42.40
v -83.73 -243.23 44.00
v -82.38 -243.88 44.00
v -83.73 -243.23 42.40
v -84.39 -244.58 42.40
v -84.39 -244.58 44.00
v -83.73 -243.23 44.00
v -81.62 -241.63 44.00
v -82.33 -238.53 44.00
v -82.33 -238.53 46.40
v -81.62 -241.63 46.40
v -82.33 -238.53 44.00
v -84.31 -236.04 44.00
v -84.31 -236.04 46.40
v -82.33 -238.53 46.40
v -84.31 -236.04 44.00
v -87.18 -234.66 44.00
v -87.18 -234.66 46.40
v -84.31 -236.04 46.40
v -87.18 -234.66 44.00
v -90.36 -234.66 44.00
v -90.36 -234.66 46.40
v -87.18 -234.66 46.40
v -90.36 -234.66 44.00
v -93.23 -236.04 44.00
v -93.23 -236.04 46.40
v -90.36 -234.66 46.40
v -93.23 -236.04 44.00
v -95.21 -238.53 44.00
v -95.21 -238.53 46.40
v -93.23 -236.04 46.40
v -95.21 -238.53 44.00
v -95.92 -241.63 44.00
v -95.92 -241.63 46.40
v -95.21 -238.53 46.40
v -95.92 -241.63 44.00
v -95.21 -244.74 44.00
v -95.21 -244.74 46.40
v -95.92 -241.63 46.40
v -95.21 -244.74 44.00
v -93.23 -247.22 44.00
v -93.23 -247.22 46.40
v -95.21 -244.74 46.40
v -93.23 -247.22 44.00
v -90.36 -248.60 44.00
v -90.36 -248.60 46.40
v -93.23 -247.22 46.40
v -90.36 -248.60 44.00
v -87.18 -248.60 44.00
v -87.18 -248.60 46.40
v -90.36 -248.60 46.40
v -87.18 -248.60 44.00
v -84.31 -247.22 44.00
v -84.31 -247.22 46.40
v -87.18 -248.60 46.40
v -84.31 -247.22 44.00
v -82.33 -244.74 44.00
v -82.33 -244.74 46.40
v -84.31 -247.22 46.40
v -82.33 -244.74 44.00
v -81.62 -241.63 44.00
v -81.62 -241.63 46.40
v -82.33 -244.74 46.40
v 104.15 -257.11 46.00
v 102.96 -252.66 46.00
v 99.70 -249.40 46.00
v 95.25 -248.21 46.00
v 90.80 -249.40 46.00
v 87.54 -252.66 46.00
v 86.35 -257.11 46.00
v 87.54 -261.56 46.00
v 90.80 -264.82 46.00
v 95.25 -266.01 46.00
v 99.70 -264.82 46.00
v 102.96 -261.56 46.00
v 102.69 -256.36 42.40
v 104.19 -256.36 42.40
v 104.19 -257.86 42.40
v 102.69 -257.86 42.40
v 102.69 -257.86 44.00
v 104.19 -257.86 44.00
v 104.19 -256.36 44.00
v 102.69 -256.36 44.00
v 102.69 -257.86 42.40
v 104.19 -257.86 42.40
v 104.19 -257.86 44.00
v 102.69 -257.86 44.00
v 104.19 -257.86 42.40
v 104.19 -256.36 42.40
v 104.19 -256.36 44.00
v 104.19 -257.86 44.00
v 104.19 -256.36 42.40
v 102.69 -256.36 42.40
v 102.69 -256.36 44.00
v 104.19 -256.36 44.00
v 102.69 -256.36 42.40
v 102.69 -257.86 42.40
v 102.69 -257.86 44.00
v 102.69 -256.36 44.00
v 101.63 -253.21 42.40
v 102.98 -252.56 42.40
v 103.63 -253.91 42.40
v 102.28 -254.56 42.40
v 102.28 -254.56 44.00
v 103.63 -253.91 44.00
v 102.98 -252.56 44.00
v 101.63 -253.21 44.00
v 102.28 -254.56 42.40
v 103.63 -253.91 42.40
v 103.63 -253.91 44.00
v 102.28 -254.56 44.00
v 103.63 -253.91 42.40
v 102.98 -252.56 42.40
v 102.98 -252.56 44.00
v 103.63 -253.91 44.00
v 102.98 -252.56 42.40
v 101.63 -253.21 42.40
v 101.63 -253.21 44.00
v 102.98 -252.56 44.00
v 101.63 -253.21 42.40
v 102.28 -254.56 42.40
v 102.28 -254.56 44.00
v 101.63 -253.21 44.00
v 99.30 -250.83 42.40
v 100.24 -249.66 42.40
v 101.41 -250.59 42.40
v 100.47 -251.76 42.40
v 100.47 -251.76 44.00
v 101.41 -250.59 44.00
v 100.24 -249.66 44.00
v 99.30 -250.83 44.00
v 100.47 -251.76 42.40
v 101.41 -250.59 42.40
v 101.41 -250.59 44.00
v 100.47 -251.76 44.00
v 101.41 -250.59 42.40
v 100.24 -249.66 42.40
v 100.24 -249.66 44.00
v 101.41 -250.59 44.00
v 100.24 -249.66 42.40
v 99.30 -250.83 42.40
v 99.30 -250.83 44.00
v 100.24 -249.66 44.00
v 99.30 -250.83 42.40
v 100.47 -251.76 42.40
v 100.47 -251.76 44.00
v 99.30 -250.83 44.00
v 96.17 -249.69 42.40
v 96.51 -248.23 42.40
v 97.97 -248.56 42.40
v 97.64 -250.03 42.40
v 97.64 -250.03 44.00
v 97.97 -248.56 44.00
v 96.51 -248.23 44.00
v 96.17 -249.69 44.00
v 97.64 -250.03 42.40
v 97.97 -248.56 42.40
v 97.97 -248.56 44.00
v 97.64 -250.03 44.00
v 97.97 -248.56 42.40
v 96.51 -248.23 42.40
v 96.51 -248.23 44.00
v 97.97 -248.56 44.00
v 96.51 -248.23 42.40
v 96.17 -249.69 42.40
v 96.17 -249.69 44.00
v 96.51 -248.23 44.00
v 96.17 -249.69 42.40
v 97.64 -250.03 42.40
v 97.64 -250.03 44.00
v 96.17 -249.69 44.00
v 92.86 -250.03 42.40
v 92.53 -248.56 42.40
v 93.99 -248.23 42.40
v 94.33 -249.69 42.40
v 94.33 -249.69 44.00
v 93.99 -248.23 44.00
v 92.53 -248.56 44.00
v 92.86 -250.03 44.00
v 94.33 -249.69 42.40
v 93.99 -248.23 42.40
v 93.99 -248.23 44.00
v 94.33 -249.69 44.00
v 93.99 -248.23 42.40
v 92.53 -248.56 42.40
v 92.53 -248.56 44.00
v 93.99 -248.23 44.00
v 92.53 -248.56 42.40
v 92.86 -250.03 42.40
v 92.86 -250.03 44.00
v 92.53 -248.56 44.00
v 92.86 -250.03 42.40
v 94.33 -249.69 42.40
v 94.33 -249.69 44.00
v 92.86 -250.03 44.00
v 90.03 -251.76 42.40
v 89.09 -250.59 42.40
v 90.26 -249.66 42.40
v 91.20 -250.83 42.40
v 91.20 -250.83 44.00
v 90.26 -249.66 44.00
v 89.09 -250.59 44.00
v 90.03 -251.76 44.00
v 91.20 -250.83 42.40
v 90.26 -249.66 42.40
v 90.26 -249.66 44.00
v 91.20 -250.83 44.00
v 90.26 -249.66 42.40
v 89.09 -250.59 42.40
v 89.09 -250.59 44.00
v 90.26 -249.66 44.00
v 89.09 -250.59 42.40
v 90.03 -251.76 42.40
v 90.03 -251.76 44.00
v 89.09 -250.59 44.00
v 90.03 -251.76 42.40
v 91.20 -250.83 42.40
v 91.20 -250.83 44.00
v 90.03 -251.76 44.00
v 88.22 -254.56 42.40
v 86.87 -253.91 42.40
v 87.52 -252.56 42.40
v 88.88 -253.21 42.40
v 88.88 -253.21 44.00
v 87.52 -252.56 44.00
v 86.87 -253.91 44.00
v 88.22 -254.56 44.00
v 88.88 -253.21 42.40
v 87.52 -252.56 42.40
v 87.52 -252.56 44.00
v 88.88 -253.21 44.00
v 87.52 -252.56 42.40
v 86.87 -253.91 42.40
v 86.87 -253.91 44.00
v 87.52 -252.56 44.00
v 86.87 -253.91 42.40
v 88.22 -254.56 42.40
v 88.22 -254.56 44.00
v 86.87 -253.91 44.00
v 88.22 -254.56 42.40
v 88.88 -253.21 42.40
v 88.88 -253.21 44.00
v 88.22 -254.56 44.00
v 87.81 -257.86 42.40
v 86.31 -257.86 42.40
v 86.31 -256.36 42.40
v 87.81 -256.36 42.40
v 87.81 -256.36 44.00
v 86.31 -256.36 44.00
v 86.31 -257.86 44.00
v 87.81 -257.86 44.00
v 87.81 -256.36 42.40
v 86.31 -256.36 42.40
v 86.31 -256.36 44.00
v 87.81 -256.36 44.00
v 86.31 -256.36 42.40
v 86.31 -257.86 42.40
v 86.31 -257.86 44.00
v 86.31 -256.36 44.00
v 86.31 -257.86 42.40
v 87.81 -257.86 42.40
v 87.81 -257.86 44.00
v 86.31 -257.86 44.00
v 87.81 -257.86 42.40
v 87.81 -256.36 42.40
v 87.81 -256.36 44.00
v 87.81 -257.86 44.00
v 88.88 -261.01 42.40
v 87.52 -261.66 42.40
v 86.87 -260.31 42.40
v 88.22 -259.66 42.40
v 88.22 -259.66 44.00
v 86.87 -260.31 44.00
v 87.52 -261.66 44.00
v 88.88 -261.01 44.00
v 88.22 -259.66 42.40
v 86.87 -260.31 42.40
v 86.87 -260.31 44.00
v 88.22 -259.66 44.00
v 86.87 -260.31 42.40
v 87.52 -261.66 42.40
v 87.52 -261.66 44.00
v 86.87 -260.31 44.00
v 87.52 -261.66 42.40
v 88.88 -261.01 42.40
v 88.88 -261.01 44.00
v 87.52 -261.66 44.00
v 88.88 -261.01 42.40
v 88.22 -259.66 42.40
v 88.22 -259.66 44.00
v 88.88 -261.01 44.00
v 91.20 -263.39 42.40
v 90.26 -264.57 42.40
v 89.09 -263.63 42.40
v 90.03 -262.46 42.40
v 90.03 -262.46 44.00
v 89.09 -263.63 44.00
v 90.26 -264.57 44.00
v 91.20 -263.39 44.00
v 90.03 -262.46 42.40
v 89.09 -263.63 42.40
v 89.09 -263.63 44.00
v 90.03 -262.46 44.00
v 89.09 -263.63 42.40
v 90.26 -264.57 42.40
v 90.26 -264.57 44.00
v 89.09 -263.63 44.00
v 90.26 -264.57 42.40
v 91.20 -263.39 42.40
v 91.20 -263.39 44.00
v 90.26 -264.57 44.00
v 91.20 -263.39 42.40
v 90.03 -262.46 42.40
v 90.03 -262.46 44.00
v 91.20 -263.39 44.00
v 94.33 -264.53 42.40
v 93.99 -265.99 42.40
v 92.53 -265.66 42.40
v 92.86 -264.19 42.40
v 92.86 -264.19 44.00
v 92.53 -265.66 44.00
v 93.99 -265.99 44.00
v 94.33 -264.53 44.00
v 92.86 -264.19 42.40
v 92.53 -265.66 42.40
v 92.53 -265.66 44.00
v 92.86 -264.19 44.00
v 92.53 -265.66 42.40
v 93.99 -265.99 42.40
v 93.99 -265.99 44.00
v 92.53 -265.66 44.00
v 93.99 -265.99 42.40
v 94.33 -264.53 42.40
v 94.33 -264.53 44.00
v 93.99 -265.99 44.00
v 94.33 -264.53 42.40
v 92.86 -264.19 42.40
v 92.86 -264.19 44.00
v 94.33 -264.53 44.00
v 97.64 -264.19 42.40
v 97.97 -265.66 42.40
v 96.51 -265.99 42.40
v 96.17 -264.53 42.40
v 96.17 -264.53 44.00
v 96.51 -265.99 44.00
v 97.97 -265.66 44.00
v 97.64 -264.19 44.00
v 96.17 -264.53 42.40
v 96.51 -265.99 42.40
v 96.51 -265.99 44.00
v 96.17 -264.53 44.00
v 96.51 -265.99 42.40
v 97.97 -265.66 42.40
v 97.97 -265.66 44.00
v 96.51 -265.99 44.00
v 97.97 -265.66 42.40
v 97.64 -264.19 42.40
v 97.64 -264.19 44.00
v 97.97 -265.66 44.00
v 97.64 -264.19 42.40
v 96.17 -264.53 42.40
v 96.17 -264.53 44.00
v 97.64 -264.19 44.00
v 100.47 -262.46 42.40
v 101.41 -263.63 42.40
v 100.24 -264.57 42.40
v 99.30 -263.39 42.40
v 99.30 -263.39 44.00
v 100.24 -264.57 44.00
v 101.41 -263.63 44.00
v 100.47 -262.46 44.00
v 99.30 -263.39 42.40
v 100.24 -264.57 42.40
v 100.24 -264.57 44.00
v 99.30 -263.39 44.00
v 100.24 -264.57 42.40
v 101.41 -263.63 42.40
v 101.41 -263.63 44.00
v 100.24 -264.57 44.00
v 101.41 -263.63 42.40
v 100.47 -262.46 42.40
v 100.47 -262.46 44.00
v 101.41 -263.63 44.00
v 100.47 -262.46 42.40
v 99.30 -263.39 42.40
v 99.30 -263.39 44.00
v 100.47 -262.46 44.00
v 102.28 -259.66 42.40
v 103.63 -260.31 42.40
v 102.98 -261.66 42.40
v 101.63 -261.01 42.40
v 101.63 -261.01 44.00
v 102.98 -261.66 44.00
v 103.63 -260.31 44.00
v 102.28 -259.66 44.00
v 101.63 -261.01 42.40
v 102.98 -261.66 42.40
v 102.98 -261.66 44.00
v 101.63 -261.01 44.00
v 102.98 -261.66 42.40
v 103.63 -260.31 42.40
v 103.63 -260.31 44.00
v 102.98 -261.66 44.00
v 103.63 -260.31 42.40
v 102.28 -259.66 42.40
v 102.28 -259.66 44.00
v 103.63 -260.31 44.00
v 102.28 -259.66 42.40
v 101.63 -261.01 42.40
v 101.63 -261.01 44.00
v 102.28 -259.66 44.00
v 105.04 -257.11 44.00
v 104.07 -252.86 44.00
v 104.07 -252.86 46.40
v 105.04 -257.11 46.40
v 104.07 -252.86 44.00
v 101.36 -249.46 44.00
v 101.36 -249.46 46.40
v 104.07 -252.86 46.40
v 101.36 -249.46 44.00
v 97.43 -247.57 44.00
v 97.43 -247.57 46.40
v 101.36 -249.46 46.40
v 97.43 -247.57 44.00
v 93.07 -247.57 44.00
v 93.07 -247.57 46.40
v 97.43 -247.57 46.40
v 93.07 -247.57 44.00
v 89.15 -249.46 44.00
v 89.15 -249.46 46.40
v 93.07 -247.57 46.40
v 89.15 -249.46 44.00
v 86.43 -252.86 44.00
v 86.43 -252.86 46.40
v 89.15 -249.46 46.40
v 86.43 -252.86 44.00
v 85.46 -257.11 44.00
v 85.46 -257.11 46.40
v 86.43 -252.86 46.40
v 85.46 -257.11 44.00
v 86.43 -261.36 44.00
v 86.43 -261.36 46.40
v 85.46 -257.11 46.40
v 86.43 -261.36 44.00
v 89.15 -264.76 44.00
v 89.15 -264.76 46.40
v 86.43 -261.36 46.40
v 89.15 -264.76 44.00
v 93.07 -266.65 44.00
v 93.07 -266.65 46.40
v 89.15 -264.76 46.40
v 93.07 -266.65 44.00
v 97.43 -266.65 44.00
v 97.43 -266.65 46.40
v 93.07 -266.65 46.40
v 97.43 -266.65 44.00
v 101.36 -264.76 44.00
v 101.36 -264.76 46.40
v 97.43 -266.65 46.40
v 101.36 -264.76 44.00
v 104.07 -261.36 44.00
v 104.07 -261.36 46.40
v 101.36 -264.76 46.40
v 104.07 -261.36 44.00
v 105.04 -257.11 44.00
v 105.04 -257.11 46.40
v 104.07 -261.36 46.40
v -181.68 4.00 44.00
v -188.89 -23.71 44.00
v -185.51 -24.12 44.00
v -178.38 3.18 44.00
v -188.89 -23.71 57.00
v -181.68 4.00 57.00
v -178.38 3.18 57.00
v -185.51 -24.12 57.00
v -178.38 3.18 44.00
v -185.51 -24.12 44.00
v -185.51 -24.12 57.00
v -178.38 3.18 57.00
v -188.89 -23.71 44.00
v -187.29 -52.00 44.00
v -183.89 -52.00 44.00
v -185.51 -24.12 44.00
v -187.29 -52.00 57.00
v -188.89 -23.71 57.00
v -185.51 -24.12 57.00
v -183.89 -52.00 57.00
v -185.51 -24.12 44.00
v -183.89 -52.00 44.00
v -183.89 -52.00 57.00
v -185.51 -24.12 57.00
v -187.29 -52.00 44.00
v -178.30 -79.01 44.00
v -174.93 -78.61 44.00
v -183.89 -52.00 44.00
v -178.30 -79.01 57.00
v -187.29 -52.00 57.00
v -183.89 -52.00 57.00
v -174.93 -78.61 57.00
v -183.89 -52.00 44.00
v -174.93 -78.61 44.00
v -174.93 -78.61 57.00
v -183.89 -52.00 57.00
v -145.79 -155.24 44.00
v -131.54 -180.86 44.00
v -128.79 -178.86 44.00
v -142.79 -153.63 44.00
v -131.54 -180.86 57.00
v -145.79 -155.24 57.00
v -142.79 -153.63 57.00
v -128.79 -178.86 57.00
v -142.79 -153.63 44.00
v -128.79 -178.86 44.00
v -128.79 -178.86 57.00
v -142.79 -153.63 57.00
v -131.54 -180.86 44.00
v -110.33 -203.11 44.00
v -107.88 -200.75 44.00
v -128.79 -178.86 44.00
v -110.33 -203.11 57.00
v -131.54 -180.86 57.00
v -128.79 -178.86 57.00
v -107.88 -200.75 57.00
v -128.79 -178.86 44.00
v -107.88 -200.75 44.00
v -107.88 -200.75 57.00
v -128.79 -178.86 57.00
v -110.33 -203.11 44.00
v -82.85 -219.94 44.00
v -80.78 -217.24 44.00
v -107.88 -200.75 44.00
v -82.85 -219.94 57.00
v -110.33 -203.11 57.00
v -107.88 -200.75 57.00
v -80.78 -217.24 57.00
v -107.88 -200.75 44.00
v -80.78 -217.24 44.00
v -80.78 -217.24 57.00
v -107.88 -200.75 57.00
v -82.85 -219.94 44.00
v -52.27 -232.24 44.00
v -50.64 -229.25 44.00
v -80.78 -217.24 44.00
v -52.27 -232.24 57.00
v -82.85 -219.94 57.00
v -80.78 -217.24 57.00
v -50.64 -229.25 57.00
v -80.78 -217.24 44.00
v -50.64 -229.25 44.00
v -50.64 -229.25 57.00
v -80.78 -217.24 57.00
v -52.27 -232.24 44.00
v -20.77 -242.46 44.00
v -19.64 -239.25 44.00
v -50.64 -229.25 44.00
v -20.77 -242.46 57.00
v -52.27 -232.24 57.00
v -50.64 -229.25 57.00
v -19.64 -239.25 57.00
v -50.64 -229.25 44.00
v -19.64 -239.25 44.00
v -19.64 -239.25 57.00
v -50.64 -229.25 57.00
v -20.77 -242.46 44.00
v 11.79 -251.28 44.00
v 12.37 -247.93 44.00
v -19.64 -239.25 44.00
v 11.79 -251.28 57.00
v -20.77 -242.46 57.00
v -19.64 -239.25 57.00
v 12.37 -247.93 57.00
v -19.64 -239.25 44.00
v 12.37 -247.93 44.00
v 12.37 -247.93 57.00
v -19.64 -239.25 57.00
v 11.79 -251.28 44.00
v 46.00 -256.12 44.00
v 46.00 -252.72 44.00
v 12.37 -247.93 44.00
v 46.00 -256.12 57.00
v 11.79 -251.28 57.00
v 12.37 -247.93 57.00
v 46.00 -252.72 57.00
v 12.37 -247.93 44.00
v 46.00 -252.72 44.00
v 46.00 -252.72 57.00
v 12.37 -247.93 57.00
v 46.00 -256.12 44.00
v 80.58 -253.46 44.00
v 80.01 -250.11 44.00
v 46.00 -252.72 44.00
v 80.58 -253.46 57.00
v 46.00 -256.12 57.00
v 46.00 -252.72 57.00
v 80.01 -250.11 57.00
v 46.00 -252.72 44.00
v 80.01 -250.11 44.00
v 80.01 -250.11 57.00
v 46.00 -252.72 57.00
v 80.58 -253.46 44.00
v 112.79 -242.53 44.00
v 111.67 -239.32 44.00
v 80.01 -250.11 44.00
v 112.79 -242.53 57.00
v 80.58 -253.46 57.00
v 80.01 -250.11 57.00
v 111.67 -239.32 57.00
v 80.01 -250.11 44.00
v 111.67 -239.32 44.00
v 111.67 -239.32 57.00
v 80.01 -250.11 57.00
v 112.79 -242.53 44.00
v 141.14 -226.49 44.00
v 139.51 -223.51 44.00
v 111.67 -239.32 44.00
v 141.14 -226.49 57.00
v 112.79 -242.53 57.00
v 111.67 -239.32 57.00
v 139.51 -223.51 57.00
v 111.67 -239.32 44.00
v 139.51 -223.51 44.00
v 139.51 -223.51 57.00
v 111.67 -239.32 57.00
v 141.14 -226.49 44.00
v 166.96 -209.65 44.00
v 164.89 -206.95 44.00
v 139.51 -223.51 44.00
v 166.96 -209.65 57.00
v 141.14 -226.49 57.00
v 139.51 -223.51 57.00
v 164.89 -206.95 57.00
v 139.51 -223.51 44.00
v 164.89 -206.95 44.00
v 164.89 -206.95 57.00
v 139.51 -223.51 57.00
v -179.91 5.31 57.00
v -180.73 2.01 57.00
v -183.44 2.68 57.00
v -182.63 5.98 57.00
v -182.63 5.98 58.35
v -183.44 2.68 58.35
v -180.73 2.01 58.35
v -179.91 5.31 58.35
v -182.63 5.98 57.00
v -183.44 2.68 57.00
v -183.44 2.68 58.35
v -182.63 5.98 58.35
v -183.44 2.68 57.00
v -180.73 2.01 57.00
v -180.73 2.01 58.35
v -183.44 2.68 58.35
v -180.73 2.01 57.00
v -179.91 5.31 57.00
v -179.91 5.31 58.35
v -180.73 2.01 58.35
v -179.91 5.31 57.00
v -182.63 5.98 57.00
v -182.63 5.98 58.35
v -179.91 5.31 58.35
v -185.89 -50.30 57.00
v -185.89 -53.70 57.00
v -188.69 -53.70 57.00
v -188.69 -50.30 57.00
v -188.69 -50.30 58.35
v -188.69 -53.70 58.35
v -185.89 -53.70 58.35
v -185.89 -50.30 58.35
v -188.69 -50.30 57.00
v -188.69 -53.70 57.00
v -188.69 -53.70 58.35
v -188.69 -50.30 58.35
v -188.69 -53.70 57.00
v -185.89 -53.70 57.00
v -185.89 -53.70 58.35
v -188.69 -53.70 58.35
v -185.89 -53.70 57.00
v -185.89 -50.30 57.00
v -185.89 -50.30 58.35
v -185.89 -53.70 58.35
v -185.89 -50.30 57.00
v -188.69 -50.30 57.00
v -188.69 -50.30 58.35
v -185.89 -50.30 58.35
v -145.36 -153.08 57.00
v -143.75 -156.07 57.00
v -146.22 -157.40 57.00
v -147.83 -154.41 57.00
v -147.83 -154.41 58.35
v -146.22 -157.40 58.35
v -143.75 -156.07 58.35
v -145.36 -153.08 58.35
v -147.83 -154.41 57.00
v -146.22 -157.40 57.00
v -146.22 -157.40 58.35
v -147.83 -154.41 58.35
v -146.22 -157.40 57.00
v -143.75 -156.07 57.00
v -143.75 -156.07 58.35
v -146.22 -157.40 58.35
v -143.75 -156.07 57.00
v -145.36 -153.08 57.00
v -145.36 -153.08 58.35
v -143.75 -156.07 58.35
v -145.36 -153.08 57.00
v -147.83 -154.41 57.00
v -147.83 -154.41 58.35
v -145.36 -153.08 58.35
v -110.50 -200.92 57.00
v -108.14 -203.36 57.00
v -110.15 -205.31 57.00
v -112.51 -202.86 57.00
v -112.51 -202.86 58.35
v -110.15 -205.31 58.35
v -108.14 -203.36 58.35
v -110.50 -200.92 58.35
v -112.51 -202.86 57.00
v -110.15 -205.31 57.00
v -110.15 -205.31 58.35
v -112.51 -202.86 58.35
v -110.15 -205.31 57.00
v -108.14 -203.36 57.00
v -108.14 -203.36 58.35
v -110.15 -205.31 58.35
v -108.14 -203.36 57.00
v -110.50 -200.92 57.00
v -110.50 -200.92 58.35
v -108.14 -203.36 58.35
v -110.50 -200.92 57.00
v -112.51 -202.86 57.00
v -112.51 -202.86 58.35
v -110.50 -200.92 58.35
v -53.09 -230.20 57.00
v -50.11 -231.82 57.00
v -51.45 -234.28 57.00
v -54.43 -232.65 57.00
v -54.43 -232.65 58.35
v -51.45 -234.28 58.35
v -50.11 -231.82 58.35
v -53.09 -230.20 58.35
v -54.43 -232.65 57.00
v -51.45 -234.28 57.00
v -51.45 -234.28 58.35
v -54.43 -232.65 58.35
v -51.45 -234.28 57.00
v -50.11 -231.82 57.00
v -50.11 -231.82 58.35
v -51.45 -234.28 58.35
v -50.11 -231.82 57.00
v -53.09 -230.20 57.00
v -53.09 -230.20 58.35
v -50.11 -231.82 58.35
v -53.09 -230.20 57.00
v -54.43 -232.65 57.00
v -54.43 -232.65 58.35
v -53.09 -230.20 58.35
v 10.36 -249.61 57.00
v 13.71 -250.19 57.00
v 13.23 -252.94 57.00
v 9.88 -252.37 57.00
v 9.88 -252.37 58.35
v 13.23 -252.94 58.35
v 13.71 -250.19 58.35
v 10.36 -249.61 58.35
v 9.88 -252.37 57.00
v 13.23 -252.94 57.00
v 13.23 -252.94 58.35
v 9.88 -252.37 58.35
v 13.23 -252.94 57.00
v 13.71 -250.19 57.00
v 13.71 -250.19 58.35
v 13.23 -252.94 58.35
v 13.71 -250.19 57.00
v 10.36 -249.61 57.00
v 10.36 -249.61 58.35
v 13.71 -250.19 58.35
v 10.36 -249.61 57.00
v 9.88 -252.37 57.00
v 9.88 -252.37 58.35
v 10.36 -249.61 58.35
v 78.67 -252.37 57.00
v 82.02 -251.79 57.00
v 82.49 -254.55 57.00
v 79.14 -255.13 57.00
v 79.14 -255.13 58.35
v 82.49 -254.55 58.35
v 82.02 -251.79 58.35
v 78.67 -252.37 58.35
v 79.14 -255.13 57.00
v 82.49 -254.55 57.00
v 82.49 -254.55 58.35
v 79.14 -255.13 58.35
v 82.49 -254.55 57.00
v 82.02 -251.79 57.00
v 82.02 -251.79 58.35
v 82.49 -254.55 58.35
v 82.02 -251.79 57.00
v 78.67 -252.37 57.00
v 78.67 -252.37 58.35
v 82.02 -251.79 58.35
v 78.67 -252.37 57.00
v 79.14 -255.13 57.00
v 79.14 -255.13 58.35
v 78.67 -252.37 58.35
v 138.97 -226.07 57.00
v 141.96 -224.45 57.00
v 143.30 -226.91 57.00
v 140.31 -228.53 57.00
v 140.31 -228.53 58.35
v 143.30 -226.91 58.35
v 141.96 -224.45 58.35
v 138.97 -226.07 58.35
v 140.31 -228.53 57.00
v 143.30 -226.91 57.00
v 143.30 -226.91 58.35
v 140.31 -228.53 58.35
v 143.30 -226.91 57.00
v 141.96 -224.45 57.00
v 141.96 -224.45 58.35
v 143.30 -226.91 58.35
v 141.96 -224.45 57.00
v 138.97 -226.07 57.00
v 138.97 -226.07 58.35
v 141.96 -224.45 58.35
v 138.97 -226.07 57.00
v 140.31 -228.53 57.00
v 140.31 -228.53 58.35
v 138.97 -226.07 58.35
v -173.97 8.45 38.00
v -177.23 11.70 38.00
v -177.23 11.70 68.00
v -173.97 8.45 68.00
v -177.23 11.70 38.00
v -181.68 12.90 38.00
v -181.68 12.90 68.00
v -177.23 11.70 68.00
v -181.68 12.90 38.00
v -186.13 11.70 38.00
v -186.13 11.70 68.00
v -181.68 12.90 68.00
v -186.13 11.70 38.00
v -189.39 8.45 38.00
v -189.39 8.45 68.00
v -186.13 11.70 68.00
v -189.39 8.45 38.00
v -190.58 4.00 38.00
v -190.58 4.00 68.00
v -189.39 8.45 68.00
v -190.58 4.00 38.00
v -189.39 -0.45 38.00
v -189.39 -0.45 68.00
v -190.58 4.00 68.00
v -189.39 -0.45 38.00
v -186.13 -3.71 38.00
v -186.13 -3.71 68.00
v -189.39 -0.45 68.00
v -186.13 -3.71 38.00
v -181.68 -4.90 38.00
v -181.68 -4.90 68.00
v -186.13 -3.71 68.00
v -181.68 -4.90 38.00
v -177.23 -3.71 38.00
v -177.23 -3.71 68.00
v -181.68 -4.90 68.00
v -177.23 -3.71 38.00
v -173.97 -0.45 38.00
v -173.97 -0.45 68.00
v -177.23 -3.71 68.00
v -172.78 4.00 68.00
v -173.97 8.45 68.00
v -177.23 11.70 68.00
v -181.68 12.90 68.00
v -186.13 11.70 68.00
v -189.39 8.45 68.00
v -190.58 4.00 68.00
v -189.39 -0.45 68.00
v -186.13 -3.71 68.00
v -181.68 -4.90 68.00
v -177.23 -3.71 68.00
v -173.97 -0.45 68.00
v -177.63 10.28 64.40
v -176.69 11.45 64.40
v -175.52 10.52 64.40
v -176.46 9.34 64.40
v -176.46 9.34 66.00
v -175.52 10.52 66.00
v -176.69 11.45 66.00
v -177.63 10.28 66.00
v -176.46 9.34 64.40
v -175.52 10.52 64.40
v -175.52 10.52 66.00
v -176.46 9.34 66.00
v -175.52 10.52 64.40
v -176.69 11.45 64.40
v -176.69 11.45 66.00
v -175.52 10.52 66.00
v -176.69 11.45 64.40
v -177.63 10.28 64.40
v -177.63 10.28 66.00
v -176.69 11.45 66.00
v -177.63 10.28 64.40
v -176.46 9.34 64.40
v -176.46 9.34 66.00
v -177.63 10.28 66.00
v -180.76 11.41 64.40
v -180.42 12.88 64.40
v -178.96 12.54 64.40
v -179.29 11.08 64.40
v -179.29 11.08 66.00
v -178.96 12.54 66.00
v -180.42 12.88 66.00
v -180.76 11.41 66.00
v -179.29 11.08 64.40
v -178.96 12.54 64.40
v -178.96 12.54 66.00
v -179.29 11.08 66.00
v -178.96 12.54 64.40
v -180.42 12.88 64.40
v -180.42 12.88 66.00
v -178.96 12.54 66.00
v -180.42 12.88 64.40
v -180.76 11.41 64.40
v -180.76 11.41 66.00
v -180.42 12.88 66.00
v -180.76 11.41 64.40
v -179.29 11.08 64.40
v -179.29 11.08 66.00
v -180.76 11.41 66.00
v -184.07 11.08 64.40
v -184.40 12.54 64.40
v -182.94 12.88 64.40
v -182.60 11.41 64.40
v -182.60 11.41 66.00
v -182.94 12.88 66.00
v -184.40 12.54 66.00
v -184.07 11.08 66.00
v -182.60 11.41 64.40
v -182.94 12.88 64.40
v -182.94 12.88 66.00
v -182.60 11.41 66.00
v -182.94 12.88 64.40
v -184.40 12.54 64.40
v -184.40 12.54 66.00
v -182.94 12.88 66.00
v -184.40 12.54 64.40
v -184.07 11.08 64.40
v -184.07 11.08 66.00
v -184.40 12.54 66.00
v -184.07 11.08 64.40
v -182.60 11.41 64.40
v -182.60 11.41 66.00
v -184.07 11.08 66.00
v -186.90 9.34 64.40
v -187.84 10.52 64.40
v -186.67 11.45 64.40
v -185.73 10.28 64.40
v -185.73 10.28 66.00
v -186.67 11.45 66.00
v -187.84 10.52 66.00
v -186.90 9.34 66.00
v -185.73 10.28 64.40
v -186.67 11.45 64.40
v -186.67 11.45 66.00
v -185.73 10.28 66.00
v -186.67 11.45 64.40
v -187.84 10.52 64.40
v -187.84 10.52 66.00
v -186.67 11.45 66.00
v -187.84 10.52 64.40
v -186.90 9.34 64.40
v -186.90 9.34 66.00
v -187.84 10.52 66.00
v -186.90 9.34 64.40
v -185.73 10.28 64.40
v -185.73 10.28 66.00
v -186.90 9.34 66.00
v -188.71 6.55 64.40
v -190.06 7.20 64.40
v -189.41 8.55 64.40
v -188.06 7.90 64.40
v -188.06 7.90 66.00
v -189.41 8.55 66.00
v -190.06 7.20 66.00
v -188.71 6.55 66.00
v -188.06 7.90 64.40
v -189.41 8.55 64.40
v -189.41 8.55 66.00
v -188.06 7.90 66.00
v -189.41 8.55 64.40
v -190.06 7.20 64.40
v -190.06 7.20 66.00
v -189.41 8.55 66.00
v -190.06 7.20 64.40
v -188.71 6.55 64.40
v -188.71 6.55 66.00
v -190.06 7.20 66.00
v -188.71 6.55 64.40
v -188.06 7.90 64.40
v -188.06 7.90 66.00
v -188.71 6.55 66.00
v -189.12 3.25 64.40
v -190.62 3.25 64.40
v -190.62 4.75 64.40
v -189.12 4.75 64.40
v -189.12 4.75 66.00
v -190.62 4.75 66.00
v -190.62 3.25 66.00
v -189.12 3.25 66.00
v -189.12 4.75 64.40
v -190.62 4.75 64.40
v -190.62 4.75 66.00
v -189.12 4.75 66.00
v -190.62 4.75 64.40
v -190.62 3.25 64.40
v -190.62 3.25 66.00
v -190.62 4.75 66.00
v -190.62 3.25 64.40
v -189.12 3.25 64.40
v -189.12 3.25 66.00
v -190.62 3.25 66.00
v -189.12 3.25 64.40
v -189.12 4.75 64.40
v -189.12 4.75 66.00
v -189.12 3.25 66.00
v -188.06 0.09 64.40
v -189.41 -0.56 64.40
v -190.06 0.79 64.40
v -188.71 1.45 64.40
v -188.71 1.45 66.00
v -190.06 0.79 66.00
v -189.41 -0.56 66.00
v -188.06 0.09 66.00
v -188.71 1.45 64.40
v -190.06 0.79 64.40
v -190.06 0.79 66.00
v -188.71 1.45 66.00
v -190.06 0.79 64.40
v -189.41 -0.56 64.40
v -189.41 -0.56 66.00
v -190.06 0.79 66.00
v -189.41 -0.56 64.40
v -188.06 0.09 64.40
v -188.06 0.09 66.00
v -189.41 -0.56 66.00
v -188.06 0.09 64.40
v -188.71 1.45 64.40
v -188.71 1.45 66.00
v -188.06 0.09 66.00
v -185.73 -2.29 64.40
v -186.67 -3.46 64.40
v -187.84 -2.52 64.40
v -186.90 -1.35 64.40
v -186.90 -1.35 66.00
v -187.84 -2.52 66.00
v -186.67 -3.46 66.00
v -185.73 -2.29 66.00
v -186.90 -1.35 64.40
v -187.84 -2.52 64.40
v -187.84 -2.52 66.00
v -186.90 -1.35 66.00
v -187.84 -2.52 64.40
v -186.67 -3.46 64.40
v -186.67 -3.46 66.00
v -187.84 -2.52 66.00
v -186.67 -3.46 64.40
v -185.73 -2.29 64.40
v -185.73 -2.29 66.00
v -186.67 -3.46 66.00
v -185.73 -2.29 64.40
v -186.90 -1.35 64.40
v -186.90 -1.35 66.00
v -185.73 -2.29 66.00
v -182.60 -3.42 64.40
v -182.94 -4.88 64.40
v -184.40 -4.55 64.40
v -184.07 -3.09 64.40
v -184.07 -3.09 66.00
v -184.40 -4.55 66.00
v -182.94 -4.88 66.00
v -182.60 -3.42 66.00
v -184.07 -3.09 64.40
v -184.40 -4.55 64.40
v -184.40 -4.55 66.00
v -184.07 -3.09 66.00
v -184.40 -4.55 64.40
v -182.94 -4.88 64.40
v -182.94 -4.88 66.00
v -184.40 -4.55 66.00
v -182.94 -4.88 64.40
v -182.60 -3.42 64.40
v -182.60 -3.42 66.00
v -182.94 -4.88 66.00
v -182.60 -3.42 64.40
v -184.07 -3.09 64.40
v -184.07 -3.09 66.00
v -182.60 -3.42 66.00
v -179.29 -3.09 64.40
v -178.96 -4.55 64.40
v -180.42 -4.88 64.40
v -180.76 -3.42 64.40
v -180.76 -3.42 66.00
v -180.42 -4.88 66.00
v -178.96 -4.55 66.00
v -179.29 -3.09 66.00
v -180.76 -3.42 64.40
v -180.42 -4.88 64.40
v -180.42 -4.88 66.00
v -180.76 -3.42 66.00
v -180.42 -4.88 64.40
v -178.96 -4.55 64.40
v -178.96 -4.55 66.00
v -180.42 -4.88 66.00
v -178.96 -4.55 64.40
v -179.29 -3.09 64.40
v -179.29 -3.09 66.00
v -178.96 -4.55 66.00
v -179.29 -3.09 64.40
v -180.76 -3.42 64.40
v -180.76 -3.42 66.00
v -179.29 -3.09 66.00
v -176.46 -1.35 64.40
v -175.52 -2.52 64.40
v -176.69 -3.46 64.40
v -177.63 -2.29 64.40
v -177.63 -2.29 66.00
v -176.69 -3.46 66.00
v -175.52 -2.52 66.00
v -176.46 -1.35 66.00
v -177.63 -2.29 64.40
v -176.69 -3.46 64.40
v -176.69 -3.46 66.00
v -177.63 -2.29 66.00
v -176.69 -3.46 64.40
v -175.52 -2.52 64.40
v -175.52 -2.52 66.00
v -176.69 -3.46 66.00
v -175.52 -2.52 64.40
v -176.46 -1.35 64.40
v -176.46 -1.35 66.00
v -175.52 -2.52 66.00
v -176.46 -1.35 64.40
v -177.63 -2.29 64.40
v -177.63 -2.29 66.00
v -176.46 -1.35 66.00
v -175.58 11.65 66.00
v -179.50 13.54 66.00
v -179.50 13.54 68.40
v -175.58 11.65 68.40
v -179.50 13.54 66.00
v -183.86 13.54 66.00
v -183.86 13.54 68.40
v -179.50 13.54 68.40
v -183.86 13.54 66.00
v -187.78 11.65 66.00
v -187.78 11.65 68.40
v -183.86 13.54 68.40
v -187.78 11.65 66.00
v -190.50 8.24 66.00
v -190.50 8.24 68.40
v -187.78 11.65 68.40
v -190.50 8.24 66.00
v -191.47 4.00 66.00
v -191.47 4.00 68.40
v -190.50 8.24 68.40
v -191.47 4.00 66.00
v -190.50 -0.25 66.00
v -190.50 -0.25 68.40
v -191.47 4.00 68.40
v -190.50 -0.25 66.00
v -187.78 -3.66 66.00
v -187.78 -3.66 68.40
v -190.50 -0.25 68.40
v -187.78 -3.66 66.00
v -183.86 -5.55 66.00
v -183.86 -5.55 68.40
v -187.78 -3.66 68.40
v -183.86 -5.55 66.00
v -179.50 -5.55 66.00
v -179.50 -5.55 68.40
v -183.86 -5.55 68.40
v -179.50 -5.55 66.00
v -175.58 -3.66 66.00
v -175.58 -3.66 68.40
v -179.50 -5.55 68.40
v -45.77 -232.24 38.00
v -46.64 -228.99 38.00
v -46.64 -228.99 68.00
v -45.77 -232.24 68.00
v -46.64 -228.99 38.00
v -49.02 -226.61 38.00
v -49.02 -226.61 68.00
v -46.64 -228.99 68.00
v -49.02 -226.61 38.00
v -52.27 -225.74 38.00
v -52.27 -225.74 68.00
v -49.02 -226.61 68.00
v -52.27 -225.74 38.00
v -55.52 -226.61 38.00
v -55.52 -226.61 68.00
v -52.27 -225.74 68.00
v -55.52 -226.61 38.00
v -57.90 -228.99 38.00
v -57.90 -228.99 68.00
v -55.52 -226.61 68.00
v -57.90 -228.99 38.00
v -58.77 -232.24 38.00
v -58.77 -232.24 68.00
v -57.90 -228.99 68.00
v -58.77 -232.24 38.00
v -57.90 -235.49 38.00
v -57.90 -235.49 68.00
v -58.77 -232.24 68.00
v -57.90 -235.49 38.00
v -55.52 -237.87 38.00
v -55.52 -237.87 68.00
v -57.90 -235.49 68.00
v -55.52 -237.87 38.00
v -52.27 -238.74 38.00
v -52.27 -238.74 68.00
v -55.52 -237.87 68.00
v -52.27 -238.74 38.00
v -49.02 -237.87 38.00
v -49.02 -237.87 68.00
v -52.27 -238.74 68.00
v -49.02 -237.87 38.00
v -46.64 -235.49 38.00
v -46.64 -235.49 68.00
v -49.02 -237.87 68.00
v -46.64 -235.49 38.00
v -45.77 -232.24 38.00
v -45.77 -232.24 68.00
v -46.64 -235.49 68.00
v -45.77 -232.24 68.00
v -46.64 -228.99 68.00
v -49.02 -226.61 68.00
v -52.27 -225.74 68.00
v -55.52 -226.61 68.00
v -57.90 -228.99 68.00
v -58.77 -232.24 68.00
v -57.90 -235.49 68.00
v -55.52 -237.87 68.00
v -52.27 -238.74 68.00
v -49.02 -237.87 68.00
v -46.64 -235.49 68.00
v -47.04 -231.49 64.40
v -45.54 -231.49 64.40
v -45.54 -232.99 64.40
v -47.04 -232.99 64.40
v -47.04 -232.99 66.00
v -45.54 -232.99 66.00
v -45.54 -231.49 66.00
v -47.04 -231.49 66.00
v -47.04 -232.99 64.40
v -45.54 -232.99 64.40
v -45.54 -232.99 66.00
v -47.04 -232.99 66.00
v -45.54 -232.99 64.40
v -45.54 -231.49 64.40
v -45.54 -231.49 66.00
v -45.54 -232.99 66.00
v -45.54 -231.49 64.40
v -47.04 -231.49 64.40
v -47.04 -231.49 66.00
v -45.54 -231.49 66.00
v -47.04 -231.49 64.40
v -47.04 -232.99 64.40
v -47.04 -232.99 66.00
v -47.04 -231.49 66.00
v -47.88 -229.29 64.40
v -46.53 -228.64 64.40
v -45.88 -230.00 64.40
v -47.23 -230.65 64.40
v -47.23 -230.65 66.00
v -45.88 -230.00 66.00
v -46.53 -228.64 66.00
v -47.88 -229.29 66.00
v -47.23 -230.65 64.40
v -45.88 -230.00 64.40
v -45.88 -230.00 66.00
v -47.23 -230.65 66.00
v -45.88 -230.00 64.40
v -46.53 -228.64 64.40
v -46.53 -228.64 66.00
v -45.88 -230.00 66.00
v -46.53 -228.64 64.40
v -47.88 -229.29 64.40
v -47.88 -229.29 66.00
v -46.53 -228.64 66.00
v -47.88 -229.29 64.40
v -47.23 -230.65 64.40
v -47.23 -230.65 66.00
v -47.88 -229.29 66.00
v -49.60 -227.68 64.40
v -48.66 -226.51 64.40
v -47.49 -227.44 64.40
v -48.42 -228.62 64.40
v -48.42 -228.62 66.00
v -47.49 -227.44 66.00
v -48.66 -226.51 66.00
v -49.60 -227.68 66.00
v -48.42 -228.62 64.40
v -47.49 -227.44 64.40
v -47.49 -227.44 66.00
v -48.42 -228.62 66.00
v -47.49 -227.44 64.40
v -48.66 -226.51 64.40
v -48.66 -226.51 66.00
v -47.49 -227.44 66.00
v -48.66 -226.51 64.40
v -49.60 -227.68 64.40
v -49.60 -227.68 66.00
v -48.66 -226.51 66.00
v -49.60 -227.68 64.40
v -48.42 -228.62 64.40
v -48.42 -228.62 66.00
v -49.60 -227.68 66.00
v -51.84 -226.97 64.40
v -51.50 -225.51 64.40
v -50.04 -225.84 64.40
v -50.38 -227.31 64.40
v -50.38 -227.31 66.00
v -50.04 -225.84 66.00
v -51.50 -225.51 66.00
v -51.84 -226.97 66.00
v -50.38 -227.31 64.40
v -50.04 -225.84 64.40
v -50.04 -225.84 66.00
v -50.38 -227.31 66.00
v -50.04 -225.84 64.40
v -51.50 -225.51 64.40
v -51.50 -225.51 66.00
v -50.04 -225.84 66.00
v -51.50 -225.51 64.40
v -51.84 -226.97 64.40
v -51.84 -226.97 66.00
v -51.50 -225.51 66.00
v -51.84 -226.97 64.40
v -50.38 -227.31 64.40
v -50.38 -227.31 66.00
v -51.84 -226.97 66.00
v -54.17 -227.31 64.40
v -54.50 -225.84 64.40
v -53.04 -225.51 64.40
v -52.70 -226.97 64.40
v -52.70 -226.97 66.00
v -53.04 -225.51 66.00
v -54.50 -225.84 66.00
v -54.17 -227.31 66.00
v -52.70 -226.97 64.40
v -53.04 -225.51 64.40
v -53.04 -225.51 66.00
v -52.70 -226.97 66.00
v -53.04 -225.51 64.40
v -54.50 -225.84 64.40
v -54.50 -225.84 66.00
v -53.04 -225.51 66.00
v -54.50 -225.84 64.40
v -54.17 -227.31 64.40
v -54.17 -227.31 66.00
v -54.50 -225.84 66.00
v -54.17 -227.31 64.40
v -52.70 -226.97 64.40
v -52.70 -226.97 66.00
v -54.17 -227.31 66.00
v -56.12 -228.62 64.40
v -57.05 -227.44 64.40
v -55.88 -226.51 64.40
v -54.95 -227.68 64.40
v -54.95 -227.68 66.00
v -55.88 -226.51 66.00
v -57.05 -227.44 66.00
v -56.12 -228.62 66.00
v -54.95 -227.68 64.40
v -55.88 -226.51 64.40
v -55.88 -226.51 66.00
v -54.95 -227.68 66.00
v -55.88 -226.51 64.40
v -57.05 -227.44 64.40
v -57.05 -227.44 66.00
v -55.88 -226.51 66.00
v -57.05 -227.44 64.40
v -56.12 -228.62 64.40
v -56.12 -228.62 66.00
v -57.05 -227.44 66.00
v -56.12 -228.62 64.40
v -54.95 -227.68 64.40
v -54.95 -227.68 66.00
v -56.12 -228.62 66.00
v -57.31 -230.65 64.40
v -58.66 -230.00 64.40
v -58.01 -228.64 64.40
v -56.66 -229.29 64.40
v -56.66 -229.29 66.00
v -58.01 -228.64 66.00
v -58.66 -230.00 66.00
v -57.31 -230.65 66.00
v -56.66 -229.29 64.40
v -58.01 -228.64 64.40
v -58.01 -228.64 66.00
v -56.66 -229.29 66.00
v -58.01 -228.64 64.40
v -58.66 -230.00 64.40
v -58.66 -230.00 66.00
v -58.01 -228.64 66.00
v -58.66 -230.00 64.40
v -57.31 -230.65 64.40
v -57.31 -230.65 66.00
v -58.66 -230.00 66.00
v -57.31 -230.65 64.40
v -56.66 -229.29 64.40
v -56.66 -229.29 66.00
v -57.31 -230.65 66.00
v -57.50 -232.99 64.40
v -59.00 -232.99 64.40
v -59.00 -231.49 64.40
v -57.50 -231.49 64.40
v -57.50 -231.49 66.00
v -59.00 -231.49 66.00
v -59.00 -232.99 66.00
v -57.50 -232.99 66.00
v -57.50 -231.49 64.40
v -59.00 -231.49 64.40
v -59.00 -231.49 66.00
v -57.50 -231.49 66.00
v -59.00 -231.49 64.40
v -59.00 -232.99 64.40
v -59.00 -232.99 66.00
v -59.00 -231.49 66.00
v -59.00 -232.99 64.40
v -57.50 -232.99 64.40
v -57.50 -232.99 66.00
v -59.00 -232.99 66.00
v -57.50 -232.99 64.40
v -57.50 -231.49 64.40
v -57.50 -231.49 66.00
v -57.50 -232.99 66.00
v -56.66 -235.18 64.40
v -58.01 -235.84 64.40
v -58.66 -234.48 64.40
v -57.31 -233.83 64.40
v -57.31 -233.83 66.00
v -58.66 -234.48 66.00
v -58.01 -235.84 66.00
v -56.66 -235.18 66.00
v -57.31 -233.83 64.40
v -58.66 -234.48 64.40
v -58.66 -234.48 66.00
v -57.31 -233.83 66.00
v -58.66 -234.48 64.40
v -58.01 -235.84 64.40
v -58.01 -235.84 66.00
v -58.66 -234.48 66.00
v -58.01 -235.84 64.40
v -56.66 -235.18 64.40
v -56.66 -235.18 66.00
v -58.01 -235.84 66.00
v -56.66 -235.18 64.40
v -57.31 -233.83 64.40
v -57.31 -233.83 66.00
v -56.66 -235.18 66.00
v -54.95 -236.80 64.40
v -55.88 -237.97 64.40
v -57.05 -237.03 64.40
v -56.12 -235.86 64.40
v -56.12 -235.86 66.00
v -57.05 -237.03 66.00
v -55.88 -237.97 66.00
v -54.95 -236.80 66.00
v -56.12 -235.86 64.40
v -57.05 -237.03 64.40
v -57.05 -237.03 66.00
v -56.12 -235.86 66.00
v -57.05 -237.03 64.40
v -55.88 -237.97 64.40
v -55.88 -237.97 66.00
v -57.05 -237.03 66.00
v -55.88 -237.97 64.40
v -54.95 -236.80 64.40
v -54.95 -236.80 66.00
v -55.88 -237.97 66.00
v -54.95 -236.80 64.40
v -56.12 -235.86 64.40
v -56.12 -235.86 66.00
v -54.95 -236.80 66.00
v -52.70 -237.50 64.40
v -53.04 -238.97 64.40
v -54.50 -238.63 64.40
v -54.17 -237.17 64.40
v -54.17 -237.17 66.00
v -54.50 -238.63 66.00
v -53.04 -238.97 66.00
v -52.70 -237.50 66.00
v -54.17 -237.17 64.40
v -54.50 -238.63 64.40
v -54.50 -238.63 66.00
v -54.17 -237.17 66.00
v -54.50 -238.63 64.40
v -53.04 -238.97 64.40
v -53.04 -238.97 66.00
v -54.50 -238.63 66.00
v -53.04 -238.97 64.40
v -52.70 -237.50 64.40
v -52.70 -237.50 66.00
v -53.04 -238.97 66.00
v -52.70 -237.50 64.40
v -54.17 -237.17 64.40
v -54.17 -237.17 66.00
v -52.70 -237.50 66.00
v -50.38 -237.17 64.40
v -50.04 -238.63 64.40
v -51.50 -238.97 64.40
v -51.84 -237.50 64.40
v -51.84 -237.50 66.00
v -51.50 -238.97 66.00
v -50.04 -238.63 66.00
v -50.38 -237.17 66.00
v -51.84 -237.50 64.40
v -51.50 -238.97 64.40
v -51.50 -238.97 66.00
v -51.84 -237.50 66.00
v -51.50 -238.97 64.40
v -50.04 -238.63 64.40
v -50.04 -238.63 66.00
v -51.50 -238.97 66.00
v -50.04 -238.63 64.40
v -50.38 -237.17 64.40
v -50.38 -237.17 66.00
v -50.04 -238.63 66.00
v -50.38 -237.17 64.40
v -51.84 -237.50 64.40
v -51.84 -237.50 66.00
v -50.38 -237.17 66.00
v -48.42 -235.86 64.40
v -47.49 -237.03 64.40
v -48.66 -237.97 64.40
v -49.60 -236.80 64.40
v -49.60 -236.80 66.00
v -48.66 -237.97 66.00
v -47.49 -237.03 66.00
v -48.42 -235.86 66.00
v -49.60 -236.80 64.40
v -48.66 -237.97 64.40
v -48.66 -237.97 66.00
v -49.60 -236.80 66.00
v -48.66 -237.97 64.40
v -47.49 -237.03 64.40
v -47.49 -237.03 66.00
v -48.66 -237.97 66.00
v -47.49 -237.03 64.40
v -48.42 -235.86 64.40
v -48.42 -235.86 66.00
v -47.49 -237.03 66.00
v -48.42 -235.86 64.40
v -49.60 -236.80 64.40
v -49.60 -236.80 66.00
v -48.42 -235.86 66.00
v -47.23 -233.83 64.40
v -45.88 -234.48 64.40
v -46.53 -235.84 64.40
v -47.88 -235.18 64.40
v -47.88 -235.18 66.00
v -46.53 -235.84 66.00
v -45.88 -234.48 66.00
v -47.23 -233.83 66.00
v -47.88 -235.18 64.40
v -46.53 -235.84 64.40
v -46.53 -235.84 66.00
v -47.88 -235.18 66.00
v -46.53 -235.84 64.40
v -45.88 -234.48 64.40
v -45.88 -234.48 66.00
v -46.53 -235.84 66.00
v -45.88 -234.48 64.40
v -47.23 -233.83 64.40
v -47.23 -233.83 66.00
v -45.88 -234.48 66.00
v -47.23 -233.83 64.40
v -47.88 -235.18 64.40
v -47.88 -235.18 66.00
v -47.23 -233.83 66.00
v -45.12 -232.24 66.00
v -45.83 -229.14 66.00
v -45.83 -229.14 68.40
v -45.12 -232.24 68.40
v -45.83 -229.14 66.00
v -47.81 -226.65 66.00
v -47.81 -226.65 68.40
v -45.83 -229.14 68.40
v -47.81 -226.65 66.00
v -50.68 -225.27 66.00
v -50.68 -225.27 68.40
v -47.81 -226.65 68.40
v -50.68 -225.27 66.00
v -53.86 -225.27 66.00
v -53.86 -225.27 68.40
v -50.68 -225.27 68.40
v -53.86 -225.27 66.00
v -56.73 -226.65 66.00
v -56.73 -226.65 68.40
v -53.86 -225.27 68.40
v -56.73 -226.65 66.00
v -58.71 -229.14 66.00
v -58.71 -229.14 68.40
v -56.73 -226.65 68.40
v -58.71 -229.14 66.00
v -59.42 -232.24 66.00
v -59.42 -232.24 68.40
v -58.71 -229.14 68.40
v -59.42 -232.24 66.00
v -58.71 -235.34 66.00
v -58.71 -235.34 68.40
v -59.42 -232.24 68.40
v -58.71 -235.34 66.00
v -56.73 -237.83 66.00
v -56.73 -237.83 68.40
v -58.71 -235.34 68.40
v -56.73 -237.83 66.00
v -53.86 -239.21 66.00
v -53.86 -239.21 68.40
v -56.73 -237.83 68.40
v -53.86 -239.21 66.00
v -50.68 -239.21 66.00
v -50.68 -239.21 68.40
v -53.86 -239.21 68.40
v -50.68 -239.21 66.00
v -47.81 -237.83 66.00
v -47.81 -237.83 68.40
v -50.68 -239.21 68.40
v -47.81 -237.83 66.00
v -45.83 -235.34 66.00
v -45.83 -235.34 68.40
v -47.81 -237.83 68.40
v -45.83 -235.34 66.00
v -45.12 -232.24 66.00
v -45.12 -232.24 68.40
v -45.83 -235.34 68.40
v 121.69 -242.53 38.00
v 120.50 -238.08 38.00
v 120.50 -238.08 68.00
v 121.69 -242.53 68.00
v 120.50 -238.08 38.00
v 117.24 -234.82 38.00
v 117.24 -234.82 68.00
v 120.50 -238.08 68.00
v 117.24 -234.82 38.00
v 112.79 -233.63 38.00
v 112.79 -233.63 68.00
v 117.24 -234.82 68.00
v 112.79 -233.63 38.00
v 108.34 -234.82 38.00
v 108.34 -234.82 68.00
v 112.79 -233.63 68.00
v 108.34 -234.82 38.00
v 105.08 -238.08 38.00
v 105.08 -238.08 68.00
v 108.34 -234.82 68.00
v 105.08 -238.08 38.00
v 103.89 -242.53 38.00
v 103.89 -242.53 68.00
v 105.08 -238.08 68.00
v 103.89 -242.53 38.00
v 105.08 -246.98 38.00
v 105.08 -246.98 68.00
v 103.89 -242.53 68.00
v 105.08 -246.98 38.00
v 108.34 -250.24 38.00
v 108.34 -250.24 68.00
v 105.08 -246.98 68.00
v 108.34 -250.24 38.00
v 112.79 -251.43 38.00
v 112.79 -251.43 68.00
v 108.34 -250.24 68.00
v 112.79 -251.43 38.00
v 117.24 -250.24 38.00
v 117.24 -250.24 68.00
v 112.79 -251.43 68.00
v 117.24 -250.24 38.00
v 120.50 -246.98 38.00
v 120.50 -246.98 68.00
v 117.24 -250.24 68.00
v 120.50 -246.98 38.00
v 121.69 -242.53 38.00
v 121.69 -242.53 68.00
v 120.50 -246.98 68.00
v 121.69 -242.53 68.00
v 120.50 -238.08 68.00
v 117.24 -234.82 68.00
v 112.79 -233.63 68.00
v 108.34 -234.82 68.00
v 105.08 -238.08 68.00
v 103.89 -242.53 68.00
v 105.08 -246.98 68.00
v 108.34 -250.24 68.00
v 112.79 -251.43 68.00
v 117.24 -250.24 68.00
v 120.50 -246.98 68.00
v 120.23 -241.78 64.40
v 121.73 -241.78 64.40
v 121.73 -243.28 64.40
v 120.23 -243.28 64.40
v 120.23 -243.28 66.00
v 121.73 -243.28 66.00
v 121.73 -241.78 66.00
v 120.23 -241.78 66.00
v 120.23 -243.28 64.40
v 121.73 -243.28 64.40
v 121.73 -243.28 66.00
v 120.23 -243.28 66.00
v 121.73 -243.28 64.40
v 121.73 -241.78 64.40
v 121.73 -241.78 66.00
v 121.73 -243.28 66.00
v 121.73 -241.78 64.40
v 120.23 -241.78 64.40
v 120.23 -241.78 66.00
v 121.73 -241.78 66.00
v 120.23 -241.78 64.40
v 120.23 -243.28 64.40
v 120.23 -243.28 66.00
v 120.23 -241.78 66.00
v 119.17 -238.63 64.40
v 120.52 -237.98 64.40
v 121.17 -239.33 64.40
v 119.82 -239.98 64.40
v 119.82 -239.98 66.00
v 121.17 -239.33 66.00
v 120.52 -237.98 66.00
v 119.17 -238.63 66.00
v 119.82 -239.98 64.40
v 121.17 -239.33 64.40
v 121.17 -239.33 66.00
v 119.82 -239.98 66.00
v 121.17 -239.33 64.40
v 120.52 -237.98 64.40
v 120.52 -237.98 66.00
v 121.17 -239.33 66.00
v 120.52 -237.98 64.40
v 119.17 -238.63 64.40
v 119.17 -238.63 66.00
v 120.52 -237.98 66.00
v 119.17 -238.63 64.40
v 119.82 -239.98 64.40
v 119.82 -239.98 66.00
v 119.17 -238.63 66.00
v 116.84 -236.25 64.40
v 117.78 -235.08 64.40
v 118.95 -236.01 64.40
v 118.02 -237.19 64.40
v 118.02 -237.19 66.00
v 118.95 -236.01 66.00
v 117.78 -235.08 66.00
v 116.84 -236.25 66.00
v 118.02 -237.19 64.40
v 118.95 -236.01 64.40
v 118.95 -236.01 66.00
v 118.02 -237.19 66.00
v 118.95 -236.01 64.40
v 117.78 -235.08 64.40
v 117.78 -235.08 66.00
v 118.95 -236.01 66.00
v 117.78 -235.08 64.40
v 116.84 -236.25 64.40
v 116.84 -236.25 66.00
v 117.78 -235.08 66.00
v 116.84 -236.25 64.40
v 118.02 -237.19 64.40
v 118.02 -237.19 66.00
v 116.84 -236.25 66.00
v 113.72 -235.11 64.40
v 114.05 -233.65 64.40
v 115.51 -233.99 64.40
v 115.18 -235.45 64.40
v 115.18 -235.45 66.00
v 115.51 -233.99 66.00
v 114.05 -233.65 66.00
v 113.72 -235.11 66.00
v 115.18 -235.45 64.40
v 115.51 -233.99 64.40
v 115.51 -233.99 66.00
v 115.18 -235.45 66.00
v 115.51 -233.99 64.40
v 114.05 -233.65 64.40
v 114.05 -233.65 66.00
v 115.51 -233.99 66.00
v 114.05 -233.65 64.40
v 113.72 -235.11 64.40
v 113.72 -235.11 66.00
v 114.05 -233.65 66.00
v 113.72 -235.11 64.40
v 115.18 -235.45 64.40
v 115.18 -235.45 66.00
v 113.72 -235.11 66.00
v 110.41 -235.45 64.40
v 110.07 -233.99 64.40
v 111.53 -233.65 64.40
v 111.87 -235.11 64.40
v 111.87 -235.11 66.00
v 111.53 -233.65 66.00
v 110.07 -233.99 66.00
v 110.41 -235.45 66.00
v 111.87 -235.11 64.40
v 111.53 -233.65 64.40
v 111.53 -233.65 66.00
v 111.87 -235.11 66.00
v 111.53 -233.65 64.40
v 110.07 -233.99 64.40
v 110.07 -233.99 66.00
v 111.53 -233.65 66.00
v 110.07 -233.99 64.40
v 110.41 -235.45 64.40
v 110.41 -235.45 66.00
v 110.07 -233.99 66.00
v 110.41 -235.45 64.40
v 111.87 -235.11 64.40
v 111.87 -235.11 66.00
v 110.41 -235.45 66.00
v 107.57 -237.19 64.40
v 106.63 -236.01 64.40
v 107.81 -235.08 64.40
v 108.74 -236.25 64.40
v 108.74 -236.25 66.00
v 107.81 -235.08 66.00
v 106.63 -236.01 66.00
v 107.57 -237.19 66.00
v 108.74 -236.25 64.40
v 107.81 -235.08 64.40
v 107.81 -235.08 66.00
v 108.74 -236.25 66.00
v 107.81 -235.08 64.40
v 106.63 -236.01 64.40
v 106.63 -236.01 66.00
v 107.81 -235.08 66.00
v 106.63 -236.01 64.40
v 107.57 -237.19 64.40
v 107.57 -237.19 66.00
v 106.63 -236.01 66.00
v 107.57 -237.19 64.40
v 108.74 -236.25 64.40
v 108.74 -236.25 66.00
v 107.57 -237.19 66.00
v 105.77 -239.98 64.40
v 104.41 -239.33 64.40
v 105.06 -237.98 64.40
v 106.42 -238.63 64.40
v 106.42 -238.63 66.00
v 105.06 -237.98 66.00
v 104.41 -239.33 66.00
v 105.77 -239.98 66.00
v 106.42 -238.63 64.40
v 105.06 -237.98 64.40
v 105.06 -237.98 66.00
v 106.42 -238.63 66.00
v 105.06 -237.98 64.40
v 104.41 -239.33 64.40
v 104.41 -239.33 66.00
v 105.06 -237.98 66.00
v 104.41 -239.33 64.40
v 105.77 -239.98 64.40
v 105.77 -239.98 66.00
v 104.41 -239.33 66.00
v 105.77 -239.98 64.40
v 106.42 -238.63 64.40
v 106.42 -238.63 66.00
v 105.77 -239.98 66.00
v 105.35 -243.28 64.40
v 103.85 -243.28 64.40
v 103.85 -241.78 64.40
v 105.35 -241.78 64.40
v 105.35 -241.78 66.00
v 103.85 -241.78 66.00
v 103.85 -243.28 66.00
v 105.35 -243.28 66.00
v 105.35 -241.78 64.40
v 103.85 -241.78 64.40
v 103.85 -241.78 66.00
v 105.35 -241.78 66.00
v 103.85 -241.78 64.40
v 103.85 -243.28 64.40
v 103.85 -243.28 66.00
v 103.85 -241.78 66.00
v 103.85 -243.28 64.40
v 105.35 -243.28 64.40
v 105.35 -243.28 66.00
v 103.85 -243.28 66.00
v 105.35 -243.28 64.40
v 105.35 -241.78 64.40
v 105.35 -241.78 66.00
v 105.35 -243.28 66.00
v 106.42 -246.44 64.40
v 105.06 -247.09 64.40
v 104.41 -245.74 64.40
v 105.77 -245.08 64.40
v 105.77 -245.08 66.00
v 104.41 -245.74 66.00
v 105.06 -247.09 66.00
v 106.42 -246.44 66.00
v 105.77 -245.08 64.40
v 104.41 -245.74 64.40
v 104.41 -245.74 66.00
v 105.77 -245.08 66.00
v 104.41 -245.74 64.40
v 105.06 -247.09 64.40
v 105.06 -247.09 66.00
v 104.41 -245.74 66.00
v 105.06 -247.09 64.40
v 106.42 -246.44 64.40
v 106.42 -246.44 66.00
v 105.06 -247.09 66.00
v 106.42 -246.44 64.40
v 105.77 -245.08 64.40
v 105.77 -245.08 66.00
v 106.42 -246.44 66.00
v 108.74 -248.81 64.40
v 107.81 -249.99 64.40
v 106.63 -249.05 64.40
v 107.57 -247.88 64.40
v 107.57 -247.88 66.00
v 106.63 -249.05 66.00
v 107.81 -249.99 66.00
v 108.74 -248.81 66.00
v 107.57 -247.88 64.40
v 106.63 -249.05 64.40
v 106.63 -249.05 66.00
v 107.57 -247.88 66.00
v 106.63 -249.05 64.40
v 107.81 -249.99 64.40
v 107.81 -249.99 66.00
v 106.63 -249.05 66.00
v 107.81 -249.99 64.40
v 108.74 -248.81 64.40
v 108.74 -248.81 66.00
v 107.81 -249.99 66.00
v 108.74 -248.81 64.40
v 107.57 -247.88 64.40
v 107.57 -247.88 66.00
v 108.74 -248.81 66.00
v 111.87 -249.95 64.40
v 111.53 -251.41 64.40
v 110.07 -251.08 64.40
v 110.41 -249.62 64.40
v 110.41 -249.62 66.00
v 110.07 -251.08 66.00
v 111.53 -251.41 66.00
v 111.87 -249.95 66.00
v 110.41 -249.62 64.40
v 110.07 -251.08 64.40
v 110.07 -251.08 66.00
v 110.41 -249.62 66.00
v 110.07 -251.08 64.40
v 111.53 -251.41 64.40
v 111.53 -251.41 66.00
v 110.07 -251.08 66.00
v 111.53 -251.41 64.40
v 111.87 -249.95 64.40
v 111.87 -249.95 66.00
v 111.53 -251.41 66.00
v 111.87 -249.95 64.40
v 110.41 -249.62 64.40
v 110.41 -249.62 66.00
v 111.87 -249.95 66.00
v 115.18 -249.62 64.40
v 115.51 -251.08 64.40
v 114.05 -251.41 64.40
v 113.72 -249.95 64.40
v 113.72 -249.95 66.00
v 114.05 -251.41 66.00
v 115.51 -251.08 66.00
v 115.18 -249.62 66.00
v 113.72 -249.95 64.40
v 114.05 -251.41 64.40
v 114.05 -251.41 66.00
v 113.72 -249.95 66.00
v 114.05 -251.41 64.40
v 115.51 -251.08 64.40
v 115.51 -251.08 66.00
v 114.05 -251.41 66.00
v 115.51 -251.08 64.40
v 115.18 -249.62 64.40
v 115.18 -249.62 66.00
v 115.51 -251.08 66.00
v 115.18 -249.62 64.40
v 113.72 -249.95 64.40
v 113.72 -249.95 66.00
v 115.18 -249.62 66.00
v 118.02 -247.88 64.40
v 118.95 -249.05 64.40
v 117.78 -249.99 64.40
v 116.84 -248.81 64.40
v 116.84 -248.81 66.00
v 117.78 -249.99 66.00
v 118.95 -249.05 66.00
v 118.02 -247.88 66.00
v 116.84 -248.81 64.40
v 117.78 -249.99 64.40
v 117.78 -249.99 66.00
v 116.84 -248.81 66.00
v 117.78 -249.99 64.40
v 118.95 -249.05 64.40
v 118.95 -249.05 66.00
v 117.78 -249.99 66.00
v 118.95 -249.05 64.40
v 118.02 -247.88 64.40
v 118.02 -247.88 66.00
v 118.95 -249.05 66.00
v 118.02 -247.88 64.40
v 116.84 -248.81 64.40
v 116.84 -248.81 66.00
v 118.02 -247.88 66.00
v 119.82 -245.08 64.40
v 121.17 -245.74 64.40
v 120.52 -247.09 64.40
v 119.17 -246.44 64.40
v 119.17 -246.44 66.00
v 120.52 -247.09 66.00
v 121.17 -245.74 66.00
v 119.82 -245.08 66.00
v 119.17 -246.44 64.40
v 120.52 -247.09 64.40
v 120.52 -247.09 66.00
v 119.17 -246.44 66.00
v 120.52 -247.09 64.40
v 121.17 -245.74 64.40
v 121.17 -245.74 66.00
v 120.52 -247.09 66.00
v 121.17 -245.74 64.40
v 119.82 -245.08 64.40
v 119.82 -245.08 66.00
v 121.17 -245.74 66.00
v 119.82 -245.08 64.40
v 119.17 -246.44 64.40
v 119.17 -246.44 66.00
v 119.82 -245.08 66.00
v 122.58 -242.53 66.00
v 121.61 -238.28 66.00
v 121.61 -238.28 68.40
v 122.58 -242.53 68.40
v 121.61 -238.28 66.00
v 118.90 -234.88 66.00
v 118.90 -234.88 68.40
v 121.61 -238.28 68.40
v 118.90 -234.88 66.00
v 114.97 -232.99 66.00
v 114.97 -232.99 68.40
v 118.90 -234.88 68.40
v 114.97 -232.99 66.00
v 110.61 -232.99 66.00
v 110.61 -232.99 68.40
v 114.97 -232.99 68.40
v 110.61 -232.99 66.00
v 106.69 -234.88 66.00
v 106.69 -234.88 68.40
v 110.61 -232.99 68.40
v 106.69 -234.88 66.00
v 103.97 -238.28 66.00
v 103.97 -238.28 68.40
v 106.69 -234.88 68.40
v 103.97 -238.28 66.00
v 103.00 -242.53 66.00
v 103.00 -242.53 68.40
v 103.97 -238.28 68.40
v 103.00 -242.53 66.00
v 103.97 -246.78 66.00
v 103.97 -246.78 68.40
v 103.00 -242.53 68.40
v 103.97 -246.78 66.00
v 106.69 -250.19 66.00
v 106.69 -250.19 68.40
v 103.97 -246.78 68.40
v 106.69 -250.19 66.00
v 110.61 -252.08 66.00
v 110.61 -252.08 68.40
v 106.69 -250.19 68.40
v 110.61 -252.08 66.00
v 114.97 -252.08 66.00
v 114.97 -252.08 68.40
v 110.61 -252.08 68.40
v 114.97 -252.08 66.00
v 118.90 -250.19 66.00
v 118.90 -250.19 68.40
v 114.97 -252.08 68.40
v 118.90 -250.19 66.00
v 121.61 -246.78 66.00
v 121.61 -246.78 68.40
v 118.90 -250.19 68.40
v 121.61 -246.78 66.00
v 122.58 -242.53 66.00
v 122.58 -242.53 68.40
v 121.61 -246.78 68.40
v -60.18 -156.21 70.00
v -38.39 -168.75 70.00
v -36.67 -166.54 70.00
v -58.15 -154.28 70.00
v -38.39 -168.75 81.00
v -60.18 -156.21 81.00
v -58.15 -154.28 81.00
v -36.67 -166.54 81.00
v -58.15 -154.28 70.00
v -36.67 -166.54 70.00
v -36.67 -166.54 81.00
v -58.15 -154.28 81.00
v -38.39 -168.75 70.00
v -14.54 -178.12 70.00
v -13.18 -175.67 70.00
v -36.67 -166.54 70.00
v -14.54 -178.12 81.00
v -38.39 -168.75 81.00
v -36.67 -166.54 81.00
v -13.18 -175.67 81.00
v -36.67 -166.54 70.00
v -13.18 -175.67 70.00
v -13.18 -175.67 81.00
v -36.67 -166.54 81.00
v -14.54 -178.12 70.00
v 9.94 -186.13 70.00
v 10.88 -183.50 70.00
v -13.18 -175.67 70.00
v 9.94 -186.13 81.00
v -14.54 -178.12 81.00
v -13.18 -175.67 81.00
v 10.88 -183.50 81.00
v -13.18 -175.67 70.00
v 10.88 -183.50 70.00
v 10.88 -183.50 81.00
v -13.18 -175.67 81.00
v 9.94 -186.13 70.00
v 35.34 -192.84 70.00
v 35.82 -190.08 70.00
v 10.88 -183.50 70.00
v 35.34 -192.84 81.00
v 9.94 -186.13 81.00
v 10.88 -183.50 81.00
v 35.82 -190.08 81.00
v 10.88 -183.50 70.00
v 35.82 -190.08 70.00
v 35.82 -190.08 81.00
v 10.88 -183.50 81.00
v 35.34 -192.84 70.00
v 62.00 -195.98 70.00
v 62.00 -193.18 70.00
v 35.82 -190.08 70.00
v 62.00 -195.98 81.00
v 35.34 -192.84 81.00
v 35.82 -190.08 81.00
v 62.00 -193.18 81.00
v 35.82 -190.08 70.00
v 62.00 -193.18 70.00
v 62.00 -193.18 81.00
v 35.82 -190.08 81.00
v 62.00 -195.98 70.00
v 88.71 -193.09 70.00
v 88.23 -190.33 70.00
v 62.00 -193.18 70.00
v 88.71 -193.09 81.00
v 62.00 -195.98 81.00
v 62.00 -193.18 81.00
v 88.23 -190.33 81.00
v 62.00 -193.18 70.00
v 88.23 -190.33 70.00
v 88.23 -190.33 81.00
v 62.00 -193.18 81.00
v 88.71 -193.09 70.00
v 113.38 -184.22 70.00
v 112.44 -181.58 70.00
v 88.23 -190.33 70.00
v 113.38 -184.22 81.00
v 88.71 -193.09 81.00
v 88.23 -190.33 81.00
v 112.44 -181.58 81.00
v 88.23 -190.33 70.00
v 112.44 -181.58 70.00
v 112.44 -181.58 81.00
v 88.23 -190.33 81.00
v 113.38 -184.22 70.00
v 135.25 -172.19 70.00
v 133.89 -169.74 70.00
v 112.44 -181.58 70.00
v 135.25 -172.19 81.00
v 113.38 -184.22 81.00
v 112.44 -181.58 81.00
v 133.89 -169.74 81.00
v 112.44 -181.58 70.00
v 133.89 -169.74 70.00
v 133.89 -169.74 81.00
v 112.44 -181.58 81.00
v 135.25 -172.19 70.00
v 155.65 -160.09 70.00
v 153.92 -157.89 70.00
v 133.89 -169.74 70.00
v 155.65 -160.09 81.00
v 135.25 -172.19 81.00
v 133.89 -169.74 81.00
v 153.92 -157.89 81.00
v 133.89 -169.74 70.00
v 153.92 -157.89 70.00
v 153.92 -157.89 81.00
v 133.89 -169.74 81.00
v 155.65 -160.09 70.00
v 176.24 -148.66 70.00
v 174.21 -146.73 70.00
v 153.92 -157.89 70.00
v 176.24 -148.66 81.00
v 155.65 -160.09 81.00
v 153.92 -157.89 81.00
v 174.21 -146.73 81.00
v 153.92 -157.89 70.00
v 174.21 -146.73 70.00
v 174.21 -146.73 81.00
v 153.92 -157.89 81.00
v -60.34 -154.01 81.00
v -57.99 -156.48 81.00
v -60.02 -158.41 81.00
v -62.37 -155.94 81.00
v -62.37 -155.94 82.35
v -60.02 -158.41 82.35
v -57.99 -156.48 82.35
v -60.34 -154.01 82.35
v -62.37 -155.94 81.00
v -60.02 -158.41 81.00
v -60.02 -158.41 82.35
v -62.37 -155.94 82.35
v -60.02 -158.41 81.00
v -57.99 -156.48 81.00
v -57.99 -156.48 82.35
v -60.02 -158.41 82.35
v -57.99 -156.48 81.00
v -60.34 -154.01 81.00
v -60.34 -154.01 82.35
v -57.99 -156.48 82.35
v -60.34 -154.01 81.00
v -62.37 -155.94 81.00
v -62.37 -155.94 82.35
v -60.34 -154.01 82.35
v -15.34 -176.07 81.00
v -12.37 -177.72 81.00
v -13.73 -180.17 81.00
v -16.70 -178.52 81.00
v -16.70 -178.52 82.35
v -13.73 -180.17 82.35
v -12.37 -177.72 82.35
v -15.34 -176.07 82.35
v -16.70 -178.52 81.00
v -13.73 -180.17 81.00
v -13.73 -180.17 82.35
v -16.70 -178.52 82.35
v -13.73 -180.17 81.00
v -12.37 -177.72 81.00
v -12.37 -177.72 82.35
v -13.73 -180.17 82.35
v -12.37 -177.72 81.00
v -15.34 -176.07 81.00
v -15.34 -176.07 82.35
v -12.37 -177.72 82.35
v -15.34 -176.07 81.00
v -16.70 -178.52 81.00
v -16.70 -178.52 82.35
v -15.34 -176.07 82.35
v 33.90 -191.17 81.00
v 37.25 -191.76 81.00
v 36.77 -194.51 81.00
v 33.42 -193.93 81.00
v 33.42 -193.93 82.35
v 36.77 -194.51 82.35
v 37.25 -191.76 82.35
v 33.90 -191.17 82.35
v 33.42 -193.93 81.00
v 36.77 -194.51 81.00
v 36.77 -194.51 82.35
v 33.42 -193.93 82.35
v 36.77 -194.51 81.00
v 37.25 -191.76 81.00
v 37.25 -191.76 82.35
v 36.77 -194.51 82.35
v 37.25 -191.76 81.00
v 33.90 -191.17 81.00
v 33.90 -191.17 82.35
v 37.25 -191.76 82.35
v 33.90 -191.17 81.00
v 33.42 -193.93 81.00
v 33.42 -193.93 82.35
v 33.90 -191.17 82.35
v 86.79 -192.00 81.00
v 90.14 -191.42 81.00
v 90.62 -194.18 81.00
v 87.27 -194.76 81.00
v 87.27 -194.76 82.35
v 90.62 -194.18 82.35
v 90.14 -191.42 82.35
v 86.79 -192.00 82.35
v 87.27 -194.76 81.00
v 90.62 -194.18 81.00
v 90.62 -194.18 82.35
v 87.27 -194.76 82.35
v 90.62 -194.18 81.00
v 90.14 -191.42 81.00
v 90.14 -191.42 82.35
v 90.62 -194.18 82.35
v 90.14 -191.42 81.00
v 86.79 -192.00 81.00
v 86.79 -192.00 82.35
v 90.14 -191.42 82.35
v 86.79 -192.00 81.00
v 87.27 -194.76 81.00
v 87.27 -194.76 82.35
v 86.79 -192.00 82.35
v 133.08 -171.79 81.00
v 136.06 -170.14 81.00
v 137.41 -172.59 81.00
v 134.44 -174.24 81.00
v 134.44 -174.24 82.35
v 137.41 -172.59 82.35
v 136.06 -170.14 82.35
v 133.08 -171.79 82.35
v 134.44 -174.24 81.00
v 137.41 -172.59 81.00
v 137.41 -172.59 82.35
v 134.44 -174.24 82.35
v 137.41 -172.59 81.00
v 136.06 -170.14 81.00
v 136.06 -170.14 82.35
v 137.41 -172.59 82.35
v 136.06 -170.14 81.00
v 133.08 -171.79 81.00
v 133.08 -171.79 82.35
v 136.06 -170.14 82.35
v 133.08 -171.79 81.00
v 134.44 -174.24 81.00
v 134.44 -174.24 82.35
v 133.08 -171.79 82.35
v -8.04 -178.12 64.00
v -8.91 -174.87 64.00
v -8.91 -174.87 94.00
v -8.04 -178.12 94.00
v -8.91 -174.87 64.00
v -11.29 -172.49 64.00
v -11.29 -172.49 94.00
v -8.91 -174.87 94.00
v -11.29 -172.49 64.00
v -14.54 -171.62 64.00
v -14.54 -171.62 94.00
v -11.29 -172.49 94.00
v -14.54 -171.62 64.00
v -17.79 -172.49 64.00
v -17.79 -172.49 94.00
v -14.54 -171.62 94.00
v -17.79 -172.49 64.00
v -20.16 -174.87 64.00
v -20.16 -174.87 94.00
v -17.79 -172.49 94.00
v -20.16 -174.87 64.00
v -21.04 -178.12 64.00
v -21.04 -178.12 94.00
v -20.16 -174.87 94.00
v -21.04 -178.12 64.00
v -20.16 -181.37 64.00
v -20.16 -181.37 94.00
v -21.04 -178.12 94.00
v -20.16 -181.37 64.00
v -17.79 -183.75 64.00
v -17.79 -183.75 94.00
v -20.16 -181.37 94.00
v -17.79 -183.75 64.00
v -14.54 -184.62 64.00
v -14.54 -184.62 94.00
v -17.79 -183.75 94.00
v -14.54 -184.62 64.00
v -11.29 -183.75 64.00
v -11.29 -183.75 94.00
v -14.54 -184.62 94.00
v -11.29 -183.75 64.00
v -8.91 -181.37 64.00
v -8.91 -181.37 94.00
v -11.29 -183.75 94.00
v -8.91 -181.37 64.00
v -8.04 -178.12 64.00
v -8.04 -178.12 94.00
v -8.91 -181.37 94.00
v 122.28 -184.22 64.00
v 121.09 -179.77 64.00
v 121.09 -179.77 94.00
v 122.28 -184.22 94.00
v 121.09 -179.77 64.00
v 117.83 -176.51 64.00
v 117.83 -176.51 94.00
v 121.09 -179.77 94.00
v 117.83 -176.51 64.00
v 113.38 -175.32 64.00
v 113.38 -175.32 94.00
v 117.83 -176.51 94.00
v 113.38 -175.32 64.00
v 108.93 -176.51 64.00
v 108.93 -176.51 94.00
v 113.38 -175.32 94.00
v 108.93 -176.51 64.00
v 105.67 -179.77 64.00
v 105.67 -179.77 94.00
v 108.93 -176.51 94.00
v 105.67 -179.77 64.00
v 104.48 -184.22 64.00
v 104.48 -184.22 94.00
v 105.67 -179.77 94.00
v 104.48 -184.22 64.00
v 105.67 -188.67 64.00
v 105.67 -188.67 94.00
v 104.48 -184.22 94.00
v 105.67 -188.67 64.00
v 108.93 -191.93 64.00
v 108.93 -191.93 94.00
v 105.67 -188.67 94.00
v 108.93 -191.93 64.00
v 113.38 -193.12 64.00
v 113.38 -193.12 94.00
v 108.93 -191.93 94.00
v 113.38 -193.12 64.00
v 117.83 -191.93 64.00
v 117.83 -191.93 94.00
v 113.38 -193.12 94.00
v 117.83 -191.93 64.00
v 121.09 -188.67 64.00
v 121.09 -188.67 94.00
v 117.83 -191.93 94.00
v 121.09 -188.67 64.00
v 122.28 -184.22 64.00
v 122.28 -184.22 94.00
v 121.09 -188.67 94.00
v -25.16 -152.50 83.17
v -24.30 -153.17 83.17
v -24.97 -154.04 83.17
v -25.84 -153.37 83.17
v -25.84 -153.37 86.37
v -24.97 -154.04 86.37
v -24.30 -153.17 86.37
v -25.16 -152.50 86.37
v -25.84 -153.37 83.17
v -24.97 -154.04 83.17
v -24.97 -154.04 86.37
v -25.84 -153.37 86.37
v -24.97 -154.04 83.17
v -24.30 -153.17 83.17
v -24.30 -153.17 86.37
v -24.97 -154.04 86.37
v -24.30 -153.17 83.17
v -25.16 -152.50 83.17
v -25.16 -152.50 86.37
v -24.30 -153.17 86.37
v -25.16 -152.50 83.17
v -25.84 -153.37 83.17
v -25.84 -153.37 86.37
v -25.16 -152.50 86.37
v -8.07 -168.54 88.44
v -7.11 -169.08 88.44
v -7.64 -170.04 88.44
v -8.61 -169.51 88.44
v -4.14 -160.84 80.47
v -3.18 -161.37 80.47
v -3.71 -162.34 80.47
v -4.67 -161.80 80.47
v -4.67 -161.80 83.67
v -3.71 -162.34 83.67
v -3.18 -161.37 83.67
v -4.14 -160.84 83.67
v -4.67 -161.80 80.47
v -3.71 -162.34 80.47
v -3.71 -162.34 83.67
v -4.67 -161.80 83.67
v -3.71 -162.34 80.47
v -3.18 -161.37 80.47
v -3.18 -161.37 83.67
v -3.71 -162.34 83.67
v -3.18 -161.37 80.47
v -4.14 -160.84 80.47
v -4.14 -160.84 83.67
v -3.18 -161.37 83.67
v -4.14 -160.84 80.47
v -4.67 -161.80 80.47
v -4.67 -161.80 83.67
v -4.14 -160.84 83.67
v 41.34 -165.76 83.25
v 42.42 -165.95 83.25
v 42.23 -167.03 83.25
v 41.15 -166.84 83.25
v 41.15 -166.84 86.45
v 42.23 -167.03 86.45
v 42.42 -165.95 86.45
v 41.34 -165.76 86.45
v 41.15 -166.84 83.25
v 42.23 -167.03 83.25
v 42.23 -167.03 86.45
v 41.15 -166.84 86.45
v 42.23 -167.03 83.25
v 42.42 -165.95 83.25
v 42.42 -165.95 86.45
v 42.23 -167.03 86.45
v 42.42 -165.95 83.25
v 41.34 -165.76 83.25
v 41.34 -165.76 86.45
v 42.42 -165.95 86.45
v 41.34 -165.76 83.25
v 41.15 -166.84 83.25
v 41.15 -166.84 86.45
v 41.34 -165.76 86.45
v 63.50 -185.65 79.67
v 64.60 -185.65 79.67
v 64.60 -186.75 79.67
v 63.50 -186.75 79.67
v 63.50 -186.75 82.87
v 64.60 -186.75 82.87
v 64.60 -185.65 82.87
v 63.50 -185.65 82.87
v 63.50 -186.75 79.67
v 64.60 -186.75 79.67
v 64.60 -186.75 82.87
v 63.50 -186.75 82.87
v 64.60 -186.75 79.67
v 64.60 -185.65 79.67
v 64.60 -185.65 82.87
v 64.60 -186.75 82.87
v 64.60 -185.65 79.67
v 63.50 -185.65 79.67
v 63.50 -185.65 82.87
v 64.60 -185.65 82.87
v 63.50 -185.65 79.67
v 63.50 -186.75 79.67
v 63.50 -186.75 82.87
v 63.50 -185.65 82.87
v 88.73 -182.87 76.58
v 89.81 -182.68 76.58
v 90.00 -183.76 76.58
v 88.92 -183.95 76.58
v 88.92 -183.95 79.78
v 90.00 -183.76 79.78
v 89.81 -182.68 79.78
v 88.73 -182.87 79.78
v 88.92 -183.95 76.58
v 90.00 -183.76 76.58
v 90.00 -183.76 79.78
v 88.92 -183.95 79.78
v 90.00 -183.76 76.58
v 89.81 -182.68 76.58
v 89.81 -182.68 79.78
v 90.00 -183.76 79.78
v 89.81 -182.68 76.58
v 88.73 -182.87 76.58
v 88.73 -182.87 79.78
v 89.81 -182.68 79.78
v 88.73 -182.87 76.58
v 88.92 -183.95 76.58
v 88.92 -183.95 79.78
v 88.73 -182.87 79.78
v 87.59 -174.62 77.49
v 88.68 -174.43 77.49
v 88.87 -175.52 77.49
v 87.78 -175.71 77.49
v 87.78 -175.71 80.69
v 88.87 -175.52 80.69
v 88.68 -174.43 80.69
v 87.59 -174.62 80.69
v 87.78 -175.71 77.49
v 88.87 -175.52 77.49
v 88.87 -175.52 80.69
v 87.78 -175.71 80.69
v 88.87 -175.52 77.49
v 88.68 -174.43 77.49
v 88.68 -174.43 80.69
v 88.87 -175.52 80.69
v 88.68 -174.43 77.49
v 87.59 -174.62 77.49
v 87.59 -174.62 80.69
v 88.68 -174.43 80.69
v 87.59 -174.62 77.49
v 87.78 -175.71 77.49
v 87.78 -175.71 80.69
v 87.59 -174.62 80.69
v 85.90 -166.05 83.23
v 86.98 -165.86 83.23
v 87.17 -166.94 83.23
v 86.09 -167.13 83.23
v 86.09 -167.13 86.44
v 87.17 -166.94 86.44
v 86.98 -165.86 86.44
v 85.90 -166.05 86.44
v 86.09 -167.13 83.23
v 87.17 -166.94 83.23
v 87.17 -166.94 86.44
v 86.09 -167.13 86.44
v 87.17 -166.94 83.23
v 86.98 -165.86 83.23
v 86.98 -165.86 86.44
v 87.17 -166.94 86.44
v 86.98 -165.86 83.23
v 85.90 -166.05 83.23
v 85.90 -166.05 86.44
v 86.98 -165.86 86.44
v 85.90 -166.05 83.23
v 86.09 -167.13 83.23
v 86.09 -167.13 86.44
v 85.90 -166.05 86.44
v 109.51 -166.81 85.68
v 110.54 -166.44 85.68
v 110.91 -167.48 85.68
v 109.88 -167.85 85.68
v 109.88 -167.85 88.88
v 110.91 -167.48 88.88
v 110.54 -166.44 88.88
v 109.51 -166.81 88.88
v 109.88 -167.85 85.68
v 110.91 -167.48 85.68
v 110.91 -167.48 88.88
v 109.88 -167.85 88.88
v 110.91 -167.48 85.68
v 110.54 -166.44 85.68
v 110.54 -166.44 88.88
v 110.91 -167.48 88.88
v 110.54 -166.44 85.68
v 109.51 -166.81 85.68
v 109.51 -166.81 88.88
v 110.54 -166.44 88.88
v 109.51 -166.81 85.68
v 109.88 -167.85 85.68
v 109.88 -167.85 88.88
v 109.51 -166.81 88.88
v 132.91 -163.41 80.69
v 133.87 -162.88 80.69
v 134.40 -163.84 80.69
v 133.44 -164.38 80.69
v 133.44 -164.38 83.89
v 134.40 -163.84 83.89
v 133.87 -162.88 83.89
v 132.91 -163.41 83.89
v 133.44 -164.38 80.69
v 134.40 -163.84 80.69
v 134.40 -163.84 83.89
v 133.44 -164.38 83.89
v 134.40 -163.84 80.69
v 133.87 -162.88 80.69
v 133.87 -162.88 83.89
v 134.40 -163.84 83.89
v 133.87 -162.88 80.69
v 132.91 -163.41 80.69
v 132.91 -163.41 83.89
v 133.87 -162.88 83.89
v 132.91 -163.41 80.69
v 133.44 -164.38 80.69
v 133.44 -164.38 83.89
v 132.91 -163.41 83.89
v -10.34 -178.12 62.00
v -11.14 -175.66 62.00
v -11.14 -175.66 86.00
v -10.34 -178.12 86.00
v -11.14 -175.66 62.00
v -13.24 -174.13 62.00
v -13.24 -174.13 86.00
v -11.14 -175.66 86.00
v -13.24 -174.13 62.00
v -15.83 -174.13 62.00
v -15.83 -174.13 86.00
v -13.24 -174.13 86.00
v -15.83 -174.13 62.00
v -17.93 -175.66 62.00
v -17.93 -175.66 86.00
v -15.83 -174.13 86.00
v -17.93 -175.66 62.00
v -18.74 -178.12 62.00
v -18.74 -178.12 86.00
v -17.93 -175.66 86.00
v -18.74 -178.12 62.00
v -17.93 -180.59 62.00
v -17.93 -180.59 86.00
v -18.74 -178.12 86.00
v -17.93 -180.59 62.00
v -15.83 -182.12 62.00
v -15.83 -182.12 86.00
v -17.93 -180.59 86.00
v -15.83 -182.12 62.00
v -13.24 -182.12 62.00
v -13.24 -182.12 86.00
v -15.83 -182.12 86.00
v -13.24 -182.12 62.00
v -11.14 -180.59 62.00
v -11.14 -180.59 86.00
v -13.24 -182.12 86.00
v -11.14 -180.59 62.00
v -10.34 -178.12 62.00
v -10.34 -178.12 86.00
v -11.14 -180.59 86.00
v -10.34 -178.12 86.00
v -11.14 -175.66 86.00
v -13.24 -174.13 86.00
v -15.83 -174.13 86.00
v -17.93 -175.66 86.00
v -18.74 -178.12 86.00
v -17.93 -180.59 86.00
v -15.83 -182.12 86.00
v -13.24 -182.12 86.00
v -11.14 -180.59 86.00
v 139.45 -172.19 62.00
v 138.65 -169.72 62.00
v 138.65 -169.72 86.00
v 139.45 -172.19 86.00
v 138.65 -169.72 62.00
v 136.55 -168.20 62.00
v 136.55 -168.20 86.00
v 138.65 -169.72 86.00
v 136.55 -168.20 62.00
v 133.95 -168.20 62.00
v 133.95 -168.20 86.00
v 136.55 -168.20 86.00
v 133.95 -168.20 62.00
v 131.85 -169.72 62.00
v 131.85 -169.72 86.00
v 133.95 -168.20 86.00
v 131.85 -169.72 62.00
v 131.05 -172.19 62.00
v 131.05 -172.19 86.00
v 131.85 -169.72 86.00
v 131.05 -172.19 62.00
v 131.85 -174.66 62.00
v 131.85 -174.66 86.00
v 131.05 -172.19 86.00
v 131.85 -174.66 62.00
v 133.95 -176.19 62.00
v 133.95 -176.19 86.00
v 131.85 -174.66 86.00
v 133.95 -176.19 62.00
v 136.55 -176.19 62.00
v 136.55 -176.19 86.00
v 133.95 -176.19 86.00
v 136.55 -176.19 62.00
v 138.65 -174.66 62.00
v 138.65 -174.66 86.00
v 136.55 -176.19 86.00
v 138.65 -174.66 62.00
v 139.45 -172.19 62.00
v 139.45 -172.19 86.00
v 138.65 -174.66 86.00
v 139.45 -172.19 86.00
v 138.65 -169.72 86.00
v 136.55 -168.20 86.00
v 133.95 -168.20 86.00
v 131.85 -169.72 86.00
v 131.05 -172.19 86.00
v 131.85 -174.66 86.00
v 133.95 -176.19 86.00
v 136.55 -176.19 86.00
v 138.65 -174.66 86.00
v -48.67 -187.88 71.32
v -47.80 -188.55 71.32
v -48.47 -189.42 71.32
v -49.34 -188.75 71.32
v -49.34 -188.75 74.52
v -48.47 -189.42 74.52
v -47.80 -188.55 74.52
v -48.67 -187.88 74.52
v -49.34 -188.75 71.32
v -48.47 -189.42 71.32
v -48.47 -189.42 74.52
v -49.34 -188.75 74.52
v -48.47 -189.42 71.32
v -47.80 -188.55 71.32
v -47.80 -188.55 74.52
v -48.47 -189.42 74.52
v -47.80 -188.55 71.32
v -48.67 -187.88 71.32
v -48.67 -187.88 74.52
v -47.80 -188.55 74.52
v -48.67 -187.88 71.32
v -49.34 -188.75 71.32
v -49.34 -188.75 74.52
v -48.67 -187.88 74.52
v -35.95 -171.53 68.55
v -35.08 -172.21 68.55
v -35.76 -173.08 68.55
v -36.63 -172.40 68.55
v -36.63 -172.40 71.75
v -35.76 -173.08 71.75
v -35.08 -172.21 71.75
v -35.95 -171.53 71.75
v -36.63 -172.40 68.55
v -35.76 -173.08 68.55
v -35.76 -173.08 71.75
v -36.63 -172.40 71.75
v -35.76 -173.08 68.55
v -35.08 -172.21 68.55
v -35.08 -172.21 71.75
v -35.76 -173.08 71.75
v -35.08 -172.21 68.55
v -35.95 -171.53 68.55
v -35.95 -171.53 71.75
v -35.08 -172.21 71.75
v -35.95 -171.53 68.55
v -36.63 -172.40 68.55
v -36.63 -172.40 71.75
v -35.95 -171.53 71.75
v 3.76 -206.23 66.60
v 4.80 -206.60 66.60
v 4.43 -207.64 66.60
v 3.40 -207.27 66.60
v 3.40 -207.27 69.80
v 4.43 -207.64 69.80
v 4.80 -206.60 69.80
v 3.76 -206.23 69.80
v 3.40 -207.27 66.60
v 4.43 -207.64 66.60
v 4.43 -207.64 69.80
v 3.40 -207.27 69.80
v 4.43 -207.64 66.60
v 4.80 -206.60 66.60
v 4.80 -206.60 69.80
v 4.43 -207.64 69.80
v 4.80 -206.60 66.60
v 3.76 -206.23 66.60
v 3.76 -206.23 69.80
v 4.80 -206.60 69.80
v 3.76 -206.23 66.60
v 3.40 -207.27 66.60
v 3.40 -207.27 69.80
v 3.76 -206.23 69.80
v 31.42 -213.15 68.38
v 32.51 -213.33 68.38
v 32.32 -214.42 68.38
v 31.23 -214.23 68.38
v 31.23 -214.23 71.58
v 32.32 -214.42 71.58
v 32.51 -213.33 71.58
v 31.42 -213.15 71.58
v 31.23 -214.23 68.38
v 32.32 -214.42 68.38
v 32.32 -214.42 71.58
v 31.23 -214.23 71.58
v 32.32 -214.42 68.38
v 32.51 -213.33 68.38
v 32.51 -213.33 71.58
v 32.32 -214.42 71.58
v 32.51 -213.33 68.38
v 31.42 -213.15 68.38
v 31.42 -213.15 71.58
v 32.51 -213.33 71.58
v 31.42 -213.15 68.38
v 31.23 -214.23 68.38
v 31.23 -214.23 71.58
v 31.42 -213.15 71.58
v 34.27 -193.91 74.62
v 35.36 -194.09 74.62
v 35.17 -195.18 74.62
v 34.09 -194.99 74.62
v 34.09 -194.99 77.82
v 35.17 -195.18 77.82
v 35.36 -194.09 77.82
v 34.27 -193.91 77.82
v 34.09 -194.99 74.62
v 35.17 -195.18 74.62
v 35.17 -195.18 77.82
v 34.09 -194.99 77.82
v 35.17 -195.18 74.62
v 35.36 -194.09 74.62
v 35.36 -194.09 77.82
v 35.17 -195.18 77.82
v 35.36 -194.09 74.62
v 34.27 -193.91 74.62
v 34.27 -193.91 77.82
v 35.36 -194.09 77.82
v 34.27 -193.91 74.62
v 34.09 -194.99 74.62
v 34.09 -194.99 77.82
v 34.27 -193.91 77.82
v 59.73 -207.15 69.44
v 60.83 -207.15 69.44
v 60.83 -208.25 69.44
v 59.73 -208.25 69.44
v 59.73 -208.25 72.64
v 60.83 -208.25 72.64
v 60.83 -207.15 72.64
v 59.73 -207.15 72.64
v 59.73 -208.25 69.44
v 60.83 -208.25 69.44
v 60.83 -208.25 72.64
v 59.73 -208.25 72.64
v 60.83 -208.25 69.44
v 60.83 -207.15 69.44
v 60.83 -207.15 72.64
v 60.83 -208.25 72.64
v 60.83 -207.15 69.44
v 59.73 -207.15 69.44
v 59.73 -207.15 72.64
v 60.83 -207.15 72.64
v 59.73 -207.15 69.44
v 59.73 -208.25 69.44
v 59.73 -208.25 72.64
v 59.73 -207.15 72.64
v 85.39 -195.22 65.57
v 86.47 -195.03 65.57
v 86.66 -196.11 65.57
v 85.58 -196.30 65.57
v 85.58 -196.30 68.77
v 86.66 -196.11 68.77
v 86.47 -195.03 68.77
v 85.39 -195.22 68.77
v 85.58 -196.30 65.57
v 86.66 -196.11 65.57
v 86.66 -196.11 68.77
v 85.58 -196.30 68.77
v 86.66 -196.11 65.57
v 86.47 -195.03 65.57
v 86.47 -195.03 68.77
v 86.66 -196.11 68.77
v 86.47 -195.03 65.57
v 85.39 -195.22 65.57
v 85.39 -195.22 68.77
v 86.47 -195.03 68.77
v 85.39 -195.22 65.57
v 85.58 -196.30 65.57
v 85.58 -196.30 68.77
v 85.39 -195.22 68.77
v 115.14 -205.38 67.69
v 116.18 -205.01 67.69
v 116.55 -206.05 67.69
v 115.51 -206.41 67.69
v 115.51 -206.41 70.89
v 116.55 -206.05 70.89
v 116.18 -205.01 70.89
v 115.14 -205.38 70.89
v 115.51 -206.41 67.69
v 116.55 -206.05 67.69
v 116.55 -206.05 70.89
v 115.51 -206.41 70.89
v 116.55 -206.05 67.69
v 116.18 -205.01 67.69
v 116.18 -205.01 70.89
v 116.55 -206.05 70.89
v 116.18 -205.01 67.69
v 115.14 -205.38 67.69
v 115.14 -205.38 70.89
v 116.18 -205.01 70.89
v 115.14 -205.38 67.69
v 115.51 -206.41 67.69
v 115.51 -206.41 70.89
v 115.14 -205.38 70.89
v 129.88 -175.74 63.29
v 130.84 -175.20 63.29
v 131.38 -176.17 63.29
v 130.41 -176.70 63.29
v 130.41 -176.70 66.49
v 131.38 -176.17 66.49
v 130.84 -175.20 66.49
v 129.88 -175.74 66.49
v 130.41 -176.70 63.29
v 131.38 -176.17 63.29
v 131.38 -176.17 66.49
v 130.41 -176.70 66.49
v 131.38 -176.17 63.29
v 130.84 -175.20 63.29
v 130.84 -175.20 66.49
v 131.38 -176.17 66.49
v 130.84 -175.20 63.29
v 129.88 -175.74 63.29
v 129.88 -175.74 66.49
v 130.84 -175.20 66.49
v 129.88 -175.74 63.29
v 130.41 -176.70 63.29
v 130.41 -176.70 66.49
v 129.88 -175.74 66.49
v 149.24 -163.77 74.06
v 150.11 -163.10 74.06
v 150.79 -163.97 74.06
v 149.92 -164.64 74.06
v 149.92 -164.64 77.27
v 150.79 -163.97 77.27
v 150.11 -163.10 77.27
v 149.24 -163.77 77.27
v 149.92 -164.64 74.06
v 150.79 -163.97 74.06
v 150.79 -163.97 77.27
v 149.92 -164.64 77.27
v 150.79 -163.97 74.06
v 150.11 -163.10 74.06
v 150.11 -163.10 77.27
v 150.79 -163.97 77.27
v 150.11 -163.10 74.06
v 149.24 -163.77 74.06
v 149.24 -163.77 77.27
v 150.11 -163.10 77.27
v 149.24 -163.77 74.06
v 149.92 -164.64 74.06
v 149.92 -164.64 77.27
v 149.24 -163.77 77.27
v -25.37 -208.57 48.00
v -26.18 -206.10 48.00
v -26.18 -206.10 72.00
v -25.37 -208.57 72.00
v -26.18 -206.10 48.00
v -28.28 -204.58 48.00
v -28.28 -204.58 72.00
v -26.18 -206.10 72.00
v -28.28 -204.58 48.00
v -30.87 -204.58 48.00
v -30.87 -204.58 72.00
v -28.28 -204.58 72.00
v -30.87 -204.58 48.00
v -32.97 -206.10 48.00
v -32.97 -206.10 72.00
v -30.87 -204.58 72.00
v -32.97 -206.10 48.00
v -33.77 -208.57 48.00
v -33.77 -208.57 72.00
v -32.97 -206.10 72.00
v -33.77 -208.57 48.00
v -32.97 -211.04 48.00
v -32.97 -211.04 72.00
v -33.77 -208.57 72.00
v -32.97 -211.04 48.00
v -30.87 -212.56 48.00
v -30.87 -212.56 72.00
v -32.97 -211.04 72.00
v -30.87 -212.56 48.00
v -28.28 -212.56 48.00
v -28.28 -212.56 72.00
v -30.87 -212.56 72.00
v -28.28 -212.56 48.00
v -26.18 -211.04 48.00
v -26.18 -211.04 72.00
v -28.28 -212.56 72.00
v -26.18 -211.04 48.00
v -25.37 -208.57 48.00
v -25.37 -208.57 72.00
v -26.18 -211.04 72.00
v -25.37 -208.57 72.00
v -26.18 -206.10 72.00
v -28.28 -204.58 72.00
v -30.87 -204.58 72.00
v -32.97 -206.10 72.00
v -33.77 -208.57 72.00
v -32.97 -211.04 72.00
v -30.87 -212.56 72.00
v -28.28 -212.56 72.00
v -26.18 -211.04 72.00
v 146.29 -202.26 48.00
v 145.49 -199.79 48.00
v 145.49 -199.79 72.00
v 146.29 -202.26 72.00
v 145.49 -199.79 48.00
v 143.39 -198.27 48.00
v 143.39 -198.27 72.00
v 145.49 -199.79 72.00
v 143.39 -198.27 48.00
v 140.79 -198.27 48.00
v 140.79 -198.27 72.00
v 143.39 -198.27 72.00
v 140.79 -198.27 48.00
v 138.69 -199.79 48.00
v 138.69 -199.79 72.00
v 140.79 -198.27 72.00
v 138.69 -199.79 48.00
v 137.89 -202.26 48.00
v 137.89 -202.26 72.00
v 138.69 -199.79 72.00
v 137.89 -202.26 48.00
v 138.69 -204.73 48.00
v 138.69 -204.73 72.00
v 137.89 -202.26 72.00
v 138.69 -204.73 48.00
v 140.79 -206.26 48.00
v 140.79 -206.26 72.00
v 138.69 -204.73 72.00
v 140.79 -206.26 48.00
v 143.39 -206.26 48.00
v 143.39 -206.26 72.00
v 140.79 -206.26 72.00
v 143.39 -206.26 48.00
v 145.49 -204.73 48.00
v 145.49 -204.73 72.00
v 143.39 -206.26 72.00
v 145.49 -204.73 48.00
v 146.29 -202.26 48.00
v 146.29 -202.26 72.00
v 145.49 -204.73 72.00
v 146.29 -202.26 72.00
v 145.49 -199.79 72.00
v 143.39 -198.27 72.00
v 140.79 -198.27 72.00
v 138.69 -199.79 72.00
v 137.89 -202.26 72.00
v 138.69 -204.73 72.00
v 140.79 -206.26 72.00
v 143.39 -206.26 72.00
v 145.49 -204.73 72.00
v -119.22 -171.73 52.19
v -118.57 -172.62 52.19
v -119.46 -173.27 52.19
v -120.11 -172.38 52.19
v -120.11 -172.38 55.39
v -119.46 -173.27 55.39
v -118.57 -172.62 55.39
v -119.22 -171.73 55.39
v -120.11 -172.38 52.19
v -119.46 -173.27 52.19
v -119.46 -173.27 55.39
v -120.11 -172.38 55.39
v -119.46 -173.27 52.19
v -118.57 -172.62 52.19
v -118.57 -172.62 55.39
v -119.46 -173.27 55.39
v -118.57 -172.62 52.19
v -119.22 -171.73 52.19
v -119.22 -171.73 55.39
v -118.57 -172.62 55.39
v -119.22 -171.73 52.19
v -120.11 -172.38 52.19
v -120.11 -172.38 55.39
v -119.22 -171.73 55.39
v -99.80 -157.51 54.76
v -99.15 -158.40 54.76
v -100.04 -159.05 54.76
v -100.69 -158.16 54.76
v -100.69 -158.16 57.96
v -100.04 -159.05 57.96
v -99.15 -158.40 57.96
v -99.80 -157.51 57.96
v -100.69 -158.16 54.76
v -100.04 -159.05 54.76
v -100.04 -159.05 57.96
v -100.69 -158.16 57.96
v -100.04 -159.05 54.76
v -99.15 -158.40 54.76
v -99.15 -158.40 57.96
v -100.04 -159.05 57.96
v -99.15 -158.40 54.76
v -99.80 -157.51 54.76
v -99.80 -157.51 57.96
v -99.15 -158.40 57.96
v -99.80 -157.51 54.76
v -100.69 -158.16 54.76
v -100.69 -158.16 57.96
v -99.80 -157.51 57.96
v -82.16 -176.09 51.67
v -81.40 -176.88 51.67
v -82.19 -177.64 51.67
v -82.95 -176.85 51.67
v -82.95 -176.85 54.87
v -82.19 -177.64 54.87
v -81.40 -176.88 54.87
v -82.16 -176.09 54.87
v -82.95 -176.85 51.67
v -82.19 -177.64 51.67
v -82.19 -177.64 54.87
v -82.95 -176.85 54.87
v -82.19 -177.64 51.67
v -81.40 -176.88 51.67
v -81.40 -176.88 54.87
v -82.19 -177.64 54.87
v -81.40 -176.88 51.67
v -82.16 -176.09 51.67
v -82.16 -176.09 54.87
v -81.40 -176.88 54.87
v -82.16 -176.09 51.67
v -82.95 -176.85 51.67
v -82.95 -176.85 54.87
v -82.16 -176.09 54.87
v -66.37 -199.47 52.96
v -65.50 -200.14 52.96
v -66.17 -201.02 52.96
v -67.04 -200.35 52.96
v -67.04 -200.35 56.16
v -66.17 -201.02 56.16
v -65.50 -200.14 56.16
v -66.37 -199.47 56.16
v -67.04 -200.35 52.96
v -66.17 -201.02 52.96
v -66.17 -201.02 56.16
v -67.04 -200.35 56.16
v -66.17 -201.02 52.96
v -65.50 -200.14 52.96
v -65.50 -200.14 56.16
v -66.17 -201.02 56.16
v -65.50 -200.14 52.96
v -66.37 -199.47 52.96
v -66.37 -199.47 56.16
v -65.50 -200.14 56.16
v -66.37 -199.47 52.96
v -67.04 -200.35 52.96
v -67.04 -200.35 56.16
v -66.37 -199.47 56.16
v -34.25 -200.44 60.67
v -33.29 -200.97 60.67
v -33.81 -201.94 60.67
v -34.78 -201.41 60.67
v -34.78 -201.41 63.87
v -33.81 -201.94 63.87
v -33.29 -200.97 63.87
v -34.25 -200.44 63.87
v -34.78 -201.41 60.67
v -33.81 -201.94 60.67
v -33.81 -201.94 63.87
v -34.78 -201.41 63.87
v -33.81 -201.94 60.67
v -33.29 -200.97 60.67
v -33.29 -200.97 63.87
v -33.81 -201.94 63.87
v -33.29 -200.97 60.67
v -34.25 -200.44 60.67
v -34.25 -200.44 63.87
v -33.29 -200.97 63.87
v -34.25 -200.44 60.67
v -34.78 -201.41 60.67
v -34.78 -201.41 63.87
v -34.25 -200.44 63.87
v -14.92 -230.08 56.44
v -13.88 -230.44 56.44
v -14.24 -231.48 56.44
v -15.28 -231.12 56.44
v -15.28 -231.12 59.64
v -14.24 -231.48 59.64
v -13.88 -230.44 59.64
v -14.92 -230.08 59.64
v -15.28 -231.12 56.44
v -14.24 -231.48 56.44
v -14.24 -231.48 59.64
v -15.28 -231.12 59.64
v -14.24 -231.48 56.44
v -13.88 -230.44 56.44
v -13.88 -230.44 59.64
v -14.24 -231.48 59.64
v -13.88 -230.44 56.44
v -14.92 -230.08 56.44
v -14.92 -230.08 59.64
v -13.88 -230.44 59.64
v -14.92 -230.08 56.44
v -15.28 -231.12 56.44
v -15.28 -231.12 59.64
v -14.92 -230.08 59.64
v 15.53 -238.34 53.28
v 16.61 -238.53 53.28
v 16.43 -239.61 53.28
v 15.34 -239.43 53.28
v 15.34 -239.43 56.48
v 16.43 -239.61 56.48
v 16.61 -238.53 56.48
v 15.53 -238.34 56.48
v 15.34 -239.43 53.28
v 16.43 -239.61 53.28
v 16.43 -239.61 56.48
v 15.34 -239.43 56.48
v 16.43 -239.61 53.28
v 16.61 -238.53 53.28
v 16.61 -238.53 56.48
v 16.43 -239.61 56.48
v 16.61 -238.53 53.28
v 15.53 -238.34 53.28
v 15.53 -238.34 56.48
v 16.61 -238.53 56.48
v 15.53 -238.34 53.28
v 15.34 -239.43 53.28
v 15.34 -239.43 56.48
v 15.53 -238.34 56.48
v 17.31 -227.55 57.17
v 18.39 -227.74 57.17
v 18.21 -228.82 57.17
v 17.12 -228.64 57.17
v 17.12 -228.64 60.37
v 18.21 -228.82 60.37
v 18.39 -227.74 60.37
v 17.31 -227.55 60.37
v 17.12 -228.64 57.17
v 18.21 -228.82 57.17
v 18.21 -228.82 60.37
v 17.12 -228.64 60.37
v 18.21 -228.82 57.17
v 18.39 -227.74 57.17
v 18.39 -227.74 60.37
v 18.21 -228.82 60.37
v 18.39 -227.74 57.17
v 17.31 -227.55 57.17
v 17.31 -227.55 60.37
v 18.39 -227.74 60.37
v 17.31 -227.55 57.17
v 17.12 -228.64 57.17
v 17.12 -228.64 60.37
v 17.31 -227.55 60.37
v 19.27 -216.47 58.02
v 20.36 -216.66 58.02
v 20.17 -217.75 58.02
v 19.09 -217.56 58.02
v 19.09 -217.56 61.22
v 20.17 -217.75 61.22
v 20.36 -216.66 61.22
v 19.27 -216.47 61.22
v 19.09 -217.56 58.02
v 20.17 -217.75 58.02
v 20.17 -217.75 61.22
v 19.09 -217.56 61.22
v 20.17 -217.75 58.02
v 20.36 -216.66 58.02
v 20.36 -216.66 61.22
v 20.17 -217.75 61.22
v 20.36 -216.66 58.02
v 19.27 -216.47 58.02
v 19.27 -216.47 61.22
v 20.36 -216.66 61.22
v 19.27 -216.47 58.02
v 19.09 -217.56 58.02
v 19.09 -217.56 61.22
v 19.27 -216.47 61.22
v 110.95 -230.49 52.92
v 111.99 -230.13 52.92
v 112.35 -231.17 52.92
v 111.31 -231.53 52.92
v 111.31 -231.53 56.12
v 112.35 -231.17 56.12
v 111.99 -230.13 56.12
v 110.95 -230.49 56.12
v 111.31 -231.53 52.92
v 112.35 -231.17 52.92
v 112.35 -231.17 56.12
v 111.31 -231.53 56.12
v 112.35 -231.17 52.92
v 111.99 -230.13 52.92
v 111.99 -230.13 56.12
v 112.35 -231.17 56.12
v 111.99 -230.13 52.92
v 110.95 -230.49 52.92
v 110.95 -230.49 56.12
v 111.99 -230.13 56.12
v 110.95 -230.49 52.92
v 111.31 -231.53 52.92
v 111.31 -231.53 56.12
v 110.95 -230.49 56.12
v 103.37 -209.44 53.42
v 104.41 -209.07 53.42
v 104.77 -210.11 53.42
v 103.73 -210.47 53.42
v 103.73 -210.47 56.62
v 104.77 -210.11 56.62
v 104.41 -209.07 56.62
v 103.37 -209.44 56.62
v 103.73 -210.47 53.42
v 104.77 -210.11 53.42
v 104.77 -210.11 56.62
v 103.73 -210.47 56.62
v 104.77 -210.11 53.42
v 104.41 -209.07 53.42
v 104.41 -209.07 56.62
v 104.77 -210.11 56.62
v 104.41 -209.07 53.42
v 103.37 -209.44 53.42
v 103.37 -209.44 56.62
v 104.41 -209.07 56.62
v 103.37 -209.44 53.42
v 103.73 -210.47 53.42
v 103.73 -210.47 56.62
v 103.37 -209.44 56.62
v 137.41 -215.31 55.06
v 138.38 -214.78 55.06
v 138.91 -215.75 55.06
v 137.94 -216.27 55.06
v 137.94 -216.27 58.26
v 138.91 -215.75 58.26
v 138.38 -214.78 58.26
v 137.41 -215.31 58.26
v 137.94 -216.27 55.06
v 138.91 -215.75 55.06
v 138.91 -215.75 58.26
v 137.94 -216.27 58.26
v 138.91 -215.75 55.06
v 138.38 -214.78 55.06
v 138.38 -214.78 58.26
v 138.91 -215.75 58.26
v 138.38 -214.78 55.06
v 137.41 -215.31 55.06
v 137.41 -215.31 58.26
v 138.38 -214.78 58.26
v 137.41 -215.31 55.06
v 137.94 -216.27 55.06
v 137.94 -216.27 58.26
v 137.41 -215.31 58.26
v 132.04 -205.83 57.84
v 133.00 -205.30 57.84
v 133.53 -206.27 57.84
v 132.56 -206.79 57.84
v 132.56 -206.79 61.04
v 133.53 -206.27 61.04
v 133.00 -205.30 61.04
v 132.04 -205.83 61.04
v 132.56 -206.79 57.84
v 133.53 -206.27 57.84
v 133.53 -206.27 61.04
v 132.56 -206.79 61.04
v 133.53 -206.27 57.84
v 133.00 -205.30 57.84
v 133.00 -205.30 61.04
v 133.53 -206.27 61.04
v 133.00 -205.30 57.84
v 132.04 -205.83 57.84
v 132.04 -205.83 61.04
v 133.00 -205.30 61.04
v 132.04 -205.83 57.84
v 132.56 -206.79 57.84
v 132.56 -206.79 61.04
v 132.04 -205.83 61.04
v 127.17 -196.28 53.77
v 128.14 -195.75 53.77
v 128.66 -196.72 53.77
v 127.70 -197.24 53.77
v 127.70 -197.24 56.97
v 128.66 -196.72 56.97
v 128.14 -195.75 56.97
v 127.17 -196.28 56.97
v 127.70 -197.24 53.77
v 128.66 -196.72 53.77
v 128.66 -196.72 56.97
v 127.70 -197.24 56.97
v 128.66 -196.72 53.77
v 128.14 -195.75 53.77
v 128.14 -195.75 56.97
v 128.66 -196.72 56.97
v 128.14 -195.75 53.77
v 127.17 -196.28 53.77
v 127.17 -196.28 56.97
v 128.14 -195.75 56.97
v 127.17 -196.28 53.77
v 127.70 -197.24 53.77
v 127.70 -197.24 56.97
v 127.17 -196.28 56.97
v 161.61 -199.55 54.74
v 162.48 -198.88 54.74
v 163.15 -199.75 54.74
v 162.28 -200.42 54.74
v 162.28 -200.42 57.94
v 163.15 -199.75 57.94
v 162.48 -198.88 57.94
v 161.61 -199.55 57.94
v 162.28 -200.42 54.74
v 163.15 -199.75 54.74
v 163.15 -199.75 57.94
v 162.28 -200.42 57.94
v 163.15 -199.75 54.74
v 162.48 -198.88 54.74
v 162.48 -198.88 57.94
v 163.15 -199.75 57.94
v 162.48 -198.88 54.74
v 161.61 -199.55 54.74
v 161.61 -199.55 57.94
v 162.48 -198.88 57.94
v 161.61 -199.55 54.74
v 162.28 -200.42 54.74
v 162.28 -200.42 57.94
v 161.61 -199.55 57.94
v -48.07 -232.24 34.00
v -48.87 -229.77 34.00
v -48.87 -229.77 58.00
v -48.07 -232.24 58.00
v -48.87 -229.77 34.00
v -50.97 -228.24 34.00
v -50.97 -228.24 58.00
v -48.87 -229.77 58.00
v -50.97 -228.24 34.00
v -53.57 -228.24 34.00
v -53.57 -228.24 58.00
v -50.97 -228.24 58.00
v -53.57 -228.24 34.00
v -55.67 -229.77 34.00
v -55.67 -229.77 58.00
v -53.57 -228.24 58.00
v -55.67 -229.77 34.00
v -56.47 -232.24 34.00
v -56.47 -232.24 58.00
v -55.67 -229.77 58.00
v -56.47 -232.24 34.00
v -55.67 -234.71 34.00
v -55.67 -234.71 58.00
v -56.47 -232.24 58.00
v -55.67 -234.71 34.00
v -53.57 -236.23 34.00
v -53.57 -236.23 58.00
v -55.67 -234.71 58.00
v -53.57 -236.23 34.00
v -50.97 -236.23 34.00
v -50.97 -236.23 58.00
v -53.57 -236.23 58.00
v -50.97 -236.23 34.00
v -48.87 -234.71 34.00
v -48.87 -234.71 58.00
v -50.97 -236.23 58.00
v -48.87 -234.71 34.00
v -48.07 -232.24 34.00
v -48.07 -232.24 58.00
v -48.87 -234.71 58.00
v -48.07 -232.24 58.00
v -48.87 -229.77 58.00
v -50.97 -228.24 58.00
v -53.57 -228.24 58.00
v -55.67 -229.77 58.00
v -56.47 -232.24 58.00
v -55.67 -234.71 58.00
v -53.57 -236.23 58.00
v -50.97 -236.23 58.00
v -48.87 -234.71 58.00
v 145.34 -226.49 34.00
v 144.53 -224.02 34.00
v 144.53 -224.02 58.00
v 145.34 -226.49 58.00
v 144.53 -224.02 34.00
v 142.44 -222.50 34.00
v 142.44 -222.50 58.00
v 144.53 -224.02 58.00
v 142.44 -222.50 34.00
v 139.84 -222.50 34.00
v 139.84 -222.50 58.00
v 142.44 -222.50 58.00
v 139.84 -222.50 34.00
v 137.74 -224.02 34.00
v 137.74 -224.02 58.00
v 139.84 -222.50 58.00
v 137.74 -224.02 34.00
v 136.94 -226.49 34.00
v 136.94 -226.49 58.00
v 137.74 -224.02 58.00
v 136.94 -226.49 34.00
v 137.74 -228.96 34.00
v 137.74 -228.96 58.00
v 136.94 -226.49 58.00
v 137.74 -228.96 34.00
v 139.84 -230.49 34.00
v 139.84 -230.49 58.00
v 137.74 -228.96 58.00
v 139.84 -230.49 34.00
v 142.44 -230.49 34.00
v 142.44 -230.49 58.00
v 139.84 -230.49 58.00
v 142.44 -230.49 34.00
v 144.53 -228.96 34.00
v 144.53 -228.96 58.00
v 142.44 -230.49 58.00
v 144.53 -228.96 34.00
v 145.34 -226.49 34.00
v 145.34 -226.49 58.00
v 144.53 -228.96 58.00
v 145.34 -226.49 58.00
v 144.53 -224.02 58.00
v 142.44 -222.50 58.00
v 139.84 -222.50 58.00
v 137.74 -224.02 58.00
v 136.94 -226.49 58.00
v 137.74 -228.96 58.00
v 139.84 -230.49 58.00
v 142.44 -230.49 58.00
v 144.53 -228.96 58.00
v -186.78 40.67 39.44
v -187.18 39.64 39.44
v -188.21 40.04 39.44
v -187.81 41.06 39.44
v -187.81 41.06 42.64
v -188.21 40.04 42.64
v -187.18 39.64 42.64
v -186.78 40.67 42.64
v -187.81 41.06 39.44
v -188.21 40.04 39.44
v -188.21 40.04 42.64
v -187.81 41.06 42.64
v -188.21 40.04 39.44
v -187.18 39.64 39.44
v -187.18 39.64 42.64
v -188.21 40.04 42.64
v -187.18 39.64 39.44
v -186.78 40.67 39.44
v -186.78 40.67 42.64
v -187.18 39.64 42.64
v -186.78 40.67 39.44
v -187.81 41.06 39.44
v -187.81 41.06 42.64
v -186.78 40.67 42.64
v -175.16 36.35 38.45
v -175.56 35.32 38.45
v -175.56 35.32 41.65
v -175.16 36.35 41.65
v -175.56 35.32 38.45
v -174.53 34.92 38.45
v -174.53 34.92 41.65
v -175.56 35.32 41.65
v -200.64 13.82 38.03
v -200.90 12.76 38.03
v -201.97 13.02 38.03
v -201.70 14.09 38.03
v -201.70 14.09 41.23
v -201.97 13.02 41.23
v -200.90 12.76 41.23
v -200.64 13.82 41.23
v -201.70 14.09 38.03
v -201.97 13.02 38.03
v -201.97 13.02 41.23
v -201.70 14.09 41.23
v -201.97 13.02 38.03
v -200.90 12.76 38.03
v -200.90 12.76 41.23
v -201.97 13.02 41.23
v -200.90 12.76 38.03
v -200.64 13.82 38.03
v -200.64 13.82 41.23
v -200.90 12.76 41.23
v -200.64 13.82 38.03
v -201.70 14.09 38.03
v -201.70 14.09 41.23
v -200.64 13.82 41.23
v -186.88 10.57 42.58
v -187.15 9.51 42.58
v -188.21 9.77 42.58
v -187.95 10.84 42.58
v -187.95 10.84 45.77
v -188.21 9.77 45.77
v -187.15 9.51 45.77
v -186.88 10.57 45.77
v -187.95 10.84 42.58
v -188.21 9.77 42.58
v -188.21 9.77 45.77
v -187.95 10.84 45.77
v -188.21 9.77 42.58
v -187.15 9.51 42.58
v -187.15 9.51 45.77
v -188.21 9.77 45.77
v -187.15 9.51 42.58
v -186.88 10.57 42.58
v -186.88 10.57 45.77
v -187.15 9.51 45.77
v -186.88 10.57 42.58
v -187.95 10.84 42.58
v -187.95 10.84 45.77
v -186.88 10.57 45.77
v -207.91 -14.94 36.92
v -208.04 -16.03 36.92
v -209.13 -15.89 36.92
v -209.00 -14.80 36.92
v -209.00 -14.80 40.12
v -209.13 -15.89 40.12
v -208.04 -16.03 40.12
v -207.91 -14.94 40.12
v -209.00 -14.80 36.92
v -209.13 -15.89 36.92
v -209.13 -15.89 40.12
v -209.00 -14.80 40.12
v -209.13 -15.89 36.92
v -208.04 -16.03 36.92
v -208.04 -16.03 40.12
v -209.13 -15.89 40.12
v -208.04 -16.03 36.92
v -207.91 -14.94 36.92
v -207.91 -14.94 40.12
v -208.04 -16.03 40.12
v -207.91 -14.94 36.92
v -209.00 -14.80 36.92
v -209.00 -14.80 40.12
v -207.91 -14.94 40.12
v -180.16 -18.35 41.25
v -180.29 -19.44 41.25
v -181.38 -19.31 41.25
v -181.25 -18.21 41.25
v -181.25 -18.21 44.45
v -181.38 -19.31 44.45
v -180.29 -19.44 44.45
v -180.16 -18.35 44.45
v -181.25 -18.21 41.25
v -181.38 -19.31 41.25
v -181.38 -19.31 44.45
v -181.25 -18.21 44.45
v -181.38 -19.31 41.25
v -180.29 -19.44 41.25
v -180.29 -19.44 44.45
v -181.38 -19.31 44.45
v -180.29 -19.44 41.25
v -180.16 -18.35 41.25
v -180.16 -18.35 44.45
v -180.29 -19.44 44.45
v -180.16 -18.35 41.25
v -181.25 -18.21 41.25
v -181.25 -18.21 44.45
v -180.16 -18.35 44.45
v -205.56 -44.15 40.53
v -205.56 -45.25 40.53
v -206.66 -45.25 40.53
v -206.66 -44.15 40.53
v -206.66 -44.15 43.73
v -206.66 -45.25 43.73
v -205.56 -45.25 43.73
v -205.56 -44.15 43.73
v -206.66 -44.15 40.53
v -206.66 -45.25 40.53
v -206.66 -45.25 43.73
v -206.66 -44.15 43.73
v -206.66 -45.25 40.53
v -205.56 -45.25 40.53
v -205.56 -45.25 43.73
v -206.66 -45.25 43.73
v -205.56 -45.25 40.53
v -205.56 -44.15 40.53
v -205.56 -44.15 43.73
v -205.56 -45.25 43.73
v -205.56 -44.15 40.53
v -206.66 -44.15 40.53
v -206.66 -44.15 43.73
v -205.56 -44.15 43.73
v -191.71 -44.28 42.83
v -191.71 -45.38 42.83
v -192.81 -45.38 42.83
v -192.81 -44.28 42.83
v -192.81 -44.28 46.03
v -192.81 -45.38 46.03
v -191.71 -45.38 46.03
v -191.71 -44.28 46.03
v -192.81 -44.28 42.83
v -192.81 -45.38 42.83
v -192.81 -45.38 46.03
v -192.81 -44.28 46.03
v -192.81 -45.38 42.83
v -191.71 -45.38 42.83
v -191.71 -45.38 46.03
v -192.81 -45.38 46.03
v -191.71 -45.38 42.83
v -191.71 -44.28 42.83
v -191.71 -44.28 46.03
v -191.71 -45.38 46.03
v -191.71 -44.28 42.83
v -192.81 -44.28 42.83
v -192.81 -44.28 46.03
v -191.71 -44.28 46.03
v -195.73 -72.07 49.02
v -195.59 -73.17 49.02
v -196.69 -73.30 49.02
v -196.82 -72.21 49.02
v -196.82 -72.21 52.22
v -196.69 -73.30 52.22
v -195.59 -73.17 52.22
v -195.73 -72.07 52.22
v -196.82 -72.21 49.02
v -196.69 -73.30 49.02
v -196.69 -73.30 52.22
v -196.82 -72.21 52.22
v -196.69 -73.30 49.02
v -195.59 -73.17 49.02
v -195.59 -73.17 52.22
v -196.69 -73.30 52.22
v -195.59 -73.17 49.02
v -195.73 -72.07 49.02
v -195.73 -72.07 52.22
v -195.59 -73.17 52.22
v -195.73 -72.07 49.02
v -196.82 -72.21 49.02
v -196.82 -72.21 52.22
v -195.73 -72.07 52.22
v -182.70 -70.32 48.62
v -182.57 -71.41 48.62
v -183.66 -71.54 48.62
v -183.79 -70.45 48.62
v -183.79 -70.45 51.82
v -183.66 -71.54 51.82
v -182.57 -71.41 51.82
v -182.70 -70.32 51.82
v -183.79 -70.45 48.62
v -183.66 -71.54 48.62
v -183.66 -71.54 51.82
v -183.79 -70.45 51.82
v -183.66 -71.54 48.62
v -182.57 -71.41 48.62
v -182.57 -71.41 51.82
v -183.66 -71.54 51.82
v -182.57 -71.41 48.62
v -182.70 -70.32 48.62
v -182.70 -70.32 51.82
v -182.57 -71.41 51.82
v -182.70 -70.32 48.62
v -183.79 -70.45 48.62
v -183.79 -70.45 51.82
v -182.70 -70.32 51.82
v -162.00 -150.22 47.55
v -161.48 -151.18 47.55
v -162.44 -151.71 47.55
v -162.97 -150.75 47.55
v -162.97 -150.75 50.75
v -162.44 -151.71 50.75
v -161.48 -151.18 50.75
v -162.00 -150.22 50.75
v -162.97 -150.75 47.55
v -162.44 -151.71 47.55
v -162.44 -151.71 50.75
v -162.97 -150.75 50.75
v -162.44 -151.71 47.55
v -161.48 -151.18 47.55
v -161.48 -151.18 50.75
v -162.44 -151.71 50.75
v -161.48 -151.18 47.55
v -162.00 -150.22 47.55
v -162.00 -150.22 50.75
v -161.48 -151.18 50.75
v -162.00 -150.22 47.55
v -162.97 -150.75 47.55
v -162.97 -150.75 50.75
v -162.00 -150.22 50.75
v -147.26 -176.16 43.04
v -146.61 -177.05 43.04
v -147.49 -177.70 43.04
v -148.15 -176.81 43.04
v -148.15 -176.81 46.24
v -147.49 -177.70 46.24
v -146.61 -177.05 46.24
v -147.26 -176.16 46.24
v -148.15 -176.81 43.04
v -147.49 -177.70 43.04
v -147.49 -177.70 46.24
v -148.15 -176.81 46.24
v -147.49 -177.70 43.04
v -146.61 -177.05 43.04
v -146.61 -177.05 46.24
v -147.49 -177.70 46.24
v -146.61 -177.05 43.04
v -147.26 -176.16 43.04
v -147.26 -176.16 46.24
v -146.61 -177.05 46.24
v -147.26 -176.16 43.04
v -148.15 -176.81 43.04
v -148.15 -176.81 46.24
v -147.26 -176.16 46.24
v -137.10 -168.48 43.44
v -136.45 -169.37 43.44
v -137.34 -170.02 43.44
v -137.99 -169.13 43.44
v -137.99 -169.13 46.64
v -137.34 -170.02 46.64
v -136.45 -169.37 46.64
v -137.10 -168.48 46.64
v -137.99 -169.13 43.44
v -137.34 -170.02 43.44
v -137.34 -170.02 46.64
v -137.99 -169.13 46.64
v -137.34 -170.02 43.44
v -136.45 -169.37 43.44
v -136.45 -169.37 46.64
v -137.34 -170.02 46.64
v -136.45 -169.37 43.44
v -137.10 -168.48 43.44
v -137.10 -168.48 46.64
v -136.45 -169.37 46.64
v -137.10 -168.48 43.44
v -137.99 -169.13 43.44
v -137.99 -169.13 46.64
v -137.10 -168.48 46.64
v -98.79 -216.58 40.74
v -97.92 -217.25 40.74
v -97.25 -216.37 40.74
v -98.13 -215.71 40.74
v -89.92 -205.62 48.77
v -89.04 -206.28 48.77
v -89.70 -207.16 48.77
v -90.58 -206.50 48.77
v -90.58 -206.50 51.97
v -89.70 -207.16 51.97
v -89.04 -206.28 51.97
v -89.92 -205.62 51.97
v -90.58 -206.50 48.77
v -89.70 -207.16 48.77
v -89.70 -207.16 51.97
v -90.58 -206.50 51.97
v -89.70 -207.16 48.77
v -89.04 -206.28 48.77
v -89.04 -206.28 51.97
v -89.70 -207.16 51.97
v -89.04 -206.28 48.77
v -89.92 -205.62 48.77
v -89.92 -205.62 51.97
v -89.04 -206.28 51.97
v -89.92 -205.62 48.77
v -90.58 -206.50 48.77
v -90.58 -206.50 51.97
v -89.92 -205.62 51.97
v -83.61 -196.55 41.65
v -82.73 -197.21 41.65
v -82.07 -196.34 41.65
v -82.95 -195.67 41.65
v -83.61 -196.55 38.45
v -82.73 -197.21 38.45
v -82.73 -197.21 41.65
v -83.61 -196.55 41.65
v -82.73 -197.21 38.45
v -82.07 -196.34 38.45
v -82.07 -196.34 41.65
v -82.73 -197.21 41.65
v -82.07 -196.34 38.45
v -82.95 -195.67 38.45
v -82.95 -195.67 41.65
v -82.07 -196.34 41.65
v -82.95 -195.67 38.45
v -83.61 -196.55 38.45
v -83.61 -196.55 41.65
v -82.95 -195.67 41.65
v -61.22 -217.97 41.19
v -60.25 -218.49 41.19
v -60.77 -219.46 41.19
v -61.74 -218.93 41.19
v -61.74 -218.93 44.39
v -60.77 -219.46 44.39
v -60.25 -218.49 44.39
v -61.22 -217.97 44.39
v -61.74 -218.93 41.19
v -60.77 -219.46 41.19
v -60.77 -219.46 44.39
v -61.74 -218.93 44.39
v -60.77 -219.46 41.19
v -60.25 -218.49 41.19
v -60.25 -218.49 44.39
v -60.77 -219.46 44.39
v -60.25 -218.49 41.19
v -61.22 -217.97 41.19
v -61.22 -217.97 44.39
v -60.25 -218.49 44.39
v -61.22 -217.97 41.19
v -61.74 -218.93 41.19
v -61.74 -218.93 44.39
v -61.22 -217.97 44.39
v -32.15 -228.77 44.55
v -31.11 -229.13 44.55
v -31.47 -230.17 44.55
v -32.51 -229.81 44.55
v -32.51 -229.81 47.75
v -31.47 -230.17 47.75
v -31.11 -229.13 47.75
v -32.15 -228.77 47.75
v -32.51 -229.81 44.55
v -31.47 -230.17 44.55
v -31.47 -230.17 47.75
v -32.51 -229.81 47.75
v -31.47 -230.17 44.55
v -31.11 -229.13 44.55
v -31.11 -229.13 47.75
v -31.47 -230.17 47.75
v -31.11 -229.13 44.55
v -32.15 -228.77 44.55
v -32.15 -228.77 47.75
v -31.11 -229.13 47.75
v -32.15 -228.77 44.55
v -32.51 -229.81 44.55
v -32.51 -229.81 47.75
v -32.15 -228.77 47.75
v -28.07 -217.37 41.10
v -27.03 -217.73 41.10
v -27.39 -218.77 41.10
v -28.43 -218.41 41.10
v -28.43 -218.41 44.30
v -27.39 -218.77 44.30
v -27.03 -217.73 44.30
v -28.07 -217.37 44.30
v -28.43 -218.41 41.10
v -27.39 -218.77 41.10
v -27.39 -218.77 44.30
v -28.43 -218.41 44.30
v -27.39 -218.77 41.10
v -27.03 -217.73 41.10
v -27.03 -217.73 44.30
v -27.39 -218.77 44.30
v -27.03 -217.73 41.10
v -28.07 -217.37 41.10
v -28.07 -217.37 44.30
v -27.03 -217.73 44.30
v -28.07 -217.37 41.10
v -28.43 -218.41 41.10
v -28.43 -218.41 44.30
v -28.07 -217.37 44.30
v -1.04 -238.27 42.87
v 0.04 -238.45 42.87
v -0.14 -239.53 42.87
v -1.22 -239.35 42.87
v -1.22 -239.35 46.07
v -0.14 -239.53 46.07
v 0.04 -238.45 46.07
v -1.04 -238.27 46.07
v -1.22 -239.35 42.87
v -0.14 -239.53 42.87
v -0.14 -239.53 46.07
v -1.22 -239.35 46.07
v -0.14 -239.53 42.87
v 0.04 -238.45 42.87
v 0.04 -238.45 46.07
v -0.14 -239.53 46.07
v 0.04 -238.45 42.87
v -1.04 -238.27 42.87
v -1.04 -238.27 46.07
v 0.04 -238.45 46.07
v -1.04 -238.27 42.87
v -1.22 -239.35 42.87
v -1.22 -239.35 46.07
v -1.04 -238.27 46.07
v 66.90 -253.08 41.72
v 67.98 -252.89 41.72
v 68.17 -253.98 41.72
v 67.08 -254.16 41.72
v 67.08 -254.16 44.92
v 68.17 -253.98 44.92
v 67.98 -252.89 44.92
v 66.90 -253.08 44.92
v 67.08 -254.16 41.72
v 68.17 -253.98 41.72
v 68.17 -253.98 44.92
v 67.08 -254.16 44.92
v 68.17 -253.98 41.72
v 67.98 -252.89 41.72
v 67.98 -252.89 44.92
v 68.17 -253.98 44.92
v 67.98 -252.89 41.72
v 66.90 -253.08 41.72
v 66.90 -253.08 44.92
v 67.98 -252.89 44.92
v 66.90 -253.08 41.72
v 67.08 -254.16 41.72
v 67.08 -254.16 44.92
v 66.90 -253.08 44.92
v 65.32 -242.02 42.43
v 66.40 -241.83 42.43
v 66.22 -240.75 42.43
v 65.13 -240.93 42.43
v 65.32 -242.02 39.23
v 66.40 -241.83 39.23
v 66.40 -241.83 42.43
v 65.32 -242.02 42.43
v 66.40 -241.83 39.23
v 66.22 -240.75 39.23
v 66.22 -240.75 42.43
v 66.40 -241.83 42.43
v 66.22 -240.75 39.23
v 65.13 -240.93 39.23
v 65.13 -240.93 42.43
v 66.22 -240.75 42.43
v 65.13 -240.93 39.23
v 65.32 -242.02 39.23
v 65.32 -242.02 42.43
v 65.13 -240.93 42.43
v 63.02 -228.79 42.49
v 64.10 -228.61 42.49
v 64.29 -229.69 42.49
v 63.20 -229.88 42.49
v 63.20 -229.88 45.69
v 64.29 -229.69 45.69
v 64.10 -228.61 45.69
v 63.02 -228.79 45.69
v 63.20 -229.88 42.49
v 64.29 -229.69 42.49
v 64.29 -229.69 45.69
v 63.20 -229.88 45.69
v 64.29 -229.69 42.49
v 64.10 -228.61 42.49
v 64.10 -228.61 45.69
v 64.29 -229.69 45.69
v 64.10 -228.61 42.49
v 63.02 -228.79 42.49
v 63.02 -228.79 45.69
v 64.10 -228.61 45.69
v 63.02 -228.79 42.49
v 63.20 -229.88 42.49
v 63.20 -229.88 45.69
v 63.02 -228.79 45.69
v 95.64 -230.47 41.58
v 96.68 -230.11 41.58
v 97.04 -231.15 41.58
v 96.00 -231.51 41.58
v 96.00 -231.51 44.78
v 97.04 -231.15 44.78
v 96.68 -230.11 44.78
v 95.64 -230.47 44.78
v 96.00 -231.51 41.58
v 97.04 -231.15 41.58
v 97.04 -231.15 44.78
v 96.00 -231.51 44.78
v 97.04 -231.15 41.58
v 96.68 -230.11 41.58
v 96.68 -230.11 44.78
v 97.04 -231.15 44.78
v 96.68 -230.11 41.58
v 95.64 -230.47 41.58
v 95.64 -230.47 44.78
v 96.68 -230.11 44.78
v 95.64 -230.47 41.58
v 96.00 -231.51 41.58
v 96.00 -231.51 44.78
v 95.64 -230.47 44.78
v 92.09 -218.97 45.35
v 93.13 -218.61 45.35
v 93.48 -219.65 45.35
v 92.45 -220.01 45.35
v 92.45 -220.01 48.55
v 93.48 -219.65 48.55
v 93.13 -218.61 48.55
v 92.09 -218.97 48.55
v 92.45 -220.01 45.35
v 93.48 -219.65 45.35
v 93.48 -219.65 48.55
v 92.45 -220.01 48.55
v 93.48 -219.65 45.35
v 93.13 -218.61 45.35
v 93.13 -218.61 48.55
v 93.48 -219.65 48.55
v 93.13 -218.61 45.35
v 92.09 -218.97 45.35
v 92.09 -218.97 48.55
v 93.13 -218.61 48.55
v 92.09 -218.97 45.35
v 92.45 -220.01 45.35
v 92.45 -220.01 48.55
v 92.09 -218.97 48.55
v 123.47 -214.92 42.18
v 124.44 -214.40 42.18
v 124.96 -215.37 42.18
v 123.99 -215.89 42.18
v 123.99 -215.89 45.38
v 124.96 -215.37 45.38
v 124.44 -214.40 45.38
v 123.47 -214.92 45.38
v 123.99 -215.89 42.18
v 124.96 -215.37 42.18
v 124.96 -215.37 45.38
v 123.99 -215.89 45.38
v 124.96 -215.37 42.18
v 124.44 -214.40 42.18
v 124.44 -214.40 45.38
v 124.96 -215.37 45.38
v 124.44 -214.40 42.18
v 123.47 -214.92 42.18
v 123.47 -214.92 45.38
v 124.44 -214.40 45.38
v 123.47 -214.92 42.18
v 123.99 -215.89 42.18
v 123.99 -215.89 45.38
v 123.47 -214.92 45.38
v 155.15 -208.13 48.74
v 156.03 -207.47 48.74
v 156.69 -208.34 48.74
v 155.82 -209.01 48.74
v 155.82 -209.01 51.94
v 156.69 -208.34 51.94
v 156.03 -207.47 51.94
v 155.15 -208.13 51.94
v 155.82 -209.01 48.74
v 156.69 -208.34 48.74
v 156.69 -208.34 51.94
v 155.82 -209.01 51.94
v 156.69 -208.34 48.74
v 156.03 -207.47 48.74
v 156.03 -207.47 51.94
v 156.69 -208.34 51.94
v 156.03 -207.47 48.74
v 155.15 -208.13 48.74
v 155.15 -208.13 51.94
v 156.03 -207.47 51.94
v 155.15 -208.13 48.74
v 155.82 -209.01 48.74
v 155.82 -209.01 51.94
v 155.15 -208.13 51.94
v 148.11 -198.76 42.02
v 148.98 -198.10 42.02
v 149.65 -198.98 42.02
v 148.77 -199.64 42.02
v 148.77 -199.64 45.22
v 149.65 -198.98 45.22
v 148.98 -198.10 45.22
v 148.11 -198.76 45.22
v 148.77 -199.64 42.02
v 149.65 -198.98 42.02
v 149.65 -198.98 45.22
v 148.77 -199.64 45.22
v 149.65 -198.98 42.02
v 148.98 -198.10 42.02
v 148.98 -198.10 45.22
v 149.65 -198.98 45.22
v 148.98 -198.10 42.02
v 148.11 -198.76 42.02
v 148.11 -198.76 45.22
v 148.98 -198.10 45.22
v 148.11 -198.76 42.02
v 148.77 -199.64 42.02
v 148.77 -199.64 45.22
v 148.11 -198.76 45.22
v 164.32 -174.61 41.85
v 165.09 -173.82 41.85
v 165.87 -174.59 41.85
v 165.10 -175.38 41.85
v 165.10 -175.38 45.05
v 165.87 -174.59 45.05
v 165.09 -173.82 45.05
v 164.32 -174.61 45.05
v 165.10 -175.38 41.85
v 165.87 -174.59 41.85
v 165.87 -174.59 45.05
v 165.10 -175.38 45.05
v 165.87 -174.59 41.85
v 165.09 -173.82 41.85
v 165.09 -173.82 45.05
v 165.87 -174.59 45.05
v 165.09 -173.82 41.85
v 164.32 -174.61 41.85
v 164.32 -174.61 45.05
v 165.09 -173.82 45.05
v 164.32 -174.61 41.85
v 165.10 -175.38 41.85
v 165.10 -175.38 45.05
v 164.32 -174.61 45.05
v -180.38 71.11 22.00
v -181.19 73.58 22.00
v -181.19 73.58 46.00
v -180.38 71.11 46.00
v -181.19 73.58 22.00
v -183.29 75.10 22.00
v -183.29 75.10 46.00
v -181.19 73.58 46.00
v -183.29 75.10 22.00
v -185.88 75.10 22.00
v -185.88 75.10 46.00
v -183.29 75.10 46.00
v -185.88 75.10 22.00
v -187.98 73.58 22.00
v -187.98 73.58 46.00
v -185.88 75.10 46.00
v -187.98 73.58 22.00
v -188.78 71.11 22.00
v -188.78 71.11 46.00
v -187.98 73.58 46.00
v -188.78 71.11 22.00
v -187.98 68.64 22.00
v -187.98 68.64 46.00
v -188.78 71.11 46.00
v -187.98 68.64 22.00
v -185.88 67.12 22.00
v -185.88 67.12 46.00
v -187.98 68.64 46.00
v -185.88 67.12 22.00
v -183.29 67.12 22.00
v -183.29 67.12 46.00
v -185.88 67.12 46.00
v -183.29 67.12 22.00
v -181.19 68.64 22.00
v -181.19 68.64 46.00
v -183.29 67.12 46.00
v -181.19 68.64 22.00
v -180.38 71.11 22.00
v -180.38 71.11 46.00
v -181.19 68.64 46.00
v -180.38 71.11 46.00
v -181.19 73.58 46.00
v -183.29 75.10 46.00
v -185.88 75.10 46.00
v -187.98 73.58 46.00
v -188.78 71.11 46.00
v -187.98 68.64 46.00
v -185.88 67.12 46.00
v -183.29 67.12 46.00
v -181.19 68.64 46.00
v -195.03 -103.16 22.00
v -195.84 -100.69 22.00
v -195.84 -100.69 46.00
v -195.03 -103.16 46.00
v -195.84 -100.69 22.00
v -197.94 -99.17 22.00
v -197.94 -99.17 46.00
v -195.84 -100.69 46.00
v -197.94 -99.17 22.00
v -200.53 -99.17 22.00
v -200.53 -99.17 46.00
v -197.94 -99.17 46.00
v -200.53 -99.17 22.00
v -202.63 -100.69 22.00
v -202.63 -100.69 46.00
v -200.53 -99.17 46.00
v -202.63 -100.69 22.00
v -203.44 -103.16 22.00
v -203.44 -103.16 46.00
v -202.63 -100.69 46.00
v -203.44 -103.16 22.00
v -202.63 -105.63 22.00
v -202.63 -105.63 46.00
v -203.44 -103.16 46.00
v -202.63 -105.63 22.00
v -200.53 -107.15 22.00
v -200.53 -107.15 46.00
v -202.63 -105.63 46.00
v -200.53 -107.15 22.00
v -197.94 -107.15 22.00
v -197.94 -107.15 46.00
v -200.53 -107.15 46.00
v -197.94 -107.15 22.00
v -195.84 -105.63 22.00
v -195.84 -105.63 46.00
v -197.94 -107.15 46.00
v -195.84 -105.63 22.00
v -195.03 -103.16 22.00
v -195.03 -103.16 46.00
v -195.84 -105.63 46.00
v -195.03 -103.16 46.00
v -195.84 -100.69 46.00
v -197.94 -99.17 46.00
v -200.53 -99.17 46.00
v -202.63 -100.69 46.00
v -203.44 -103.16 46.00
v -202.63 -105.63 46.00
v -200.53 -107.15 46.00
v -197.94 -107.15 46.00
v -195.84 -105.63 46.00
v -70.96 -241.55 46.00
v -71.76 -239.08 46.00
v -73.86 -237.55 46.00
v -76.46 -237.55 46.00
v -78.56 -239.08 46.00
v -79.36 -241.55 46.00
v -78.56 -244.02 46.00
v -76.46 -245.54 46.00
v -73.86 -245.54 46.00
v -71.76 -244.02 46.00
v 137.19 -237.52 46.00
v 136.39 -235.05 46.00
v 134.29 -233.53 46.00
v 131.70 -233.53 46.00
v 129.60 -235.05 46.00
v 128.79 -237.52 46.00
v 129.60 -239.99 46.00
v 131.70 -241.51 46.00
v 134.29 -241.51 46.00
v 136.39 -239.99 46.00
v 65.55 -150.52 74.83
v 67.81 -149.72 74.83
v 67.81 -149.72 75.07
v 65.55 -150.52 75.07
v 65.74 -151.05 75.07
v 68.00 -150.26 75.07
v 68.00 -150.26 75.31
v 65.74 -151.05 75.31
v 65.92 -151.59 75.31
v 68.19 -150.79 75.31
v 68.19 -150.79 75.55
v 65.92 -151.59 75.55
v 64.86 -148.57 75.55
v 66.11 -152.12 75.55
v 66.11 -152.12 75.79
v 64.86 -148.57 75.79
v 66.11 -152.12 75.55
v 68.38 -151.33 75.55
v 68.38 -151.33 75.79
v 66.11 -152.12 75.79
v 67.32 -148.31 75.79
v 68.56 -151.87 75.79
v 66.30 -152.66 75.79
v 65.05 -149.11 75.79
v 65.05 -149.11 76.03
v 66.30 -152.66 76.03
v 68.56 -151.87 76.03
v 67.32 -148.31 76.03
v 65.05 -149.11 75.79
v 66.30 -152.66 75.79
v 66.30 -152.66 76.03
v 65.05 -149.11 76.03
v 66.30 -152.66 75.79
v 68.56 -151.87 75.79
v 68.56 -151.87 76.03
v 66.30 -152.66 76.03
v 68.56 -151.87 75.79
v 67.32 -148.31 75.79
v 67.32 -148.31 76.03
v 68.56 -151.87 76.03
v 67.50 -148.85 76.03
v 68.75 -152.40 76.03
v 66.49 -153.19 76.03
v 65.24 -149.64 76.03
v 65.24 -149.64 76.27
v 66.49 -153.19 76.27
v 68.75 -152.40 76.27
v 67.50 -148.85 76.27
v 65.24 -149.64 76.03
v 66.49 -153.19 76.03
v 66.49 -153.19 76.27
v 65.24 -149.64 76.27
v 66.49 -153.19 76.03
v 68.75 -152.40 76.03
v 68.75 -152.40 76.27
v 66.49 -153.19 76.27
v 68.75 -152.40 76.03
v 67.50 -148.85 76.03
v 67.50 -148.85 76.27
v 68.75 -152.40 76.27
v 67.69 -149.38 76.28
v 68.94 -152.94 76.28
v 66.68 -153.73 76.28
v 65.43 -150.18 76.28
v 65.43 -150.18 76.52
v 66.68 -153.73 76.52
v 68.94 -152.94 76.52
v 67.69 -149.38 76.52
v 65.43 -150.18 76.28
v 66.68 -153.73 76.28
v 66.68 -153.73 76.52
v 65.43 -150.18 76.52
v 66.68 -153.73 76.28
v 68.94 -152.94 76.28
v 68.94 -152.94 76.52
v 66.68 -153.73 76.52
v 68.94 -152.94 76.28
v 67.69 -149.38 76.28
v 67.69 -149.38 76.52
v 68.94 -152.94 76.52
v 67.88 -149.92 76.52
v 69.13 -153.47 76.52
v 66.86 -154.27 76.52
v 65.62 -150.71 76.52
v 65.62 -150.71 76.76
v 66.86 -154.27 76.76
v 69.13 -153.47 76.76
v 67.88 -149.92 76.76
v 65.62 -150.71 76.52
v 66.86 -154.27 76.52
v 66.86 -154.27 76.76
v 65.62 -150.71 76.76
v 66.86 -154.27 76.52
v 69.13 -153.47 76.52
v 69.13 -153.47 76.76
v 66.86 -154.27 76.76
v 69.13 -153.47 76.52
v 67.88 -149.92 76.52
v 67.88 -149.92 76.76
v 69.13 -153.47 76.76
v 67.88 -149.92 76.52
v 65.62 -150.71 76.52
v 65.62 -150.71 76.76
v 67.88 -149.92 76.76
v 68.07 -150.45 76.76
v 69.32 -154.01 76.76
v 67.05 -154.80 76.76
v 65.80 -151.25 76.76
v 65.80 -151.25 77.00
v 67.05 -154.80 77.00
v 69.32 -154.01 77.00
v 68.07 -150.45 77.00
v 65.80 -151.25 76.76
v 67.05 -154.80 76.76
v 67.05 -154.80 77.00
v 65.80 -151.25 77.00
v 67.05 -154.80 76.76
v 69.32 -154.01 76.76
v 69.32 -154.01 77.00
v 67.05 -154.80 77.00
v 69.32 -154.01 76.76
v 68.07 -150.45 76.76
v 68.07 -150.45 77.00
v 69.32 -154.01 77.00
v 68.07 -150.45 76.76
v 65.80 -151.25 76.76
v 65.80 -151.25 77.00
v 68.07 -150.45 77.00
v 68.26 -150.99 77.00
v 69.50 -154.54 77.00
v 67.24 -155.34 77.00
v 65.99 -151.78 77.00
v 65.99 -151.78 77.24
v 67.24 -155.34 77.24
v 69.50 -154.54 77.24
v 68.26 -150.99 77.24
v 65.99 -151.78 77.00
v 67.24 -155.34 77.00
v 67.24 -155.34 77.24
v 65.99 -151.78 77.24
v 67.24 -155.34 77.00
v 69.50 -154.54 77.00
v 69.50 -154.54 77.24
v 67.24 -155.34 77.24
v 69.50 -154.54 77.00
v 68.26 -150.99 77.00
v 68.26 -150.99 77.24
v 69.50 -154.54 77.24
v 68.26 -150.99 77.00
v 65.99 -151.78 77.00
v 65.99 -151.78 77.24
v 68.26 -150.99 77.24
v 68.44 -151.52 77.24
v 69.69 -155.08 77.24
v 67.43 -155.87 77.24
v 66.18 -152.32 77.24
v 66.18 -152.32 77.48
v 67.43 -155.87 77.48
v 69.69 -155.08 77.48
v 68.44 -151.52 77.48
v 66.18 -152.32 77.24
v 67.43 -155.87 77.24
v 67.43 -155.87 77.48
v 66.18 -152.32 77.48
v 67.43 -155.87 77.24
v 69.69 -155.08 77.24
v 69.69 -155.08 77.48
v 67.43 -155.87 77.48
v 69.69 -155.08 77.24
v 68.44 -151.52 77.24
v 68.44 -151.52 77.48
v 69.69 -155.08 77.48
v 68.44 -151.52 77.24
v 66.18 -152.32 77.24
v 66.18 -152.32 77.48
v 68.44 -151.52 77.48
v 68.63 -152.06 77.48
v 69.88 -155.61 77.48
v 67.62 -156.41 77.48
v 66.37 -152.85 77.48
v 66.37 -152.85 77.72
v 67.62 -156.41 77.72
v 69.88 -155.61 77.72
v 68.63 -152.06 77.72
v 66.37 -152.85 77.48
v 67.62 -156.41 77.48
v 67.62 -156.41 77.72
v 66.37 -152.85 77.72
v 67.62 -156.41 77.48
v 69.88 -155.61 77.48
v 69.88 -155.61 77.72
v 67.62 -156.41 77.72
v 69.88 -155.61 77.48
v 68.63 -152.06 77.48
v 68.63 -152.06 77.72
v 69.88 -155.61 77.72
v 68.63 -152.06 77.48
v 66.37 -152.85 77.48
v 66.37 -152.85 77.72
v 68.63 -152.06 77.72
v 68.82 -152.59 77.72
v 70.07 -156.15 77.72
v 67.81 -156.94 77.72
v 66.56 -153.39 77.72
v 66.56 -153.39 77.96
v 67.81 -156.94 77.96
v 70.07 -156.15 77.96
v 68.82 -152.59 77.96
v 66.56 -153.39 77.72
v 67.81 -156.94 77.72
v 67.81 -156.94 77.96
v 66.56 -153.39 77.96
v 67.81 -156.94 77.72
v 70.07 -156.15 77.72
v 70.07 -156.15 77.96
v 67.81 -156.94 77.96
v 70.07 -156.15 77.72
v 68.82 -152.59 77.72
v 68.82 -152.59 77.96
v 70.07 -156.15 77.96
v 68.82 -152.59 77.72
v 66.56 -153.39 77.72
v 66.56 -153.39 77.96
v 68.82 -152.59 77.96
v 69.01 -153.13 77.97
v 70.26 -156.68 77.97
v 67.99 -157.48 77.97
v 66.74 -153.92 77.97
v 66.74 -153.92 78.21
v 67.99 -157.48 78.21
v 70.26 -156.68 78.21
v 69.01 -153.13 78.21
v 66.74 -153.92 77.97
v 67.99 -157.48 77.97
v 67.99 -157.48 78.21
v 66.74 -153.92 78.21
v 67.99 -157.48 77.97
v 70.26 -156.68 77.97
v 70.26 -156.68 78.21
v 67.99 -157.48 78.21
v 70.26 -156.68 77.97
v 69.01 -153.13 77.97
v 69.01 -153.13 78.21
v 70.26 -156.68 78.21
v 69.01 -153.13 77.97
v 66.74 -153.92 77.97
v 66.74 -153.92 78.21
v 69.01 -153.13 78.21
v 69.20 -153.66 78.21
v 70.44 -157.22 78.21
v 68.18 -158.01 78.21
v 66.93 -154.46 78.21
v 66.93 -154.46 78.45
v 68.18 -158.01 78.45
v 70.44 -157.22 78.45
v 69.20 -153.66 78.45
v 66.93 -154.46 78.21
v 68.18 -158.01 78.21
v 68.18 -158.01 78.45
v 66.93 -154.46 78.45
v 68.18 -158.01 78.21
v 70.44 -157.22 78.21
v 70.44 -157.22 78.45
v 68.18 -158.01 78.45
v 70.44 -157.22 78.21
v 69.20 -153.66 78.21
v 69.20 -153.66 78.45
v 70.44 -157.22 78.45
v 69.20 -153.66 78.21
v 66.93 -154.46 78.21
v 66.93 -154.46 78.45
v 69.20 -153.66 78.45
v 69.39 -154.20 78.45
v 70.63 -157.75 78.45
v 68.37 -158.55 78.45
v 67.12 -154.99 78.45
v 67.12 -154.99 78.69
v 68.37 -158.55 78.69
v 70.63 -157.75 78.69
v 69.39 -154.20 78.69
v 67.12 -154.99 78.45
v 68.37 -158.55 78.45
v 68.37 -158.55 78.69
v 67.12 -154.99 78.69
v 68.37 -158.55 78.45
v 70.63 -157.75 78.45
v 70.63 -157.75 78.69
v 68.37 -158.55 78.69
v 70.63 -157.75 78.45
v 69.39 -154.20 78.45
v 69.39 -154.20 78.69
v 70.63 -157.75 78.69
v 69.39 -154.20 78.45
v 67.12 -154.99 78.45
v 67.12 -154.99 78.69
v 69.39 -154.20 78.69
v 69.57 -154.73 78.69
v 70.82 -158.29 78.69
v 68.56 -159.08 78.69
v 67.31 -155.53 78.69
v 67.31 -155.53 78.93
v 68.56 -159.08 78.93
v 70.82 -158.29 78.93
v 69.57 -154.73 78.93
v 67.31 -155.53 78.69
v 68.56 -159.08 78.69
v 68.56 -159.08 78.93
v 67.31 -155.53 78.93
v 68.56 -159.08 78.69
v 70.82 -158.29 78.69
v 70.82 -158.29 78.93
v 68.56 -159.08 78.93
v 70.82 -158.29 78.69
v 69.57 -154.73 78.69
v 69.57 -154.73 78.93
v 70.82 -158.29 78.93
v 69.57 -154.73 78.69
v 67.31 -155.53 78.69
v 67.31 -155.53 78.93
v 69.57 -154.73 78.93
v 69.76 -155.27 78.93
v 71.01 -158.82 78.93
v 68.75 -159.62 78.93
v 67.50 -156.06 78.93
v 67.50 -156.06 79.17
v 68.75 -159.62 79.17
v 71.01 -158.82 79.17
v 69.76 -155.27 79.17
v 67.50 -156.06 78.93
v 68.75 -159.62 78.93
v 68.75 -159.62 79.17
v 67.50 -156.06 79.17
v 68.75 -159.62 78.93
v 71.01 -158.82 78.93
v 71.01 -158.82 79.17
v 68.75 -159.62 79.17
v 71.01 -158.82 78.93
v 69.76 -155.27 78.93
v 69.76 -155.27 79.17
v 71.01 -158.82 79.17
v 69.76 -155.27 78.93
v 67.50 -156.06 78.93
v 67.50 -156.06 79.17
v 69.76 -155.27 79.17
v 69.95 -155.81 79.17
v 71.20 -159.36 79.17
v 68.93 -160.15 79.17
v 67.69 -156.60 79.17
v 67.69 -156.60 79.41
v 68.93 -160.15 79.41
v 71.20 -159.36 79.41
v 69.95 -155.81 79.41
v 67.69 -156.60 79.17
v 68.93 -160.15 79.17
v 68.93 -160.15 79.41
v 67.69 -156.60 79.41
v 68.93 -160.15 79.17
v 71.20 -159.36 79.17
v 71.20 -159.36 79.41
v 68.93 -160.15 79.41
v 71.20 -159.36 79.17
v 69.95 -155.81 79.17
v 69.95 -155.81 79.41
v 71.20 -159.36 79.41
v 69.95 -155.81 79.17
v 67.69 -156.60 79.17
v 67.69 -156.60 79.41
v 69.95 -155.81 79.41
v 70.14 -156.34 79.41
v 71.39 -159.89 79.41
v 69.12 -160.69 79.41
v 67.87 -157.13 79.41
v 67.87 -157.13 79.65
v 69.12 -160.69 79.65
v 71.39 -159.89 79.65
v 70.14 -156.34 79.65
v 67.87 -157.13 79.41
v 69.12 -160.69 79.41
v 69.12 -160.69 79.65
v 67.87 -157.13 79.65
v 69.12 -160.69 79.41
v 71.39 -159.89 79.41
v 71.39 -159.89 79.65
v 69.12 -160.69 79.65
v 71.39 -159.89 79.41
v 70.14 -156.34 79.41
v 70.14 -156.34 79.65
v 71.39 -159.89 79.65
v 70.14 -156.34 79.41
v 67.87 -157.13 79.41
v 67.87 -157.13 79.65
v 70.14 -156.34 79.65
v 70.33 -156.88 79.66
v 71.57 -160.43 79.66
v 69.31 -161.22 79.66
v 68.06 -157.67 79.66
v 68.06 -157.67 79.89
v 69.31 -161.22 79.89
v 71.57 -160.43 79.89
v 70.33 -156.88 79.89
v 68.06 -157.67 79.66
v 69.31 -161.22 79.66
v 69.31 -161.22 79.89
v 68.06 -157.67 79.89
v 69.31 -161.22 79.66
v 71.57 -160.43 79.66
v 71.57 -160.43 79.89
v 69.31 -161.22 79.89
v 71.57 -160.43 79.66
v 70.33 -156.88 79.66
v 70.33 -156.88 79.89
v 71.57 -160.43 79.89
v 70.33 -156.88 79.66
v 68.06 -157.67 79.66
v 68.06 -157.67 79.89
v 70.33 -156.88 79.89
v 70.51 -157.41 79.90
v 71.76 -160.97 79.90
v 69.50 -161.76 79.90
v 68.25 -158.21 79.90
v 68.25 -158.21 80.14
v 69.50 -161.76 80.14
v 71.76 -160.97 80.14
v 70.51 -157.41 80.14
v 68.25 -158.21 79.90
v 69.50 -161.76 79.90
v 69.50 -161.76 80.14
v 68.25 -158.21 80.14
v 69.50 -161.76 79.90
v 71.76 -160.97 79.90
v 71.76 -160.97 80.14
v 69.50 -161.76 80.14
v 71.76 -160.97 79.90
v 70.51 -157.41 79.90
v 70.51 -157.41 80.14
v 71.76 -160.97 80.14
v 70.51 -157.41 79.90
v 68.25 -158.21 79.90
v 68.25 -158.21 80.14
v 70.51 -157.41 80.14
v 70.70 -157.95 80.14
v 71.95 -161.50 80.14
v 69.69 -162.30 80.14
v 68.44 -158.74 80.14
v 68.44 -158.74 80.38
v 69.69 -162.30 80.38
v 71.95 -161.50 80.38
v 70.70 -157.95 80.38
v 68.44 -158.74 80.14
v 69.69 -162.30 80.14
v 69.69 -162.30 80.38
v 68.44 -158.74 80.38
v 69.69 -162.30 80.14
v 71.95 -161.50 80.14
v 71.95 -161.50 80.38
v 69.69 -162.30 80.38
v 71.95 -161.50 80.14
v 70.70 -157.95 80.14
v 70.70 -157.95 80.38
v 71.95 -161.50 80.38
v 70.70 -157.95 80.14
v 68.44 -158.74 80.14
v 68.44 -158.74 80.38
v 70.70 -157.95 80.38
v 70.89 -158.48 80.38
v 72.14 -162.04 80.38
v 69.87 -162.83 80.38
v 68.62 -159.28 80.38
v 68.62 -159.28 80.62
v 69.87 -162.83 80.62
v 72.14 -162.04 80.62
v 70.89 -158.48 80.62
v 68.62 -159.28 80.38
v 69.87 -162.83 80.38
v 69.87 -162.83 80.62
v 68.62 -159.28 80.62
v 69.87 -162.83 80.38
v 72.14 -162.04 80.38
v 72.14 -162.04 80.62
v 69.87 -162.83 80.62
v 72.14 -162.04 80.38
v 70.89 -158.48 80.38
v 70.89 -158.48 80.62
v 72.14 -162.04 80.62
v 70.89 -158.48 80.38
v 68.62 -159.28 80.38
v 68.62 -159.28 80.62
v 70.89 -158.48 80.62
v 71.08 -159.02 80.62
v 72.33 -162.57 80.62
v 70.06 -163.37 80.62
v 68.81 -159.81 80.62
v 68.81 -159.81 80.86
v 70.06 -163.37 80.86
v 72.33 -162.57 80.86
v 71.08 -159.02 80.86
v 68.81 -159.81 80.62
v 70.06 -163.37 80.62
v 70.06 -163.37 80.86
v 68.81 -159.81 80.86
v 70.06 -163.37 80.62
v 72.33 -162.57 80.62
v 72.33 -162.57 80.86
v 70.06 -163.37 80.86
v 72.33 -162.57 80.62
v 71.08 -159.02 80.62
v 71.08 -159.02 80.86
v 72.33 -162.57 80.86
v 71.08 -159.02 80.62
v 68.81 -159.81 80.62
v 68.81 -159.81 80.86
v 71.08 -159.02 80.86
v 71.27 -159.55 80.86
v 72.51 -163.11 80.86
v 70.25 -163.90 80.86
v 69.00 -160.35 80.86
v 69.00 -160.35 81.10
v 70.25 -163.90 81.10
v 72.51 -163.11 81.10
v 71.27 -159.55 81.10
v 69.00 -160.35 80.86
v 70.25 -163.90 80.86
v 70.25 -163.90 81.10
v 69.00 -160.35 81.10
v 70.25 -163.90 80.86
v 72.51 -163.11 80.86
v 72.51 -163.11 81.10
v 70.25 -163.90 81.10
v 72.51 -163.11 80.86
v 71.27 -159.55 80.86
v 71.27 -159.55 81.10
v 72.51 -163.11 81.10
v 71.27 -159.55 80.86
v 69.00 -160.35 80.86
v 69.00 -160.35 81.10
v 71.27 -159.55 81.10
v 71.45 -160.09 81.10
v 72.70 -163.64 81.10
v 70.44 -164.44 81.10
v 69.19 -160.88 81.10
v 69.19 -160.88 81.34
v 70.44 -164.44 81.34
v 72.70 -163.64 81.34
v 71.45 -160.09 81.34
v 69.19 -160.88 81.10
v 70.44 -164.44 81.10
v 70.44 -164.44 81.34
v 69.19 -160.88 81.34
v 70.44 -164.44 81.10
v 72.70 -163.64 81.10
v 72.70 -163.64 81.34
v 70.44 -164.44 81.34
v 72.70 -163.64 81.10
v 71.45 -160.09 81.10
v 71.45 -160.09 81.34
v 72.70 -163.64 81.34
v 71.45 -160.09 81.10
v 69.19 -160.88 81.10
v 69.19 -160.88 81.34
v 71.45 -160.09 81.34
v 71.64 -160.62 81.34
v 72.89 -164.18 81.34
v 70.63 -164.97 81.34
v 69.38 -161.42 81.34
v 69.38 -161.42 81.58
v 70.63 -164.97 81.58
v 72.89 -164.18 81.58
v 71.64 -160.62 81.58
v 69.38 -161.42 81.34
v 70.63 -164.97 81.34
v 70.63 -164.97 81.58
v 69.38 -161.42 81.58
v 70.63 -164.97 81.34
v 72.89 -164.18 81.34
v 72.89 -164.18 81.58
v 70.63 -164.97 81.58
v 72.89 -164.18 81.34
v 71.64 -160.62 81.34
v 71.64 -160.62 81.58
v 72.89 -164.18 81.58
v 71.64 -160.62 81.34
v 69.38 -161.42 81.34
v 69.38 -161.42 81.58
v 71.64 -160.62 81.58
v 71.83 -161.16 81.59
v 73.08 -164.71 81.59
v 70.81 -165.51 81.59
v 69.56 -161.95 81.59
v 69.56 -161.95 81.83
v 70.81 -165.51 81.83
v 73.08 -164.71 81.83
v 71.83 -161.16 81.83
v 69.56 -161.95 81.59
v 70.81 -165.51 81.59
v 70.81 -165.51 81.83
v 69.56 -161.95 81.83
v 70.81 -165.51 81.59
v 73.08 -164.71 81.59
v 73.08 -164.71 81.83
v 70.81 -165.51 81.83
v 73.08 -164.71 81.59
v 71.83 -161.16 81.59
v 71.83 -161.16 81.83
v 73.08 -164.71 81.83
v 71.83 -161.16 81.59
v 69.56 -161.95 81.59
v 69.56 -161.95 81.83
v 71.83 -161.16 81.83
v 72.02 -161.69 81.83
v 73.27 -165.25 81.83
v 71.00 -166.04 81.83
v 69.75 -162.49 81.83
v 69.75 -162.49 82.07
v 71.00 -166.04 82.07
v 73.27 -165.25 82.07
v 72.02 -161.69 82.07
v 69.75 -162.49 81.83
v 71.00 -166.04 81.83
v 71.00 -166.04 82.07
v 69.75 -162.49 82.07
v 71.00 -166.04 81.83
v 73.27 -165.25 81.83
v 73.27 -165.25 82.07
v 71.00 -166.04 82.07
v 73.27 -165.25 81.83
v 72.02 -161.69 81.83
v 72.02 -161.69 82.07
v 73.27 -165.25 82.07
v 72.02 -161.69 81.83
v 69.75 -162.49 81.83
v 69.75 -162.49 82.07
v 72.02 -161.69 82.07
v 72.20 -162.23 82.07
v 73.45 -165.78 82.07
v 71.19 -166.58 82.07
v 69.94 -163.02 82.07
v 69.94 -163.02 82.31
v 71.19 -166.58 82.31
v 73.45 -165.78 82.31
v 72.20 -162.23 82.31
v 69.94 -163.02 82.07
v 71.19 -166.58 82.07
v 71.19 -166.58 82.31
v 69.94 -163.02 82.31
v 71.19 -166.58 82.07
v 73.45 -165.78 82.07
v 73.45 -165.78 82.31
v 71.19 -166.58 82.31
v 73.45 -165.78 82.07
v 72.20 -162.23 82.07
v 72.20 -162.23 82.31
v 73.45 -165.78 82.31
v 72.20 -162.23 82.07
v 69.94 -163.02 82.07
v 69.94 -163.02 82.31
v 72.20 -162.23 82.31
v 72.39 -162.76 82.31
v 73.64 -166.32 82.31
v 71.38 -167.11 82.31
v 70.13 -163.56 82.31
v 70.13 -163.56 82.55
v 71.38 -167.11 82.55
v 73.64 -166.32 82.55
v 72.39 -162.76 82.55
v 70.13 -163.56 82.31
v 71.38 -167.11 82.31
v 71.38 -167.11 82.55
v 70.13 -163.56 82.55
v 71.38 -167.11 82.31
v 73.64 -166.32 82.31
v 73.64 -166.32 82.55
v 71.38 -167.11 82.55
v 73.64 -166.32 82.31
v 72.39 -162.76 82.31
v 72.39 -162.76 82.55
v 73.64 -166.32 82.55
v 72.39 -162.76 82.31
v 70.13 -163.56 82.31
v 70.13 -163.56 82.55
v 72.39 -162.76 82.55
v 72.58 -163.30 82.55
v 73.83 -166.85 82.55
v 71.57 -167.65 82.55
v 70.32 -164.09 82.55
v 70.32 -164.09 82.79
v 71.57 -167.65 82.79
v 73.83 -166.85 82.79
v 72.58 -163.30 82.79
v 70.32 -164.09 82.55
v 71.57 -167.65 82.55
v 71.57 -167.65 82.79
v 70.32 -164.09 82.79
v 71.57 -167.65 82.55
v 73.83 -166.85 82.55
v 73.83 -166.85 82.79
v 71.57 -167.65 82.79
v 73.83 -166.85 82.55
v 72.58 -163.30 82.55
v 72.58 -163.30 82.79
v 73.83 -166.85 82.79
v 72.58 -163.30 82.55
v 70.32 -164.09 82.55
v 70.32 -164.09 82.79
v 72.58 -163.30 82.79
v 72.77 -163.83 82.79
v 74.02 -167.39 82.79
v 71.75 -168.18 82.79
v 70.50 -164.63 82.79
v 70.50 -164.63 83.03
v 71.75 -168.18 83.03
v 74.02 -167.39 83.03
v 72.77 -163.83 83.03
v 70.50 -164.63 82.79
v 71.75 -168.18 82.79
v 71.75 -168.18 83.03
v 70.50 -164.63 83.03
v 71.75 -168.18 82.79
v 74.02 -167.39 82.79
v 74.02 -167.39 83.03
v 71.75 -168.18 83.03
v 74.02 -167.39 82.79
v 72.77 -163.83 82.79
v 72.77 -163.83 83.03
v 74.02 -167.39 83.03
v 72.77 -163.83 82.79
v 70.50 -164.63 82.79
v 70.50 -164.63 83.03
v 72.77 -163.83 83.03
v 72.96 -164.37 83.03
v 74.21 -167.92 83.03
v 71.94 -168.72 83.03
v 70.69 -165.16 83.03
v 70.69 -165.16 83.27
v 71.94 -168.72 83.27
v 74.21 -167.92 83.27
v 72.96 -164.37 83.27
v 70.69 -165.16 83.03
v 71.94 -168.72 83.03
v 71.94 -168.72 83.27
v 70.69 -165.16 83.27
v 71.94 -168.72 83.03
v 74.21 -167.92 83.03
v 74.21 -167.92 83.27
v 71.94 -168.72 83.27
v 74.21 -167.92 83.03
v 72.96 -164.37 83.03
v 72.96 -164.37 83.27
v 74.21 -167.92 83.27
v 72.96 -164.37 83.03
v 70.69 -165.16 83.03
v 70.69 -165.16 83.27
v 72.96 -164.37 83.27
v 73.15 -164.91 83.28
v 74.39 -168.46 83.28
v 72.13 -169.25 83.28
v 70.88 -165.70 83.28
v 70.88 -165.70 83.52
v 72.13 -169.25 83.52
v 74.39 -168.46 83.52
v 73.15 -164.91 83.52
v 70.88 -165.70 83.28
v 72.13 -169.25 83.28
v 72.13 -169.25 83.52
v 70.88 -165.70 83.52
v 72.13 -169.25 83.28
v 74.39 -168.46 83.28
v 74.39 -168.46 83.52
v 72.13 -169.25 83.52
v 74.39 -168.46 83.28
v 73.15 -164.91 83.28
v 73.15 -164.91 83.52
v 74.39 -168.46 83.52
v 73.15 -164.91 83.28
v 70.88 -165.70 83.28
v 70.88 -165.70 83.52
v 73.15 -164.91 83.52
v 73.33 -165.44 83.52
v 74.58 -169.00 83.52
v 72.32 -169.79 83.52
v 71.07 -166.24 83.52
v 71.07 -166.24 83.76
v 72.32 -169.79 83.76
v 74.58 -169.00 83.76
v 73.33 -165.44 83.76
v 71.07 -166.24 83.52
v 72.32 -169.79 83.52
v 72.32 -169.79 83.76
v 71.07 -166.24 83.76
v 72.32 -169.79 83.52
v 74.58 -169.00 83.52
v 74.58 -169.00 83.76
v 72.32 -169.79 83.76
v 74.58 -169.00 83.52
v 73.33 -165.44 83.52
v 73.33 -165.44 83.76
v 74.58 -169.00 83.76
v 73.33 -165.44 83.52
v 71.07 -166.24 83.52
v 71.07 -166.24 83.76
v 73.33 -165.44 83.76
v 73.52 -165.98 83.76
v 74.77 -169.53 83.76
v 72.51 -170.32 83.76
v 71.26 -166.77 83.76
v 71.26 -166.77 84.00
v 72.51 -170.32 84.00
v 74.77 -169.53 84.00
v 73.52 -165.98 84.00
v 71.26 -166.77 83.76
v 72.51 -170.32 83.76
v 72.51 -170.32 84.00
v 71.26 -166.77 84.00
v 72.51 -170.32 83.76
v 74.77 -169.53 83.76
v 74.77 -169.53 84.00
v 72.51 -170.32 84.00
v 74.77 -169.53 83.76
v 73.52 -165.98 83.76
v 73.52 -165.98 84.00
v 74.77 -169.53 84.00
v 73.52 -165.98 83.76
v 71.26 -166.77 83.76
v 71.26 -166.77 84.00
v 73.52 -165.98 84.00
v 136.67 -162.21 56.00
v 136.86 -165.73 56.00
v 134.46 -165.86 56.00
v 134.27 -162.34 56.00
v 134.27 -162.34 56.24
v 134.46 -165.86 56.24
v 136.86 -165.73 56.24
v 136.67 -162.21 56.24
v 134.27 -162.34 56.00
v 134.46 -165.86 56.00
v 134.46 -165.86 56.24
v 134.27 -162.34 56.24
v 134.46 -165.86 56.00
v 136.86 -165.73 56.00
v 136.86 -165.73 56.24
v 134.46 -165.86 56.24
v 136.86 -165.73 56.00
v 136.67 -162.21 56.00
v 136.67 -162.21 56.24
v 136.86 -165.73 56.24
v 136.67 -162.21 56.00
v 134.27 -162.34 56.00
v 134.27 -162.34 56.24
v 136.67 -162.21 56.24
v 136.69 -162.53 56.24
v 136.87 -166.06 56.24
v 134.48 -166.19 56.24
v 134.29 -162.66 56.24
v 134.29 -162.66 56.48
v 134.48 -166.19 56.48
v 136.87 -166.06 56.48
v 136.69 -162.53 56.48
v 134.29 -162.66 56.24
v 134.48 -166.19 56.24
v 134.48 -166.19 56.48
v 134.29 -162.66 56.48
v 134.48 -166.19 56.24
v 136.87 -166.06 56.24
v 136.87 -166.06 56.48
v 134.48 -166.19 56.48
v 136.87 -166.06 56.24
v 136.69 -162.53 56.24
v 136.69 -162.53 56.48
v 136.87 -166.06 56.48
v 136.69 -162.53 56.24
v 134.29 -162.66 56.24
v 134.29 -162.66 56.48
v 136.69 -162.53 56.48
v 136.70 -162.86 56.48
v 136.89 -166.38 56.48
v 134.50 -166.51 56.48
v 134.31 -162.99 56.48
v 134.31 -162.99 56.72
v 134.50 -166.51 56.72
v 136.89 -166.38 56.72
v 136.70 -162.86 56.72
v 134.31 -162.99 56.48
v 134.50 -166.51 56.48
v 134.50 -166.51 56.72
v 134.31 -162.99 56.72
v 134.50 -166.51 56.48
v 136.89 -166.38 56.48
v 136.89 -166.38 56.72
v 134.50 -166.51 56.72
v 136.89 -166.38 56.48
v 136.70 -162.86 56.48
v 136.70 -162.86 56.72
v 136.89 -166.38 56.72
v 136.70 -162.86 56.48
v 134.31 -162.99 56.48
v 134.31 -162.99 56.72
v 136.70 -162.86 56.72
v 136.72 -163.19 56.72
v 136.91 -166.71 56.72
v 134.51 -166.84 56.72
v 134.32 -163.32 56.72
v 134.32 -163.32 56.96
v 134.51 -166.84 56.96
v 136.91 -166.71 56.96
v 136.72 -163.19 56.96
v 134.32 -163.32 56.72
v 134.51 -166.84 56.72
v 134.51 -166.84 56.96
v 134.32 -163.32 56.96
v 134.51 -166.84 56.72
v 136.91 -166.71 56.72
v 136.91 -166.71 56.96
v 134.51 -166.84 56.96
v 136.91 -166.71 56.72
v 136.72 -163.19 56.72
v 136.72 -163.19 56.96
v 136.91 -166.71 56.96
v 136.72 -163.19 56.72
v 134.32 -163.32 56.72
v 134.32 -163.32 56.96
v 136.72 -163.19 56.96
v 136.74 -163.51 56.97
v 136.93 -167.03 56.97
v 134.53 -167.16 56.97
v 134.34 -163.64 56.97
v 134.34 -163.64 57.21
v 134.53 -167.16 57.21
v 136.93 -167.03 57.21
v 136.74 -163.51 57.21
v 134.34 -163.64 56.97
v 134.53 -167.16 56.97
v 134.53 -167.16 57.21
v 134.34 -163.64 57.21
v 134.53 -167.16 56.97
v 136.93 -167.03 56.97
v 136.93 -167.03 57.21
v 134.53 -167.16 57.21
v 136.93 -167.03 56.97
v 136.74 -163.51 56.97
v 136.74 -163.51 57.21
v 136.93 -167.03 57.21
v 136.74 -163.51 56.97
v 134.34 -163.64 56.97
v 134.34 -163.64 57.21
v 136.74 -163.51 57.21
v 136.75 -163.84 57.21
v 136.94 -167.36 57.21
v 134.55 -167.49 57.21
v 134.36 -163.97 57.21
v 134.36 -163.97 57.45
v 134.55 -167.49 57.45
v 136.94 -167.36 57.45
v 136.75 -163.84 57.45
v 134.36 -163.97 57.21
v 134.55 -167.49 57.21
v 134.55 -167.49 57.45
v 134.36 -163.97 57.45
v 134.55 -167.49 57.21
v 136.94 -167.36 57.21
v 136.94 -167.36 57.45
v 134.55 -167.49 57.45
v 136.94 -167.36 57.21
v 136.75 -163.84 57.21
v 136.75 -163.84 57.45
v 136.94 -167.36 57.45
v 136.75 -163.84 57.21
v 134.36 -163.97 57.21
v 134.36 -163.97 57.45
v 136.75 -163.84 57.45
v 136.77 -164.16 57.45
v 136.96 -167.69 57.45
v 134.56 -167.81 57.45
v 134.38 -164.29 57.45
v 134.38 -164.29 57.69
v 134.56 -167.81 57.69
v 136.96 -167.69 57.69
v 136.77 -164.16 57.69
v 134.38 -164.29 57.45
v 134.56 -167.81 57.45
v 134.56 -167.81 57.69
v 134.38 -164.29 57.69
v 134.56 -167.81 57.45
v 136.96 -167.69 57.45
v 136.96 -167.69 57.69
v 134.56 -167.81 57.69
v 136.96 -167.69 57.45
v 136.77 -164.16 57.45
v 136.77 -164.16 57.69
v 136.96 -167.69 57.69
v 136.77 -164.16 57.45
v 134.38 -164.29 57.45
v 134.38 -164.29 57.69
v 136.77 -164.16 57.69
v 136.79 -164.49 57.69
v 136.98 -168.01 57.69
v 134.58 -168.14 57.69
v 134.39 -164.62 57.69
v 134.39 -164.62 57.93
v 134.58 -168.14 57.93
v 136.98 -168.01 57.93
v 136.79 -164.49 57.93
v 134.39 -164.62 57.69
v 134.58 -168.14 57.69
v 134.58 -168.14 57.93
v 134.39 -164.62 57.93
v 134.58 -168.14 57.69
v 136.98 -168.01 57.69
v 136.98 -168.01 57.93
v 134.58 -168.14 57.93
v 136.98 -168.01 57.69
v 136.79 -164.49 57.69
v 136.79 -164.49 57.93
v 136.98 -168.01 57.93
v 136.79 -164.49 57.69
v 134.39 -164.62 57.69
v 134.39 -164.62 57.93
v 136.79 -164.49 57.93
v 136.81 -164.82 57.93
v 137.00 -168.34 57.93
v 134.60 -168.47 57.93
v 134.41 -164.95 57.93
v 134.41 -164.95 58.17
v 134.60 -168.47 58.17
v 137.00 -168.34 58.17
v 136.81 -164.82 58.17
v 134.41 -164.95 57.93
v 134.60 -168.47 57.93
v 134.60 -168.47 58.17
v 134.41 -164.95 58.17
v 134.60 -168.47 57.93
v 137.00 -168.34 57.93
v 137.00 -168.34 58.17
v 134.60 -168.47 58.17
v 137.00 -168.34 57.93
v 136.81 -164.82 57.93
v 136.81 -164.82 58.17
v 137.00 -168.34 58.17
v 136.81 -164.82 57.93
v 134.41 -164.95 57.93
v 134.41 -164.95 58.17
v 136.81 -164.82 58.17
v 136.82 -165.14 58.17
v 137.01 -168.66 58.17
v 134.62 -168.79 58.17
v 134.43 -165.27 58.17
v 134.43 -165.27 58.41
v 134.62 -168.79 58.41
v 137.01 -168.66 58.41
v 136.82 -165.14 58.41
v 134.43 -165.27 58.17
v 134.62 -168.79 58.17
v 134.62 -168.79 58.41
v 134.43 -165.27 58.41
v 134.62 -168.79 58.17
v 137.01 -168.66 58.17
v 137.01 -168.66 58.41
v 134.62 -168.79 58.41
v 137.01 -168.66 58.17
v 136.82 -165.14 58.17
v 136.82 -165.14 58.41
v 137.01 -168.66 58.41
v 136.82 -165.14 58.17
v 134.43 -165.27 58.17
v 134.43 -165.27 58.41
v 136.82 -165.14 58.41
v 136.84 -165.47 58.41
v 137.03 -168.99 58.41
v 134.63 -169.12 58.41
v 134.45 -165.60 58.41
v 134.45 -165.60 58.65
v 134.63 -169.12 58.65
v 137.03 -168.99 58.65
v 136.84 -165.47 58.65
v 134.45 -165.60 58.41
v 134.63 -169.12 58.41
v 134.63 -169.12 58.65
v 134.45 -165.60 58.65
v 134.63 -169.12 58.41
v 137.03 -168.99 58.41
v 137.03 -168.99 58.65
v 134.63 -169.12 58.65
v 137.03 -168.99 58.41
v 136.84 -165.47 58.41
v 136.84 -165.47 58.65
v 137.03 -168.99 58.65
v 136.84 -165.47 58.41
v 134.45 -165.60 58.41
v 134.45 -165.60 58.65
v 136.84 -165.47 58.65
v 136.86 -165.80 58.66
v 137.05 -169.32 58.66
v 134.65 -169.45 58.66
v 134.46 -165.93 58.66
v 134.46 -165.93 58.90
v 134.65 -169.45 58.90
v 137.05 -169.32 58.90
v 136.86 -165.80 58.90
v 134.46 -165.93 58.66
v 134.65 -169.45 58.66
v 134.65 -169.45 58.90
v 134.46 -165.93 58.90
v 134.65 -169.45 58.66
v 137.05 -169.32 58.66
v 137.05 -169.32 58.90
v 134.65 -169.45 58.90
v 137.05 -169.32 58.66
v 136.86 -165.80 58.66
v 136.86 -165.80 58.90
v 137.05 -169.32 58.90
v 136.86 -165.80 58.66
v 134.46 -165.93 58.66
v 134.46 -165.93 58.90
v 136.86 -165.80 58.90
v 136.88 -166.12 58.90
v 137.07 -169.64 58.90
v 134.67 -169.77 58.90
v 134.48 -166.25 58.90
v 134.48 -166.25 59.14
v 134.67 -169.77 59.14
v 137.07 -169.64 59.14
v 136.88 -166.12 59.14
v 134.48 -166.25 58.90
v 134.67 -169.77 58.90
v 134.67 -169.77 59.14
v 134.48 -166.25 59.14
v 134.67 -169.77 58.90
v 137.07 -169.64 58.90
v 137.07 -169.64 59.14
v 134.67 -169.77 59.14
v 137.07 -169.64 58.90
v 136.88 -166.12 58.90
v 136.88 -166.12 59.14
v 137.07 -169.64 59.14
v 136.88 -166.12 58.90
v 134.48 -166.25 58.90
v 134.48 -166.25 59.14
v 136.88 -166.12 59.14
v 136.90 -166.45 59.14
v 137.08 -169.97 59.14
v 134.69 -170.10 59.14
v 134.50 -166.58 59.14
v 134.50 -166.58 59.38
v 134.69 -170.10 59.38
v 137.08 -169.97 59.38
v 136.90 -166.45 59.38
v 134.50 -166.58 59.14
v 134.69 -170.10 59.14
v 134.69 -170.10 59.38
v 134.50 -166.58 59.38
v 134.69 -170.10 59.14
v 137.08 -169.97 59.14
v 137.08 -169.97 59.38
v 134.69 -170.10 59.38
v 137.08 -169.97 59.14
v 136.90 -166.45 59.14
v 136.90 -166.45 59.38
v 137.08 -169.97 59.38
v 136.90 -166.45 59.14
v 134.50 -166.58 59.14
v 134.50 -166.58 59.38
v 136.90 -166.45 59.38
v 136.91 -166.77 59.38
v 137.10 -170.30 59.38
v 134.71 -170.43 59.38
v 134.52 -166.90 59.38
v 134.52 -166.90 59.62
v 134.71 -170.43 59.62
v 137.10 -170.30 59.62
v 136.91 -166.77 59.62
v 134.52 -166.90 59.38
v 134.71 -170.43 59.38
v 134.71 -170.43 59.62
v 134.52 -166.90 59.62
v 134.71 -170.43 59.38
v 137.10 -170.30 59.38
v 137.10 -170.30 59.62
v 134.71 -170.43 59.62
v 137.10 -170.30 59.38
v 136.91 -166.77 59.38
v 136.91 -166.77 59.62
v 137.10 -170.30 59.62
v 136.91 -166.77 59.38
v 134.52 -166.90 59.38
v 134.52 -166.90 59.62
v 136.91 -166.77 59.62
v 136.93 -167.10 59.62
v 137.12 -170.62 59.62
v 134.72 -170.75 59.62
v 134.53 -167.23 59.62
v 134.53 -167.23 59.86
v 134.72 -170.75 59.86
v 137.12 -170.62 59.86
v 136.93 -167.10 59.86
v 134.53 -167.23 59.62
v 134.72 -170.75 59.62
v 134.72 -170.75 59.86
v 134.53 -167.23 59.86
v 134.72 -170.75 59.62
v 137.12 -170.62 59.62
v 137.12 -170.62 59.86
v 134.72 -170.75 59.86
v 137.12 -170.62 59.62
v 136.93 -167.10 59.62
v 136.93 -167.10 59.86
v 137.12 -170.62 59.86
v 136.93 -167.10 59.62
v 134.53 -167.23 59.62
v 134.53 -167.23 59.86
v 136.93 -167.10 59.86
v 136.95 -167.43 59.86
v 137.14 -170.95 59.86
v 134.74 -171.08 59.86
v 134.55 -167.56 59.86
v 134.55 -167.56 60.10
v 134.74 -171.08 60.10
v 137.14 -170.95 60.10
v 136.95 -167.43 60.10
v 134.55 -167.56 59.86
v 134.74 -171.08 59.86
v 134.74 -171.08 60.10
v 134.55 -167.56 60.10
v 134.74 -171.08 59.86
v 137.14 -170.95 59.86
v 137.14 -170.95 60.10
v 134.74 -171.08 60.10
v 137.14 -170.95 59.86
v 136.95 -167.43 59.86
v 136.95 -167.43 60.10
v 137.14 -170.95 60.10
v 136.95 -167.43 59.86
v 134.55 -167.56 59.86
v 134.55 -167.56 60.10
v 136.95 -167.43 60.10
v 136.97 -167.75 60.10
v 137.15 -171.27 60.10
v 134.76 -171.40 60.10
v 134.57 -167.88 60.10
v 134.57 -167.88 60.34
v 134.76 -171.40 60.34
v 137.15 -171.27 60.34
v 136.97 -167.75 60.34
v 134.57 -167.88 60.10
v 134.76 -171.40 60.10
v 134.76 -171.40 60.34
v 134.57 -167.88 60.34
v 134.76 -171.40 60.10
v 137.15 -171.27 60.10
v 137.15 -171.27 60.34
v 134.76 -171.40 60.34
v 137.15 -171.27 60.10
v 136.97 -167.75 60.10
v 136.97 -167.75 60.34
v 137.15 -171.27 60.34
v 136.97 -167.75 60.10
v 134.57 -167.88 60.10
v 134.57 -167.88 60.34
v 136.97 -167.75 60.34
v 136.98 -168.08 60.34
v 137.17 -171.60 60.34
v 134.78 -171.73 60.34
v 134.59 -168.21 60.34
v 134.59 -168.21 60.59
v 134.78 -171.73 60.59
v 137.17 -171.60 60.59
v 136.98 -168.08 60.59
v 134.59 -168.21 60.34
v 134.78 -171.73 60.34
v 134.78 -171.73 60.59
v 134.59 -168.21 60.59
v 134.78 -171.73 60.34
v 137.17 -171.60 60.34
v 137.17 -171.60 60.59
v 134.78 -171.73 60.59
v 137.17 -171.60 60.34
v 136.98 -168.08 60.34
v 136.98 -168.08 60.59
v 137.17 -171.60 60.59
v 136.98 -168.08 60.34
v 134.59 -168.21 60.34
v 134.59 -168.21 60.59
v 136.98 -168.08 60.59
v 137.00 -168.41 60.59
v 137.19 -171.93 60.59
v 134.79 -172.06 60.59
v 134.60 -168.53 60.59
v 134.60 -168.53 60.83
v 134.79 -172.06 60.83
v 137.19 -171.93 60.83
v 137.00 -168.41 60.83
v 134.60 -168.53 60.59
v 134.79 -172.06 60.59
v 134.79 -172.06 60.83
v 134.60 -168.53 60.83
v 134.79 -172.06 60.59
v 137.19 -171.93 60.59
v 137.19 -171.93 60.83
v 134.79 -172.06 60.83
v 137.19 -171.93 60.59
v 137.00 -168.41 60.59
v 137.00 -168.41 60.83
v 137.19 -171.93 60.83
v 137.00 -168.41 60.59
v 134.60 -168.53 60.59
v 134.60 -168.53 60.83
v 137.00 -168.41 60.83
v 137.02 -168.73 60.83
v 137.21 -172.25 60.83
v 134.81 -172.38 60.83
v 134.62 -168.86 60.83
v 134.62 -168.86 61.07
v 134.81 -172.38 61.07
v 137.21 -172.25 61.07
v 137.02 -168.73 61.07
v 134.62 -168.86 60.83
v 134.81 -172.38 60.83
v 134.81 -172.38 61.07
v 134.62 -168.86 61.07
v 134.81 -172.38 60.83
v 137.21 -172.25 60.83
v 137.21 -172.25 61.07
v 134.81 -172.38 61.07
v 137.21 -172.25 60.83
v 137.02 -168.73 60.83
v 137.02 -168.73 61.07
v 137.21 -172.25 61.07
v 137.02 -168.73 60.83
v 134.62 -168.86 60.83
v 134.62 -168.86 61.07
v 137.02 -168.73 61.07
v 137.03 -169.06 61.07
v 137.22 -172.58 61.07
v 134.83 -172.71 61.07
v 134.64 -169.19 61.07
v 134.64 -169.19 61.31
v 134.83 -172.71 61.31
v 137.22 -172.58 61.31
v 137.03 -169.06 61.31
v 134.64 -169.19 61.07
v 134.83 -172.71 61.07
v 134.83 -172.71 61.31
v 134.64 -169.19 61.31
v 134.83 -172.71 61.07
v 137.22 -172.58 61.07
v 137.22 -172.58 61.31
v 134.83 -172.71 61.31
v 137.22 -172.58 61.07
v 137.03 -169.06 61.07
v 137.03 -169.06 61.31
v 137.22 -172.58 61.31
v 137.03 -169.06 61.07
v 134.64 -169.19 61.07
v 134.64 -169.19 61.31
v 137.03 -169.06 61.31
v 137.05 -169.38 61.31
v 137.24 -172.91 61.31
v 134.84 -173.03 61.31
v 134.66 -169.51 61.31
v 134.66 -169.51 61.55
v 134.84 -173.03 61.55
v 137.24 -172.91 61.55
v 137.05 -169.38 61.55
v 134.66 -169.51 61.31
v 134.84 -173.03 61.31
v 134.84 -173.03 61.55
v 134.66 -169.51 61.55
v 134.84 -173.03 61.31
v 137.24 -172.91 61.31
v 137.24 -172.91 61.55
v 134.84 -173.03 61.55
v 137.24 -172.91 61.31
v 137.05 -169.38 61.31
v 137.05 -169.38 61.55
v 137.24 -172.91 61.55
v 137.05 -169.38 61.31
v 134.66 -169.51 61.31
v 134.66 -169.51 61.55
v 137.05 -169.38 61.55
v 137.07 -169.71 61.55
v 137.26 -173.23 61.55
v 134.86 -173.36 61.55
v 134.67 -169.84 61.55
v 134.67 -169.84 61.79
v 134.86 -173.36 61.79
v 137.26 -173.23 61.79
v 137.07 -169.71 61.79
v 134.67 -169.84 61.55
v 134.86 -173.36 61.55
v 134.86 -173.36 61.79
v 134.67 -169.84 61.79
v 134.86 -173.36 61.55
v 137.26 -173.23 61.55
v 137.26 -173.23 61.79
v 134.86 -173.36 61.79
v 137.26 -173.23 61.55
v 137.07 -169.71 61.55
v 137.07 -169.71 61.79
v 137.26 -173.23 61.79
v 137.07 -169.71 61.55
v 134.67 -169.84 61.55
v 134.67 -169.84 61.79
v 137.07 -169.71 61.79
v 137.09 -170.04 61.79
v 137.28 -173.56 61.79
v 134.88 -173.69 61.79
v 134.69 -170.16 61.79
v 134.69 -170.16 62.03
v 134.88 -173.69 62.03
v 137.28 -173.56 62.03
v 137.09 -170.04 62.03
v 134.69 -170.16 61.79
v 134.88 -173.69 61.79
v 134.88 -173.69 62.03
v 134.69 -170.16 62.03
v 134.88 -173.69 61.79
v 137.28 -173.56 61.79
v 137.28 -173.56 62.03
v 134.88 -173.69 62.03
v 137.28 -173.56 61.79
v 137.09 -170.04 61.79
v 137.09 -170.04 62.03
v 137.28 -173.56 62.03
v 137.09 -170.04 61.79
v 134.69 -170.16 61.79
v 134.69 -170.16 62.03
v 137.09 -170.04 62.03
v 137.10 -170.36 62.03
v 137.29 -173.88 62.03
v 134.90 -174.01 62.03
v 134.71 -170.49 62.03
v 134.71 -170.49 62.27
v 134.90 -174.01 62.27
v 137.29 -173.88 62.27
v 137.10 -170.36 62.27
v 134.71 -170.49 62.03
v 134.90 -174.01 62.03
v 134.90 -174.01 62.27
v 134.71 -170.49 62.27
v 134.90 -174.01 62.03
v 137.29 -173.88 62.03
v 137.29 -173.88 62.27
v 134.90 -174.01 62.27
v 137.29 -173.88 62.03
v 137.10 -170.36 62.03
v 137.10 -170.36 62.27
v 137.29 -173.88 62.27
v 137.10 -170.36 62.03
v 134.71 -170.49 62.03
v 134.71 -170.49 62.27
v 137.10 -170.36 62.27
v 137.12 -170.69 62.28
v 137.31 -174.21 62.28
v 134.91 -174.34 62.28
v 134.73 -170.82 62.28
v 134.73 -170.82 62.52
v 134.91 -174.34 62.52
v 137.31 -174.21 62.52
v 137.12 -170.69 62.52
v 134.73 -170.82 62.28
v 134.91 -174.34 62.28
v 134.91 -174.34 62.52
v 134.73 -170.82 62.52
v 134.91 -174.34 62.28
v 137.31 -174.21 62.28
v 137.31 -174.21 62.52
v 134.91 -174.34 62.52
v 137.31 -174.21 62.28
v 137.12 -170.69 62.28
v 137.12 -170.69 62.52
v 137.31 -174.21 62.52
v 137.12 -170.69 62.28
v 134.73 -170.82 62.28
v 134.73 -170.82 62.52
v 137.12 -170.69 62.52
v 137.14 -171.01 62.52
v 137.33 -174.54 62.52
v 134.93 -174.66 62.52
v 134.74 -171.14 62.52
v 134.74 -171.14 62.76
v 134.93 -174.66 62.76
v 137.33 -174.54 62.76
v 137.14 -171.01 62.76
v 134.74 -171.14 62.52
v 134.93 -174.66 62.52
v 134.93 -174.66 62.76
v 134.74 -171.14 62.76
v 134.93 -174.66 62.52
v 137.33 -174.54 62.52
v 137.33 -174.54 62.76
v 134.93 -174.66 62.76
v 137.33 -174.54 62.52
v 137.14 -171.01 62.52
v 137.14 -171.01 62.76
v 137.33 -174.54 62.76
v 137.14 -171.01 62.52
v 134.74 -171.14 62.52
v 134.74 -171.14 62.76
v 137.14 -171.01 62.76
v 137.16 -171.34 62.76
v 137.35 -174.86 62.76
v 134.95 -174.99 62.76
v 134.76 -171.47 62.76
v 134.76 -171.47 63.00
v 134.95 -174.99 63.00
v 137.35 -174.86 63.00
v 137.16 -171.34 63.00
v 134.76 -171.47 62.76
v 134.95 -174.99 62.76
v 134.95 -174.99 63.00
v 134.76 -171.47 63.00
v 134.95 -174.99 62.76
v 137.35 -174.86 62.76
v 137.35 -174.86 63.00
v 134.95 -174.99 63.00
v 137.35 -174.86 62.76
v 137.16 -171.34 62.76
v 137.16 -171.34 63.00
v 137.35 -174.86 63.00
v 137.16 -171.34 62.76
v 134.76 -171.47 62.76
v 134.76 -171.47 63.00
v 137.16 -171.34 63.00
v 137.18 -171.67 63.00
v 137.36 -175.19 63.00
v 134.97 -175.32 63.00
v 134.78 -171.79 63.00
v 134.78 -171.79 63.24
v 134.97 -175.32 63.24
v 137.36 -175.19 63.24
v 137.18 -171.67 63.24
v 134.78 -171.79 63.00
v 134.97 -175.32 63.00
v 134.97 -175.32 63.24
v 134.78 -171.79 63.24
v 134.97 -175.32 63.00
v 137.36 -175.19 63.00
v 137.36 -175.19 63.24
v 134.97 -175.32 63.24
v 137.36 -175.19 63.00
v 137.18 -171.67 63.00
v 137.18 -171.67 63.24
v 137.36 -175.19 63.24
v 137.18 -171.67 63.00
v 134.78 -171.79 63.00
v 134.78 -171.79 63.24
v 137.18 -171.67 63.24
v 137.19 -171.99 63.24
v 137.38 -175.51 63.24
v 134.99 -175.64 63.24
v 134.80 -172.12 63.24
v 134.80 -172.12 63.48
v 134.99 -175.64 63.48
v 137.38 -175.51 63.48
v 137.19 -171.99 63.48
v 134.80 -172.12 63.24
v 134.99 -175.64 63.24
v 134.99 -175.64 63.48
v 134.80 -172.12 63.48
v 134.99 -175.64 63.24
v 137.38 -175.51 63.24
v 137.38 -175.51 63.48
v 134.99 -175.64 63.48
v 137.38 -175.51 63.24
v 137.19 -171.99 63.24
v 137.19 -171.99 63.48
v 137.38 -175.51 63.48
v 137.19 -171.99 63.24
v 134.80 -172.12 63.24
v 134.80 -172.12 63.48
v 137.19 -171.99 63.48
v 137.21 -172.32 63.48
v 137.40 -175.84 63.48
v 135.00 -175.97 63.48
v 134.81 -172.45 63.48
v 134.81 -172.45 63.72
v 135.00 -175.97 63.72
v 137.40 -175.84 63.72
v 137.21 -172.32 63.72
v 134.81 -172.45 63.48
v 135.00 -175.97 63.48
v 135.00 -175.97 63.72
v 134.81 -172.45 63.72
v 135.00 -175.97 63.48
v 137.40 -175.84 63.48
v 137.40 -175.84 63.72
v 135.00 -175.97 63.72
v 137.40 -175.84 63.48
v 137.21 -172.32 63.48
v 137.21 -172.32 63.72
v 137.40 -175.84 63.72
v 137.21 -172.32 63.48
v 134.81 -172.45 63.48
v 134.81 -172.45 63.72
v 137.21 -172.32 63.72
v 137.23 -172.65 63.72
v 137.42 -176.17 63.72
v 135.02 -176.29 63.72
v 134.83 -172.77 63.72
v 134.83 -172.77 63.96
v 135.02 -176.29 63.96
v 137.42 -176.17 63.96
v 137.23 -172.65 63.96
v 134.83 -172.77 63.72
v 135.02 -176.29 63.72
v 135.02 -176.29 63.96
v 134.83 -172.77 63.96
v 135.02 -176.29 63.72
v 137.42 -176.17 63.72
v 137.42 -176.17 63.96
v 135.02 -176.29 63.96
v 137.42 -176.17 63.72
v 137.23 -172.65 63.72
v 137.23 -172.65 63.96
v 137.42 -176.17 63.96
v 137.23 -172.65 63.72
v 134.83 -172.77 63.72
v 134.83 -172.77 63.96
v 137.23 -172.65 63.96
v 137.25 -172.97 63.97
v 137.43 -176.49 63.97
v 135.04 -176.62 63.97
v 134.85 -173.10 63.97
v 134.85 -173.10 64.21
v 135.04 -176.62 64.21
v 137.43 -176.49 64.21
v 137.25 -172.97 64.21
v 134.85 -173.10 63.97
v 135.04 -176.62 63.97
v 135.04 -176.62 64.21
v 134.85 -173.10 64.21
v 135.04 -176.62 63.97
v 137.43 -176.49 63.97
v 137.43 -176.49 64.21
v 135.04 -176.62 64.21
v 137.43 -176.49 63.97
v 137.25 -172.97 63.97
v 137.25 -172.97 64.21
v 137.43 -176.49 64.21
v 137.25 -172.97 63.97
v 134.85 -173.10 63.97
v 134.85 -173.10 64.21
v 137.25 -172.97 64.21
v 137.26 -173.30 64.21
v 137.45 -176.82 64.21
v 135.06 -176.95 64.21
v 134.87 -173.43 64.21
v 134.87 -173.43 64.45
v 135.06 -176.95 64.45
v 137.45 -176.82 64.45
v 137.26 -173.30 64.45
v 134.87 -173.43 64.21
v 135.06 -176.95 64.21
v 135.06 -176.95 64.45
v 134.87 -173.43 64.45
v 135.06 -176.95 64.21
v 137.45 -176.82 64.21
v 137.45 -176.82 64.45
v 135.06 -176.95 64.45
v 137.45 -176.82 64.21
v 137.26 -173.30 64.21
v 137.26 -173.30 64.45
v 137.45 -176.82 64.45
v 137.26 -173.30 64.21
v 134.87 -173.43 64.21
v 134.87 -173.43 64.45
v 137.26 -173.30 64.45
v 137.28 -173.62 64.45
v 137.47 -177.15 64.45
v 135.07 -177.27 64.45
v 134.88 -173.75 64.45
v 134.88 -173.75 64.69
v 135.07 -177.27 64.69
v 137.47 -177.15 64.69
v 137.28 -173.62 64.69
v 134.88 -173.75 64.45
v 135.07 -177.27 64.45
v 135.07 -177.27 64.69
v 134.88 -173.75 64.69
v 135.07 -177.27 64.45
v 137.47 -177.15 64.45
v 137.47 -177.15 64.69
v 135.07 -177.27 64.69
v 137.47 -177.15 64.45
v 137.28 -173.62 64.45
v 137.28 -173.62 64.69
v 137.47 -177.15 64.69
v 137.28 -173.62 64.45
v 134.88 -173.75 64.45
v 134.88 -173.75 64.69
v 137.28 -173.62 64.69
v 137.30 -173.95 64.69
v 137.49 -177.47 64.69
v 135.09 -177.60 64.69
v 134.90 -174.08 64.69
v 134.90 -174.08 64.93
v 135.09 -177.60 64.93
v 137.49 -177.47 64.93
v 137.30 -173.95 64.93
v 134.90 -174.08 64.69
v 135.09 -177.60 64.69
v 135.09 -177.60 64.93
v 134.90 -174.08 64.93
v 135.09 -177.60 64.69
v 137.49 -177.47 64.69
v 137.49 -177.47 64.93
v 135.09 -177.60 64.93
v 137.49 -177.47 64.69
v 137.30 -173.95 64.69
v 137.30 -173.95 64.93
v 137.49 -177.47 64.93
v 137.30 -173.95 64.69
v 134.90 -174.08 64.69
v 134.90 -174.08 64.93
v 137.30 -173.95 64.93
v 137.31 -174.28 64.93
v 137.50 -177.80 64.93
v 135.11 -177.93 64.93
v 134.92 -174.40 64.93
v 134.92 -174.40 65.17
v 135.11 -177.93 65.17
v 137.50 -177.80 65.17
v 137.31 -174.28 65.17
v 134.92 -174.40 64.93
v 135.11 -177.93 64.93
v 135.11 -177.93 65.17
v 134.92 -174.40 65.17
v 135.11 -177.93 64.93
v 137.50 -177.80 64.93
v 137.50 -177.80 65.17
v 135.11 -177.93 65.17
v 137.50 -177.80 64.93
v 137.31 -174.28 64.93
v 137.31 -174.28 65.17
v 137.50 -177.80 65.17
v 137.31 -174.28 64.93
v 134.92 -174.40 64.93
v 134.92 -174.40 65.17
v 137.31 -174.28 65.17
v 137.33 -174.60 65.17
v 137.52 -178.12 65.17
v 135.12 -178.25 65.17
v 134.94 -174.73 65.17
v 134.94 -174.73 65.41
v 135.12 -178.25 65.41
v 137.52 -178.12 65.41
v 137.33 -174.60 65.41
v 134.94 -174.73 65.17
v 135.12 -178.25 65.17
v 135.12 -178.25 65.41
v 134.94 -174.73 65.41
v 135.12 -178.25 65.17
v 137.52 -178.12 65.17
v 137.52 -178.12 65.41
v 135.12 -178.25 65.41
v 137.52 -178.12 65.17
v 137.33 -174.60 65.17
v 137.33 -174.60 65.41
v 137.52 -178.12 65.41
v 137.33 -174.60 65.17
v 134.94 -174.73 65.17
v 134.94 -174.73 65.41
v 137.33 -174.60 65.41
v 137.35 -174.93 65.41
v 137.54 -178.45 65.41
v 135.14 -178.58 65.41
v 134.95 -175.06 65.41
v 134.95 -175.06 65.65
v 135.14 -178.58 65.65
v 137.54 -178.45 65.65
v 137.35 -174.93 65.65
v 134.95 -175.06 65.41
v 135.14 -178.58 65.41
v 135.14 -178.58 65.65
v 134.95 -175.06 65.65
v 135.14 -178.58 65.41
v 137.54 -178.45 65.41
v 137.54 -178.45 65.65
v 135.14 -178.58 65.65
v 137.54 -178.45 65.41
v 137.35 -174.93 65.41
v 137.35 -174.93 65.65
v 137.54 -178.45 65.65
v 137.35 -174.93 65.41
v 134.95 -175.06 65.41
v 134.95 -175.06 65.65
v 137.35 -174.93 65.65
v 137.37 -175.25 65.66
v 137.56 -178.78 65.66
v 135.16 -178.90 65.66
v 134.97 -175.38 65.66
v 134.97 -175.38 65.89
v 135.16 -178.90 65.89
v 137.56 -178.78 65.89
v 137.37 -175.25 65.89
v 134.97 -175.38 65.66
v 135.16 -178.90 65.66
v 135.16 -178.90 65.89
v 134.97 -175.38 65.89
v 135.16 -178.90 65.66
v 137.56 -178.78 65.66
v 137.56 -178.78 65.89
v 135.16 -178.90 65.89
v 137.56 -178.78 65.66
v 137.37 -175.25 65.66
v 137.37 -175.25 65.89
v 137.56 -178.78 65.89
v 137.37 -175.25 65.66
v 134.97 -175.38 65.66
v 134.97 -175.38 65.89
v 137.37 -175.25 65.89
v 137.38 -175.58 65.90
v 137.57 -179.10 65.90
v 135.18 -179.23 65.90
v 134.99 -175.71 65.90
v 134.99 -175.71 66.14
v 135.18 -179.23 66.14
v 137.57 -179.10 66.14
v 137.38 -175.58 66.14
v 134.99 -175.71 65.90
v 135.18 -179.23 65.90
v 135.18 -179.23 66.14
v 134.99 -175.71 66.14
v 135.18 -179.23 65.90
v 137.57 -179.10 65.90
v 137.57 -179.10 66.14
v 135.18 -179.23 66.14
v 137.57 -179.10 65.90
v 137.38 -175.58 65.90
v 137.38 -175.58 66.14
v 137.57 -179.10 66.14
v 137.38 -175.58 65.90
v 134.99 -175.71 65.90
v 134.99 -175.71 66.14
v 137.38 -175.58 66.14
v 137.40 -175.91 66.14
v 137.59 -179.43 66.14
v 135.19 -179.56 66.14
v 135.01 -176.03 66.14
v 135.01 -176.03 66.38
v 135.19 -179.56 66.38
v 137.59 -179.43 66.38
v 137.40 -175.91 66.38
v 135.01 -176.03 66.14
v 135.19 -179.56 66.14
v 135.19 -179.56 66.38
v 135.01 -176.03 66.38
v 135.19 -179.56 66.14
v 137.59 -179.43 66.14
v 137.59 -179.43 66.38
v 135.19 -179.56 66.38
v 137.59 -179.43 66.14
v 137.40 -175.91 66.14
v 137.40 -175.91 66.38
v 137.59 -179.43 66.38
v 137.40 -175.91 66.14
v 135.01 -176.03 66.14
v 135.01 -176.03 66.38
v 137.40 -175.91 66.38
v 137.42 -176.23 66.38
v 137.61 -179.75 66.38
v 135.21 -179.88 66.38
v 135.02 -176.36 66.38
v 135.02 -176.36 66.62
v 135.21 -179.88 66.62
v 137.61 -179.75 66.62
v 137.42 -176.23 66.62
v 135.02 -176.36 66.38
v 135.21 -179.88 66.38
v 135.21 -179.88 66.62
v 135.02 -176.36 66.62
v 135.21 -179.88 66.38
v 137.61 -179.75 66.38
v 137.61 -179.75 66.62
v 135.21 -179.88 66.62
v 137.61 -179.75 66.38
v 137.42 -176.23 66.38
v 137.42 -176.23 66.62
v 137.61 -179.75 66.62
v 137.42 -176.23 66.38
v 135.02 -176.36 66.38
v 135.02 -176.36 66.62
v 137.42 -176.23 66.62
v 137.44 -176.56 66.62
v 137.63 -180.08 66.62
v 135.23 -180.21 66.62
v 135.04 -176.69 66.62
v 135.04 -176.69 66.86
v 135.23 -180.21 66.86
v 137.63 -180.08 66.86
v 137.44 -176.56 66.86
v 135.04 -176.69 66.62
v 135.23 -180.21 66.62
v 135.23 -180.21 66.86
v 135.04 -176.69 66.86
v 135.23 -180.21 66.62
v 137.63 -180.08 66.62
v 137.63 -180.08 66.86
v 135.23 -180.21 66.86
v 137.63 -180.08 66.62
v 137.44 -176.56 66.62
v 137.44 -176.56 66.86
v 137.63 -180.08 66.86
v 137.44 -176.56 66.62
v 135.04 -176.69 66.62
v 135.04 -176.69 66.86
v 137.44 -176.56 66.86
v 137.46 -176.88 66.86
v 137.64 -180.41 66.86
v 135.25 -180.53 66.86
v 135.06 -177.01 66.86
v 135.06 -177.01 67.10
v 135.25 -180.53 67.10
v 137.64 -180.41 67.10
v 137.46 -176.88 67.10
v 135.06 -177.01 66.86
v 135.25 -180.53 66.86
v 135.25 -180.53 67.10
v 135.06 -177.01 67.10
v 135.25 -180.53 66.86
v 137.64 -180.41 66.86
v 137.64 -180.41 67.10
v 135.25 -180.53 67.10
v 137.64 -180.41 66.86
v 137.46 -176.88 66.86
v 137.46 -176.88 67.10
v 137.64 -180.41 67.10
v 137.46 -176.88 66.86
v 135.06 -177.01 66.86
v 135.06 -177.01 67.10
v 137.46 -176.88 67.10
v 137.47 -177.21 67.10
v 137.66 -180.73 67.10
v 135.26 -180.86 67.10
v 135.08 -177.34 67.10
v 135.08 -177.34 67.34
v 135.26 -180.86 67.34
v 137.66 -180.73 67.34
v 137.47 -177.21 67.34
v 135.08 -177.34 67.10
v 135.26 -180.86 67.10
v 135.26 -180.86 67.34
v 135.08 -177.34 67.34
v 135.26 -180.86 67.10
v 137.66 -180.73 67.10
v 137.66 -180.73 67.34
v 135.26 -180.86 67.34
v 137.66 -180.73 67.10
v 137.47 -177.21 67.10
v 137.47 -177.21 67.34
v 137.66 -180.73 67.34
v 137.47 -177.21 67.10
v 135.08 -177.34 67.10
v 135.08 -177.34 67.34
v 137.47 -177.21 67.34
v 137.49 -177.54 67.34
v 137.68 -181.06 67.34
v 135.28 -181.19 67.34
v 135.09 -177.67 67.34
v 135.09 -177.67 67.58
v 135.28 -181.19 67.58
v 137.68 -181.06 67.58
v 137.49 -177.54 67.58
v 135.09 -177.67 67.34
v 135.28 -181.19 67.34
v 135.28 -181.19 67.58
v 135.09 -177.67 67.58
v 135.28 -181.19 67.34
v 137.68 -181.06 67.34
v 137.68 -181.06 67.58
v 135.28 -181.19 67.58
v 137.68 -181.06 67.34
v 137.49 -177.54 67.34
v 137.49 -177.54 67.58
v 137.68 -181.06 67.58
v 137.49 -177.54 67.34
v 135.09 -177.67 67.34
v 135.09 -177.67 67.58
v 137.49 -177.54 67.58
v 137.51 -177.86 67.59
v 137.70 -181.38 67.59
v 135.30 -181.51 67.59
v 135.11 -177.99 67.59
v 135.11 -177.99 67.83
v 135.30 -181.51 67.83
v 137.70 -181.38 67.83
v 137.51 -177.86 67.83
v 135.11 -177.99 67.59
v 135.30 -181.51 67.59
v 135.30 -181.51 67.83
v 135.11 -177.99 67.83
v 135.30 -181.51 67.59
v 137.70 -181.38 67.59
v 137.70 -181.38 67.83
v 135.30 -181.51 67.83
v 137.70 -181.38 67.59
v 137.51 -177.86 67.59
v 137.51 -177.86 67.83
v 137.70 -181.38 67.83
v 137.51 -177.86 67.59
v 135.11 -177.99 67.59
v 135.11 -177.99 67.83
v 137.51 -177.86 67.83
v 137.53 -178.19 67.83
v 137.71 -181.71 67.83
v 135.32 -181.84 67.83
v 135.13 -178.32 67.83
v 135.13 -178.32 68.07
v 135.32 -181.84 68.07
v 137.71 -181.71 68.07
v 137.53 -178.19 68.07
v 135.13 -178.32 67.83
v 135.32 -181.84 67.83
v 135.32 -181.84 68.07
v 135.13 -178.32 68.07
v 135.32 -181.84 67.83
v 137.71 -181.71 67.83
v 137.71 -181.71 68.07
v 135.32 -181.84 68.07
v 137.71 -181.71 67.83
v 137.53 -178.19 67.83
v 137.53 -178.19 68.07
v 137.71 -181.71 68.07
v 137.53 -178.19 67.83
v 135.13 -178.32 67.83
v 135.13 -178.32 68.07
v 137.53 -178.19 68.07
v 137.54 -178.51 68.07
v 137.73 -182.04 68.07
v 135.34 -182.17 68.07
v 135.15 -178.64 68.07
v 135.15 -178.64 68.31
v 135.34 -182.17 68.31
v 137.73 -182.04 68.31
v 137.54 -178.51 68.31
v 135.15 -178.64 68.07
v 135.34 -182.17 68.07
v 135.34 -182.17 68.31
v 135.15 -178.64 68.31
v 135.34 -182.17 68.07
v 137.73 -182.04 68.07
v 137.73 -182.04 68.31
v 135.34 -182.17 68.31
v 137.73 -182.04 68.07
v 137.54 -178.51 68.07
v 137.54 -178.51 68.31
v 137.73 -182.04 68.31
v 137.54 -178.51 68.07
v 135.15 -178.64 68.07
v 135.15 -178.64 68.31
v 137.54 -178.51 68.31
v 137.56 -178.84 68.31
v 137.75 -182.36 68.31
v 135.35 -182.49 68.31
v 135.16 -178.97 68.31
v 135.16 -178.97 68.55
v 135.35 -182.49 68.55
v 137.75 -182.36 68.55
v 137.56 -178.84 68.55
v 135.16 -178.97 68.31
v 135.35 -182.49 68.31
v 135.35 -182.49 68.55
v 135.16 -178.97 68.55
v 135.35 -182.49 68.31
v 137.75 -182.36 68.31
v 137.75 -182.36 68.55
v 135.35 -182.49 68.55
v 137.75 -182.36 68.31
v 137.56 -178.84 68.31
v 137.56 -178.84 68.55
v 137.75 -182.36 68.55
v 137.56 -178.84 68.31
v 135.16 -178.97 68.31
v 135.16 -178.97 68.55
v 137.56 -178.84 68.55
v 137.58 -179.17 68.55
v 137.77 -182.69 68.55
v 135.37 -182.82 68.55
v 135.18 -179.30 68.55
v 135.18 -179.30 68.79
v 135.37 -182.82 68.79
v 137.77 -182.69 68.79
v 137.58 -179.17 68.79
v 135.18 -179.30 68.55
v 135.37 -182.82 68.55
v 135.37 -182.82 68.79
v 135.18 -179.30 68.79
v 135.37 -182.82 68.55
v 137.77 -182.69 68.55
v 137.77 -182.69 68.79
v 135.37 -182.82 68.79
v 137.77 -182.69 68.55
v 137.58 -179.17 68.55
v 137.58 -179.17 68.79
v 137.77 -182.69 68.79
v 137.58 -179.17 68.55
v 135.18 -179.30 68.55
v 135.18 -179.30 68.79
v 137.58 -179.17 68.79
v 137.59 -179.49 68.79
v 137.78 -183.01 68.79
v 135.39 -183.14 68.79
v 135.20 -179.62 68.79
v 135.20 -179.62 69.03
v 135.39 -183.14 69.03
v 137.78 -183.01 69.03
v 137.59 -179.49 69.03
v 135.20 -179.62 68.79
v 135.39 -183.14 68.79
v 135.39 -183.14 69.03
v 135.20 -179.62 69.03
v 135.39 -183.14 68.79
v 137.78 -183.01 68.79
v 137.78 -183.01 69.03
v 135.39 -183.14 69.03
v 137.78 -183.01 68.79
v 137.59 -179.49 68.79
v 137.59 -179.49 69.03
v 137.78 -183.01 69.03
v 137.59 -179.49 68.79
v 135.20 -179.62 68.79
v 135.20 -179.62 69.03
v 137.59 -179.49 69.03
v 137.61 -179.82 69.03
v 137.80 -183.34 69.03
v 135.41 -183.47 69.03
v 135.22 -179.95 69.03
v 135.22 -179.95 69.27
v 135.41 -183.47 69.27
v 137.80 -183.34 69.27
v 137.61 -179.82 69.27
v 135.22 -179.95 69.03
v 135.41 -183.47 69.03
v 135.41 -183.47 69.27
v 135.22 -179.95 69.27
v 135.41 -183.47 69.03
v 137.80 -183.34 69.03
v 137.80 -183.34 69.27
v 135.41 -183.47 69.27
v 137.80 -183.34 69.03
v 137.61 -179.82 69.03
v 137.61 -179.82 69.27
v 137.80 -183.34 69.27
v 137.61 -179.82 69.03
v 135.22 -179.95 69.03
v 135.22 -179.95 69.27
v 137.61 -179.82 69.27
v 137.63 -180.15 69.28
v 137.82 -183.67 69.28
v 135.42 -183.80 69.28
v 135.23 -180.28 69.28
v 135.23 -180.28 69.52
v 135.42 -183.80 69.52
v 137.82 -183.67 69.52
v 137.63 -180.15 69.52
v 135.23 -180.28 69.28
v 135.42 -183.80 69.28
v 135.42 -183.80 69.52
v 135.23 -180.28 69.52
v 135.42 -183.80 69.28
v 137.82 -183.67 69.28
v 137.82 -183.67 69.52
v 135.42 -183.80 69.52
v 137.82 -183.67 69.28
v 137.63 -180.15 69.28
v 137.63 -180.15 69.52
v 137.82 -183.67 69.52
v 137.63 -180.15 69.28
v 135.23 -180.28 69.28
v 135.23 -180.28 69.52
v 137.63 -180.15 69.52
v 137.65 -180.47 69.52
v 137.84 -183.99 69.52
v 135.44 -184.12 69.52
v 135.25 -180.60 69.52
v 135.25 -180.60 69.76
v 135.44 -184.12 69.76
v 137.84 -183.99 69.76
v 137.65 -180.47 69.76
v 135.25 -180.60 69.52
v 135.44 -184.12 69.52
v 135.44 -184.12 69.76
v 135.25 -180.60 69.76
v 135.44 -184.12 69.52
v 137.84 -183.99 69.52
v 137.84 -183.99 69.76
v 135.44 -184.12 69.76
v 137.84 -183.99 69.52
v 137.65 -180.47 69.52
v 137.65 -180.47 69.76
v 137.84 -183.99 69.76
v 137.65 -180.47 69.52
v 135.25 -180.60 69.52
v 135.25 -180.60 69.76
v 137.65 -180.47 69.76
v 137.66 -180.80 69.76
v 137.85 -184.32 69.76
v 135.46 -184.45 69.76
v 135.27 -180.93 69.76
v 135.27 -180.93 70.00
v 135.46 -184.45 70.00
v 137.85 -184.32 70.00
v 137.66 -180.80 70.00
v 135.27 -180.93 69.76
v 135.46 -184.45 69.76
v 135.46 -184.45 70.00
v 135.27 -180.93 70.00
v 135.46 -184.45 69.76
v 137.85 -184.32 69.76
v 137.85 -184.32 70.00
v 135.46 -184.45 70.00
v 137.85 -184.32 69.76
v 137.66 -180.80 69.76
v 137.66 -180.80 70.00
v 137.85 -184.32 70.00
v 137.66 -180.80 69.76
v 135.27 -180.93 69.76
v 135.27 -180.93 70.00
v 137.66 -180.80 70.00
v 174.57 -252.42 40.00
v 173.75 -256.00 40.00
v 173.75 -256.00 42.40
v 174.57 -252.42 42.40
v 173.75 -256.00 40.00
v 174.57 -259.58 40.00
v 174.57 -259.58 42.40
v 173.75 -256.00 42.40

usemtl mat_slate
v -196.66 -126.50 48.00
v -198.00 -121.50 48.00
v -206.66 -126.50 62.24
v -198.00 -121.50 48.00
v -201.66 -117.83 48.00
v -206.66 -126.50 62.24
v -201.66 -117.83 48.00
v -206.66 -116.49 48.00
v -206.66 -126.50 62.24
v -206.66 -116.49 48.00
v -211.67 -117.83 48.00
v -206.66 -126.50 62.24
v -211.67 -117.83 48.00
v -215.33 -121.50 48.00
v -206.66 -126.50 62.24
v -215.33 -121.50 48.00
v -216.68 -126.50 48.00
v -206.66 -126.50 62.24
v -216.68 -126.50 48.00
v -215.33 -131.51 48.00
v -206.66 -126.50 62.24
v -215.33 -131.51 48.00
v -211.67 -135.17 48.00
v -206.66 -126.50 62.24
v -211.67 -135.17 48.00
v -206.66 -136.51 48.00
v -206.66 -126.50 62.24
v -206.66 -136.51 48.00
v -201.66 -135.17 48.00
v -206.66 -126.50 62.24
v -201.66 -135.17 48.00
v -198.00 -131.51 48.00
v -206.66 -126.50 62.24
v -198.00 -131.51 48.00
v -196.66 -126.50 48.00
v -206.66 -126.50 62.24
v -80.32 -241.63 48.00
v -81.45 -237.41 48.00
v -88.77 -241.63 60.02
v -81.45 -237.41 48.00
v -84.55 -234.31 48.00
v -88.77 -241.63 60.02
v -84.55 -234.31 48.00
v -88.77 -233.18 48.00
v -88.77 -241.63 60.02
v -88.77 -233.18 48.00
v -93.00 -234.31 48.00
v -88.77 -241.63 60.02
v -93.00 -234.31 48.00
v -96.09 -237.41 48.00
v -88.77 -241.63 60.02
v -96.09 -237.41 48.00
v -97.22 -241.63 48.00
v -88.77 -241.63 60.02
v -97.22 -241.63 48.00
v -96.09 -245.86 48.00
v -88.77 -241.63 60.02
v -96.09 -245.86 48.00
v -93.00 -248.95 48.00
v -88.77 -241.63 60.02
v -93.00 -248.95 48.00
v -88.77 -250.08 48.00
v -88.77 -241.63 60.02
v -88.77 -250.08 48.00
v -84.55 -248.95 48.00
v -88.77 -241.63 60.02
v -84.55 -248.95 48.00
v -81.45 -245.86 48.00
v -88.77 -241.63 60.02
v -81.45 -245.86 48.00
v -80.32 -241.63 48.00
v -88.77 -241.63 60.02
v 106.82 -257.11 48.00
v 105.27 -251.32 48.00
v 95.25 -257.11 64.47
v 105.27 -251.32 48.00
v 101.04 -247.09 48.00
v 95.25 -257.11 64.47
v 101.04 -247.09 48.00
v 95.25 -245.54 48.00
v 95.25 -257.11 64.47
v 95.25 -245.54 48.00
v 89.47 -247.09 48.00
v 95.25 -257.11 64.47
v 89.47 -247.09 48.00
v 85.23 -251.32 48.00
v 95.25 -257.11 64.47
v 85.23 -251.32 48.00
v 83.68 -257.11 48.00
v 95.25 -257.11 64.47
v 83.68 -257.11 48.00
v 85.23 -262.89 48.00
v 95.25 -257.11 64.47
v 85.23 -262.89 48.00
v 89.47 -267.13 48.00
v 95.25 -257.11 64.47
v 89.47 -267.13 48.00
v 95.25 -268.68 48.00
v 95.25 -257.11 64.47
v 95.25 -268.68 48.00
v 101.04 -267.13 48.00
v 95.25 -257.11 64.47
v 101.04 -267.13 48.00
v 105.27 -262.89 48.00
v 95.25 -257.11 64.47
v 105.27 -262.89 48.00
v 106.82 -257.11 48.00
v 95.25 -257.11 64.47
v -171.66 9.78 70.00
v -175.90 14.02 70.00
v -181.68 4.00 86.47
v -175.90 14.02 70.00
v -181.68 15.57 70.00
v -181.68 4.00 86.47
v -181.68 15.57 70.00
v -187.47 14.02 70.00
v -181.68 4.00 86.47
v -187.47 14.02 70.00
v -191.70 9.78 70.00
v -181.68 4.00 86.47
v -191.70 9.78 70.00
v -193.25 4.00 70.00
v -181.68 4.00 86.47
v -193.25 4.00 70.00
v -191.70 -1.79 70.00
v -181.68 4.00 86.47
v -191.70 -1.79 70.00
v -187.47 -6.02 70.00
v -181.68 4.00 86.47
v -187.47 -6.02 70.00
v -181.68 -7.57 70.00
v -181.68 4.00 86.47
v -181.68 -7.57 70.00
v -175.90 -6.02 70.00
v -181.68 4.00 86.47
v -175.90 -6.02 70.00
v -171.66 -1.79 70.00
v -181.68 4.00 86.47
v -43.82 -232.24 70.00
v -44.95 -228.01 70.00
v -52.27 -232.24 82.03
v -44.95 -228.01 70.00
v -48.05 -224.92 70.00
v -52.27 -232.24 82.03
v -48.05 -224.92 70.00
v -52.27 -223.79 70.00
v -52.27 -232.24 82.03
v -52.27 -223.79 70.00
v -56.50 -224.92 70.00
v -52.27 -232.24 82.03
v -56.50 -224.92 70.00
v -59.59 -228.01 70.00
v -52.27 -232.24 82.03
v -59.59 -228.01 70.00
v -60.72 -232.24 70.00
v -52.27 -232.24 82.03
v -60.72 -232.24 70.00
v -59.59 -236.46 70.00
v -52.27 -232.24 82.03
v -59.59 -236.46 70.00
v -56.50 -239.56 70.00
v -52.27 -232.24 82.03
v -56.50 -239.56 70.00
v -52.27 -240.69 70.00
v -52.27 -232.24 82.03
v -52.27 -240.69 70.00
v -48.05 -239.56 70.00
v -52.27 -232.24 82.03
v -48.05 -239.56 70.00
v -44.95 -236.46 70.00
v -52.27 -232.24 82.03
v -44.95 -236.46 70.00
v -43.82 -232.24 70.00
v -52.27 -232.24 82.03
v 124.36 -242.53 70.00
v 122.81 -236.75 70.00
v 112.79 -242.53 86.47
v 122.81 -236.75 70.00
v 118.58 -232.51 70.00
v 112.79 -242.53 86.47
v 118.58 -232.51 70.00
v 112.79 -230.96 70.00
v 112.79 -242.53 86.47
v 112.79 -230.96 70.00
v 107.01 -232.51 70.00
v 112.79 -242.53 86.47
v 107.01 -232.51 70.00
v 102.77 -236.75 70.00
v 112.79 -242.53 86.47
v 102.77 -236.75 70.00
v 101.22 -242.53 70.00
v 112.79 -242.53 86.47
v 101.22 -242.53 70.00
v 102.77 -248.32 70.00
v 112.79 -242.53 86.47
v 102.77 -248.32 70.00
v 107.01 -252.55 70.00
v 112.79 -242.53 86.47
v 107.01 -252.55 70.00
v 112.79 -254.10 70.00
v 112.79 -242.53 86.47
v 112.79 -254.10 70.00
v 118.58 -252.55 70.00
v 112.79 -242.53 86.47
v 118.58 -252.55 70.00
v 122.81 -248.32 70.00
v 112.79 -242.53 86.47
v 122.81 -248.32 70.00
v 124.36 -242.53 70.00
v 112.79 -242.53 86.47
v -26.50 -160.87 83.17
v -33.65 -155.29 83.17
v -30.07 -158.08 88.52
v -24.63 -151.09 88.52
v -30.07 -158.08 88.52
v -28.20 -148.31 83.17
v -21.05 -153.88 83.17
v -24.63 -151.09 88.52
v -33.65 -155.29 83.17
v -28.20 -148.31 83.17
v -30.07 -158.08 88.52
v -26.50 -160.87 83.17
v -24.63 -151.09 88.52
v -21.05 -153.88 83.17
v 21.87 -167.64 79.72
v 12.39 -164.26 79.72
v 17.13 -165.95 85.75
v 19.93 -158.09 85.75
v 17.13 -165.95 85.75
v 15.19 -156.41 79.72
v 24.67 -159.78 79.72
v 19.93 -158.09 85.75
v 12.39 -164.26 79.72
v 15.19 -156.41 79.72
v 17.13 -165.95 85.75
v 21.87 -167.64 79.72
v 19.93 -158.09 85.75
v 24.67 -159.78 79.72
v 40.59 -189.10 86.64
v 31.66 -187.54 86.64
v 36.12 -188.32 91.98
v 37.48 -180.55 91.98
v 36.12 -188.32 91.98
v 33.02 -179.77 86.64
v 41.94 -181.33 86.64
v 37.48 -180.55 91.98
v 31.66 -187.54 86.64
v 33.02 -179.77 86.64
v 36.12 -188.32 91.98
v 40.59 -189.10 86.64
v 37.48 -180.55 91.98
v 41.94 -181.33 86.64
v 66.00 -191.27 79.67
v 58.00 -191.27 79.67
v 62.00 -191.27 84.30
v 62.00 -183.53 84.30
v 62.00 -191.27 84.30
v 58.00 -183.53 79.67
v 66.00 -183.53 79.67
v 62.00 -183.53 84.30
v 58.00 -191.27 79.67
v 58.00 -183.53 79.67
v 62.00 -191.27 84.30
v 66.00 -191.27 79.67
v 62.00 -183.53 84.30
v 66.00 -183.53 79.67
v 66.70 -183.50 82.75
v 57.30 -183.50 82.75
v 62.00 -183.50 88.32
v 62.00 -174.15 88.32
v 62.00 -183.50 88.32
v 57.30 -174.15 82.75
v 66.70 -174.15 82.75
v 62.00 -174.15 88.32
v 57.30 -183.50 82.75
v 57.30 -174.15 82.75
v 62.00 -183.50 88.32
v 66.70 -183.50 82.75
v 62.00 -174.15 88.32
v 66.70 -174.15 82.75
v 80.71 -173.06 83.23
v 89.45 -171.53 83.23
v 88.67 -167.07 88.58
v 79.93 -168.59 88.58
v 79.15 -164.13 83.23
v 79.93 -168.59 88.58
v 88.67 -167.07 88.58
v 87.89 -162.61 83.23
v 80.71 -173.06 83.23
v 79.93 -168.59 88.58
v 79.15 -164.13 83.23
v 89.45 -171.53 83.23
v 87.89 -162.61 83.23
v 88.67 -167.07 88.58
v 121.73 -156.01 81.01
v 128.70 -152.15 81.01
v 126.65 -148.45 85.94
v 119.68 -152.31 85.94
v 121.73 -156.01 81.01
v 119.68 -152.31 85.94
v 117.63 -148.61 81.01
v -8.87 -178.12 86.00
v -9.95 -174.79 86.00
v -14.54 -178.12 92.00
v -9.95 -174.79 86.00
v -12.78 -172.73 86.00
v -14.54 -178.12 92.00
v -12.78 -172.73 86.00
v -16.29 -172.73 86.00
v -14.54 -178.12 92.00
v -16.29 -172.73 86.00
v -19.12 -174.79 86.00
v -14.54 -178.12 92.00
v -19.12 -174.79 86.00
v -20.21 -178.12 86.00
v -14.54 -178.12 92.00
v -20.21 -178.12 86.00
v -19.12 -181.46 86.00
v -14.54 -178.12 92.00
v -19.12 -181.46 86.00
v -16.29 -183.52 86.00
v -14.54 -178.12 92.00
v -16.29 -183.52 86.00
v -12.78 -183.52 86.00
v -14.54 -178.12 92.00
v -12.78 -183.52 86.00
v -9.95 -181.46 86.00
v -14.54 -178.12 92.00
v -9.95 -181.46 86.00
v -8.87 -178.12 86.00
v -14.54 -178.12 92.00
v 140.92 -172.19 86.00
v 139.84 -168.86 86.00
v 135.25 -172.19 92.00
v 139.84 -168.86 86.00
v 137.00 -166.80 86.00
v 135.25 -172.19 92.00
v 137.00 -166.80 86.00
v 133.50 -166.80 86.00
v 135.25 -172.19 92.00
v 133.50 -166.80 86.00
v 130.66 -168.86 86.00
v 135.25 -172.19 92.00
v 130.66 -168.86 86.00
v 129.58 -172.19 86.00
v 135.25 -172.19 92.00
v 129.58 -172.19 86.00
v 130.66 -175.52 86.00
v 135.25 -172.19 92.00
v 130.66 -175.52 86.00
v 133.50 -177.58 86.00
v 135.25 -172.19 92.00
v 133.50 -177.58 86.00
v 137.00 -177.58 86.00
v 135.25 -172.19 92.00
v 137.00 -177.58 86.00
v 139.84 -175.52 86.00
v 135.25 -172.19 92.00
v 139.84 -175.52 86.00
v 140.92 -172.19 86.00
v 135.25 -172.19 92.00
v -92.78 -163.94 66.52
v -98.37 -156.15 66.52
v -95.58 -160.04 72.23
v -88.31 -154.83 72.23
v -95.58 -160.04 72.23
v -91.10 -150.94 66.52
v -85.51 -158.73 66.52
v -88.31 -154.83 72.23
v -98.37 -156.15 66.52
v -91.10 -150.94 66.52
v -95.58 -160.04 72.23
v -92.78 -163.94 66.52
v -88.31 -154.83 72.23
v -85.51 -158.73 66.52
v -80.55 -176.03 65.54
v -74.36 -182.51 65.54
v -70.86 -179.17 71.31
v -77.05 -172.69 71.31
v -73.55 -169.34 65.54
v -77.05 -172.69 71.31
v -70.86 -179.17 71.31
v -67.36 -175.83 65.54
v -80.55 -176.03 65.54
v -77.05 -172.69 71.31
v -73.55 -169.34 65.54
v -74.36 -182.51 65.54
v -67.36 -175.83 65.54
v -70.86 -179.17 71.31
v -65.46 -175.03 75.08
v -72.66 -167.49 75.08
v -69.06 -171.26 81.36
v -63.49 -165.94 81.36
v -69.06 -171.26 81.36
v -67.09 -162.17 75.08
v -59.89 -169.71 75.08
v -63.49 -165.94 81.36
v -72.66 -167.49 75.08
v -67.09 -162.17 75.08
v -69.06 -171.26 81.36
v -65.46 -175.03 75.08
v -63.49 -165.94 81.36
v -59.89 -169.71 75.08
v -65.14 -161.16 66.60
v -58.79 -167.81 66.60
v -55.42 -164.60 72.11
v -61.77 -157.94 72.11
v -58.41 -154.73 66.60
v -61.77 -157.94 72.11
v -55.42 -164.60 72.11
v -52.05 -161.39 66.60
v -65.14 -161.16 66.60
v -61.77 -157.94 72.11
v -58.41 -154.73 66.60
v -58.79 -167.81 66.60
v -52.05 -161.39 66.60
v -55.42 -164.60 72.11
v -37.09 -179.25 68.55
v -43.77 -174.06 68.55
v -40.43 -176.65 73.49
v -35.57 -170.40 73.49
v -40.43 -176.65 73.49
v -38.91 -167.81 68.55
v -32.23 -173.00 68.55
v -35.57 -170.40 73.49
v -43.77 -174.06 68.55
v -38.91 -167.81 68.55
v -40.43 -176.65 73.49
v -37.09 -179.25 68.55
v -35.57 -170.40 73.49
v -32.23 -173.00 68.55
v -22.38 -205.74 67.06
v -31.01 -200.98 67.06
v -26.70 -203.36 72.95
v -22.82 -196.34 72.95
v -26.70 -203.36 72.95
v -27.13 -193.96 67.06
v -18.50 -198.72 67.06
v -22.82 -196.34 72.95
v -31.01 -200.98 67.06
v -27.13 -193.96 67.06
v -26.70 -203.36 72.95
v -22.38 -205.74 67.06
v -22.82 -196.34 72.95
v -18.50 -198.72 67.06
v 4.78 -213.19 66.60
v -3.61 -210.21 66.60
v 0.58 -211.70 71.84
v 3.12 -204.55 71.84
v 0.58 -211.70 71.84
v -1.07 -203.06 66.60
v 7.32 -206.04 66.60
v 3.12 -204.55 71.84
v -3.61 -210.21 66.60
v -1.07 -203.06 66.60
v 0.58 -211.70 71.84
v 4.78 -213.19 66.60
v 3.12 -204.55 71.84
v 7.32 -206.04 66.60
v 11.65 -195.12 68.42
v 2.44 -191.86 68.42
v 7.05 -193.49 74.24
v 9.73 -185.95 74.24
v 7.05 -193.49 74.24
v 5.12 -184.31 68.42
v 14.33 -187.58 68.42
v 9.73 -185.95 74.24
v 2.44 -191.86 68.42
v 5.12 -184.31 68.42
v 7.05 -193.49 74.24
v 11.65 -195.12 68.42
v 9.73 -185.95 74.24
v 14.33 -187.58 68.42
v 33.62 -220.72 68.38
v 23.32 -218.92 68.38
v 28.47 -219.82 74.68
v 30.09 -210.50 74.68
v 28.47 -219.82 74.68
v 24.94 -209.60 68.38
v 35.24 -211.39 68.38
v 30.09 -210.50 74.68
v 23.32 -218.92 68.38
v 24.94 -209.60 68.38
v 28.47 -219.82 74.68
v 33.62 -220.72 68.38
v 30.09 -210.50 74.68
v 35.24 -211.39 68.38
v 63.19 -222.83 65.17
v 52.81 -222.83 65.17
v 58.00 -222.83 71.41
v 58.00 -214.81 71.41
v 58.00 -222.83 71.41
v 52.81 -214.81 65.17
v 63.19 -214.81 65.17
v 58.00 -214.81 71.41
v 52.81 -222.83 65.17
v 52.81 -214.81 65.17
v 58.00 -222.83 71.41
v 63.19 -222.83 65.17
v 58.00 -214.81 71.41
v 63.19 -214.81 65.17
v 62.54 -213.35 69.44
v 53.46 -213.35 69.44
v 58.00 -213.35 74.80
v 58.00 -204.64 74.80
v 58.00 -213.35 74.80
v 53.46 -204.64 69.44
v 62.54 -204.64 69.44
v 58.00 -204.64 74.80
v 53.46 -213.35 69.44
v 53.46 -204.64 69.44
v 58.00 -213.35 74.80
v 62.54 -213.35 69.44
v 58.00 -204.64 74.80
v 62.54 -204.64 69.44
v 54.03 -203.65 66.97
v 61.97 -203.65 66.97
v 61.97 -199.17 72.24
v 54.03 -199.17 72.24
v 54.03 -194.69 66.97
v 54.03 -199.17 72.24
v 61.97 -199.17 72.24
v 61.97 -194.69 66.97
v 54.03 -203.65 66.97
v 54.03 -199.17 72.24
v 54.03 -194.69 66.97
v 61.97 -203.65 66.97
v 61.97 -194.69 66.97
v 61.97 -199.17 72.24
v 92.44 -219.32 66.60
v 82.74 -221.00 66.60
v 87.59 -220.16 72.48
v 86.24 -212.41 72.48
v 87.59 -220.16 72.48
v 81.39 -213.26 66.60
v 91.09 -211.57 66.60
v 86.24 -212.41 72.48
v 82.74 -221.00 66.60
v 81.39 -213.26 66.60
v 87.59 -220.16 72.48
v 92.44 -219.32 66.60
v 86.24 -212.41 72.48
v 91.09 -211.57 66.60
v 111.52 -212.84 67.69
v 119.16 -210.13 67.69
v 117.59 -205.72 73.23
v 109.96 -208.43 73.23
v 108.39 -204.03 67.69
v 109.96 -208.43 73.23
v 117.59 -205.72 73.23
v 116.03 -201.32 67.69
v 111.52 -212.84 67.69
v 109.96 -208.43 73.23
v 108.39 -204.03 67.69
v 119.16 -210.13 67.69
v 116.03 -201.32 67.69
v 117.59 -205.72 73.23
v 104.80 -194.19 64.25
v 112.62 -191.42 64.25
v 111.19 -187.41 69.23
v 103.38 -190.18 69.23
v 101.95 -186.17 64.25
v 103.38 -190.18 69.23
v 111.19 -187.41 69.23
v 109.77 -183.39 64.25
v 104.80 -194.19 64.25
v 103.38 -190.18 69.23
v 101.95 -186.17 64.25
v 112.62 -191.42 64.25
v 109.77 -183.39 64.25
v 111.19 -187.41 69.23
v 143.99 -195.22 63.23
v 135.12 -200.12 63.23
v 139.56 -197.67 69.30
v 135.37 -190.10 69.30
v 139.56 -197.67 69.30
v 130.94 -192.55 63.23
v 139.81 -187.65 63.23
v 135.37 -190.10 69.30
v 135.12 -200.12 63.23
v 130.94 -192.55 63.23
v 139.56 -197.67 69.30
v 143.99 -195.22 63.23
v 135.37 -190.10 69.30
v 139.81 -187.65 63.23
v 176.52 -163.11 75.55
v 168.20 -161.18 70.45
v 174.21 -154.88 70.45
v 171.20 -158.03 75.55
v 173.52 -166.26 70.45
v 168.20 -161.18 70.45
v 176.52 -163.11 75.55
v 179.53 -159.96 70.45
v 171.20 -158.03 75.55
v 174.21 -154.88 70.45
v -23.90 -208.57 72.00
v -24.99 -205.24 72.00
v -29.57 -208.57 78.00
v -24.99 -205.24 72.00
v -27.82 -203.18 72.00
v -29.57 -208.57 78.00
v -27.82 -203.18 72.00
v -31.33 -203.18 72.00
v -29.57 -208.57 78.00
v -31.33 -203.18 72.00
v -34.16 -205.24 72.00
v -29.57 -208.57 78.00
v -34.16 -205.24 72.00
v -35.24 -208.57 72.00
v -29.57 -208.57 78.00
v -35.24 -208.57 72.00
v -34.16 -211.90 72.00
v -29.57 -208.57 78.00
v -34.16 -211.90 72.00
v -31.33 -213.96 72.00
v -29.57 -208.57 78.00
v -31.33 -213.96 72.00
v -27.82 -213.96 72.00
v -29.57 -208.57 78.00
v -27.82 -213.96 72.00
v -24.99 -211.90 72.00
v -29.57 -208.57 78.00
v -24.99 -211.90 72.00
v -23.90 -208.57 72.00
v -29.57 -208.57 78.00
v 147.76 -202.26 72.00
v 146.68 -198.93 72.00
v 142.09 -202.26 78.00
v 146.68 -198.93 72.00
v 143.84 -196.87 72.00
v 142.09 -202.26 78.00
v 143.84 -196.87 72.00
v 140.34 -196.87 72.00
v 142.09 -202.26 78.00
v 140.34 -196.87 72.00
v 137.50 -198.93 72.00
v 142.09 -202.26 78.00
v 137.50 -198.93 72.00
v 136.42 -202.26 72.00
v 142.09 -202.26 78.00
v 136.42 -202.26 72.00
v 137.50 -205.59 72.00
v 142.09 -202.26 78.00
v 137.50 -205.59 72.00
v 140.34 -207.65 72.00
v 142.09 -202.26 78.00
v 140.34 -207.65 72.00
v 143.84 -207.65 72.00
v 142.09 -202.26 78.00
v 143.84 -207.65 72.00
v 146.68 -205.59 72.00
v 142.09 -202.26 78.00
v 146.68 -205.59 72.00
v 147.76 -202.26 72.00
v 142.09 -202.26 78.00
v -180.58 -28.95 52.69
v -179.57 -20.60 52.69
v -180.08 -24.77 57.59
v -171.87 -25.76 57.59
v -179.57 -20.60 52.69
v -171.37 -21.59 52.69
v -180.08 -24.77 57.59
v -179.21 -47.74 51.10
v -179.21 -56.26 51.10
v -174.46 -56.26 56.74
v -174.46 -47.74 56.74
v -136.49 -155.56 54.74
v -140.94 -147.30 54.74
v -138.72 -151.43 60.30
v -131.76 -147.69 60.30
v -136.49 -155.56 54.74
v -131.76 -147.69 60.30
v -129.54 -151.82 54.74
v -122.30 -180.20 52.19
v -128.05 -172.28 52.19
v -125.18 -176.24 58.03
v -118.38 -171.30 58.03
v -125.18 -176.24 58.03
v -121.25 -167.34 52.19
v -115.50 -175.26 52.19
v -118.38 -171.30 58.03
v -128.05 -172.28 52.19
v -121.25 -167.34 52.19
v -125.18 -176.24 58.03
v -122.30 -180.20 52.19
v -118.38 -171.30 58.03
v -115.50 -175.26 52.19
v -101.41 -201.34 53.11
v -108.25 -194.26 53.11
v -104.83 -197.80 58.98
v -98.63 -191.80 58.98
v -104.83 -197.80 58.98
v -102.05 -188.27 53.11
v -95.21 -195.34 53.11
v -98.63 -191.80 58.98
v -108.25 -194.26 53.11
v -102.05 -188.27 53.11
v -104.83 -197.80 58.98
v -101.41 -201.34 53.11
v -98.63 -191.80 58.98
v -95.21 -195.34 53.11
v -74.14 -216.96 59.71
v -82.22 -210.75 59.71
v -78.19 -213.85 65.82
v -73.35 -207.55 65.82
v -78.19 -213.85 65.82
v -77.39 -204.45 59.71
v -69.31 -210.65 59.71
v -73.35 -207.55 65.82
v -82.22 -210.75 59.71
v -77.39 -204.45 59.71
v -78.19 -213.85 65.82
v -74.14 -216.96 59.71
v -73.35 -207.55 65.82
v -69.31 -210.65 59.71
v -14.76 -213.61 59.81
v -7.45 -216.18 59.81
v -6.09 -212.32 64.56
v -13.41 -209.75 64.56
v -12.05 -205.89 59.81
v -13.41 -209.75 64.56
v -6.09 -212.32 64.56
v -4.74 -208.46 59.81
v -14.76 -213.61 59.81
v -13.41 -209.75 64.56
v -12.05 -205.89 59.81
v -7.45 -216.18 59.81
v -4.74 -208.46 59.81
v -6.09 -212.32 64.56
v 50.76 -237.97 60.95
v 41.24 -237.97 60.95
v 46.00 -237.97 66.61
v 46.00 -229.37 66.61
v 46.00 -237.97 66.61
v 41.24 -229.37 60.95
v 50.76 -229.37 60.95
v 46.00 -229.37 66.61
v 41.24 -237.97 60.95
v 41.24 -229.37 60.95
v 46.00 -237.97 66.61
v 50.76 -237.97 60.95
v 46.00 -229.37 66.61
v 50.76 -229.37 60.95
v 83.56 -245.33 49.23
v 75.06 -246.79 49.23
v 79.31 -246.06 54.28
v 78.05 -238.70 54.28
v 79.31 -246.06 54.28
v 73.79 -239.43 49.23
v 82.30 -237.97 49.23
v 78.05 -238.70 54.28
v 75.06 -246.79 49.23
v 73.79 -239.43 49.23
v 79.31 -246.06 54.28
v 83.56 -245.33 49.23
v 78.05 -238.70 54.28
v 82.30 -237.97 49.23
v 73.60 -236.33 56.32
v 81.45 -234.98 56.32
v 80.70 -230.62 61.52
v 72.86 -231.97 61.52
v 72.11 -227.62 56.32
v 72.86 -231.97 61.52
v 80.70 -230.62 61.52
v 79.95 -226.27 56.32
v 73.60 -236.33 56.32
v 72.86 -231.97 61.52
v 72.11 -227.62 56.32
v 81.45 -234.98 56.32
v 79.95 -226.27 56.32
v 80.70 -230.62 61.52
v 107.56 -213.79 53.42
v 98.93 -216.81 53.42
v 103.25 -215.30 58.82
v 100.30 -206.89 58.82
v 103.25 -215.30 58.82
v 95.98 -208.40 53.42
v 104.61 -205.37 53.42
v 100.30 -206.89 58.82
v 98.93 -216.81 53.42
v 95.98 -208.40 53.42
v 103.25 -215.30 58.82
v 107.56 -213.79 53.42
v 100.30 -206.89 58.82
v 104.61 -205.37 53.42
v 134.22 -223.15 55.06
v 142.08 -218.87 55.06
v 139.84 -214.75 60.62
v 131.97 -219.04 60.62
v 129.73 -214.92 55.06
v 131.97 -219.04 60.62
v 139.84 -214.75 60.62
v 137.59 -210.63 55.06
v 134.22 -223.15 55.06
v 131.97 -219.04 60.62
v 129.73 -214.92 55.06
v 142.08 -218.87 55.06
v 137.59 -210.63 55.06
v 139.84 -214.75 60.62
v 136.27 -208.90 57.84
v 128.99 -212.87 57.84
v 132.63 -210.89 62.67
v 128.71 -203.71 62.67
v 132.63 -210.89 62.67
v 125.07 -205.69 57.84
v 132.36 -201.72 57.84
v 128.71 -203.71 62.67
v 128.99 -212.87 57.84
v 125.07 -205.69 57.84
v 132.63 -210.89 62.67
v 136.27 -208.90 57.84
v 128.71 -203.71 62.67
v 132.36 -201.72 57.84
v 159.79 -207.00 54.74
v 166.26 -202.04 54.74
v 163.54 -198.50 60.00
v 157.07 -203.46 60.00
v 154.35 -199.91 54.74
v 157.07 -203.46 60.00
v 163.54 -198.50 60.00
v 160.81 -194.95 54.74
v 159.79 -207.00 54.74
v 157.07 -203.46 60.00
v 154.35 -199.91 54.74
v 166.26 -202.04 54.74
v 160.81 -194.95 54.74
v 163.54 -198.50 60.00
v 175.62 -184.74 53.08
v 169.93 -179.24 53.08
v 179.34 -180.89 59.54
v -46.60 -232.24 58.00
v -47.68 -228.91 58.00
v -52.27 -232.24 64.00
v -47.68 -228.91 58.00
v -50.52 -226.85 58.00
v -52.27 -232.24 64.00
v -50.52 -226.85 58.00
v -54.02 -226.85 58.00
v -52.27 -232.24 64.00
v -54.02 -226.85 58.00
v -56.86 -228.91 58.00
v -52.27 -232.24 64.00
v -56.86 -228.91 58.00
v -57.94 -232.24 58.00
v -52.27 -232.24 64.00
v -57.94 -232.24 58.00
v -56.86 -235.57 58.00
v -52.27 -232.24 64.00
v -56.86 -235.57 58.00
v -54.02 -237.63 58.00
v -52.27 -232.24 64.00
v -54.02 -237.63 58.00
v -50.52 -237.63 58.00
v -52.27 -232.24 64.00
v -50.52 -237.63 58.00
v -47.68 -235.57 58.00
v -52.27 -232.24 64.00
v -47.68 -235.57 58.00
v -46.60 -232.24 58.00
v -52.27 -232.24 64.00
v 146.81 -226.49 58.00
v 145.72 -223.16 58.00
v 141.14 -226.49 64.00
v 145.72 -223.16 58.00
v 142.89 -221.10 58.00
v 141.14 -226.49 64.00
v 142.89 -221.10 58.00
v 139.38 -221.10 58.00
v 141.14 -226.49 64.00
v 139.38 -221.10 58.00
v 136.55 -223.16 58.00
v 141.14 -226.49 64.00
v 136.55 -223.16 58.00
v 135.47 -226.49 58.00
v 141.14 -226.49 64.00
v 135.47 -226.49 58.00
v 136.55 -229.82 58.00
v 141.14 -226.49 64.00
v 136.55 -229.82 58.00
v 139.38 -231.88 58.00
v 141.14 -226.49 64.00
v 139.38 -231.88 58.00
v 142.89 -231.88 58.00
v 141.14 -226.49 64.00
v 142.89 -231.88 58.00
v 145.72 -229.82 58.00
v 141.14 -226.49 64.00
v 145.72 -229.82 58.00
v 146.81 -226.49 58.00
v 141.14 -226.49 64.00
v -194.63 36.48 39.44
v -191.50 44.54 39.44
v -193.07 40.51 44.51
v -186.30 37.88 44.51
v -193.07 40.51 44.51
v -184.74 41.92 39.44
v -187.86 33.85 39.44
v -186.30 37.88 44.51
v -191.50 44.54 39.44
v -184.74 41.92 39.44
v -193.07 40.51 44.51
v -194.63 36.48 39.44
v -186.30 37.88 44.51
v -187.86 33.85 39.44
v -208.35 8.53 38.03
v -206.05 17.77 38.03
v -207.20 13.14 43.69
v -200.17 11.39 43.69
v -207.20 13.14 43.69
v -199.02 16.01 38.03
v -201.32 6.77 38.03
v -200.17 11.39 43.69
v -206.05 17.77 38.03
v -199.02 16.01 38.03
v -207.20 13.14 43.69
v -208.35 8.53 38.03
v -200.17 11.39 43.69
v -201.32 6.77 38.03
v -195.52 4.96 42.58
v -193.05 14.89 42.58
v -194.29 9.93 48.72
v -185.88 7.83 48.72
v -194.29 9.93 48.72
v -184.64 12.79 42.58
v -187.12 2.87 42.58
v -185.88 7.83 48.72
v -193.05 14.89 42.58
v -184.64 12.79 42.58
v -194.29 9.93 48.72
v -195.52 4.96 42.58
v -185.88 7.83 48.72
v -187.12 2.87 42.58
v -181.01 2.23 43.02
v -178.95 10.49 43.02
v -179.98 6.36 47.99
v -172.99 4.62 47.99
v -178.95 10.49 43.02
v -171.96 8.74 43.02
v -179.98 6.36 47.99
v -181.01 2.23 43.02
v -172.99 4.62 47.99
v -174.02 0.49 43.02
v -198.38 -50.84 42.83
v -198.38 -41.16 42.83
v -198.38 -46.00 48.60
v -190.97 -46.00 48.60
v -198.38 -46.00 48.60
v -190.97 -41.16 42.83
v -190.97 -50.84 42.83
v -190.97 -46.00 48.60
v -198.38 -41.16 42.83
v -190.97 -41.16 42.83
v -198.38 -46.00 48.60
v -198.38 -50.84 42.83
v -190.97 -46.00 48.60
v -190.97 -50.84 42.83
v -190.73 -68.36 48.62
v -189.62 -77.41 48.62
v -184.92 -76.83 54.26
v -186.02 -67.79 54.26
v -181.31 -67.21 48.62
v -186.02 -67.79 54.26
v -184.92 -76.83 54.26
v -180.21 -76.26 48.62
v -190.73 -68.36 48.62
v -186.02 -67.79 54.26
v -181.31 -67.21 48.62
v -189.62 -77.41 48.62
v -180.21 -76.26 48.62
v -184.92 -76.83 54.26
v -109.33 -188.58 47.03
v -115.36 -182.43 47.03
v -112.34 -185.50 52.07
v -106.60 -179.87 52.07
v -112.34 -185.50 52.07
v -109.61 -176.80 47.03
v -103.59 -182.95 47.03
v -106.60 -179.87 52.07
v -115.36 -182.43 47.03
v -109.61 -176.80 47.03
v -112.34 -185.50 52.07
v -109.33 -188.58 47.03
v -106.60 -179.87 52.07
v -103.59 -182.95 47.03
v -105.74 -218.98 37.54
v -99.59 -223.63 37.54
v -96.93 -220.11 42.72
v -103.08 -215.46 42.72
v -100.42 -211.95 37.54
v -103.08 -215.46 42.72
v -96.93 -220.11 42.72
v -94.27 -216.60 37.54
v 0.94 -244.77 42.87
v -7.99 -243.26 42.87
v -3.53 -244.02 48.21
v -2.21 -236.22 48.21
v -3.53 -244.02 48.21
v -6.67 -235.47 42.87
v 2.25 -236.98 42.87
v -2.21 -236.22 48.21
v -7.99 -243.26 42.87
v -6.67 -235.47 42.87
v -3.53 -244.02 48.21
v 0.94 -244.77 42.87
v -2.21 -236.22 48.21
v 2.25 -236.98 42.87
v 68.96 -246.62 39.23
v 59.25 -248.27 39.23
v 64.11 -247.44 45.11
v 62.52 -238.08 45.11
v 64.11 -247.44 45.11
v 57.66 -238.90 39.23
v 67.38 -237.26 39.23
v 62.52 -238.08 45.11
v 59.25 -248.27 39.23
v 57.66 -238.90 39.23
v 64.11 -247.44 45.11
v 68.96 -246.62 39.23
v 62.52 -238.08 45.11
v 67.38 -237.26 39.23
v 66.76 -234.38 42.49
v 57.30 -235.98 42.49
v 62.03 -235.18 48.20
v 60.48 -226.03 48.20
v 62.03 -235.18 48.20
v 55.75 -226.83 42.49
v 65.21 -225.22 42.49
v 60.48 -226.03 48.20
v 57.30 -235.98 42.49
v 55.75 -226.83 42.49
v 62.03 -235.18 48.20
v 66.76 -234.38 42.49
v 60.48 -226.03 48.20
v 65.21 -225.22 42.49
v 91.95 -237.17 41.58
v 99.36 -234.60 41.58
v 98.03 -230.77 46.28
v 90.63 -233.33 46.28
v 89.30 -229.50 41.58
v 90.63 -233.33 46.28
v 98.03 -230.77 46.28
v 96.71 -226.94 41.58
v 91.95 -237.17 41.58
v 90.63 -233.33 46.28
v 89.30 -229.50 41.58
v 99.36 -234.60 41.58
v 96.71 -226.94 41.58
v 98.03 -230.77 46.28
v 133.83 -227.95 44.31
v 124.55 -232.94 44.31
v 129.19 -230.45 50.66
v 125.47 -223.53 50.66
v 129.19 -230.45 50.66
v 120.83 -226.02 44.31
v 130.11 -221.03 44.31
v 125.47 -223.53 50.66
v 124.55 -232.94 44.31
v 120.83 -226.02 44.31
v 129.19 -230.45 50.66
v 133.83 -227.95 44.31
v 125.47 -223.53 50.66
v 130.11 -221.03 44.31
v -178.91 71.11 46.00
v -180.00 74.44 46.00
v -184.59 71.11 52.00
v -180.00 74.44 46.00
v -182.83 76.50 46.00
v -184.59 71.11 52.00
v -182.83 76.50 46.00
v -186.34 76.50 46.00
v -184.59 71.11 52.00
v -186.34 76.50 46.00
v -189.17 74.44 46.00
v -184.59 71.11 52.00
v -189.17 74.44 46.00
v -190.25 71.11 46.00
v -184.59 71.11 52.00
v -190.25 71.11 46.00
v -189.17 67.78 46.00
v -184.59 71.11 52.00
v -189.17 67.78 46.00
v -186.34 65.72 46.00
v -184.59 71.11 52.00
v -186.34 65.72 46.00
v -182.83 65.72 46.00
v -184.59 71.11 52.00
v -182.83 65.72 46.00
v -180.00 67.78 46.00
v -184.59 71.11 52.00
v -180.00 67.78 46.00
v -178.91 71.11 46.00
v -184.59 71.11 52.00
v -193.56 -103.16 46.00
v -194.65 -99.83 46.00
v -199.24 -103.16 52.00
v -194.65 -99.83 46.00
v -197.48 -97.77 46.00
v -199.24 -103.16 52.00
v -197.48 -97.77 46.00
v -200.99 -97.77 46.00
v -199.24 -103.16 52.00
v -200.99 -97.77 46.00
v -203.82 -99.83 46.00
v -199.24 -103.16 52.00
v -203.82 -99.83 46.00
v -204.91 -103.16 46.00
v -199.24 -103.16 52.00
v -204.91 -103.16 46.00
v -203.82 -106.49 46.00
v -199.24 -103.16 52.00
v -203.82 -106.49 46.00
v -200.99 -108.55 46.00
v -199.24 -103.16 52.00
v -200.99 -108.55 46.00
v -197.48 -108.55 46.00
v -199.24 -103.16 52.00
v -197.48 -108.55 46.00
v -194.65 -106.49 46.00
v -199.24 -103.16 52.00
v -194.65 -106.49 46.00
v -193.56 -103.16 46.00
v -199.24 -103.16 52.00
v -69.49 -241.55 46.00
v -70.57 -238.21 46.00
v -75.16 -241.55 52.00
v -70.57 -238.21 46.00
v -73.41 -236.16 46.00
v -75.16 -241.55 52.00
v -73.41 -236.16 46.00
v -76.91 -236.16 46.00
v -75.16 -241.55 52.00
v -76.91 -236.16 46.00
v -79.75 -238.21 46.00
v -75.16 -241.55 52.00
v -79.75 -238.21 46.00
v -80.83 -241.55 46.00
v -75.16 -241.55 52.00
v -80.83 -241.55 46.00
v -79.75 -244.88 46.00
v -75.16 -241.55 52.00
v -79.75 -244.88 46.00
v -76.91 -246.94 46.00
v -75.16 -241.55 52.00
v -76.91 -246.94 46.00
v -73.41 -246.94 46.00
v -75.16 -241.55 52.00
v -73.41 -246.94 46.00
v -70.57 -244.88 46.00
v -75.16 -241.55 52.00
v -70.57 -244.88 46.00
v -69.49 -241.55 46.00
v -75.16 -241.55 52.00
v 138.66 -237.52 46.00
v 137.58 -234.19 46.00
v 133.00 -237.52 52.00
v 137.58 -234.19 46.00
v 134.75 -232.13 46.00
v 133.00 -237.52 52.00
v 134.75 -232.13 46.00
v 131.24 -232.13 46.00
v 133.00 -237.52 52.00
v 131.24 -232.13 46.00
v 128.41 -234.19 46.00
v 133.00 -237.52 52.00
v 128.41 -234.19 46.00
v 127.33 -237.52 46.00
v 133.00 -237.52 52.00
v 127.33 -237.52 46.00
v 128.41 -240.85 46.00
v 133.00 -237.52 52.00
v 128.41 -240.85 46.00
v 131.24 -242.91 46.00
v 133.00 -237.52 52.00
v 131.24 -242.91 46.00
v 134.75 -242.91 46.00
v 133.00 -237.52 52.00
v 134.75 -242.91 46.00
v 137.58 -240.85 46.00
v 133.00 -237.52 52.00
v 137.58 -240.85 46.00
v 138.66 -237.52 46.00
v 133.00 -237.52 52.00

usemtl mat_gilded
v -206.26 -126.50 62.24
v -206.47 -126.16 62.24
v -206.47 -126.16 66.25
v -206.26 -126.50 66.25
v -206.47 -126.16 62.24
v -206.87 -126.16 62.24
v -206.87 -126.16 66.25
v -206.47 -126.16 66.25
v -206.87 -126.16 62.24
v -207.06 -126.50 62.24
v -207.06 -126.50 66.25
v -206.87 -126.16 66.25
v -207.06 -126.50 62.24
v -206.87 -126.85 62.24
v -206.87 -126.85 66.25
v -207.06 -126.50 66.25
v -206.87 -126.85 62.24
v -206.47 -126.85 62.24
v -206.47 -126.85 66.25
v -206.87 -126.85 66.25
v -206.47 -126.85 62.24
v -206.26 -126.50 62.24
v -206.26 -126.50 66.25
v -206.47 -126.85 66.25
v -206.26 -126.50 66.25
v -206.47 -126.16 66.25
v -206.87 -126.16 66.25
v -207.06 -126.50 66.25
v -206.87 -126.85 66.25
v -206.47 -126.85 66.25
v -88.37 -241.63 60.02
v -88.57 -241.29 60.02
v -88.57 -241.29 64.03
v -88.37 -241.63 64.03
v -88.57 -241.29 60.02
v -88.97 -241.29 60.02
v -88.97 -241.29 64.03
v -88.57 -241.29 64.03
v -88.97 -241.29 60.02
v -89.17 -241.63 60.02
v -89.17 -241.63 64.03
v -88.97 -241.29 64.03
v -89.17 -241.63 60.02
v -88.97 -241.98 60.02
v -88.97 -241.98 64.03
v -89.17 -241.63 64.03
v -88.97 -241.98 60.02
v -88.57 -241.98 60.02
v -88.57 -241.98 64.03
v -88.97 -241.98 64.03
v -88.57 -241.98 60.02
v -88.37 -241.63 60.02
v -88.37 -241.63 64.03
v -88.57 -241.98 64.03
v -88.37 -241.63 64.03
v -88.57 -241.29 64.03
v -88.97 -241.29 64.03
v -89.17 -241.63 64.03
v -88.97 -241.98 64.03
v -88.57 -241.98 64.03
v 95.65 -257.11 64.47
v 95.45 -256.76 64.47
v 95.45 -256.76 68.47
v 95.65 -257.11 68.47
v 95.45 -256.76 64.47
v 95.05 -256.76 64.47
v 95.05 -256.76 68.47
v 95.45 -256.76 68.47
v 95.05 -256.76 64.47
v 94.85 -257.11 64.47
v 94.85 -257.11 68.47
v 95.05 -256.76 68.47
v 94.85 -257.11 64.47
v 95.05 -257.46 64.47
v 95.05 -257.46 68.47
v 94.85 -257.11 68.47
v 95.05 -257.46 64.47
v 95.45 -257.46 64.47
v 95.45 -257.46 68.47
v 95.05 -257.46 68.47
v 95.45 -257.46 64.47
v 95.65 -257.11 64.47
v 95.65 -257.11 68.47
v 95.45 -257.46 68.47
v 95.65 -257.11 68.47
v 95.45 -256.76 68.47
v 95.05 -256.76 68.47
v 94.85 -257.11 68.47
v 95.05 -257.46 68.47
v 95.45 -257.46 68.47
v -181.28 4.00 86.47
v -181.48 4.34 86.47
v -181.48 4.34 90.47
v -181.28 4.00 90.47
v -181.48 4.34 86.47
v -181.88 4.34 86.47
v -181.88 4.34 90.47
v -181.48 4.34 90.47
v -181.88 4.34 86.47
v -182.08 4.00 86.47
v -182.08 4.00 90.47
v -181.88 4.34 90.47
v -182.08 4.00 86.47
v -181.88 3.65 86.47
v -181.88 3.65 90.47
v -182.08 4.00 90.47
v -181.88 3.65 86.47
v -181.48 3.65 86.47
v -181.48 3.65 90.47
v -181.88 3.65 90.47
v -181.48 3.65 86.47
v -181.28 4.00 86.47
v -181.28 4.00 90.47
v -181.48 3.65 90.47
v -51.87 -232.24 82.03
v -52.07 -231.89 82.03
v -52.07 -231.89 86.03
v -51.87 -232.24 86.03
v -52.07 -231.89 82.03
v -52.47 -231.89 82.03
v -52.47 -231.89 86.03
v -52.07 -231.89 86.03
v -52.47 -231.89 82.03
v -52.67 -232.24 82.03
v -52.67 -232.24 86.03
v -52.47 -231.89 86.03
v -52.67 -232.24 82.03
v -52.47 -232.59 82.03
v -52.47 -232.59 86.03
v -52.67 -232.24 86.03
v -52.47 -232.59 82.03
v -52.07 -232.59 82.03
v -52.07 -232.59 86.03
v -52.47 -232.59 86.03
v -52.07 -232.59 82.03
v -51.87 -232.24 82.03
v -51.87 -232.24 86.03
v -52.07 -232.59 86.03
v -51.87 -232.24 86.03
v -52.07 -231.89 86.03
v -52.47 -231.89 86.03
v -52.67 -232.24 86.03
v -52.47 -232.59 86.03
v -52.07 -232.59 86.03
v 113.19 -242.53 86.47
v 112.99 -242.19 86.47
v 112.99 -242.19 90.47
v 113.19 -242.53 90.47
v 112.99 -242.19 86.47
v 112.59 -242.19 86.47
v 112.59 -242.19 90.47
v 112.99 -242.19 90.47
v 112.59 -242.19 86.47
v 112.39 -242.53 86.47
v 112.39 -242.53 90.47
v 112.59 -242.19 90.47
v 112.39 -242.53 86.47
v 112.59 -242.88 86.47
v 112.59 -242.88 90.47
v 112.39 -242.53 90.47
v 112.59 -242.88 86.47
v 112.99 -242.88 86.47
v 112.99 -242.88 90.47
v 112.59 -242.88 90.47
v 112.99 -242.88 86.47
v 113.19 -242.53 86.47
v 113.19 -242.53 90.47
v 112.99 -242.88 90.47

usemtl mat_plaster
v -58.91 -148.85 68.80
v -52.77 -155.32 68.80
v -52.77 -155.32 79.78
v -58.91 -148.85 79.78
v -52.77 -155.32 68.80
v -48.00 -150.79 68.80
v -48.00 -150.79 79.78
v -52.77 -155.32 79.78
v -33.67 -156.78 68.80
v -27.93 -161.25 68.80
v -32.08 -166.56 68.80
v -37.81 -162.09 68.80
v -37.81 -162.09 80.55
v -32.08 -166.56 80.55
v -27.93 -161.25 80.55
v -33.67 -156.78 80.55
v -37.81 -162.09 68.80
v -32.08 -166.56 68.80
v -32.08 -166.56 80.55
v -37.81 -162.09 80.55
v -32.08 -166.56 68.80
v -27.93 -161.25 68.80
v -27.93 -161.25 80.55
v -32.08 -166.56 80.55
v -27.93 -161.25 68.80
v -33.67 -156.78 68.80
v -33.67 -156.78 80.55
v -27.93 -161.25 80.55
v -33.67 -156.78 68.80
v -37.81 -162.09 68.80
v -37.81 -162.09 80.55
v -33.67 -156.78 80.55
v -28.10 -149.15 68.80
v -21.89 -153.98 68.80
v -26.60 -160.02 68.80
v -32.80 -155.19 68.80
v -32.80 -155.19 79.08
v -26.60 -160.02 79.08
v -21.89 -153.98 79.08
v -28.10 -149.15 79.08
v -32.80 -155.19 68.80
v -26.60 -160.02 68.80
v -26.60 -160.02 79.08
v -32.80 -155.19 79.08
v -26.60 -160.02 68.80
v -21.89 -153.98 68.80
v -21.89 -153.98 79.08
v -26.60 -160.02 79.08
v -21.89 -153.98 68.80
v -28.10 -149.15 68.80
v -28.10 -149.15 79.08
v -21.89 -153.98 79.08
v -28.10 -149.15 68.80
v -32.80 -155.19 68.80
v -32.80 -155.19 79.08
v -28.10 -149.15 79.08
v -27.97 -148.09 68.80
v -20.91 -153.60 68.80
v -20.91 -153.60 79.48
v -27.97 -148.09 79.48
v -20.91 -153.60 68.80
v -15.69 -146.91 68.80
v -15.69 -146.91 79.48
v -20.91 -153.60 79.48
v -12.48 -165.42 68.80
v -4.85 -169.64 68.80
v -8.18 -175.63 68.80
v -15.80 -171.41 68.80
v -15.80 -171.41 82.72
v -8.18 -175.63 82.72
v -4.85 -169.64 82.72
v -12.48 -165.42 82.72
v -15.80 -171.41 68.80
v -8.18 -175.63 68.80
v -8.18 -175.63 82.72
v -15.80 -171.41 82.72
v -8.18 -175.63 68.80
v -4.85 -169.64 68.80
v -4.85 -169.64 82.72
v -8.18 -175.63 82.72
v -4.85 -169.64 68.80
v -12.48 -165.42 68.80
v -12.48 -165.42 82.72
v -4.85 -169.64 82.72
v -12.48 -165.42 68.80
v -15.80 -171.41 68.80
v -15.80 -171.41 82.72
v -12.48 -165.42 82.72
v -7.46 -157.66 68.80
v -0.94 -161.28 68.80
v -4.78 -168.19 68.80
v -11.29 -164.58 68.80
v -11.29 -164.58 80.47
v -4.78 -168.19 80.47
v -0.94 -161.28 80.47
v -7.46 -157.66 80.47
v -11.29 -164.58 68.80
v -4.78 -168.19 68.80
v -4.78 -168.19 80.47
v -11.29 -164.58 80.47
v -4.78 -168.19 68.80
v -0.94 -161.28 68.80
v -0.94 -161.28 80.47
v -4.78 -168.19 80.47
v -0.94 -161.28 68.80
v -7.46 -157.66 68.80
v -7.46 -157.66 80.47
v -0.94 -161.28 80.47
v -7.46 -157.66 68.80
v -11.29 -164.58 68.80
v -11.29 -164.58 80.47
v -7.46 -157.66 80.47
v -4.15 -150.50 68.80
v 3.38 -154.67 68.80
v 0.33 -160.16 68.80
v -7.19 -156.00 68.80
v -7.19 -156.00 78.92
v 0.33 -160.16 78.92
v 3.38 -154.67 78.92
v -4.15 -150.50 78.92
v -7.19 -156.00 68.80
v 0.33 -160.16 68.80
v 0.33 -160.16 78.92
v -7.19 -156.00 78.92
v 0.33 -160.16 68.80
v 3.38 -154.67 68.80
v 3.38 -154.67 78.92
v 0.33 -160.16 78.92
v 3.38 -154.67 68.80
v -4.15 -150.50 68.80
v -4.15 -150.50 78.92
v 3.38 -154.67 78.92
v -4.15 -150.50 68.80
v -7.19 -156.00 68.80
v -7.19 -156.00 78.92
v -4.15 -150.50 78.92
v 10.97 -173.30 68.80
v 17.25 -175.54 68.80
v 14.63 -182.89 68.80
v 8.36 -180.66 68.80
v 8.36 -180.66 80.02
v 14.63 -182.89 80.02
v 17.25 -175.54 80.02
v 10.97 -173.30 80.02
v 8.36 -180.66 68.80
v 14.63 -182.89 68.80
v 14.63 -182.89 80.02
v 8.36 -180.66 80.02
v 14.63 -182.89 68.80
v 17.25 -175.54 68.80
v 17.25 -175.54 80.02
v 14.63 -182.89 80.02
v 17.25 -175.54 68.80
v 10.97 -173.30 68.80
v 10.97 -173.30 80.02
v 17.25 -175.54 80.02
v 10.97 -173.30 68.80
v 8.36 -180.66 68.80
v 8.36 -180.66 80.02
v 10.97 -173.30 80.02
v 13.76 -165.18 68.80
v 20.23 -167.49 68.80
v 17.57 -174.94 68.80
v 11.10 -172.63 68.80
v 11.10 -172.63 79.87
v 17.57 -174.94 79.87
v 20.23 -167.49 79.87
v 13.76 -165.18 79.87
v 11.10 -172.63 68.80
v 17.57 -174.94 68.80
v 17.57 -174.94 79.87
v 11.10 -172.63 79.87
v 17.57 -174.94 68.80
v 20.23 -167.49 68.80
v 20.23 -167.49 79.87
v 17.57 -174.94 79.87
v 20.23 -167.49 68.80
v 13.76 -165.18 68.80
v 13.76 -165.18 79.87
v 20.23 -167.49 79.87
v 13.76 -165.18 68.80
v 11.10 -172.63 68.80
v 11.10 -172.63 79.87
v 13.76 -165.18 79.87
v 15.55 -157.17 68.80
v 23.90 -160.15 68.80
v 21.50 -166.87 68.80
v 13.15 -163.90 68.80
v 13.15 -163.90 79.72
v 21.50 -166.87 79.72
v 23.90 -160.15 79.72
v 15.55 -157.17 79.72
v 13.15 -163.90 68.80
v 21.50 -166.87 68.80
v 21.50 -166.87 79.72
v 13.15 -163.90 79.72
v 21.50 -166.87 68.80
v 23.90 -160.15 68.80
v 23.90 -160.15 79.72
v 21.50 -166.87 79.72
v 23.90 -160.15 68.80
v 15.55 -157.17 68.80
v 15.55 -157.17 79.72
v 23.90 -160.15 79.72
v 15.55 -157.17 68.80
v 13.15 -163.90 68.80
v 13.15 -163.90 79.72
v 15.55 -157.17 79.72
v 33.51 -180.47 68.80
v 41.25 -181.82 68.80
v 40.10 -188.41 68.80
v 32.36 -187.06 68.80
v 32.36 -187.06 81.48
v 40.10 -188.41 81.48
v 41.25 -181.82 81.48
v 33.51 -180.47 81.48
v 32.36 -187.06 68.80
v 40.10 -188.41 68.80
v 40.10 -188.41 81.48
v 32.36 -187.06 81.48
v 40.10 -188.41 68.80
v 41.25 -181.82 68.80
v 41.25 -181.82 81.48
v 40.10 -188.41 81.48
v 41.25 -181.82 68.80
v 33.51 -180.47 68.80
v 33.51 -180.47 81.48
v 41.25 -181.82 81.48
v 33.51 -180.47 68.80
v 32.36 -187.06 68.80
v 32.36 -187.06 81.48
v 33.51 -180.47 81.48
v 34.93 -171.45 68.80
v 42.96 -172.85 68.80
v 41.61 -180.61 68.80
v 33.58 -179.21 68.80
v 33.58 -179.21 78.55
v 41.61 -180.61 78.55
v 42.96 -172.85 78.55
v 34.93 -171.45 78.55
v 33.58 -179.21 68.80
v 41.61 -180.61 68.80
v 41.61 -180.61 78.55
v 33.58 -179.21 78.55
v 41.61 -180.61 68.80
v 42.96 -172.85 68.80
v 42.96 -172.85 78.55
v 41.61 -180.61 78.55
v 42.96 -172.85 68.80
v 34.93 -171.45 68.80
v 34.93 -171.45 78.55
v 42.96 -172.85 78.55
v 34.93 -171.45 68.80
v 33.58 -179.21 68.80
v 33.58 -179.21 78.55
v 34.93 -171.45 78.55
v 36.96 -163.69 68.80
v 43.68 -164.86 68.80
v 42.51 -171.56 68.80
v 35.79 -170.39 68.80
v 35.79 -170.39 79.14
v 42.51 -171.56 79.14
v 43.68 -164.86 79.14
v 36.96 -163.69 79.14
v 35.79 -170.39 68.80
v 42.51 -171.56 68.80
v 42.51 -171.56 79.14
v 35.79 -170.39 79.14
v 42.51 -171.56 68.80
v 43.68 -164.86 68.80
v 43.68 -164.86 79.14
v 42.51 -171.56 79.14
v 43.68 -164.86 68.80
v 36.96 -163.69 68.80
v 36.96 -163.69 79.14
v 43.68 -164.86 79.14
v 36.96 -163.69 68.80
v 35.79 -170.39 68.80
v 35.79 -170.39 79.14
v 36.96 -163.69 79.14
v 58.60 -184.13 68.80
v 65.40 -184.13 68.80
v 65.40 -190.67 68.80
v 58.60 -190.67 68.80
v 58.60 -190.67 79.67
v 65.40 -190.67 79.67
v 65.40 -184.13 79.67
v 58.60 -184.13 79.67
v 58.60 -190.67 68.80
v 65.40 -190.67 68.80
v 65.40 -190.67 79.67
v 58.60 -190.67 79.67
v 65.40 -190.67 68.80
v 65.40 -184.13 68.80
v 65.40 -184.13 79.67
v 65.40 -190.67 79.67
v 65.40 -184.13 68.80
v 58.60 -184.13 68.80
v 58.60 -184.13 79.67
v 65.40 -184.13 79.67
v 58.60 -184.13 68.80
v 58.60 -190.67 68.80
v 58.60 -190.67 79.67
v 58.60 -184.13 79.67
v 57.90 -174.75 68.80
v 66.10 -174.75 68.80
v 66.10 -182.90 68.80
v 57.90 -182.90 68.80
v 57.90 -182.90 82.75
v 66.10 -182.90 82.75
v 66.10 -174.75 82.75
v 57.90 -174.75 82.75
v 57.90 -182.90 68.80
v 66.10 -182.90 68.80
v 66.10 -182.90 82.75
v 57.90 -182.90 82.75
v 66.10 -182.90 68.80
v 66.10 -174.75 68.80
v 66.10 -174.75 82.75
v 66.10 -182.90 82.75
v 66.10 -174.75 68.80
v 57.90 -174.75 68.80
v 57.90 -174.75 82.75
v 66.10 -174.75 82.75
v 57.90 -174.75 68.80
v 57.90 -182.90 68.80
v 57.90 -182.90 82.75
v 57.90 -174.75 82.75
v 58.25 -167.16 68.80
v 65.75 -167.16 68.80
v 65.75 -173.33 68.80
v 58.25 -173.33 68.80
v 58.25 -173.33 83.17
v 65.75 -173.33 83.17
v 65.75 -167.16 83.17
v 58.25 -167.16 83.17
v 58.25 -173.33 68.80
v 65.75 -173.33 68.80
v 65.75 -173.33 83.17
v 58.25 -173.33 83.17
v 65.75 -173.33 68.80
v 65.75 -167.16 68.80
v 65.75 -167.16 83.17
v 65.75 -173.33 83.17
v 65.75 -167.16 68.80
v 58.25 -167.16 68.80
v 58.25 -167.16 83.17
v 65.75 -167.16 83.17
v 58.25 -167.16 68.80
v 58.25 -173.33 68.80
v 58.25 -173.33 83.17
v 58.25 -167.16 83.17
v 83.01 -181.32 68.80
v 90.08 -180.09 68.80
v 91.47 -188.02 68.80
v 84.39 -189.25 68.80
v 84.39 -189.25 76.58
v 91.47 -188.02 76.58
v 90.08 -180.09 76.58
v 83.01 -181.32 76.58
v 84.39 -189.25 68.80
v 91.47 -188.02 68.80
v 91.47 -188.02 76.58
v 84.39 -189.25 76.58
v 91.47 -188.02 68.80
v 90.08 -180.09 68.80
v 90.08 -180.09 76.58
v 91.47 -188.02 76.58
v 90.08 -180.09 68.80
v 83.01 -181.32 68.80
v 83.01 -181.32 76.58
v 90.08 -180.09 76.58
v 83.01 -181.32 68.80
v 84.39 -189.25 68.80
v 84.39 -189.25 76.58
v 83.01 -181.32 76.58
v 80.95 -173.89 68.80
v 89.51 -172.40 68.80
v 90.59 -178.61 68.80
v 82.03 -180.10 68.80
v 82.03 -180.10 77.49
v 90.59 -178.61 77.49
v 89.51 -172.40 77.49
v 80.95 -173.89 77.49
v 82.03 -180.10 68.80
v 90.59 -178.61 68.80
v 90.59 -178.61 77.49
v 82.03 -180.10 77.49
v 90.59 -178.61 68.80
v 89.51 -172.40 68.80
v 89.51 -172.40 77.49
v 90.59 -178.61 77.49
v 89.51 -172.40 68.80
v 80.95 -173.89 68.80
v 80.95 -173.89 77.49
v 89.51 -172.40 77.49
v 80.95 -173.89 68.80
v 82.03 -180.10 68.80
v 82.03 -180.10 77.49
v 80.95 -173.89 77.49
v 79.85 -164.62 68.80
v 87.40 -163.30 68.80
v 88.75 -171.04 68.80
v 81.20 -172.36 68.80
v 81.20 -172.36 79.13
v 88.75 -171.04 79.13
v 87.40 -163.30 79.13
v 79.85 -164.62 79.13
v 81.20 -172.36 68.80
v 88.75 -171.04 68.80
v 88.75 -171.04 79.13
v 81.20 -172.36 79.13
v 88.75 -171.04 68.80
v 87.40 -163.30 68.80
v 87.40 -163.30 79.13
v 88.75 -171.04 79.13
v 87.40 -163.30 68.80
v 79.85 -164.62 68.80
v 79.85 -164.62 79.13
v 87.40 -163.30 79.13
v 79.85 -164.62 68.80
v 81.20 -172.36 68.80
v 81.20 -172.36 79.13
v 79.85 -164.62 79.13
v 105.00 -174.18 68.80
v 113.53 -171.14 68.80
v 116.11 -178.40 68.80
v 107.58 -181.44 68.80
v 107.58 -181.44 82.98
v 116.11 -178.40 82.98
v 113.53 -171.14 82.98
v 105.00 -174.18 82.98
v 107.58 -181.44 68.80
v 116.11 -178.40 68.80
v 116.11 -178.40 82.98
v 107.58 -181.44 82.98
v 116.11 -178.40 68.80
v 113.53 -171.14 68.80
v 113.53 -171.14 82.98
v 116.11 -178.40 82.98
v 113.53 -171.14 68.80
v 105.00 -174.18 68.80
v 105.00 -174.18 82.98
v 113.53 -171.14 82.98
v 105.00 -174.18 68.80
v 107.58 -181.44 68.80
v 107.58 -181.44 82.98
v 105.00 -174.18 82.98
v 102.48 -166.71 68.80
v 110.75 -163.77 68.80
v 112.97 -170.00 68.80
v 104.70 -172.95 68.80
v 104.70 -172.95 80.82
v 112.97 -170.00 80.82
v 110.75 -163.77 80.82
v 102.48 -166.71 80.82
v 104.70 -172.95 68.80
v 112.97 -170.00 68.80
v 112.97 -170.00 80.82
v 104.70 -172.95 80.82
v 112.97 -170.00 68.80
v 110.75 -163.77 68.80
v 110.75 -163.77 80.82
v 112.97 -170.00 80.82
v 110.75 -163.77 68.80
v 102.48 -166.71 68.80
v 102.48 -166.71 80.82
v 110.75 -163.77 80.82
v 102.48 -166.71 68.80
v 104.70 -172.95 68.80
v 104.70 -172.95 80.82
v 102.48 -166.71 80.82
v 100.17 -158.02 68.80
v 107.05 -155.57 68.80
v 109.63 -162.83 68.80
v 102.76 -165.28 68.80
v 102.76 -165.28 77.35
v 109.63 -162.83 77.35
v 107.05 -155.57 77.35
v 100.17 -158.02 77.35
v 102.76 -165.28 68.80
v 109.63 -162.83 68.80
v 109.63 -162.83 77.35
v 102.76 -165.28 77.35
v 109.63 -162.83 68.80
v 107.05 -155.57 68.80
v 107.05 -155.57 77.35
v 109.63 -162.83 77.35
v 107.05 -155.57 68.80
v 100.17 -158.02 68.80
v 100.17 -158.02 77.35
v 107.05 -155.57 77.35
v 100.17 -158.02 68.80
v 102.76 -165.28 68.80
v 102.76 -165.28 77.35
v 100.17 -158.02 77.35
v 125.68 -163.76 68.80
v 133.17 -159.60 68.80
v 136.76 -166.09 68.80
v 129.27 -170.24 68.80
v 129.27 -170.24 77.37
v 136.76 -166.09 77.37
v 133.17 -159.60 77.37
v 125.68 -163.76 77.37
v 129.27 -170.24 68.80
v 136.76 -166.09 68.80
v 136.76 -166.09 77.37
v 129.27 -170.24 77.37
v 136.76 -166.09 68.80
v 133.17 -159.60 68.80
v 133.17 -159.60 77.37
v 136.76 -166.09 77.37
v 133.17 -159.60 68.80
v 125.68 -163.76 68.80
v 125.68 -163.76 77.37
v 133.17 -159.60 77.37
v 125.68 -163.76 68.80
v 129.27 -170.24 68.80
v 129.27 -170.24 77.37
v 125.68 -163.76 77.37
v 122.54 -156.31 68.80
v 128.52 -152.99 68.80
v 131.84 -159.00 68.80
v 125.86 -162.31 68.80
v 125.86 -162.31 80.69
v 131.84 -159.00 80.69
v 128.52 -152.99 80.69
v 122.54 -156.31 80.69
v 125.86 -162.31 68.80
v 131.84 -159.00 68.80
v 131.84 -159.00 80.69
v 125.86 -162.31 80.69
v 131.84 -159.00 68.80
v 128.52 -152.99 68.80
v 128.52 -152.99 80.69
v 131.84 -159.00 80.69
v 128.52 -152.99 68.80
v 122.54 -156.31 68.80
v 122.54 -156.31 80.69
v 128.52 -152.99 80.69
v 122.54 -156.31 68.80
v 125.86 -162.31 68.80
v 125.86 -162.31 80.69
v 122.54 -156.31 80.69
v 118.44 -148.85 68.80
v 124.36 -145.56 68.80
v 127.88 -151.91 68.80
v 121.96 -155.19 68.80
v 121.96 -155.19 81.01
v 127.88 -151.91 81.01
v 124.36 -145.56 81.01
v 118.44 -148.85 81.01
v 121.96 -155.19 68.80
v 127.88 -151.91 68.80
v 127.88 -151.91 81.01
v 121.96 -155.19 81.01
v 118.44 -148.85 68.80
v 121.96 -155.19 68.80
v 121.96 -155.19 81.01
v 118.44 -148.85 81.01
v 144.98 -153.71 68.80
v 152.06 -148.19 68.80
v 156.01 -153.27 68.80
v 148.94 -158.79 68.80
v 148.94 -158.79 80.23
v 156.01 -153.27 80.23
v 152.06 -148.19 80.23
v 144.98 -153.71 80.23
v 148.94 -158.79 68.80
v 156.01 -153.27 68.80
v 156.01 -153.27 80.23
v 148.94 -158.79 80.23
v 156.01 -153.27 68.80
v 152.06 -148.19 68.80
v 152.06 -148.19 80.23
v 156.01 -153.27 80.23
v 152.06 -148.19 68.80
v 144.98 -153.71 68.80
v 144.98 -153.71 80.23
v 152.06 -148.19 80.23
v 144.98 -153.71 68.80
v 148.94 -158.79 68.80
v 148.94 -158.79 80.23
v 144.98 -153.71 80.23
v -91.24 -151.77 54.80
v -86.35 -158.59 54.80
v -92.64 -163.10 54.80
v -97.53 -156.28 54.80
v -97.53 -156.28 66.52
v -92.64 -163.10 66.52
v -86.35 -158.59 66.52
v -91.24 -151.77 66.52
v -97.53 -156.28 54.80
v -92.64 -163.10 54.80
v -92.64 -163.10 66.52
v -97.53 -156.28 66.52
v -92.64 -163.10 54.80
v -86.35 -158.59 54.80
v -86.35 -158.59 66.52
v -92.64 -163.10 66.52
v -86.35 -158.59 54.80
v -91.24 -151.77 54.80
v -91.24 -151.77 66.52
v -86.35 -158.59 66.52
v -91.24 -151.77 54.80
v -97.53 -156.28 54.80
v -97.53 -156.28 66.52
v -91.24 -151.77 66.52
v -82.36 -145.53 54.80
v -77.58 -152.20 54.80
v -84.07 -156.84 54.80
v -88.85 -150.17 54.80
v -88.85 -150.17 63.13
v -84.07 -156.84 63.13
v -77.58 -152.20 63.13
v -82.36 -145.53 63.13
v -88.85 -150.17 54.80
v -84.07 -156.84 54.80
v -84.07 -156.84 63.13
v -88.85 -150.17 63.13
v -84.07 -156.84 54.80
v -77.58 -152.20 54.80
v -77.58 -152.20 63.13
v -84.07 -156.84 63.13
v -73.57 -170.19 54.80
v -68.21 -175.81 54.80
v -74.34 -181.66 54.80
v -79.70 -176.04 54.80
v -79.70 -176.04 65.54
v -74.34 -181.66 65.54
v -68.21 -175.81 65.54
v -73.57 -170.19 65.54
v -79.70 -176.04 54.80
v -74.34 -181.66 54.80
v -74.34 -181.66 65.54
v -79.70 -176.04 65.54
v -74.34 -181.66 54.80
v -68.21 -175.81 54.80
v -68.21 -175.81 65.54
v -74.34 -181.66 65.54
v -68.21 -175.81 54.80
v -73.57 -170.19 54.80
v -73.57 -170.19 65.54
v -68.21 -175.81 65.54
v -73.57 -170.19 54.80
v -79.70 -176.04 54.80
v -79.70 -176.04 65.54
v -73.57 -170.19 65.54
v -67.11 -163.02 54.80
v -60.74 -169.69 54.80
v -65.44 -174.18 54.80
v -71.82 -167.51 54.80
v -71.82 -167.51 69.16
v -65.44 -174.18 69.16
v -60.74 -169.69 69.16
v -67.11 -163.02 69.16
v -71.82 -167.51 54.80
v -65.44 -174.18 54.80
v -65.44 -174.18 69.16
v -71.82 -167.51 69.16
v -65.44 -174.18 54.80
v -60.74 -169.69 54.80
v -60.74 -169.69 69.16
v -65.44 -174.18 69.16
v -60.74 -169.69 54.80
v -67.11 -163.02 54.80
v -67.11 -163.02 69.16
v -60.74 -169.69 69.16
v -67.11 -163.02 54.80
v -71.82 -167.51 54.80
v -71.82 -167.51 69.16
v -67.11 -163.02 69.16
v -58.43 -155.58 54.80
v -52.90 -161.37 54.80
v -58.77 -166.96 54.80
v -64.29 -161.18 54.80
v -64.29 -161.18 66.60
v -58.77 -166.96 66.60
v -52.90 -161.37 66.60
v -58.43 -155.58 66.60
v -64.29 -161.18 54.80
v -58.77 -166.96 54.80
v -58.77 -166.96 66.60
v -64.29 -161.18 66.60
v -58.77 -166.96 54.80
v -52.90 -161.37 54.80
v -52.90 -161.37 66.60
v -58.77 -166.96 66.60
v -52.90 -161.37 54.80
v -58.43 -155.58 54.80
v -58.43 -155.58 66.60
v -52.90 -161.37 66.60
v -58.43 -155.58 54.80
v -64.29 -161.18 54.80
v -64.29 -161.18 66.60
v -58.43 -155.58 66.60
v -51.55 -185.30 54.80
v -46.06 -189.56 54.80
v -49.75 -194.30 54.80
v -55.23 -190.04 54.80
v -55.23 -190.04 66.57
v -49.75 -194.30 66.57
v -46.06 -189.56 66.57
v -51.55 -185.30 66.57
v -55.23 -190.04 54.80
v -49.75 -194.30 54.80
v -49.75 -194.30 66.57
v -55.23 -190.04 66.57
v -49.75 -194.30 54.80
v -46.06 -189.56 54.80
v -46.06 -189.56 66.57
v -49.75 -194.30 66.57
v -46.06 -189.56 54.80
v -51.55 -185.30 54.80
v -51.55 -185.30 66.57
v -46.06 -189.56 66.57
v -51.55 -185.30 54.80
v -55.23 -190.04 54.80
v -55.23 -190.04 66.57
v -51.55 -185.30 66.57
v -45.23 -177.02 54.80
v -39.60 -181.40 54.80
v -43.42 -186.30 54.80
v -49.05 -181.93 54.80
v -49.05 -181.93 65.35
v -43.42 -186.30 65.35
v -39.60 -181.40 65.35
v -45.23 -177.02 65.35
v -49.05 -181.93 54.80
v -43.42 -186.30 54.80
v -43.42 -186.30 65.35
v -49.05 -181.93 65.35
v -43.42 -186.30 54.80
v -39.60 -181.40 54.80
v -39.60 -181.40 65.35
v -43.42 -186.30 65.35
v -39.60 -181.40 54.80
v -45.23 -177.02 54.80
v -45.23 -177.02 65.35
v -39.60 -181.40 65.35
v -45.23 -177.02 54.80
v -49.05 -181.93 54.80
v -49.05 -181.93 65.35
v -45.23 -177.02 65.35
v -38.81 -168.65 54.80
v -33.08 -173.11 54.80
v -37.19 -178.41 54.80
v -42.93 -173.95 54.80
v -42.93 -173.95 68.55
v -37.19 -178.41 68.55
v -33.08 -173.11 68.55
v -38.81 -168.65 68.55
v -42.93 -173.95 54.80
v -37.19 -178.41 54.80
v -37.19 -178.41 68.55
v -42.93 -173.95 68.55
v -37.19 -178.41 54.80
v -33.08 -173.11 54.80
v -33.08 -173.11 68.55
v -37.19 -178.41 68.55
v -33.08 -173.11 54.80
v -38.81 -168.65 54.80
v -38.81 -168.65 68.55
v -33.08 -173.11 68.55
v -38.81 -168.65 54.80
v -42.93 -173.95 54.80
v -42.93 -173.95 68.55
v -38.81 -168.65 68.55
v -26.90 -194.77 54.80
v -19.32 -198.96 54.80
v -22.62 -204.93 54.80
v -30.20 -200.74 54.80
v -30.20 -200.74 67.06
v -22.62 -204.93 67.06
v -19.32 -198.96 67.06
v -26.90 -194.77 67.06
v -30.20 -200.74 54.80
v -22.62 -204.93 54.80
v -22.62 -204.93 67.06
v -30.20 -200.74 67.06
v -22.62 -204.93 54.80
v -19.32 -198.96 54.80
v -19.32 -198.96 67.06
v -22.62 -204.93 67.06
v -19.32 -198.96 54.80
v -26.90 -194.77 54.80
v -26.90 -194.77 67.06
v -19.32 -198.96 67.06
v -26.90 -194.77 54.80
v -30.20 -200.74 54.80
v -30.20 -200.74 67.06
v -26.90 -194.77 67.06
v -21.45 -186.30 54.80
v -15.05 -189.84 54.80
v -18.43 -195.95 54.80
v -24.83 -192.42 54.80
v -24.83 -192.42 66.17
v -18.43 -195.95 66.17
v -15.05 -189.84 66.17
v -21.45 -186.30 66.17
v -24.83 -192.42 54.80
v -18.43 -195.95 54.80
v -18.43 -195.95 66.17
v -24.83 -192.42 66.17
v -18.43 -195.95 54.80
v -15.05 -189.84 54.80
v -15.05 -189.84 66.17
v -18.43 -195.95 66.17
v -15.05 -189.84 54.80
v -21.45 -186.30 54.80
v -21.45 -186.30 66.17
v -15.05 -189.84 66.17
v -21.45 -186.30 54.80
v -24.83 -192.42 54.80
v -24.83 -192.42 66.17
v -21.45 -186.30 66.17
v -16.82 -177.36 54.80
v -9.95 -181.15 54.80
v -13.43 -187.45 54.80
v -20.30 -183.66 54.80
v -20.30 -183.66 68.75
v -13.43 -187.45 68.75
v -9.95 -181.15 68.75
v -16.82 -177.36 68.75
v -20.30 -183.66 54.80
v -13.43 -187.45 54.80
v -13.43 -187.45 68.75
v -20.30 -183.66 68.75
v -13.43 -187.45 54.80
v -9.95 -181.15 54.80
v -9.95 -181.15 68.75
v -13.43 -187.45 68.75
v -9.95 -181.15 54.80
v -16.82 -177.36 54.80
v -16.82 -177.36 68.75
v -9.95 -181.15 68.75
v -16.82 -177.36 54.80
v -20.30 -183.66 54.80
v -20.30 -183.66 68.75
v -16.82 -177.36 68.75
v -0.71 -203.83 54.80
v 6.55 -206.41 54.80
v 4.41 -212.42 54.80
v -2.85 -209.84 54.80
v -2.85 -209.84 66.60
v 4.41 -212.42 66.60
v 6.55 -206.41 66.60
v -0.71 -203.83 66.60
v -2.85 -209.84 54.80
v 4.41 -212.42 54.80
v 4.41 -212.42 66.60
v -2.85 -209.84 66.60
v 4.41 -212.42 54.80
v 6.55 -206.41 54.80
v 6.55 -206.41 66.60
v 4.41 -212.42 66.60
v 6.55 -206.41 54.80
v -0.71 -203.83 54.80
v -0.71 -203.83 66.60
v 6.55 -206.41 66.60
v -0.71 -203.83 54.80
v -2.85 -209.84 54.80
v -2.85 -209.84 66.60
v -0.71 -203.83 66.60
v 2.69 -194.76 54.80
v 9.63 -197.23 54.80
v 7.56 -203.08 54.80
v 0.61 -200.61 54.80
v 0.61 -200.61 68.68
v 7.56 -203.08 68.68
v 9.63 -197.23 68.68
v 2.69 -194.76 68.68
v 0.61 -200.61 54.80
v 7.56 -203.08 54.80
v 7.56 -203.08 68.68
v 0.61 -200.61 68.68
v 7.56 -203.08 54.80
v 9.63 -197.23 54.80
v 9.63 -197.23 68.68
v 7.56 -203.08 68.68
v 9.63 -197.23 54.80
v 2.69 -194.76 54.80
v 2.69 -194.76 68.68
v 9.63 -197.23 68.68
v 2.69 -194.76 54.80
v 0.61 -200.61 54.80
v 0.61 -200.61 68.68
v 2.69 -194.76 68.68
v 5.49 -185.08 54.80
v 13.56 -187.95 54.80
v 11.29 -194.36 54.80
v 3.21 -191.49 54.80
v 3.21 -191.49 64.56
v 11.29 -194.36 64.56
v 13.56 -187.95 64.56
v 5.49 -185.08 64.56
v 3.21 -191.49 54.80
v 11.29 -194.36 54.80
v 11.29 -194.36 64.56
v 3.21 -191.49 64.56
v 11.29 -194.36 54.80
v 13.56 -187.95 54.80
v 13.56 -187.95 64.56
v 11.29 -194.36 64.56
v 13.56 -187.95 54.80
v 5.49 -185.08 54.80
v 5.49 -185.08 64.56
v 13.56 -187.95 64.56
v 5.49 -185.08 54.80
v 3.21 -191.49 54.80
v 3.21 -191.49 64.56
v 5.49 -185.08 64.56
v 25.43 -210.29 54.80
v 34.55 -211.88 54.80
v 33.13 -220.02 54.80
v 24.02 -218.44 54.80
v 24.02 -218.44 64.54
v 33.13 -220.02 64.54
v 34.55 -211.88 64.54
v 25.43 -210.29 64.54
v 24.02 -218.44 54.80
v 33.13 -220.02 54.80
v 33.13 -220.02 64.54
v 24.02 -218.44 64.54
v 33.13 -220.02 54.80
v 34.55 -211.88 54.80
v 34.55 -211.88 64.54
v 33.13 -220.02 64.54
v 34.55 -211.88 54.80
v 25.43 -210.29 54.80
v 25.43 -210.29 64.54
v 34.55 -211.88 64.54
v 25.43 -210.29 54.80
v 24.02 -218.44 54.80
v 24.02 -218.44 64.54
v 25.43 -210.29 64.54
v 27.57 -201.76 54.80
v 35.42 -203.13 54.80
v 34.34 -209.33 54.80
v 26.49 -207.96 54.80
v 26.49 -207.96 69.46
v 34.34 -209.33 69.46
v 35.42 -203.13 69.46
v 27.57 -201.76 69.46
v 26.49 -207.96 54.80
v 34.34 -209.33 54.80
v 34.34 -209.33 69.46
v 26.49 -207.96 69.46
v 34.34 -209.33 54.80
v 35.42 -203.13 54.80
v 35.42 -203.13 69.46
v 34.34 -209.33 69.46
v 35.42 -203.13 54.80
v 27.57 -201.76 54.80
v 27.57 -201.76 69.46
v 35.42 -203.13 69.46
v 27.57 -201.76 54.80
v 26.49 -207.96 54.80
v 26.49 -207.96 69.46
v 27.57 -201.76 69.46
v 29.89 -191.18 54.80
v 36.81 -192.39 54.80
v 35.37 -200.68 54.80
v 28.45 -199.48 54.80
v 28.45 -199.48 68.84
v 35.37 -200.68 68.84
v 36.81 -192.39 68.84
v 29.89 -191.18 68.84
v 28.45 -199.48 54.80
v 35.37 -200.68 54.80
v 35.37 -200.68 68.84
v 28.45 -199.48 68.84
v 35.37 -200.68 54.80
v 36.81 -192.39 54.80
v 36.81 -192.39 68.84
v 35.37 -200.68 68.84
v 36.81 -192.39 54.80
v 29.89 -191.18 54.80
v 29.89 -191.18 68.84
v 36.81 -192.39 68.84
v 29.89 -191.18 54.80
v 28.45 -199.48 54.80
v 28.45 -199.48 68.84
v 29.89 -191.18 68.84
v 53.41 -215.41 54.80
v 62.59 -215.41 54.80
v 62.59 -222.23 54.80
v 53.41 -222.23 54.80
v 53.41 -222.23 65.17
v 62.59 -222.23 65.17
v 62.59 -215.41 65.17
v 53.41 -215.41 65.17
v 53.41 -222.23 54.80
v 62.59 -222.23 54.80
v 62.59 -222.23 65.17
v 53.41 -222.23 65.17
v 62.59 -222.23 54.80
v 62.59 -215.41 54.80
v 62.59 -215.41 65.17
v 62.59 -222.23 65.17
v 62.59 -215.41 54.80
v 53.41 -215.41 54.80
v 53.41 -215.41 65.17
v 62.59 -215.41 65.17
v 53.41 -215.41 54.80
v 53.41 -222.23 54.80
v 53.41 -222.23 65.17
v 53.41 -215.41 65.17
v 54.06 -205.24 54.80
v 61.94 -205.24 54.80
v 61.94 -212.75 54.80
v 54.06 -212.75 54.80
v 54.06 -212.75 69.44
v 61.94 -212.75 69.44
v 61.94 -205.24 69.44
v 54.06 -205.24 69.44
v 54.06 -212.75 54.80
v 61.94 -212.75 54.80
v 61.94 -212.75 69.44
v 54.06 -212.75 69.44
v 61.94 -212.75 54.80
v 61.94 -205.24 54.80
v 61.94 -205.24 69.44
v 61.94 -212.75 69.44
v 61.94 -205.24 54.80
v 54.06 -205.24 54.80
v 54.06 -205.24 69.44
v 61.94 -205.24 69.44
v 54.06 -205.24 54.80
v 54.06 -212.75 54.80
v 54.06 -212.75 69.44
v 54.06 -205.24 69.44
v 54.63 -195.29 54.80
v 61.37 -195.29 54.80
v 61.37 -203.05 54.80
v 54.63 -203.05 54.80
v 54.63 -203.05 63.57
v 61.37 -203.05 63.57
v 61.37 -195.29 63.57
v 54.63 -195.29 63.57
v 54.63 -203.05 54.80
v 61.37 -203.05 54.80
v 61.37 -203.05 63.57
v 54.63 -203.05 63.57
v 61.37 -203.05 54.80
v 61.37 -195.29 54.80
v 61.37 -195.29 63.57
v 61.37 -203.05 63.57
v 61.37 -195.29 54.80
v 54.63 -195.29 54.80
v 54.63 -195.29 63.57
v 61.37 -195.29 63.57
v 54.63 -195.29 54.80
v 54.63 -203.05 54.80
v 54.63 -203.05 63.57
v 54.63 -195.29 63.57
v 82.08 -213.75 54.80
v 90.60 -212.27 54.80
v 91.74 -218.83 54.80
v 83.22 -220.31 54.80
v 83.22 -220.31 66.60
v 91.74 -218.83 66.60
v 90.60 -212.27 66.60
v 82.08 -213.75 66.60
v 83.22 -220.31 54.80
v 91.74 -218.83 54.80
v 91.74 -218.83 66.60
v 83.22 -220.31 66.60
v 91.74 -218.83 54.80
v 90.60 -212.27 54.80
v 90.60 -212.27 66.60
v 91.74 -218.83 66.60
v 90.60 -212.27 54.80
v 82.08 -213.75 54.80
v 82.08 -213.75 66.60
v 90.60 -212.27 66.60
v 82.08 -213.75 54.80
v 83.22 -220.31 54.80
v 83.22 -220.31 66.60
v 82.08 -213.75 66.60
v 80.92 -204.14 54.80
v 88.46 -202.83 54.80
v 89.54 -209.08 54.80
v 82.00 -210.39 54.80
v 82.00 -210.39 65.26
v 89.54 -209.08 65.26
v 88.46 -202.83 65.26
v 80.92 -204.14 65.26
v 82.00 -210.39 54.80
v 89.54 -209.08 54.80
v 89.54 -209.08 65.26
v 82.00 -210.39 65.26
v 89.54 -209.08 54.80
v 88.46 -202.83 54.80
v 88.46 -202.83 65.26
v 89.54 -209.08 65.26
v 88.46 -202.83 54.80
v 80.92 -204.14 54.80
v 80.92 -204.14 65.26
v 88.46 -202.83 65.26
v 80.92 -204.14 54.80
v 82.00 -210.39 54.80
v 82.00 -210.39 65.26
v 80.92 -204.14 65.26
v 78.62 -194.15 54.80
v 87.25 -192.65 54.80
v 88.47 -199.71 54.80
v 79.85 -201.21 54.80
v 79.85 -201.21 65.57
v 88.47 -199.71 65.57
v 87.25 -192.65 65.57
v 78.62 -194.15 65.57
v 79.85 -201.21 54.80
v 88.47 -199.71 54.80
v 88.47 -199.71 65.57
v 79.85 -201.21 65.57
v 88.47 -199.71 54.80
v 87.25 -192.65 54.80
v 87.25 -192.65 65.57
v 88.47 -199.71 65.57
v 87.25 -192.65 54.80
v 78.62 -194.15 54.80
v 78.62 -194.15 65.57
v 87.25 -192.65 65.57
v 78.62 -194.15 54.80
v 79.85 -201.21 54.80
v 79.85 -201.21 65.57
v 78.62 -194.15 65.57
v 109.16 -204.39 54.80
v 115.66 -202.08 54.80
v 118.39 -209.76 54.80
v 111.89 -212.07 54.80
v 111.89 -212.07 64.06
v 118.39 -209.76 64.06
v 115.66 -202.08 64.06
v 109.16 -204.39 64.06
v 111.89 -212.07 54.80
v 118.39 -209.76 54.80
v 118.39 -209.76 64.06
v 111.89 -212.07 64.06
v 118.39 -209.76 54.80
v 115.66 -202.08 54.80
v 115.66 -202.08 64.06
v 118.39 -209.76 64.06
v 115.66 -202.08 54.80
v 109.16 -204.39 54.80
v 109.16 -204.39 64.06
v 115.66 -202.08 64.06
v 109.16 -204.39 54.80
v 111.89 -212.07 54.80
v 111.89 -212.07 64.06
v 109.16 -204.39 64.06
v 104.84 -195.66 54.80
v 113.51 -192.58 54.80
v 116.22 -200.21 54.80
v 107.55 -203.29 54.80
v 107.55 -203.29 68.20
v 116.22 -200.21 68.20
v 113.51 -192.58 68.20
v 104.84 -195.66 68.20
v 107.55 -203.29 54.80
v 116.22 -200.21 54.80
v 116.22 -200.21 68.20
v 107.55 -203.29 68.20
v 116.22 -200.21 54.80
v 113.51 -192.58 54.80
v 113.51 -192.58 68.20
v 116.22 -200.21 68.20
v 113.51 -192.58 54.80
v 104.84 -195.66 54.80
v 104.84 -195.66 68.20
v 113.51 -192.58 68.20
v 104.84 -195.66 54.80
v 107.55 -203.29 54.80
v 107.55 -203.29 68.20
v 104.84 -195.66 68.20
v 102.72 -186.53 54.80
v 109.40 -184.16 54.80
v 111.85 -191.06 54.80
v 105.17 -193.43 54.80
v 105.17 -193.43 64.25
v 111.85 -191.06 64.25
v 109.40 -184.16 64.25
v 102.72 -186.53 64.25
v 105.17 -193.43 54.80
v 111.85 -191.06 54.80
v 111.85 -191.06 64.25
v 105.17 -193.43 64.25
v 111.85 -191.06 54.80
v 109.40 -184.16 54.80
v 109.40 -184.16 64.25
v 111.85 -191.06 64.25
v 109.40 -184.16 54.80
v 102.72 -186.53 54.80
v 102.72 -186.53 64.25
v 109.40 -184.16 64.25
v 102.72 -186.53 54.80
v 105.17 -193.43 54.80
v 105.17 -193.43 64.25
v 102.72 -186.53 64.25
v 131.76 -192.78 54.80
v 139.57 -188.47 54.80
v 143.17 -194.99 54.80
v 135.36 -199.31 54.80
v 135.36 -199.31 63.23
v 143.17 -194.99 63.23
v 139.57 -188.47 63.23
v 131.76 -192.78 63.23
v 135.36 -199.31 54.80
v 143.17 -194.99 54.80
v 143.17 -194.99 63.23
v 135.36 -199.31 63.23
v 143.17 -194.99 54.80
v 139.57 -188.47 54.80
v 139.57 -188.47 63.23
v 143.17 -194.99 63.23
v 139.57 -188.47 54.80
v 131.76 -192.78 54.80
v 131.76 -192.78 63.23
v 139.57 -188.47 63.23
v 131.76 -192.78 54.80
v 135.36 -199.31 54.80
v 135.36 -199.31 63.23
v 131.76 -192.78 63.23
v 127.97 -184.53 54.80
v 134.60 -180.87 54.80
v 137.71 -186.50 54.80
v 131.08 -190.16 54.80
v 131.08 -190.16 62.74
v 137.71 -186.50 62.74
v 134.60 -180.87 62.74
v 127.97 -184.53 62.74
v 131.08 -190.16 54.80
v 137.71 -186.50 54.80
v 137.71 -186.50 62.74
v 131.08 -190.16 62.74
v 137.71 -186.50 54.80
v 134.60 -180.87 54.80
v 134.60 -180.87 62.74
v 137.71 -186.50 62.74
v 134.60 -180.87 54.80
v 127.97 -184.53 54.80
v 127.97 -184.53 62.74
v 134.60 -180.87 62.74
v 127.97 -184.53 54.80
v 131.08 -190.16 54.80
v 131.08 -190.16 62.74
v 127.97 -184.53 62.74
v 122.97 -176.39 54.80
v 130.38 -172.30 54.80
v 133.47 -177.88 54.80
v 126.05 -181.98 54.80
v 126.05 -181.98 63.29
v 133.47 -177.88 63.29
v 130.38 -172.30 63.29
v 122.97 -176.39 63.29
v 126.05 -181.98 54.80
v 133.47 -177.88 54.80
v 133.47 -177.88 63.29
v 126.05 -181.98 63.29
v 133.47 -177.88 54.80
v 130.38 -172.30 54.80
v 130.38 -172.30 63.29
v 133.47 -177.88 63.29
v 130.38 -172.30 54.80
v 122.97 -176.39 54.80
v 122.97 -176.39 63.29
v 130.38 -172.30 63.29
v 122.97 -176.39 54.80
v 126.05 -181.98 54.80
v 126.05 -181.98 63.29
v 122.97 -176.39 63.29
v 154.03 -178.98 54.80
v 159.28 -174.90 54.80
v 164.41 -181.49 54.80
v 159.15 -185.57 54.80
v 159.15 -185.57 62.78
v 164.41 -181.49 62.78
v 159.28 -174.90 62.78
v 154.03 -178.98 62.78
v 159.15 -185.57 54.80
v 164.41 -181.49 54.80
v 164.41 -181.49 62.78
v 159.15 -185.57 62.78
v 164.41 -181.49 54.80
v 159.28 -174.90 54.80
v 159.28 -174.90 62.78
v 164.41 -181.49 62.78
v 159.28 -174.90 54.80
v 154.03 -178.98 54.80
v 154.03 -178.98 62.78
v 159.28 -174.90 62.78
v 154.03 -178.98 54.80
v 159.15 -185.57 54.80
v 159.15 -185.57 62.78
v 154.03 -178.98 62.78
v 147.48 -172.42 54.80
v 154.54 -166.93 54.80
v 159.17 -172.89 54.80
v 152.11 -178.38 54.80
v 152.11 -178.38 65.41
v 159.17 -172.89 65.41
v 154.54 -166.93 65.41
v 147.48 -172.42 65.41
v 152.11 -178.38 54.80
v 159.17 -172.89 54.80
v 159.17 -172.89 65.41
v 152.11 -178.38 65.41
v 159.17 -172.89 54.80
v 154.54 -166.93 54.80
v 154.54 -166.93 65.41
v 159.17 -172.89 65.41
v 154.54 -166.93 54.80
v 147.48 -172.42 54.80
v 147.48 -172.42 65.41
v 154.54 -166.93 65.41
v 147.48 -172.42 54.80
v 152.11 -178.38 54.80
v 152.11 -178.38 65.41
v 147.48 -172.42 65.41
v 141.77 -165.31 54.80
v 149.06 -159.65 54.80
v 153.10 -164.84 54.80
v 145.81 -170.51 54.80
v 145.81 -170.51 68.46
v 153.10 -164.84 68.46
v 149.06 -159.65 68.46
v 141.77 -165.31 68.46
v 145.81 -170.51 54.80
v 153.10 -164.84 54.80
v 153.10 -164.84 68.46
v 145.81 -170.51 68.46
v 153.10 -164.84 54.80
v 149.06 -159.65 54.80
v 149.06 -159.65 68.46
v 153.10 -164.84 68.46
v 149.06 -159.65 54.80
v 141.77 -165.31 54.80
v 141.77 -165.31 68.46
v 149.06 -159.65 68.46
v 141.77 -165.31 54.80
v 145.81 -170.51 54.80
v 145.81 -170.51 68.46
v 141.77 -165.31 68.46
v 169.05 -161.16 54.80
v 174.22 -155.73 54.80
v 178.68 -159.98 54.80
v 173.50 -165.41 54.80
v 173.50 -165.41 65.97
v 178.68 -159.98 65.97
v 174.22 -155.73 65.97
v 169.05 -161.16 65.97
v 174.22 -155.73 54.80
v 169.05 -161.16 54.80
v 169.05 -161.16 65.97
v 174.22 -155.73 65.97
v 169.05 -161.16 54.80
v 173.50 -165.41 54.80
v 173.50 -165.41 65.97
v 169.05 -161.16 65.97
v 160.72 -154.21 54.80
v 166.90 -147.74 54.80
v 172.68 -153.26 54.80
v 166.51 -159.73 54.80
v 166.51 -159.73 66.05
v 172.68 -153.26 66.05
v 166.90 -147.74 66.05
v 160.72 -154.21 66.05
v 166.51 -159.73 54.80
v 172.68 -153.26 54.80
v 172.68 -153.26 66.05
v 166.51 -159.73 66.05
v 172.68 -153.26 54.80
v 166.90 -147.74 54.80
v 166.90 -147.74 66.05
v 172.68 -153.26 66.05
v 166.90 -147.74 54.80
v 160.72 -154.21 54.80
v 160.72 -154.21 66.05
v 166.90 -147.74 66.05
v 160.72 -154.21 54.80
v 166.51 -159.73 54.80
v 166.51 -159.73 66.05
v 160.72 -154.21 66.05
v -172.03 -22.11 40.80
v -172.89 -29.27 40.80
v -179.91 -28.42 40.80
v -179.05 -21.27 40.80
v -179.05 -21.27 52.69
v -179.91 -28.42 52.69
v -172.89 -29.27 52.69
v -172.03 -22.11 52.69
v -179.05 -21.27 40.80
v -179.91 -28.42 40.80
v -179.91 -28.42 52.69
v -179.05 -21.27 52.69
v -179.91 -28.42 40.80
v -172.89 -29.27 40.80
v -172.89 -29.27 52.69
v -179.91 -28.42 52.69
v -172.03 -22.11 40.80
v -179.05 -21.27 40.80
v -179.05 -21.27 52.69
v -172.03 -22.11 52.69
v -178.60 -48.34 40.80
v -178.60 -55.66 40.80
v -178.60 -55.66 51.10
v -178.60 -48.34 51.10
v -140.12 -147.55 40.80
v -136.25 -154.75 40.80
v -136.25 -154.75 54.74
v -140.12 -147.55 54.74
v -136.25 -154.75 40.80
v -130.35 -151.57 40.80
v -130.35 -151.57 54.74
v -136.25 -154.75 54.74
v -121.38 -168.18 40.80
v -116.34 -175.13 40.80
v -122.17 -179.36 40.80
v -127.21 -172.41 40.80
v -127.21 -172.41 49.03
v -122.17 -179.36 49.03
v -116.34 -175.13 49.03
v -121.38 -168.18 49.03
v -127.21 -172.41 40.80
v -122.17 -179.36 40.80
v -122.17 -179.36 49.03
v -127.21 -172.41 49.03
v -122.17 -179.36 40.80
v -116.34 -175.13 40.80
v -116.34 -175.13 49.03
v -122.17 -179.36 49.03
v -116.34 -175.13 40.80
v -121.38 -168.18 40.80
v -121.38 -168.18 49.03
v -116.34 -175.13 49.03
v -121.38 -168.18 40.80
v -127.21 -172.41 40.80
v -127.21 -172.41 49.03
v -121.38 -168.18 49.03
v -111.29 -160.52 40.80
v -105.93 -167.91 40.80
v -112.73 -172.85 40.80
v -118.09 -165.46 40.80
v -118.09 -165.46 51.38
v -112.73 -172.85 51.38
v -105.93 -167.91 51.38
v -111.29 -160.52 51.38
v -118.09 -165.46 40.80
v -112.73 -172.85 40.80
v -112.73 -172.85 51.38
v -118.09 -165.46 51.38
v -112.73 -172.85 40.80
v -105.93 -167.91 40.80
v -105.93 -167.91 51.38
v -112.73 -172.85 51.38
v -105.93 -167.91 40.80
v -111.29 -160.52 40.80
v -111.29 -160.52 51.38
v -105.93 -167.91 51.38
v -111.29 -160.52 40.80
v -118.09 -165.46 40.80
v -118.09 -165.46 51.38
v -111.29 -160.52 51.38
v -101.52 -154.08 40.80
v -96.78 -160.62 40.80
v -102.97 -165.12 40.80
v -107.72 -158.58 40.80
v -107.72 -158.58 54.76
v -102.97 -165.12 54.76
v -96.78 -160.62 54.76
v -101.52 -154.08 54.76
v -107.72 -158.58 40.80
v -102.97 -165.12 40.80
v -102.97 -165.12 54.76
v -107.72 -158.58 54.76
v -102.97 -165.12 40.80
v -96.78 -160.62 40.80
v -96.78 -160.62 54.76
v -102.97 -165.12 54.76
v -96.78 -160.62 40.80
v -101.52 -154.08 40.80
v -101.52 -154.08 54.76
v -96.78 -160.62 54.76
v -101.52 -154.08 40.80
v -107.72 -158.58 40.80
v -107.72 -158.58 54.76
v -101.52 -154.08 54.76
v -102.06 -189.12 40.80
v -96.06 -195.32 40.80
v -101.40 -200.49 40.80
v -107.40 -194.28 40.80
v -107.40 -194.28 53.11
v -101.40 -200.49 53.11
v -96.06 -195.32 53.11
v -102.06 -189.12 53.11
v -107.40 -194.28 40.80
v -101.40 -200.49 40.80
v -101.40 -200.49 53.11
v -107.40 -194.28 53.11
v -101.40 -200.49 40.80
v -96.06 -195.32 40.80
v -96.06 -195.32 53.11
v -101.40 -200.49 53.11
v -96.06 -195.32 40.80
v -102.06 -189.12 40.80
v -102.06 -189.12 53.11
v -96.06 -195.32 53.11
v -102.06 -189.12 40.80
v -107.40 -194.28 40.80
v -107.40 -194.28 53.11
v -102.06 -189.12 53.11
v -93.56 -181.42 40.80
v -88.08 -187.09 40.80
v -92.70 -191.56 40.80
v -98.18 -185.89 40.80
v -98.18 -185.89 50.15
v -92.70 -191.56 50.15
v -88.08 -187.09 50.15
v -93.56 -181.42 50.15
v -98.18 -185.89 40.80
v -92.70 -191.56 40.80
v -92.70 -191.56 50.15
v -98.18 -185.89 50.15
v -92.70 -191.56 40.80
v -88.08 -187.09 40.80
v -88.08 -187.09 50.15
v -92.70 -191.56 50.15
v -88.08 -187.09 40.80
v -93.56 -181.42 40.80
v -93.56 -181.42 50.15
v -88.08 -187.09 50.15
v -93.56 -181.42 40.80
v -98.18 -185.89 40.80
v -98.18 -185.89 50.15
v -93.56 -181.42 50.15
v -84.64 -172.57 40.80
v -78.93 -178.48 40.80
v -84.42 -183.79 40.80
v -90.13 -177.88 40.80
v -90.13 -177.88 48.67
v -84.42 -183.79 48.67
v -78.93 -178.48 48.67
v -84.64 -172.57 48.67
v -90.13 -177.88 40.80
v -84.42 -183.79 40.80
v -84.42 -183.79 48.67
v -90.13 -177.88 48.67
v -84.42 -183.79 40.80
v -78.93 -178.48 40.80
v -78.93 -178.48 48.67
v -84.42 -183.79 48.67
v -78.93 -178.48 40.80
v -84.64 -172.57 40.80
v -84.64 -172.57 48.67
v -78.93 -178.48 48.67
v -84.64 -172.57 40.80
v -90.13 -177.88 40.80
v -90.13 -177.88 48.67
v -84.64 -172.57 48.67
v -77.28 -205.29 40.80
v -70.15 -210.76 40.80
v -74.25 -216.11 40.80
v -81.38 -210.64 40.80
v -81.38 -210.64 54.21
v -74.25 -216.11 54.21
v -70.15 -210.76 54.21
v -77.28 -205.29 54.21
v -81.38 -210.64 40.80
v -74.25 -216.11 40.80
v -74.25 -216.11 54.21
v -81.38 -210.64 54.21
v -74.25 -216.11 40.80
v -70.15 -210.76 40.80
v -70.15 -210.76 54.21
v -74.25 -216.11 54.21
v -70.15 -210.76 40.80
v -77.28 -205.29 40.80
v -77.28 -205.29 54.21
v -70.15 -210.76 54.21
v -77.28 -205.29 40.80
v -81.38 -210.64 40.80
v -81.38 -210.64 54.21
v -77.28 -205.29 54.21
v -69.99 -196.23 40.80
v -63.28 -201.38 40.80
v -67.37 -206.70 40.80
v -74.07 -201.56 40.80
v -74.07 -201.56 49.56
v -67.37 -206.70 49.56
v -63.28 -201.38 49.56
v -69.99 -196.23 49.56
v -74.07 -201.56 40.80
v -67.37 -206.70 40.80
v -67.37 -206.70 49.56
v -74.07 -201.56 49.56
v -67.37 -206.70 40.80
v -63.28 -201.38 40.80
v -63.28 -201.38 49.56
v -67.37 -206.70 49.56
v -63.28 -201.38 40.80
v -69.99 -196.23 40.80
v -69.99 -196.23 49.56
v -63.28 -201.38 49.56
v -69.99 -196.23 40.80
v -74.07 -201.56 40.80
v -74.07 -201.56 49.56
v -69.99 -196.23 49.56
v -62.37 -186.73 40.80
v -56.08 -191.56 40.80
v -60.82 -197.73 40.80
v -67.10 -192.91 40.80
v -67.10 -192.91 53.72
v -60.82 -197.73 53.72
v -56.08 -191.56 53.72
v -62.37 -186.73 53.72
v -67.10 -192.91 40.80
v -60.82 -197.73 40.80
v -60.82 -197.73 53.72
v -67.10 -192.91 53.72
v -60.82 -197.73 40.80
v -56.08 -191.56 40.80
v -56.08 -191.56 53.72
v -60.82 -197.73 53.72
v -56.08 -191.56 40.80
v -62.37 -186.73 40.80
v -62.37 -186.73 53.72
v -56.08 -191.56 53.72
v -62.37 -186.73 40.80
v -67.10 -192.91 40.80
v -67.10 -192.91 53.72
v -62.37 -186.73 53.72
v -48.97 -217.41 40.80
v -41.59 -221.43 40.80
v -44.77 -227.25 40.80
v -52.14 -223.23 40.80
v -52.14 -223.23 54.96
v -44.77 -227.25 54.96
v -41.59 -221.43 54.96
v -48.97 -217.41 54.96
v -52.14 -223.23 40.80
v -44.77 -227.25 40.80
v -44.77 -227.25 54.96
v -52.14 -223.23 54.96
v -44.77 -227.25 40.80
v -41.59 -221.43 40.80
v -41.59 -221.43 54.96
v -44.77 -227.25 54.96
v -41.59 -221.43 40.80
v -48.97 -217.41 40.80
v -48.97 -217.41 54.96
v -41.59 -221.43 54.96
v -48.97 -217.41 40.80
v -52.14 -223.23 40.80
v -52.14 -223.23 54.96
v -48.97 -217.41 54.96
v -43.65 -207.19 40.80
v -35.88 -211.42 40.80
v -39.27 -217.64 40.80
v -47.04 -213.40 40.80
v -47.04 -213.40 51.14
v -39.27 -217.64 51.14
v -35.88 -211.42 51.14
v -43.65 -207.19 51.14
v -47.04 -213.40 40.80
v -39.27 -217.64 40.80
v -39.27 -217.64 51.14
v -47.04 -213.40 51.14
v -39.27 -217.64 40.80
v -35.88 -211.42 40.80
v -35.88 -211.42 51.14
v -39.27 -217.64 51.14
v -35.88 -211.42 40.80
v -43.65 -207.19 40.80
v -43.65 -207.19 51.14
v -35.88 -211.42 51.14
v -43.65 -207.19 40.80
v -47.04 -213.40 40.80
v -47.04 -213.40 51.14
v -43.65 -207.19 51.14
v -37.18 -197.56 40.80
v -31.30 -200.77 40.80
v -34.94 -207.44 40.80
v -40.81 -204.23 40.80
v -40.81 -204.23 54.88
v -34.94 -207.44 54.88
v -31.30 -200.77 54.88
v -37.18 -197.56 54.88
v -40.81 -204.23 40.80
v -34.94 -207.44 40.80
v -34.94 -207.44 54.88
v -40.81 -204.23 54.88
v -34.94 -207.44 40.80
v -31.30 -200.77 40.80
v -31.30 -200.77 54.88
v -34.94 -207.44 54.88
v -31.30 -200.77 40.80
v -37.18 -197.56 40.80
v -37.18 -197.56 54.88
v -31.30 -200.77 54.88
v -37.18 -197.56 40.80
v -40.81 -204.23 40.80
v -40.81 -204.23 54.88
v -37.18 -197.56 54.88
v -20.22 -227.42 40.80
v -11.80 -230.38 40.80
v -13.97 -236.54 40.80
v -22.39 -233.59 40.80
v -22.39 -233.59 51.96
v -13.97 -236.54 51.96
v -11.80 -230.38 51.96
v -20.22 -227.42 51.96
v -22.39 -233.59 40.80
v -13.97 -236.54 40.80
v -13.97 -236.54 51.96
v -22.39 -233.59 51.96
v -13.97 -236.54 40.80
v -11.80 -230.38 40.80
v -11.80 -230.38 51.96
v -13.97 -236.54 51.96
v -11.80 -230.38 40.80
v -20.22 -227.42 40.80
v -20.22 -227.42 51.96
v -11.80 -230.38 51.96
v -20.22 -227.42 40.80
v -22.39 -233.59 40.80
v -22.39 -233.59 51.96
v -20.22 -227.42 51.96
v -16.21 -216.79 40.80
v -8.30 -219.57 40.80
v -10.63 -226.22 40.80
v -18.55 -223.45 40.80
v -18.55 -223.45 52.18
v -10.63 -226.22 52.18
v -8.30 -219.57 52.18
v -16.21 -216.79 52.18
v -18.55 -223.45 40.80
v -10.63 -226.22 40.80
v -10.63 -226.22 52.18
v -18.55 -223.45 52.18
v -10.63 -226.22 40.80
v -8.30 -219.57 40.80
v -8.30 -219.57 52.18
v -10.63 -226.22 52.18
v -8.30 -219.57 40.80
v -16.21 -216.79 40.80
v -16.21 -216.79 52.18
v -8.30 -219.57 52.18
v -16.21 -216.79 40.80
v -18.55 -223.45 40.80
v -18.55 -223.45 52.18
v -16.21 -216.79 52.18
v -11.69 -206.65 40.80
v -5.50 -208.82 40.80
v -7.81 -215.41 40.80
v -14.00 -213.25 40.80
v -14.00 -213.25 54.28
v -7.81 -215.41 54.28
v -5.50 -208.82 54.28
v -11.69 -206.65 54.28
v -14.00 -213.25 40.80
v -7.81 -215.41 40.80
v -7.81 -215.41 54.28
v -14.00 -213.25 54.28
v -7.81 -215.41 40.80
v -5.50 -208.82 40.80
v -5.50 -208.82 54.28
v -7.81 -215.41 54.28
v -5.50 -208.82 40.80
v -11.69 -206.65 40.80
v -11.69 -206.65 54.28
v -5.50 -208.82 54.28
v -11.69 -206.65 40.80
v -14.00 -213.25 40.80
v -14.00 -213.25 54.28
v -11.69 -206.65 54.28
v 10.42 -235.76 40.80
v 18.26 -237.11 40.80
v 16.93 -244.88 40.80
v 9.09 -243.53 40.80
v 9.09 -243.53 53.28
v 16.93 -244.88 53.28
v 18.26 -237.11 53.28
v 10.42 -235.76 53.28
v 9.09 -243.53 40.80
v 16.93 -244.88 40.80
v 16.93 -244.88 53.28
v 9.09 -243.53 53.28
v 16.93 -244.88 40.80
v 18.26 -237.11 40.80
v 18.26 -237.11 53.28
v 16.93 -244.88 53.28
v 18.26 -237.11 40.80
v 10.42 -235.76 40.80
v 10.42 -235.76 53.28
v 18.26 -237.11 53.28
v 10.42 -235.76 40.80
v 9.09 -243.53 40.80
v 9.09 -243.53 53.28
v 10.42 -235.76 53.28
v 12.38 -225.68 40.80
v 19.78 -226.95 40.80
v 18.74 -233.04 40.80
v 11.33 -231.77 40.80
v 11.33 -231.77 52.46
v 18.74 -233.04 52.46
v 19.78 -226.95 52.46
v 12.38 -225.68 52.46
v 11.33 -231.77 40.80
v 18.74 -233.04 40.80
v 18.74 -233.04 52.46
v 11.33 -231.77 52.46
v 18.74 -233.04 40.80
v 19.78 -226.95 40.80
v 19.78 -226.95 52.46
v 18.74 -233.04 52.46
v 19.78 -226.95 40.80
v 12.38 -225.68 40.80
v 12.38 -225.68 52.46
v 19.78 -226.95 52.46
v 12.38 -225.68 40.80
v 11.33 -231.77 40.80
v 11.33 -231.77 52.46
v 12.38 -225.68 52.46
v 14.17 -214.09 40.80
v 21.95 -215.43 40.80
v 20.70 -222.70 40.80
v 12.92 -221.36 40.80
v 12.92 -221.36 53.05
v 20.70 -222.70 53.05
v 21.95 -215.43 53.05
v 14.17 -214.09 53.05
v 12.92 -221.36 40.80
v 20.70 -222.70 40.80
v 20.70 -222.70 53.05
v 12.92 -221.36 53.05
v 20.70 -222.70 40.80
v 21.95 -215.43 40.80
v 21.95 -215.43 53.05
v 20.70 -222.70 53.05
v 21.95 -215.43 40.80
v 14.17 -214.09 40.80
v 14.17 -214.09 53.05
v 21.95 -215.43 53.05
v 14.17 -214.09 40.80
v 12.92 -221.36 40.80
v 12.92 -221.36 53.05
v 14.17 -214.09 53.05
v 41.85 -240.71 40.80
v 50.15 -240.71 40.80
v 50.15 -249.08 40.80
v 41.85 -249.08 40.80
v 41.85 -249.08 55.01
v 50.15 -249.08 55.01
v 50.15 -240.71 55.01
v 41.85 -240.71 55.01
v 41.85 -249.08 40.80
v 50.15 -249.08 40.80
v 50.15 -249.08 55.01
v 41.85 -249.08 55.01
v 50.15 -249.08 40.80
v 50.15 -240.71 40.80
v 50.15 -240.71 55.01
v 50.15 -249.08 55.01
v 50.15 -240.71 40.80
v 41.85 -240.71 40.80
v 41.85 -240.71 55.01
v 50.15 -240.71 55.01
v 41.85 -240.71 40.80
v 41.85 -249.08 40.80
v 41.85 -249.08 55.01
v 41.85 -240.71 55.01
v 41.84 -229.97 40.80
v 50.16 -229.97 40.80
v 50.16 -237.37 40.80
v 41.84 -237.37 40.80
v 41.84 -237.37 55.07
v 50.16 -237.37 55.07
v 50.16 -229.97 55.07
v 41.84 -229.97 55.07
v 41.84 -237.37 40.80
v 50.16 -237.37 40.80
v 50.16 -237.37 55.07
v 41.84 -237.37 55.07
v 50.16 -237.37 40.80
v 50.16 -229.97 40.80
v 50.16 -229.97 55.07
v 50.16 -237.37 55.07
v 50.16 -229.97 40.80
v 41.84 -229.97 40.80
v 41.84 -229.97 55.07
v 50.16 -229.97 55.07
v 41.84 -229.97 40.80
v 41.84 -237.37 40.80
v 41.84 -237.37 55.07
v 41.84 -229.97 55.07
v 41.50 -219.30 40.80
v 50.50 -219.30 40.80
v 50.50 -225.58 40.80
v 41.50 -225.58 40.80
v 41.50 -225.58 49.34
v 50.50 -225.58 49.34
v 50.50 -219.30 49.34
v 41.50 -219.30 49.34
v 41.50 -225.58 40.80
v 50.50 -225.58 40.80
v 50.50 -225.58 49.34
v 41.50 -225.58 49.34
v 50.50 -225.58 40.80
v 50.50 -219.30 40.80
v 50.50 -219.30 49.34
v 50.50 -225.58 49.34
v 50.50 -219.30 40.80
v 41.50 -219.30 40.80
v 41.50 -219.30 49.34
v 50.50 -219.30 49.34
v 41.50 -219.30 40.80
v 41.50 -225.58 40.80
v 41.50 -225.58 49.34
v 41.50 -219.30 49.34
v 74.49 -239.92 40.80
v 81.81 -238.66 40.80
v 82.87 -244.84 40.80
v 75.55 -246.09 40.80
v 75.55 -246.09 49.23
v 82.87 -244.84 49.23
v 81.81 -238.66 49.23
v 74.49 -239.92 49.23
v 75.55 -246.09 40.80
v 82.87 -244.84 40.80
v 82.87 -244.84 49.23
v 75.55 -246.09 49.23
v 82.87 -244.84 40.80
v 81.81 -238.66 40.80
v 81.81 -238.66 49.23
v 82.87 -244.84 49.23
v 81.81 -238.66 40.80
v 74.49 -239.92 40.80
v 74.49 -239.92 49.23
v 81.81 -238.66 49.23
v 74.49 -239.92 40.80
v 75.55 -246.09 40.80
v 75.55 -246.09 49.23
v 74.49 -239.92 49.23
v 72.80 -228.10 40.80
v 79.46 -226.96 40.80
v 80.75 -234.49 40.80
v 74.09 -235.64 40.80
v 74.09 -235.64 51.88
v 80.75 -234.49 51.88
v 79.46 -226.96 51.88
v 72.80 -228.10 51.88
v 74.09 -235.64 40.80
v 80.75 -234.49 40.80
v 80.75 -234.49 51.88
v 74.09 -235.64 51.88
v 80.75 -234.49 40.80
v 79.46 -226.96 40.80
v 79.46 -226.96 51.88
v 80.75 -234.49 51.88
v 79.46 -226.96 40.80
v 72.80 -228.10 40.80
v 72.80 -228.10 51.88
v 79.46 -226.96 51.88
v 72.80 -228.10 40.80
v 74.09 -235.64 40.80
v 74.09 -235.64 51.88
v 72.80 -228.10 51.88
v 69.78 -217.65 40.80
v 78.83 -216.10 40.80
v 79.97 -222.79 40.80
v 70.93 -224.34 40.80
v 70.93 -224.34 53.92
v 79.97 -222.79 53.92
v 78.83 -216.10 53.92
v 69.78 -217.65 53.92
v 70.93 -224.34 40.80
v 79.97 -222.79 40.80
v 79.97 -222.79 53.92
v 70.93 -224.34 53.92
v 79.97 -222.79 40.80
v 78.83 -216.10 40.80
v 78.83 -216.10 53.92
v 79.97 -222.79 53.92
v 78.83 -216.10 40.80
v 69.78 -217.65 40.80
v 69.78 -217.65 53.92
v 78.83 -216.10 53.92
v 69.78 -217.65 40.80
v 70.93 -224.34 40.80
v 70.93 -224.34 53.92
v 69.78 -217.65 53.92
v 103.75 -230.37 40.80
v 112.26 -227.39 40.80
v 114.49 -233.74 40.80
v 105.98 -236.72 40.80
v 105.98 -236.72 49.53
v 114.49 -233.74 49.53
v 112.26 -227.39 49.53
v 103.75 -230.37 49.53
v 105.98 -236.72 40.80
v 114.49 -233.74 40.80
v 114.49 -233.74 49.53
v 105.98 -236.72 49.53
v 114.49 -233.74 40.80
v 112.26 -227.39 40.80
v 112.26 -227.39 49.53
v 114.49 -233.74 49.53
v 112.26 -227.39 40.80
v 103.75 -230.37 40.80
v 103.75 -230.37 49.53
v 112.26 -227.39 49.53
v 103.75 -230.37 40.80
v 105.98 -236.72 40.80
v 105.98 -236.72 49.53
v 103.75 -230.37 49.53
v 101.17 -219.73 40.80
v 107.64 -217.46 40.80
v 109.72 -223.42 40.80
v 103.25 -225.69 40.80
v 103.25 -225.69 50.83
v 109.72 -223.42 50.83
v 107.64 -217.46 50.83
v 101.17 -219.73 50.83
v 103.25 -225.69 40.80
v 109.72 -223.42 40.80
v 109.72 -223.42 50.83
v 103.25 -225.69 50.83
v 109.72 -223.42 40.80
v 107.64 -217.46 40.80
v 107.64 -217.46 50.83
v 109.72 -223.42 50.83
v 107.64 -217.46 40.80
v 101.17 -219.73 40.80
v 101.17 -219.73 50.83
v 107.64 -217.46 50.83
v 101.17 -219.73 40.80
v 103.25 -225.69 40.80
v 103.25 -225.69 50.83
v 101.17 -219.73 50.83
v 96.75 -208.77 40.80
v 104.24 -206.14 40.80
v 106.80 -213.42 40.80
v 99.30 -216.05 40.80
v 99.30 -216.05 53.42
v 106.80 -213.42 53.42
v 104.24 -206.14 53.42
v 96.75 -208.77 53.42
v 99.30 -216.05 40.80
v 106.80 -213.42 40.80
v 106.80 -213.42 53.42
v 99.30 -216.05 53.42
v 106.80 -213.42 40.80
v 104.24 -206.14 40.80
v 104.24 -206.14 53.42
v 106.80 -213.42 53.42
v 104.24 -206.14 40.80
v 96.75 -208.77 40.80
v 96.75 -208.77 53.42
v 104.24 -206.14 53.42
v 96.75 -208.77 40.80
v 99.30 -216.05 40.80
v 99.30 -216.05 53.42
v 96.75 -208.77 53.42
v 130.54 -215.16 40.80
v 137.35 -211.45 40.80
v 141.27 -218.63 40.80
v 134.46 -222.34 40.80
v 134.46 -222.34 51.01
v 141.27 -218.63 51.01
v 137.35 -211.45 51.01
v 130.54 -215.16 51.01
v 134.46 -222.34 40.80
v 141.27 -218.63 40.80
v 141.27 -218.63 51.01
v 134.46 -222.34 51.01
v 141.27 -218.63 40.80
v 137.35 -211.45 40.80
v 137.35 -211.45 51.01
v 141.27 -218.63 51.01
v 137.35 -211.45 40.80
v 130.54 -215.16 40.80
v 130.54 -215.16 51.01
v 137.35 -211.45 51.01
v 130.54 -215.16 40.80
v 134.46 -222.34 40.80
v 134.46 -222.34 51.01
v 130.54 -215.16 51.01
v 125.89 -205.93 40.80
v 132.12 -202.53 40.80
v 135.46 -208.66 40.80
v 129.23 -212.06 40.80
v 129.23 -212.06 52.93
v 135.46 -208.66 52.93
v 132.12 -202.53 52.93
v 125.89 -205.93 52.93
v 129.23 -212.06 40.80
v 135.46 -208.66 40.80
v 135.46 -208.66 52.93
v 129.23 -212.06 52.93
v 135.46 -208.66 40.80
v 132.12 -202.53 40.80
v 132.12 -202.53 52.93
v 135.46 -208.66 52.93
v 132.12 -202.53 40.80
v 125.89 -205.93 40.80
v 125.89 -205.93 52.93
v 132.12 -202.53 52.93
v 125.89 -205.93 40.80
v 129.23 -212.06 40.80
v 129.23 -212.06 52.93
v 125.89 -205.93 52.93
v 120.02 -196.93 40.80
v 127.72 -192.73 40.80
v 130.85 -198.47 40.80
v 123.16 -202.67 40.80
v 123.16 -202.67 53.77
v 130.85 -198.47 53.77
v 127.72 -192.73 53.77
v 120.02 -196.93 53.77
v 123.16 -202.67 40.80
v 130.85 -198.47 40.80
v 130.85 -198.47 53.77
v 123.16 -202.67 53.77
v 130.85 -198.47 40.80
v 127.72 -192.73 40.80
v 127.72 -192.73 53.77
v 130.85 -198.47 53.77
v 127.72 -192.73 40.80
v 120.02 -196.93 40.80
v 120.02 -196.93 53.77
v 127.72 -192.73 53.77
v 120.02 -196.93 40.80
v 123.16 -202.67 40.80
v 123.16 -202.67 53.77
v 120.02 -196.93 53.77
v 155.19 -200.02 40.80
v 160.70 -195.79 40.80
v 165.42 -201.93 40.80
v 159.90 -206.16 40.80
v 159.90 -206.16 50.78
v 165.42 -201.93 50.78
v 160.70 -195.79 50.78
v 155.19 -200.02 50.78
v 159.90 -206.16 40.80
v 165.42 -201.93 40.80
v 165.42 -201.93 50.78
v 159.90 -206.16 50.78
v 165.42 -201.93 40.80
v 160.70 -195.79 40.80
v 160.70 -195.79 50.78
v 165.42 -201.93 50.78
v 160.70 -195.79 40.80
v 155.19 -200.02 40.80
v 155.19 -200.02 50.78
v 160.70 -195.79 50.78
v 155.19 -200.02 40.80
v 159.90 -206.16 40.80
v 159.90 -206.16 50.78
v 155.19 -200.02 50.78
v 148.34 -191.26 40.80
v 154.01 -186.90 40.80
v 158.97 -193.35 40.80
v 153.29 -197.71 40.80
v 153.29 -197.71 52.80
v 158.97 -193.35 52.80
v 154.01 -186.90 52.80
v 148.34 -191.26 52.80
v 153.29 -197.71 40.80
v 158.97 -193.35 40.80
v 158.97 -193.35 52.80
v 153.29 -197.71 52.80
v 158.97 -193.35 40.80
v 154.01 -186.90 40.80
v 154.01 -186.90 52.80
v 158.97 -193.35 52.80
v 154.01 -186.90 40.80
v 148.34 -191.26 40.80
v 148.34 -191.26 52.80
v 154.01 -186.90 52.80
v 148.34 -191.26 40.80
v 153.29 -197.71 40.80
v 153.29 -197.71 52.80
v 148.34 -191.26 52.80
v 141.46 -182.76 40.80
v 147.59 -178.06 40.80
v 152.54 -184.51 40.80
v 146.41 -189.22 40.80
v 146.41 -189.22 54.59
v 152.54 -184.51 54.59
v 147.59 -178.06 54.59
v 141.46 -182.76 54.59
v 146.41 -189.22 40.80
v 152.54 -184.51 40.80
v 152.54 -184.51 54.59
v 146.41 -189.22 54.59
v 152.54 -184.51 40.80
v 147.59 -178.06 40.80
v 147.59 -178.06 54.59
v 152.54 -184.51 54.59
v 147.59 -178.06 40.80
v 141.46 -182.76 40.80
v 141.46 -182.76 54.59
v 147.59 -178.06 54.59
v 141.46 -182.76 40.80
v 146.41 -189.22 40.80
v 146.41 -189.22 54.59
v 141.46 -182.76 54.59
v 177.38 -172.40 40.80
v 170.78 -179.23 40.80
v 170.78 -179.23 49.64
v 177.38 -172.40 49.64
v 170.78 -179.23 40.80
v 175.61 -183.89 40.80
v 175.61 -183.89 49.64
v 170.78 -179.23 49.64
v 163.35 -171.00 40.80
v 168.91 -165.25 40.80
v 173.51 -169.69 40.80
v 167.95 -175.44 40.80
v 167.95 -175.44 51.44
v 173.51 -169.69 51.44
v 168.91 -165.25 51.44
v 163.35 -171.00 51.44
v 167.95 -175.44 40.80
v 173.51 -169.69 40.80
v 173.51 -169.69 51.44
v 167.95 -175.44 51.44
v 173.51 -169.69 40.80
v 168.91 -165.25 40.80
v 168.91 -165.25 51.44
v 173.51 -169.69 51.44
v 168.91 -165.25 40.80
v 163.35 -171.00 40.80
v 163.35 -171.00 51.44
v 168.91 -165.25 51.44
v 163.35 -171.00 40.80
v 167.95 -175.44 40.80
v 167.95 -175.44 51.44
v 163.35 -171.00 51.44
v -173.22 70.24 28.80
v -177.71 62.02 28.80
v -177.71 62.02 40.24
v -173.22 70.24 40.24
v -177.71 62.02 28.80
v -172.34 59.09 28.80
v -172.34 59.09 40.24
v -177.71 62.02 40.24
v -185.51 41.58 28.80
v -188.21 34.63 28.80
v -193.85 36.82 28.80
v -191.16 43.77 28.80
v -191.16 43.77 39.44
v -193.85 36.82 39.44
v -188.21 34.63 39.44
v -185.51 41.58 39.44
v -191.16 43.77 28.80
v -193.85 36.82 28.80
v -193.85 36.82 39.44
v -191.16 43.77 39.44
v -193.85 36.82 28.80
v -188.21 34.63 28.80
v -188.21 34.63 39.44
v -193.85 36.82 39.44
v -188.21 34.63 28.80
v -185.51 41.58 28.80
v -185.51 41.58 39.44
v -188.21 34.63 39.44
v -185.51 41.58 28.80
v -191.16 43.77 28.80
v -191.16 43.77 39.44
v -185.51 41.58 39.44
v -171.72 35.88 28.80
v -174.18 29.53 28.80
v -182.08 32.59 28.80
v -179.61 38.95 28.80
v -179.61 38.95 38.45
v -182.08 32.59 38.45
v -174.18 29.53 38.45
v -171.72 35.88 38.45
v -179.61 38.95 28.80
v -182.08 32.59 28.80
v -182.08 32.59 38.45
v -179.61 38.95 38.45
v -182.08 32.59 28.80
v -174.18 29.53 28.80
v -174.18 29.53 38.45
v -182.08 32.59 38.45
v -171.72 35.88 28.80
v -179.61 38.95 28.80
v -179.61 38.95 38.45
v -171.72 35.88 38.45
v -199.75 15.58 28.80
v -201.76 7.50 28.80
v -207.62 8.96 28.80
v -205.61 17.04 28.80
v -205.61 17.04 38.03
v -207.62 8.96 38.03
v -201.76 7.50 38.03
v -199.75 15.58 38.03
v -205.61 17.04 28.80
v -207.62 8.96 28.80
v -207.62 8.96 38.03
v -205.61 17.04 38.03
v -207.62 8.96 28.80
v -201.76 7.50 28.80
v -201.76 7.50 38.03
v -207.62 8.96 38.03
v -201.76 7.50 28.80
v -199.75 15.58 28.80
v -199.75 15.58 38.03
v -201.76 7.50 38.03
v -199.75 15.58 28.80
v -205.61 17.04 28.80
v -205.61 17.04 38.03
v -199.75 15.58 38.03
v -185.37 12.36 28.80
v -187.56 3.59 28.80
v -194.80 5.40 28.80
v -192.61 14.16 28.80
v -192.61 14.16 42.58
v -194.80 5.40 42.58
v -187.56 3.59 42.58
v -185.37 12.36 42.58
v -192.61 14.16 28.80
v -194.80 5.40 28.80
v -194.80 5.40 42.58
v -192.61 14.16 42.58
v -194.80 5.40 28.80
v -187.56 3.59 28.80
v -187.56 3.59 42.58
v -194.80 5.40 42.58
v -187.56 3.59 28.80
v -185.37 12.36 28.80
v -185.37 12.36 42.58
v -187.56 3.59 42.58
v -185.37 12.36 28.80
v -192.61 14.16 28.80
v -192.61 14.16 42.58
v -185.37 12.36 42.58
v -172.69 8.31 28.80
v -174.45 1.21 28.80
v -180.28 2.67 28.80
v -178.51 9.76 28.80
v -178.51 9.76 38.98
v -180.28 2.67 38.98
v -174.45 1.21 38.98
v -172.69 8.31 38.98
v -178.51 9.76 28.80
v -180.28 2.67 28.80
v -180.28 2.67 38.98
v -178.51 9.76 38.98
v -180.28 2.67 28.80
v -174.45 1.21 28.80
v -174.45 1.21 38.98
v -180.28 2.67 38.98
v -172.69 8.31 28.80
v -178.51 9.76 28.80
v -178.51 9.76 38.98
v -172.69 8.31 38.98
v -207.24 -12.98 28.80
v -208.21 -20.97 28.80
v -214.45 -20.20 28.80
v -213.47 -12.22 28.80
v -213.47 -12.22 36.92
v -214.45 -20.20 36.92
v -208.21 -20.97 36.92
v -207.24 -12.98 36.92
v -213.47 -12.22 28.80
v -214.45 -20.20 28.80
v -214.45 -20.20 36.92
v -213.47 -12.22 36.92
v -214.45 -20.20 28.80
v -208.21 -20.97 28.80
v -208.21 -20.97 36.92
v -214.45 -20.20 36.92
v -208.21 -20.97 28.80
v -207.24 -12.98 28.80
v -207.24 -12.98 36.92
v -208.21 -20.97 36.92
v -207.24 -12.98 28.80
v -213.47 -12.22 28.80
v -213.47 -12.22 36.92
v -207.24 -12.98 36.92
v -192.22 -15.06 28.80
v -193.14 -22.56 28.80
v -201.43 -21.55 28.80
v -200.51 -14.05 28.80
v -200.51 -14.05 43.16
v -201.43 -21.55 43.16
v -193.14 -22.56 43.16
v -192.22 -15.06 43.16
v -200.51 -14.05 28.80
v -201.43 -21.55 28.80
v -201.43 -21.55 43.16
v -200.51 -14.05 43.16
v -201.43 -21.55 28.80
v -193.14 -22.56 28.80
v -193.14 -22.56 43.16
v -201.43 -21.55 43.16
v -193.14 -22.56 28.80
v -192.22 -15.06 28.80
v -192.22 -15.06 43.16
v -193.14 -22.56 43.16
v -192.22 -15.06 28.80
v -200.51 -14.05 28.80
v -200.51 -14.05 43.16
v -192.22 -15.06 43.16
v -179.22 -17.05 28.80
v -180.04 -23.76 28.80
v -186.40 -22.98 28.80
v -185.58 -16.27 28.80
v -185.58 -16.27 37.76
v -186.40 -22.98 37.76
v -180.04 -23.76 37.76
v -179.22 -17.05 37.76
v -185.58 -16.27 28.80
v -186.40 -22.98 28.80
v -186.40 -22.98 37.76
v -185.58 -16.27 37.76
v -186.40 -22.98 28.80
v -180.04 -23.76 28.80
v -180.04 -23.76 37.76
v -186.40 -22.98 37.76
v -180.04 -23.76 28.80
v -179.22 -17.05 28.80
v -179.22 -17.05 37.76
v -180.04 -23.76 37.76
v -179.22 -17.05 28.80
v -185.58 -16.27 28.80
v -185.58 -16.27 37.76
v -179.22 -17.05 37.76
v -204.81 -41.69 28.80
v -204.81 -50.31 28.80
v -212.31 -50.31 28.80
v -212.31 -41.69 28.80
v -212.31 -41.69 40.53
v -212.31 -50.31 40.53
v -204.81 -50.31 40.53
v -204.81 -41.69 40.53
v -212.31 -41.69 28.80
v -212.31 -50.31 28.80
v -212.31 -50.31 40.53
v -212.31 -41.69 40.53
v -212.31 -50.31 28.80
v -204.81 -50.31 28.80
v -204.81 -50.31 40.53
v -212.31 -50.31 40.53
v -204.81 -50.31 28.80
v -204.81 -41.69 28.80
v -204.81 -41.69 40.53
v -204.81 -50.31 40.53
v -204.81 -41.69 28.80
v -212.31 -41.69 28.80
v -212.31 -41.69 40.53
v -204.81 -41.69 40.53
v -191.57 -41.76 28.80
v -191.57 -50.24 28.80
v -197.78 -50.24 28.80
v -197.78 -41.76 28.80
v -197.78 -41.76 42.83
v -197.78 -50.24 42.83
v -191.57 -50.24 42.83
v -191.57 -41.76 42.83
v -197.78 -41.76 28.80
v -197.78 -50.24 28.80
v -197.78 -50.24 42.83
v -197.78 -41.76 42.83
v -197.78 -50.24 28.80
v -191.57 -50.24 28.80
v -191.57 -50.24 42.83
v -197.78 -50.24 42.83
v -191.57 -50.24 28.80
v -191.57 -41.76 28.80
v -191.57 -41.76 42.83
v -191.57 -50.24 42.83
v -191.57 -41.76 28.80
v -197.78 -41.76 28.80
v -197.78 -41.76 42.83
v -191.57 -41.76 42.83
v -177.59 -41.41 28.80
v -177.59 -50.59 28.80
v -184.00 -50.59 28.80
v -184.00 -41.41 28.80
v -184.00 -41.41 36.63
v -184.00 -50.59 36.63
v -177.59 -50.59 36.63
v -177.59 -41.41 36.63
v -184.00 -41.41 28.80
v -184.00 -50.59 28.80
v -184.00 -50.59 36.63
v -184.00 -41.41 36.63
v -184.00 -50.59 28.80
v -177.59 -50.59 28.80
v -177.59 -50.59 36.63
v -184.00 -50.59 36.63
v -177.59 -50.59 28.80
v -177.59 -41.41 28.80
v -177.59 -41.41 36.63
v -177.59 -50.59 36.63
v -177.59 -41.41 28.80
v -184.00 -41.41 28.80
v -184.00 -41.41 36.63
v -177.59 -41.41 36.63
v -195.88 -68.94 28.80
v -194.76 -78.08 28.80
v -201.69 -78.93 28.80
v -202.81 -69.78 28.80
v -202.81 -69.78 43.12
v -201.69 -78.93 43.12
v -194.76 -78.08 43.12
v -195.88 -68.94 43.12
v -202.81 -69.78 28.80
v -201.69 -78.93 28.80
v -201.69 -78.93 43.12
v -202.81 -69.78 43.12
v -201.69 -78.93 28.80
v -194.76 -78.08 28.80
v -194.76 -78.08 43.12
v -201.69 -78.93 43.12
v -194.76 -78.08 28.80
v -195.88 -68.94 28.80
v -195.88 -68.94 43.12
v -194.76 -78.08 43.12
v -195.88 -68.94 28.80
v -202.81 -69.78 28.80
v -202.81 -69.78 43.12
v -195.88 -68.94 43.12
v -181.84 -67.88 28.80
v -180.88 -75.73 28.80
v -189.10 -76.74 28.80
v -190.06 -68.88 28.80
v -190.06 -68.88 42.84
v -189.10 -76.74 42.84
v -180.88 -75.73 42.84
v -181.84 -67.88 42.84
v -190.06 -68.88 28.80
v -189.10 -76.74 28.80
v -189.10 -76.74 42.84
v -190.06 -68.88 42.84
v -189.10 -76.74 28.80
v -180.88 -75.73 28.80
v -180.88 -75.73 42.84
v -189.10 -76.74 42.84
v -180.88 -75.73 28.80
v -181.84 -67.88 28.80
v -181.84 -67.88 42.84
v -180.88 -75.73 42.84
v -181.84 -67.88 28.80
v -190.06 -68.88 28.80
v -190.06 -68.88 42.84
v -181.84 -67.88 42.84
v -175.96 -66.89 28.80
v -174.94 -75.27 28.80
v -174.94 -75.27 36.64
v -175.96 -66.89 36.64
v -184.27 -95.25 28.80
v -182.31 -103.12 28.80
v -188.98 -104.78 28.80
v -190.94 -96.91 28.80
v -190.94 -96.91 39.44
v -188.98 -104.78 39.44
v -182.31 -103.12 39.44
v -184.27 -95.25 39.44
v -190.94 -96.91 28.80
v -188.98 -104.78 28.80
v -188.98 -104.78 39.44
v -190.94 -96.91 39.44
v -188.98 -104.78 28.80
v -182.31 -103.12 28.80
v -182.31 -103.12 39.44
v -188.98 -104.78 39.44
v -182.31 -103.12 28.80
v -184.27 -95.25 28.80
v -184.27 -95.25 39.44
v -182.31 -103.12 39.44
v -184.27 -95.25 28.80
v -190.94 -96.91 28.80
v -190.94 -96.91 39.44
v -184.27 -95.25 39.44
v -178.41 -94.11 28.80
v -176.60 -101.37 28.80
v -176.60 -101.37 42.41
v -178.41 -94.11 42.41
v -173.09 -120.79 28.80
v -170.41 -127.70 28.80
v -178.22 -130.73 28.80
v -180.90 -123.82 28.80
v -180.90 -123.82 40.69
v -178.22 -130.73 40.69
v -170.41 -127.70 40.69
v -173.09 -120.79 40.69
v -180.90 -123.82 28.80
v -178.22 -130.73 28.80
v -178.22 -130.73 40.69
v -180.90 -123.82 40.69
v -173.09 -120.79 28.80
v -180.90 -123.82 28.80
v -180.90 -123.82 40.69
v -173.09 -120.79 40.69
v -163.51 -146.46 28.80
v -159.18 -154.40 28.80
v -166.01 -158.13 28.80
v -170.35 -150.19 28.80
v -170.35 -150.19 42.10
v -166.01 -158.13 42.10
v -159.18 -154.40 42.10
v -163.51 -146.46 42.10
v -170.35 -150.19 28.80
v -166.01 -158.13 28.80
v -166.01 -158.13 42.10
v -170.35 -150.19 42.10
v -166.01 -158.13 28.80
v -159.18 -154.40 28.80
v -159.18 -154.40 42.10
v -166.01 -158.13 42.10
v -159.18 -154.40 28.80
v -163.51 -146.46 28.80
v -163.51 -146.46 42.10
v -159.18 -154.40 42.10
v -155.47 -177.28 43.04
v -150.51 -184.02 43.04
v -144.06 -179.28 43.04
v -149.02 -172.54 43.04
v -134.10 -162.63 41.19
v -130.17 -167.98 41.19
v -123.59 -163.13 41.19
v -127.52 -157.79 41.19
v -133.11 -200.80 40.34
v -128.06 -205.96 40.34
v -122.58 -200.59 40.34
v -127.63 -195.43 40.34
v -114.51 -182.44 41.75
v -109.32 -187.73 41.75
v -104.44 -182.94 41.75
v -109.62 -177.65 41.75
v -98.76 -208.32 42.94
v -91.23 -214.02 42.94
v -86.12 -207.26 42.94
v -93.64 -201.56 42.94
v -75.05 -231.77 40.30
v -67.06 -236.06 40.30
v -63.70 -229.82 40.30
v -71.69 -225.52 40.30
v -38.30 -233.01 40.03
v -31.80 -235.25 40.03
v -29.46 -228.46 40.03
v -35.95 -226.22 40.03
v -7.30 -242.77 42.87
v 0.44 -244.08 42.87
v 1.56 -237.47 42.87
v -6.18 -236.16 42.87
v -5.45 -231.15 43.22
v 2.52 -232.50 43.22
v 3.78 -225.10 43.22
v -4.20 -223.75 43.22
v 25.48 -249.26 41.71
v 34.52 -249.26 41.71
v 34.52 -241.32 41.71
v 25.48 -241.32 41.71
v 62.47 -259.69 41.72
v 69.68 -258.47 41.72
v 68.28 -250.15 41.72
v 61.06 -251.38 41.72
v 92.32 -236.40 41.58
v 98.60 -234.23 41.58
v 96.34 -227.70 41.58
v 90.06 -229.87 41.58
v 87.44 -225.22 40.59
v 95.53 -222.43 40.59
v 93.26 -215.89 40.59
v 85.18 -218.68 40.59
v 119.47 -221.96 42.18
v 127.47 -217.65 42.18
v 123.87 -210.95 42.18
v 115.86 -215.25 42.18
v 113.43 -211.05 43.10
v 121.70 -206.60 43.10
v 118.57 -200.79 43.10
v 110.31 -205.24 43.10
v 153.60 -215.12 42.93
v 159.17 -210.90 42.93
v 154.07 -204.15 42.93
v 148.50 -208.37 42.93
v 145.63 -205.19 42.02
v 151.79 -200.53 42.02
v 147.62 -195.03 42.02
v 141.46 -199.69 42.02
v 138.88 -196.01 40.74
v 144.79 -191.54 40.74
v 139.97 -185.16 40.74
v 134.05 -189.64 40.74
v 162.19 -181.83 41.85
v 168.47 -175.42 41.85
v 162.95 -170.02 41.85
v 156.67 -176.43 41.85

usemtl mat_wood
v -59.41 -148.84 79.78
v -52.78 -155.81 79.78
v -52.78 -155.81 84.18
v -59.41 -148.84 84.18
v -52.78 -155.81 79.78
v -47.51 -150.80 79.78
v -47.51 -150.80 84.18
v -52.78 -155.81 84.18
v -28.16 -148.66 79.08
v -21.40 -153.92 79.08
v -26.54 -160.51 79.08
v -33.30 -155.25 79.08
v -33.30 -155.25 83.17
v -26.54 -160.51 83.17
v -21.40 -153.92 83.17
v -28.16 -148.66 83.17
v -33.30 -155.25 79.08
v -26.54 -160.51 79.08
v -26.54 -160.51 83.17
v -33.30 -155.25 83.17
v -26.54 -160.51 79.08
v -21.40 -153.92 79.08
v -21.40 -153.92 83.17
v -26.54 -160.51 83.17
v -21.40 -153.92 79.08
v -28.16 -148.66 79.08
v -28.16 -148.66 83.17
v -21.40 -153.92 83.17
v -28.16 -148.66 79.08
v -33.30 -155.25 79.08
v -33.30 -155.25 83.17
v -28.16 -148.66 83.17
v -12.61 -164.94 82.72
v -4.38 -169.51 82.72
v -8.04 -176.11 82.72
v -16.27 -171.55 82.72
v -16.27 -171.55 88.44
v -8.04 -176.11 88.44
v -4.38 -169.51 88.44
v -12.61 -164.94 88.44
v -16.27 -171.55 82.72
v -8.04 -176.11 82.72
v -8.04 -176.11 88.44
v -16.27 -171.55 88.44
v -8.04 -176.11 82.72
v -4.38 -169.51 82.72
v -4.38 -169.51 88.44
v -8.04 -176.11 88.44
v -4.38 -169.51 82.72
v -12.61 -164.94 82.72
v -12.61 -164.94 88.44
v -4.38 -169.51 88.44
v -12.61 -164.94 82.72
v -16.27 -171.55 82.72
v -16.27 -171.55 88.44
v -12.61 -164.94 88.44
v 10.76 -172.86 80.02
v 17.69 -175.32 80.02
v 14.84 -183.34 80.02
v 7.91 -180.87 80.02
v 7.91 -180.87 84.53
v 14.84 -183.34 84.53
v 17.69 -175.32 84.53
v 10.76 -172.86 84.53
v 7.91 -180.87 80.02
v 14.84 -183.34 80.02
v 14.84 -183.34 84.53
v 7.91 -180.87 84.53
v 14.84 -183.34 80.02
v 17.69 -175.32 80.02
v 17.69 -175.32 84.53
v 14.84 -183.34 84.53
v 17.69 -175.32 80.02
v 10.76 -172.86 80.02
v 10.76 -172.86 84.53
v 17.69 -175.32 84.53
v 10.76 -172.86 80.02
v 7.91 -180.87 80.02
v 7.91 -180.87 84.53
v 10.76 -172.86 84.53
v 13.54 -164.73 79.87
v 20.68 -167.27 79.87
v 17.79 -175.38 79.87
v 10.65 -172.84 79.87
v 10.65 -172.84 84.31
v 17.79 -175.38 84.31
v 20.68 -167.27 84.31
v 13.54 -164.73 84.31
v 10.65 -172.84 79.87
v 17.79 -175.38 79.87
v 17.79 -175.38 84.31
v 10.65 -172.84 84.31
v 17.79 -175.38 79.87
v 20.68 -167.27 79.87
v 20.68 -167.27 84.31
v 17.79 -175.38 84.31
v 20.68 -167.27 79.87
v 13.54 -164.73 79.87
v 13.54 -164.73 84.31
v 20.68 -167.27 84.31
v 13.54 -164.73 79.87
v 10.65 -172.84 79.87
v 10.65 -172.84 84.31
v 13.54 -164.73 84.31
v 33.22 -180.06 81.48
v 41.65 -181.53 81.48
v 40.38 -188.81 81.48
v 31.95 -187.34 81.48
v 31.95 -187.34 86.64
v 40.38 -188.81 86.64
v 41.65 -181.53 86.64
v 33.22 -180.06 86.64
v 31.95 -187.34 81.48
v 40.38 -188.81 81.48
v 40.38 -188.81 86.64
v 31.95 -187.34 86.64
v 40.38 -188.81 81.48
v 41.65 -181.53 81.48
v 41.65 -181.53 86.64
v 40.38 -188.81 86.64
v 41.65 -181.53 81.48
v 33.22 -180.06 81.48
v 33.22 -180.06 86.64
v 41.65 -181.53 86.64
v 33.22 -180.06 81.48
v 31.95 -187.34 81.48
v 31.95 -187.34 86.64
v 33.22 -180.06 86.64
v 36.68 -163.28 79.14
v 44.08 -164.57 79.14
v 42.80 -171.96 79.14
v 35.39 -170.67 79.14
v 35.39 -170.67 83.25
v 42.80 -171.96 83.25
v 44.08 -164.57 83.25
v 36.68 -163.28 83.25
v 35.39 -170.67 79.14
v 42.80 -171.96 79.14
v 42.80 -171.96 83.25
v 35.39 -170.67 83.25
v 42.80 -171.96 79.14
v 44.08 -164.57 79.14
v 44.08 -164.57 83.25
v 42.80 -171.96 83.25
v 44.08 -164.57 79.14
v 36.68 -163.28 79.14
v 36.68 -163.28 83.25
v 44.08 -164.57 83.25
v 36.68 -163.28 79.14
v 35.39 -170.67 79.14
v 35.39 -170.67 83.25
v 36.68 -163.28 83.25
v 79.44 -164.33 79.13
v 87.69 -162.90 79.13
v 89.16 -171.33 79.13
v 80.91 -172.77 79.13
v 80.91 -172.77 83.23
v 89.16 -171.33 83.23
v 87.69 -162.90 83.23
v 79.44 -164.33 83.23
v 80.91 -172.77 79.13
v 89.16 -171.33 79.13
v 89.16 -171.33 83.23
v 80.91 -172.77 83.23
v 89.16 -171.33 79.13
v 87.69 -162.90 79.13
v 87.69 -162.90 83.23
v 89.16 -171.33 83.23
v 87.69 -162.90 79.13
v 79.44 -164.33 79.13
v 79.44 -164.33 83.23
v 87.69 -162.90 83.23
v 79.44 -164.33 79.13
v 80.91 -172.77 79.13
v 80.91 -172.77 83.23
v 79.44 -164.33 83.23
v 102.04 -166.50 80.82
v 110.97 -163.32 80.82
v 113.42 -170.21 80.82
v 104.49 -173.39 80.82
v 104.49 -173.39 85.68
v 113.42 -170.21 85.68
v 110.97 -163.32 85.68
v 102.04 -166.50 85.68
v 104.49 -173.39 80.82
v 113.42 -170.21 80.82
v 113.42 -170.21 85.68
v 104.49 -173.39 85.68
v 113.42 -170.21 80.82
v 110.97 -163.32 80.82
v 110.97 -163.32 85.68
v 113.42 -170.21 85.68
v 110.97 -163.32 80.82
v 102.04 -166.50 80.82
v 102.04 -166.50 85.68
v 110.97 -163.32 85.68
v 102.04 -166.50 80.82
v 104.49 -173.39 80.82
v 104.49 -173.39 85.68
v 102.04 -166.50 85.68
v 99.73 -157.81 77.35
v 107.26 -155.12 77.35
v 110.08 -163.04 77.35
v 102.55 -165.73 77.35
v 102.55 -165.73 80.65
v 110.08 -163.04 80.65
v 107.26 -155.12 80.65
v 99.73 -157.81 80.65
v 102.55 -165.73 77.35
v 110.08 -163.04 77.35
v 110.08 -163.04 80.65
v 102.55 -165.73 80.65
v 110.08 -163.04 77.35
v 107.26 -155.12 77.35
v 107.26 -155.12 80.65
v 110.08 -163.04 80.65
v 107.26 -155.12 77.35
v 99.73 -157.81 77.35
v 99.73 -157.81 80.65
v 107.26 -155.12 80.65
v 99.73 -157.81 77.35
v 102.55 -165.73 77.35
v 102.55 -165.73 80.65
v 99.73 -157.81 80.65
v 125.20 -163.62 77.37
v 133.31 -159.13 77.37
v 137.24 -166.22 77.37
v 129.13 -170.72 77.37
v 129.13 -170.72 80.69
v 137.24 -166.22 80.69
v 133.31 -159.13 80.69
v 125.20 -163.62 80.69
v 129.13 -170.72 77.37
v 137.24 -166.22 77.37
v 137.24 -166.22 80.69
v 129.13 -170.72 80.69
v 137.24 -166.22 77.37
v 133.31 -159.13 77.37
v 133.31 -159.13 80.69
v 137.24 -166.22 80.69
v 133.31 -159.13 77.37
v 125.20 -163.62 77.37
v 125.20 -163.62 80.69
v 133.31 -159.13 80.69
v 125.20 -163.62 77.37
v 129.13 -170.72 77.37
v 129.13 -170.72 80.69
v 125.20 -163.62 80.69
v 144.69 -152.54 82.55
v 150.99 -147.62 82.55
v 150.99 -147.62 88.20
v 144.69 -152.54 88.20
v -82.28 -145.04 63.13
v -77.09 -152.28 63.13
v -84.15 -157.33 63.13
v -89.34 -150.09 63.13
v -89.34 -150.09 66.33
v -84.15 -157.33 66.33
v -77.09 -152.28 66.33
v -82.28 -145.04 66.33
v -89.34 -150.09 63.13
v -84.15 -157.33 63.13
v -84.15 -157.33 66.33
v -89.34 -150.09 66.33
v -84.15 -157.33 63.13
v -77.09 -152.28 63.13
v -77.09 -152.28 66.33
v -84.15 -157.33 66.33
v -67.10 -162.52 69.16
v -60.24 -169.70 69.16
v -65.45 -174.68 69.16
v -72.31 -167.50 69.16
v -72.31 -167.50 75.08
v -65.45 -174.68 75.08
v -60.24 -169.70 75.08
v -67.10 -162.52 75.08
v -72.31 -167.50 69.16
v -65.45 -174.68 69.16
v -65.45 -174.68 75.08
v -72.31 -167.50 75.08
v -65.45 -174.68 69.16
v -60.24 -169.70 69.16
v -60.24 -169.70 75.08
v -65.45 -174.68 75.08
v -60.24 -169.70 69.16
v -67.10 -162.52 69.16
v -67.10 -162.52 75.08
v -60.24 -169.70 75.08
v -67.10 -162.52 69.16
v -72.31 -167.50 69.16
v -72.31 -167.50 75.08
v -67.10 -162.52 75.08
v -51.61 -184.81 66.57
v -45.57 -189.50 66.57
v -49.69 -194.79 66.57
v -55.73 -190.10 66.57
v -55.73 -190.10 71.32
v -49.69 -194.79 71.32
v -45.57 -189.50 71.32
v -51.61 -184.81 71.32
v -55.73 -190.10 66.57
v -49.69 -194.79 66.57
v -49.69 -194.79 71.32
v -55.73 -190.10 71.32
v -49.69 -194.79 66.57
v -45.57 -189.50 66.57
v -45.57 -189.50 71.32
v -49.69 -194.79 71.32
v -45.57 -189.50 66.57
v -51.61 -184.81 66.57
v -51.61 -184.81 71.32
v -45.57 -189.50 71.32
v -51.61 -184.81 66.57
v -55.73 -190.10 66.57
v -55.73 -190.10 71.32
v -51.61 -184.81 71.32
v -45.29 -176.53 65.35
v -39.11 -181.34 65.35
v -43.36 -186.79 65.35
v -49.54 -181.99 65.35
v -49.54 -181.99 69.56
v -43.36 -186.79 69.56
v -39.11 -181.34 69.56
v -45.29 -176.53 69.56
v -49.54 -181.99 65.35
v -43.36 -186.79 65.35
v -43.36 -186.79 69.56
v -49.54 -181.99 69.56
v -43.36 -186.79 65.35
v -39.11 -181.34 65.35
v -39.11 -181.34 69.56
v -43.36 -186.79 69.56
v -39.11 -181.34 65.35
v -45.29 -176.53 65.35
v -45.29 -176.53 69.56
v -39.11 -181.34 69.56
v -45.29 -176.53 65.35
v -49.54 -181.99 65.35
v -49.54 -181.99 69.56
v -45.29 -176.53 69.56
v -21.59 -185.83 66.17
v -14.57 -189.70 66.17
v -18.29 -196.43 66.17
v -25.31 -192.55 66.17
v -25.31 -192.55 70.75
v -18.29 -196.43 70.75
v -14.57 -189.70 70.75
v -21.59 -185.83 70.75
v -25.31 -192.55 66.17
v -18.29 -196.43 66.17
v -18.29 -196.43 70.75
v -25.31 -192.55 70.75
v -18.29 -196.43 66.17
v -14.57 -189.70 66.17
v -14.57 -189.70 70.75
v -18.29 -196.43 70.75
v -14.57 -189.70 66.17
v -21.59 -185.83 66.17
v -21.59 -185.83 70.75
v -14.57 -189.70 70.75
v -21.59 -185.83 66.17
v -25.31 -192.55 66.17
v -25.31 -192.55 70.75
v -21.59 -185.83 70.75
v 2.47 -194.32 68.68
v 10.08 -197.02 68.68
v 7.77 -203.53 68.68
v 0.16 -200.83 68.68
v 0.16 -200.83 74.39
v 7.77 -203.53 74.39
v 10.08 -197.02 74.39
v 2.47 -194.32 74.39
v 0.16 -200.83 68.68
v 7.77 -203.53 68.68
v 7.77 -203.53 74.39
v 0.16 -200.83 74.39
v 7.77 -203.53 68.68
v 10.08 -197.02 68.68
v 10.08 -197.02 74.39
v 7.77 -203.53 74.39
v 10.08 -197.02 68.68
v 2.47 -194.32 68.68
v 2.47 -194.32 74.39
v 10.08 -197.02 74.39
v 2.47 -194.32 68.68
v 0.16 -200.83 68.68
v 0.16 -200.83 74.39
v 2.47 -194.32 74.39
v 5.28 -184.63 64.56
v 14.01 -187.73 64.56
v 11.50 -194.81 64.56
v 2.76 -191.70 64.56
v 2.76 -191.70 68.42
v 11.50 -194.81 68.42
v 14.01 -187.73 68.42
v 5.28 -184.63 68.42
v 2.76 -191.70 64.56
v 11.50 -194.81 64.56
v 11.50 -194.81 68.42
v 2.76 -191.70 68.42
v 11.50 -194.81 64.56
v 14.01 -187.73 64.56
v 14.01 -187.73 68.42
v 11.50 -194.81 68.42
v 14.01 -187.73 64.56
v 5.28 -184.63 64.56
v 5.28 -184.63 68.42
v 14.01 -187.73 68.42
v 5.28 -184.63 64.56
v 2.76 -191.70 64.56
v 2.76 -191.70 68.42
v 5.28 -184.63 68.42
v 25.15 -209.89 64.54
v 34.95 -211.60 64.54
v 33.42 -220.43 64.54
v 23.61 -218.72 64.54
v 23.61 -218.72 68.38
v 33.42 -220.43 68.38
v 34.95 -211.60 68.38
v 25.15 -209.89 68.38
v 23.61 -218.72 64.54
v 33.42 -220.43 64.54
v 33.42 -220.43 68.38
v 23.61 -218.72 68.38
v 33.42 -220.43 64.54
v 34.95 -211.60 64.54
v 34.95 -211.60 68.38
v 33.42 -220.43 68.38
v 34.95 -211.60 64.54
v 25.15 -209.89 64.54
v 25.15 -209.89 68.38
v 34.95 -211.60 68.38
v 25.15 -209.89 64.54
v 23.61 -218.72 64.54
v 23.61 -218.72 68.38
v 25.15 -209.89 68.38
v 29.60 -190.78 68.84
v 37.21 -192.10 68.84
v 35.65 -201.09 68.84
v 28.04 -199.76 68.84
v 28.04 -199.76 74.62
v 35.65 -201.09 74.62
v 37.21 -192.10 74.62
v 29.60 -190.78 74.62
v 28.04 -199.76 68.84
v 35.65 -201.09 68.84
v 35.65 -201.09 74.62
v 28.04 -199.76 74.62
v 35.65 -201.09 68.84
v 37.21 -192.10 68.84
v 37.21 -192.10 74.62
v 35.65 -201.09 74.62
v 37.21 -192.10 68.84
v 29.60 -190.78 68.84
v 29.60 -190.78 74.62
v 37.21 -192.10 74.62
v 29.60 -190.78 68.84
v 28.04 -199.76 68.84
v 28.04 -199.76 74.62
v 29.60 -190.78 74.62
v 54.28 -194.94 63.57
v 61.72 -194.94 63.57
v 61.72 -203.40 63.57
v 54.28 -203.40 63.57
v 54.28 -203.40 66.97
v 61.72 -203.40 66.97
v 61.72 -194.94 66.97
v 54.28 -194.94 66.97
v 54.28 -203.40 63.57
v 61.72 -203.40 63.57
v 61.72 -203.40 66.97
v 54.28 -203.40 66.97
v 61.72 -203.40 63.57
v 61.72 -194.94 63.57
v 61.72 -194.94 66.97
v 61.72 -203.40 66.97
v 61.72 -194.94 63.57
v 54.28 -194.94 63.57
v 54.28 -194.94 66.97
v 61.72 -194.94 66.97
v 54.28 -194.94 63.57
v 54.28 -203.40 63.57
v 54.28 -203.40 66.97
v 54.28 -194.94 66.97
v 108.72 -204.18 64.06
v 115.88 -201.64 64.06
v 118.84 -209.97 64.06
v 111.67 -212.52 64.06
v 111.67 -212.52 67.69
v 118.84 -209.97 67.69
v 115.88 -201.64 67.69
v 108.72 -204.18 67.69
v 111.67 -212.52 64.06
v 118.84 -209.97 64.06
v 118.84 -209.97 67.69
v 111.67 -212.52 67.69
v 118.84 -209.97 64.06
v 115.88 -201.64 64.06
v 115.88 -201.64 67.69
v 118.84 -209.97 67.69
v 115.88 -201.64 64.06
v 108.72 -204.18 64.06
v 108.72 -204.18 67.69
v 115.88 -201.64 67.69
v 108.72 -204.18 64.06
v 111.67 -212.52 64.06
v 111.67 -212.52 67.69
v 108.72 -204.18 67.69
v 153.54 -178.92 62.78
v 159.34 -174.41 62.78
v 164.90 -181.55 62.78
v 159.09 -186.06 62.78
v 159.09 -186.06 65.83
v 164.90 -181.55 65.83
v 159.34 -174.41 65.83
v 153.54 -178.92 65.83
v 159.09 -186.06 62.78
v 164.90 -181.55 62.78
v 164.90 -181.55 65.83
v 159.09 -186.06 65.83
v 164.90 -181.55 62.78
v 159.34 -174.41 62.78
v 159.34 -174.41 65.83
v 164.90 -181.55 65.83
v 159.34 -174.41 62.78
v 153.54 -178.92 62.78
v 153.54 -178.92 65.83
v 159.34 -174.41 65.83
v 153.54 -178.92 62.78
v 159.09 -186.06 62.78
v 159.09 -186.06 65.83
v 153.54 -178.92 65.83
v 141.28 -165.25 68.46
v 149.12 -159.16 68.46
v 153.59 -164.90 68.46
v 145.75 -171.00 68.46
v 145.75 -171.00 74.06
v 153.59 -164.90 74.06
v 149.12 -159.16 74.06
v 141.28 -165.25 74.06
v 145.75 -171.00 68.46
v 153.59 -164.90 68.46
v 153.59 -164.90 74.06
v 145.75 -171.00 74.06
v 153.59 -164.90 68.46
v 149.12 -159.16 68.46
v 149.12 -159.16 74.06
v 153.59 -164.90 74.06
v 149.12 -159.16 68.46
v 141.28 -165.25 68.46
v 141.28 -165.25 74.06
v 149.12 -159.16 74.06
v 141.28 -165.25 68.46
v 145.75 -171.00 68.46
v 145.75 -171.00 74.06
v 141.28 -165.25 74.06
v 168.55 -161.17 65.97
v 174.21 -155.24 65.97
v 179.17 -159.97 65.97
v 173.51 -165.90 65.97
v 173.51 -165.90 70.45
v 179.17 -159.97 70.45
v 174.21 -155.24 70.45
v 168.55 -161.17 70.45
v 174.21 -155.24 65.97
v 168.55 -161.17 65.97
v 168.55 -161.17 70.45
v 174.21 -155.24 70.45
v 168.55 -161.17 65.97
v 173.51 -165.90 65.97
v 173.51 -165.90 70.45
v 168.55 -161.17 70.45
v -121.31 -167.69 49.03
v -115.85 -175.21 49.03
v -122.25 -179.85 49.03
v -127.70 -172.33 49.03
v -127.70 -172.33 52.19
v -122.25 -179.85 52.19
v -115.85 -175.21 52.19
v -121.31 -167.69 52.19
v -127.70 -172.33 49.03
v -122.25 -179.85 49.03
v -122.25 -179.85 52.19
v -127.70 -172.33 52.19
v -122.25 -179.85 49.03
v -115.85 -175.21 49.03
v -115.85 -175.21 52.19
v -122.25 -179.85 52.19
v -115.85 -175.21 49.03
v -121.31 -167.69 49.03
v -121.31 -167.69 52.19
v -115.85 -175.21 52.19
v -121.31 -167.69 49.03
v -127.70 -172.33 49.03
v -127.70 -172.33 52.19
v -121.31 -167.69 52.19
v -93.55 -180.93 50.15
v -87.59 -187.10 50.15
v -92.71 -192.05 50.15
v -98.67 -185.88 50.15
v -98.67 -185.88 53.82
v -92.71 -192.05 53.82
v -87.59 -187.10 53.82
v -93.55 -180.93 53.82
v -98.67 -185.88 50.15
v -92.71 -192.05 50.15
v -92.71 -192.05 53.82
v -98.67 -185.88 53.82
v -92.71 -192.05 50.15
v -87.59 -187.10 50.15
v -87.59 -187.10 53.82
v -92.71 -192.05 53.82
v -87.59 -187.10 50.15
v -93.55 -180.93 50.15
v -93.55 -180.93 53.82
v -87.59 -187.10 53.82
v -93.55 -180.93 50.15
v -98.67 -185.88 50.15
v -98.67 -185.88 53.82
v -93.55 -180.93 53.82
v -84.64 -172.08 48.67
v -78.44 -178.49 48.67
v -84.43 -184.28 48.67
v -90.63 -177.87 48.67
v -90.63 -177.87 51.67
v -84.43 -184.28 51.67
v -78.44 -178.49 51.67
v -84.64 -172.08 51.67
v -90.63 -177.87 48.67
v -84.43 -184.28 48.67
v -84.43 -184.28 51.67
v -90.63 -177.87 51.67
v -84.43 -184.28 48.67
v -78.44 -178.49 48.67
v -78.44 -178.49 51.67
v -84.43 -184.28 51.67
v -78.44 -178.49 48.67
v -84.64 -172.08 48.67
v -84.64 -172.08 51.67
v -78.44 -178.49 51.67
v -84.64 -172.08 48.67
v -90.63 -177.87 48.67
v -90.63 -177.87 51.67
v -84.64 -172.08 51.67
v -77.34 -204.80 54.21
v -69.66 -210.70 54.21
v -74.19 -216.60 54.21
v -81.88 -210.71 54.21
v -81.88 -210.71 59.71
v -74.19 -216.60 59.71
v -69.66 -210.70 59.71
v -77.34 -204.80 59.71
v -81.88 -210.71 54.21
v -74.19 -216.60 54.21
v -74.19 -216.60 59.71
v -81.88 -210.71 59.71
v -74.19 -216.60 54.21
v -69.66 -210.70 54.21
v -69.66 -210.70 59.71
v -74.19 -216.60 59.71
v -69.66 -210.70 54.21
v -77.34 -204.80 54.21
v -77.34 -204.80 59.71
v -69.66 -210.70 59.71
v -77.34 -204.80 54.21
v -81.88 -210.71 54.21
v -81.88 -210.71 59.71
v -77.34 -204.80 59.71
v -70.05 -195.74 49.56
v -62.80 -201.31 49.56
v -67.31 -207.19 49.56
v -74.56 -201.62 49.56
v -74.56 -201.62 52.96
v -67.31 -207.19 52.96
v -62.80 -201.31 52.96
v -70.05 -195.74 52.96
v -74.56 -201.62 49.56
v -67.31 -207.19 49.56
v -67.31 -207.19 52.96
v -74.56 -201.62 52.96
v -67.31 -207.19 49.56
v -62.80 -201.31 49.56
v -62.80 -201.31 52.96
v -67.31 -207.19 52.96
v -62.80 -201.31 49.56
v -70.05 -195.74 49.56
v -70.05 -195.74 52.96
v -62.80 -201.31 52.96
v -70.05 -195.74 49.56
v -74.56 -201.62 49.56
v -74.56 -201.62 52.96
v -70.05 -195.74 52.96
v -62.43 -186.24 53.72
v -55.59 -191.49 53.72
v -60.75 -198.22 53.72
v -67.59 -192.97 53.72
v -67.59 -192.97 58.99
v -60.75 -198.22 58.99
v -55.59 -191.49 58.99
v -62.43 -186.24 58.99
v -67.59 -192.97 53.72
v -60.75 -198.22 53.72
v -60.75 -198.22 58.99
v -67.59 -192.97 58.99
v -60.75 -198.22 53.72
v -55.59 -191.49 53.72
v -55.59 -191.49 58.99
v -60.75 -198.22 58.99
v -55.59 -191.49 53.72
v -62.43 -186.24 53.72
v -62.43 -186.24 58.99
v -55.59 -191.49 58.99
v -62.43 -186.24 53.72
v -67.59 -192.97 53.72
v -67.59 -192.97 58.99
v -62.43 -186.24 58.99
v -49.10 -216.93 54.96
v -41.12 -221.28 54.96
v -44.63 -227.72 54.96
v -52.61 -223.37 54.96
v -52.61 -223.37 60.80
v -44.63 -227.72 60.80
v -41.12 -221.28 60.80
v -49.10 -216.93 60.80
v -52.61 -223.37 54.96
v -44.63 -227.72 54.96
v -44.63 -227.72 60.80
v -52.61 -223.37 60.80
v -44.63 -227.72 54.96
v -41.12 -221.28 54.96
v -41.12 -221.28 60.80
v -44.63 -227.72 60.80
v -41.12 -221.28 54.96
v -49.10 -216.93 54.96
v -49.10 -216.93 60.80
v -41.12 -221.28 60.80
v -49.10 -216.93 54.96
v -52.61 -223.37 54.96
v -52.61 -223.37 60.80
v -49.10 -216.93 60.80
v -43.79 -206.71 51.14
v -35.41 -211.28 51.14
v -39.13 -218.11 51.14
v -47.51 -213.54 51.14
v -47.51 -213.54 55.25
v -39.13 -218.11 55.25
v -35.41 -211.28 55.25
v -43.79 -206.71 55.25
v -47.51 -213.54 51.14
v -39.13 -218.11 51.14
v -39.13 -218.11 55.25
v -47.51 -213.54 55.25
v -39.13 -218.11 51.14
v -35.41 -211.28 51.14
v -35.41 -211.28 55.25
v -39.13 -218.11 55.25
v -35.41 -211.28 51.14
v -43.79 -206.71 51.14
v -43.79 -206.71 55.25
v -35.41 -211.28 55.25
v -43.79 -206.71 51.14
v -47.51 -213.54 51.14
v -47.51 -213.54 55.25
v -43.79 -206.71 55.25
v -37.32 -197.09 54.88
v -30.82 -200.63 54.88
v -34.80 -207.91 54.88
v -41.29 -204.37 54.88
v -41.29 -204.37 60.67
v -34.80 -207.91 60.67
v -30.82 -200.63 60.67
v -37.32 -197.09 60.67
v -41.29 -204.37 54.88
v -34.80 -207.91 54.88
v -34.80 -207.91 60.67
v -41.29 -204.37 60.67
v -34.80 -207.91 54.88
v -30.82 -200.63 54.88
v -30.82 -200.63 60.67
v -34.80 -207.91 60.67
v -30.82 -200.63 54.88
v -37.32 -197.09 54.88
v -37.32 -197.09 60.67
v -30.82 -200.63 60.67
v -37.32 -197.09 54.88
v -41.29 -204.37 54.88
v -41.29 -204.37 60.67
v -37.32 -197.09 60.67
v -20.44 -226.98 51.96
v -11.36 -230.16 51.96
v -13.75 -236.99 51.96
v -22.83 -233.81 51.96
v -22.83 -233.81 56.44
v -13.75 -236.99 56.44
v -11.36 -230.16 56.44
v -20.44 -226.98 56.44
v -22.83 -233.81 51.96
v -13.75 -236.99 51.96
v -13.75 -236.99 56.44
v -22.83 -233.81 56.44
v -13.75 -236.99 51.96
v -11.36 -230.16 51.96
v -11.36 -230.16 56.44
v -13.75 -236.99 56.44
v -11.36 -230.16 51.96
v -20.44 -226.98 51.96
v -20.44 -226.98 56.44
v -11.36 -230.16 56.44
v -20.44 -226.98 51.96
v -22.83 -233.81 51.96
v -22.83 -233.81 56.44
v -20.44 -226.98 56.44
v -16.43 -216.35 52.18
v -7.85 -219.35 52.18
v -10.42 -226.67 52.18
v -18.99 -223.66 52.18
v -18.99 -223.66 56.77
v -10.42 -226.67 56.77
v -7.85 -219.35 56.77
v -16.43 -216.35 56.77
v -18.99 -223.66 52.18
v -10.42 -226.67 52.18
v -10.42 -226.67 56.77
v -18.99 -223.66 56.77
v -10.42 -226.67 52.18
v -7.85 -219.35 52.18
v -7.85 -219.35 56.77
v -10.42 -226.67 56.77
v -7.85 -219.35 52.18
v -16.43 -216.35 52.18
v -16.43 -216.35 56.77
v -7.85 -219.35 56.77
v -16.43 -216.35 52.18
v -18.99 -223.66 52.18
v -18.99 -223.66 56.77
v -16.43 -216.35 56.77
v -11.90 -206.21 54.28
v -5.06 -208.61 54.28
v -7.60 -215.86 54.28
v -14.44 -213.46 54.28
v -14.44 -213.46 59.81
v -7.60 -215.86 59.81
v -5.06 -208.61 59.81
v -11.90 -206.21 59.81
v -14.44 -213.46 54.28
v -7.60 -215.86 54.28
v -7.60 -215.86 59.81
v -14.44 -213.46 59.81
v -7.60 -215.86 54.28
v -5.06 -208.61 54.28
v -5.06 -208.61 59.81
v -7.60 -215.86 59.81
v -5.06 -208.61 54.28
v -11.90 -206.21 54.28
v -11.90 -206.21 59.81
v -5.06 -208.61 59.81
v -11.90 -206.21 54.28
v -14.44 -213.46 54.28
v -14.44 -213.46 59.81
v -11.90 -206.21 59.81
v 12.09 -225.27 52.46
v 20.19 -226.66 52.46
v 19.02 -233.44 52.46
v 10.93 -232.05 52.46
v 10.93 -232.05 57.17
v 19.02 -233.44 57.17
v 20.19 -226.66 57.17
v 12.09 -225.27 57.17
v 10.93 -232.05 52.46
v 19.02 -233.44 52.46
v 19.02 -233.44 57.17
v 10.93 -232.05 57.17
v 19.02 -233.44 52.46
v 20.19 -226.66 52.46
v 20.19 -226.66 57.17
v 19.02 -233.44 57.17
v 20.19 -226.66 52.46
v 12.09 -225.27 52.46
v 12.09 -225.27 57.17
v 20.19 -226.66 57.17
v 12.09 -225.27 52.46
v 10.93 -232.05 52.46
v 10.93 -232.05 57.17
v 12.09 -225.27 57.17
v 13.88 -213.69 53.05
v 22.36 -215.15 53.05
v 20.99 -223.10 53.05
v 12.52 -221.65 53.05
v 12.52 -221.65 58.02
v 20.99 -223.10 58.02
v 22.36 -215.15 58.02
v 13.88 -213.69 58.02
v 12.52 -221.65 53.05
v 20.99 -223.10 53.05
v 20.99 -223.10 58.02
v 12.52 -221.65 58.02
v 20.99 -223.10 53.05
v 22.36 -215.15 53.05
v 22.36 -215.15 58.02
v 20.99 -223.10 58.02
v 22.36 -215.15 53.05
v 13.88 -213.69 53.05
v 13.88 -213.69 58.02
v 22.36 -215.15 58.02
v 13.88 -213.69 53.05
v 12.52 -221.65 53.05
v 12.52 -221.65 58.02
v 13.88 -213.69 58.02
v 41.50 -240.36 55.01
v 50.50 -240.36 55.01
v 50.50 -249.43 55.01
v 41.50 -249.43 55.01
v 41.50 -249.43 60.87
v 50.50 -249.43 60.87
v 50.50 -240.36 60.87
v 41.50 -240.36 60.87
v 41.50 -249.43 55.01
v 50.50 -249.43 55.01
v 50.50 -249.43 60.87
v 41.50 -249.43 60.87
v 50.50 -249.43 55.01
v 50.50 -240.36 55.01
v 50.50 -240.36 60.87
v 50.50 -249.43 60.87
v 50.50 -240.36 55.01
v 41.50 -240.36 55.01
v 41.50 -240.36 60.87
v 50.50 -240.36 60.87
v 41.50 -240.36 55.01
v 41.50 -249.43 55.01
v 41.50 -249.43 60.87
v 41.50 -240.36 60.87
v 41.49 -229.62 55.07
v 50.51 -229.62 55.07
v 50.51 -237.72 55.07
v 41.49 -237.72 55.07
v 41.49 -237.72 60.95
v 50.51 -237.72 60.95
v 50.51 -229.62 60.95
v 41.49 -229.62 60.95
v 41.49 -237.72 55.07
v 50.51 -237.72 55.07
v 50.51 -237.72 60.95
v 41.49 -237.72 60.95
v 50.51 -237.72 55.07
v 50.51 -229.62 55.07
v 50.51 -229.62 60.95
v 50.51 -237.72 60.95
v 50.51 -229.62 55.07
v 41.49 -229.62 55.07
v 41.49 -229.62 60.95
v 50.51 -229.62 60.95
v 41.49 -229.62 55.07
v 41.49 -237.72 55.07
v 41.49 -237.72 60.95
v 41.49 -229.62 60.95
v 72.40 -227.82 51.88
v 79.75 -226.56 51.88
v 81.16 -234.78 51.88
v 73.81 -236.04 51.88
v 73.81 -236.04 56.32
v 81.16 -234.78 56.32
v 79.75 -226.56 56.32
v 72.40 -227.82 56.32
v 73.81 -236.04 51.88
v 81.16 -234.78 51.88
v 81.16 -234.78 56.32
v 73.81 -236.04 56.32
v 81.16 -234.78 51.88
v 79.75 -226.56 51.88
v 79.75 -226.56 56.32
v 81.16 -234.78 56.32
v 79.75 -226.56 51.88
v 72.40 -227.82 51.88
v 72.40 -227.82 56.32
v 79.75 -226.56 56.32
v 72.40 -227.82 51.88
v 73.81 -236.04 51.88
v 73.81 -236.04 56.32
v 72.40 -227.82 56.32
v 103.30 -230.16 49.53
v 112.47 -226.94 49.53
v 114.93 -233.95 49.53
v 105.76 -237.17 49.53
v 105.76 -237.17 52.92
v 114.93 -233.95 52.92
v 112.47 -226.94 52.92
v 103.30 -230.16 52.92
v 105.76 -237.17 49.53
v 114.93 -233.95 49.53
v 114.93 -233.95 52.92
v 105.76 -237.17 52.92
v 114.93 -233.95 49.53
v 112.47 -226.94 49.53
v 112.47 -226.94 52.92
v 114.93 -233.95 52.92
v 112.47 -226.94 49.53
v 103.30 -230.16 49.53
v 103.30 -230.16 52.92
v 112.47 -226.94 52.92
v 103.30 -230.16 49.53
v 105.76 -237.17 49.53
v 105.76 -237.17 52.92
v 103.30 -230.16 52.92
v 130.07 -215.02 51.01
v 137.49 -210.97 51.01
v 141.74 -218.77 51.01
v 134.32 -222.81 51.01
v 134.32 -222.81 55.06
v 141.74 -218.77 55.06
v 137.49 -210.97 55.06
v 130.07 -215.02 55.06
v 134.32 -222.81 51.01
v 141.74 -218.77 51.01
v 141.74 -218.77 55.06
v 134.32 -222.81 55.06
v 141.74 -218.77 51.01
v 137.49 -210.97 51.01
v 137.49 -210.97 55.06
v 141.74 -218.77 55.06
v 137.49 -210.97 51.01
v 130.07 -215.02 51.01
v 130.07 -215.02 55.06
v 137.49 -210.97 55.06
v 130.07 -215.02 51.01
v 134.32 -222.81 51.01
v 134.32 -222.81 55.06
v 130.07 -215.02 55.06
v 125.41 -205.79 52.93
v 132.26 -202.06 52.93
v 135.93 -208.80 52.93
v 129.09 -212.53 52.93
v 129.09 -212.53 57.84
v 135.93 -208.80 57.84
v 132.26 -202.06 57.84
v 125.41 -205.79 57.84
v 129.09 -212.53 52.93
v 135.93 -208.80 52.93
v 135.93 -208.80 57.84
v 129.09 -212.53 57.84
v 135.93 -208.80 52.93
v 132.26 -202.06 52.93
v 132.26 -202.06 57.84
v 135.93 -208.80 57.84
v 132.26 -202.06 52.93
v 125.41 -205.79 52.93
v 125.41 -205.79 57.84
v 132.26 -202.06 57.84
v 125.41 -205.79 52.93
v 129.09 -212.53 52.93
v 129.09 -212.53 57.84
v 125.41 -205.79 57.84
v 154.70 -199.96 50.78
v 160.77 -195.30 50.78
v 165.91 -202.00 50.78
v 159.84 -206.65 50.78
v 159.84 -206.65 54.74
v 165.91 -202.00 54.74
v 160.77 -195.30 54.74
v 154.70 -199.96 54.74
v 159.84 -206.65 50.78
v 165.91 -202.00 50.78
v 165.91 -202.00 54.74
v 159.84 -206.65 54.74
v 165.91 -202.00 50.78
v 160.77 -195.30 50.78
v 160.77 -195.30 54.74
v 165.91 -202.00 54.74
v 160.77 -195.30 50.78
v 154.70 -199.96 50.78
v 154.70 -199.96 54.74
v 160.77 -195.30 54.74
v 154.70 -199.96 50.78
v 159.84 -206.65 50.78
v 159.84 -206.65 54.74
v 154.70 -199.96 54.74
v 177.38 -171.90 49.64
v 170.29 -179.23 49.64
v 170.29 -179.23 53.08
v 177.38 -171.90 53.08
v 170.29 -179.23 49.64
v 175.62 -184.38 49.64
v 175.62 -184.38 53.08
v 170.29 -179.23 53.08
v -173.36 70.72 40.24
v -178.18 61.88 40.24
v -178.18 61.88 44.85
v -173.36 70.72 44.85
v -178.18 61.88 40.24
v -172.20 58.62 40.24
v -172.20 58.62 44.85
v -178.18 61.88 44.85
v -172.26 8.56 38.98
v -174.20 0.79 38.98
v -180.71 2.41 38.98
v -178.77 10.18 38.98
v -178.77 10.18 43.02
v -180.71 2.41 43.02
v -174.20 0.79 43.02
v -172.26 8.56 43.02
v -178.77 10.18 38.98
v -180.71 2.41 38.98
v -180.71 2.41 43.02
v -178.77 10.18 43.02
v -180.71 2.41 38.98
v -174.20 0.79 38.98
v -174.20 0.79 43.02
v -180.71 2.41 43.02
v -172.26 8.56 38.98
v -178.77 10.18 38.98
v -178.77 10.18 43.02
v -172.26 8.56 43.02
v -191.83 -14.76 43.16
v -192.83 -22.95 43.16
v -201.82 -21.85 43.16
v -200.82 -13.66 43.16
v -200.82 -13.66 49.08
v -201.82 -21.85 49.08
v -192.83 -22.95 49.08
v -191.83 -14.76 49.08
v -200.82 -13.66 43.16
v -201.82 -21.85 43.16
v -201.82 -21.85 49.08
v -200.82 -13.66 49.08
v -201.82 -21.85 43.16
v -192.83 -22.95 43.16
v -192.83 -22.95 49.08
v -201.82 -21.85 49.08
v -192.83 -22.95 43.16
v -191.83 -14.76 43.16
v -191.83 -14.76 49.08
v -192.83 -22.95 49.08
v -191.83 -14.76 43.16
v -200.82 -13.66 43.16
v -200.82 -13.66 49.08
v -191.83 -14.76 49.08
v -178.83 -16.75 37.76
v -179.73 -24.15 37.76
v -186.79 -23.29 37.76
v -185.88 -15.88 37.76
v -185.88 -15.88 41.25
v -186.79 -23.29 41.25
v -179.73 -24.15 41.25
v -178.83 -16.75 41.25
v -185.88 -15.88 37.76
v -186.79 -23.29 37.76
v -186.79 -23.29 41.25
v -185.88 -15.88 41.25
v -186.79 -23.29 37.76
v -179.73 -24.15 37.76
v -179.73 -24.15 41.25
v -186.79 -23.29 41.25
v -179.73 -24.15 37.76
v -178.83 -16.75 37.76
v -178.83 -16.75 41.25
v -179.73 -24.15 41.25
v -178.83 -16.75 37.76
v -185.88 -15.88 37.76
v -185.88 -15.88 41.25
v -178.83 -16.75 41.25
v -195.57 -68.55 43.12
v -194.37 -78.39 43.12
v -201.99 -79.32 43.12
v -203.20 -69.48 43.12
v -203.20 -69.48 49.02
v -201.99 -79.32 49.02
v -194.37 -78.39 49.02
v -195.57 -68.55 49.02
v -203.20 -69.48 43.12
v -201.99 -79.32 43.12
v -201.99 -79.32 49.02
v -203.20 -69.48 49.02
v -201.99 -79.32 43.12
v -194.37 -78.39 43.12
v -194.37 -78.39 49.02
v -201.99 -79.32 49.02
v -194.37 -78.39 43.12
v -195.57 -68.55 43.12
v -195.57 -68.55 49.02
v -194.37 -78.39 49.02
v -195.57 -68.55 43.12
v -203.20 -69.48 43.12
v -203.20 -69.48 49.02
v -195.57 -68.55 49.02
v -181.53 -67.49 42.84
v -180.49 -76.04 42.84
v -189.41 -77.13 42.84
v -190.45 -68.58 42.84
v -190.45 -68.58 48.62
v -189.41 -77.13 48.62
v -180.49 -76.04 48.62
v -181.53 -67.49 48.62
v -190.45 -68.58 42.84
v -189.41 -77.13 42.84
v -189.41 -77.13 48.62
v -190.45 -68.58 48.62
v -189.41 -77.13 42.84
v -180.49 -76.04 42.84
v -180.49 -76.04 48.62
v -189.41 -77.13 48.62
v -180.49 -76.04 42.84
v -181.53 -67.49 42.84
v -181.53 -67.49 48.62
v -180.49 -76.04 48.62
v -181.53 -67.49 42.84
v -190.45 -68.58 42.84
v -190.45 -68.58 48.62
v -181.53 -67.49 48.62
v -176.35 -66.59 36.64
v -175.24 -75.66 36.64
v -175.24 -75.66 39.63
v -176.35 -66.59 39.63
v -178.83 -93.86 42.41
v -176.85 -101.79 42.41
v -176.85 -101.79 47.99
v -178.83 -93.86 47.99
v -171.19 -91.95 42.41
v -178.83 -93.86 42.41
v -178.83 -93.86 47.99
v -171.19 -91.95 47.99
v -163.38 -145.98 42.10
v -158.71 -154.54 42.10
v -166.15 -158.60 42.10
v -170.82 -150.05 42.10
v -170.82 -150.05 47.55
v -166.15 -158.60 47.55
v -158.71 -154.54 47.55
v -163.38 -145.98 47.55
v -170.82 -150.05 42.10
v -166.15 -158.60 42.10
v -166.15 -158.60 47.55
v -170.82 -150.05 47.55
v -166.15 -158.60 42.10
v -158.71 -154.54 42.10
v -158.71 -154.54 47.55
v -166.15 -158.60 47.55
v -158.71 -154.54 42.10
v -163.38 -145.98 42.10
v -163.38 -145.98 47.55
v -158.71 -154.54 47.55
v -145.01 -170.02 43.44
v -140.46 -176.19 43.44
v -133.60 -171.15 43.44
v -138.15 -164.97 43.44
v -145.01 -170.02 39.27
v -140.46 -176.19 39.27
v -140.46 -176.19 43.44
v -145.01 -170.02 43.44
v -140.46 -176.19 39.27
v -133.60 -171.15 39.27
v -133.60 -171.15 43.44
v -140.46 -176.19 43.44
v -133.60 -171.15 39.27
v -138.15 -164.97 39.27
v -138.15 -164.97 43.44
v -133.60 -171.15 43.44
v -138.15 -164.97 39.27
v -145.01 -170.02 39.27
v -145.01 -170.02 43.44
v -138.15 -164.97 43.44
v -127.63 -194.94 40.34
v -122.09 -200.59 40.34
v -128.06 -206.45 40.34
v -133.60 -200.80 40.34
v -133.60 -200.80 45.00
v -128.06 -206.45 45.00
v -122.09 -200.59 45.00
v -127.63 -194.94 45.00
v -133.60 -200.80 40.34
v -128.06 -206.45 40.34
v -128.06 -206.45 45.00
v -133.60 -200.80 45.00
v -128.06 -206.45 40.34
v -122.09 -200.59 40.34
v -122.09 -200.59 45.00
v -128.06 -206.45 45.00
v -122.09 -200.59 40.34
v -127.63 -194.94 40.34
v -127.63 -194.94 45.00
v -122.09 -200.59 45.00
v -127.63 -194.94 40.34
v -133.60 -200.80 40.34
v -133.60 -200.80 45.00
v -127.63 -194.94 45.00
v -109.61 -177.15 41.75
v -103.94 -182.94 41.75
v -109.33 -188.22 41.75
v -115.00 -182.43 41.75
v -115.00 -182.43 47.03
v -109.33 -188.22 47.03
v -103.94 -182.94 47.03
v -109.61 -177.15 47.03
v -115.00 -182.43 41.75
v -109.33 -188.22 41.75
v -109.33 -188.22 47.03
v -115.00 -182.43 47.03
v -109.33 -188.22 41.75
v -103.94 -182.94 41.75
v -103.94 -182.94 47.03
v -109.33 -188.22 47.03
v -103.94 -182.94 41.75
v -109.61 -177.15 41.75
v -109.61 -177.15 47.03
v -103.94 -182.94 47.03
v -109.61 -177.15 41.75
v -115.00 -182.43 41.75
v -115.00 -182.43 47.03
v -109.61 -177.15 47.03
v -93.71 -201.07 42.94
v -85.63 -207.19 42.94
v -91.17 -214.51 42.94
v -99.25 -208.39 42.94
v -99.25 -208.39 48.77
v -91.17 -214.51 48.77
v -85.63 -207.19 48.77
v -93.71 -201.07 48.77
v -99.25 -208.39 42.94
v -91.17 -214.51 42.94
v -91.17 -214.51 48.77
v -99.25 -208.39 48.77
v -91.17 -214.51 42.94
v -85.63 -207.19 42.94
v -85.63 -207.19 48.77
v -91.17 -214.51 48.77
v -85.63 -207.19 42.94
v -93.71 -201.07 42.94
v -93.71 -201.07 48.77
v -85.63 -207.19 48.77
v -93.71 -201.07 42.94
v -99.25 -208.39 42.94
v -99.25 -208.39 48.77
v -93.71 -201.07 48.77
v -70.00 -221.40 41.19
v -61.20 -226.13 41.19
v -57.19 -218.68 41.19
v -65.99 -213.94 41.19
v -36.16 -225.77 40.03
v -29.01 -228.25 40.03
v -31.59 -235.70 40.03
v -38.74 -233.22 40.03
v -38.74 -233.22 44.55
v -31.59 -235.70 44.55
v -29.01 -228.25 44.55
v -36.16 -225.77 44.55
v -38.74 -233.22 40.03
v -31.59 -235.70 40.03
v -31.59 -235.70 44.55
v -38.74 -233.22 44.55
v -31.59 -235.70 40.03
v -29.01 -228.25 40.03
v -29.01 -228.25 44.55
v -31.59 -235.70 44.55
v -29.01 -228.25 40.03
v -36.16 -225.77 40.03
v -36.16 -225.77 44.55
v -29.01 -228.25 44.55
v -36.16 -225.77 40.03
v -38.74 -233.22 40.03
v -38.74 -233.22 44.55
v -36.16 -225.77 44.55
v -35.06 -221.63 41.10
v -27.33 -224.31 41.10
v -24.80 -217.00 41.10
v -32.53 -214.33 41.10
v -4.48 -223.35 43.22
v 4.18 -224.81 43.22
v 2.81 -232.90 43.22
v -5.85 -231.43 43.22
v -5.85 -231.43 49.17
v 2.81 -232.90 49.17
v 4.18 -224.81 49.17
v -4.48 -223.35 49.17
v -5.85 -231.43 43.22
v 2.81 -232.90 43.22
v 2.81 -232.90 49.17
v -5.85 -231.43 49.17
v 2.81 -232.90 43.22
v 4.18 -224.81 43.22
v 4.18 -224.81 49.17
v 2.81 -232.90 49.17
v 4.18 -224.81 43.22
v -4.48 -223.35 43.22
v -4.48 -223.35 49.17
v 4.18 -224.81 49.17
v -4.48 -223.35 43.22
v -5.85 -231.43 43.22
v -5.85 -231.43 49.17
v -4.48 -223.35 49.17
v 26.25 -236.45 41.09
v 33.75 -236.45 41.09
v 33.75 -229.50 41.09
v 26.25 -229.50 41.09
v 57.50 -235.69 42.49
v 66.47 -234.17 42.49
v 65.01 -225.51 42.49
v 56.04 -227.03 42.49
v 57.50 -235.69 38.61
v 66.47 -234.17 38.61
v 66.47 -234.17 42.49
v 57.50 -235.69 42.49
v 66.47 -234.17 38.61
v 65.01 -225.51 38.61
v 65.01 -225.51 42.49
v 66.47 -234.17 42.49
v 65.01 -225.51 38.61
v 56.04 -227.03 38.61
v 56.04 -227.03 42.49
v 65.01 -225.51 42.49
v 56.04 -227.03 38.61
v 57.50 -235.69 38.61
v 57.50 -235.69 42.49
v 56.04 -227.03 42.49
v 84.74 -218.46 40.59
v 93.48 -215.44 40.59
v 95.97 -222.64 40.59
v 87.23 -225.67 40.59
v 87.23 -225.67 45.35
v 95.97 -222.64 45.35
v 93.48 -215.44 45.35
v 84.74 -218.46 45.35
v 87.23 -225.67 40.59
v 95.97 -222.64 40.59
v 95.97 -222.64 45.35
v 87.23 -225.67 45.35
v 95.97 -222.64 40.59
v 93.48 -215.44 40.59
v 93.48 -215.44 45.35
v 95.97 -222.64 45.35
v 93.48 -215.44 40.59
v 84.74 -218.46 40.59
v 84.74 -218.46 45.35
v 93.48 -215.44 45.35
v 84.74 -218.46 40.59
v 87.23 -225.67 40.59
v 87.23 -225.67 45.35
v 84.74 -218.46 45.35
v 124.66 -232.60 44.31
v 133.49 -227.85 44.31
v 130.00 -221.37 44.31
v 121.17 -226.12 44.31
v 124.66 -232.60 39.87
v 133.49 -227.85 39.87
v 133.49 -227.85 44.31
v 124.66 -232.60 44.31
v 133.49 -227.85 39.87
v 130.00 -221.37 39.87
v 130.00 -221.37 44.31
v 133.49 -227.85 44.31
v 130.00 -221.37 39.87
v 121.17 -226.12 39.87
v 121.17 -226.12 44.31
v 130.00 -221.37 44.31
v 121.17 -226.12 39.87
v 124.66 -232.60 39.87
v 124.66 -232.60 44.31
v 121.17 -226.12 44.31
v 109.83 -205.10 43.10
v 118.72 -200.32 43.10
v 122.17 -206.74 43.10
v 113.29 -211.52 43.10
v 113.29 -211.52 48.99
v 122.17 -206.74 48.99
v 118.72 -200.32 48.99
v 109.83 -205.10 48.99
v 113.29 -211.52 43.10
v 122.17 -206.74 43.10
v 122.17 -206.74 48.99
v 113.29 -211.52 48.99
v 122.17 -206.74 43.10
v 118.72 -200.32 43.10
v 118.72 -200.32 48.99
v 122.17 -206.74 48.99
v 118.72 -200.32 43.10
v 109.83 -205.10 43.10
v 109.83 -205.10 48.99
v 118.72 -200.32 48.99
v 109.83 -205.10 43.10
v 113.29 -211.52 43.10
v 113.29 -211.52 48.99
v 109.83 -205.10 48.99
v 148.01 -208.30 42.93
v 154.14 -203.66 42.93
v 159.66 -210.97 42.93
v 153.53 -215.60 42.93
v 153.53 -215.60 48.74
v 159.66 -210.97 48.74
v 154.14 -203.66 48.74
v 148.01 -208.30 48.74
v 153.53 -215.60 42.93
v 159.66 -210.97 42.93
v 159.66 -210.97 48.74
v 153.53 -215.60 48.74
v 159.66 -210.97 42.93
v 154.14 -203.66 42.93
v 154.14 -203.66 48.74
v 159.66 -210.97 48.74
v 154.14 -203.66 42.93
v 148.01 -208.30 42.93
v 148.01 -208.30 48.74
v 154.14 -203.66 48.74
v 148.01 -208.30 42.93
v 153.53 -215.60 42.93
v 153.53 -215.60 48.74
v 148.01 -208.30 48.74
v -25.84 -170.67 42.00
v -26.14 -170.15 42.00
v -26.14 -170.15 46.50
v -25.84 -170.67 46.50
v -26.14 -170.15 42.00
v -26.74 -170.15 42.00
v -26.74 -170.15 46.50
v -26.14 -170.15 46.50
v -26.74 -170.15 42.00
v -27.04 -170.67 42.00
v -27.04 -170.67 46.50
v -26.74 -170.15 46.50
v -27.04 -170.67 42.00
v -26.74 -171.19 42.00
v -26.74 -171.19 46.50
v -27.04 -170.67 46.50
v -26.74 -171.19 42.00
v -26.14 -171.19 42.00
v -26.14 -171.19 46.50
v -26.74 -171.19 46.50
v -26.14 -171.19 42.00
v -25.84 -170.67 42.00
v -25.84 -170.67 46.50
v -26.14 -171.19 46.50
v -25.84 -170.67 46.50
v -26.14 -170.15 46.50
v -26.74 -170.15 46.50
v -27.04 -170.67 46.50
v -26.74 -171.19 46.50
v -26.14 -171.19 46.50
v 90.22 -164.00 56.00
v 89.92 -163.48 56.00
v 89.92 -163.48 60.50
v 90.22 -164.00 60.50
v 89.92 -163.48 56.00
v 89.32 -163.48 56.00
v 89.32 -163.48 60.50
v 89.92 -163.48 60.50
v 89.32 -163.48 56.00
v 89.02 -164.00 56.00
v 89.02 -164.00 60.50
v 89.32 -163.48 60.50
v 89.02 -164.00 56.00
v 89.32 -164.52 56.00
v 89.32 -164.52 60.50
v 89.02 -164.00 60.50
v 89.32 -164.52 56.00
v 89.92 -164.52 56.00
v 89.92 -164.52 60.50
v 89.32 -164.52 60.50
v 89.92 -164.52 56.00
v 90.22 -164.00 56.00
v 90.22 -164.00 60.50
v 89.92 -164.52 60.50
v 90.22 -164.00 60.50
v 89.92 -163.48 60.50
v 89.32 -163.48 60.50
v 89.02 -164.00 60.50
v 89.32 -164.52 60.50
v 89.92 -164.52 60.50
v 133.07 -163.88 42.00
v 132.77 -163.36 42.00
v 132.77 -163.36 46.50
v 133.07 -163.88 46.50
v 132.77 -163.36 42.00
v 132.17 -163.36 42.00
v 132.17 -163.36 46.50
v 132.77 -163.36 46.50
v 132.17 -163.36 42.00
v 131.87 -163.88 42.00
v 131.87 -163.88 46.50
v 132.17 -163.36 46.50
v 131.87 -163.88 42.00
v 132.17 -164.40 42.00
v 132.17 -164.40 46.50
v 131.87 -163.88 46.50
v 132.17 -164.40 42.00
v 132.77 -164.40 42.00
v 132.77 -164.40 46.50
v 132.17 -164.40 46.50
v 132.77 -164.40 42.00
v 133.07 -163.88 42.00
v 133.07 -163.88 46.50
v 132.77 -164.40 46.50
v 133.07 -163.88 46.50
v 132.77 -163.36 46.50
v 132.17 -163.36 46.50
v 131.87 -163.88 46.50
v 132.17 -164.40 46.50
v 132.77 -164.40 46.50

usemtl mat_terracotta
v -52.79 -156.16 84.18
v -59.76 -148.83 84.18
v -56.27 -152.50 90.25
v -50.64 -147.14 90.25
v -52.79 -156.16 84.18
v -50.64 -147.14 90.25
v -47.15 -150.81 84.18
v -31.97 -167.40 80.55
v -38.65 -162.19 80.55
v -35.31 -164.79 85.49
v -30.43 -158.54 85.49
v -35.31 -164.79 85.49
v -33.77 -155.93 80.55
v -27.09 -161.14 80.55
v -30.43 -158.54 85.49
v -38.65 -162.19 80.55
v -33.77 -155.93 80.55
v -35.31 -164.79 85.49
v -31.97 -167.40 80.55
v -30.43 -158.54 85.49
v -27.09 -161.14 80.55
v -12.11 -164.82 80.47
v -4.54 -169.01 80.47
v -2.33 -165.03 85.84
v -9.90 -160.83 85.84
v -7.69 -156.85 80.47
v -9.90 -160.83 85.84
v -2.33 -165.03 85.84
v -0.13 -161.04 80.47
v -12.11 -164.82 80.47
v -9.90 -160.83 85.84
v -7.69 -156.85 80.47
v -4.54 -169.01 80.47
v -0.13 -161.04 80.47
v -2.33 -165.03 85.84
v 0.57 -160.98 78.92
v -8.01 -156.23 78.92
v -3.72 -158.60 84.77
v -0.09 -152.06 84.77
v -3.72 -158.60 84.77
v -4.38 -149.69 78.92
v 4.19 -154.44 78.92
v -0.09 -152.06 84.77
v -8.01 -156.23 78.92
v -4.38 -149.69 78.92
v -3.72 -158.60 84.77
v 0.57 -160.98 78.92
v -0.09 -152.06 84.77
v 4.19 -154.44 78.92
v 7.59 -181.02 84.53
v 14.99 -183.66 84.53
v 16.50 -179.41 89.84
v 9.10 -176.78 89.84
v 10.61 -172.54 84.53
v 9.10 -176.78 89.84
v 16.50 -179.41 89.84
v 18.01 -175.17 84.53
v 7.59 -181.02 84.53
v 9.10 -176.78 89.84
v 10.61 -172.54 84.53
v 14.99 -183.66 84.53
v 18.01 -175.17 84.53
v 16.50 -179.41 89.84
v 10.33 -173.00 84.31
v 17.94 -175.70 84.31
v 19.47 -171.41 89.69
v 11.86 -168.70 89.69
v 13.39 -164.41 84.31
v 11.86 -168.70 89.69
v 19.47 -171.41 89.69
v 21.00 -167.12 84.31
v 10.33 -173.00 84.31
v 11.86 -168.70 89.69
v 13.39 -164.41 84.31
v 17.94 -175.70 84.31
v 21.00 -167.12 84.31
v 19.47 -171.41 89.69
v 42.10 -181.30 78.55
v 32.88 -179.70 78.55
v 37.49 -180.50 84.09
v 39.05 -171.56 84.09
v 37.49 -180.50 84.09
v 34.44 -170.76 78.55
v 43.66 -172.36 78.55
v 39.05 -171.56 84.09
v 32.88 -179.70 78.55
v 34.44 -170.76 78.55
v 37.49 -180.50 84.09
v 42.10 -181.30 78.55
v 39.05 -171.56 84.09
v 43.66 -172.36 78.55
v 43.00 -172.25 83.25
v 35.10 -170.88 83.25
v 39.05 -171.56 87.89
v 40.42 -163.68 87.89
v 39.05 -171.56 87.89
v 36.47 -162.99 83.25
v 44.37 -164.37 83.25
v 40.42 -163.68 87.89
v 35.10 -170.88 83.25
v 36.47 -162.99 83.25
v 39.05 -171.56 87.89
v 43.00 -172.25 83.25
v 40.42 -163.68 87.89
v 44.37 -164.37 83.25
v 66.35 -173.93 83.17
v 57.65 -173.93 83.17
v 62.00 -173.93 88.27
v 62.00 -166.56 88.27
v 62.00 -173.93 88.27
v 57.65 -166.56 83.17
v 66.35 -166.56 83.17
v 62.00 -166.56 88.27
v 57.65 -173.93 83.17
v 57.65 -166.56 83.17
v 62.00 -173.93 88.27
v 66.35 -173.93 83.17
v 62.00 -166.56 88.27
v 66.35 -166.56 83.17
v 83.91 -189.95 76.58
v 92.16 -188.51 76.58
v 91.36 -183.95 82.05
v 83.11 -185.39 82.05
v 82.32 -180.83 76.58
v 83.11 -185.39 82.05
v 91.36 -183.95 82.05
v 90.57 -179.39 76.58
v 83.91 -189.95 76.58
v 83.11 -185.39 82.05
v 82.32 -180.83 76.58
v 92.16 -188.51 76.58
v 90.57 -179.39 76.58
v 91.36 -183.95 82.05
v 91.29 -179.09 77.49
v 81.54 -180.79 77.49
v 86.41 -179.94 83.40
v 85.12 -172.56 83.40
v 86.41 -179.94 83.40
v 80.25 -173.41 77.49
v 90.00 -171.71 77.49
v 85.12 -172.56 83.40
v 81.54 -180.79 77.49
v 80.25 -173.41 77.49
v 86.41 -179.94 83.40
v 91.29 -179.09 77.49
v 85.12 -172.56 83.40
v 90.00 -171.71 77.49
v 116.88 -178.76 82.98
v 107.22 -182.20 82.98
v 112.05 -180.48 89.13
v 109.06 -172.10 89.13
v 112.05 -180.48 89.13
v 104.23 -173.82 82.98
v 113.89 -170.38 82.98
v 109.06 -172.10 89.13
v 107.22 -182.20 82.98
v 104.23 -173.82 82.98
v 112.05 -180.48 89.13
v 116.88 -178.76 82.98
v 109.06 -172.10 89.13
v 113.89 -170.38 82.98
v 113.74 -170.37 85.68
v 104.34 -173.71 85.68
v 109.04 -172.04 91.65
v 106.42 -164.68 91.65
v 109.04 -172.04 91.65
v 101.72 -166.35 85.68
v 111.12 -163.00 85.68
v 106.42 -164.68 91.65
v 104.34 -173.71 85.68
v 101.72 -166.35 85.68
v 109.04 -172.04 91.65
v 113.74 -170.37 85.68
v 106.42 -164.68 91.65
v 111.12 -163.00 85.68
v 102.40 -166.05 80.65
v 110.40 -163.20 80.65
v 108.90 -159.00 85.89
v 100.90 -161.85 85.89
v 99.41 -157.66 80.65
v 100.90 -161.85 85.89
v 108.90 -159.00 85.89
v 107.41 -154.80 80.65
v 102.40 -166.05 80.65
v 100.90 -161.85 85.89
v 99.41 -157.66 80.65
v 110.40 -163.20 80.65
v 107.41 -154.80 80.65
v 108.90 -159.00 85.89
v 137.58 -166.32 80.69
v 129.03 -171.06 80.69
v 133.31 -168.69 86.52
v 129.13 -161.16 86.52
v 133.31 -168.69 86.52
v 124.86 -163.52 80.69
v 133.41 -158.79 80.69
v 129.13 -161.16 86.52
v 129.03 -171.06 80.69
v 124.86 -163.52 80.69
v 133.31 -168.69 86.52
v 137.58 -166.32 80.69
v 129.13 -161.16 86.52
v 133.41 -158.79 80.69
v 125.63 -163.12 80.69
v 132.66 -159.23 80.69
v 130.71 -155.70 85.35
v 123.68 -159.60 85.35
v 121.72 -156.07 80.69
v 123.68 -159.60 85.35
v 130.71 -155.70 85.35
v 128.75 -152.18 80.69
v 125.63 -163.12 80.69
v 123.68 -159.60 85.35
v 121.72 -156.07 80.69
v 132.66 -159.23 80.69
v 128.75 -152.18 80.69
v 130.71 -155.70 85.35
v 156.85 -153.37 80.23
v 148.83 -159.63 80.23
v 152.84 -156.50 86.33
v 148.15 -150.48 86.33
v 152.84 -156.50 86.33
v 144.13 -153.61 80.23
v 152.16 -147.35 80.23
v 148.15 -150.48 86.33
v 148.83 -159.63 80.23
v 144.13 -153.61 80.23
v 152.84 -156.50 86.33
v 156.85 -153.37 80.23
v 148.15 -150.48 86.33
v 152.16 -147.35 80.23
v -84.21 -157.68 66.33
v -89.69 -150.04 66.33
v -86.95 -153.86 71.91
v -79.48 -148.51 71.91
v -84.21 -157.68 66.33
v -79.48 -148.51 71.91
v -76.75 -152.34 66.33
v -49.64 -195.15 71.32
v -56.08 -190.14 71.32
v -52.86 -192.64 76.05
v -48.44 -186.96 76.05
v -52.86 -192.64 76.05
v -51.66 -184.46 71.32
v -45.22 -189.46 71.32
v -48.44 -186.96 76.05
v -56.08 -190.14 71.32
v -51.66 -184.46 71.32
v -52.86 -192.64 76.05
v -49.64 -195.15 71.32
v -48.44 -186.96 76.05
v -45.22 -189.46 71.32
v -43.31 -187.15 69.56
v -49.89 -182.04 69.56
v -46.60 -184.59 74.41
v -42.05 -178.74 74.41
v -46.60 -184.59 74.41
v -45.34 -176.18 69.56
v -38.76 -181.29 69.56
v -42.05 -178.74 74.41
v -49.89 -182.04 69.56
v -45.34 -176.18 69.56
v -46.60 -184.59 74.41
v -43.31 -187.15 69.56
v -42.05 -178.74 74.41
v -38.76 -181.29 69.56
v -18.19 -196.77 70.75
v -25.65 -192.65 70.75
v -21.92 -194.71 75.72
v -17.96 -187.55 75.72
v -21.92 -194.71 75.72
v -21.69 -185.49 70.75
v -14.24 -189.60 70.75
v -17.96 -187.55 75.72
v -25.65 -192.65 70.75
v -21.69 -185.49 70.75
v -21.92 -194.71 75.72
v -18.19 -196.77 70.75
v -17.96 -187.55 75.72
v -14.24 -189.60 70.75
v -13.20 -188.27 68.75
v -21.11 -183.90 68.75
v -17.15 -186.08 74.08
v -13.09 -178.73 74.08
v -17.15 -186.08 74.08
v -17.05 -176.54 68.75
v -9.14 -180.92 68.75
v -13.09 -178.73 74.08
v -21.11 -183.90 68.75
v -17.05 -176.54 68.75
v -17.15 -186.08 74.08
v -13.20 -188.27 68.75
v -13.09 -178.73 74.08
v -9.14 -180.92 68.75
v 7.92 -203.85 74.39
v -0.16 -200.98 74.39
v 3.88 -202.41 79.40
v 6.36 -195.43 79.40
v 3.88 -202.41 79.40
v 2.32 -194.00 74.39
v 10.40 -196.87 74.39
v 6.36 -195.43 79.40
v -0.16 -200.98 74.39
v 2.32 -194.00 74.39
v 3.88 -202.41 79.40
v 7.92 -203.85 74.39
v 6.36 -195.43 79.40
v 10.40 -196.87 74.39
v 34.83 -210.02 69.46
v 25.80 -208.45 69.46
v 30.31 -209.24 74.88
v 31.60 -201.86 74.88
v 30.31 -209.24 74.88
v 27.08 -201.07 69.46
v 36.11 -202.64 69.46
v 31.60 -201.86 74.88
v 25.80 -208.45 69.46
v 27.08 -201.07 69.46
v 30.31 -209.24 74.88
v 34.83 -210.02 69.46
v 31.60 -201.86 74.88
v 36.11 -202.64 69.46
v 27.75 -199.97 74.62
v 35.85 -201.38 74.62
v 36.68 -196.64 80.34
v 28.57 -195.23 80.34
v 29.40 -190.49 74.62
v 28.57 -195.23 80.34
v 36.68 -196.64 80.34
v 37.50 -191.90 74.62
v 27.75 -199.97 74.62
v 28.57 -195.23 80.34
v 29.40 -190.49 74.62
v 35.85 -201.38 74.62
v 37.50 -191.90 74.62
v 36.68 -196.64 80.34
v 90.24 -209.57 65.26
v 81.52 -211.09 65.26
v 85.88 -210.33 70.47
v 84.58 -202.89 70.47
v 85.88 -210.33 70.47
v 80.22 -203.65 65.26
v 88.94 -202.13 65.26
v 84.58 -202.89 70.47
v 81.52 -211.09 65.26
v 80.22 -203.65 65.26
v 85.88 -210.33 70.47
v 90.24 -209.57 65.26
v 84.58 -202.89 70.47
v 88.94 -202.13 65.26
v 89.17 -200.20 65.57
v 79.36 -201.91 65.57
v 84.26 -201.05 71.52
v 82.83 -192.81 71.52
v 84.26 -201.05 71.52
v 77.93 -193.66 65.57
v 87.73 -191.96 65.57
v 82.83 -192.81 71.52
v 79.36 -201.91 65.57
v 77.93 -193.66 65.57
v 84.26 -201.05 71.52
v 89.17 -200.20 65.57
v 82.83 -192.81 71.52
v 87.73 -191.96 65.57
v 116.98 -200.57 68.20
v 107.19 -204.05 68.20
v 112.08 -202.31 74.46
v 108.97 -193.56 74.46
v 112.08 -202.31 74.46
v 104.08 -195.29 68.20
v 113.87 -191.82 68.20
v 108.97 -193.56 74.46
v 107.19 -204.05 68.20
v 104.08 -195.29 68.20
v 112.08 -202.31 74.46
v 116.98 -200.57 68.20
v 108.97 -193.56 74.46
v 113.87 -191.82 68.20
v 138.53 -186.73 62.74
v 130.84 -190.97 62.74
v 134.68 -188.85 67.89
v 131.00 -182.17 67.89
v 134.68 -188.85 67.89
v 127.15 -184.29 62.74
v 134.84 -180.05 62.74
v 131.00 -182.17 67.89
v 130.84 -190.97 62.74
v 127.15 -184.29 62.74
v 134.68 -188.85 67.89
v 138.53 -186.73 62.74
v 131.00 -182.17 67.89
v 134.84 -180.05 62.74
v 134.28 -178.12 63.29
v 125.81 -182.79 63.29
v 130.05 -180.46 69.05
v 126.38 -173.82 69.05
v 130.05 -180.46 69.05
v 122.15 -176.16 63.29
v 130.62 -171.48 63.29
v 126.38 -173.82 69.05
v 125.81 -182.79 63.29
v 122.15 -176.16 63.29
v 130.05 -180.46 69.05
v 134.28 -178.12 63.29
v 126.38 -173.82 69.05
v 130.62 -171.48 63.29
v 159.04 -186.42 65.83
v 165.25 -181.59 65.83
v 162.32 -177.83 71.51
v 156.11 -182.65 71.51
v 153.19 -178.88 65.83
v 156.11 -182.65 71.51
v 162.32 -177.83 71.51
v 159.39 -174.06 65.83
v 159.04 -186.42 65.83
v 156.11 -182.65 71.51
v 153.19 -178.88 65.83
v 165.25 -181.59 65.83
v 159.39 -174.06 65.83
v 162.32 -177.83 71.51
v 160.02 -173.00 65.41
v 152.00 -179.22 65.41
v 156.01 -176.11 71.50
v 150.64 -169.20 71.50
v 156.01 -176.11 71.50
v 146.63 -172.32 65.41
v 154.65 -166.09 65.41
v 150.64 -169.20 71.50
v 152.00 -179.22 65.41
v 146.63 -172.32 65.41
v 156.01 -176.11 71.50
v 160.02 -173.00 65.41
v 150.64 -169.20 71.50
v 154.65 -166.09 65.41
v 153.94 -164.95 74.06
v 145.70 -171.35 74.06
v 149.82 -168.15 80.34
v 145.05 -162.00 80.34
v 149.82 -168.15 80.34
v 140.93 -165.21 74.06
v 149.17 -158.80 74.06
v 145.05 -162.00 80.34
v 145.70 -171.35 74.06
v 140.93 -165.21 74.06
v 149.82 -168.15 80.34
v 153.94 -164.95 74.06
v 145.05 -162.00 80.34
v 149.17 -158.80 74.06
v 173.53 -153.24 66.05
v 166.53 -160.58 66.05
v 170.03 -156.91 72.14
v 163.38 -150.56 72.14
v 170.03 -156.91 72.14
v 159.87 -154.23 66.05
v 166.88 -146.89 66.05
v 163.38 -150.56 72.14
v 166.53 -160.58 66.05
v 159.87 -154.23 66.05
v 170.03 -156.91 72.14
v 173.53 -153.24 66.05
v 163.38 -150.56 72.14
v 166.88 -146.89 66.05
v -112.86 -173.69 51.38
v -118.93 -165.32 51.38
v -115.90 -169.50 57.59
v -108.13 -163.86 57.59
v -115.90 -169.50 57.59
v -111.16 -159.68 51.38
v -105.09 -168.04 51.38
v -108.13 -163.86 57.59
v -118.93 -165.32 51.38
v -111.16 -159.68 51.38
v -115.90 -169.50 57.59
v -112.86 -173.69 51.38
v -108.13 -163.86 57.59
v -105.09 -168.04 51.38
v -103.11 -165.95 54.76
v -108.56 -158.44 54.76
v -105.83 -162.20 60.25
v -98.66 -156.99 60.25
v -105.83 -162.20 60.25
v -101.39 -153.24 54.76
v -95.94 -160.75 54.76
v -98.66 -156.99 60.25
v -108.56 -158.44 54.76
v -101.39 -153.24 54.76
v -105.83 -162.20 60.25
v -103.11 -165.95 54.76
v -98.66 -156.99 60.25
v -95.94 -160.75 54.76
v -92.72 -192.41 53.82
v -99.03 -185.88 53.82
v -95.87 -189.14 59.18
v -90.39 -183.84 59.18
v -95.87 -189.14 59.18
v -93.54 -180.57 53.82
v -87.23 -187.10 53.82
v -90.39 -183.84 59.18
v -99.03 -185.88 53.82
v -93.54 -180.57 53.82
v -95.87 -189.14 59.18
v -92.72 -192.41 53.82
v -90.39 -183.84 59.18
v -87.23 -187.10 53.82
v -84.44 -184.63 51.67
v -90.98 -177.86 51.67
v -87.71 -181.25 57.26
v -81.36 -175.11 57.26
v -87.71 -181.25 57.26
v -84.63 -171.72 51.67
v -78.08 -178.50 51.67
v -81.36 -175.11 57.26
v -90.98 -177.86 51.67
v -84.63 -171.72 51.67
v -87.71 -181.25 57.26
v -84.44 -184.63 51.67
v -81.36 -175.11 57.26
v -78.08 -178.50 51.67
v -67.26 -207.54 52.96
v -74.92 -201.67 52.96
v -71.09 -204.61 58.71
v -66.27 -198.33 58.71
v -71.09 -204.61 58.71
v -70.10 -195.39 52.96
v -62.44 -201.27 52.96
v -66.27 -198.33 58.71
v -74.92 -201.67 52.96
v -70.10 -195.39 52.96
v -71.09 -204.61 58.71
v -67.26 -207.54 52.96
v -66.27 -198.33 58.71
v -62.44 -201.27 52.96
v -60.71 -198.57 58.99
v -67.94 -193.02 58.99
v -64.33 -195.79 64.38
v -58.86 -188.67 64.38
v -64.33 -195.79 64.38
v -62.48 -185.89 58.99
v -55.24 -191.44 58.99
v -58.86 -188.67 64.38
v -67.94 -193.02 58.99
v -62.48 -185.89 58.99
v -64.33 -195.79 64.38
v -60.71 -198.57 58.99
v -58.86 -188.67 64.38
v -55.24 -191.44 58.99
v -44.53 -228.06 60.80
v -52.95 -223.47 60.80
v -48.74 -225.76 66.51
v -44.99 -218.89 66.51
v -48.74 -225.76 66.51
v -49.20 -216.59 60.80
v -40.78 -221.19 60.80
v -44.99 -218.89 66.51
v -52.95 -223.47 60.80
v -49.20 -216.59 60.80
v -48.74 -225.76 66.51
v -44.53 -228.06 60.80
v -44.99 -218.89 66.51
v -40.78 -221.19 60.80
v -39.03 -218.45 55.25
v -47.85 -213.64 55.25
v -43.44 -216.05 61.27
v -39.48 -208.78 61.27
v -43.44 -216.05 61.27
v -43.89 -206.37 55.25
v -35.07 -211.18 55.25
v -39.48 -208.78 61.27
v -47.85 -213.64 55.25
v -43.89 -206.37 55.25
v -43.44 -216.05 61.27
v -39.03 -218.45 55.25
v -39.48 -208.78 61.27
v -35.07 -211.18 55.25
v -41.63 -204.47 60.67
v -34.70 -208.25 60.67
v -32.59 -204.39 65.84
v -39.52 -200.61 65.84
v -37.42 -196.75 60.67
v -39.52 -200.61 65.84
v -32.59 -204.39 65.84
v -30.48 -200.53 60.67
v -41.63 -204.47 60.67
v -39.52 -200.61 65.84
v -37.42 -196.75 60.67
v -34.70 -208.25 60.67
v -30.48 -200.53 60.67
v -32.59 -204.39 65.84
v -13.60 -237.31 56.44
v -23.15 -233.96 56.44
v -18.37 -235.64 62.51
v -15.81 -228.33 62.51
v -18.37 -235.64 62.51
v -20.59 -226.66 56.44
v -11.04 -230.01 56.44
v -15.81 -228.33 62.51
v -23.15 -233.96 56.44
v -20.59 -226.66 56.44
v -18.37 -235.64 62.51
v -13.60 -237.31 56.44
v -15.81 -228.33 62.51
v -11.04 -230.01 56.44
v -10.26 -226.99 56.77
v -19.31 -223.82 56.77
v -14.79 -225.40 62.47
v -12.06 -217.62 62.47
v -14.79 -225.40 62.47
v -16.58 -216.03 56.77
v -7.53 -219.20 56.77
v -12.06 -217.62 62.47
v -19.31 -223.82 56.77
v -16.58 -216.03 56.77
v -14.79 -225.40 62.47
v -10.26 -226.99 56.77
v -12.06 -217.62 62.47
v -7.53 -219.20 56.77
v 17.42 -245.57 53.28
v 8.39 -244.02 53.28
v 12.91 -244.79 58.70
v 14.44 -235.84 58.70
v 12.91 -244.79 58.70
v 9.93 -235.07 53.28
v 18.96 -236.62 53.28
v 14.44 -235.84 58.70
v 8.39 -244.02 53.28
v 9.93 -235.07 53.28
v 12.91 -244.79 58.70
v 17.42 -245.57 53.28
v 14.44 -235.84 58.70
v 18.96 -236.62 53.28
v 19.23 -233.73 57.17
v 10.64 -232.26 57.17
v 14.93 -233.00 62.28
v 16.18 -225.72 62.28
v 14.93 -233.00 62.28
v 11.88 -224.98 57.17
v 20.48 -226.46 57.17
v 16.18 -225.72 62.28
v 10.64 -232.26 57.17
v 11.88 -224.98 57.17
v 14.93 -233.00 62.28
v 19.23 -233.73 57.17
v 16.18 -225.72 62.28
v 20.48 -226.46 57.17
v 21.19 -223.39 58.02
v 12.23 -221.85 58.02
v 16.71 -222.62 63.39
v 18.16 -214.17 63.39
v 16.71 -222.62 63.39
v 13.68 -213.40 58.02
v 22.64 -214.94 58.02
v 18.16 -214.17 63.39
v 12.23 -221.85 58.02
v 13.68 -213.40 58.02
v 16.71 -222.62 63.39
v 21.19 -223.39 58.02
v 18.16 -214.17 63.39
v 22.64 -214.94 58.02
v 41.25 -249.68 60.87
v 50.75 -249.68 60.87
v 50.75 -244.89 66.56
v 41.25 -244.89 66.56
v 41.25 -240.11 60.87
v 41.25 -244.89 66.56
v 50.75 -244.89 66.56
v 50.75 -240.11 60.87
v 41.25 -249.68 60.87
v 41.25 -244.89 66.56
v 41.25 -240.11 60.87
v 50.75 -249.68 60.87
v 50.75 -240.11 60.87
v 50.75 -244.89 66.56
v 51.10 -226.18 49.34
v 40.90 -226.18 49.34
v 46.00 -226.18 55.46
v 46.00 -218.70 55.46
v 46.00 -226.18 55.46
v 40.90 -218.70 49.34
v 51.10 -218.70 49.34
v 46.00 -218.70 55.46
v 40.90 -226.18 49.34
v 40.90 -218.70 49.34
v 46.00 -226.18 55.46
v 51.10 -226.18 49.34
v 46.00 -218.70 55.46
v 51.10 -218.70 49.34
v 80.67 -223.28 53.92
v 70.44 -225.03 53.92
v 75.55 -224.16 60.16
v 74.20 -216.28 60.16
v 75.55 -224.16 60.16
v 69.08 -217.16 53.92
v 79.31 -215.40 53.92
v 74.20 -216.28 60.16
v 70.44 -225.03 53.92
v 69.08 -217.16 53.92
v 75.55 -224.16 60.16
v 80.67 -223.28 53.92
v 74.20 -216.28 60.16
v 79.31 -215.40 53.92
v 115.25 -234.10 52.92
v 105.61 -237.49 52.92
v 110.43 -235.79 59.05
v 107.81 -228.31 59.05
v 110.43 -235.79 59.05
v 102.99 -230.00 52.92
v 112.63 -226.62 52.92
v 107.81 -228.31 59.05
v 105.61 -237.49 52.92
v 102.99 -230.00 52.92
v 110.43 -235.79 59.05
v 115.25 -234.10 52.92
v 107.81 -228.31 59.05
v 112.63 -226.62 52.92
v 110.49 -223.78 50.83
v 102.89 -226.45 50.83
v 106.69 -225.12 55.49
v 104.20 -218.03 55.49
v 106.69 -225.12 55.49
v 100.40 -219.36 50.83
v 108.00 -216.70 50.83
v 104.20 -218.03 55.49
v 102.89 -226.45 50.83
v 100.40 -219.36 50.83
v 106.69 -225.12 55.49
v 110.49 -223.78 50.83
v 104.20 -218.03 55.49
v 108.00 -216.70 50.83
v 131.67 -198.71 53.77
v 122.92 -203.48 53.77
v 127.29 -201.10 59.73
v 123.59 -194.30 59.73
v 127.29 -201.10 59.73
v 119.21 -196.69 53.77
v 127.96 -191.92 53.77
v 123.59 -194.30 59.73
v 122.92 -203.48 53.77
v 119.21 -196.69 53.77
v 127.29 -201.10 59.73
v 131.67 -198.71 53.77
v 123.59 -194.30 59.73
v 127.96 -191.92 53.77
v 153.18 -198.55 52.80
v 159.81 -193.47 52.80
v 156.97 -189.76 58.33
v 150.34 -194.85 58.33
v 147.49 -191.15 52.80
v 150.34 -194.85 58.33
v 156.97 -189.76 58.33
v 154.12 -186.06 52.80
v 153.18 -198.55 52.80
v 150.34 -194.85 58.33
v 147.49 -191.15 52.80
v 159.81 -193.47 52.80
v 154.12 -186.06 52.80
v 156.97 -189.76 58.33
v 146.29 -190.06 54.59
v 153.38 -184.62 54.59
v 150.54 -180.91 60.12
v 143.45 -186.35 60.12
v 140.61 -182.65 54.59
v 143.45 -186.35 60.12
v 150.54 -180.91 60.12
v 147.70 -177.21 54.59
v 146.29 -190.06 54.59
v 143.45 -186.35 60.12
v 140.61 -182.65 54.59
v 153.38 -184.62 54.59
v 147.70 -177.21 54.59
v 150.54 -180.91 60.12
v 174.36 -169.68 51.44
v 167.96 -176.29 51.44
v 171.16 -172.99 56.88
v 165.70 -167.71 56.88
v 171.16 -172.99 56.88
v 162.50 -171.02 51.44
v 168.90 -164.40 51.44
v 165.70 -167.71 56.88
v 167.96 -176.29 51.44
v 162.50 -171.02 51.44
v 171.16 -172.99 56.88
v 174.36 -169.68 51.44
v 165.70 -167.71 56.88
v 168.90 -164.40 51.44
v -179.96 39.73 38.45
v -182.86 32.25 38.45
v -178.35 30.50 44.21
v -175.45 37.98 44.21
v -179.96 39.73 38.45
v -175.45 37.98 44.21
v -170.94 36.23 38.45
v -182.86 32.25 38.45
v -173.84 28.75 38.45
v -178.35 30.50 44.21
v -215.12 -20.73 36.92
v -214.00 -11.55 36.92
v -214.56 -16.14 42.39
v -207.13 -17.05 42.39
v -214.56 -16.14 42.39
v -206.57 -12.46 36.92
v -207.69 -21.63 36.92
v -207.13 -17.05 42.39
v -214.00 -11.55 36.92
v -206.57 -12.46 36.92
v -214.56 -16.14 42.39
v -215.12 -20.73 36.92
v -207.13 -17.05 42.39
v -207.69 -21.63 36.92
v -201.03 -13.38 49.08
v -202.10 -22.07 49.08
v -197.35 -22.65 54.76
v -196.29 -13.96 54.76
v -191.55 -14.54 49.08
v -196.29 -13.96 54.76
v -197.35 -22.65 54.76
v -192.61 -23.23 49.08
v -201.03 -13.38 49.08
v -196.29 -13.96 54.76
v -191.55 -14.54 49.08
v -202.10 -22.07 49.08
v -192.61 -23.23 49.08
v -197.35 -22.65 54.76
v -187.06 -23.50 41.25
v -186.10 -15.61 41.25
v -186.58 -19.56 45.85
v -179.03 -20.48 45.85
v -186.58 -19.56 45.85
v -178.55 -16.53 41.25
v -179.51 -24.43 41.25
v -179.03 -20.48 45.85
v -186.10 -15.61 41.25
v -178.55 -16.53 41.25
v -186.58 -19.56 45.85
v -187.06 -23.50 41.25
v -179.03 -20.48 45.85
v -179.51 -24.43 41.25
v -212.91 -50.91 40.53
v -212.91 -41.09 40.53
v -212.91 -46.00 46.39
v -204.21 -46.00 46.39
v -212.91 -46.00 46.39
v -204.21 -41.09 40.53
v -204.21 -50.91 40.53
v -204.21 -46.00 46.39
v -212.91 -41.09 40.53
v -204.21 -41.09 40.53
v -212.91 -46.00 46.39
v -212.91 -50.91 40.53
v -204.21 -46.00 46.39
v -204.21 -50.91 40.53
v -184.59 -51.19 36.63
v -184.59 -40.81 36.63
v -184.59 -46.00 42.87
v -176.99 -46.00 42.87
v -184.59 -46.00 42.87
v -176.99 -40.81 36.63
v -176.99 -51.19 36.63
v -176.99 -46.00 42.87
v -184.59 -40.81 36.63
v -176.99 -40.81 36.63
v -184.59 -46.00 42.87
v -184.59 -51.19 36.63
v -176.99 -46.00 42.87
v -176.99 -51.19 36.63
v -202.21 -79.60 49.02
v -203.47 -69.26 49.02
v -202.84 -74.43 55.28
v -194.73 -73.44 55.28
v -202.84 -74.43 55.28
v -195.36 -68.27 49.02
v -194.09 -78.61 49.02
v -194.73 -73.44 55.28
v -203.47 -69.26 49.02
v -195.36 -68.27 49.02
v -202.84 -74.43 55.28
v -202.21 -79.60 49.02
v -194.73 -73.44 55.28
v -194.09 -78.61 49.02
v -189.42 -105.51 39.44
v -191.67 -96.48 39.44
v -190.55 -100.99 44.96
v -182.71 -99.04 44.96
v -190.55 -100.99 44.96
v -183.84 -94.52 39.44
v -181.58 -103.56 39.44
v -182.71 -99.04 44.96
v -191.67 -96.48 39.44
v -183.84 -94.52 39.44
v -190.55 -100.99 44.96
v -189.42 -105.51 39.44
v -182.71 -99.04 44.96
v -181.58 -103.56 39.44
v -177.03 -102.09 47.99
v -179.13 -93.68 47.99
v -178.08 -97.89 53.07
v -169.96 -95.86 53.07
v -179.13 -93.68 47.99
v -171.00 -91.65 47.99
v -178.08 -97.89 53.07
v -181.68 -123.48 40.69
v -178.57 -131.50 40.69
v -174.10 -129.77 46.39
v -177.22 -121.75 46.39
v -181.68 -123.48 40.69
v -177.22 -121.75 46.39
v -172.75 -120.01 40.69
v -166.25 -158.94 47.55
v -171.16 -149.95 47.55
v -168.71 -154.44 53.70
v -160.82 -150.14 53.70
v -168.71 -154.44 53.70
v -163.28 -145.64 47.55
v -158.37 -154.64 47.55
v -160.82 -150.14 53.70
v -171.16 -149.95 47.55
v -163.28 -145.64 47.55
v -168.71 -154.44 53.70
v -166.25 -158.94 47.55
v -160.82 -150.14 53.70
v -158.37 -154.64 47.55
v -150.64 -184.86 43.04
v -156.31 -177.16 43.04
v -153.47 -181.01 48.73
v -146.06 -175.55 48.73
v -153.47 -181.01 48.73
v -148.90 -171.70 43.04
v -143.23 -179.41 43.04
v -146.06 -175.55 48.73
v -156.31 -177.16 43.04
v -148.90 -171.70 43.04
v -153.47 -181.01 48.73
v -150.64 -184.86 43.04
v -146.06 -175.55 48.73
v -143.23 -179.41 43.04
v -145.35 -169.96 43.44
v -140.51 -176.54 43.44
v -136.88 -173.87 48.75
v -141.73 -167.29 48.75
v -138.10 -164.62 43.44
v -141.73 -167.29 48.75
v -136.88 -173.87 48.75
v -133.25 -171.20 43.44
v -145.35 -169.96 43.44
v -141.73 -167.29 48.75
v -138.10 -164.62 43.44
v -140.51 -176.54 43.44
v -133.25 -171.20 43.44
v -136.88 -173.87 48.75
v -134.94 -162.51 41.19
v -130.30 -168.81 41.19
v -126.52 -166.04 46.75
v -131.16 -159.73 46.75
v -127.39 -156.95 41.19
v -131.16 -159.73 46.75
v -126.52 -166.04 46.75
v -122.75 -163.26 41.19
v -134.94 -162.51 41.19
v -131.16 -159.73 46.75
v -127.39 -156.95 41.19
v -130.30 -168.81 41.19
v -122.75 -163.26 41.19
v -126.52 -166.04 46.75
v -133.96 -200.79 45.00
v -128.07 -206.80 45.00
v -124.90 -203.70 50.21
v -130.79 -197.69 50.21
v -127.62 -194.59 45.00
v -130.79 -197.69 50.21
v -124.90 -203.70 50.21
v -121.73 -200.59 45.00
v -133.96 -200.79 45.00
v -130.79 -197.69 50.21
v -127.62 -194.59 45.00
v -128.07 -206.80 45.00
v -121.73 -200.59 45.00
v -124.90 -203.70 50.21
v -117.99 -198.46 38.06
v -125.41 -190.88 38.06
v -121.70 -194.67 44.46
v -115.62 -188.71 44.46
v -121.70 -194.67 44.46
v -119.33 -184.92 38.06
v -111.91 -192.50 38.06
v -115.62 -188.71 44.46
v -125.41 -190.88 38.06
v -119.33 -184.92 38.06
v -121.70 -194.67 44.46
v -117.99 -198.46 38.06
v -115.62 -188.71 44.46
v -111.91 -192.50 38.06
v -91.12 -214.86 48.77
v -99.60 -208.44 48.77
v -95.36 -211.65 55.19
v -89.52 -203.93 55.19
v -95.36 -211.65 55.19
v -93.76 -200.72 48.77
v -85.28 -207.14 48.77
v -89.52 -203.93 55.19
v -99.60 -208.44 48.77
v -93.76 -200.72 48.77
v -95.36 -211.65 55.19
v -91.12 -214.86 48.77
v -89.52 -203.93 55.19
v -85.28 -207.14 48.77
v -90.81 -199.06 38.45
v -84.48 -203.85 38.45
v -81.71 -200.19 43.89
v -88.04 -195.40 43.89
v -85.27 -191.73 38.45
v -88.04 -195.40 43.89
v -81.71 -200.19 43.89
v -78.93 -196.52 38.45
v -90.81 -199.06 38.45
v -88.04 -195.40 43.89
v -85.27 -191.73 38.45
v -84.48 -203.85 38.45
v -78.93 -196.52 38.45
v -81.71 -200.19 43.89
v -66.82 -236.87 40.30
v -75.86 -232.01 40.30
v -71.34 -234.44 46.46
v -67.41 -227.14 46.46
v -71.34 -234.44 46.46
v -71.94 -224.71 40.30
v -62.89 -229.57 40.30
v -67.41 -227.14 46.46
v -75.86 -232.01 40.30
v -71.94 -224.71 40.30
v -71.34 -234.44 46.46
v -66.82 -236.87 40.30
v -67.41 -227.14 46.46
v -62.89 -229.57 40.30
v -61.10 -226.47 41.19
v -70.34 -221.50 41.19
v -65.72 -223.99 47.51
v -61.47 -216.09 47.51
v -65.72 -223.99 47.51
v -66.09 -213.60 41.19
v -56.85 -218.57 41.19
v -61.47 -216.09 47.51
v -70.34 -221.50 41.19
v -66.09 -213.60 41.19
v -65.72 -223.99 47.51
v -61.10 -226.47 41.19
v -61.47 -216.09 47.51
v -56.85 -218.57 41.19
v -55.52 -215.43 38.96
v -64.20 -210.76 38.96
v -59.86 -213.09 44.84
v -55.76 -205.47 44.84
v -59.86 -213.09 44.84
v -60.10 -203.14 38.96
v -51.42 -207.80 38.96
v -55.76 -205.47 44.84
v -64.20 -210.76 38.96
v -60.10 -203.14 38.96
v -59.86 -213.09 44.84
v -55.52 -215.43 38.96
v -55.76 -205.47 44.84
v -51.42 -207.80 38.96
v -39.06 -233.38 44.55
v -31.43 -236.02 44.55
v -30.06 -232.05 49.43
v -37.69 -229.42 49.43
v -36.32 -225.46 44.55
v -37.69 -229.42 49.43
v -30.06 -232.05 49.43
v -28.69 -228.09 44.55
v -39.06 -233.38 44.55
v -37.69 -229.42 49.43
v -36.32 -225.46 44.55
v -31.43 -236.02 44.55
v -28.69 -228.09 44.55
v -30.06 -232.05 49.43
v -27.17 -224.63 41.10
v -35.37 -221.79 41.10
v -31.27 -223.21 46.18
v -28.58 -215.43 46.18
v -31.27 -223.21 46.18
v -32.69 -214.01 41.10
v -24.48 -216.85 41.10
v -28.58 -215.43 46.18
v -35.37 -221.79 41.10
v -32.69 -214.01 41.10
v -31.27 -223.21 46.18
v -27.17 -224.63 41.10
v -28.58 -215.43 46.18
v -24.48 -216.85 41.10
v -1.31 -256.42 38.43
v -9.70 -255.00 38.43
v -5.51 -255.71 43.40
v -4.29 -248.53 43.40
v -5.51 -255.71 43.40
v -8.49 -247.81 38.43
v -0.09 -249.24 38.43
v -4.29 -248.53 43.40
v -9.70 -255.00 38.43
v -8.49 -247.81 38.43
v -5.51 -255.71 43.40
v -1.31 -256.42 38.43
v -4.29 -248.53 43.40
v -0.09 -249.24 38.43
v 3.02 -233.19 49.17
v -6.14 -231.64 49.17
v -1.56 -232.41 54.67
v -0.11 -223.84 54.67
v -1.56 -232.41 54.67
v -4.69 -223.06 49.17
v 4.47 -224.61 49.17
v -0.11 -223.84 54.67
v -6.14 -231.64 49.17
v -4.69 -223.06 49.17
v -1.56 -232.41 54.67
v 3.02 -233.19 49.17
v -0.11 -223.84 54.67
v 4.47 -224.61 49.17
v 35.12 -249.86 41.71
v 24.88 -249.86 41.71
v 30.00 -249.86 47.86
v 30.00 -240.72 47.86
v 30.00 -249.86 47.86
v 24.88 -240.72 41.71
v 35.12 -240.72 41.71
v 30.00 -240.72 47.86
v 24.88 -249.86 41.71
v 24.88 -240.72 41.71
v 30.00 -249.86 47.86
v 35.12 -249.86 41.71
v 30.00 -240.72 47.86
v 35.12 -240.72 41.71
v 34.00 -236.70 41.09
v 26.00 -236.70 41.09
v 30.00 -236.70 45.71
v 30.00 -229.25 45.71
v 30.00 -236.70 45.71
v 26.00 -229.25 41.09
v 34.00 -229.25 41.09
v 30.00 -229.25 45.71
v 26.00 -236.70 41.09
v 26.00 -229.25 41.09
v 30.00 -236.70 45.71
v 34.00 -236.70 41.09
v 30.00 -229.25 45.71
v 34.00 -229.25 41.09
v 61.98 -260.38 41.72
v 70.37 -258.96 41.72
v 69.57 -254.21 47.46
v 61.17 -255.63 47.46
v 60.37 -250.88 41.72
v 61.17 -255.63 47.46
v 69.57 -254.21 47.46
v 68.77 -249.46 41.72
v 61.98 -260.38 41.72
v 61.17 -255.63 47.46
v 60.37 -250.88 41.72
v 70.37 -258.96 41.72
v 68.77 -249.46 41.72
v 69.57 -254.21 47.46
v 104.36 -245.73 39.89
v 94.89 -249.00 39.89
v 99.63 -247.37 45.89
v 96.99 -239.73 45.89
v 99.63 -247.37 45.89
v 92.25 -241.37 39.89
v 101.72 -238.09 39.89
v 96.99 -239.73 45.89
v 94.89 -249.00 39.89
v 92.25 -241.37 39.89
v 99.63 -247.37 45.89
v 104.36 -245.73 39.89
v 96.99 -239.73 45.89
v 101.72 -238.09 39.89
v 96.29 -222.80 45.35
v 87.07 -225.99 45.35
v 91.68 -224.39 51.16
v 89.03 -216.72 51.16
v 91.68 -224.39 51.16
v 84.42 -218.31 45.35
v 93.64 -215.12 45.35
v 89.03 -216.72 51.16
v 87.07 -225.99 45.35
v 84.42 -218.31 45.35
v 91.68 -224.39 51.16
v 96.29 -222.80 45.35
v 89.03 -216.72 51.16
v 93.64 -215.12 45.35
v 128.29 -217.90 42.18
v 119.22 -222.77 42.18
v 123.75 -220.33 48.36
v 119.58 -212.57 48.36
v 123.75 -220.33 48.36
v 115.05 -215.01 42.18
v 124.11 -210.13 42.18
v 119.58 -212.57 48.36
v 119.22 -222.77 42.18
v 115.05 -215.01 42.18
v 123.75 -220.33 48.36
v 128.29 -217.90 42.18
v 119.58 -212.57 48.36
v 124.11 -210.13 42.18
v 122.51 -206.84 48.99
v 113.18 -211.86 48.99
v 117.85 -209.35 55.38
v 114.16 -202.49 55.38
v 117.85 -209.35 55.38
v 109.49 -205.00 48.99
v 118.82 -199.98 48.99
v 114.16 -202.49 55.38
v 113.18 -211.86 48.99
v 109.49 -205.00 48.99
v 117.85 -209.35 55.38
v 122.51 -206.84 48.99
v 114.16 -202.49 55.38
v 118.82 -199.98 48.99
v 153.48 -215.96 48.74
v 160.01 -211.01 48.74
v 157.10 -207.16 54.49
v 150.57 -212.10 54.49
v 147.66 -208.25 48.74
v 150.57 -212.10 54.49
v 157.10 -207.16 54.49
v 154.19 -203.31 48.74
v 153.48 -215.96 48.74
v 150.57 -212.10 54.49
v 147.66 -208.25 48.74
v 160.01 -211.01 48.74
v 154.19 -203.31 48.74
v 157.10 -207.16 54.49
v 152.63 -200.65 42.02
v 145.51 -206.03 42.02
v 149.07 -203.34 47.27
v 144.18 -196.88 47.27
v 149.07 -203.34 47.27
v 140.62 -199.57 42.02
v 147.74 -194.19 42.02
v 144.18 -196.88 47.27
v 145.51 -206.03 42.02
v 140.62 -199.57 42.02
v 149.07 -203.34 47.27
v 152.63 -200.65 42.02
v 144.18 -196.88 47.27
v 147.74 -194.19 42.02
v 138.76 -196.85 40.74
v 145.63 -191.65 40.74
v 142.85 -187.99 46.17
v 135.99 -193.19 46.17
v 133.21 -189.52 40.74
v 135.99 -193.19 46.17
v 142.85 -187.99 46.17
v 140.08 -184.32 40.74
v 138.76 -196.85 40.74
v 135.99 -193.19 46.17
v 133.21 -189.52 40.74
v 145.63 -191.65 40.74
v 140.08 -184.32 40.74
v 142.85 -187.99 46.17
v 178.04 -183.80 38.99
v 170.75 -191.23 38.99
v 174.40 -187.51 45.25
v 168.21 -181.45 45.25
v 174.40 -187.51 45.25
v 164.57 -185.17 38.99
v 171.85 -177.74 38.99
v 168.21 -181.45 45.25
v 170.75 -191.23 38.99
v 164.57 -185.17 38.99
v 174.40 -187.51 45.25
v 178.04 -183.80 38.99
v 168.21 -181.45 45.25
v 171.85 -177.74 38.99
v 169.32 -175.41 41.85
v 162.20 -182.68 41.85
v 165.76 -179.05 47.95
v 159.38 -172.80 47.95
v 165.76 -179.05 47.95
v 155.82 -176.44 41.85
v 162.95 -169.17 41.85
v 159.38 -172.80 47.95
v 162.20 -182.68 41.85
v 155.82 -176.44 41.85
v 165.76 -179.05 47.95
v 169.32 -175.41 41.85
v 159.38 -172.80 47.95
v 162.95 -169.17 41.85

usemtl mat_window
v -55.36 -152.25 73.92
v -54.29 -153.37 73.92
v -54.65 -153.71 73.92
v -55.71 -152.59 73.92
v -55.71 -152.59 76.23
v -54.65 -153.71 76.23
v -54.29 -153.37 76.23
v -55.36 -152.25 76.23
v -55.71 -152.59 73.92
v -54.65 -153.71 73.92
v -54.65 -153.71 76.23
v -55.71 -152.59 76.23
v -54.65 -153.71 73.92
v -54.29 -153.37 73.92
v -54.29 -153.37 76.23
v -54.65 -153.71 76.23
v -54.29 -153.37 73.92
v -55.36 -152.25 73.92
v -55.36 -152.25 76.23
v -54.29 -153.37 76.23
v -55.36 -152.25 73.92
v -55.71 -152.59 73.92
v -55.71 -152.59 76.23
v -55.36 -152.25 76.23
v -52.27 -152.25 73.92
v -51.20 -153.37 73.92
v -51.56 -153.71 73.92
v -52.62 -152.59 73.92
v -52.62 -152.59 76.23
v -51.56 -153.71 76.23
v -51.20 -153.37 76.23
v -52.27 -152.25 76.23
v -52.62 -152.59 73.92
v -51.56 -153.71 73.92
v -51.56 -153.71 76.23
v -52.62 -152.59 76.23
v -51.56 -153.71 73.92
v -51.20 -153.37 73.92
v -51.20 -153.37 76.23
v -51.56 -153.71 76.23
v -51.20 -153.37 73.92
v -52.27 -152.25 73.92
v -52.27 -152.25 76.23
v -51.20 -153.37 76.23
v -52.27 -152.25 73.92
v -52.62 -152.59 73.92
v -52.62 -152.59 76.23
v -52.27 -152.25 76.23
v -52.27 -152.25 78.55
v -51.20 -153.37 78.55
v -51.56 -153.71 78.55
v -52.62 -152.59 78.55
v -52.62 -152.59 80.87
v -51.56 -153.71 80.87
v -51.20 -153.37 80.87
v -52.27 -152.25 80.87
v -52.62 -152.59 78.55
v -51.56 -153.71 78.55
v -51.56 -153.71 80.87
v -52.62 -152.59 80.87
v -51.56 -153.71 78.55
v -51.20 -153.37 78.55
v -51.20 -153.37 80.87
v -51.56 -153.71 80.87
v -51.20 -153.37 78.55
v -52.27 -152.25 78.55
v -52.27 -152.25 80.87
v -51.20 -153.37 80.87
v -52.27 -152.25 78.55
v -52.62 -152.59 78.55
v -52.62 -152.59 80.87
v -52.27 -152.25 80.87
v -31.98 -164.34 73.19
v -31.03 -165.09 73.19
v -31.33 -165.47 73.19
v -32.29 -164.73 73.19
v -32.29 -164.73 74.78
v -31.33 -165.47 74.78
v -31.03 -165.09 74.78
v -31.98 -164.34 74.78
v -32.29 -164.73 73.19
v -31.33 -165.47 73.19
v -31.33 -165.47 74.78
v -32.29 -164.73 74.78
v -31.33 -165.47 73.19
v -31.03 -165.09 73.19
v -31.03 -165.09 74.78
v -31.33 -165.47 74.78
v -31.03 -165.09 73.19
v -31.98 -164.34 73.19
v -31.98 -164.34 74.78
v -31.03 -165.09 74.78
v -31.98 -164.34 73.19
v -32.29 -164.73 73.19
v -32.29 -164.73 74.78
v -31.98 -164.34 74.78
v -31.98 -164.34 76.37
v -31.03 -165.09 76.37
v -31.33 -165.47 76.37
v -32.29 -164.73 76.37
v -32.29 -164.73 77.96
v -31.33 -165.47 77.96
v -31.03 -165.09 77.96
v -31.98 -164.34 77.96
v -32.29 -164.73 76.37
v -31.33 -165.47 76.37
v -31.33 -165.47 77.96
v -32.29 -164.73 77.96
v -31.33 -165.47 76.37
v -31.03 -165.09 76.37
v -31.03 -165.09 77.96
v -31.33 -165.47 77.96
v -31.03 -165.09 76.37
v -31.98 -164.34 76.37
v -31.98 -164.34 77.96
v -31.03 -165.09 77.96
v -31.98 -164.34 76.37
v -32.29 -164.73 76.37
v -32.29 -164.73 77.96
v -31.98 -164.34 77.96
v -29.06 -157.69 73.71
v -28.01 -158.51 73.71
v -28.31 -158.89 73.71
v -29.36 -158.07 73.71
v -29.36 -158.07 75.83
v -28.31 -158.89 75.83
v -28.01 -158.51 75.83
v -29.06 -157.69 75.83
v -29.36 -158.07 73.71
v -28.31 -158.89 73.71
v -28.31 -158.89 75.83
v -29.36 -158.07 75.83
v -28.31 -158.89 73.71
v -28.01 -158.51 73.71
v -28.01 -158.51 75.83
v -28.31 -158.89 75.83
v -28.01 -158.51 73.71
v -29.06 -157.69 73.71
v -29.06 -157.69 75.83
v -28.01 -158.51 75.83
v -29.06 -157.69 73.71
v -29.36 -158.07 73.71
v -29.36 -158.07 75.83
v -29.06 -157.69 75.83
v -26.39 -157.69 77.94
v -25.34 -158.51 77.94
v -25.64 -158.89 77.94
v -26.69 -158.07 77.94
v -26.69 -158.07 80.05
v -25.64 -158.89 80.05
v -25.34 -158.51 80.05
v -26.39 -157.69 80.05
v -26.69 -158.07 77.94
v -25.64 -158.89 77.94
v -25.64 -158.89 80.05
v -26.69 -158.07 80.05
v -25.64 -158.89 77.94
v -25.34 -158.51 77.94
v -25.34 -158.51 80.05
v -25.64 -158.89 80.05
v -25.34 -158.51 77.94
v -26.39 -157.69 77.94
v -26.39 -157.69 80.05
v -25.34 -158.51 80.05
v -26.39 -157.69 77.94
v -26.69 -158.07 77.94
v -26.69 -158.07 80.05
v -26.39 -157.69 80.05
v -23.84 -150.95 72.97
v -22.62 -151.90 72.97
v -22.92 -152.29 72.97
v -24.14 -151.34 72.97
v -24.14 -151.34 74.35
v -22.92 -152.29 74.35
v -22.62 -151.90 74.35
v -23.84 -150.95 74.35
v -24.14 -151.34 72.97
v -22.92 -152.29 72.97
v -22.92 -152.29 74.35
v -24.14 -151.34 74.35
v -22.92 -152.29 72.97
v -22.62 -151.90 72.97
v -22.62 -151.90 74.35
v -22.92 -152.29 74.35
v -22.62 -151.90 72.97
v -23.84 -150.95 72.97
v -23.84 -150.95 74.35
v -22.62 -151.90 74.35
v -23.84 -150.95 72.97
v -24.14 -151.34 72.97
v -24.14 -151.34 74.35
v -23.84 -150.95 74.35
v -23.84 -150.95 75.73
v -22.62 -151.90 75.73
v -22.92 -152.29 75.73
v -24.14 -151.34 75.73
v -24.14 -151.34 77.10
v -22.92 -152.29 77.10
v -22.62 -151.90 77.10
v -23.84 -150.95 77.10
v -24.14 -151.34 75.73
v -22.92 -152.29 75.73
v -22.92 -152.29 77.10
v -24.14 -151.34 77.10
v -22.92 -152.29 75.73
v -22.62 -151.90 75.73
v -22.62 -151.90 77.10
v -22.92 -152.29 77.10
v -22.62 -151.90 75.73
v -23.84 -150.95 75.73
v -23.84 -150.95 77.10
v -22.62 -151.90 77.10
v -23.84 -150.95 75.73
v -24.14 -151.34 75.73
v -24.14 -151.34 77.10
v -23.84 -150.95 77.10
v -9.36 -173.25 74.77
v -8.05 -173.98 74.77
v -8.29 -174.41 74.77
v -9.60 -173.68 74.77
v -9.60 -173.68 77.94
v -8.29 -174.41 77.94
v -8.05 -173.98 77.94
v -9.36 -173.25 77.94
v -9.60 -173.68 74.77
v -8.29 -174.41 74.77
v -8.29 -174.41 77.94
v -9.60 -173.68 77.94
v -8.29 -174.41 74.77
v -8.05 -173.98 74.77
v -8.05 -173.98 77.94
v -8.29 -174.41 77.94
v -8.05 -173.98 74.77
v -9.36 -173.25 74.77
v -9.36 -173.25 77.94
v -8.05 -173.98 77.94
v -9.36 -173.25 74.77
v -9.60 -173.68 74.77
v -9.60 -173.68 77.94
v -9.36 -173.25 77.94
v -7.79 -166.24 73.17
v -6.70 -166.85 73.17
v -6.94 -167.28 73.17
v -8.03 -166.67 73.17
v -8.03 -166.67 74.75
v -6.94 -167.28 74.75
v -6.70 -166.85 74.75
v -7.79 -166.24 74.75
v -8.03 -166.67 73.17
v -6.94 -167.28 73.17
v -6.94 -167.28 74.75
v -8.03 -166.67 74.75
v -6.94 -167.28 73.17
v -6.70 -166.85 73.17
v -6.70 -166.85 74.75
v -6.94 -167.28 74.75
v -6.70 -166.85 73.17
v -7.79 -166.24 73.17
v -7.79 -166.24 74.75
v -6.70 -166.85 74.75
v -7.79 -166.24 73.17
v -8.03 -166.67 73.17
v -8.03 -166.67 74.75
v -7.79 -166.24 74.75
v -7.79 -166.24 76.32
v -6.70 -166.85 76.32
v -6.94 -167.28 76.32
v -8.03 -166.67 76.32
v -8.03 -166.67 77.89
v -6.94 -167.28 77.89
v -6.70 -166.85 77.89
v -7.79 -166.24 77.89
v -8.03 -166.67 76.32
v -6.94 -167.28 76.32
v -6.94 -167.28 77.89
v -8.03 -166.67 77.89
v -6.94 -167.28 76.32
v -6.70 -166.85 76.32
v -6.70 -166.85 77.89
v -6.94 -167.28 77.89
v -6.70 -166.85 76.32
v -7.79 -166.24 76.32
v -7.79 -166.24 77.89
v -6.70 -166.85 77.89
v -7.79 -166.24 76.32
v -8.03 -166.67 76.32
v -8.03 -166.67 77.89
v -7.79 -166.24 77.89
v -5.29 -166.24 76.32
v -4.20 -166.85 76.32
v -4.44 -167.28 76.32
v -5.53 -166.67 76.32
v -5.53 -166.67 77.89
v -4.44 -167.28 77.89
v -4.20 -166.85 77.89
v -5.29 -166.24 77.89
v -5.53 -166.67 76.32
v -4.44 -167.28 76.32
v -4.44 -167.28 77.89
v -5.53 -166.67 77.89
v -4.44 -167.28 76.32
v -4.20 -166.85 76.32
v -4.20 -166.85 77.89
v -4.44 -167.28 77.89
v -4.20 -166.85 76.32
v -5.29 -166.24 76.32
v -5.29 -166.24 77.89
v -4.20 -166.85 77.89
v -5.29 -166.24 76.32
v -5.53 -166.67 76.32
v -5.53 -166.67 77.89
v -5.29 -166.24 77.89
v -0.96 -157.78 72.86
v 0.34 -158.49 72.86
v 0.10 -158.92 72.86
v -1.19 -158.20 72.86
v -1.19 -158.20 74.13
v 0.10 -158.92 74.13
v 0.34 -158.49 74.13
v -0.96 -157.78 74.13
v -1.19 -158.20 72.86
v 0.10 -158.92 72.86
v 0.10 -158.92 74.13
v -1.19 -158.20 74.13
v 0.10 -158.92 72.86
v 0.34 -158.49 72.86
v 0.34 -158.49 74.13
v 0.10 -158.92 74.13
v 0.34 -158.49 72.86
v -0.96 -157.78 72.86
v -0.96 -157.78 74.13
v 0.34 -158.49 74.13
v -0.96 -157.78 72.86
v -1.19 -158.20 72.86
v -1.19 -158.20 74.13
v -0.96 -157.78 74.13
v -0.96 -157.78 75.39
v 0.34 -158.49 75.39
v 0.10 -158.92 75.39
v -1.19 -158.20 75.39
v -1.19 -158.20 76.65
v 0.10 -158.92 76.65
v 0.34 -158.49 76.65
v -0.96 -157.78 76.65
v -1.19 -158.20 75.39
v 0.10 -158.92 75.39
v 0.10 -158.92 76.65
v -1.19 -158.20 76.65
v 0.10 -158.92 75.39
v 0.34 -158.49 75.39
v 0.34 -158.49 76.65
v 0.10 -158.92 76.65
v 0.34 -158.49 75.39
v -0.96 -157.78 75.39
v -0.96 -157.78 76.65
v 0.34 -158.49 76.65
v -0.96 -157.78 75.39
v -1.19 -158.20 75.39
v -1.19 -158.20 76.65
v -0.96 -157.78 76.65
v 13.46 -181.46 73.99
v 14.49 -181.83 73.99
v 14.32 -182.29 73.99
v 13.30 -181.92 73.99
v 13.30 -181.92 76.37
v 14.32 -182.29 76.37
v 14.49 -181.83 76.37
v 13.46 -181.46 76.37
v 13.30 -181.92 73.99
v 14.32 -182.29 73.99
v 14.32 -182.29 76.37
v 13.30 -181.92 76.37
v 14.32 -182.29 73.99
v 14.49 -181.83 73.99
v 14.49 -181.83 76.37
v 14.32 -182.29 76.37
v 14.49 -181.83 73.99
v 13.46 -181.46 73.99
v 13.46 -181.46 76.37
v 14.49 -181.83 76.37
v 13.46 -181.46 73.99
v 13.30 -181.92 73.99
v 13.30 -181.92 76.37
v 13.46 -181.46 76.37
v 11.28 -181.46 78.76
v 12.31 -181.83 78.76
v 12.14 -182.29 78.76
v 11.11 -181.92 78.76
v 11.11 -181.92 81.15
v 12.14 -182.29 81.15
v 12.31 -181.83 81.15
v 11.28 -181.46 81.15
v 11.11 -181.92 78.76
v 12.14 -182.29 78.76
v 12.14 -182.29 81.15
v 11.11 -181.92 81.15
v 12.14 -182.29 78.76
v 12.31 -181.83 78.76
v 12.31 -181.83 81.15
v 12.14 -182.29 81.15
v 12.31 -181.83 78.76
v 11.28 -181.46 78.76
v 11.28 -181.46 81.15
v 12.31 -181.83 81.15
v 11.28 -181.46 78.76
v 11.11 -181.92 78.76
v 11.11 -181.92 81.15
v 11.28 -181.46 81.15
v 13.46 -181.46 78.76
v 14.49 -181.83 78.76
v 14.32 -182.29 78.76
v 13.30 -181.92 78.76
v 13.30 -181.92 81.15
v 14.32 -182.29 81.15
v 14.49 -181.83 81.15
v 13.46 -181.46 81.15
v 13.30 -181.92 78.76
v 14.32 -182.29 78.76
v 14.32 -182.29 81.15
v 13.30 -181.92 81.15
v 14.32 -182.29 78.76
v 14.49 -181.83 78.76
v 14.49 -181.83 81.15
v 14.32 -182.29 81.15
v 14.49 -181.83 78.76
v 13.46 -181.46 78.76
v 13.46 -181.46 81.15
v 14.49 -181.83 81.15
v 13.46 -181.46 78.76
v 13.30 -181.92 78.76
v 13.30 -181.92 81.15
v 13.46 -181.46 81.15
v 14.08 -173.47 73.94
v 15.15 -173.85 73.94
v 14.98 -174.31 73.94
v 13.91 -173.93 73.94
v 13.91 -173.93 76.29
v 14.98 -174.31 76.29
v 15.15 -173.85 76.29
v 14.08 -173.47 76.29
v 13.91 -173.93 73.94
v 14.98 -174.31 73.94
v 14.98 -174.31 76.29
v 13.91 -173.93 76.29
v 14.98 -174.31 73.94
v 15.15 -173.85 73.94
v 15.15 -173.85 76.29
v 14.98 -174.31 76.29
v 15.15 -173.85 73.94
v 14.08 -173.47 73.94
v 14.08 -173.47 76.29
v 15.15 -173.85 76.29
v 14.08 -173.47 73.94
v 13.91 -173.93 73.94
v 13.91 -173.93 76.29
v 14.08 -173.47 76.29
v 14.08 -173.47 78.63
v 15.15 -173.85 78.63
v 14.98 -174.31 78.63
v 13.91 -173.93 78.63
v 13.91 -173.93 80.97
v 14.98 -174.31 80.97
v 15.15 -173.85 80.97
v 14.08 -173.47 80.97
v 13.91 -173.93 78.63
v 14.98 -174.31 78.63
v 14.98 -174.31 80.97
v 13.91 -173.93 80.97
v 14.98 -174.31 78.63
v 15.15 -173.85 78.63
v 15.15 -173.85 80.97
v 14.98 -174.31 80.97
v 15.15 -173.85 78.63
v 14.08 -173.47 78.63
v 14.08 -173.47 80.97
v 15.15 -173.85 80.97
v 14.08 -173.47 78.63
v 13.91 -173.93 78.63
v 13.91 -173.93 80.97
v 14.08 -173.47 80.97
v 16.36 -164.98 73.02
v 17.80 -165.49 73.02
v 17.64 -165.95 73.02
v 16.19 -165.44 73.02
v 16.19 -165.44 74.45
v 17.64 -165.95 74.45
v 17.80 -165.49 74.45
v 16.36 -164.98 74.45
v 16.19 -165.44 73.02
v 17.64 -165.95 73.02
v 17.64 -165.95 74.45
v 16.19 -165.44 74.45
v 17.64 -165.95 73.02
v 17.80 -165.49 73.02
v 17.80 -165.49 74.45
v 17.64 -165.95 74.45
v 17.80 -165.49 73.02
v 16.36 -164.98 73.02
v 16.36 -164.98 74.45
v 17.80 -165.49 74.45
v 16.36 -164.98 73.02
v 16.19 -165.44 73.02
v 16.19 -165.44 74.45
v 16.36 -164.98 74.45
v 19.42 -164.98 75.87
v 20.86 -165.49 75.87
v 20.70 -165.95 75.87
v 19.26 -165.44 75.87
v 19.26 -165.44 77.30
v 20.70 -165.95 77.30
v 20.86 -165.49 77.30
v 19.42 -164.98 77.30
v 19.26 -165.44 75.87
v 20.70 -165.95 75.87
v 20.70 -165.95 77.30
v 19.26 -165.44 77.30
v 20.70 -165.95 75.87
v 20.86 -165.49 75.87
v 20.86 -165.49 77.30
v 20.70 -165.95 77.30
v 20.86 -165.49 75.87
v 19.42 -164.98 75.87
v 19.42 -164.98 77.30
v 20.86 -165.49 77.30
v 19.42 -164.98 75.87
v 19.26 -165.44 75.87
v 19.26 -165.44 77.30
v 19.42 -164.98 77.30
v 37.52 -187.30 74.41
v 38.83 -187.53 74.41
v 38.75 -188.01 74.41
v 37.44 -187.78 74.41
v 37.44 -187.78 77.22
v 38.75 -188.01 77.22
v 38.83 -187.53 77.22
v 37.52 -187.30 77.22
v 37.44 -187.78 74.41
v 38.75 -188.01 74.41
v 38.75 -188.01 77.22
v 37.44 -187.78 77.22
v 38.75 -188.01 74.41
v 38.83 -187.53 74.41
v 38.83 -187.53 77.22
v 38.75 -188.01 77.22
v 38.83 -187.53 74.41
v 37.52 -187.30 74.41
v 37.52 -187.30 77.22
v 38.83 -187.53 77.22
v 37.52 -187.30 74.41
v 37.44 -187.78 74.41
v 37.44 -187.78 77.22
v 37.52 -187.30 77.22
v 37.52 -187.30 80.03
v 38.83 -187.53 80.03
v 38.75 -188.01 80.03
v 37.44 -187.78 80.03
v 37.44 -187.78 82.83
v 38.75 -188.01 82.83
v 38.83 -187.53 82.83
v 37.52 -187.30 82.83
v 37.44 -187.78 80.03
v 38.75 -188.01 80.03
v 38.75 -188.01 82.83
v 37.44 -187.78 82.83
v 38.75 -188.01 80.03
v 38.83 -187.53 80.03
v 38.83 -187.53 82.83
v 38.75 -188.01 82.83
v 38.83 -187.53 80.03
v 37.52 -187.30 80.03
v 37.52 -187.30 82.83
v 38.83 -187.53 82.83
v 37.52 -187.30 80.03
v 37.44 -187.78 80.03
v 37.44 -187.78 82.83
v 37.52 -187.30 82.83
v 36.24 -179.48 72.79
v 37.61 -179.72 72.79
v 37.52 -180.20 72.79
v 36.15 -179.96 72.79
v 36.15 -179.96 73.98
v 37.52 -180.20 73.98
v 37.61 -179.72 73.98
v 36.24 -179.48 73.98
v 36.15 -179.96 72.79
v 37.52 -180.20 72.79
v 37.52 -180.20 73.98
v 36.15 -179.96 73.98
v 37.52 -180.20 72.79
v 37.61 -179.72 72.79
v 37.61 -179.72 73.98
v 37.52 -180.20 73.98
v 37.61 -179.72 72.79
v 36.24 -179.48 72.79
v 36.24 -179.48 73.98
v 37.61 -179.72 73.98
v 36.24 -179.48 72.79
v 36.15 -179.96 72.79
v 36.15 -179.96 73.98
v 36.24 -179.48 73.98
v 39.02 -179.48 72.79
v 40.39 -179.72 72.79
v 40.30 -180.20 72.79
v 38.93 -179.96 72.79
v 38.93 -179.96 73.98
v 40.30 -180.20 73.98
v 40.39 -179.72 73.98
v 39.02 -179.48 73.98
v 38.93 -179.96 72.79
v 40.30 -180.20 72.79
v 40.30 -180.20 73.98
v 38.93 -179.96 73.98
v 40.30 -180.20 72.79
v 40.39 -179.72 72.79
v 40.39 -179.72 73.98
v 40.30 -180.20 73.98
v 40.39 -179.72 72.79
v 39.02 -179.48 72.79
v 39.02 -179.48 73.98
v 40.39 -179.72 73.98
v 39.02 -179.48 72.79
v 38.93 -179.96 72.79
v 38.93 -179.96 73.98
v 39.02 -179.48 73.98
v 36.24 -179.48 75.17
v 37.61 -179.72 75.17
v 37.52 -180.20 75.17
v 36.15 -179.96 75.17
v 36.15 -179.96 76.36
v 37.52 -180.20 76.36
v 37.61 -179.72 76.36
v 36.24 -179.48 76.36
v 36.15 -179.96 75.17
v 37.52 -180.20 75.17
v 37.52 -180.20 76.36
v 36.15 -179.96 76.36
v 37.52 -180.20 75.17
v 37.61 -179.72 75.17
v 37.61 -179.72 76.36
v 37.52 -180.20 76.36
v 37.61 -179.72 75.17
v 36.24 -179.48 75.17
v 36.24 -179.48 76.36
v 37.61 -179.72 76.36
v 36.24 -179.48 75.17
v 36.15 -179.96 75.17
v 36.15 -179.96 76.36
v 36.24 -179.48 76.36
v 40.35 -170.56 73.73
v 41.45 -170.75 73.73
v 41.37 -171.24 73.73
v 40.26 -171.04 73.73
v 40.26 -171.04 75.86
v 41.37 -171.24 75.86
v 41.45 -170.75 75.86
v 40.35 -170.56 75.86
v 40.26 -171.04 73.73
v 41.37 -171.24 73.73
v 41.37 -171.24 75.86
v 40.26 -171.04 75.86
v 41.37 -171.24 73.73
v 41.45 -170.75 73.73
v 41.45 -170.75 75.86
v 41.37 -171.24 75.86
v 41.45 -170.75 73.73
v 40.35 -170.56 73.73
v 40.35 -170.56 75.86
v 41.45 -170.75 75.86
v 40.35 -170.56 73.73
v 40.26 -171.04 73.73
v 40.26 -171.04 75.86
v 40.35 -170.56 75.86
v 40.35 -170.56 77.99
v 41.45 -170.75 77.99
v 41.37 -171.24 77.99
v 40.26 -171.04 77.99
v 40.26 -171.04 80.12
v 41.37 -171.24 80.12
v 41.45 -170.75 80.12
v 40.35 -170.56 80.12
v 40.26 -171.04 77.99
v 41.37 -171.24 77.99
v 41.37 -171.24 80.12
v 40.26 -171.04 80.12
v 41.37 -171.24 77.99
v 41.45 -170.75 77.99
v 41.45 -170.75 80.12
v 41.37 -171.24 80.12
v 41.45 -170.75 77.99
v 40.35 -170.56 77.99
v 40.35 -170.56 80.12
v 41.45 -170.75 80.12
v 40.35 -170.56 77.99
v 40.26 -171.04 77.99
v 40.26 -171.04 80.12
v 40.35 -170.56 80.12
v 60.32 -190.30 73.01
v 61.44 -190.30 73.01
v 61.44 -190.79 73.01
v 60.32 -190.79 73.01
v 60.32 -190.79 74.43
v 61.44 -190.79 74.43
v 61.44 -190.30 74.43
v 60.32 -190.30 74.43
v 60.32 -190.79 73.01
v 61.44 -190.79 73.01
v 61.44 -190.79 74.43
v 60.32 -190.79 74.43
v 61.44 -190.79 73.01
v 61.44 -190.30 73.01
v 61.44 -190.30 74.43
v 61.44 -190.79 74.43
v 61.44 -190.30 73.01
v 60.32 -190.30 73.01
v 60.32 -190.30 74.43
v 61.44 -190.30 74.43
v 60.32 -190.30 73.01
v 60.32 -190.79 73.01
v 60.32 -190.79 74.43
v 60.32 -190.30 74.43
v 62.56 -190.30 73.01
v 63.68 -190.30 73.01
v 63.68 -190.79 73.01
v 62.56 -190.79 73.01
v 62.56 -190.79 74.43
v 63.68 -190.79 74.43
v 63.68 -190.30 74.43
v 62.56 -190.30 74.43
v 62.56 -190.79 73.01
v 63.68 -190.79 73.01
v 63.68 -190.79 74.43
v 62.56 -190.79 74.43
v 63.68 -190.79 73.01
v 63.68 -190.30 73.01
v 63.68 -190.30 74.43
v 63.68 -190.79 74.43
v 63.68 -190.30 73.01
v 62.56 -190.30 73.01
v 62.56 -190.30 74.43
v 63.68 -190.30 74.43
v 62.56 -190.30 73.01
v 62.56 -190.79 73.01
v 62.56 -190.79 74.43
v 62.56 -190.30 74.43
v 62.56 -190.30 75.84
v 63.68 -190.30 75.84
v 63.68 -190.79 75.84
v 62.56 -190.79 75.84
v 62.56 -190.79 77.25
v 63.68 -190.79 77.25
v 63.68 -190.30 77.25
v 62.56 -190.30 77.25
v 62.56 -190.79 75.84
v 63.68 -190.79 75.84
v 63.68 -190.79 77.25
v 62.56 -190.79 77.25
v 63.68 -190.79 75.84
v 63.68 -190.30 75.84
v 63.68 -190.30 77.25
v 63.68 -190.79 77.25
v 63.68 -190.30 75.84
v 62.56 -190.30 75.84
v 62.56 -190.30 77.25
v 63.68 -190.30 77.25
v 62.56 -190.30 75.84
v 62.56 -190.79 75.84
v 62.56 -190.79 77.25
v 62.56 -190.30 77.25
v 59.90 -182.53 73.63
v 61.30 -182.53 73.63
v 61.30 -183.02 73.63
v 59.90 -183.02 73.63
v 59.90 -183.02 75.66
v 61.30 -183.02 75.66
v 61.30 -182.53 75.66
v 59.90 -182.53 75.66
v 59.90 -183.02 73.63
v 61.30 -183.02 73.63
v 61.30 -183.02 75.66
v 59.90 -183.02 75.66
v 61.30 -183.02 73.63
v 61.30 -182.53 73.63
v 61.30 -182.53 75.66
v 61.30 -183.02 75.66
v 61.30 -182.53 73.63
v 59.90 -182.53 73.63
v 59.90 -182.53 75.66
v 61.30 -182.53 75.66
v 59.90 -182.53 73.63
v 59.90 -183.02 73.63
v 59.90 -183.02 75.66
v 59.90 -182.53 75.66
v 62.70 -182.53 73.63
v 64.10 -182.53 73.63
v 64.10 -183.02 73.63
v 62.70 -183.02 73.63
v 62.70 -183.02 75.66
v 64.10 -183.02 75.66
v 64.10 -182.53 75.66
v 62.70 -182.53 75.66
v 62.70 -183.02 73.63
v 64.10 -183.02 73.63
v 64.10 -183.02 75.66
v 62.70 -183.02 75.66
v 64.10 -183.02 73.63
v 64.10 -182.53 73.63
v 64.10 -182.53 75.66
v 64.10 -183.02 75.66
v 64.10 -182.53 73.63
v 62.70 -182.53 73.63
v 62.70 -182.53 75.66
v 64.10 -182.53 75.66
v 62.70 -182.53 73.63
v 62.70 -183.02 73.63
v 62.70 -183.02 75.66
v 62.70 -182.53 75.66
v 59.90 -182.53 77.69
v 61.30 -182.53 77.69
v 61.30 -183.02 77.69
v 59.90 -183.02 77.69
v 59.90 -183.02 79.72
v 61.30 -183.02 79.72
v 61.30 -182.53 79.72
v 59.90 -182.53 79.72
v 59.90 -183.02 77.69
v 61.30 -183.02 77.69
v 61.30 -183.02 79.72
v 59.90 -183.02 79.72
v 61.30 -183.02 77.69
v 61.30 -182.53 77.69
v 61.30 -182.53 79.72
v 61.30 -183.02 79.72
v 61.30 -182.53 77.69
v 59.90 -182.53 77.69
v 59.90 -182.53 79.72
v 61.30 -182.53 79.72
v 59.90 -182.53 77.69
v 59.90 -183.02 77.69
v 59.90 -183.02 79.72
v 59.90 -182.53 79.72
v 62.70 -182.53 77.69
v 64.10 -182.53 77.69
v 64.10 -183.02 77.69
v 62.70 -183.02 77.69
v 62.70 -183.02 79.72
v 64.10 -183.02 79.72
v 64.10 -182.53 79.72
v 62.70 -182.53 79.72
v 62.70 -183.02 77.69
v 64.10 -183.02 77.69
v 64.10 -183.02 79.72
v 62.70 -183.02 79.72
v 64.10 -183.02 77.69
v 64.10 -182.53 77.69
v 64.10 -182.53 79.72
v 64.10 -183.02 79.72
v 64.10 -182.53 77.69
v 62.70 -182.53 77.69
v 62.70 -182.53 79.72
v 64.10 -182.53 79.72
v 62.70 -182.53 77.69
v 62.70 -183.02 77.69
v 62.70 -183.02 79.72
v 62.70 -182.53 79.72
v 60.11 -172.96 73.71
v 61.37 -172.96 73.71
v 61.37 -173.45 73.71
v 60.11 -173.45 73.71
v 60.11 -173.45 75.83
v 61.37 -173.45 75.83
v 61.37 -172.96 75.83
v 60.11 -172.96 75.83
v 60.11 -173.45 73.71
v 61.37 -173.45 73.71
v 61.37 -173.45 75.83
v 60.11 -173.45 75.83
v 61.37 -173.45 73.71
v 61.37 -172.96 73.71
v 61.37 -172.96 75.83
v 61.37 -173.45 75.83
v 61.37 -172.96 73.71
v 60.11 -172.96 73.71
v 60.11 -172.96 75.83
v 61.37 -172.96 75.83
v 60.11 -172.96 73.71
v 60.11 -173.45 73.71
v 60.11 -173.45 75.83
v 60.11 -172.96 75.83
v 62.63 -172.96 73.71
v 63.89 -172.96 73.71
v 63.89 -173.45 73.71
v 62.63 -173.45 73.71
v 62.63 -173.45 75.83
v 63.89 -173.45 75.83
v 63.89 -172.96 75.83
v 62.63 -172.96 75.83
v 62.63 -173.45 73.71
v 63.89 -173.45 73.71
v 63.89 -173.45 75.83
v 62.63 -173.45 75.83
v 63.89 -173.45 73.71
v 63.89 -172.96 73.71
v 63.89 -172.96 75.83
v 63.89 -173.45 75.83
v 63.89 -172.96 73.71
v 62.63 -172.96 73.71
v 62.63 -172.96 75.83
v 63.89 -172.96 75.83
v 62.63 -172.96 73.71
v 62.63 -173.45 73.71
v 62.63 -173.45 75.83
v 62.63 -172.96 75.83
v 60.11 -172.96 77.94
v 61.37 -172.96 77.94
v 61.37 -173.45 77.94
v 60.11 -173.45 77.94
v 60.11 -173.45 80.06
v 61.37 -173.45 80.06
v 61.37 -172.96 80.06
v 60.11 -172.96 80.06
v 60.11 -173.45 77.94
v 61.37 -173.45 77.94
v 61.37 -173.45 80.06
v 60.11 -173.45 80.06
v 61.37 -173.45 77.94
v 61.37 -172.96 77.94
v 61.37 -172.96 80.06
v 61.37 -173.45 80.06
v 61.37 -172.96 77.94
v 60.11 -172.96 77.94
v 60.11 -172.96 80.06
v 61.37 -172.96 80.06
v 60.11 -172.96 77.94
v 60.11 -173.45 77.94
v 60.11 -173.45 80.06
v 60.11 -172.96 80.06
v 62.63 -172.96 77.94
v 63.89 -172.96 77.94
v 63.89 -173.45 77.94
v 62.63 -173.45 77.94
v 62.63 -173.45 80.06
v 63.89 -173.45 80.06
v 63.89 -172.96 80.06
v 62.63 -172.96 80.06
v 62.63 -173.45 77.94
v 63.89 -173.45 77.94
v 63.89 -173.45 80.06
v 62.63 -173.45 80.06
v 63.89 -173.45 77.94
v 63.89 -172.96 77.94
v 63.89 -172.96 80.06
v 63.89 -173.45 80.06
v 63.89 -172.96 77.94
v 62.63 -172.96 77.94
v 62.63 -172.96 80.06
v 63.89 -172.96 80.06
v 62.63 -172.96 77.94
v 62.63 -173.45 77.94
v 62.63 -173.45 80.06
v 62.63 -172.96 80.06
v 85.41 -188.43 72.39
v 86.59 -188.23 72.39
v 86.67 -188.71 72.39
v 85.50 -188.92 72.39
v 85.50 -188.92 73.19
v 86.67 -188.71 73.19
v 86.59 -188.23 73.19
v 85.41 -188.43 73.19
v 85.50 -188.92 72.39
v 86.67 -188.71 72.39
v 86.67 -188.71 73.19
v 85.50 -188.92 73.19
v 86.67 -188.71 72.39
v 86.59 -188.23 72.39
v 86.59 -188.23 73.19
v 86.67 -188.71 73.19
v 86.59 -188.23 72.39
v 85.41 -188.43 72.39
v 85.41 -188.43 73.19
v 86.59 -188.23 73.19
v 85.41 -188.43 72.39
v 85.50 -188.92 72.39
v 85.50 -188.92 73.19
v 85.41 -188.43 73.19
v 87.80 -188.43 72.39
v 88.98 -188.23 72.39
v 89.06 -188.71 72.39
v 87.89 -188.92 72.39
v 87.89 -188.92 73.19
v 89.06 -188.71 73.19
v 88.98 -188.23 73.19
v 87.80 -188.43 73.19
v 87.89 -188.92 72.39
v 89.06 -188.71 72.39
v 89.06 -188.71 73.19
v 87.89 -188.92 73.19
v 89.06 -188.71 72.39
v 88.98 -188.23 72.39
v 88.98 -188.23 73.19
v 89.06 -188.71 73.19
v 88.98 -188.23 72.39
v 87.80 -188.43 72.39
v 87.80 -188.43 73.19
v 88.98 -188.23 73.19
v 87.80 -188.43 72.39
v 87.89 -188.92 72.39
v 87.89 -188.92 73.19
v 87.80 -188.43 73.19
v 85.41 -188.43 73.98
v 86.59 -188.23 73.98
v 86.67 -188.71 73.98
v 85.50 -188.92 73.98
v 85.50 -188.92 74.78
v 86.67 -188.71 74.78
v 86.59 -188.23 74.78
v 85.41 -188.43 74.78
v 85.50 -188.92 73.98
v 86.67 -188.71 73.98
v 86.67 -188.71 74.78
v 85.50 -188.92 74.78
v 86.67 -188.71 73.98
v 86.59 -188.23 73.98
v 86.59 -188.23 74.78
v 86.67 -188.71 74.78
v 86.59 -188.23 73.98
v 85.41 -188.43 73.98
v 85.41 -188.43 74.78
v 86.59 -188.23 74.78
v 85.41 -188.43 73.98
v 85.50 -188.92 73.98
v 85.50 -188.92 74.78
v 85.41 -188.43 74.78
v 83.49 -179.16 72.58
v 84.97 -178.91 72.58
v 85.05 -179.39 72.58
v 83.58 -179.65 72.58
v 83.58 -179.65 73.56
v 85.05 -179.39 73.56
v 84.97 -178.91 73.56
v 83.49 -179.16 73.56
v 83.58 -179.65 72.58
v 85.05 -179.39 72.58
v 85.05 -179.39 73.56
v 83.58 -179.65 73.56
v 85.05 -179.39 72.58
v 84.97 -178.91 72.58
v 84.97 -178.91 73.56
v 85.05 -179.39 73.56
v 84.97 -178.91 72.58
v 83.49 -179.16 72.58
v 83.49 -179.16 73.56
v 84.97 -178.91 73.56
v 83.49 -179.16 72.58
v 83.58 -179.65 72.58
v 83.58 -179.65 73.56
v 83.49 -179.16 73.56
v 83.49 -179.16 74.53
v 84.97 -178.91 74.53
v 85.05 -179.39 74.53
v 83.58 -179.65 74.53
v 83.58 -179.65 75.51
v 85.05 -179.39 75.51
v 84.97 -178.91 75.51
v 83.49 -179.16 75.51
v 83.58 -179.65 74.53
v 85.05 -179.39 74.53
v 85.05 -179.39 75.51
v 83.58 -179.65 75.51
v 85.05 -179.39 74.53
v 84.97 -178.91 74.53
v 84.97 -178.91 75.51
v 85.05 -179.39 75.51
v 84.97 -178.91 74.53
v 83.49 -179.16 74.53
v 83.49 -179.16 75.51
v 84.97 -178.91 75.51
v 83.49 -179.16 74.53
v 83.58 -179.65 74.53
v 83.58 -179.65 75.51
v 83.49 -179.16 75.51
v 84.92 -171.50 77.98
v 86.19 -171.28 77.98
v 86.27 -171.76 77.98
v 85.00 -171.99 77.98
v 85.00 -171.99 80.11
v 86.27 -171.76 80.11
v 86.19 -171.28 80.11
v 84.92 -171.50 80.11
v 85.00 -171.99 77.98
v 86.27 -171.76 77.98
v 86.27 -171.76 80.11
v 85.00 -171.99 80.11
v 86.27 -171.76 77.98
v 86.19 -171.28 77.98
v 86.19 -171.28 80.11
v 86.27 -171.76 80.11
v 86.19 -171.28 77.98
v 84.92 -171.50 77.98
v 84.92 -171.50 80.11
v 86.19 -171.28 80.11
v 84.92 -171.50 77.98
v 85.00 -171.99 77.98
v 85.00 -171.99 80.11
v 84.92 -171.50 80.11
v 108.16 -180.05 77.83
v 109.64 -179.52 77.83
v 109.81 -179.98 77.83
v 108.33 -180.51 77.83
v 108.33 -180.51 79.90
v 109.81 -179.98 79.90
v 109.64 -179.52 79.90
v 108.16 -180.05 79.90
v 108.33 -180.51 77.83
v 109.81 -179.98 77.83
v 109.81 -179.98 79.90
v 108.33 -180.51 79.90
v 109.81 -179.98 77.83
v 109.64 -179.52 77.83
v 109.64 -179.52 79.90
v 109.81 -179.98 79.90
v 109.64 -179.52 77.83
v 108.16 -180.05 77.83
v 108.16 -180.05 79.90
v 109.64 -179.52 79.90
v 108.16 -180.05 77.83
v 108.33 -180.51 77.83
v 108.33 -180.51 79.90
v 108.16 -180.05 79.90
v 105.42 -171.56 74.22
v 106.85 -171.06 74.22
v 107.01 -171.52 74.22
v 105.58 -172.03 74.22
v 105.58 -172.03 76.83
v 107.01 -171.52 76.83
v 106.85 -171.06 76.83
v 105.42 -171.56 76.83
v 105.58 -172.03 74.22
v 107.01 -171.52 74.22
v 107.01 -171.52 76.83
v 105.58 -172.03 76.83
v 107.01 -171.52 74.22
v 106.85 -171.06 74.22
v 106.85 -171.06 76.83
v 107.01 -171.52 76.83
v 106.85 -171.06 74.22
v 105.42 -171.56 74.22
v 105.42 -171.56 76.83
v 106.85 -171.06 76.83
v 105.42 -171.56 74.22
v 105.58 -172.03 74.22
v 105.58 -172.03 76.83
v 105.42 -171.56 76.83
v 108.45 -171.56 74.22
v 109.88 -171.06 74.22
v 110.04 -171.52 74.22
v 108.61 -172.03 74.22
v 108.61 -172.03 76.83
v 110.04 -171.52 76.83
v 109.88 -171.06 76.83
v 108.45 -171.56 76.83
v 108.61 -172.03 74.22
v 110.04 -171.52 74.22
v 110.04 -171.52 76.83
v 108.61 -172.03 76.83
v 110.04 -171.52 74.22
v 109.88 -171.06 74.22
v 109.88 -171.06 76.83
v 110.04 -171.52 76.83
v 109.88 -171.06 74.22
v 108.45 -171.56 74.22
v 108.45 -171.56 76.83
v 109.88 -171.06 76.83
v 108.45 -171.56 74.22
v 108.61 -172.03 74.22
v 108.61 -172.03 76.83
v 108.45 -171.56 76.83
v 108.45 -171.56 79.45
v 109.88 -171.06 79.45
v 110.04 -171.52 79.45
v 108.61 -172.03 79.45
v 108.61 -172.03 82.07
v 110.04 -171.52 82.07
v 109.88 -171.06 82.07
v 108.45 -171.56 82.07
v 108.61 -172.03 79.45
v 110.04 -171.52 79.45
v 110.04 -171.52 82.07
v 108.61 -172.03 82.07
v 110.04 -171.52 79.45
v 109.88 -171.06 79.45
v 109.88 -171.06 82.07
v 110.04 -171.52 82.07
v 109.88 -171.06 79.45
v 108.45 -171.56 79.45
v 108.45 -171.56 82.07
v 109.88 -171.06 82.07
v 108.45 -171.56 79.45
v 108.61 -172.03 79.45
v 108.61 -172.03 82.07
v 108.45 -171.56 82.07
v 103.03 -164.13 76.43
v 104.18 -163.72 76.43
v 104.34 -164.18 76.43
v 103.19 -164.59 76.43
v 103.19 -164.59 78.04
v 104.34 -164.18 78.04
v 104.18 -163.72 78.04
v 103.03 -164.13 78.04
v 103.19 -164.59 76.43
v 104.34 -164.18 76.43
v 104.34 -164.18 78.04
v 103.19 -164.59 78.04
v 104.34 -164.18 76.43
v 104.18 -163.72 76.43
v 104.18 -163.72 78.04
v 104.34 -164.18 78.04
v 104.18 -163.72 76.43
v 103.03 -164.13 76.43
v 103.03 -164.13 78.04
v 104.18 -163.72 78.04
v 103.03 -164.13 76.43
v 103.19 -164.59 76.43
v 103.19 -164.59 78.04
v 103.03 -164.13 78.04
v 105.47 -164.13 76.43
v 106.61 -163.72 76.43
v 106.78 -164.18 76.43
v 105.63 -164.59 76.43
v 105.63 -164.59 78.04
v 106.78 -164.18 78.04
v 106.61 -163.72 78.04
v 105.47 -164.13 78.04
v 105.63 -164.59 76.43
v 106.78 -164.18 76.43
v 106.78 -164.18 78.04
v 105.63 -164.59 78.04
v 106.78 -164.18 76.43
v 106.61 -163.72 76.43
v 106.61 -163.72 78.04
v 106.78 -164.18 78.04
v 106.61 -163.72 76.43
v 105.47 -164.13 76.43
v 105.47 -164.13 78.04
v 106.61 -163.72 78.04
v 105.47 -164.13 76.43
v 105.63 -164.59 76.43
v 105.63 -164.59 78.04
v 105.47 -164.13 78.04
v 128.98 -168.65 73.22
v 130.27 -167.93 73.22
v 130.51 -168.36 73.22
v 129.22 -169.07 73.22
v 129.22 -169.07 74.84
v 130.51 -168.36 74.84
v 130.27 -167.93 74.84
v 128.98 -168.65 74.84
v 129.22 -169.07 73.22
v 130.51 -168.36 73.22
v 130.51 -168.36 74.84
v 129.22 -169.07 74.84
v 130.51 -168.36 73.22
v 130.27 -167.93 73.22
v 130.27 -167.93 74.84
v 130.51 -168.36 74.84
v 130.27 -167.93 73.22
v 128.98 -168.65 73.22
v 128.98 -168.65 74.84
v 130.27 -167.93 74.84
v 128.98 -168.65 73.22
v 129.22 -169.07 73.22
v 129.22 -169.07 74.84
v 128.98 -168.65 74.84
v 131.93 -168.65 73.22
v 133.22 -167.93 73.22
v 133.46 -168.36 73.22
v 132.17 -169.07 73.22
v 132.17 -169.07 74.84
v 133.46 -168.36 74.84
v 133.22 -167.93 74.84
v 131.93 -168.65 74.84
v 132.17 -169.07 73.22
v 133.46 -168.36 73.22
v 133.46 -168.36 74.84
v 132.17 -169.07 74.84
v 133.46 -168.36 73.22
v 133.22 -167.93 73.22
v 133.22 -167.93 74.84
v 133.46 -168.36 74.84
v 133.22 -167.93 73.22
v 131.93 -168.65 73.22
v 131.93 -168.65 74.84
v 133.22 -167.93 74.84
v 131.93 -168.65 73.22
v 132.17 -169.07 73.22
v 132.17 -169.07 74.84
v 131.93 -168.65 74.84
v 128.98 -168.65 76.45
v 130.27 -167.93 76.45
v 130.51 -168.36 76.45
v 129.22 -169.07 76.45
v 129.22 -169.07 78.07
v 130.51 -168.36 78.07
v 130.27 -167.93 78.07
v 128.98 -168.65 78.07
v 129.22 -169.07 76.45
v 130.51 -168.36 76.45
v 130.51 -168.36 78.07
v 129.22 -169.07 78.07
v 130.51 -168.36 76.45
v 130.27 -167.93 76.45
v 130.27 -167.93 78.07
v 130.51 -168.36 78.07
v 130.27 -167.93 76.45
v 128.98 -168.65 76.45
v 128.98 -168.65 78.07
v 130.27 -167.93 78.07
v 128.98 -168.65 76.45
v 129.22 -169.07 76.45
v 129.22 -169.07 78.07
v 128.98 -168.65 78.07
v 131.93 -168.65 76.45
v 133.22 -167.93 76.45
v 133.46 -168.36 76.45
v 132.17 -169.07 76.45
v 132.17 -169.07 78.07
v 133.46 -168.36 78.07
v 133.22 -167.93 78.07
v 131.93 -168.65 78.07
v 132.17 -169.07 76.45
v 133.46 -168.36 76.45
v 133.46 -168.36 78.07
v 132.17 -169.07 78.07
v 133.46 -168.36 76.45
v 133.22 -167.93 76.45
v 133.22 -167.93 78.07
v 133.46 -168.36 78.07
v 133.22 -167.93 76.45
v 131.93 -168.65 76.45
v 131.93 -168.65 78.07
v 133.22 -167.93 78.07
v 131.93 -168.65 76.45
v 132.17 -169.07 76.45
v 132.17 -169.07 78.07
v 131.93 -168.65 78.07
v 125.45 -161.01 73.22
v 126.44 -160.47 73.22
v 126.68 -160.90 73.22
v 125.69 -161.44 73.22
v 125.69 -161.44 74.83
v 126.68 -160.90 74.83
v 126.44 -160.47 74.83
v 125.45 -161.01 74.83
v 125.69 -161.44 73.22
v 126.68 -160.90 73.22
v 126.68 -160.90 74.83
v 125.69 -161.44 74.83
v 126.68 -160.90 73.22
v 126.44 -160.47 73.22
v 126.44 -160.47 74.83
v 126.68 -160.90 74.83
v 126.44 -160.47 73.22
v 125.45 -161.01 73.22
v 125.45 -161.01 74.83
v 126.44 -160.47 74.83
v 125.45 -161.01 73.22
v 125.69 -161.44 73.22
v 125.69 -161.44 74.83
v 125.45 -161.01 74.83
v 127.71 -161.01 73.22
v 128.69 -160.47 73.22
v 128.93 -160.90 73.22
v 127.94 -161.44 73.22
v 127.94 -161.44 74.83
v 128.93 -160.90 74.83
v 128.69 -160.47 74.83
v 127.71 -161.01 74.83
v 127.94 -161.44 73.22
v 128.93 -160.90 73.22
v 128.93 -160.90 74.83
v 127.94 -161.44 74.83
v 128.93 -160.90 73.22
v 128.69 -160.47 73.22
v 128.69 -160.47 74.83
v 128.93 -160.90 74.83
v 128.69 -160.47 73.22
v 127.71 -161.01 73.22
v 127.71 -161.01 74.83
v 128.69 -160.47 74.83
v 127.71 -161.01 73.22
v 127.94 -161.44 73.22
v 127.94 -161.44 74.83
v 127.71 -161.01 74.83
v 127.71 -161.01 76.45
v 128.69 -160.47 76.45
v 128.93 -160.90 76.45
v 127.94 -161.44 76.45
v 127.94 -161.44 78.07
v 128.93 -160.90 78.07
v 128.69 -160.47 78.07
v 127.71 -161.01 78.07
v 127.94 -161.44 76.45
v 128.93 -160.90 76.45
v 128.93 -160.90 78.07
v 127.94 -161.44 78.07
v 128.93 -160.90 76.45
v 128.69 -160.47 76.45
v 128.69 -160.47 78.07
v 128.93 -160.90 78.07
v 128.69 -160.47 76.45
v 127.71 -161.01 76.45
v 127.71 -161.01 78.07
v 128.69 -160.47 78.07
v 127.71 -161.01 76.45
v 127.94 -161.44 76.45
v 127.94 -161.44 78.07
v 127.71 -161.01 78.07
v 123.67 -153.94 73.28
v 124.65 -153.40 73.28
v 124.88 -153.83 73.28
v 123.91 -154.37 73.28
v 123.91 -154.37 74.96
v 124.88 -153.83 74.96
v 124.65 -153.40 74.96
v 123.67 -153.94 74.96
v 123.91 -154.37 73.28
v 124.88 -153.83 73.28
v 124.88 -153.83 74.96
v 123.91 -154.37 74.96
v 124.88 -153.83 73.28
v 124.65 -153.40 73.28
v 124.65 -153.40 74.96
v 124.88 -153.83 74.96
v 124.65 -153.40 73.28
v 123.67 -153.94 73.28
v 123.67 -153.94 74.96
v 124.65 -153.40 74.96
v 123.67 -153.94 73.28
v 123.91 -154.37 73.28
v 123.91 -154.37 74.96
v 123.67 -153.94 74.96
v 148.18 -156.87 73.13
v 149.40 -155.91 73.13
v 149.70 -156.30 73.13
v 148.48 -157.25 73.13
v 148.48 -157.25 74.65
v 149.70 -156.30 74.65
v 149.40 -155.91 74.65
v 148.18 -156.87 74.65
v 148.48 -157.25 73.13
v 149.70 -156.30 73.13
v 149.70 -156.30 74.65
v 148.48 -157.25 74.65
v 149.70 -156.30 73.13
v 149.40 -155.91 73.13
v 149.40 -155.91 74.65
v 149.70 -156.30 74.65
v 149.40 -155.91 73.13
v 148.18 -156.87 73.13
v 148.18 -156.87 74.65
v 149.40 -155.91 74.65
v 148.18 -156.87 73.13
v 148.48 -157.25 73.13
v 148.48 -157.25 74.65
v 148.18 -156.87 74.65
v 151.29 -156.87 73.13
v 152.51 -155.91 73.13
v 152.81 -156.30 73.13
v 151.59 -157.25 73.13
v 151.59 -157.25 74.65
v 152.81 -156.30 74.65
v 152.51 -155.91 74.65
v 151.29 -156.87 74.65
v 151.59 -157.25 73.13
v 152.81 -156.30 73.13
v 152.81 -156.30 74.65
v 151.59 -157.25 74.65
v 152.81 -156.30 73.13
v 152.51 -155.91 73.13
v 152.51 -155.91 74.65
v 152.81 -156.30 74.65
v 152.51 -155.91 73.13
v 151.29 -156.87 73.13
v 151.29 -156.87 74.65
v 152.51 -155.91 74.65
v 151.29 -156.87 73.13
v 151.59 -157.25 73.13
v 151.59 -157.25 74.65
v 151.29 -156.87 74.65
v 148.18 -156.87 76.18
v 149.40 -155.91 76.18
v 149.70 -156.30 76.18
v 148.48 -157.25 76.18
v 148.48 -157.25 77.70
v 149.70 -156.30 77.70
v 149.40 -155.91 77.70
v 148.18 -156.87 77.70
v 148.48 -157.25 76.18
v 149.70 -156.30 76.18
v 149.70 -156.30 77.70
v 148.48 -157.25 77.70
v 149.70 -156.30 76.18
v 149.40 -155.91 76.18
v 149.40 -155.91 77.70
v 149.70 -156.30 77.70
v 149.40 -155.91 76.18
v 148.18 -156.87 76.18
v 148.18 -156.87 77.70
v 149.40 -155.91 77.70
v 148.18 -156.87 76.18
v 148.48 -157.25 76.18
v 148.48 -157.25 77.70
v 148.18 -156.87 77.70
v 151.29 -156.87 76.18
v 152.51 -155.91 76.18
v 152.81 -156.30 76.18
v 151.59 -157.25 76.18
v 151.59 -157.25 77.70
v 152.81 -156.30 77.70
v 152.51 -155.91 77.70
v 151.29 -156.87 77.70
v 151.59 -157.25 76.18
v 152.81 -156.30 76.18
v 152.81 -156.30 77.70
v 151.59 -157.25 77.70
v 152.81 -156.30 76.18
v 152.51 -155.91 76.18
v 152.51 -155.91 77.70
v 152.81 -156.30 77.70
v 152.51 -155.91 76.18
v 151.29 -156.87 76.18
v 151.29 -156.87 77.70
v 152.51 -155.91 77.70
v 151.29 -156.87 76.18
v 151.59 -157.25 76.18
v 151.59 -157.25 77.70
v 151.29 -156.87 77.70
v 145.93 -150.64 74.72
v 146.89 -149.90 74.72
v 147.19 -150.28 74.72
v 146.23 -151.03 74.72
v 146.23 -151.03 77.84
v 147.19 -150.28 77.84
v 146.89 -149.90 77.84
v 145.93 -150.64 77.84
v 146.23 -151.03 74.72
v 147.19 -150.28 74.72
v 147.19 -150.28 77.84
v 146.23 -151.03 77.84
v 147.19 -150.28 74.72
v 146.89 -149.90 74.72
v 146.89 -149.90 77.84
v 147.19 -150.28 77.84
v 146.89 -149.90 74.72
v 145.93 -150.64 74.72
v 145.93 -150.64 77.84
v 146.89 -149.90 77.84
v 145.93 -150.64 74.72
v 146.23 -151.03 74.72
v 146.23 -151.03 77.84
v 145.93 -150.64 77.84
v -93.60 -160.46 59.18
v -92.76 -161.63 59.18
v -93.16 -161.91 59.18
v -94.00 -160.74 59.18
v -94.00 -160.74 60.77
v -93.16 -161.91 60.77
v -92.76 -161.63 60.77
v -93.60 -160.46 60.77
v -94.00 -160.74 59.18
v -93.16 -161.91 59.18
v -93.16 -161.91 60.77
v -94.00 -160.74 60.77
v -93.16 -161.91 59.18
v -92.76 -161.63 59.18
v -92.76 -161.63 60.77
v -93.16 -161.91 60.77
v -92.76 -161.63 59.18
v -93.60 -160.46 59.18
v -93.60 -160.46 60.77
v -92.76 -161.63 60.77
v -93.60 -160.46 59.18
v -94.00 -160.74 59.18
v -94.00 -160.74 60.77
v -93.60 -160.46 60.77
v -90.72 -160.46 59.18
v -89.89 -161.63 59.18
v -90.28 -161.91 59.18
v -91.12 -160.74 59.18
v -91.12 -160.74 60.77
v -90.28 -161.91 60.77
v -89.89 -161.63 60.77
v -90.72 -160.46 60.77
v -91.12 -160.74 59.18
v -90.28 -161.91 59.18
v -90.28 -161.91 60.77
v -91.12 -160.74 60.77
v -90.28 -161.91 59.18
v -89.89 -161.63 59.18
v -89.89 -161.63 60.77
v -90.28 -161.91 60.77
v -89.89 -161.63 59.18
v -90.72 -160.46 59.18
v -90.72 -160.46 60.77
v -89.89 -161.63 60.77
v -90.72 -160.46 59.18
v -91.12 -160.74 59.18
v -91.12 -160.74 60.77
v -90.72 -160.46 60.77
v -93.60 -160.46 62.35
v -92.76 -161.63 62.35
v -93.16 -161.91 62.35
v -94.00 -160.74 62.35
v -94.00 -160.74 63.94
v -93.16 -161.91 63.94
v -92.76 -161.63 63.94
v -93.60 -160.46 63.94
v -94.00 -160.74 62.35
v -93.16 -161.91 62.35
v -93.16 -161.91 63.94
v -94.00 -160.74 63.94
v -93.16 -161.91 62.35
v -92.76 -161.63 62.35
v -92.76 -161.63 63.94
v -93.16 -161.91 63.94
v -92.76 -161.63 62.35
v -93.60 -160.46 62.35
v -93.60 -160.46 63.94
v -92.76 -161.63 63.94
v -93.60 -160.46 62.35
v -94.00 -160.74 62.35
v -94.00 -160.74 63.94
v -93.60 -160.46 63.94
v -90.72 -160.46 62.35
v -89.89 -161.63 62.35
v -90.28 -161.91 62.35
v -91.12 -160.74 62.35
v -91.12 -160.74 63.94
v -90.28 -161.91 63.94
v -89.89 -161.63 63.94
v -90.72 -160.46 63.94
v -91.12 -160.74 62.35
v -90.28 -161.91 62.35
v -90.28 -161.91 63.94
v -91.12 -160.74 63.94
v -90.28 -161.91 62.35
v -89.89 -161.63 62.35
v -89.89 -161.63 63.94
v -90.28 -161.91 63.94
v -89.89 -161.63 62.35
v -90.72 -160.46 62.35
v -90.72 -160.46 63.94
v -89.89 -161.63 63.94
v -90.72 -160.46 62.35
v -91.12 -160.74 62.35
v -91.12 -160.74 63.94
v -90.72 -160.46 63.94
v -84.83 -154.34 59.15
v -84.01 -155.48 59.15
v -84.41 -155.76 59.15
v -85.22 -154.62 59.15
v -85.22 -154.62 60.69
v -84.41 -155.76 60.69
v -84.01 -155.48 60.69
v -84.83 -154.34 60.69
v -85.22 -154.62 59.15
v -84.41 -155.76 59.15
v -84.41 -155.76 60.69
v -85.22 -154.62 60.69
v -84.41 -155.76 59.15
v -84.01 -155.48 59.15
v -84.01 -155.48 60.69
v -84.41 -155.76 60.69
v -84.01 -155.48 59.15
v -84.83 -154.34 59.15
v -84.83 -154.34 60.69
v -84.01 -155.48 60.69
v -84.83 -154.34 59.15
v -85.22 -154.62 59.15
v -85.22 -154.62 60.69
v -84.83 -154.34 60.69
v -82.02 -154.34 59.15
v -81.21 -155.48 59.15
v -81.61 -155.76 59.15
v -82.42 -154.62 59.15
v -82.42 -154.62 60.69
v -81.61 -155.76 60.69
v -81.21 -155.48 60.69
v -82.02 -154.34 60.69
v -82.42 -154.62 59.15
v -81.61 -155.76 59.15
v -81.61 -155.76 60.69
v -82.42 -154.62 60.69
v -81.61 -155.76 59.15
v -81.21 -155.48 59.15
v -81.21 -155.48 60.69
v -81.61 -155.76 60.69
v -81.21 -155.48 59.15
v -82.02 -154.34 59.15
v -82.02 -154.34 60.69
v -81.21 -155.48 60.69
v -82.02 -154.34 59.15
v -82.42 -154.62 59.15
v -82.42 -154.62 60.69
v -82.02 -154.34 60.69
v -84.83 -154.34 62.24
v -84.01 -155.48 62.24
v -84.41 -155.76 62.24
v -85.22 -154.62 62.24
v -85.22 -154.62 63.79
v -84.41 -155.76 63.79
v -84.01 -155.48 63.79
v -84.83 -154.34 63.79
v -85.22 -154.62 62.24
v -84.41 -155.76 62.24
v -84.41 -155.76 63.79
v -85.22 -154.62 63.79
v -84.41 -155.76 62.24
v -84.01 -155.48 62.24
v -84.01 -155.48 63.79
v -84.41 -155.76 63.79
v -84.01 -155.48 62.24
v -84.83 -154.34 62.24
v -84.83 -154.34 63.79
v -84.01 -155.48 63.79
v -84.83 -154.34 62.24
v -85.22 -154.62 62.24
v -85.22 -154.62 63.79
v -84.83 -154.34 63.79
v -82.02 -154.34 62.24
v -81.21 -155.48 62.24
v -81.61 -155.76 62.24
v -82.42 -154.62 62.24
v -82.42 -154.62 63.79
v -81.61 -155.76 63.79
v -81.21 -155.48 63.79
v -82.02 -154.34 63.79
v -82.42 -154.62 62.24
v -81.61 -155.76 62.24
v -81.61 -155.76 63.79
v -82.42 -154.62 63.79
v -81.61 -155.76 62.24
v -81.21 -155.48 62.24
v -81.21 -155.48 63.79
v -81.61 -155.76 63.79
v -81.21 -155.48 62.24
v -82.02 -154.34 62.24
v -82.02 -154.34 63.79
v -81.21 -155.48 63.79
v -82.02 -154.34 62.24
v -82.42 -154.62 62.24
v -82.42 -154.62 63.79
v -82.02 -154.34 63.79
v -68.26 -170.98 60.90
v -67.15 -172.14 60.90
v -67.51 -172.48 60.90
v -68.61 -171.32 60.90
v -68.61 -171.32 64.19
v -67.51 -172.48 64.19
v -67.15 -172.14 64.19
v -68.26 -170.98 64.19
v -68.61 -171.32 60.90
v -67.51 -172.48 60.90
v -67.51 -172.48 64.19
v -68.61 -171.32 64.19
v -67.51 -172.48 60.90
v -67.15 -172.14 60.90
v -67.15 -172.14 64.19
v -67.51 -172.48 64.19
v -67.15 -172.14 60.90
v -68.26 -170.98 60.90
v -68.26 -170.98 64.19
v -67.15 -172.14 64.19
v -68.26 -170.98 60.90
v -68.61 -171.32 60.90
v -68.61 -171.32 64.19
v -68.26 -170.98 64.19
v -65.05 -170.98 60.90
v -63.94 -172.14 60.90
v -64.29 -172.48 60.90
v -65.40 -171.32 60.90
v -65.40 -171.32 64.19
v -64.29 -172.48 64.19
v -63.94 -172.14 64.19
v -65.05 -170.98 64.19
v -65.40 -171.32 60.90
v -64.29 -172.48 60.90
v -64.29 -172.48 64.19
v -65.40 -171.32 64.19
v -64.29 -172.48 60.90
v -63.94 -172.14 60.90
v -63.94 -172.14 64.19
v -64.29 -172.48 64.19
v -63.94 -172.14 60.90
v -65.05 -170.98 60.90
v -65.05 -170.98 64.19
v -63.94 -172.14 64.19
v -65.05 -170.98 60.90
v -65.40 -171.32 60.90
v -65.40 -171.32 64.19
v -65.05 -170.98 64.19
v -65.05 -170.98 67.49
v -63.94 -172.14 67.49
v -64.29 -172.48 67.49
v -65.40 -171.32 67.49
v -65.40 -171.32 70.78
v -64.29 -172.48 70.78
v -63.94 -172.14 70.78
v -65.05 -170.98 70.78
v -65.40 -171.32 67.49
v -64.29 -172.48 67.49
v -64.29 -172.48 70.78
v -65.40 -171.32 70.78
v -64.29 -172.48 67.49
v -63.94 -172.14 67.49
v -63.94 -172.14 70.78
v -64.29 -172.48 70.78
v -63.94 -172.14 67.49
v -65.05 -170.98 67.49
v -65.05 -170.98 70.78
v -63.94 -172.14 70.78
v -65.05 -170.98 67.49
v -65.40 -171.32 67.49
v -65.40 -171.32 70.78
v -65.05 -170.98 70.78
v -60.25 -164.54 59.20
v -59.31 -165.52 59.20
v -59.66 -165.86 59.20
v -60.60 -164.88 59.20
v -60.60 -164.88 60.80
v -59.66 -165.86 60.80
v -59.31 -165.52 60.80
v -60.25 -164.54 60.80
v -60.60 -164.88 59.20
v -59.66 -165.86 59.20
v -59.66 -165.86 60.80
v -60.60 -164.88 60.80
v -59.66 -165.86 59.20
v -59.31 -165.52 59.20
v -59.31 -165.52 60.80
v -59.66 -165.86 60.80
v -59.31 -165.52 59.20
v -60.25 -164.54 59.20
v -60.25 -164.54 60.80
v -59.31 -165.52 60.80
v -60.25 -164.54 59.20
v -60.60 -164.88 59.20
v -60.60 -164.88 60.80
v -60.25 -164.54 60.80
v -57.53 -164.54 59.20
v -56.59 -165.52 59.20
v -56.94 -165.86 59.20
v -57.88 -164.88 59.20
v -57.88 -164.88 60.80
v -56.94 -165.86 60.80
v -56.59 -165.52 60.80
v -57.53 -164.54 60.80
v -57.88 -164.88 59.20
v -56.94 -165.86 59.20
v -56.94 -165.86 60.80
v -57.88 -164.88 60.80
v -56.94 -165.86 59.20
v -56.59 -165.52 59.20
v -56.59 -165.52 60.80
v -56.94 -165.86 60.80
v -56.59 -165.52 59.20
v -57.53 -164.54 59.20
v -57.53 -164.54 60.80
v -56.59 -165.52 60.80
v -57.53 -164.54 59.20
v -57.88 -164.88 59.20
v -57.88 -164.88 60.80
v -57.53 -164.54 60.80
v -60.25 -164.54 62.40
v -59.31 -165.52 62.40
v -59.66 -165.86 62.40
v -60.60 -164.88 62.40
v -60.60 -164.88 64.00
v -59.66 -165.86 64.00
v -59.31 -165.52 64.00
v -60.25 -164.54 64.00
v -60.60 -164.88 62.40
v -59.66 -165.86 62.40
v -59.66 -165.86 64.00
v -60.60 -164.88 64.00
v -59.66 -165.86 62.40
v -59.31 -165.52 62.40
v -59.31 -165.52 64.00
v -59.66 -165.86 64.00
v -59.31 -165.52 62.40
v -60.25 -164.54 62.40
v -60.25 -164.54 64.00
v -59.31 -165.52 64.00
v -60.25 -164.54 62.40
v -60.60 -164.88 62.40
v -60.60 -164.88 64.00
v -60.25 -164.54 64.00
v -49.80 -192.13 60.15
v -48.89 -192.84 60.15
v -49.20 -193.22 60.15
v -50.10 -192.52 60.15
v -50.10 -192.52 62.69
v -49.20 -193.22 62.69
v -48.89 -192.84 62.69
v -49.80 -192.13 62.69
v -50.10 -192.52 60.15
v -49.20 -193.22 60.15
v -49.20 -193.22 62.69
v -50.10 -192.52 62.69
v -49.20 -193.22 60.15
v -48.89 -192.84 60.15
v -48.89 -192.84 62.69
v -49.20 -193.22 62.69
v -48.89 -192.84 60.15
v -49.80 -192.13 60.15
v -49.80 -192.13 62.69
v -48.89 -192.84 62.69
v -49.80 -192.13 60.15
v -50.10 -192.52 60.15
v -50.10 -192.52 62.69
v -49.80 -192.13 62.69
v -52.10 -192.13 65.23
v -51.20 -192.84 65.23
v -51.49 -193.22 65.23
v -52.40 -192.52 65.23
v -52.40 -192.52 67.78
v -51.49 -193.22 67.78
v -51.20 -192.84 67.78
v -52.10 -192.13 67.78
v -52.40 -192.52 65.23
v -51.49 -193.22 65.23
v -51.49 -193.22 67.78
v -52.40 -192.52 67.78
v -51.49 -193.22 65.23
v -51.20 -192.84 65.23
v -51.20 -192.84 67.78
v -51.49 -193.22 67.78
v -51.20 -192.84 65.23
v -52.10 -192.13 65.23
v -52.10 -192.13 67.78
v -51.20 -192.84 67.78
v -52.10 -192.13 65.23
v -52.40 -192.52 65.23
v -52.40 -192.52 67.78
v -52.10 -192.13 67.78
v -43.46 -184.09 59.79
v -42.52 -184.82 59.79
v -42.82 -185.20 59.79
v -43.76 -184.48 59.79
v -43.76 -184.48 61.98
v -42.82 -185.20 61.98
v -42.52 -184.82 61.98
v -43.46 -184.09 61.98
v -43.76 -184.48 59.79
v -42.82 -185.20 59.79
v -42.82 -185.20 61.98
v -43.76 -184.48 61.98
v -42.82 -185.20 59.79
v -42.52 -184.82 59.79
v -42.52 -184.82 61.98
v -42.82 -185.20 61.98
v -42.52 -184.82 59.79
v -43.46 -184.09 59.79
v -43.46 -184.09 61.98
v -42.52 -184.82 61.98
v -43.46 -184.09 59.79
v -43.76 -184.48 59.79
v -43.76 -184.48 61.98
v -43.46 -184.09 61.98
v -45.83 -184.09 64.18
v -44.89 -184.82 64.18
v -45.19 -185.20 64.18
v -46.13 -184.48 64.18
v -46.13 -184.48 66.37
v -45.19 -185.20 66.37
v -44.89 -184.82 66.37
v -45.83 -184.09 66.37
v -46.13 -184.48 64.18
v -45.19 -185.20 64.18
v -45.19 -185.20 66.37
v -46.13 -184.48 66.37
v -45.19 -185.20 64.18
v -44.89 -184.82 64.18
v -44.89 -184.82 66.37
v -45.19 -185.20 66.37
v -44.89 -184.82 64.18
v -45.83 -184.09 64.18
v -45.83 -184.09 66.37
v -44.89 -184.82 66.37
v -45.83 -184.09 64.18
v -46.13 -184.48 64.18
v -46.13 -184.48 66.37
v -45.83 -184.09 66.37
v -43.46 -184.09 64.18
v -42.52 -184.82 64.18
v -42.82 -185.20 64.18
v -43.76 -184.48 64.18
v -43.76 -184.48 66.37
v -42.82 -185.20 66.37
v -42.52 -184.82 66.37
v -43.46 -184.09 66.37
v -43.76 -184.48 64.18
v -42.82 -185.20 64.18
v -42.82 -185.20 66.37
v -43.76 -184.48 66.37
v -42.82 -185.20 64.18
v -42.52 -184.82 64.18
v -42.52 -184.82 66.37
v -42.82 -185.20 66.37
v -42.52 -184.82 64.18
v -43.46 -184.09 64.18
v -43.46 -184.09 66.37
v -42.52 -184.82 66.37
v -43.46 -184.09 64.18
v -43.76 -184.48 64.18
v -43.76 -184.48 66.37
v -43.46 -184.09 66.37
v -39.54 -176.19 59.59
v -38.59 -176.94 59.59
v -38.89 -177.32 59.59
v -39.84 -176.58 59.59
v -39.84 -176.58 61.58
v -38.89 -177.32 61.58
v -38.59 -176.94 61.58
v -39.54 -176.19 61.58
v -39.84 -176.58 59.59
v -38.89 -177.32 59.59
v -38.89 -177.32 61.58
v -39.84 -176.58 61.58
v -38.89 -177.32 59.59
v -38.59 -176.94 59.59
v -38.59 -176.94 61.58
v -38.89 -177.32 61.58
v -38.59 -176.94 59.59
v -39.54 -176.19 59.59
v -39.54 -176.19 61.58
v -38.59 -176.94 61.58
v -39.54 -176.19 59.59
v -39.84 -176.58 59.59
v -39.84 -176.58 61.58
v -39.54 -176.19 61.58
v -37.12 -176.19 59.59
v -36.16 -176.94 59.59
v -36.46 -177.32 59.59
v -37.42 -176.58 59.59
v -37.42 -176.58 61.58
v -36.46 -177.32 61.58
v -36.16 -176.94 61.58
v -37.12 -176.19 61.58
v -37.42 -176.58 59.59
v -36.46 -177.32 59.59
v -36.46 -177.32 61.58
v -37.42 -176.58 61.58
v -36.46 -177.32 59.59
v -36.16 -176.94 59.59
v -36.16 -176.94 61.58
v -36.46 -177.32 61.58
v -36.16 -176.94 59.59
v -37.12 -176.19 59.59
v -37.12 -176.19 61.58
v -36.16 -176.94 61.58
v -37.12 -176.19 59.59
v -37.42 -176.58 59.59
v -37.42 -176.58 61.58
v -37.12 -176.19 61.58
v -23.80 -202.56 59.29
v -22.50 -203.28 59.29
v -22.73 -203.71 59.29
v -24.04 -202.99 59.29
v -24.04 -202.99 60.98
v -22.73 -203.71 60.98
v -22.50 -203.28 60.98
v -23.80 -202.56 60.98
v -24.04 -202.99 59.29
v -22.73 -203.71 59.29
v -22.73 -203.71 60.98
v -24.04 -202.99 60.98
v -22.73 -203.71 59.29
v -22.50 -203.28 59.29
v -22.50 -203.28 60.98
v -22.73 -203.71 60.98
v -22.50 -203.28 59.29
v -23.80 -202.56 59.29
v -23.80 -202.56 60.98
v -22.50 -203.28 60.98
v -23.80 -202.56 59.29
v -24.04 -202.99 59.29
v -24.04 -202.99 60.98
v -23.80 -202.56 60.98
v -21.58 -193.99 60.03
v -20.51 -194.58 60.03
v -20.75 -195.00 60.03
v -21.82 -194.41 60.03
v -21.82 -194.41 62.46
v -20.75 -195.00 62.46
v -20.51 -194.58 62.46
v -21.58 -193.99 62.46
v -21.82 -194.41 60.03
v -20.75 -195.00 60.03
v -20.75 -195.00 62.46
v -21.82 -194.41 62.46
v -20.75 -195.00 60.03
v -20.51 -194.58 60.03
v -20.51 -194.58 62.46
v -20.75 -195.00 62.46
v -20.51 -194.58 60.03
v -21.58 -193.99 60.03
v -21.58 -193.99 62.46
v -20.51 -194.58 62.46
v -21.58 -193.99 60.03
v -21.82 -194.41 60.03
v -21.82 -194.41 62.46
v -21.58 -193.99 62.46
v -21.58 -193.99 64.89
v -20.51 -194.58 64.89
v -20.75 -195.00 64.89
v -21.82 -194.41 64.89
v -21.82 -194.41 67.32
v -20.75 -195.00 67.32
v -20.51 -194.58 67.32
v -21.58 -193.99 67.32
v -21.82 -194.41 64.89
v -20.75 -195.00 64.89
v -20.75 -195.00 67.32
v -21.82 -194.41 67.32
v -20.75 -195.00 64.89
v -20.51 -194.58 64.89
v -20.51 -194.58 67.32
v -20.75 -195.00 67.32
v -20.51 -194.58 64.89
v -21.58 -193.99 64.89
v -21.58 -193.99 67.32
v -20.51 -194.58 67.32
v -21.58 -193.99 64.89
v -21.82 -194.41 64.89
v -21.82 -194.41 67.32
v -21.58 -193.99 67.32
v -14.26 -185.34 59.63
v -13.10 -185.99 59.63
v -13.33 -186.42 59.63
v -14.49 -185.77 59.63
v -14.49 -185.77 61.66
v -13.33 -186.42 61.66
v -13.10 -185.99 61.66
v -14.26 -185.34 61.66
v -14.49 -185.77 59.63
v -13.33 -186.42 59.63
v -13.33 -186.42 61.66
v -14.49 -185.77 61.66
v -13.33 -186.42 59.63
v -13.10 -185.99 59.63
v -13.10 -185.99 61.66
v -13.33 -186.42 61.66
v -13.10 -185.99 59.63
v -14.26 -185.34 59.63
v -14.26 -185.34 61.66
v -13.10 -185.99 61.66
v -14.26 -185.34 59.63
v -14.49 -185.77 59.63
v -14.49 -185.77 61.66
v -14.26 -185.34 61.66
v -16.92 -185.34 63.69
v -15.75 -185.99 63.69
v -15.99 -186.42 63.69
v -17.15 -185.77 63.69
v -17.15 -185.77 65.72
v -15.99 -186.42 65.72
v -15.75 -185.99 65.72
v -16.92 -185.34 65.72
v -17.15 -185.77 63.69
v -15.99 -186.42 63.69
v -15.99 -186.42 65.72
v -17.15 -185.77 65.72
v -15.99 -186.42 63.69
v -15.75 -185.99 63.69
v -15.75 -185.99 65.72
v -15.99 -186.42 65.72
v -15.75 -185.99 63.69
v -16.92 -185.34 63.69
v -16.92 -185.34 65.72
v -15.75 -185.99 65.72
v -16.92 -185.34 63.69
v -17.15 -185.77 63.69
v -17.15 -185.77 65.72
v -16.92 -185.34 65.72
v -14.26 -185.34 63.69
v -13.10 -185.99 63.69
v -13.33 -186.42 63.69
v -14.49 -185.77 63.69
v -14.49 -185.77 65.72
v -13.33 -186.42 65.72
v -13.10 -185.99 65.72
v -14.26 -185.34 65.72
v -14.49 -185.77 63.69
v -13.33 -186.42 63.69
v -13.33 -186.42 65.72
v -14.49 -185.77 65.72
v -13.33 -186.42 63.69
v -13.10 -185.99 63.69
v -13.10 -185.99 65.72
v -13.33 -186.42 65.72
v -13.10 -185.99 63.69
v -14.26 -185.34 63.69
v -14.26 -185.34 65.72
v -13.10 -185.99 65.72
v -14.26 -185.34 63.69
v -14.49 -185.77 63.69
v -14.49 -185.77 65.72
v -14.26 -185.34 65.72
v 0.02 -210.74 59.20
v 1.25 -211.18 59.20
v 1.08 -211.64 59.20
v -0.14 -211.21 59.20
v -0.14 -211.21 60.80
v 1.08 -211.64 60.80
v 1.25 -211.18 60.80
v 0.02 -210.74 60.80
v -0.14 -211.21 59.20
v 1.08 -211.64 59.20
v 1.08 -211.64 60.80
v -0.14 -211.21 60.80
v 1.08 -211.64 59.20
v 1.25 -211.18 59.20
v 1.25 -211.18 60.80
v 1.08 -211.64 60.80
v 1.25 -211.18 59.20
v 0.02 -210.74 59.20
v 0.02 -210.74 60.80
v 1.25 -211.18 60.80
v 0.02 -210.74 59.20
v -0.14 -211.21 59.20
v -0.14 -211.21 60.80
v 0.02 -210.74 60.80
v 0.02 -210.74 62.40
v 1.25 -211.18 62.40
v 1.08 -211.64 62.40
v -0.14 -211.21 62.40
v -0.14 -211.21 64.00
v 1.08 -211.64 64.00
v 1.25 -211.18 64.00
v 0.02 -210.74 64.00
v -0.14 -211.21 62.40
v 1.08 -211.64 62.40
v 1.08 -211.64 64.00
v -0.14 -211.21 64.00
v 1.08 -211.64 62.40
v 1.25 -211.18 62.40
v 1.25 -211.18 64.00
v 1.08 -211.64 64.00
v 1.25 -211.18 62.40
v 0.02 -210.74 62.40
v 0.02 -210.74 64.00
v 1.25 -211.18 64.00
v 0.02 -210.74 62.40
v -0.14 -211.21 62.40
v -0.14 -211.21 64.00
v 0.02 -210.74 64.00
v 3.39 -201.46 60.76
v 4.55 -201.88 60.76
v 4.39 -202.34 60.76
v 3.22 -201.93 60.76
v 3.22 -201.93 63.92
v 4.39 -202.34 63.92
v 4.55 -201.88 63.92
v 3.39 -201.46 63.92
v 3.22 -201.93 60.76
v 4.39 -202.34 60.76
v 4.39 -202.34 63.92
v 3.22 -201.93 63.92
v 4.39 -202.34 60.76
v 4.55 -201.88 60.76
v 4.55 -201.88 63.92
v 4.39 -202.34 63.92
v 4.55 -201.88 60.76
v 3.39 -201.46 60.76
v 3.39 -201.46 63.92
v 4.55 -201.88 63.92
v 3.39 -201.46 60.76
v 3.22 -201.93 60.76
v 3.22 -201.93 63.92
v 3.39 -201.46 63.92
v 3.39 -201.46 67.07
v 4.55 -201.88 67.07
v 4.39 -202.34 67.07
v 3.22 -201.93 67.07
v 3.22 -201.93 70.23
v 4.39 -202.34 70.23
v 4.55 -201.88 70.23
v 3.39 -201.46 70.23
v 3.22 -201.93 67.07
v 4.39 -202.34 67.07
v 4.39 -202.34 70.23
v 3.22 -201.93 70.23
v 4.39 -202.34 67.07
v 4.55 -201.88 67.07
v 4.55 -201.88 70.23
v 4.39 -202.34 70.23
v 4.55 -201.88 67.07
v 3.39 -201.46 67.07
v 3.39 -201.46 70.23
v 4.55 -201.88 70.23
v 3.39 -201.46 67.07
v 3.22 -201.93 67.07
v 3.22 -201.93 70.23
v 3.39 -201.46 70.23
v 6.30 -192.52 59.56
v 7.69 -193.01 59.56
v 7.53 -193.47 59.56
v 6.14 -192.98 59.56
v 6.14 -192.98 61.53
v 7.53 -193.47 61.53
v 7.69 -193.01 61.53
v 6.30 -192.52 61.53
v 6.14 -192.98 59.56
v 7.53 -193.47 59.56
v 7.53 -193.47 61.53
v 6.14 -192.98 61.53
v 7.53 -193.47 59.56
v 7.69 -193.01 59.56
v 7.69 -193.01 61.53
v 7.53 -193.47 61.53
v 7.69 -193.01 59.56
v 6.30 -192.52 59.56
v 6.30 -192.52 61.53
v 7.69 -193.01 61.53
v 6.30 -192.52 59.56
v 6.14 -192.98 59.56
v 6.14 -192.98 61.53
v 6.30 -192.52 61.53
v 6.30 -192.52 63.49
v 7.69 -193.01 63.49
v 7.53 -193.47 63.49
v 6.14 -192.98 63.49
v 6.14 -192.98 65.45
v 7.53 -193.47 65.45
v 7.69 -193.01 65.45
v 6.30 -192.52 65.45
v 6.14 -192.98 63.49
v 7.53 -193.47 63.49
v 7.53 -193.47 65.45
v 6.14 -192.98 65.45
v 7.53 -193.47 63.49
v 7.69 -193.01 63.49
v 7.69 -193.01 65.45
v 7.53 -193.47 65.45
v 7.69 -193.01 63.49
v 6.30 -192.52 63.49
v 6.30 -192.52 65.45
v 7.69 -193.01 65.45
v 6.30 -192.52 63.49
v 6.14 -192.98 63.49
v 6.14 -192.98 65.45
v 6.30 -192.52 65.45
v 9.25 -192.52 63.49
v 10.64 -193.01 63.49
v 10.47 -193.47 63.49
v 9.09 -192.98 63.49
v 9.09 -192.98 65.45
v 10.47 -193.47 65.45
v 10.64 -193.01 65.45
v 9.25 -192.52 65.45
v 9.09 -192.98 63.49
v 10.47 -193.47 63.49
v 10.47 -193.47 65.45
v 9.09 -192.98 65.45
v 10.47 -193.47 63.49
v 10.64 -193.01 63.49
v 10.64 -193.01 65.45
v 10.47 -193.47 65.45
v 10.64 -193.01 63.49
v 9.25 -192.52 63.49
v 9.25 -192.52 65.45
v 10.64 -193.01 65.45
v 9.25 -192.52 63.49
v 9.09 -192.98 63.49
v 9.09 -192.98 65.45
v 9.25 -192.52 65.45
v 26.92 -218.78 63.47
v 28.51 -219.06 63.47
v 28.42 -219.54 63.47
v 26.84 -219.27 63.47
v 26.84 -219.27 65.43
v 28.42 -219.54 65.43
v 28.51 -219.06 65.43
v 26.92 -218.78 65.43
v 26.84 -219.27 63.47
v 28.42 -219.54 63.47
v 28.42 -219.54 65.43
v 26.84 -219.27 65.43
v 28.42 -219.54 63.47
v 28.51 -219.06 63.47
v 28.51 -219.06 65.43
v 28.42 -219.54 65.43
v 28.51 -219.06 63.47
v 26.92 -218.78 63.47
v 26.92 -218.78 65.43
v 28.51 -219.06 65.43
v 26.92 -218.78 63.47
v 26.84 -219.27 63.47
v 26.84 -219.27 65.43
v 26.92 -218.78 65.43
v 30.14 -218.78 63.47
v 31.73 -219.06 63.47
v 31.65 -219.54 63.47
v 30.06 -219.27 63.47
v 30.06 -219.27 65.43
v 31.65 -219.54 65.43
v 31.73 -219.06 65.43
v 30.14 -218.78 65.43
v 30.06 -219.27 63.47
v 31.65 -219.54 63.47
v 31.65 -219.54 65.43
v 30.06 -219.27 65.43
v 31.65 -219.54 63.47
v 31.73 -219.06 63.47
v 31.73 -219.06 65.43
v 31.65 -219.54 65.43
v 31.73 -219.06 63.47
v 30.14 -218.78 63.47
v 30.14 -218.78 65.43
v 31.73 -219.06 65.43
v 30.14 -218.78 63.47
v 30.06 -219.27 63.47
v 30.06 -219.27 65.43
v 30.14 -218.78 65.43
v 30.93 -199.68 60.80
v 32.08 -199.88 60.80
v 31.99 -200.36 60.80
v 30.85 -200.16 60.80
v 30.85 -200.16 64.01
v 31.99 -200.36 64.01
v 32.08 -199.88 64.01
v 30.93 -199.68 64.01
v 30.85 -200.16 60.80
v 31.99 -200.36 60.80
v 31.99 -200.36 64.01
v 30.85 -200.16 64.01
v 31.99 -200.36 60.80
v 32.08 -199.88 60.80
v 32.08 -199.88 64.01
v 31.99 -200.36 64.01
v 32.08 -199.88 60.80
v 30.93 -199.68 60.80
v 30.93 -199.68 64.01
v 32.08 -199.88 64.01
v 30.93 -199.68 60.80
v 30.85 -200.16 60.80
v 30.85 -200.16 64.01
v 30.93 -199.68 64.01
v 30.93 -199.68 67.21
v 32.08 -199.88 67.21
v 31.99 -200.36 67.21
v 30.85 -200.16 67.21
v 30.85 -200.16 70.41
v 31.99 -200.36 70.41
v 32.08 -199.88 70.41
v 30.93 -199.68 70.41
v 30.85 -200.16 67.21
v 31.99 -200.36 67.21
v 31.99 -200.36 70.41
v 30.85 -200.16 70.41
v 31.99 -200.36 67.21
v 32.08 -199.88 67.21
v 32.08 -199.88 70.41
v 31.99 -200.36 70.41
v 32.08 -199.88 67.21
v 30.93 -199.68 67.21
v 30.93 -199.68 70.41
v 32.08 -199.88 70.41
v 30.93 -199.68 67.21
v 30.85 -200.16 67.21
v 30.85 -200.16 70.41
v 30.93 -199.68 70.41
v 55.61 -221.86 58.91
v 57.20 -221.86 58.91
v 57.20 -222.35 58.91
v 55.61 -222.35 58.91
v 55.61 -222.35 60.23
v 57.20 -222.35 60.23
v 57.20 -221.86 60.23
v 55.61 -221.86 60.23
v 55.61 -222.35 58.91
v 57.20 -222.35 58.91
v 57.20 -222.35 60.23
v 55.61 -222.35 60.23
v 57.20 -222.35 58.91
v 57.20 -221.86 58.91
v 57.20 -221.86 60.23
v 57.20 -222.35 60.23
v 57.20 -221.86 58.91
v 55.61 -221.86 58.91
v 55.61 -221.86 60.23
v 57.20 -221.86 60.23
v 55.61 -221.86 58.91
v 55.61 -222.35 58.91
v 55.61 -222.35 60.23
v 55.61 -221.86 60.23
v 58.80 -221.86 58.91
v 60.39 -221.86 58.91
v 60.39 -222.35 58.91
v 58.80 -222.35 58.91
v 58.80 -222.35 60.23
v 60.39 -222.35 60.23
v 60.39 -221.86 60.23
v 58.80 -221.86 60.23
v 58.80 -222.35 58.91
v 60.39 -222.35 58.91
v 60.39 -222.35 60.23
v 58.80 -222.35 60.23
v 60.39 -222.35 58.91
v 60.39 -221.86 58.91
v 60.39 -221.86 60.23
v 60.39 -222.35 60.23
v 60.39 -221.86 58.91
v 58.80 -221.86 58.91
v 58.80 -221.86 60.23
v 60.39 -221.86 60.23
v 58.80 -221.86 58.91
v 58.80 -222.35 58.91
v 58.80 -222.35 60.23
v 58.80 -221.86 60.23
v 55.61 -221.86 61.54
v 57.20 -221.86 61.54
v 57.20 -222.35 61.54
v 55.61 -222.35 61.54
v 55.61 -222.35 62.85
v 57.20 -222.35 62.85
v 57.20 -221.86 62.85
v 55.61 -221.86 62.85
v 55.61 -222.35 61.54
v 57.20 -222.35 61.54
v 57.20 -222.35 62.85
v 55.61 -222.35 62.85
v 57.20 -222.35 61.54
v 57.20 -221.86 61.54
v 57.20 -221.86 62.85
v 57.20 -222.35 62.85
v 57.20 -221.86 61.54
v 55.61 -221.86 61.54
v 55.61 -221.86 62.85
v 57.20 -221.86 62.85
v 55.61 -221.86 61.54
v 55.61 -222.35 61.54
v 55.61 -222.35 62.85
v 55.61 -221.86 62.85
v 56.00 -212.38 59.77
v 57.33 -212.38 59.77
v 57.33 -212.87 59.77
v 56.00 -212.87 59.77
v 56.00 -212.87 61.94
v 57.33 -212.87 61.94
v 57.33 -212.38 61.94
v 56.00 -212.38 61.94
v 56.00 -212.87 59.77
v 57.33 -212.87 59.77
v 57.33 -212.87 61.94
v 56.00 -212.87 61.94
v 57.33 -212.87 59.77
v 57.33 -212.38 59.77
v 57.33 -212.38 61.94
v 57.33 -212.87 61.94
v 57.33 -212.38 59.77
v 56.00 -212.38 59.77
v 56.00 -212.38 61.94
v 57.33 -212.38 61.94
v 56.00 -212.38 59.77
v 56.00 -212.87 59.77
v 56.00 -212.87 61.94
v 56.00 -212.38 61.94
v 58.67 -212.38 64.11
v 60.00 -212.38 64.11
v 60.00 -212.87 64.11
v 58.67 -212.87 64.11
v 58.67 -212.87 66.28
v 60.00 -212.87 66.28
v 60.00 -212.38 66.28
v 58.67 -212.38 66.28
v 58.67 -212.87 64.11
v 60.00 -212.87 64.11
v 60.00 -212.87 66.28
v 58.67 -212.87 66.28
v 60.00 -212.87 64.11
v 60.00 -212.38 64.11
v 60.00 -212.38 66.28
v 60.00 -212.87 66.28
v 60.00 -212.38 64.11
v 58.67 -212.38 64.11
v 58.67 -212.38 66.28
v 60.00 -212.38 66.28
v 58.67 -212.38 64.11
v 58.67 -212.87 64.11
v 58.67 -212.87 66.28
v 58.67 -212.38 66.28
v 58.55 -202.68 59.27
v 59.66 -202.68 59.27
v 59.66 -203.17 59.27
v 58.55 -203.17 59.27
v 58.55 -203.17 60.95
v 59.66 -203.17 60.95
v 59.66 -202.68 60.95
v 58.55 -202.68 60.95
v 58.55 -203.17 59.27
v 59.66 -203.17 59.27
v 59.66 -203.17 60.95
v 58.55 -203.17 60.95
v 59.66 -203.17 59.27
v 59.66 -202.68 59.27
v 59.66 -202.68 60.95
v 59.66 -203.17 60.95
v 59.66 -202.68 59.27
v 58.55 -202.68 59.27
v 58.55 -202.68 60.95
v 59.66 -202.68 60.95
v 58.55 -202.68 59.27
v 58.55 -203.17 59.27
v 58.55 -203.17 60.95
v 58.55 -202.68 60.95
v 56.34 -202.68 62.62
v 57.45 -202.68 62.62
v 57.45 -203.17 62.62
v 56.34 -203.17 62.62
v 56.34 -203.17 64.30
v 57.45 -203.17 64.30
v 57.45 -202.68 64.30
v 56.34 -202.68 64.30
v 56.34 -203.17 62.62
v 57.45 -203.17 62.62
v 57.45 -203.17 64.30
v 56.34 -203.17 64.30
v 57.45 -203.17 62.62
v 57.45 -202.68 62.62
v 57.45 -202.68 64.30
v 57.45 -203.17 64.30
v 57.45 -202.68 62.62
v 56.34 -202.68 62.62
v 56.34 -202.68 64.30
v 57.45 -202.68 64.30
v 56.34 -202.68 62.62
v 56.34 -203.17 62.62
v 56.34 -203.17 64.30
v 56.34 -202.68 64.30
v 58.55 -202.68 62.62
v 59.66 -202.68 62.62
v 59.66 -203.17 62.62
v 58.55 -203.17 62.62
v 58.55 -203.17 64.30
v 59.66 -203.17 64.30
v 59.66 -202.68 64.30
v 58.55 -202.68 64.30
v 58.55 -203.17 62.62
v 59.66 -203.17 62.62
v 59.66 -203.17 64.30
v 58.55 -203.17 64.30
v 59.66 -203.17 62.62
v 59.66 -202.68 62.62
v 59.66 -202.68 64.30
v 59.66 -203.17 64.30
v 59.66 -202.68 62.62
v 58.55 -202.68 62.62
v 58.55 -202.68 64.30
v 59.66 -202.68 64.30
v 58.55 -202.68 62.62
v 58.55 -203.17 62.62
v 58.55 -203.17 64.30
v 58.55 -202.68 64.30
v 84.65 -219.38 59.20
v 86.11 -219.12 59.20
v 86.20 -219.61 59.20
v 84.73 -219.86 59.20
v 84.73 -219.86 60.80
v 86.20 -219.61 60.80
v 86.11 -219.12 60.80
v 84.65 -219.38 60.80
v 84.73 -219.86 59.20
v 86.20 -219.61 59.20
v 86.20 -219.61 60.80
v 84.73 -219.86 60.80
v 86.20 -219.61 59.20
v 86.11 -219.12 59.20
v 86.11 -219.12 60.80
v 86.20 -219.61 60.80
v 86.11 -219.12 59.20
v 84.65 -219.38 59.20
v 84.65 -219.38 60.80
v 86.11 -219.12 60.80
v 84.65 -219.38 59.20
v 84.73 -219.86 59.20
v 84.73 -219.86 60.80
v 84.65 -219.38 60.80
v 87.63 -219.38 59.20
v 89.09 -219.12 59.20
v 89.18 -219.61 59.20
v 87.71 -219.86 59.20
v 87.71 -219.86 60.80
v 89.18 -219.61 60.80
v 89.09 -219.12 60.80
v 87.63 -219.38 60.80
v 87.71 -219.86 59.20
v 89.18 -219.61 59.20
v 89.18 -219.61 60.80
v 87.71 -219.86 60.80
v 89.18 -219.61 59.20
v 89.09 -219.12 59.20
v 89.09 -219.12 60.80
v 89.18 -219.61 60.80
v 89.09 -219.12 59.20
v 87.63 -219.38 59.20
v 87.63 -219.38 60.80
v 89.09 -219.12 60.80
v 87.63 -219.38 59.20
v 87.71 -219.86 59.20
v 87.71 -219.86 60.80
v 87.63 -219.38 60.80
v 87.63 -219.38 62.40
v 89.09 -219.12 62.40
v 89.18 -219.61 62.40
v 87.71 -219.86 62.40
v 87.71 -219.86 64.00
v 89.18 -219.61 64.00
v 89.09 -219.12 64.00
v 87.63 -219.38 64.00
v 87.71 -219.86 62.40
v 89.18 -219.61 62.40
v 89.18 -219.61 64.00
v 87.71 -219.86 64.00
v 89.18 -219.61 62.40
v 89.09 -219.12 62.40
v 89.09 -219.12 64.00
v 89.18 -219.61 64.00
v 89.09 -219.12 62.40
v 87.63 -219.38 62.40
v 87.63 -219.38 64.00
v 89.09 -219.12 64.00
v 87.63 -219.38 62.40
v 87.71 -219.86 62.40
v 87.71 -219.86 64.00
v 87.63 -219.38 64.00
v 83.26 -209.53 58.93
v 84.53 -209.31 58.93
v 84.62 -209.79 58.93
v 83.34 -210.01 58.93
v 83.34 -210.01 60.27
v 84.62 -209.79 60.27
v 84.53 -209.31 60.27
v 83.26 -209.53 60.27
v 83.34 -210.01 58.93
v 84.62 -209.79 58.93
v 84.62 -209.79 60.27
v 83.34 -210.01 60.27
v 84.62 -209.79 58.93
v 84.53 -209.31 58.93
v 84.53 -209.31 60.27
v 84.62 -209.79 60.27
v 84.53 -209.31 58.93
v 83.26 -209.53 58.93
v 83.26 -209.53 60.27
v 84.53 -209.31 60.27
v 83.26 -209.53 58.93
v 83.34 -210.01 58.93
v 83.34 -210.01 60.27
v 83.26 -209.53 60.27
v 85.84 -209.53 61.60
v 87.11 -209.31 61.60
v 87.20 -209.79 61.60
v 85.93 -210.01 61.60
v 85.93 -210.01 62.93
v 87.20 -209.79 62.93
v 87.11 -209.31 62.93
v 85.84 -209.53 62.93
v 85.93 -210.01 61.60
v 87.20 -209.79 61.60
v 87.20 -209.79 62.93
v 85.93 -210.01 62.93
v 87.20 -209.79 61.60
v 87.11 -209.31 61.60
v 87.11 -209.31 62.93
v 87.20 -209.79 62.93
v 87.11 -209.31 61.60
v 85.84 -209.53 61.60
v 85.84 -209.53 62.93
v 87.11 -209.31 62.93
v 85.84 -209.53 61.60
v 85.93 -210.01 61.60
v 85.93 -210.01 62.93
v 85.84 -209.53 62.93
v 84.27 -200.28 58.99
v 85.76 -200.02 58.99
v 85.84 -200.50 58.99
v 84.36 -200.76 58.99
v 84.36 -200.76 60.39
v 85.84 -200.50 60.39
v 85.76 -200.02 60.39
v 84.27 -200.28 60.39
v 84.36 -200.76 58.99
v 85.84 -200.50 58.99
v 85.84 -200.50 60.39
v 84.36 -200.76 60.39
v 85.84 -200.50 58.99
v 85.76 -200.02 58.99
v 85.76 -200.02 60.39
v 85.84 -200.50 60.39
v 85.76 -200.02 58.99
v 84.27 -200.28 58.99
v 84.27 -200.28 60.39
v 85.76 -200.02 60.39
v 84.27 -200.28 58.99
v 84.36 -200.76 58.99
v 84.36 -200.76 60.39
v 84.27 -200.28 60.39
v 84.27 -200.28 61.78
v 85.76 -200.02 61.78
v 85.84 -200.50 61.78
v 84.36 -200.76 61.78
v 84.36 -200.76 63.17
v 85.84 -200.50 63.17
v 85.76 -200.02 63.17
v 84.27 -200.28 63.17
v 84.36 -200.76 61.78
v 85.84 -200.50 61.78
v 85.84 -200.50 63.17
v 84.36 -200.76 63.17
v 85.84 -200.50 61.78
v 85.76 -200.02 61.78
v 85.76 -200.02 63.17
v 85.84 -200.50 63.17
v 85.76 -200.02 61.78
v 84.27 -200.28 61.78
v 84.27 -200.28 63.17
v 85.76 -200.02 63.17
v 84.27 -200.28 61.78
v 84.36 -200.76 61.78
v 84.36 -200.76 63.17
v 84.27 -200.28 63.17
v 114.30 -210.99 59.42
v 115.37 -210.60 59.42
v 115.53 -211.06 59.42
v 114.46 -211.45 59.42
v 114.46 -211.45 61.24
v 115.53 -211.06 61.24
v 115.37 -210.60 61.24
v 114.30 -210.99 61.24
v 114.46 -211.45 59.42
v 115.53 -211.06 59.42
v 115.53 -211.06 61.24
v 114.46 -211.45 61.24
v 115.53 -211.06 59.42
v 115.37 -210.60 59.42
v 115.37 -210.60 61.24
v 115.53 -211.06 61.24
v 115.37 -210.60 59.42
v 114.30 -210.99 59.42
v 114.30 -210.99 61.24
v 115.37 -210.60 61.24
v 114.30 -210.99 59.42
v 114.46 -211.45 59.42
v 114.46 -211.45 61.24
v 114.30 -210.99 61.24
v 112.02 -210.99 63.05
v 113.09 -210.60 63.05
v 113.25 -211.06 63.05
v 112.18 -211.45 63.05
v 112.18 -211.45 64.87
v 113.25 -211.06 64.87
v 113.09 -210.60 64.87
v 112.02 -210.99 64.87
v 112.18 -211.45 63.05
v 113.25 -211.06 63.05
v 113.25 -211.06 64.87
v 112.18 -211.45 64.87
v 113.25 -211.06 63.05
v 113.09 -210.60 63.05
v 113.09 -210.60 64.87
v 113.25 -211.06 64.87
v 113.09 -210.60 63.05
v 112.02 -210.99 63.05
v 112.02 -210.99 64.87
v 113.09 -210.60 64.87
v 112.02 -210.99 63.05
v 112.18 -211.45 63.05
v 112.18 -211.45 64.87
v 112.02 -210.99 64.87
v 114.30 -210.99 63.05
v 115.37 -210.60 63.05
v 115.53 -211.06 63.05
v 114.46 -211.45 63.05
v 114.46 -211.45 64.87
v 115.53 -211.06 64.87
v 115.37 -210.60 64.87
v 114.30 -210.99 64.87
v 114.46 -211.45 63.05
v 115.53 -211.06 63.05
v 115.53 -211.06 64.87
v 114.46 -211.45 64.87
v 115.53 -211.06 63.05
v 115.37 -210.60 63.05
v 115.37 -210.60 64.87
v 115.53 -211.06 64.87
v 115.37 -210.60 63.05
v 114.30 -210.99 63.05
v 114.30 -210.99 64.87
v 115.37 -210.60 64.87
v 114.30 -210.99 63.05
v 114.46 -211.45 63.05
v 114.46 -211.45 64.87
v 114.30 -210.99 64.87
v 108.09 -201.89 63.36
v 109.60 -201.36 63.36
v 109.77 -201.82 63.36
v 108.26 -202.35 63.36
v 108.26 -202.35 65.28
v 109.77 -201.82 65.28
v 109.60 -201.36 65.28
v 108.09 -201.89 65.28
v 108.26 -202.35 63.36
v 109.77 -201.82 63.36
v 109.77 -201.82 65.28
v 108.26 -202.35 65.28
v 109.77 -201.82 63.36
v 109.60 -201.36 63.36
v 109.60 -201.36 65.28
v 109.77 -201.82 65.28
v 109.60 -201.36 63.36
v 108.09 -201.89 63.36
v 108.09 -201.89 65.28
v 109.60 -201.36 65.28
v 108.09 -201.89 63.36
v 108.26 -202.35 63.36
v 108.26 -202.35 65.28
v 108.09 -201.89 65.28
v 105.47 -192.29 60.99
v 106.58 -191.90 60.99
v 106.74 -192.36 60.99
v 105.63 -192.76 60.99
v 105.63 -192.76 62.12
v 106.74 -192.36 62.12
v 106.58 -191.90 62.12
v 105.47 -192.29 62.12
v 105.63 -192.76 60.99
v 106.74 -192.36 60.99
v 106.74 -192.36 62.12
v 105.63 -192.76 62.12
v 106.74 -192.36 60.99
v 106.58 -191.90 60.99
v 106.58 -191.90 62.12
v 106.74 -192.36 62.12
v 106.58 -191.90 60.99
v 105.47 -192.29 60.99
v 105.47 -192.29 62.12
v 106.58 -191.90 62.12
v 105.47 -192.29 60.99
v 105.63 -192.76 60.99
v 105.63 -192.76 62.12
v 105.47 -192.29 62.12
v 107.82 -192.29 60.99
v 108.94 -191.90 60.99
v 109.10 -192.36 60.99
v 107.99 -192.76 60.99
v 107.99 -192.76 62.12
v 109.10 -192.36 62.12
v 108.94 -191.90 62.12
v 107.82 -192.29 62.12
v 107.99 -192.76 60.99
v 109.10 -192.36 60.99
v 109.10 -192.36 62.12
v 107.99 -192.76 62.12
v 109.10 -192.36 60.99
v 108.94 -191.90 60.99
v 108.94 -191.90 62.12
v 109.10 -192.36 62.12
v 108.94 -191.90 60.99
v 107.82 -192.29 60.99
v 107.82 -192.29 62.12
v 108.94 -191.90 62.12
v 107.82 -192.29 60.99
v 107.99 -192.76 60.99
v 107.99 -192.76 62.12
v 107.82 -192.29 62.12
v 135.12 -197.65 58.53
v 136.48 -196.90 58.53
v 136.71 -197.33 58.53
v 135.36 -198.07 58.53
v 135.36 -198.07 59.45
v 136.71 -197.33 59.45
v 136.48 -196.90 59.45
v 135.12 -197.65 59.45
v 135.36 -198.07 58.53
v 136.71 -197.33 58.53
v 136.71 -197.33 59.45
v 135.36 -198.07 59.45
v 136.71 -197.33 58.53
v 136.48 -196.90 58.53
v 136.48 -196.90 59.45
v 136.71 -197.33 59.45
v 136.48 -196.90 58.53
v 135.12 -197.65 58.53
v 135.12 -197.65 59.45
v 136.48 -196.90 59.45
v 135.12 -197.65 58.53
v 135.36 -198.07 58.53
v 135.36 -198.07 59.45
v 135.12 -197.65 59.45
v 135.12 -197.65 60.38
v 136.48 -196.90 60.38
v 136.71 -197.33 60.38
v 135.36 -198.07 60.38
v 135.36 -198.07 61.30
v 136.71 -197.33 61.30
v 136.48 -196.90 61.30
v 135.12 -197.65 61.30
v 135.36 -198.07 60.38
v 136.71 -197.33 60.38
v 136.71 -197.33 61.30
v 135.36 -198.07 61.30
v 136.71 -197.33 60.38
v 136.48 -196.90 60.38
v 136.48 -196.90 61.30
v 136.71 -197.33 61.30
v 136.48 -196.90 60.38
v 135.12 -197.65 60.38
v 135.12 -197.65 61.30
v 136.48 -196.90 61.30
v 135.12 -197.65 60.38
v 135.36 -198.07 60.38
v 135.36 -198.07 61.30
v 135.12 -197.65 61.30
v 138.22 -197.65 60.38
v 139.57 -196.90 60.38
v 139.80 -197.33 60.38
v 138.45 -198.07 60.38
v 138.45 -198.07 61.30
v 139.80 -197.33 61.30
v 139.57 -196.90 61.30
v 138.22 -197.65 61.30
v 138.45 -198.07 60.38
v 139.80 -197.33 60.38
v 139.80 -197.33 61.30
v 138.45 -198.07 61.30
v 139.80 -197.33 60.38
v 139.57 -196.90 60.38
v 139.57 -196.90 61.30
v 139.80 -197.33 61.30
v 139.57 -196.90 60.38
v 138.22 -197.65 60.38
v 138.22 -197.65 61.30
v 139.57 -196.90 61.30
v 138.22 -197.65 60.38
v 138.45 -198.07 60.38
v 138.45 -198.07 61.30
v 138.22 -197.65 61.30
v 130.89 -188.70 58.43
v 132.00 -188.08 58.43
v 132.24 -188.51 58.43
v 131.12 -189.13 58.43
v 131.12 -189.13 59.26
v 132.24 -188.51 59.26
v 132.00 -188.08 59.26
v 130.89 -188.70 59.26
v 131.12 -189.13 58.43
v 132.24 -188.51 58.43
v 132.24 -188.51 59.26
v 131.12 -189.13 59.26
v 132.24 -188.51 58.43
v 132.00 -188.08 58.43
v 132.00 -188.08 59.26
v 132.24 -188.51 59.26
v 132.00 -188.08 58.43
v 130.89 -188.70 58.43
v 130.89 -188.70 59.26
v 132.00 -188.08 59.26
v 130.89 -188.70 58.43
v 131.12 -189.13 58.43
v 131.12 -189.13 59.26
v 130.89 -188.70 59.26
v 133.44 -188.70 58.43
v 134.55 -188.08 58.43
v 134.79 -188.51 58.43
v 133.68 -189.13 58.43
v 133.68 -189.13 59.26
v 134.79 -188.51 59.26
v 134.55 -188.08 59.26
v 133.44 -188.70 59.26
v 133.68 -189.13 58.43
v 134.79 -188.51 58.43
v 134.79 -188.51 59.26
v 133.68 -189.13 59.26
v 134.79 -188.51 58.43
v 134.55 -188.08 58.43
v 134.55 -188.08 59.26
v 134.79 -188.51 59.26
v 134.55 -188.08 58.43
v 133.44 -188.70 58.43
v 133.44 -188.70 59.26
v 134.55 -188.08 59.26
v 133.44 -188.70 58.43
v 133.68 -189.13 58.43
v 133.68 -189.13 59.26
v 133.44 -188.70 59.26
v 126.00 -180.34 60.42
v 127.28 -179.64 60.42
v 127.52 -180.07 60.42
v 126.24 -180.77 60.42
v 126.24 -180.77 61.35
v 127.52 -180.07 61.35
v 127.28 -179.64 61.35
v 126.00 -180.34 61.35
v 126.24 -180.77 60.42
v 127.52 -180.07 60.42
v 127.52 -180.07 61.35
v 126.24 -180.77 61.35
v 127.52 -180.07 60.42
v 127.28 -179.64 60.42
v 127.28 -179.64 61.35
v 127.52 -180.07 61.35
v 127.28 -179.64 60.42
v 126.00 -180.34 60.42
v 126.00 -180.34 61.35
v 127.28 -179.64 61.35
v 126.00 -180.34 60.42
v 126.24 -180.77 60.42
v 126.24 -180.77 61.35
v 126.00 -180.34 61.35
v 157.54 -184.43 59.05
v 158.41 -183.76 59.05
v 158.71 -184.14 59.05
v 157.84 -184.81 59.05
v 157.84 -184.81 60.49
v 158.71 -184.14 60.49
v 158.41 -183.76 60.49
v 157.54 -184.43 60.49
v 157.84 -184.81 59.05
v 158.71 -184.14 59.05
v 158.71 -184.14 60.49
v 157.84 -184.81 60.49
v 158.71 -184.14 59.05
v 158.41 -183.76 59.05
v 158.41 -183.76 60.49
v 158.71 -184.14 60.49
v 158.41 -183.76 59.05
v 157.54 -184.43 59.05
v 157.54 -184.43 60.49
v 158.41 -183.76 60.49
v 157.54 -184.43 59.05
v 157.84 -184.81 59.05
v 157.84 -184.81 60.49
v 157.54 -184.43 60.49
v 159.73 -184.43 59.05
v 160.59 -183.76 59.05
v 160.89 -184.14 59.05
v 160.03 -184.81 59.05
v 160.03 -184.81 60.49
v 160.89 -184.14 60.49
v 160.59 -183.76 60.49
v 159.73 -184.43 60.49
v 160.03 -184.81 59.05
v 160.89 -184.14 59.05
v 160.89 -184.14 60.49
v 160.03 -184.81 60.49
v 160.89 -184.14 59.05
v 160.59 -183.76 59.05
v 160.59 -183.76 60.49
v 160.89 -184.14 60.49
v 160.59 -183.76 59.05
v 159.73 -184.43 59.05
v 159.73 -184.43 60.49
v 160.59 -183.76 60.49
v 159.73 -184.43 59.05
v 160.03 -184.81 59.05
v 160.03 -184.81 60.49
v 159.73 -184.43 60.49
v 157.54 -184.43 61.94
v 158.41 -183.76 61.94
v 158.71 -184.14 61.94
v 157.84 -184.81 61.94
v 157.84 -184.81 63.38
v 158.71 -184.14 63.38
v 158.41 -183.76 63.38
v 157.54 -184.43 63.38
v 157.84 -184.81 61.94
v 158.71 -184.14 61.94
v 158.71 -184.14 63.38
v 157.84 -184.81 63.38
v 158.71 -184.14 61.94
v 158.41 -183.76 61.94
v 158.41 -183.76 63.38
v 158.71 -184.14 63.38
v 158.41 -183.76 61.94
v 157.54 -184.43 61.94
v 157.54 -184.43 63.38
v 158.41 -183.76 63.38
v 157.54 -184.43 61.94
v 157.84 -184.81 61.94
v 157.84 -184.81 63.38
v 157.54 -184.43 63.38
v 159.73 -184.43 61.94
v 160.59 -183.76 61.94
v 160.89 -184.14 61.94
v 160.03 -184.81 61.94
v 160.03 -184.81 63.38
v 160.89 -184.14 63.38
v 160.59 -183.76 63.38
v 159.73 -184.43 63.38
v 160.03 -184.81 61.94
v 160.89 -184.14 61.94
v 160.89 -184.14 63.38
v 160.03 -184.81 63.38
v 160.89 -184.14 61.94
v 160.59 -183.76 61.94
v 160.59 -183.76 63.38
v 160.89 -184.14 63.38
v 160.59 -183.76 61.94
v 159.73 -184.43 61.94
v 159.73 -184.43 63.38
v 160.59 -183.76 63.38
v 159.73 -184.43 61.94
v 160.03 -184.81 61.94
v 160.03 -184.81 63.38
v 159.73 -184.43 63.38
v 151.01 -176.59 58.96
v 152.24 -175.64 58.96
v 152.54 -176.02 58.96
v 151.31 -176.97 58.96
v 151.31 -176.97 60.32
v 152.54 -176.02 60.32
v 152.24 -175.64 60.32
v 151.01 -176.59 60.32
v 151.31 -176.97 58.96
v 152.54 -176.02 58.96
v 152.54 -176.02 60.32
v 151.31 -176.97 60.32
v 152.54 -176.02 58.96
v 152.24 -175.64 58.96
v 152.24 -175.64 60.32
v 152.54 -176.02 60.32
v 152.24 -175.64 58.96
v 151.01 -176.59 58.96
v 151.01 -176.59 60.32
v 152.24 -175.64 60.32
v 151.01 -176.59 58.96
v 151.31 -176.97 58.96
v 151.31 -176.97 60.32
v 151.01 -176.59 60.32
v 154.11 -176.59 58.96
v 155.34 -175.64 58.96
v 155.64 -176.02 58.96
v 154.41 -176.97 58.96
v 154.41 -176.97 60.32
v 155.64 -176.02 60.32
v 155.34 -175.64 60.32
v 154.11 -176.59 60.32
v 154.41 -176.97 58.96
v 155.64 -176.02 58.96
v 155.64 -176.02 60.32
v 154.41 -176.97 60.32
v 155.64 -176.02 58.96
v 155.34 -175.64 58.96
v 155.34 -175.64 60.32
v 155.64 -176.02 60.32
v 155.34 -175.64 58.96
v 154.11 -176.59 58.96
v 154.11 -176.59 60.32
v 155.34 -175.64 60.32
v 154.11 -176.59 58.96
v 154.41 -176.97 58.96
v 154.41 -176.97 60.32
v 154.11 -176.59 60.32
v 154.11 -176.59 61.69
v 155.34 -175.64 61.69
v 155.64 -176.02 61.69
v 154.41 -176.97 61.69
v 154.41 -176.97 63.05
v 155.64 -176.02 63.05
v 155.34 -175.64 63.05
v 154.11 -176.59 63.05
v 154.41 -176.97 61.69
v 155.64 -176.02 61.69
v 155.64 -176.02 63.05
v 154.41 -176.97 63.05
v 155.64 -176.02 61.69
v 155.34 -175.64 61.69
v 155.34 -175.64 63.05
v 155.64 -176.02 63.05
v 155.34 -175.64 61.69
v 154.11 -176.59 61.69
v 154.11 -176.59 63.05
v 155.34 -175.64 63.05
v 154.11 -176.59 61.69
v 154.41 -176.97 61.69
v 154.41 -176.97 63.05
v 154.11 -176.59 63.05
v 145.04 -168.54 60.69
v 146.31 -167.56 60.69
v 146.61 -167.94 60.69
v 145.34 -168.93 60.69
v 145.34 -168.93 63.79
v 146.61 -167.94 63.79
v 146.31 -167.56 63.79
v 145.04 -168.54 63.79
v 145.34 -168.93 60.69
v 146.61 -167.94 60.69
v 146.61 -167.94 63.79
v 145.34 -168.93 63.79
v 146.61 -167.94 60.69
v 146.31 -167.56 60.69
v 146.31 -167.56 63.79
v 146.61 -167.94 63.79
v 146.31 -167.56 60.69
v 145.04 -168.54 60.69
v 145.04 -168.54 63.79
v 146.31 -167.56 63.79
v 145.04 -168.54 60.69
v 145.34 -168.93 60.69
v 145.34 -168.93 63.79
v 145.04 -168.54 63.79
v 148.26 -168.54 60.69
v 149.52 -167.56 60.69
v 149.82 -167.94 60.69
v 148.56 -168.93 60.69
v 148.56 -168.93 63.79
v 149.82 -167.94 63.79
v 149.52 -167.56 63.79
v 148.26 -168.54 63.79
v 148.56 -168.93 60.69
v 149.82 -167.94 60.69
v 149.82 -167.94 63.79
v 148.56 -168.93 63.79
v 149.82 -167.94 60.69
v 149.52 -167.56 60.69
v 149.52 -167.56 63.79
v 149.82 -167.94 63.79
v 149.52 -167.56 60.69
v 148.26 -168.54 60.69
v 148.26 -168.54 63.79
v 149.52 -167.56 63.79
v 148.26 -168.54 60.69
v 148.56 -168.93 60.69
v 148.56 -168.93 63.79
v 148.26 -168.54 63.79
v 145.04 -168.54 66.88
v 146.31 -167.56 66.88
v 146.61 -167.94 66.88
v 145.34 -168.93 66.88
v 145.34 -168.93 69.97
v 146.61 -167.94 69.97
v 146.31 -167.56 69.97
v 145.04 -168.54 69.97
v 145.34 -168.93 66.88
v 146.61 -167.94 66.88
v 146.61 -167.94 69.97
v 145.34 -168.93 69.97
v 146.61 -167.94 66.88
v 146.31 -167.56 66.88
v 146.31 -167.56 69.97
v 146.61 -167.94 69.97
v 146.31 -167.56 66.88
v 145.04 -168.54 66.88
v 145.04 -168.54 69.97
v 146.31 -167.56 69.97
v 145.04 -168.54 66.88
v 145.34 -168.93 66.88
v 145.34 -168.93 69.97
v 145.04 -168.54 69.97
v 175.38 -162.90 64.71
v 174.51 -163.81 64.71
v 174.51 -163.81 67.08
v 175.38 -162.90 67.08
v 174.51 -163.81 64.71
v 174.87 -164.15 64.71
v 174.87 -164.15 67.08
v 174.51 -163.81 67.08
v 164.44 -158.00 59.09
v 165.51 -156.88 59.09
v 165.87 -157.22 59.09
v 164.80 -158.34 59.09
v 164.80 -158.34 60.58
v 165.87 -157.22 60.58
v 165.51 -156.88 60.58
v 164.44 -158.00 60.58
v 164.80 -158.34 59.09
v 165.87 -157.22 59.09
v 165.87 -157.22 60.58
v 164.80 -158.34 60.58
v 165.87 -157.22 59.09
v 165.51 -156.88 59.09
v 165.51 -156.88 60.58
v 165.87 -157.22 60.58
v 165.51 -156.88 59.09
v 164.44 -158.00 59.09
v 164.44 -158.00 60.58
v 165.51 -156.88 60.58
v 164.44 -158.00 59.09
v 164.80 -158.34 59.09
v 164.80 -158.34 60.58
v 164.44 -158.00 60.58
v 167.54 -158.00 59.09
v 168.61 -156.88 59.09
v 168.96 -157.22 59.09
v 167.89 -158.34 59.09
v 167.89 -158.34 60.58
v 168.96 -157.22 60.58
v 168.61 -156.88 60.58
v 167.54 -158.00 60.58
v 167.89 -158.34 59.09
v 168.96 -157.22 59.09
v 168.96 -157.22 60.58
v 167.89 -158.34 60.58
v 168.96 -157.22 59.09
v 168.61 -156.88 59.09
v 168.61 -156.88 60.58
v 168.96 -157.22 60.58
v 168.61 -156.88 59.09
v 167.54 -158.00 59.09
v 167.54 -158.00 60.58
v 168.61 -156.88 60.58
v 167.54 -158.00 59.09
v 167.89 -158.34 59.09
v 167.89 -158.34 60.58
v 167.54 -158.00 60.58
v 164.44 -158.00 62.07
v 165.51 -156.88 62.07
v 165.87 -157.22 62.07
v 164.80 -158.34 62.07
v 164.80 -158.34 63.56
v 165.87 -157.22 63.56
v 165.51 -156.88 63.56
v 164.44 -158.00 63.56
v 164.80 -158.34 62.07
v 165.87 -157.22 62.07
v 165.87 -157.22 63.56
v 164.80 -158.34 63.56
v 165.87 -157.22 62.07
v 165.51 -156.88 62.07
v 165.51 -156.88 63.56
v 165.87 -157.22 63.56
v 165.51 -156.88 62.07
v 164.44 -158.00 62.07
v 164.44 -158.00 63.56
v 165.51 -156.88 63.56
v 164.44 -158.00 62.07
v 164.80 -158.34 62.07
v 164.80 -158.34 63.56
v 164.44 -158.00 63.56
v 167.54 -158.00 62.07
v 168.61 -156.88 62.07
v 168.96 -157.22 62.07
v 167.89 -158.34 62.07
v 167.89 -158.34 63.56
v 168.96 -157.22 63.56
v 168.61 -156.88 63.56
v 167.54 -158.00 63.56
v 167.89 -158.34 62.07
v 168.96 -157.22 62.07
v 168.96 -157.22 63.56
v 167.89 -158.34 63.56
v 168.96 -157.22 62.07
v 168.61 -156.88 62.07
v 168.61 -156.88 63.56
v 168.96 -157.22 63.56
v 168.61 -156.88 62.07
v 167.54 -158.00 62.07
v 167.54 -158.00 63.56
v 168.61 -156.88 63.56
v 167.54 -158.00 62.07
v 167.89 -158.34 62.07
v 167.89 -158.34 63.56
v 167.54 -158.00 63.56
v -176.86 -28.11 45.22
v -177.00 -29.30 45.22
v -177.49 -29.24 45.22
v -177.34 -28.05 45.22
v -177.34 -28.05 46.84
v -177.49 -29.24 46.84
v -177.00 -29.30 46.84
v -176.86 -28.11 46.84
v -177.34 -28.05 45.22
v -177.49 -29.24 45.22
v -177.49 -29.24 46.84
v -177.34 -28.05 46.84
v -177.49 -29.24 45.22
v -177.00 -29.30 45.22
v -177.00 -29.30 46.84
v -177.49 -29.24 46.84
v -177.00 -29.30 45.22
v -176.86 -28.11 45.22
v -176.86 -28.11 46.84
v -177.00 -29.30 46.84
v -176.86 -28.11 45.22
v -177.34 -28.05 45.22
v -177.34 -28.05 46.84
v -176.86 -28.11 46.84
v -174.94 -28.05 45.22
v -175.09 -29.24 45.22
v -175.09 -29.24 46.84
v -174.94 -28.05 46.84
v -176.86 -28.11 48.45
v -177.00 -29.30 48.45
v -177.49 -29.24 48.45
v -177.34 -28.05 48.45
v -177.34 -28.05 50.07
v -177.49 -29.24 50.07
v -177.00 -29.30 50.07
v -176.86 -28.11 50.07
v -177.34 -28.05 48.45
v -177.49 -29.24 48.45
v -177.49 -29.24 50.07
v -177.34 -28.05 50.07
v -177.49 -29.24 48.45
v -177.00 -29.30 48.45
v -177.00 -29.30 50.07
v -177.49 -29.24 50.07
v -177.00 -29.30 48.45
v -176.86 -28.11 48.45
v -176.86 -28.11 50.07
v -177.00 -29.30 50.07
v -176.86 -28.11 48.45
v -177.34 -28.05 48.45
v -177.34 -28.05 50.07
v -176.86 -28.11 50.07
v -174.94 -28.05 48.45
v -175.09 -29.24 48.45
v -175.09 -29.24 50.07
v -174.94 -28.05 50.07
v -175.44 -55.41 44.90
v -175.44 -56.63 44.90
v -175.93 -56.63 44.90
v -175.93 -55.41 44.90
v -175.93 -55.41 46.20
v -175.93 -56.63 46.20
v -175.44 -56.63 46.20
v -175.44 -55.41 46.20
v -175.93 -55.41 44.90
v -175.93 -56.63 44.90
v -175.93 -56.63 46.20
v -175.93 -55.41 46.20
v -175.93 -56.63 44.90
v -175.44 -56.63 44.90
v -175.44 -56.63 46.20
v -175.93 -56.63 46.20
v -175.44 -56.63 44.90
v -175.44 -55.41 44.90
v -175.44 -55.41 46.20
v -175.44 -56.63 46.20
v -175.44 -55.41 44.90
v -175.93 -55.41 44.90
v -175.93 -55.41 46.20
v -175.44 -55.41 46.20
v -175.44 -55.41 47.50
v -175.44 -56.63 47.50
v -175.93 -56.63 47.50
v -175.93 -55.41 47.50
v -175.93 -55.41 48.80
v -175.93 -56.63 48.80
v -175.44 -56.63 48.80
v -175.44 -55.41 48.80
v -175.93 -55.41 47.50
v -175.93 -56.63 47.50
v -175.93 -56.63 48.80
v -175.93 -55.41 48.80
v -175.93 -56.63 47.50
v -175.44 -56.63 47.50
v -175.44 -56.63 48.80
v -175.93 -56.63 48.80
v -175.44 -56.63 47.50
v -175.44 -55.41 47.50
v -175.44 -55.41 48.80
v -175.44 -56.63 48.80
v -175.44 -55.41 47.50
v -175.93 -55.41 47.50
v -175.93 -55.41 48.80
v -175.44 -55.41 48.80
v -133.96 -152.05 45.63
v -133.30 -153.28 45.63
v -133.73 -153.51 45.63
v -134.39 -152.28 45.63
v -134.39 -152.28 47.66
v -133.73 -153.51 47.66
v -133.30 -153.28 47.66
v -133.96 -152.05 47.66
v -134.39 -152.28 45.63
v -133.73 -153.51 45.63
v -133.73 -153.51 47.66
v -134.39 -152.28 47.66
v -133.73 -153.51 45.63
v -133.30 -153.28 45.63
v -133.30 -153.28 47.66
v -133.73 -153.51 47.66
v -133.30 -153.28 45.63
v -133.96 -152.05 45.63
v -133.96 -152.05 47.66
v -133.30 -153.28 47.66
v -133.96 -152.05 45.63
v -134.39 -152.28 45.63
v -134.39 -152.28 47.66
v -133.96 -152.05 47.66
v -136.75 -152.05 49.68
v -136.09 -153.28 49.68
v -136.52 -153.51 49.68
v -137.18 -152.28 49.68
v -137.18 -152.28 51.71
v -136.52 -153.51 51.71
v -136.09 -153.28 51.71
v -136.75 -152.05 51.71
v -137.18 -152.28 49.68
v -136.52 -153.51 49.68
v -136.52 -153.51 51.71
v -137.18 -152.28 51.71
v -136.52 -153.51 49.68
v -136.09 -153.28 49.68
v -136.09 -153.28 51.71
v -136.52 -153.51 51.71
v -136.09 -153.28 49.68
v -136.75 -152.05 49.68
v -136.75 -152.05 51.71
v -136.09 -153.28 51.71
v -136.75 -152.05 49.68
v -137.18 -152.28 49.68
v -137.18 -152.28 51.71
v -136.75 -152.05 51.71
v -123.49 -176.51 48.15
v -122.62 -177.70 48.15
v -123.02 -177.99 48.15
v -123.89 -176.79 48.15
v -123.89 -176.79 49.67
v -123.02 -177.99 49.67
v -122.62 -177.70 49.67
v -123.49 -176.51 49.67
v -123.89 -176.79 48.15
v -123.02 -177.99 48.15
v -123.02 -177.99 49.67
v -123.89 -176.79 49.67
v -123.02 -177.99 48.15
v -122.62 -177.70 48.15
v -122.62 -177.70 49.67
v -123.02 -177.99 49.67
v -122.62 -177.70 48.15
v -123.49 -176.51 48.15
v -123.49 -176.51 49.67
v -122.62 -177.70 49.67
v -123.49 -176.51 48.15
v -123.89 -176.79 48.15
v -123.89 -176.79 49.67
v -123.49 -176.51 49.67
v -120.53 -176.51 48.15
v -119.67 -177.70 48.15
v -120.06 -177.99 48.15
v -120.93 -176.79 48.15
v -120.93 -176.79 49.67
v -120.06 -177.99 49.67
v -119.67 -177.70 49.67
v -120.53 -176.51 49.67
v -120.93 -176.79 48.15
v -120.06 -177.99 48.15
v -120.06 -177.99 49.67
v -120.93 -176.79 49.67
v -120.06 -177.99 48.15
v -119.67 -177.70 48.15
v -119.67 -177.70 49.67
v -120.06 -177.99 49.67
v -119.67 -177.70 48.15
v -120.53 -176.51 48.15
v -120.53 -176.51 49.67
v -119.67 -177.70 49.67
v -120.53 -176.51 48.15
v -120.93 -176.79 48.15
v -120.93 -176.79 49.67
v -120.53 -176.51 49.67
v -113.87 -169.97 44.96
v -112.94 -171.26 44.96
v -113.33 -171.55 44.96
v -114.26 -170.26 44.96
v -114.26 -170.26 46.31
v -113.33 -171.55 46.31
v -112.94 -171.26 46.31
v -113.87 -169.97 46.31
v -114.26 -170.26 44.96
v -113.33 -171.55 44.96
v -113.33 -171.55 46.31
v -114.26 -170.26 46.31
v -113.33 -171.55 44.96
v -112.94 -171.26 44.96
v -112.94 -171.26 46.31
v -113.33 -171.55 46.31
v -112.94 -171.26 44.96
v -113.87 -169.97 44.96
v -113.87 -169.97 46.31
v -112.94 -171.26 46.31
v -113.87 -169.97 44.96
v -114.26 -170.26 44.96
v -114.26 -170.26 46.31
v -113.87 -169.97 46.31
v -110.69 -169.97 44.96
v -109.76 -171.26 44.96
v -110.16 -171.55 44.96
v -111.09 -170.26 44.96
v -111.09 -170.26 46.31
v -110.16 -171.55 46.31
v -109.76 -171.26 46.31
v -110.69 -169.97 46.31
v -111.09 -170.26 44.96
v -110.16 -171.55 44.96
v -110.16 -171.55 46.31
v -111.09 -170.26 46.31
v -110.16 -171.55 44.96
v -109.76 -171.26 44.96
v -109.76 -171.26 46.31
v -110.16 -171.55 46.31
v -109.76 -171.26 44.96
v -110.69 -169.97 44.96
v -110.69 -169.97 46.31
v -109.76 -171.26 46.31
v -110.69 -169.97 44.96
v -111.09 -170.26 44.96
v -111.09 -170.26 46.31
v -110.69 -169.97 46.31
v -113.87 -169.97 47.67
v -112.94 -171.26 47.67
v -113.33 -171.55 47.67
v -114.26 -170.26 47.67
v -114.26 -170.26 49.03
v -113.33 -171.55 49.03
v -112.94 -171.26 49.03
v -113.87 -169.97 49.03
v -114.26 -170.26 47.67
v -113.33 -171.55 47.67
v -113.33 -171.55 49.03
v -114.26 -170.26 49.03
v -113.33 -171.55 47.67
v -112.94 -171.26 47.67
v -112.94 -171.26 49.03
v -113.33 -171.55 49.03
v -112.94 -171.26 47.67
v -113.87 -169.97 47.67
v -113.87 -169.97 49.03
v -112.94 -171.26 49.03
v -113.87 -169.97 47.67
v -114.26 -170.26 47.67
v -114.26 -170.26 49.03
v -113.87 -169.97 49.03
v -101.08 -162.60 45.63
v -100.27 -163.72 45.63
v -100.67 -164.00 45.63
v -101.47 -162.89 45.63
v -101.47 -162.89 47.66
v -100.67 -164.00 47.66
v -100.27 -163.72 47.66
v -101.08 -162.60 47.66
v -101.47 -162.89 45.63
v -100.67 -164.00 45.63
v -100.67 -164.00 47.66
v -101.47 -162.89 47.66
v -100.67 -164.00 45.63
v -100.27 -163.72 45.63
v -100.27 -163.72 47.66
v -100.67 -164.00 47.66
v -100.27 -163.72 45.63
v -101.08 -162.60 45.63
v -101.08 -162.60 47.66
v -100.27 -163.72 47.66
v -101.08 -162.60 45.63
v -101.47 -162.89 45.63
v -101.47 -162.89 47.66
v -101.08 -162.60 47.66
v -103.83 -162.60 49.70
v -103.02 -163.72 49.70
v -103.42 -164.00 49.70
v -104.23 -162.89 49.70
v -104.23 -162.89 51.73
v -103.42 -164.00 51.73
v -103.02 -163.72 51.73
v -103.83 -162.60 51.73
v -104.23 -162.89 49.70
v -103.42 -164.00 49.70
v -103.42 -164.00 51.73
v -104.23 -162.89 51.73
v -103.42 -164.00 49.70
v -103.02 -163.72 49.70
v -103.02 -163.72 51.73
v -103.42 -164.00 51.73
v -103.02 -163.72 49.70
v -103.83 -162.60 49.70
v -103.83 -162.60 51.73
v -103.02 -163.72 51.73
v -103.83 -162.60 49.70
v -104.23 -162.89 49.70
v -104.23 -162.89 51.73
v -103.83 -162.60 51.73
v -103.56 -197.69 45.30
v -102.52 -198.75 45.30
v -102.88 -199.09 45.30
v -103.91 -198.03 45.30
v -103.91 -198.03 47.00
v -102.88 -199.09 47.00
v -102.52 -198.75 47.00
v -103.56 -197.69 47.00
v -103.91 -198.03 45.30
v -102.88 -199.09 45.30
v -102.88 -199.09 47.00
v -103.91 -198.03 47.00
v -102.88 -199.09 45.30
v -102.52 -198.75 45.30
v -102.52 -198.75 47.00
v -102.88 -199.09 47.00
v -102.52 -198.75 45.30
v -103.56 -197.69 45.30
v -103.56 -197.69 47.00
v -102.52 -198.75 47.00
v -103.56 -197.69 45.30
v -103.91 -198.03 45.30
v -103.91 -198.03 47.00
v -103.56 -197.69 47.00
v -100.58 -197.69 45.30
v -99.55 -198.75 45.30
v -99.90 -199.09 45.30
v -100.93 -198.03 45.30
v -100.93 -198.03 47.00
v -99.90 -199.09 47.00
v -99.55 -198.75 47.00
v -100.58 -197.69 47.00
v -100.93 -198.03 45.30
v -99.90 -199.09 45.30
v -99.90 -199.09 47.00
v -100.93 -198.03 47.00
v -99.90 -199.09 45.30
v -99.55 -198.75 45.30
v -99.55 -198.75 47.00
v -99.90 -199.09 47.00
v -99.55 -198.75 45.30
v -100.58 -197.69 45.30
v -100.58 -197.69 47.00
v -99.55 -198.75 47.00
v -100.58 -197.69 45.30
v -100.93 -198.03 45.30
v -100.93 -198.03 47.00
v -100.58 -197.69 47.00
v -100.58 -197.69 48.70
v -99.55 -198.75 48.70
v -99.90 -199.09 48.70
v -100.93 -198.03 48.70
v -100.93 -198.03 50.41
v -99.90 -199.09 50.41
v -99.55 -198.75 50.41
v -100.58 -197.69 50.41
v -100.93 -198.03 48.70
v -99.90 -199.09 48.70
v -99.90 -199.09 50.41
v -100.93 -198.03 50.41
v -99.90 -199.09 48.70
v -99.55 -198.75 48.70
v -99.55 -198.75 50.41
v -99.90 -199.09 50.41
v -99.55 -198.75 48.70
v -100.58 -197.69 48.70
v -100.58 -197.69 50.41
v -99.55 -198.75 50.41
v -100.58 -197.69 48.70
v -100.93 -198.03 48.70
v -100.93 -198.03 50.41
v -100.58 -197.69 50.41
v -92.08 -188.93 45.45
v -91.15 -189.89 45.45
v -91.51 -190.23 45.45
v -92.43 -189.27 45.45
v -92.43 -189.27 47.29
v -91.51 -190.23 47.29
v -91.15 -189.89 47.29
v -92.08 -188.93 47.29
v -92.43 -189.27 45.45
v -91.51 -190.23 45.45
v -91.51 -190.23 47.29
v -92.43 -189.27 47.29
v -91.51 -190.23 45.45
v -91.15 -189.89 45.45
v -91.15 -189.89 47.29
v -91.51 -190.23 47.29
v -91.15 -189.89 45.45
v -92.08 -188.93 45.45
v -92.08 -188.93 47.29
v -91.15 -189.89 47.29
v -92.08 -188.93 45.45
v -92.43 -189.27 45.45
v -92.43 -189.27 47.29
v -92.08 -188.93 47.29
v -94.75 -188.93 49.13
v -93.83 -189.89 49.13
v -94.18 -190.23 49.13
v -95.11 -189.27 49.13
v -95.11 -189.27 50.98
v -94.18 -190.23 50.98
v -93.83 -189.89 50.98
v -94.75 -188.93 50.98
v -95.11 -189.27 49.13
v -94.18 -190.23 49.13
v -94.18 -190.23 50.98
v -95.11 -189.27 50.98
v -94.18 -190.23 49.13
v -93.83 -189.89 49.13
v -93.83 -189.89 50.98
v -94.18 -190.23 50.98
v -93.83 -189.89 49.13
v -94.75 -188.93 49.13
v -94.75 -188.93 50.98
v -93.83 -189.89 50.98
v -94.75 -188.93 49.13
v -95.11 -189.27 49.13
v -95.11 -189.27 50.98
v -94.75 -188.93 50.98
v -92.08 -188.93 49.13
v -91.15 -189.89 49.13
v -91.51 -190.23 49.13
v -92.43 -189.27 49.13
v -92.43 -189.27 50.98
v -91.51 -190.23 50.98
v -91.15 -189.89 50.98
v -92.08 -188.93 50.98
v -92.43 -189.27 49.13
v -91.51 -190.23 49.13
v -91.51 -190.23 50.98
v -92.43 -189.27 50.98
v -91.51 -190.23 49.13
v -91.15 -189.89 49.13
v -91.15 -189.89 50.98
v -91.51 -190.23 50.98
v -91.15 -189.89 49.13
v -92.08 -188.93 49.13
v -92.08 -188.93 50.98
v -91.15 -189.89 50.98
v -92.08 -188.93 49.13
v -92.43 -189.27 49.13
v -92.43 -189.27 50.98
v -92.08 -188.93 50.98
v -86.25 -181.20 47.84
v -85.27 -182.21 47.84
v -85.62 -182.55 47.84
v -86.60 -181.54 47.84
v -86.60 -181.54 49.26
v -85.62 -182.55 49.26
v -85.27 -182.21 49.26
v -86.25 -181.20 49.26
v -86.60 -181.54 47.84
v -85.62 -182.55 47.84
v -85.62 -182.55 49.26
v -86.60 -181.54 49.26
v -85.62 -182.55 47.84
v -85.27 -182.21 47.84
v -85.27 -182.21 49.26
v -85.62 -182.55 49.26
v -85.27 -182.21 47.84
v -86.25 -181.20 47.84
v -86.25 -181.20 49.26
v -85.27 -182.21 49.26
v -86.25 -181.20 47.84
v -86.60 -181.54 47.84
v -86.60 -181.54 49.26
v -86.25 -181.20 49.26
v -83.44 -181.20 47.84
v -82.46 -182.21 47.84
v -82.82 -182.55 47.84
v -83.79 -181.54 47.84
v -83.79 -181.54 49.26
v -82.82 -182.55 49.26
v -82.46 -182.21 49.26
v -83.44 -181.20 49.26
v -83.79 -181.54 47.84
v -82.82 -182.55 47.84
v -82.82 -182.55 49.26
v -83.79 -181.54 49.26
v -82.82 -182.55 47.84
v -82.46 -182.21 47.84
v -82.46 -182.21 49.26
v -82.82 -182.55 49.26
v -82.46 -182.21 47.84
v -83.44 -181.20 47.84
v -83.44 -181.20 49.26
v -82.46 -182.21 49.26
v -83.44 -181.20 47.84
v -83.79 -181.54 47.84
v -83.79 -181.54 49.26
v -83.44 -181.20 49.26
v -77.79 -213.28 46.62
v -76.56 -214.23 46.62
v -76.86 -214.62 46.62
v -78.09 -213.67 46.62
v -78.09 -213.67 49.64
v -76.86 -214.62 49.64
v -76.56 -214.23 49.64
v -77.79 -213.28 49.64
v -78.09 -213.67 46.62
v -76.86 -214.62 46.62
v -76.86 -214.62 49.64
v -78.09 -213.67 49.64
v -76.86 -214.62 46.62
v -76.56 -214.23 46.62
v -76.56 -214.23 49.64
v -76.86 -214.62 49.64
v -76.56 -214.23 46.62
v -77.79 -213.28 46.62
v -77.79 -213.28 49.64
v -76.56 -214.23 49.64
v -77.79 -213.28 46.62
v -78.09 -213.67 46.62
v -78.09 -213.67 49.64
v -77.79 -213.28 49.64
v -74.68 -213.28 46.62
v -73.44 -214.23 46.62
v -73.74 -214.62 46.62
v -74.98 -213.67 46.62
v -74.98 -213.67 49.64
v -73.74 -214.62 49.64
v -73.44 -214.23 49.64
v -74.68 -213.28 49.64
v -74.98 -213.67 46.62
v -73.74 -214.62 46.62
v -73.74 -214.62 49.64
v -74.98 -213.67 49.64
v -73.74 -214.62 46.62
v -73.44 -214.23 46.62
v -73.44 -214.23 49.64
v -73.74 -214.62 49.64
v -73.44 -214.23 46.62
v -74.68 -213.28 46.62
v -74.68 -213.28 49.64
v -73.44 -214.23 49.64
v -74.68 -213.28 46.62
v -74.98 -213.67 46.62
v -74.98 -213.67 49.64
v -74.68 -213.28 49.64
v -77.79 -213.28 52.66
v -76.56 -214.23 52.66
v -76.86 -214.62 52.66
v -78.09 -213.67 52.66
v -78.09 -213.67 55.69
v -76.86 -214.62 55.69
v -76.56 -214.23 55.69
v -77.79 -213.28 55.69
v -78.09 -213.67 52.66
v -76.86 -214.62 52.66
v -76.86 -214.62 55.69
v -78.09 -213.67 55.69
v -76.86 -214.62 52.66
v -76.56 -214.23 52.66
v -76.56 -214.23 55.69
v -76.86 -214.62 55.69
v -76.56 -214.23 52.66
v -77.79 -213.28 52.66
v -77.79 -213.28 55.69
v -76.56 -214.23 55.69
v -77.79 -213.28 52.66
v -78.09 -213.67 52.66
v -78.09 -213.67 55.69
v -77.79 -213.28 55.69
v -70.56 -204.06 45.27
v -69.41 -204.94 45.27
v -69.70 -205.33 45.27
v -70.85 -204.45 45.27
v -70.85 -204.45 46.95
v -69.70 -205.33 46.95
v -69.41 -204.94 46.95
v -70.56 -204.06 46.95
v -70.85 -204.45 45.27
v -69.70 -205.33 45.27
v -69.70 -205.33 46.95
v -70.85 -204.45 46.95
v -69.70 -205.33 45.27
v -69.41 -204.94 45.27
v -69.41 -204.94 46.95
v -69.70 -205.33 46.95
v -69.41 -204.94 45.27
v -70.56 -204.06 45.27
v -70.56 -204.06 46.95
v -69.41 -204.94 46.95
v -70.56 -204.06 45.27
v -70.85 -204.45 45.27
v -70.85 -204.45 46.95
v -70.56 -204.06 46.95
v -67.66 -204.06 45.27
v -66.51 -204.94 45.27
v -66.80 -205.33 45.27
v -67.95 -204.45 45.27
v -67.95 -204.45 46.95
v -66.80 -205.33 46.95
v -66.51 -204.94 46.95
v -67.66 -204.06 46.95
v -67.95 -204.45 45.27
v -66.80 -205.33 45.27
v -66.80 -205.33 46.95
v -67.95 -204.45 46.95
v -66.80 -205.33 45.27
v -66.51 -204.94 45.27
v -66.51 -204.94 46.95
v -66.80 -205.33 46.95
v -66.51 -204.94 45.27
v -67.66 -204.06 45.27
v -67.66 -204.06 46.95
v -66.51 -204.94 46.95
v -67.66 -204.06 45.27
v -67.95 -204.45 45.27
v -67.95 -204.45 46.95
v -67.66 -204.06 46.95
v -67.66 -204.06 48.62
v -66.51 -204.94 48.62
v -66.80 -205.33 48.62
v -67.95 -204.45 48.62
v -67.95 -204.45 50.29
v -66.80 -205.33 50.29
v -66.51 -204.94 50.29
v -67.66 -204.06 50.29
v -67.95 -204.45 48.62
v -66.80 -205.33 48.62
v -66.80 -205.33 50.29
v -67.95 -204.45 50.29
v -66.80 -205.33 48.62
v -66.51 -204.94 48.62
v -66.51 -204.94 50.29
v -66.80 -205.33 50.29
v -66.51 -204.94 48.62
v -67.66 -204.06 48.62
v -67.66 -204.06 50.29
v -66.51 -204.94 50.29
v -67.66 -204.06 48.62
v -67.95 -204.45 48.62
v -67.95 -204.45 50.29
v -67.66 -204.06 50.29
v -63.32 -195.39 46.48
v -62.26 -196.21 46.48
v -62.55 -196.60 46.48
v -63.62 -195.78 46.48
v -63.62 -195.78 49.36
v -62.55 -196.60 49.36
v -62.26 -196.21 49.36
v -63.32 -195.39 49.36
v -63.62 -195.78 46.48
v -62.55 -196.60 46.48
v -62.55 -196.60 49.36
v -63.62 -195.78 49.36
v -62.55 -196.60 46.48
v -62.26 -196.21 46.48
v -62.26 -196.21 49.36
v -62.55 -196.60 49.36
v -62.26 -196.21 46.48
v -63.32 -195.39 46.48
v -63.32 -195.39 49.36
v -62.26 -196.21 49.36
v -63.32 -195.39 46.48
v -63.62 -195.78 46.48
v -63.62 -195.78 49.36
v -63.32 -195.39 49.36
v -63.32 -195.39 52.24
v -62.26 -196.21 52.24
v -62.55 -196.60 52.24
v -63.62 -195.78 52.24
v -63.62 -195.78 55.12
v -62.55 -196.60 55.12
v -62.26 -196.21 55.12
v -63.32 -195.39 55.12
v -63.62 -195.78 52.24
v -62.55 -196.60 52.24
v -62.55 -196.60 55.12
v -63.62 -195.78 55.12
v -62.55 -196.60 52.24
v -62.26 -196.21 52.24
v -62.26 -196.21 55.12
v -62.55 -196.60 55.12
v -62.26 -196.21 52.24
v -63.32 -195.39 52.24
v -63.32 -195.39 55.12
v -62.26 -196.21 55.12
v -63.32 -195.39 52.24
v -63.62 -195.78 52.24
v -63.62 -195.78 55.12
v -63.32 -195.39 55.12
v -43.54 -215.25 45.73
v -42.20 -215.98 45.73
v -42.44 -216.41 45.73
v -43.78 -215.68 45.73
v -43.78 -215.68 47.86
v -42.44 -216.41 47.86
v -42.20 -215.98 47.86
v -43.54 -215.25 47.86
v -43.78 -215.68 45.73
v -42.44 -216.41 45.73
v -42.44 -216.41 47.86
v -43.78 -215.68 47.86
v -42.44 -216.41 45.73
v -42.20 -215.98 45.73
v -42.20 -215.98 47.86
v -42.44 -216.41 47.86
v -42.20 -215.98 45.73
v -43.54 -215.25 45.73
v -43.54 -215.25 47.86
v -42.20 -215.98 47.86
v -43.54 -215.25 45.73
v -43.78 -215.68 45.73
v -43.78 -215.68 47.86
v -43.54 -215.25 47.86
v -40.49 -215.25 45.73
v -39.14 -215.98 45.73
v -39.38 -216.41 45.73
v -40.72 -215.68 45.73
v -40.72 -215.68 47.86
v -39.38 -216.41 47.86
v -39.14 -215.98 47.86
v -40.49 -215.25 47.86
v -40.72 -215.68 45.73
v -39.38 -216.41 45.73
v -39.38 -216.41 47.86
v -40.72 -215.68 47.86
v -39.38 -216.41 45.73
v -39.14 -215.98 45.73
v -39.14 -215.98 47.86
v -39.38 -216.41 47.86
v -39.14 -215.98 45.73
v -40.49 -215.25 45.73
v -40.49 -215.25 47.86
v -39.14 -215.98 47.86
v -40.49 -215.25 45.73
v -40.72 -215.68 45.73
v -40.72 -215.68 47.86
v -40.49 -215.25 47.86
v -40.49 -215.25 49.99
v -39.14 -215.98 49.99
v -39.38 -216.41 49.99
v -40.72 -215.68 49.99
v -40.72 -215.68 52.12
v -39.38 -216.41 52.12
v -39.14 -215.98 52.12
v -40.49 -215.25 52.12
v -40.72 -215.68 49.99
v -39.38 -216.41 49.99
v -39.38 -216.41 52.12
v -40.72 -215.68 52.12
v -39.38 -216.41 49.99
v -39.14 -215.98 49.99
v -39.14 -215.98 52.12
v -39.38 -216.41 52.12
v -39.14 -215.98 49.99
v -40.49 -215.25 49.99
v -40.49 -215.25 52.12
v -39.14 -215.98 52.12
v -40.49 -215.25 49.99
v -40.72 -215.68 49.99
v -40.72 -215.68 52.12
v -40.49 -215.25 52.12
v -37.52 -205.69 46.81
v -36.55 -206.22 46.81
v -36.79 -206.65 46.81
v -37.76 -206.12 46.81
v -37.76 -206.12 50.03
v -36.79 -206.65 50.03
v -36.55 -206.22 50.03
v -37.52 -205.69 50.03
v -37.76 -206.12 46.81
v -36.79 -206.65 46.81
v -36.79 -206.65 50.03
v -37.76 -206.12 50.03
v -36.79 -206.65 46.81
v -36.55 -206.22 46.81
v -36.55 -206.22 50.03
v -36.79 -206.65 50.03
v -36.55 -206.22 46.81
v -37.52 -205.69 46.81
v -37.52 -205.69 50.03
v -36.55 -206.22 50.03
v -37.52 -205.69 46.81
v -37.76 -206.12 46.81
v -37.76 -206.12 50.03
v -37.52 -205.69 50.03
v -37.52 -205.69 53.24
v -36.55 -206.22 53.24
v -36.79 -206.65 53.24
v -37.76 -206.12 53.24
v -37.76 -206.12 56.46
v -36.79 -206.65 56.46
v -36.55 -206.22 56.46
v -37.52 -205.69 56.46
v -37.76 -206.12 53.24
v -36.79 -206.65 53.24
v -36.79 -206.65 56.46
v -37.76 -206.12 56.46
v -36.79 -206.65 53.24
v -36.55 -206.22 53.24
v -36.55 -206.22 56.46
v -36.79 -206.65 56.46
v -36.55 -206.22 53.24
v -37.52 -205.69 53.24
v -37.52 -205.69 56.46
v -36.55 -206.22 56.46
v -37.52 -205.69 53.24
v -37.76 -206.12 53.24
v -37.76 -206.12 56.46
v -37.52 -205.69 56.46
v -35.32 -205.69 53.24
v -34.36 -206.22 53.24
v -34.59 -206.65 53.24
v -35.56 -206.12 53.24
v -35.56 -206.12 56.46
v -34.59 -206.65 56.46
v -34.36 -206.22 56.46
v -35.32 -205.69 56.46
v -35.56 -206.12 53.24
v -34.59 -206.65 53.24
v -34.59 -206.65 56.46
v -35.56 -206.12 56.46
v -34.59 -206.65 53.24
v -34.36 -206.22 53.24
v -34.36 -206.22 56.46
v -34.59 -206.65 56.46
v -34.36 -206.22 53.24
v -35.32 -205.69 53.24
v -35.32 -205.69 56.46
v -34.36 -206.22 56.46
v -35.32 -205.69 53.24
v -35.56 -206.12 53.24
v -35.56 -206.12 56.46
v -35.32 -205.69 56.46
v -19.29 -234.64 50.71
v -17.83 -235.15 50.71
v -17.99 -235.62 50.71
v -19.45 -235.10 50.71
v -19.45 -235.10 53.08
v -17.99 -235.62 53.08
v -17.83 -235.15 53.08
v -19.29 -234.64 53.08
v -19.45 -235.10 50.71
v -17.99 -235.62 50.71
v -17.99 -235.62 53.08
v -19.45 -235.10 53.08
v -17.99 -235.62 50.71
v -17.83 -235.15 50.71
v -17.83 -235.15 53.08
v -17.99 -235.62 53.08
v -17.83 -235.15 50.71
v -19.29 -234.64 50.71
v -19.29 -234.64 53.08
v -17.83 -235.15 53.08
v -19.29 -234.64 50.71
v -19.45 -235.10 50.71
v -19.45 -235.10 53.08
v -19.29 -234.64 53.08
v -12.58 -224.44 46.03
v -11.22 -224.92 46.03
v -11.39 -225.38 46.03
v -12.74 -224.91 46.03
v -12.74 -224.91 48.47
v -11.39 -225.38 48.47
v -11.22 -224.92 48.47
v -12.58 -224.44 48.47
v -12.74 -224.91 46.03
v -11.39 -225.38 46.03
v -11.39 -225.38 48.47
v -12.74 -224.91 48.47
v -11.39 -225.38 46.03
v -11.22 -224.92 46.03
v -11.22 -224.92 48.47
v -11.39 -225.38 48.47
v -11.22 -224.92 46.03
v -12.58 -224.44 46.03
v -12.58 -224.44 48.47
v -11.22 -224.92 48.47
v -12.58 -224.44 46.03
v -12.74 -224.91 46.03
v -12.74 -224.91 48.47
v -12.58 -224.44 48.47
v -15.46 -224.44 50.90
v -14.10 -224.92 50.90
v -14.26 -225.38 50.90
v -15.62 -224.91 50.90
v -15.62 -224.91 53.33
v -14.26 -225.38 53.33
v -14.10 -224.92 53.33
v -15.46 -224.44 53.33
v -15.62 -224.91 50.90
v -14.26 -225.38 50.90
v -14.26 -225.38 53.33
v -15.62 -224.91 53.33
v -14.26 -225.38 50.90
v -14.10 -224.92 50.90
v -14.10 -224.92 53.33
v -14.26 -225.38 53.33
v -14.10 -224.92 50.90
v -15.46 -224.44 50.90
v -15.46 -224.44 53.33
v -14.10 -224.92 53.33
v -15.46 -224.44 50.90
v -15.62 -224.91 50.90
v -15.62 -224.91 53.33
v -15.46 -224.44 53.33
v -12.58 -224.44 50.90
v -11.22 -224.92 50.90
v -11.39 -225.38 50.90
v -12.74 -224.91 50.90
v -12.74 -224.91 53.33
v -11.39 -225.38 53.33
v -11.22 -224.92 53.33
v -12.58 -224.44 53.33
v -12.74 -224.91 50.90
v -11.39 -225.38 50.90
v -11.39 -225.38 53.33
v -12.74 -224.91 53.33
v -11.39 -225.38 50.90
v -11.22 -224.92 50.90
v -11.22 -224.92 53.33
v -11.39 -225.38 53.33
v -11.22 -224.92 50.90
v -12.58 -224.44 50.90
v -12.58 -224.44 53.33
v -11.22 -224.92 53.33
v -12.58 -224.44 50.90
v -12.74 -224.91 50.90
v -12.74 -224.91 53.33
v -12.58 -224.44 53.33
v -11.24 -213.99 46.64
v -10.23 -214.35 46.64
v -10.40 -214.81 46.64
v -11.41 -214.46 46.64
v -11.41 -214.46 49.68
v -10.40 -214.81 49.68
v -10.23 -214.35 49.68
v -11.24 -213.99 49.68
v -11.41 -214.46 46.64
v -10.40 -214.81 46.64
v -10.40 -214.81 49.68
v -11.41 -214.46 49.68
v -10.40 -214.81 46.64
v -10.23 -214.35 46.64
v -10.23 -214.35 49.68
v -10.40 -214.81 49.68
v -10.23 -214.35 46.64
v -11.24 -213.99 46.64
v -11.24 -213.99 49.68
v -10.23 -214.35 49.68
v -11.24 -213.99 46.64
v -11.41 -214.46 46.64
v -11.41 -214.46 49.68
v -11.24 -213.99 49.68
v -9.10 -213.99 52.72
v -8.09 -214.35 52.72
v -8.26 -214.81 52.72
v -9.27 -214.46 52.72
v -9.27 -214.46 55.77
v -8.26 -214.81 55.77
v -8.09 -214.35 55.77
v -9.10 -213.99 55.77
v -9.27 -214.46 52.72
v -8.26 -214.81 52.72
v -8.26 -214.81 55.77
v -9.27 -214.46 55.77
v -8.26 -214.81 52.72
v -8.09 -214.35 52.72
v -8.09 -214.35 55.77
v -8.26 -214.81 55.77
v -8.09 -214.35 52.72
v -9.10 -213.99 52.72
v -9.10 -213.99 55.77
v -8.09 -214.35 55.77
v -9.10 -213.99 52.72
v -9.27 -214.46 52.72
v -9.27 -214.46 55.77
v -9.10 -213.99 55.77
v 11.70 -243.78 45.34
v 13.03 -244.01 45.34
v 12.95 -244.49 45.34
v 11.62 -244.26 45.34
v 11.62 -244.26 47.07
v 12.95 -244.49 47.07
v 13.03 -244.01 47.07
v 11.70 -243.78 47.07
v 11.62 -244.26 45.34
v 12.95 -244.49 45.34
v 12.95 -244.49 47.07
v 11.62 -244.26 47.07
v 12.95 -244.49 45.34
v 13.03 -244.01 45.34
v 13.03 -244.01 47.07
v 12.95 -244.49 47.07
v 13.03 -244.01 45.34
v 11.70 -243.78 45.34
v 11.70 -243.78 47.07
v 13.03 -244.01 47.07
v 11.70 -243.78 45.34
v 11.62 -244.26 45.34
v 11.62 -244.26 47.07
v 11.70 -243.78 47.07
v 14.40 -243.78 45.34
v 15.73 -244.01 45.34
v 15.65 -244.49 45.34
v 14.32 -244.26 45.34
v 14.32 -244.26 47.07
v 15.65 -244.49 47.07
v 15.73 -244.01 47.07
v 14.40 -243.78 47.07
v 14.32 -244.26 45.34
v 15.65 -244.49 45.34
v 15.65 -244.49 47.07
v 14.32 -244.26 47.07
v 15.65 -244.49 45.34
v 15.73 -244.01 45.34
v 15.73 -244.01 47.07
v 15.65 -244.49 47.07
v 15.73 -244.01 45.34
v 14.40 -243.78 45.34
v 14.40 -243.78 47.07
v 15.73 -244.01 47.07
v 14.40 -243.78 45.34
v 14.32 -244.26 45.34
v 14.32 -244.26 47.07
v 14.40 -243.78 47.07
v 11.70 -243.78 48.81
v 13.03 -244.01 48.81
v 12.95 -244.49 48.81
v 11.62 -244.26 48.81
v 11.62 -244.26 50.55
v 12.95 -244.49 50.55
v 13.03 -244.01 50.55
v 11.70 -243.78 50.55
v 11.62 -244.26 48.81
v 12.95 -244.49 48.81
v 12.95 -244.49 50.55
v 11.62 -244.26 50.55
v 12.95 -244.49 48.81
v 13.03 -244.01 48.81
v 13.03 -244.01 50.55
v 12.95 -244.49 50.55
v 13.03 -244.01 48.81
v 11.70 -243.78 48.81
v 11.70 -243.78 50.55
v 13.03 -244.01 50.55
v 11.70 -243.78 48.81
v 11.62 -244.26 48.81
v 11.62 -244.26 50.55
v 11.70 -243.78 50.55
v 13.71 -231.97 46.11
v 14.96 -232.19 46.11
v 14.87 -232.67 46.11
v 13.63 -232.46 46.11
v 13.63 -232.46 48.63
v 14.87 -232.67 48.63
v 14.96 -232.19 48.63
v 13.71 -231.97 48.63
v 13.63 -232.46 46.11
v 14.87 -232.67 46.11
v 14.87 -232.67 48.63
v 13.63 -232.46 48.63
v 14.87 -232.67 46.11
v 14.96 -232.19 46.11
v 14.96 -232.19 48.63
v 14.87 -232.67 48.63
v 14.96 -232.19 46.11
v 13.71 -231.97 46.11
v 13.71 -231.97 48.63
v 14.96 -232.19 48.63
v 13.71 -231.97 46.11
v 13.63 -232.46 46.11
v 13.63 -232.46 48.63
v 13.71 -231.97 48.63
v 16.24 -231.97 46.11
v 17.48 -232.19 46.11
v 17.40 -232.67 46.11
v 16.16 -232.46 46.11
v 16.16 -232.46 48.63
v 17.40 -232.67 48.63
v 17.48 -232.19 48.63
v 16.24 -231.97 48.63
v 16.16 -232.46 46.11
v 17.40 -232.67 46.11
v 17.40 -232.67 48.63
v 16.16 -232.46 48.63
v 17.40 -232.67 46.11
v 17.48 -232.19 46.11
v 17.48 -232.19 48.63
v 17.40 -232.67 48.63
v 17.48 -232.19 46.11
v 16.24 -231.97 46.11
v 16.24 -231.97 48.63
v 17.48 -232.19 48.63
v 16.24 -231.97 46.11
v 16.16 -232.46 46.11
v 16.16 -232.46 48.63
v 16.24 -231.97 48.63
v 13.71 -231.97 51.14
v 14.96 -232.19 51.14
v 14.87 -232.67 51.14
v 13.63 -232.46 51.14
v 13.63 -232.46 53.65
v 14.87 -232.67 53.65
v 14.96 -232.19 53.65
v 13.71 -231.97 53.65
v 13.63 -232.46 51.14
v 14.87 -232.67 51.14
v 14.87 -232.67 53.65
v 13.63 -232.46 53.65
v 14.87 -232.67 51.14
v 14.96 -232.19 51.14
v 14.96 -232.19 53.65
v 14.87 -232.67 53.65
v 14.96 -232.19 51.14
v 13.71 -231.97 51.14
v 13.71 -231.97 53.65
v 14.96 -232.19 53.65
v 13.71 -231.97 51.14
v 13.63 -232.46 51.14
v 13.63 -232.46 53.65
v 13.71 -231.97 53.65
v 16.24 -231.97 51.14
v 17.48 -232.19 51.14
v 17.40 -232.67 51.14
v 16.16 -232.46 51.14
v 16.16 -232.46 53.65
v 17.40 -232.67 53.65
v 17.48 -232.19 53.65
v 16.24 -231.97 53.65
v 16.16 -232.46 51.14
v 17.40 -232.67 51.14
v 17.40 -232.67 53.65
v 16.16 -232.46 53.65
v 17.40 -232.67 51.14
v 17.48 -232.19 51.14
v 17.48 -232.19 53.65
v 17.40 -232.67 53.65
v 17.48 -232.19 51.14
v 16.24 -231.97 51.14
v 16.24 -231.97 53.65
v 17.48 -232.19 53.65
v 16.24 -231.97 51.14
v 16.16 -232.46 51.14
v 16.16 -232.46 53.65
v 16.24 -231.97 53.65
v 18.16 -221.60 46.28
v 19.48 -221.83 46.28
v 19.39 -222.31 46.28
v 18.07 -222.09 46.28
v 18.07 -222.09 48.97
v 19.39 -222.31 48.97
v 19.48 -221.83 48.97
v 18.16 -221.60 48.97
v 18.07 -222.09 46.28
v 19.39 -222.31 46.28
v 19.39 -222.31 48.97
v 18.07 -222.09 48.97
v 19.39 -222.31 46.28
v 19.48 -221.83 46.28
v 19.48 -221.83 48.97
v 19.39 -222.31 48.97
v 19.48 -221.83 46.28
v 18.16 -221.60 46.28
v 18.16 -221.60 48.97
v 19.48 -221.83 48.97
v 18.16 -221.60 46.28
v 18.07 -222.09 46.28
v 18.07 -222.09 48.97
v 18.16 -221.60 48.97
v 43.87 -248.71 46.85
v 45.29 -248.71 46.85
v 45.29 -249.20 46.85
v 43.87 -249.20 46.85
v 43.87 -249.20 50.11
v 45.29 -249.20 50.11
v 45.29 -248.71 50.11
v 43.87 -248.71 50.11
v 43.87 -249.20 46.85
v 45.29 -249.20 46.85
v 45.29 -249.20 50.11
v 43.87 -249.20 50.11
v 45.29 -249.20 46.85
v 45.29 -248.71 46.85
v 45.29 -248.71 50.11
v 45.29 -249.20 50.11
v 45.29 -248.71 46.85
v 43.87 -248.71 46.85
v 43.87 -248.71 50.11
v 45.29 -248.71 50.11
v 43.87 -248.71 46.85
v 43.87 -249.20 46.85
v 43.87 -249.20 50.11
v 43.87 -248.71 50.11
v 46.71 -248.71 46.85
v 48.13 -248.71 46.85
v 48.13 -249.20 46.85
v 46.71 -249.20 46.85
v 46.71 -249.20 50.11
v 48.13 -249.20 50.11
v 48.13 -248.71 50.11
v 46.71 -248.71 50.11
v 46.71 -249.20 46.85
v 48.13 -249.20 46.85
v 48.13 -249.20 50.11
v 46.71 -249.20 50.11
v 48.13 -249.20 46.85
v 48.13 -248.71 46.85
v 48.13 -248.71 50.11
v 48.13 -249.20 50.11
v 48.13 -248.71 46.85
v 46.71 -248.71 46.85
v 46.71 -248.71 50.11
v 48.13 -248.71 50.11
v 46.71 -248.71 46.85
v 46.71 -249.20 46.85
v 46.71 -249.20 50.11
v 46.71 -248.71 50.11
v 46.71 -237.00 46.87
v 48.14 -237.00 46.87
v 48.14 -237.49 46.87
v 46.71 -237.49 46.87
v 46.71 -237.49 50.14
v 48.14 -237.49 50.14
v 48.14 -237.00 50.14
v 46.71 -237.00 50.14
v 46.71 -237.49 46.87
v 48.14 -237.49 46.87
v 48.14 -237.49 50.14
v 46.71 -237.49 50.14
v 48.14 -237.49 46.87
v 48.14 -237.00 46.87
v 48.14 -237.00 50.14
v 48.14 -237.49 50.14
v 48.14 -237.00 46.87
v 46.71 -237.00 46.87
v 46.71 -237.00 50.14
v 48.14 -237.00 50.14
v 46.71 -237.00 46.87
v 46.71 -237.49 46.87
v 46.71 -237.49 50.14
v 46.71 -237.00 50.14
v 46.71 -237.00 53.41
v 48.14 -237.00 53.41
v 48.14 -237.49 53.41
v 46.71 -237.49 53.41
v 46.71 -237.49 56.68
v 48.14 -237.49 56.68
v 48.14 -237.00 56.68
v 46.71 -237.00 56.68
v 46.71 -237.49 53.41
v 48.14 -237.49 53.41
v 48.14 -237.49 56.68
v 46.71 -237.49 56.68
v 48.14 -237.49 53.41
v 48.14 -237.00 53.41
v 48.14 -237.00 56.68
v 48.14 -237.49 56.68
v 48.14 -237.00 53.41
v 46.71 -237.00 53.41
v 46.71 -237.00 56.68
v 48.14 -237.00 56.68
v 46.71 -237.00 53.41
v 46.71 -237.49 53.41
v 46.71 -237.49 56.68
v 46.71 -237.00 56.68
v 43.66 -225.21 44.55
v 45.22 -225.21 44.55
v 45.22 -225.70 44.55
v 43.66 -225.70 44.55
v 43.66 -225.70 45.50
v 45.22 -225.70 45.50
v 45.22 -225.21 45.50
v 43.66 -225.21 45.50
v 43.66 -225.70 44.55
v 45.22 -225.70 44.55
v 45.22 -225.70 45.50
v 43.66 -225.70 45.50
v 45.22 -225.70 44.55
v 45.22 -225.21 44.55
v 45.22 -225.21 45.50
v 45.22 -225.70 45.50
v 45.22 -225.21 44.55
v 43.66 -225.21 44.55
v 43.66 -225.21 45.50
v 45.22 -225.21 45.50
v 43.66 -225.21 44.55
v 43.66 -225.70 44.55
v 43.66 -225.70 45.50
v 43.66 -225.21 45.50
v 46.78 -225.21 44.55
v 48.34 -225.21 44.55
v 48.34 -225.70 44.55
v 46.78 -225.70 44.55
v 46.78 -225.70 45.50
v 48.34 -225.70 45.50
v 48.34 -225.21 45.50
v 46.78 -225.21 45.50
v 46.78 -225.70 44.55
v 48.34 -225.70 44.55
v 48.34 -225.70 45.50
v 46.78 -225.70 45.50
v 48.34 -225.70 44.55
v 48.34 -225.21 44.55
v 48.34 -225.21 45.50
v 48.34 -225.70 45.50
v 48.34 -225.21 44.55
v 46.78 -225.21 44.55
v 46.78 -225.21 45.50
v 48.34 -225.21 45.50
v 46.78 -225.21 44.55
v 46.78 -225.70 44.55
v 46.78 -225.70 45.50
v 46.78 -225.21 45.50
v 43.66 -225.21 46.44
v 45.22 -225.21 46.44
v 45.22 -225.70 46.44
v 43.66 -225.70 46.44
v 43.66 -225.70 47.39
v 45.22 -225.70 47.39
v 45.22 -225.21 47.39
v 43.66 -225.21 47.39
v 43.66 -225.70 46.44
v 45.22 -225.70 46.44
v 45.22 -225.70 47.39
v 43.66 -225.70 47.39
v 45.22 -225.70 46.44
v 45.22 -225.21 46.44
v 45.22 -225.21 47.39
v 45.22 -225.70 47.39
v 45.22 -225.21 46.44
v 43.66 -225.21 46.44
v 43.66 -225.21 47.39
v 45.22 -225.21 47.39
v 43.66 -225.21 46.44
v 43.66 -225.70 46.44
v 43.66 -225.70 47.39
v 43.66 -225.21 47.39
v 46.78 -225.21 46.44
v 48.34 -225.21 46.44
v 48.34 -225.70 46.44
v 46.78 -225.70 46.44
v 46.78 -225.70 47.39
v 48.34 -225.70 47.39
v 48.34 -225.21 47.39
v 46.78 -225.21 47.39
v 46.78 -225.70 46.44
v 48.34 -225.70 46.44
v 48.34 -225.70 47.39
v 46.78 -225.70 47.39
v 48.34 -225.70 46.44
v 48.34 -225.21 46.44
v 48.34 -225.21 47.39
v 48.34 -225.70 47.39
v 48.34 -225.21 46.44
v 46.78 -225.21 46.44
v 46.78 -225.21 47.39
v 48.34 -225.21 47.39
v 46.78 -225.21 46.44
v 46.78 -225.70 46.44
v 46.78 -225.70 47.39
v 46.78 -225.21 47.39
v 76.78 -245.25 44.52
v 78.01 -245.04 44.52
v 78.09 -245.52 44.52
v 76.86 -245.73 44.52
v 76.86 -245.73 45.45
v 78.09 -245.52 45.45
v 78.01 -245.04 45.45
v 76.78 -245.25 45.45
v 76.86 -245.73 44.52
v 78.09 -245.52 44.52
v 78.09 -245.52 45.45
v 76.86 -245.73 45.45
v 78.09 -245.52 44.52
v 78.01 -245.04 44.52
v 78.01 -245.04 45.45
v 78.09 -245.52 45.45
v 78.01 -245.04 44.52
v 76.78 -245.25 44.52
v 76.78 -245.25 45.45
v 78.01 -245.04 45.45
v 76.78 -245.25 44.52
v 76.86 -245.73 44.52
v 76.86 -245.73 45.45
v 76.78 -245.25 45.45
v 79.27 -245.25 44.52
v 80.50 -245.04 44.52
v 80.58 -245.52 44.52
v 79.35 -245.73 44.52
v 79.35 -245.73 45.45
v 80.58 -245.52 45.45
v 80.50 -245.04 45.45
v 79.27 -245.25 45.45
v 79.35 -245.73 44.52
v 80.58 -245.52 44.52
v 80.58 -245.52 45.45
v 79.35 -245.73 45.45
v 80.58 -245.52 44.52
v 80.50 -245.04 44.52
v 80.50 -245.04 45.45
v 80.58 -245.52 45.45
v 80.50 -245.04 44.52
v 79.27 -245.25 44.52
v 79.27 -245.25 45.45
v 80.50 -245.04 45.45
v 79.27 -245.25 44.52
v 79.35 -245.73 44.52
v 79.35 -245.73 45.45
v 79.27 -245.25 45.45
v 79.27 -245.25 46.38
v 80.50 -245.04 46.38
v 80.58 -245.52 46.38
v 79.35 -245.73 46.38
v 79.35 -245.73 47.30
v 80.58 -245.52 47.30
v 80.50 -245.04 47.30
v 79.27 -245.25 47.30
v 79.35 -245.73 46.38
v 80.58 -245.52 46.38
v 80.58 -245.52 47.30
v 79.35 -245.73 47.30
v 80.58 -245.52 46.38
v 80.50 -245.04 46.38
v 80.50 -245.04 47.30
v 80.58 -245.52 47.30
v 80.50 -245.04 46.38
v 79.27 -245.25 46.38
v 79.27 -245.25 47.30
v 80.50 -245.04 47.30
v 79.27 -245.25 46.38
v 79.35 -245.73 46.38
v 79.35 -245.73 47.30
v 79.27 -245.25 47.30
v 75.08 -234.85 45.95
v 76.17 -234.66 45.95
v 76.25 -235.14 45.95
v 75.16 -235.33 45.95
v 75.16 -235.33 48.29
v 76.25 -235.14 48.29
v 76.17 -234.66 48.29
v 75.08 -234.85 48.29
v 75.16 -235.33 45.95
v 76.25 -235.14 45.95
v 76.25 -235.14 48.29
v 75.16 -235.33 48.29
v 76.25 -235.14 45.95
v 76.17 -234.66 45.95
v 76.17 -234.66 48.29
v 76.25 -235.14 48.29
v 76.17 -234.66 45.95
v 75.08 -234.85 45.95
v 75.08 -234.85 48.29
v 76.17 -234.66 48.29
v 75.08 -234.85 45.95
v 75.16 -235.33 45.95
v 75.16 -235.33 48.29
v 75.08 -234.85 48.29
v 75.08 -234.85 50.63
v 76.17 -234.66 50.63
v 76.25 -235.14 50.63
v 75.16 -235.33 50.63
v 75.16 -235.33 52.98
v 76.25 -235.14 52.98
v 76.17 -234.66 52.98
v 75.08 -234.85 52.98
v 75.16 -235.33 50.63
v 76.25 -235.14 50.63
v 76.25 -235.14 52.98
v 75.16 -235.33 52.98
v 76.25 -235.14 50.63
v 76.17 -234.66 50.63
v 76.17 -234.66 52.98
v 76.25 -235.14 52.98
v 76.17 -234.66 50.63
v 75.08 -234.85 50.63
v 75.08 -234.85 52.98
v 76.17 -234.66 52.98
v 75.08 -234.85 50.63
v 75.16 -235.33 50.63
v 75.16 -235.33 52.98
v 75.08 -234.85 52.98
v 77.30 -234.85 50.63
v 78.39 -234.66 50.63
v 78.48 -235.14 50.63
v 77.38 -235.33 50.63
v 77.38 -235.33 52.98
v 78.48 -235.14 52.98
v 78.39 -234.66 52.98
v 77.30 -234.85 52.98
v 77.38 -235.33 50.63
v 78.48 -235.14 50.63
v 78.48 -235.14 52.98
v 77.38 -235.33 52.98
v 78.48 -235.14 50.63
v 78.39 -234.66 50.63
v 78.39 -234.66 52.98
v 78.48 -235.14 52.98
v 78.39 -234.66 50.63
v 77.30 -234.85 50.63
v 77.30 -234.85 52.98
v 78.39 -234.66 52.98
v 77.30 -234.85 50.63
v 77.38 -235.33 50.63
v 77.38 -235.33 52.98
v 77.30 -234.85 52.98
v 72.45 -223.38 45.46
v 74.02 -223.11 45.46
v 74.11 -223.59 45.46
v 72.53 -223.86 45.46
v 72.53 -223.86 47.33
v 74.11 -223.59 47.33
v 74.02 -223.11 47.33
v 72.45 -223.38 47.33
v 72.53 -223.86 45.46
v 74.11 -223.59 45.46
v 74.11 -223.59 47.33
v 72.53 -223.86 47.33
v 74.11 -223.59 45.46
v 74.02 -223.11 45.46
v 74.02 -223.11 47.33
v 74.11 -223.59 47.33
v 74.02 -223.11 45.46
v 72.45 -223.38 45.46
v 72.45 -223.38 47.33
v 74.02 -223.11 47.33
v 72.45 -223.38 45.46
v 72.53 -223.86 45.46
v 72.53 -223.86 47.33
v 72.45 -223.38 47.33
v 75.64 -223.38 45.46
v 77.22 -223.11 45.46
v 77.30 -223.59 45.46
v 75.73 -223.86 45.46
v 75.73 -223.86 47.33
v 77.30 -223.59 47.33
v 77.22 -223.11 47.33
v 75.64 -223.38 47.33
v 75.73 -223.86 45.46
v 77.30 -223.59 45.46
v 77.30 -223.59 47.33
v 75.73 -223.86 47.33
v 77.30 -223.59 45.46
v 77.22 -223.11 45.46
v 77.22 -223.11 47.33
v 77.30 -223.59 47.33
v 77.22 -223.11 45.46
v 75.64 -223.38 45.46
v 75.64 -223.38 47.33
v 77.22 -223.11 47.33
v 75.64 -223.38 45.46
v 75.73 -223.86 45.46
v 75.73 -223.86 47.33
v 75.64 -223.38 47.33
v 75.64 -223.38 49.19
v 77.22 -223.11 49.19
v 77.30 -223.59 49.19
v 75.73 -223.86 49.19
v 75.73 -223.86 51.06
v 77.30 -223.59 51.06
v 77.22 -223.11 51.06
v 75.64 -223.38 51.06
v 75.73 -223.86 49.19
v 77.30 -223.59 49.19
v 77.30 -223.59 51.06
v 75.73 -223.86 51.06
v 77.30 -223.59 49.19
v 77.22 -223.11 49.19
v 77.22 -223.11 51.06
v 77.30 -223.59 51.06
v 77.22 -223.11 49.19
v 75.64 -223.38 49.19
v 75.64 -223.38 51.06
v 77.22 -223.11 51.06
v 75.64 -223.38 49.19
v 75.73 -223.86 49.19
v 75.73 -223.86 51.06
v 75.64 -223.38 51.06
v 106.74 -235.32 45.26
v 108.21 -234.80 45.26
v 108.37 -235.27 45.26
v 106.90 -235.78 45.26
v 106.90 -235.78 46.93
v 108.37 -235.27 46.93
v 108.21 -234.80 46.93
v 106.74 -235.32 46.93
v 106.90 -235.78 45.26
v 108.37 -235.27 45.26
v 108.37 -235.27 46.93
v 106.90 -235.78 46.93
v 108.37 -235.27 45.26
v 108.21 -234.80 45.26
v 108.21 -234.80 46.93
v 108.37 -235.27 46.93
v 108.21 -234.80 45.26
v 106.74 -235.32 45.26
v 106.74 -235.32 46.93
v 108.21 -234.80 46.93
v 106.74 -235.32 45.26
v 106.90 -235.78 45.26
v 106.90 -235.78 46.93
v 106.74 -235.32 46.93
v 106.74 -235.32 48.59
v 108.21 -234.80 48.59
v 108.37 -235.27 48.59
v 106.90 -235.78 48.59
v 106.90 -235.78 50.25
v 108.37 -235.27 50.25
v 108.21 -234.80 50.25
v 106.74 -235.32 50.25
v 106.90 -235.78 48.59
v 108.37 -235.27 48.59
v 108.37 -235.27 50.25
v 106.90 -235.78 50.25
v 108.37 -235.27 48.59
v 108.21 -234.80 48.59
v 108.21 -234.80 50.25
v 108.37 -235.27 50.25
v 108.21 -234.80 48.59
v 106.74 -235.32 48.59
v 106.74 -235.32 50.25
v 108.21 -234.80 50.25
v 106.74 -235.32 48.59
v 106.90 -235.78 48.59
v 106.90 -235.78 50.25
v 106.74 -235.32 50.25
v 109.86 -235.32 48.59
v 111.34 -234.80 48.59
v 111.50 -235.27 48.59
v 110.03 -235.78 48.59
v 110.03 -235.78 50.25
v 111.50 -235.27 50.25
v 111.34 -234.80 50.25
v 109.86 -235.32 50.25
v 110.03 -235.78 48.59
v 111.50 -235.27 48.59
v 111.50 -235.27 50.25
v 110.03 -235.78 50.25
v 111.50 -235.27 48.59
v 111.34 -234.80 48.59
v 111.34 -234.80 50.25
v 111.50 -235.27 50.25
v 111.34 -234.80 48.59
v 109.86 -235.32 48.59
v 109.86 -235.32 50.25
v 111.34 -234.80 50.25
v 109.86 -235.32 48.59
v 110.03 -235.78 48.59
v 110.03 -235.78 50.25
v 109.86 -235.32 50.25
v 102.40 -214.82 45.36
v 103.67 -214.37 45.36
v 103.84 -214.84 45.36
v 102.56 -215.28 45.36
v 102.56 -215.28 47.13
v 103.84 -214.84 47.13
v 103.67 -214.37 47.13
v 102.40 -214.82 47.13
v 102.56 -215.28 45.36
v 103.84 -214.84 45.36
v 103.84 -214.84 47.13
v 102.56 -215.28 47.13
v 103.84 -214.84 45.36
v 103.67 -214.37 45.36
v 103.67 -214.37 47.13
v 103.84 -214.84 47.13
v 103.67 -214.37 45.36
v 102.40 -214.82 45.36
v 102.40 -214.82 47.13
v 103.67 -214.37 47.13
v 102.40 -214.82 45.36
v 102.56 -215.28 45.36
v 102.56 -215.28 47.13
v 102.40 -214.82 47.13
v 133.90 -220.96 49.88
v 135.05 -220.33 49.88
v 135.29 -220.76 49.88
v 134.13 -221.39 49.88
v 134.13 -221.39 51.97
v 135.29 -220.76 51.97
v 135.05 -220.33 51.97
v 133.90 -220.96 51.97
v 134.13 -221.39 49.88
v 135.29 -220.76 49.88
v 135.29 -220.76 51.97
v 134.13 -221.39 51.97
v 135.29 -220.76 49.88
v 135.05 -220.33 49.88
v 135.05 -220.33 51.97
v 135.29 -220.76 51.97
v 135.05 -220.33 49.88
v 133.90 -220.96 49.88
v 133.90 -220.96 51.97
v 135.05 -220.33 51.97
v 133.90 -220.96 49.88
v 134.13 -221.39 49.88
v 134.13 -221.39 51.97
v 133.90 -220.96 51.97
v 136.52 -220.96 49.88
v 137.67 -220.33 49.88
v 137.91 -220.76 49.88
v 136.76 -221.39 49.88
v 136.76 -221.39 51.97
v 137.91 -220.76 51.97
v 137.67 -220.33 51.97
v 136.52 -220.96 51.97
v 136.76 -221.39 49.88
v 137.91 -220.76 49.88
v 137.91 -220.76 51.97
v 136.76 -221.39 51.97
v 137.91 -220.76 49.88
v 137.67 -220.33 49.88
v 137.67 -220.33 51.97
v 137.91 -220.76 51.97
v 137.67 -220.33 49.88
v 136.52 -220.96 49.88
v 136.52 -220.96 51.97
v 137.67 -220.33 51.97
v 136.52 -220.96 49.88
v 136.76 -221.39 49.88
v 136.76 -221.39 51.97
v 136.52 -220.96 51.97
v 128.86 -210.73 46.25
v 129.89 -210.16 46.25
v 130.13 -210.59 46.25
v 129.09 -211.16 46.25
v 129.09 -211.16 48.90
v 130.13 -210.59 48.90
v 129.89 -210.16 48.90
v 128.86 -210.73 48.90
v 129.09 -211.16 46.25
v 130.13 -210.59 46.25
v 130.13 -210.59 48.90
v 129.09 -211.16 48.90
v 130.13 -210.59 46.25
v 129.89 -210.16 46.25
v 129.89 -210.16 48.90
v 130.13 -210.59 48.90
v 129.89 -210.16 46.25
v 128.86 -210.73 46.25
v 128.86 -210.73 48.90
v 129.89 -210.16 48.90
v 128.86 -210.73 46.25
v 129.09 -211.16 46.25
v 129.09 -211.16 48.90
v 128.86 -210.73 48.90
v 131.22 -210.73 46.25
v 132.25 -210.16 46.25
v 132.49 -210.59 46.25
v 131.45 -211.16 46.25
v 131.45 -211.16 48.90
v 132.49 -210.59 48.90
v 132.25 -210.16 48.90
v 131.22 -210.73 48.90
v 131.45 -211.16 46.25
v 132.49 -210.59 46.25
v 132.49 -210.59 48.90
v 131.45 -211.16 48.90
v 132.49 -210.59 46.25
v 132.25 -210.16 46.25
v 132.25 -210.16 48.90
v 132.49 -210.59 48.90
v 132.25 -210.16 46.25
v 131.22 -210.73 46.25
v 131.22 -210.73 48.90
v 132.25 -210.16 48.90
v 131.22 -210.73 46.25
v 131.45 -211.16 46.25
v 131.45 -211.16 48.90
v 131.22 -210.73 48.90
v 128.86 -210.73 51.55
v 129.89 -210.16 51.55
v 130.13 -210.59 51.55
v 129.09 -211.16 51.55
v 129.09 -211.16 54.20
v 130.13 -210.59 54.20
v 129.89 -210.16 54.20
v 128.86 -210.73 54.20
v 129.09 -211.16 51.55
v 130.13 -210.59 51.55
v 130.13 -210.59 54.20
v 129.09 -211.16 54.20
v 130.13 -210.59 51.55
v 129.89 -210.16 51.55
v 129.89 -210.16 54.20
v 130.13 -210.59 54.20
v 129.89 -210.16 51.55
v 128.86 -210.73 51.55
v 128.86 -210.73 54.20
v 129.89 -210.16 54.20
v 128.86 -210.73 51.55
v 129.09 -211.16 51.55
v 129.09 -211.16 54.20
v 128.86 -210.73 54.20
v 126.17 -200.99 45.43
v 127.50 -200.27 45.43
v 127.73 -200.70 45.43
v 126.41 -201.42 45.43
v 126.41 -201.42 47.27
v 127.73 -200.70 47.27
v 127.50 -200.27 47.27
v 126.17 -200.99 47.27
v 126.41 -201.42 45.43
v 127.73 -200.70 45.43
v 127.73 -200.70 47.27
v 126.41 -201.42 47.27
v 127.73 -200.70 45.43
v 127.50 -200.27 45.43
v 127.50 -200.27 47.27
v 127.73 -200.70 47.27
v 127.50 -200.27 45.43
v 126.17 -200.99 45.43
v 126.17 -200.99 47.27
v 127.50 -200.27 47.27
v 126.17 -200.99 45.43
v 126.41 -201.42 45.43
v 126.41 -201.42 47.27
v 126.17 -200.99 47.27
v 123.14 -200.99 49.10
v 124.47 -200.27 49.10
v 124.71 -200.70 49.10
v 123.38 -201.42 49.10
v 123.38 -201.42 50.94
v 124.71 -200.70 50.94
v 124.47 -200.27 50.94
v 123.14 -200.99 50.94
v 123.38 -201.42 49.10
v 124.71 -200.70 49.10
v 124.71 -200.70 50.94
v 123.38 -201.42 50.94
v 124.71 -200.70 49.10
v 124.47 -200.27 49.10
v 124.47 -200.27 50.94
v 124.71 -200.70 50.94
v 124.47 -200.27 49.10
v 123.14 -200.99 49.10
v 123.14 -200.99 50.94
v 124.47 -200.27 50.94
v 123.14 -200.99 49.10
v 123.38 -201.42 49.10
v 123.38 -201.42 50.94
v 123.14 -200.99 50.94
v 158.55 -204.88 49.68
v 159.46 -204.18 49.68
v 159.76 -204.57 49.68
v 158.85 -205.27 49.68
v 158.85 -205.27 51.71
v 159.76 -204.57 51.71
v 159.46 -204.18 51.71
v 158.55 -204.88 51.71
v 158.85 -205.27 49.68
v 159.76 -204.57 49.68
v 159.76 -204.57 51.71
v 158.85 -205.27 51.71
v 159.76 -204.57 49.68
v 159.46 -204.18 49.68
v 159.46 -204.18 51.71
v 159.76 -204.57 51.71
v 159.46 -204.18 49.68
v 158.55 -204.88 49.68
v 158.55 -204.88 51.71
v 159.46 -204.18 51.71
v 158.55 -204.88 49.68
v 158.85 -205.27 49.68
v 158.85 -205.27 51.71
v 158.55 -204.88 51.71
v 160.85 -204.88 49.68
v 161.76 -204.18 49.68
v 162.06 -204.57 49.68
v 161.15 -205.27 49.68
v 161.15 -205.27 51.71
v 162.06 -204.57 51.71
v 161.76 -204.18 51.71
v 160.85 -204.88 51.71
v 161.15 -205.27 49.68
v 162.06 -204.57 49.68
v 162.06 -204.57 51.71
v 161.15 -205.27 51.71
v 162.06 -204.57 49.68
v 161.76 -204.18 49.68
v 161.76 -204.18 51.71
v 162.06 -204.57 51.71
v 161.76 -204.18 49.68
v 160.85 -204.88 49.68
v 160.85 -204.88 51.71
v 161.76 -204.18 51.71
v 160.85 -204.88 49.68
v 161.15 -205.27 49.68
v 161.15 -205.27 51.71
v 160.85 -204.88 51.71
v 154.22 -196.42 45.24
v 155.16 -195.69 45.24
v 155.46 -196.08 45.24
v 154.52 -196.81 45.24
v 154.52 -196.81 46.88
v 155.46 -196.08 46.88
v 155.16 -195.69 46.88
v 154.22 -196.42 46.88
v 154.52 -196.81 45.24
v 155.46 -196.08 45.24
v 155.46 -196.08 46.88
v 154.52 -196.81 46.88
v 155.46 -196.08 45.24
v 155.16 -195.69 45.24
v 155.16 -195.69 46.88
v 155.46 -196.08 46.88
v 155.16 -195.69 45.24
v 154.22 -196.42 45.24
v 154.22 -196.42 46.88
v 155.16 -195.69 46.88
v 154.22 -196.42 45.24
v 154.52 -196.81 45.24
v 154.52 -196.81 46.88
v 154.22 -196.42 46.88
v 151.84 -196.42 48.52
v 152.78 -195.69 48.52
v 153.08 -196.08 48.52
v 152.14 -196.81 48.52
v 152.14 -196.81 50.16
v 153.08 -196.08 50.16
v 152.78 -195.69 50.16
v 151.84 -196.42 50.16
v 152.14 -196.81 48.52
v 153.08 -196.08 48.52
v 153.08 -196.08 50.16
v 152.14 -196.81 50.16
v 153.08 -196.08 48.52
v 152.78 -195.69 48.52
v 152.78 -195.69 50.16
v 153.08 -196.08 50.16
v 152.78 -195.69 48.52
v 151.84 -196.42 48.52
v 151.84 -196.42 50.16
v 152.78 -195.69 50.16
v 151.84 -196.42 48.52
v 152.14 -196.81 48.52
v 152.14 -196.81 50.16
v 151.84 -196.42 50.16
v 154.22 -196.42 48.52
v 155.16 -195.69 48.52
v 155.46 -196.08 48.52
v 154.52 -196.81 48.52
v 154.52 -196.81 50.16
v 155.46 -196.08 50.16
v 155.16 -195.69 50.16
v 154.22 -196.42 50.16
v 154.52 -196.81 48.52
v 155.46 -196.08 48.52
v 155.46 -196.08 50.16
v 154.52 -196.81 50.16
v 155.46 -196.08 48.52
v 155.16 -195.69 48.52
v 155.16 -195.69 50.16
v 155.46 -196.08 50.16
v 155.16 -195.69 48.52
v 154.22 -196.42 48.52
v 154.22 -196.42 50.16
v 155.16 -195.69 50.16
v 154.22 -196.42 48.52
v 154.52 -196.81 48.52
v 154.52 -196.81 50.16
v 154.22 -196.42 50.16
v 145.02 -187.78 45.60
v 146.06 -186.98 45.60
v 146.36 -187.37 45.60
v 145.32 -188.17 45.60
v 145.32 -188.17 47.59
v 146.36 -187.37 47.59
v 146.06 -186.98 47.59
v 145.02 -187.78 47.59
v 145.32 -188.17 45.60
v 146.36 -187.37 45.60
v 146.36 -187.37 47.59
v 145.32 -188.17 47.59
v 146.36 -187.37 45.60
v 146.06 -186.98 45.60
v 146.06 -186.98 47.59
v 146.36 -187.37 47.59
v 146.06 -186.98 45.60
v 145.02 -187.78 45.60
v 145.02 -187.78 47.59
v 146.06 -186.98 47.59
v 145.02 -187.78 45.60
v 145.32 -188.17 45.60
v 145.32 -188.17 47.59
v 145.02 -187.78 47.59
v 147.64 -187.78 45.60
v 148.67 -186.98 45.60
v 148.97 -187.37 45.60
v 147.94 -188.17 45.60
v 147.94 -188.17 47.59
v 148.97 -187.37 47.59
v 148.67 -186.98 47.59
v 147.64 -187.78 47.59
v 147.94 -188.17 45.60
v 148.97 -187.37 45.60
v 148.97 -187.37 47.59
v 147.94 -188.17 47.59
v 148.97 -187.37 45.60
v 148.67 -186.98 45.60
v 148.67 -186.98 47.59
v 148.97 -187.37 47.59
v 148.67 -186.98 45.60
v 147.64 -187.78 45.60
v 147.64 -187.78 47.59
v 148.67 -186.98 47.59
v 147.64 -187.78 45.60
v 147.94 -188.17 45.60
v 147.94 -188.17 47.59
v 147.64 -187.78 47.59
v 145.02 -187.78 49.59
v 146.06 -186.98 49.59
v 146.36 -187.37 49.59
v 145.32 -188.17 49.59
v 145.32 -188.17 51.59
v 146.36 -187.37 51.59
v 146.06 -186.98 51.59
v 145.02 -187.78 51.59
v 145.32 -188.17 49.59
v 146.36 -187.37 49.59
v 146.36 -187.37 51.59
v 145.32 -188.17 51.59
v 146.36 -187.37 49.59
v 146.06 -186.98 49.59
v 146.06 -186.98 51.59
v 146.36 -187.37 51.59
v 146.06 -186.98 49.59
v 145.02 -187.78 49.59
v 145.02 -187.78 51.59
v 146.06 -186.98 51.59
v 145.02 -187.78 49.59
v 145.32 -188.17 49.59
v 145.32 -188.17 51.59
v 145.02 -187.78 51.59
v 147.64 -187.78 49.59
v 148.67 -186.98 49.59
v 148.97 -187.37 49.59
v 147.94 -188.17 49.59
v 147.94 -188.17 51.59
v 148.97 -187.37 51.59
v 148.67 -186.98 51.59
v 147.64 -187.78 51.59
v 147.94 -188.17 49.59
v 148.97 -187.37 49.59
v 148.97 -187.37 51.59
v 147.94 -188.17 51.59
v 148.97 -187.37 49.59
v 148.67 -186.98 49.59
v 148.67 -186.98 51.59
v 148.97 -187.37 51.59
v 148.67 -186.98 49.59
v 147.64 -187.78 49.59
v 147.64 -187.78 51.59
v 148.67 -186.98 51.59
v 147.64 -187.78 49.59
v 147.94 -188.17 49.59
v 147.94 -188.17 51.59
v 147.64 -187.78 51.59
v 174.08 -181.80 48.69
v 175.24 -180.61 48.69
v 175.59 -180.95 48.69
v 174.44 -182.14 48.69
v 174.44 -182.14 50.39
v 175.59 -180.95 50.39
v 175.24 -180.61 50.39
v 174.08 -181.80 50.39
v 175.24 -180.61 48.69
v 174.08 -181.80 48.69
v 174.08 -181.80 50.39
v 175.24 -180.61 50.39
v 174.08 -181.80 48.69
v 174.44 -182.14 48.69
v 174.44 -182.14 50.39
v 174.08 -181.80 50.39
v 169.14 -173.74 47.70
v 170.09 -172.76 47.70
v 170.44 -173.10 47.70
v 169.49 -174.08 47.70
v 169.49 -174.08 49.07
v 170.44 -173.10 49.07
v 170.09 -172.76 49.07
v 169.14 -173.74 49.07
v 169.49 -174.08 47.70
v 170.44 -173.10 47.70
v 170.44 -173.10 49.07
v 169.49 -174.08 49.07
v 170.44 -173.10 47.70
v 170.09 -172.76 47.70
v 170.09 -172.76 49.07
v 170.44 -173.10 49.07
v 170.09 -172.76 47.70
v 169.14 -173.74 47.70
v 169.14 -173.74 49.07
v 170.09 -172.76 49.07
v 169.14 -173.74 47.70
v 169.49 -174.08 47.70
v 169.49 -174.08 49.07
v 169.14 -173.74 49.07
v -190.48 36.79 32.97
v -190.93 35.62 32.97
v -191.39 35.80 32.97
v -190.94 36.97 32.97
v -190.94 36.97 34.34
v -191.39 35.80 34.34
v -190.93 35.62 34.34
v -190.48 36.79 34.34
v -190.94 36.97 32.97
v -191.39 35.80 32.97
v -191.39 35.80 34.34
v -190.94 36.97 34.34
v -191.39 35.80 32.97
v -190.93 35.62 32.97
v -190.93 35.62 34.34
v -191.39 35.80 34.34
v -190.93 35.62 32.97
v -190.48 36.79 32.97
v -190.48 36.79 34.34
v -190.93 35.62 34.34
v -190.48 36.79 32.97
v -190.94 36.97 32.97
v -190.94 36.97 34.34
v -190.48 36.79 34.34
v -187.98 36.79 32.97
v -188.43 35.62 32.97
v -188.89 35.80 32.97
v -188.44 36.97 32.97
v -188.44 36.97 34.34
v -188.89 35.80 34.34
v -188.43 35.62 34.34
v -187.98 36.79 34.34
v -188.44 36.97 32.97
v -188.89 35.80 32.97
v -188.89 35.80 34.34
v -188.44 36.97 34.34
v -188.89 35.80 32.97
v -188.43 35.62 32.97
v -188.43 35.62 34.34
v -188.89 35.80 34.34
v -188.43 35.62 32.97
v -187.98 36.79 32.97
v -187.98 36.79 34.34
v -188.43 35.62 34.34
v -187.98 36.79 32.97
v -188.44 36.97 32.97
v -188.44 36.97 34.34
v -187.98 36.79 34.34
v -190.48 36.79 35.71
v -190.93 35.62 35.71
v -191.39 35.80 35.71
v -190.94 36.97 35.71
v -190.94 36.97 37.08
v -191.39 35.80 37.08
v -190.93 35.62 37.08
v -190.48 36.79 37.08
v -190.94 36.97 35.71
v -191.39 35.80 35.71
v -191.39 35.80 37.08
v -190.94 36.97 37.08
v -191.39 35.80 35.71
v -190.93 35.62 35.71
v -190.93 35.62 37.08
v -191.39 35.80 37.08
v -190.93 35.62 35.71
v -190.48 36.79 35.71
v -190.48 36.79 37.08
v -190.93 35.62 37.08
v -190.48 36.79 35.71
v -190.94 36.97 35.71
v -190.94 36.97 37.08
v -190.48 36.79 37.08
v -187.98 36.79 35.71
v -188.43 35.62 35.71
v -188.89 35.80 35.71
v -188.44 36.97 35.71
v -188.44 36.97 37.08
v -188.89 35.80 37.08
v -188.43 35.62 37.08
v -187.98 36.79 37.08
v -188.44 36.97 35.71
v -188.89 35.80 35.71
v -188.89 35.80 37.08
v -188.44 36.97 37.08
v -188.89 35.80 35.71
v -188.43 35.62 35.71
v -188.43 35.62 37.08
v -188.89 35.80 37.08
v -188.43 35.62 35.71
v -187.98 36.79 35.71
v -187.98 36.79 37.08
v -188.43 35.62 37.08
v -187.98 36.79 35.71
v -188.44 36.97 35.71
v -188.44 36.97 37.08
v -187.98 36.79 37.08
v -177.59 30.56 32.77
v -178.00 29.52 32.77
v -178.45 29.69 32.77
v -178.05 30.74 32.77
v -178.05 30.74 33.94
v -178.45 29.69 33.94
v -178.00 29.52 33.94
v -177.59 30.56 33.94
v -178.05 30.74 32.77
v -178.45 29.69 32.77
v -178.45 29.69 33.94
v -178.05 30.74 33.94
v -178.45 29.69 32.77
v -178.00 29.52 32.77
v -178.00 29.52 33.94
v -178.45 29.69 33.94
v -178.00 29.52 32.77
v -177.59 30.56 32.77
v -177.59 30.56 33.94
v -178.00 29.52 33.94
v -177.59 30.56 32.77
v -178.05 30.74 32.77
v -178.05 30.74 33.94
v -177.59 30.56 33.94
v -175.34 30.56 32.77
v -175.75 29.52 32.77
v -176.21 29.69 32.77
v -175.80 30.74 32.77
v -175.80 30.74 33.94
v -176.21 29.69 33.94
v -175.75 29.52 33.94
v -175.34 30.56 33.94
v -175.80 30.74 32.77
v -176.21 29.69 32.77
v -176.21 29.69 33.94
v -175.80 30.74 33.94
v -176.21 29.69 32.77
v -175.75 29.52 32.77
v -175.75 29.52 33.94
v -176.21 29.69 33.94
v -175.75 29.52 32.77
v -175.34 30.56 32.77
v -175.34 30.56 33.94
v -175.75 29.52 33.94
v -175.34 30.56 32.77
v -175.80 30.74 32.77
v -175.80 30.74 33.94
v -175.34 30.56 33.94
v -175.34 30.56 35.11
v -175.75 29.52 35.11
v -176.21 29.69 35.11
v -175.80 30.74 35.11
v -175.80 30.74 36.28
v -176.21 29.69 36.28
v -175.75 29.52 36.28
v -175.34 30.56 36.28
v -175.80 30.74 35.11
v -176.21 29.69 35.11
v -176.21 29.69 36.28
v -175.80 30.74 36.28
v -176.21 29.69 35.11
v -175.75 29.52 35.11
v -175.75 29.52 36.28
v -176.21 29.69 36.28
v -175.75 29.52 35.11
v -175.34 30.56 35.11
v -175.34 30.56 36.28
v -175.75 29.52 36.28
v -175.34 30.56 35.11
v -175.80 30.74 35.11
v -175.80 30.74 36.28
v -175.34 30.56 36.28
v -204.70 10.00 32.69
v -205.04 8.62 32.69
v -205.52 8.74 32.69
v -205.17 10.12 32.69
v -205.17 10.12 33.77
v -205.52 8.74 33.77
v -205.04 8.62 33.77
v -204.70 10.00 33.77
v -205.17 10.12 32.69
v -205.52 8.74 32.69
v -205.52 8.74 33.77
v -205.17 10.12 33.77
v -205.52 8.74 32.69
v -205.04 8.62 32.69
v -205.04 8.62 33.77
v -205.52 8.74 33.77
v -205.04 8.62 32.69
v -204.70 10.00 32.69
v -204.70 10.00 33.77
v -205.04 8.62 33.77
v -204.70 10.00 32.69
v -205.17 10.12 32.69
v -205.17 10.12 33.77
v -204.70 10.00 33.77
v -201.85 10.00 32.69
v -202.19 8.62 32.69
v -202.67 8.74 32.69
v -202.32 10.12 32.69
v -202.32 10.12 33.77
v -202.67 8.74 33.77
v -202.19 8.62 33.77
v -201.85 10.00 33.77
v -202.32 10.12 32.69
v -202.67 8.74 32.69
v -202.67 8.74 33.77
v -202.32 10.12 33.77
v -202.67 8.74 32.69
v -202.19 8.62 32.69
v -202.19 8.62 33.77
v -202.67 8.74 33.77
v -202.19 8.62 32.69
v -201.85 10.00 32.69
v -201.85 10.00 33.77
v -202.19 8.62 33.77
v -201.85 10.00 32.69
v -202.32 10.12 32.69
v -202.32 10.12 33.77
v -201.85 10.00 33.77
v -204.70 10.00 34.86
v -205.04 8.62 34.86
v -205.52 8.74 34.86
v -205.17 10.12 34.86
v -205.17 10.12 35.95
v -205.52 8.74 35.95
v -205.04 8.62 35.95
v -204.70 10.00 35.95
v -205.17 10.12 34.86
v -205.52 8.74 34.86
v -205.52 8.74 35.95
v -205.17 10.12 35.95
v -205.52 8.74 34.86
v -205.04 8.62 34.86
v -205.04 8.62 35.95
v -205.52 8.74 35.95
v -205.04 8.62 34.86
v -204.70 10.00 34.86
v -204.70 10.00 35.95
v -205.04 8.62 35.95
v -204.70 10.00 34.86
v -205.17 10.12 34.86
v -205.17 10.12 35.95
v -204.70 10.00 35.95
v -201.85 10.00 34.86
v -202.19 8.62 34.86
v -202.67 8.74 34.86
v -202.32 10.12 34.86
v -202.32 10.12 35.95
v -202.67 8.74 35.95
v -202.19 8.62 35.95
v -201.85 10.00 35.95
v -202.32 10.12 34.86
v -202.67 8.74 34.86
v -202.67 8.74 35.95
v -202.32 10.12 35.95
v -202.67 8.74 34.86
v -202.19 8.62 34.86
v -202.19 8.62 35.95
v -202.67 8.74 35.95
v -202.19 8.62 34.86
v -201.85 10.00 34.86
v -201.85 10.00 35.95
v -202.19 8.62 35.95
v -201.85 10.00 34.86
v -202.32 10.12 34.86
v -202.32 10.12 35.95
v -201.85 10.00 35.95
v -191.22 5.97 37.59
v -191.60 4.45 37.59
v -192.08 4.57 37.59
v -191.70 6.09 37.59
v -191.70 6.09 39.58
v -192.08 4.57 39.58
v -191.60 4.45 39.58
v -191.22 5.97 39.58
v -191.70 6.09 37.59
v -192.08 4.57 37.59
v -192.08 4.57 39.58
v -191.70 6.09 39.58
v -192.08 4.57 37.59
v -191.60 4.45 37.59
v -191.60 4.45 39.58
v -192.08 4.57 39.58
v -191.60 4.45 37.59
v -191.22 5.97 37.59
v -191.22 5.97 39.58
v -191.60 4.45 39.58
v -191.22 5.97 37.59
v -191.70 6.09 37.59
v -191.70 6.09 39.58
v -191.22 5.97 39.58
v -188.09 5.97 37.59
v -188.47 4.45 37.59
v -188.94 4.57 37.59
v -188.56 6.09 37.59
v -188.56 6.09 39.58
v -188.94 4.57 39.58
v -188.47 4.45 39.58
v -188.09 5.97 39.58
v -188.56 6.09 37.59
v -188.94 4.57 37.59
v -188.94 4.57 39.58
v -188.56 6.09 39.58
v -188.94 4.57 37.59
v -188.47 4.45 37.59
v -188.47 4.45 39.58
v -188.94 4.57 39.58
v -188.47 4.45 37.59
v -188.09 5.97 37.59
v -188.09 5.97 39.58
v -188.47 4.45 39.58
v -188.09 5.97 37.59
v -188.56 6.09 37.59
v -188.56 6.09 39.58
v -188.09 5.97 39.58
v -174.88 3.14 33.68
v -175.17 1.96 33.68
v -175.65 2.08 33.68
v -175.35 3.26 33.68
v -175.35 3.26 35.77
v -175.65 2.08 35.77
v -175.17 1.96 35.77
v -174.88 3.14 35.77
v -175.35 3.26 33.68
v -175.65 2.08 33.68
v -175.65 2.08 35.77
v -175.35 3.26 35.77
v -175.65 2.08 33.68
v -175.17 1.96 33.68
v -175.17 1.96 35.77
v -175.65 2.08 35.77
v -175.17 1.96 33.68
v -174.88 3.14 33.68
v -174.88 3.14 35.77
v -175.17 1.96 35.77
v -174.88 3.14 33.68
v -175.35 3.26 33.68
v -175.35 3.26 35.77
v -174.88 3.14 35.77
v -211.88 -18.96 32.46
v -212.05 -20.32 32.46
v -212.54 -20.26 32.46
v -212.37 -18.90 32.46
v -212.37 -18.90 33.33
v -212.54 -20.26 33.33
v -212.05 -20.32 33.33
v -211.88 -18.96 33.33
v -212.37 -18.90 32.46
v -212.54 -20.26 32.46
v -212.54 -20.26 33.33
v -212.37 -18.90 33.33
v -212.54 -20.26 32.46
v -212.05 -20.32 32.46
v -212.05 -20.32 33.33
v -212.54 -20.26 33.33
v -212.05 -20.32 32.46
v -211.88 -18.96 32.46
v -211.88 -18.96 33.33
v -212.05 -20.32 33.33
v -211.88 -18.96 32.46
v -212.37 -18.90 32.46
v -212.37 -18.90 33.33
v -211.88 -18.96 33.33
v -209.15 -18.96 32.46
v -209.31 -20.32 32.46
v -209.80 -20.26 32.46
v -209.63 -18.90 32.46
v -209.63 -18.90 33.33
v -209.80 -20.26 33.33
v -209.31 -20.32 33.33
v -209.15 -18.96 33.33
v -209.63 -18.90 32.46
v -209.80 -20.26 32.46
v -209.80 -20.26 33.33
v -209.63 -18.90 33.33
v -209.80 -20.26 32.46
v -209.31 -20.32 32.46
v -209.31 -20.32 33.33
v -209.80 -20.26 33.33
v -209.31 -20.32 32.46
v -209.15 -18.96 32.46
v -209.15 -18.96 33.33
v -209.31 -20.32 33.33
v -209.15 -18.96 32.46
v -209.63 -18.90 32.46
v -209.63 -18.90 33.33
v -209.15 -18.96 33.33
v -211.88 -18.96 34.19
v -212.05 -20.32 34.19
v -212.54 -20.26 34.19
v -212.37 -18.90 34.19
v -212.37 -18.90 35.05
v -212.54 -20.26 35.05
v -212.05 -20.32 35.05
v -211.88 -18.96 35.05
v -212.37 -18.90 34.19
v -212.54 -20.26 34.19
v -212.54 -20.26 35.05
v -212.37 -18.90 35.05
v -212.54 -20.26 34.19
v -212.05 -20.32 34.19
v -212.05 -20.32 35.05
v -212.54 -20.26 35.05
v -212.05 -20.32 34.19
v -211.88 -18.96 34.19
v -211.88 -18.96 35.05
v -212.05 -20.32 35.05
v -211.88 -18.96 34.19
v -212.37 -18.90 34.19
v -212.37 -18.90 35.05
v -211.88 -18.96 35.05
v -197.77 -21.76 34.90
v -197.93 -23.02 34.90
v -198.41 -22.96 34.90
v -198.26 -21.70 34.90
v -198.26 -21.70 38.19
v -198.41 -22.96 38.19
v -197.93 -23.02 38.19
v -197.77 -21.76 38.19
v -198.26 -21.70 34.90
v -198.41 -22.96 34.90
v -198.41 -22.96 38.19
v -198.26 -21.70 38.19
v -198.41 -22.96 34.90
v -197.93 -23.02 34.90
v -197.93 -23.02 38.19
v -198.41 -22.96 38.19
v -197.93 -23.02 34.90
v -197.77 -21.76 34.90
v -197.77 -21.76 38.19
v -197.93 -23.02 38.19
v -197.77 -21.76 34.90
v -198.26 -21.70 34.90
v -198.26 -21.70 38.19
v -197.77 -21.76 38.19
v -197.77 -21.76 41.49
v -197.93 -23.02 41.49
v -198.41 -22.96 41.49
v -198.26 -21.70 41.49
v -198.26 -21.70 44.78
v -198.41 -22.96 44.78
v -197.93 -23.02 44.78
v -197.77 -21.76 44.78
v -198.26 -21.70 41.49
v -198.41 -22.96 41.49
v -198.41 -22.96 44.78
v -198.26 -21.70 44.78
v -198.41 -22.96 41.49
v -197.93 -23.02 41.49
v -197.93 -23.02 44.78
v -198.41 -22.96 44.78
v -197.93 -23.02 41.49
v -197.77 -21.76 41.49
v -197.77 -21.76 44.78
v -197.93 -23.02 44.78
v -197.77 -21.76 41.49
v -198.26 -21.70 41.49
v -198.26 -21.70 44.78
v -197.77 -21.76 44.78
v -195.24 -21.76 41.49
v -195.39 -23.02 41.49
v -195.88 -22.96 41.49
v -195.72 -21.70 41.49
v -195.72 -21.70 44.78
v -195.88 -22.96 44.78
v -195.39 -23.02 44.78
v -195.24 -21.76 44.78
v -195.72 -21.70 41.49
v -195.88 -22.96 41.49
v -195.88 -22.96 44.78
v -195.72 -21.70 44.78
v -195.88 -22.96 41.49
v -195.39 -23.02 41.49
v -195.39 -23.02 44.78
v -195.88 -22.96 44.78
v -195.39 -23.02 41.49
v -195.24 -21.76 41.49
v -195.24 -21.76 44.78
v -195.39 -23.02 44.78
v -195.24 -21.76 41.49
v -195.72 -21.70 41.49
v -195.72 -21.70 44.78
v -195.24 -21.76 44.78
v -183.61 -22.57 33.33
v -183.74 -23.68 33.33
v -184.23 -23.62 33.33
v -184.09 -22.51 33.33
v -184.09 -22.51 35.06
v -184.23 -23.62 35.06
v -183.74 -23.68 35.06
v -183.61 -22.57 35.06
v -184.09 -22.51 33.33
v -184.23 -23.62 33.33
v -184.23 -23.62 35.06
v -184.09 -22.51 35.06
v -184.23 -23.62 33.33
v -183.74 -23.68 33.33
v -183.74 -23.68 35.06
v -184.23 -23.62 35.06
v -183.74 -23.68 33.33
v -183.61 -22.57 33.33
v -183.61 -22.57 35.06
v -183.74 -23.68 35.06
v -183.61 -22.57 33.33
v -184.09 -22.51 33.33
v -184.09 -22.51 35.06
v -183.61 -22.57 35.06
v -181.39 -22.57 33.33
v -181.52 -23.68 33.33
v -182.01 -23.62 33.33
v -181.87 -22.51 33.33
v -181.87 -22.51 35.06
v -182.01 -23.62 35.06
v -181.52 -23.68 35.06
v -181.39 -22.57 35.06
v -181.87 -22.51 33.33
v -182.01 -23.62 33.33
v -182.01 -23.62 35.06
v -181.87 -22.51 35.06
v -182.01 -23.62 33.33
v -181.52 -23.68 33.33
v -181.52 -23.68 35.06
v -182.01 -23.62 35.06
v -181.52 -23.68 33.33
v -181.39 -22.57 33.33
v -181.39 -22.57 35.06
v -181.52 -23.68 35.06
v -181.39 -22.57 33.33
v -181.87 -22.51 33.33
v -181.87 -22.51 35.06
v -181.39 -22.57 35.06
v -181.39 -22.57 36.79
v -181.52 -23.68 36.79
v -182.01 -23.62 36.79
v -181.87 -22.51 36.79
v -181.87 -22.51 38.52
v -182.01 -23.62 38.52
v -181.52 -23.68 38.52
v -181.39 -22.57 38.52
v -181.87 -22.51 36.79
v -182.01 -23.62 36.79
v -182.01 -23.62 38.52
v -181.87 -22.51 38.52
v -182.01 -23.62 36.79
v -181.52 -23.68 36.79
v -181.52 -23.68 38.52
v -182.01 -23.62 38.52
v -181.52 -23.68 36.79
v -181.39 -22.57 36.79
v -181.39 -22.57 38.52
v -181.52 -23.68 38.52
v -181.39 -22.57 36.79
v -181.87 -22.51 36.79
v -181.87 -22.51 38.52
v -181.39 -22.57 38.52
v -206.83 -48.88 33.19
v -206.83 -50.37 33.19
v -207.32 -50.37 33.19
v -207.32 -48.88 33.19
v -207.32 -48.88 34.77
v -207.32 -50.37 34.77
v -206.83 -50.37 34.77
v -206.83 -48.88 34.77
v -207.32 -48.88 33.19
v -207.32 -50.37 33.19
v -207.32 -50.37 34.77
v -207.32 -48.88 34.77
v -207.32 -50.37 33.19
v -206.83 -50.37 33.19
v -206.83 -50.37 34.77
v -207.32 -50.37 34.77
v -206.83 -50.37 33.19
v -206.83 -48.88 33.19
v -206.83 -48.88 34.77
v -206.83 -50.37 34.77
v -206.83 -48.88 33.19
v -207.32 -48.88 33.19
v -207.32 -48.88 34.77
v -206.83 -48.88 34.77
v -206.83 -48.88 36.35
v -206.83 -50.37 36.35
v -207.32 -50.37 36.35
v -207.32 -48.88 36.35
v -207.32 -48.88 37.94
v -207.32 -50.37 37.94
v -206.83 -50.37 37.94
v -206.83 -48.88 37.94
v -207.32 -48.88 36.35
v -207.32 -50.37 36.35
v -207.32 -50.37 37.94
v -207.32 -48.88 37.94
v -207.32 -50.37 36.35
v -206.83 -50.37 36.35
v -206.83 -50.37 37.94
v -207.32 -50.37 37.94
v -206.83 -50.37 36.35
v -206.83 -48.88 36.35
v -206.83 -48.88 37.94
v -206.83 -50.37 37.94
v -206.83 -48.88 36.35
v -207.32 -48.88 36.35
v -207.32 -48.88 37.94
v -206.83 -48.88 37.94
v -195.89 -48.25 33.65
v -195.89 -49.71 33.65
v -196.38 -49.71 33.65
v -196.38 -48.25 33.65
v -196.38 -48.25 35.69
v -196.38 -49.71 35.69
v -195.89 -49.71 35.69
v -195.89 -48.25 35.69
v -196.38 -48.25 33.65
v -196.38 -49.71 33.65
v -196.38 -49.71 35.69
v -196.38 -48.25 35.69
v -196.38 -49.71 33.65
v -195.89 -49.71 33.65
v -195.89 -49.71 35.69
v -196.38 -49.71 35.69
v -195.89 -49.71 33.65
v -195.89 -48.25 33.65
v -195.89 -48.25 35.69
v -195.89 -49.71 35.69
v -195.89 -48.25 33.65
v -196.38 -48.25 33.65
v -196.38 -48.25 35.69
v -195.89 -48.25 35.69
v -192.97 -48.25 37.74
v -192.97 -49.71 37.74
v -193.46 -49.71 37.74
v -193.46 -48.25 37.74
v -193.46 -48.25 39.79
v -193.46 -49.71 39.79
v -192.97 -49.71 39.79
v -192.97 -48.25 39.79
v -193.46 -48.25 37.74
v -193.46 -49.71 37.74
v -193.46 -49.71 39.79
v -193.46 -48.25 39.79
v -193.46 -49.71 37.74
v -192.97 -49.71 37.74
v -192.97 -49.71 39.79
v -193.46 -49.71 39.79
v -192.97 -49.71 37.74
v -192.97 -48.25 37.74
v -192.97 -48.25 39.79
v -192.97 -49.71 39.79
v -192.97 -48.25 37.74
v -193.46 -48.25 37.74
v -193.46 -48.25 39.79
v -192.97 -48.25 39.79
v -182.14 -48.28 32.41
v -182.14 -49.88 32.41
v -182.63 -49.88 32.41
v -182.63 -48.28 32.41
v -182.63 -48.28 33.21
v -182.63 -49.88 33.21
v -182.14 -49.88 33.21
v -182.14 -48.28 33.21
v -182.63 -48.28 32.41
v -182.63 -49.88 32.41
v -182.63 -49.88 33.21
v -182.63 -48.28 33.21
v -182.63 -49.88 32.41
v -182.14 -49.88 32.41
v -182.14 -49.88 33.21
v -182.63 -49.88 33.21
v -182.14 -49.88 32.41
v -182.14 -48.28 32.41
v -182.14 -48.28 33.21
v -182.14 -49.88 33.21
v -182.14 -48.28 32.41
v -182.63 -48.28 32.41
v -182.63 -48.28 33.21
v -182.14 -48.28 33.21
v -178.95 -48.28 32.41
v -178.95 -49.88 32.41
v -179.44 -49.88 32.41
v -179.44 -48.28 32.41
v -179.44 -48.28 33.21
v -179.44 -49.88 33.21
v -178.95 -49.88 33.21
v -178.95 -48.28 33.21
v -179.44 -48.28 32.41
v -179.44 -49.88 32.41
v -179.44 -49.88 33.21
v -179.44 -48.28 33.21
v -179.44 -49.88 32.41
v -178.95 -49.88 32.41
v -178.95 -49.88 33.21
v -179.44 -49.88 33.21
v -178.95 -49.88 32.41
v -178.95 -48.28 32.41
v -178.95 -48.28 33.21
v -178.95 -49.88 33.21
v -178.95 -48.28 32.41
v -179.44 -48.28 32.41
v -179.44 -48.28 33.21
v -178.95 -48.28 33.21
v -182.14 -48.28 34.02
v -182.14 -49.88 34.02
v -182.63 -49.88 34.02
v -182.63 -48.28 34.02
v -182.63 -48.28 34.83
v -182.63 -49.88 34.83
v -182.14 -49.88 34.83
v -182.14 -48.28 34.83
v -182.63 -48.28 34.02
v -182.63 -49.88 34.02
v -182.63 -49.88 34.83
v -182.63 -48.28 34.83
v -182.63 -49.88 34.02
v -182.14 -49.88 34.02
v -182.14 -49.88 34.83
v -182.63 -49.88 34.83
v -182.14 -49.88 34.02
v -182.14 -48.28 34.02
v -182.14 -48.28 34.83
v -182.14 -49.88 34.83
v -182.14 -48.28 34.02
v -182.63 -48.28 34.02
v -182.63 -48.28 34.83
v -182.14 -48.28 34.83
v -178.95 -48.28 34.02
v -178.95 -49.88 34.02
v -179.44 -49.88 34.02
v -179.44 -48.28 34.02
v -179.44 -48.28 34.83
v -179.44 -49.88 34.83
v -178.95 -49.88 34.83
v -178.95 -48.28 34.83
v -179.44 -48.28 34.02
v -179.44 -49.88 34.02
v -179.44 -49.88 34.83
v -179.44 -48.28 34.83
v -179.44 -49.88 34.02
v -178.95 -49.88 34.02
v -178.95 -49.88 34.83
v -179.44 -49.88 34.83
v -178.95 -49.88 34.02
v -178.95 -48.28 34.02
v -178.95 -48.28 34.83
v -178.95 -49.88 34.83
v -178.95 -48.28 34.02
v -179.44 -48.28 34.02
v -179.44 -48.28 34.83
v -178.95 -48.28 34.83
v -200.24 -76.47 34.88
v -200.05 -78.06 34.88
v -200.53 -78.12 34.88
v -200.73 -76.53 34.88
v -200.73 -76.53 38.17
v -200.53 -78.12 38.17
v -200.05 -78.06 38.17
v -200.24 -76.47 38.17
v -200.73 -76.53 34.88
v -200.53 -78.12 34.88
v -200.53 -78.12 38.17
v -200.73 -76.53 38.17
v -200.53 -78.12 34.88
v -200.05 -78.06 34.88
v -200.05 -78.06 38.17
v -200.53 -78.12 38.17
v -200.05 -78.06 34.88
v -200.24 -76.47 34.88
v -200.24 -76.47 38.17
v -200.05 -78.06 38.17
v -200.24 -76.47 34.88
v -200.73 -76.53 34.88
v -200.73 -76.53 38.17
v -200.24 -76.47 38.17
v -197.03 -76.47 34.88
v -196.84 -78.06 34.88
v -197.33 -78.12 34.88
v -197.52 -76.53 34.88
v -197.52 -76.53 38.17
v -197.33 -78.12 38.17
v -196.84 -78.06 38.17
v -197.03 -76.47 38.17
v -197.52 -76.53 34.88
v -197.33 -78.12 34.88
v -197.33 -78.12 38.17
v -197.52 -76.53 38.17
v -197.33 -78.12 34.88
v -196.84 -78.06 34.88
v -196.84 -78.06 38.17
v -197.33 -78.12 38.17
v -196.84 -78.06 34.88
v -197.03 -76.47 34.88
v -197.03 -76.47 38.17
v -196.84 -78.06 38.17
v -197.03 -76.47 34.88
v -197.52 -76.53 34.88
v -197.52 -76.53 38.17
v -197.03 -76.47 38.17
v -197.03 -76.47 41.45
v -196.84 -78.06 41.45
v -197.33 -78.12 41.45
v -197.52 -76.53 41.45
v -197.52 -76.53 44.73
v -197.33 -78.12 44.73
v -196.84 -78.06 44.73
v -197.03 -76.47 44.73
v -197.52 -76.53 41.45
v -197.33 -78.12 41.45
v -197.33 -78.12 44.73
v -197.52 -76.53 44.73
v -197.33 -78.12 41.45
v -196.84 -78.06 41.45
v -196.84 -78.06 44.73
v -197.33 -78.12 44.73
v -196.84 -78.06 41.45
v -197.03 -76.47 41.45
v -197.03 -76.47 44.73
v -196.84 -78.06 44.73
v -197.03 -76.47 41.45
v -197.52 -76.53 41.45
v -197.52 -76.53 44.73
v -197.03 -76.47 44.73
v -186.65 -75.63 34.80
v -186.49 -76.96 34.80
v -186.97 -77.02 34.80
v -187.14 -75.69 34.80
v -187.14 -75.69 38.01
v -186.97 -77.02 38.01
v -186.49 -76.96 38.01
v -186.65 -75.63 38.01
v -187.14 -75.69 34.80
v -186.97 -77.02 34.80
v -186.97 -77.02 38.01
v -187.14 -75.69 38.01
v -186.97 -77.02 34.80
v -186.49 -76.96 34.80
v -186.49 -76.96 38.01
v -186.97 -77.02 38.01
v -186.49 -76.96 34.80
v -186.65 -75.63 34.80
v -186.65 -75.63 38.01
v -186.49 -76.96 38.01
v -186.65 -75.63 34.80
v -187.14 -75.69 34.80
v -187.14 -75.69 38.01
v -186.65 -75.63 38.01
v -183.97 -75.63 41.21
v -183.80 -76.96 41.21
v -184.29 -77.02 41.21
v -184.45 -75.69 41.21
v -184.45 -75.69 44.42
v -184.29 -77.02 44.42
v -183.80 -76.96 44.42
v -183.97 -75.63 44.42
v -184.45 -75.69 41.21
v -184.29 -77.02 41.21
v -184.29 -77.02 44.42
v -184.45 -75.69 44.42
v -184.29 -77.02 41.21
v -183.80 -76.96 41.21
v -183.80 -76.96 44.42
v -184.29 -77.02 44.42
v -183.80 -76.96 41.21
v -183.97 -75.63 41.21
v -183.97 -75.63 44.42
v -183.80 -76.96 44.42
v -183.97 -75.63 41.21
v -184.45 -75.69 41.21
v -184.45 -75.69 44.42
v -183.97 -75.63 44.42
v -187.94 -102.60 32.97
v -187.60 -103.94 32.97
v -188.08 -104.06 32.97
v -188.41 -102.72 32.97
v -188.41 -102.72 34.34
v -188.08 -104.06 34.34
v -187.60 -103.94 34.34
v -187.94 -102.60 34.34
v -188.41 -102.72 32.97
v -188.08 -104.06 32.97
v -188.08 -104.06 34.34
v -188.41 -102.72 34.34
v -188.08 -104.06 32.97
v -187.60 -103.94 32.97
v -187.60 -103.94 34.34
v -188.08 -104.06 34.34
v -187.60 -103.94 32.97
v -187.94 -102.60 32.97
v -187.94 -102.60 34.34
v -187.60 -103.94 34.34
v -187.94 -102.60 32.97
v -188.41 -102.72 32.97
v -188.41 -102.72 34.34
v -187.94 -102.60 34.34
v -185.18 -102.60 35.70
v -184.84 -103.94 35.70
v -185.32 -104.06 35.70
v -185.65 -102.72 35.70
v -185.65 -102.72 37.07
v -185.32 -104.06 37.07
v -184.84 -103.94 37.07
v -185.18 -102.60 37.07
v -185.65 -102.72 35.70
v -185.32 -104.06 35.70
v -185.32 -104.06 37.07
v -185.65 -102.72 37.07
v -185.32 -104.06 35.70
v -184.84 -103.94 35.70
v -184.84 -103.94 37.07
v -185.32 -104.06 37.07
v -184.84 -103.94 35.70
v -185.18 -102.60 35.70
v -185.18 -102.60 37.07
v -184.84 -103.94 37.07
v -185.18 -102.60 35.70
v -185.65 -102.72 35.70
v -185.65 -102.72 37.07
v -185.18 -102.60 37.07
v -175.19 -99.67 34.68
v -174.88 -100.89 34.68
v -175.36 -101.00 34.68
v -175.66 -99.79 34.68
v -175.66 -99.79 37.76
v -175.36 -101.00 37.76
v -174.88 -100.89 37.76
v -175.19 -99.67 37.76
v -175.66 -99.79 34.68
v -175.36 -101.00 34.68
v -175.36 -101.00 37.76
v -175.66 -99.79 37.76
v -175.36 -101.00 34.68
v -174.88 -100.89 34.68
v -174.88 -100.89 37.76
v -175.36 -101.00 37.76
v -174.88 -100.89 34.68
v -175.19 -99.67 34.68
v -175.19 -99.67 37.76
v -174.88 -100.89 37.76
v -175.19 -99.67 34.68
v -175.66 -99.79 34.68
v -175.66 -99.79 37.76
v -175.19 -99.67 37.76
v -176.90 -129.16 36.45
v -176.45 -130.31 36.45
v -176.90 -130.49 36.45
v -177.35 -129.33 36.45
v -177.35 -129.33 38.07
v -176.90 -130.49 38.07
v -176.45 -130.31 38.07
v -176.90 -129.16 38.07
v -177.35 -129.33 36.45
v -176.90 -130.49 36.45
v -176.90 -130.49 38.07
v -177.35 -129.33 38.07
v -176.90 -130.49 36.45
v -176.45 -130.31 36.45
v -176.45 -130.31 38.07
v -176.90 -130.49 38.07
v -176.45 -130.31 36.45
v -176.90 -129.16 36.45
v -176.90 -129.16 38.07
v -176.45 -130.31 38.07
v -176.90 -129.16 36.45
v -177.35 -129.33 36.45
v -177.35 -129.33 38.07
v -176.90 -129.16 38.07
v -163.36 -155.25 40.57
v -162.60 -156.63 40.57
v -163.03 -156.87 40.57
v -163.79 -155.49 40.57
v -163.79 -155.49 43.56
v -163.03 -156.87 43.56
v -162.60 -156.63 43.56
v -163.36 -155.25 43.56
v -163.79 -155.49 40.57
v -163.03 -156.87 40.57
v -163.03 -156.87 43.56
v -163.79 -155.49 43.56
v -163.03 -156.87 40.57
v -162.60 -156.63 40.57
v -162.60 -156.63 43.56
v -163.03 -156.87 43.56
v -162.60 -156.63 40.57
v -163.36 -155.25 40.57
v -163.36 -155.25 43.56
v -162.60 -156.63 43.56
v -163.36 -155.25 40.57
v -163.79 -155.49 40.57
v -163.79 -155.49 43.56
v -163.36 -155.25 43.56
v -110.97 -185.37 40.26
v -110.10 -186.26 40.26
v -110.45 -186.60 40.26
v -111.32 -185.71 40.26
v -111.32 -185.71 43.15
v -110.45 -186.60 43.15
v -110.10 -186.26 43.15
v -110.97 -185.37 43.15
v -111.32 -185.71 40.26
v -110.45 -186.60 40.26
v -110.45 -186.60 43.15
v -111.32 -185.71 43.15
v -110.45 -186.60 40.26
v -110.10 -186.26 40.26
v -110.10 -186.26 43.15
v -110.45 -186.60 43.15
v -110.10 -186.26 40.26
v -110.97 -185.37 40.26
v -110.97 -185.37 43.15
v -110.10 -186.26 43.15
v -110.97 -185.37 40.26
v -111.32 -185.71 40.26
v -111.32 -185.71 43.15
v -110.97 -185.37 43.15
v -108.49 -185.37 40.26
v -107.62 -186.26 40.26
v -107.97 -186.60 40.26
v -108.84 -185.71 40.26
v -108.84 -185.71 43.15
v -107.97 -186.60 43.15
v -107.62 -186.26 43.15
v -108.49 -185.37 43.15
v -108.84 -185.71 40.26
v -107.97 -186.60 40.26
v -107.97 -186.60 43.15
v -108.84 -185.71 43.15
v -107.97 -186.60 40.26
v -107.62 -186.26 40.26
v -107.62 -186.26 43.15
v -107.97 -186.60 43.15
v -107.62 -186.26 40.26
v -108.49 -185.37 40.26
v -108.49 -185.37 43.15
v -107.62 -186.26 43.15
v -108.49 -185.37 40.26
v -108.84 -185.71 40.26
v -108.84 -185.71 43.15
v -108.49 -185.37 43.15
v -94.60 -211.21 41.30
v -93.28 -212.20 41.30
v -93.58 -212.59 41.30
v -94.89 -211.60 41.30
v -94.89 -211.60 44.53
v -93.58 -212.59 44.53
v -93.28 -212.20 44.53
v -94.60 -211.21 44.53
v -94.89 -211.60 41.30
v -93.58 -212.59 41.30
v -93.58 -212.59 44.53
v -94.89 -211.60 44.53
v -93.58 -212.59 41.30
v -93.28 -212.20 41.30
v -93.28 -212.20 44.53
v -93.58 -212.59 44.53
v -93.28 -212.20 41.30
v -94.60 -211.21 41.30
v -94.60 -211.21 44.53
v -93.28 -212.20 44.53
v -94.60 -211.21 41.30
v -94.89 -211.60 41.30
v -94.89 -211.60 44.53
v -94.60 -211.21 44.53
v -35.62 -234.25 41.16
v -34.55 -234.62 41.16
v -34.39 -234.16 41.16
v -35.47 -233.79 41.16
v -33.36 -234.25 41.16
v -32.29 -234.62 41.16
v -32.13 -234.16 41.16
v -33.20 -233.79 41.16
v 88.27 -224.36 41.80
v 89.66 -223.88 41.80
v 89.50 -223.42 41.80
v 88.11 -223.90 41.80
v 88.27 -224.36 39.25
v 89.66 -223.88 39.25
v 89.66 -223.88 41.80
v 88.27 -224.36 41.80
v 89.66 -223.88 39.25
v 89.50 -223.42 39.25
v 89.50 -223.42 41.80
v 89.66 -223.88 41.80
v 89.50 -223.42 39.25
v 88.11 -223.90 39.25
v 88.11 -223.90 41.80
v 89.50 -223.42 41.80
v 88.11 -223.90 39.25
v 88.27 -224.36 39.25
v 88.27 -224.36 41.80
v 88.11 -223.90 41.80
v 128.36 -230.79 40.97
v 129.79 -230.02 40.97
v 129.56 -229.59 40.97
v 128.12 -230.36 40.97
v 116.80 -209.26 41.44
v 118.24 -208.49 41.44
v 118.48 -208.92 41.44
v 117.03 -209.70 41.44
v 117.03 -209.70 44.71
v 118.48 -208.92 44.71
v 118.24 -208.49 44.71
v 116.80 -209.26 44.71
v 117.03 -209.70 41.44
v 118.48 -208.92 41.44
v 118.48 -208.92 44.71
v 117.03 -209.70 44.71
v 118.48 -208.92 41.44
v 118.24 -208.49 41.44
v 118.24 -208.49 44.71
v 118.48 -208.92 44.71
v 118.24 -208.49 41.44
v 116.80 -209.26 41.44
v 116.80 -209.26 44.71
v 118.24 -208.49 44.71
v 116.80 -209.26 41.44
v 117.03 -209.70 41.44
v 117.03 -209.70 44.71
v 116.80 -209.26 44.71
v 154.38 -213.89 41.29
v 155.31 -213.19 41.29
v 155.60 -213.58 41.29
v 154.68 -214.28 41.29
v 154.68 -214.28 44.52
v 155.60 -213.58 44.52
v 155.31 -213.19 44.52
v 154.38 -213.89 44.52
v 154.68 -214.28 41.29
v 155.60 -213.58 41.29
v 155.60 -213.58 44.52
v 154.68 -214.28 44.52
v 155.60 -213.58 41.29
v 155.31 -213.19 41.29
v 155.31 -213.19 44.52
v 155.60 -213.58 44.52
v 155.31 -213.19 41.29
v 154.38 -213.89 41.29
v 154.38 -213.89 44.52
v 155.31 -213.19 44.52
v 154.38 -213.89 41.29
v 154.68 -214.28 41.29
v 154.68 -214.28 44.52
v 154.38 -213.89 44.52

usemtl mat_window_lit
v -55.36 -152.25 78.55
v -54.29 -153.37 78.55
v -54.65 -153.71 78.55
v -55.71 -152.59 78.55
v -55.71 -152.59 80.87
v -54.65 -153.71 80.87
v -54.29 -153.37 80.87
v -55.36 -152.25 80.87
v -55.71 -152.59 78.55
v -54.65 -153.71 78.55
v -54.65 -153.71 80.87
v -55.71 -152.59 80.87
v -54.65 -153.71 78.55
v -54.29 -153.37 78.55
v -54.29 -153.37 80.87
v -54.65 -153.71 80.87
v -54.29 -153.37 78.55
v -55.36 -152.25 78.55
v -55.36 -152.25 80.87
v -54.29 -153.37 80.87
v -55.36 -152.25 78.55
v -55.71 -152.59 78.55
v -55.71 -152.59 80.87
v -55.36 -152.25 80.87
v -34.41 -164.34 73.19
v -33.45 -165.09 73.19
v -33.76 -165.47 73.19
v -34.71 -164.73 73.19
v -34.71 -164.73 74.78
v -33.76 -165.47 74.78
v -33.45 -165.09 74.78
v -34.41 -164.34 74.78
v -34.71 -164.73 73.19
v -33.76 -165.47 73.19
v -33.76 -165.47 74.78
v -34.71 -164.73 74.78
v -33.76 -165.47 73.19
v -33.45 -165.09 73.19
v -33.45 -165.09 74.78
v -33.76 -165.47 74.78
v -33.45 -165.09 73.19
v -34.41 -164.34 73.19
v -34.41 -164.34 74.78
v -33.45 -165.09 74.78
v -34.41 -164.34 73.19
v -34.71 -164.73 73.19
v -34.71 -164.73 74.78
v -34.41 -164.34 74.78
v -34.41 -164.34 76.37
v -33.45 -165.09 76.37
v -33.76 -165.47 76.37
v -34.71 -164.73 76.37
v -34.71 -164.73 77.96
v -33.76 -165.47 77.96
v -33.45 -165.09 77.96
v -34.41 -164.34 77.96
v -34.71 -164.73 76.37
v -33.76 -165.47 76.37
v -33.76 -165.47 77.96
v -34.71 -164.73 77.96
v -33.76 -165.47 76.37
v -33.45 -165.09 76.37
v -33.45 -165.09 77.96
v -33.76 -165.47 77.96
v -33.45 -165.09 76.37
v -34.41 -164.34 76.37
v -34.41 -164.34 77.96
v -33.45 -165.09 77.96
v -34.41 -164.34 76.37
v -34.71 -164.73 76.37
v -34.71 -164.73 77.96
v -34.41 -164.34 77.96
v -26.39 -157.69 73.71
v -25.34 -158.51 73.71
v -25.64 -158.89 73.71
v -26.69 -158.07 73.71
v -26.69 -158.07 75.83
v -25.64 -158.89 75.83
v -25.34 -158.51 75.83
v -26.39 -157.69 75.83
v -26.69 -158.07 73.71
v -25.64 -158.89 73.71
v -25.64 -158.89 75.83
v -26.69 -158.07 75.83
v -25.64 -158.89 73.71
v -25.34 -158.51 73.71
v -25.34 -158.51 75.83
v -25.64 -158.89 75.83
v -25.34 -158.51 73.71
v -26.39 -157.69 73.71
v -26.39 -157.69 75.83
v -25.34 -158.51 75.83
v -26.39 -157.69 73.71
v -26.69 -158.07 73.71
v -26.69 -158.07 75.83
v -26.39 -157.69 75.83
v -29.06 -157.69 77.94
v -28.01 -158.51 77.94
v -28.31 -158.89 77.94
v -29.36 -158.07 77.94
v -29.36 -158.07 80.05
v -28.31 -158.89 80.05
v -28.01 -158.51 80.05
v -29.06 -157.69 80.05
v -29.36 -158.07 77.94
v -28.31 -158.89 77.94
v -28.31 -158.89 80.05
v -29.36 -158.07 80.05
v -28.31 -158.89 77.94
v -28.01 -158.51 77.94
v -28.01 -158.51 80.05
v -28.31 -158.89 80.05
v -28.01 -158.51 77.94
v -29.06 -157.69 77.94
v -29.06 -157.69 80.05
v -28.01 -158.51 80.05
v -29.06 -157.69 77.94
v -29.36 -158.07 77.94
v -29.36 -158.07 80.05
v -29.06 -157.69 80.05
v -20.74 -150.95 72.97
v -19.51 -151.90 72.97
v -19.82 -152.29 72.97
v -21.04 -151.34 72.97
v -21.04 -151.34 74.35
v -19.82 -152.29 74.35
v -19.51 -151.90 74.35
v -20.74 -150.95 74.35
v -21.04 -151.34 72.97
v -19.82 -152.29 72.97
v -19.82 -152.29 74.35
v -21.04 -151.34 74.35
v -19.82 -152.29 72.97
v -19.51 -151.90 72.97
v -19.51 -151.90 74.35
v -19.82 -152.29 74.35
v -19.51 -151.90 72.97
v -20.74 -150.95 72.97
v -20.74 -150.95 74.35
v -19.51 -151.90 74.35
v -20.74 -150.95 72.97
v -21.04 -151.34 72.97
v -21.04 -151.34 74.35
v -20.74 -150.95 74.35
v -20.74 -150.95 75.73
v -19.51 -151.90 75.73
v -19.82 -152.29 75.73
v -21.04 -151.34 75.73
v -21.04 -151.34 77.10
v -19.82 -152.29 77.10
v -19.51 -151.90 77.10
v -20.74 -150.95 77.10
v -21.04 -151.34 75.73
v -19.82 -152.29 75.73
v -19.82 -152.29 77.10
v -21.04 -151.34 77.10
v -19.82 -152.29 75.73
v -19.51 -151.90 75.73
v -19.51 -151.90 77.10
v -19.82 -152.29 77.10
v -19.51 -151.90 75.73
v -20.74 -150.95 75.73
v -20.74 -150.95 77.10
v -19.51 -151.90 77.10
v -20.74 -150.95 75.73
v -21.04 -151.34 75.73
v -21.04 -151.34 77.10
v -20.74 -150.95 77.10
v -12.37 -173.25 74.77
v -11.05 -173.98 74.77
v -11.29 -174.41 74.77
v -12.61 -173.68 74.77
v -12.61 -173.68 77.94
v -11.29 -174.41 77.94
v -11.05 -173.98 77.94
v -12.37 -173.25 77.94
v -12.61 -173.68 74.77
v -11.29 -174.41 74.77
v -11.29 -174.41 77.94
v -12.61 -173.68 77.94
v -11.29 -174.41 74.77
v -11.05 -173.98 74.77
v -11.05 -173.98 77.94
v -11.29 -174.41 77.94
v -11.05 -173.98 74.77
v -12.37 -173.25 74.77
v -12.37 -173.25 77.94
v -11.05 -173.98 77.94
v -12.37 -173.25 74.77
v -12.61 -173.68 74.77
v -12.61 -173.68 77.94
v -12.37 -173.25 77.94
v -12.37 -173.25 81.11
v -11.05 -173.98 81.11
v -11.29 -174.41 81.11
v -12.61 -173.68 81.11
v -12.61 -173.68 84.28
v -11.29 -174.41 84.28
v -11.05 -173.98 84.28
v -12.37 -173.25 84.28
v -12.61 -173.68 81.11
v -11.29 -174.41 81.11
v -11.29 -174.41 84.28
v -12.61 -173.68 84.28
v -11.29 -174.41 81.11
v -11.05 -173.98 81.11
v -11.05 -173.98 84.28
v -11.29 -174.41 84.28
v -11.05 -173.98 81.11
v -12.37 -173.25 81.11
v -12.37 -173.25 84.28
v -11.05 -173.98 84.28
v -12.37 -173.25 81.11
v -12.61 -173.68 81.11
v -12.61 -173.68 84.28
v -12.37 -173.25 84.28
v -9.36 -173.25 81.11
v -8.05 -173.98 81.11
v -8.29 -174.41 81.11
v -9.60 -173.68 81.11
v -9.60 -173.68 84.28
v -8.29 -174.41 84.28
v -8.05 -173.98 84.28
v -9.36 -173.25 84.28
v -9.60 -173.68 81.11
v -8.29 -174.41 81.11
v -8.29 -174.41 84.28
v -9.60 -173.68 84.28
v -8.29 -174.41 81.11
v -8.05 -173.98 81.11
v -8.05 -173.98 84.28
v -8.29 -174.41 84.28
v -8.05 -173.98 81.11
v -9.36 -173.25 81.11
v -9.36 -173.25 84.28
v -8.05 -173.98 84.28
v -9.36 -173.25 81.11
v -9.60 -173.68 81.11
v -9.60 -173.68 84.28
v -9.36 -173.25 84.28
v -5.29 -166.24 73.17
v -4.20 -166.85 73.17
v -4.44 -167.28 73.17
v -5.53 -166.67 73.17
v -5.53 -166.67 74.75
v -4.44 -167.28 74.75
v -4.20 -166.85 74.75
v -5.29 -166.24 74.75
v -5.53 -166.67 73.17
v -4.44 -167.28 73.17
v -4.44 -167.28 74.75
v -5.53 -166.67 74.75
v -4.44 -167.28 73.17
v -4.20 -166.85 73.17
v -4.20 -166.85 74.75
v -4.44 -167.28 74.75
v -4.20 -166.85 73.17
v -5.29 -166.24 73.17
v -5.29 -166.24 74.75
v -4.20 -166.85 74.75
v -5.29 -166.24 73.17
v -5.53 -166.67 73.17
v -5.53 -166.67 74.75
v -5.29 -166.24 74.75
v -3.92 -157.78 72.86
v -2.62 -158.49 72.86
v -2.86 -158.92 72.86
v -4.15 -158.20 72.86
v -4.15 -158.20 74.13
v -2.86 -158.92 74.13
v -2.62 -158.49 74.13
v -3.92 -157.78 74.13
v -4.15 -158.20 72.86
v -2.86 -158.92 72.86
v -2.86 -158.92 74.13
v -4.15 -158.20 74.13
v -2.86 -158.92 72.86
v -2.62 -158.49 72.86
v -2.62 -158.49 74.13
v -2.86 -158.92 74.13
v -2.62 -158.49 72.86
v -3.92 -157.78 72.86
v -3.92 -157.78 74.13
v -2.62 -158.49 74.13
v -3.92 -157.78 72.86
v -4.15 -158.20 72.86
v -4.15 -158.20 74.13
v -3.92 -157.78 74.13
v -3.92 -157.78 75.39
v -2.62 -158.49 75.39
v -2.86 -158.92 75.39
v -4.15 -158.20 75.39
v -4.15 -158.20 76.65
v -2.86 -158.92 76.65
v -2.62 -158.49 76.65
v -3.92 -157.78 76.65
v -4.15 -158.20 75.39
v -2.86 -158.92 75.39
v -2.86 -158.92 76.65
v -4.15 -158.20 76.65
v -2.86 -158.92 75.39
v -2.62 -158.49 75.39
v -2.62 -158.49 76.65
v -2.86 -158.92 76.65
v -2.62 -158.49 75.39
v -3.92 -157.78 75.39
v -3.92 -157.78 76.65
v -2.62 -158.49 76.65
v -3.92 -157.78 75.39
v -4.15 -158.20 75.39
v -4.15 -158.20 76.65
v -3.92 -157.78 76.65
v 11.28 -181.46 73.99
v 12.31 -181.83 73.99
v 12.14 -182.29 73.99
v 11.11 -181.92 73.99
v 11.11 -181.92 76.37
v 12.14 -182.29 76.37
v 12.31 -181.83 76.37
v 11.28 -181.46 76.37
v 11.11 -181.92 73.99
v 12.14 -182.29 73.99
v 12.14 -182.29 76.37
v 11.11 -181.92 76.37
v 12.14 -182.29 73.99
v 12.31 -181.83 73.99
v 12.31 -181.83 76.37
v 12.14 -182.29 76.37
v 12.31 -181.83 73.99
v 11.28 -181.46 73.99
v 11.28 -181.46 76.37
v 12.31 -181.83 76.37
v 11.28 -181.46 73.99
v 11.11 -181.92 73.99
v 11.11 -181.92 76.37
v 11.28 -181.46 76.37
v 16.35 -173.47 73.94
v 17.41 -173.85 73.94
v 17.25 -174.31 73.94
v 16.18 -173.93 73.94
v 16.18 -173.93 76.29
v 17.25 -174.31 76.29
v 17.41 -173.85 76.29
v 16.35 -173.47 76.29
v 16.18 -173.93 73.94
v 17.25 -174.31 73.94
v 17.25 -174.31 76.29
v 16.18 -173.93 76.29
v 17.25 -174.31 73.94
v 17.41 -173.85 73.94
v 17.41 -173.85 76.29
v 17.25 -174.31 76.29
v 17.41 -173.85 73.94
v 16.35 -173.47 73.94
v 16.35 -173.47 76.29
v 17.41 -173.85 76.29
v 16.35 -173.47 73.94
v 16.18 -173.93 73.94
v 16.18 -173.93 76.29
v 16.35 -173.47 76.29
v 16.35 -173.47 78.63
v 17.41 -173.85 78.63
v 17.25 -174.31 78.63
v 16.18 -173.93 78.63
v 16.18 -173.93 80.97
v 17.25 -174.31 80.97
v 17.41 -173.85 80.97
v 16.35 -173.47 80.97
v 16.18 -173.93 78.63
v 17.25 -174.31 78.63
v 17.25 -174.31 80.97
v 16.18 -173.93 80.97
v 17.25 -174.31 78.63
v 17.41 -173.85 78.63
v 17.41 -173.85 80.97
v 17.25 -174.31 80.97
v 17.41 -173.85 78.63
v 16.35 -173.47 78.63
v 16.35 -173.47 80.97
v 17.41 -173.85 80.97
v 16.35 -173.47 78.63
v 16.18 -173.93 78.63
v 16.18 -173.93 80.97
v 16.35 -173.47 80.97
v 19.42 -164.98 73.02
v 20.86 -165.49 73.02
v 20.70 -165.95 73.02
v 19.26 -165.44 73.02
v 19.26 -165.44 74.45
v 20.70 -165.95 74.45
v 20.86 -165.49 74.45
v 19.42 -164.98 74.45
v 19.26 -165.44 73.02
v 20.70 -165.95 73.02
v 20.70 -165.95 74.45
v 19.26 -165.44 74.45
v 20.70 -165.95 73.02
v 20.86 -165.49 73.02
v 20.86 -165.49 74.45
v 20.70 -165.95 74.45
v 20.86 -165.49 73.02
v 19.42 -164.98 73.02
v 19.42 -164.98 74.45
v 20.86 -165.49 74.45
v 19.42 -164.98 73.02
v 19.26 -165.44 73.02
v 19.26 -165.44 74.45
v 19.42 -164.98 74.45
v 16.36 -164.98 75.87
v 17.80 -165.49 75.87
v 17.64 -165.95 75.87
v 16.19 -165.44 75.87
v 16.19 -165.44 77.30
v 17.64 -165.95 77.30
v 17.80 -165.49 77.30
v 16.36 -164.98 77.30
v 16.19 -165.44 75.87
v 17.64 -165.95 75.87
v 17.64 -165.95 77.30
v 16.19 -165.44 77.30
v 17.64 -165.95 75.87
v 17.80 -165.49 75.87
v 17.80 -165.49 77.30
v 17.64 -165.95 77.30
v 17.80 -165.49 75.87
v 16.36 -164.98 75.87
v 16.36 -164.98 77.30
v 17.80 -165.49 77.30
v 16.36 -164.98 75.87
v 16.19 -165.44 75.87
v 16.19 -165.44 77.30
v 16.36 -164.98 77.30
v 34.86 -187.30 74.41
v 36.17 -187.53 74.41
v 36.09 -188.01 74.41
v 34.77 -187.78 74.41
v 34.77 -187.78 77.22
v 36.09 -188.01 77.22
v 36.17 -187.53 77.22
v 34.86 -187.30 77.22
v 34.77 -187.78 74.41
v 36.09 -188.01 74.41
v 36.09 -188.01 77.22
v 34.77 -187.78 77.22
v 36.09 -188.01 74.41
v 36.17 -187.53 74.41
v 36.17 -187.53 77.22
v 36.09 -188.01 77.22
v 36.17 -187.53 74.41
v 34.86 -187.30 74.41
v 34.86 -187.30 77.22
v 36.17 -187.53 77.22
v 34.86 -187.30 74.41
v 34.77 -187.78 74.41
v 34.77 -187.78 77.22
v 34.86 -187.30 77.22
v 34.86 -187.30 80.03
v 36.17 -187.53 80.03
v 36.09 -188.01 80.03
v 34.77 -187.78 80.03
v 34.77 -187.78 82.83
v 36.09 -188.01 82.83
v 36.17 -187.53 82.83
v 34.86 -187.30 82.83
v 34.77 -187.78 80.03
v 36.09 -188.01 80.03
v 36.09 -188.01 82.83
v 34.77 -187.78 82.83
v 36.09 -188.01 80.03
v 36.17 -187.53 80.03
v 36.17 -187.53 82.83
v 36.09 -188.01 82.83
v 36.17 -187.53 80.03
v 34.86 -187.30 80.03
v 34.86 -187.30 82.83
v 36.17 -187.53 82.83
v 34.86 -187.30 80.03
v 34.77 -187.78 80.03
v 34.77 -187.78 82.83
v 34.86 -187.30 82.83
v 39.02 -179.48 75.17
v 40.39 -179.72 75.17
v 40.30 -180.20 75.17
v 38.93 -179.96 75.17
v 38.93 -179.96 76.36
v 40.30 -180.20 76.36
v 40.39 -179.72 76.36
v 39.02 -179.48 76.36
v 38.93 -179.96 75.17
v 40.30 -180.20 75.17
v 40.30 -180.20 76.36
v 38.93 -179.96 76.36
v 40.30 -180.20 75.17
v 40.39 -179.72 75.17
v 40.39 -179.72 76.36
v 40.30 -180.20 76.36
v 40.39 -179.72 75.17
v 39.02 -179.48 75.17
v 39.02 -179.48 76.36
v 40.39 -179.72 76.36
v 39.02 -179.48 75.17
v 38.93 -179.96 75.17
v 38.93 -179.96 76.36
v 39.02 -179.48 76.36
v 38.10 -170.56 73.73
v 39.21 -170.75 73.73
v 39.12 -171.24 73.73
v 38.02 -171.04 73.73
v 38.02 -171.04 75.86
v 39.12 -171.24 75.86
v 39.21 -170.75 75.86
v 38.10 -170.56 75.86
v 38.02 -171.04 73.73
v 39.12 -171.24 73.73
v 39.12 -171.24 75.86
v 38.02 -171.04 75.86
v 39.12 -171.24 73.73
v 39.21 -170.75 73.73
v 39.21 -170.75 75.86
v 39.12 -171.24 75.86
v 39.21 -170.75 73.73
v 38.10 -170.56 73.73
v 38.10 -170.56 75.86
v 39.21 -170.75 75.86
v 38.10 -170.56 73.73
v 38.02 -171.04 73.73
v 38.02 -171.04 75.86
v 38.10 -170.56 75.86
v 38.10 -170.56 77.99
v 39.21 -170.75 77.99
v 39.12 -171.24 77.99
v 38.02 -171.04 77.99
v 38.02 -171.04 80.12
v 39.12 -171.24 80.12
v 39.21 -170.75 80.12
v 38.10 -170.56 80.12
v 38.02 -171.04 77.99
v 39.12 -171.24 77.99
v 39.12 -171.24 80.12
v 38.02 -171.04 80.12
v 39.12 -171.24 77.99
v 39.21 -170.75 77.99
v 39.21 -170.75 80.12
v 39.12 -171.24 80.12
v 39.21 -170.75 77.99
v 38.10 -170.56 77.99
v 38.10 -170.56 80.12
v 39.21 -170.75 80.12
v 38.10 -170.56 77.99
v 38.02 -171.04 77.99
v 38.02 -171.04 80.12
v 38.10 -170.56 80.12
v 60.32 -190.30 75.84
v 61.44 -190.30 75.84
v 61.44 -190.79 75.84
v 60.32 -190.79 75.84
v 60.32 -190.79 77.25
v 61.44 -190.79 77.25
v 61.44 -190.30 77.25
v 60.32 -190.30 77.25
v 60.32 -190.79 75.84
v 61.44 -190.79 75.84
v 61.44 -190.79 77.25
v 60.32 -190.79 77.25
v 61.44 -190.79 75.84
v 61.44 -190.30 75.84
v 61.44 -190.30 77.25
v 61.44 -190.79 77.25
v 61.44 -190.30 75.84
v 60.32 -190.30 75.84
v 60.32 -190.30 77.25
v 61.44 -190.30 77.25
v 60.32 -190.30 75.84
v 60.32 -190.79 75.84
v 60.32 -190.79 77.25
v 60.32 -190.30 77.25
v 87.80 -188.43 73.98
v 88.98 -188.23 73.98
v 89.06 -188.71 73.98
v 87.89 -188.92 73.98
v 87.89 -188.92 74.78
v 89.06 -188.71 74.78
v 88.98 -188.23 74.78
v 87.80 -188.43 74.78
v 87.89 -188.92 73.98
v 89.06 -188.71 73.98
v 89.06 -188.71 74.78
v 87.89 -188.92 74.78
v 89.06 -188.71 73.98
v 88.98 -188.23 73.98
v 88.98 -188.23 74.78
v 89.06 -188.71 74.78
v 88.98 -188.23 73.98
v 87.80 -188.43 73.98
v 87.80 -188.43 74.78
v 88.98 -188.23 74.78
v 87.80 -188.43 73.98
v 87.89 -188.92 73.98
v 87.89 -188.92 74.78
v 87.80 -188.43 74.78
v 86.49 -179.16 72.58
v 87.96 -178.91 72.58
v 88.05 -179.39 72.58
v 86.57 -179.65 72.58
v 86.57 -179.65 73.56
v 88.05 -179.39 73.56
v 87.96 -178.91 73.56
v 86.49 -179.16 73.56
v 86.57 -179.65 72.58
v 88.05 -179.39 72.58
v 88.05 -179.39 73.56
v 86.57 -179.65 73.56
v 88.05 -179.39 72.58
v 87.96 -178.91 72.58
v 87.96 -178.91 73.56
v 88.05 -179.39 73.56
v 87.96 -178.91 72.58
v 86.49 -179.16 72.58
v 86.49 -179.16 73.56
v 87.96 -178.91 73.56
v 86.49 -179.16 72.58
v 86.57 -179.65 72.58
v 86.57 -179.65 73.56
v 86.49 -179.16 73.56
v 86.49 -179.16 74.53
v 87.96 -178.91 74.53
v 88.05 -179.39 74.53
v 86.57 -179.65 74.53
v 86.57 -179.65 75.51
v 88.05 -179.39 75.51
v 87.96 -178.91 75.51
v 86.49 -179.16 75.51
v 86.57 -179.65 74.53
v 88.05 -179.39 74.53
v 88.05 -179.39 75.51
v 86.57 -179.65 75.51
v 88.05 -179.39 74.53
v 87.96 -178.91 74.53
v 87.96 -178.91 75.51
v 88.05 -179.39 75.51
v 87.96 -178.91 74.53
v 86.49 -179.16 74.53
v 86.49 -179.16 75.51
v 87.96 -178.91 75.51
v 86.49 -179.16 74.53
v 86.57 -179.65 74.53
v 86.57 -179.65 75.51
v 86.49 -179.16 75.51
v 82.33 -171.50 73.73
v 83.60 -171.28 73.73
v 83.69 -171.76 73.73
v 82.41 -171.99 73.73
v 82.41 -171.99 75.85
v 83.69 -171.76 75.85
v 83.60 -171.28 75.85
v 82.33 -171.50 75.85
v 82.41 -171.99 73.73
v 83.69 -171.76 73.73
v 83.69 -171.76 75.85
v 82.41 -171.99 75.85
v 83.69 -171.76 73.73
v 83.60 -171.28 73.73
v 83.60 -171.28 75.85
v 83.69 -171.76 75.85
v 83.60 -171.28 73.73
v 82.33 -171.50 73.73
v 82.33 -171.50 75.85
v 83.60 -171.28 75.85
v 82.33 -171.50 73.73
v 82.41 -171.99 73.73
v 82.41 -171.99 75.85
v 82.33 -171.50 75.85
v 84.92 -171.50 73.73
v 86.19 -171.28 73.73
v 86.27 -171.76 73.73
v 85.00 -171.99 73.73
v 85.00 -171.99 75.85
v 86.27 -171.76 75.85
v 86.19 -171.28 75.85
v 84.92 -171.50 75.85
v 85.00 -171.99 73.73
v 86.27 -171.76 73.73
v 86.27 -171.76 75.85
v 85.00 -171.99 75.85
v 86.27 -171.76 73.73
v 86.19 -171.28 73.73
v 86.19 -171.28 75.85
v 86.27 -171.76 75.85
v 86.19 -171.28 73.73
v 84.92 -171.50 73.73
v 84.92 -171.50 75.85
v 86.19 -171.28 75.85
v 84.92 -171.50 73.73
v 85.00 -171.99 73.73
v 85.00 -171.99 75.85
v 84.92 -171.50 75.85
v 82.33 -171.50 77.98
v 83.60 -171.28 77.98
v 83.69 -171.76 77.98
v 82.41 -171.99 77.98
v 82.41 -171.99 80.11
v 83.69 -171.76 80.11
v 83.60 -171.28 80.11
v 82.33 -171.50 80.11
v 82.41 -171.99 77.98
v 83.69 -171.76 77.98
v 83.69 -171.76 80.11
v 82.41 -171.99 80.11
v 83.69 -171.76 77.98
v 83.60 -171.28 77.98
v 83.60 -171.28 80.11
v 83.69 -171.76 80.11
v 83.60 -171.28 77.98
v 82.33 -171.50 77.98
v 82.33 -171.50 80.11
v 83.60 -171.28 80.11
v 82.33 -171.50 77.98
v 82.41 -171.99 77.98
v 82.41 -171.99 80.11
v 82.33 -171.50 80.11
v 108.16 -180.05 73.67
v 109.64 -179.52 73.67
v 109.81 -179.98 73.67
v 108.33 -180.51 73.67
v 108.33 -180.51 75.75
v 109.81 -179.98 75.75
v 109.64 -179.52 75.75
v 108.16 -180.05 75.75
v 108.33 -180.51 73.67
v 109.81 -179.98 73.67
v 109.81 -179.98 75.75
v 108.33 -180.51 75.75
v 109.81 -179.98 73.67
v 109.64 -179.52 73.67
v 109.64 -179.52 75.75
v 109.81 -179.98 75.75
v 109.64 -179.52 73.67
v 108.16 -180.05 73.67
v 108.16 -180.05 75.75
v 109.64 -179.52 75.75
v 108.16 -180.05 73.67
v 108.33 -180.51 73.67
v 108.33 -180.51 75.75
v 108.16 -180.05 75.75
v 111.30 -180.05 73.67
v 112.78 -179.52 73.67
v 112.95 -179.98 73.67
v 111.47 -180.51 73.67
v 111.47 -180.51 75.75
v 112.95 -179.98 75.75
v 112.78 -179.52 75.75
v 111.30 -180.05 75.75
v 111.47 -180.51 73.67
v 112.95 -179.98 73.67
v 112.95 -179.98 75.75
v 111.47 -180.51 75.75
v 112.95 -179.98 73.67
v 112.78 -179.52 73.67
v 112.78 -179.52 75.75
v 112.95 -179.98 75.75
v 112.78 -179.52 73.67
v 111.30 -180.05 73.67
v 111.30 -180.05 75.75
v 112.78 -179.52 75.75
v 111.30 -180.05 73.67
v 111.47 -180.51 73.67
v 111.47 -180.51 75.75
v 111.30 -180.05 75.75
v 111.30 -180.05 77.83
v 112.78 -179.52 77.83
v 112.95 -179.98 77.83
v 111.47 -180.51 77.83
v 111.47 -180.51 79.90
v 112.95 -179.98 79.90
v 112.78 -179.52 79.90
v 111.30 -180.05 79.90
v 111.47 -180.51 77.83
v 112.95 -179.98 77.83
v 112.95 -179.98 79.90
v 111.47 -180.51 79.90
v 112.95 -179.98 77.83
v 112.78 -179.52 77.83
v 112.78 -179.52 79.90
v 112.95 -179.98 79.90
v 112.78 -179.52 77.83
v 111.30 -180.05 77.83
v 111.30 -180.05 79.90
v 112.78 -179.52 79.90
v 111.30 -180.05 77.83
v 111.47 -180.51 77.83
v 111.47 -180.51 79.90
v 111.30 -180.05 79.90
v 105.42 -171.56 79.45
v 106.85 -171.06 79.45
v 107.01 -171.52 79.45
v 105.58 -172.03 79.45
v 105.58 -172.03 82.07
v 107.01 -171.52 82.07
v 106.85 -171.06 82.07
v 105.42 -171.56 82.07
v 105.58 -172.03 79.45
v 107.01 -171.52 79.45
v 107.01 -171.52 82.07
v 105.58 -172.03 82.07
v 107.01 -171.52 79.45
v 106.85 -171.06 79.45
v 106.85 -171.06 82.07
v 107.01 -171.52 82.07
v 106.85 -171.06 79.45
v 105.42 -171.56 79.45
v 105.42 -171.56 82.07
v 106.85 -171.06 82.07
v 105.42 -171.56 79.45
v 105.58 -172.03 79.45
v 105.58 -172.03 82.07
v 105.42 -171.56 82.07
v 103.03 -164.13 73.21
v 104.18 -163.72 73.21
v 104.34 -164.18 73.21
v 103.19 -164.59 73.21
v 103.19 -164.59 74.82
v 104.34 -164.18 74.82
v 104.18 -163.72 74.82
v 103.03 -164.13 74.82
v 103.19 -164.59 73.21
v 104.34 -164.18 73.21
v 104.34 -164.18 74.82
v 103.19 -164.59 74.82
v 104.34 -164.18 73.21
v 104.18 -163.72 73.21
v 104.18 -163.72 74.82
v 104.34 -164.18 74.82
v 104.18 -163.72 73.21
v 103.03 -164.13 73.21
v 103.03 -164.13 74.82
v 104.18 -163.72 74.82
v 103.03 -164.13 73.21
v 103.19 -164.59 73.21
v 103.19 -164.59 74.82
v 103.03 -164.13 74.82
v 105.47 -164.13 73.21
v 106.61 -163.72 73.21
v 106.78 -164.18 73.21
v 105.63 -164.59 73.21
v 105.63 -164.59 74.82
v 106.78 -164.18 74.82
v 106.61 -163.72 74.82
v 105.47 -164.13 74.82
v 105.63 -164.59 73.21
v 106.78 -164.18 73.21
v 106.78 -164.18 74.82
v 105.63 -164.59 74.82
v 106.78 -164.18 73.21
v 106.61 -163.72 73.21
v 106.61 -163.72 74.82
v 106.78 -164.18 74.82
v 106.61 -163.72 73.21
v 105.47 -164.13 73.21
v 105.47 -164.13 74.82
v 106.61 -163.72 74.82
v 105.47 -164.13 73.21
v 105.63 -164.59 73.21
v 105.63 -164.59 74.82
v 105.47 -164.13 74.82
v 125.45 -161.01 76.45
v 126.44 -160.47 76.45
v 126.68 -160.90 76.45
v 125.69 -161.44 76.45
v 125.69 -161.44 78.07
v 126.68 -160.90 78.07
v 126.44 -160.47 78.07
v 125.45 -161.01 78.07
v 125.69 -161.44 76.45
v 126.68 -160.90 76.45
v 126.68 -160.90 78.07
v 125.69 -161.44 78.07
v 126.68 -160.90 76.45
v 126.44 -160.47 76.45
v 126.44 -160.47 78.07
v 126.68 -160.90 78.07
v 126.44 -160.47 76.45
v 125.45 -161.01 76.45
v 125.45 -161.01 78.07
v 126.44 -160.47 78.07
v 125.45 -161.01 76.45
v 125.69 -161.44 76.45
v 125.69 -161.44 78.07
v 125.45 -161.01 78.07
v 121.44 -153.94 73.28
v 122.42 -153.40 73.28
v 122.66 -153.83 73.28
v 121.68 -154.37 73.28
v 121.68 -154.37 74.96
v 122.66 -153.83 74.96
v 122.42 -153.40 74.96
v 121.44 -153.94 74.96
v 121.68 -154.37 73.28
v 122.66 -153.83 73.28
v 122.66 -153.83 74.96
v 121.68 -154.37 74.96
v 122.66 -153.83 73.28
v 122.42 -153.40 73.28
v 122.42 -153.40 74.96
v 122.66 -153.83 74.96
v 122.42 -153.40 73.28
v 121.44 -153.94 73.28
v 121.44 -153.94 74.96
v 122.42 -153.40 74.96
v 121.44 -153.94 73.28
v 121.68 -154.37 73.28
v 121.68 -154.37 74.96
v 121.44 -153.94 74.96
v 121.44 -153.94 76.65
v 122.42 -153.40 76.65
v 122.66 -153.83 76.65
v 121.68 -154.37 76.65
v 121.68 -154.37 78.33
v 122.66 -153.83 78.33
v 122.42 -153.40 78.33
v 121.44 -153.94 78.33
v 121.68 -154.37 76.65
v 122.66 -153.83 76.65
v 122.66 -153.83 78.33
v 121.68 -154.37 78.33
v 122.66 -153.83 76.65
v 122.42 -153.40 76.65
v 122.42 -153.40 78.33
v 122.66 -153.83 78.33
v 122.42 -153.40 76.65
v 121.44 -153.94 76.65
v 121.44 -153.94 78.33
v 122.42 -153.40 78.33
v 121.44 -153.94 76.65
v 121.68 -154.37 76.65
v 121.68 -154.37 78.33
v 121.44 -153.94 78.33
v 123.67 -153.94 76.65
v 124.65 -153.40 76.65
v 124.88 -153.83 76.65
v 123.91 -154.37 76.65
v 123.91 -154.37 78.33
v 124.88 -153.83 78.33
v 124.65 -153.40 78.33
v 123.67 -153.94 78.33
v 123.91 -154.37 76.65
v 124.88 -153.83 76.65
v 124.88 -153.83 78.33
v 123.91 -154.37 78.33
v 124.88 -153.83 76.65
v 124.65 -153.40 76.65
v 124.65 -153.40 78.33
v 124.88 -153.83 78.33
v 124.65 -153.40 76.65
v 123.67 -153.94 76.65
v 123.67 -153.94 78.33
v 124.65 -153.40 78.33
v 123.67 -153.94 76.65
v 123.91 -154.37 76.65
v 123.91 -154.37 78.33
v 123.67 -153.94 78.33
v 143.50 -150.64 74.72
v 144.46 -149.90 74.72
v 144.76 -150.28 74.72
v 143.80 -151.03 74.72
v 143.80 -151.03 77.84
v 144.76 -150.28 77.84
v 144.46 -149.90 77.84
v 143.50 -150.64 77.84
v 143.80 -151.03 74.72
v 144.76 -150.28 74.72
v 144.76 -150.28 77.84
v 143.80 -151.03 77.84
v 144.76 -150.28 74.72
v 144.46 -149.90 74.72
v 144.46 -149.90 77.84
v 144.76 -150.28 77.84
v 144.46 -149.90 74.72
v 143.50 -150.64 74.72
v 143.50 -150.64 77.84
v 144.46 -149.90 77.84
v 143.50 -150.64 74.72
v 143.80 -151.03 74.72
v 143.80 -151.03 77.84
v 143.50 -150.64 77.84
v 143.50 -150.64 80.96
v 144.46 -149.90 80.96
v 144.76 -150.28 80.96
v 143.80 -151.03 80.96
v 143.80 -151.03 84.08
v 144.76 -150.28 84.08
v 144.46 -149.90 84.08
v 143.50 -150.64 84.08
v 143.80 -151.03 80.96
v 144.76 -150.28 80.96
v 144.76 -150.28 84.08
v 143.80 -151.03 84.08
v 144.76 -150.28 80.96
v 144.46 -149.90 80.96
v 144.46 -149.90 84.08
v 144.76 -150.28 84.08
v 144.46 -149.90 80.96
v 143.50 -150.64 80.96
v 143.50 -150.64 84.08
v 144.46 -149.90 84.08
v 143.50 -150.64 80.96
v 143.80 -151.03 80.96
v 143.80 -151.03 84.08
v 143.50 -150.64 84.08
v 145.93 -150.64 80.96
v 146.89 -149.90 80.96
v 147.19 -150.28 80.96
v 146.23 -151.03 80.96
v 146.23 -151.03 84.08
v 147.19 -150.28 84.08
v 146.89 -149.90 84.08
v 145.93 -150.64 84.08
v 146.23 -151.03 80.96
v 147.19 -150.28 80.96
v 147.19 -150.28 84.08
v 146.23 -151.03 84.08
v 147.19 -150.28 80.96
v 146.89 -149.90 80.96
v 146.89 -149.90 84.08
v 147.19 -150.28 84.08
v 146.89 -149.90 80.96
v 145.93 -150.64 80.96
v 145.93 -150.64 84.08
v 146.89 -149.90 84.08
v 145.93 -150.64 80.96
v 146.23 -151.03 80.96
v 146.23 -151.03 84.08
v 145.93 -150.64 84.08
v -75.55 -179.40 58.99
v -74.64 -180.35 58.99
v -74.99 -180.69 58.99
v -75.90 -179.74 58.99
v -75.90 -179.74 60.38
v -74.99 -180.69 60.38
v -74.64 -180.35 60.38
v -75.55 -179.40 60.38
v -75.90 -179.74 58.99
v -74.99 -180.69 58.99
v -74.99 -180.69 60.38
v -75.90 -179.74 60.38
v -74.99 -180.69 58.99
v -74.64 -180.35 58.99
v -74.64 -180.35 60.38
v -74.99 -180.69 60.38
v -74.64 -180.35 58.99
v -75.55 -179.40 58.99
v -75.55 -179.40 60.38
v -74.64 -180.35 60.38
v -75.55 -179.40 58.99
v -75.90 -179.74 58.99
v -75.90 -179.74 60.38
v -75.55 -179.40 60.38
v -72.92 -179.40 58.99
v -72.01 -180.35 58.99
v -72.37 -180.69 58.99
v -73.27 -179.74 58.99
v -73.27 -179.74 60.38
v -72.37 -180.69 60.38
v -72.01 -180.35 60.38
v -72.92 -179.40 60.38
v -73.27 -179.74 58.99
v -72.37 -180.69 58.99
v -72.37 -180.69 60.38
v -73.27 -179.74 60.38
v -72.37 -180.69 58.99
v -72.01 -180.35 58.99
v -72.01 -180.35 60.38
v -72.37 -180.69 60.38
v -72.01 -180.35 58.99
v -72.92 -179.40 58.99
v -72.92 -179.40 60.38
v -72.01 -180.35 60.38
v -72.92 -179.40 58.99
v -73.27 -179.74 58.99
v -73.27 -179.74 60.38
v -72.92 -179.40 60.38
v -75.55 -179.40 61.77
v -74.64 -180.35 61.77
v -74.99 -180.69 61.77
v -75.90 -179.74 61.77
v -75.90 -179.74 63.15
v -74.99 -180.69 63.15
v -74.64 -180.35 63.15
v -75.55 -179.40 63.15
v -75.90 -179.74 61.77
v -74.99 -180.69 61.77
v -74.99 -180.69 63.15
v -75.90 -179.74 63.15
v -74.99 -180.69 61.77
v -74.64 -180.35 61.77
v -74.64 -180.35 63.15
v -74.99 -180.69 63.15
v -74.64 -180.35 61.77
v -75.55 -179.40 61.77
v -75.55 -179.40 63.15
v -74.64 -180.35 63.15
v -75.55 -179.40 61.77
v -75.90 -179.74 61.77
v -75.90 -179.74 63.15
v -75.55 -179.40 63.15
v -72.92 -179.40 61.77
v -72.01 -180.35 61.77
v -72.37 -180.69 61.77
v -73.27 -179.74 61.77
v -73.27 -179.74 63.15
v -72.37 -180.69 63.15
v -72.01 -180.35 63.15
v -72.92 -179.40 63.15
v -73.27 -179.74 61.77
v -72.37 -180.69 61.77
v -72.37 -180.69 63.15
v -73.27 -179.74 63.15
v -72.37 -180.69 61.77
v -72.01 -180.35 61.77
v -72.01 -180.35 63.15
v -72.37 -180.69 63.15
v -72.01 -180.35 61.77
v -72.92 -179.40 61.77
v -72.92 -179.40 63.15
v -72.01 -180.35 63.15
v -72.92 -179.40 61.77
v -73.27 -179.74 61.77
v -73.27 -179.74 63.15
v -72.92 -179.40 63.15
v -68.26 -170.98 67.49
v -67.15 -172.14 67.49
v -67.51 -172.48 67.49
v -68.61 -171.32 67.49
v -68.61 -171.32 70.78
v -67.51 -172.48 70.78
v -67.15 -172.14 70.78
v -68.26 -170.98 70.78
v -68.61 -171.32 67.49
v -67.51 -172.48 67.49
v -67.51 -172.48 70.78
v -68.61 -171.32 70.78
v -67.51 -172.48 67.49
v -67.15 -172.14 67.49
v -67.15 -172.14 70.78
v -67.51 -172.48 70.78
v -67.15 -172.14 67.49
v -68.26 -170.98 67.49
v -68.26 -170.98 70.78
v -67.15 -172.14 70.78
v -68.26 -170.98 67.49
v -68.61 -171.32 67.49
v -68.61 -171.32 70.78
v -68.26 -170.98 70.78
v -57.53 -164.54 62.40
v -56.59 -165.52 62.40
v -56.94 -165.86 62.40
v -57.88 -164.88 62.40
v -57.88 -164.88 64.00
v -56.94 -165.86 64.00
v -56.59 -165.52 64.00
v -57.53 -164.54 64.00
v -57.88 -164.88 62.40
v -56.94 -165.86 62.40
v -56.94 -165.86 64.00
v -57.88 -164.88 64.00
v -56.94 -165.86 62.40
v -56.59 -165.52 62.40
v -56.59 -165.52 64.00
v -56.94 -165.86 64.00
v -56.59 -165.52 62.40
v -57.53 -164.54 62.40
v -57.53 -164.54 64.00
v -56.59 -165.52 64.00
v -57.53 -164.54 62.40
v -57.88 -164.88 62.40
v -57.88 -164.88 64.00
v -57.53 -164.54 64.00
v -52.10 -192.13 60.15
v -51.20 -192.84 60.15
v -51.49 -193.22 60.15
v -52.40 -192.52 60.15
v -52.40 -192.52 62.69
v -51.49 -193.22 62.69
v -51.20 -192.84 62.69
v -52.10 -192.13 62.69
v -52.40 -192.52 60.15
v -51.49 -193.22 60.15
v -51.49 -193.22 62.69
v -52.40 -192.52 62.69
v -51.49 -193.22 60.15
v -51.20 -192.84 60.15
v -51.20 -192.84 62.69
v -51.49 -193.22 62.69
v -51.20 -192.84 60.15
v -52.10 -192.13 60.15
v -52.10 -192.13 62.69
v -51.20 -192.84 62.69
v -52.10 -192.13 60.15
v -52.40 -192.52 60.15
v -52.40 -192.52 62.69
v -52.10 -192.13 62.69
v -49.80 -192.13 65.23
v -48.89 -192.84 65.23
v -49.20 -193.22 65.23
v -50.10 -192.52 65.23
v -50.10 -192.52 67.78
v -49.20 -193.22 67.78
v -48.89 -192.84 67.78
v -49.80 -192.13 67.78
v -50.10 -192.52 65.23
v -49.20 -193.22 65.23
v -49.20 -193.22 67.78
v -50.10 -192.52 67.78
v -49.20 -193.22 65.23
v -48.89 -192.84 65.23
v -48.89 -192.84 67.78
v -49.20 -193.22 67.78
v -48.89 -192.84 65.23
v -49.80 -192.13 65.23
v -49.80 -192.13 67.78
v -48.89 -192.84 67.78
v -49.80 -192.13 65.23
v -50.10 -192.52 65.23
v -50.10 -192.52 67.78
v -49.80 -192.13 67.78
v -45.83 -184.09 59.79
v -44.89 -184.82 59.79
v -45.19 -185.20 59.79
v -46.13 -184.48 59.79
v -46.13 -184.48 61.98
v -45.19 -185.20 61.98
v -44.89 -184.82 61.98
v -45.83 -184.09 61.98
v -46.13 -184.48 59.79
v -45.19 -185.20 59.79
v -45.19 -185.20 61.98
v -46.13 -184.48 61.98
v -45.19 -185.20 59.79
v -44.89 -184.82 59.79
v -44.89 -184.82 61.98
v -45.19 -185.20 61.98
v -44.89 -184.82 59.79
v -45.83 -184.09 59.79
v -45.83 -184.09 61.98
v -44.89 -184.82 61.98
v -45.83 -184.09 59.79
v -46.13 -184.48 59.79
v -46.13 -184.48 61.98
v -45.83 -184.09 61.98
v -39.54 -176.19 63.57
v -38.59 -176.94 63.57
v -38.89 -177.32 63.57
v -39.84 -176.58 63.57
v -39.84 -176.58 65.56
v -38.89 -177.32 65.56
v -38.59 -176.94 65.56
v -39.54 -176.19 65.56
v -39.84 -176.58 63.57
v -38.89 -177.32 63.57
v -38.89 -177.32 65.56
v -39.84 -176.58 65.56
v -38.89 -177.32 63.57
v -38.59 -176.94 63.57
v -38.59 -176.94 65.56
v -38.89 -177.32 65.56
v -38.59 -176.94 63.57
v -39.54 -176.19 63.57
v -39.54 -176.19 65.56
v -38.59 -176.94 65.56
v -39.54 -176.19 63.57
v -39.84 -176.58 63.57
v -39.84 -176.58 65.56
v -39.54 -176.19 65.56
v -37.12 -176.19 63.57
v -36.16 -176.94 63.57
v -36.46 -177.32 63.57
v -37.42 -176.58 63.57
v -37.42 -176.58 65.56
v -36.46 -177.32 65.56
v -36.16 -176.94 65.56
v -37.12 -176.19 65.56
v -37.42 -176.58 63.57
v -36.46 -177.32 63.57
v -36.46 -177.32 65.56
v -37.42 -176.58 65.56
v -36.46 -177.32 63.57
v -36.16 -176.94 63.57
v -36.16 -176.94 65.56
v -36.46 -177.32 65.56
v -36.16 -176.94 63.57
v -37.12 -176.19 63.57
v -37.12 -176.19 65.56
v -36.16 -176.94 65.56
v -37.12 -176.19 63.57
v -37.42 -176.58 63.57
v -37.42 -176.58 65.56
v -37.12 -176.19 65.56
v -26.78 -202.56 59.29
v -25.48 -203.28 59.29
v -25.71 -203.71 59.29
v -27.02 -202.99 59.29
v -27.02 -202.99 60.98
v -25.71 -203.71 60.98
v -25.48 -203.28 60.98
v -26.78 -202.56 60.98
v -27.02 -202.99 59.29
v -25.71 -203.71 59.29
v -25.71 -203.71 60.98
v -27.02 -202.99 60.98
v -25.71 -203.71 59.29
v -25.48 -203.28 59.29
v -25.48 -203.28 60.98
v -25.71 -203.71 60.98
v -25.48 -203.28 59.29
v -26.78 -202.56 59.29
v -26.78 -202.56 60.98
v -25.48 -203.28 60.98
v -26.78 -202.56 59.29
v -27.02 -202.99 59.29
v -27.02 -202.99 60.98
v -26.78 -202.56 60.98
v -26.78 -202.56 62.68
v -25.48 -203.28 62.68
v -25.71 -203.71 62.68
v -27.02 -202.99 62.68
v -27.02 -202.99 64.37
v -25.71 -203.71 64.37
v -25.48 -203.28 64.37
v -26.78 -202.56 64.37
v -27.02 -202.99 62.68
v -25.71 -203.71 62.68
v -25.71 -203.71 64.37
v -27.02 -202.99 64.37
v -25.71 -203.71 62.68
v -25.48 -203.28 62.68
v -25.48 -203.28 64.37
v -25.71 -203.71 64.37
v -25.48 -203.28 62.68
v -26.78 -202.56 62.68
v -26.78 -202.56 64.37
v -25.48 -203.28 64.37
v -26.78 -202.56 62.68
v -27.02 -202.99 62.68
v -27.02 -202.99 64.37
v -26.78 -202.56 64.37
v -23.80 -202.56 62.68
v -22.50 -203.28 62.68
v -22.73 -203.71 62.68
v -24.04 -202.99 62.68
v -24.04 -202.99 64.37
v -22.73 -203.71 64.37
v -22.50 -203.28 64.37
v -23.80 -202.56 64.37
v -24.04 -202.99 62.68
v -22.73 -203.71 62.68
v -22.73 -203.71 64.37
v -24.04 -202.99 64.37
v -22.73 -203.71 62.68
v -22.50 -203.28 62.68
v -22.50 -203.28 64.37
v -22.73 -203.71 64.37
v -22.50 -203.28 62.68
v -23.80 -202.56 62.68
v -23.80 -202.56 64.37
v -22.50 -203.28 64.37
v -23.80 -202.56 62.68
v -24.04 -202.99 62.68
v -24.04 -202.99 64.37
v -23.80 -202.56 64.37
v -19.14 -193.99 60.03
v -18.06 -194.58 60.03
v -18.30 -195.00 60.03
v -19.37 -194.41 60.03
v -19.37 -194.41 62.46
v -18.30 -195.00 62.46
v -18.06 -194.58 62.46
v -19.14 -193.99 62.46
v -19.37 -194.41 60.03
v -18.30 -195.00 60.03
v -18.30 -195.00 62.46
v -19.37 -194.41 62.46
v -18.30 -195.00 60.03
v -18.06 -194.58 60.03
v -18.06 -194.58 62.46
v -18.30 -195.00 62.46
v -18.06 -194.58 60.03
v -19.14 -193.99 60.03
v -19.14 -193.99 62.46
v -18.06 -194.58 62.46
v -19.14 -193.99 60.03
v -19.37 -194.41 60.03
v -19.37 -194.41 62.46
v -19.14 -193.99 62.46
v -19.14 -193.99 64.89
v -18.06 -194.58 64.89
v -18.30 -195.00 64.89
v -19.37 -194.41 64.89
v -19.37 -194.41 67.32
v -18.30 -195.00 67.32
v -18.06 -194.58 67.32
v -19.14 -193.99 67.32
v -19.37 -194.41 64.89
v -18.30 -195.00 64.89
v -18.30 -195.00 67.32
v -19.37 -194.41 67.32
v -18.30 -195.00 64.89
v -18.06 -194.58 64.89
v -18.06 -194.58 67.32
v -18.30 -195.00 67.32
v -18.06 -194.58 64.89
v -19.14 -193.99 64.89
v -19.14 -193.99 67.32
v -18.06 -194.58 67.32
v -19.14 -193.99 64.89
v -19.37 -194.41 64.89
v -19.37 -194.41 67.32
v -19.14 -193.99 67.32
v -16.92 -185.34 59.63
v -15.75 -185.99 59.63
v -15.99 -186.42 59.63
v -17.15 -185.77 59.63
v -17.15 -185.77 61.66
v -15.99 -186.42 61.66
v -15.75 -185.99 61.66
v -16.92 -185.34 61.66
v -17.15 -185.77 59.63
v -15.99 -186.42 59.63
v -15.99 -186.42 61.66
v -17.15 -185.77 61.66
v -15.99 -186.42 59.63
v -15.75 -185.99 59.63
v -15.75 -185.99 61.66
v -15.99 -186.42 61.66
v -15.75 -185.99 59.63
v -16.92 -185.34 59.63
v -16.92 -185.34 61.66
v -15.75 -185.99 61.66
v -16.92 -185.34 59.63
v -17.15 -185.77 59.63
v -17.15 -185.77 61.66
v -16.92 -185.34 61.66
v 2.62 -210.74 59.20
v 3.85 -211.18 59.20
v 3.68 -211.64 59.20
v 2.46 -211.21 59.20
v 2.46 -211.21 60.80
v 3.68 -211.64 60.80
v 3.85 -211.18 60.80
v 2.62 -210.74 60.80
v 2.46 -211.21 59.20
v 3.68 -211.64 59.20
v 3.68 -211.64 60.80
v 2.46 -211.21 60.80
v 3.68 -211.64 59.20
v 3.85 -211.18 59.20
v 3.85 -211.18 60.80
v 3.68 -211.64 60.80
v 3.85 -211.18 59.20
v 2.62 -210.74 59.20
v 2.62 -210.74 60.80
v 3.85 -211.18 60.80
v 2.62 -210.74 59.20
v 2.46 -211.21 59.20
v 2.46 -211.21 60.80
v 2.62 -210.74 60.80
v 2.62 -210.74 62.40
v 3.85 -211.18 62.40
v 3.68 -211.64 62.40
v 2.46 -211.21 62.40
v 2.46 -211.21 64.00
v 3.68 -211.64 64.00
v 3.85 -211.18 64.00
v 2.62 -210.74 64.00
v 2.46 -211.21 62.40
v 3.68 -211.64 62.40
v 3.68 -211.64 64.00
v 2.46 -211.21 64.00
v 3.68 -211.64 62.40
v 3.85 -211.18 62.40
v 3.85 -211.18 64.00
v 3.68 -211.64 64.00
v 3.85 -211.18 62.40
v 2.62 -210.74 62.40
v 2.62 -210.74 64.00
v 3.85 -211.18 64.00
v 2.62 -210.74 62.40
v 2.46 -211.21 62.40
v 2.46 -211.21 64.00
v 2.62 -210.74 64.00
v 5.86 -201.46 60.76
v 7.02 -201.88 60.76
v 6.86 -202.34 60.76
v 5.69 -201.93 60.76
v 5.69 -201.93 63.92
v 6.86 -202.34 63.92
v 7.02 -201.88 63.92
v 5.86 -201.46 63.92
v 5.69 -201.93 60.76
v 6.86 -202.34 60.76
v 6.86 -202.34 63.92
v 5.69 -201.93 63.92
v 6.86 -202.34 60.76
v 7.02 -201.88 60.76
v 7.02 -201.88 63.92
v 6.86 -202.34 63.92
v 7.02 -201.88 60.76
v 5.86 -201.46 60.76
v 5.86 -201.46 63.92
v 7.02 -201.88 63.92
v 5.86 -201.46 60.76
v 5.69 -201.93 60.76
v 5.69 -201.93 63.92
v 5.86 -201.46 63.92
v 5.86 -201.46 67.07
v 7.02 -201.88 67.07
v 6.86 -202.34 67.07
v 5.69 -201.93 67.07
v 5.69 -201.93 70.23
v 6.86 -202.34 70.23
v 7.02 -201.88 70.23
v 5.86 -201.46 70.23
v 5.69 -201.93 67.07
v 6.86 -202.34 67.07
v 6.86 -202.34 70.23
v 5.69 -201.93 70.23
v 6.86 -202.34 67.07
v 7.02 -201.88 67.07
v 7.02 -201.88 70.23
v 6.86 -202.34 70.23
v 7.02 -201.88 67.07
v 5.86 -201.46 67.07
v 5.86 -201.46 70.23
v 7.02 -201.88 70.23
v 5.86 -201.46 67.07
v 5.69 -201.93 67.07
v 5.69 -201.93 70.23
v 5.86 -201.46 70.23
v 9.25 -192.52 59.56
v 10.64 -193.01 59.56
v 10.47 -193.47 59.56
v 9.09 -192.98 59.56
v 9.09 -192.98 61.53
v 10.47 -193.47 61.53
v 10.64 -193.01 61.53
v 9.25 -192.52 61.53
v 9.09 -192.98 59.56
v 10.47 -193.47 59.56
v 10.47 -193.47 61.53
v 9.09 -192.98 61.53
v 10.47 -193.47 59.56
v 10.64 -193.01 59.56
v 10.64 -193.01 61.53
v 10.47 -193.47 61.53
v 10.64 -193.01 59.56
v 9.25 -192.52 59.56
v 9.25 -192.52 61.53
v 10.64 -193.01 61.53
v 9.25 -192.52 59.56
v 9.09 -192.98 59.56
v 9.09 -192.98 61.53
v 9.25 -192.52 61.53
v 26.92 -218.78 59.56
v 28.51 -219.06 59.56
v 28.42 -219.54 59.56
v 26.84 -219.27 59.56
v 26.84 -219.27 61.51
v 28.42 -219.54 61.51
v 28.51 -219.06 61.51
v 26.92 -218.78 61.51
v 26.84 -219.27 59.56
v 28.42 -219.54 59.56
v 28.42 -219.54 61.51
v 26.84 -219.27 61.51
v 28.42 -219.54 59.56
v 28.51 -219.06 59.56
v 28.51 -219.06 61.51
v 28.42 -219.54 61.51
v 28.51 -219.06 59.56
v 26.92 -218.78 59.56
v 26.92 -218.78 61.51
v 28.51 -219.06 61.51
v 26.92 -218.78 59.56
v 26.84 -219.27 59.56
v 26.84 -219.27 61.51
v 26.92 -218.78 61.51
v 30.14 -218.78 59.56
v 31.73 -219.06 59.56
v 31.65 -219.54 59.56
v 30.06 -219.27 59.56
v 30.06 -219.27 61.51
v 31.65 -219.54 61.51
v 31.73 -219.06 61.51
v 30.14 -218.78 61.51
v 30.06 -219.27 59.56
v 31.65 -219.54 59.56
v 31.65 -219.54 61.51
v 30.06 -219.27 61.51
v 31.65 -219.54 59.56
v 31.73 -219.06 59.56
v 31.73 -219.06 61.51
v 31.65 -219.54 61.51
v 31.73 -219.06 59.56
v 30.14 -218.78 59.56
v 30.14 -218.78 61.51
v 31.73 -219.06 61.51
v 30.14 -218.78 59.56
v 30.06 -219.27 59.56
v 30.06 -219.27 61.51
v 30.14 -218.78 61.51
v 28.98 -208.21 59.77
v 30.31 -208.44 59.77
v 30.23 -208.92 59.77
v 28.89 -208.69 59.77
v 28.89 -208.69 61.95
v 30.23 -208.92 61.95
v 30.31 -208.44 61.95
v 28.98 -208.21 61.95
v 28.89 -208.69 59.77
v 30.23 -208.92 59.77
v 30.23 -208.92 61.95
v 28.89 -208.69 61.95
v 30.23 -208.92 59.77
v 30.31 -208.44 59.77
v 30.31 -208.44 61.95
v 30.23 -208.92 61.95
v 30.31 -208.44 59.77
v 28.98 -208.21 59.77
v 28.98 -208.21 61.95
v 30.31 -208.44 61.95
v 28.98 -208.21 59.77
v 28.89 -208.69 59.77
v 28.89 -208.69 61.95
v 28.98 -208.21 61.95
v 31.68 -208.21 59.77
v 33.02 -208.44 59.77
v 32.93 -208.92 59.77
v 31.60 -208.69 59.77
v 31.60 -208.69 61.95
v 32.93 -208.92 61.95
v 33.02 -208.44 61.95
v 31.68 -208.21 61.95
v 31.60 -208.69 59.77
v 32.93 -208.92 59.77
v 32.93 -208.92 61.95
v 31.60 -208.69 61.95
v 32.93 -208.92 59.77
v 33.02 -208.44 59.77
v 33.02 -208.44 61.95
v 32.93 -208.92 61.95
v 33.02 -208.44 59.77
v 31.68 -208.21 59.77
v 31.68 -208.21 61.95
v 33.02 -208.44 61.95
v 31.68 -208.21 59.77
v 31.60 -208.69 59.77
v 31.60 -208.69 61.95
v 31.68 -208.21 61.95
v 28.98 -208.21 64.12
v 30.31 -208.44 64.12
v 30.23 -208.92 64.12
v 28.89 -208.69 64.12
v 28.89 -208.69 66.29
v 30.23 -208.92 66.29
v 30.31 -208.44 66.29
v 28.98 -208.21 66.29
v 28.89 -208.69 64.12
v 30.23 -208.92 64.12
v 30.23 -208.92 66.29
v 28.89 -208.69 66.29
v 30.23 -208.92 64.12
v 30.31 -208.44 64.12
v 30.31 -208.44 66.29
v 30.23 -208.92 66.29
v 30.31 -208.44 64.12
v 28.98 -208.21 64.12
v 28.98 -208.21 66.29
v 30.31 -208.44 66.29
v 28.98 -208.21 64.12
v 28.89 -208.69 64.12
v 28.89 -208.69 66.29
v 28.98 -208.21 66.29
v 31.68 -208.21 64.12
v 33.02 -208.44 64.12
v 32.93 -208.92 64.12
v 31.60 -208.69 64.12
v 31.60 -208.69 66.29
v 32.93 -208.92 66.29
v 33.02 -208.44 66.29
v 31.68 -208.21 66.29
v 31.60 -208.69 64.12
v 32.93 -208.92 64.12
v 32.93 -208.92 66.29
v 31.60 -208.69 66.29
v 32.93 -208.92 64.12
v 33.02 -208.44 64.12
v 33.02 -208.44 66.29
v 32.93 -208.92 66.29
v 33.02 -208.44 64.12
v 31.68 -208.21 64.12
v 31.68 -208.21 66.29
v 33.02 -208.44 66.29
v 31.68 -208.21 64.12
v 31.60 -208.69 64.12
v 31.60 -208.69 66.29
v 31.68 -208.21 66.29
v 33.26 -199.68 60.80
v 34.41 -199.88 60.80
v 34.32 -200.36 60.80
v 33.17 -200.16 60.80
v 33.17 -200.16 64.01
v 34.32 -200.36 64.01
v 34.41 -199.88 64.01
v 33.26 -199.68 64.01
v 33.17 -200.16 60.80
v 34.32 -200.36 60.80
v 34.32 -200.36 64.01
v 33.17 -200.16 64.01
v 34.32 -200.36 60.80
v 34.41 -199.88 60.80
v 34.41 -199.88 64.01
v 34.32 -200.36 64.01
v 34.41 -199.88 60.80
v 33.26 -199.68 60.80
v 33.26 -199.68 64.01
v 34.41 -199.88 64.01
v 33.26 -199.68 60.80
v 33.17 -200.16 60.80
v 33.17 -200.16 64.01
v 33.26 -199.68 64.01
v 33.26 -199.68 67.21
v 34.41 -199.88 67.21
v 34.32 -200.36 67.21
v 33.17 -200.16 67.21
v 33.17 -200.16 70.41
v 34.32 -200.36 70.41
v 34.41 -199.88 70.41
v 33.26 -199.68 70.41
v 33.17 -200.16 67.21
v 34.32 -200.36 67.21
v 34.32 -200.36 70.41
v 33.17 -200.16 70.41
v 34.32 -200.36 67.21
v 34.41 -199.88 67.21
v 34.41 -199.88 70.41
v 34.32 -200.36 70.41
v 34.41 -199.88 67.21
v 33.26 -199.68 67.21
v 33.26 -199.68 70.41
v 34.41 -199.88 70.41
v 33.26 -199.68 67.21
v 33.17 -200.16 67.21
v 33.17 -200.16 70.41
v 33.26 -199.68 70.41
v 58.80 -221.86 61.54
v 60.39 -221.86 61.54
v 60.39 -222.35 61.54
v 58.80 -222.35 61.54
v 58.80 -222.35 62.85
v 60.39 -222.35 62.85
v 60.39 -221.86 62.85
v 58.80 -221.86 62.85
v 58.80 -222.35 61.54
v 60.39 -222.35 61.54
v 60.39 -222.35 62.85
v 58.80 -222.35 62.85
v 60.39 -222.35 61.54
v 60.39 -221.86 61.54
v 60.39 -221.86 62.85
v 60.39 -222.35 62.85
v 60.39 -221.86 61.54
v 58.80 -221.86 61.54
v 58.80 -221.86 62.85
v 60.39 -221.86 62.85
v 58.80 -221.86 61.54
v 58.80 -222.35 61.54
v 58.80 -222.35 62.85
v 58.80 -221.86 62.85
v 58.67 -212.38 59.77
v 60.00 -212.38 59.77
v 60.00 -212.87 59.77
v 58.67 -212.87 59.77
v 58.67 -212.87 61.94
v 60.00 -212.87 61.94
v 60.00 -212.38 61.94
v 58.67 -212.38 61.94
v 58.67 -212.87 59.77
v 60.00 -212.87 59.77
v 60.00 -212.87 61.94
v 58.67 -212.87 61.94
v 60.00 -212.87 59.77
v 60.00 -212.38 59.77
v 60.00 -212.38 61.94
v 60.00 -212.87 61.94
v 60.00 -212.38 59.77
v 58.67 -212.38 59.77
v 58.67 -212.38 61.94
v 60.00 -212.38 61.94
v 58.67 -212.38 59.77
v 58.67 -212.87 59.77
v 58.67 -212.87 61.94
v 58.67 -212.38 61.94
v 56.00 -212.38 64.11
v 57.33 -212.38 64.11
v 57.33 -212.87 64.11
v 56.00 -212.87 64.11
v 56.00 -212.87 66.28
v 57.33 -212.87 66.28
v 57.33 -212.38 66.28
v 56.00 -212.38 66.28
v 56.00 -212.87 64.11
v 57.33 -212.87 64.11
v 57.33 -212.87 66.28
v 56.00 -212.87 66.28
v 57.33 -212.87 64.11
v 57.33 -212.38 64.11
v 57.33 -212.38 66.28
v 57.33 -212.87 66.28
v 57.33 -212.38 64.11
v 56.00 -212.38 64.11
v 56.00 -212.38 66.28
v 57.33 -212.38 66.28
v 56.00 -212.38 64.11
v 56.00 -212.87 64.11
v 56.00 -212.87 66.28
v 56.00 -212.38 66.28
v 56.34 -202.68 59.27
v 57.45 -202.68 59.27
v 57.45 -203.17 59.27
v 56.34 -203.17 59.27
v 56.34 -203.17 60.95
v 57.45 -203.17 60.95
v 57.45 -202.68 60.95
v 56.34 -202.68 60.95
v 56.34 -203.17 59.27
v 57.45 -203.17 59.27
v 57.45 -203.17 60.95
v 56.34 -203.17 60.95
v 57.45 -203.17 59.27
v 57.45 -202.68 59.27
v 57.45 -202.68 60.95
v 57.45 -203.17 60.95
v 57.45 -202.68 59.27
v 56.34 -202.68 59.27
v 56.34 -202.68 60.95
v 57.45 -202.68 60.95
v 56.34 -202.68 59.27
v 56.34 -203.17 59.27
v 56.34 -203.17 60.95
v 56.34 -202.68 60.95
v 84.65 -219.38 62.40
v 86.11 -219.12 62.40
v 86.20 -219.61 62.40
v 84.73 -219.86 62.40
v 84.73 -219.86 64.00
v 86.20 -219.61 64.00
v 86.11 -219.12 64.00
v 84.65 -219.38 64.00
v 84.73 -219.86 62.40
v 86.20 -219.61 62.40
v 86.20 -219.61 64.00
v 84.73 -219.86 64.00
v 86.20 -219.61 62.40
v 86.11 -219.12 62.40
v 86.11 -219.12 64.00
v 86.20 -219.61 64.00
v 86.11 -219.12 62.40
v 84.65 -219.38 62.40
v 84.65 -219.38 64.00
v 86.11 -219.12 64.00
v 84.65 -219.38 62.40
v 84.73 -219.86 62.40
v 84.73 -219.86 64.00
v 84.65 -219.38 64.00
v 85.84 -209.53 58.93
v 87.11 -209.31 58.93
v 87.20 -209.79 58.93
v 85.93 -210.01 58.93
v 85.93 -210.01 60.27
v 87.20 -209.79 60.27
v 87.11 -209.31 60.27
v 85.84 -209.53 60.27
v 85.93 -210.01 58.93
v 87.20 -209.79 58.93
v 87.20 -209.79 60.27
v 85.93 -210.01 60.27
v 87.20 -209.79 58.93
v 87.11 -209.31 58.93
v 87.11 -209.31 60.27
v 87.20 -209.79 60.27
v 87.11 -209.31 58.93
v 85.84 -209.53 58.93
v 85.84 -209.53 60.27
v 87.11 -209.31 60.27
v 85.84 -209.53 58.93
v 85.93 -210.01 58.93
v 85.93 -210.01 60.27
v 85.84 -209.53 60.27
v 83.26 -209.53 61.60
v 84.53 -209.31 61.60
v 84.62 -209.79 61.60
v 83.34 -210.01 61.60
v 83.34 -210.01 62.93
v 84.62 -209.79 62.93
v 84.53 -209.31 62.93
v 83.26 -209.53 62.93
v 83.34 -210.01 61.60
v 84.62 -209.79 61.60
v 84.62 -209.79 62.93
v 83.34 -210.01 62.93
v 84.62 -209.79 61.60
v 84.53 -209.31 61.60
v 84.53 -209.31 62.93
v 84.62 -209.79 62.93
v 84.53 -209.31 61.60
v 83.26 -209.53 61.60
v 83.26 -209.53 62.93
v 84.53 -209.31 62.93
v 83.26 -209.53 61.60
v 83.34 -210.01 61.60
v 83.34 -210.01 62.93
v 83.26 -209.53 62.93
v 81.25 -200.28 58.99
v 82.74 -200.02 58.99
v 82.82 -200.50 58.99
v 81.33 -200.76 58.99
v 81.33 -200.76 60.39
v 82.82 -200.50 60.39
v 82.74 -200.02 60.39
v 81.25 -200.28 60.39
v 81.33 -200.76 58.99
v 82.82 -200.50 58.99
v 82.82 -200.50 60.39
v 81.33 -200.76 60.39
v 82.82 -200.50 58.99
v 82.74 -200.02 58.99
v 82.74 -200.02 60.39
v 82.82 -200.50 60.39
v 82.74 -200.02 58.99
v 81.25 -200.28 58.99
v 81.25 -200.28 60.39
v 82.74 -200.02 60.39
v 81.25 -200.28 58.99
v 81.33 -200.76 58.99
v 81.33 -200.76 60.39
v 81.25 -200.28 60.39
v 81.25 -200.28 61.78
v 82.74 -200.02 61.78
v 82.82 -200.50 61.78
v 81.33 -200.76 61.78
v 81.33 -200.76 63.17
v 82.82 -200.50 63.17
v 82.74 -200.02 63.17
v 81.25 -200.28 63.17
v 81.33 -200.76 61.78
v 82.82 -200.50 61.78
v 82.82 -200.50 63.17
v 81.33 -200.76 63.17
v 82.82 -200.50 61.78
v 82.74 -200.02 61.78
v 82.74 -200.02 63.17
v 82.82 -200.50 63.17
v 82.74 -200.02 61.78
v 81.25 -200.28 61.78
v 81.25 -200.28 63.17
v 82.74 -200.02 63.17
v 81.25 -200.28 61.78
v 81.33 -200.76 61.78
v 81.33 -200.76 63.17
v 81.25 -200.28 63.17
v 112.02 -210.99 59.42
v 113.09 -210.60 59.42
v 113.25 -211.06 59.42
v 112.18 -211.45 59.42
v 112.18 -211.45 61.24
v 113.25 -211.06 61.24
v 113.09 -210.60 61.24
v 112.02 -210.99 61.24
v 112.18 -211.45 59.42
v 113.25 -211.06 59.42
v 113.25 -211.06 61.24
v 112.18 -211.45 61.24
v 113.25 -211.06 59.42
v 113.09 -210.60 59.42
v 113.09 -210.60 61.24
v 113.25 -211.06 61.24
v 113.09 -210.60 59.42
v 112.02 -210.99 59.42
v 112.02 -210.99 61.24
v 113.09 -210.60 61.24
v 112.02 -210.99 59.42
v 112.18 -211.45 59.42
v 112.18 -211.45 61.24
v 112.02 -210.99 61.24
v 108.09 -201.89 59.52
v 109.60 -201.36 59.52
v 109.77 -201.82 59.52
v 108.26 -202.35 59.52
v 108.26 -202.35 61.44
v 109.77 -201.82 61.44
v 109.60 -201.36 61.44
v 108.09 -201.89 61.44
v 108.26 -202.35 59.52
v 109.77 -201.82 59.52
v 109.77 -201.82 61.44
v 108.26 -202.35 61.44
v 109.77 -201.82 59.52
v 109.60 -201.36 59.52
v 109.60 -201.36 61.44
v 109.77 -201.82 61.44
v 109.60 -201.36 59.52
v 108.09 -201.89 59.52
v 108.09 -201.89 61.44
v 109.60 -201.36 61.44
v 108.09 -201.89 59.52
v 108.26 -202.35 59.52
v 108.26 -202.35 61.44
v 108.09 -201.89 61.44
v 111.29 -201.89 59.52
v 112.80 -201.36 59.52
v 112.96 -201.82 59.52
v 111.46 -202.35 59.52
v 111.46 -202.35 61.44
v 112.96 -201.82 61.44
v 112.80 -201.36 61.44
v 111.29 -201.89 61.44
v 111.46 -202.35 59.52
v 112.96 -201.82 59.52
v 112.96 -201.82 61.44
v 111.46 -202.35 61.44
v 112.96 -201.82 59.52
v 112.80 -201.36 59.52
v 112.80 -201.36 61.44
v 112.96 -201.82 61.44
v 112.80 -201.36 59.52
v 111.29 -201.89 59.52
v 111.29 -201.89 61.44
v 112.80 -201.36 61.44
v 111.29 -201.89 59.52
v 111.46 -202.35 59.52
v 111.46 -202.35 61.44
v 111.29 -201.89 61.44
v 111.29 -201.89 63.36
v 112.80 -201.36 63.36
v 112.96 -201.82 63.36
v 111.46 -202.35 63.36
v 111.46 -202.35 65.28
v 112.96 -201.82 65.28
v 112.80 -201.36 65.28
v 111.29 -201.89 65.28
v 111.46 -202.35 63.36
v 112.96 -201.82 63.36
v 112.96 -201.82 65.28
v 111.46 -202.35 65.28
v 112.96 -201.82 63.36
v 112.80 -201.36 63.36
v 112.80 -201.36 65.28
v 112.96 -201.82 65.28
v 112.80 -201.36 63.36
v 111.29 -201.89 63.36
v 111.29 -201.89 65.28
v 112.80 -201.36 65.28
v 111.29 -201.89 63.36
v 111.46 -202.35 63.36
v 111.46 -202.35 65.28
v 111.29 -201.89 65.28
v 105.47 -192.29 58.73
v 106.58 -191.90 58.73
v 106.74 -192.36 58.73
v 105.63 -192.76 58.73
v 105.63 -192.76 59.86
v 106.74 -192.36 59.86
v 106.58 -191.90 59.86
v 105.47 -192.29 59.86
v 105.63 -192.76 58.73
v 106.74 -192.36 58.73
v 106.74 -192.36 59.86
v 105.63 -192.76 59.86
v 106.74 -192.36 58.73
v 106.58 -191.90 58.73
v 106.58 -191.90 59.86
v 106.74 -192.36 59.86
v 106.58 -191.90 58.73
v 105.47 -192.29 58.73
v 105.47 -192.29 59.86
v 106.58 -191.90 59.86
v 105.47 -192.29 58.73
v 105.63 -192.76 58.73
v 105.63 -192.76 59.86
v 105.47 -192.29 59.86
v 107.82 -192.29 58.73
v 108.94 -191.90 58.73
v 109.10 -192.36 58.73
v 107.99 -192.76 58.73
v 107.99 -192.76 59.86
v 109.10 -192.36 59.86
v 108.94 -191.90 59.86
v 107.82 -192.29 59.86
v 107.99 -192.76 58.73
v 109.10 -192.36 58.73
v 109.10 -192.36 59.86
v 107.99 -192.76 59.86
v 109.10 -192.36 58.73
v 108.94 -191.90 58.73
v 108.94 -191.90 59.86
v 109.10 -192.36 59.86
v 108.94 -191.90 58.73
v 107.82 -192.29 58.73
v 107.82 -192.29 59.86
v 108.94 -191.90 59.86
v 107.82 -192.29 58.73
v 107.99 -192.76 58.73
v 107.99 -192.76 59.86
v 107.82 -192.29 59.86
v 138.22 -197.65 58.53
v 139.57 -196.90 58.53
v 139.80 -197.33 58.53
v 138.45 -198.07 58.53
v 138.45 -198.07 59.45
v 139.80 -197.33 59.45
v 139.57 -196.90 59.45
v 138.22 -197.65 59.45
v 138.45 -198.07 58.53
v 139.80 -197.33 58.53
v 139.80 -197.33 59.45
v 138.45 -198.07 59.45
v 139.80 -197.33 58.53
v 139.57 -196.90 58.53
v 139.57 -196.90 59.45
v 139.80 -197.33 59.45
v 139.57 -196.90 58.53
v 138.22 -197.65 58.53
v 138.22 -197.65 59.45
v 139.57 -196.90 59.45
v 138.22 -197.65 58.53
v 138.45 -198.07 58.53
v 138.45 -198.07 59.45
v 138.22 -197.65 59.45
v 130.89 -188.70 60.08
v 132.00 -188.08 60.08
v 132.24 -188.51 60.08
v 131.12 -189.13 60.08
v 131.12 -189.13 60.91
v 132.24 -188.51 60.91
v 132.00 -188.08 60.91
v 130.89 -188.70 60.91
v 131.12 -189.13 60.08
v 132.24 -188.51 60.08
v 132.24 -188.51 60.91
v 131.12 -189.13 60.91
v 132.24 -188.51 60.08
v 132.00 -188.08 60.08
v 132.00 -188.08 60.91
v 132.24 -188.51 60.91
v 132.00 -188.08 60.08
v 130.89 -188.70 60.08
v 130.89 -188.70 60.91
v 132.00 -188.08 60.91
v 130.89 -188.70 60.08
v 131.12 -189.13 60.08
v 131.12 -189.13 60.91
v 130.89 -188.70 60.91
v 133.44 -188.70 60.08
v 134.55 -188.08 60.08
v 134.79 -188.51 60.08
v 133.68 -189.13 60.08
v 133.68 -189.13 60.91
v 134.79 -188.51 60.91
v 134.55 -188.08 60.91
v 133.44 -188.70 60.91
v 133.68 -189.13 60.08
v 134.79 -188.51 60.08
v 134.79 -188.51 60.91
v 133.68 -189.13 60.91
v 134.79 -188.51 60.08
v 134.55 -188.08 60.08
v 134.55 -188.08 60.91
v 134.79 -188.51 60.91
v 134.55 -188.08 60.08
v 133.44 -188.70 60.08
v 133.44 -188.70 60.91
v 134.55 -188.08 60.91
v 133.44 -188.70 60.08
v 133.68 -189.13 60.08
v 133.68 -189.13 60.91
v 133.44 -188.70 60.91
v 126.00 -180.34 58.54
v 127.28 -179.64 58.54
v 127.52 -180.07 58.54
v 126.24 -180.77 58.54
v 126.24 -180.77 59.48
v 127.52 -180.07 59.48
v 127.28 -179.64 59.48
v 126.00 -180.34 59.48
v 126.24 -180.77 58.54
v 127.52 -180.07 58.54
v 127.52 -180.07 59.48
v 126.24 -180.77 59.48
v 127.52 -180.07 58.54
v 127.28 -179.64 58.54
v 127.28 -179.64 59.48
v 127.52 -180.07 59.48
v 127.28 -179.64 58.54
v 126.00 -180.34 58.54
v 126.00 -180.34 59.48
v 127.28 -179.64 59.48
v 126.00 -180.34 58.54
v 126.24 -180.77 58.54
v 126.24 -180.77 59.48
v 126.00 -180.34 59.48
v 128.91 -180.34 58.54
v 130.19 -179.64 58.54
v 130.42 -180.07 58.54
v 129.15 -180.77 58.54
v 129.15 -180.77 59.48
v 130.42 -180.07 59.48
v 130.19 -179.64 59.48
v 128.91 -180.34 59.48
v 129.15 -180.77 58.54
v 130.42 -180.07 58.54
v 130.42 -180.07 59.48
v 129.15 -180.77 59.48
v 130.42 -180.07 58.54
v 130.19 -179.64 58.54
v 130.19 -179.64 59.48
v 130.42 -180.07 59.48
v 130.19 -179.64 58.54
v 128.91 -180.34 58.54
v 128.91 -180.34 59.48
v 130.19 -179.64 59.48
v 128.91 -180.34 58.54
v 129.15 -180.77 58.54
v 129.15 -180.77 59.48
v 128.91 -180.34 59.48
v 128.91 -180.34 60.42
v 130.19 -179.64 60.42
v 130.42 -180.07 60.42
v 129.15 -180.77 60.42
v 129.15 -180.77 61.35
v 130.42 -180.07 61.35
v 130.19 -179.64 61.35
v 128.91 -180.34 61.35
v 129.15 -180.77 60.42
v 130.42 -180.07 60.42
v 130.42 -180.07 61.35
v 129.15 -180.77 61.35
v 130.42 -180.07 60.42
v 130.19 -179.64 60.42
v 130.19 -179.64 61.35
v 130.42 -180.07 61.35
v 130.19 -179.64 60.42
v 128.91 -180.34 60.42
v 128.91 -180.34 61.35
v 130.19 -179.64 61.35
v 128.91 -180.34 60.42
v 129.15 -180.77 60.42
v 129.15 -180.77 61.35
v 128.91 -180.34 61.35
v 151.01 -176.59 61.69
v 152.24 -175.64 61.69
v 152.54 -176.02 61.69
v 151.31 -176.97 61.69
v 151.31 -176.97 63.05
v 152.54 -176.02 63.05
v 152.24 -175.64 63.05
v 151.01 -176.59 63.05
v 151.31 -176.97 61.69
v 152.54 -176.02 61.69
v 152.54 -176.02 63.05
v 151.31 -176.97 63.05
v 152.54 -176.02 61.69
v 152.24 -175.64 61.69
v 152.24 -175.64 63.05
v 152.54 -176.02 63.05
v 152.24 -175.64 61.69
v 151.01 -176.59 61.69
v 151.01 -176.59 63.05
v 152.24 -175.64 63.05
v 151.01 -176.59 61.69
v 151.31 -176.97 61.69
v 151.31 -176.97 63.05
v 151.01 -176.59 63.05
v 148.26 -168.54 66.88
v 149.52 -167.56 66.88
v 149.82 -167.94 66.88
v 148.56 -168.93 66.88
v 148.56 -168.93 69.97
v 149.82 -167.94 69.97
v 149.52 -167.56 69.97
v 148.26 -168.54 69.97
v 148.56 -168.93 66.88
v 149.82 -167.94 66.88
v 149.82 -167.94 69.97
v 148.56 -168.93 69.97
v 149.82 -167.94 66.88
v 149.52 -167.56 66.88
v 149.52 -167.56 69.97
v 149.82 -167.94 69.97
v 149.52 -167.56 66.88
v 148.26 -168.54 66.88
v 148.26 -168.54 69.97
v 149.52 -167.56 69.97
v 148.26 -168.54 66.88
v 148.56 -168.93 66.88
v 148.56 -168.93 69.97
v 148.26 -168.54 69.97
v 171.99 -163.81 59.97
v 172.86 -162.90 59.97
v 173.22 -163.24 59.97
v 172.34 -164.15 59.97
v 172.34 -164.15 62.34
v 173.22 -163.24 62.34
v 172.86 -162.90 62.34
v 171.99 -163.81 62.34
v 172.34 -164.15 59.97
v 173.22 -163.24 59.97
v 173.22 -163.24 62.34
v 172.34 -164.15 62.34
v 173.22 -163.24 59.97
v 172.86 -162.90 59.97
v 172.86 -162.90 62.34
v 173.22 -163.24 62.34
v 172.86 -162.90 59.97
v 171.99 -163.81 59.97
v 171.99 -163.81 62.34
v 172.86 -162.90 62.34
v 171.99 -163.81 59.97
v 172.34 -164.15 59.97
v 172.34 -164.15 62.34
v 171.99 -163.81 62.34
v 175.38 -162.90 59.97
v 174.51 -163.81 59.97
v 174.51 -163.81 62.34
v 175.38 -162.90 62.34
v 174.51 -163.81 59.97
v 174.87 -164.15 59.97
v 174.87 -164.15 62.34
v 174.51 -163.81 62.34
v 171.99 -163.81 64.71
v 172.86 -162.90 64.71
v 173.22 -163.24 64.71
v 172.34 -164.15 64.71
v 172.34 -164.15 67.08
v 173.22 -163.24 67.08
v 172.86 -162.90 67.08
v 171.99 -163.81 67.08
v 172.34 -164.15 64.71
v 173.22 -163.24 64.71
v 173.22 -163.24 67.08
v 172.34 -164.15 67.08
v 173.22 -163.24 64.71
v 172.86 -162.90 64.71
v 172.86 -162.90 67.08
v 173.22 -163.24 67.08
v 172.86 -162.90 64.71
v 171.99 -163.81 64.71
v 171.99 -163.81 67.08
v 172.86 -162.90 67.08
v 171.99 -163.81 64.71
v 172.34 -164.15 64.71
v 172.34 -164.15 67.08
v 171.99 -163.81 67.08
v -136.75 -152.05 45.63
v -136.09 -153.28 45.63
v -136.52 -153.51 45.63
v -137.18 -152.28 45.63
v -137.18 -152.28 47.66
v -136.52 -153.51 47.66
v -136.09 -153.28 47.66
v -136.75 -152.05 47.66
v -137.18 -152.28 45.63
v -136.52 -153.51 45.63
v -136.52 -153.51 47.66
v -137.18 -152.28 47.66
v -136.52 -153.51 45.63
v -136.09 -153.28 45.63
v -136.09 -153.28 47.66
v -136.52 -153.51 47.66
v -136.09 -153.28 45.63
v -136.75 -152.05 45.63
v -136.75 -152.05 47.66
v -136.09 -153.28 47.66
v -136.75 -152.05 45.63
v -137.18 -152.28 45.63
v -137.18 -152.28 47.66
v -136.75 -152.05 47.66
v -133.96 -152.05 49.68
v -133.30 -153.28 49.68
v -133.73 -153.51 49.68
v -134.39 -152.28 49.68
v -134.39 -152.28 51.71
v -133.73 -153.51 51.71
v -133.30 -153.28 51.71
v -133.96 -152.05 51.71
v -134.39 -152.28 49.68
v -133.73 -153.51 49.68
v -133.73 -153.51 51.71
v -134.39 -152.28 51.71
v -133.73 -153.51 49.68
v -133.30 -153.28 49.68
v -133.30 -153.28 51.71
v -133.73 -153.51 51.71
v -133.30 -153.28 49.68
v -133.96 -152.05 49.68
v -133.96 -152.05 51.71
v -133.30 -153.28 51.71
v -133.96 -152.05 49.68
v -134.39 -152.28 49.68
v -134.39 -152.28 51.71
v -133.96 -152.05 51.71
v -123.49 -176.51 45.12
v -122.62 -177.70 45.12
v -123.02 -177.99 45.12
v -123.89 -176.79 45.12
v -123.89 -176.79 46.63
v -123.02 -177.99 46.63
v -122.62 -177.70 46.63
v -123.49 -176.51 46.63
v -123.89 -176.79 45.12
v -123.02 -177.99 45.12
v -123.02 -177.99 46.63
v -123.89 -176.79 46.63
v -123.02 -177.99 45.12
v -122.62 -177.70 45.12
v -122.62 -177.70 46.63
v -123.02 -177.99 46.63
v -122.62 -177.70 45.12
v -123.49 -176.51 45.12
v -123.49 -176.51 46.63
v -122.62 -177.70 46.63
v -123.49 -176.51 45.12
v -123.89 -176.79 45.12
v -123.89 -176.79 46.63
v -123.49 -176.51 46.63
v -120.53 -176.51 45.12
v -119.67 -177.70 45.12
v -120.06 -177.99 45.12
v -120.93 -176.79 45.12
v -120.93 -176.79 46.63
v -120.06 -177.99 46.63
v -119.67 -177.70 46.63
v -120.53 -176.51 46.63
v -120.93 -176.79 45.12
v -120.06 -177.99 45.12
v -120.06 -177.99 46.63
v -120.93 -176.79 46.63
v -120.06 -177.99 45.12
v -119.67 -177.70 45.12
v -119.67 -177.70 46.63
v -120.06 -177.99 46.63
v -119.67 -177.70 45.12
v -120.53 -176.51 45.12
v -120.53 -176.51 46.63
v -119.67 -177.70 46.63
v -120.53 -176.51 45.12
v -120.93 -176.79 45.12
v -120.93 -176.79 46.63
v -120.53 -176.51 46.63
v -110.69 -169.97 47.67
v -109.76 -171.26 47.67
v -110.16 -171.55 47.67
v -111.09 -170.26 47.67
v -111.09 -170.26 49.03
v -110.16 -171.55 49.03
v -109.76 -171.26 49.03
v -110.69 -169.97 49.03
v -111.09 -170.26 47.67
v -110.16 -171.55 47.67
v -110.16 -171.55 49.03
v -111.09 -170.26 49.03
v -110.16 -171.55 47.67
v -109.76 -171.26 47.67
v -109.76 -171.26 49.03
v -110.16 -171.55 49.03
v -109.76 -171.26 47.67
v -110.69 -169.97 47.67
v -110.69 -169.97 49.03
v -109.76 -171.26 49.03
v -110.69 -169.97 47.67
v -111.09 -170.26 47.67
v -111.09 -170.26 49.03
v -110.69 -169.97 49.03
v -103.83 -162.60 45.63
v -103.02 -163.72 45.63
v -103.42 -164.00 45.63
v -104.23 -162.89 45.63
v -104.23 -162.89 47.66
v -103.42 -164.00 47.66
v -103.02 -163.72 47.66
v -103.83 -162.60 47.66
v -104.23 -162.89 45.63
v -103.42 -164.00 45.63
v -103.42 -164.00 47.66
v -104.23 -162.89 47.66
v -103.42 -164.00 45.63
v -103.02 -163.72 45.63
v -103.02 -163.72 47.66
v -103.42 -164.00 47.66
v -103.02 -163.72 45.63
v -103.83 -162.60 45.63
v -103.83 -162.60 47.66
v -103.02 -163.72 47.66
v -103.83 -162.60 45.63
v -104.23 -162.89 45.63
v -104.23 -162.89 47.66
v -103.83 -162.60 47.66
v -101.08 -162.60 49.70
v -100.27 -163.72 49.70
v -100.67 -164.00 49.70
v -101.47 -162.89 49.70
v -101.47 -162.89 51.73
v -100.67 -164.00 51.73
v -100.27 -163.72 51.73
v -101.08 -162.60 51.73
v -101.47 -162.89 49.70
v -100.67 -164.00 49.70
v -100.67 -164.00 51.73
v -101.47 -162.89 51.73
v -100.67 -164.00 49.70
v -100.27 -163.72 49.70
v -100.27 -163.72 51.73
v -100.67 -164.00 51.73
v -100.27 -163.72 49.70
v -101.08 -162.60 49.70
v -101.08 -162.60 51.73
v -100.27 -163.72 51.73
v -101.08 -162.60 49.70
v -101.47 -162.89 49.70
v -101.47 -162.89 51.73
v -101.08 -162.60 51.73
v -103.56 -197.69 48.70
v -102.52 -198.75 48.70
v -102.88 -199.09 48.70
v -103.91 -198.03 48.70
v -103.91 -198.03 50.41
v -102.88 -199.09 50.41
v -102.52 -198.75 50.41
v -103.56 -197.69 50.41
v -103.91 -198.03 48.70
v -102.88 -199.09 48.70
v -102.88 -199.09 50.41
v -103.91 -198.03 50.41
v -102.88 -199.09 48.70
v -102.52 -198.75 48.70
v -102.52 -198.75 50.41
v -102.88 -199.09 50.41
v -102.52 -198.75 48.70
v -103.56 -197.69 48.70
v -103.56 -197.69 50.41
v -102.52 -198.75 50.41
v -103.56 -197.69 48.70
v -103.91 -198.03 48.70
v -103.91 -198.03 50.41
v -103.56 -197.69 50.41
v -94.75 -188.93 45.45
v -93.83 -189.89 45.45
v -94.18 -190.23 45.45
v -95.11 -189.27 45.45
v -95.11 -189.27 47.29
v -94.18 -190.23 47.29
v -93.83 -189.89 47.29
v -94.75 -188.93 47.29
v -95.11 -189.27 45.45
v -94.18 -190.23 45.45
v -94.18 -190.23 47.29
v -95.11 -189.27 47.29
v -94.18 -190.23 45.45
v -93.83 -189.89 45.45
v -93.83 -189.89 47.29
v -94.18 -190.23 47.29
v -93.83 -189.89 45.45
v -94.75 -188.93 45.45
v -94.75 -188.93 47.29
v -93.83 -189.89 47.29
v -94.75 -188.93 45.45
v -95.11 -189.27 45.45
v -95.11 -189.27 47.29
v -94.75 -188.93 47.29
v -86.25 -181.20 45.01
v -85.27 -182.21 45.01
v -85.62 -182.55 45.01
v -86.60 -181.54 45.01
v -86.60 -181.54 46.43
v -85.62 -182.55 46.43
v -85.27 -182.21 46.43
v -86.25 -181.20 46.43
v -86.60 -181.54 45.01
v -85.62 -182.55 45.01
v -85.62 -182.55 46.43
v -86.60 -181.54 46.43
v -85.62 -182.55 45.01
v -85.27 -182.21 45.01
v -85.27 -182.21 46.43
v -85.62 -182.55 46.43
v -85.27 -182.21 45.01
v -86.25 -181.20 45.01
v -86.25 -181.20 46.43
v -85.27 -182.21 46.43
v -86.25 -181.20 45.01
v -86.60 -181.54 45.01
v -86.60 -181.54 46.43
v -86.25 -181.20 46.43
v -83.44 -181.20 45.01
v -82.46 -182.21 45.01
v -82.82 -182.55 45.01
v -83.79 -181.54 45.01
v -83.79 -181.54 46.43
v -82.82 -182.55 46.43
v -82.46 -182.21 46.43
v -83.44 -181.20 46.43
v -83.79 -181.54 45.01
v -82.82 -182.55 45.01
v -82.82 -182.55 46.43
v -83.79 -181.54 46.43
v -82.82 -182.55 45.01
v -82.46 -182.21 45.01
v -82.46 -182.21 46.43
v -82.82 -182.55 46.43
v -82.46 -182.21 45.01
v -83.44 -181.20 45.01
v -83.44 -181.20 46.43
v -82.46 -182.21 46.43
v -83.44 -181.20 45.01
v -83.79 -181.54 45.01
v -83.79 -181.54 46.43
v -83.44 -181.20 46.43
v -74.68 -213.28 52.66
v -73.44 -214.23 52.66
v -73.74 -214.62 52.66
v -74.98 -213.67 52.66
v -74.98 -213.67 55.69
v -73.74 -214.62 55.69
v -73.44 -214.23 55.69
v -74.68 -213.28 55.69
v -74.98 -213.67 52.66
v -73.74 -214.62 52.66
v -73.74 -214.62 55.69
v -74.98 -213.67 55.69
v -73.74 -214.62 52.66
v -73.44 -214.23 52.66
v -73.44 -214.23 55.69
v -73.74 -214.62 55.69
v -73.44 -214.23 52.66
v -74.68 -213.28 52.66
v -74.68 -213.28 55.69
v -73.44 -214.23 55.69
v -74.68 -213.28 52.66
v -74.98 -213.67 52.66
v -74.98 -213.67 55.69
v -74.68 -213.28 55.69
v -70.56 -204.06 48.62
v -69.41 -204.94 48.62
v -69.70 -205.33 48.62
v -70.85 -204.45 48.62
v -70.85 -204.45 50.29
v -69.70 -205.33 50.29
v -69.41 -204.94 50.29
v -70.56 -204.06 50.29
v -70.85 -204.45 48.62
v -69.70 -205.33 48.62
v -69.70 -205.33 50.29
v -70.85 -204.45 50.29
v -69.70 -205.33 48.62
v -69.41 -204.94 48.62
v -69.41 -204.94 50.29
v -69.70 -205.33 50.29
v -69.41 -204.94 48.62
v -70.56 -204.06 48.62
v -70.56 -204.06 50.29
v -69.41 -204.94 50.29
v -70.56 -204.06 48.62
v -70.85 -204.45 48.62
v -70.85 -204.45 50.29
v -70.56 -204.06 50.29
v -60.63 -195.39 46.48
v -59.57 -196.21 46.48
v -59.86 -196.60 46.48
v -60.93 -195.78 46.48
v -60.93 -195.78 49.36
v -59.86 -196.60 49.36
v -59.57 -196.21 49.36
v -60.63 -195.39 49.36
v -60.93 -195.78 46.48
v -59.86 -196.60 46.48
v -59.86 -196.60 49.36
v -60.93 -195.78 49.36
v -59.86 -196.60 46.48
v -59.57 -196.21 46.48
v -59.57 -196.21 49.36
v -59.86 -196.60 49.36
v -59.57 -196.21 46.48
v -60.63 -195.39 46.48
v -60.63 -195.39 49.36
v -59.57 -196.21 49.36
v -60.63 -195.39 46.48
v -60.93 -195.78 46.48
v -60.93 -195.78 49.36
v -60.63 -195.39 49.36
v -60.63 -195.39 52.24
v -59.57 -196.21 52.24
v -59.86 -196.60 52.24
v -60.93 -195.78 52.24
v -60.93 -195.78 55.12
v -59.86 -196.60 55.12
v -59.57 -196.21 55.12
v -60.63 -195.39 55.12
v -60.93 -195.78 52.24
v -59.86 -196.60 52.24
v -59.86 -196.60 55.12
v -60.93 -195.78 55.12
v -59.86 -196.60 52.24
v -59.57 -196.21 52.24
v -59.57 -196.21 55.12
v -59.86 -196.60 55.12
v -59.57 -196.21 52.24
v -60.63 -195.39 52.24
v -60.63 -195.39 55.12
v -59.57 -196.21 55.12
v -60.63 -195.39 52.24
v -60.93 -195.78 52.24
v -60.93 -195.78 55.12
v -60.63 -195.39 55.12
v -48.82 -224.96 46.84
v -47.56 -225.65 46.84
v -47.79 -226.07 46.84
v -49.05 -225.39 46.84
v -49.05 -225.39 50.08
v -47.79 -226.07 50.08
v -47.56 -225.65 50.08
v -48.82 -224.96 50.08
v -49.05 -225.39 46.84
v -47.79 -226.07 46.84
v -47.79 -226.07 50.08
v -49.05 -225.39 50.08
v -47.79 -226.07 46.84
v -47.56 -225.65 46.84
v -47.56 -225.65 50.08
v -47.79 -226.07 50.08
v -47.56 -225.65 46.84
v -48.82 -224.96 46.84
v -48.82 -224.96 50.08
v -47.56 -225.65 50.08
v -48.82 -224.96 46.84
v -49.05 -225.39 46.84
v -49.05 -225.39 50.08
v -48.82 -224.96 50.08
v -45.94 -224.96 46.84
v -44.68 -225.65 46.84
v -44.91 -226.07 46.84
v -46.18 -225.39 46.84
v -46.18 -225.39 50.08
v -44.91 -226.07 50.08
v -44.68 -225.65 50.08
v -45.94 -224.96 50.08
v -46.18 -225.39 46.84
v -44.91 -226.07 46.84
v -44.91 -226.07 50.08
v -46.18 -225.39 50.08
v -44.91 -226.07 46.84
v -44.68 -225.65 46.84
v -44.68 -225.65 50.08
v -44.91 -226.07 50.08
v -44.68 -225.65 46.84
v -45.94 -224.96 46.84
v -45.94 -224.96 50.08
v -44.68 -225.65 50.08
v -45.94 -224.96 46.84
v -46.18 -225.39 46.84
v -46.18 -225.39 50.08
v -45.94 -224.96 50.08
v -48.82 -224.96 53.32
v -47.56 -225.65 53.32
v -47.79 -226.07 53.32
v -49.05 -225.39 53.32
v -49.05 -225.39 56.56
v -47.79 -226.07 56.56
v -47.56 -225.65 56.56
v -48.82 -224.96 56.56
v -49.05 -225.39 53.32
v -47.79 -226.07 53.32
v -47.79 -226.07 56.56
v -49.05 -225.39 56.56
v -47.79 -226.07 53.32
v -47.56 -225.65 53.32
v -47.56 -225.65 56.56
v -47.79 -226.07 56.56
v -47.56 -225.65 53.32
v -48.82 -224.96 53.32
v -48.82 -224.96 56.56
v -47.56 -225.65 56.56
v -48.82 -224.96 53.32
v -49.05 -225.39 53.32
v -49.05 -225.39 56.56
v -48.82 -224.96 56.56
v -45.94 -224.96 53.32
v -44.68 -225.65 53.32
v -44.91 -226.07 53.32
v -46.18 -225.39 53.32
v -46.18 -225.39 56.56
v -44.91 -226.07 56.56
v -44.68 -225.65 56.56
v -45.94 -224.96 56.56
v -46.18 -225.39 53.32
v -44.91 -226.07 53.32
v -44.91 -226.07 56.56
v -46.18 -225.39 56.56
v -44.91 -226.07 53.32
v -44.68 -225.65 53.32
v -44.68 -225.65 56.56
v -44.91 -226.07 56.56
v -44.68 -225.65 53.32
v -45.94 -224.96 53.32
v -45.94 -224.96 56.56
v -44.68 -225.65 56.56
v -45.94 -224.96 53.32
v -46.18 -225.39 53.32
v -46.18 -225.39 56.56
v -45.94 -224.96 56.56
v -43.54 -215.25 49.99
v -42.20 -215.98 49.99
v -42.44 -216.41 49.99
v -43.78 -215.68 49.99
v -43.78 -215.68 52.12
v -42.44 -216.41 52.12
v -42.20 -215.98 52.12
v -43.54 -215.25 52.12
v -43.78 -215.68 49.99
v -42.44 -216.41 49.99
v -42.44 -216.41 52.12
v -43.78 -215.68 52.12
v -42.44 -216.41 49.99
v -42.20 -215.98 49.99
v -42.20 -215.98 52.12
v -42.44 -216.41 52.12
v -42.20 -215.98 49.99
v -43.54 -215.25 49.99
v -43.54 -215.25 52.12
v -42.20 -215.98 52.12
v -43.54 -215.25 49.99
v -43.78 -215.68 49.99
v -43.78 -215.68 52.12
v -43.54 -215.25 52.12
v -35.32 -205.69 46.81
v -34.36 -206.22 46.81
v -34.59 -206.65 46.81
v -35.56 -206.12 46.81
v -35.56 -206.12 50.03
v -34.59 -206.65 50.03
v -34.36 -206.22 50.03
v -35.32 -205.69 50.03
v -35.56 -206.12 46.81
v -34.59 -206.65 46.81
v -34.59 -206.65 50.03
v -35.56 -206.12 50.03
v -34.59 -206.65 46.81
v -34.36 -206.22 46.81
v -34.36 -206.22 50.03
v -34.59 -206.65 50.03
v -34.36 -206.22 46.81
v -35.32 -205.69 46.81
v -35.32 -205.69 50.03
v -34.36 -206.22 50.03
v -35.32 -205.69 46.81
v -35.56 -206.12 46.81
v -35.56 -206.12 50.03
v -35.32 -205.69 50.03
v -19.29 -234.64 45.97
v -17.83 -235.15 45.97
v -17.99 -235.62 45.97
v -19.45 -235.10 45.97
v -19.45 -235.10 48.34
v -17.99 -235.62 48.34
v -17.83 -235.15 48.34
v -19.29 -234.64 48.34
v -19.45 -235.10 45.97
v -17.99 -235.62 45.97
v -17.99 -235.62 48.34
v -19.45 -235.10 48.34
v -17.99 -235.62 45.97
v -17.83 -235.15 45.97
v -17.83 -235.15 48.34
v -17.99 -235.62 48.34
v -17.83 -235.15 45.97
v -19.29 -234.64 45.97
v -19.29 -234.64 48.34
v -17.83 -235.15 48.34
v -19.29 -234.64 45.97
v -19.45 -235.10 45.97
v -19.45 -235.10 48.34
v -19.29 -234.64 48.34
v -16.20 -234.64 45.97
v -14.74 -235.15 45.97
v -14.90 -235.62 45.97
v -16.36 -235.10 45.97
v -16.36 -235.10 48.34
v -14.90 -235.62 48.34
v -14.74 -235.15 48.34
v -16.20 -234.64 48.34
v -16.36 -235.10 45.97
v -14.90 -235.62 45.97
v -14.90 -235.62 48.34
v -16.36 -235.10 48.34
v -14.90 -235.62 45.97
v -14.74 -235.15 45.97
v -14.74 -235.15 48.34
v -14.90 -235.62 48.34
v -14.74 -235.15 45.97
v -16.20 -234.64 45.97
v -16.20 -234.64 48.34
v -14.74 -235.15 48.34
v -16.20 -234.64 45.97
v -16.36 -235.10 45.97
v -16.36 -235.10 48.34
v -16.20 -234.64 48.34
v -16.20 -234.64 50.71
v -14.74 -235.15 50.71
v -14.90 -235.62 50.71
v -16.36 -235.10 50.71
v -16.36 -235.10 53.08
v -14.90 -235.62 53.08
v -14.74 -235.15 53.08
v -16.20 -234.64 53.08
v -16.36 -235.10 50.71
v -14.90 -235.62 50.71
v -14.90 -235.62 53.08
v -16.36 -235.10 53.08
v -14.90 -235.62 50.71
v -14.74 -235.15 50.71
v -14.74 -235.15 53.08
v -14.90 -235.62 53.08
v -14.74 -235.15 50.71
v -16.20 -234.64 50.71
v -16.20 -234.64 53.08
v -14.74 -235.15 53.08
v -16.20 -234.64 50.71
v -16.36 -235.10 50.71
v -16.36 -235.10 53.08
v -16.20 -234.64 53.08
v -15.46 -224.44 46.03
v -14.10 -224.92 46.03
v -14.26 -225.38 46.03
v -15.62 -224.91 46.03
v -15.62 -224.91 48.47
v -14.26 -225.38 48.47
v -14.10 -224.92 48.47
v -15.46 -224.44 48.47
v -15.62 -224.91 46.03
v -14.26 -225.38 46.03
v -14.26 -225.38 48.47
v -15.62 -224.91 48.47
v -14.26 -225.38 46.03
v -14.10 -224.92 46.03
v -14.10 -224.92 48.47
v -14.26 -225.38 48.47
v -14.10 -224.92 46.03
v -15.46 -224.44 46.03
v -15.46 -224.44 48.47
v -14.10 -224.92 48.47
v -15.46 -224.44 46.03
v -15.62 -224.91 46.03
v -15.62 -224.91 48.47
v -15.46 -224.44 48.47
v -9.10 -213.99 46.64
v -8.09 -214.35 46.64
v -8.26 -214.81 46.64
v -9.27 -214.46 46.64
v -9.27 -214.46 49.68
v -8.26 -214.81 49.68
v -8.09 -214.35 49.68
v -9.10 -213.99 49.68
v -9.27 -214.46 46.64
v -8.26 -214.81 46.64
v -8.26 -214.81 49.68
v -9.27 -214.46 49.68
v -8.26 -214.81 46.64
v -8.09 -214.35 46.64
v -8.09 -214.35 49.68
v -8.26 -214.81 49.68
v -8.09 -214.35 46.64
v -9.10 -213.99 46.64
v -9.10 -213.99 49.68
v -8.09 -214.35 49.68
v -9.10 -213.99 46.64
v -9.27 -214.46 46.64
v -9.27 -214.46 49.68
v -9.10 -213.99 49.68
v -11.24 -213.99 52.72
v -10.23 -214.35 52.72
v -10.40 -214.81 52.72
v -11.41 -214.46 52.72
v -11.41 -214.46 55.77
v -10.40 -214.81 55.77
v -10.23 -214.35 55.77
v -11.24 -213.99 55.77
v -11.41 -214.46 52.72
v -10.40 -214.81 52.72
v -10.40 -214.81 55.77
v -11.41 -214.46 55.77
v -10.40 -214.81 52.72
v -10.23 -214.35 52.72
v -10.23 -214.35 55.77
v -10.40 -214.81 55.77
v -10.23 -214.35 52.72
v -11.24 -213.99 52.72
v -11.24 -213.99 55.77
v -10.23 -214.35 55.77
v -11.24 -213.99 52.72
v -11.41 -214.46 52.72
v -11.41 -214.46 55.77
v -11.24 -213.99 55.77
v 14.40 -243.78 48.81
v 15.73 -244.01 48.81
v 15.65 -244.49 48.81
v 14.32 -244.26 48.81
v 14.32 -244.26 50.55
v 15.65 -244.49 50.55
v 15.73 -244.01 50.55
v 14.40 -243.78 50.55
v 14.32 -244.26 48.81
v 15.65 -244.49 48.81
v 15.65 -244.49 50.55
v 14.32 -244.26 50.55
v 15.65 -244.49 48.81
v 15.73 -244.01 48.81
v 15.73 -244.01 50.55
v 15.65 -244.49 50.55
v 15.73 -244.01 48.81
v 14.40 -243.78 48.81
v 14.40 -243.78 50.55
v 15.73 -244.01 50.55
v 14.40 -243.78 48.81
v 14.32 -244.26 48.81
v 14.32 -244.26 50.55
v 14.40 -243.78 50.55
v 15.48 -221.60 46.28
v 16.80 -221.83 46.28
v 16.72 -222.31 46.28
v 15.40 -222.09 46.28
v 15.40 -222.09 48.97
v 16.72 -222.31 48.97
v 16.80 -221.83 48.97
v 15.48 -221.60 48.97
v 15.40 -222.09 46.28
v 16.72 -222.31 46.28
v 16.72 -222.31 48.97
v 15.40 -222.09 48.97
v 16.72 -222.31 46.28
v 16.80 -221.83 46.28
v 16.80 -221.83 48.97
v 16.72 -222.31 48.97
v 16.80 -221.83 46.28
v 15.48 -221.60 46.28
v 15.48 -221.60 48.97
v 16.80 -221.83 48.97
v 15.48 -221.60 46.28
v 15.40 -222.09 46.28
v 15.40 -222.09 48.97
v 15.48 -221.60 48.97
v 15.48 -221.60 51.65
v 16.80 -221.83 51.65
v 16.72 -222.31 51.65
v 15.40 -222.09 51.65
v 15.40 -222.09 54.34
v 16.72 -222.31 54.34
v 16.80 -221.83 54.34
v 15.48 -221.60 54.34
v 15.40 -222.09 51.65
v 16.72 -222.31 51.65
v 16.72 -222.31 54.34
v 15.40 -222.09 54.34
v 16.72 -222.31 51.65
v 16.80 -221.83 51.65
v 16.80 -221.83 54.34
v 16.72 -222.31 54.34
v 16.80 -221.83 51.65
v 15.48 -221.60 51.65
v 15.48 -221.60 54.34
v 16.80 -221.83 54.34
v 15.48 -221.60 51.65
v 15.40 -222.09 51.65
v 15.40 -222.09 54.34
v 15.48 -221.60 54.34
v 18.16 -221.60 51.65
v 19.48 -221.83 51.65
v 19.39 -222.31 51.65
v 18.07 -222.09 51.65
v 18.07 -222.09 54.34
v 19.39 -222.31 54.34
v 19.48 -221.83 54.34
v 18.16 -221.60 54.34
v 18.07 -222.09 51.65
v 19.39 -222.31 51.65
v 19.39 -222.31 54.34
v 18.07 -222.09 54.34
v 19.39 -222.31 51.65
v 19.48 -221.83 51.65
v 19.48 -221.83 54.34
v 19.39 -222.31 54.34
v 19.48 -221.83 51.65
v 18.16 -221.60 51.65
v 18.16 -221.60 54.34
v 19.48 -221.83 54.34
v 18.16 -221.60 51.65
v 18.07 -222.09 51.65
v 18.07 -222.09 54.34
v 18.16 -221.60 54.34
v 43.87 -248.71 53.36
v 45.29 -248.71 53.36
v 45.29 -249.20 53.36
v 43.87 -249.20 53.36
v 43.87 -249.20 56.61
v 45.29 -249.20 56.61
v 45.29 -248.71 56.61
v 43.87 -248.71 56.61
v 43.87 -249.20 53.36
v 45.29 -249.20 53.36
v 45.29 -249.20 56.61
v 43.87 -249.20 56.61
v 45.29 -249.20 53.36
v 45.29 -248.71 53.36
v 45.29 -248.71 56.61
v 45.29 -249.20 56.61
v 45.29 -248.71 53.36
v 43.87 -248.71 53.36
v 43.87 -248.71 56.61
v 45.29 -248.71 56.61
v 43.87 -248.71 53.36
v 43.87 -249.20 53.36
v 43.87 -249.20 56.61
v 43.87 -248.71 56.61
v 46.71 -248.71 53.36
v 48.13 -248.71 53.36
v 48.13 -249.20 53.36
v 46.71 -249.20 53.36
v 46.71 -249.20 56.61
v 48.13 -249.20 56.61
v 48.13 -248.71 56.61
v 46.71 -248.71 56.61
v 46.71 -249.20 53.36
v 48.13 -249.20 53.36
v 48.13 -249.20 56.61
v 46.71 -249.20 56.61
v 48.13 -249.20 53.36
v 48.13 -248.71 53.36
v 48.13 -248.71 56.61
v 48.13 -249.20 56.61
v 48.13 -248.71 53.36
v 46.71 -248.71 53.36
v 46.71 -248.71 56.61
v 48.13 -248.71 56.61
v 46.71 -248.71 53.36
v 46.71 -249.20 53.36
v 46.71 -249.20 56.61
v 46.71 -248.71 56.61
v 43.86 -237.00 46.87
v 45.29 -237.00 46.87
v 45.29 -237.49 46.87
v 43.86 -237.49 46.87
v 43.86 -237.49 50.14
v 45.29 -237.49 50.14
v 45.29 -237.00 50.14
v 43.86 -237.00 50.14
v 43.86 -237.49 46.87
v 45.29 -237.49 46.87
v 45.29 -237.49 50.14
v 43.86 -237.49 50.14
v 45.29 -237.49 46.87
v 45.29 -237.00 46.87
v 45.29 -237.00 50.14
v 45.29 -237.49 50.14
v 45.29 -237.00 46.87
v 43.86 -237.00 46.87
v 43.86 -237.00 50.14
v 45.29 -237.00 50.14
v 43.86 -237.00 46.87
v 43.86 -237.49 46.87
v 43.86 -237.49 50.14
v 43.86 -237.00 50.14
v 43.86 -237.00 53.41
v 45.29 -237.00 53.41
v 45.29 -237.49 53.41
v 43.86 -237.49 53.41
v 43.86 -237.49 56.68
v 45.29 -237.49 56.68
v 45.29 -237.00 56.68
v 43.86 -237.00 56.68
v 43.86 -237.49 53.41
v 45.29 -237.49 53.41
v 45.29 -237.49 56.68
v 43.86 -237.49 56.68
v 45.29 -237.49 53.41
v 45.29 -237.00 53.41
v 45.29 -237.00 56.68
v 45.29 -237.49 56.68
v 45.29 -237.00 53.41
v 43.86 -237.00 53.41
v 43.86 -237.00 56.68
v 45.29 -237.00 56.68
v 43.86 -237.00 53.41
v 43.86 -237.49 53.41
v 43.86 -237.49 56.68
v 43.86 -237.00 56.68
v 76.78 -245.25 46.38
v 78.01 -245.04 46.38
v 78.09 -245.52 46.38
v 76.86 -245.73 46.38
v 76.86 -245.73 47.30
v 78.09 -245.52 47.30
v 78.01 -245.04 47.30
v 76.78 -245.25 47.30
v 76.86 -245.73 46.38
v 78.09 -245.52 46.38
v 78.09 -245.52 47.30
v 76.86 -245.73 47.30
v 78.09 -245.52 46.38
v 78.01 -245.04 46.38
v 78.01 -245.04 47.30
v 78.09 -245.52 47.30
v 78.01 -245.04 46.38
v 76.78 -245.25 46.38
v 76.78 -245.25 47.30
v 78.01 -245.04 47.30
v 76.78 -245.25 46.38
v 76.86 -245.73 46.38
v 76.86 -245.73 47.30
v 76.78 -245.25 47.30
v 77.30 -234.85 45.95
v 78.39 -234.66 45.95
v 78.48 -235.14 45.95
v 77.38 -235.33 45.95
v 77.38 -235.33 48.29
v 78.48 -235.14 48.29
v 78.39 -234.66 48.29
v 77.30 -234.85 48.29
v 77.38 -235.33 45.95
v 78.48 -235.14 45.95
v 78.48 -235.14 48.29
v 77.38 -235.33 48.29
v 78.48 -235.14 45.95
v 78.39 -234.66 45.95
v 78.39 -234.66 48.29
v 78.48 -235.14 48.29
v 78.39 -234.66 45.95
v 77.30 -234.85 45.95
v 77.30 -234.85 48.29
v 78.39 -234.66 48.29
v 77.30 -234.85 45.95
v 77.38 -235.33 45.95
v 77.38 -235.33 48.29
v 77.30 -234.85 48.29
v 72.45 -223.38 49.19
v 74.02 -223.11 49.19
v 74.11 -223.59 49.19
v 72.53 -223.86 49.19
v 72.53 -223.86 51.06
v 74.11 -223.59 51.06
v 74.02 -223.11 51.06
v 72.45 -223.38 51.06
v 72.53 -223.86 49.19
v 74.11 -223.59 49.19
v 74.11 -223.59 51.06
v 72.53 -223.86 51.06
v 74.11 -223.59 49.19
v 74.02 -223.11 49.19
v 74.02 -223.11 51.06
v 74.11 -223.59 51.06
v 74.02 -223.11 49.19
v 72.45 -223.38 49.19
v 72.45 -223.38 51.06
v 74.02 -223.11 51.06
v 72.45 -223.38 49.19
v 72.53 -223.86 49.19
v 72.53 -223.86 51.06
v 72.45 -223.38 51.06
v 109.86 -235.32 45.26
v 111.34 -234.80 45.26
v 111.50 -235.27 45.26
v 110.03 -235.78 45.26
v 110.03 -235.78 46.93
v 111.50 -235.27 46.93
v 111.34 -234.80 46.93
v 109.86 -235.32 46.93
v 110.03 -235.78 45.26
v 111.50 -235.27 45.26
v 111.50 -235.27 46.93
v 110.03 -235.78 46.93
v 111.50 -235.27 45.26
v 111.34 -234.80 45.26
v 111.34 -234.80 46.93
v 111.50 -235.27 46.93
v 111.34 -234.80 45.26
v 109.86 -235.32 45.26
v 109.86 -235.32 46.93
v 111.34 -234.80 46.93
v 109.86 -235.32 45.26
v 110.03 -235.78 45.26
v 110.03 -235.78 46.93
v 109.86 -235.32 46.93
v 103.70 -224.56 44.85
v 104.77 -224.19 44.85
v 104.93 -224.65 44.85
v 103.86 -225.02 44.85
v 103.86 -225.02 46.09
v 104.93 -224.65 46.09
v 104.77 -224.19 46.09
v 103.70 -224.56 46.09
v 103.86 -225.02 44.85
v 104.93 -224.65 44.85
v 104.93 -224.65 46.09
v 103.86 -225.02 46.09
v 104.93 -224.65 44.85
v 104.77 -224.19 44.85
v 104.77 -224.19 46.09
v 104.93 -224.65 46.09
v 104.77 -224.19 44.85
v 103.70 -224.56 44.85
v 103.70 -224.56 46.09
v 104.77 -224.19 46.09
v 103.70 -224.56 44.85
v 103.86 -225.02 44.85
v 103.86 -225.02 46.09
v 103.70 -224.56 46.09
v 105.96 -224.56 44.85
v 107.03 -224.19 44.85
v 107.19 -224.65 44.85
v 106.12 -225.02 44.85
v 106.12 -225.02 46.09
v 107.19 -224.65 46.09
v 107.03 -224.19 46.09
v 105.96 -224.56 46.09
v 106.12 -225.02 44.85
v 107.19 -224.65 44.85
v 107.19 -224.65 46.09
v 106.12 -225.02 46.09
v 107.19 -224.65 44.85
v 107.03 -224.19 44.85
v 107.03 -224.19 46.09
v 107.19 -224.65 46.09
v 107.03 -224.19 44.85
v 105.96 -224.56 44.85
v 105.96 -224.56 46.09
v 107.03 -224.19 46.09
v 105.96 -224.56 44.85
v 106.12 -225.02 44.85
v 106.12 -225.02 46.09
v 105.96 -224.56 46.09
v 103.70 -224.56 47.34
v 104.77 -224.19 47.34
v 104.93 -224.65 47.34
v 103.86 -225.02 47.34
v 103.86 -225.02 48.59
v 104.93 -224.65 48.59
v 104.77 -224.19 48.59
v 103.70 -224.56 48.59
v 103.86 -225.02 47.34
v 104.93 -224.65 47.34
v 104.93 -224.65 48.59
v 103.86 -225.02 48.59
v 104.93 -224.65 47.34
v 104.77 -224.19 47.34
v 104.77 -224.19 48.59
v 104.93 -224.65 48.59
v 104.77 -224.19 47.34
v 103.70 -224.56 47.34
v 103.70 -224.56 48.59
v 104.77 -224.19 48.59
v 103.70 -224.56 47.34
v 103.86 -225.02 47.34
v 103.86 -225.02 48.59
v 103.70 -224.56 48.59
v 105.96 -224.56 47.34
v 107.03 -224.19 47.34
v 107.19 -224.65 47.34
v 106.12 -225.02 47.34
v 106.12 -225.02 48.59
v 107.19 -224.65 48.59
v 107.03 -224.19 48.59
v 105.96 -224.56 48.59
v 106.12 -225.02 47.34
v 107.19 -224.65 47.34
v 107.19 -224.65 48.59
v 106.12 -225.02 48.59
v 107.19 -224.65 47.34
v 107.03 -224.19 47.34
v 107.03 -224.19 48.59
v 107.19 -224.65 48.59
v 107.03 -224.19 47.34
v 105.96 -224.56 47.34
v 105.96 -224.56 48.59
v 107.03 -224.19 48.59
v 105.96 -224.56 47.34
v 106.12 -225.02 47.34
v 106.12 -225.02 48.59
v 105.96 -224.56 48.59
v 99.70 -214.82 45.36
v 100.98 -214.37 45.36
v 101.14 -214.84 45.36
v 99.87 -215.28 45.36
v 99.87 -215.28 47.13
v 101.14 -214.84 47.13
v 100.98 -214.37 47.13
v 99.70 -214.82 47.13
v 99.87 -215.28 45.36
v 101.14 -214.84 45.36
v 101.14 -214.84 47.13
v 99.87 -215.28 47.13
v 101.14 -214.84 45.36
v 100.98 -214.37 45.36
v 100.98 -214.37 47.13
v 101.14 -214.84 47.13
v 100.98 -214.37 45.36
v 99.70 -214.82 45.36
v 99.70 -214.82 47.13
v 100.98 -214.37 47.13
v 99.70 -214.82 45.36
v 99.87 -215.28 45.36
v 99.87 -215.28 47.13
v 99.70 -214.82 47.13
v 99.70 -214.82 48.89
v 100.98 -214.37 48.89
v 101.14 -214.84 48.89
v 99.87 -215.28 48.89
v 99.87 -215.28 50.65
v 101.14 -214.84 50.65
v 100.98 -214.37 50.65
v 99.70 -214.82 50.65
v 99.87 -215.28 48.89
v 101.14 -214.84 48.89
v 101.14 -214.84 50.65
v 99.87 -215.28 50.65
v 101.14 -214.84 48.89
v 100.98 -214.37 48.89
v 100.98 -214.37 50.65
v 101.14 -214.84 50.65
v 100.98 -214.37 48.89
v 99.70 -214.82 48.89
v 99.70 -214.82 50.65
v 100.98 -214.37 50.65
v 99.70 -214.82 48.89
v 99.87 -215.28 48.89
v 99.87 -215.28 50.65
v 99.70 -214.82 50.65
v 102.40 -214.82 48.89
v 103.67 -214.37 48.89
v 103.84 -214.84 48.89
v 102.56 -215.28 48.89
v 102.56 -215.28 50.65
v 103.84 -214.84 50.65
v 103.67 -214.37 50.65
v 102.40 -214.82 50.65
v 102.56 -215.28 48.89
v 103.84 -214.84 48.89
v 103.84 -214.84 50.65
v 102.56 -215.28 50.65
v 103.84 -214.84 48.89
v 103.67 -214.37 48.89
v 103.67 -214.37 50.65
v 103.84 -214.84 50.65
v 103.67 -214.37 48.89
v 102.40 -214.82 48.89
v 102.40 -214.82 50.65
v 103.67 -214.37 50.65
v 102.40 -214.82 48.89
v 102.56 -215.28 48.89
v 102.56 -215.28 50.65
v 102.40 -214.82 50.65
v 133.90 -220.96 45.69
v 135.05 -220.33 45.69
v 135.29 -220.76 45.69
v 134.13 -221.39 45.69
v 134.13 -221.39 47.78
v 135.29 -220.76 47.78
v 135.05 -220.33 47.78
v 133.90 -220.96 47.78
v 134.13 -221.39 45.69
v 135.29 -220.76 45.69
v 135.29 -220.76 47.78
v 134.13 -221.39 47.78
v 135.29 -220.76 45.69
v 135.05 -220.33 45.69
v 135.05 -220.33 47.78
v 135.29 -220.76 47.78
v 135.05 -220.33 45.69
v 133.90 -220.96 45.69
v 133.90 -220.96 47.78
v 135.05 -220.33 47.78
v 133.90 -220.96 45.69
v 134.13 -221.39 45.69
v 134.13 -221.39 47.78
v 133.90 -220.96 47.78
v 136.52 -220.96 45.69
v 137.67 -220.33 45.69
v 137.91 -220.76 45.69
v 136.76 -221.39 45.69
v 136.76 -221.39 47.78
v 137.91 -220.76 47.78
v 137.67 -220.33 47.78
v 136.52 -220.96 47.78
v 136.76 -221.39 45.69
v 137.91 -220.76 45.69
v 137.91 -220.76 47.78
v 136.76 -221.39 47.78
v 137.91 -220.76 45.69
v 137.67 -220.33 45.69
v 137.67 -220.33 47.78
v 137.91 -220.76 47.78
v 137.67 -220.33 45.69
v 136.52 -220.96 45.69
v 136.52 -220.96 47.78
v 137.67 -220.33 47.78
v 136.52 -220.96 45.69
v 136.76 -221.39 45.69
v 136.76 -221.39 47.78
v 136.52 -220.96 47.78
v 131.22 -210.73 51.55
v 132.25 -210.16 51.55
v 132.49 -210.59 51.55
v 131.45 -211.16 51.55
v 131.45 -211.16 54.20
v 132.49 -210.59 54.20
v 132.25 -210.16 54.20
v 131.22 -210.73 54.20
v 131.45 -211.16 51.55
v 132.49 -210.59 51.55
v 132.49 -210.59 54.20
v 131.45 -211.16 54.20
v 132.49 -210.59 51.55
v 132.25 -210.16 51.55
v 132.25 -210.16 54.20
v 132.49 -210.59 54.20
v 132.25 -210.16 51.55
v 131.22 -210.73 51.55
v 131.22 -210.73 54.20
v 132.25 -210.16 54.20
v 131.22 -210.73 51.55
v 131.45 -211.16 51.55
v 131.45 -211.16 54.20
v 131.22 -210.73 54.20
v 123.14 -200.99 45.43
v 124.47 -200.27 45.43
v 124.71 -200.70 45.43
v 123.38 -201.42 45.43
v 123.38 -201.42 47.27
v 124.71 -200.70 47.27
v 124.47 -200.27 47.27
v 123.14 -200.99 47.27
v 123.38 -201.42 45.43
v 124.71 -200.70 45.43
v 124.71 -200.70 47.27
v 123.38 -201.42 47.27
v 124.71 -200.70 45.43
v 124.47 -200.27 45.43
v 124.47 -200.27 47.27
v 124.71 -200.70 47.27
v 124.47 -200.27 45.43
v 123.14 -200.99 45.43
v 123.14 -200.99 47.27
v 124.47 -200.27 47.27
v 123.14 -200.99 45.43
v 123.38 -201.42 45.43
v 123.38 -201.42 47.27
v 123.14 -200.99 47.27
v 126.17 -200.99 49.10
v 127.50 -200.27 49.10
v 127.73 -200.70 49.10
v 126.41 -201.42 49.10
v 126.41 -201.42 50.94
v 127.73 -200.70 50.94
v 127.50 -200.27 50.94
v 126.17 -200.99 50.94
v 126.41 -201.42 49.10
v 127.73 -200.70 49.10
v 127.73 -200.70 50.94
v 126.41 -201.42 50.94
v 127.73 -200.70 49.10
v 127.50 -200.27 49.10
v 127.50 -200.27 50.94
v 127.73 -200.70 50.94
v 127.50 -200.27 49.10
v 126.17 -200.99 49.10
v 126.17 -200.99 50.94
v 127.50 -200.27 50.94
v 126.17 -200.99 49.10
v 126.41 -201.42 49.10
v 126.41 -201.42 50.94
v 126.17 -200.99 50.94
v 158.55 -204.88 45.63
v 159.46 -204.18 45.63
v 159.76 -204.57 45.63
v 158.85 -205.27 45.63
v 158.85 -205.27 47.66
v 159.76 -204.57 47.66
v 159.46 -204.18 47.66
v 158.55 -204.88 47.66
v 158.85 -205.27 45.63
v 159.76 -204.57 45.63
v 159.76 -204.57 47.66
v 158.85 -205.27 47.66
v 159.76 -204.57 45.63
v 159.46 -204.18 45.63
v 159.46 -204.18 47.66
v 159.76 -204.57 47.66
v 159.46 -204.18 45.63
v 158.55 -204.88 45.63
v 158.55 -204.88 47.66
v 159.46 -204.18 47.66
v 158.55 -204.88 45.63
v 158.85 -205.27 45.63
v 158.85 -205.27 47.66
v 158.55 -204.88 47.66
v 160.85 -204.88 45.63
v 161.76 -204.18 45.63
v 162.06 -204.57 45.63
v 161.15 -205.27 45.63
v 161.15 -205.27 47.66
v 162.06 -204.57 47.66
v 161.76 -204.18 47.66
v 160.85 -204.88 47.66
v 161.15 -205.27 45.63
v 162.06 -204.57 45.63
v 162.06 -204.57 47.66
v 161.15 -205.27 47.66
v 162.06 -204.57 45.63
v 161.76 -204.18 45.63
v 161.76 -204.18 47.66
v 162.06 -204.57 47.66
v 161.76 -204.18 45.63
v 160.85 -204.88 45.63
v 160.85 -204.88 47.66
v 161.76 -204.18 47.66
v 160.85 -204.88 45.63
v 161.15 -205.27 45.63
v 161.15 -205.27 47.66
v 160.85 -204.88 47.66
v 151.84 -196.42 45.24
v 152.78 -195.69 45.24
v 153.08 -196.08 45.24
v 152.14 -196.81 45.24
v 152.14 -196.81 46.88
v 153.08 -196.08 46.88
v 152.78 -195.69 46.88
v 151.84 -196.42 46.88
v 152.14 -196.81 45.24
v 153.08 -196.08 45.24
v 153.08 -196.08 46.88
v 152.14 -196.81 46.88
v 153.08 -196.08 45.24
v 152.78 -195.69 45.24
v 152.78 -195.69 46.88
v 153.08 -196.08 46.88
v 152.78 -195.69 45.24
v 151.84 -196.42 45.24
v 151.84 -196.42 46.88
v 152.78 -195.69 46.88
v 151.84 -196.42 45.24
v 152.14 -196.81 45.24
v 152.14 -196.81 46.88
v 151.84 -196.42 46.88
v 174.08 -181.80 45.30
v 175.24 -180.61 45.30
v 175.59 -180.95 45.30
v 174.44 -182.14 45.30
v 174.44 -182.14 46.99
v 175.59 -180.95 46.99
v 175.24 -180.61 46.99
v 174.08 -181.80 46.99
v 175.24 -180.61 45.30
v 174.08 -181.80 45.30
v 174.08 -181.80 46.99
v 175.24 -180.61 46.99
v 174.08 -181.80 45.30
v 174.44 -182.14 45.30
v 174.44 -182.14 46.99
v 174.08 -181.80 46.99
v 166.42 -173.74 44.97
v 167.37 -172.76 44.97
v 167.72 -173.10 44.97
v 166.77 -174.08 44.97
v 166.77 -174.08 46.34
v 167.72 -173.10 46.34
v 167.37 -172.76 46.34
v 166.42 -173.74 46.34
v 166.77 -174.08 44.97
v 167.72 -173.10 44.97
v 167.72 -173.10 46.34
v 166.77 -174.08 46.34
v 167.72 -173.10 44.97
v 167.37 -172.76 44.97
v 167.37 -172.76 46.34
v 167.72 -173.10 46.34
v 167.37 -172.76 44.97
v 166.42 -173.74 44.97
v 166.42 -173.74 46.34
v 167.37 -172.76 46.34
v 166.42 -173.74 44.97
v 166.77 -174.08 44.97
v 166.77 -174.08 46.34
v 166.42 -173.74 46.34
v 169.14 -173.74 44.97
v 170.09 -172.76 44.97
v 170.44 -173.10 44.97
v 169.49 -174.08 44.97
v 169.49 -174.08 46.34
v 170.44 -173.10 46.34
v 170.09 -172.76 46.34
v 169.14 -173.74 46.34
v 169.49 -174.08 44.97
v 170.44 -173.10 44.97
v 170.44 -173.10 46.34
v 169.49 -174.08 46.34
v 170.44 -173.10 44.97
v 170.09 -172.76 44.97
v 170.09 -172.76 46.34
v 170.44 -173.10 46.34
v 170.09 -172.76 44.97
v 169.14 -173.74 44.97
v 169.14 -173.74 46.34
v 170.09 -172.76 46.34
v 169.14 -173.74 44.97
v 169.49 -174.08 44.97
v 169.49 -174.08 46.34
v 169.14 -173.74 46.34
v 166.42 -173.74 47.70
v 167.37 -172.76 47.70
v 167.72 -173.10 47.70
v 166.77 -174.08 47.70
v 166.77 -174.08 49.07
v 167.72 -173.10 49.07
v 167.37 -172.76 49.07
v 166.42 -173.74 49.07
v 166.77 -174.08 47.70
v 167.72 -173.10 47.70
v 167.72 -173.10 49.07
v 166.77 -174.08 49.07
v 167.72 -173.10 47.70
v 167.37 -172.76 47.70
v 167.37 -172.76 49.07
v 167.72 -173.10 49.07
v 167.37 -172.76 47.70
v 166.42 -173.74 47.70
v 166.42 -173.74 49.07
v 167.37 -172.76 49.07
v 166.42 -173.74 47.70
v 166.77 -174.08 47.70
v 166.77 -174.08 49.07
v 166.42 -173.74 49.07
v -177.59 30.56 35.11
v -178.00 29.52 35.11
v -178.45 29.69 35.11
v -178.05 30.74 35.11
v -178.05 30.74 36.28
v -178.45 29.69 36.28
v -178.00 29.52 36.28
v -177.59 30.56 36.28
v -178.05 30.74 35.11
v -178.45 29.69 35.11
v -178.45 29.69 36.28
v -178.05 30.74 36.28
v -178.45 29.69 35.11
v -178.00 29.52 35.11
v -178.00 29.52 36.28
v -178.45 29.69 36.28
v -178.00 29.52 35.11
v -177.59 30.56 35.11
v -177.59 30.56 36.28
v -178.00 29.52 36.28
v -177.59 30.56 35.11
v -178.05 30.74 35.11
v -178.05 30.74 36.28
v -177.59 30.56 36.28
v -191.22 5.97 33.59
v -191.60 4.45 33.59
v -192.08 4.57 33.59
v -191.70 6.09 33.59
v -191.70 6.09 35.59
v -192.08 4.57 35.59
v -191.60 4.45 35.59
v -191.22 5.97 35.59
v -191.70 6.09 33.59
v -192.08 4.57 33.59
v -192.08 4.57 35.59
v -191.70 6.09 35.59
v -192.08 4.57 33.59
v -191.60 4.45 33.59
v -191.60 4.45 35.59
v -192.08 4.57 35.59
v -191.60 4.45 33.59
v -191.22 5.97 33.59
v -191.22 5.97 35.59
v -191.60 4.45 35.59
v -191.22 5.97 33.59
v -191.70 6.09 33.59
v -191.70 6.09 35.59
v -191.22 5.97 35.59
v -188.09 5.97 33.59
v -188.47 4.45 33.59
v -188.94 4.57 33.59
v -188.56 6.09 33.59
v -188.56 6.09 35.59
v -188.94 4.57 35.59
v -188.47 4.45 35.59
v -188.09 5.97 35.59
v -188.56 6.09 33.59
v -188.94 4.57 33.59
v -188.94 4.57 35.59
v -188.56 6.09 35.59
v -188.94 4.57 33.59
v -188.47 4.45 33.59
v -188.47 4.45 35.59
v -188.94 4.57 35.59
v -188.47 4.45 33.59
v -188.09 5.97 33.59
v -188.09 5.97 35.59
v -188.47 4.45 35.59
v -188.09 5.97 33.59
v -188.56 6.09 33.59
v -188.56 6.09 35.59
v -188.09 5.97 35.59
v -177.32 3.14 33.68
v -177.62 1.96 33.68
v -178.09 2.08 33.68
v -177.79 3.26 33.68
v -177.79 3.26 35.77
v -178.09 2.08 35.77
v -177.62 1.96 35.77
v -177.32 3.14 35.77
v -177.79 3.26 33.68
v -178.09 2.08 33.68
v -178.09 2.08 35.77
v -177.79 3.26 35.77
v -178.09 2.08 33.68
v -177.62 1.96 33.68
v -177.62 1.96 35.77
v -178.09 2.08 35.77
v -177.62 1.96 33.68
v -177.32 3.14 33.68
v -177.32 3.14 35.77
v -177.62 1.96 35.77
v -177.32 3.14 33.68
v -177.79 3.26 33.68
v -177.79 3.26 35.77
v -177.32 3.14 35.77
v -177.32 3.14 37.85
v -177.62 1.96 37.85
v -178.09 2.08 37.85
v -177.79 3.26 37.85
v -177.79 3.26 39.93
v -178.09 2.08 39.93
v -177.62 1.96 39.93
v -177.32 3.14 39.93
v -177.79 3.26 37.85
v -178.09 2.08 37.85
v -178.09 2.08 39.93
v -177.79 3.26 39.93
v -178.09 2.08 37.85
v -177.62 1.96 37.85
v -177.62 1.96 39.93
v -178.09 2.08 39.93
v -177.62 1.96 37.85
v -177.32 3.14 37.85
v -177.32 3.14 39.93
v -177.62 1.96 39.93
v -177.32 3.14 37.85
v -177.79 3.26 37.85
v -177.79 3.26 39.93
v -177.32 3.14 39.93
v -174.88 3.14 37.85
v -175.17 1.96 37.85
v -175.65 2.08 37.85
v -175.35 3.26 37.85
v -175.35 3.26 39.93
v -175.65 2.08 39.93
v -175.17 1.96 39.93
v -174.88 3.14 39.93
v -175.35 3.26 37.85
v -175.65 2.08 37.85
v -175.65 2.08 39.93
v -175.35 3.26 39.93
v -175.65 2.08 37.85
v -175.17 1.96 37.85
v -175.17 1.96 39.93
v -175.65 2.08 39.93
v -175.17 1.96 37.85
v -174.88 3.14 37.85
v -174.88 3.14 39.93
v -175.17 1.96 39.93
v -174.88 3.14 37.85
v -175.35 3.26 37.85
v -175.35 3.26 39.93
v -174.88 3.14 39.93
v -209.15 -18.96 34.19
v -209.31 -20.32 34.19
v -209.80 -20.26 34.19
v -209.63 -18.90 34.19
v -209.63 -18.90 35.05
v -209.80 -20.26 35.05
v -209.31 -20.32 35.05
v -209.15 -18.96 35.05
v -209.63 -18.90 34.19
v -209.80 -20.26 34.19
v -209.80 -20.26 35.05
v -209.63 -18.90 35.05
v -209.80 -20.26 34.19
v -209.31 -20.32 34.19
v -209.31 -20.32 35.05
v -209.80 -20.26 35.05
v -209.31 -20.32 34.19
v -209.15 -18.96 34.19
v -209.15 -18.96 35.05
v -209.31 -20.32 35.05
v -209.15 -18.96 34.19
v -209.63 -18.90 34.19
v -209.63 -18.90 35.05
v -209.15 -18.96 35.05
v -195.24 -21.76 34.90
v -195.39 -23.02 34.90
v -195.88 -22.96 34.90
v -195.72 -21.70 34.90
v -195.72 -21.70 38.19
v -195.88 -22.96 38.19
v -195.39 -23.02 38.19
v -195.24 -21.76 38.19
v -195.72 -21.70 34.90
v -195.88 -22.96 34.90
v -195.88 -22.96 38.19
v -195.72 -21.70 38.19
v -195.88 -22.96 34.90
v -195.39 -23.02 34.90
v -195.39 -23.02 38.19
v -195.88 -22.96 38.19
v -195.39 -23.02 34.90
v -195.24 -21.76 34.90
v -195.24 -21.76 38.19
v -195.39 -23.02 38.19
v -195.24 -21.76 34.90
v -195.72 -21.70 34.90
v -195.72 -21.70 38.19
v -195.24 -21.76 38.19
v -183.61 -22.57 36.79
v -183.74 -23.68 36.79
v -184.23 -23.62 36.79
v -184.09 -22.51 36.79
v -184.09 -22.51 38.52
v -184.23 -23.62 38.52
v -183.74 -23.68 38.52
v -183.61 -22.57 38.52
v -184.09 -22.51 36.79
v -184.23 -23.62 36.79
v -184.23 -23.62 38.52
v -184.09 -22.51 38.52
v -184.23 -23.62 36.79
v -183.74 -23.68 36.79
v -183.74 -23.68 38.52
v -184.23 -23.62 38.52
v -183.74 -23.68 36.79
v -183.61 -22.57 36.79
v -183.61 -22.57 38.52
v -183.74 -23.68 38.52
v -183.61 -22.57 36.79
v -184.09 -22.51 36.79
v -184.09 -22.51 38.52
v -183.61 -22.57 38.52
v -209.80 -48.88 33.19
v -209.80 -50.37 33.19
v -210.29 -50.37 33.19
v -210.29 -48.88 33.19
v -210.29 -48.88 34.77
v -210.29 -50.37 34.77
v -209.80 -50.37 34.77
v -209.80 -48.88 34.77
v -210.29 -48.88 33.19
v -210.29 -50.37 33.19
v -210.29 -50.37 34.77
v -210.29 -48.88 34.77
v -210.29 -50.37 33.19
v -209.80 -50.37 33.19
v -209.80 -50.37 34.77
v -210.29 -50.37 34.77
v -209.80 -50.37 33.19
v -209.80 -48.88 33.19
v -209.80 -48.88 34.77
v -209.80 -50.37 34.77
v -209.80 -48.88 33.19
v -210.29 -48.88 33.19
v -210.29 -48.88 34.77
v -209.80 -48.88 34.77
v -209.80 -48.88 36.35
v -209.80 -50.37 36.35
v -210.29 -50.37 36.35
v -210.29 -48.88 36.35
v -210.29 -48.88 37.94
v -210.29 -50.37 37.94
v -209.80 -50.37 37.94
v -209.80 -48.88 37.94
v -210.29 -48.88 36.35
v -210.29 -50.37 36.35
v -210.29 -50.37 37.94
v -210.29 -48.88 37.94
v -210.29 -50.37 36.35
v -209.80 -50.37 36.35
v -209.80 -50.37 37.94
v -210.29 -50.37 37.94
v -209.80 -50.37 36.35
v -209.80 -48.88 36.35
v -209.80 -48.88 37.94
v -209.80 -50.37 37.94
v -209.80 -48.88 36.35
v -210.29 -48.88 36.35
v -210.29 -48.88 37.94
v -209.80 -48.88 37.94
v -192.97 -48.25 33.65
v -192.97 -49.71 33.65
v -193.46 -49.71 33.65
v -193.46 -48.25 33.65
v -193.46 -48.25 35.69
v -193.46 -49.71 35.69
v -192.97 -49.71 35.69
v -192.97 -48.25 35.69
v -193.46 -48.25 33.65
v -193.46 -49.71 33.65
v -193.46 -49.71 35.69
v -193.46 -48.25 35.69
v -193.46 -49.71 33.65
v -192.97 -49.71 33.65
v -192.97 -49.71 35.69
v -193.46 -49.71 35.69
v -192.97 -49.71 33.65
v -192.97 -48.25 33.65
v -192.97 -48.25 35.69
v -192.97 -49.71 35.69
v -192.97 -48.25 33.65
v -193.46 -48.25 33.65
v -193.46 -48.25 35.69
v -192.97 -48.25 35.69
v -195.89 -48.25 37.74
v -195.89 -49.71 37.74
v -196.38 -49.71 37.74
v -196.38 -48.25 37.74
v -196.38 -48.25 39.79
v -196.38 -49.71 39.79
v -195.89 -49.71 39.79
v -195.89 -48.25 39.79
v -196.38 -48.25 37.74
v -196.38 -49.71 37.74
v -196.38 -49.71 39.79
v -196.38 -48.25 39.79
v -196.38 -49.71 37.74
v -195.89 -49.71 37.74
v -195.89 -49.71 39.79
v -196.38 -49.71 39.79
v -195.89 -49.71 37.74
v -195.89 -48.25 37.74
v -195.89 -48.25 39.79
v -195.89 -49.71 39.79
v -195.89 -48.25 37.74
v -196.38 -48.25 37.74
v -196.38 -48.25 39.79
v -195.89 -48.25 39.79
v -200.24 -76.47 41.45
v -200.05 -78.06 41.45
v -200.53 -78.12 41.45
v -200.73 -76.53 41.45
v -200.73 -76.53 44.73
v -200.53 -78.12 44.73
v -200.05 -78.06 44.73
v -200.24 -76.47 44.73
v -200.73 -76.53 41.45
v -200.53 -78.12 41.45
v -200.53 -78.12 44.73
v -200.73 -76.53 44.73
v -200.53 -78.12 41.45
v -200.05 -78.06 41.45
v -200.05 -78.06 44.73
v -200.53 -78.12 44.73
v -200.05 -78.06 41.45
v -200.24 -76.47 41.45
v -200.24 -76.47 44.73
v -200.05 -78.06 44.73
v -200.24 -76.47 41.45
v -200.73 -76.53 41.45
v -200.73 -76.53 44.73
v -200.24 -76.47 44.73
v -183.97 -75.63 34.80
v -183.80 -76.96 34.80
v -184.29 -77.02 34.80
v -184.45 -75.69 34.80
v -184.45 -75.69 38.01
v -184.29 -77.02 38.01
v -183.80 -76.96 38.01
v -183.97 -75.63 38.01
v -184.45 -75.69 34.80
v -184.29 -77.02 34.80
v -184.29 -77.02 38.01
v -184.45 -75.69 38.01
v -184.29 -77.02 34.80
v -183.80 -76.96 34.80
v -183.80 -76.96 38.01
v -184.29 -77.02 38.01
v -183.80 -76.96 34.80
v -183.97 -75.63 34.80
v -183.97 -75.63 38.01
v -183.80 -76.96 38.01
v -183.97 -75.63 34.80
v -184.45 -75.69 34.80
v -184.45 -75.69 38.01
v -183.97 -75.63 38.01
v -186.65 -75.63 41.21
v -186.49 -76.96 41.21
v -186.97 -77.02 41.21
v -187.14 -75.69 41.21
v -187.14 -75.69 44.42
v -186.97 -77.02 44.42
v -186.49 -76.96 44.42
v -186.65 -75.63 44.42
v -187.14 -75.69 41.21
v -186.97 -77.02 41.21
v -186.97 -77.02 44.42
v -187.14 -75.69 44.42
v -186.97 -77.02 41.21
v -186.49 -76.96 41.21
v -186.49 -76.96 44.42
v -186.97 -77.02 44.42
v -186.49 -76.96 41.21
v -186.65 -75.63 41.21
v -186.65 -75.63 44.42
v -186.49 -76.96 44.42
v -186.65 -75.63 41.21
v -187.14 -75.69 41.21
v -187.14 -75.69 44.42
v -186.65 -75.63 44.42
v -185.18 -102.60 32.97
v -184.84 -103.94 32.97
v -185.32 -104.06 32.97
v -185.65 -102.72 32.97
v -185.65 -102.72 34.34
v -185.32 -104.06 34.34
v -184.84 -103.94 34.34
v -185.18 -102.60 34.34
v -185.65 -102.72 32.97
v -185.32 -104.06 32.97
v -185.32 -104.06 34.34
v -185.65 -102.72 34.34
v -185.32 -104.06 32.97
v -184.84 -103.94 32.97
v -184.84 -103.94 34.34
v -185.32 -104.06 34.34
v -184.84 -103.94 32.97
v -185.18 -102.60 32.97
v -185.18 -102.60 34.34
v -184.84 -103.94 34.34
v -185.18 -102.60 32.97
v -185.65 -102.72 32.97
v -185.65 -102.72 34.34
v -185.18 -102.60 34.34
v -187.94 -102.60 35.70
v -187.60 -103.94 35.70
v -188.08 -104.06 35.70
v -188.41 -102.72 35.70
v -188.41 -102.72 37.07
v -188.08 -104.06 37.07
v -187.60 -103.94 37.07
v -187.94 -102.60 37.07
v -188.41 -102.72 35.70
v -188.08 -104.06 35.70
v -188.08 -104.06 37.07
v -188.41 -102.72 37.07
v -188.08 -104.06 35.70
v -187.60 -103.94 35.70
v -187.60 -103.94 37.07
v -188.08 -104.06 37.07
v -187.60 -103.94 35.70
v -187.94 -102.60 35.70
v -187.94 -102.60 37.07
v -187.60 -103.94 37.07
v -187.94 -102.60 35.70
v -188.41 -102.72 35.70
v -188.41 -102.72 37.07
v -187.94 -102.60 37.07
v -175.19 -99.67 40.83
v -174.88 -100.89 40.83
v -175.36 -101.00 40.83
v -175.66 -99.79 40.83
v -175.66 -99.79 43.91
v -175.36 -101.00 43.91
v -174.88 -100.89 43.91
v -175.19 -99.67 43.91
v -175.66 -99.79 40.83
v -175.36 -101.00 40.83
v -175.36 -101.00 43.91
v -175.66 -99.79 43.91
v -175.36 -101.00 40.83
v -174.88 -100.89 40.83
v -174.88 -100.89 43.91
v -175.36 -101.00 43.91
v -174.88 -100.89 40.83
v -175.19 -99.67 40.83
v -175.19 -99.67 43.91
v -174.88 -100.89 43.91
v -175.19 -99.67 40.83
v -175.66 -99.79 40.83
v -175.66 -99.79 43.91
v -175.19 -99.67 43.91
v -176.90 -129.16 33.22
v -176.45 -130.31 33.22
v -176.90 -130.49 33.22
v -177.35 -129.33 33.22
v -177.35 -129.33 34.84
v -176.90 -130.49 34.84
v -176.45 -130.31 34.84
v -176.90 -129.16 34.84
v -177.35 -129.33 33.22
v -176.90 -130.49 33.22
v -176.90 -130.49 34.84
v -177.35 -129.33 34.84
v -176.90 -130.49 33.22
v -176.45 -130.31 33.22
v -176.45 -130.31 34.84
v -176.90 -130.49 34.84
v -176.45 -130.31 33.22
v -176.90 -129.16 33.22
v -176.90 -129.16 34.84
v -176.45 -130.31 34.84
v -176.90 -129.16 33.22
v -177.35 -129.33 33.22
v -177.35 -129.33 34.84
v -176.90 -129.16 34.84
v -166.49 -155.25 34.59
v -165.74 -156.63 34.59
v -166.17 -156.87 34.59
v -166.93 -155.49 34.59
v -166.93 -155.49 37.58
v -166.17 -156.87 37.58
v -165.74 -156.63 37.58
v -166.49 -155.25 37.58
v -166.93 -155.49 34.59
v -166.17 -156.87 34.59
v -166.17 -156.87 37.58
v -166.93 -155.49 37.58
v -166.17 -156.87 34.59
v -165.74 -156.63 34.59
v -165.74 -156.63 37.58
v -166.17 -156.87 37.58
v -165.74 -156.63 34.59
v -166.49 -155.25 34.59
v -166.49 -155.25 37.58
v -165.74 -156.63 37.58
v -166.49 -155.25 34.59
v -166.93 -155.49 34.59
v -166.93 -155.49 37.58
v -166.49 -155.25 37.58
v -163.36 -155.25 34.59
v -162.60 -156.63 34.59
v -163.03 -156.87 34.59
v -163.79 -155.49 34.59
v -163.79 -155.49 37.58
v -163.03 -156.87 37.58
v -162.60 -156.63 37.58
v -163.36 -155.25 37.58
v -163.79 -155.49 34.59
v -163.03 -156.87 34.59
v -163.03 -156.87 37.58
v -163.79 -155.49 37.58
v -163.03 -156.87 34.59
v -162.60 -156.63 34.59
v -162.60 -156.63 37.58
v -163.03 -156.87 37.58
v -162.60 -156.63 34.59
v -163.36 -155.25 34.59
v -163.36 -155.25 37.58
v -162.60 -156.63 37.58
v -163.36 -155.25 34.59
v -163.79 -155.49 34.59
v -163.79 -155.49 37.58
v -163.36 -155.25 37.58
v -166.49 -155.25 40.57
v -165.74 -156.63 40.57
v -166.17 -156.87 40.57
v -166.93 -155.49 40.57
v -166.93 -155.49 43.56
v -166.17 -156.87 43.56
v -165.74 -156.63 43.56
v -166.49 -155.25 43.56
v -166.93 -155.49 40.57
v -166.17 -156.87 40.57
v -166.17 -156.87 43.56
v -166.93 -155.49 43.56
v -166.17 -156.87 40.57
v -165.74 -156.63 40.57
v -165.74 -156.63 43.56
v -166.17 -156.87 43.56
v -165.74 -156.63 40.57
v -166.49 -155.25 40.57
v -166.49 -155.25 43.56
v -165.74 -156.63 43.56
v -166.49 -155.25 40.57
v -166.93 -155.49 40.57
v -166.93 -155.49 43.56
v -166.49 -155.25 43.56
v -141.00 -174.04 40.27
v -140.31 -174.97 40.27
v -139.92 -174.68 40.27
v -140.60 -173.75 40.27
v -138.69 -174.04 40.27
v -138.01 -174.97 40.27
v -137.61 -174.68 40.27
v -138.30 -173.75 40.27
v -129.64 -204.15 41.52
v -128.80 -205.00 41.52
v -128.45 -204.66 41.52
v -129.29 -203.80 41.52
v -129.64 -204.15 39.04
v -128.80 -205.00 39.04
v -128.80 -205.00 41.52
v -129.64 -204.15 41.52
v -128.80 -205.00 39.04
v -128.45 -204.66 39.04
v -128.45 -204.66 41.52
v -128.80 -205.00 41.52
v -128.45 -204.66 39.04
v -129.29 -203.80 39.04
v -129.29 -203.80 41.52
v -128.45 -204.66 41.52
v -129.29 -203.80 39.04
v -129.64 -204.15 39.04
v -129.64 -204.15 41.52
v -129.29 -203.80 41.52
v -127.24 -204.15 41.52
v -126.40 -205.00 41.52
v -126.05 -204.66 41.52
v -126.89 -203.80 41.52
v -127.24 -204.15 39.04
v -126.40 -205.00 39.04
v -126.40 -205.00 41.52
v -127.24 -204.15 41.52
v -126.40 -205.00 39.04
v -126.05 -204.66 39.04
v -126.05 -204.66 41.52
v -126.40 -205.00 41.52
v -126.05 -204.66 39.04
v -126.89 -203.80 39.04
v -126.89 -203.80 41.52
v -126.05 -204.66 41.52
v -126.89 -203.80 39.04
v -127.24 -204.15 39.04
v -127.24 -204.15 41.52
v -126.89 -203.80 41.52
v -91.30 -211.21 41.30
v -89.99 -212.20 41.30
v -90.28 -212.59 41.30
v -91.60 -211.60 41.30
v -91.60 -211.60 44.53
v -90.28 -212.59 44.53
v -89.99 -212.20 44.53
v -91.30 -211.21 44.53
v -91.60 -211.60 41.30
v -90.28 -212.59 41.30
v -90.28 -212.59 44.53
v -91.60 -211.60 44.53
v -90.28 -212.59 41.30
v -89.99 -212.20 41.30
v -89.99 -212.20 44.53
v -90.28 -212.59 44.53
v -89.99 -212.20 41.30
v -91.30 -211.21 41.30
v -91.30 -211.21 44.53
v -89.99 -212.20 44.53
v -91.30 -211.21 41.30
v -91.60 -211.60 41.30
v -91.60 -211.60 44.53
v -91.30 -211.21 44.53
v -2.85 -231.39 41.54
v -1.49 -231.62 41.54
v -1.57 -232.11 41.54
v -2.93 -231.88 41.54
v -2.93 -231.88 44.86
v -1.57 -232.11 44.86
v -1.49 -231.62 44.86
v -2.85 -231.39 44.86
v -2.93 -231.88 41.54
v -1.57 -232.11 41.54
v -1.57 -232.11 44.86
v -2.93 -231.88 44.86
v -1.57 -232.11 41.54
v -1.49 -231.62 41.54
v -1.49 -231.62 44.86
v -1.57 -232.11 44.86
v -1.49 -231.62 41.54
v -2.85 -231.39 41.54
v -2.85 -231.39 44.86
v -1.49 -231.62 44.86
v -2.85 -231.39 41.54
v -2.93 -231.88 41.54
v -2.93 -231.88 44.86
v -2.85 -231.39 44.86
v -0.10 -231.39 41.54
v 1.26 -231.62 41.54
v 1.18 -232.11 41.54
v -0.18 -231.88 41.54
v -0.18 -231.88 44.86
v 1.18 -232.11 44.86
v 1.26 -231.62 44.86
v -0.10 -231.39 44.86
v -0.18 -231.88 41.54
v 1.18 -232.11 41.54
v 1.18 -232.11 44.86
v -0.18 -231.88 44.86
v 1.18 -232.11 41.54
v 1.26 -231.62 41.54
v 1.26 -231.62 44.86
v 1.18 -232.11 44.86
v 1.26 -231.62 41.54
v -0.10 -231.39 41.54
v -0.10 -231.39 44.86
v 1.26 -231.62 44.86
v -0.10 -231.39 41.54
v -0.18 -231.88 41.54
v -0.18 -231.88 44.86
v -0.10 -231.39 44.86
v 91.21 -224.36 41.80
v 92.60 -223.88 41.80
v 92.44 -223.42 41.80
v 91.05 -223.90 41.80
v 91.21 -224.36 39.25
v 92.60 -223.88 39.25
v 92.60 -223.88 41.80
v 91.21 -224.36 41.80
v 92.60 -223.88 39.25
v 92.44 -223.42 39.25
v 92.44 -223.42 41.80
v 92.60 -223.88 41.80
v 92.44 -223.42 39.25
v 91.05 -223.90 39.25
v 91.05 -223.90 41.80
v 92.44 -223.42 41.80
v 91.05 -223.90 39.25
v 91.21 -224.36 39.25
v 91.21 -224.36 41.80
v 91.05 -223.90 41.80
v 125.10 -230.79 40.97
v 126.54 -230.02 40.97
v 126.31 -229.59 40.97
v 124.87 -230.36 40.97
v 113.53 -209.26 41.44
v 114.97 -208.49 41.44
v 115.20 -208.92 41.44
v 113.76 -209.70 41.44
v 113.76 -209.70 44.71
v 115.20 -208.92 44.71
v 114.97 -208.49 44.71
v 113.53 -209.26 44.71
v 113.76 -209.70 41.44
v 115.20 -208.92 41.44
v 115.20 -208.92 44.71
v 113.76 -209.70 44.71
v 115.20 -208.92 41.44
v 114.97 -208.49 41.44
v 114.97 -208.49 44.71
v 115.20 -208.92 44.71
v 114.97 -208.49 41.44
v 113.53 -209.26 41.44
v 113.53 -209.26 44.71
v 114.97 -208.49 44.71
v 113.53 -209.26 41.44
v 113.76 -209.70 41.44
v 113.76 -209.70 44.71
v 113.53 -209.26 44.71
v 152.07 -213.89 41.29
v 152.99 -213.19 41.29
v 153.29 -213.58 41.29
v 152.36 -214.28 41.29
v 152.36 -214.28 44.52
v 153.29 -213.58 44.52
v 152.99 -213.19 44.52
v 152.07 -213.89 44.52
v 152.36 -214.28 41.29
v 153.29 -213.58 41.29
v 153.29 -213.58 44.52
v 152.36 -214.28 44.52
v 153.29 -213.58 41.29
v 152.99 -213.19 41.29
v 152.99 -213.19 44.52
v 153.29 -213.58 44.52
v 152.99 -213.19 41.29
v 152.07 -213.89 41.29
v 152.07 -213.89 44.52
v 152.99 -213.19 44.52
v 152.07 -213.89 41.29
v 152.36 -214.28 41.29
v 152.36 -214.28 44.52
v 152.07 -213.89 44.52

usemtl mat_grass
v -22.84 -170.67 45.60
v -23.89 -168.12 45.60
v -26.44 -170.67 52.50
v -23.89 -168.12 45.60
v -26.44 -167.07 45.60
v -26.44 -170.67 52.50
v -26.44 -167.07 45.60
v -28.99 -168.12 45.60
v -26.44 -170.67 52.50
v -28.99 -168.12 45.60
v -30.04 -170.67 45.60
v -26.44 -170.67 52.50
v -30.04 -170.67 45.60
v -28.99 -173.21 45.60
v -26.44 -170.67 52.50
v -28.99 -173.21 45.60
v -26.44 -174.27 45.60
v -26.44 -170.67 52.50
v -26.44 -174.27 45.60
v -23.89 -173.21 45.60
v -26.44 -170.67 52.50
v -23.89 -173.21 45.60
v -22.84 -170.67 45.60
v -26.44 -170.67 52.50
v 93.22 -164.00 59.60
v 92.17 -161.45 59.60
v 89.62 -164.00 66.50
v 92.17 -161.45 59.60
v 89.62 -160.40 59.60
v 89.62 -164.00 66.50
v 89.62 -160.40 59.60
v 87.08 -161.45 59.60
v 89.62 -164.00 66.50
v 87.08 -161.45 59.60
v 86.02 -164.00 59.60
v 89.62 -164.00 66.50
v 86.02 -164.00 59.60
v 87.08 -166.54 59.60
v 89.62 -164.00 66.50
v 87.08 -166.54 59.60
v 89.62 -167.60 59.60
v 89.62 -164.00 66.50
v 89.62 -167.60 59.60
v 92.17 -166.54 59.60
v 89.62 -164.00 66.50
v 92.17 -166.54 59.60
v 93.22 -164.00 59.60
v 89.62 -164.00 66.50
v 136.07 -163.88 45.60
v 135.02 -161.34 45.60
v 132.47 -163.88 52.50
v 135.02 -161.34 45.60
v 132.47 -160.28 45.60
v 132.47 -163.88 52.50
v 132.47 -160.28 45.60
v 129.93 -161.34 45.60
v 132.47 -163.88 52.50
v 129.93 -161.34 45.60
v 128.87 -163.88 45.60
v 132.47 -163.88 52.50
v 128.87 -163.88 45.60
v 129.93 -166.43 45.60
v 132.47 -163.88 52.50
v 129.93 -166.43 45.60
v 132.47 -167.48 45.60
v 132.47 -163.88 52.50
v 132.47 -167.48 45.60
v 135.02 -166.43 45.60
v 132.47 -163.88 52.50
v 135.02 -166.43 45.60
v 136.07 -163.88 45.60
v 132.47 -163.88 52.50
